cik,ticker,company,sic,mcap_vendor,mcap_sec,shares_sec,close,status,decision,added,strikes,note
1045810,NVDA,NVIDIA CORP,3674,5565400560000.0,5554568000000.0,24100000000.0,230.48,sized,in,2026-08-31,0,
320193,AAPL,Apple Inc.,3571,4968150755600.0,4968150755600.0,14594180000.0,340.42,sized,in,2026-08-31,0,
1652044,GOOGL,Alphabet Inc.,7370,4259564002288.99,,,348.29,sized,in,2026-08-31,0,
789019,MSFT,MICROSOFT CORP,7372,3880664329051.5103,3880664329051.5103,7425545491.0,522.61,sized,in,2026-08-31,0,
1018724,AMZN,AMAZON COM INC,5961,2740370826102.32,2740370826102.32,10786313572.0,254.06,sized,in,2026-08-31,0,
1730168,AVGO,Broadcom Inc.,3674,1719175059581.0999,1719175059581.0999,4773629865.0,360.14,sized,in,2026-08-31,0,
1326801,META,"Meta Platforms, Inc.",7370,1836471762540.25,,,720.89,sized,in,2026-08-31,0,
1318605,TSLA,"Tesla, Inc.",3711,1481080272750.0,1481080272750.0,3949547394.0,375.0,sized,in,2026-08-31,0,
59478,LLY,ELI LILLY & Co,2834,1042531223223.9999,1101011223224.0,941357065.0,1169.6,sized,in,2026-08-31,0,
1067983,BRK-B,BERKSHIRE HATHAWAY INC,6331,1094009740223.7001,,941481.0,511.05,disagree,in,2026-08-31,0,"sec measure disqualified: 481,143,865 vs vendor 1,094,009,740,224; decided on the vendor figure"
19617,JPM,JPMORGAN CHASE & CO,6021,880976068746.9,880976068746.9,2658186195.0,331.42,sized,in,2026-08-31,0,
104169,WMT,Walmart Inc.,5331,877154984404.96,877154984404.96,7933746241.0,110.56,sized,in,2026-08-31,0,
2488,AMD,ADVANCED MICRO DEVICES INC,3674,1013244609068.5599,1013244609068.5599,1632475042.0,620.68,sized,in,2026-08-31,0,
1403161,V,VISA INC.,7389,704195957650.9,704108975336.8,1877123368.0,375.1,sized,in,2026-08-31,0,"cover count 469,280,842 as of 2010-01-27 restated 4x through the split(s) since"
937966,ASML,ASML HOLDING NV,3559,,,,,"excluded: no domestic filings (foreign filer, fund, or shell)",out,,0,
2115436,XOM,ExxonMobil Holdings Corp,2911,692857165260.0,692857165260.0,4111911960.0,168.5,sized,in,2026-08-31,0,successor issuer: no Form 4s under this CIK; the panel resolves the predecessor
200406,JNJ,JOHNSON & JOHNSON,2834,618090792158.56,618090792158.56,2409898597.0,256.48,sized,in,2026-08-31,0,
1141391,MA,Mastercard Inc,7389,503495473114.39996,704254537286.8,1225301930.0,574.76,disagree,in,2026-08-31,0,"cover count 122,530,193 as of 2010-10-27 restated 10x through the split(s) since"
1551152,ABBV,AbbVie Inc.,2834,481398090779.7,481398090779.7,1767117285.0,272.42,sized,in,2026-08-31,0,
50863,INTC,INTEL CORP,3674,566036151454.96,540111520000.0,5044000000.0,107.08,sized,in,2026-08-31,0,
70858,BAC,BANK OF AMERICA CORP /DE/,6021,374881239847.65,374881239847.65,6992748365.0,53.61,sized,in,2026-08-31,0,
858877,CSCO,"CISCO SYSTEMS, INC.",3576,452963805838.97003,452963805838.97003,3942586873.0,114.89,sized,in,2026-08-31,0,
909832,COST,COSTCO WHOLESALE CORP /NEW,5331,420051172504.07996,420051172504.07996,443129349.0,947.92,sized,in,2026-08-31,0,
1321655,PLTR,Palantir Technologies Inc.,7372,477679964654.4,,,198.78,sized,in,2026-08-31,0,
1341439,ORCL,ORACLE CORP,7372,411344390907.81,410290737840.0,3023736000.0,135.69,sized,in,2026-08-31,0,
93410,CVX,CHEVRON CORP,2911,414977172614.7,417974413014.7,1975771274.0,211.55,sized,in,2026-08-31,0,
21344,KO,COCA COLA CO,2080,377634747058.11,,,87.77,sized,in,2026-08-31,0,
707549,LRCX,LAM RESEARCH CORP,3559,401194136213.57996,401160999389.99994,1251321000.0,320.59,sized,in,2026-08-31,0,
6951,AMAT,APPLIED MATERIALS INC /DE,3674,404393449029.51,404393449029.51,793597443.0,509.57,sized,in,2026-08-31,0,
2070829,CYATY,"Contemporary Amperex Technology Co., Limited/ADR",,,,,,"excluded: no domestic filings (foreign filer, fund, or shell)",out,,0,
18230,CAT,CATERPILLAR INC,3531,365983953124.01996,365983953124.01996,459674889.0,796.18,sized,in,2026-08-31,0,
310158,MRK,"Merck & Co., Inc.",2834,351275897818.44,351275897818.44,2467171638.0,142.38,sized,in,2026-08-31,0,
731766,UNH,UNITEDHEALTH GROUP INC,6324,332962808494.64996,332962808494.64996,897594847.0,370.95,sized,in,2026-08-31,0,
1089113,HSBC,HSBC HOLDINGS PLC,6035,,,,,"excluded: no domestic filings (foreign filer, fund, or shell)",out,,0,
40545,GE,GENERAL ELECTRIC CO,3600,317099855223.06,317099855223.06,1037562513.0,305.62,sized,in,2026-08-31,0,
80424,PG,PROCTER & GAMBLE Co,2840,349771223464.08,350036374505.4,2324433060.0,150.59,sized,in,2026-08-31,0,
895421,MS,MORGAN STANLEY,6211,294386945772.48,294386945772.48,1570566292.0,187.44,sized,in,2026-08-31,0,
1065280,NFLX,NETFLIX INC,7841,298013162611.31995,298013162611.31995,4163939676.0,71.57,sized,in,2026-08-31,0,
886982,GS,GOLDMAN SACHS GROUP INC,6211,256984972986.72,256984972986.72,291171408.0,882.59,sized,in,2026-08-31,0,
1114448,NVS,NOVARTIS AG,2834,,,,,"excluded: no domestic filings (foreign filer, fund, or shell)",out,,0,
1413329,PM,Philip Morris International Inc.,2111,312501994519.5,312501994519.5,1558613439.0,200.5,sized,in,2026-08-31,0,
1327567,PANW,Palo Alto Networks Inc,3577,325973000000.0,325973000000.0,818000000.0,398.5,sized,in,2026-08-31,0,
1577552,BABA,Alibaba Group Holding Ltd,7389,,,,,"excluded: no domestic filings (foreign filer, fund, or shell)",out,,0,
1000275,RY,ROYAL BANK OF CANADA,6029,,,,,"excluded: no domestic filings (foreign filer, fund, or shell)",out,,0,
101829,RTX,RTX Corp,3724,248418781102.08,248418781102.08,1347758144.0,184.32,sized,in,2026-08-31,0,
1571996,DELL,Dell Technologies Inc.,3571,365306215512.5,,,574.55,sized,in,2026-08-31,0,
901832,AZN,ASTRAZENECA PLC,2834,,,,,"excluded: no domestic filings (foreign filer, fund, or shell)",out,,0,
1306965,SHEL,Shell plc,1311,,,,,"excluded: no domestic filings (foreign filer, fund, or shell)",out,,0,
72971,WFC,WELLS FARGO & COMPANY/MN,6021,248058665532.08002,248058665532.08002,3023999336.0,82.03,sized,in,2026-08-31,0,
1973239,ARM,ARM HOLDINGS PLC /UK,3674,,,,,"excluded: no domestic filings (foreign filer, fund, or shell)",out,,0,
1000184,SAP,SAP SE,7372,,,,,"excluded: no domestic filings (foreign filer, fund, or shell)",out,,0,
1996810,GEV,GE Vernova Inc.,3600,266160464172.35,266160464172.35,266333581.0,999.35,sized,in,2026-08-31,0,
67088,MUFG,MITSUBISHI UFJ FINANCIAL GROUP INC,6029,,,,,"excluded: no domestic filings (foreign filer, fund, or shell)",out,,0,
811809,BHP,BHP Group Ltd,1000,,,,,"excluded: no domestic filings (foreign filer, fund, or shell)",out,,0,
318154,AMGN,AMGEN INC,2836,220275104117.2,220275104117.2,540632005.0,407.44,sized,in,2026-08-31,0,
319201,KLAC,KLA CORP,3827,256720877106.24,257023883151.76,1306546783.0,196.72,sized,in,2026-08-31,0,
97476,TXN,TEXAS INSTRUMENTS INC,3674,263197983105.19998,263197983105.19998,913247686.0,288.2,sized,in,2026-08-31,0,
1596532,ANET,"Arista Networks, Inc.",3576,266080563988.56,266080563988.56,1261224648.0,210.97,sized,in,2026-08-31,0,
97745,TMO,THERMO FISHER SCIENTIFIC INC.,3829,241067835526.28,241067835526.28,369747286.0,651.98,sized,in,2026-08-31,0,
1094517,TM,TOYOTA MOTOR CORP/,3711,,,,,"excluded: no domestic filings (foreign filer, fund, or shell)",out,,0,
4962,AXP,AMERICAN EXPRESS CO,6199,208062959547.30002,208062959547.30002,675309833.0,308.1,sized,in,2026-08-31,0,
1707925,LIN,LINDE PLC,2810,222054144517.1,222054144517.1,460980163.0,481.7,sized,in,2026-08-31,0,
831001,C,CITIGROUP INC,6021,214846103166.64,224052778672.72003,1749319009.0,128.08,sized,in,2026-08-31,0,
51143,IBM,INTERNATIONAL BUSINESS MACHINES CORP,3570,213497074117.90002,213497074117.90002,942134390.0,226.61,sized,in,2026-08-31,0,
2023554,SNDK,Sandisk Corp,3572,232611333155.44,235655525349.46,146419001.0,1609.46,sized,in,2026-08-31,0,
891478,SAN,"Banco Santander, S.A.",6029,,,,,"excluded: no domestic filings (foreign filer, fund, or shell)",out,,0,
732712,VZ,VERIZON COMMUNICATIONS INC,4813,192573830612.7,192573830612.7,4154775202.0,46.35,sized,in,2026-08-31,0,
887028,RTNTF,RIO TINTO LTD,1000,,,,,"excluded: no domestic filings (foreign filer, fund, or shell)",out,,0,
1835632,MRVL,"Marvell Technology, Inc.",3674,246838209006.58002,240849354000.00003,876900000.0,274.66,sized,in,2026-08-31,0,
353278,NVO,NOVO NORDISK A S,2834,,,,,"excluded: no domestic filings (foreign filer, fund, or shell)",out,,0,
1800,ABT,ABBOTT LABORATORIES,2834,170425450823.03998,,,98.49,sized,in,2026-08-31,0,
879764,TTE,TotalEnergies SE,1311,,,,,"excluded: no domestic filings (foreign filer, fund, or shell)",out,,0,
77476,PEP,PEPSICO INC,2080,174894191747.28,174894191747.28,1362741092.0,128.34,sized,in,2026-08-31,0,
316709,SCHW,SCHWAB CHARLES CORP,6211,167520750615.18,167520750615.18,1729335714.0,96.87,sized,in,2026-08-31,0,
1283699,TMUS,"T-Mobile US, Inc.",4812,183759374023.03,183759374023.03,1072671613.0,171.31,sized,in,2026-08-31,0,
1535527,CRWD,"CrowdStrike Holdings, Inc.",7372,269305102794.41998,269305102794.41998,1023934842.0,263.01,sized,in,2026-08-31,0,
1594805,SHOP,SHOPIFY INC.,7372,211730125285.36002,,,164.56,sized,in,2026-08-31,0,
63908,MCD,MCDONALDS CORP,5812,167640278693.9,167640278693.9,707641531.0,236.9,sized,in,2026-08-31,0,
947263,TD,TORONTO DOMINION BANK,6029,,,,,"excluded: no domestic filings (foreign filer, fund, or shell)",out,,0,
820313,APH,AMPHENOL CORP /DE/,3678,210396297102.47998,210396297102.47998,2465966914.0,85.32,sized,in,2026-08-31,0,"cover count 1,232,983,457 as of 2026-07-28 restated 2x through the split(s) since"
1744489,DIS,Walt Disney Co,7990,184790032252.03998,184790032252.03998,1726686902.0,107.02,sized,in,2026-08-31,0,
2012383,BLK,"BlackRock, Inc.",6211,164989965075.65,165050606928.34998,154926181.0,1065.35,sized,in,2026-08-31,0,
100885,UNP,UNION PACIFIC CORP,4011,165271803543.6,165271803543.6,594075498.0,278.2,sized,in,2026-08-31,0,
1137789,STX,Seagate Technology Holdings plc,3572,176189792072.55002,175609838659.35,226644518.0,774.825,sized,in,2026-08-31,0,
882095,GILD,"GILEAD SCIENCES, INC.",2836,182397403300.5,182397403300.5,1239955155.0,147.1,sized,in,2026-08-31,0,
1001838,SCCO,SOUTHERN COPPER CORP/,1000,167737316660.76,167737316754.52753,844343686.472,198.66,sized,in,2026-08-31,0,"cover count 834,331,706 as of 2026-07-30 restated 1.012x through the split(s) since"
732717,T,AT&T INC.,4813,170418831115.5,170418831115.5,6852385650.0,24.87,sized,in,2026-08-31,0,
753308,NEE,NEXTERA ENERGY INC,4911,161392134030.33002,161342868450.72,2085341456.0,77.37,sized,in,2026-08-31,0,
315189,DE,DEERE & CO,3523,175952151362.96002,175952151362.96002,269625412.0,652.58,sized,in,2026-08-31,0,
766704,WELL,WELLTOWER INC.,6798,160716381333.44,,,223.04,sized,in,2026-08-31,0,
2053383,KXIAY,Kioxia Holdings Corporation/ADR,,,,,,"excluded: no domestic filings (foreign filer, fund, or shell)",out,,0,
1393818,BX,Blackstone Inc.,6282,84580437845.52,84580437845.52,750625114.0,112.68,sized,in,2026-08-31,0,
863064,RIO,RIO TINTO PLC,1000,,,,,"excluded: no domestic filings (foreign filer, fund, or shell)",out,,0,
804328,QCOM,QUALCOMM INC/DE,3663,187950431627.06998,184810500000.0,1050000000.0,176.01,sized,in,2026-08-31,0,
12927,BA,BOEING CO,3721,148391971255.0,148391971255.0,790370020.0,187.75,sized,in,2026-08-31,0,
1610520,UBS,UBS Group AG,6021,,,,,"excluded: no domestic filings (foreign filer, fund, or shell)",out,,0,
946770,DTEGY,DEUTSCHE TELEKOM AG,4812,,,,,"excluded: no domestic filings (foreign filer, fund, or shell)",out,,0,
842180,BBVA,"BANCO BILBAO VIZCAYA ARGENTARIA, S.A.",6029,,,,,"excluded: no domestic filings (foreign filer, fund, or shell)",out,,0,
1543151,UBER,"Uber Technologies, Inc",7389,143469422899.03998,143469422899.03998,2042560121.0,70.24,sized,in,2026-08-31,0,
1163165,COP,CONOCOPHILLIPS,2911,161207476307.01,161207476307.01,1201337479.0,134.19,sized,in,2026-08-31,0,
1075531,BKNG,Booking Holdings Inc.,4700,120198338585.0,120198338585.0,751380500.0,159.97,sized,in,2026-08-31,0,
78003,PFE,PFIZER INC,2834,158564919245.98,158564919245.98,5699673589.0,27.82,sized,in,2026-08-31,0,
1551182,ETN,Eaton Corp plc,3590,164879684000.0,164879684000.0,388400000.0,424.51,sized,in,2026-08-31,0,
1022837,SMFG,"SUMITOMO MITSUI FINANCIAL GROUP, INC.",6029,,,,,"excluded: no domestic filings (foreign filer, fund, or shell)",out,,0,
1381197,IBKR,"Interactive Brokers Group, Inc.",6211,39177669446.37,14607083447.88,168926604.0,86.47,disagree,in,2026-08-31,0,"cover count 42,231,651 as of 2011-05-06 restated 4x through the split(s) since"
106040,WDC,WESTERN DIGITAL CORP,3572,147225084930.39,141804358684.64,360540944.0,393.31,sized,in,2026-08-31,0,
1158838,ATEYY,ADVANTEST CORP,3674,,,,,"excluded: no domestic filings (foreign filer, fund, or shell)",out,,0,
1668717,BUD,Anheuser-Busch InBev SA/NV,2082,152430264742.96,,1797199994.0,77.41,sized,in,2026-08-31,0,ADS: ordinary-share count is not price-comparable; sized on the vendor figure
109198,TJX,TJX COMPANIES INC /DE/,5651,152621400963.75,152621400963.75,1099974061.0,138.75,sized,in,2026-08-31,0,
313616,DHR,DANAHER CORP /DE/,3823,152871347302.84,152871347302.84,702986054.0,217.46,sized,in,2026-08-31,0,
47710,HTHIY,HITACHI LTD,1600,,,,,"excluded: no domestic filings (foreign filer, fund, or shell)",out,,0,
1830056,SMERY,Siemens Energy AG/ADR,,,,,,"excluded: no domestic filings (foreign filer, fund, or shell)",out,,0,
313838,SONY,Sony Group Corp,3651,,,,,"excluded: no domestic filings (foreign filer, fund, or shell)",out,,0,
217410,UL,UNILEVER PLC,2840,,,,,"excluded: no domestic filings (foreign filer, fund, or shell)",out,,0,
875320,VRTX,VERTEX PHARMACEUTICALS INC / MA,2834,127554210003.0,127554210003.0,253460924.0,503.25,sized,in,2026-08-31,0,
1045609,PLD,"Prologis, Inc.",6798,122868601665.87999,120541980020.0,932338000.0,129.29,sized,in,2026-08-31,0,
1164727,NEM,NEWMONT Corp /DE/,1040,121754141914.05,121754141914.05,1053692271.0,115.55,sized,in,2026-08-31,0,
14272,BMY,BRISTOL MYERS SQUIBB CO,2834,121704939204.48,121704939204.48,2042714656.0,59.58,sized,in,2026-08-31,0,
1035267,ISRG,INTUITIVE SURGICAL INC,3842,146755229765.58002,146755229765.58002,353278038.0,415.41,sized,in,2026-08-31,0,
896159,CB,Chubb Ltd,6331,132630275527.01999,,,343.78,sized,in,2026-08-31,0,
927628,COF,CAPITAL ONE FINANCIAL CORP,6021,122328876298.40001,122328876298.40001,613484836.0,199.4,sized,in,2026-08-31,0,
1373715,NOW,"ServiceNow, Inc.",7372,144482214500.0,144501500000.0,1034000000.0,139.75,sized,in,2026-08-31,0,
936468,LMT,LOCKHEED MARTIN CORP,3760,117216315541.17,117216315541.17,230790753.0,507.89,sized,in,2026-08-31,0,
80661,PGR,PROGRESSIVE CORP/OH/,6331,126950892000.0,127163447252.09999,581371770.0,218.73,sized,in,2026-08-31,0,
64040,SPGI,S&P Global Inc.,7320,118724804000.0,,,402.73,sized,in,2026-08-31,0,
76334,PH,Parker-Hannifin Corp,3490,119423412508.40001,119361911244.24,126047469.0,946.96,sized,in,2026-08-31,0,
310764,SYK,STRYKER CORP,3841,106238226550.62001,106238226550.62001,383573046.0,276.97,sized,in,2026-08-31,0,
24741,GLW,CORNING INC /NY,3357,131645978626.73001,131645978626.73001,861388331.0,152.83,sized,in,2026-08-31,0,
1335730,MFG,MIZUHO FINANCIAL GROUP INC,6021,,,,,"excluded: no domestic filings (foreign filer, fund, or shell)",out,,0,
1737806,PDD,PDD Holdings Inc.,7389,,,,,"excluded: no domestic filings (foreign filer, fund, or shell)",out,,0,
829224,SBUX,STARBUCKS CORP,5810,106259400000.0,106259400000.0,1140000000.0,93.21,sized,in,2026-08-31,0,
1303523,BTI,British American Tobacco p.l.c.,2111,,,,,"excluded: no domestic filings (foreign filer, fund, or shell)",out,,0,
1144967,HDB,HDFC BANK LTD,6029,,,,,"excluded: no domestic filings (foreign filer, fund, or shell)",out,,0,
927971,BMO,BANK OF MONTREAL /CAN/,6029,,,,,"excluded: no domestic filings (foreign filer, fund, or shell)",out,,0,
1119639,PBR,PETROBRAS - PETROLEO BRASILEIRO SA,1311,,,,,"excluded: no domestic filings (foreign filer, fund, or shell)",out,,0,
64803,CVS,CVS HEALTH Corp,5912,112293598398.2,112293598398.2,1278970369.0,87.8,sized,in,2026-08-31,0,
1613103,MDT,Medtronic plc,3845,112244349847.5,112244349847.5,1279137890.0,87.75,sized,in,2026-08-31,0,
1559720,ABNB,"Airbnb, Inc.",7340,96238070872.86,,,163.23,sized,in,2026-08-31,0,
1467373,ACN,Accenture plc,7389,127504257831.24,132728683555.48001,637016143.0,208.36,sized,in,2026-08-31,0,
764180,MO,"ALTRIA GROUP, INC.",2111,119253111194.92,119253111194.92,1669743926.0,71.42,sized,in,2026-08-31,0,
1640147,SNOW,Snowflake Inc.,7372,121151519999.99998,121151519999.99998,352800000.0,343.4,sized,in,2026-08-31,0,
313807,BP,BP PLC,2911,,,,,"excluded: no domestic filings (foreign filer, fund, or shell)",out,,0,
1262039,FTNT,"Fortinet, Inc.",3577,138745251782.3,138745251782.3,733713653.0,189.1,sized,in,2026-08-31,0,
8670,ADP,AUTOMATIC DATA PROCESSING INC,7374,107277181590.04001,107550940788.01001,397262737.0,270.73,sized,in,2026-08-31,0,
831259,FCX,FREEPORT-MCMORAN INC,1000,102158286586.22,102158286586.22,1436017523.0,71.14,sized,in,2026-08-31,0,
1639920,SPOT,Spotify Technology S.A.,4832,,,,,"excluded: no domestic filings (foreign filer, fund, or shell)",out,,0,
1390777,BNY,Bank of New York Mellon Corp,6022,97439979832.62001,97439979832.62001,678504142.0,143.61,sized,in,2026-08-31,0,
796343,ADBE,ADOBE INC.,7372,93816660000.0,93816660000.0,389200000.0,241.05,sized,in,2026-08-31,0,
895728,ENB,ENBRIDGE INC,4610,103730382959.06,101647339588.86,2184085509.0,46.54,sized,in,2026-08-31,0,
1121404,SNY,Sanofi,2834,,,,,"excluded: no domestic filings (foreign filer, fund, or shell)",out,,0,
2809,AEM,AGNICO EAGLE MINES LTD,1040,,,,,"excluded: no domestic filings (foreign filer, fund, or shell)",out,,0,
1690820,CVNA,CARVANA CO.,5500,45498717428.0,,,63.2,sized,in,2026-08-31,0,
9631,BNS,BANK OF NOVA SCOTIA,6022,,,,,"excluded: no domestic filings (foreign filer, fund, or shell)",out,,0,
1045520,CM,CANADIAN IMPERIAL BANK OF COMMERCE /CAN/,6029,,,,,"excluded: no domestic filings (foreign filer, fund, or shell)",out,,0,
4281,HWM,Howmet Aerospace Inc.,3350,88757239361.44,88757239361.44,398801399.0,222.56,sized,in,2026-08-31,0,
1017413,CNQ,CANADIAN NATURAL RESOURCES Ltd,1311,,,,,"excluded: no domestic filings (foreign filer, fund, or shell)",out,,0,
92122,SO,SOUTHERN CO,4911,99103769520.90001,97116989592.70001,1127301098.0,86.15,sized,in,2026-08-31,0,
1101239,EQIX,EQUINIX INC,6798,99772862015.76,99772862015.76,98671686.0,1011.16,sized,in,2026-08-31,0,
1131399,GSK,GSK plc,2834,,,,,"excluded: no domestic filings (foreign filer, fund, or shell)",out,,0,
40533,GD,GENERAL DYNAMICS CORP,3730,89256818630.5,,,329.9,sized,in,2026-08-31,0,
896878,INTU,INTUIT INC.,7372,81207675680.0,81207675680.0,267236000.0,303.88,sized,in,2026-08-31,0,
927653,MCK,MCKESSON CORP,5122,108458185180.75,108458185180.75,116590363.0,930.25,sized,in,2026-08-31,0,
1510295,MPC,Marathon Petroleum Corp,2911,130117345688.42,130117345688.42,280824763.0,463.34,sized,in,2026-08-31,0,
1477333,NET,"Cloudflare, Inc.",7372,121740093761.34999,,,341.89,sized,in,2026-08-31,0,
1751008,APP,AppLovin Corp,7370,93742303942.52,,,280.12,sized,in,2026-08-31,0,
1140625,EQNR,EQUINOR ASA,2911,,,,,"excluded: no domestic filings (foreign filer, fund, or shell)",out,,0,
1035002,VLO,VALERO ENERGY CORP/TX,2911,127782207191.8,127782207191.8,287927461.0,443.8,sized,in,2026-08-31,0,
1156375,CME,CME GROUP INC.,6200,99402091463.72,92114760422.6,333217915.0,276.44,sized,in,2026-08-31,0,"cover count 66,643,583 as of 2010-02-17 restated 5x through the split(s) since"
1039765,ING,ING GROEP NV,6029,,,,,"excluded: no domestic filings (foreign filer, fund, or shell)",out,,0,
1792789,DASH,"DoorDash, Inc.",7389,83067547502.27,,,191.71,sized,in,2026-08-31,0,
1404912,KKR,KKR & Co. Inc.,6282,80392244425.56,80392244425.56,897635601.0,89.56,sized,in,2026-08-31,0,
1099590,MELI,MERCADOLIBRE INC,7389,94126724401.32,94126724401.32,50696802.0,1856.66,sized,in,2026-08-31,0,
1466258,TT,Trane Technologies plc,3822,103397691799.38,103397691799.38,220023177.0,469.94,sized,in,2026-08-31,0,
1674101,VRT,Vertiv Holdings Co,3679,93833167405.29,93833167405.29,384988173.0,243.73,sized,in,2026-08-31,0,
713676,PNC,"PNC FINANCIAL SERVICES GROUP, INC.",6021,87639944766.56,87639944766.56,398943667.0,219.68,sized,in,2026-08-31,0,
36104,USB,US BANCORP DE,6021,88855673965.38,88855673965.38,1558051446.0,57.03,sized,in,2026-08-31,0,
1868275,CEG,Constellation Energy Corp,4911,101002404531.53,101002404531.53,354307379.0,285.07,sized,in,2026-08-31,0,
1534701,PSX,Phillips 66,2911,112364289945.6,112364289945.6,399020916.0,281.6,sized,in,2026-08-31,0,
1166691,CMCSA,COMCAST CORP,4841,75266581713.33,87515563489.62001,4126146322.0,21.21,sized,in,2026-08-31,0,"cover count 2,063,073,161 as of 2009-12-31 restated 2x through the split(s) since"
277948,CSX,CSX CORP,4011,87696162570.78,87696162570.78,1852474917.0,47.34,sized,in,2026-08-31,0,
865752,MNST,Monster Beverage Corp,2086,85512609498.59999,85512609498.59999,1959051764.0,43.65,sized,in,2026-08-31,0,"cover count 979,525,882 as of 2026-07-31 restated 2x through the split(s) since"
1326160,DUK,Duke Energy CORP,4931,91100404230.12,91088021994.28,779596217.0,116.84,sized,in,2026-08-31,0,
1783879,HOOD,"Robinhood Markets, Inc.",6211,96210794033.73001,,,107.01,sized,in,2026-08-31,0,
1122411,ASX,"ASE Technology Holding Co., Ltd.",3674,117841895506.14,,4447029782.0,45.26,sized,in,2026-08-31,0,ADS: ordinary-share count is not price-comparable; sized on the vendor figure
2039784,MGCLY,"Midea Group Co., Ltd./ADR",,,,,,"excluded: no domestic filings (foreign filer, fund, or shell)",out,,0,
1048286,MAR,MARRIOTT INTERNATIONAL INC /MD/,7011,94157491271.04,94157491271.04,260766288.0,361.08,sized,in,2026-08-31,0,
1001085,BN,BROOKFIELD Corp /ON/,6512,,,,,"excluded: no domestic filings (foreign filer, fund, or shell)",out,,0,
1050915,PWR,"QUANTA SERVICES, INC.",1731,103034837524.69,103034837524.69,150343393.0,685.33,sized,in,2026-08-31,0,
860730,HCA,"HCA Healthcare, Inc.",8062,96345332515.0,,,445.01,sized,in,2026-08-31,0,
62709,MRSH,"MARSH & MCLENNAN COMPANIES, INC.",6411,84308914717.56,84308914717.56,477211268.0,176.67,sized,in,2026-08-31,0,
66740,MMM,3M CO,3841,84361872972.86,84361872972.86,515722417.0,163.58,sized,in,2026-08-31,0,
1571949,ICE,"Intercontinental Exchange, Inc.",6200,87212633555.45,87212633555.45,561394487.0,155.35,sized,in,2026-08-31,0,
312069,BCS,BARCLAYS PLC,6029,,,,,"excluded: no domestic filings (foreign filer, fund, or shell)",out,,0,
823768,WM,WASTE MANAGEMENT INC,4953,83980160158.4,83980160158.4,399715184.0,210.1,sized,in,2026-08-31,0,
1059556,MCO,MOODYS CORP /DE/,7320,79436385550.96,79445108000.0,173200000.0,458.69,sized,in,2026-08-31,0,
1160106,LYG,Lloyds Banking Group plc,6029,,,,,"excluded: no domestic filings (foreign filer, fund, or shell)",out,,0,
2098326,SNHIY,"Sany Heavy Industries Co., Ltd./ADR",,,,,,"excluded: no domestic filings (foreign filer, fund, or shell)",out,,0,
32604,EMR,EMERSON ELECTRIC CO,3600,88723668000.0,88723668000.0,557800000.0,159.06,sized,in,2026-08-31,0,
1156039,ELV,"Elevance Health, Inc.",6324,86951573132.6,86951573132.6,216869290.0,400.94,sized,in,2026-08-31,0,
1090727,UPS,UNITED PARCEL SERVICE INC,4210,80084070313.66,67201691252.71,713924267.0,94.13,sized,in,2026-08-31,0,
107263,WMB,"WILLIAMS COMPANIES, INC.",4922,88483934924.48001,88483934924.48001,1223167472.0,72.34,sized,in,2026-08-31,0,
1169486,TKOMY,"TOKIO MARINE HOLDINGS, INC.",6331,,,,,"excluded: no domestic filings (foreign filer, fund, or shell)",out,,0,
813672,CDNS,CADENCE DESIGN SYSTEMS INC,7372,96068094120.0,,,348.84,sized,in,2026-08-31,0,
833444,JCI,Johnson Controls International plc,3585,93284186380.0,,,154.0,sized,in,2026-08-31,0,
872589,REGN,"REGENERON PHARMACEUTICALS, INC.",2834,76142420475.16,69486380702.70001,93955110.0,739.57,sized,in,2026-08-31,0,
89800,SHW,SHERWIN WILLIAMS CO,5200,77932649215.53,77932649215.53,242758151.0,321.03,sized,in,2026-08-31,0,
895564,BAESY,BAE SYSTEMS PLC /FI/,,,,,,"excluded: no domestic filings (foreign filer, fund, or shell)",out,,0,
1063761,SPG,SIMON PROPERTY GROUP INC.,6798,64585714789.15,56549748739.41,283301181.0,199.61,sized,in,2026-08-31,0,
1937926,BAM,Brookfield Asset Management Ltd.,6282,72147856262.61,,,45.17,sized,in,2026-08-31,0,
16875,CP,CANADIAN PACIFIC KANSAS CITY LTD/CN,4011,74150332544.4,74150332544.4,879079224.0,84.35,sized,in,2026-08-31,0,
1061219,EPD,ENTERPRISE PRODUCTS PARTNERS L.P.,4922,79360785960.75,79360785960.75,2159477169.0,36.75,sized,in,2026-08-31,0,
1132597,ITUB,Itau Unibanco Holding S.A.,6022,,,,,"excluded: no domestic filings (foreign filer, fund, or shell)",out,,0,
1053507,AMT,AMERICAN TOWER CORP /MA/,6798,77689518803.04,77689518803.04,465960048.0,166.73,sized,in,2026-08-31,0,
723254,CTAS,CINTAS CORP,2320,79859742704.16,79859742704.16,397075093.0,201.12,sized,in,2026-08-31,0,
1107457,IFNNY,INFINEON TECHNOLOGIES AG,3674,,,,,"excluded: no domestic filings (foreign filer, fund, or shell)",out,,0,
1103982,MDLZ,"Mondelez International, Inc.",2000,77433609818.19,,,60.67,sized,in,2026-08-31,0,
1561550,DDOG,"Datadog, Inc.",7372,98314741571.2,,,273.8,sized,in,2026-08-31,0,
1004315,NGG,NATIONAL GRID PLC,4922,,,,,"excluded: no domestic filings (foreign filer, fund, or shell)",out,,0,
49826,ITW,ILLINOIS TOOL WORKS INC,3560,75389408000.0,75389408000.0,284800000.0,264.71,sized,in,2026-08-31,0,
31462,ECL,ECOLAB INC.,2840,78965764179.06999,78965764179.06999,280328603.0,281.69,sized,in,2026-08-31,0,
87347,SLB,SLB LIMITED/NV,1389,72686320000.0,72693335454.37999,1484143231.0,48.98,sized,in,2026-08-31,0,
1002242,E,ENI SPA,1311,,,,,"excluded: no domestic filings (foreign filer, fund, or shell)",out,,0,
68505,MSI,"Motorola Solutions, Inc.",3663,73995582490.56,73995582490.56,165493788.0,447.12,sized,in,2026-08-31,0,
311337,SU,SUNCOR ENERGY INC,2911,,,,,"excluded: no domestic filings (foreign filer, fund, or shell)",out,,0,
702165,NSC,NORFOLK SOUTHERN CORP,4011,71198608157.27,71198608157.27,224608373.0,316.99,sized,in,2026-08-31,0,
1110646,NTES,"NetEase, Inc.",7372,,,,,"excluded: no domestic filings (foreign filer, fund, or shell)",out,,0,
26172,CMI,CUMMINS INC,3510,71640599034.8,71640599034.8,137664487.0,520.4,sized,in,2026-08-31,0,
756894,B,BARRICK MINING CORP,1040,,,,,"excluded: no domestic filings (foreign filer, fund, or shell)",out,,0,
1467858,GM,General Motors Co,3711,72170389247.25,72170389247.25,877451541.0,82.25,sized,in,2026-08-31,0,
821189,EOG,EOG RESOURCES INC,1311,77897827927.76,77897827927.76,524529176.0,148.51,sized,in,2026-08-31,0,
884887,RCL,ROYAL CARIBBEAN CRUISES LTD,4400,75263690958.44,75263690958.44,267452084.0,281.41,sized,in,2026-08-31,0,
1858681,APO,"Apollo Global Management, Inc.",6282,68089626232.7,68089626232.7,590543159.0,115.3,sized,in,2026-08-31,0,
1048911,FDX,FEDEX CORP,4513,69043866002.55,69017829975.24,236581188.0,291.73,sized,in,2026-08-31,0,
1133421,NOC,NORTHROP GRUMMAN CORP /DE/,3812,68826694836.48,68826694836.48,142063026.0,484.48,sized,in,2026-08-31,0,
86312,TRV,"TRAVELERS COMPANIES, INC.",6331,77229073395.94,77229073395.94,208575022.0,370.27,sized,in,2026-08-31,0,
16868,CNI,CANADIAN NATIONAL RAILWAY CO,4011,,,,,"excluded: no domestic filings (foreign filer, fund, or shell)",out,,0,
745732,ROST,"ROSS STORES, INC.",5651,71940840372.0,71940840372.0,319453110.0,225.2,sized,in,2026-08-31,0,
315293,AON,Aon plc,6411,58784200270.08,58784200270.08,212125434.0,277.12,sized,in,2026-08-31,0,
883241,SNPS,SYNOPSYS INC,7372,95387140546.5,95387140546.5,191636646.0,497.75,sized,in,2026-08-31,0,
1633978,LITE,Lumentum Holdings Inc.,3669,94985182801.59999,94059419999.99998,89700000.0,1048.6,sized,in,2026-08-31,0,
844150,NWG,NatWest Group plc,6029,,,,,"excluded: no domestic filings (foreign filer, fund, or shell)",out,,0,
1648416,RACE,Ferrari N.V.,3711,68104298798.479996,71733910729.2,184747890.0,388.28,sized,in,2026-08-31,0,successor issuer: no Form 4s under this CIK; the panel resolves the predecessor
1585689,HLT,Hilton Worldwide Holdings Inc.,7011,72761234753.90001,72761234753.90001,225064910.0,323.29,sized,in,2026-08-31,0,
1739940,CI,Cigna Group,6324,74259503780.57999,74259503780.57999,264240486.0,281.03,sized,in,2026-08-31,0,
21665,CL,COLGATE PALMOLIVE CO,2844,70230926234.9,70230926234.9,797172829.0,88.1,sized,in,2026-08-31,0,
898173,ORLY,O REILLY AUTOMOTIVE INC,5531,69578717719.92,69578717719.92,808960792.0,86.01,sized,in,2026-08-31,0,
1276187,ET,Energy Transfer LP,4922,71000837772.62001,71000837772.62001,3443299601.0,20.62,sized,in,2026-08-31,0,
1323404,WPM,Wheaton Precious Metals Corp.,1040,,,,,"excluded: no domestic filings (foreign filer, fund, or shell)",out,,0,
1159508,DB,DEUTSCHE BANK AKTIENGESELLSCHAFT,6022,,,,,"excluded: no domestic filings (foreign filer, fund, or shell)",out,,0,
1437107,WBD,"Warner Bros. Discovery, Inc.",4841,,,2510703314.0,,unsized,kept,2026-08-31,0,counting failure; kept as a member
1691493,NU,Nu Holdings Ltd.,6199,,,,,"excluded: no domestic filings (foreign filer, fund, or shell)",out,,0,
885725,BSX,BOSTON SCIENTIFIC CORP,3841,60925609273.04,60925609273.04,1449229526.0,42.04,sized,in,2026-08-31,0,
1297996,DLR,"DIGITAL REALTY TRUST, INC.",6798,65321745862.89,61872066744.899994,351406070.0,176.07,sized,in,2026-08-31,0,
1129137,AMX,AMERICA MOVIL SAB DE CV/,4813,,,,,"excluded: no domestic filings (foreign filer, fund, or shell)",out,,0,
1086888,MFC,MANULIFE FINANCIAL CORP,6311,,,,,"excluded: no domestic filings (foreign filer, fund, or shell)",out,,0,
1645590,HPE,Hewlett Packard Enterprise Co,3570,94249999309.0,94249999309.0,1327464779.0,71.0,sized,in,2026-08-31,0,
354190,AJG,Arthur J. Gallagher & Co.,6411,59996611050.0,59987015000.0,256300000.0,234.05,sized,in,2026-08-31,0,
1506307,KMI,"KINDER MORGAN, INC.",4922,71814367370.25,71814367370.25,2226802089.0,32.25,sized,in,2026-08-31,0,
1060391,RSG,"REPUBLIC SERVICES, INC.",4953,66399222149.520004,66399222149.520004,306212978.0,216.84,sized,in,2026-08-31,0,
773840,HON,HONEYWELL INTERNATIONAL INC,3724,65479806066.0,65479806066.0,316940010.0,206.6,sized,in,2026-08-31,0,
75362,PCAR,PACCAR INC,3711,57721180745.979996,57721180745.979996,526364953.0,109.66,sized,in,2026-08-31,0,
2969,APD,"Air Products & Chemicals, Inc.",2810,61991197841.4,61991197841.4,222685530.0,278.38,sized,in,2026-08-31,0,
1067701,URI,"UNITED RENTALS, INC.",7359,65363949823.350006,65788281833.55,62646557.0,1050.15,sized,in,2026-08-31,0,
4904,AEP,AMERICAN ELECTRIC POWER CO INC,4911,66590684096.64,66554918095.6,544104955.0,122.32,sized,in,2026-08-31,0,
2071868,JHPCY,"Jiangsu Hengrui Pharmaceuticals Co., Ltd./ADR",,,,,,"excluded: no domestic filings (foreign filer, fund, or shell)",out,,0,
1260221,TDG,TransDigm Group INC,3728,60212718682.5,60212718682.5,55276525.0,1089.3,sized,in,2026-08-31,0,
899051,ALL,ALLSTATE CORP,6331,58316629008.5,58316629008.5,252857950.0,230.63,sized,in,2026-08-31,0,
917851,VALE,Vale S.A.,1000,,,,,"excluded: no domestic filings (foreign filer, fund, or shell)",out,,0,
849395,CRH,CRH PUBLIC LTD CO,3241,54473495760.68,54473495760.68,665284511.0,81.88,sized,in,2026-08-31,0,
929869,RELX,RELX PLC,7389,,,,,"excluded: no domestic filings (foreign filer, fund, or shell)",out,,0,
1280452,MPWR,"MONOLITHIC POWER SYSTEMS, INC.",3674,67316081400.0,67316081400.0,49143000.0,1369.8,sized,in,2026-08-31,0,
1389170,TRGP,Targa Resources Corp.,4922,61861205248.29,61861205248.29,214431021.0,288.49,sized,in,2026-08-31,0,
1697862,ARGX,ARGENX SE,2836,,,,,"excluded: no domestic filings (foreign filer, fund, or shell)",out,,0,
92230,TFC,TRUIST FINANCIAL CORP,6021,56414697361.84,56414697361.84,1221626188.0,46.18,sized,in,2026-08-31,0,
277135,GWW,"W.W. GRAINGER, INC.",5000,59755552087.14001,59755552087.14001,47100942.0,1268.67,sized,in,2026-08-31,0,
1701605,BKR,Baker Hughes Co,3533,55887550197.299995,55887550197.299995,992674071.0,56.3,sized,in,2026-08-31,0,
1140859,COR,"Cencora, Inc.",5122,61322309472.75001,61322309472.75001,190827165.0,321.35,sized,in,2026-08-31,0,
1664703,BE,Bloom Energy Corp,3620,80352950535.72,,,272.82,sized,in,2026-08-31,0,
1099219,MET,METLIFE INC,6311,62575413001.69,62575413001.69,635476927.0,98.47,sized,in,2026-08-31,0,
320187,NKE,"NIKE, Inc.",3021,51599628719.46001,59429828403.72,1710703178.0,34.74,sized,in,2026-08-31,0,"cover count 855,351,589 as of 2015-07-17 restated 2x through the split(s) since"
1393311,PSA,Public Storage,6798,53350067268.399994,50143346179.68,175621134.0,285.52,sized,in,2026-08-31,0,
1973832,AU,AngloGold Ashanti PLC,1040,45913733059.68,45844577672.7,505007465.0,90.78,sized,in,2026-08-31,0,
797468,OXY,OCCIDENTAL PETROLEUM CORP /DE/,1311,60258140723.880005,60258140723.880005,999637371.0,60.28,sized,in,2026-08-31,0,
1475260,CVE,CENOVUS ENERGY INC.,1311,,,,,"excluded: no domestic filings (foreign filer, fund, or shell)",out,,0,
726728,O,REALTY INCOME CORP,6798,51256630847.61,51256630847.61,946218033.0,54.17,sized,in,2026-08-31,0,
1552000,MPLX,MPLX LP,4610,58114354947.32,58114354947.32,1013858251.0,57.32,sized,in,2026-08-31,0,
4977,AFL,AFLAC INC,6321,57624398672.119995,57624398672.119995,501343298.0,114.94,sized,in,2026-08-31,0,
1039684,OKE,ONEOK INC /NEW/,4923,56919646938.87,56916077233.43,630369667.0,90.29,sized,in,2026-08-31,0,
815556,FAST,FASTENAL CO,5200,57937152460.770004,57937152460.770004,1147497573.0,50.49,sized,in,2026-08-31,0,
715957,D,"DOMINION ENERGY, INC",4911,54310727350.75,54306371135.25,879455403.0,61.75,sized,in,2026-08-31,0,
1842726,LSEGY,London Stock Exchange Group plc,,,,,,"excluded: no domestic filings (foreign filer, fund, or shell)",out,,0,
1385157,TEL,TE Connectivity plc,5065,62045579892.68,62045579892.68,289513228.0,214.31,sized,in,2026-08-31,0,
1395064,TAK,TAKEDA PHARMACEUTICAL CO LTD,2834,,,,,"excluded: no domestic filings (foreign filer, fund, or shell)",out,,0,
3570,LNG,"Cheniere Energy, Inc.",4924,57391711825.04,57391711825.04,206534158.0,277.88,sized,in,2026-08-31,0,
850918,GWLIF,GREAT-WEST LIFECO INC.,6311,,,,,"excluded: no domestic filings (foreign filer, fund, or shell)",out,,0,
1274152,CSLLY,CSL LTD,,,,,,"excluded: no domestic filings (foreign filer, fund, or shell)",out,,0,
1513845,NBIS,Nebius Group N.V.,7370,,,,,"excluded: no domestic filings (foreign filer, fund, or shell)",out,,0,
1539838,FANG,"Diamondback Energy, Inc.",1311,53674193730.560005,53675067983.04,280024353.0,191.68,sized,in,2026-08-31,0,
97210,TER,"TERADYNE, INC",3825,62336183840.00001,62336183840.00001,156340750.0,398.72,sized,in,2026-08-31,0,
1035983,FIX,COMFORT SYSTEMS USA INC,1731,60055251062.310005,60055251062.310005,35194329.0,1706.39,sized,in,2026-08-31,0,
1121788,GRMN,GARMIN LTD,3812,51769334763.84,,,268.44,sized,in,2026-08-31,0,
1413447,NXPI,NXP Semiconductors N.V.,3674,58267575686.18,,,231.07,sized,in,2026-08-31,0,
1682852,MRNA,"Moderna, Inc.",2836,78649470133.0,78649470133.0,399235889.0,197.0,sized,in,2026-08-31,0,
37996,F,FORD MOTOR CO,3711,48848046920.75,45659828662.0,3727332952.0,12.25,sized,in,2026-08-31,0,
73309,NUE,NUCOR CORP,3312,55843178890.64,55843178890.64,226875676.0,246.14,sized,in,2026-08-31,0,
1037868,AME,AMETEK INC/,3823,56746743114.880005,56746743114.880005,229261244.0,247.52,sized,in,2026-08-31,0,
1032208,SRE,SEMPRA,4932,52364339867.84,52347498883.68,653690046.0,80.08,sized,in,2026-08-31,0,
1120193,NDAQ,"NASDAQ, INC.",6200,51632739851.64,51632739851.64,558977372.0,92.37,sized,in,2026-08-31,0,
1243429,MT,ArcelorMittal,3312,,,,,"excluded: no domestic filings (foreign filer, fund, or shell)",out,,0,
1755672,CTVA,"Corteva, Inc.",0100,9173945000.0,9173945000.0,667196000.0,13.75,sized,in,2026-08-31,0,
820318,COHR,COHERENT CORP.,3827,59209879578.100006,59209879578.100006,195832246.0,302.35,sized,in,2026-08-31,0,
769397,ADSK,"Autodesk, Inc.",7372,48822400000.0,48822400000.0,209000000.0,233.6,sized,in,2026-08-31,0,
721371,CAH,CARDINAL HEALTH INC,5122,55333421081.200005,55576295962.880005,232575728.0,238.96,sized,in,2026-08-31,0,
835403,DEO,DIAGEO PLC,2080,,,,,"excluded: no domestic filings (foreign filer, fund, or shell)",out,,0,
936395,CIEN,CIENA CORP,3661,60400505053.25,60400505053.25,141808525.0,425.93,sized,in,2026-08-31,0,
1601046,KEYS,"Keysight Technologies, Inc.",3823,63785598609.15,63785598609.15,170244745.0,374.67,sized,in,2026-08-31,0,
1136808,EONGY,E.ON SE,4900,,,,,"excluded: no domestic filings (foreign filer, fund, or shell)",out,,0,
1090012,DVN,DEVON ENERGY CORP/DE,1311,53812000000.0,53812000000.0,1100000000.0,48.92,sized,in,2026-08-31,0,
1633917,PYPL,"PayPal Holdings, Inc.",7389,47067457287.48,,,55.02,sized,in,2026-08-31,0,
93751,STT,STATE STREET CORP,6022,48097532033.85,48097532033.85,274701765.0,175.09,sized,in,2026-08-31,0,
1099800,EW,Edwards Lifesciences Corp,3842,48555936000.0,48555936000.0,576400000.0,84.24,sized,in,2026-08-31,0,
10795,BDX,BECTON DICKINSON & CO,3841,49778687700.0,49778687700.0,272386800.0,182.75,sized,in,2026-08-31,0,
1456346,FNV,FRANCO NEVADA Corp,1040,,,,,"excluded: no domestic filings (foreign filer, fund, or shell)",out,,0,
2089271,HONA,Honeywell Aerospace Inc.,3724,48813889177.25,48813889177.25,316952725.0,154.01,sized,in,2026-08-31,0,
943452,WAB,WESTINGHOUSE AIR BRAKE TECHNOLOGIES CORP,3743,47430166960.8,47430166960.8,168910851.0,280.8,sized,in,2026-08-31,0,
35527,FITB,FIFTH THIRD BANCORP,6022,45979452994.8,45979452994.8,906892564.0,50.7,sized,in,2026-08-31,0,
2021390,GALDY,Galderma Group AG/ADR,,,,,,"excluded: no domestic filings (foreign filer, fund, or shell)",out,,0,
820027,AMP,AMERIPRISE FINANCIAL INC,6282,44085342938.52,44085342938.52,88333219.0,499.08,sized,in,2026-08-31,0,
1783180,CARR,CARRIER GLOBAL Corp,3585,46022067932.31,46371305016.09,830580423.0,55.83,sized,in,2026-08-31,0,
65984,ETR,ENTERGY CORP /DE/,4911,48967414130.18,46923208854.299995,457832070.0,102.49,sized,in,2026-08-31,0,
1327811,WDAY,"Workday, Inc.",7374,45262210000.0,41318200000.0,220000000.0,187.81,sized,in,2026-08-31,0,
1512673,XYZ,"Block, Inc.",7372,45197807850.0,,,75.23,sized,in,2026-08-31,0,
1069183,AXON,"AXON ENTERPRISE, INC.",3480,33901185653.65,33901185653.65,81237415.0,417.31,sized,in,2026-08-31,0,
202058,LHX,"L3HARRIS TECHNOLOGIES, INC. /DE/",3812,44117966822.72,44117966822.72,186214616.0,236.92,sized,in,2026-08-31,0,
1050446,MSTR,Strategy Inc,6199,60398787462.75,,,151.47,sized,in,2026-08-31,0,
1650107,CCEP,COCA-COLA EUROPACIFIC PARTNERS plc,2086,,,,,"excluded: no domestic filings (foreign filer, fund, or shell)",out,,0,
1736297,ALAB,"Astera Labs, Inc.",3674,60208005343.200005,60208005343.200005,173485104.0,347.05,sized,in,2026-08-31,0,
72903,XEL,XCEL ENERGY INC,4931,45823172688.159996,45823172688.159996,624634306.0,73.36,sized,in,2026-08-31,0,
1067491,INFY,Infosys Ltd,7371,,,,,"excluded: no domestic filings (foreign filer, fund, or shell)",out,,0,
1058090,CMG,CHIPOTLE MEXICAN GRILL INC,5812,41353860240.0,41353860240.0,1265418000.0,32.68,sized,in,2026-08-31,0,
1033767,UMC,UNITED MICROELECTRONICS CORP,3674,,,,,"excluded: no domestic filings (foreign filer, fund, or shell)",out,,0,
740260,VTR,"Ventas, Inc.",6798,41938494311.840004,41938494311.840004,512946359.0,81.76,sized,in,2026-08-31,0,
1679788,COIN,"Coinbase Global, Inc.",6199,45379950756.0,,,172.0,sized,in,2026-08-31,0,
1024478,ROK,"ROCKWELL AUTOMATION, INC",3829,48210672198.64,48210672198.64,111048676.0,434.14,sized,in,2026-08-31,0,
1769628,CRWV,"CoreWeave, Inc.",7372,44994355991.159996,,,81.58,sized,in,2026-08-31,0,
1065088,EBAY,EBAY INC,7389,49831100000.0,49831100000.0,445000000.0,111.98,sized,in,2026-08-31,0,
1604821,NTRA,"Natera, Inc.",8071,56330100194.3,56330100194.3,144144170.0,390.79,sized,in,2026-08-31,0,
1075124,TRI,THOMSON REUTERS CORP /CAN/,2741,,,,,"excluded: no domestic filings (foreign filer, fund, or shell)",out,,0,
2046386,MDLN,Medline Inc.,3841,31356532531.320004,,,35.74,sized,in,2026-08-31,0,
49071,HUM,HUMANA INC,6324,46485488832.96,,,387.12,sized,in,2026-08-31,0,
1176948,ARES,Ares Management Corp,6282,26443064137.780003,12013426916.68,103332418.0,116.26,disagree,in,2026-08-31,0,
2011641,FERG,Ferguson Enterprises Inc. /DE/,5070,41927007355.409996,41927007355.409996,193452717.0,216.73,sized,in,2026-08-31,0,
1692819,VST,Vistra Corp.,4911,52406079347.299995,52406079347.299995,335635195.0,156.14,sized,in,2026-08-31,0,
1109357,EXC,EXELON CORP,4931,42992498042.909996,42698475765.659996,1023208142.0,41.73,sized,in,2026-08-31,0,
1628171,RVMD,"Revolution Medicines, Inc.",2836,40320966954.16,40320966954.16,214336418.0,188.12,sized,in,2026-08-31,0,
1468522,FER,Ferrovial N.V.,1600,,,,,"excluded: no domestic filings (foreign filer, fund, or shell)",out,,0,
1420798,RBGLY,RECKITT BENCKISER GROUP PLC,,,,,,"excluded: no domestic filings (foreign filer, fund, or shell)",out,,0,
1565025,ABEV,AMBEV S.A.,2080,,,,,"excluded: no domestic filings (foreign filer, fund, or shell)",out,,0,
723531,PAYX,PAYCHEX INC,8700,37185720209.579994,37185720209.579994,355980473.0,104.46,sized,in,2026-08-31,0,
1900304,HLN,Haleon plc,2844,,,,,"excluded: no domestic filings (foreign filer, fund, or shell)",out,,0,
2021728,CBRS,Cerebras Systems Inc.,3674,39891753764.71999,,,167.92,sized,in,2026-08-31,0,
1009001,CCJ,CAMECO CORP,1090,,,,,"excluded: no domestic filings (foreign filer, fund, or shell)",out,,0,
1418135,KDP,Keurig Dr Pepper Inc.,2080,42539421947.880005,42539421947.880005,1360826038.0,31.26,sized,in,2026-08-31,0,
932787,STM,STMicroelectronics N.V.,3674,,,,,"excluded: no domestic filings (foreign filer, fund, or shell)",out,,0,
1097362,SLF,SUN LIFE FINANCIAL INC,6311,,,,,"excluded: no domestic filings (foreign filer, fund, or shell)",out,,0,
1819994,RKLB,Rocket Lab Corp,3760,43735711647.600006,40927172968.8,598350482.0,68.4,sized,in,2026-08-31,0,
946581,TTWO,TAKE TWO INTERACTIVE SOFTWARE INC,7372,39148095350.91,39148095350.91,186980443.0,209.37,sized,in,2026-08-31,0,
874716,IDXX,IDEXX LABORATORIES INC /DE,2835,40425741864.24,40425741864.24,78781116.0,513.14,sized,in,2026-08-31,0,
1138118,CBRE,"CBRE GROUP, INC.",6500,37957530061.840004,37957530061.840004,289575298.0,131.08,sized,in,2026-08-31,0,
1650372,TEAM,Atlassian Corp,7372,51531468569.549995,,,203.57,sized,in,2026-08-31,0,
1471055,BSBR,Banco Santander (Brasil) S.A.,6029,,,,,"excluded: no domestic filings (foreign filer, fund, or shell)",out,,0,
1090872,A,"AGILENT TECHNOLOGIES, INC.",3826,47411975377.17999,47411975377.17999,281928854.0,168.17,sized,in,2026-08-31,0,
818686,TEVA,TEVA PHARMACEUTICAL INDUSTRIES LTD,2834,45776986237.75,45737871297.0,1165296084.0,39.25,sized,in,2026-08-31,0,
1335258,LYV,"Live Nation Entertainment, Inc.",7900,39915281586.700005,40373505572.4,235633860.0,171.34,sized,in,2026-08-31,0,
1041061,YUM,YUM BRANDS INC,5812,39024855155.0,39024855155.0,272901085.0,143.0,sized,in,2026-08-31,0,
1478242,IQV,IQVIA HOLDINGS INC.,8731,42611648000.0,,,258.88,sized,in,2026-08-31,0,
1318220,WCN,"Waste Connections, Inc.",4953,38915246354.36,38989542105.08,252049532.0,154.69,sized,in,2026-08-31,0,
1070304,IX,ORIX CORP,6159,,,,,"excluded: no domestic filings (foreign filer, fund, or shell)",out,,0,
715153,HMC,HONDA MOTOR CO LTD,3711,,,,,"excluded: no domestic filings (foreign filer, fund, or shell)",out,,0,
1137774,PRU,PRUDENTIAL FINANCIAL INC,6311,39167850000.0,39167850000.0,345000000.0,113.53,sized,in,2026-08-31,0,
1651308,ONC,BeOne Medicines Ltd.,2834,39607462230.93,,1478124405.0,350.13,sized,in,2026-08-31,0,ADS: ordinary-share count is not price-comparable; sized on the vendor figure
878927,ODFL,"OLD DOMINION FREIGHT LINE, INC.",4213,37666330386.3,37666330386.3,207356622.0,181.65,sized,in,2026-08-31,0,
95227,SMTOY,SUMITOMO ELECTRIC INDUSTRIES LTD/ADR/,8880,,,,,"excluded: no domestic filings (foreign filer, fund, or shell)",out,,0,
882184,DHI,HORTON D R INC /DE/,1531,37989026083.939995,37989026083.939995,279701267.0,135.82,sized,in,2026-08-31,0,
1445930,KB,KB Financial Group Inc.,6029,,,,,"excluded: no domestic filings (foreign filer, fund, or shell)",out,,0,
1408198,MSCI,MSCI Inc.,7389,40833409000.0,40833409000.0,72700000.0,561.67,sized,in,2026-08-31,0,
1061736,FMX,MEXICAN ECONOMIC DEVELOPMENT INC,2086,,,,,"excluded: no domestic filings (foreign filer, fund, or shell)",out,,0,
1807794,CRDO,Credo Technology Group Holding Ltd,3674,39819493347.48,39819493347.48,187951918.0,211.86,sized,in,2026-08-31,0,
1745201,VIK,Viking Holdings Ltd,4400,,,,,"excluded: no domestic filings (foreign filer, fund, or shell)",out,,0,
882835,ROP,ROPER TECHNOLOGIES INC,3823,36022665337.020004,36022665337.020004,98900874.0,364.23,sized,in,2026-08-31,0,
1069336,SCMWY,SWISSCOM AG,4813,,,,,"excluded: no domestic filings (foreign filer, fund, or shell)",out,,0,
1446250,BMWKY,Bayerische Motoren Werke AG/ADR,8880,,,,,"excluded: no domestic filings (foreign filer, fund, or shell)",out,,0,
1393052,VEEV,VEEVA SYSTEMS INC,7372,46118116833.99999,46118116833.99999,161908850.0,284.84,sized,in,2026-08-31,0,
5272,AIG,"AMERICAN INTERNATIONAL GROUP, INC.",6331,40288918671.45,40288918671.45,522893169.0,77.05,sized,in,2026-08-31,0,
1324424,EXPE,"Expedia Group, Inc.",4700,32420825124.59,,,270.13,sized,in,2026-08-31,0,
96021,SYY,SYSCO CORP,5140,38467671672.0,37465308451.200005,479096016.0,78.2,sized,in,2026-08-31,0,
1000697,WAT,WATERS CORP /DE/,3826,42161211873.43,42161211873.43,98248111.0,429.13,sized,in,2026-08-31,0,
827054,MCHP,MICROCHIP TECHNOLOGY INC,3674,41008016344.32,41008016344.32,543008691.0,75.52,sized,in,2026-08-31,0,
1004980,PCG,PG&E Corp,4931,38039988699.02,33956999984.32,2680110496.0,12.67,sized,in,2026-08-31,0,
1047862,ED,CONSOLIDATED EDISON INC,4931,39198136811.67,39060463432.95,368529705.0,105.99,sized,in,2026-08-31,0,
1805284,RKT,"Rocket Companies, Inc.",6162,33300114870.96,,,11.76,sized,in,2026-08-31,0,
866374,FLEX,FLEX LTD.,3672,42391891229.82,42385297695.72,369402978.0,114.74,sized,in,2026-08-31,0,
701818,KGC,KINROSS GOLD CORP,1040,,,,,"excluded: no domestic filings (foreign filer, fund, or shell)",out,,0,
47111,HSY,HERSHEY CO,2060,32658456288.78,36377300946.42,223805223.0,162.54,sized,in,2026-08-31,0,
874766,HIG,"HARTFORD INSURANCE GROUP, INC.",6331,35072506818.96,35072506818.96,270872002.0,129.48,sized,in,2026-08-31,0,
7084,ADM,Archer-Daniels-Midland Co,2070,39737567618.35,39737567618.35,481959583.0,82.45,sized,in,2026-08-31,0,
1030894,CLS,CELESTICA INC,3672,44962396544.009995,40994563121.579994,114982086.0,356.53,sized,in,2026-08-31,0,
1618756,QSR,Restaurant Brands International Inc.,5812,24643244872.899998,22355583139.739998,316382439.0,70.66,sized,in,2026-08-31,0,
1944048,KVUE,Kenvue Inc.,2844,34055313569.91,34055313569.91,1920773467.0,17.73,sized,in,2026-08-31,0,
55785,KMB,KIMBERLY CLARK CORP,2670,32506275174.12,32506275174.12,332579038.0,97.74,sized,in,2026-08-31,0,
839923,VOD,VODAFONE GROUP PUBLIC LTD CO,4812,,,,,"excluded: no domestic filings (foreign filer, fund, or shell)",out,,0,
1002047,NTAP,"NetApp, Inc.",3572,45382611105.25,45382611105.25,196419005.0,231.05,sized,in,2026-08-31,0,
1973266,TKO,"TKO Group Holdings, Inc.",7900,13279168729.74,,,181.63,sized,in,2026-08-31,0,
100517,UAL,"United Airlines Holdings, Inc.",4512,34873280463.68,34873280463.68,324583772.0,107.44,sized,in,2026-08-31,0,
788784,PEG,PUBLIC SERVICE ENTERPRISE GROUP INC,4931,35806494955.200005,35806494955.200005,498420030.0,71.84,sized,in,2026-08-31,0,
1020569,IRM,IRON MOUNTAIN INC,6798,33631486671.64,33631486671.64,297702812.0,112.97,sized,in,2026-08-31,0,
2007855,VG,"Venture Global, Inc.",4924,33226233989.789997,,,13.29,sized,in,2026-08-31,0,
1396009,VMC,Vulcan Materials CO,1400,31910060266.14,,,246.26,sized,in,2026-08-31,0,
1167379,ALC,ALCON INC,3851,,,,,"excluded: no domestic filings (foreign filer, fund, or shell)",out,,0,
1444406,EC,ECOPETROL S.A.,1311,,,,,"excluded: no domestic filings (foreign filer, fund, or shell)",out,,0,
815097,CCL,Carnival Corp Ltd.,4400,35134662670.77,35134662670.77,1344610129.0,26.13,sized,in,2026-08-31,0,
1802768,RPRX,Royalty Pharma plc,2834,25029039506.24,21816922204.0,388132400.0,56.21,sized,in,2026-08-31,0,
1263043,SHG,SHINHAN FINANCIAL GROUP CO LTD,6021,,,,,"excluded: no domestic filings (foreign filer, fund, or shell)",out,,0,
1116578,PUK,PRUDENTIAL PLC,6311,,,,,"excluded: no domestic filings (foreign filer, fund, or shell)",out,,0,
1725964,NTR,Nutrien Ltd.,2870,33342667870.38,39774224567.22,569260406.0,69.87,sized,in,2026-08-31,0,successor issuer: no Form 4s under this CIK; the panel resolves the predecessor
783325,WEC,"WEC ENERGY GROUP, INC.",4931,33761254572.63,33761254572.63,325849383.0,103.61,sized,in,2026-08-31,0,
36270,MTB,M&T BANK CORP,6022,31419201960.72,31419201960.72,144416262.0,217.56,sized,in,2026-08-31,0,
1093557,DXCM,DEXCOM INC,3841,31853022173.649998,31853022173.649998,377360765.0,84.41,sized,in,2026-08-31,0,
49196,HBAN,HUNTINGTON BANCSHARES INC /MD/,6021,31053775875.62,,,15.37,sized,in,2026-08-31,0,
947484,ACGL,ARCH CAPITAL GROUP LTD.,6331,32785294426.079998,32785294426.079998,341229126.0,96.08,sized,in,2026-08-31,0,
1447669,TWLO,TWILIO INC,7372,42351438419.399994,42351438419.399994,153575220.0,275.77,sized,in,2026-08-31,0,
886986,TECK,TECK RESOURCES LTD,1400,,,,,"excluded: no domestic filings (foreign filer, fund, or shell)",out,,0,
73124,NTRS,NORTHERN TRUST CORP,6022,30828027530.5,30828027530.5,182955653.0,168.5,sized,in,2026-08-31,0,
1160330,BBD,BANK BRADESCO,6022,,,,,"excluded: no domestic filings (foreign filer, fund, or shell)",out,,0,
1027664,ESLT,ELBIT SYSTEMS LTD,3728,,,,,"excluded: no domestic filings (foreign filer, fund, or shell)",out,,0,
915191,FRFHF,FAIRFAX FINANCIAL HOLDINGS LTD/ CAN,6331,,,,,"excluded: no domestic filings (foreign filer, fund, or shell)",out,,0,
720005,RJF,RAYMOND JAMES FINANCIAL INC,6211,30508567364.6,30508567364.6,192361711.0,158.6,sized,in,2026-08-31,0,
105634,EME,"EMCOR Group, Inc.",1731,34328089354.24,34328089354.24,44109901.0,778.24,sized,in,2026-08-31,0,
1511737,UI,Ubiquiti Inc.,3663,38847114925.799995,38847114925.799995,60528381.0,641.8,sized,in,2026-08-31,0,
33213,EQT,EQT Corp,1311,33114817040.0,33114817040.0,625516000.0,52.94,sized,in,2026-08-31,0,
1932393,GEHC,GE HealthCare Technologies Inc.,3844,29007291103.44,,,64.22,sized,in,2026-08-31,0,
1132924,CHT,CHUNGHWA TELECOM CO LTD,4812,,,,,"excluded: no domestic filings (foreign filer, fund, or shell)",out,,0,
943819,RMD,RESMED INC,3841,31887135565.39,32706325339.379997,144252306.0,226.73,sized,in,2026-08-31,0,
1110803,ILMN,"ILLUMINA, INC.",3826,39950070000.0,39950070000.0,151000000.0,264.57,sized,in,2026-08-31,0,
1051470,CCI,CROWN CASTLE INC.,6798,29309625192.71,29309625192.71,425455439.0,68.89,sized,in,2026-08-31,0,
1447391,RSHGY,RESONA HOLDINGS INC,,,,,,"excluded: no domestic filings (foreign filer, fund, or shell)",out,,0,
717826,ERIC,ERICSSON LM TELEPHONE CO,3663,,,,,"excluded: no domestic filings (foreign filer, fund, or shell)",out,,0,
1383650,CQP,"Cheniere Energy Partners, L.P.",4924,30887722092.24,30887722092.24,484057704.0,63.81,sized,in,2026-08-31,0,
1469059,CKHGF,Capitec Limited/ADR,,,,,,"excluded: no domestic filings (foreign filer, fund, or shell)",out,,0,
2073893,DLMAY,Dollarama Inc./ADR,,,,,,"excluded: no domestic filings (foreign filer, fund, or shell)",out,,0,
1022671,STLD,STEEL DYNAMICS INC,3312,33563138366.96,33563138366.96,143328088.0,234.17,sized,in,2026-08-31,0,
1441816,MDB,"MongoDB, Inc.",7372,29914597230.350002,29914597230.350002,80556341.0,371.35,sized,in,2026-08-31,0,
1071739,CNC,CENTENE CORP,6324,31882437300.000004,31882437300.000004,493995000.0,64.54,sized,in,2026-08-31,0,
1140536,WTW,WILLIS TOWERS WATSON PLC,6411,27662835154.82,27662835154.82,92871937.0,297.86,sized,in,2026-08-31,0,
1289490,EXR,Extra Space Storage Inc.,6798,28124203560.96,28124203560.96,211269558.0,133.12,sized,in,2026-08-31,0,
1374310,CBOE,"Cboe Global Markets, Inc.",6200,30711074067.519997,30711074067.519997,104431019.0,294.08,sized,in,2026-08-31,0,
898293,JBL,JABIL INC,3672,31348105545.24,31348105545.24,104787089.0,299.16,sized,in,2026-08-31,0,
875045,BIIB,BIOGEN INC.,2836,32273905783.14,,,218.43,sized,in,2026-08-31,0,
916076,MLM,MARTIN MARIETTA MATERIALS INC,1400,34200803789.739998,28925906087.23,60065839.0,481.57,sized,in,2026-08-31,0,
1555280,ZTS,Zoetis Inc.,2834,30198380834.16,30198380834.16,413223602.0,73.08,sized,in,2026-08-31,0,
1890126,UNVGY,Universal Music Group N.V./ADR,,,,,,"excluded: no domestic filings (foreign filer, fund, or shell)",out,,0,
1178670,ALNY,"ALNYLAM PHARMACEUTICALS, INC.",2834,30044161264.54,30044161264.54,133809118.0,224.53,sized,in,2026-08-31,0,
726958,CASY,CASEYS GENERAL STORES INC,5500,23738776060.76,23738776060.76,36960167.0,642.28,sized,in,2026-08-31,0,
2083785,SUNB,"Sunbelt Rentals Holdings, Inc.",7359,30670902540.449997,30670902540.449997,409764897.0,74.85,sized,in,2026-08-31,0,
1329099,BIDU,"Baidu, Inc.",7370,,,,,"excluded: no domestic filings (foreign filer, fund, or shell)",out,,0,
1699150,IR,Ingersoll Rand Inc.,3560,30263955462.0,30263955462.0,387999429.0,78.0,sized,in,2026-08-31,0,
900075,CPRT,COPART INC,5500,25455560820.96,25455560820.96,926330452.0,27.48,sized,in,2026-08-31,0,
1585521,ZM,"Zoom Communications, Inc.",7370,27623163920.37,,,94.67,sized,in,2026-08-31,0,
1637459,KHC,Kraft Heinz Co,2030,26657318079.84,26657318079.84,1185823758.0,22.48,sized,in,2026-08-31,0,
1300514,LVS,LAS VEGAS SANDS CORP,7011,23382012742.4,23382012742.4,647701184.0,36.1,sized,in,2026-08-31,0,
904868,FSNUY,Fresenius SE & Co. KGaA,3841,,,,,"excluded: no domestic filings (foreign filer, fund, or shell)",out,,0,
1001290,BAP,CREDICORP LTD,6029,,,,,"excluded: no domestic filings (foreign filer, fund, or shell)",out,,0,
1681459,FTI,TechnipFMC plc,3533,27306406336.44,27306406336.44,392164388.0,69.63,sized,in,2026-08-31,0,
1002910,AEE,AMEREN CORP,4931,28193716681.84,28193716681.84,276843251.0,101.84,sized,in,2026-08-31,0,
759944,CFG,CITIZENS FINANCIAL GROUP INC/RI,6022,26993220342.920002,26993220342.920002,421176788.0,64.09,sized,in,2026-08-31,0,
1834584,CPNG,"Coupang, Inc.",5961,27699655327.82,,,15.41,sized,in,2026-08-31,0,
1705696,VICI,VICI PROPERTIES INC.,6798,25093557637.98,25093557637.98,1101077562.0,22.79,sized,in,2026-08-31,0,
1038683,RYAAY,RYANAIR HOLDINGS PLC,4512,,,,,"excluded: no domestic filings (foreign filer, fund, or shell)",out,,0,
1535759,KBGGY,Kongsberg Gruppen ASA/ADR,8880,,,,,"excluded: no domestic filings (foreign filer, fund, or shell)",out,,0,
1713445,RDDT,"Reddit, Inc.",7374,30104281919.7,,,156.47,sized,in,2026-08-31,0,
1754301,FOXA,Fox Corp,4833,26805792150.54,,1.0,63.57,disagree,in,2026-08-31,0,"sec measure disqualified: 64 vs vendor 26,805,792,151; decided on the vendor figure"
1094285,TDY,TELEDYNE TECHNOLOGIES INC,3812,28036838143.86,28036838143.86,46355673.0,604.82,sized,in,2026-08-31,0,
1269238,TCOM,Trip.com Group Ltd,7389,,,,,"excluded: no domestic filings (foreign filer, fund, or shell)",out,,0,
45012,HAL,HALLIBURTON CO,1389,27135056053.19,27135056053.19,833130367.0,32.57,sized,in,2026-08-31,0,
1397911,LPLA,LPL Financial Holdings Inc.,6200,25827471120.0,25827471120.0,78742290.0,328.0,sized,in,2026-08-31,0,
1823945,OWL,BLUE OWL CAPITAL INC.,6282,6339832684.92,,,9.27,sized,in,2026-08-31,0,
1163653,NMR,NOMURA HOLDINGS INC,6211,,,,,"excluded: no domestic filings (foreign filer, fund, or shell)",out,,0,
1713683,ZS,"Zscaler, Inc.",7371,35351889073.38,35351889073.38,163054698.0,216.81,sized,in,2026-08-31,0,
1546066,PBA,PEMBINA PIPELINE CORP,1382,,,,,"excluded: no domestic filings (foreign filer, fund, or shell)",out,,0,
827052,EIX,EDISON INTERNATIONAL,4911,20895399059.7,20894310996.3,384793941.0,54.3,sized,in,2026-08-31,0,
1776985,BNTX,BioNTech SE,2836,,,,,"excluded: no domestic filings (foreign filer, fund, or shell)",out,,0,
731802,ATO,ATMOS ENERGY CORP,4924,27149700924.98,27149700924.98,168988553.0,160.66,sized,in,2026-08-31,0,
936340,DTE,DTE ENERGY CO,4911,26447993569.899998,26440398582.3,208028313.0,127.1,sized,in,2026-08-31,0,
1666175,FTS,Fortis Inc.,4911,,,,,"excluded: no domestic filings (foreign filer, fund, or shell)",out,,0,
798354,FISV,FISERV INC,7389,24429363162.739998,24429363162.739998,531766721.0,45.94,sized,in,2026-08-31,0,
1037646,MTD,METTLER TOLEDO INTERNATIONAL INC/,3826,30645115528.14,30645115528.14,20036559.0,1529.46,sized,in,2026-08-31,0,
719955,WSM,WILLIAMS SONOMA INC,5700,28149222347.0,28149222347.0,117779173.0,239.0,sized,in,2026-08-31,0,
1018963,ATI,ATI INC,3317,25617734153.79,25617734153.79,136170383.0,188.13,sized,in,2026-08-31,0,
1097864,ON,ON SEMICONDUCTOR CORP,3674,30915791058.329998,30915243764.609997,389311721.0,79.41,sized,in,2026-08-31,0,
1058290,CTSH,COGNIZANT TECHNOLOGY SOLUTIONS CORP,7371,27031156982.09,,,60.01,sized,in,2026-08-31,0,
1410636,AWK,"American Water Works Company, Inc.",4941,25473081810.02,25473081810.02,198728989.0,128.18,sized,in,2026-08-31,0,
29534,DG,DOLLAR GENERAL CORP,5331,27416048493.3,27416048493.3,220616790.0,124.27,sized,in,2026-08-31,0,
1315098,RBLX,Roblox Corp,7372,32518392834.320004,,,45.52,sized,in,2026-08-31,0,
29905,DOV,DOVER Corp,3530,25449175316.0,25449175316.0,134680225.0,188.96,sized,in,2026-08-31,0,
920148,LH,LABCORP HOLDINGS INC.,8071,25481620000.0,25481620000.0,81100000.0,314.2,sized,in,2026-08-31,0,
1175454,CPAY,"CORPAY, INC.",7389,26400411565.92,26400411565.92,65659599.0,402.08,sized,in,2026-08-31,0,
1781335,OTIS,Otis Worldwide Corp,3600,25166050001.29,25166050001.29,380669339.0,66.11,sized,in,2026-08-31,0,
1104506,INSM,INSMED Inc,2834,21942973421.440002,21942973421.440002,218381503.0,100.48,sized,in,2026-08-31,0,
1031296,FE,FIRSTENERGY CORP,4911,25952000950.2,25942638198.75,578431175.0,44.85,sized,in,2026-08-31,0,
313216,PHG,KONINKLIJKE PHILIPS NV,3844,,,,,"excluded: no domestic filings (foreign filer, fund, or shell)",out,,0,
1022079,DGX,QUEST DIAGNOSTICS INC,8071,25475275221.6,25475275221.6,110373360.0,230.81,sized,in,2026-08-31,0,
72741,ES,EVERSOURCE ENERGY,4911,24743764590.26,24743764590.26,376674754.0,65.69,sized,in,2026-08-31,0,
2004711,BSP,Bending Spoons S.p.A.,7370,,,,,"excluded: no domestic filings (foreign filer, fund, or shell)",out,,0,
1524472,XYL,Xylem Inc.,3561,23813319955.879997,23813319955.879997,233486812.0,101.99,sized,in,2026-08-31,0,
1885110,CHLSY,Chocoladefabriken Lindt & Spruengli AG/ADR,,,,,,"excluded: no domestic filings (foreign filer, fund, or shell)",out,,0,
1116132,TPR,"TAPESTRY, INC.",3100,23093544145.96,23093544145.96,199391678.0,115.82,sized,in,2026-08-31,0,
922224,PPL,PPL Corp,4911,25661779078.100002,25655147344.2,752350362.0,34.1,sized,in,2026-08-31,0,
1635088,ROIV,Roivant Sciences Ltd.,2834,24710670343.15,24710670343.15,722323015.0,34.21,sized,in,2026-08-31,0,
2058873,Q,"Qnity Electronics, Inc.",3674,26502538227.24,26502538227.24,209208543.0,126.68,sized,in,2026-08-31,0,
1014473,VRSN,VERISIGN INC/CA,7371,26920216000.0,26890437000.0,90300000.0,297.79,sized,in,2026-08-31,0,
1281761,RF,REGIONS FINANCIAL CORP,6021,23061731727.420002,23061731727.420002,851929506.0,27.07,sized,in,2026-08-31,0,
20286,CINF,CINCINNATI FINANCIAL CORP,6331,25362246936.25,25362246936.25,153478045.0,165.25,sized,in,2026-08-31,0,
1601712,SYF,Synchrony Financial,6199,23986338324.8,23986338324.8,325370840.0,73.72,sized,in,2026-08-31,0,
935703,DLTR,"DOLLAR TREE, INC.",5331,22256706067.38,22256706067.38,187630299.0,118.62,sized,in,2026-08-31,0,
1957132,SN,"SharkNinja, Inc.",3630,26042923818.24,26042923818.24,140871552.0,184.87,sized,in,2026-08-31,0,
879169,INCY,INCYTE CORP,8731,22854170861.5,,,112.75,sized,in,2026-08-31,0,
11544,WRB,BERKLEY W R CORP,6331,26746943464.45,26746943464.45,371227529.0,72.05,sized,in,2026-08-31,0,
1474968,GELHY,Geely Automobile Holdings Limited/ADR,,,,,,"excluded: no domestic filings (foreign filer, fund, or shell)",out,,0,
1820953,AFRM,"Affirm Holdings, Inc.",6141,26032049900.4,,,77.15,sized,in,2026-08-31,0,
1130310,CNP,CENTERPOINT ENERGY INC,4911,25308033464.960003,25133191421.600002,654169480.0,38.42,sized,in,2026-08-31,0,
2005951,SW,Smurfit Westrock plc,2650,21741474536.600002,21741474536.600002,524522908.0,41.45,sized,in,2026-08-31,0,
940944,DRI,DARDEN RESTAURANTS INC,5812,22687479276.48,22687479276.48,113143224.0,200.52,sized,in,2026-08-31,0,
1811074,TPL,Texas Pacific Land Corp,6792,24677762083.739998,24677762083.739998,68974683.0,357.78,sized,in,2026-08-31,0,
1709048,GFS,GLOBALFOUNDRIES Inc.,3674,,,,,"excluded: no domestic filings (foreign filer, fund, or shell)",out,,0,
814547,FICO,FAIR ISAAC CORP,7389,15278814928.05,15278814928.05,21597635.0,707.43,sized,in,2026-08-31,0,
79879,PPG,PPG INDUSTRIES INC,2851,23443758000.0,,,105.46,sized,in,2026-08-31,0,
1720635,NVT,nVent Electric plc,3550,26577073583.8,26577073583.8,161857939.0,164.2,sized,in,2026-08-31,0,
1123360,GPN,GLOBAL PAYMENTS INC,7389,21902464140.3,21902464140.3,264618390.0,82.77,sized,in,2026-08-31,0,
79282,BRO,"BROWN & BROWN, INC.",6411,21331410258.75,21331410258.75,334610357.0,63.75,sized,in,2026-08-31,0,
1415404,ECHO,EchoStar CORP,4899,27150567195.84,,,93.36,sized,in,2026-08-31,0,
798941,FCNCA,FIRST CITIZENS BANCSHARES INC /DE/,6022,23330343676.8,,,2065.89,sized,in,2026-08-31,0,
1560385,FWONA,Liberty Media Corp,4833,21954542031.449997,,,87.57,sized,in,2026-08-31,0,
1442145,VRSK,"Verisk Analytics, Inc.",7374,22841078545.88,,,175.49,sized,in,2026-08-31,0,
48898,HUBB,HUBBELL INC,3670,25116604253.399998,,,475.4,sized,in,2026-08-31,0,
2035989,AMRZ,Amrize Ltd,3241,19962786006.0,19962786006.0,546925644.0,36.5,sized,in,2026-08-31,0,
105770,WST,WEST PHARMACEUTICAL SERVICES INC,3841,25565403061.739998,25565403061.739998,70375762.0,363.27,sized,in,2026-08-31,0,
728535,JBHT,HUNT J B TRANSPORT SERVICES INC,4213,21452050366.379997,21452050366.379997,93914939.0,228.42,sized,in,2026-08-31,0,
1837240,SYM,Symbotic Inc.,3569,5462474404.860001,,,42.06,sized,in,2026-08-31,0,
1780312,ASTS,"AST SpaceMobile, Inc.",4899,17067005133.65,,,56.93,sized,in,2026-08-31,0,
29989,OMC,OMNICOM GROUP INC.,7311,20973749177.15,,,76.45,sized,in,2026-08-31,0,
746515,EXPD,EXPEDITORS INTERNATIONAL OF WASHINGTON INC,4731,25180483387.620003,25180483387.620003,129990622.0,193.71,sized,in,2026-08-31,0,
1874178,RIVN,"Rivian Automotive, Inc. / DE",3711,20747842827.9,,,14.33,sized,in,2026-08-31,0,
1967680,VLTO,Veralto Corp,3825,23521181829.120003,,,96.48,sized,in,2026-08-31,0,
313927,CHD,CHURCH & DWIGHT CO INC /DE/,2840,23181937831.11,23181937831.11,237203907.0,97.73,sized,in,2026-08-31,0,
928876,TSEM,TOWER SEMICONDUCTOR LTD,3674,,,,,"excluded: no domestic filings (foreign filer, fund, or shell)",out,,0,
2058897,CIB,Grupo Cibest S.A.,6029,22218449487.36,,509103132.0,94.08,sized,in,2026-08-31,0,ADS: ordinary-share count is not price-comparable; sized on the vendor figure
1876042,CRCL,"Circle Internet Group, Inc.",6199,20523326220.04,,,80.84,sized,in,2026-08-31,0,
858446,IHG,INTERCONTINENTAL HOTELS GROUP PLC /NEW/,7011,,,,,"excluded: no domestic filings (foreign filer, fund, or shell)",out,,0,
1126328,PFG,PRINCIPAL FINANCIAL GROUP INC,6321,23502266442.57,,,109.77,sized,in,2026-08-31,0,
1113169,TROW,PRICE T ROWE GROUP INC,6282,22233911045.5,22233911045.5,213315850.0,104.23,sized,in,2026-08-31,0,
1665918,USFD,US Foods Holding Corp.,5140,21010039817.760002,21010039817.760002,216330723.0,97.12,sized,in,2026-08-31,0,
1818874,SOFI,"SoFi Technologies, Inc.",6199,20161412757.64,20161412757.64,1291570324.0,15.61,sized,in,2026-08-31,0,
17843,CRS,CARPENTER TECHNOLOGY CORP,3312,19184120898.600002,19184120898.600002,49558566.0,387.1,sized,in,2026-08-31,0,
1013871,NRG,"NRG ENERGY, INC.",4911,22349578552.559998,22349578552.559998,210210483.0,106.32,sized,in,2026-08-31,0,
16918,STZ,"CONSTELLATION BRANDS, INC.",2080,20921190318.6,,,123.63,sized,in,2026-08-31,0,
1428439,ROKU,"ROKU, INC",4841,22842420461.73,,,153.81,sized,in,2026-08-31,0,
909037,SQM,CHEMICAL & MINING CO OF CHILE INC,1400,,,,,"excluded: no domestic filings (foreign filer, fund, or shell)",out,,0,
2074176,VNOM,"Viper Energy, Inc.",1311,8287487238.870001,,,42.63,sized,in,2026-08-31,0,
91576,KEY,KEYCORP /NEW/,6021,21449283935.4,21449283935.4,1067128554.0,20.1,sized,in,2026-08-31,0,
1758730,TW,Tradeweb Markets Inc.,6200,23139342493.920002,,,109.68,sized,in,2026-08-31,0,
1378789,AER,AerCap Holdings N.V.,7359,,,,,"excluded: no domestic filings (foreign filer, fund, or shell)",out,,0,
1403568,ULTA,"Ulta Beauty, Inc.",5990,24124192712.91,24124192712.91,42757471.0,564.21,sized,in,2026-08-31,0,
1757898,STE,STERIS plc,3842,20549123183.6,20549123183.6,97500110.0,210.76,sized,in,2026-08-31,0,
2093536,ARXS,"Arxis, Inc.",3728,20149747641.18,,,46.77,sized,in,2026-08-31,0,
1375365,SMCI,"Super Micro Computer, Inc.",3571,28098409473.68,28098409473.68,656965384.0,42.77,sized,in,2026-08-31,0,
60086,L,LOEWS CORP,6331,21996422672.0,21996422672.0,204427720.0,107.6,sized,in,2026-08-31,0,
1861737,HSAI,Hesai Group,3569,,,,,"excluded: no domestic filings (foreign filer, fund, or shell)",out,,0,
33185,EFX,EQUIFAX INC,7320,17098751763.839998,17098751763.839998,117484896.0,145.54,sized,in,2026-08-31,0,
26324,CW,CURTISS WRIGHT CORP,3590,18736474096.760002,18736474096.760002,36934444.0,507.29,sized,in,2026-08-31,0,
1751788,DOW,DOW INC.,2821,20651720927.49,20605997712.42,720741438.0,28.59,sized,in,2026-08-31,0,
1660134,OKTA,"Okta, Inc.",7372,38497316554.880005,,,220.21,sized,in,2026-08-31,0,
1274494,FSLR,"FIRST SOLAR, INC.",3674,19220971583.8,19220971583.8,107469788.0,178.85,sized,in,2026-08-31,0,
1096343,MKL,MARKEL GROUP INC.,6331,21903215551.559998,21903215551.559998,12389958.0,1767.82,sized,in,2026-08-31,0,
1039610,EDPFY,EDP ENERGIAS DE PORTUGAL SA,4911,,,,,"excluded: no domestic filings (foreign filer, fund, or shell)",out,,0,
1166003,XPO,"XPO, Inc.",4700,21303882306.75,21303882306.75,117086465.0,181.95,sized,in,2026-08-31,0,
70318,THC,TENET HEALTHCARE CORP,8062,20980835830.0,20980835830.0,80519000.0,260.57,sized,in,2026-08-31,0,
718940,BCE,BCE INC,4813,,,,,"excluded: no domestic filings (foreign filer, fund, or shell)",out,,0,
895126,EXE,EXPAND ENERGY Corp,1311,20571426690.54,20571426690.54,231503789.0,88.86,sized,in,2026-08-31,0,
85535,RGLD,ROYAL GOLD INC,6795,19587385981.260002,19587385981.260002,84727857.0,231.18,sized,in,2026-08-31,0,
75677,PKG,PACKAGING CORP OF AMERICA,2650,20487262872.06,20487262872.06,89098299.0,229.94,sized,in,2026-08-31,0,
1142231,HKHHY,HEINEKEN HOLDING N V,,,,,,"excluded: no domestic filings (foreign filer, fund, or shell)",out,,0,
771992,PAAS,PAN AMERICAN SILVER CORP,1040,,,,,"excluded: no domestic filings (foreign filer, fund, or shell)",out,,0,
1748790,AMCR,Amcor plc,3990,19346285497.2,19363037497.2,462345690.0,41.88,sized,in,2026-08-31,0,
1576280,GH,"Guardant Health, Inc.",8071,22217517905.2,22217517905.2,134196170.0,165.56,sized,in,2026-08-31,0,
1037038,RL,RALPH LAUREN CORP,2320,21889918786.21,,,367.39,sized,in,2026-08-31,0,
1082554,UTHR,UNITED THERAPEUTICS Corp,2834,22851302883.76,22851302883.76,42890692.0,532.78,sized,in,2026-08-31,0,
1163420,MTNOY,MTN GROUP LTD/ADR,8880,,,,,"excluded: no domestic filings (foreign filer, fund, or shell)",out,,0,
40704,GIS,GENERAL MILLS INC,2040,17425454022.960003,17425454022.960003,534687144.0,32.59,sized,in,2026-08-31,0,
1161125,BCH,BANK OF CHILE,6029,,,,,"excluded: no domestic filings (foreign filer, fund, or shell)",out,,0,
51253,IFF,INTERNATIONAL FLAVORS & FRAGRANCES INC,2860,21598444367.95,21598444367.95,255149963.0,84.65,sized,in,2026-08-31,0,
51434,IP,INTERNATIONAL PAPER CO /NEW/,2621,16882688252.6,16882688252.6,529569895.0,31.88,sized,in,2026-08-31,0,
1048695,FFIV,"F5, INC.",3576,26142504842.120003,26142504842.120003,56627182.0,461.66,sized,in,2026-08-31,0,
811156,CMS,CMS ENERGY CORP,4931,20489130066.24,20489130066.24,313577136.0,65.34,sized,in,2026-08-31,0,
1136893,FIS,"Fidelity National Information Services, Inc.",7389,17709341189.780003,17709341189.780003,515705917.0,34.34,sized,in,2026-08-31,0,
1101302,ENTG,ENTEGRIS INC,3089,24782632000.0,24782632000.0,152800000.0,162.19,sized,in,2026-08-31,0,
215466,CDE,"Coeur Mining, Inc.",1040,17341263416.260002,17341263416.260002,1027934998.0,16.87,sized,in,2026-08-31,0,
920760,LEN,LENNAR CORP /NEW/,1520,18461058546.399998,,,77.6,sized,in,2026-08-31,0,
1650164,TOST,"Toast, Inc.",7374,17646340000.0,,,30.53,sized,in,2026-08-31,0,
1383312,BR,"BROADRIDGE FINANCIAL SOLUTIONS, INC.",7389,18652214286.72,18837541247.58,114021798.0,165.21,sized,in,2026-08-31,0,
1996862,BG,Bunge Global SA,2070,20714283841.859997,,,107.82,sized,in,2026-08-31,0,
1489393,LYB,LyondellBasell Industries N.V.,2860,19492110023.68,19492110023.68,323037952.0,60.34,sized,in,2026-08-31,0,
1653192,CNGKY,Cheung Kong Property Holdings Limited/ADR,,,,,,"excluded: no domestic filings (foreign filer, fund, or shell)",out,,0,
15615,MTZ,MASTEC INC,1623,17398870033.68,17398870033.68,80304948.0,216.66,sized,in,2026-08-31,0,
1579298,BURL,"Burlington Stores, Inc.",5311,17389758583.8,17389758583.8,62815195.0,276.84,sized,in,2026-08-31,0,
1880661,TPG,TPG Inc.,6282,7542187550.04,,,45.24,sized,in,2026-08-31,0,
1434265,GMAB,GENMAB A/S,2834,,,,,"excluded: no domestic filings (foreign filer, fund, or shell)",out,,0,
1810806,U,Unity Software Inc.,7372,20195681135.37,20195681135.37,440088933.0,45.89,sized,in,2026-08-31,0,
100493,TSN,"TYSON FOODS, INC.",2015,18413291138.08,,,52.34,sized,in,2026-08-31,0,
1590364,FTAI,FTAI Aviation Ltd.,7350,17569074986.46,17569074986.46,102707091.0,171.06,sized,in,2026-08-31,0,
91440,SNA,Snap-on Inc,3420,18563830261.12,18563830261.12,51727124.0,358.88,sized,in,2026-08-31,0,
904851,YPF,YPF SOCIEDAD ANONIMA,2911,,,,,"excluded: no domestic filings (foreign filer, fund, or shell)",out,,0,
1985487,KSPI,Joint Stock Co Kaspi.kz,7389,,,,,"excluded: no domestic filings (foreign filer, fund, or shell)",out,,0,
1091667,CHTR,"CHARTER COMMUNICATIONS, INC. /MO/",4841,12552564662.99,29712654896.760002,270927828.0,109.67,disagree,in,2026-08-31,0,
1943896,RBRK,"Rubrik, Inc.",7372,25061032905.37,,,120.89,sized,in,2026-08-31,0,
920522,ESS,"ESSEX PROPERTY TRUST, INC.",6798,17261217346.62,17261217346.62,64268439.0,268.58,sized,in,2026-08-31,0,
1423902,WES,"Western Midstream Partners, LP",4922,18931659851.26,18043060952.98,393781339.0,45.82,sized,in,2026-08-31,0,
92380,LUV,SOUTHWEST AIRLINES CO,4512,20233651193.36,20233651193.36,489208201.0,41.36,sized,in,2026-08-31,0,
1715801,SOAGY,Sartorius AG/ADR,,,,,,"excluded: no domestic filings (foreign filer, fund, or shell)",out,,0,
1658566,PR,Permian Resources Corp,1311,19129802542.36,19129802542.36,837557029.0,22.84,sized,in,2026-08-31,0,
1493594,MTSI,"MACOM Technology Solutions Holdings, Inc.",3674,24607477677.51,24607477677.51,76370931.0,322.21,sized,in,2026-08-31,0,
1605484,STLA,Stellantis N.V.,3711,,,,,"excluded: no domestic filings (foreign filer, fund, or shell)",out,,0,
108312,WWD,"Woodward, Inc.",3620,19098370479.0,19098370479.0,59045820.0,323.45,sized,in,2026-08-31,0,
733099,RCI,ROGERS COMMUNICATIONS INC,4841,,,,,"excluded: no domestic filings (foreign filer, fund, or shell)",out,,0,
1402436,SSNC,SS&C Technologies Holdings Inc,7372,18924925427.4,18924925427.4,234654996.0,80.65,sized,in,2026-08-31,0,
1809587,BEKE,KE Holdings Inc.,6531,,,,,"excluded: no domestic filings (foreign filer, fund, or shell)",out,,0,
2082247,FDXF,"FedEx Freight Holding Company, Inc.",4513,17291772081.45,17291772081.45,149518133.0,115.65,sized,in,2026-08-31,0,
1034054,SBAC,SBA COMMUNICATIONS CORP,6798,18036039581.1,18036039581.1,106088110.0,170.01,sized,in,2026-08-31,0,
1324404,CF,"CF Industries Holdings, Inc.",2870,17188984805.4,17188984805.4,151338130.0,113.58,sized,in,2026-08-31,0,
1111711,NI,NISOURCE INC.,4931,19436570853.0,19436570853.0,479560100.0,40.53,sized,in,2026-08-31,0,
1126113,TELNY,TELENOR ASA,4813,,,,,"excluded: no domestic filings (foreign filer, fund, or shell)",out,,0,
861884,RS,"RELIANCE, INC.",5051,20264063425.050003,,,396.91,sized,in,2026-08-31,0,
1136869,ZBH,"ZIMMER BIOMET HOLDINGS, INC.",3842,16952765798.32,16952765798.32,190737689.0,88.88,sized,in,2026-08-31,0,
1567094,CNH,CNH Industrial N.V.,3531,19506965564.72,15013615870.54,1237725958.0,12.13,sized,in,2026-08-31,0,
1792044,VTRS,Viatris Inc,2834,20031424668.16,20031424668.16,1148590864.0,17.44,sized,in,2026-08-31,0,
1711269,EVRG,"Evergy, Inc.",4931,18565268689.44,18560908773.0,230513025.0,80.52,sized,in,2026-08-31,0,
861967,WTKWY,WOLTERS KLUWER N V /FI,,,,,,"excluded: no domestic filings (foreign filer, fund, or shell)",out,,0,
1123799,WIT,WIPRO LTD,7371,,,,,"excluded: no domestic filings (foreign filer, fund, or shell)",out,,0,
72331,NDSN,NORDSON CORP,3569,18206451764.420002,18206451764.420002,55699366.0,326.87,sized,in,2026-08-31,0,
40987,GPC,GENUINE PARTS CO,5013,17669485182.859997,17669485182.859997,137859758.0,128.17,sized,in,2026-08-31,0,
916365,TSCO,TRACTOR SUPPLY CO /DE/,5200,17444423786.76,17444423786.76,521040137.0,33.48,sized,in,2026-08-31,0,
1666700,DD,"DuPont de Nemours, Inc.",2821,17890493328.0,17890493328.0,135042975.0,132.48,sized,in,2026-08-31,0,
1049502,MKSI,MKS INC,3823,17606259752.04,17606259752.04,67617558.0,260.38,sized,in,2026-08-31,0,
1659166,FTV,Fortive Corp,3823,17039802073.84,,,56.42,sized,in,2026-08-31,0,
1792580,OVV,Ovintiv Inc.,1311,17528142000.0,17458661864.6,275503580.0,63.37,sized,in,2026-08-31,0,
1618732,NTNX,"Nutanix, Inc.",7372,19781385786.69,19781385786.69,270570179.0,73.11,sized,in,2026-08-31,0,
1687229,INVH,Invitation Homes Inc.,6510,15639703024.48,15639703024.48,590623226.0,26.48,sized,in,2026-08-31,0,
749098,MGA,MAGNA INTERNATIONAL INC,3714,,,,,"excluded: no domestic filings (foreign filer, fund, or shell)",out,,0,
84839,ROL,ROLLINS INC,7340,15521750733.039999,15521750733.039999,481145404.0,32.26,sized,in,2026-08-31,0,
1635327,FLUT,Flutter Entertainment plc,7370,14157319941.16,14157319941.16,173539102.0,81.58,sized,in,2026-08-31,0,
52988,J,JACOBS SOLUTIONS INC.,1600,16220381098.49,16220381098.49,117038611.0,138.59,sized,in,2026-08-31,0,
1037976,JLL,JONES LANG LASALLE INC,6531,13946775087.42,13946775087.42,46007703.0,303.14,sized,in,2026-08-31,0,
352541,LNT,ALLIANT ENERGY CORP,4931,16983147784.5,16917145923.5,258277037.0,65.5,sized,in,2026-08-31,0,
889132,PKX,POSCO HOLDINGS INC.,3312,,,,,"excluded: no domestic filings (foreign filer, fund, or shell)",out,,0,
1070423,PAA,PLAINS ALL AMERICAN PIPELINE LP,4610,17229932953.2,17229932953.2,705566460.0,24.42,sized,in,2026-08-31,0,
1069157,EWBC,EAST WEST BANCORP INC,6022,17297746820.0,17297746820.0,137011856.0,126.25,sized,in,2026-08-31,0,
1796209,APG,APi Group Corp,7340,17277768674.059998,17277768674.059998,432160297.0,39.98,sized,in,2026-08-31,0,
106535,WY,WEYERHAEUSER CO,6798,13816509120.000002,13816509120.000002,720736000.0,19.17,sized,in,2026-08-31,0,
38777,BEN,FRANKLIN RESOURCES INC,6282,16461691884.0,16461691884.0,508076910.0,32.4,sized,in,2026-08-31,0,
1043219,NLY,ANNALY CAPITAL MANAGEMENT INC,6798,13770362855.34,13770362855.34,753714442.0,18.27,sized,in,2026-08-31,0,
1451809,SITM,SITIME Corp,3674,19397622482.16,19397622482.16,30071036.0,645.06,sized,in,2026-08-31,0,
1527166,CG,Carlyle Group Inc.,6282,13679616115.22,13679616115.22,356332798.0,38.39,sized,in,2026-08-31,0,
1159152,JHX,James Hardie Industries plc,3272,14600140573.199999,14600140573.199999,580522488.0,25.15,sized,in,2026-08-31,0,
2071881,TRMOY,Tourmaline Oil Corp/ADR,,,,,,"excluded: no domestic filings (foreign filer, fund, or shell)",out,,0,
849399,GEN,Gen Digital Inc.,7372,13617854978.0,13617854978.0,598587032.0,22.75,sized,in,2026-08-31,0,
1336920,LDOS,"Leidos Holdings, Inc.",7373,14961181156.98,14961181156.98,125492209.0,119.22,sized,in,2026-08-31,0,
704532,ONTO,ONTO INNOVATION INC.,3829,14362559869.490002,14362559869.490002,49074247.0,292.67,sized,in,2026-08-31,0,
1849253,RYAN,"RYAN SPECIALTY HOLDINGS, INC.",6411,4613316358.58,4153267133.93,109903867.0,37.79,sized,in,2026-08-31,0,
1668397,MEDP,"Medpace Holdings, Inc.",8731,16822354468.500002,16822354468.500002,27911655.0,602.7,sized,in,2026-08-31,0,
832101,IEX,IDEX CORP /DE/,3561,17084585898.0,17084585898.0,73719896.0,231.75,sized,in,2026-08-31,0,
906163,NVR,NVR INC,1531,15995955393.0,15995955393.0,2664860.0,6002.55,sized,in,2026-08-31,0,
877212,ZBRA,ZEBRA TECHNOLOGIES CORP,3560,18079295612.399998,18079295612.399998,47310660.0,382.14,sized,in,2026-08-31,0,
9389,BALL,BALL Corp,3411,15450734948.09,15450734948.09,264703357.0,58.37,sized,in,2026-08-31,0,
1027552,BSAC,BANCO SANTANDER CHILE,6029,,,,,"excluded: no domestic filings (foreign filer, fund, or shell)",out,,0,
1915657,DINO,HF Sinclair Corp,4610,21462066251.28,21462066251.28,177783849.0,120.72,sized,in,2026-08-31,0,
1764757,DIDIY,DiDi Global Inc.,7389,,,,,"excluded: no domestic filings (foreign filer, fund, or shell)",out,,0,
1468174,H,Hyatt Hotels Corp,7011,15024162820.480001,,,159.43,sized,in,2026-08-31,0,
1264136,WF,WOORI FINANCIAL GROUP INC.,6029,,,,,"excluded: no domestic filings (foreign filer, fund, or shell)",out,,0,
1824920,IONQ,"IonQ, Inc.",7373,15982601629.2,15030541287.300001,381002314.0,39.45,sized,in,2026-08-31,0,
857005,PTC,PTC INC.,7372,21045321530.44,21020917943.53,108506261.0,193.73,sized,in,2026-08-31,0,
1719117,ARNNY,ASR Nederland N.V./ADR,,,,,,"excluded: no domestic filings (foreign filer, fund, or shell)",out,,0,
2109150,INIO,INNIO N.V.,3621,14400000000.0,14400000000.0,750000000.0,19.2,sized,in,2026-08-31,0,
1402057,CDW,CDW Corp,5961,17487437548.88,17487437548.88,125017426.0,139.88,sized,in,2026-08-31,0,
1477049,PHYS,Sprott Physical Gold Trust,6221,,,,,"excluded: no domestic filings (foreign filer, fund, or shell)",out,,0,
915913,ALB,ALBEMARLE CORP,2821,12048316319.699999,12048316319.699999,118005057.0,102.1,sized,in,2026-08-31,0,
1618673,PFGC,Performance Food Group Co,5141,14877903316.48,14921528791.039999,157533032.0,94.72,sized,in,2026-08-31,0,
1043277,CHRW,"C. H. ROBINSON WORLDWIDE, INC.",4731,16487091357.640001,16515756805.720001,116851258.0,141.34,sized,in,2026-08-31,0,
1673358,YUMC,"Yum China Holdings, Inc.",5812,14109332405.82,14307900922.08,342458136.0,41.78,sized,in,2026-08-31,0,
1564708,NWSA,NEWS CORP,2711,15612031729.76,,,28.97,sized,in,2026-08-31,0,
2026053,PS,PERSHING SQUARE INC.,6282,21776000000.0,21776000000.0,400000000.0,54.44,sized,in,2026-08-31,0,
822818,CLH,CLEAN HARBORS INC,4955,16751505280.319998,,,317.34,sized,in,2026-08-31,0,
1612042,ASND,Ascendis Pharma A/S,2834,,,,,"excluded: no domestic filings (foreign filer, fund, or shell)",out,,0,
1232524,JAZZ,Jazz Pharmaceuticals plc,2834,14440247653.65,14440247653.65,64914577.0,222.45,sized,in,2026-08-31,0,
929008,WCC,WESCO INTERNATIONAL INC,5063,17345484724.22,17345484724.22,48732854.0,355.93,sized,in,2026-08-31,0,
855658,LSCC,LATTICE SEMICONDUCTOR CORP,3674,17750943394.56,17750943394.56,142030272.0,124.98,sized,in,2026-08-31,0,
1170858,SBS,COMPANHIA DE SANEAMENTO BASICO DO ESTADO DE SAO PAULO-SABESP,4941,,,,,"excluded: no domestic filings (foreign filer, fund, or shell)",out,,0,
1025378,WPC,W. P. Carey Inc.,6798,14382079571.27,14382079571.27,227816879.0,63.13,sized,in,2026-08-31,0,
1552033,TRU,TransUnion,7320,12375444000.0,,,64.59,sized,in,2026-08-31,0,
879101,KIM,KIMCO REALTY CORP,6798,14817737249.57,14817737249.57,670789373.0,22.09,sized,in,2026-08-31,0,
1754581,FUTU,Futu Holdings Ltd,6211,,,,,"excluded: no domestic filings (foreign filer, fund, or shell)",out,,0,
1677250,ZTO,ZTO Express (Cayman) Inc.,4210,,,,,"excluded: no domestic filings (foreign filer, fund, or shell)",out,,0,
1070750,HST,"HOST HOTELS & RESORTS, INC.",6798,15442703953.46,15442703953.46,685124399.0,22.54,sized,in,2026-08-31,0,
1089063,DKS,"DICK'S SPORTING GOODS, INC.",5940,13264630234.279999,,,134.63,sized,in,2026-08-31,0,
898174,RGA,REINSURANCE GROUP OF AMERICA INC,6311,16712655123.45,16712655123.45,65301665.0,255.93,sized,in,2026-08-31,0,
1528396,GWRE,"Guidewire Software, Inc.",7372,13510751997.82,13510751997.82,81992669.0,164.78,sized,in,2026-08-31,0,
1178819,AGI,ALAMOS GOLD INC,1040,,,,,"excluded: no domestic filings (foreign filer, fund, or shell)",out,,0,
1756607,EQX,Equinox Gold Corp.,1040,,,,,"excluded: no domestic filings (foreign filer, fund, or shell)",out,,0,
1743881,BBIO,"BridgeBio Pharma, Inc.",2834,12714864524.880001,12714505308.960001,195487474.0,65.04,sized,in,2026-08-31,0,
1968385,BAWAY,BAWAG Group AG/ADR,,,,,,"excluded: no domestic filings (foreign filer, fund, or shell)",out,,0,
912595,MAA,MID AMERICA APARTMENT COMMUNITIES INC.,6798,13480591183.83,13522750144.38,116384802.0,116.19,sized,in,2026-08-31,0,
1324948,RBC,RBC Bearings INC,3562,15544372702.550001,15544372702.550001,31659245.0,490.99,sized,in,2026-08-31,0,
1533232,BEP,Brookfield Renewable Partners L.P.,4911,,,,,"excluded: no domestic filings (foreign filer, fund, or shell)",out,,0,
1046102,RBA,RB GLOBAL INC.,7389,15562356000.0,15562356000.0,185200000.0,84.03,sized,in,2026-08-31,0,
1481045,DSEEY,Daiwa Securities Group Inc.,8880,,,,,"excluded: no domestic filings (foreign filer, fund, or shell)",out,,0,
914475,NBIX,NEUROCRINE BIOSCIENCES INC,2836,14357946816.25,14357946816.25,101649181.0,141.25,sized,in,2026-08-31,0,
1584509,ARMK,Aramark,5812,14641734943.76,14641734943.76,263625044.0,55.54,sized,in,2026-08-31,0,
912958,TIGO,MILLICOM INTERNATIONAL CELLULAR SA,4812,,,,,"excluded: no domestic filings (foreign filer, fund, or shell)",out,,0,
912593,SUI,SUN COMMUNITIES INC,6798,13617346992.6,,,111.8,sized,in,2026-08-31,0,
868675,TU,TELUS CORP,4812,,,,,"excluded: no domestic filings (foreign filer, fund, or shell)",out,,0,
1061574,GIB,CGI INC,8742,,,,,"excluded: no domestic filings (foreign filer, fund, or shell)",out,,0,
1127248,EMA,EMERA INC,4911,,,,,"excluded: no domestic filings (foreign filer, fund, or shell)",out,,0,
1090425,LAMR,LAMAR ADVERTISING CO/NEW,6798,14795788958.8,,,145.7,sized,in,2026-08-31,0,
2082866,PNFP,"Pinnacle Financial Partners, Inc.",6021,14305833628.800001,14305833628.800001,151112640.0,94.67,sized,in,2026-08-31,0,
1015650,SKM,SK TELECOM CO LTD,4812,,,,,"excluded: no domestic filings (foreign filer, fund, or shell)",out,,0,
1964738,SOLV,Solventum Corp,3841,14709032422.89,14709032422.89,170223729.0,86.41,sized,in,2026-08-31,0,
59527,LECO,LINCOLN ELECTRIC HOLDINGS INC,3540,14104999796.46,14104999796.46,54505757.0,258.78,sized,in,2026-08-31,0,
765880,DOC,"HEALTHPEAK PROPERTIES, INC.",6798,12770044855.199999,12770044855.199999,689527260.0,18.52,sized,in,2026-08-31,0,
1086222,AKAM,AKAMAI TECHNOLOGIES INC,7389,14501005848.1,14501005848.1,143716609.0,100.9,sized,in,2026-08-31,0,
1544379,SCRNY,"SCREEN Holdings Co., Ltd./ADR",,,,,,"excluded: no domestic filings (foreign filer, fund, or shell)",out,,0,
2029472,PUGBY,Puig Brands S.A./ADR,,,,,,"excluded: no domestic filings (foreign filer, fund, or shell)",out,,0,
1408710,FN,Fabrinet,3661,17463404273.12,17463404273.12,35834864.0,487.33,sized,in,2026-08-31,0,
1901440,ULS,UL Solutions Inc.,8734,14264105922.45,,,70.65,sized,in,2026-08-31,0,
874238,STRL,"STERLING INFRASTRUCTURE, INC.",1600,15857393616.38,15857393616.38,30588518.0,518.41,sized,in,2026-08-31,0,
1780232,GFL,GFL Environmental Inc.,4953,,,,,"excluded: no domestic filings (foreign filer, fund, or shell)",out,,0,
63754,MKC,MCCORMICK & CO INC,2090,12360822165.26,,,45.94,sized,in,2026-08-31,0,
1483994,HTHT,H World Group Ltd,7011,,,,,"excluded: no domestic filings (foreign filer, fund, or shell)",out,,0,
888491,OHI,OMEGA HEALTHCARE INVESTORS INC,6798,13374993820.0,13374993820.0,303013000.0,44.14,sized,in,2026-08-31,0,
93556,SWK,"STANLEY BLACK & DECKER, INC.",3420,13466153877.97,13466153877.97,151016641.0,89.17,sized,in,2026-08-31,0,
1791942,JBS,JBS N.V.,2011,41947013562.0,,,12.75,sized,in,2026-08-31,0,
1841666,APA,APA Corp,1311,15930483159.699999,15930483159.699999,350351510.0,45.47,sized,in,2026-08-31,0,
1001807,TLK,PERUSAHAAN PERSEROAN PERSERO PT TELEKOMUNIKASI INDONESIA TBK,4813,,,,,"excluded: no domestic filings (foreign filer, fund, or shell)",out,,0,
1622536,TLN,Talen Energy Corp,4911,16991106000.000002,17211760117.98,47914259.0,359.22,sized,in,2026-08-31,0,
1829311,BMNR,"BITMINE IMMERSION TECHNOLOGIES, INC.",6199,14501562511.76,14501562511.76,603226394.0,24.04,sized,in,2026-08-31,0,
1579878,FIG,"Figma, Inc.",7372,12062013290.21,,,22.63,sized,in,2026-08-31,0,
860731,TYL,TYLER TECHNOLOGIES INC,7372,13561345535.099998,13561345535.099998,40952274.0,331.15,sized,in,2026-08-31,0,
887225,KEP,KOREA ELECTRIC POWER CORP,4911,,,,,"excluded: no domestic filings (foreign filer, fund, or shell)",out,,0,
1878848,IREN,IREN Ltd,6199,14071834320.08,12761992448.54,357378674.0,35.71,sized,in,2026-08-31,0,
1319161,WMG,Warner Music Group Corp.,7900,15123103421.79,,1069.0,28.91,disagree,in,2026-08-31,0,"sec measure disqualified: 30,905 vs vendor 15,123,103,422; decided on the vendor figure"
1095073,EG,"EVEREST GROUP, LTD.",6331,14305674055.400002,14305674055.400002,38342734.0,373.1,sized,in,2026-08-31,0,
790051,CSL,CARLISLE COMPANIES INC,3060,12758165226.25,12758165226.25,39714133.0,321.25,sized,in,2026-08-31,0,
62996,MAS,MASCO CORP /DE/,3430,13704526385.0,,,69.5,sized,in,2026-08-31,0,
1773383,DT,"Dynatrace, Inc.",7372,17663810063.36,17663810063.36,289002128.0,61.12,sized,in,2026-08-31,0,
1287750,ARCC,ARES CAPITAL CORP,,,,,,"excluded: investment company (files 40-17G, N-2)",out,,0,
1177609,FIVE,"FIVE BELOW, INC",5331,11546482760.55,11546482760.55,55054035.0,209.73,sized,in,2026-08-31,0,
1019849,PAG,"PENSKE AUTOMOTIVE GROUP, INC.",5500,13004531997.650002,13004531997.650002,65662873.0,198.05,sized,in,2026-08-31,0,
1552275,SUN,Sunoco LP,2911,13878564117.34,,,73.66,sized,in,2026-08-31,0,
910606,REG,REGENCY CENTERS CORP,6798,13089456699.560001,13087758549.2,183096790.0,71.48,sized,in,2026-08-31,0,
914208,IVZ,Invesco Ltd.,6282,13284728380.2,13284728380.2,441499780.0,30.09,sized,in,2026-08-31,0,
1494728,PSLV,Sprott Physical Silver Trust,6221,,,,,"excluded: no domestic filings (foreign filer, fund, or shell)",out,,0,
1889539,CRBG,"Corebridge Financial, Inc.",6311,15356863382.900002,15356863382.900002,445772522.0,34.45,sized,in,2026-08-31,0,
1855612,GRAB,Grab Holdings Ltd,7389,,,,,"excluded: no domestic filings (foreign filer, fund, or shell)",out,,0,
1616707,W,Wayfair Inc.,5961,14399453199.099998,,,105.13,sized,in,2026-08-31,0,
1100682,CRL,"CHARLES RIVER LABORATORIES INTERNATIONAL, INC.",8731,14226183856.0,14226183856.0,47738872.0,298.0,sized,in,2026-08-31,0,
1267238,AIZ,"ASSURANT, INC.",6399,13458483063.62,13458483063.62,49323767.0,272.86,sized,in,2026-08-31,0,
864749,TRMB,TRIMBLE INC.,3829,13955813902.800001,13955813902.800001,233179848.0,59.85,sized,in,2026-08-31,0,
5513,UNM,Unum Group,6321,14665541766.72,14665541766.72,158306798.0,92.64,sized,in,2026-08-31,0,
1744676,TME,Tencent Music Entertainment Group,4832,,,,,"excluded: no domestic filings (foreign filer, fund, or shell)",out,,0,
217346,TXT,TEXTRON INC,3720,12592882062.74,12592882062.74,171986917.0,73.22,sized,in,2026-08-31,0,
74208,UDR,"UDR, Inc.",6798,10784839932.54,10907418471.210001,324915653.0,33.57,sized,in,2026-08-31,0,
89439,MLI,MUELLER INDUSTRIES INC,3350,13379262160.12,13379262160.12,221181388.0,60.49,sized,in,2026-08-31,0,
16058,CACI,CACI INTERNATIONAL INC /DE/,7373,13246498441.8,13246463676.6,22099539.0,599.4,sized,in,2026-08-31,0,
1236275,QXO,"QXO, Inc.",5030,11536896684.08,11536896684.08,1037490709.0,11.12,sized,in,2026-08-31,0,
2110105,QNT,Quantinuum Inc.,7373,1630215745.2,,,41.52,sized,in,2026-08-31,0,
2098381,LNTCY,"Lens Technology Co., Ltd./ADR",,,,,,"excluded: no domestic filings (foreign filer, fund, or shell)",out,,0,
922621,ERIE,ERIE INDEMNITY CO,6411,11845746696.72,,,226.54,sized,in,2026-08-31,0,
4457,UHAL,U-Haul Holding Co /NV/,7510,11235944011.0,11333301464.0,196077880.0,57.8,sized,in,2026-08-31,0,"cover count 19,607,788 as of 2022-10-29 restated 10x through the split(s) since"
1032975,LOGI,LOGITECH INTERNATIONAL S.A.,3577,14533615698.0,14533615698.0,143188332.0,101.5,sized,in,2026-08-31,0,
8818,AVY,Avery Dennison Corp,2670,12703608362.04,12703608362.04,75788142.0,167.62,sized,in,2026-08-31,0,
1397187,LULU,lululemon athletica inc.,2300,10734752382.480001,9786457851.52,105594064.0,92.68,sized,in,2026-08-31,0,
1579241,ALLE,Allegion plc,7381,12754667532.140001,12754667532.140001,85036786.0,149.99,sized,in,2026-08-31,0,
2109234,BLMOY,BELIMO Holding AG/ADR,,,,,,"excluded: no domestic filings (foreign filer, fund, or shell)",out,,0,
1069202,LII,LENNOX INTERNATIONAL INC,3585,12495066439.5,,,361.54,sized,in,2026-08-31,0,
1486957,BWXT,"BWX Technologies, Inc.",3510,13030477995.6,13030477995.6,91621980.0,142.22,sized,in,2026-08-31,0,
913144,RNR,RENAISSANCERE HOLDINGS LTD,6331,13767804226.619999,13767804226.619999,41551893.0,331.34,sized,in,2026-08-31,0,
31791,RVTY,"REVVITY, INC.",3826,16978986776.16,16978986776.16,111586401.0,152.16,sized,in,2026-08-31,0,
1762831,DFKUY,"Daifuku Co., Ltd./ADR",,,,,,"excluded: no domestic filings (foreign filer, fund, or shell)",out,,0,
1859392,GLXY,Galaxy Digital Inc.,6211,3902362693.32,,,20.085,sized,in,2026-08-31,0,
719413,HL,HECLA MINING CO/DE/,1400,11238685850.630001,11238685850.630001,671768431.0,16.73,sized,in,2026-08-31,0,
769218,AEG,AEGON LTD.,6311,,,,,"excluded: no domestic filings (foreign filer, fund, or shell)",out,,0,
10456,BAX,BAXTER INTERNATIONAL INC,3841,12356204376.099998,12356204376.099998,516995999.0,23.9,sized,in,2026-08-31,0,
110621,RPM,RPM INTERNATIONAL INC/DE/,2851,12680674796.7,12680674796.7,127533690.0,99.43,sized,in,2026-08-31,0,
1355444,EMBJ,EMBRAER S.A.,3721,,,,,"excluded: no domestic filings (foreign filer, fund, or shell)",out,,0,
46080,HAS,"HASBRO, INC.",3944,13046613197.5,13046613197.5,141044467.0,92.5,sized,in,2026-08-31,0,
1919275,VARRY,Var Energi ASA/ADR,,,,,,"excluded: no domestic filings (foreign filer, fund, or shell)",out,,0,
1206264,SGI,SOMNIGROUP INTERNATIONAL INC.,2510,14353111042.26,13114184708.94,210365491.0,62.34,sized,in,2026-08-31,0,
939767,EXEL,"EXELIXIS, INC.",2836,14624075461.84,14624075461.84,247781692.0,59.02,sized,in,2026-08-31,0,
21175,CNA,CNA FINANCIAL CORP,6331,12634357328.32,12634357328.32,270600928.0,46.69,sized,in,2026-08-31,0,
1289460,TXRH,"Texas Roadhouse, Inc.",5812,10683717115.76,10683717115.76,65640926.0,162.76,sized,in,2026-08-31,0,
91419,SJM,J M SMUCKER Co,2033,12755756282.029999,12755756282.029999,106823183.0,119.41,sized,in,2026-08-31,0,
1333986,EQH,"Equitable Holdings, Inc.",6411,14587514288.759998,14601920196.359999,273035157.0,53.48,sized,in,2026-08-31,0,
1015922,CHKP,CHECK POINT SOFTWARE TECHNOLOGIES LTD,7372,,,,,"excluded: no domestic filings (foreign filer, fund, or shell)",out,,0,
320335,GL,GLOBE LIFE INC.,6311,12763156157.76,12763156157.76,76849447.0,166.08,sized,in,2026-08-31,0,
350894,SEIC,SEI INVESTMENTS CO,6211,12391980541.5,12391980541.5,120019182.0,103.25,sized,in,2026-08-31,0,
1060955,ICLR,ICON PLC,8731,,,,,"excluded: no domestic filings (foreign filer, fund, or shell)",out,,0,
1506293,PINS,"PINTEREST, INC.",7370,11626406444.310001,,,20.53,sized,in,2026-08-31,0,
1057352,CSGP,"COSTAR GROUP, INC.",7389,12078940098.279999,12078940098.279999,405197588.0,29.81,sized,in,2026-08-31,0,
14693,BF-B,BROWN FORMAN CORP,2080,12178257593.1,,,26.54,sized,in,2026-08-31,0,
1088856,CORT,CORCEPT THERAPEUTICS INC,2834,12813983980.380001,12813983980.380001,108098397.0,118.54,sized,in,2026-08-31,0,
1582961,DOCN,"DigitalOcean Holdings, Inc.",7370,14568106245.0,14568106245.0,117579550.0,123.9,sized,in,2026-08-31,0,
895417,ELS,EQUITY LIFESTYLE PROPERTIES INC,6798,11352780211.5,,,58.5,sized,in,2026-08-31,0,
1575965,GLPI,"Gaming & Leisure Properties, Inc.",6798,11130600845.18,11130600845.18,290920043.0,38.26,sized,in,2026-08-31,0,
908255,BWA,BORGWARNER INC,3714,12570287368.88,12570287368.88,203666354.0,61.72,sized,in,2026-08-31,0,
1322422,HBM,Hudbay Minerals Inc.,1000,,,,,"excluded: no domestic filings (foreign filer, fund, or shell)",out,,0,
21076,CLX,CLOROX CO /DE/,2842,10091082072.96,10089677527.44,120921351.0,83.44,sized,in,2026-08-31,0,
1219601,CCK,"CROWN HOLDINGS, INC.",3411,11841844437.68,11841844437.68,108760511.0,108.88,sized,in,2026-08-31,0,
42888,GGG,GRACO INC,3561,12692321186.880001,12692321186.880001,161953824.0,78.37,sized,in,2026-08-31,0,
1048268,IESC,"IES Holdings, Inc.",1731,12739675866.58,11971748546.16,39848712.0,300.43,sized,in,2026-08-31,0,"cover count 19,924,356 as of 2026-07-27 restated 2x through the split(s) since"
1423689,AGNC,AGNC Investment Corp.,6798,10289978959.96,10289978959.96,1185481447.0,8.68,sized,in,2026-08-31,0,
40729,ALLY,Ally Financial Inc.,6022,11507874386.189999,11507874386.189999,304199693.0,37.83,sized,in,2026-08-31,0,
1883685,DKNG,DraftKings Inc.,7990,9864541933.76,,,19.87,sized,in,2026-08-31,0,
2077146,OBICY,"OBIC Co., Ltd./ADR",,,,,,"excluded: no domestic filings (foreign filer, fund, or shell)",out,,0,
1852131,NXT,Nextpower Inc.,3674,12936458875.2,11641606984.980001,136542423.0,85.26,sized,in,2026-08-31,0,
2099039,WSE,Wise Group plc,7389,,,,,"excluded: no domestic filings (foreign filer, fund, or shell)",out,,0,
1675149,AA,Alcoa Corp,3334,11303241529.35,11303241529.35,263909445.0,42.83,sized,in,2026-08-31,0,
105016,WSO,WATSCO INC,5070,11642606712.62,,,282.23,sized,in,2026-08-31,0,
317540,COKE,"Coca-Cola Consolidated, Inc.",2086,12771025446.84,13701580214.2,71414470.0,191.86,sized,in,2026-08-31,0,"cover count 7,141,447 as of 2016-03-04 restated 10x through the split(s) since"
1842022,DTM,"DT Midstream, Inc.",4922,12625413032.960001,12625413032.960001,102015296.0,123.76,sized,in,2026-08-31,0,
1609711,GDDY,GoDaddy Inc.,7373,13068776575.76,13068776575.76,126647704.0,103.19,sized,in,2026-08-31,0,
1321732,PEN,Penumbra Inc,3841,12506929273.439999,12506929273.439999,39389422.0,317.52,sized,in,2026-08-31,0,
749251,IT,GARTNER INC,8741,12339941400.16,12339941400.16,63148976.0,195.41,sized,in,2026-08-31,0,
1331875,FNF,"Fidelity National Financial, Inc.",6361,10666028729.79,10666028729.79,268192827.0,39.77,sized,in,2026-08-31,0,
1531152,BJ,"BJ's Wholesale Club Holdings, Inc.",5331,12510207095.68,12510207095.68,126314692.0,99.04,sized,in,2026-08-31,0,
2098430,MAIR,Madison Air Solutions Corp,3564,12041342688.0,,,24.0,sized,in,2026-08-31,0,
1037540,BXP,"BXP, Inc.",6798,9471123501.92,9471123501.92,159661556.0,59.32,sized,in,2026-08-31,0,
1048477,BMRN,BIOMARIN PHARMACEUTICAL INC,2834,10625263631.51,10625263631.51,193573759.0,54.89,sized,in,2026-08-31,0,
795403,WTS,WATTS WATER TECHNOLOGIES INC,3490,11588591977.0,,,347.14,sized,in,2026-08-31,0,
1333141,FMS,Fresenius Medical Care AG,8090,11112740445.6,,279288885.0,20.88,sized,in,2026-08-31,0,ADS: ordinary-share count is not price-comparable; sized on the vendor figure
1279956,YARIY,YARA INTERNATIONAL ASA,8880,,,,,"excluded: no domestic filings (foreign filer, fund, or shell)",out,,0,
1056696,MANH,MANHATTAN ASSOCIATES INC,7372,12056302110.16,12056302110.16,58304972.0,206.78,sized,in,2026-08-31,0,
910521,DECK,DECKERS OUTDOOR CORP,3021,11243174113.92,11262358581.12,136414227.0,82.56,sized,in,2026-08-31,0,
109563,AIT,APPLIED INDUSTRIAL TECHNOLOGIES INC,5080,12200061207.4,12188424054.72,36698856.0,332.12,sized,in,2026-08-31,0,
1404655,HUBS,HUBSPOT INC,7372,11560980039.84,11560980039.84,49866201.0,231.84,sized,in,2026-08-31,0,
1795586,CHYM,"Chime Financial, Inc.",6199,10963824814.56,,,28.96,sized,in,2026-08-31,0,
1203464,IAG,IAMGOLD CORP,1040,,,,,"excluded: no domestic filings (foreign filer, fund, or shell)",out,,0,
845982,SNN,SMITH & NEPHEW PLC,3842,,,,,"excluded: no domestic filings (foreign filer, fund, or shell)",out,,0,
2071668,MICC,Magnum Ice Cream Co N.V.,2024,,,,,"excluded: no domestic filings (foreign filer, fund, or shell)",out,,0,
1072397,BZLFY,BUNZL PLC,5141,,,,,"excluded: no domestic filings (foreign filer, fund, or shell)",out,,0,
1791706,LI,Li Auto Inc.,3711,,,,,"excluded: no domestic filings (foreign filer, fund, or shell)",out,,0,
1632970,AHR,"American Healthcare REIT, Inc.",6798,10995858211.0,10995858211.0,217998775.0,50.44,sized,in,2026-08-31,0,
1159036,HALO,"HALOZYME THERAPEUTICS, INC.",2836,12466620320.0,12466620320.0,113498000.0,109.84,sized,in,2026-08-31,0,
879407,ARWR,"ARROWHEAD PHARMACEUTICALS, INC.",2834,8579796325.58,8579796325.58,141254467.0,60.74,sized,in,2026-08-31,0,
720672,SF,STIFEL FINANCIAL CORP,6211,10586731570.74,10976772868.6275,156565010.25,70.11,sized,in,2026-08-31,0,"cover count 69,584,449 as of 2019-08-01 restated 2.25x through the split(s) since"
3124,AKZOY,AKZO NOBEL NV,2800,,,,,"excluded: no domestic filings (foreign filer, fund, or shell)",out,,0,
1347557,PAC,Pacific Airport Group,4581,,,,,"excluded: no domestic filings (foreign filer, fund, or shell)",out,,0,
1739104,ELAN,Elanco Animal Health Inc,2834,11261476048.199999,11261476048.199999,499621830.0,22.54,sized,in,2026-08-31,0,
918608,EGO,ELDORADO GOLD CORP /FI,1040,,,,,"excluded: no domestic filings (foreign filer, fund, or shell)",out,,0,
779152,JKHY,JACK HENRY & ASSOCIATES INC,7373,10450193450.95,10450284222.400002,70112608.0,149.05,sized,in,2026-08-31,0,
1717115,TEM,"Tempus AI, Inc.",7370,12578210418.4,,,69.28,sized,in,2026-08-31,0,
930157,RTO,RENTOKIL INITIAL PLC /FI,8741,,,,,"excluded: no domestic filings (foreign filer, fund, or shell)",out,,0,
785161,EHC,Encompass Health Corp,8060,12088985675.36,12088985675.36,98653384.0,122.54,sized,in,2026-08-31,0,
1042046,AFG,AMERICAN FINANCIAL GROUP INC,6331,11773189742.679998,11773189742.679998,82921466.0,141.98,sized,in,2026-08-31,0,
1474735,GNRC,GENERAC HOLDINGS INC.,3621,13253947014.0,13241027408.4,59006361.0,224.4,sized,in,2026-08-31,0,
67887,MOG-A,MOOG INC.,3590,11494100653.480001,,,362.92,sized,in,2026-08-31,0,
1261333,DOCU,"DOCUSIGN, INC.",7372,13350442146.36,13350442146.36,186902452.0,71.43,sized,in,2026-08-31,0,
1047127,AMKR,"AMKOR TECHNOLOGY, INC.",3674,12671076072.0,,,51.0,sized,in,2026-08-31,0,
1944013,CR,Crane Co,3490,11682607954.72,11682607954.72,57800356.0,202.12,sized,in,2026-08-31,0,
764622,PNW,PINNACLE WEST CAPITAL CORP,4911,11874904987.32,11874904987.32,121197234.0,97.98,sized,in,2026-08-31,0,
1579091,CART,Maplebear Inc.,7389,10988536420.0,10718453102.099998,231500067.0,46.3,sized,in,2026-08-31,0,
2072098,TMTNY,Toromont Industries Ltd./ADR,,,,,,"excluded: no domestic filings (foreign filer, fund, or shell)",out,,0,
1157601,MDGL,"MADRIGAL PHARMACEUTICALS, INC.",2834,11018588730.66,11018588730.66,23104126.0,476.91,sized,in,2026-08-31,0,
1865782,BTSG,"BrightSpring Health Services, Inc.",8082,12596037582.06,12596037582.06,197864241.0,63.66,sized,in,2026-08-31,0,
2041610,PSKY,Paramount Skydance Corp,4833,,,1071666977.0,,unsized,kept,2026-08-31,0,counting failure; kept as a member
2103884,CONE,"Compass Sub North, Inc.",6022,,,,,"excluded: no domestic filings (foreign filer, fund, or shell)",out,,0,
36966,FHN,FIRST HORIZON CORP,6021,11043745552.98,11043745552.98,473777158.0,23.31,sized,in,2026-08-31,0,
78128,WTRG,"Essential Utilities, Inc.",4941,10987907585.6,10987907585.6,283778605.0,38.72,sized,in,2026-08-31,0,
1433270,AR,ANTERO RESOURCES Corp,1311,11086250340.0,11086250340.0,307439000.0,36.06,sized,in,2026-08-31,0,
1370946,OC,Owens Corning,3290,9264505647.6,9264505647.6,79048683.0,117.2,sized,in,2026-08-31,0,
1501585,HII,"HUNTINGTON INGALLS INDUSTRIES, INC.",3730,10443006561.96,10443006561.96,39404598.0,265.02,sized,in,2026-08-31,0,
1109345,NVMI,NOVA LTD.,3827,,,,,"excluded: no domestic filings (foreign filer, fund, or shell)",out,,0,
89089,SCI,SERVICE CORP INTERNATIONAL,7200,10463105133.99,10488277018.98,136619474.0,76.77,sized,in,2026-08-31,0,
1837429,BNT,Brookfield Wealth Solutions Ltd.,6399,,,,,"excluded: no domestic filings (foreign filer, fund, or shell)",out,,0,
1286681,DPZ,DOMINOS PIZZA INC,5140,10210677507.75,10210677507.75,33081735.0,308.65,sized,in,2026-08-31,0,
1828108,AUR,"Aurora Innovation, Inc.",7373,11483809685.640001,3683642510.0400004,642869548.0,5.73,disagree,in,2026-08-31,0,
1031308,BSY,BENTLEY SYSTEMS INC,7372,10518874394.98,,,34.82,sized,in,2026-08-31,0,
1097149,ALGN,ALIGN TECHNOLOGY INC,3842,10018750327.56,10018750327.56,71039852.0,141.03,sized,in,2026-08-31,0,
88941,SMTC,SEMTECH CORP,3674,17497621618.74,17464912488.32,93151168.0,187.49,sized,in,2026-08-31,0,
842023,TECH,BIO-TECHNE Corp,2836,11361481343.1,11361481343.1,156818238.0,72.45,sized,in,2026-08-31,0,
1237831,GMED,GLOBUS MEDICAL INC,3841,9845426153.619999,9845426153.619999,134261914.0,73.33,sized,in,2026-08-31,0,
1116942,TTMI,TTM TECHNOLOGIES INC,3672,12378491520.0,12378491520.0,105348864.0,117.5,sized,in,2026-08-31,0,
1492691,KNX,Knight-Swift Transportation Holdings Inc.,4213,10587277800.0,,,65.05,sized,in,2026-08-31,0,
789570,MGM,MGM Resorts International,7011,7550298607.56,7550298607.56,251592756.0,30.01,sized,in,2026-08-31,0,
1800667,FROG,JFrog Ltd,7372,11991052494.75,11991052494.75,123301311.0,97.25,sized,in,2026-08-31,0,
909327,SUZ,Suzano S.A.,2621,,,,,"excluded: no domestic filings (foreign filer, fund, or shell)",out,,0,
1360901,EVR,Evercore Inc.,6282,10258612281.5,,,266.75,sized,in,2026-08-31,0,
927003,AEIS,ADVANCED ENERGY INDUSTRIES INC,3679,11383937634.08,11383937634.08,40050442.0,284.24,sized,in,2026-08-31,0,
927066,DVA,DAVITA INC.,8090,11293876000.0,11293876000.0,63800000.0,177.02,sized,in,2026-08-31,0,
1588823,TFII,TFI International Inc.,4210,,,,,"excluded: no domestic filings (foreign filer, fund, or shell)",out,,0,
101382,UMBF,UMB FINANCIAL CORP,6021,9903124411.699999,9903124411.699999,75950030.0,130.39,sized,in,2026-08-31,0,
906345,CPT,CAMDEN PROPERTY TRUST,6798,11198284247.28,9728187506.0,100539350.0,96.76,sized,in,2026-08-31,0,
1922641,ENLT,Enlight Renewable Energy Ltd.,4911,,,,,"excluded: no domestic filings (foreign filer, fund, or shell)",out,,0,
703351,EAT,"BRINKER INTERNATIONAL, INC",5812,7965815652.0,7943704902.0,41765010.0,190.2,sized,in,2026-08-31,0,
1801729,NCLTY,"Nitori Holdings Co., Ltd.",,,,,,"excluded: no domestic filings (foreign filer, fund, or shell)",out,,0,
1192448,GKOS,GLAUKOS Corp,3841,9513519198.73,9513519198.73,58983937.0,161.29,sized,in,2026-08-31,0,
1049724,DLAKY,DEUTSCHE LUFTHANSA A G /FI,,,,,,"excluded: no domestic filings (foreign filer, fund, or shell)",out,,0,
1411207,ALSN,Allison Transmission Holdings Inc,3714,9010089726.18,9010089726.18,82578038.0,109.11,sized,in,2026-08-31,0,
49600,EGP,EASTGROUP PROPERTIES INC,6798,10492249613.04,10492249613.04,53773317.0,195.12,sized,in,2026-08-31,0,
82811,RRX,REGAL REXNORD CORP,3569,10655364638.67,10655364638.67,66591867.0,160.01,sized,in,2026-08-31,0,
1013237,FDS,FACTSET RESEARCH SYSTEMS INC,7370,10190239380.359999,10190239380.359999,35565543.0,286.52,sized,in,2026-08-31,0,
71691,NYT,NEW YORK TIMES CO,2711,10741486827.599998,,,66.6,sized,in,2026-08-31,0,
1579428,AXSM,"Axsome Therapeutics, Inc.",2834,8908929525.44,8908929525.44,52380818.0,170.08,sized,in,2026-08-31,0,
763901,BPOP,"POPULAR, INC.",6022,9936052670.789999,9936052670.789999,63778501.0,155.79,sized,in,2026-08-31,0,
1061983,CYTK,CYTOKINETICS INC,2834,8620842150.18,8620842150.18,139023418.0,62.01,sized,in,2026-08-31,0,
1366868,GSAT,"Globalstar, Inc.",4899,10782265315.8,,,83.22,sized,in,2026-08-31,0,
1810997,XPEV,XPENG INC.,3711,,,,,"excluded: no domestic filings (foreign filer, fund, or shell)",out,,0,
1604028,WMS,"ADVANCED DRAINAGE SYSTEMS, INC.",3086,9516908213.82,9516908213.82,75405342.0,126.21,sized,in,2026-08-31,0,
96223,JEF,Jefferies Financial Group Inc.,6211,10236520832.4,9076794430.8,204432307.0,44.4,sized,in,2026-08-31,0,
874761,AES,AES CORP,4991,10651638745.9,10651638745.9,713438630.0,14.93,sized,in,2026-08-31,0,
1623925,AM,Antero Midstream Corp,4922,10058342060.0,10058342060.0,474674000.0,21.19,sized,in,2026-08-31,0,
1125376,ENSG,"ENSIGN GROUP, INC",8051,9994854606.66,9994854606.66,58282434.0,171.49,sized,in,2026-08-31,0,
1833756,DRS,"Leonardo DRS, Inc.",3812,9573398643.05,9573398643.05,266891515.0,35.87,sized,in,2026-08-31,0,
1573516,MUSA,Murphy USA Inc.,5500,9525063422.34,9525063422.34,18380347.0,518.22,sized,in,2026-08-31,0,
1179929,MOH,"MOLINA HEALTHCARE, INC.",6324,10218672000.0,10218672000.0,52200000.0,195.76,sized,in,2026-08-31,0,
1868159,LINE,"Lineage, Inc.",6798,7842332813.28,7842332813.28,227710012.0,34.44,sized,in,2026-08-31,0,
764038,SSB,SouthState Bank Corp,6022,9752728884.38,9752728884.38,96974534.0,100.57,sized,in,2026-08-31,0,
352915,UHS,UNIVERSAL HEALTH SERVICES INC,8062,10356324415.8,,,175.72,sized,in,2026-08-31,0,
1590955,PAYC,"Paycom Software, Inc.",7372,10361965208.1,10361965208.1,45071619.0,229.9,sized,in,2026-08-31,0,
7536,ARW,"ARROW ELECTRONICS, INC.",5065,11542804665.25,11542804665.25,50905423.0,226.75,sized,in,2026-08-31,0,
2030781,SAIL,"SailPoint, Inc.",7372,11429650892.66,11429650892.66,570911633.0,20.02,sized,in,2026-08-31,0,
1015328,WTFC,WINTRUST FINANCIAL CORP,6022,9728592441.4,9728592441.4,67465967.0,144.2,sized,in,2026-08-31,0,
1689548,PRAX,"Praxis Precision Medicines, Inc.",2834,7358312837.400001,7358312837.400001,27919988.0,263.55,sized,in,2026-08-31,0,
2080845,PAYP,PayPay Corp,7389,,,,,"excluded: no domestic filings (foreign filer, fund, or shell)",out,,0,
34903,FRT,FEDERAL REALTY INVESTMENT TRUST,6798,9163327966.18,9110604715.619999,86389197.0,105.46,sized,in,2026-08-31,0,
1869198,LTH,"Life Time Group Holdings, Inc.",7997,9001047265.44,9001047265.44,223461948.0,40.28,sized,in,2026-08-31,0,
730272,RGEN,REPLIGEN CORP,2836,10402261401.6,9246412144.64,56435621.0,163.84,sized,in,2026-08-31,0,
889331,LFUS,LITTELFUSE INC /DE,3613,10802087099.1,,,425.3,sized,in,2026-08-31,0,
30625,FLS,FLOWSERVE CORP,3561,8853405127.0,8853405127.0,127112780.0,69.65,sized,in,2026-08-31,0,
1801368,MP,MP Materials Corp. / DE,1000,8217607270.32,8217607270.32,178101588.0,46.14,sized,in,2026-08-31,0,
1174922,WYNN,WYNN RESORTS LTD,7011,7752904253.39,7752904253.39,102973891.0,75.29,sized,in,2026-08-31,0,
39263,CFR,"CULLEN/FROST BANKERS, INC.",6021,9468988882.6,9468988882.6,62148785.0,152.36,sized,in,2026-08-31,0,
1308648,AG,FIRST MAJESTIC SILVER CORP,1040,,,,,"excluded: no domestic filings (foreign filer, fund, or shell)",out,,0,
1061894,GIL,Gildan Activewear Inc.,2300,,,,,"excluded: no domestic filings (foreign filer, fund, or shell)",out,,0,
874015,IONS,IONIS PHARMACEUTICALS INC,2834,7195781142.599999,7195781142.599999,166184322.0,43.3,sized,in,2026-08-31,0,
1974640,APGE,"Apogee Therapeutics, Inc.",2836,,,,,unsized,kept,2026-08-31,0,counting failure; kept as a member
924805,FRHC,Freedom Holding Corp.,6211,10633403922.199999,10633403922.199999,63787666.0,166.7,sized,in,2026-08-31,0,
77360,PNR,PENTAIR plc,3550,8347080000.0,,,52.3,sized,in,2026-08-31,0,
12208,BIO,"BIO-RAD LABORATORIES, INC.",3826,9636438270.0,9971558372.4,27668031.0,360.4,sized,in,2026-08-31,0,
1144215,AYI,ACUITY INC. (DE),3640,8993536385.210001,8993536385.210001,29935547.0,300.43,sized,in,2026-08-31,0,
1135951,RDY,DR REDDYS LABORATORIES LTD,2834,,,,,"excluded: no domestic filings (foreign filer, fund, or shell)",out,,0,
1145197,PODD,INSULET CORP,3841,9326059139.53,9326059139.53,69354199.0,134.47,sized,in,2026-08-31,0,
74260,ORI,OLD REPUBLIC INTERNATIONAL CORP,6351,9307239143.099998,9307239143.099998,241432922.0,38.55,sized,in,2026-08-31,0,
67347,MOD,MODINE MANUFACTURING CO,3714,9660670458.119999,9660670458.119999,53112708.0,181.89,sized,in,2026-08-31,0,
1599298,SMMT,Summit Therapeutics Inc.,2834,13697360666.340002,13697360666.340002,797749602.0,17.17,sized,in,2026-08-31,0,
797721,VSAT,VIASAT INC,4899,9286119152.1,9286119152.1,137755810.0,67.41,sized,in,2026-08-31,0,
88205,SPXC,"SPX Technologies, Inc.",3540,8443474278.8,8443474278.8,50085860.0,168.58,sized,in,2026-08-31,0,
1767582,LKNCY,Luckin Coffee Inc.,5810,,,,,"excluded: no domestic filings (foreign filer, fund, or shell)",out,,0,
1069258,KTOS,"KRATOS DEFENSE & SECURITY SOLUTIONS, INC.",3760,7871155241.11,7871155241.11,187721327.0,41.93,sized,in,2026-08-31,0,
840489,FCFS,"FirstCash Holdings, Inc.",5900,9172701982.0,9172701982.0,43371800.0,211.49,sized,in,2026-08-31,0,
4127,SWKS,"SKYWORKS SOLUTIONS, INC.",3674,12150677146.5,12150677146.5,150472782.0,80.75,sized,in,2026-08-31,0,
1711279,KRYS,"Krystal Biotech, Inc.",2836,9687699022.800001,9687699022.800001,29598836.0,327.3,sized,in,2026-08-31,0,
1766502,CHWY,"Chewy, Inc.",5961,7600444278.59,,,18.91,sized,in,2026-08-31,0,
938323,PSO,PEARSON PLC,2731,,,,,"excluded: no domestic filings (foreign filer, fund, or shell)",out,,0,
1956827,ABVX,Abivax S.A.,2834,,,,,"excluded: no domestic filings (foreign filer, fund, or shell)",out,,0,
897723,SANM,SANMINA CORP,3672,11281171490.88,11281171490.88,53597356.0,210.48,sized,in,2026-08-31,0,
1964789,HUT,Hut 8 Corp.,6199,9810221058.12,9810221058.12,123259468.0,79.59,sized,in,2026-08-31,0,
1000228,HSIC,HENRY SCHEIN INC,5047,9431720849.46,9431720849.46,111446542.0,84.63,sized,in,2026-08-31,0,
109380,ZION,"ZIONS BANCORPORATION, NATIONAL ASSOCIATION /UT/",6021,9155653959.15,9155653959.15,145953355.0,62.73,sized,in,2026-08-31,0,
1377121,PTGX,"Protagonist Therapeutics, Inc",2834,9053336154.35,9053336154.35,64708285.0,139.91,sized,in,2026-08-31,0,
2080126,FPS,"Forgent Power Solutions, Inc.",3620,10926178341.199999,,,39.8,sized,in,2026-08-31,0,
707179,ONB,OLD NATIONAL BANCORP /IN/,6021,9460956100.0,,,24.73,sized,in,2026-08-31,0,
851205,CGNX,COGNEX CORP,3823,10246514216.22,10246514216.22,168223842.0,60.91,sized,in,2026-08-31,0,
1815442,KYMR,"Kymera Therapeutics, Inc.",2836,9088362547.4,9088362547.4,83150618.0,109.3,sized,in,2026-08-31,0,
916540,DAR,DARLING INGREDIENTS INC.,2070,9823231521.0,9823231521.0,157802916.0,62.25,sized,in,2026-08-31,0,
1521332,APTV,Aptiv PLC,3714,9179469563.51,9179469563.51,207633331.0,44.21,sized,in,2026-08-31,0,
1858985,ONON,On Holding AG,3021,,,,,"excluded: no domestic filings (foreign filer, fund, or shell)",out,,0,
1568651,OSCR,"Oscar Health, Inc.",6324,10216149500.0,,,33.1,sized,in,2026-08-31,0,
913290,FRO,Frontline plc,4412,12524763735.14,12524763735.14,222622889.0,56.26,sized,in,2026-08-31,0,successor issuer: no Form 4s under this CIK; the panel resolves the predecessor
1262823,WLK,WESTLAKE CORP,2860,7963002905.88,7963002905.88,127796548.0,62.31,sized,in,2026-08-31,0,
1636519,MSGS,Madison Square Garden Sports Corp.,7990,9804629576.970001,,,407.17,sized,in,2026-08-31,0,
891103,MTCH,"Match Group, Inc.",7370,9526365877.5,9526365877.5,229550985.0,41.5,sized,in,2026-08-31,0,
1722482,AVTR,"Avantor, Inc.",3826,10409162547.6,,,15.39,sized,in,2026-08-31,0,
908937,SIRI,SIRIUS XM HOLDINGS INC.,4832,8874971240.029999,8874971240.029999,337066891.0,26.33,sized,in,2026-08-31,0,
775158,OSK,OSHKOSH CORP,3711,7862557035.15,7940439201.15,62351309.0,127.35,sized,in,2026-08-31,0,
315852,RRC,RANGE RESOURCES CORP,1311,9527113826.550001,9527113826.550001,233679515.0,40.77,sized,in,2026-08-31,0,
2100805,JAN,"Janus Living, Inc.",6798,6585881187.6,,,28.1,sized,in,2026-08-31,0,
917273,RMBS,RAMBUS INC,3674,11764830077.41,,,108.47,sized,in,2026-08-31,0,
1021635,OGE,OGE ENERGY CORP.,4911,9525463143.57,9515919941.31,206374321.0,46.11,sized,in,2026-08-31,0,
831641,TTEK,TETRA TECH INC,8711,8554444339.48,8554444339.48,256044428.0,33.41,sized,in,2026-08-31,0,
1611052,PCOR,"PROCORE TECHNOLOGIES, INC.",7372,8324113415.64,8324113415.64,151955338.0,54.78,sized,in,2026-08-31,0,
1636282,SYRE,"Spyre Therapeutics, Inc.",2834,7374083659.000001,7045083583.8,88173762.0,79.9,sized,in,2026-08-31,0,
2078416,LLYVA,"Liberty Live Holdings, Inc.",7900,8800314214.4,,,95.65,sized,in,2026-08-31,0,
1590717,CTRE,"CareTrust REIT, Inc.",6798,8456933592.21,8456933592.21,236293199.0,35.79,sized,in,2026-08-31,0,
85961,R,RYDER SYSTEM INC,7510,9018416416.24,9018416416.24,38346868.0,235.18,sized,in,2026-08-31,0,
2052568,LGN,Legence Corp.,1700,3964419036.2999997,,,51.55,sized,in,2026-08-31,0,
1158114,AAOI,"APPLIED OPTOELECTRONICS, INC.",3674,8991576005.1,8955882198.300001,84569237.0,105.9,sized,in,2026-08-31,0,
1035443,ARE,"ALEXANDRIA REAL ESTATE EQUITIES, INC.",6798,7847544631.2,7945689192.0,174247570.0,45.6,sized,in,2026-08-31,0,
1004434,AMG,"AFFILIATED MANAGERS GROUP, INC.",6282,10007535471.67,10007535471.67,25859933.0,386.99,sized,in,2026-08-31,0,
1177702,SAIA,SAIA INC,4213,9079258814.82,9102991059.0,26674650.0,341.26,sized,in,2026-08-31,0,
1505880,PNDRY,Pandora A/S / ADR,8880,,,,,"excluded: no domestic filings (foreign filer, fund, or shell)",out,,0,
917251,ADC,AGREE REALTY CORP,6798,8186646184.199999,8186646184.199999,124379310.0,65.82,sized,in,2026-08-31,0,
1584273,SNROY,"Sanrio Company, Ltd./ADR",,,,,,"excluded: no domestic filings (foreign filer, fund, or shell)",out,,0,
102729,VMI,VALMONT INDUSTRIES INC,3440,9048186944.6,9048186944.6,19304858.0,468.7,sized,in,2026-08-31,0,
1298675,CUBE,CubeSmart,6798,8445836110.03,8492775261.299999,226413630.0,37.51,sized,in,2026-08-31,0,
2108185,AZBLY,Azbil Corporation/ADR,,,,,,"excluded: no domestic filings (foreign filer, fund, or shell)",out,,0,
1475922,PRI,"Primerica, Inc.",6311,8475774416.5,8475774416.5,30777350.0,275.39,sized,in,2026-08-31,0,
1649094,PCVX,"Vaxcyte, Inc.",2836,9674575149.17,9674575149.17,148805278.0,65.015,sized,in,2026-08-31,0,
1564408,SNAP,Snap Inc,7370,9910418592.32,,,5.86,sized,in,2026-08-31,0,
912093,VIAV,VIAVI SOLUTIONS INC.,3674,10842706358.980001,10879199916.52,246749828.0,44.09,sized,in,2026-08-31,0,
1692787,KNTK,Kinetik Holdings Inc.,4922,4376863529.83,,,54.41,sized,in,2026-08-31,0,
851968,MHK,MOHAWK INDUSTRIES INC,2273,8090644038.8,8090644038.8,67738145.0,119.44,sized,in,2026-08-31,0,
1866581,BROS,Dutch Bros Inc.,5810,5487284944.440001,,,39.78,sized,in,2026-08-31,0,
1443646,BAH,Booz Allen Hamilton Holding Corp,8742,8765165982.51,8765165982.51,120284973.0,72.87,sized,in,2026-08-31,0,
1638826,TTAN,"ServiceTitan, Inc.",7372,7035404165.790001,,,72.93,sized,in,2026-08-31,0,
6201,AAL,American Airlines Group Inc.,4512,8473215372.8,8473215372.8,661969951.0,12.8,sized,in,2026-08-31,0,
1581068,BRX,Brixmor Property Group Inc.,6798,8310102317.28,8310102317.28,306872316.0,27.08,sized,in,2026-08-31,0,
892450,KT,KT CORP,4813,,,,,"excluded: no domestic filings (foreign filer, fund, or shell)",out,,0,
1302215,HLI,"HOULIHAN LOKEY, INC.",6282,8772852345.0,,,125.53,sized,in,2026-08-31,0,
1658247,CRNX,"Crinetics Pharmaceuticals, Inc.",2834,,,106065229.0,,unsized,kept,2026-08-31,0,counting failure; kept as a member
1764013,IMVT,"Immunovant, Inc.",2836,6250284157.320001,6250284157.320001,206552682.0,30.26,sized,in,2026-08-31,0,
2062522,GWKSY,GAMES WORKSHOP GROUP PLC/ADR,,,,,,"excluded: no domestic filings (foreign filer, fund, or shell)",out,,0,
1786909,SBSW,Sibanye Stillwater Ltd,1040,,,,,"excluded: no domestic filings (foreign filer, fund, or shell)",out,,0,
1034670,ALV,AUTOLIV INC,3714,8131528203.51,8131528203.51,73237217.0,111.03,sized,in,2026-08-31,0,
1669162,KNSL,"Kinsale Capital Group, Inc.",6331,7736692051.249999,7736692051.249999,22778425.0,339.65,sized,in,2026-08-31,0,
1040829,RHP,"Ryman Hospitality Properties, Inc.",6798,8274665345.6,7571158595.6,63119288.0,119.95,sized,in,2026-08-31,0,
1535929,VOYA,"Voya Financial, Inc.",6311,8755231167.36,8755231167.36,90596349.0,96.64,sized,in,2026-08-31,0,
1822993,JXN,Jackson Financial Inc.,6311,9011986676.64,9011986676.64,67728744.0,133.06,sized,in,2026-08-31,0,
2064953,SOLS,Solstice Advanced Materials Inc.,2800,9567377034.869999,9567377034.869999,158847369.0,60.23,sized,in,2026-08-31,0,
751978,VICR,VICOR CORP,3679,12094717938.24,7077117901.679999,26978949.0,262.32,disagree,in,2026-08-31,0,
1405495,IDCC,"InterDigital, Inc.",6794,8472112098.1,8472112098.1,25806007.0,328.3,sized,in,2026-08-31,0,
2083221,SPIIY,SPIE SA/ADR,,,,,,"excluded: no domestic filings (foreign filer, fund, or shell)",out,,0,
91388,SFD,SMITHFIELD FOODS INC,2011,7434329097.28,7434329097.28,393767431.0,18.88,sized,in,2026-08-31,0,
1563190,COMP,"Compass, Inc.",6531,7307976877.599999,7211611315.44,757522197.0,9.52,sized,in,2026-08-31,0,
1341766,CELH,"Celsius Holdings, Inc.",2086,6933160287.799999,6933160287.799999,253035047.0,27.4,sized,in,2026-08-31,0,
751364,NNN,"NNN REIT, INC.",6798,7729077478.000001,7729077478.000001,191931400.0,40.27,sized,in,2026-08-31,0,
1581280,TWST,Twist Bioscience Corp,2836,10081093506.7,9534663819.2,62707424.0,152.05,sized,in,2026-08-31,0,
1068851,PB,PROSPERITY BANCSHARES INC,6022,8014588857.99,8014588857.99,120176771.0,66.69,sized,in,2026-08-31,0,
1428336,HQY,"HEALTHEQUITY, INC.",7389,7696658292.8,7696658292.8,82715296.0,93.05,sized,in,2026-08-31,0,
1838413,YMM,Full Truck Alliance Co. Ltd.,7372,,,,,"excluded: no domestic filings (foreign filer, fund, or shell)",out,,0,
1109354,BRKR,BRUKER CORP,3826,8824651582.72,8787585620.800001,151719365.0,57.92,sized,in,2026-08-31,0,
1015820,QGEN,QIAGEN N.V.,2836,,,,,"excluded: no domestic filings (foreign filer, fund, or shell)",out,,0,
887343,COLB,"COLUMBIA BANKING SYSTEM, INC.",6022,8071201706.04,8071201706.04,282902268.0,28.53,sized,in,2026-08-31,0,
1787425,XP,XP Inc.,6211,,,,,"excluded: no domestic filings (foreign filer, fund, or shell)",out,,0,
1707753,ESTC,Elastic N.V.,7372,10001469332.800001,10001469332.800001,104991280.0,95.26,sized,in,2026-08-31,0,
1034983,MINBY,MINEBEA MITSUMI Inc.,3670,,,,,"excluded: no domestic filings (foreign filer, fund, or shell)",out,,0,
2064124,FIGR,"Figure Technology Solutions, Inc.",6163,6192829267.200001,,,27.6,sized,in,2026-08-31,0,
2006960,FOIL,Londian Wason New Energy Tech Inc.,3390,,,,,"excluded: no domestic filings (foreign filer, fund, or shell)",out,,0,
893538,SM,SM Energy Co,1311,8819628841.44,8819628841.44,237854068.0,37.08,sized,in,2026-08-31,0,
1826168,TIMB,TIM S.A.,4813,8883492184.6,,2392125889.0,18.7,sized,in,2026-08-31,0,ADS: ordinary-share count is not price-comparable; sized on the vendor figure
921825,FR,FIRST INDUSTRIAL REALTY TRUST INC,6798,7861575697.799999,7861575697.799999,132572946.0,59.3,sized,in,2026-08-31,0,
1282637,NEU,NEWMARKET CORP,2860,8310148353.78,8310148353.78,9196406.0,903.63,sized,in,2026-08-31,0,
2107989,KERCY,Keisei Electric Railway Co. Ltd/ADR,,,,,,"excluded: no domestic filings (foreign filer, fund, or shell)",out,,0,
1856525,CNM,"Core & Main, Inc.",5099,7445984095.0,,,40.37,sized,in,2026-08-31,0,
1571283,REXR,"Rexford Industrial Realty, Inc.",6798,8301847856.5199995,8301847856.5199995,222988124.0,37.23,sized,in,2026-08-31,0,
1734722,PATH,"UiPath, Inc.",7372,6905309169.25,,,13.25,sized,in,2026-08-31,0,
1590714,ESI,Element Solutions Inc,2890,8945893452.94,,,36.71,sized,in,2026-08-31,0,
1212545,WAL,WESTERN ALLIANCE BANCORPORATION,6022,8237115232.0,8237115232.0,109100864.0,75.5,sized,in,2026-08-31,0,
875357,BOKF,BOK FINANCIAL CORP,6021,7682147326.14,7682147326.14,60766867.0,126.42,sized,in,2026-08-31,0,
896622,ATR,"APTARGROUP, INC.",3089,7744817323.49,7744817323.49,63581129.0,121.81,sized,in,2026-08-31,0,
1001316,TGTX,"TG THERAPEUTICS, INC.",2834,8164703287.02,8164703287.02,153069053.0,53.34,sized,in,2026-08-31,0,
98362,TKR,TIMKEN CO,3562,7923400571.26,7923400571.26,69296839.0,114.34,sized,in,2026-08-31,0,
1639438,CAVA,"CAVA GROUP, INC.",5812,6343744613.38,6343744613.38,116806198.0,54.31,sized,in,2026-08-31,0,
1617640,ZG,"ZILLOW GROUP, INC.",7389,6723761124.599999,,,29.9,sized,in,2026-08-31,0,
1073404,GGB,GERDAU S.A.,3310,,,,,"excluded: no domestic filings (foreign filer, fund, or shell)",out,,0,
1012019,RUSHA,RUSH ENTERPRISES INC \TX\,5500,5271545541.4,,,45.16,sized,in,2026-08-31,0,
91142,AOS,SMITH A O CORP,3630,7686988888.88,8566825106.56,151464376.0,56.56,sized,in,2026-08-31,0,"cover count 75,732,188 as of 2015-08-05 restated 2x through the split(s) since"
1591698,PCTY,Paylocity Holding Corp,7372,8118776478.26,8118776478.26,53056963.0,153.02,sized,in,2026-08-31,0,
1039399,FORM,FORMFACTOR INC,3674,10712695019.25,10712695019.25,78120725.0,137.13,sized,in,2026-08-31,0,
22356,CBSH,COMMERCE BANCSHARES INC /MO/,6022,7832831240.58,7832831240.58,143432178.0,54.61,sized,in,2026-08-31,0,
1604778,QRVO,"Qorvo, Inc.",3674,,,,,unsized,kept,2026-08-31,0,counting failure; kept as a member
868857,ACM,AECOM,8711,7652289430.5,7652289430.5,128696425.0,59.46,sized,in,2026-08-31,0,
2042694,PRMB,Primo Brands Corp,2080,6999991254.7,7007927230.3,362354045.0,19.34,sized,in,2026-08-31,0,
915389,EMN,EASTMAN CHEMICAL CO,2821,7289465482.48,7292704362.96,114377421.0,63.76,sized,in,2026-08-31,0,
1131383,STN,STANTEC INC,8711,,,,,"excluded: no domestic filings (foreign filer, fund, or shell)",out,,0,
94845,LEVI,LEVI STRAUSS & CO,2300,7305098527.95,716334159.15,37602843.0,19.05,disagree,in,2026-08-31,0,
1329394,SIMO,Silicon Motion Technology CORP,3674,,,,,"excluded: no domestic filings (foreign filer, fund, or shell)",out,,0,
1770787,TXG,"10x Genomics, Inc.",3826,10068901463.04,,,77.28,sized,in,2026-08-31,0,
1041792,ELPC,ENERGY CO OF PARANA,4911,,,,,"excluded: no domestic filings (foreign filer, fund, or shell)",out,,0,
1534504,PBF,PBF Energy Inc.,2911,10590081106.92,,,89.34,sized,in,2026-08-31,0,
1726122,CEF,Sprott Physical Gold & Silver Trust,6221,,,,,excluded: commodity pool / exchange-traded product (SIC 6221),out,,0,
1520262,ALKS,Alkermes plc.,2834,6728984839.92,6728984839.92,167763272.0,40.11,sized,in,2026-08-31,0,
59558,LNC,LINCOLN NATIONAL CORP,6311,7847426302.64,7847426302.64,191447336.0,40.99,sized,in,2026-08-31,0,
842162,LEA,LEAR CORP,3714,5846464276.92,5846464276.92,49324764.0,118.53,sized,in,2026-08-31,0,
1023128,LAD,LITHIA MOTORS INC,5500,6350262718.92,6350262718.92,21983116.0,288.87,sized,in,2026-08-31,0,
1289419,MORN,"Morningstar, Inc.",6282,7605501384.54,7605501384.54,37513571.0,202.74,sized,in,2026-08-31,0,
884614,UGI,UGI CORP /PA/,4932,7923444080.98,7923444080.98,214494967.0,36.94,sized,in,2026-08-31,0,
2025410,SARO,"StandardAero, Inc.",3724,6727592032.23,6727592032.23,330919431.0,20.33,sized,in,2026-08-31,0,
1439288,ZWS,Zurn Elkay Water Solutions Corp,3560,7669555845.280001,,,46.24,sized,in,2026-08-31,0,
913760,SNEX,StoneX Group Inc.,6200,7249065773.5,7249065773.5,120616735.0,60.1,sized,in,2026-08-31,0,
1326110,IBRX,"ImmunityBio, Inc.",2836,10502977465.43,10502977465.43,1059836273.0,9.91,sized,in,2026-08-31,0,
1326380,GME,GameStop Corp.,5734,12753785027.2,12753785027.2,504500990.0,25.28,sized,in,2026-08-31,0,
24545,TAP,MOLSON COORS BEVERAGE CO,2082,7070333139.360001,,,37.92,sized,in,2026-08-31,0,
1789832,HESM,Hess Midstream LP,1311,4363929954.0,4363929954.0,128350881.0,34.0,sized,in,2026-08-31,0,
1433195,APPF,APPFOLIO INC,7372,6993085070.4,,,197.45,sized,in,2026-08-31,0,
23217,CAG,CONAGRA BRANDS INC.,2000,6478474285.690001,6478474285.690001,477411517.0,13.57,sized,in,2026-08-31,0,
1057877,IDA,IDACORP INC,4911,7755461125.440001,7360862478.72,54899034.0,134.08,sized,in,2026-08-31,0,
1567683,CWEN,"Clearway Energy, Inc.",4911,6147981817.4,,,29.95,sized,in,2026-08-31,0,
1513761,NCLH,Norwegian Cruise Line Holdings Ltd.,4400,7112819734.54,7112819734.54,459187846.0,15.49,sized,in,2026-08-31,0,
1173382,CAE,CAE INC,3690,,,,,"excluded: no domestic filings (foreign filer, fund, or shell)",out,,0,
944695,THG,"HANOVER INSURANCE GROUP, INC.",6331,7727651646.530001,7727651646.530001,34820221.0,221.93,sized,in,2026-08-31,0,
1575515,SFM,"Sprouts Farmers Market, Inc.",5411,6155275726.250001,6155275726.250001,93247625.0,66.01,sized,in,2026-08-31,0,
1486159,CHRD,Chord Energy Corp,1311,7785695100.4800005,7785695100.4800005,54697872.0,142.34,sized,in,2026-08-31,0,
1000377,VBREY,Vibra Energia S.A./ADR,8880,,,,,"excluded: no domestic filings (foreign filer, fund, or shell)",out,,0,
1370637,ETSY,ETSY INC,7389,6896480544.72,6896480544.72,91781748.0,75.14,sized,in,2026-08-31,0,
70145,NFG,NATIONAL FUEL GAS CO,4924,7433477192.789999,7433477192.789999,95045099.0,78.21,sized,in,2026-08-31,0,
1083301,WULF,TERAWULF INC.,6199,6810922441.05,6810922441.05,498968677.0,13.65,sized,in,2026-08-31,0,
714310,VLY,VALLEY NATIONAL BANCORP,6021,7045716631.5,7045716631.5,552605226.0,12.75,sized,in,2026-08-31,0,
1762506,VIST,"Vista Energy, S.A.B. de C.V.",1311,,,,,"excluded: no domestic filings (foreign filer, fund, or shell)",out,,0,
2065601,CBC,"Central Bancompany, Inc.",,7752781155.209999,7752781155.209999,239505133.0,32.37,sized,in,2026-08-31,0,
2019061,SOBO,South Bow Corp,4610,,,,,"excluded: no domestic filings (foreign filer, fund, or shell)",out,,0,
921638,SSRM,SSR MINING INC.,6795,6855431069.44,6855431069.44,203909312.0,33.62,sized,in,2026-08-31,0,
1836833,PL,Planet Labs PBC,3663,6254546930.910001,,,17.19,sized,in,2026-08-31,0,
1616862,AXTA,Axalta Coating Systems Ltd.,2851,7021996101.570001,,,32.81,sized,in,2026-08-31,0,
920371,SSD,"Simpson Manufacturing Co., Inc.",3420,7047316069.9,7047316069.9,40984682.0,171.95,sized,in,2026-08-31,0,
899689,VNO,VORNADO REALTY TRUST,6798,6313021153.110001,6313021153.110001,186720531.0,33.81,sized,in,2026-08-31,0,
1649904,RYTM,"RHYTHM PHARMACEUTICALS, INC.",2834,6171900630.4800005,6171900630.4800005,68852082.0,89.64,sized,in,2026-08-31,0,
1144879,APLD,Applied Digital Corp.,7374,7211933289.0,7211933289.0,302387140.0,23.85,sized,in,2026-08-31,0,
1316835,BLDR,"Builders FirstSource, Inc.",5211,5789765351.17,5789765351.17,107596457.0,53.81,sized,in,2026-08-31,0,
880266,AGCO,AGCO CORP /DE,3523,7572530856.7699995,7572530856.7699995,70031729.0,108.13,sized,in,2026-08-31,0,
802481,PPC,PILGRIMS PRIDE CORP,2015,6786092934.0,6786092934.0,238108524.0,28.5,sized,in,2026-08-31,0,
1368622,AVAV,AeroVironment Inc,3721,6992928595.2,6992928595.2,50820702.0,137.6,sized,in,2026-08-31,0,
1167419,RIOT,"Riot Platforms, Inc.",6199,6319360465.4,6319360465.4,375258935.0,16.84,sized,in,2026-08-31,0,
1285785,MOS,MOSAIC CO,2870,6272081095.58,6272081095.58,317895646.0,19.73,sized,in,2026-08-31,0,
1679273,LW,"Lamb Weston Holdings, Inc.",2030,6814620908.62,6814620908.62,137780447.0,49.46,sized,in,2026-08-31,0,
1467623,DBX,"DROPBOX, INC.",7372,7423491012.66,,,34.14,sized,in,2026-08-31,0,
7431,AWI,ARMSTRONG WORLD INDUSTRIES INC,3089,6893066920.599999,6893066920.599999,42262826.0,163.1,sized,in,2026-08-31,0,
1648512,SHMXY,Shimadzu Corporation/ADR,,,,,,"excluded: no domestic filings (foreign filer, fund, or shell)",out,,0,
1429937,BTG,B2GOLD CORP,1040,,,,,"excluded: no domestic filings (foreign filer, fund, or shell)",out,,0,
97216,TEX,TEREX CORP,3537,5983605000.0,5983605000.0,114300000.0,52.35,sized,in,2026-08-31,0,
1476150,TRNO,Terreno Realty Corp,6500,7026405588.8,7026405588.8,108970310.0,64.48,sized,in,2026-08-31,0,
1639723,NAVN,"Navan, Inc.",7372,6010274178.44,,,23.08,sized,in,2026-08-31,0,
1849056,OKLO,Oklo Inc.,4911,6430630160.5,6430630160.5,186017650.0,34.57,sized,in,2026-08-31,0,
1626115,PJT,PJT Partners Inc.,6282,3471702284.4,3367913467.8,24800541.0,135.8,sized,in,2026-08-31,0,
2019410,CAI,"Caris Life Sciences, Inc.",8071,7771367615.0,7771367615.0,282595186.0,27.5,sized,in,2026-08-31,0,
1472787,FAF,First American Financial Corp,6361,6412901000.0,6412901000.0,102100000.0,62.81,sized,in,2026-08-31,0,
277509,FSS,FEDERAL SIGNAL CORP /DE/,3711,6873895814.71,6873895814.71,61041611.0,112.61,sized,in,2026-08-31,0,
2088896,XE,"X-Energy, Inc.",3443,3958306767.18,,,13.77,sized,in,2026-08-31,0,
1114700,GGAL,GRUPO FINANCIERO GALICIA SA,6029,,,,,"excluded: no domestic filings (foreign filer, fund, or shell)",out,,0,
1468642,AUGO,Aura Minerals Inc.,1000,,,,,"excluded: no domestic filings (foreign filer, fund, or shell)",out,,0,
66570,MSA,MSA Safety Inc,3842,6870793270.9,6870793270.9,38578289.0,178.1,sized,in,2026-08-31,0,
56047,KEX,KIRBY CORP,4400,7292208000.000001,7292208000.000001,52800000.0,138.11,sized,in,2026-08-31,0,
1698535,NXE,NexGen Energy Ltd.,1090,,,,,"excluded: no domestic filings (foreign filer, fund, or shell)",out,,0,
1895262,NE,Noble Corp plc,1381,6728919488.7,6728919488.7,159642218.0,42.15,sized,in,2026-08-31,0,
1910139,MBLY,Mobileye Global Inc.,7372,6002324441.88,1782082255.98,252419583.0,7.06,disagree,in,2026-08-31,0,
1673743,HNGE,"Hinge Health, Inc.",7374,7908052866.0,,,98.0,sized,in,2026-08-31,0,
1038074,SLAB,SILICON LABORATORIES INC.,3674,7399079251.75,7399079251.75,33366761.0,221.75,sized,in,2026-08-31,0,
1214816,AXS,AXIS CAPITAL HOLDINGS LTD,6331,7114215907.5,,,97.5,sized,in,2026-08-31,0,
1584207,OMF,"OneMain Holdings, Inc.",6141,6490639680.9800005,6518256311.84,115530952.0,56.42,sized,in,2026-08-31,0,
1479094,STAG,"STAG Industrial, Inc.",6798,6917962844.52,,,35.88,sized,in,2026-08-31,0,
310522,FNMA,FEDERAL NATIONAL MORTGAGE ASSOCIATION FANNIE MAE,6111,,,,,unsized,out,,0,counting failure; never a member
2098425,BJGPY,"Beijing Geekplus Technology Co., Ltd./ADR",,,,,,"excluded: no domestic filings (foreign filer, fund, or shell)",out,,0,
1819848,JOBY,"Joby Aviation, Inc.",3721,5728691914.5,5687464362.75,989124237.0,5.75,sized,in,2026-08-31,0,
1913510,VFS,VinFast Auto Ltd.,3711,,,,,"excluded: no domestic filings (foreign filer, fund, or shell)",out,,0,
866706,ESE,ESCO TECHNOLOGIES INC,3669,6582076472.02,6582076472.02,25907567.0,254.06,sized,in,2026-08-31,0,
912242,MAC,MACERICH CO,6798,6295018125.0,6295018125.0,283559375.0,22.2,sized,in,2026-08-31,0,
1750264,MAAS,Maase Inc.,6282,,,,,"excluded: no domestic filings (foreign filer, fund, or shell)",out,,0,
1583708,S,"SentinelOne, Inc.",7372,8840447571.8,,,25.4,sized,in,2026-08-31,0,
1570827,VCTR,"Victory Capital Holdings, Inc.",6282,6871849383.84,6871849383.84,61509572.0,111.72,sized,in,2026-08-31,0,
1739445,ACA,"Arcosa, Inc.",3440,7194147518.5,7194147518.5,49106809.0,146.5,sized,in,2026-08-31,0,
1851003,ZETA,Zeta Global Holdings Corp.,7372,8290979373.150001,,,33.03,sized,in,2026-08-31,0,
1878057,SGHC,Super Group (SGHC) Ltd,7990,,,,,"excluded: no domestic filings (foreign filer, fund, or shell)",out,,0,
1773751,HIMS,"Hims & Hers Health, Inc.",8011,6546774368.78,,,28.06,sized,in,2026-08-31,0,
1094972,UGP,ULTRAPAR HOLDINGS INC,4924,,,,,"excluded: no domestic filings (foreign filer, fund, or shell)",out,,0,
1829726,TFPM,Triple Flag Precious Metals Corp.,6795,,,,,"excluded: no domestic filings (foreign filer, fund, or shell)",out,,0,
1520006,MTDR,Matador Resources Co,1311,6742129687.679999,6742129687.679999,123754216.0,54.48,sized,in,2026-08-31,0,
1727196,SRRK,Scholar Rock Holding Corp,2836,5139338900.400001,5139338900.400001,121785282.0,42.2,sized,in,2026-08-31,0,
1653482,GTLB,Gitlab Inc.,7372,8923899400.0,,,53.56,sized,in,2026-08-31,0,
8858,AVT,AVNET INC,5065,8187103242.92,8171185789.24,82072979.0,99.56,sized,in,2026-08-31,0,
1510599,PDI,PIMCO Dynamic Income Fund,,,,,,"excluded: no domestic filings (foreign filer, fund, or shell)",out,,0,
1627272,OR,OR Royalties Inc.,1040,,,,,"excluded: no domestic filings (foreign filer, fund, or shell)",out,,0,
19584,CHE,CHEMED CORP,8082,6512108068.25,6512108068.25,13069961.0,498.25,sized,in,2026-08-31,0,
2001184,PACS,"PACS Group, Inc.",8051,6924016312.759999,6924016312.759999,158335612.0,43.73,sized,in,2026-08-31,0,
1021860,NOV,NOV Inc.,3533,6769519593.749999,,,18.99,sized,in,2026-08-31,0,
2068440,LPGCY,Laopu Gold Co. Ltd./ADR,,,,,,"excluded: no domestic filings (foreign filer, fund, or shell)",out,,0,
1907982,QBTS,D-Wave Quantum Inc.,7374,5542548768.8,5391252020.2,369263837.0,14.6,sized,in,2026-08-31,0,
1968378,BCHMY,Bachem Holding AG/ADR,,,,,,"excluded: no domestic filings (foreign filer, fund, or shell)",out,,0,
717605,HXL,HEXCEL CORP /DE/,2821,6437824468.759999,6437824468.759999,75623452.0,85.13,sized,in,2026-08-31,0,
1991792,CGON,"CG Oncology, Inc.",2836,5607390122.5,5607390122.5,88640375.0,63.26,sized,in,2026-08-31,0,
80420,POWL,POWELL INDUSTRIES INC,3613,6895591388.280001,6895591388.280001,36432564.0,189.27,sized,in,2026-08-31,0,
2041385,RAL,Ralliant Corp,3823,7950590974.88,7950590974.88,110640008.0,71.86,sized,in,2026-08-31,0,
1856437,VSXY,Victoria's Secret & Co.,5621,6908363417.79,6908363417.79,79764039.0,86.61,sized,in,2026-08-31,0,
1309108,WEX,WEX Inc.,7389,5944173774.51,5944173774.51,34081611.0,174.41,sized,in,2026-08-31,0,
1124198,FLR,FLUOR CORP,1600,6822131827.67,6822131827.67,133741067.0,51.01,sized,in,2026-08-31,0,
1723690,BILI,Bilibili Inc.,7374,,,,,"excluded: no domestic filings (foreign filer, fund, or shell)",out,,0,
2040127,KRMN,Karman Holdings Inc.,3728,4199993206.52,4199993206.52,132533708.0,31.69,sized,in,2026-08-31,0,
1529192,VIPS,Vipshop Holdings Ltd,5961,,,,,"excluded: no domestic filings (foreign filer, fund, or shell)",out,,0,
1487326,OGC,OceanaGold Corp,1000,,,,,"excluded: no domestic filings (foreign filer, fund, or shell)",out,,0,
1823529,ACT,"Enact Holdings, Inc.",6411,6412238415.440001,6412238415.440001,137483671.0,46.64,sized,in,2026-08-31,0,
2000178,LOAR,Loar Holdings Inc.,3728,5773083583.0199995,5773083583.0199995,93688471.0,61.62,sized,in,2026-08-31,0,
1562088,DUOL,"Duolingo, Inc.",7372,7075019598.18,,,151.22,sized,in,2026-08-31,0,
1470419,ESYJY,easyJet plc,,,,,,"excluded: no domestic filings (foreign filer, fund, or shell)",out,,0,
945841,POOL,POOL CORP,5090,5746925730.58,,,158.14,sized,in,2026-08-31,0,
907654,ORKA,"Oruka Therapeutics, Inc.",2834,5116685538.72,5116685538.72,66209699.0,77.28,sized,in,2026-08-31,0,
1050140,DSGX,DESCARTES SYSTEMS GROUP INC,7372,,,,,"excluded: no domestic filings (foreign filer, fund, or shell)",out,,0,
1842827,BZ,Kanzhun Ltd,7370,,,,,"excluded: no domestic filings (foreign filer, fund, or shell)",out,,0,
1835963,GLBE,Global-E Online Ltd.,7372,,,,,"excluded: no domestic filings (foreign filer, fund, or shell)",out,,0,
1289308,ENS,EnerSys,3690,6466855315.440001,6466855315.440001,36065224.0,179.31,sized,in,2026-08-31,0,
2041918,LOTMY,Lottomatica Group S.p.A./ADR,,,,,,"excluded: no domestic filings (foreign filer, fund, or shell)",out,,0,
1360604,HR,Healthcare Realty Trust Inc,6798,5891352674.400001,5891352674.400001,342719760.0,17.19,sized,in,2026-08-31,0,
2084022,SFGYY,Sony Financial Group Inc./ADR,,,,,,"excluded: no domestic filings (foreign filer, fund, or shell)",out,,0,
1728951,EPRT,"ESSENTIAL PROPERTIES REALTY TRUST, INC.",6798,5417638750.2,5417638750.2,216273004.0,25.05,sized,in,2026-08-31,0,
1046257,INGR,Ingredion Inc,2040,5998015042.69,5998015042.69,63063979.0,95.11,sized,in,2026-08-31,0,
1995807,LB,LandBridge Co LLC,6792,2593581170.64,,,87.46,sized,in,2026-08-31,0,
12659,HRB,H&R BLOCK INC,7200,5461965723.76,5496427461.9800005,123265922.0,44.59,sized,in,2026-08-31,0,
1759509,LYFT,"Lyft, Inc.",7389,6105854216.37,6105854216.37,378540249.0,16.13,sized,in,2026-08-31,0,
866291,ALGM,"ALLEGRO MICROSYSTEMS, INC.",3674,6760802208.420001,6760802208.420001,186402046.0,36.27,sized,in,2026-08-31,0,
3453,MATX,"Matson, Inc.",4400,6811708697.82,6811708697.82,29903458.0,227.79,sized,in,2026-08-31,0,
1109138,CAMT,CAMTEK LTD,3827,,,,,"excluded: no domestic filings (foreign filer, fund, or shell)",out,,0,
37808,FNB,FNB CORP/PA/,6021,6151057038.72,6099856796.160001,353000972.0,17.28,sized,in,2026-08-31,0,
1698990,MGY,Magnolia Oil & Gas Corp,1311,6589320572.16,5800991132.16,236968592.0,24.48,sized,in,2026-08-31,0,
2107018,DPC,DPC Holdings PLC,3360,5802424741.440001,5802424741.440001,149393016.0,38.84,sized,in,2026-08-31,0,
100591,AGX,ARGAN INC,1700,5593136811.72,5593136811.72,14029842.0,398.66,sized,in,2026-08-31,0,
1521036,LNTH,"Lantheus Holdings, Inc.",2835,6537823485.0,6535069584.280001,65272369.0,100.12,sized,in,2026-08-31,0,
1504764,AVAL,Grupo Aval Acciones Y Valores S.A.,6029,,,,,"excluded: no domestic filings (foreign filer, fund, or shell)",out,,0,
729986,UBSI,UNITED BANKSHARES INC/WV,6022,6223121546.6,6224914494.700001,136212571.0,45.7,sized,in,2026-08-31,0,
350698,AN,"AUTONATION, INC.",5500,5192860798.42,5192860798.42,33060806.0,157.07,sized,in,2026-08-31,0,
1580905,IBP,"Installed Building Products, Inc.",1520,4992366815.910001,4992366815.910001,26579177.0,187.83,sized,in,2026-08-31,0,
1718512,GTES,Gates Industrial Corp Ltd.,3560,6769262285.799999,6769262285.799999,253151170.0,26.74,sized,in,2026-08-31,0,
912615,URBN,URBAN OUTFITTERS INC,5651,6935048253.759999,6935048253.759999,85660181.0,80.96,sized,in,2026-08-31,0,
1062579,DOX,AMDOCS LTD,7371,,,,,"excluded: no domestic filings (foreign filer, fund, or shell)",out,,0,
1692115,SWX,"Southwest Gas Holdings, Inc.",4923,6049953184.030001,6049953184.030001,72445853.0,83.51,sized,in,2026-08-31,0,
1296445,ORA,"ORMAT TECHNOLOGIES, INC.",4911,5451088850.24,5451088850.24,61496941.0,88.64,sized,in,2026-08-31,0,
1164863,NPO,Enpro Inc.,3050,6512872090.08,6512872090.08,21167681.0,307.68,sized,in,2026-08-31,0,
1065696,LKQ,LKQ CORP,5010,5568575912.860001,5568575912.860001,253002086.0,22.01,sized,in,2026-08-31,0,
1819989,CIFR,Cipher Digital Inc.,6199,5602914747.0,5602914747.0,415030722.0,13.5,sized,in,2026-08-31,0,
1897762,INGM,Ingram Micro Holding Corp,5045,6349018550.400001,6366268550.400001,230661904.0,27.6,sized,in,2026-08-31,0,
1451505,RIG,Transocean Ltd.,1381,6187515670.9,6187515670.9,1116880085.0,5.54,sized,in,2026-08-31,0,
1793659,RSI,"Rush Street Interactive, Inc.",7990,2349527371.04,,,20.32,sized,in,2026-08-31,0,
764065,CLF,CLEVELAND-CLIFFS INC.,1000,6954883172.929999,6954883172.929999,570540047.0,12.19,sized,in,2026-08-31,0,
1889109,BLTE,"BELITE BIO, INC",2834,,,,,"excluded: no domestic filings (foreign filer, fund, or shell)",out,,0,
876437,MTG,MGIC INVESTMENT CORP,6351,5716829290.8,5716829290.8,205124840.0,27.87,sized,in,2026-08-31,0,
1526125,GDS,GDS Holdings Ltd,7370,,,,,"excluded: no domestic filings (foreign filer, fund, or shell)",out,,0,
1581990,PAGP,PLAINS GP HOLDINGS LP,4610,5258312574.68,5258312574.68,197904124.0,26.57,sized,in,2026-08-31,0,
52827,RYN,RAYONIER INC,6798,5534751612.6,5593898347.8,300747223.0,18.6,sized,in,2026-08-31,0,
1370418,SLFPY,STANDARD LIFE PLC,,,,,,"excluded: no domestic filings (foreign filer, fund, or shell)",out,,0,
1603923,WFRD,Weatherford International plc,3533,5499280797.6,5512610566.700001,71685443.0,76.9,sized,in,2026-08-31,0,
1796022,STEP,StepStone Group Inc.,6282,3613305906.37,,,43.91,sized,in,2026-08-31,0,
1637810,FSV,FirstService Corp,6500,,,,,"excluded: no domestic filings (foreign filer, fund, or shell)",out,,0,
785786,PLXS,PLEXUS CORP,3672,6966325636.62,6966325636.62,26652099.0,261.38,sized,in,2026-08-31,0,
20212,CHDN,Churchill Downs Inc,7948,5308370506.88,5308370506.88,69700243.0,76.16,sized,in,2026-08-31,0,
1819576,LQDA,Liquidia Corp,2834,2508039125.82,2508039125.82,89508891.0,28.02,sized,in,2026-08-31,0,
2079706,MBSHY,"Mitsubishi Gas Chemical Company, Inc./ADR",,,,,,"excluded: no domestic filings (foreign filer, fund, or shell)",out,,0,
1398659,G,Genpact LTD,8742,5797760298.02,5825752890.690001,168034407.0,34.67,sized,in,2026-08-31,0,
918646,EXP,EAGLE MATERIALS INC,3241,5131981872.5,5131981872.5,30675325.0,167.3,sized,in,2026-08-31,0,
2090312,MBGL,Mobility Global Inc.,7389,5785599999.999999,5330369465.599999,294821320.0,18.08,sized,in,2026-08-31,0,
1622229,COGT,"Cogent Biosciences, Inc.",2834,5219631458.559999,5219631458.559999,173524982.0,30.08,sized,in,2026-08-31,0,
40211,GATX,GATX CORP,4700,5746957341.24,5746134000.0,35300000.0,162.78,sized,in,2026-08-31,0,
885550,CACC,CREDIT ACCEPTANCE CORP,6141,5634786435.6,5634786435.6,10380580.0,542.82,sized,in,2026-08-31,0,
824142,AAON,"AAON, INC.",3585,7086890272.05,7086890272.05,82453639.0,85.95,sized,in,2026-08-31,0,
1653653,RRR,"Red Rock Resorts, Inc.",7011,2978397492.45,,,50.37,sized,in,2026-08-31,0,
1659939,ENIC,Enel Chile S.A.,4911,,,,,"excluded: no domestic filings (foreign filer, fund, or shell)",out,,0,
1849853,STVN,Stevanato Group S.p.A.,3841,,,,,"excluded: no domestic filings (foreign filer, fund, or shell)",out,,0,
1308547,DLB,"Dolby Laboratories, Inc.",6794,5474941067.75,,,58.45,sized,in,2026-08-31,0,
1718227,ROAD,"Construction Partners, Inc.",1600,5013218173.15,,,88.33,sized,in,2026-08-31,0,
1600033,ELF,"e.l.f. Beauty, Inc.",2844,6252487256.16,6252487256.16,59007996.0,105.96,sized,in,2026-08-31,0,
2015845,ECG,"Everus Construction Group, Inc.",1531,6238468844.12,6238468844.12,51063836.0,122.17,sized,in,2026-08-31,0,
1465128,STWD,"STARWOOD PROPERTY TRUST, INC.",6798,4719654112.5,4719654112.5,370168950.0,12.75,sized,in,2026-08-31,0,
1671933,TTD,"Trade Desk, Inc.",7370,5834291583.36,,,12.34,sized,in,2026-08-31,0,
1723128,AMRX,"Amneal Pharmaceuticals, Inc.",2834,6844016930.549999,6275304508.349999,319353919.0,19.65,sized,in,2026-08-31,0,
1690585,DNTH,"Dianthus Therapeutics, Inc. /DE/",2834,4610670778.54,4610670778.54,55934378.0,82.43,sized,in,2026-08-31,0,
1860742,BLCO,Bausch & Lomb Corp,3851,6125383968.9,6125383968.9,357165246.0,17.15,sized,in,2026-08-31,0,
1448893,ESNT,Essent Group Ltd.,6351,5715246189.87,5715246189.87,89876493.0,63.59,sized,in,2026-08-31,0,
1730430,KNSA,"Kiniksa Pharmaceuticals International, plc",2834,6144391023.75,,,78.75,sized,in,2026-08-31,0,
1438533,TVTX,"Travere Therapeutics, Inc.",2834,4905346707.28,4905346707.28,94261082.0,52.04,sized,in,2026-08-31,0,
1107843,QLYS,"QUALYS, INC.",7372,6706586893.860001,6706586893.860001,34595001.0,193.86,sized,in,2026-08-31,0,
1529864,ENVA,"Enova International, Inc.",6141,4546193560.89,4546193560.89,24898371.0,182.59,sized,in,2026-08-31,0,
1646972,ACI,"Albertsons Companies, Inc.",5411,5988918928.22,5988918928.22,485325683.0,12.34,sized,in,2026-08-31,0,
868671,GBCI,"GLACIER BANCORP, INC.",6022,5596509739.94,5596509739.94,130211953.0,42.98,sized,in,2026-08-31,0,
1791863,BEPC,Brookfield Renewable Corp,4911,5454189018.98,5059767719.24,172218098.0,29.38,sized,in,2026-08-31,0,successor issuer: no Form 4s under this CIK; the panel resolves the predecessor
1767042,KGS,"Kodiak Gas Services, Inc.",4922,5416142940.67,5416142940.67,101104031.0,53.57,sized,in,2026-08-31,0,
1761918,ERAS,"Erasca, Inc.",2834,5407321061.1,5407321061.1,349762035.0,15.46,sized,in,2026-08-31,0,
794367,M,"Macy's, Inc.",5311,5952215762.34,5952215762.34,261176646.0,22.79,sized,in,2026-08-31,0,
84246,RLI,RLI CORP,6331,5166818211.0,5166818211.0,91772970.0,56.3,sized,in,2026-08-31,0,
1692063,SNDR,"Schneider National, Inc.",4213,5562297525.27,,,31.73,sized,in,2026-08-31,0,
1615903,IFS,Intercorp Financial Services Inc.,6029,,,,,"excluded: no domestic filings (foreign filer, fund, or shell)",out,,0,
1477294,ST,Sensata Technologies Holding plc,3823,6145979452.259999,6145979452.259999,145535862.0,42.23,sized,in,2026-08-31,0,
853816,LSTR,LANDSTAR SYSTEM INC,4213,5751290679.75,,,169.47,sized,in,2026-08-31,0,
1856314,YOU,"Clear Secure, Inc.",7372,4433407990.92,,,43.08,sized,in,2026-08-31,0,
1331520,HOMB,HOME BANCSHARES INC,6022,5697413462.4,5697413462.4,200049630.0,28.48,sized,in,2026-08-31,0,
1978954,TBBB,BBB FOODS INC,5411,,,,,"excluded: no domestic filings (foreign filer, fund, or shell)",out,,0,
1454144,ERELY,Eregli Demir ve Celik Fabrikalari TAS/ADR,,,,,,"excluded: no domestic filings (foreign filer, fund, or shell)",out,,0,
1590895,CZR,"Caesars Entertainment, Inc.",7011,6015589260.48,6013825381.44,203720372.0,29.52,sized,in,2026-08-31,0,
1830918,MAUTF,Montage Gold Corp.,,,,,,"excluded: no domestic filings (foreign filer, fund, or shell)",out,,0,
750577,HWC,HANCOCK WHITNEY CORP,6022,5833018547.179999,5833018547.179999,80223058.0,72.71,sized,in,2026-08-31,0,
102752,VSEC,VSE CORP,8711,4770203290.84,4770203290.84,28064972.0,169.97,sized,in,2026-08-31,0,
911177,CWST,CASELLA WASTE SYSTEMS INC,4953,5348945866.3,,,84.05,sized,in,2026-08-31,0,
1002638,OTEX,OPEN TEXT CORP,7373,5627025414.36,5627025414.36,242126739.0,23.24,sized,in,2026-08-31,0,
314808,VAL,Valaris Ltd,1381,5829830355.719999,5829830355.719999,69435807.0,83.96,sized,in,2026-08-31,0,
1345105,CPA,"Copa Holdings, S.A.",4512,,,,,"excluded: no domestic filings (foreign filer, fund, or shell)",out,,0,
1334036,CROX,"Crocs, Inc.",3021,5601902563.0,5601902563.0,47945075.0,116.84,sized,in,2026-08-31,0,
1759425,MIRM,"Mirum Pharmaceuticals, Inc.",2834,5282234714.049999,5282234714.049999,64932203.0,81.35,sized,in,2026-08-31,0,
1813814,DFTX,"Definium Therapeutics, Inc.",2833,4592662351.0,4592662351.0,134366950.0,34.18,sized,in,2026-08-31,0,
1070081,PTCT,"PTC THERAPEUTICS, INC.",2834,5221307773.12,5221307773.12,83460802.0,62.56,sized,in,2026-08-31,0,
906553,BYD,BOYD GAMING CORP,7011,5085878980.0,5085878980.0,72655414.0,70.0,sized,in,2026-08-31,0,
1108426,TXNM,TXNM ENERGY INC,4911,6451166845.059999,6485231115.059999,110707257.0,58.58,sized,in,2026-08-31,0,
1003935,NICE,NICE Ltd.,7372,,,,,"excluded: no domestic filings (foreign filer, fund, or shell)",out,,0,
1516324,BTDPY,Barratt Developments PLC/ADR,,,,,,"excluded: no domestic filings (foreign filer, fund, or shell)",out,,0,
1433660,JBTM,JBT MAREL Corp,3550,5465741439.12,5465741439.12,51876817.0,105.36,sized,in,2026-08-31,0,
18926,LUMN,"Lumen Technologies, Inc.",4813,5734836446.24,5734836446.24,1031445404.0,5.56,sized,in,2026-08-31,0,
883948,AUB,Atlantic Union Bankshares Corp,6022,5415540856.320001,5415540856.320001,142814896.0,37.92,sized,in,2026-08-31,0,
96943,TFX,TELEFLEX INC,3841,5262227983.43,5262227983.43,42372397.0,124.19,sized,in,2026-08-31,0,
790526,RDNT,"RadNet, Inc.",8071,5367974004.969999,5367939899.969999,78697257.0,68.21,sized,in,2026-08-31,0,
310142,SXT,SENSIENT TECHNOLOGIES CORP,2860,5619567936.33,5619567936.33,42562811.0,132.03,sized,in,2026-08-31,0,
1582313,XENE,Xenon Pharmaceuticals Inc.,2834,3501750021.12,3501750021.12,96840432.0,36.16,sized,in,2026-08-31,0,
806968,WPP,WPP plc,7311,,,,,"excluded: no domestic filings (foreign filer, fund, or shell)",out,,0,
7789,ASB,ASSOCIATED BANC-CORP,6022,5431316192.84,5431316192.84,188849659.0,28.76,sized,in,2026-08-31,0,
784977,POR,PORTLAND GENERAL ELECTRIC CO /OR/,4911,5333511009.0,5333511009.0,117607740.0,45.35,sized,in,2026-08-31,0,
2044984,ARSTY,Ariston Holding N.V./ADR,,,,,,"excluded: no domestic filings (foreign filer, fund, or shell)",out,,0,
1736035,BXSL,Blackstone Secured Lending Fund,,,,,,"excluded: investment company (files 40-17G, N-2)",out,,0,
1507079,FND,"Floor & Decor Holdings, Inc.",5211,4951783372.5,4951783372.5,106489965.0,46.5,sized,in,2026-08-31,0,
1433642,HLNE,Hamilton Lane INC,6282,4727199952.22,,,85.66,sized,in,2026-08-31,0,
1784570,BETA,"BETA Technologies, Inc.",3721,4795791730.0,,,20.5,sized,in,2026-08-31,0,
1977102,BIRK,Birkenstock Holding plc,3140,,,,,"excluded: no domestic filings (foreign filer, fund, or shell)",out,,0,
351569,ABCB,Ameris Bancorp,6022,5345762658.74,5345762658.74,67107239.0,79.66,sized,in,2026-08-31,0,
1654795,BBUC,Brookfield Business Corp,1700,,,,,"excluded: no domestic filings (foreign filer, fund, or shell)",out,,0,
1592386,VIRT,"Virtu Financial, Inc.",6211,5104662195.18,,,57.81,sized,in,2026-08-31,0,
1727263,FTDR,"Frontdoor, Inc.",7340,5483219020.440001,5483219020.440001,68893316.0,79.59,sized,in,2026-08-31,0,
1142417,NXST,"NEXSTAR MEDIA GROUP, INC.",4833,4994333675.110001,4994333675.110001,30808301.0,162.11,sized,in,2026-08-31,0,
1352010,EPAM,"EPAM Systems, Inc.",7371,5873693656.66,5873693656.66,51586981.0,113.86,sized,in,2026-08-31,0,
1288469,MXL,"MAXLINEAR, INC",3674,8497951996.7,8497951996.7,90693191.0,93.7,sized,in,2026-08-31,0,
1556593,RITM,Rithm Capital Corp.,6798,4813468607.219999,4813468607.219999,558407031.0,8.62,sized,in,2026-08-31,0,
1297989,EXLS,"ExlService Holdings, Inc.",7389,5589952838.129999,,,36.87,sized,in,2026-08-31,0,
1278021,MKTX,MARKETAXESS HOLDINGS INC,6211,5783251439.07,5782543920.21,35192891.0,164.31,sized,in,2026-08-31,0,
9326,BCPC,BALCHEM CORP,2800,5375590681.23,713748890.19,31878021.0,22.39,disagree,in,2026-08-31,0,
1495153,MMYT,MakeMyTrip Ltd,4700,,,,,"excluded: no domestic filings (foreign filer, fund, or shell)",out,,0,
2065636,MWH,"SOLV Energy, Inc.",1600,5199314888.18,,,25.69,sized,in,2026-08-31,0,
887596,CAKE,CHEESECAKE FACTORY INC,5812,5319909380.94,5319909380.94,49760634.0,106.91,sized,in,2026-08-31,0,
2065708,ANDG,Andersen Group Inc.,7389,1042712658.4000001,,,56.24,sized,in,2026-08-31,0,
2063196,NTSK,Netskope Inc,7372,8012405738.28,,,19.61,sized,in,2026-08-31,0,
91767,SON,SONOCO PRODUCTS CO,2650,4785550145.2,,,48.4,sized,in,2026-08-31,0,
2093907,RKGRY,RENK Group AG/ADR,,,,,,"excluded: no domestic filings (foreign filer, fund, or shell)",out,,0,
1013857,PEGA,PEGASYSTEMS INC,7374,5834731498.05,5834731498.05,164404945.0,35.49,sized,in,2026-08-31,0,
1795250,SPHR,Sphere Entertainment Co.,7900,3923561564.75,,,109.25,sized,in,2026-08-31,0,
886163,LGND,LIGAND PHARMACEUTICALS INC,2834,5881004655.0,5881004655.0,19935609.0,295.0,sized,in,2026-08-31,0,
1691303,HCC,"WARRIOR MET COAL, INC.",1220,4741627412.599999,4741627412.599999,52802087.0,89.8,sized,in,2026-08-31,0,
1839341,CORZ,"Core Scientific, Inc./tx",6199,4935789173.76,4935789173.76,321340441.0,15.36,sized,in,2026-08-31,0,
1655888,OBDC,Blue Owl Capital Corp,,,,,,"excluded: investment company (files 40-17G, N-2)",out,,0,
772406,CRUS,"CIRRUS LOGIC, INC.",3674,5673307905.2,5673307905.2,50117561.0,113.2,sized,in,2026-08-31,0,
103379,VFC,V F CORP,2320,5712245302.099999,,,14.53,sized,in,2026-08-31,0,
2054696,NIQ,NIQ Global Intelligence plc,7370,5282659524.24,5282659524.24,294955864.0,17.91,sized,in,2026-08-31,0,
1476204,PECO,"Phillips Edison & Company, Inc.",6798,4812093000.0,4812093000.0,128700000.0,37.39,sized,in,2026-08-31,0,
1384905,RNG,"RingCentral, Inc.",7374,6542707792.7,,,78.35,sized,in,2026-08-31,0,
1094831,BGC,"BGC Group, Inc.",6200,5339489042.06,,,11.23,sized,in,2026-08-31,0,
1782170,RELY,"Remitly Global, Inc.",7389,4978808950.08,4978808950.08,211684054.0,23.52,sized,in,2026-08-31,0,
2062583,MMED,"MiniMed Group, Inc.",3841,5570728633.8,5570728633.8,281349931.0,19.8,sized,in,2026-08-31,0,
910073,FLG,"FLAGSTAR BANK, NATIONAL ASSOCIATION",6036,4711303688.599999,4711303688.599999,415092836.0,11.35,sized,in,2026-08-31,0,
1674416,CRSP,CRISPR Therapeutics AG,2836,4877177417.32,4877177417.32,96692653.0,50.44,sized,in,2026-08-31,0,
230557,SIGI,SELECTIVE INSURANCE GROUP INC,6331,5071119100.469999,5071119100.469999,59569119.0,85.13,sized,in,2026-08-31,0,
1130464,BKH,BLACK HILLS CORP /SD/,4911,5834890349.32,5834890349.32,76253141.0,76.52,sized,in,2026-08-31,0,
1396440,MAIN,Main Street Capital CORP,,,,,,excluded: investment company (files 40-17G),out,,0,
913353,CIGI,Colliers International Group Inc.,6500,4417414287.24,2599259789.7599998,30070104.0,86.44,disagree,in,2026-08-31,0,
1299709,AX,"Axos Financial, Inc.",6035,5018693974.54,5018764123.32,56734842.0,88.46,sized,in,2026-08-31,0,
1699136,WHD,"Cactus, Inc.",3533,4408530880.96,,,63.22,sized,in,2026-08-31,0,
1722684,WH,"WYNDHAM HOTELS & RESORTS, INC.",7011,5444127909.92,5444127909.92,74211122.0,73.36,sized,in,2026-08-31,0,
1680062,ACMR,"ACM Research, Inc.",3559,4931163076.8,3011128956.0,42530070.0,70.8,disagree,in,2026-08-31,0,"cover count 14,176,690 as of 2019-03-08 restated 3x through the split(s) since"
1835830,KVYO,"Klaviyo, Inc.",7372,5002661068.09,,,17.57,sized,in,2026-08-31,0,
2067876,VSNT,"Versant Media Group, Inc.",4833,4421433378.059999,,,31.77,sized,in,2026-08-31,0,
1838359,RGTI,"Rigetti Computing, Inc.",7371,4719490082.58,4719490082.58,333768747.0,14.14,sized,in,2026-08-31,0,
1822479,SHC,Sotera Health Co,8090,5088232594.849999,5088232594.849999,285374795.0,17.83,sized,in,2026-08-31,0,
1697500,SEI,"Solaris Energy Infrastructure, Inc.",3533,4810968943.2,,,73.08,sized,in,2026-08-31,0,
356309,NJR,NEW JERSEY RESOURCES CORP,4924,5175879925.46,5175879925.46,101467946.0,51.01,sized,in,2026-08-31,0,
1703056,ADT,ADT Inc.,7381,4748635112.0,4945098951.0,760784454.0,6.5,sized,in,2026-08-31,0,
861459,GVA,GRANITE CONSTRUCTION INC,1600,5057113230.19,4981714173.3,43764510.0,113.83,sized,in,2026-08-31,0,
1438569,GRFS,Grifols SA,2834,,,,,"excluded: no domestic filings (foreign filer, fund, or shell)",out,,0,
1049521,MRCY,MERCURY SYSTEMS INC,3670,4779008772.719999,4721889163.16,60136133.0,78.52,sized,in,2026-08-31,0,
1169561,CVLT,COMMVAULT SYSTEMS INC,7372,6258129164.0,6258129164.0,41444564.0,151.0,sized,in,2026-08-31,0,
1389050,AROC,"Archrock, Inc.",4922,5319760532.9,5319760532.9,175338185.0,30.34,sized,in,2026-08-31,0,
2127043,JMKE,Jersey Mike's Subs Inc.,5812,5495152970.0,,,17.3,sized,in,2026-08-31,0,
1286043,KRG,KITE REALTY GROUP TRUST,6798,4824354146.639999,4824354146.639999,200346933.0,24.08,sized,in,2026-08-31,0,
856982,MMSI,MERIT MEDICAL SYSTEMS INC,3841,5090313305.0,5090313305.0,59710420.0,85.25,sized,in,2026-08-31,0,
1569650,OZK,Bank OZK,,,,,,"excluded: no domestic filings (foreign filer, fund, or shell)",out,,0,
1866175,CRGY,Crescent Energy Co,1311,4299241771.08,4298552084.96,330403696.0,13.01,sized,in,2026-08-31,0,
1070412,CNX,CNX Resources Corp,1311,5004933239.71,5004933239.71,147943637.0,33.83,sized,in,2026-08-31,0,
1852244,GXO,"GXO Logistics, Inc.",4700,5316777082.44,5316777082.44,114684579.0,46.36,sized,in,2026-08-31,0,
1041803,PSMT,PRICESMART INC,5331,5160496823.28,5160496823.28,30860524.0,167.22,sized,in,2026-08-31,0,
1571123,SAIC,Science Applications International Corp,7373,5434542235.85,5434542235.85,41897635.0,129.71,sized,in,2026-08-31,0,
812011,MTN,VAIL RESORTS INC,7990,5205960684.82,5205960684.82,35635298.0,146.09,sized,in,2026-08-31,0,
1402388,WFG,"WEST FRASER TIMBER CO., LTD",2421,5027888410.62,,,64.21,sized,in,2026-08-31,0,successor issuer: no Form 4s under this CIK; the panel resolves the predecessor
1786431,REYN,Reynolds Consumer Products Inc.,2673,4633185784.36,,,21.98,sized,in,2026-08-31,0,
1750,AIR,AAR CORP,3720,4082927953.38,4082927953.38,40194211.0,101.58,sized,in,2026-08-31,0,
1624794,CSW,"CSW INDUSTRIALS, INC.",2891,4670039243.940001,4670039243.940001,16293487.0,286.62,sized,in,2026-08-31,0,
1364479,HRI,HERC HOLDINGS INC,7350,4140818653.84,4140818653.84,33431444.0,123.86,sized,in,2026-08-31,0,
2003292,KLAR,Klarna Group plc,6199,,,,,"excluded: no domestic filings (foreign filer, fund, or shell)",out,,0,
1519751,FBIN,"Fortune Brands Innovations, Inc.",2430,4692492760.87,4692492760.87,119371477.0,39.31,sized,in,2026-08-31,0,
1579877,OUT,OUTFRONT Media Inc.,6798,5210080724.58,5210080724.58,176135251.0,29.58,sized,in,2026-08-31,0,
1076930,NOVT,NOVANTA INC,3690,5155696584.1,5155696584.1,37817770.0,136.33,sized,in,2026-08-31,0,
935036,ACIW,"ACI WORLDWIDE, INC.",7372,5155784157.87,5155784157.87,100955241.0,51.07,sized,in,2026-08-31,0,
1230245,PIPR,PIPER SANDLER COMPANIES,6211,4549753334.58,4549753334.58,70670291.0,64.38,sized,in,2026-08-31,0,
717954,UNF,UNIFIRST CORP,7200,4694651310.8,5157901020.8,19868648.0,259.6,sized,in,2026-08-31,0,
1207179,GLNG,GOLAR LNG LTD,4400,,,,,"excluded: no domestic filings (foreign filer, fund, or shell)",out,,0,
1604481,CMBT,CMB.TECH NV,4412,,,,,"excluded: no domestic filings (foreign filer, fund, or shell)",out,,0,
1670061,ALM,Almonty Industries Inc.,1000,,,,,"excluded: no domestic filings (foreign filer, fund, or shell)",out,,0,
14930,BC,BRUNSWICK CORP,3510,4040119635.8,4040119635.8,64797428.0,62.35,sized,in,2026-08-31,0,
1672013,GOLF,Acushnet Holdings Corp.,3949,4622175182.16,4622175182.16,58405044.0,79.14,sized,in,2026-08-31,0,
1492298,SBRA,"Sabra Health Care REIT, Inc.",6798,4812918323.04,4812918323.04,255462756.0,18.84,sized,in,2026-08-31,0,
723612,CAR,"AVIS BUDGET GROUP, INC.",7510,3885832940.0,,,110.0,sized,in,2026-08-31,0,
275880,PSN,PARSONS CORP,7373,4594768049.88,,,43.02,sized,in,2026-08-31,0,
1810546,EBC,"Eastern Bankshares, Inc.",6035,4817023516.16,4817023516.16,228511552.0,21.08,sized,in,2026-08-31,0,
769520,MIDD,MIDDLEBY Corp,3580,4766435584.6,4766435584.6,45222349.0,105.4,sized,in,2026-08-31,0,
717423,MUR,MURPHY OIL CORP,1311,5534511425.0,5534511425.0,143381125.0,38.6,sized,in,2026-08-31,0,
2044863,TKMTY,"Tokyo Metro Co., Ltd./ADR",,,,,,"excluded: no domestic filings (foreign filer, fund, or shell)",out,,0,
912766,LAUR,"LAUREATE EDUCATION, INC.",8200,5399774912.0,5399774912.0,137749360.0,39.2,sized,in,2026-08-31,0,
1070494,ACAD,ACADIA PHARMACEUTICALS INC,2834,3373742042.4399996,3373742042.4399996,172305518.0,19.58,sized,in,2026-08-31,0,
776867,WTM,WHITE MOUNTAINS INSURANCE GROUP LTD,6331,4916096314.17,4916096314.17,2386721.0,2059.77,sized,in,2026-08-31,0,
1547870,BUHPY,Bumrungrad Hospital Public Co Limited/ADR,8880,,,,,"excluded: no domestic filings (foreign filer, fund, or shell)",out,,0,
1516536,RMVEY,Rightmove PLC/ADR,,,,,,"excluded: no domestic filings (foreign filer, fund, or shell)",out,,0,
2017206,MRP,"Millrose Properties, Inc.",6500,3757664588.0099998,,,22.63,sized,in,2026-08-31,0,
60519,LPX,LOUISIANA-PACIFIC CORP,2400,4549217054.6,4549217054.6,69923410.0,65.06,sized,in,2026-08-31,0,
1747777,OTF,Blue Owl Technology Finance Corp.,,,,,,"excluded: investment company (files 40-17G, N-2)",out,,0,
1880319,PRM,"Perimeter Solutions, Inc.",2800,4534127767.099999,4534127767.099999,163686923.0,27.7,sized,in,2026-08-31,0,
1418819,IRDM,Iridium Communications Inc.,4899,5040482613.12,5039475815.4800005,105960383.0,47.56,sized,in,2026-08-31,0,
1596967,MC,Moelis & Co,6282,4168531849.11,,,56.27,sized,in,2026-08-31,0,
1841156,PAY,"Paymentus Holdings, Inc.",7389,4019993532.2400002,,,31.92,sized,in,2026-08-31,0,
1587732,OGS,"ONE Gas, Inc.",4924,4548279697.2,4548279697.2,62856270.0,72.36,sized,in,2026-08-31,0,
73756,OII,OCEANEERING INTERNATIONAL INC,1389,4437031574.099999,4437031574.099999,99529645.0,44.58,sized,in,2026-08-31,0,
1046311,CHH,CHOICE HOTELS INTERNATIONAL INC /DE,7011,4717803758.04,4717803758.04,45008622.0,104.82,sized,in,2026-08-31,0,
1224608,CNO,"CNO Financial Group, Inc.",6321,4954519417.05,4954519417.05,92521371.0,53.55,sized,in,2026-08-31,0,
1561894,HASI,"HA Sustainable Infrastructure Capital, Inc.",6799,4670821966.5,4670821966.5,128495790.0,36.35,sized,in,2026-08-31,0,
1381668,TFSL,TFS Financial CORP,6035,4540368203.450001,4540368203.450001,280442755.0,16.19,sized,in,2026-08-31,0,
2113060,IQMX,IQM Quantum Computers Oyj,7372,,,,,"excluded: no domestic filings (foreign filer, fund, or shell)",out,,0,
1018840,ANF,ABERCROMBIE & FITCH CO /DE/,5651,6000645251.57,6000645251.57,42434377.0,141.41,sized,in,2026-08-31,0,
104889,GHC,Graham Holdings Co,8200,5016780407.36,,,1184.62,sized,in,2026-08-31,0,
355811,GNTX,GENTEX CORP,3714,4455952450.65,4455952450.65,210683331.0,21.15,sized,in,2026-08-31,0,
1679049,INSW,"International Seaways, Inc.",4400,6033904306.0199995,6033904306.0199995,49531311.0,121.82,sized,in,2026-08-31,0,
1032033,SLM,SLM Corp,6141,4261960000.0000005,4260757537.86,187946958.0,22.67,sized,in,2026-08-31,0,
1306830,CE,Celanese Corp,2820,4917849374.06,4917849374.06,109748926.0,44.81,sized,in,2026-08-31,0,
1378239,OMAB,Central North Airport Group,4581,,,,,"excluded: no domestic filings (foreign filer, fund, or shell)",out,,0,
1820872,GBTG,"Global Business Travel Group, Inc.",4700,,,522373443.0,,unsized,kept,2026-08-31,0,counting failure; kept as a member
25232,CUZ,COUSINS PROPERTIES INC,6798,4562769047.76,4562769047.76,164602058.0,27.72,sized,in,2026-08-31,0,
90896,SKY,"Champion Homes, Inc.",2451,4422202516.98,4422202516.98,54280134.0,81.47,sized,in,2026-08-31,0,
2083632,OCTV,Octave Intelligence plc,7372,,,,,excluded: no Section 16 filings,out,,0,
1463101,ENPH,"Enphase Energy, Inc.",3674,4348880365.679999,,,32.91,sized,in,2026-08-31,0,
1877322,ESAB,ESAB Corp,3569,4033447512.7999997,4033447512.7999997,62167810.0,64.88,sized,in,2026-08-31,0,
1496919,MBRFY,MARFRIG GLOBAL FOODS S.A.,,,,,,"excluded: no domestic filings (foreign filer, fund, or shell)",out,,0,
1610250,BOOT,"Boot Barn Holdings, Inc.",5661,3682637030.3999996,3682637030.3999996,30284844.0,121.6,sized,in,2026-08-31,0,
912767,UFPI,UFP INDUSTRIES INC,2421,4217095986.9500003,4217095986.9500003,55161491.0,76.45,sized,in,2026-08-31,0,
313143,HAE,HAEMONETICS CORP,3841,5435532682.97,5435532682.97,45497051.0,119.47,sized,in,2026-08-31,0,
2011286,AMTM,"Amentum Holdings, Inc.",7389,4638286654.61,4638286654.61,244506413.0,18.97,sized,in,2026-08-31,0,
36029,FFIN,FIRST FINANCIAL BANKSHARES INC,6022,4504783545.01,4504783545.01,143327507.0,31.43,sized,in,2026-08-31,0,
1710072,EWTX,"Edgewise Therapeutics, Inc.",2834,4260539980.6699996,4260539980.6699996,108604129.0,39.23,sized,in,2026-08-31,0,
1347426,BMA,Macro Bank Inc.,6029,,,,,"excluded: no domestic filings (foreign filer, fund, or shell)",out,,0,
43920,GEF,"GREIF, INC",3412,4654727340.8,,,81.88,sized,in,2026-08-31,0,
1126956,SR,SPIRE INC,4924,4610207817.929999,4610518608.08,59116792.0,77.99,sized,in,2026-08-31,0,
2094691,OBOCY,Ottobock SE & Co. KGaA/ADR,,,,,,"excluded: no domestic filings (foreign filer, fund, or shell)",out,,0,
1990354,WAY,Waystar Holding Corp.,7373,5077498055.68,5077498055.68,191748416.0,26.48,sized,in,2026-08-31,0,
1818794,DYN,"Dyne Therapeutics, Inc.",2834,3057039075.4700003,3057039075.4700003,186746431.0,16.37,sized,in,2026-08-31,0,
890926,RDN,RADIAN GROUP INC,6351,4520736036.06,4520736036.06,132301318.0,34.17,sized,in,2026-08-31,0,
1056288,FHI,"FEDERATED HERMES, INC.",6282,4177242721.9500003,,,55.95,sized,in,2026-08-31,0,
1433087,FLIDY,FLSMIDTH & CO. A/S,,,,,,"excluded: no domestic filings (foreign filer, fund, or shell)",out,,0,
1114995,PI,IMPINJ INC,3679,5605207064.849999,5605207064.849999,30554413.0,183.45,sized,in,2026-08-31,0,
1853717,ATAT,Atour Lifestyle Holdings Ltd,7011,,,,,"excluded: no domestic filings (foreign filer, fund, or shell)",out,,0,
1430723,SFBS,"ServisFirst Bancshares, Inc.",6022,4220717772.0,4220717772.0,109345020.0,38.6,sized,in,2026-08-31,0,"cover count 54,672,510 as of 2026-08-04 restated 2x through the split(s) since"
1857047,MDA,MDA Space Ltd.,3760,,,,,"excluded: no domestic filings (foreign filer, fund, or shell)",out,,0,
1735707,GTX,Garrett Motion Inc.,3714,4802205410.5,,,25.75,sized,in,2026-08-31,0,
1788348,BIPC,Brookfield Infrastructure Corp,4923,4567569116.610001,2504072207.0550003,67440673.5,37.13,disagree,in,2026-08-31,0,"cover count 44,960,449 as of 2020-12-31 restated 1.5x through the split(s) since"
1786352,BILL,"BILL Holdings, Inc.",7372,3835749654.3599997,3835749654.3599997,85276782.0,44.98,sized,in,2026-08-31,0,
1710366,CNR,"Core Natural Resources, Inc.",1220,4395290557.349999,4395290557.349999,49636257.0,88.55,sized,in,2026-08-31,0,
1104657,MTRN,MATERION Corp,3460,5773233534.75,5773233534.75,20833725.0,277.11,sized,in,2026-08-31,0,
1069878,TREX,TREX CO INC,2400,4526889043.599999,4526889043.599999,101865190.0,44.44,sized,in,2026-08-31,0,
1657573,XMTR,"Xometry, Inc.",7389,6103814053.04,4911236242.88,46123556.0,106.48,sized,in,2026-08-31,0,
813762,IEP,ICAHN ENTERPRISES L.P.,2911,4720476217.5199995,4720476217.5199995,710915093.0,6.64,sized,in,2026-08-31,0,
1657677,PBLS,"Parabilis Medicines, Inc.",2834,3470048711.6,,,28.09,sized,in,2026-08-31,0,
700923,MYRG,MYR GROUP INC.,1623,4839078592.5,4839078592.5,15569250.0,310.81,sized,in,2026-08-31,0,
1357615,KBR,"KBR, INC.",1600,4435063620.9,4435063620.9,126067755.0,35.18,sized,in,2026-08-31,0,
1830081,RUM,RUM Group Inc.,7370,3470671358.0,,,7.0,sized,in,2026-08-31,0,
1317685,ALH,Alliance Laundry Holdings Inc.,3580,4222280399.0399995,4221855599.0399995,198769096.0,21.24,sized,in,2026-08-31,0,
1693736,EQPT,EquipmentShare.com Inc,7359,3967867580.58,,,15.66,sized,in,2026-08-31,0,
833079,MTH,Meritage Homes CORP,1531,3951505258.59,3951505258.59,65174093.0,60.63,sized,in,2026-08-31,0,
1071321,TKC,TURKCELL ILETISIM HIZMETLERI A S,4813,,,,,"excluded: no domestic filings (foreign filer, fund, or shell)",out,,0,
1845257,LFST,"LifeStance Health Group, Inc.",8000,4584659012.820001,4607590644.54,382055609.0,12.06,sized,in,2026-08-31,0,
1600928,HPHTY,Hamamatsu Photonics K.K./ADR,,,,,,"excluded: no domestic filings (foreign filer, fund, or shell)",out,,0,
1646188,ONDS,Ondas Inc.,3663,3988773488.1499996,3908283535.85,570552341.0,6.85,sized,in,2026-08-31,0,
1824502,ACHR,Archer Aviation Inc.,3721,3634526496.0,3634512336.0,770023800.0,4.72,sized,in,2026-08-31,0,
1361113,VRNS,VARONIS SYSTEMS INC,7372,5614380506.8,5614380506.8,114860485.0,48.88,sized,in,2026-08-31,0,
77543,TPC,TUTOR PERINI CORP,1540,4428422416.08,856876607.1,52569117.0,16.3,disagree,in,2026-08-31,0,
1449664,NWSGY,CTF Services Ltd,,,,,,"excluded: no domestic filings (foreign filer, fund, or shell)",out,,0,
103730,VSH,VISHAY INTERTECHNOLOGY INC,3670,5300784011.52,4532320535.04,131143534.0,34.56,sized,in,2026-08-31,0,
766421,ALK,"ALASKA AIR GROUP, INC.",4512,4410555302.400001,4410555302.400001,111603120.0,39.52,sized,in,2026-08-31,0,
1748797,DOO,BRP Inc.,3790,,,,,"excluded: no domestic filings (foreign filer, fund, or shell)",out,,0,
50725,GFF,GRIFFON CORP,3442,4173908079.4,4173908079.4,45294716.0,92.15,sized,in,2026-08-31,0,
315213,RHI,ROBERT HALF INC.,7363,3490538334.8,3490538334.8,102361828.0,34.1,sized,in,2026-08-31,0,
1045450,EPR,EPR PROPERTIES,6798,4168291446.0199995,4168291446.0199995,76608922.0,54.41,sized,in,2026-08-31,0,
1872195,BLSH,Bullish,6199,,,,,"excluded: no domestic filings (foreign filer, fund, or shell)",out,,0,
98222,TDW,TIDEWATER INC,4400,4214352765.7000003,4214352765.7000003,49756231.0,84.7,sized,in,2026-08-31,0,
1517175,CHEF,"Chefs' Warehouse, Inc.",5141,4544683646.2,,,111.4,sized,in,2026-08-31,0,
899715,SKT,TANGER INC.,6798,3975961809.29,3975961809.29,114878989.0,34.61,sized,in,2026-08-31,0,
1609253,CRC,California Resources Corp,1311,4711895323.65,4711895323.65,88819893.0,53.05,sized,in,2026-08-31,0,
913142,BDC,BELDEN INC.,3357,4218099936.54,4218099936.54,39078191.0,107.94,sized,in,2026-08-31,0,
1853868,FRVO,Fervo Energy Co,4911,4067732146.2000003,,,13.8,sized,in,2026-08-31,0,
1639300,OLLI,"Ollie's Bargain Outlet Holdings, Inc.",5331,5150782364.129999,5150782364.129999,59402403.0,86.71,sized,in,2026-08-31,0,
78890,BCO,BRINKS CO,4731,4216170936.24,4216170936.24,41189634.0,102.36,sized,in,2026-08-31,0,
1866364,BULL,Webull Corp,6211,,,,,"excluded: no domestic filings (foreign filer, fund, or shell)",out,,0,
2067129,NP,Neptune Insurance Holdings Inc.,6411,3902909079.6000004,,,28.44,sized,in,2026-08-31,0,
1258602,NNI,NELNET INC,6141,4506778010.48,,,125.96,sized,in,2026-08-31,0,
1854640,CGAU,Centerra Gold Inc.,1040,,,,,"excluded: no domestic filings (foreign filer, fund, or shell)",out,,0,
1840776,HGTY,"Hagerty, Inc.",6411,1580751426.6,,,14.2,sized,in,2026-08-31,0,
2070849,BLLN,"BillionToOne, Inc.",8071,4502115295.58,,,95.41,sized,in,2026-08-31,0,
38725,FELE,FRANKLIN ELECTRIC CO INC,3621,4282764517.6800003,,,96.87,sized,in,2026-08-31,0,
1841408,DAVE,Dave Inc./DE,6199,4507796173.799999,,,353.4,sized,in,2026-08-31,0,
886977,MEOH,METHANEX CORP,2860,,,,,"excluded: no domestic filings (foreign filer, fund, or shell)",out,,0,
1070235,BB,BLACKBERRY Ltd,7372,5066088567.77,5066088567.77,587032279.0,8.63,sized,in,2026-08-31,0,
883984,ICUI,ICU MEDICAL INC/DE,3841,3930606232.84,3930606232.84,25007038.0,157.18,sized,in,2026-08-31,0,
1516513,DOCS,"Doximity, Inc.",7371,5236866892.4,,,29.38,sized,in,2026-08-31,0,
887153,SIM,"GRUPO SIMEC, S.A.B. de C.V.",3312,,,,,"excluded: no domestic filings (foreign filer, fund, or shell)",out,,0,
889900,PTEN,PATTERSON UTI ENERGY INC,1381,4378298353.52,4378298353.52,381384874.0,11.48,sized,in,2026-08-31,0,
2044153,NGXXF,NGEx Minerals Ltd.,,,,,,"excluded: no domestic filings (foreign filer, fund, or shell)",out,,0,
700564,FULT,FULTON FINANCIAL CORP,6021,4251667318.0099998,4251667318.0099998,190914563.0,22.27,sized,in,2026-08-31,0,
730464,CVSA,Covista Inc.,8200,4411646500.32,4434917857.8,34038820.0,130.29,sized,in,2026-08-31,0,
1040971,SLG,SL GREEN REALTY CORP,6798,3467394448.58,3480832198.02,71124483.0,48.94,sized,in,2026-08-31,0,
1424182,BNL,"Broadstone Net Lease, Inc.",6798,3501179016.9599996,3500127791.0399995,191892971.0,18.24,sized,in,2026-08-31,0,
1760965,KTB,"Kontoor Brands, Inc.",2320,3625721150.8,3625721150.8,54653620.0,66.34,sized,in,2026-08-31,0,
1603454,CELC,Celcuity Inc.,8071,3321008595.96,3321008595.96,48931908.0,67.87,sized,in,2026-08-31,0,
1970622,USAR,"USA Rare Earth, Inc.",1000,4741210230.42,1675225025.43,132638561.0,12.63,disagree,in,2026-08-31,0,
278166,CVCO,"CAVCO INDUSTRIES, INC.",2451,4219328665.44,4219328665.44,7689402.0,548.72,sized,in,2026-08-31,0,
315709,IBOC,INTERNATIONAL BANCSHARES CORP,6022,4253899557.6000004,4253899557.6000004,62191514.0,68.4,sized,in,2026-08-31,0,
849869,SLGN,SILGAN HOLDINGS INC,3411,3783416315.9999995,3783416315.9999995,105682020.0,35.8,sized,in,2026-08-31,0,
1385280,CNK,"Cinemark Holdings, Inc.",7830,4262078908.3500004,4428026257.21,120424973.0,36.77,sized,in,2026-08-31,0,
1786842,VNT,Vontier Corp,3824,4353440000.0,4353440000.0,135200000.0,32.2,sized,in,2026-08-31,0,
1846832,DLO,dLocal Ltd,7389,,,,,"excluded: no domestic filings (foreign filer, fund, or shell)",out,,0,
1672619,ELVN,"Enliven Therapeutics, Inc.",2834,2976991019.4300003,2976991019.4300003,73270761.0,40.63,sized,in,2026-08-31,0,
1888447,EE,"Excelerate Energy, Inc.",4924,1087969423.72,,,34.67,sized,in,2026-08-31,0,
1361658,TNL,Travel & Leisure Co.,7011,3836871341.85,3831996965.52,61204232.0,62.61,sized,in,2026-08-31,0,
1455863,COLD,AMERICOLD REALTY TRUST,6798,3942486409.31,3942486409.31,285480551.0,13.81,sized,in,2026-08-31,0,
1818201,CCC,CCC Intelligent Solutions Holdings Inc.,7372,3869695205.28,3869695205.28,588994704.0,6.57,sized,in,2026-08-31,0,
2014596,CON,"Concentra Group Holdings Parent, Inc.",8093,4668424314.96,4668424314.96,127517736.0,36.61,sized,in,2026-08-31,0,
1507605,MARA,"MARA Holdings, Inc.",6199,3828226033.27,3828226033.27,386299297.0,9.91,sized,in,2026-08-31,0,
56978,KLIC,KULICKE & SOFFA INDUSTRIES INC,3674,4757763135.8,4757763135.8,52329115.0,90.92,sized,in,2026-08-31,0,
1713748,SKE,Skeena Resources Ltd,1040,,,,,"excluded: no domestic filings (foreign filer, fund, or shell)",out,,0,
1757073,NVST,Envista Holdings Corp,3843,3649234348.48,3649234348.48,160617709.0,22.72,sized,in,2026-08-31,0,
1174169,AQN,ALGONQUIN POWER & UTILITIES CORP.,4911,,,,,"excluded: no domestic filings (foreign filer, fund, or shell)",out,,0,
56679,KFY,KORN FERRY,7361,4081079003.4300003,3978977003.4300003,54558851.0,72.93,sized,in,2026-08-31,0,
1812364,RLAY,"Relay Therapeutics, Inc.",2836,3815255795.71,3815255795.71,219141631.0,17.41,sized,in,2026-08-31,0,
860546,CDP,COPT DEFENSE PROPERTIES,6798,3795848029.2599998,3795848029.2599998,113410458.0,33.47,sized,in,2026-08-31,0,
1469395,PAM,Pampa Energy Inc.,4911,,,,,"excluded: no domestic filings (foreign filer, fund, or shell)",out,,0,
1057706,FBP,FIRST BANCORP /PR/,6022,4071662707.5600004,4071662707.5600004,152668268.0,26.67,sized,in,2026-08-31,0,
1464521,HTFL,"Heartflow, Inc.",3841,4141601254.01,4141601254.01,86953627.0,47.63,sized,in,2026-08-31,0,
1051627,AXTI,AXT INC,3674,4698976371.92,4698976371.92,65573212.0,71.66,sized,in,2026-08-31,0,
1025996,KRC,KILROY REALTY CORP,6798,3976604299.72,3975572411.33,116278807.0,34.19,sized,in,2026-08-31,0,
780571,ITRI,"ITRON, INC.",3825,3688158205.19,3688158205.19,43786753.0,84.23,sized,in,2026-08-31,0,
16040,CBT,CABOT CORP,2890,3903820439.27,3903820439.27,51631007.0,75.61,sized,in,2026-08-31,0,
931427,TGS,GAS TRANSPORTER OF THE SOUTH INC,4922,,,,,"excluded: no domestic filings (foreign filer, fund, or shell)",out,,0,
949157,CENX,CENTURY ALUMINUM CO,3334,3601376072.1000004,3601376072.1000004,98993295.0,36.38,sized,in,2026-08-31,0,
1639691,LIVN,LivaNova PLC,3845,4182148116.37,4182148116.37,55093507.0,75.91,sized,in,2026-08-31,0,
1993004,NWE,"NorthWestern Energy Group, Inc.",4931,4591077145.5,4591077145.5,61517850.0,74.63,sized,in,2026-08-31,0,
887936,FCN,"FTI CONSULTING, INC",8742,3879426287.5,3879426287.5,27611575.0,140.5,sized,in,2026-08-31,0,
1438472,MIAX,"MIAMI INTERNATIONAL HOLDINGS, INC.",6211,3046388568.6,3046388568.6,99230898.0,30.7,sized,in,2026-08-31,0,
1311370,LAZ,"Lazard, Inc.",6282,3490679489.04,,,35.82,sized,in,2026-08-31,0,
1674910,VVV,VALVOLINE INC,2990,3935184000.0,3934765131.12,127586418.0,30.84,sized,in,2026-08-31,0,
1964504,ARIS,Aris Mining Corp,1040,,,,,"excluded: no domestic filings (foreign filer, fund, or shell)",out,,0,
1997350,ARX,Accelerant Holdings,6411,4289473902.0,,,19.75,sized,in,2026-08-31,0,
932696,NSIT,INSIGHT ENTERPRISES INC,5961,4736023924.5,4736023924.5,29348850.0,161.37,sized,in,2026-08-31,0,
1077428,TCBI,TEXAS CAPITAL BANCSHARES INC/TX,6022,4016596951.91,4016596951.91,43474369.0,92.39,sized,in,2026-08-31,0,
1284812,CNS,"COHEN & STEERS, INC.",6282,3636016598.43,3636016598.43,51421533.0,70.71,sized,in,2026-08-31,0,
857855,UCB,UNITED COMMUNITY BANKS INC,6022,4048925390.74,4048925390.74,120575503.0,33.58,sized,in,2026-08-31,0,
1114483,ITGR,Integer Holdings Corp,3845,4305728662.2,4305092879.2,33992048.0,126.65,sized,in,2026-08-31,0,
46765,HP,"Helmerich & Payne, Inc.",1381,4016546199.5499997,4016546199.5499997,99938945.0,40.19,sized,in,2026-08-31,0,
2091028,MTLMY,Metallium Limited/ADR,,,,,,"excluded: no domestic filings (foreign filer, fund, or shell)",out,,0,
1811935,PTRN,Pattern Group Inc.,5961,3255273283.15,,,18.35,sized,in,2026-08-31,0,
63276,MAT,MATTEL INC /DE/,3942,4736905999.999999,4736905999.999999,285700000.0,16.58,sized,in,2026-08-31,0,
1625297,INDV,"Indivior Pharmaceuticals, Inc.",2834,4184232060.3,4183583857.05,118013649.0,35.45,sized,in,2026-08-31,0,
1658551,AMLX,"Amylyx Pharmaceuticals, Inc.",2834,3413954905.6,3030706905.6,111423048.0,27.2,sized,in,2026-08-31,0,
923796,GEO,GEO GROUP INC,1520,4074942320.6400003,4074942320.6400003,131619584.0,30.96,sized,in,2026-08-31,0,
67716,MDU,MDU RESOURCES GROUP INC,4924,3956673267.3599997,3956673267.3599997,210349456.0,18.81,sized,in,2026-08-31,0,
23194,CRK,COMSTOCK RESOURCES INC,1311,4025537713.0800004,4025537713.0800004,293620548.0,13.71,sized,in,2026-08-31,0,
1489079,ADOOY,Adaro Energy PT/ADR/,8880,,,,,"excluded: no domestic filings (foreign filer, fund, or shell)",out,,0,
8947,AZZ,AZZ INC,3470,4098423706.3799996,4098423706.3799996,30051501.0,136.38,sized,in,2026-08-31,0,
1468091,VEON,VEON Ltd.,4812,,,,,"excluded: no domestic filings (foreign filer, fund, or shell)",out,,0,
1650729,SITE,"SiteOne Landscape Supply, Inc.",5040,3830323918.6,,,87.74,sized,in,2026-08-31,0,
1691421,LMND,"Lemonade, Inc.",6331,3630675209.6499996,3630675209.6499996,77396615.0,46.91,sized,in,2026-08-31,0,
1694426,DK,"Delek US Holdings, Inc.",2911,4690384528.4,4690384528.4,61232174.0,76.6,sized,in,2026-08-31,0,
1388658,IRTC,"iRhythm Holdings, Inc.",3841,3382004107.7999997,3382004107.7999997,32963003.0,102.6,sized,in,2026-08-31,0,
861842,CATY,CATHAY GENERAL BANCORP,6022,3976143672.0,3976143672.0,66713820.0,59.6,sized,in,2026-08-31,0,
3197,CECO,CECO ENVIRONMENTAL CORP,3564,3839252356.5,3839252356.5,58569830.0,65.55,sized,in,2026-08-31,0,
29002,DIOD,DIODES INC /DEL/,3674,4432016089.2,4432016089.2,46051705.0,96.24,sized,in,2026-08-31,0,
730263,THO,THOR INDUSTRIES INC,3716,3412225405.71,3412225405.71,51614361.0,66.11,sized,in,2026-08-31,0,
1395942,OPLN,"OPENLANE, Inc.",5500,4355452783.2,4381413194.4,122797455.0,35.68,sized,in,2026-08-31,0,
806628,DNP,DNP SELECT INCOME FUND INC,,,,,,"excluded: no domestic filings (foreign filer, fund, or shell)",out,,0,
2035057,IFHLY,Inficon Holding AG/ADR,,,,,,"excluded: no domestic filings (foreign filer, fund, or shell)",out,,0,
1173420,NG,NOVAGOLD RESOURCES INC,1040,2755764442.32,2755764442.32,438815994.0,6.28,sized,in,2026-08-31,0,
2013745,CLMT,"Calumet, Inc. /DE",2911,5076123013.5,5076123013.5,87898234.0,57.75,sized,in,2026-08-31,0,
1361538,PRIM,Primoris Services Corp,1623,4449780149.82,4449780149.82,53832327.0,82.66,sized,in,2026-08-31,0,
2085236,AMVOY,AUMOVIO SE,,,,,,"excluded: no domestic filings (foreign filer, fund, or shell)",out,,0,
1445305,WK,WORKIVA INC,7372,4009951000.72,,,73.69,sized,in,2026-08-31,0,
1478320,ADPT,Adaptive Biotechnologies Corp,2836,4163855517.78,4163855517.78,159595842.0,26.09,sized,in,2026-08-31,0,
828944,WSFS,WSFS FINANCIAL CORP,6021,3852742523.0499997,3852742523.0499997,51090605.0,75.41,sized,in,2026-08-31,0,
1637207,PLNT,"Planet Fitness, Inc.",7997,3325722084.79,,,44.03,sized,in,2026-08-31,0,
1819133,TNGX,"Tango Therapeutics, Inc.",2834,3805535983.19,3805535983.19,168610367.0,22.57,sized,in,2026-08-31,0,
1827635,MANE,"Veradermics, Inc",2834,5290618621.679999,5290618621.679999,41780136.0,126.63,sized,in,2026-08-31,0,
1801198,LEGN,Legend Biotech Corp,2834,,,,,"excluded: no domestic filings (foreign filer, fund, or shell)",out,,0,
1466085,IRT,"INDEPENDENCE REALTY TRUST, INC.",6798,3451038975.84,3451300460.88,235744567.0,14.64,sized,in,2026-08-31,0,
1647088,WSC,WillScot Holdings Corp,7350,3053067642.3,3053067642.3,181190958.0,16.85,sized,in,2026-08-31,0,
1101215,BFH,"BREAD FINANCIAL HOLDINGS, INC.",6141,3869972865.6400003,3869972865.6400003,38419268.0,100.73,sized,in,2026-08-31,0,
1122976,AVNT,AVIENT CORP,2821,3758667158.9999995,3758667158.9999995,91719550.0,40.98,sized,in,2026-08-31,0,
1815779,HAFN,Hafnia Ltd,4700,,,,,"excluded: no domestic filings (foreign filer, fund, or shell)",out,,0,
88121,SEB,SEABOARD CORP /DE/,5150,3892082120.46,3892082120.46,957794.0,4063.59,sized,in,2026-08-31,0,
1783398,UWMC,UWM Holdings Corp,6162,376157777.02000004,112383583.45,103104205.0,1.09,disagree,in,2026-08-31,0,
1845338,MNDY,monday.com Ltd.,7372,,,,,"excluded: no domestic filings (foreign filer, fund, or shell)",out,,0,
1853860,ERO,Ero Copper Corp.,1000,,,,,"excluded: no domestic filings (foreign filer, fund, or shell)",out,,0,
1981792,HHH,Howard Hughes Holdings Inc.,6798,4295620901.660001,4295734119.4800005,59721036.0,71.93,sized,in,2026-08-31,0,
16160,CALM,CAL-MAINE FOODS INC,0200,3028249040.79,3028249040.79,46710613.0,64.83,sized,in,2026-08-31,0,
1410384,QTWO,"Q2 Holdings, Inc.",7372,3659597049.5499997,3659597049.5499997,62354695.0,58.69,sized,in,2026-08-31,0,
1662991,SEZL,Sezzle Inc.,7389,3947385141.08,3947385141.08,33675014.0,117.22,sized,in,2026-08-31,0,
354647,CVBF,CVB FINANCIAL CORP,6022,3827944211.25,3827944211.25,175997435.0,21.75,sized,in,2026-08-31,0,
2089661,SUNC,SunocoCorp LLC,2911,3721087211.5400004,3721087211.5400004,51517198.0,72.23,sized,in,2026-08-31,0,
776901,INDB,INDEPENDENT BANK CORP,6022,3653104914.88,3653104914.88,47369099.0,77.12,sized,in,2026-08-31,0,
793733,SKYW,SKYWEST INC,4512,3755863877.25,3755863877.25,38828325.0,96.73,sized,in,2026-08-31,0,
745308,JOE,ST JOE Co,6552,3714711927.75,3714711927.75,56930451.0,65.25,sized,in,2026-08-31,0,
2007191,TLX,Telix Pharmaceuticals Ltd,2834,,,,,"excluded: no domestic filings (foreign filer, fund, or shell)",out,,0,
1921963,ATMU,Atmus Filtration Technologies Inc.,3714,3477601360.74,3477601360.74,81595527.0,42.62,sized,in,2026-08-31,0,
203596,WSBC,WESBANCO INC,6021,3544681657.44,3544681657.44,95905889.0,36.96,sized,in,2026-08-31,0,
1745916,PFSI,"PennyMac Financial Services, Inc.",6162,3186709426.48,3186709426.48,51951572.0,61.34,sized,in,2026-08-31,0,
1483934,STNG,Scorpio Tankers Inc.,4412,,,,,"excluded: no domestic filings (foreign filer, fund, or shell)",out,,0,
1418121,APLE,"Apple Hospitality REIT, Inc.",6798,3829261361.56,3829261361.56,236082698.0,16.22,sized,in,2026-08-31,0,
1350593,MWA,"Mueller Water Products, Inc.",3490,3366069639.24,3366069639.24,156125679.0,21.56,sized,in,2026-08-31,0,
1836470,SRAD,Sportradar Group AG,7370,,,,,"excluded: no domestic filings (foreign filer, fund, or shell)",out,,0,
1690680,NMRK,"NEWMARK GROUP, INC.",6531,2268982410.04,,,12.52,sized,in,2026-08-31,0,
1860160,FLY,Firefly Aerospace Inc.,3760,3460254012.15,3460254012.15,167404645.0,20.67,sized,in,2026-08-31,0,
1524358,VAC,MARRIOTT VACATIONS WORLDWIDE Corp,6531,3584336297.2,3584336297.2,34395320.0,104.21,sized,in,2026-08-31,0,
701985,BBWI,"Bath & Body Works, Inc.",5990,3571138493.23,3571138493.23,201645313.0,17.71,sized,in,2026-08-31,0,
1005284,OLED,UNIVERSAL DISPLAY CORP \PA\,3670,3350982271.5000005,3350982271.5000005,45966835.0,72.9,sized,in,2026-08-31,0,
1607678,VKTX,"Viking Therapeutics, Inc.",2834,3526292410.23,3234785943.01,116652937.0,27.73,sized,in,2026-08-31,0,
9092,BMI,BADGER METER INC,3824,3700460888.02,3700460888.02,28986847.0,127.66,sized,in,2026-08-31,0,
1717393,CAAP,CORPORACION AMERICA AIRPORTS S.A.,4581,,,,,"excluded: no domestic filings (foreign filer, fund, or shell)",out,,0,
2064947,WBI,WaterBridge Infrastructure LLC,1389,1651393854.04,,,29.78,sized,in,2026-08-31,0,
1676725,IDYA,"IDEAYA Biosciences, Inc.",2834,3479410793.0400004,3479410793.0400004,96489484.0,36.06,sized,in,2026-08-31,0,
868780,DORM,"Dorman Products, Inc.",3714,3610632442.06,3610632442.06,29675618.0,121.67,sized,in,2026-08-31,0,
799292,MHO,"M/I HOMES, INC.",1531,3291092145.2699995,3291092145.2699995,25283031.0,130.17,sized,in,2026-08-31,0,
1434588,LOPE,"Grand Canyon Education, Inc.",8200,4178225431.1000004,4178225431.1000004,26065037.0,160.3,sized,in,2026-08-31,0,
925261,AKO-A,ANDINA BOTTLING CO INC,2086,,,,,"excluded: no domestic filings (foreign filer, fund, or shell)",out,,0,
1376139,CVI,CVR ENERGY INC,2911,5985591864.46,5985591864.46,100530599.0,59.54,sized,in,2026-08-31,0,
1466593,OTTR,Otter Tail Corp,4911,3708586281.4,3708586281.4,41985580.0,88.33,sized,in,2026-08-31,0,
1714899,DNLI,Denali Therapeutics Inc.,2836,2984351014.01,2984351014.01,159847403.0,18.67,sized,in,2026-08-31,0,
1113232,ACLS,AXCELIS TECHNOLOGIES INC,3559,4122061151.72,4122061151.72,30881489.0,133.48,sized,in,2026-08-31,0,
1144800,TAC,TRANSALTA CORP,4911,,,,,"excluded: no domestic filings (foreign filer, fund, or shell)",out,,0,
1724521,RCUS,"Arcus Biosciences, Inc.",2834,3034354350.08,3034354350.08,127333376.0,23.83,sized,in,2026-08-31,0,
1051512,TDS,TELEPHONE & DATA SYSTEMS INC /DE/,4813,3928909080.0000005,1701367940.16,49849632.0,34.13,disagree,in,2026-08-31,0,
1522727,USAC,"USA Compression Partners, LP",4922,3678662096.1,3678662096.1,144943345.0,25.38,sized,in,2026-08-31,0,
1144980,ABG,ASBURY AUTOMOTIVE GROUP INC,5500,3033155896.32,3033155896.32,17951917.0,168.96,sized,in,2026-08-31,0,
1826836,AYA,Aya Gold & Silver Inc.,1040,,,,,"excluded: no domestic filings (foreign filer, fund, or shell)",out,,0,
1985406,NEXHY,"Nippon Express Holdings, Inc./ADR",,,,,,"excluded: no domestic filings (foreign filer, fund, or shell)",out,,0,
760498,BANF,BANCFIRST CORP /OK/,6021,3591705840.5,3591705840.5,33598745.0,106.9,sized,in,2026-08-31,0,
715072,RNST,RENASANT CORP,6022,3591281429.85,3591281429.85,91404465.0,39.29,sized,in,2026-08-31,0,
1794669,FOUR,"Shift4 Payments, Inc.",7389,3120503942.4,3120503942.4,78960120.0,39.52,sized,in,2026-08-31,0,
1952073,MSGE,Madison Square Garden Entertainment Corp.,7990,3862945408.44,,,81.66,sized,in,2026-08-31,0,
1530950,POST,"Post Holdings, Inc.",2040,3364295558.78,3262913635.15,43956805.0,74.23,sized,in,2026-08-31,0,
1822966,SMR,NUSCALE POWER Corp,3443,3004051301.04,,,7.32,sized,in,2026-08-31,0,
821483,PARR,"PAR PACIFIC HOLDINGS, INC.",1311,4391232306.55,4391232306.55,50099627.0,87.65,sized,in,2026-08-31,0,
1276520,GNW,GENWORTH FINANCIAL INC,6311,3680269100.38,3680269100.38,377851037.0,9.74,sized,in,2026-08-31,0,
1877787,ZGN,Ermenegildo Zegna N.V.,2300,,,,,"excluded: no domestic filings (foreign filer, fund, or shell)",out,,0,
1823144,GPGI,"GPGI, Inc.",6199,3594637016.8,3594637016.8,289890082.0,12.4,sized,in,2026-08-31,0,
1649313,BWLP,BW LPG Ltd,4700,,,,,"excluded: no domestic filings (foreign filer, fund, or shell)",out,,0,
1517413,FSLY,"Fastly, Inc.",7372,4028697000.0,4028697000.0,159300000.0,25.29,sized,in,2026-08-31,0,
822663,IPAR,INTERPARFUMS INC,2844,3574077159.6,3574077159.6,32025781.0,111.6,sized,in,2026-08-31,0,
1660280,TENB,"Tenable Holdings, Inc.",7372,4296560736.83,4296560736.83,110139983.0,39.01,sized,in,2026-08-31,0,
1530238,JOYY,JOYY Inc.,7374,,,,,"excluded: no domestic filings (foreign filer, fund, or shell)",out,,0,
1385849,UUUU,ENERGY FUELS INC,1400,2631849305.68,2484652100.0,249965000.0,9.94,sized,in,2026-08-31,0,
1482981,COCO,"Vita Coco Company, Inc.",2080,3239235284.94,3213088650.3599997,57397082.0,55.98,sized,in,2026-08-31,0,
1611647,FRPT,"Freshpet, Inc.",2040,3132425263.32,3132425263.32,48058074.0,65.18,sized,in,2026-08-31,0,
886346,KAI,KADANT INC,3550,3076865434.35,3076865434.35,11809117.0,260.55,sized,in,2026-08-31,0,
1958140,BATRA,"Atlanta Braves Holdings, Inc.",7900,3706337730.72,,,57.76,sized,in,2026-08-31,0,
1026214,FMCC,FEDERAL HOME LOAN MORTGAGE CORP,6111,,,650059553.0,,unsized,out,,0,counting failure; never a member
817720,SYNA,SYNAPTICS Inc,3674,4727641163.96,4656859892.88,39106986.0,119.08,sized,in,2026-08-31,0,
805676,PRK,PARK NATIONAL CORP /OH/,6021,3223730172.06,3223730172.06,18064161.0,178.46,sized,in,2026-08-31,0,
310354,SXI,STANDEX INTERNATIONAL CORP/DE/,3580,3451828552.9,3406296832.9,12119465.0,281.06,sized,in,2026-08-31,0,
1809987,MIR,"Mirion Technologies, Inc.",3829,3945970652.24,,,16.22,sized,in,2026-08-31,0,
1425205,IOVA,"IOVANCE BIOTHERAPEUTICS, INC.",2836,6029049759.92,6029049759.92,452971432.0,13.31,sized,in,2026-08-31,0,
1570585,LBTYA,Liberty Global Ltd.,4841,3045911964.38,,,8.93,sized,in,2026-08-31,0,
2092258,AWATY,Air Water Inc./ADR,,,,,,"excluded: no domestic filings (foreign filer, fund, or shell)",out,,0,
931015,PII,Polaris Inc.,3790,3005075102.44,,,52.81,sized,in,2026-08-31,0,
1174850,NIC,NICOLET BANKSHARES INC,6021,3437660857.39,3437660857.39,20957513.0,164.03,sized,in,2026-08-31,0,
2110029,EROC,"ERock, Inc.",3620,588204820.83,,,12.21,sized,in,2026-10-09,0,
1955520,KNF,Knife River Corp,1400,2967023963.4,2967023963.4,56763420.0,52.27,sized,in,2026-08-31,0,
2070457,XXI,"Twenty One Capital, Inc.",6199,2190740853.52,,,6.32,sized,in,2026-08-31,0,
880631,WT,"WisdomTree, Inc.",6211,3436294677.48,3436294677.48,151512111.0,22.68,sized,in,2026-08-31,0,
1581760,LIF,"Life360, Inc.",7374,3412397853.7200003,3412397853.7200003,81480369.0,41.88,sized,in,2026-08-31,0,
1821825,OGN,Organon & Co.,2834,3610879703.75,3610879703.75,262609433.0,13.75,sized,in,2026-08-31,0,
1437578,BFAM,BRIGHT HORIZONS FAMILY SOLUTIONS INC.,8351,3350486230.34,3350486230.34,48635306.0,68.89,sized,in,2026-08-31,0,
910108,LXP,LXP Industrial Trust,6798,3596982676.64,3596982676.64,58957264.0,61.01,sized,in,2026-08-31,0,
1056903,AWR,AMERICAN STATES WATER CO,4941,3243383275.58,3243383275.58,39635626.0,81.83,sized,in,2026-08-31,0,
877860,NHI,NATIONAL HEALTH INVESTORS INC,6798,3171551827.72,3171551827.72,49110434.0,64.58,sized,in,2026-08-31,0,
1047335,NHC,NATIONAL HEALTHCARE CORP,8051,3526476312.1499996,3526476312.1499996,15661395.0,225.17,sized,in,2026-08-31,0,
874866,CRVL,CORVEL CORP,6411,3856940195.85,3856940195.85,50516571.0,76.35,sized,in,2026-08-31,0,
2071778,FRMI,Fermi Inc.,6798,2347010512.98,2344110493.6800003,640467348.0,3.66,sized,in,2026-08-31,0,
1518715,MCHB,Mechanics Bancorp,6022,3212898645.59,274540924.08,18920808.0,14.51,disagree,in,2026-08-31,0,
1341335,FSM,FORTUNA MINING CORP.,1040,,,,,"excluded: no domestic filings (foreign filer, fund, or shell)",out,,0,
1563411,CSTM,CONSTELLIUM SE,3341,3469509836.8,,,25.6,sized,in,2026-08-31,0,
1676238,BRZE,"Braze, Inc.",7372,3232612792.42,3232612792.42,113584427.0,28.46,sized,in,2026-08-31,0,
48287,HNI,HNI CORP,2522,3386048237.9999995,3386048237.9999995,72181800.0,46.91,sized,in,2026-08-31,0,
860413,FIBK,FIRST INTERSTATE BANCSYSTEM INC,6022,3329942968.58,3329942968.58,95304607.0,34.94,sized,in,2026-08-31,0,
1210677,FA,FIRST ADVANTAGE CORP,7374,3216946632.4300003,3216946632.4300003,171753691.0,18.73,sized,in,2026-08-31,0,
921082,HIW,"HIGHWOODS PROPERTIES, INC.",6798,3218735236.98,3217757298.46,110272697.0,29.18,sized,in,2026-08-31,0,
1014739,OPCH,"Option Care Health, Inc.",8082,4651087212.45,,,31.05,sized,in,2026-08-31,0,
1157408,LRN,"Stride, Inc.",8200,3381308989.2,3381308989.2,41559845.0,81.36,sized,in,2026-08-31,0,
1231346,SA,SEABRIDGE GOLD INC,1040,,,,,"excluded: no domestic filings (foreign filer, fund, or shell)",out,,0,
1576789,WIX,Wix.com Ltd.,7370,,,,,"excluded: no domestic filings (foreign filer, fund, or shell)",out,,0,
1811414,QS,QuantumScape Corp,3690,2817364448.08,437160752.68,95449946.0,4.58,disagree,in,2026-08-31,0,
1788451,LIFE,Ethos Technologies Inc.,6411,2309367423.88,,,36.22,sized,in,2026-08-31,0,
1625101,PLSE,"PULSE BIOSCIENCES, INC.",3841,3564703897.8599997,3564703897.8599997,71322607.0,49.98,sized,in,2026-08-31,0,
1761312,PLMR,"Palomar Holdings, Inc.",6331,3459196253.52,3459196253.52,26317683.0,131.44,sized,in,2026-08-31,0,
1065059,LEU,CENTRUS ENERGY CORP,1400,2906182115.7200003,1942929139.97,13673933.0,142.09,disagree,in,2026-08-31,0,
825542,SMG,SCOTTS MIRACLE-GRO CO,2870,2936048417.82,2936048417.82,58220274.0,50.43,sized,in,2026-08-31,0,
1263994,UTG,REAVES UTILITY INCOME FUND,,,,,,"excluded: no domestic filings (foreign filer, fund, or shell)",out,,0,
1674168,HGV,Hilton Grand Vacations Inc.,7000,2686146451.2000003,2686146451.2000003,77724145.0,34.56,sized,in,2026-08-31,0,
708955,FFBC,FIRST FINANCIAL BANCORP /OH/,6021,3281208091.2,3275030928.0,104968940.0,31.2,sized,in,2026-08-31,0,
1888886,GPCR,Structure Therapeutics Inc.,2834,1830524029.19,,213929572.0,25.67,sized,in,2026-08-31,0,ADS: ordinary-share count is not price-comparable; sized on the vendor figure
1929561,RXO,"RXO, Inc.",4700,4772323407.94,4771312883.04,164926128.0,28.93,sized,in,2026-08-31,0,
1726978,GSHD,"Goosehead Insurance, Inc.",6411,1080290304.925,959769711.265,21147289.0,45.385,sized,in,2026-08-31,0,
1593275,HG,"Hamilton Insurance Group, Ltd.",6331,3461364948.6,2312762130.9,65890659.0,35.1,disagree,in,2026-08-31,0,
1512920,SII,SPROTT INC.,6199,,,,,"excluded: no domestic filings (foreign filer, fund, or shell)",out,,0,
1703057,ABCL,AbCellera Biologics Inc.,2834,3895049303.2599998,3685469821.3199997,306611466.0,12.02,sized,in,2026-08-31,0,
1544522,FRSH,Freshworks Inc.,7372,3558959330.08,,,13.64,sized,in,2026-08-31,0,
1699031,GRAL,"GRAIL, Inc.",8071,5923189290.740001,5923189290.740001,44666234.0,132.61,sized,in,2026-08-31,0,
82020,USLM,UNITED STATES LIME & MINERALS INC,1400,3128465985.15,3128465985.15,28688363.0,109.05,sized,in,2026-08-31,0,
2052959,LION,Lionsgate Studios Corp.,7812,3356473190.3999996,3356473190.3999996,297559680.0,11.28,sized,in,2026-08-31,0,
1476765,GBDC,"GOLUB CAPITAL BDC, Inc.",,,,,,"excluded: investment company (files 40-17G, N-2)",out,,0,
2104882,EROK,"EagleRock Land, LLC",6792,,,,,excluded: royalty trust (SIC 6792),out,,0,
2027317,CURB,Curbline Properties Corp.,6500,3131335040.5,,,27.22,sized,in,2026-08-31,0,
1628369,CWK,Cushman & Wakefield Ltd.,6500,2776663165.64,2776663165.64,234713708.0,11.83,sized,in,2026-08-31,0,
1547903,NMIH,"NMI Holdings, Inc.",6351,3054596929.11,3054596929.11,75217851.0,40.61,sized,in,2026-08-31,0,
1698514,NESR,National Energy Services Reunited Corp.,1389,2343794762.96,2343794762.96,100851754.0,23.24,sized,in,2026-08-31,0,
1974138,NATL,NCR Atleos Corp,3578,3371178129.08,3371178129.08,73896934.0,45.62,sized,in,2026-08-31,0,
1654126,ZIM,ZIM Integrated Shipping Services Ltd.,4412,,,,,"excluded: no domestic filings (foreign filer, fund, or shell)",out,,0,
1386716,SBLK,Star Bulk Carriers Corp.,4412,,,,,"excluded: no domestic filings (foreign filer, fund, or shell)",out,,0,
1064728,BTU,PEABODY ENERGY CORP,1221,3047500000.0,3047500000.0,121900000.0,25.0,sized,in,2026-08-31,0,
1408075,GPK,GRAPHIC PACKAGING HOLDING CO,2650,2540294096.34,2540294096.34,296071573.0,8.58,sized,in,2026-08-31,0,
878518,TGB,Trekor Metals Ltd,1040,,,,,"excluded: no domestic filings (foreign filer, fund, or shell)",out,,0,
825313,AB,ALLIANCEBERNSTEIN HOLDING L.P.,6282,3285555230.7,3285555230.7,93075219.0,35.3,sized,in,2026-08-31,0,
1086600,ARLP,ALLIANCE RESOURCE PARTNERS LP,1221,3171439444.6499996,3171439444.6499996,128658801.0,24.65,sized,in,2026-08-31,0,
1595974,MGNI,"MAGNITE, INC.",7370,3650144795.65,3650144795.65,143424157.0,25.45,sized,in,2026-08-31,0,
1195737,NEA,Nuveen AMT-Free Quality Municipal Income Fund,,,,,,"excluded: no domestic filings (foreign filer, fund, or shell)",out,,0,
1039065,OSIS,OSI SYSTEMS INC,3674,3082538932.48,3082538932.48,15941968.0,193.36,sized,in,2026-08-31,0,
1674862,ASH,ASHLAND INC.,5160,3237133325.2999997,3237133325.2999997,45793370.0,70.69,sized,in,2026-08-31,0,
851520,EXPO,EXPONENT INC,8742,3317765741.52,3317765741.52,47546084.0,69.78,sized,in,2026-08-31,0,
1549084,CHRN,ChronoScale Holdings Corp,3569,2771480711.56,2771480711.56,145637452.0,19.03,sized,in,2026-08-31,0,
1801169,OPEN,Opendoor Technologies Inc.,6531,2223798504.5,2223798504.5,971091050.0,2.29,sized,in,2026-08-31,0,
1070985,CXW,"CoreCivic, Inc.",6798,3234806025.19,3234806025.19,98893489.0,32.71,sized,in,2026-08-31,0,
913241,SHOO,"STEVEN MADDEN, LTD.",3140,3234427599.0,3234427599.0,73177095.0,44.2,sized,in,2026-08-31,0,
730708,SBCF,SEACOAST BANKING CORP OF FLORIDA,6022,3085742604.13,3085742604.13,96822799.0,31.87,sized,in,2026-08-31,0,
90498,SFNC,SIMMONS FIRST NATIONAL CORP,6021,3234218597.8199997,3234218597.8199997,144513789.0,22.38,sized,in,2026-08-31,0,
2078008,VGNT,Versigent PLC,3714,3128085302.3999996,3128085302.3999996,70835265.0,44.16,sized,in,2026-08-31,0,
723188,CBU,"COMMUNITY FINANCIAL SYSTEM, INC.",6021,3109599985.5,3109599985.5,52615905.0,59.1,sized,in,2026-08-31,0,
1275014,UCTT,"Ultra Clean Holdings, Inc.",3674,3059821619.8199997,3059821619.8199997,45277029.0,67.58,sized,in,2026-08-31,0,
1671235,BMRRY,B&M European Value Retail S.A./ADR,,,,,,"excluded: no domestic filings (foreign filer, fund, or shell)",out,,0,
1422183,FSK,FS KKR Capital Corp,,,,,,"excluded: investment company (files 40-17G, N-2)",out,,0,
1290109,LPL,"LG Display Co., Ltd.",3679,,,,,"excluded: no domestic filings (foreign filer, fund, or shell)",out,,0,
1384101,VCYT,"VERACYTE, INC.",8071,3505035871.6,3505035871.6,80390731.0,43.6,sized,in,2026-08-31,0,
1815846,MNSO,MINISO Group Holding Ltd,5331,,,,,"excluded: no domestic filings (foreign filer, fund, or shell)",out,,0,
1494259,CARG,"CarGurus, Inc.",7374,2604508496.72,,,29.24,sized,in,2026-08-31,0,
1275214,CSQ,CALAMOS STRATEGIC TOTAL RETURN FUND,,,,,,"excluded: no domestic filings (foreign filer, fund, or shell)",out,,0,
2105398,CSQR,"Csquare, Inc.",7370,2896098641.9199996,2896098641.9199996,166633984.0,17.38,sized,in,2026-08-31,0,
1504008,BKU,"BankUnited, Inc.",6035,3035206129.89,3035206129.89,71232249.0,42.61,sized,in,2026-08-31,0,
1273813,AGO,ASSURED GUARANTY LTD,6351,3110209589.7599998,3110209589.7599998,43979208.0,70.72,sized,in,2026-08-31,0,
1279495,BTE,BAYTEX ENERGY CORP.,1381,3314208000.0,3628793016.78,765568147.0,4.74,sized,in,2026-08-31,0,successor issuer: no Form 4s under this CIK; the panel resolves the predecessor
1969302,PONY,Pony AI Inc.,7373,,,,,"excluded: no domestic filings (foreign filer, fund, or shell)",out,,0,
1969373,VTMX,"Vesta Real Estate Corporation, S.A.B. de C.V.",6500,,,,,"excluded: no domestic filings (foreign filer, fund, or shell)",out,,0,
1748824,AAMI,Acadian Asset Management Inc.,6282,3311228942.4,3311228942.4,35490128.0,93.3,sized,in,2026-08-31,0,
1590560,QURE,uniQure N.V.,2834,1563518926.48,,,22.54,sized,in,2026-08-31,0,
19745,CPK,CHESAPEAKE UTILITIES CORP,4923,3236641326.72,3089483272.7999997,24106455.0,128.16,sized,in,2026-08-31,0,
1280784,HTGC,"Hercules Capital, Inc.",,,,,,"excluded: investment company (files 40-17G, N-2)",out,,0,
1821769,NVTS,Navitas Semiconductor Corp,3674,2869731352.68,2005192507.98,183457686.0,10.93,disagree,in,2026-08-31,0,
1504776,WRBY,Warby Parker Inc.,3851,3084020947.2999997,2823915226.25,113182975.0,24.95,sized,in,2026-08-31,0,
826675,DX,DYNEX CAPITAL INC,6798,2655386011.8999996,2647496195.7,247429551.0,10.7,sized,in,2026-08-31,0,
26780,DAN,DANA Inc,3714,3121875224.58,3121875224.58,107576679.0,29.02,sized,in,2026-08-31,0,
1756262,TMDX,"TransMedics Group, Inc.",3845,2739336455.0,2739336455.0,34675145.0,79.0,sized,in,2026-08-31,0,
1655891,TRMD,TORM plc,4412,,,,,"excluded: no domestic filings (foreign filer, fund, or shell)",out,,0,
1063259,DNN,DENISON MINES CORP.,1090,,,,,"excluded: no domestic filings (foreign filer, fund, or shell)",out,,0,
8063,ATRO,ASTRONICS CORP,3728,2771934174.8,2496742548.54,38739217.199999996,64.45,sized,in,2026-08-31,0,"cover count 32,282,681 as of 2023-03-06 restated 1.2x through the split(s) since"
1526243,PPTA,PERPETUA RESOURCES CORP.,1040,2515676598.33,2515676598.33,125095803.0,20.11,sized,in,2026-08-31,0,
1532173,KOZAY,Turk Altin Isletmeleri A.S./ADR,8880,,,,,"excluded: no domestic filings (foreign filer, fund, or shell)",out,,0,
1993344,AAUC,Allied Gold Corp,1040,,,,,"excluded: no domestic filings (foreign filer, fund, or shell)",out,,0,
78749,AGYS,AGILYSYS INC,7373,2893631790.92,2893631790.92,28205788.0,102.59,sized,in,2026-08-31,0,
1620533,SHAK,Shake Shack Inc.,5810,2719872509.19,,,67.31,sized,in,2026-08-31,0,
2230,ADX,"ADAMS DIVERSIFIED EQUITY FUND, INC.",,,,,,"excluded: no domestic filings (foreign filer, fund, or shell)",out,,0,
937098,TNET,"TRINET GROUP, INC.",7389,3052206029.62,3052206029.62,45904738.0,66.49,sized,in,2026-08-31,0,
1776111,MBX,"MBX Biosciences, Inc.",2834,2564525112.0,2564525112.0,48160096.0,53.25,sized,in,2026-08-31,0,
1472012,IMNM,Immunome Inc.,2834,2278640169.96,2193184015.99,113577629.0,19.31,sized,in,2026-08-31,0,
1850351,LFTO,"Liftoff Mobile, Inc.",7374,2734704161.0499997,2734704161.0499997,169331527.0,16.15,sized,in,2026-08-31,0,
744218,CLDX,"Celldex Therapeutics, Inc.",2835,2300915287.6,2300915287.6,78529532.0,29.3,sized,in,2026-08-31,0,
1819790,TARS,"Tarsus Pharmaceuticals, Inc.",2836,3379295707.36,3169229971.12,43882996.0,72.22,sized,in,2026-08-31,0,
1621434,BSM,"Black Stone Minerals, L.P.",1311,3137480922.25,,,14.75,sized,in,2026-08-31,0,
1617406,PK,Park Hotels & Resorts Inc.,7011,3062355999.3,3062355999.3,201338330.0,15.21,sized,in,2026-08-31,0,
1277866,EXK,ENDEAVOUR SILVER CORP,1040,,,,,"excluded: no domestic filings (foreign filer, fund, or shell)",out,,0,
104918,AVA,AVISTA CORP,4931,2971550408.3999996,2971550408.3999996,83752830.0,35.48,sized,in,2026-08-31,0,
36377,FHB,"FIRST HAWAIIAN, INC.",6022,3037166545.92,3037148624.64,121680634.0,24.96,sized,in,2026-08-31,0,
1565687,INTA,"Intapp, Inc.",7372,2964253440.25,2957155870.2,76511148.0,38.65,sized,in,2026-08-31,0,
1331284,DHT,"DHT Holdings, Inc.",4412,,,,,"excluded: no domestic filings (foreign filer, fund, or shell)",out,,0,
1419945,TNK,TEEKAY TANKERS LTD.,4400,,,,,"excluded: no domestic filings (foreign filer, fund, or shell)",out,,0,
1040470,AEHR,AEHR TEST SYSTEMS,3825,2848239006.66,2844829444.5,32620450.0,87.21,sized,in,2026-08-31,0,
1636222,WING,Wingstop Inc.,5812,3228241701.0,3228241701.0,27242546.0,118.5,sized,in,2026-08-31,0,
1666138,ATKR,Atkore Inc.,3690,3203037200.08,3202988642.0,33772550.0,94.84,sized,in,2026-08-31,0,
1845097,AMBP,Ardagh Metal Packaging S.A.,3411,,,,,"excluded: no domestic filings (foreign filer, fund, or shell)",out,,0,
2097163,XNDU,Xanadu Quantum Technologies Ltd,3571,,,,,"excluded: no domestic filings (foreign filer, fund, or shell)",out,,0,
1670592,YETI,"YETI Holdings, Inc.",3949,2890356321.6,2890356321.6,72988796.0,39.6,sized,in,2026-08-31,0,
1035201,CWT,CALIFORNIA WATER SERVICE GROUP,4941,2819863005.6,2819863005.6,61839101.0,45.6,sized,in,2026-08-31,0,
57515,MZTI,MARZETTI CO,2030,2788867290.0,2788867290.0,27291000.0,102.19,sized,in,2026-08-31,0,
1816736,IRON,"Disc Medicine, Inc.",2834,2333133129.88,2333133129.88,38392844.0,60.77,sized,in,2026-08-31,0,
1795589,KC,Kingsoft Cloud Holdings Ltd,7372,,,,,"excluded: no domestic filings (foreign filer, fund, or shell)",out,,0,
1936258,NAMS,NewAmsterdam Pharma Co N.V.,2834,2541360212.94,2541360212.94,119537169.0,21.26,sized,in,2026-08-31,0,
1373670,GRBK,"Green Brick Partners, Inc.",1531,2737200693.44,2737200693.44,43010696.0,63.64,sized,in,2026-08-31,0,
2007691,IOND,Ionic Digital Inc.,6199,3572246333.25,3572246333.25,44996175.0,79.39,sized,in,2026-08-31,0,
1840856,SOUN,"SOUNDHOUND AI, INC.",7372,2451499128.72,96384720.0,17461000.0,5.52,disagree,in,2026-08-31,0,
39368,FUL,FULLER H B CO,2891,2715140762.3599997,2715140762.3599997,53829119.0,50.44,sized,in,2026-08-31,0,
1552797,DKL,"Delek Logistics Partners, LP",4610,3271327236.6,3010967236.6,53197301.0,56.6,sized,in,2026-08-31,0,
827876,CLSK,"CLEANSPARK, INC.",6199,2729965485.9900002,2729965485.9900002,256817073.0,10.63,sized,in,2026-08-31,0,
98677,TR,TOOTSIE ROLL INDUSTRIES INC,2060,2825379275.0400004,,,37.59,sized,in,2026-08-31,0,
69891,FIZZ,NATIONAL BEVERAGE CORP,2086,2887095913.68,2887095913.68,93615302.0,30.84,sized,in,2026-08-31,0,
1787306,ARQT,"Arcutis Biotherapeutics, Inc.",2834,3078196124.89,3078196124.89,125691961.0,24.49,sized,in,2026-08-31,0,
1031203,GPI,GROUP 1 AUTOMOTIVE INC,5500,2820917657.25,2820917657.25,11922225.0,236.61,sized,in,2026-08-31,0,
2062440,KYIV,Kyivstar Group Ltd.,4812,,,,,"excluded: no domestic filings (foreign filer, fund, or shell)",out,,0,
874499,GPOR,GULFPORT ENERGY CORP,1311,2911471698.24,2911471698.24,17683866.0,164.64,sized,in,2026-08-31,0,
899629,AKR,ACADIA REALTY TRUST,6798,2496708885.96,2496708885.96,137332722.0,18.18,sized,in,2026-08-31,0,
1178970,PFS,PROVIDENT FINANCIAL SERVICES INC,6035,2897990571.96,2897990571.96,130422618.0,22.22,sized,in,2026-08-31,0,
1834622,HAYW,"Hayward Holdings, Inc.",3580,2426648018.08,,,11.44,sized,in,2026-08-31,0,
1823239,MRVI,"MARAVAI LIFESCIENCES HOLDINGS, INC.",2834,1074214619.45,,,7.21,sized,in,2026-08-31,0,
1280263,AMBA,AMBARELLA INC,3674,2776025666.19,2776025666.19,44140971.0,62.89,sized,in,2026-08-31,0,
1050797,COLM,COLUMBIA SPORTSWEAR CO,2300,2905725691.44,2905725691.44,51193194.0,56.76,sized,in,2026-08-31,0,
821130,AD,"ARRAY DIGITAL INFRASTRUCTURE, INC.",4812,2910881591.64,1789217697.9599998,53155606.0,33.66,disagree,in,2026-08-31,0,
1032220,MMS,"MAXIMUS, INC.",7389,3077065731.51,3077065731.51,52357763.0,58.77,sized,in,2026-08-31,0,
1517302,APAM,Artisan Partners Asset Management Inc.,6282,2389029970.45,,,33.65,sized,in,2026-08-31,0,
1093691,PLUG,PLUG POWER INC,3620,2417147830.94,2417147830.94,1397195278.0,1.73,sized,in,2026-08-31,0,
1111928,IPGP,IPG PHOTONICS CORP,3674,3306635061.8599997,3306635061.8599997,42534539.0,77.74,sized,in,2026-08-31,0,
46195,BOH,BANK OF HAWAII CORP,6022,2671186313.16,2671186313.16,39450396.0,67.71,sized,in,2026-08-31,0,
1781755,BWIN,"Baldwin Insurance Group, Inc.",6411,3084308518.2000003,1082523023.4,33988164.0,31.85,disagree,in,2026-08-31,0,
1694028,LBRT,Liberty Energy Inc.,1389,3076158191.6000004,,,18.85,sized,in,2026-08-31,0,
1899123,BTDR,Bitdeer Technologies Group,6199,,,,,"excluded: no domestic filings (foreign filer, fund, or shell)",out,,0,
921582,IMAX,IMAX CORP,3861,2813948869.34,2813948869.34,54842114.0,51.31,sized,in,2026-08-31,0,
1740332,REZI,"RESIDEO TECHNOLOGIES, INC.",5072,2611774901.6,2611774901.6,151847378.0,17.2,sized,in,2026-08-31,0,
1161728,MGEE,MGE ENERGY INC,4900,2672463168.76,2599781728.06,36756422.0,70.73,sized,in,2026-08-31,0,
913059,BBAR,Banco BBVA Argentina S.A.,6029,,,,,"excluded: no domestic filings (foreign filer, fund, or shell)",out,,0,
1934850,FG,"F&G Annuities & Life, Inc.",6311,2557164631.77,2557164631.77,130935209.0,19.53,sized,in,2026-08-31,0,
729580,BELFA,BEL FUSE INC /NJ,3677,2817569878.5,424390578.56,2174912.0,195.13,disagree,in,2026-08-31,0,
1832332,AVAH,"Aveanna Healthcare Holdings, Inc.",8082,2671877959.92,2671009079.04,218219696.0,12.24,sized,in,2026-08-31,0,
1685040,BHF,"Brighthouse Financial, Inc.",6311,2817491471.37,2817491471.37,57511563.0,48.99,sized,in,2026-08-31,0,
894405,ARCB,ARCBEST CORP /TX/,4213,2904781965.84,2904781965.84,22351354.0,129.96,sized,in,2026-08-31,0,
833640,POWI,POWER INTEGRATIONS INC,3674,2787518837.2200003,2787518837.2200003,55873298.0,49.89,sized,in,2026-08-31,0,
1611547,UE,Urban Edge Properties,6500,2435255749.14,2430925684.2599998,126019994.0,19.29,sized,in,2026-08-31,0,
944148,CBZ,"CBIZ, Inc.",7389,3010738413.6,3018015031.6,55073267.0,54.8,sized,in,2026-08-31,0,
1169770,BANC,"BANC OF CALIFORNIA, INC.",6021,2748723197.5,2740441678.15,157950529.0,17.35,sized,in,2026-08-31,0,
1092699,SPSC,SPS COMMERCE INC,7372,2999534497.68,2999534497.68,36000174.0,83.32,sized,in,2026-08-31,0,
1679688,DBRG,"DigitalBridge Group, Inc.",6282,,,187495281.0,,unsized,kept,2026-08-31,0,counting failure; kept as a member
1745999,BEAM,Beam Therapeutics Inc.,2836,2540876559.0,2540876559.0,103287665.0,24.6,sized,in,2026-08-31,0,
2007825,INFQ,"Infleqtion, Inc.",7374,2514984700.32,2514984700.32,225357052.0,11.16,sized,in,2026-08-31,0,
1847367,ALMS,ALUMIS INC.,2834,902163615.8299999,,,6.97,sized,in,2026-08-31,0,
1649749,FBK,FB Financial Corp,6022,2644343281.58,2644343281.58,49978138.0,52.91,sized,in,2026-08-31,0,
793952,HOG,"HARLEY-DAVIDSON, INC.",3751,2783939562.25,2783939562.25,104072507.0,26.75,sized,in,2026-08-31,0,
1078271,EXTR,EXTREME NETWORKS INC,3576,3195887405.1,3155263989.54,130490653.0,24.18,sized,in,2026-08-31,0,
1737706,SDRL,SEADRILL Ltd,1381,2853140629.66,2853140629.66,62541443.0,45.62,sized,in,2026-08-31,0,
1020859,UNFI,UNITED NATURAL FOODS INC,5141,2658173891.88,2658173891.88,60317084.0,44.07,sized,in,2026-08-31,0,
105132,WDFC,WD 40 CO,2890,2736561474.4,2736561474.4,13421096.0,203.9,sized,in,2026-08-31,0,
1854587,CLBT,Cellebrite DI Ltd.,7372,,,,,"excluded: no domestic filings (foreign filer, fund, or shell)",out,,0,
1803696,ADEA,Adeia Inc.,4841,2659405817.25,2659405817.25,110280150.0,24.115,sized,in,2026-08-31,0,
1390478,SLS,"SELLAS Life Sciences Group, Inc.",2834,2273908683.34,2273908683.34,201945709.0,11.26,sized,in,2026-08-31,0,
1020710,DXPE,DXP ENTERPRISES INC,5084,2771052289.84,2771052289.84,15517148.0,178.58,sized,in,2026-08-31,0,
1647639,UPST,"Upstart Holdings, Inc.",6199,2354002582.7400002,2354002582.7400002,97313046.0,24.19,sized,in,2026-08-31,0,
1704292,ZLAB,Zai Lab Ltd,2834,2785325116.68,,88592343.0,24.81,sized,in,2026-08-31,0,ADS: ordinary-share count is not price-comparable; sized on the vendor figure
1486749,HYPMY,Hypermarcas S.A.,,,,,,"excluded: no domestic filings (foreign filer, fund, or shell)",out,,0,
1332349,BKD,Brookdale Senior Living Inc.,8050,2600719874.28,2600719874.28,238817252.0,10.89,sized,in,2026-08-31,0,
1800227,PPLI,People Inc,7370,3047808450.25,,,40.93,sized,in,2026-08-31,0,
1819810,RDW,Redwire Corp,3760,2439927863.84,2439927863.84,249992609.0,9.76,sized,in,2026-08-31,0,
1817358,ASO,"Academy Sports & Outdoors, Inc.",5940,3248902289.16,3248902289.16,61578891.0,52.76,sized,in,2026-08-31,0,
1328581,BCC,BOISE CASCADE Co,5030,2589636071.22,2589636071.22,34891351.0,74.22,sized,in,2026-08-31,0,
103145,VECO,VEECO INSTRUMENTS INC,3559,3145119978.0,3145119978.0,61129640.0,51.45,sized,in,2026-08-31,0,
871763,MAN,ManpowerGroup Inc.,7363,2528042785.2,2528042785.2,46505570.0,54.36,sized,in,2026-08-31,0,
1104485,NOG,"NORTHERN OIL & GAS, INC.",1311,2678645077.92,2678645077.92,106549128.0,25.14,sized,in,2026-08-31,0,
1459200,ALRM,"Alarm.com Holdings, Inc.",7372,2712725999.2799997,2712725999.2799997,49090228.0,55.26,sized,in,2026-08-31,0,
752714,MGRC,MCGRATH RENTCORP,7359,2753504989.9900002,2753504989.9900002,24425663.0,112.73,sized,in,2026-08-31,0,
25445,CXT,"Crane NXT, Co.",3490,2773303626.72,2773303626.72,57561304.0,48.18,sized,in,2026-08-31,0,
854775,DGII,DIGI INTERNATIONAL INC,3576,2843452856.3900003,2843452856.3900003,37948123.0,74.93,sized,in,2026-08-31,0,
1867072,KD,"Kyndryl Holdings, Inc.",7373,2587680964.44,2587680964.44,217818263.0,11.88,sized,in,2026-08-31,0,
1724965,TALO,TALOS ENERGY INC.,1311,2830064682.6,2830064682.6,166965468.0,16.95,sized,in,2026-08-31,0,
1441683,APPN,APPIAN CORP,7372,2769122900.02,,,38.66,sized,in,2026-08-31,0,
837465,CALY,Callaway Golf Co,3949,2475940926.27,2475940926.27,178510521.0,13.87,sized,in,2026-08-31,0,
1876183,IHS,IHS Holding Ltd,4812,,,,,"excluded: no domestic filings (foreign filer, fund, or shell)",out,,0,
1777921,AVPT,"AvePoint, Inc.",7372,3048657788.66,3048657788.66,211565426.0,14.41,sized,in,2026-08-31,0,
1599617,DNOW,DNOW Inc.,3533,2829299194.15,2829299194.15,180785891.0,15.65,sized,in,2026-08-31,0,
1650132,FCPT,"Four Corners Property Trust, Inc.",6798,2332323627.5,2332323627.5,109756406.0,21.25,sized,in,2026-08-31,0,
81362,KWR,QUAKER CHEMICAL CORP,2990,2720709763.2200003,2720709763.2200003,17207702.0,158.11,sized,in,2026-08-31,0,
1216583,JPC,Nuveen Preferred & Income Opportunities Fund,,,,,,"excluded: no domestic filings (foreign filer, fund, or shell)",out,,0,
1587523,KN,Knowles Corp,3651,3172139507.64,,,37.14,sized,in,2026-08-31,0,
30305,DCO,DUCOMMUN INC /DE/,3728,2541292805.7000003,2541292805.7000003,15099779.0,168.3,sized,in,2026-08-31,0,
2096861,SIND,Sinda Ltd.,1040,2159556036.0,2159556036.0,158790885.0,13.6,sized,in,2026-08-31,0,
2035304,TTAM,Titan America SA,1400,,,,,"excluded: no domestic filings (foreign filer, fund, or shell)",out,,0,
1340677,SVM,SILVERCORP METALS INC,1040,,,,,"excluded: no domestic filings (foreign filer, fund, or shell)",out,,0,
1576018,SPNT,SiriusPoint Ltd,6331,2907610350.48,2907610350.48,116165016.0,25.03,sized,in,2026-08-31,0,
1693256,WTTR,"Select Water Solutions, Inc.",1389,2527280683.2000003,,,19.6,sized,in,2026-08-31,0,
887733,CENT,CENTRAL GARDEN & PET CO,5190,2538129848.8999996,,,40.55,sized,in,2026-08-31,0,
1832466,ALHC,"Alignment Healthcare, Inc.",6324,1806760147.7900002,1806760147.7900002,207435149.0,8.71,sized,in,2026-08-31,0,
108516,WOR,"WORTHINGTON ENTERPRISES, INC.",3310,2995297716.48,2995764947.52,48934416.0,61.22,sized,in,2026-08-31,0,
1078075,NTCT,NETSCOUT SYSTEMS INC,7373,2857397361.6,2857397361.6,72707312.0,39.3,sized,in,2026-08-31,0,
1886428,SLDE,"Slide Insurance Holdings, Inc.",6331,2955336490.7000003,2955336490.7000003,116811719.0,25.3,sized,in,2026-08-31,0,
1549595,NRIX,"Nurix Therapeutics, Inc.",2834,2304991179.4300003,2304991179.4300003,103781683.0,22.21,sized,in,2026-08-31,0,
771497,ABM,ABM INDUSTRIES INC /DE/,7340,2924281994.88,2924281994.88,58614592.0,49.89,sized,in,2026-08-31,0,
1164009,FXCNY,FIH Mobile Ltd,,,,,,"excluded: no domestic filings (foreign filer, fund, or shell)",out,,0,
2081043,ATAI,AtaiBeckley Inc.,2834,,,370864669.0,,unsized,kept,2026-08-31,0,counting failure; kept as a member
1590750,VRDN,"Viridian Therapeutics, Inc.\DE",2834,2077780213.46,2077780213.46,113292269.0,18.34,sized,in,2026-08-31,0,
1295401,TBBK,"Bancorp, Inc.",6021,2012013287.97,2012013287.97,40786809.0,49.33,sized,in,2026-08-31,0,
1528849,RH,RH,5712,2152132183.53,2152132183.53,18933159.0,113.67,sized,in,2026-08-31,0,
1083839,NAD,Nuveen Quality Municipal Income Fund,,,,,,"excluded: no domestic filings (foreign filer, fund, or shell)",out,,0,
1820144,GRND,Grindr Inc.,7370,2596880167.38,2596880167.38,173820627.0,14.94,sized,in,2026-08-31,0,
2091017,SSMR,Sunshine Silver Mining & Refining Co,1040,2102720201.89,2102720201.89,143726603.0,14.63,sized,in,2026-08-31,0,
790359,NBTB,NBT BANCORP INC,6021,2625541882.33,2625541882.33,51960061.0,50.53,sized,in,2026-08-31,0,
36146,TRMK,TRUSTMARK CORP,6021,2587044205.35,2587044205.35,58070577.0,44.55,sized,in,2026-08-31,0,
76605,PATK,PATRICK INDUSTRIES INC,3714,2089935438.4799998,2089935438.4799998,32118264.0,65.07,sized,in,2026-08-31,0,
1111335,VC,VISTEON CORP,3714,2299811208.3500004,2299811208.3500004,26695429.0,86.15,sized,in,2026-08-31,0,
811589,FBNC,FIRST BANCORP /NC/,6022,2472776187.0899997,2471282220.33,41374221.0,59.73,sized,in,2026-08-31,0,
1844452,LUNR,"Intuitive Machines, Inc.",3812,2211357524.6,1153164030.8999999,84172557.0,13.7,disagree,in,2026-08-31,0,
1704715,AMR,"Alpha Metallurgical Resources, Inc.",1221,2209703962.6,2209703962.6,12679045.0,174.28,sized,in,2026-08-31,0,
1759655,PRVA,"Privia Health Group, Inc.",8000,2578953639.3300004,2578953639.3300004,127734207.0,20.19,sized,in,2026-08-31,0,
766829,HTO,H2O AMERICA,4941,2430624608.28,,,58.07,sized,in,2026-08-31,0,
1865631,NN,NEXTNAV INC.,3812,1958194956.0,1958194956.0,168809910.0,11.6,sized,in,2026-08-31,0,
936528,WAFD,WAFD INC,6021,2201102604.7999997,2200618378.12,73995238.0,29.74,sized,in,2026-08-31,0,
1533082,EBOSY,EBOS Group Limited/ADR,,,,,,"excluded: no domestic filings (foreign filer, fund, or shell)",out,,0,
1488813,CUBI,"Customers Bancorp, Inc.",6022,2520271405.3999996,2520271405.3999996,33783799.0,74.6,sized,in,2026-08-31,0,
107140,WLY,"JOHN WILEY & SONS, INC.",2731,2503786142.0,3007698795.4,60884591.0,49.4,sized,in,2026-08-31,0,
1758488,OSW,ONESPAWORLD HOLDINGS Ltd,7997,2385219732.0,2385219732.0,101498712.0,23.5,sized,in,2026-08-31,0,
1430162,CSAN,Cosan S.A.,5500,,,,,"excluded: no domestic filings (foreign filer, fund, or shell)",out,,0,
1830487,PHVS,Pharvaris N.V.,2834,,,,,"excluded: no domestic filings (foreign filer, fund, or shell)",out,,0,
1260729,GDV,GABELLI DIVIDEND & INCOME TRUST,,,,,,"excluded: no domestic filings (foreign filer, fund, or shell)",out,,0,
1108134,BBT,Beacon Financial Corp,6036,2303266043.28,2303266043.28,83816086.0,27.48,sized,in,2026-08-31,0,
1798562,TMC,TMC the metals Co Inc.,1000,1513094703.26,1513094703.26,441135482.0,3.43,sized,in,2026-08-31,0,
1838406,BKV,BKV Corp,1311,2619941650.2000003,2448776563.38,102288077.0,23.94,sized,in,2026-08-31,0,
712534,FRME,FIRST MERCHANTS CORP,6021,2486308336.57,2495070316.19,63022741.0,39.59,sized,in,2026-08-31,0,
1545057,PTXKY,PT XLSMART Telecom Sejahtera Tbk/ADR,8880,,,,,"excluded: no domestic filings (foreign filer, fund, or shell)",out,,0,
1090116,NVG,Nuveen AMT-Free Municipal Credit Income Fund,,,,,,"excluded: no domestic filings (foreign filer, fund, or shell)",out,,0,
805928,AXGN,"Axogen, Inc.",3845,2122735340.34,1945091540.34,53761513.0,36.18,sized,in,2026-08-31,0,
1520697,ACHC,"Acadia Healthcare Company, Inc.",8093,2651495832.0,,,28.48,sized,in,2026-08-31,0,
1699963,LIME,"Neutron Holdings, Inc.",7372,1905986292.6999998,1905986292.6999998,64984190.0,29.33,sized,in,2026-08-31,0,
1029199,EEFT,"EURONET WORLDWIDE, INC.",6099,2381112857.7,2381112857.7,37403595.0,63.66,sized,in,2026-08-31,0,
1356576,SUPN,"SUPERNUS PHARMACEUTICALS, INC.",2834,2453565386.02,2449472327.82,58127013.0,42.14,sized,in,2026-08-31,0,
106640,WHR,WHIRLPOOL CORP /DE/,3630,1901213862.48,1901213862.48,65199378.0,29.16,sized,in,2026-08-31,0,
1298946,DRH,DiamondRock Hospitality Co,6798,2578031580.6,2578031580.6,204605681.0,12.6,sized,in,2026-08-31,0,
1616533,PENG,"Penguin Solutions, Inc.",3674,3667439967.43,3667439967.43,51242699.0,71.57,sized,in,2026-08-31,0,
1968915,PHIN,PHINIA INC.,3714,2141862624.48,2141862624.48,36638088.0,58.46,sized,in,2026-08-31,0,
1951070,MH,"McGraw Hill, Inc.",2741,2557798843.18,2557798843.18,191308814.0,13.37,sized,in,2026-08-31,0,
1816581,OUST,"Ouster, Inc.",3569,2850600523.4900002,2850600523.4900002,72112333.0,39.53,sized,in,2026-08-31,0,
1756770,CURLF,"Curaleaf Holdings, Inc.",2833,,,,,excluded: no Section 16 filings,out,,0,
1289848,HURN,Huron Consulting Group Inc.,8742,2630094002.32,,,165.31,sized,in,2026-08-31,0,
863436,BHE,BENCHMARK ELECTRONICS INC,3672,2915261762.2799997,2915261762.2799997,35919933.0,81.16,sized,in,2026-08-31,0,
814453,NWL,NEWELL BRANDS INC.,3089,2440407000.0,2440407000.0,425900000.0,5.73,sized,in,2026-08-31,0,
1849635,DJT,Trump Media & Technology Group Corp.,7370,2279118422.2,2279118446.7999997,277941274.0,8.2,sized,in,2026-08-31,0,
1866226,EMAT,Evolution Metals & Technologies Corp.,3690,1066241098.1999999,1057061098.1999999,621800646.0,1.7,sized,in,2026-08-31,0,
1337634,STUB,"StubHub Holdings, Inc.",7990,2346032391.24,,,6.14,sized,in,2026-08-31,0,
835324,SYBT,"Stock Yards Bancorp, Inc.",6022,2357647537.27,2357647537.27,31066643.0,75.89,sized,in,2026-08-31,0,
1307748,IVT,InvenTrust Properties Corp.,6798,2307381773.29,2307381773.29,77978431.0,29.59,sized,in,2026-08-31,0,
816761,TDC,TERADATA CORP /DE/,7372,2816970000.0,2816970000.0,93000000.0,30.29,sized,in,2026-08-31,0,
1356090,PGEN,"PRECIGEN, INC.",2834,2721067877.2,2721067877.2,358035247.0,7.6,sized,in,2026-08-31,0,
1515673,RARE,Ultragenyx Pharmaceutical Inc.,2834,1507423868.1699998,1507423868.1699998,98588873.0,15.29,sized,in,2026-08-31,0,
1964954,ECO,Okeanis Eco Tankers Corp.,4412,,,,,"excluded: no domestic filings (foreign filer, fund, or shell)",out,,0,
1415921,NMM,Navios Maritime Partners L.P.,4412,,,,,"excluded: no domestic filings (foreign filer, fund, or shell)",out,,0,
1124796,LASR,"NLIGHT, INC.",3674,2210111447.07,2210111447.07,57690197.0,38.31,sized,in,2026-08-31,0,
1818331,WGS,GeneDx Holdings Corp.,8000,2019880701.93,2019880701.93,29822541.0,67.73,sized,in,2026-08-31,0,
1563880,TRVI,"Trevi Therapeutics, Inc.",2834,1827252660.8249998,1827252660.8249998,142475841.0,12.825,sized,in,2026-08-31,0,
906709,NKTR,NEKTAR THERAPEUTICS,2834,1393034155.1999998,1393034155.1999998,34142994.0,40.8,sized,in,2026-08-31,0,
711377,NEOG,NEOGEN CORP,2835,2556363658.1400003,2556363658.1400003,218306034.0,11.71,sized,in,2026-08-31,0,
1406666,CALX,"CALIX, INC",4899,2271740723.12,2271740723.12,62963989.0,36.08,sized,in,2026-08-31,0,
1517228,VISN,"Vistance Networks, Inc.",3663,1388371000.24,1388371000.24,230626412.0,6.02,sized,in,2026-08-31,0,
763744,LCII,LCI INDUSTRIES,3714,1949539746.33,1949539746.33,24311507.0,80.19,sized,in,2026-08-31,0,
314489,BUSE,FIRST BUSEY CORP /NV/,6022,2412898654.3199997,2412898654.3199997,82576956.0,29.22,sized,in,2026-08-31,0,
1527636,ATHM,Autohome Inc.,7374,,,,,"excluded: no domestic filings (foreign filer, fund, or shell)",out,,0,
1846576,FIGS,"FIGS, Inc.",2300,2488780825.16,,,14.98,sized,in,2026-08-31,0,
2118195,AADX,"Applied Aerospace & Defense, Inc.",3728,1922187725.7,1922187725.7,172393518.0,11.15,sized,in,2026-08-31,0,
1323885,ATRC,"AtriCure, Inc.",3841,2687774974.96,2687774974.96,50866294.0,52.84,sized,in,2026-08-31,0,
1190935,PTY,PIMCO CORPORATE & INCOME OPPORTUNITY FUND,,,,,,"excluded: no domestic filings (foreign filer, fund, or shell)",out,,0,
1629019,MBIN,Merchants Bancorp,6022,2287716135.0,2287716135.0,45938075.0,49.8,sized,in,2026-08-31,0,
1848763,RNW,ReNew Energy Global plc,4911,,,,,"excluded: no domestic filings (foreign filer, fund, or shell)",out,,0,
811596,KALU,KAISER ALUMINUM CORP,3350,2448113036.08,2448113036.08,16349092.0,149.74,sized,in,2026-08-31,0,
882796,BCRX,BIOCRYST PHARMACEUTICALS INC,2836,2118386020.4499998,2118386020.4499998,255535105.0,8.29,sized,in,2026-08-31,0,
1864163,INTR,"Inter & Co, Inc.",6029,,,,,"excluded: no domestic filings (foreign filer, fund, or shell)",out,,0,
1024795,HLIO,"HELIOS TECHNOLOGIES, INC.",3490,2238991707.15,2238991707.15,32950577.0,67.95,sized,in,2026-08-31,0,
1293613,KYN,"Kayne Anderson Energy Infrastructure Fund, Inc.",,,,,,"excluded: no domestic filings (foreign filer, fund, or shell)",out,,0,
1287865,MPT,MEDICAL PROPERTIES TRUST INC,6798,1905068000.0,1907939000.0,598100000.0,3.19,sized,in,2026-08-31,0,
1024305,COTY,COTY INC.,2844,2457115234.56,2457115234.56,880686464.0,2.79,sized,in,2026-08-31,0,
1217234,CDNA,"CareDx, Inc.",8071,3218127341.7149997,3218127341.7149997,51734223.0,62.205,sized,in,2026-08-31,0,
21535,COHU,COHU INC,3825,3236528664.21,3236528664.21,47338433.0,68.37,sized,in,2026-08-31,0,
46250,HWKN,HAWKINS INC,5160,2667631201.4300003,2667631201.4300003,20875117.0,127.79,sized,in,2026-08-31,0,
885590,BHC,Bausch Health Companies Inc.,2834,2258902988.44,2258902988.44,373990561.0,6.04,sized,in,2026-08-31,0,
1295947,PBH,Prestige Consumer Healthcare Inc.,2834,2267818368.14,2267818368.14,47374522.0,47.87,sized,in,2026-08-31,0,
1288847,FIVN,"Five9, Inc.",7374,2626532114.65,2626532114.65,74723531.0,35.15,sized,in,2026-08-31,0,
1925283,LCLN,"Lincoln International, Inc.",6282,848523768.2,,,24.35,sized,in,2026-10-09,0,
921738,PENN,"PENN Entertainment, Inc.",7011,2112889474.16,2112889474.16,134066591.0,15.76,sized,in,2026-08-31,0,
1555815,TSCFY,Tisco Financial Group Public Co Limited/ADR,,,,,,"excluded: no domestic filings (foreign filer, fund, or shell)",out,,0,
1718405,HYMC,HYCROFT MINING HOLDING CORP,1040,1696838411.01,1696838411.01,93181681.0,18.21,sized,in,2026-08-31,0,
1831828,VERA,"Vera Therapeutics, Inc.",2834,2142442949.55,2142442949.55,72063335.0,29.73,sized,in,2026-08-31,0,
940942,HUBG,"Hub Group, Inc.",4731,1616287269.3,1972479040.44,74630308.0,26.43,sized,in,2026-08-31,0,"cover count 37,315,154 as of 2010-10-21 restated 2x through the split(s) since"
946673,BANR,BANNER CORP,6022,2450081492.6400003,2272570864.83,33984909.0,66.87,sized,in,2026-08-31,0,
2091467,BGSI,Boyd Group Services Inc.,7500,,,,,"excluded: no domestic filings (foreign filer, fund, or shell)",out,,0,
1364250,DEI,Douglas Emmett Inc,6798,1658104143.3,1658104143.3,167485267.0,9.9,sized,in,2026-08-31,0,
1845815,PAYO,Payoneer Global Inc.,7389,2426171985.76,2426171985.76,338850836.0,7.16,sized,in,2026-08-31,0,
1712807,PAGS,PagSeguro Digital Ltd.,7374,,,,,"excluded: no domestic filings (foreign filer, fund, or shell)",out,,0,
1362988,AYR,Aircastle LTD,7359,,,17840.0,,unsized,out,,0,counting failure; never a member
1601548,VVX,"V2X, Inc.",8744,2224580057.2599998,2224580057.2599998,31345358.0,70.97,sized,in,2026-08-31,0,
1043509,SAH,SONIC AUTOMOTIVE INC,5500,1944626471.02,,,61.51,sized,in,2026-08-31,0,
2020795,UNIT,Uniti Group Inc.,4813,1796165999.0,1796165999.0,242725135.0,7.4,sized,in,2026-08-31,0,
1137887,NZF,Nuveen Municipal Credit Income Fund,,,,,,"excluded: no domestic filings (foreign filer, fund, or shell)",out,,0,
2042556,SPGNY,Springer Nature AG & Co. KGaA/ADR,,,,,,"excluded: no domestic filings (foreign filer, fund, or shell)",out,,0,
1904856,EFXT,Enerflex Ltd.,3560,,,,,"excluded: no domestic filings (foreign filer, fund, or shell)",out,,0,
1785680,BVC,BitVentures Ltd,6282,,,,,"excluded: no domestic filings (foreign filer, fund, or shell)",out,,0,
1061630,BXMT,"BLACKSTONE MORTGAGE TRUST, INC.",6798,1889373655.1100001,1889373655.1100001,168543591.0,11.21,sized,in,2026-08-31,0,
845877,AGM,FEDERAL AGRICULTURAL MORTGAGE CORP,6111,2251389882.4,,,207.44,sized,in,2026-08-31,0,
1393434,OCUL,"OCULAR THERAPEUTIX, INC",2834,1649315168.68,1649315168.68,219615868.0,7.51,sized,in,2026-08-31,0,
1804176,BFLY,"Butterfly Network, Inc.",3844,2138270019.4899998,,,8.03,sized,in,2026-08-31,0,
2012593,RAPP,"Rapport Therapeutics, Inc.",2834,1432151837.1000001,1432151837.1000001,47978286.0,29.85,sized,in,2026-08-31,0,
1580560,FLYW,Flywire Corp,7389,2242335231.82,,,18.43,sized,in,2026-08-31,0,
1802255,GRDN,"Guardian Pharmacy Services, Inc.",5912,2635039846.4,,,41.6,sized,in,2026-08-31,0,
1811063,NUVB,Nuvation Bio Inc.,2834,1738060003.3500001,1738060003.3500001,351123233.0,4.95,sized,in,2026-08-31,0,
1342338,HIMX,"Himax Technologies, Inc.",3674,,,,,"excluded: no domestic filings (foreign filer, fund, or shell)",out,,0,
99780,TRN,TRINITY INDUSTRIES INC,3743,2023604944.3999999,2023604944.3999999,79669486.0,25.4,sized,in,2026-08-31,0,
2035149,FLOC,Flowco Holdings Inc.,3533,842076994.3499999,,,19.15,sized,in,2026-10-09,0,
1653477,NGVT,Ingevity Corp,2800,2454927410.02,2454927410.02,34377922.0,71.41,sized,in,2026-08-31,0,
1639825,PTON,"PELOTON INTERACTIVE, INC.",3949,2159249260.92,,,4.92,sized,in,2026-08-31,0,
28823,DBD,"DIEBOLD NIXDORF, Inc",3578,2139313975.76,2139313975.76,33946588.0,63.02,sized,in,2026-08-31,0,
2085187,BOBS,"Bob's Discount Furniture, Inc.",5712,1864904574.52,1864904574.52,130687076.0,14.27,sized,in,2026-08-31,0,
1603015,VIA,"Via Transportation, Inc.",7372,2520968610.09,,,30.93,sized,in,2026-08-31,0,
1519449,SKWD,"Skyward Specialty Insurance Group, Inc.",6331,2633155999.83,2633155999.83,44396493.0,59.31,sized,in,2026-08-31,0,
914156,UFPT,UFP TECHNOLOGIES INC,3841,2219633582.4,2219633582.4,7745790.0,286.56,sized,in,2026-08-31,0,
2104204,ALMR,"Alamar Biosciences, Inc.",3826,1797966567.06,1797966567.06,69392766.0,25.91,sized,in,2026-08-31,0,
1493318,ETOR,eToro Group Ltd.,6211,,,,,"excluded: no domestic filings (foreign filer, fund, or shell)",out,,0,
1054905,IOSP,INNOSPEC INC.,2800,2406206981.43,2406206981.43,24631047.0,97.69,sized,in,2026-08-31,0,
1978867,CDLR,Cadeler A/S,4412,,,,,"excluded: no domestic filings (foreign filer, fund, or shell)",out,,0,
1468748,KOD,Kodiak Sciences Inc.,2836,5924189816.820001,5924189816.820001,62849457.0,94.26,sized,in,2026-08-31,0,
1983550,TDTH,Trident Digital Tech Holdings Ltd,7389,,,,,"excluded: no domestic filings (foreign filer, fund, or shell)",out,,0,
1627223,CC,Chemours Co,2800,2081401100.85,2081401100.85,150498995.0,13.83,sized,in,2026-08-31,0,
1428205,ARR,"Armour Residential REIT, Inc.",6798,1906719529.6200001,1906719529.6200001,141553046.0,13.47,sized,in,2026-08-31,0,
804116,RVT,"ROYCE SMALL-CAP TRUST, INC.",,,,,,"excluded: no domestic filings (foreign filer, fund, or shell)",out,,0,
1336917,UAA,"Under Armour, Inc.",2300,2096182240.08,,,4.88,sized,in,2026-08-31,0,
1653242,NTB,Bank of N.T. Butterfield & Son Ltd,6029,,,,,"excluded: no domestic filings (foreign filer, fund, or shell)",out,,0,
1025835,EFSC,ENTERPRISE FINANCIAL SERVICES CORP,6022,2147302211.6,2147302211.6,36192520.0,59.33,sized,in,2026-08-31,0,
1400810,HCI,"HCI Group, Inc.",6331,2392616067.45,2392616067.45,12438867.0,192.35,sized,in,2026-08-31,0,
1365135,WU,Western Union CO,7389,1974193949.73,1974193949.73,311878981.0,6.33,sized,in,2026-08-31,0,
1902733,NCNO,"nCino, Inc.",7372,2080887904.32,2080887904.32,105736174.0,19.68,sized,in,2026-08-31,0,
733269,RAMP,"LiveRamp Holdings, Inc.",7374,2284067473.7400002,2284067473.7400002,60794982.0,37.57,sized,in,2026-08-31,0,
2100782,GENB,"Generate Biomedicines, Inc.",2834,1795650579.64,1795650579.64,128352436.0,13.99,sized,in,2026-08-31,0,
1622629,SXGCF,Southern Cross Gold Consolidated Ltd.,,,,,,"excluded: no domestic filings (foreign filer, fund, or shell)",out,,0,
1668243,URGN,UroGen Pharma Ltd.,2834,1807603256.7199998,1807603256.7199998,48880564.0,36.98,sized,in,2026-08-31,0,
1362468,ALGT,Allegiant Travel CO,4512,2089014548.3250003,2089014548.3250003,27337755.0,76.415,sized,in,2026-08-31,0,
1468328,ADUS,Addus HomeCare Corp,8082,2133725518.0,2133725518.0,18674300.0,114.26,sized,in,2026-08-31,0,
78814,PBI,PITNEY BOWES INC /DE/,3579,2327791799.76,2327791799.76,137090212.0,16.98,sized,in,2026-08-31,0,
1471265,NWBI,"Northwest Bancshares, Inc.",6021,2174917961.7,2174917961.7,146459122.0,14.85,sized,in,2026-08-31,0,
1022408,PLUS,EPLUS INC,5045,2389882288.7999997,2389882288.7999997,26090418.0,91.6,sized,in,2026-08-31,0,
1477720,ASAN,"Asana, Inc.",7372,2259935054.79,,,9.87,sized,in,2026-08-31,0,
1933414,MLYS,"Mineralys Therapeutics, Inc.",2834,1978546086.3,1978546086.3,88406885.0,22.38,sized,in,2026-08-31,0,
793074,WERN,WERNER ENTERPRISES INC,4213,1979246148.0,1979246148.0,59977156.0,33.0,sized,in,2026-08-31,0,
1802665,HRMY,"Harmony Biosciences Holdings, Inc.",2834,2306161162.8,2306161162.8,58236393.0,39.6,sized,in,2026-08-31,0,
1560968,SMSGY,Samsonite International SA/ADR,8880,,,,,"excluded: no domestic filings (foreign filer, fund, or shell)",out,,0,
907242,MCRI,MONARCH CASINO & RESORT INC,7011,2067721247.77,,,115.37,sized,in,2026-08-31,0,
715787,TILE,INTERFACE INC,2273,2013190021.8,2013190021.8,57800460.0,34.83,sized,in,2026-08-31,0,
821026,ANDE,"Andersons, Inc.",5150,2260394672.1,2260394672.1,33975570.0,66.53,sized,in,2026-08-31,0,
1030469,OFG,OFG BANCORP,6022,2152158954.48,2152158954.48,42265494.0,50.92,sized,in,2026-08-31,0,
1265131,HTH,Hilltop Holdings Inc.,6022,2101265775.56,2101265775.56,57286417.0,36.68,sized,in,2026-08-31,0,
891014,MTX,MINERALS TECHNOLOGIES INC,2810,2014030901.4,2014030901.4,31128762.0,64.7,sized,in,2026-08-31,0,
55242,KMT,KENNAMETAL INC,3541,2422327883.01,2416905187.62,76219022.0,31.71,sized,in,2026-08-31,0,
1745431,STNE,StoneCo Ltd.,7374,,,,,"excluded: no domestic filings (foreign filer, fund, or shell)",out,,0,
1828365,RLX,RLX Technology Inc.,2111,,,,,"excluded: no domestic filings (foreign filer, fund, or shell)",out,,0,
1806837,VERX,"Vertex, Inc.",7372,2071523604.6,336612385.71,26359623.0,12.77,disagree,in,2026-08-31,0,
2088281,MFP,"Midera Food Processing, Inc.",3580,1826405772.9,1826405772.9,45230455.0,40.38,sized,in,2026-08-31,0,
1709682,CTOS,"Custom Truck One Source, Inc.",7359,2131726862.9499998,2131726862.9499998,227505535.0,9.37,sized,in,2026-08-31,0,
1600620,AUPH,Aurinia Pharmaceuticals Inc.,2834,2158089944.96,2158089944.96,133051168.0,16.22,sized,in,2026-08-31,0,
2114044,COAG,"Hemab Therapeutics Holdings, Inc.",2836,1442937294.13,1442937294.13,46712117.0,30.89,sized,in,2026-08-31,0,
1596993,LPG,DORIAN LPG LTD.,4412,2491235514.6299996,2491235514.6299996,42782681.0,58.23,sized,in,2026-08-31,0,
84748,ROG,ROGERS CORP,2821,2646657780.2000003,,,148.12,sized,in,2026-08-31,0,
1280058,BLKB,BLACKBAUD INC,7372,2035291949.4800003,2035291949.4800003,45390097.0,44.84,sized,in,2026-08-31,0,
887905,LTC,LTC PROPERTIES INC,6798,2266728924.1499996,2266728924.1499996,53905563.0,42.05,sized,in,2026-08-31,0,
1619762,BRSL,Brightstar Lottery PLC,7990,,,,,"excluded: no domestic filings (foreign filer, fund, or shell)",out,,0,
1801170,CLOV,"CLOVER HEALTH INVESTMENTS, CORP. /DE",6324,2432695684.54,,,4.58,sized,in,2026-08-31,0,
818479,XRAY,DENTSPLY SIRONA Inc.,3843,1732385182.4399998,1732385182.4399998,199353876.0,8.69,sized,in,2026-08-31,0,
1084961,ECPG,ENCORE CAPITAL GROUP INC,6153,2122209161.96,2122209161.96,21209366.0,100.06,sized,in,2026-08-31,0,
887359,VCEL,Vericel Corp,2836,2050824890.6999998,2050824890.6999998,51206614.0,40.05,sized,in,2026-08-31,0,
1788060,VOYG,"Voyager Technologies, Inc./TX",3760,1719798910.8,,,28.18,sized,in,2026-08-31,0,
1845840,TSAT,Telesat Corp,4899,,,,,"excluded: no domestic filings (foreign filer, fund, or shell)",out,,0,
1253327,EVT,Eaton Vance Tax-Advantaged Dividend Income Fund,,,,,,"excluded: no domestic filings (foreign filer, fund, or shell)",out,,0,
1688757,ESTA,ESTABLISHMENT LABS HOLDINGS INC.,3842,1806292613.51,1806292613.51,29801891.0,60.61,sized,in,2026-08-31,0,
1266585,NMZ,NUVEEN MUNICIPAL HIGH INCOME OPPORTUNITY FUND,,,,,,"excluded: no domestic filings (foreign filer, fund, or shell)",out,,0,
876883,STGW,Stagwell Inc,7311,2141604950.76,2141604950.76,244475451.0,8.76,sized,in,2026-08-31,0,
2078856,PURR,Hyperliquid Strategies Inc,6199,2235564846.1,2235564846.1,197837597.0,11.3,sized,in,2026-08-31,0,
1326732,XNCR,Xencor Inc,2834,1821658226.5,1821658226.5,74353397.0,24.5,sized,in,2026-08-31,0,
1529274,ALKT,"ALKAMI TECHNOLOGY, INC.",7372,1532478573.4,1532478573.4,106941980.0,14.33,sized,in,2026-08-31,0,
1345099,MESO,MESOBLAST LTD,2836,,,,,"excluded: no domestic filings (foreign filer, fund, or shell)",out,,0,
1368514,ADMA,"ADMA BIOLOGICS, INC.",2836,2313761744.4,2313761744.4,223984680.0,10.33,sized,in,2026-08-31,0,
2096997,KLRA,"Kailera Therapeutics, Inc.",2834,1296436760.0,1296436760.0,129643676.0,10.0,sized,in,2026-08-31,0,
1309167,AEGXF,Aecon Group Inc.,,,,,,"excluded: no domestic filings (foreign filer, fund, or shell)",out,,0,
1834489,GENI,Genius Sports Ltd,7990,,,,,"excluded: no domestic filings (foreign filer, fund, or shell)",out,,0,
1652535,ICHR,"ICHOR HOLDINGS, LTD.",3674,2203432292.07,2203432292.07,37454229.0,58.83,sized,in,2026-08-31,0,
893949,MD,"Pediatrix Medical Group, Inc.",8060,2132085831.04,2132085831.04,81253271.0,26.24,sized,in,2026-08-31,0,
1804745,DRVN,Driven Brands Holdings Inc.,7500,1941812434.32,1941812434.32,164979816.0,11.77,sized,in,2026-08-31,0,
1469367,RUN,Sunrun Inc.,1700,1828028593.3799999,1828028593.3799999,240846982.0,7.59,sized,in,2026-08-31,0,
1380936,GOF,GUGGENHEIM STRATEGIC OPPORTUNITIES FUND,,,,,,"excluded: no domestic filings (foreign filer, fund, or shell)",out,,0,
1262976,CMPR,CIMPRESS plc,2750,1808679077.28,1808679077.28,24349476.0,74.28,sized,in,2026-08-31,0,
94344,STC,STEWART INFORMATION SERVICES CORP,6361,1583491684.1200001,1583491684.1200001,30522199.0,51.88,sized,in,2026-08-31,0,
2068385,SHAZ,SharonAI Holdings Inc.,7374,1398126870.25,,,39.05,sized,in,2026-08-31,0,
712537,FCF,FIRST COMMONWEALTH FINANCIAL CORP /PA/,6021,2027181855.4999998,2027181855.4999998,101055925.0,20.06,sized,in,2026-08-31,0,
1754195,TRLV,Trulieve Cannabis Corp.,2833,1996901289.9199998,,,10.37,sized,in,2026-08-31,0,
1526113,GNL,"Global Net Lease, Inc.",6798,1841290141.72,1679003596.0,210930100.0,7.96,sized,in,2026-08-31,0,
1648257,HCM,HUTCHMED (China) Ltd,2834,,,,,"excluded: no domestic filings (foreign filer, fund, or shell)",out,,0,
1409970,HAPN,"Happen, Inc.",6141,1769196423.1200001,1769196423.1200001,115407464.0,15.33,sized,in,2026-08-31,0,
876523,EZPW,EZCORP INC,5900,1915190061.0900002,,,31.17,sized,in,2026-08-31,0,
2035697,PLBL,Polibeli Group Ltd,5064,,,,,"excluded: no domestic filings (foreign filer, fund, or shell)",out,,0,
1798100,NTST,NETSTREIT Corp.,6798,1769633005.1399999,1769633005.1399999,101527998.0,17.43,sized,in,2026-08-31,0,
1733998,NWN,Northwest Natural Holding Co,4924,2012071116.3999999,2012071116.3999999,42093538.0,47.8,sized,in,2026-08-31,0,
1077183,NEO,NEOGENOMICS INC,8734,2058176548.8,2058176548.8,128475440.0,16.02,sized,in,2026-08-31,0,
1980088,MNR,MACH NATURAL RESOURCES LP,1311,1781336162.98,,,,excluded: not a common-stock listing (vendor type UNIT),out,,0,
1623526,STOK,"Stoke Therapeutics, Inc.",2834,1545403495.8999999,1545403495.8999999,64526242.0,23.95,sized,in,2026-08-31,0,
814083,CLM,"Cornerstone Strategic Investment Fund, Inc.",0000,,,,,"excluded: no domestic filings (foreign filer, fund, or shell)",out,,0,
2100161,BXDC,Blackstone Digital Infrastructure Trust Inc.,6500,1696957398.3,1696957398.3,100649905.0,16.86,sized,in,2026-08-31,0,
1295810,SHO,"Sunstone Hotel Investors, Inc.",7011,2110463730.35,2110463730.35,185943941.0,11.35,sized,in,2026-08-31,0,
1981599,CTRI,"Centuri Holdings, Inc.",4923,2101041132.9299998,2101041132.9299998,100963053.0,20.81,sized,in,2026-08-31,0,
1583648,PVLA,"PALVELLA THERAPEUTICS, INC.",2834,1892347639.38,1892400175.38,14408407.0,131.34,sized,in,2026-08-31,0,
1561861,AERO,"Grupo Aeromexico, S.A.B. de C.V.",4512,,,,,"excluded: no domestic filings (foreign filer, fund, or shell)",out,,0,
1512499,LIND,"LINDBLAD EXPEDITIONS HOLDINGS, INC.",4700,2328644772.0,2332123747.06,65619689.0,35.54,sized,in,2026-08-31,0,
2013649,CHA,Chagee Holdings Ltd.,5810,,,,,"excluded: no domestic filings (foreign filer, fund, or shell)",out,,0,
34782,SRCE,1ST SOURCE CORP,6022,2047196028.2600002,2047196028.2600002,24081826.0,85.01,sized,in,2026-08-31,0,
850141,HMN,HORACE MANN EDUCATORS CORP /DE/,6331,1858998378.6,1858998378.6,40501054.0,45.9,sized,in,2026-08-31,0,
1381640,MLCO,Melco Resorts & Entertainment LTD,7011,,,,,"excluded: no domestic filings (foreign filer, fund, or shell)",out,,0,
1953926,ZBIO,"Zenas BioPharma, Inc.",2834,1710237211.52,1710237211.52,65176723.0,26.24,sized,in,2026-08-31,0,
1474098,PEB,Pebblebrook Hotel Trust,6798,2141754749.68,2141754749.68,112842716.0,18.98,sized,in,2026-08-31,0,
1046568,PRDO,PERDOCEO EDUCATION Corp,8200,2091950948.65,2091950948.65,62577055.0,33.43,sized,in,2026-08-31,0,
1052752,GTY,GETTY REALTY CORP /MD/,6500,1727922302.1,1727922302.1,61932699.0,27.9,sized,in,2026-08-31,0,
1781753,DAO,"Youdao, Inc.",8200,,,,,"excluded: no domestic filings (foreign filer, fund, or shell)",out,,0,
1819928,DV,"DoubleVerify Holdings, Inc.",7370,2108462886.0,2092322434.5,154986847.0,13.5,sized,in,2026-08-31,0,
1768666,BSTZ,BlackRock Science & Technology Term Trust,,,,,,"excluded: no domestic filings (foreign filer, fund, or shell)",out,,0,
1935979,BHVN,Biohaven Ltd.,2834,1801952307.33,1801952307.33,151043781.0,11.93,sized,in,2026-08-31,0,
1636639,PLGO,Pelagos Insurance Capital Ltd,6331,,,,,"excluded: no domestic filings (foreign filer, fund, or shell)",out,,0,
1812477,KEEL,Keel Infrastructure Corp.,6199,1945355617.8,1945355617.8,617573212.0,3.15,sized,in,2026-08-31,0,
42682,GRC,GORMAN RUPP CO,3561,1929004148.7200003,1929004148.7200003,26410243.0,73.04,sized,in,2026-08-31,0,
1811210,LCID,"Lucid Group, Inc.",3711,1505348072.32,1505348072.32,394070176.0,3.82,sized,in,2026-08-31,0,
1739566,UTZ,"Utz Brands, Inc.",2090,1268941210.16,,,14.32,sized,in,2026-08-31,0,
1832511,PIII,P3 Health Partners Inc.,8000,20772518.22,,,5.31,sized,out,,0,
1760854,NBTX,Nanobiotix S.A.,2834,,,,,"excluded: no domestic filings (foreign filer, fund, or shell)",out,,0,
726854,CHCO,CITY HOLDING CO,6021,1974889947.6000001,1974889947.6000001,14045160.0,140.61,sized,in,2026-08-31,0,
1868941,FLNC,"Fluence Energy, Inc.",3690,1066568730.6,,,7.45,sized,in,2026-08-31,0,
2032966,TIC,"TIC Solutions, Inc.",7389,1924703539.92,1924703539.92,218220356.0,8.82,sized,in,2026-08-31,0,
109177,SPB,"Spectrum Brands Holdings, Inc.",3690,1783998337.68,1783998337.68,22995596.0,77.58,sized,in,2026-08-31,0,
1750704,HAWK,"HawkEye 360, Inc.",7374,1371517728.0,1371517728.0,97965552.0,14.0,sized,in,2026-08-31,0,
1937653,ZYME,Zymeworks Inc.,2834,1812405000.0,1792430427.66,70959241.0,25.26,sized,in,2026-08-31,0,
1564902,PRKS,United Parks & Resorts Inc.,7990,1455002605.8100002,1455002605.8100002,45341309.0,32.09,sized,in,2026-08-31,0,
1042893,INVX,"Innovex International, Inc.",3533,1928830108.6599998,1928830108.6599998,69935827.0,27.58,sized,in,2026-08-31,0,
897077,ALG,ALAMO GROUP INC,3523,1891246251.35,1891246251.35,12170965.0,155.39,sized,in,2026-08-31,0,
80035,PLPC,PREFORMED LINE PRODUCTS CO,1623,1942134246.27,1942134246.27,4888701.0,397.27,sized,in,2026-08-31,0,
2126198,XPRO,Expro Ltd,1389,1821179705.2900002,,,16.21,sized,in,2026-08-31,0,successor issuer: no Form 4s under this CIK; the panel resolves the predecessor
1713930,NEXA,Nexa Resources S.A.,1000,,,,,"excluded: no domestic filings (foreign filer, fund, or shell)",out,,0,
1000753,NSP,"INSPERITY, INC.",7363,1899832729.8000002,1899832729.8000002,38195270.0,49.74,sized,in,2026-08-31,0,
1717161,CEPU,CENTRAL PUERTO S.A.,4911,,,,,"excluded: no domestic filings (foreign filer, fund, or shell)",out,,0,
903651,INOD,INNODATA INC,7374,2104218241.2,2104218241.2,34382651.0,61.2,sized,in,2026-08-31,0,
1576940,CCS,"Century Communities, Inc.",1531,1613851404.0,1613851404.0,28432900.0,56.76,sized,in,2026-08-31,0,
1828102,KARO,Karooooo Ltd.,7372,,,,,"excluded: no domestic filings (foreign filer, fund, or shell)",out,,0,
354707,HE,HAWAIIAN ELECTRIC INDUSTRIES INC,4911,1526053228.56,1523460995.28,172728004.0,8.82,sized,in,2026-08-31,0,
1657788,KRP,"Kimbell Royalty Partners, LP",1311,1529583117.44,406886243.92,26839462.0,15.16,disagree,in,2026-08-31,0,
1022321,GEL,GENESIS ENERGY LP,4610,1752553320.12,1271255167.92,88650988.0,14.34,disagree,in,2026-08-31,0,
1806310,TSHA,"Taysha Gene Therapies, Inc.",2836,1443442604.35,1443442604.35,325833545.0,4.43,sized,in,2026-08-31,0,
2086716,STDN,"Standard Nuclear, Inc.",2810,2111869684.95,,,13.49,sized,in,2026-08-31,0,
1867729,WRD,WeRide Inc.,7373,,,,,"excluded: no domestic filings (foreign filer, fund, or shell)",out,,0,
1645113,NVCR,NovoCure Ltd,3841,1655859844.8000002,1655859844.8000002,116445840.0,14.22,sized,in,2026-08-31,0,
1816590,CMPS,COMPASS Pathways plc,2834,1588329148.3400002,,138476822.0,11.47,sized,in,2026-08-31,0,ADS: ordinary-share count is not price-comparable; sized on the vendor figure
1585364,PRGO,PERRIGO Co plc,2834,2012154052.5,2012154052.5,138769245.0,14.5,sized,in,2026-08-31,0,
1439222,AGIO,"AGIOS PHARMACEUTICALS, INC.",2834,1905684073.44,1905684073.44,59701882.0,31.92,sized,in,2026-08-31,0,
1612720,NEXT,NextDecade Corp,4923,1796751672.75,1796751672.75,266185433.0,6.75,sized,in,2026-08-31,0,
1855129,GHRS,GH Research PLC,2834,,,,,"excluded: no domestic filings (foreign filer, fund, or shell)",out,,0,
1551306,PGNY,"Progyny, Inc.",8090,2135306788.34,2135306788.34,76726798.0,27.83,sized,in,2026-08-31,0,
1784535,PRCH,"Porch Group, Inc.",6321,1990002725.0800002,2311015731.32,131832044.0,17.53,sized,in,2026-08-31,0,
1050377,CNXN,PC CONNECTION INC,5045,2293890818.11,2293890818.11,25238099.0,90.89,sized,in,2026-08-31,0,
1075415,DHC,DIVERSIFIED HEALTHCARE TRUST,6798,1828073859.3999999,,,,excluded: not a common-stock listing (vendor type FUND),out,,0,
1616000,XHR,"Xenia Hotels & Resorts, Inc.",7011,1664114863.3999999,1664114863.3999999,92245835.0,18.04,sized,in,2026-08-31,0,
2131524,BRVE,"Braveheart Bio, Inc.",2834,1718843918.21,1718843918.21,90038969.0,19.09,sized,in,2026-10-09,0,
949870,SAM,BOSTON BEER CO INC,2082,1761627036.77,,,171.17,sized,in,2026-08-31,0,
873303,SRPT,"Sarepta Therapeutics, Inc.",2834,1923468052.41,1923468052.41,105627021.0,18.21,sized,in,2026-08-31,0,
2123613,KARD,"Kardigan, Inc.",2834,1327752525.8,1327752525.8,93503699.0,14.2,sized,in,2026-08-31,0,
1084048,ZD,"ZIFF DAVIS, INC.",4822,1916997799.28,1916997799.28,34287208.0,55.91,sized,in,2026-08-31,0,
6955,EPAC,ENERPAC TOOL GROUP CORP,3590,1785215221.86,1785215221.86,51137646.0,34.91,sized,in,2026-08-31,0,
1043000,SNDA,"SONIDA SENIOR LIVING, INC.",8050,1727805720.4,1727805720.4,48047990.0,35.96,sized,in,2026-08-31,0,
1293135,VET,VERMILION ENERGY INC.,1311,,,,,"excluded: no domestic filings (foreign filer, fund, or shell)",out,,0,
1123134,IMOS,CHIPMOS TECHNOLOGIES INC,3674,,,,,"excluded: no domestic filings (foreign filer, fund, or shell)",out,,0,
1083446,ASTH,"Astrana Health, Inc.",8742,1779308608.4199998,1999292216.1599998,55737168.0,35.87,sized,in,2026-08-31,0,
1984086,SEPN,"Septerna, Inc.",2834,1722379344.3,1722379344.3,46676947.0,36.9,sized,in,2026-08-31,0,
99614,TY,TRI-CONTINENTAL Corp,,,,,,"excluded: no domestic filings (foreign filer, fund, or shell)",out,,0,
1800315,DMRA,"Damora Therapeutics, Inc.",2834,1269282270.6399999,1269282270.6399999,61735519.0,20.56,sized,in,2026-08-31,0,
1503584,CMRE,Costamare Inc.,4412,,,,,"excluded: no domestic filings (foreign filer, fund, or shell)",out,,0,
1589526,BLBD,Blue Bird Corp,3713,1913226964.1699998,1779876631.4099998,31676039.0,56.19,sized,in,2026-08-31,0,
1421876,LKFT,Lakefront Biotherapeutics NV,2834,,,,,"excluded: no domestic filings (foreign filer, fund, or shell)",out,,0,
1671927,IMCR,Immunocore Holdings plc,2836,1498094768.53,,51498617.0,29.09,sized,in,2026-08-31,0,ADS: ordinary-share count is not price-comparable; sized on the vendor figure
714395,GABC,"GERMAN AMERICAN BANCORP, INC.",6022,1834597406.56,1834597406.56,37578808.0,48.82,sized,in,2026-08-31,0,
1462120,LOB,"Live Oak Bancshares, Inc.",6022,1600024743.4,1600024743.4,46283620.0,34.57,sized,in,2026-08-31,0,
2073620,PAEXY,Parex Resources Inc./ADR,,,,,,"excluded: no domestic filings (foreign filer, fund, or shell)",out,,0,
1394832,ATS,ATS Corp /ATS,3569,,,,,"excluded: no domestic filings (foreign filer, fund, or shell)",out,,0,
1013934,STRA,"Strategic Education, Inc.",8200,1829680786.01,1829680786.01,22207559.0,82.39,sized,in,2026-08-31,0,
1475841,NBHC,National Bank Holdings Corp,6021,1690824895.24,1700519904.46,44539547.0,38.18,sized,in,2026-08-31,0,
921557,RBCAA,REPUBLIC BANCORP INC /KY/,6022,1813213844.85,,,92.35,sized,in,2026-08-31,0,
1585389,SMA,"SmartStop Self Storage REIT, Inc.",6798,1877949005.96,1811116817.13,55368903.0,32.71,sized,in,2026-08-31,0,
1758009,QUBT,Quantum Computing Inc.,7372,1686284114.45,1686284114.45,226346861.0,7.45,sized,in,2026-08-31,0,
1941365,MBC,"MasterBrand, Inc.",2511,1410189095.7,1410189095.7,203490490.0,6.93,sized,in,2026-08-31,0,
1158463,JBLU,JETBLUE AIRWAYS CORP,4512,1479063749.52,1479063749.52,377312181.0,3.92,sized,in,2026-08-31,0,
1666134,BL,"BLACKLINE, INC.",7372,1700164147.5,1700164147.5,58125270.0,29.25,sized,in,2026-08-31,0,
1120914,PDFS,PDF SOLUTIONS INC,7372,2203416130.88,2203416130.88,42227216.0,52.18,sized,in,2026-08-31,0,
1638833,SGRY,"Surgery Partners, Inc.",8062,1785725066.4,1785725066.4,130918260.0,13.64,sized,in,2026-08-31,0,
1419612,SEDG,"SOLAREDGE TECHNOLOGIES, INC.",3674,1997741037.56,1997741037.56,61525748.0,32.47,sized,in,2026-08-31,0,
812801,NUV,NUVEEN MUNICIPAL VALUE FUND INC,,,,,,"excluded: investment company (files 40-17G, N-2)",out,,0,
1825570,PAX,Patria Investments Ltd,6282,,,,,"excluded: no domestic filings (foreign filer, fund, or shell)",out,,0,
1710340,ETON,"Eton Pharmaceuticals, Inc.",2834,1564926641.25,1564926641.25,28583135.0,54.75,sized,in,2026-08-31,0,
1443669,PRLB,Proto Labs Inc,3440,2205838122.37,2205838122.37,23921897.0,92.21,sized,in,2026-08-31,0,
1004702,OCFC,OCEANFIRST FINANCIAL CORP,6021,1586914495.9800003,1586914495.9800003,96645219.0,16.42,sized,in,2026-08-31,0,
1580808,ATEN,"A10 Networks, Inc.",3576,2030148227.16,2030148227.16,72609021.0,27.96,sized,in,2026-08-31,0,
1314727,SONO,Sonos Inc,3651,2005082944.05,2005082944.05,118293979.0,16.95,sized,in,2026-08-31,0,
1884082,PSNY,Polestar Automotive Holding UK PLC,3711,,,,,"excluded: no domestic filings (foreign filer, fund, or shell)",out,,0,
1158895,LMAT,LEMAITRE VASCULAR INC,3841,1821307627.48,1821307627.48,22869257.0,79.64,sized,in,2026-08-31,0,
1527753,PSNL,"Personalis, Inc.",8071,1715205944.32,1715205944.32,106799872.0,16.06,sized,in,2026-08-31,0,
1508475,VNET,"VNET Group, Inc.",7370,,,,,"excluded: no domestic filings (foreign filer, fund, or shell)",out,,0,
1270523,ETG,Eaton Vance Tax-Advantaged Global Dividend Income Fund,,,,,,"excluded: no domestic filings (foreign filer, fund, or shell)",out,,0,
1848275,TOP,TOP Financial Group Ltd,6200,1937228333.58,116023295.7,7408895.0,15.66,disagree,in,2026-08-31,0,"cover count 37,044,475 as of 2025-03-31 restated 0.2x through the split(s) since"
1883085,PGY,Pagaya Technologies Ltd.,6199,1523355893.18,,,18.26,sized,in,2026-08-31,0,
834365,BLFS,BIOLIFE SOLUTIONS INC,3845,,,48906704.0,,unsized,kept,2026-08-31,0,counting failure; kept as a member
789460,WKC,WORLD KINECT CORP,5172,1904886328.8000002,1904886328.8000002,51151620.0,37.24,sized,in,2026-08-31,0,
1534675,TGLS,Tecnoglass Holdings Inc.,3211,1678757069.44,1678757069.44,44364616.0,37.84,sized,in,2026-08-31,0,
1286973,USAS,Americas Gold & Silver Corp,1000,,,,,"excluded: no domestic filings (foreign filer, fund, or shell)",out,,0,
1508655,TSLX,"Sixth Street Specialty Lending, Inc.",,,,,,"excluded: investment company (files 40-17G, N-2)",out,,0,
876167,PRGS,PROGRESS SOFTWARE CORP /MA,7372,1564664069.76,1564664069.76,40874192.0,38.28,sized,in,2026-08-31,0,
1798618,PDO,PIMCO Dynamic Income Opportunities Fund,,,,,,"excluded: no domestic filings (foreign filer, fund, or shell)",out,,0,
846617,DCOM,"Dime Commercial Bancshares, Inc. /NY/",6021,1702236737.2499998,1702236737.2499998,44156595.0,38.55,sized,in,2026-08-31,0,
1898416,ALVO,Alvotech,2836,,,,,"excluded: no domestic filings (foreign filer, fund, or shell)",out,,0,
1879016,IE,Ivanhoe Electric Inc.,1000,1541641901.94,1541641901.94,159590259.0,9.66,sized,in,2026-08-31,0,
1411342,EFC,Ellington Financial Inc.,6500,1500249173.04,1500249173.04,128887386.0,11.64,sized,in,2026-08-31,0,
1128361,HOPE,HOPE BANCORP INC,6021,1718766403.38,1718766403.38,127741836.0,13.455,sized,in,2026-08-31,0,
1857816,GCT,GigaCloud Technology Inc,5961,2014771571.54,,,56.42,sized,in,2026-08-31,0,
1709442,FSUN,FIRSTSUN CAPITAL BANCORP,6021,1709669237.3999999,1086217653.7,27923333.0,38.9,disagree,in,2026-08-31,0,
1045986,FORTY,FORMULA SYSTEMS (1985) LTD,7371,,,,,"excluded: no domestic filings (foreign filer, fund, or shell)",out,,0,
719220,STBA,S&T BANCORP INC,6022,1718840080.0800002,1718840080.0800002,35265492.0,48.74,sized,in,2026-08-31,0,
102426,STEW,"SRH Total Return Fund, Inc.",,,,,,"excluded: no domestic filings (foreign filer, fund, or shell)",out,,0,
1559865,EVTC,"EVERTEC, Inc.",7374,1753139582.28,1753139582.28,59752542.0,29.34,sized,in,2026-08-31,0,
1304492,ATEX,Anterix Inc.,4813,1498972041.84,1498972041.84,19609786.0,76.44,sized,in,2026-08-31,0,
1500217,AAT,"American Assets Trust, Inc.",6798,1326945042.93,1326658126.96,61390936.0,21.61,sized,in,2026-08-31,0,
1981535,SBET,"Sharplink, Inc.",6199,1913739951.24,1913739951.24,217223604.0,8.81,sized,in,2026-08-31,0,
1712189,TH,Target Hospitality Corp.,7000,1795053673.9199998,1826097343.59,99623423.0,18.33,sized,in,2026-08-31,0,
1282631,NLST,NETLIST INC,3674,,,349583129.0,,unsized,out,,0,counting failure; never a member
1609550,INSP,"Inspire Medical Systems, Inc.",3841,1928032908.75,1928032908.75,28910375.0,66.69,sized,in,2026-08-31,0,
1511337,RLJ,RLJ Lodging Trust,6798,1706609766.3999999,1706609766.3999999,152375872.0,11.2,sized,in,2026-08-31,0,
1866692,AMPL,"Amplitude, Inc.",7372,1909966649.1399999,,,15.29,sized,in,2026-08-31,0,
1395937,SNDX,Syndax Pharmaceuticals Inc,2834,1509120753.3999999,1509120753.3999999,89297086.0,16.9,sized,in,2026-08-31,0,
1539638,TFIN,"Triumph Financial, Inc.",6022,1500099032.8600001,1500099032.8600001,23894537.0,62.78,sized,in,2026-08-31,0,
810136,PLAB,PHOTRONICS INC,3674,1752805831.57,1752805831.57,58997167.0,29.71,sized,in,2026-08-31,0,
1322436,ETV,Eaton Vance Tax-Managed Buy-Write Opportunities Fund,,,,,,"excluded: no domestic filings (foreign filer, fund, or shell)",out,,0,
1652130,NTLA,"Intellia Therapeutics, Inc.",2835,1765596331.8,1765596331.8,140126693.0,12.6,sized,in,2026-08-31,0,
356171,TCBK,TRICO BANCSHARES /,6022,1659387763.3,1659387763.3,31966630.0,51.91,sized,in,2026-08-31,0,
1601830,RXRX,"RECURSION PHARMACEUTICALS, INC.",2836,2118270793.65,2114601571.5,535342170.0,3.95,sized,in,2026-08-31,0,
1702750,BY,"BYLINE BANCORP, INC.",6022,1666475169.6000001,1666475169.6000001,45186420.0,36.88,sized,in,2026-08-31,0,
1651562,COUR,"Coursera, Inc.",7372,1393388000.0,1393388000.0,264400000.0,5.27,sized,in,2026-08-31,0,
2132582,LYNX,Lyntris Inc.,3812,1429655904.72,,,12.33,sized,in,2026-08-31,0,
907471,CASH,"PATHWARD FINANCIAL, INC.",6021,1497551666.5800002,1497551666.5800002,20773362.0,72.09,sized,in,2026-08-31,0,
910612,CBL,CBL & ASSOCIATES PROPERTIES INC,6798,1523621354.68,1523621354.68,30942757.0,49.24,sized,in,2026-08-31,0,
2094100,MDCOY,PT Medco Energi Internasional Tbk/ADR,,,,,,"excluded: no domestic filings (foreign filer, fund, or shell)",out,,0,
1772253,FLNG,Flex LNG Ltd.,4400,,,,,"excluded: no domestic filings (foreign filer, fund, or shell)",out,,0,
1370053,ANAB,"ANAPTYSBIO, INC",2834,1381459225.24,1381459225.24,29895244.0,46.21,sized,in,2026-08-31,0,
1688568,DXC,DXC Technology Co,7374,1976462382.9299998,1976462382.9299998,159778689.0,12.37,sized,in,2026-08-31,0,
1999001,FUN,Six Flags Entertainment Corporation/NEW,7900,1167429119.92,1167429119.92,102316312.0,11.41,sized,in,2026-08-31,0,
1332283,BDJ,BlackRock Enhanced Equity Dividend Trust,,,,,,"excluded: no domestic filings (foreign filer, fund, or shell)",out,,0,
2094433,RMIX,"Suncrete, Inc.",3272,834064215.9,,,11.35,sized,in,2026-08-31,0,
1595761,WB,WEIBO Corp,7370,,,,,"excluded: no domestic filings (foreign filer, fund, or shell)",out,,0,
1901279,NYAX,Nayax Ltd.,7372,,,,,"excluded: no domestic filings (foreign filer, fund, or shell)",out,,0,
1023024,ANIP,ANI PHARMACEUTICALS INC,2834,1653405936.96,1757912835.2,24422240.0,71.98,sized,in,2026-08-31,0,
1965040,FTRE,Fortrea Holdings Inc.,8071,1937187000.0,1937187000.0,95100000.0,20.37,sized,in,2026-08-31,0,
1557860,GLOB,Globant S.A.,7374,1599802549.8,1624109128.1999998,43835604.0,37.05,sized,in,2026-08-31,0,
42582,GT,GOODYEAR TIRE & RUBBER CO /OH/,3011,1367519000.75,1367519000.75,287898737.0,4.75,sized,in,2026-08-31,0,
1746109,BFC,Bank First Corp,6021,1640448123.86,1640448123.86,11085607.0,147.98,sized,in,2026-08-31,0,
1920406,ASST,"Strive, Inc.",6199,2849507574.78,,,28.23,sized,in,2026-08-31,0,
1508478,ARCO,Arcos Dorados Holdings Inc.,5812,,,,,"excluded: no domestic filings (foreign filer, fund, or shell)",out,,0,
1968487,WS,"Worthington Steel, Inc.",3310,1733472283.4399998,1763824814.52,50948146.0,34.62,sized,in,2026-08-31,0,
1746618,RVLV,"Revolve Group, Inc.",5961,1537577634.6,,,21.63,sized,in,2026-08-31,0,
1323468,GLP,GLOBAL PARTNERS LP,5171,1623397032.84,1630427201.48,33995563.0,47.96,sized,in,2026-08-31,0,
1522540,MQ,"Marqeta, Inc.",7372,1815483664.96,,,17.44,sized,in,2026-08-31,0,
1853145,EVCM,EverCommerce Inc.,7372,1600587128.76,1600587128.76,176665246.0,9.06,sized,in,2026-08-31,0,
110471,WWW,WOLVERINE WORLD WIDE INC /DE/,3140,1559260441.0,1559260441.0,82066339.0,19.0,sized,in,2026-08-31,0,
2105139,ADIG,ADI GLOBAL DISTRIBUTION INC.,5072,1305879005.6,1305879005.6,75923198.0,17.2,sized,in,2026-08-31,0,
2095292,BVENY,Brava Energia S.A.,,,,,,"excluded: no domestic filings (foreign filer, fund, or shell)",out,,0,
30697,WEN,Wendy's Co,5810,1185966964.6,1185966964.6,190669930.0,6.22,sized,in,2026-08-31,0,
1509991,KOS,Kosmos Energy Ltd.,1311,1601861781.19,1601861781.19,595487651.0,2.69,sized,in,2026-08-31,0,
1307954,HUN,Huntsman CORP,2800,1490718236.0,1490467452.0,175349112.0,8.5,sized,in,2026-08-31,0,
1967649,VSTS,Vestis Corp,5190,1850241470.0,1850241470.0,132160105.0,14.0,sized,in,2026-08-31,0,
1290677,TPB,"Turning Point Brands, Inc.",2100,1143590510.8799999,1143590510.8799999,20048922.0,57.04,sized,in,2026-08-31,0,
1786108,TRIN,Trinity Capital Inc.,,,,,,"excluded: investment company (files 40-17G, N-2)",out,,0,
1540171,AVLN,Avalyn Pharma Inc.,2834,1140247203.3999999,1140247203.3999999,44333095.0,25.72,sized,in,2026-08-31,0,
1737450,OPRA,Opera Ltd,7372,,,,,"excluded: no domestic filings (foreign filer, fund, or shell)",out,,0,
1706431,VIR,"Vir Biotechnology, Inc.",2836,1881681452.9599998,1881681452.9599998,169215958.0,11.12,sized,in,2026-08-31,0,
785956,JJSF,J&J SNACK FOODS CORP,2052,1526100557.52,1526100557.52,18681608.0,81.69,sized,in,2026-08-31,0,
1157842,RQI,COHEN & STEERS QUALITY INCOME REALTY FUND INC,,,,,,"excluded: no domestic filings (foreign filer, fund, or shell)",out,,0,
906465,QCRH,QCR HOLDINGS INC,6022,1613653003.5600002,1613653003.5600002,16375614.0,98.54,sized,in,2026-08-31,0,
1809541,BCAT,BlackRock Capital Allocation Term Trust,,,,,,"excluded: no domestic filings (foreign filer, fund, or shell)",out,,0,
1712184,LILA,Liberty Latin America Ltd.,4841,1718043000.0,,,8.77,sized,in,2026-08-31,0,
2143673,UROY,Uranium Royalty Corp.,6221,,,,,excluded: commodity pool / exchange-traded product (SIC 6221),out,,0,
2082141,AVVSY,Avio S.p.A./ADR,,,,,,"excluded: no domestic filings (foreign filer, fund, or shell)",out,,0,
1795139,GTBIF,Green Thumb Industries Inc.,0100,,,,,excluded: not a common-stock listing (vendor type OS),out,,0,
1883313,SVV,"Savers Value Village, Inc.",5900,1422016670.3999999,1427228615.36,153796187.0,9.28,sized,in,2026-08-31,0,
819793,AIN,ALBANY INTERNATIONAL CORP /DE/,2221,1686097266.21,1687812000.0,28400000.0,59.43,sized,in,2026-08-31,0,
1516912,OBK,"Origin Bancorp, Inc.",6022,1618682604.6599998,1618682604.6599998,30849678.0,52.47,sized,in,2026-08-31,0,
860748,KMPR,KEMPER Corp,6331,1618619040.3799999,1618619040.3799999,58923154.0,27.47,sized,in,2026-08-31,0,
1842295,MAZE,"Maze Therapeutics, Inc.",2836,1437612467.84,1437612467.84,55549168.0,25.88,sized,in,2026-08-31,0,
1777835,PWP,Perella Weinberg Partners,6199,1175127686.3999999,,,15.2,sized,in,2026-08-31,0,
1853962,IAUX,i-80 Gold Corp.,1040,1333488591.82,1333488591.82,865901683.0,1.54,sized,in,2026-08-31,0,
1419041,FBRX,"Forte Biosciences, Inc.",2834,,,21229087.0,,unsized,out,,0,counting failure; never a member
1482512,HPP,"Hudson Pacific Properties, Inc.",6500,644712643.08,644395245.12,54242024.0,11.88,sized,in,2026-10-09,0,
319654,PBT,PERMIAN BASIN ROYALTY TRUST,6792,,,,,excluded: royalty trust (SIC 6792),out,,0,
720762,NIMU,NON INVASIVE MONITORING SYSTEMS INC /FL/,3760,,,1032640.0,,unsized,out,,0,counting failure; never a member
712771,CNOB,"ConnectOne Bancorp, Inc.",6022,1520665323.04,1520665323.04,50319832.0,30.22,sized,in,2026-08-31,0,
50493,IMKTA,INGLES MARKETS INC,5411,1625728641.8400002,,,85.59,sized,in,2026-08-31,0,
1499505,AGRO,Adecoagro S.A.,0100,,,,,"excluded: no domestic filings (foreign filer, fund, or shell)",out,,0,
1822492,HLMN,Hillman Solutions Corp.,3420,1363760442.99,1363760442.99,194544999.0,7.01,sized,in,2026-08-31,0,
703604,DSGR,"Distribution Solutions Group, Inc.",5080,1622177649.54,1622177649.54,46255422.0,35.07,sized,in,2026-08-31,0,
17313,CSWC,CAPITAL SOUTHWEST CORP,,,,,,"excluded: investment company (files 40-17G, N-2)",out,,0,
40417,GAM,GENERAL AMERICAN INVESTORS CO INC,0000,,,,,"excluded: no domestic filings (foreign filer, fund, or shell)",out,,0,
1803599,CNXC,Concentrix Corp,7389,1654124260.8,1654124260.8,61105440.0,27.07,sized,in,2026-08-31,0,
26058,CTS,CTS CORP,3672,1636555535.45,1638659672.1000001,28592910.0,57.31,sized,in,2026-08-31,0,
1362004,ICFI,"ICF International, Inc.",8742,1557019808.8799999,1557019808.8799999,17933884.0,86.82,sized,in,2026-08-31,0,
1867096,XERS,"Xeris Biopharma Holdings, Inc.",2834,1857843918.1399999,1857843918.1399999,182320306.0,10.19,sized,in,2026-08-31,0,
1530721,CPRI,Capri Holdings Ltd,3100,1668405752.24,1668405752.24,113651618.0,14.68,sized,in,2026-08-31,0,
46129,ALNT,ALLIENT INC,3825,1846982769.9299998,1846982769.9299998,17002511.0,108.63,sized,in,2026-08-31,0,
1756655,ARDT,"Ardent Health, Inc.",8062,1561378190.49,1561378190.49,141045907.0,11.07,sized,in,2026-08-31,0,
1877184,KMTS,"KESTRA MEDICAL TECHNOLOGIES, LTD.",3841,1534907457.1499999,1534907457.1499999,59561795.0,25.77,sized,in,2026-08-31,0,
926326,OMCL,"OMNICELL, INC.",3571,1588766409.72,1588766409.72,45614884.0,34.83,sized,in,2026-08-31,0,
2023658,BCAX,Bicara Therapeutics Inc.,2834,1142144840.8400002,1142144840.8400002,66172934.0,17.26,sized,in,2026-08-31,0,
1873951,XZO,"Exzeo Group, Inc.",7372,1431465237.02,1431465237.02,90085918.0,15.89,sized,in,2026-08-31,0,
66382,MLKN,"MILLERKNOLL, INC.",2520,1428971742.1499999,1428971742.1499999,68799795.0,20.77,sized,in,2026-08-31,0,
2023311,AAPG,ASCENTAGE PHARMA GROUP INTERNATIONAL,2834,,,,,"excluded: no domestic filings (foreign filer, fund, or shell)",out,,0,
1863127,TYRA,"Tyra Biosciences, Inc.",2834,1373056101.83,1191748471.83,59676939.0,19.97,sized,in,2026-08-31,0,
1368458,SBH,"Sally Beauty Holdings, Inc.",5990,1500765340.76,1500765340.76,93622292.0,16.03,sized,in,2026-08-31,0,
1677576,IIPR,INNOVATIVE INDUSTRIAL PROPERTIES INC,6500,1431504440.0800002,1431504440.0800002,27571349.0,51.92,sized,in,2026-08-31,0,
1691082,LBRX,LB PHARMACEUTICALS INC,2834,1116490046.75,1116490046.75,32259175.0,34.61,sized,in,2026-08-31,0,
1831097,AGL,"agilon health, inc.",8090,1422551311.2,1422551311.2,16791210.0,84.72,sized,in,2026-08-31,0,
1438133,TNDM,TANDEM DIABETES CARE INC,3841,1090646232.2250001,1090646232.2250001,69578707.0,15.675,sized,in,2026-08-31,0,
731012,HCSG,HEALTHCARE SERVICES GROUP INC,8050,1417941293.32,1417941293.32,68632202.0,20.66,sized,in,2026-08-31,0,
1808834,PRG,"PROG Holdings, Inc.",7359,1230797459.7,1230797459.7,39831633.0,30.9,sized,in,2026-08-31,0,
2091349,TRAX,"First Tracks Biotherapeutics, Inc.",2834,1143744284.4299998,1143744284.4299998,35730843.0,32.01,sized,in,2026-08-31,0,
816956,CNMD,CONMED Corp,3845,1351100797.28,1351100797.28,29951248.0,45.11,sized,in,2026-08-31,0,
1128928,FLO,FLOWERS FOODS INC,2000,1259621062.92,1259621062.92,212057418.0,5.94,sized,in,2026-08-31,0,
2080921,APC,ARKO Petroleum Corp.,5172,774443230.44,204643230.44000003,12570223.0,16.28,disagree,in,2026-10-09,0,
1047340,DMC,DEL MONTE CORP,0100,1395528052.8,1395528052.8,47146218.0,29.6,sized,in,2026-08-31,0,
1864843,ECAT,BlackRock ESG Capital Allocation Term Trust,,,,,,"excluded: no domestic filings (foreign filer, fund, or shell)",out,,0,
1062231,DCH,Dauch Corp,3714,1351970185.38,1351970185.38,237604602.0,5.69,sized,in,2026-08-31,0,
1172052,SAFT,SAFETY INSURANCE GROUP INC,6331,1525889299.08,1525889299.08,14680482.0,103.94,sized,in,2026-08-31,0,
1672688,ABSI,Absci Corp,8731,1534229249.3999999,1534229249.3999999,171614010.0,8.94,sized,in,2026-08-31,0,
1080014,INVA,"Innoviva, Inc.",2834,1507763271.95,1507763271.95,72245485.0,20.87,sized,in,2026-08-31,0,
945114,GIC,GLOBAL INDUSTRIAL Co,5084,1621890992.96,1621890992.96,38108341.0,42.56,sized,in,2026-08-31,0,
2007919,INBX,"Inhibrx Biosciences, Inc.",2836,1365210141.6000001,1365210141.6000001,14717660.0,92.76,sized,in,2026-08-31,0,
1984060,AESI,Atlas Energy Solutions Inc.,1311,1520041964.16,1520041964.16,125003451.0,12.16,sized,in,2026-08-31,0,
721994,LKFN,LAKELAND FINANCIAL CORP,6022,1428082908.0,1428082908.0,24857840.0,57.45,sized,in,2026-08-31,0,
1834376,INNV,InnovAge Holding Corp.,8000,1243072481.75,1243072481.75,136451425.0,9.11,sized,in,2026-08-31,0,
1953575,CNL,Collective Mining Ltd.,1040,,,,,"excluded: no domestic filings (foreign filer, fund, or shell)",out,,0,
1360214,HROW,"HARROW, INC.",2834,1144129182.0,1144129182.0,37487850.0,30.52,sized,in,2026-08-31,0,
1514416,BAND,Bandwidth Inc.,7372,1671791936.6000001,,,51.95,sized,in,2026-08-31,0,
1611115,OMDA,"Omada Health, Inc.",8000,1274531756.46,1274531756.46,61216703.0,20.82,sized,in,2026-08-31,0,
886128,FCEL,FUELCELL ENERGY INC,3620,1378810110.02,1378810110.02,79954196.0,17.245,sized,in,2026-08-31,0,
1670541,ADNT,Adient plc,3714,1358447941.8400002,1358447941.8400002,77096932.0,17.62,sized,in,2026-08-31,0,
1836981,BBAI,"BigBear.ai Holdings, Inc.",7372,1160376673.06,1160376673.06,479494493.0,2.42,sized,in,2026-08-31,0,
2110117,ITG,"ITG, Inc./DE/",1623,369147341.46,,,7.62,sized,in,2026-10-09,0,
1608741,QQQX,Nuveen NASDAQ 100 Dynamic Overwrite Fund,,,,,,"excluded: no domestic filings (foreign filer, fund, or shell)",out,,0,
1632790,ENR,"ENERGIZER HOLDINGS, INC.",3690,1468289177.28,1468289177.28,68483637.0,21.44,sized,in,2026-08-31,0,
1406587,FOR,Forestar Group Inc.,6500,1321866715.57,1321866715.57,51017627.0,25.91,sized,in,2026-08-31,0,
1856485,SLVM,Sylvamo Corp,2621,1298171933.95,1298171933.95,39760243.0,32.65,sized,in,2026-08-31,0,
1964333,BHRB,Burke & Herbert Financial Services Corp.,6021,1391895925.3500001,1391895925.3500001,20187033.0,68.95,sized,in,2026-08-31,0,
2017526,FRNM,"Freenome, Inc.",8071,1698734129.3400002,140886862.5,8911250.0,15.81,disagree,in,2026-08-31,0,
933974,AZTA,"Azenta, Inc.",3559,1577102148.0,1577102148.0,43808393.0,36.0,sized,in,2026-08-31,0,
1260563,NFJ,"Virtus Dividend, Interest & Premium Strategy Fund",6163,,,,,"excluded: no domestic filings (foreign filer, fund, or shell)",out,,0,
2070534,SLBT,SL Science Holding Ltd,2836,,,,,"excluded: no domestic filings (foreign filer, fund, or shell)",out,,0,
912892,TV,"GRUPO TELEVISA, S.A.B.",4833,,,,,"excluded: no domestic filings (foreign filer, fund, or shell)",out,,0,
1420800,ENOV,Enovis CORP,3842,1005179280.42,1005179280.42,57669494.0,17.43,sized,in,2026-08-31,0,
1823608,AMAL,Amalgamated Financial Corp.,6022,1410688935.46,1410688935.46,29900147.0,47.18,sized,in,2026-08-31,0,
1541401,ESRT,"Empire State Realty Trust, Inc.",6798,792947532.42,,,4.58,sized,in,2026-10-09,0,
1000694,NVAX,NOVAVAX INC,2836,1816052443.26,1816052443.26,164945726.0,11.01,sized,in,2026-08-31,0,
1906364,BXBL,BOXABL Inc.,1520,770561196.46,32843602.0,10295800.0,3.19,disagree,in,2026-08-31,0,
2086771,ELE,Elemental Royalty Corp,1040,,,,,"excluded: no domestic filings (foreign filer, fund, or shell)",out,,0,
1710155,EYE,"National Vision Holdings, Inc.",3851,1323620299.62,1323620299.62,79069313.0,16.74,sized,in,2026-08-31,0,
1899287,AMPX,"Amprius Technologies, Inc.",3690,1371697003.02,1371697003.02,146080618.0,9.39,sized,in,2026-08-31,0,
318300,PEBO,PEOPLES BANCORP INC,6022,1305065457.65,1305065457.65,35942315.0,36.31,sized,in,2026-08-31,0,
1796280,ORIC,"Oric Pharmaceuticals, Inc.",2834,1246941451.6799998,1246941451.6799998,103652656.0,12.03,sized,in,2026-08-31,0,
1999480,ANRO,"Alto Neuroscience, Inc.",2834,942987759.12,942987759.12,39242104.0,24.03,sized,in,2026-08-31,0,
1069899,PAHC,PHIBRO ANIMAL HEALTH CORP,2834,1518499952.2,,,37.4,sized,in,2026-08-31,0,
2035832,AKTS,"Aktis Oncology, Inc.",2834,986689912.2599999,,,17.74,sized,in,2026-08-31,0,
1350653,ATEC,"Alphatec Holdings, Inc.",3841,1598568636.6,1598568636.6,154451076.0,10.35,sized,in,2026-08-31,0,
1528437,BTT,BlackRock Municipal 2030 Target Term Trust,,,,,,"excluded: no domestic filings (foreign filer, fund, or shell)",out,,0,
1013488,BJRI,BJs RESTAURANTS INC,5812,1266639968.1,1266639968.1,21273765.0,59.54,sized,in,2026-08-31,0,
1172358,DMLP,"DORCHESTER MINERALS, L.P.",1311,1445741965.6,1445741965.6,49091408.0,29.45,sized,in,2026-08-31,0,
2019103,SLSR,Solaris Resources Inc.,1040,,,,,"excluded: no domestic filings (foreign filer, fund, or shell)",out,,0,
1841644,PICS,PicS N.V.,6141,,,,,"excluded: no domestic filings (foreign filer, fund, or shell)",out,,0,
1969796,EBCRY,Embracer Group AB/ADR,,,,,,"excluded: no domestic filings (foreign filer, fund, or shell)",out,,0,
923120,GBX,GREENBRIER COMPANIES INC,3743,1195200070.18,1195200070.18,30939686.0,38.63,sized,in,2026-08-31,0,
1860543,CDRE,"Cadre Holdings, Inc.",3842,1063238825.2199999,1063238825.2199999,42820734.0,24.83,sized,in,2026-08-31,0,
821002,GIII,G III APPAREL GROUP LTD /DE/,2300,1147804119.16,1147804119.16,42876508.0,26.77,sized,in,2026-08-31,0,
94049,SCL,STEPAN CO,2840,1387594241.6,1387594241.6,22732540.0,61.04,sized,in,2026-08-31,0,
1005817,TMP,TOMPKINS FINANCIAL CORP,6022,1388669477.75,1388669477.75,14382905.0,96.55,sized,in,2026-08-31,0,
1490978,SDGR,"Schrodinger, Inc.",2834,1974120522.92,,,26.39,sized,in,2026-08-31,0,
842633,TRS,TRIMAS CORP,3460,1378991678.12,1378991678.12,35873873.0,38.44,sized,in,2026-08-31,0,
1735438,MGTX,MeiraGTx Holdings plc,2836,1008451458.0,1008451458.0,96042996.0,10.5,sized,in,2026-08-31,0,
1736946,ARLO,"Arlo Technologies, Inc.",7381,1307501643.6000001,1307501643.6000001,107613304.0,12.15,sized,in,2026-08-31,0,
37785,FMC,FMC CORP,2800,1387470364.6,1117023403.8799999,125226839.0,8.92,sized,in,2026-08-31,0,
752642,UMH,"UMH PROPERTIES, INC.",6798,1289322560.0,1289322560.0,85385600.0,15.1,sized,in,2026-08-31,0,
1737953,REPL,"Replimune Group, Inc.",2836,1228624027.36,1228624027.36,94219634.0,13.04,sized,in,2026-08-31,0,
1524566,WLTH,WEALTHFRONT CORP,6199,1700761431.6000001,1700761431.6000001,156176440.0,10.89,sized,in,2026-08-31,0,
880807,AMSC,AMERICAN SUPERCONDUCTOR CORP /DE/,3621,1499284325.85,1499284325.85,48442143.0,30.95,sized,in,2026-08-31,0,
1868279,AVBP,"ArriVent BioPharma, Inc.",2834,823932151.59,823932151.59,49307729.0,16.71,sized,in,2026-08-31,0,
744187,REX,REX AMERICAN RESOURCES Corp,2860,1487595697.6000001,1487595697.6000001,33175640.0,44.84,sized,in,2026-08-31,0,
1531031,ESQ,"Esquire Financial Holdings, Inc.",6029,1429067068.98,1429067068.98,12104583.0,118.06,sized,in,2026-08-31,0,
350852,CTBI,COMMUNITY TRUST BANCORP INC /KY/,6022,1369682052.06,1369682052.06,18167954.0,75.39,sized,in,2026-08-31,0,
1285819,OMER,OMEROS CORP,2834,1384064601.92,1384064601.92,72388316.0,19.12,sized,in,2026-08-31,0,
101199,UFCS,UNITED FIRE GROUP INC,6331,1449786759.6,1449786759.6,25705439.0,56.4,sized,in,2026-08-31,0,
2056611,LTGO,"Latigo Biotherapeutics, Inc.",2834,980567342.13,980567342.13,66299347.0,14.79,sized,in,2026-08-31,0,
1767258,XPEL,"XPEL, Inc.",3470,1238478000.16,1238478000.16,27570748.0,44.92,sized,in,2026-08-31,0,
1500412,AMBQ,"Ambiq Micro, Inc.",3674,1424469170.3999999,1424469170.3999999,24184536.0,58.9,sized,in,2026-08-31,0,
2026478,NMAX,Newsmax Inc.,4833,1338104282.1999998,,,10.36,sized,in,2026-08-31,0,
912562,ROCK,"GIBRALTAR INDUSTRIES, INC.",3310,1112552159.7199998,1112552159.7199998,29683889.0,37.48,sized,in,2026-08-31,0,
1311307,LNXSY,LANXESS AG,,,,,,"excluded: no domestic filings (foreign filer, fund, or shell)",out,,0,
742278,RES,RPC INC,1389,1329942072.0,1329942072.0,221657012.0,6.0,sized,in,2026-08-31,0,
1371285,TRUP,"TRUPANION, INC.",6324,1132790816.02,1132790816.02,43872611.0,25.82,sized,in,2026-08-31,0,
1392326,CCEC,Capital Clean Energy Carriers Corp.,4412,,,,,"excluded: no domestic filings (foreign filer, fund, or shell)",out,,0,
1581804,NVGS,Navigator Holdings Ltd.,4412,,,,,"excluded: no domestic filings (foreign filer, fund, or shell)",out,,0,
1823306,LSPD,Lightspeed Commerce Inc.,7372,,,,,"excluded: no domestic filings (foreign filer, fund, or shell)",out,,0,
69633,NSSC,"NAPCO SECURITY TECHNOLOGIES, INC",3669,1257618244.9199998,1257618244.9199998,35768437.0,35.16,sized,in,2026-08-31,0,
1553079,ESBA,"Empire State Realty OP, L.P.",6798,,,,,excluded: no Section 16 filings,out,,0,
1798749,JBIO,"Jade Biosciences, Inc.",2834,899903026.0500001,899903026.0500001,63597387.0,14.15,sized,in,2026-08-31,0,
1493507,SFDMY,Shanghai Fudan Microelectronics Co Limited/ADR/,8880,,,,,"excluded: no domestic filings (foreign filer, fund, or shell)",out,,0,
1764046,CLVT,CLARIVATE PLC,7374,1042652324.89,,,1.63,sized,in,2026-08-31,0,
3499,ALX,ALEXANDERS INC,6798,1233308389.2,1233308389.2,5107290.0,241.48,sized,in,2026-08-31,0,
1796073,VZLA,Vizsla Silver Corp.,1040,,,,,"excluded: no domestic filings (foreign filer, fund, or shell)",out,,0,
1432364,AZUL,AZUL SA,4512,,,,,"excluded: no domestic filings (foreign filer, fund, or shell)",out,,0,
1525221,VTOL,Bristow Group Inc.,4522,1204650880.0,1204650880.0,29642000.0,40.64,sized,in,2026-08-31,0,
1580670,LGIH,"LGI Homes, Inc.",1531,1045707274.56,1045707274.56,23248272.0,44.98,sized,in,2026-08-31,0,
1497770,WD,"Walker & Dunlop, Inc.",6199,1180462370.55,1180462370.55,34325745.0,34.39,sized,in,2026-08-31,0,
1766400,PNTG,"Pennant Group, Inc.",8000,1410086717.3799999,1410086717.3799999,34929074.0,40.37,sized,in,2026-08-31,0,
1825088,DFH,"Dream Finders Homes, Inc.",1531,869137132.8,,,9.6,sized,in,2026-08-31,0,
1235468,LQDT,LIQUIDITY SERVICES INC,7389,1320001066.3400002,1320001066.3400002,31331618.0,42.13,sized,in,2026-08-31,0,
1789972,CGEM,"Cullinan Therapeutics, Inc.",2836,994923569.24,994923569.24,64354694.0,15.46,sized,in,2026-08-31,0,
1871321,DRTS,Alpha Tau Medical Ltd.,3841,,,,,"excluded: no domestic filings (foreign filer, fund, or shell)",out,,0,
311094,WABC,WESTAMERICA BANCORPORATION,6021,1377193607.27,1377193607.27,23111153.0,59.59,sized,in,2026-08-31,0,
1670076,ULCC,"Frontier Group Holdings, Inc.",4512,1365179522.03,,,5.93,sized,in,2026-08-31,0,
1715497,BORR,Borr Drilling Ltd,1381,,,,,"excluded: no domestic filings (foreign filer, fund, or shell)",out,,0,
1848309,SGML,Sigma Lithium Corp,1000,,,,,"excluded: no domestic filings (foreign filer, fund, or shell)",out,,0,
700565,FMBH,"FIRST MID BANCSHARES, INC.",6022,1309878146.88,1309878146.88,26601912.0,49.24,sized,in,2026-08-31,0,
2087852,SBCLY,Sumitomo Bakelite Co Limited/ADR,,,,,,"excluded: no domestic filings (foreign filer, fund, or shell)",out,,0,
1817229,VOR,Vor Biopharma Inc.,2836,1131774684.22,1131774684.22,59162294.0,19.13,sized,in,2026-08-31,0,
1573221,REAL,"TheRealReal, Inc.",5900,1170476126.3,1170476126.3,121671115.0,9.62,sized,in,2026-08-31,0,
1049659,SID,NATIONAL STEEL CO,3310,,,,,"excluded: no domestic filings (foreign filer, fund, or shell)",out,,0,
748268,RCAT,"Red Cat Holdings, Inc.",7372,902541879.4200001,902541879.4200001,152714362.0,5.91,sized,in,2026-08-31,0,
1518621,ORC,"Orchid Island Capital, Inc.",6798,990984721.3,1002009258.7599999,199603438.0,5.02,sized,in,2026-08-31,0,
1222401,HYT,"BLACKROCK CORPORATE HIGH YIELD FUND, INC.",,,,,,"excluded: no domestic filings (foreign filer, fund, or shell)",out,,0,
1830033,PCT,"PureCycle Technologies, Inc.",2821,789555903.3000001,789555903.3000001,200904810.0,3.93,sized,in,2026-08-31,0,
1437424,POET,POET TECHNOLOGIES INC.,3674,,,,,"excluded: no domestic filings (foreign filer, fund, or shell)",out,,0,
884219,PRSU,"Pursuit Attractions & Hospitality, Inc.",7990,1420462475.5,1420462475.5,27264155.0,52.1,sized,in,2026-08-31,0,
1680247,PUMP,ProPetro Holding Corp.,1389,1110328209.6799998,1110328209.6799998,122823917.0,9.04,sized,in,2026-08-31,0,
1743235,RIOFF,Rio2 Ltd,,,,,,"excluded: no domestic filings (foreign filer, fund, or shell)",out,,0,
890564,EFOR,Everforth Inc,7363,1473130000.0,1473130000.0,41000000.0,35.93,sized,in,2026-08-31,0,
1741530,QFIN,"Qfin Holdings, Inc.",6199,,,,,"excluded: no domestic filings (foreign filer, fund, or shell)",out,,0,
1739016,ELVR,Elevra Lithium Ltd,1400,,,,,"excluded: no domestic filings (foreign filer, fund, or shell)",out,,0,
1997652,TBN,Tamboran Resources Corp,1311,1212413008.08,1212413008.08,34960006.0,34.68,sized,in,2026-08-31,0,
1180262,HLF,HERBALIFE LTD.,5122,1343579331.6000001,1343579331.6000001,104803380.0,12.82,sized,in,2026-08-31,0,
1591588,GOLD,"Gold.com, Inc.",5094,1212158148.6599998,1214587134.9599998,29154756.0,41.66,sized,in,2026-08-31,0,
1142750,AMN,AMN HEALTHCARE SERVICES INC,7363,1372590881.04,1372590881.04,38729991.0,35.44,sized,in,2026-08-31,0,
2086587,YSS,York Space Systems Inc.,3760,993095484.1500001,993095484.1500001,137357605.0,7.23,sized,in,2026-08-31,0,
1821586,MLTX,MoonLake Immunotherapeutics,2834,900428727.3,900428727.3,85106685.0,10.58,sized,in,2026-08-31,0,
1096752,EPC,EDGEWELL PERSONAL CARE Co,2844,1278045612.95,1278045612.95,46088915.0,27.73,sized,in,2026-08-31,0,
851310,HLIT,HARMONIC INC.,3663,1207365546.15,1207365546.15,109066445.0,11.07,sized,in,2026-08-31,0,
784199,AORT,"ARTIVION, INC.",3841,1034119447.4100001,1034119447.4100001,48756221.0,21.21,sized,in,2026-08-31,0,
899460,MNKD,MANNKIND CORP,2834,1099682135.28,1099668978.54,321540637.0,3.42,sized,in,2026-08-31,0,
1875444,ARHS,"Arhaus, Inc.",5712,1382079396.75,1335227322.0,136946392.0,9.75,sized,in,2026-08-31,0,
775215,HBT,"HBT Financial, Inc.",6022,1292070194.3600001,1292070194.3600001,36365612.0,35.53,sized,in,2026-08-31,0,
2033377,MGRT,Mega Fortune Co Ltd,7371,,,,,"excluded: no domestic filings (foreign filer, fund, or shell)",out,,0,
1163739,NBR,NABORS INDUSTRIES LTD,1381,1239025509.48,1301805830.1200001,15961327.0,81.56,sized,in,2026-08-31,0,
317788,APPS,"Digital Turbine, Inc.",6794,1312161596.8999999,1304555175.0,121016250.0,10.78,sized,in,2026-08-31,0,
88948,SENEA,Seneca Foods Corp,2033,1198559840.31,2077558755.93,11735631.0,177.03,disagree,in,2026-08-31,0,
357173,OSBC,OLD SECOND BANCORP INC,6022,1264770299.76,1264770299.76,50875716.0,24.86,sized,in,2026-08-31,0,
2042347,SPTX,"Seaport Therapeutics, Inc.",2834,958732150.5,958732150.5,53530550.0,17.91,sized,in,2026-08-31,0,
1067294,CBRL,"CRACKER BARREL OLD COUNTRY STORE, INC",5812,1236983476.2,1236983476.2,22352430.0,55.34,sized,in,2026-08-31,0,
1345016,YELP,YELP INC,7200,1051086338.7700001,1051086338.7700001,54263621.0,19.37,sized,in,2026-08-31,0,
1782524,MSDL,Morgan Stanley Direct Lending Fund,,,,,,"excluded: investment company (files 40-17G, N-2)",out,,0,
1479681,NUTX,Nutex Health Inc.,7389,1403902944.73,1403902944.73,6847973.0,205.01,sized,in,2026-08-31,0,
1997859,WBTN,WEBTOON Entertainment Inc.,2741,1344896703.7,1344896703.7,135711070.0,9.91,sized,in,2026-08-31,0,
57131,LZB,LA-Z-BOY INC,2510,1183559383.05,1183559383.05,40052771.0,29.55,sized,in,2026-08-31,0,
1166663,TEN,TSAKOS ENERGY NAVIGATION LTD,4412,,,,,"excluded: no domestic filings (foreign filer, fund, or shell)",out,,0,
917520,IART,INTEGRA LIFESCIENCES HOLDINGS CORP,3841,1042929305.46,1042929305.46,77772506.0,13.41,sized,in,2026-08-31,0,
2054507,HBNB,Hotel101 Global Holdings Corp.,7011,,,,,"excluded: no domestic filings (foreign filer, fund, or shell)",out,,0,
1637873,ACVA,ACV Auctions Inc.,7389,1772795311.1999998,1772795311.1999998,169807980.0,10.44,sized,in,2026-08-31,0,
1992243,TE,T1 Energy Inc.,3674,1012999246.0,1013173107.04,294527066.0,3.44,sized,in,2026-08-31,0,
933267,IRS,IRSA INVESTMENTS & REPRESENTATIONS INC,6552,,,,,"excluded: no domestic filings (foreign filer, fund, or shell)",out,,0,
58492,LEG,LEGGETT & PLATT INC,2510,,,136588995.0,,unsized,out,,0,counting failure; never a member
1370450,WLDN,"Willdan Group, Inc.",8711,1137989518.61,1137989518.61,15232091.0,74.71,sized,in,2026-08-31,0,
1857475,DOLE,Dole plc,0100,1229853667.1399999,1229853667.1399999,94458807.0,13.02,sized,in,2026-08-31,0,
1620393,NXRT,"NexPoint Residential Trust, Inc.",6798,502309323.58,502309323.58,25549813.0,19.66,sized,in,2026-10-09,0,
1577670,LADR,Ladder Capital Corp,6798,1122757931.55,,,8.85,sized,in,2026-08-31,0,
1060822,CRI,CARTERS INC,2300,1193847736.2,1193847736.2,36711185.0,32.52,sized,in,2026-08-31,0,
2040491,ASIC,Ategrity Specialty Insurance Co Holdings,6331,1290672171.04,1290672171.04,47926928.0,26.93,sized,in,2026-08-31,0,
2046042,JCAP,"Jefferson Capital, Inc. / DE",6153,1145639443.2,1145639443.2,57425536.0,19.95,sized,in,2026-08-31,0,
1656472,CRON,Cronos Group Inc.,2833,1186289422.0800002,1186289422.0800002,368412864.0,3.22,sized,in,2026-08-31,0,
895419,WOLF,"WOLFSPEED, INC.",3674,1641906250.3799999,1643917183.92,52995396.0,31.02,sized,in,2026-08-31,0,
1691710,CPPKF,Faraday Copper Corp.,,,,,,"excluded: no domestic filings (foreign filer, fund, or shell)",out,,0,
1882782,ODTX,"Odyssey Therapeutics, Inc.",2836,870820509.24,870820509.24,48058527.0,18.12,sized,in,2026-08-31,0,
1481582,RYZ,Ryerson Holding Corp,5051,1346251058.8200002,1346251058.8200002,51898653.0,25.94,sized,in,2026-08-31,0,
1772016,BRBR,"BELLRING BRANDS, INC.",2000,929062770.0600001,929062770.0600001,116278194.0,7.99,sized,in,2026-08-31,0,
908315,WINA,WINMARK CORP,5900,1060192758.66,1060192758.66,3592169.0,295.14,sized,in,2026-08-31,0,
69488,MYE,MYERS INDUSTRIES INC,3089,1154122387.6,1154122387.6,37618070.0,30.68,sized,in,2026-08-31,0,
1726173,BH-A,Biglari Holdings Inc.,5812,1151232295.1499999,373921160.47999996,206864.0,1807.57,disagree,in,2026-08-31,0,
314203,MUX,McEwen Inc.,1040,1062730363.12,1062730363.12,61358566.0,17.32,sized,in,2026-08-31,0,
1369085,NEWP,NEW PACIFIC METALS CORP,1040,,,,,"excluded: no domestic filings (foreign filer, fund, or shell)",out,,0,
1771007,AFYA,Afya Ltd,8200,,,,,"excluded: no domestic filings (foreign filer, fund, or shell)",out,,0,
791963,OPY,OPPENHEIMER HOLDINGS INC,6211,1246840102.2,,,116.44,sized,in,2026-08-31,0,
1956955,UMAC,"Unusual Machines, Inc.",3663,1068569641.95,1068569641.95,49956505.0,21.39,sized,in,2026-08-31,0,
316888,ASM,AVINO SILVER & GOLD MINES LTD,1000,,,,,"excluded: no domestic filings (foreign filer, fund, or shell)",out,,0,
1492165,PFBC,Preferred Bank,,,,,,"excluded: no domestic filings (foreign filer, fund, or shell)",out,,0,
1042776,PDM,"Piedmont Realty Trust, Inc.",6512,1136206051.0,,,9.08,sized,in,2026-08-31,0,
1805077,EOSE,"Eos Energy Enterprises, Inc.",3690,1006923812.1600001,1006923812.1600001,364167744.0,2.765,sized,in,2026-08-31,0,
1578732,MMI,"Marcus & Millichap, Inc.",6531,1089170046.28,1089170046.28,37871003.0,28.76,sized,in,2026-08-31,0,
2115119,CLBK,"Columbia Financial, Inc./MD/",6035,2967691936.35,2967691936.35,269545135.0,11.01,sized,in,2026-08-31,0,
891166,UVE,"UNIVERSAL INSURANCE HOLDINGS, INC.",6331,1307191774.35,1307191774.35,27830355.0,46.97,sized,in,2026-08-31,0,
1261654,UTI,UNIVERSAL TECHNICAL INSTITUTE INC,8200,1118984141.61,1118984141.61,55095231.0,20.31,sized,in,2026-08-31,0,
1622194,DEA,"Easterly Government Properties, Inc.",6798,1098807946.74,1098807946.74,47321617.0,23.22,sized,in,2026-08-31,0,
1566388,DSL,DoubleLine Income Solutions Fund,,,,,,"excluded: no domestic filings (foreign filer, fund, or shell)",out,,0,
903129,THRM,Gentherm Inc,3714,1630436151.4,919006875.4399999,30705208.0,29.93,disagree,in,2026-08-31,0,
1827090,CERT,"Certara, Inc.",7372,1317935059.2,1317935059.2,152538780.0,8.64,sized,in,2026-08-31,0,
1588978,PRCT,PROCEPT BioRobotics Corp,3841,1025198496.0999999,1025198496.0999999,57273659.0,17.9,sized,in,2026-08-31,0,
1584297,MNSKY,MoneySupermarket.com Group PLC/ADR,,,,,,"excluded: no domestic filings (foreign filer, fund, or shell)",out,,0,
1334978,CCO,"Clear Channel Outdoor Holdings, Inc.",7310,1237098043.3500001,1237098043.3500001,509093845.0,2.43,sized,in,2026-08-31,0,
1828962,CRCT,"Cricut, Inc.",3559,1340444262.4,,,6.4,sized,in,2026-08-31,0,
799167,MRTN,MARTEN TRANSPORT LTD,4213,1044452746.5099999,1044452746.5099999,81661669.0,12.79,sized,in,2026-08-31,0,
1626971,CRVS,"Corvus Pharmaceuticals, Inc.",2834,858874838.2400001,858874838.2400001,84120944.0,10.21,sized,in,2026-08-31,0,
1046025,HFWA,HERITAGE FINANCIAL CORP /WA/,6036,1128041934.06,1128041934.06,40915558.0,27.57,sized,in,2026-08-31,0,
1526520,TRIP,"TripAdvisor, Inc.",7370,1050106104.32,1050106104.32,117199342.0,8.96,sized,in,2026-08-31,0,
1809519,GDRX,"GoodRx Holdings, Inc.",7374,1146248503.68,,,3.36,sized,in,2026-08-31,0,
2130606,OBX,"Obsidian Therapeutics, Inc.",2834,756100002.24,756100002.24,61772876.0,12.24,sized,in,2026-08-31,0,
1771515,GO,Grocery Outlet Holding Corp.,5411,1182077989.56,1182077989.56,99084492.0,11.93,sized,in,2026-08-31,0,
1005210,SPH,SUBURBAN PROPANE PARTNERS LP,5900,1143450313.18,1143450313.18,66712387.0,17.14,sized,in,2026-08-31,0,
907254,BFS,"SAUL CENTERS, INC.",6798,734592241.72,734592241.72,24717101.0,29.72,sized,in,2026-10-09,0,
1809196,IMTX,Immatics N.V.,2836,,,,,"excluded: no domestic filings (foreign filer, fund, or shell)",out,,0,
836157,LNN,LINDSAY CORP,3523,1165354221.0,1165354221.0,10168885.0,114.6,sized,in,2026-08-31,0,
1826457,GLUE,"Monte Rosa Therapeutics, Inc.",2836,880434298.32,880434298.32,85313401.0,10.32,sized,in,2026-08-31,0,
2001201,TALMF,Fuerte Metals Corp,,,,,,"excluded: no domestic filings (foreign filer, fund, or shell)",out,,0,
1843181,NBXG,Neuberger Next Generation Connectivity Fund Inc.,,,,,,"excluded: no domestic filings (foreign filer, fund, or shell)",out,,0,
1117297,QNST,"QUINSTREET, INC",7389,915002038.08,912811679.91,57086409.0,15.99,sized,in,2026-08-31,0,
1816007,LU,Lufax Holding Ltd,6199,,,,,"excluded: no domestic filings (foreign filer, fund, or shell)",out,,0,
1326200,GNK,GENCO SHIPPING & TRADING LTD,4412,1212143485.05,1212143485.05,43586605.0,27.81,sized,in,2026-08-31,0,
911971,TK,TEEKAY CORP LTD,4412,,,,,"excluded: no domestic filings (foreign filer, fund, or shell)",out,,0,
1018164,WLFC,WILLIS LEASE FINANCE CORP,5080,845975881.11,845975881.11,21144111.0,40.01,sized,in,2026-08-31,0,
1743759,CRSR,"Corsair Gaming, Inc.",3577,1416036393.31,1416036393.31,108176959.0,13.09,sized,in,2026-08-31,0,
718937,STAA,STAAR SURGICAL CO,3851,1122222361.9199998,1122222361.9199998,50143984.0,22.38,sized,in,2026-08-31,0,
1094366,RDWR,RADWARE LTD,7389,,,,,"excluded: no domestic filings (foreign filer, fund, or shell)",out,,0,
2097725,AIIR,AIR Global PLC,2100,,,,,"excluded: no domestic filings (foreign filer, fund, or shell)",out,,0,
1802974,AVO,"Mission Produce, Inc.",0700,1033728383.16,1033728383.16,87678404.0,11.79,sized,in,2026-08-31,0,
1669811,DFIN,"Donnelley Financial Solutions, Inc.",7380,1234186226.6000001,1234186226.6000001,24585383.0,50.2,sized,in,2026-08-31,0,
1789029,AEVA,"Aeva Technologies, Inc.",3714,954271827.02,954271827.02,69705758.0,13.69,sized,in,2026-08-31,0,
1831651,SHLS,"Shoals Technologies Group, Inc.",3674,1417085579.0,,,8.42,sized,in,2026-08-31,0,
1414932,OCSL,Oaktree Specialty Lending Corp,,,,,,"excluded: investment company (files 40-17G, N-2)",out,,0,
1630805,BW,"Babcock & Wilcox Enterprises, Inc.",3433,819307863.0,819307863.0,148965066.0,5.5,sized,in,2026-08-31,0,
97134,TNC,TENNANT CO,3580,1124231039.82,1124231039.82,17049303.0,65.94,sized,in,2026-08-31,0,
102212,UVSP,UNIVEST FINANCIAL Corp,6022,1137982487.6799998,1137982487.6799998,27580768.0,41.26,sized,in,2026-08-31,0,
1287032,PSEC,PROSPECT CAPITAL CORP,,,,,,excluded: investment company (files 40-17G),out,,0,
885978,USPH,U S PHYSICAL THERAPY INC /NV,8000,1246343736.96,1246343736.96,14922698.0,83.52,sized,in,2026-08-31,0,
1057060,HZO,MARINEMAX INC,5531,1158007516.05,1158008092.78,22086746.0,52.43,sized,in,2026-08-31,0,
2080073,VMET,Versamet Royalties Corp,6795,,,,,"excluded: no domestic filings (foreign filer, fund, or shell)",out,,0,
1817713,JANX,"Janux Therapeutics, Inc.",2834,1131030300.5,1131030300.5,61136773.0,18.5,sized,in,2026-08-31,0,
2071288,LMRI,"Lumexa Imaging Holdings, Inc.",8071,992454502.08,992454502.08,96074976.0,10.33,sized,in,2026-08-31,0,
1160308,SVRA,Savara Inc,2834,992371872.45,992371872.45,205460015.0,4.83,sized,in,2026-08-31,0,
716314,GHM,GRAHAM CORP,3560,957155041.15,957155041.15,11737033.0,81.55,sized,in,2026-08-31,0,
1770121,SANA,"Sana Biotechnology, Inc.",2836,835216177.23,835216177.23,299360637.0,2.79,sized,in,2026-08-31,0,
1794338,IGIC,International General Insurance Holdings Ltd.,6399,1055722186.86,1065057489.76,42842216.0,24.86,sized,in,2026-08-31,0,
1308335,EOS,Eaton Vance Enhanced Equity Income Fund II,,,,,,"excluded: no domestic filings (foreign filer, fund, or shell)",out,,0,
1477449,TDOC,"Teladoc Health, Inc.",8011,1006529476.34,1006529476.34,181684021.0,5.54,sized,in,2026-08-31,0,
102037,UVV,UNIVERSAL CORP /VA/,5150,1075149917.26,1075149917.26,24899257.0,43.18,sized,in,2026-08-31,0,
2076975,BRAI,Braiin Ltd,7374,,,,,"excluded: no domestic filings (foreign filer, fund, or shell)",out,,0,
1667011,AIP,"Arteris, Inc.",3674,1122634009.68,1122634009.68,49152102.0,22.84,sized,in,2026-08-31,0,
1794515,GTM,ZoomInfo Technologies Inc.,7372,1114951476.18,1114951476.18,291110046.0,3.83,sized,in,2026-08-31,0,
1734342,AMTB,Amerant Bancorp Inc.,6021,1137681577.74,1137681577.74,39189858.0,29.03,sized,in,2026-08-31,0,
1476034,MCB,Metropolitan Bank Holding Corp.,6022,1084681597.22,1084681597.22,12397778.0,87.49,sized,in,2026-08-31,0,
1711375,LOMA,Loma Negra Compania Industrial Argentina Sociedad Anonima,3241,,,,,"excluded: no domestic filings (foreign filer, fund, or shell)",out,,0,
1325618,IRMD,IRADIMED CORP,3841,1098146787.08,1098146787.08,12786991.0,85.88,sized,in,2026-08-31,0,
71829,NPKI,NPK International Inc.,7350,974765583.12,974765583.12,84909894.0,11.48,sized,in,2026-08-31,0,
1720116,RDVT,"Red Violet, Inc.",7372,1281511423.5,1281511423.5,16046975.0,79.86,sized,in,2026-08-31,0,
1572694,GSBD,"Goldman Sachs BDC, Inc.",,,,,,"excluded: investment company (files 40-17G, N-2)",out,,0,
1013605,PDS,PRECISION DRILLING Corp,1381,1060997846.3000001,1090071911.71,12932399.0,84.29,sized,in,2026-08-31,0,
883237,VRTS,"VIRTUS INVESTMENT PARTNERS, INC.",6282,871479777.1,871479777.1,6622690.0,131.59,sized,in,2026-08-31,0,
1966983,LAC,LITHIUM AMERICAS CORP.,1000,856781345.4799999,856781345.4799999,363042943.0,2.36,sized,in,2026-08-31,0,
66004,MSEX,MIDDLESEX WATER CO,4941,1000236653.68,1000236653.68,18843946.0,53.08,sized,in,2026-08-31,0,
933036,UPBD,"UPBOUND GROUP, INC.",7359,914717664.4499999,914717664.4499999,58299405.0,15.69,sized,in,2026-08-31,0,
1275168,FSBC,FIVE STAR BANCORP,6022,1047958783.94,1047958783.94,24536614.0,42.71,sized,in,2026-08-31,0,
1053706,CRAI,"CRA INTERNATIONAL, INC.",8111,1114519261.6,1114519261.6,6276860.0,177.56,sized,in,2026-08-31,0,
812074,OI,"O-I Glass, Inc. /DE/",3221,948080638.99,948080638.99,153659747.0,6.17,sized,in,2026-08-31,0,
1488139,AMRC,"Ameresco, Inc.",1700,1114921093.1100001,,,21.01,sized,in,2026-08-31,0,
944809,OPK,"OPKO HEALTH, INC.",2834,1022469668.2500001,1034476390.72,755092256.0,1.37,sized,in,2026-08-31,0,
2090646,BRUN,Boost Run Inc.,7374,961798036.1,,,12.1,sized,in,2026-08-31,0,
27996,DLX,DELUXE CORP,2780,1056987484.5,1056987484.5,45856290.0,23.05,sized,in,2026-08-31,0,
1422143,KURA,"Kura Oncology, Inc.",2834,935865711.88,935865711.88,88960619.0,10.52,sized,in,2026-08-31,0,
2002473,BOW,Bowhead Specialty Holdings Inc.,6331,1123356470.5,1123356470.5,32943005.0,34.1,sized,in,2026-08-31,0,
33934,CRF,CORNERSTONE TOTAL RETURN FUND INC,,,,,,"excluded: no domestic filings (foreign filer, fund, or shell)",out,,0,
1708035,ECVT,Ecovyst Inc.,2800,1117672343.5800002,1117672343.5800002,109468398.0,10.21,sized,in,2026-08-31,0,
1829118,TUYA,Tuya Inc.,7372,,,,,"excluded: no domestic filings (foreign filer, fund, or shell)",out,,0,
1095651,SAFE,Safehold Inc.,6798,856876988.0,856876988.0,70816280.0,12.1,sized,in,2026-08-31,0,
80172,NPK,NATIONAL PRESTO INDUSTRIES INC,3480,,,,,excluded: investment company (files N-2),out,,0,
70866,VYX,NCR Voyix Corp,3578,952682296.2,952682296.2,138069898.0,6.9,sized,in,2026-08-31,0,
1756594,IVA,Inventiva S.A.,2834,,,,,"excluded: no domestic filings (foreign filer, fund, or shell)",out,,0,
1440972,LAR,Lithium Argentina AG,1000,863166000.0,854260315.04,162406904.0,5.26,sized,in,2026-08-31,0,successor issuer: no Form 4s under this CIK; the panel resolves the predecessor
918965,SCSC,"SCANSOURCE, INC.",5045,1191648757.9199998,1191648757.9199998,20142812.0,59.16,sized,in,2026-08-31,0,
2013223,HSLV,Highlander Silver Corp.,1040,,,,,"excluded: no domestic filings (foreign filer, fund, or shell)",out,,0,
2098395,IMC,IMC Rare Earths Ltd,1000,,,,,"excluded: no domestic filings (foreign filer, fund, or shell)",out,,0,
1567569,FPF,First Trust Intermediate Duration Preferred & Income Fund,,,,,,"excluded: no domestic filings (foreign filer, fund, or shell)",out,,0,
1309251,MALG,MICROALLIANCE GROUP INC.,2080,,,,,excluded: no Section 16 filings,out,,0,
1603145,XIFR,"XPLR Infrastructure, LP",4911,975062000.0,,,10.34,sized,in,2026-08-31,0,
1627475,UPWK,"UPWORK, INC",7374,1070421838.0500001,1070421838.0500001,124903365.0,8.57,sized,in,2026-08-31,0,
1753539,BKSY,BlackSky Technology Inc.,3663,865969741.36,865969741.36,40924846.0,21.16,sized,in,2026-10-09,0,
1001385,NWPX,"NWPX Infrastructure, Inc.",3317,970755357.46,970755357.46,9637202.0,100.73,sized,in,2026-08-31,0,
1253986,ABR,ARBOR REALTY TRUST INC,6798,576464352.87,576464352.87,186558043.0,3.09,sized,in,2026-10-09,0,
710752,SBR,SABINE ROYALTY TRUST,6792,,,,,excluded: royalty trust (SIC 6792),out,,0,
1831907,LUXE,LuxExperience B.V.,5961,,,,,"excluded: no domestic filings (foreign filer, fund, or shell)",out,,0,
2057463,GLIBA,Liberty Capital Corp/NV,4841,941358808.46,,,23.59,sized,in,2026-08-31,0,
1322435,ETW,Eaton Vance Tax-Managed Global Buy-Write Opportunities Fund,,,,,,"excluded: no domestic filings (foreign filer, fund, or shell)",out,,0,
1490906,CFFN,"Capitol Federal Financial, Inc.",6035,1044939207.6200001,1064664457.0100001,125698283.0,8.47,sized,in,2026-08-31,0,
1785971,BMEZ,BlackRock Health Sciences Term Trust,,,,,,"excluded: no domestic filings (foreign filer, fund, or shell)",out,,0,
1971213,SBGI,"Sinclair, Inc.",4833,950259308.4000001,,,13.14,sized,in,2026-08-31,0,
1722606,MTA,Metalla Royalty & Streaming Ltd.,1040,,,,,"excluded: no domestic filings (foreign filer, fund, or shell)",out,,0,
1309402,GPRE,Green Plains Inc.,2860,1055635639.6800001,1055635639.6800001,70095328.0,15.06,sized,in,2026-08-31,0,
1745648,APMD,"Apnimed, Inc.",2834,758512793.38,758512793.38,41630779.0,18.22,sized,in,2026-08-31,0,
1222719,CHY,CALAMOS CONVERTIBLE & HIGH INCOME FUND,,,,,,"excluded: no domestic filings (foreign filer, fund, or shell)",out,,0,
1534120,AVTX,"Avalo Therapeutics, Inc.",2834,720250752.27,720250752.27,53629989.0,13.43,sized,in,2026-08-31,0,
1042729,MBWM,MERCANTILE BANK CORP,6022,1006041067.8000001,1006041067.8000001,17285929.0,58.2,sized,in,2026-08-31,0,
945394,SVC,Service Properties Trust,6798,805549015.36,805549015.36,129509488.0,6.22,sized,in,2026-08-31,0,
1568194,FSCO,FS Credit Opportunities Corp.,,,,,,"excluded: no domestic filings (foreign filer, fund, or shell)",out,,0,
2088256,HQ,Horizon Quantum Holdings Ltd.,7371,,,,,"excluded: no domestic filings (foreign filer, fund, or shell)",out,,0,
1094324,SIFY,SIFY TECHNOLOGIES LTD,7370,,,,,"excluded: no domestic filings (foreign filer, fund, or shell)",out,,0,
1062822,LXRX,"LEXICON PHARMACEUTICALS, INC.",2834,783122443.84,783122443.84,444955934.0,1.76,sized,in,2026-08-31,0,
1227500,EQBK,EQUITY BANCSHARES INC,6022,977937350.1,977937350.1,20592490.0,47.49,sized,in,2026-08-31,0,
2107946,YKCLY,Yamato Kogyo Co. Ltd/ADR,,,,,,"excluded: no domestic filings (foreign filer, fund, or shell)",out,,0,
1598665,HRTG,"Heritage Insurance Holdings, Inc.",6331,1047473015.68,1047473015.68,29732416.0,35.23,sized,in,2026-08-31,0,
1171471,CHI,CALAMOS CONVERTIBLE OPPORTUNITIES & INCOME FUND,,,,,,"excluded: no domestic filings (foreign filer, fund, or shell)",out,,0,
1836057,BTX,BlackRock Technology & Private Equity Term Trust,,,,,,"excluded: no domestic filings (foreign filer, fund, or shell)",out,,0,
930420,KFRC,KFORCE INC,7363,937536150.0,937536150.0,17909000.0,52.35,sized,in,2026-08-31,0,
1734713,BV,"BrightView Holdings, Inc.",0700,968596000.0000001,968596000.0000001,92600000.0,10.46,sized,in,2026-08-31,0,
1569963,LTGHY,Life Healthcare Group Holdings Limited/ADR,,,,,,"excluded: no domestic filings (foreign filer, fund, or shell)",out,,0,
1447028,ABUS,Arbutus Biopharma Corp,2834,828082005.7399999,827003950.3,197847835.0,4.18,sized,in,2026-08-31,0,
1447362,CSTL,CASTLE BIOSCIENCES INC,8071,1029823880.97,1029823880.97,30549507.0,33.71,sized,in,2026-08-31,0,
1747068,MCBS,"MetroCity Bankshares, Inc.",6022,998133021.72,998133021.72,28781229.0,34.68,sized,in,2026-08-31,0,
1227654,CMP,COMPASS MINERALS INTERNATIONAL INC,1400,968918571.92,968918571.92,41980874.0,23.08,sized,in,2026-08-31,0,
1922446,DEC,Diversified Energy Co,1311,973424787.9,997850838.3,70769563.0,14.1,sized,in,2026-08-31,0,
1631574,WVE,"Wave Life Sciences, Inc.",2834,683757167.25,683757167.25,197048175.0,3.47,sized,in,2026-10-09,0,
1691445,FINV,FinVolution Group,6163,,,,,"excluded: no domestic filings (foreign filer, fund, or shell)",out,,0,
1600222,PXED,"Phoenix Education Partners, Inc.",8200,942638882.4,942638882.4,36047376.0,26.15,sized,in,2026-08-31,0,
1755953,ABTC,American Bitcoin Corp.,6199,564352775.75,42781243.1,5520160.4,7.75,disagree,in,2026-10-09,0,"cover count 82,802,406 as of 2025-08-14 restated 0.0666667x through the split(s) since"
1885680,RAJAF,"TFA Therapeutics, Inc.",2833,,,,,"excluded: no domestic filings (foreign filer, fund, or shell)",out,,0,
1624322,BFST,"Business First Bancshares, Inc.",6022,999606906.9300001,999606906.9300001,32549883.0,30.71,sized,in,2026-08-31,0,
1221029,CPAC,CEMENTOS PACASMAYO SAA,3241,,,,,"excluded: no domestic filings (foreign filer, fund, or shell)",out,,0,
1792849,HPK,"HighPeak Energy, Inc.",1381,1103932978.92,1103932978.92,126452804.0,8.73,sized,in,2026-08-31,0,
2094496,SECZ,Securitize Corp.,6199,2066943572.1,2066943572.1,163265685.0,12.66,sized,in,2026-08-31,0,
1793882,PTA,Cohen & Steers Tax-Advantaged Preferred Securities & Income Fund,,,,,,"excluded: no domestic filings (foreign filer, fund, or shell)",out,,0,
2096300,AVEX,AEVEX Corp.,3721,983297981.2600001,,,14.21,sized,in,2026-08-31,0,
1286139,LZ,"LEGALZOOM.COM, INC.",7374,1014744011.1,1014744011.1,171264812.0,5.925,sized,in,2026-08-31,0,
706129,HBNC,HORIZON BANCORP INC /IN/,6022,1001218120.5,1001218120.5,51344519.0,19.5,sized,in,2026-08-31,0,
736772,CCNE,CNB FINANCIAL CORP/PA,6022,996446571.4,996446571.4,29620885.0,33.64,sized,in,2026-08-31,0,
844965,TTI,TETRA TECHNOLOGIES INC,1311,906205407.48,906205407.48,148072779.0,6.12,sized,in,2026-08-31,0,
1506289,BCX,BlackRock Resources & Commodities Strategy Trust,,,,,,"excluded: no domestic filings (foreign filer, fund, or shell)",out,,0,
1257640,KRO,KRONOS WORLDWIDE INC,2810,900062575.12,900062575.12,115097516.0,7.82,sized,in,2026-08-31,0,
1337117,ITRN,Ituran Location & Control Ltd.,5065,,,,,"excluded: no domestic filings (foreign filer, fund, or shell)",out,,0,
792987,ASTE,ASTEC INDUSTRIES INC,3531,892923732.26,892923732.26,23025367.0,38.78,sized,in,2026-10-09,0,
1051004,MUC,"BLACKROCK MUNIHOLDINGS CALIFORNIA QUALITY FUND, INC.",,,,,,"excluded: no domestic filings (foreign filer, fund, or shell)",out,,0,
1843974,DXYZ,Destiny Tech100 Inc.,,,,,,"excluded: no domestic filings (foreign filer, fund, or shell)",out,,0,
2039497,RHLD,"Resolute Holdings Management, Inc.",6199,908558743.05,908558743.05,7819595.0,116.19,sized,in,2026-08-31,0,
1164771,NAK,NORTHERN DYNASTY MINERALS LTD,1040,,,,,"excluded: no domestic filings (foreign filer, fund, or shell)",out,,0,
1278895,CII,"BlackRock Enhanced Large Cap Core Fund, Inc.",,,,,,"excluded: no domestic filings (foreign filer, fund, or shell)",out,,0,
1840502,TBLA,Taboola.com Ltd.,7370,948245446.9799999,1180090806.57,336208207.0,3.51,sized,in,2026-08-31,0,
886744,GERN,GERON CORP,2834,783817558.98,783817558.98,642473409.0,1.22,sized,in,2026-10-09,0,
1722608,IQ,"iQIYI, Inc.",7841,,,,,"excluded: no domestic filings (foreign filer, fund, or shell)",out,,0,
1396814,PCRX,"Pacira BioSciences, Inc.",2834,1450574031.54,1450574031.54,39861886.0,36.39,sized,in,2026-08-31,0,
1841387,CADL,"Candel Therapeutics, Inc.",2836,739169337.9,739169337.9,76518565.0,9.66,sized,in,2026-08-31,0,
1951089,CRML,Critical Metals Corp.,1000,,,,,"excluded: no domestic filings (foreign filer, fund, or shell)",out,,0,
1956744,TRON,Tron Inc.,6199,588233759.36,588233759.36,474382064.0,1.24,sized,in,2026-10-09,0,
1891027,MNTN,"MNTN, Inc.",7310,779448958.46,,,10.42,sized,in,2026-10-09,0,
1850235,HEPS,D-MARKET Electronic Services & Trading,5961,,,,,"excluded: no domestic filings (foreign filer, fund, or shell)",out,,0,
1979330,NBBK,"NB Bancorp, Inc.",6036,988106949.5,988106949.5,43818490.0,22.55,sized,in,2026-10-09,0,
1379785,BBDC,"Barings BDC, Inc.",,,,,,"excluded: investment company (files 40-17G, N-2)",out,,0,
2081206,AGBK,AGI Inc,6029,,,,,"excluded: no domestic filings (foreign filer, fund, or shell)",out,,0,
1477641,DQ,DAQO NEW ENERGY CORP.,3674,,,,,"excluded: no domestic filings (foreign filer, fund, or shell)",out,,0,
1698991,ACEL,"Accel Entertainment, Inc.",7900,901247572.5,901247572.5,81193475.0,11.1,sized,in,2026-10-09,0,
1906324,QDEL,QuidelOrtho Corp,2835,851021049.07,851021049.07,68575427.0,12.41,sized,in,2026-08-31,0,
1707502,SLDB,Solid Biosciences Inc.,2836,731276123.1600001,731276123.1600001,107225238.0,6.82,sized,in,2026-08-31,0,
1462056,BLZE,"Backblaze, Inc.",7372,804081000.0,804081000.0,61900000.0,12.99,sized,in,2026-10-09,0,
755001,UTL,UNITIL CORP,4931,955236984.12,955236984.12,18236674.0,52.38,sized,in,2026-10-09,0,
357301,TRST,TRUSTCO BANK CORP N Y,6022,932439042.4,932439042.4,17027740.0,54.76,sized,in,2026-10-09,0,
1920294,RZLV,REZOLVE AI PLC,7370,,,,,"excluded: no domestic filings (foreign filer, fund, or shell)",out,,0,
701347,CPF,CENTRAL PACIFIC FINANCIAL CORP,6022,933086935.6800001,933086935.6800001,25747432.0,36.24,sized,in,2026-10-09,0,
1546417,BLMN,"Bloomin' Brands, Inc.",5812,726065376.1600001,726065376.1600001,85620917.0,8.48,sized,in,2026-10-09,0,
1224450,RNP,COHEN & STEERS REIT & PREFERRED & INCOME FUND INC,,,,,,"excluded: no domestic filings (foreign filer, fund, or shell)",out,,0,
1409493,CIM,CHIMERA INVESTMENT CORP,6798,754243480.18,754243480.18,83711818.0,9.01,sized,in,2026-10-09,0,
1493683,BBN,BlackRock Taxable Municipal Bond Trust,,,,,,"excluded: no domestic filings (foreign filer, fund, or shell)",out,,0,
1923891,NNE,Nano Nuclear Energy Inc.,4911,819433707.96,819433707.96,53698146.0,15.26,sized,in,2026-10-09,0,
1375877,CSIQ,Canadian Solar Inc.,3674,,,,,"excluded: no domestic filings (foreign filer, fund, or shell)",out,,0,
1085913,FMCB,FARMERS & MERCHANTS BANCORP,6021,,,691944.0,,unsized,out,,0,counting failure; never a member
1433551,SGLA,Sino Green Land Corp.,5090,,,162093238.0,,unsized,out,,0,counting failure; never a member
1756908,PDX,PIMCO Dynamic Income Strategy Fund,,,,,,"excluded: no domestic filings (foreign filer, fund, or shell)",out,,0,
1702744,SMPL,Simply Good Foods Co,2000,894336109.9499999,894336109.9499999,88460545.0,10.11,sized,in,2026-08-31,0,
1689796,JBGS,JBG SMITH Properties,6798,645503894.42,652177903.9599999,59181298.0,11.02,sized,in,2026-10-09,0,
1841968,RPC,"Ridgepost Capital, Inc.",6282,879702751.2,,,7.98,sized,in,2026-10-09,0,
1437402,ARDX,"ARDELYX, INC.",2834,844273360.44,814843360.44,249187572.0,3.27,sized,in,2026-10-09,0,
1758021,KRT,Karat Packaging Inc.,3089,1072326589.8,1072326589.8,19931721.0,53.8,sized,in,2026-10-09,0,
1528115,ANNX,"Annexon, Inc.",2834,758316536.0,154254260.0,38563565.0,4.0,disagree,in,2026-10-09,0,
1873835,IMMX,"Immix Biopharma, Inc.",2834,770168414.79,664600227.06,71539314.0,9.29,sized,in,2026-10-09,0,
1287213,PLOW,"DOUGLAS DYNAMICS, INC",3531,909004841.94,909004841.94,23077046.0,39.39,sized,in,2026-10-09,0,
750686,CAC,CAMDEN NATIONAL CORP,6021,952655622.62,952655622.62,16897049.0,56.38,sized,in,2026-10-09,0,
798359,CSR,CENTERSPACE,6798,923802545.4,922166851.0677799,16794151.358,54.91,sized,in,2026-10-09,0,
799233,HTLD,HEARTLAND EXPRESS INC,4213,877725134.85,877725134.85,77332611.0,11.35,sized,in,2026-10-09,0,
1807120,DSGN,"Design Therapeutics, Inc.",2834,719063169.99,719063169.99,62581651.0,11.49,sized,in,2026-10-09,0,
2004340,SYNSY,Syensqo SA/ADR,,,,,,"excluded: no domestic filings (foreign filer, fund, or shell)",out,,0,
705432,SBSI,SOUTHSIDE BANCSHARES INC,6022,908249150.6,908249150.6,29807980.0,30.47,sized,in,2026-10-09,0,
714562,THFF,FIRST FINANCIAL CORP /IN/,6022,878930033.36,878930033.36,11891896.0,73.91,sized,in,2026-10-09,0,
2048519,AEBI,Aebi Schmidt Holding AG,3531,855963814.41,855963814.41,77603247.0,11.03,sized,in,2026-10-09,0,
1925062,FRBT,"Forbright, Inc.",6022,917819990.3999999,,,18.08,sized,in,2026-10-09,0,
1665988,BVS,Bioventus Inc.,3841,866792264.67,,,12.69,sized,in,2026-10-09,0,
1831481,SOC,Sable Offshore Corp.,1311,740616547.92,740616547.92,191869572.0,3.86,sized,in,2026-10-09,0,
1568100,PD,"PagerDuty, Inc.",7372,1242667993.4,1242667993.4,78649873.0,15.8,sized,in,2026-08-31,0,
1431852,OGG,Osisko Gold Group Inc.,1040,,,,,"excluded: no domestic filings (foreign filer, fund, or shell)",out,,0,
1805385,EVLV,"Evolv Technologies Holdings, Inc.",3577,829557748.6800001,829557748.6800001,181126146.0,4.58,sized,in,2026-10-09,0,
31235,KODK,EASTMAN KODAK CO,3861,938861000.0,938861000.0,97900000.0,9.59,sized,in,2026-10-09,0,
1641229,FFMGF,First Mining Gold Corp.,1040,,,,,"excluded: no domestic filings (foreign filer, fund, or shell)",out,,0,
1784930,MAKO,Mako Mining Corp.,1040,,,,,"excluded: no domestic filings (foreign filer, fund, or shell)",out,,0,
62234,MCS,MARCUS CORP,7830,837401438.44,516675163.76,19023386.0,27.16,disagree,in,2026-10-09,0,
879635,MPB,MID PENN BANCORP INC,6022,916374726.5500001,916374726.5500001,25335215.0,36.17,sized,in,2026-10-09,0,
1579684,TDAY,"USA TODAY Co., Inc.",2711,1026257407.59,1026257407.59,146817941.0,6.99,sized,in,2026-10-09,0,
1714174,BUR,Burford Capital Ltd,6199,755408867.4399999,755370690.3199999,219584503.0,3.44,sized,in,2026-10-09,0,
1768446,CLYM,"Climb Bio, Inc.",2834,623757729.3,623757729.3,57436255.0,10.86,sized,in,2026-10-09,0,
1640428,EVER,"EverQuote, Inc.",7370,730872435.7399999,,,20.74,sized,in,2026-10-09,0,
1848731,GLAS,Glass House Brands Inc.,2833,,,,,"excluded: no domestic filings (foreign filer, fund, or shell)",out,,0,
1833141,HELP,CYBIN INC.,2834,,,,,"excluded: no domestic filings (foreign filer, fund, or shell)",out,,0,
859070,FCBC,FIRST COMMUNITY BANKSHARES INC /VA/,6022,900320763.6899999,900320763.6899999,18910329.0,47.61,sized,in,2026-10-09,0,
1966287,GFR,Greenfire Resources Ltd.,1311,,,,,"excluded: no domestic filings (foreign filer, fund, or shell)",out,,0,
709337,FMNB,FARMERS NATIONAL BANC CORP /OH/,6022,900563094.4,900563094.4,59247572.0,15.2,sized,in,2026-10-09,0,
1814287,ABX,"Abacus Global Management, Inc.",6282,813631511.6800001,813631511.6800001,97792249.0,8.32,sized,in,2026-10-09,0,
1557746,ACRS,"Aclaris Therapeutics, Inc.",2834,557883804.47,557883804.47,147198893.0,3.79,sized,in,2026-10-09,0,
1109242,HAFC,HANMI FINANCIAL CORP,6021,927280450.125,927280450.125,29649255.0,31.275,sized,in,2026-10-09,0,
1828016,PLTK,Playtika Holding Corp.,7374,877261827.8,877261827.8,381418186.0,2.3,sized,in,2026-10-09,0,
1495222,OXLC,Oxford Lane Capital Corp.,,,,,,"excluded: no domestic filings (foreign filer, fund, or shell)",out,,0,
2087844,MSSHY,Mitsui-Soko Holdings Co Limited/ADR,,,,,,"excluded: no domestic filings (foreign filer, fund, or shell)",out,,0,
1494191,KRNGY,Karoon Gas Australia Ltd /ADR/,,,,,,"excluded: no domestic filings (foreign filer, fund, or shell)",out,,0,
1756699,TIGR,UP Fintech Holding Ltd,6211,,,,,"excluded: no domestic filings (foreign filer, fund, or shell)",out,,0,
1423221,NX,Quanex Building Products CORP,3350,849617896.3199999,849617896.3199999,45826208.0,18.54,sized,in,2026-10-09,0,
1759774,PSTL,"Postal Realty Trust, Inc.",6798,677877243.93,677877243.93,30248873.0,22.41,sized,in,2026-10-09,0,
1840572,LUCK,Lucky Strike Entertainment Corp,7900,691183061.4000001,,,5.07,sized,in,2026-10-09,0,
915779,DAKT,DAKTRONICS INC /SD/,3990,860377508.5,860377508.5,48092650.0,17.89,sized,in,2026-10-09,0,
1861107,CBLL,"Ceribell, Inc.",3845,888453038.15,888453038.15,38378101.0,23.15,sized,in,2026-10-09,0,
1750284,OLMA,"Olema Pharmaceuticals, Inc.",2834,684231286.74,684231286.74,87497607.0,7.82,sized,in,2026-10-09,0,
1297184,AMPH,"Amphastar Pharmaceuticals, Inc.",2834,1097904334.6399999,1097904334.6399999,42537944.0,25.81,sized,in,2026-10-09,0,
1944552,ANL,Adlai Nortye Ltd.,2834,,,,,"excluded: no domestic filings (foreign filer, fund, or shell)",out,,0,
1838957,RERE,ATRenew Inc.,5990,,,,,"excluded: no domestic filings (foreign filer, fund, or shell)",out,,0,
1846069,NXDR,"Nextdoor Holdings, Inc.",7370,970989489.0199999,,,2.51,sized,in,2026-10-09,0,
107687,WGO,WINNEBAGO INDUSTRIES INC,3716,696828212.4499999,696828212.4499999,28268893.0,24.65,sized,in,2026-10-09,0,
1424929,FOXF,FOX FACTORY HOLDING CORP,3751,777573518.5,777573518.5,42031001.0,18.5,sized,in,2026-10-09,0,
1055160,MFA,"MFA FINANCIAL, INC.",6798,725811394.8399999,725811394.8399999,101087938.0,7.18,sized,in,2026-10-09,0,
1538849,CAPL,CrossAmerica Partners LP,5172,823778842.9,823778842.9,38173255.0,21.58,sized,in,2026-10-09,0,
1597033,SABR,Sabre Corp,7370,778915603.02,778915603.02,403583214.0,1.93,sized,in,2026-10-09,0,
1613780,DBVT,DBV Technologies S.A.,2836,600203146.35,,296061497.0,9.55,sized,in,2026-08-31,0,ADS: ordinary-share count is not price-comparable; sized on the vendor figure
771266,KOPN,KOPIN CORP,3674,780664978.8000001,780664978.8000001,185872614.0,4.2,sized,in,2026-10-09,0,
1260041,HTD,JOHN HANCOCK TAX-ADVANTAGED DIVIDEND INCOME FUND,,,,,,"excluded: no domestic filings (foreign filer, fund, or shell)",out,,0,
1325964,LWLG,"Lightwave Logic, Inc.",3080,787794673.0500001,787794673.0500001,154167255.0,5.11,sized,in,2026-10-09,0,
1548536,SCZM,Santacruz Silver Mining Ltd.,1040,,,,,"excluded: no domestic filings (foreign filer, fund, or shell)",out,,0,
1829802,FTH,"Faeth Therapeutics, Inc.",2834,661773284.25,661773284.25,25840425.0,25.61,sized,in,2026-10-09,0,
1747172,KBDC,"Kayne Anderson BDC, Inc.",,,,,,"excluded: investment company (files 40-17G, N-2)",out,,0,
1273685,ADAM,"ADAMAS TRUST, INC.",6798,687580362.9,687580362.9,89879786.0,7.65,sized,in,2026-10-09,0,
810332,RJET,REPUBLIC AIRWAYS HOLDINGS INC.,4512,810445544.9999999,810445544.9999999,46819500.0,17.31,sized,in,2026-10-09,0,
915840,BZH,BEAZER HOMES USA INC,1531,891366204.43,891366204.43,26679623.0,33.41,sized,in,2026-10-09,0,
1538379,IBTA,"Ibotta, Inc.",7310,872031494.5600001,,,43.28,sized,in,2026-10-09,0,
1828105,HIPO,Hippo Holdings Inc.,6331,902780724.01,902780724.01,26389381.0,34.21,sized,in,2026-10-09,0,
880117,JBSS,SANFILIPPO JOHN B & SON INC,2060,799717165.59,555407500.2,8121180.0,68.39,disagree,in,2026-10-09,0,
1674632,BBNX,"Beta Bionics, Inc.",3841,940282457.73,784170261.84,44989688.0,17.43,sized,in,2026-10-09,0,
726601,CCBG,CAPITAL CITY BANK GROUP INC,6022,831877367.17,,,48.61,sized,in,2026-10-09,0,
928658,CVLG,"COVENANT LOGISTICS GROUP, INC.",4213,830107118.38,,,32.71,sized,in,2026-10-09,0,
1195739,NRK,NUVEEN NEW YORK AMT-FREE QUALITY MUNICIPAL INCOME FUND,,,,,,"excluded: no domestic filings (foreign filer, fund, or shell)",out,,0,
1583107,TBPH,"Theravance Biopharma, Inc.",2834,,,51918754.0,,unsized,out,,0,counting failure; never a member
1038773,SMBK,SMARTFINANCIAL INC.,6021,855949558.38,855949558.38,17098473.0,50.06,sized,in,2026-10-09,0,
1778114,AIO,Virtus Artificial Intelligence & Technology Opportunities Fund,,,,,,"excluded: no domestic filings (foreign filer, fund, or shell)",out,,0,
1379041,EIG,"Employers Holdings, Inc.",6331,899282535.42,899282535.42,17960506.0,50.07,sized,in,2026-10-09,0,
1467760,ARI,"Apollo Commercial Real Estate Finance, Inc.",6798,802116762.72,800043460.32,128212093.0,6.24,sized,in,2026-10-09,0,
2065812,FSSL,FS Specialty Lending Fund,,,,,,"excluded: no domestic filings (foreign filer, fund, or shell)",out,,0,
1778922,SGP,"SpyGlass Pharma, Inc.",3841,823489242.98,823489242.98,33447979.0,24.62,sized,in,2026-10-09,0,
1434754,SB,"SAFE BULKERS, INC.",4412,,,,,"excluded: no domestic filings (foreign filer, fund, or shell)",out,,0,
2101833,NANO,ATII Holdings Inc.,3559,,,,,"excluded: no domestic filings (foreign filer, fund, or shell)",out,,0,
928054,FTK,FLOTEK INDUSTRIES INC/CN/,2890,985920077.38,985920077.38,36220429.0,27.22,sized,in,2026-10-09,0,
1593538,NAVI,NAVIENT CORP,6211,869376085.56,869376085.56,93783828.0,9.27,sized,in,2026-10-09,0,
108385,WRLD,WORLD ACCEPTANCE CORP,6141,839806422.5999999,840305036.0,4663180.0,180.2,sized,in,2026-10-09,0,
1823652,EVEX,"Eve Holding, Inc.",3721,581972176.11,581972176.11,348486333.0,1.67,sized,in,2026-10-09,0,
1459839,SIBN,"SI-BONE, Inc.",3841,845278324.5,845278324.5,44818575.0,18.86,sized,in,2026-10-09,0,
906013,AWF,ALLIANCEBERNSTEIN GLOBAL HIGH INCOME FUND INC,,,,,,"excluded: no domestic filings (foreign filer, fund, or shell)",out,,0,
1788882,ROOT,"Root, Inc.",6331,752352317.12,,,48.56,sized,in,2026-10-09,0,
1742692,INMD,InMode Ltd.,3845,,,,,"excluded: no domestic filings (foreign filer, fund, or shell)",out,,0,
1487952,VPG,"Vishay Precision Group, Inc.",3670,962401067.5,885510233.25,12256197.0,72.25,sized,in,2026-10-09,0,
1345126,CODI,Compass Diversified Holdings,2510,821576748.72,821576748.72,75235966.0,10.92,sized,in,2026-10-09,0,
1881487,ACDC,ProFrac Holding Corp.,1389,855976981.4,855976981.4,182122762.0,4.7,sized,in,2026-10-09,0,
6845,APOG,"APOGEE ENTERPRISES, INC.",3231,851913571.23,851913571.23,20895599.0,40.77,sized,in,2026-10-09,0,
854560,GSBC,"GREAT SOUTHERN BANCORP, INC.",6022,853928648.52,853928648.52,10897507.0,78.36,sized,in,2026-10-09,0,
1267565,COLL,"COLLEGIUM PHARMACEUTICAL, INC",2834,719804603.43,719804603.43,32555613.0,22.11,sized,in,2026-10-09,0,
1530804,TROX,Tronox Holdings plc,2810,603666109.62,603666109.62,159700029.0,3.78,sized,in,2026-10-09,0,
1050441,EGBN,EAGLE BANCORP INC,6022,862696435.9,862696435.9,30483973.0,28.3,sized,in,2026-10-09,0,
1869666,HAPVY,Hapvida Participacoes e Investimentos S.A./ADR,,,,,,"excluded: no domestic filings (foreign filer, fund, or shell)",out,,0,
2047190,TCGLF,TechCreate Group Ltd.,7374,,,,,"excluded: no domestic filings (foreign filer, fund, or shell)",out,,0,
709283,QMCO,QUANTUM CORP /DE/,3572,1149983829.18,1149983829.18,39410001.0,29.18,sized,in,2026-10-09,0,
1401257,FET,"FORUM ENERGY TECHNOLOGIES, INC.",3533,967951614.63,953742609.82,11304286.0,84.37,sized,in,2026-10-09,0,
2011514,AVR,Anteris Technologies Global Corp.,3842,646149682.62,646149682.62,97458474.0,6.63,sized,in,2026-10-09,0,
1315257,KOP,Koppers Holdings Inc.,2400,836647768.32,836647768.32,18911568.0,44.24,sized,in,2026-10-09,0,
1823587,SKYH,Sky Harbour Group Corp,6500,377623270.08,,,9.54,sized,in,2026-10-09,0,
1787117,REF,Reformation Inc.,2330,791662888.0,791662888.0,59079320.0,13.4,sized,in,2026-10-09,0,
1576427,CRTO,Criteo S.A.,7311,749172677.11,749172677.11,48997559.0,15.29,sized,in,2026-10-09,0,
1481513,JKS,"JinkoSolar Holding Co., Ltd.",3674,,,,,"excluded: no domestic filings (foreign filer, fund, or shell)",out,,0,
1034842,RIGL,RIGEL PHARMACEUTICALS INC,2834,910082974.0799999,910082974.0799999,18679864.0,48.72,sized,in,2026-10-09,0,
93389,SMP,"STANDARD MOTOR PRODUCTS, INC.",3714,828601467.3700001,828601467.3700001,22340293.0,37.09,sized,in,2026-10-09,0,
889971,LPTH,LIGHTPATH TECHNOLOGIES INC,3674,682153094.48,682153094.48,70036252.0,9.74,sized,in,2026-10-09,0,
2079999,CDNL,Cardinal Infrastructure Group Inc.,1600,537171274.36,,,25.06,sized,in,2026-10-09,0,
1201792,APEI,AMERICAN PUBLIC EDUCATION INC,8200,874264709.11,874264709.11,18301543.0,47.77,sized,in,2026-10-09,0,
1879248,ADSE,Ads-Tec Energy Public Ltd Co,3690,,,,,"excluded: no domestic filings (foreign filer, fund, or shell)",out,,0,
1610601,MOMO,Hello Group Inc.,7372,,,,,"excluded: no domestic filings (foreign filer, fund, or shell)",out,,0,
1095565,HSTM,HEALTHSTREAM INC,7370,993448450.89,949421338.85,29239955.0,32.47,sized,in,2026-10-09,0,
2074220,CAZGF,Catapult Group International Ltd,,,,,,"excluded: no domestic filings (foreign filer, fund, or shell)",out,,0,
1650648,FDMT,"4D Molecular Therapeutics, Inc.",2836,701601479.6999999,632182212.9,49778127.0,12.7,sized,in,2026-10-09,0,
1794350,YALA,Yalla Group Ltd,7370,,,,,"excluded: no domestic filings (foreign filer, fund, or shell)",out,,0,
1819796,GCMG,GCM Grosvenor Inc.,6282,792807708.9300001,548109567.09,42259797.0,12.97,disagree,in,2026-10-09,0,
1163668,SPFI,"SOUTH PLAINS FINANCIAL, INC.",6022,806313694.0,806313694.0,18839105.0,42.8,sized,in,2026-10-09,0,
1865200,ANGX,"Angel Studios, Inc.",7812,760098218.33,,,4.07,sized,in,2026-10-09,0,
1479615,SLN,Silence Therapeutics plc,2834,591706898.72,,141740037.0,9.52,sized,in,2026-10-09,0,ADS: ordinary-share count is not price-comparable; sized on the vendor figure
1841925,INDI,"indie Semiconductor, Inc.",3674,603862140.215,,,2.605,sized,in,2026-10-09,0,
826154,ORRF,ORRSTOWN FINANCIAL SERVICES INC,6022,813929123.88,813929123.88,19669626.0,41.38,sized,in,2026-10-09,0,
1995306,HDL,SUPER HI INTERNATIONAL HOLDING LTD.,5812,,,,,"excluded: no domestic filings (foreign filer, fund, or shell)",out,,0,
1124524,CYRX,"Cryoport, Inc.",2834,855969789.9999999,855969789.9999999,50649100.0,16.9,sized,in,2026-10-09,0,
1874315,SATL,Satellogic Inc.,3663,780998747.88,138673682.52,27297969.0,5.08,disagree,in,2026-10-09,0,
1419806,REEMF,RARE ELEMENT RESOURCES LTD,1040,,,,,excluded: not a common-stock listing (vendor type OS),out,,0,
1828316,PHAR,Pharming Group N.V.,2834,,,,,"excluded: no domestic filings (foreign filer, fund, or shell)",out,,0,
1514705,SXC,"SunCoke Energy, Inc.",3312,827529787.5,827529787.5,84874850.0,9.75,sized,in,2026-10-09,0,
1826470,WOOF,"Petco Health & Wellness Company, Inc.",5990,641579359.6800001,,,2.24,sized,in,2026-10-09,0,
1833197,SWIM,"Latham Group, Inc.",3089,712935281.16,712935281.16,117646086.0,6.06,sized,in,2026-10-09,0,
732417,HBIA,HILLS BANCORPORATION,6022,,,17436739.0,,unsized,out,,0,counting failure; never a member
783412,DJCO,DAILY JOURNAL CORP,2711,883956208.0,883956208.0,1377952.0,641.5,sized,in,2026-10-09,0,
23795,CTO,"CTO Realty Growth, Inc.",6798,770700934.24,,,20.56,sized,in,2026-10-09,0,
1852353,DC,Dakota Gold Corp.,1000,792962376.8100001,792962376.8100001,134172991.0,5.91,sized,in,2026-10-09,0,
99302,TRNS,TRANSCAT INC,3825,808687843.2,808687843.2,9359813.0,86.4,sized,in,2026-10-09,0,
903419,ALRS,ALERUS FINANCIAL CORP,6021,789205473.16,788436515.08,24903238.0,31.66,sized,in,2026-10-09,0,
916907,SMBC,"SOUTHERN MISSOURI BANCORP, INC.",6036,787119050.13,787119050.13,11013279.0,71.47,sized,in,2026-10-09,0,
1477815,SG,"Sweetgreen, Inc.",5812,1139225384.55,919453837.1700001,96076681.0,9.57,sized,in,2026-10-09,0,
1806347,WEST,Westrock Coffee Co,2080,799568299.53,799568299.53,97627387.0,8.19,sized,in,2026-10-09,0,
2042022,WYFI,"WhiteFiber, Inc.",6199,611857858.5,611857858.5,38848118.0,15.75,sized,in,2026-10-09,0,
949858,ACHV,"ACHIEVE LIFE SCIENCES, INC.",2835,741306903.1,739868903.1,102902490.0,7.19,sized,in,2026-10-09,0,
1137091,PSIX,"POWER SOLUTIONS INTERNATIONAL, INC.",3510,1118674325.0,1118674325.0,23065450.0,48.5,sized,in,2026-10-09,0,
1001614,REPX,"Riley Exploration Permian, Inc.",1311,988944962.4,988944962.4,22153785.0,44.64,sized,in,2026-10-09,0,
1300391,EOI,Eaton Vance Enhanced Equity Income Fund,,,,,,"excluded: no domestic filings (foreign filer, fund, or shell)",out,,0,
2095096,ENRD,Einride AB,7373,,,,,"excluded: no domestic filings (foreign filer, fund, or shell)",out,,0,
1828791,DSP,Viant Technology Inc.,7370,278782769.16,,,13.16,sized,in,2026-10-09,0,
1501796,AURA,"Aura Biosciences, Inc.",2836,674599782.545,674599782.545,103704809.0,6.505,sized,in,2026-10-09,0,
1756708,JMIA,Jumia Technologies AG,5961,,,,,"excluded: no domestic filings (foreign filer, fund, or shell)",out,,0,
1604522,THQ,abrdn Healthcare Opportunities Fund,,,,,,"excluded: no domestic filings (foreign filer, fund, or shell)",out,,0,
1789940,FWRG,"First Watch Restaurant Group, Inc.",5812,676368287.6,676368287.6,61712435.0,10.96,sized,in,2026-10-09,0,
1740604,BTGO,"BITGO HOLDINGS, INC.",6199,843977565.9599999,,,7.18,sized,in,2026-10-09,0,
1050743,PGC,PEAPACK GLADSTONE FINANCIAL CORP,6029,774002384.3199999,774002384.3199999,17727952.0,43.66,sized,in,2026-10-09,0,
862831,FISI,FINANCIAL INSTITUTIONS INC,6021,769533358.0,769533358.0,19706360.0,39.05,sized,in,2026-10-09,0,
902791,BBSI,BARRETT BUSINESS SERVICES INC,7363,779888092.4,779888092.4,24235180.0,32.18,sized,in,2026-10-09,0,
807863,MITK,MITEK SYSTEMS INC,3577,770238924.1800001,770238924.1800001,45122374.0,17.07,sized,in,2026-10-09,0,
1560327,RPD,"Rapid7, Inc.",7372,873512294.4000001,873512294.4000001,67400640.0,12.96,sized,in,2026-10-09,0,
1810019,RXT,"Rackspace Technology, Inc.",7370,922639717.0,922639717.0,254872850.0,3.62,sized,in,2026-10-09,0,
1404644,NGNE,Neurogene Inc.,2834,530301623.0,530301623.0,20011382.0,26.5,sized,in,2026-10-09,0,
1720424,HIVE,HIVE Digital Technologies Ltd.,6199,702149985.28,702149985.28,274277338.0,2.56,sized,in,2026-10-09,0,
1278752,MFIC,MidCap Financial Investment Corp,,,,,,"excluded: investment company (files 40-17G, N-2)",out,,0,
1680367,STTK,"Shattuck Labs, Inc.",2834,568056011.98,568056011.98,100363253.0,5.66,sized,in,2026-10-09,0,
1517399,SUPV,Grupo Supervielle S.A.,6029,,,,,"excluded: no domestic filings (foreign filer, fund, or shell)",out,,0,
1657853,HTZ,"HERTZ GLOBAL HOLDINGS, INC",7510,698644730.28,618898465.08,315764523.0,1.96,sized,in,2026-10-09,0,
708821,PAR,PAR TECHNOLOGY CORP,3578,638226584.4399999,638226584.4399999,41362708.0,15.43,sized,in,2026-10-09,0,
1834026,GROY,Gold Royalty Corp.,1040,,,,,"excluded: no domestic filings (foreign filer, fund, or shell)",out,,0,
1387467,AOSL,ALPHA & OMEGA SEMICONDUCTOR Ltd,3674,860967067.11,859665434.55,30259255.0,28.41,sized,in,2026-10-09,0,
1520504,VLRS,"Controladora Vuela Compania de Aviacion, S.A.B. de C.V.",4512,,,,,"excluded: no domestic filings (foreign filer, fund, or shell)",out,,0,
216851,PEO,"ADAMS NATURAL RESOURCES FUND, INC.",,,,,,"excluded: no domestic filings (foreign filer, fund, or shell)",out,,0,
1690511,GOOS,Canada Goose Holdings Inc.,2300,,,,,"excluded: no domestic filings (foreign filer, fund, or shell)",out,,0,
890196,MQY,"BLACKROCK MUNIYIELD QUALITY FUND, INC.",,,,,,"excluded: no domestic filings (foreign filer, fund, or shell)",out,,0,
1034957,CRESY,CRESUD INC,6500,,,,,"excluded: no domestic filings (foreign filer, fund, or shell)",out,,0,
1286613,LINC,LINCOLN EDUCATIONAL SERVICES CORP,8200,737207171.9599999,737207171.9599999,31721479.0,23.24,sized,in,2026-10-09,0,
901491,PZZA,PAPA JOHNS INTERNATIONAL INC,5812,640656029.02,640656029.02,32921687.0,19.46,sized,in,2026-10-09,0,
2074973,CCXI,Churchill Capital Corp XI,3569,614928000.0,,,11.04,sized,in,2026-10-09,0,
1687187,METC,"Ramaco Resources, Inc.",1220,540670962.3000001,380555235.1174662,44823938.17638,8.49,disagree,in,2026-10-09,0,"cover count 44,414,085 as of 2023-04-30 restated 1.00923x through the split(s) since"
1655050,BCSF,"Bain Capital Specialty Finance, Inc.",,,,,,"excluded: investment company (files 40-17G, N-2)",out,,0,
1793855,ASGI,abrdn Global Infrastructure Income Fund,,,,,,"excluded: no domestic filings (foreign filer, fund, or shell)",out,,0,
1859836,YSWY,"Yesway, Inc.",5411,651778224.9,,,20.9,sized,in,2026-10-09,0,
1782430,STRW,"Strawberry Fields REIT, Inc.",6798,181213900.8,181213900.8,14157336.0,12.8,sized,out,,0,
1544206,CGBD,"Carlyle Secured Lending, Inc.",,,,,,"excluded: investment company (files 40-17G, N-2)",out,,0,
1702318,AHG,Akso Health Group,7389,,,,,"excluded: no domestic filings (foreign filer, fund, or shell)",out,,0,
1842731,SMWB,SIMILARWEB LTD.,7370,,,,,"excluded: no domestic filings (foreign filer, fund, or shell)",out,,0,
2087587,CSHR,CoinShares PLC,6211,,,,,"excluded: no domestic filings (foreign filer, fund, or shell)",out,,0,
1490281,GRPN,"Groupon, Inc.",7311,777520459.52,777520459.52,40665296.0,19.12,sized,in,2026-10-09,0,
1875558,NVCT,"Nuvectis Pharma, Inc.",2834,657125048.5799999,655866259.29,32581533.0,20.13,sized,in,2026-10-09,0,
1035092,SHBI,SHORE BANCSHARES INC,6021,753545992.0799999,753545992.0799999,33372276.0,22.58,sized,in,2026-10-09,0,
1818383,MAX,"MediaAlpha, Inc.",7389,565780593.48,,,10.68,sized,in,2026-10-09,0,
1851112,RSKD,RISKIFIED LTD.,7389,,,,,"excluded: no domestic filings (foreign filer, fund, or shell)",out,,0,
1681622,VREX,Varex Imaging Corp,3679,784299847.62,777587000.0,42100000.0,18.47,sized,in,2026-10-09,0,
1559432,TXO,"TXO Partners, L.P.",1311,795101476.38,,,,excluded: not a common-stock listing (vendor type UNIT),out,,0,
1598428,MTUS,Metallus Inc.,3312,814063937.76,814063937.76,41449284.0,19.64,sized,in,2026-10-09,0,
1538263,HTB,"HomeTrust Bancshares, Inc.",6035,767659969.58,775064347.4,16693180.0,46.43,sized,in,2026-10-09,0,
1959455,HSHP,Himalaya Shipping Ltd.,4412,,,,,"excluded: no domestic filings (foreign filer, fund, or shell)",out,,0,
1898601,IPX,IPERIONX Ltd,1090,,,,,"excluded: no domestic filings (foreign filer, fund, or shell)",out,,0,
1855066,MEGI,NYLI CBRE Global Infrastructure Megatrends Term Fund,,,,,,"excluded: no domestic filings (foreign filer, fund, or shell)",out,,0,
1496443,PAYS,"Paysign, Inc.",7389,844673853.76,844673853.76,56462156.0,14.96,sized,in,2026-10-09,0,
897322,GILT,GILAT SATELLITE NETWORKS LTD,3663,,,,,"excluded: no domestic filings (foreign filer, fund, or shell)",out,,0,
60714,LXU,"LSB INDUSTRIES, INC.",2810,729334715.5200001,729334715.5200001,71997504.0,10.13,sized,in,2026-10-09,0,
1437071,IVR,Invesco Mortgage Capital Inc.,6798,619120000.0,611397568.56,107640417.0,5.68,sized,in,2026-10-09,0,
101538,UAMY,UNITED STATES ANTIMONY CORP,3330,556770108.48,556770108.48,149669384.0,3.72,sized,in,2026-10-09,0,
1574197,FPH,"Five Point Holdings, LLC",6500,321691247.36,,,4.48,sized,in,2026-10-09,0,
1827401,DRUG,BRIGHT MINDS BIOSCIENCES INC.,2834,,,,,"excluded: no domestic filings (foreign filer, fund, or shell)",out,,0,
1334388,OBE,OBSIDIAN ENERGY LTD.,1311,741321082.6999999,747417761.86,67274326.0,11.11,sized,in,2026-10-09,0,
1386278,GDOT,GREEN DOT CORP,6199,722572069.72,722572069.72,56985179.0,12.68,sized,in,2026-10-09,0,
1174164,FFC,Flaherty & Crumrine PREFERRED & INCOME SECURITIES FUND INC,,,,,,"excluded: no domestic filings (foreign filer, fund, or shell)",out,,0,
912147,RMT,"ROYCE MICRO-CAP TRUST, INC.",,,,,,"excluded: no domestic filings (foreign filer, fund, or shell)",out,,0,
1567900,ALOY,REALLOYS INC.,1000,526195496.98,522926326.36,68987642.0,7.58,sized,in,2026-10-09,0,
39311,IBCP,INDEPENDENT BANK CORP /MI/,6022,793846789.1999999,793846789.1999999,22199295.0,35.76,sized,in,2026-10-09,0,
1520358,MAMA,"Mama's Creations, Inc.",2013,631776084.6,631776084.6,47147469.0,13.4,sized,in,2026-10-09,0,
2128115,AAC,Ares Acquisition Corp III,6770,,,,,excluded: blank-check company (SIC 6770),out,,0,
1832803,THSGF,THESIS GOLD INC.,,,,,,"excluded: no domestic filings (foreign filer, fund, or shell)",out,,0,
737468,WASH,WASHINGTON TRUST BANCORP INC,6022,712425889.35,712425889.35,19074321.0,37.35,sized,in,2026-10-09,0,
1604665,WLKP,Westlake Chemical Partners LP,2860,754614269.39,754614269.39,35245879.0,21.41,sized,in,2026-10-09,0,
1109116,EVC,ENTRAVISION COMMUNICATIONS CORP,4833,625714707.9,,,6.78,sized,in,2026-10-09,0,
1781730,TCBX,"Third Coast Bancshares, Inc.",6036,695678096.9000001,695678096.9000001,16654970.0,41.77,sized,in,2026-10-09,0,
1997377,ISOU,IsoEnergy Ltd.,1090,,,,,"excluded: no domestic filings (foreign filer, fund, or shell)",out,,0,
1185348,PRAA,PRA GROUP INC,6153,765007481.92,765007481.92,37648006.0,20.32,sized,in,2026-10-09,0,
1795851,SWRD,"Stewards, Inc.",6153,573089092.58,536320906.02,211149963.0,2.54,sized,in,2026-10-09,0,
1853138,KDK,"Kodiak AI, Inc.",7373,333026162.2,333026162.2,200618170.0,1.66,sized,in,2026-10-09,0,
357294,HOV,HOVNANIAN ENTERPRISES INC,1531,655587900.0,79233770.0,720307.0,110.0,disagree,in,2026-10-09,0,
1422930,PUBM,"PubMatic, Inc.",7370,850875139.48,,,18.68,sized,in,2026-10-09,0,
1513363,FDUS,FIDUS INVESTMENT Corp,,,,,,"excluded: investment company (files 40-17G, N-2)",out,,0,
866729,SCHL,SCHOLASTIC CORP,2731,706554460.72,1188834738.98,30975371.0,38.38,disagree,in,2026-08-31,0,
1819404,NRDY,Nerdy Inc.,8200,57715000.0,,,6.79,sized,out,,0,
1173489,CEVA,CEVA INC,7370,947666063.5199999,947666063.5199999,28154072.0,33.66,sized,in,2026-10-09,0,
1696556,OFRM,"Once Upon a Farm, PBC",2000,685707363.4899999,685707363.4899999,41990653.0,16.33,sized,in,2026-10-09,0,
788965,HNRG,HALLADOR ENERGY CO,4911,683578676.5,683578676.5,47143357.0,14.5,sized,in,2026-10-09,0,
1577437,ASC,Ardmore Shipping Corp,4412,,,,,"excluded: no domestic filings (foreign filer, fund, or shell)",out,,0,
1495932,AGNT,"AGNT, Inc.",6531,670142927.37,670142927.37,167117937.0,4.01,sized,in,2026-10-09,0,
1725255,AHCO,AdaptHealth Corp.,8082,809126561.465,826927548.74,136344196.0,6.065,sized,in,2026-10-09,0,
1847590,BWMN,Bowman Consulting Group Ltd.,8742,709801995.36,741613203.36,17335512.0,42.78,sized,in,2026-10-09,0,
1504619,PFLT,PennantPark Floating Rate Capital Ltd.,,,,,,"excluded: investment company (files 40-17G, N-2)",out,,0,
708781,CASS,CASS INFORMATION SYSTEMS INC,7389,690891738.5500001,690891738.5500001,12806149.0,53.95,sized,in,2026-10-09,0,
1071438,BAK,BRASKEM SA,2860,,,,,"excluded: no domestic filings (foreign filer, fund, or shell)",out,,0,
1561032,NHP,"National Healthcare Properties, Inc.",6798,1107425066.44,431581059.77,28412183.0,15.19,disagree,in,2026-08-31,0,
1869105,BBOT,"BridgeBio Oncology Therapeutics, Inc.",2834,274195993.14,274195993.14,80174267.0,3.42,sized,in,2026-10-09,0,
1962746,LOT,Lotus Technology Inc.,3711,,,,,"excluded: no domestic filings (foreign filer, fund, or shell)",out,,0,
1645469,MNPR,Monopar Therapeutics,2834,563688204.5600001,563688204.5600001,6712172.0,83.98,sized,in,2026-10-09,0,
1501989,CTMX,"CytomX Therapeutics, Inc.",2834,538211231.48,538211231.48,217899284.0,2.47,sized,in,2026-10-09,0,
2085091,RVI,Robinhood Ventures Fund I,,,,,,"excluded: no domestic filings (foreign filer, fund, or shell)",out,,0,
1953530,OCS,Oculis Holding AG,2834,,,,,"excluded: no domestic filings (foreign filer, fund, or shell)",out,,0,
1692376,VEL,"Velocity Financial, Inc.",6199,588668523.87,588668523.87,39481457.0,14.91,sized,in,2026-10-09,0,
1412408,PHR,"Phreesia, Inc.",7389,661676263.04,661676263.04,62070944.0,10.66,sized,in,2026-10-09,0,
1426800,ASMB,"ASSEMBLY BIOSCIENCES, INC.",2834,464628800.72,464628800.72,20360596.0,22.82,sized,in,2026-10-09,0,
1840616,NFGC,New Found Gold Corp.,1040,,,,,"excluded: no domestic filings (foreign filer, fund, or shell)",out,,0,
1829576,CARE,"Carter Bankshares, Inc.",6021,705804977.5699999,675334977.5699999,22163931.0,30.47,sized,in,2026-10-09,0,
1383441,NIE,Virtus Equity & Convertible Income Fund,,,,,,"excluded: no domestic filings (foreign filer, fund, or shell)",out,,0,
763532,LYTS,LSI INDUSTRIES INC,3640,761621707.84,761621707.84,37261336.0,20.44,sized,in,2026-10-09,0,
1898718,GMRS,GMR Solutions Inc.,4700,569388833.9399999,,,10.54,sized,in,2026-10-09,0,
1944558,VTS,"Vitesse Energy, Inc.",1311,722931122.8900001,722931122.8900001,42104317.0,17.17,sized,in,2026-10-09,0,
76267,PKE,PARK AEROSPACE CORP,3728,645140918.26,645140918.26,21751211.0,29.66,sized,in,2026-10-09,0,
1829864,TASK,"TaskUs, Inc.",7374,734413038.21,,,8.01,sized,in,2026-10-09,0,
1840706,SOPH,SOPHiA GENETICS SA,7374,,,,,"excluded: no domestic filings (foreign filer, fund, or shell)",out,,0,
1828318,ENVX,Enovix Corp,3690,548621337.5,548621337.5,219448535.0,2.5,sized,in,2026-10-09,0,
1496099,NMFC,New Mountain Finance Corp,,,,,,"excluded: investment company (files 40-17G, N-2)",out,,0,
1737287,ALLO,"Allogene Therapeutics, Inc.",2836,483687233.4,483687233.4,345490881.0,1.4,sized,in,2026-10-09,0,
1681087,TECX,"Tectonic Therapeutic, Inc.",2836,444748076.5,444748076.5,19549366.0,22.75,sized,in,2026-10-09,0,
1866633,CCSI,"Consensus Cloud Solutions, Inc.",7372,671058643.64,671058643.64,18324922.0,36.62,sized,in,2026-10-09,0,
1820378,TBLD,Thornburg Income Builder Opportunities Trust,,,,,,"excluded: no domestic filings (foreign filer, fund, or shell)",out,,0,
1602584,CCD,Calamos Dynamic Convertible & Income Fund,,,,,,"excluded: no domestic filings (foreign filer, fund, or shell)",out,,0,
61986,MTW,MANITOWOC CO INC,3531,783265966.68,783265966.68,36061969.0,21.72,sized,in,2026-10-09,0,
1676163,SSII,"SS Innovations International, Inc.",3841,526000000.0,527013694.04999995,200385435.0,2.63,sized,in,2026-10-09,0,
717538,AROW,ARROW FINANCIAL CORP,6021,685933462.69,685933462.69,18523723.0,37.03,sized,in,2026-10-09,0,
1625791,KRNT,Kornit Digital Ltd.,3555,,,,,"excluded: no domestic filings (foreign filer, fund, or shell)",out,,0,
1437958,CCB,COASTAL FINANCIAL CORP,6022,652726162.9000001,652726162.9000001,15286327.0,42.7,sized,in,2026-10-09,0,
1056943,PFIS,PEOPLES FINANCIAL SERVICES CORP.,6021,691365996.855,691365996.855,10010367.0,69.065,sized,in,2026-10-09,0,
1127371,CWBC,Community West Bancshares,6022,707307203.46,707307203.46,27131078.0,26.07,sized,in,2026-10-09,0,
1783183,PHAT,"Phathom Pharmaceuticals, Inc.",2834,576823659.42,576823659.42,80900934.0,7.13,sized,in,2026-10-09,0,
800457,DGICA,DONEGAL GROUP INC,6331,688191488.28,,,18.54,sized,in,2026-10-09,0,
1839839,JBI,"Janus International Group, Inc.",3442,578487749.6,578487749.6,136435790.0,4.24,sized,in,2026-10-09,0,
1124105,GYRE,"GYRE THERAPEUTICS, INC.",2834,716788237.88,753806579.24,111509849.0,6.76,sized,in,2026-10-09,0,
1268884,IGR,CBRE GLOBAL REAL ESTATE INCOME FUND,,,,,,"excluded: no domestic filings (foreign filer, fund, or shell)",out,,0,
1562528,FBRT,"Franklin BSP Realty Trust, Inc.",6798,519864304.15999997,519864304.15999997,83045416.0,6.26,sized,in,2026-10-09,0,
1434647,ZVRA,"ZEVRA THERAPEUTICS, INC.",2834,653221591.0,653221591.0,59383781.0,11.0,sized,in,2026-10-09,0,
2059573,PINWF,Pinewood Technologies Group plc,,,,,,"excluded: no domestic filings (foreign filer, fund, or shell)",out,,0,
1820721,ARRY,"Array Technologies, Inc.",3674,577528845.0,577528845.0,154007692.0,3.75,sized,in,2026-10-09,0,
1655099,RA,Brookfield Real Assets Income Fund Inc.,,,,,,"excluded: no domestic filings (foreign filer, fund, or shell)",out,,0,
1795815,BCAL,California BanCorp \ CA,6021,693487169.37,693487169.37,32150541.0,21.57,sized,in,2026-10-09,0,
1446847,IRWD,IRONWOOD PHARMACEUTICALS INC,2834,639478594.89,639478594.89,165239947.0,3.87,sized,in,2026-10-09,0,
1418076,SLRC,SLR Investment Corp.,,,,,,"excluded: investment company (files 40-17G, N-2)",out,,0,
1393726,TIPT,TIPTREE INC.,6331,646108656.2,,,17.35,sized,in,2026-10-09,0,
724004,MLAB,MESA LABORATORIES INC /CO/,3823,705415246.14,705415246.14,5595869.0,126.06,sized,in,2026-10-09,0,
1453015,BLDP,Ballard Power Systems Inc.,3620,,,,,"excluded: no domestic filings (foreign filer, fund, or shell)",out,,0,
1436208,LEGH,Legacy Housing Corp,2451,674724788.0600001,674684020.37,23781601.0,28.37,sized,in,2026-10-09,0,
1296250,PFN,PIMCO Income Strategy Fund II,,,,,,"excluded: no domestic filings (foreign filer, fund, or shell)",out,,0,
354963,SHEN,SHENANDOAH TELECOMMUNICATIONS CO/VA/,4813,637801113.6,,,11.52,sized,in,2026-10-09,0,
1466026,MSBI,"Midland States Bancorp, Inc.",6022,675688766.72,675688766.72,20752112.0,32.56,sized,in,2026-10-09,0,
1682745,VRRM,VERRA MOBILITY Corp,4700,443789787.68,443789787.68,151982804.0,2.92,sized,in,2026-10-09,0,
1562818,BIT,BlackRock Multi-Sector Income Trust,,,,,,"excluded: no domestic filings (foreign filer, fund, or shell)",out,,0,
1834488,NABL,"N-able, Inc.",7372,850074858.0,847693422.0,188376316.0,4.5,sized,in,2026-10-09,0,
1517396,SSYS,STRATASYS LTD.,3577,,,,,"excluded: no domestic filings (foreign filer, fund, or shell)",out,,0,
2019804,IMSR,Terrestrial Energy Inc. /DE/,3443,360179863.59999996,360179863.59999996,105935254.0,3.4,sized,in,2026-10-09,0,
1502377,CTGO,Contango Silver & Gold Inc.,1040,544414449.48,544414449.48,33440691.0,16.28,sized,in,2026-10-09,0,
1412558,EVO,Evotec SE,2834,,,,,"excluded: no domestic filings (foreign filer, fund, or shell)",out,,0,
1788399,DLY,DoubleLine Yield Opportunities Fund,,,,,,"excluded: no domestic filings (foreign filer, fund, or shell)",out,,0,
901243,MUA,"BLACKROCK MUNIASSETS FUND, INC.",,,,,,"excluded: no domestic filings (foreign filer, fund, or shell)",out,,0,
1071236,RRBI,RED RIVER BANCSHARES INC,6022,670591196.0999999,670591196.0999999,6584106.0,101.85,sized,in,2026-10-09,0,
1476045,CLDT,Chatham Lodging Trust,6798,635620631.1,635620631.1,46565614.0,13.65,sized,in,2026-10-09,0,
1000623,MATV,"Mativ Holdings, Inc.",2621,654554562.28,654554562.28,55190098.0,11.86,sized,in,2026-10-09,0,
1704720,CNNE,"Cannae Holdings, Inc.",5810,689650209.3000001,689650209.3000001,43374227.0,15.9,sized,in,2026-10-09,0,
1928446,GRNT,"Granite Ridge Resources, Inc.",1311,633121161.6,633121161.6,131900242.0,4.8,sized,in,2026-10-09,0,
916789,HELE,HELEN OF TROY LTD,3634,621021359.25,621021359.25,23390635.0,26.55,sized,in,2026-10-09,0,
1819559,WDI,Western Asset Diversified Income Fund (WDI),,,,,,"excluded: no domestic filings (foreign filer, fund, or shell)",out,,0,
1497645,INN,"Summit Hotel Properties, Inc.",6798,651434916.52,651434916.52,107853463.0,6.04,sized,in,2026-10-09,0,
63296,MATW,MATTHEWS INTERNATIONAL CORP,3360,602726370.63,602726370.63,31213173.0,19.31,sized,in,2026-10-09,0,
743367,BHB,BAR HARBOR BANKSHARES,6022,645158758.4,645158758.4,16766080.0,38.48,sized,in,2026-10-09,0,
872716,ALPIB,ALPINE BANKS OF COLORADO,,,,,,"excluded: no domestic filings (foreign filer, fund, or shell)",out,,0,
1846253,OABI,"OmniAb, Inc.",8731,677519254.6800001,677519254.6800001,145390398.0,4.66,sized,in,2026-10-09,0,
1886878,PAXS,PIMCO Access Income Fund,,,,,,"excluded: no domestic filings (foreign filer, fund, or shell)",out,,0,
1669779,CWH,"Camping World Holdings, Inc.",5500,285949224.96000004,,,4.48,sized,in,2026-10-09,0,
1828536,NRGV,"Energy Vault Holdings, Inc.",3690,601888976.7,601888976.7,181839570.0,3.31,sized,in,2026-10-09,0,
1683606,CARS,Cars.com Inc.,7374,521408634.36,521408634.36,53532714.0,9.74,sized,in,2026-10-09,0,
103595,VLGEA,VILLAGE SUPER MARKET INC,5411,650729034.54,608369029.06,13845449.0,43.94,sized,in,2026-10-09,0,
715579,ACNB,ACNB CORP,6022,642637876.6999999,642637876.6999999,10169930.0,63.19,sized,in,2026-10-09,0,
1425450,KIDS,ORTHOPEDIATRICS CORP,3841,568148986.88,568148986.88,26109788.0,21.76,sized,in,2026-10-09,0,
1614178,YEXT,"Yext, Inc.",7374,675034761.28,675034761.28,98978704.0,6.82,sized,in,2026-10-09,0,
1731348,TLRY,"Tilray Brands, Inc.",2833,530537886.19,530557207.57,147787523.0,3.59,sized,in,2026-10-09,0,
39020,FEIM,FREQUENCY ELECTRONICS INC,3825,842340004.64,842340004.64,11273287.0,74.72,sized,in,2026-10-09,0,
1824403,RSVR,"Reservoir Media, Inc.",7900,619748984.2,619748984.2,65930743.0,9.4,sized,in,2026-10-09,0,
76282,PKOH,PARK OHIO HOLDINGS CORP,3460,702040984.5,702040984.5,14490010.0,48.45,sized,in,2026-10-09,0,
1543418,TMQ,Trilogy Metals Inc.,1040,509624997.29,509624997.29,181361209.0,2.81,sized,in,2026-10-09,0,
1301787,BXC,BlueLinx Holdings Inc.,5031,560354869.9300001,560354869.9300001,7860217.0,71.29,sized,in,2026-10-09,0,
25475,CRD-A,CRAWFORD & CO,6411,609174233.6,,,12.8,sized,in,2026-10-09,0,
2076631,AMRQF,AMAROQ LTD.,,,,,,"excluded: no domestic filings (foreign filer, fund, or shell)",out,,0,
1539190,SPPP,SPROTT PHYSICAL PLATINUM & PALLADIUM TRUST,6221,,,,,"excluded: no domestic filings (foreign filer, fund, or shell)",out,,0,
2081119,BOT,"RoboStrategy, Inc.",,,,,,"excluded: no domestic filings (foreign filer, fund, or shell)",out,,0,
1547459,NGVC,"Natural Grocers by Vitamin Cottage, Inc.",5411,693219198.0799999,693219198.0799999,23045851.0,30.08,sized,in,2026-10-09,0,
1195738,NKX,NUVEEN CALIFORNIA AMT-FREE QUALITY MUNICIPAL INCOME FUND,,,,,,"excluded: no domestic filings (foreign filer, fund, or shell)",out,,0,
1569187,AHRT,"AH Realty Trust, Inc.",6500,451287601.59999996,451287601.59999996,74592992.0,6.05,sized,in,2026-10-09,0,
2040475,DMII,Drugs Made In America Acquisition II Corp.,6770,,,,,excluded: blank-check company (SIC 6770),out,,0,
924822,MLR,MILLER INDUSTRIES INC /TN/,3713,599395315.1999999,599395315.1999999,11352184.0,52.8,sized,in,2026-10-09,0,
1410098,CRMD,CorMedix Inc.,2834,570552451.6800001,570552451.6800001,77944324.0,7.32,sized,in,2026-10-09,0,
1275187,ANGO,ANGIODYNAMICS INC,3841,472271473.5,472271473.5,42054450.0,11.23,sized,in,2026-10-09,0,
1625278,NRDS,"NERDWALLET, INC.",7374,625807873.4599999,,,9.79,sized,in,2026-10-09,0,
1956439,ENHA,Enhanced Group Inc.,7990,181965768.11,,,1.33,sized,out,,0,
1234006,GOOD,GLADSTONE COMMERCIAL CORP,6519,615259337.71,615259337.71,48407501.0,12.71,sized,in,2026-10-09,0,
1836564,VALN,Valneva SE,2836,,,,,"excluded: no domestic filings (foreign filer, fund, or shell)",out,,0,
1850270,PROK,PROKIDNEY CORP.,2836,346818722.06,,,1.66,sized,in,2026-10-09,0,
1957538,OIO,OIO Group,4953,612518910.08,204172970.02666667,116007369.33333333,1.76,disagree,in,2026-10-09,0,"cover count 348,022,108 as of 2025-12-31 restated 0.333333x through the split(s) since"
1799567,DDI,"DoubleDown Interactive Co., Ltd.",7374,,,,,"excluded: no domestic filings (foreign filer, fund, or shell)",out,,0,
1581091,RMAX,"RE/MAX Holdings, Inc.",6531,,,,,unsized,out,,0,counting failure; never a member
1743725,GDYN,"GRID DYNAMICS HOLDINGS, INC.",7372,649826316.81,649826316.81,81126881.0,8.01,sized,in,2026-10-09,0,
2020932,AGMB,Agomab Therapeutics NV,2836,,,,,"excluded: no domestic filings (foreign filer, fund, or shell)",out,,0,
1400118,SGMT,Sagimet Biosciences Inc.,2834,632505273.96,273619706.6,30674855.0,8.92,disagree,in,2026-10-09,0,
1464591,GPRK,GeoPark Ltd,1311,,,,,"excluded: no domestic filings (foreign filer, fund, or shell)",out,,0,
1253689,CBIO,"CRESCENT BIOPHARMA, INC.",2834,524513239.59999996,524472432.79999995,37143940.0,14.12,sized,in,2026-10-09,0,
1838615,ALTI,"AlTi Global, Inc.",6282,309537398.84999996,,,2.69,sized,in,2026-10-09,0,
1793229,CTEV,Claritev Corp,7389,412331774.78999996,412331774.78999996,16947463.0,24.33,sized,in,2026-10-09,0,
1995520,YB,Yuanbao Inc.,6411,,,,,"excluded: no domestic filings (foreign filer, fund, or shell)",out,,0,
2067627,NKLR,Terra Innovatum Global N.V.,3443,361337969.16,361337969.16,110500908.0,3.27,sized,in,2026-10-09,0,
1824814,CGNT,Cognyte Software Ltd.,7372,,,,,"excluded: no domestic filings (foreign filer, fund, or shell)",out,,0,
1826286,VINP,Vinci Compass Investments Ltd.,6282,,,,,"excluded: no domestic filings (foreign filer, fund, or shell)",out,,0,
1512228,NB,NIOCORP DEVELOPMENTS LTD,1000,497347238.3,497347238.3,145849630.0,3.41,sized,in,2026-10-09,0,
1690639,VBNK,VersaBank,6029,,,,,"excluded: no domestic filings (foreign filer, fund, or shell)",out,,0,
1799191,STLN,"Starling Oncology, Inc.",8011,629841590.6999999,629841590.6999999,101916115.0,6.18,sized,in,2026-10-09,0,
1503290,ACP,abrdn Income Credit Strategies Fund,,,,,,"excluded: no domestic filings (foreign filer, fund, or shell)",out,,0,
1857154,DNUT,"Krispy Kreme, Inc.",5400,522234999.99999994,522234999.99999994,173500000.0,3.01,sized,in,2026-10-09,0,
1855175,CTNM,"Contineum Therapeutics, Inc.",2834,495846519.76,304447100.14,23099173.0,13.18,disagree,in,2026-10-09,0,
1517375,SPT,"Sprout Social, Inc.",7372,671361708.96,,,11.08,sized,in,2026-10-09,0,
1700844,EVOH,EvoAir Holdings Inc.,3585,,,,,excluded: no Section 16 filings,out,,0,
1376339,MDXG,"MIMEDX GROUP, INC.",3841,674216466.0,673413362.16,145760468.0,4.62,sized,in,2026-10-09,0,
1730463,AUTL,Autolus Therapeutics plc,2836,471107695.8,,266162540.0,1.77,sized,in,2026-10-09,0,ADS: ordinary-share count is not price-comparable; sized on the vendor figure
1377757,GAU,Galiano Gold Inc.,1400,,,,,"excluded: no domestic filings (foreign filer, fund, or shell)",out,,0,
926282,ADTN,"ADTRAN Holdings, Inc.",3661,610295738.4300001,610295738.4300001,81481407.0,7.49,sized,in,2026-10-09,0,
1785493,RHNO,RHINO BITCOIN INC.,1700,,,,,excluded: no Section 16 filings,out,,0,
1526119,VSTM,"Verastem, Inc.",2834,734469506.51,734469506.51,90563441.0,8.11,sized,in,2026-10-09,0,
1907085,ODD,Oddity Tech Ltd,2844,,,,,"excluded: no domestic filings (foreign filer, fund, or shell)",out,,0,
1318484,CTRN,Citi Trends Inc,5600,423727302.07,423727302.07,8339447.0,50.81,sized,in,2026-10-09,0,
1861123,EIKN,"Eikon Therapeutics, Inc.",2836,406237725.0,406237725.0,54165030.0,7.5,sized,in,2026-10-09,0,
1173514,HY,"HYSTER-YALE, INC.",3537,582558273.63,,,32.49,sized,in,2026-10-09,0,
1717547,BRSP,"BrightSpire Capital, Inc.",6798,493444302.0,493444302.0,126524180.0,3.9,sized,in,2026-10-09,0,
1921603,WHK,WhiteHawk Minerals Corp.,1311,703528562.9399999,,,26.38,sized,in,2026-10-09,0,
1092796,SWBI,"SMITH & WESSON BRANDS, INC.",3480,641655820.8000001,641655820.8000001,44839680.0,14.31,sized,in,2026-10-09,0,
1617242,KRNY,Kearny Financial Corp.,6035,581194130.0,597350314.4,64929382.0,9.2,sized,in,2026-10-09,0,
95029,RGR,STURM RUGER & CO INC,3480,696811744.16,696811744.16,15978256.0,43.61,sized,in,2026-10-09,0,
1829959,DCBO,Docebo Inc.,7372,,,,,"excluded: no domestic filings (foreign filer, fund, or shell)",out,,0,
1853921,SCTX,"Scribe Therapeutics, Inc.",2836,364056206.40000004,364056206.40000004,18931680.0,19.23,sized,in,2026-10-09,0,
1793663,VTEX,VTEX,7372,,,,,"excluded: no domestic filings (foreign filer, fund, or shell)",out,,0,
2109616,FFPP,Fast Finance Pay Corp.,7389,,,,,excluded: no Section 16 filings,out,,0,
1737924,NCDL,Nuveen Churchill Direct Lending Corp.,,,,,,"excluded: investment company (files 40-17G, N-2)",out,,0,
1839886,MRRDF,Meridian Mining UK Societas,,,,,,"excluded: no domestic filings (foreign filer, fund, or shell)",out,,0,
1818502,OPFI,OppFi Inc.,6199,518918224.22999996,531694343.88,87306132.0,6.09,sized,in,2026-10-09,0,
1436126,MG,"Mistras Group, Inc.",8711,659509286.4,659292785.1,31849893.0,20.7,sized,in,2026-10-09,0,
1326190,ALT,"Altimmune, Inc.",2834,505746022.6,505746022.6,194517701.0,2.6,sized,in,2026-10-09,0,
1988494,FVR,"FrontView REIT, Inc.",6798,407436176.98,407436176.98,24455953.0,16.66,sized,in,2026-10-09,0,
894627,EGY,VAALCO ENERGY INC /DE/,1311,631150668.0,631150668.0,105191778.0,6.0,sized,in,2026-10-09,0,
1341317,BWB,Bridgewater Bancshares Inc,6022,568272312.74,568272312.74,27883823.0,20.38,sized,in,2026-10-09,0,
1638290,MCFT,"MasterCraft Boat Holdings, Inc.",3730,474617734.5,474617734.5,24339371.0,19.5,sized,in,2026-10-09,0,
1655759,ARVN,"ARVINAS, INC.",2834,491050294.40999997,491050294.40999997,65386191.0,7.51,sized,in,2026-10-09,0,
1921865,ASPI,ASP Isotopes Inc.,2890,433865545.40000004,433865545.40000004,153309380.0,2.83,sized,in,2026-10-09,0,
1971975,ABXXF,Abaxx Technologies Inc.,7372,,,,,"excluded: no domestic filings (foreign filer, fund, or shell)",out,,0,
1630472,TRTX,"TPG RE Finance Trust, Inc.",6798,458310983.72999996,,,5.97,sized,in,2026-10-09,0,
1793129,NDMO,Nuveen Dynamic Municipal Opportunities Fund,,,,,,"excluded: no domestic filings (foreign filer, fund, or shell)",out,,0,
1788257,BWMX,"BETTERWARE DE MEXICO, S.A.P.I. DE C.V",5961,,,,,"excluded: no domestic filings (foreign filer, fund, or shell)",out,,0,
2064355,BCSS,Bain Capital GSS Investment Corp.,6770,,,,,excluded: blank-check company (SIC 6770),out,,0,
2042902,EVAC,EQV Ventures Acquisition Corp. II,6770,,,,,excluded: blank-check company (SIC 6770),out,,0,
930236,RWT,REDWOOD TRUST INC,6798,418289398.56,418289398.56,125612432.0,3.33,sized,in,2026-10-09,0,
1772177,KRUS,"KURA SUSHI USA, INC.",5812,485142951.48,,,39.93,sized,in,2026-10-09,0,
1855644,ZURA,Zura Bio Ltd,2836,395774335.81,395774335.81,95829137.0,4.13,sized,in,2026-10-09,0,
1894562,PRME,"Prime Medicine, Inc.",2836,649329144.48,649329144.48,181376856.0,3.58,sized,in,2026-10-09,0,
1419536,CBNK,Capital Bancorp Inc,6021,637660484.37,637445543.2800001,16290456.0,39.13,sized,in,2026-10-09,0,
1537137,SLI,STANDARD LITHIUM LTD.,2800,,,,,"excluded: no domestic filings (foreign filer, fund, or shell)",out,,0,
790500,FAX,"ABRDN ASIA-PACIFIC INCOME FUND, INC.",,,,,,"excluded: no domestic filings (foreign filer, fund, or shell)",out,,0,
1499543,NOAH,NOAH HOLDINGS LTD,6282,,,,,"excluded: no domestic filings (foreign filer, fund, or shell)",out,,0,
1090009,SFST,SOUTHERN FIRST BANCSHARES INC,6021,572094002.0,572094002.0,9471755.0,60.4,sized,in,2026-10-09,0,
2114227,CXII,Churchill Capital Corp XII,6770,,,,,excluded: blank-check company (SIC 6770),out,,0,
912728,FWRD,FORWARD AIR CORP,4731,551303667.84,551303667.84,33780862.0,16.32,sized,in,2026-10-09,0,
920427,UNTY,UNITY BANCORP INC /NJ/,6022,554852434.5,554852434.5,10042578.0,55.25,sized,in,2026-10-09,0,
1070524,GCBC,GREENE COUNTY BANCORP INC,6036,584655154.9000001,584655154.9000001,17025485.0,34.34,sized,in,2026-10-09,0,
1398733,AQST,"Aquestive Therapeutics, Inc.",2834,597435444.48,597435444.48,125511648.0,4.76,sized,in,2026-10-09,0,
2104052,NVRI,Enviri Corp,4953,557882455.01,557882455.01,28190119.0,19.79,sized,in,2026-10-09,0,
2034267,CEPF,"Cantor Equity Partners IV, Inc.",6770,,,,,excluded: blank-check company (SIC 6770),out,,0,
896156,ETD,ETHAN ALLEN INTERIORS INC,2511,525764117.76,525724212.58,25202503.0,20.86,sized,in,2026-10-09,0,
1336706,NPB,NORTHPOINTE BANCSHARES INC,6022,542589100.98,542589100.98,34581842.0,15.69,sized,in,2026-10-09,0,
1638097,ENTX,Entera Bio Ltd.,2836,434585677.5,432854577.5,173141831.0,2.5,sized,in,2026-10-09,0,
1051003,DSU,"BLACKROCK DEBT STRATEGIES FUND, INC.",,,,,,"excluded: no domestic filings (foreign filer, fund, or shell)",out,,0,
1562051,NML,Neuberger Energy Infrastructure & Income Fund Inc.,,,,,,"excluded: no domestic filings (foreign filer, fund, or shell)",out,,0,
764401,IIIN,INSTEEL INDUSTRIES INC,3310,571068286.5,571068286.5,19358247.0,29.5,sized,in,2026-10-09,0,
1327688,OOMA,OOMA INC,7374,554760000.0,554760000.0,27600000.0,20.1,sized,in,2026-10-09,0,
885601,IIM,Invesco Value Municipal Income Trust,,,,,,"excluded: no domestic filings (foreign filer, fund, or shell)",out,,0,
55135,KELYA,KELLY SERVICES INC,7363,561615518.3100001,,,16.17,sized,in,2026-10-09,0,
1609151,WEAV,"Weave Communications, Inc.",7372,594528795.9399999,591193489.41,79999119.0,7.39,sized,in,2026-10-09,0,
1521951,FBIZ,"FIRST BUSINESS FINANCIAL SERVICES, INC.",6022,590887075.2,590887075.2,8368320.0,70.61,sized,in,2026-10-09,0,
1774342,NMCO,Nuveen Municipal Credit Opportunities Fund,,,,,,"excluded: no domestic filings (foreign filer, fund, or shell)",out,,0,
872912,DCTH,"DELCATH SYSTEMS, INC.",3841,521869876.79999995,521869876.79999995,34698795.0,15.04,sized,in,2026-10-09,0,
798783,UHT,UNIVERSAL HEALTH REALTY INCOME TRUST,6798,521756597.36,521756597.36,13898684.0,37.54,sized,in,2026-10-09,0,
1044777,OSPN,OneSpan Inc.,7373,663707635.73,663707635.73,36852173.0,18.01,sized,in,2026-10-09,0,
1473334,XMAX,XMax Inc.,2510,572203021.32,569096617.32,64523426.0,8.82,sized,in,2026-10-09,0,
1535778,MSIF,"MSC INCOME FUND, INC.",,,,,,"excluded: investment company (files 40-17G, N-2)",out,,0,
1722387,ITRG,Integra Resources Corp.,1040,,,,,"excluded: no domestic filings (foreign filer, fund, or shell)",out,,0,
1505065,BWAY,Brainsway Ltd.,3841,,,,,"excluded: no domestic filings (foreign filer, fund, or shell)",out,,0,
944745,CIVB,"CIVISTA BANCSHARES, INC.",6022,560196771.72,560196771.72,20794238.0,26.94,sized,in,2026-10-09,0,
1364125,WRN,Western Copper & Gold Corp,1000,,,,,"excluded: no domestic filings (foreign filer, fund, or shell)",out,,0,
1163370,NRIM,NORTHRIM BANCORP INC,6035,548333481.9,548333481.9,22244766.0,24.65,sized,in,2026-10-09,0,
2079173,AEXA,American Exceptionalism Acquisition Corp. A,6770,,,,,excluded: blank-check company (SIC 6770),out,,0,
784539,EACO,EACO CORP,5065,,,4861590.0,,unsized,out,,0,counting failure; never a member
1590976,MBUU,"MALIBU BOATS, INC.",3730,433305552.36,,,22.02,sized,in,2026-10-09,0,
1831915,CTKB,"Cytek Biosciences, Inc.",3826,696710236.08,696710236.08,129983253.0,5.36,sized,in,2026-10-09,0,
1817241,ARTV,"Artiva Biotherapeutics, Inc.",2836,332452822.8,332452822.8,48890121.0,6.8,sized,in,2026-10-09,0,
1635977,THW,abrdn World Healthcare Fund,,,,,,"excluded: no domestic filings (foreign filer, fund, or shell)",out,,0,
1122904,NTGR,"NETGEAR, INC.",3576,630553287.1999999,630553287.1999999,27179021.0,23.2,sized,in,2026-10-09,0,
1288403,WTI,W&T OFFSHORE INC,1311,558488922.4,558488922.4,150942952.0,3.7,sized,in,2026-10-09,0,
1570562,EOLS,"Evolus, Inc.",2834,515193432.0,515193432.0,66050440.0,7.8,sized,in,2026-10-09,0,
2074850,GFUZ,General Fusion Group Ltd.,4911,553509359.9100001,461529129.49000007,52988419.0,8.71,sized,in,2026-10-09,0,
1816017,SPIR,"Spire Global, Inc.",4899,406014177.48,,,10.38,sized,in,2026-10-09,0,
1759631,HYLN,Hyliion Holdings Corp.,3713,673311511.86,673311511.86,178597218.0,3.77,sized,in,2026-10-09,0,
1597672,RYAM,RAYONIER ADVANCED MATERIALS INC.,2611,468774361.44,468774361.44,67644208.0,6.93,sized,in,2026-10-09,0,
1395325,ETJ,Eaton Vance Risk-Managed Diversified Equity Income Fund,,,,,,"excluded: no domestic filings (foreign filer, fund, or shell)",out,,0,
1717307,ILPT,Industrial Logistics Properties Trust,6798,479902884.39000005,,,,excluded: not a common-stock listing (vendor type FUND),out,,0,
720858,ITIC,INVESTORS TITLE CO,6361,563812245.48,563812245.48,1887996.0,298.63,sized,in,2026-10-09,0,
1375205,URG,UR-ENERGY INC,1040,401842357.2,401842357.2,397863720.0,1.01,sized,in,2026-10-09,0,
108985,YORW,YORK WATER CO,4941,502599153.57,502599153.57,16228581.0,30.97,sized,in,2026-10-09,0,
804123,TWN,TAIWAN FUND INC,,,,,,"excluded: no domestic filings (foreign filer, fund, or shell)",out,,0,
1710350,BTBT,"Bit Digital, Inc",6199,490461564.08000004,490461564.08000004,360633503.0,1.36,sized,in,2026-10-09,0,
880892,VGM,Invesco Trust for Investment Grade Municipals,,,,,,"excluded: no domestic filings (foreign filer, fund, or shell)",out,,0,
1849396,NEXN,Nexxen International Ltd.,7370,,,,,"excluded: no domestic filings (foreign filer, fund, or shell)",out,,0,
2095161,DBCA,D. Boral Acquisition I Corp.,6770,,,,,excluded: blank-check company (SIC 6770),out,,0,
1732379,BMM,Blue Moon Metals Inc.,1000,,,,,"excluded: no domestic filings (foreign filer, fund, or shell)",out,,0,
1958086,CLB,Core Laboratories Inc. /DE/,1389,466186946.72,466186946.72,45884542.0,10.16,sized,in,2026-10-09,0,
1530979,HNST,"Honest Company, Inc.",5961,533203363.63,533203363.63,107284379.0,4.97,sized,in,2026-10-09,0,
1016281,CSV,CARRIAGE SERVICES INC,7200,535709844.0799999,535709844.0799999,15882296.0,33.73,sized,in,2026-10-09,0,
886043,MMU,WESTERN ASSET MANAGED MUNICIPALS FUND INC.,,,,,,"excluded: no domestic filings (foreign filer, fund, or shell)",out,,0,
1809104,ALIT,"Alight, Inc. / Delaware",7389,257853441.6,218033525.368,22339500.55,9.76,sized,in,2026-08-31,0,"cover count 446,790,011 as of 2021-07-02 restated 0.05x through the split(s) since"
1436425,HBCP,"HOME BANCORP, INC.",6036,524979025.0,524979025.0,7870750.0,66.7,sized,in,2026-10-09,0,
1636651,OVID,Ovid Therapeutics Inc.,2834,456996985.38,456996985.38,195297857.0,2.34,sized,in,2026-10-09,0,
1020214,CERS,CERUS CORP,3841,459476767.43999994,459476767.43999994,201524898.0,2.28,sized,in,2026-10-09,0,
1951222,LAES,SEALSQ Corp,3674,,,,,"excluded: no domestic filings (foreign filer, fund, or shell)",out,,0,
790816,BDN,BRANDYWINE REALTY TRUST,6798,471828794.6,475970455.3,173711845.0,2.74,sized,in,2026-10-09,0,
1606757,KE,"Kimball Electronics, Inc.",3672,690729536.05,690009786.05,23966995.0,28.79,sized,in,2026-10-09,0,
1064052,FGOVF,FREEGOLD VENTURES LTD,1040,,,,,"excluded: no domestic filings (foreign filer, fund, or shell)",out,,0,
1606909,PANL,Pangaea Logistics Solutions Ltd.,4412,563074439.1999999,563074439.1999999,65473772.0,8.6,sized,in,2026-10-09,0,
1863934,ADUR,ADURO CLEAN TECHNOLOGIES INC.,2800,,,,,"excluded: no domestic filings (foreign filer, fund, or shell)",out,,0,
75288,OXM,OXFORD INDUSTRIES INC,2320,381646421.52,381646421.52,14978274.0,25.48,sized,in,2026-10-09,0,
2101698,ELMT,Elmet Group Co.,3490,623201329.08,623201329.08,30459498.0,20.46,sized,in,2026-10-09,0,
1590877,RGNX,REGENXBIO Inc.,2836,534046723.28,534046723.28,66013192.0,8.09,sized,in,2026-10-09,0,
2086438,GHXI,"Gores Holdings XI, Inc.",6770,,,,,excluded: blank-check company (SIC 6770),out,,0,
1766368,MEC,"Mayville Engineering Company, Inc.",3460,389390054.37,389390054.37,25500331.0,15.27,sized,in,2026-10-09,0,
1533615,XRN,Chiron Real Estate Inc.,6798,451410003.0,451410003.0,13237830.0,34.1,sized,in,2026-10-09,0,
1341170,ESEA,EUROSEAS LTD.,4412,,,,,"excluded: no domestic filings (foreign filer, fund, or shell)",out,,0,
2064307,LOGC,ContextLogic Holdings Inc.,1400,,,45753716.0,,unsized,out,,0,counting failure; never a member
1678660,PRLD,Prelude Therapeutics Inc,2834,309637521.8,309637521.8,79803485.0,3.88,sized,in,2026-10-09,0,
1809691,HKD,AMTD Digital Inc.,6199,,,,,"excluded: no domestic filings (foreign filer, fund, or shell)",out,,0,
712770,OLP,ONE LIBERTY PROPERTIES INC,6798,482028992.54,480368778.24,21825024.0,22.01,sized,in,2026-10-09,0,
1643615,ONT,"Onterris, Inc.",8742,481459883.04,481459883.04,35117424.0,13.71,sized,in,2026-10-09,0,
1945240,ROMA,Roma Green Finance Ltd,8742,,,,,"excluded: no domestic filings (foreign filer, fund, or shell)",out,,0,
1759138,CABA,"Cabaletta Bio, Inc.",2836,330613617.75,330613617.75,169545445.0,1.95,sized,in,2026-10-09,0,
1674930,FLGT,"Fulgent Genetics, Inc.",8071,572868400.26,572868400.26,27515293.0,20.82,sized,in,2026-10-09,0,
1505732,BWFG,"Bankwell Financial Group, Inc.",6022,523439681.52,523439681.52,7971972.0,65.66,sized,in,2026-10-09,0,
1481792,QUAD,"Quad/Graphics, Inc.",2750,488367755.98,,,9.49,sized,in,2026-10-09,0,
1771706,VREOF,Vireo Growth Inc.,2834,,,,,excluded: not a common-stock listing (vendor type OS),out,,0,
1628908,EVH,"Evolent Health, Inc.",8741,447714966.6,447714966.6,113059335.0,3.96,sized,in,2026-10-09,0,
1393299,BGY,BlackRock Enhanced International Dividend Trust,,,,,,"excluded: no domestic filings (foreign filer, fund, or shell)",out,,0,
1823794,ARKO,ARKO Corp.,5412,462205170.52000004,462205170.52000004,112185721.0,4.12,sized,in,2026-10-09,0,
1671858,SPRY,"ARS Pharmaceuticals, Inc.",2834,453479884.08,453479884.08,99447343.0,4.56,sized,in,2026-10-09,0,
1844862,SLDP,"Solid Power, Inc.",3690,552198533.04,552198533.04,228181212.0,2.42,sized,in,2026-10-09,0,
1027838,TCMD,TACTILE SYSTEMS TECHNOLOGY INC,3841,501068566.32,501068566.32,22652286.0,22.12,sized,in,2026-10-09,0,
1937987,FBYD,"Falcon's Beyond Global, Inc.",7990,426972227.38,,,8.81,sized,in,2026-10-09,0,
2055592,GEMI,"Gemini Space Station, Inc.",6199,579545342.9399999,,,4.47,sized,in,2026-10-09,0,
1515671,DPG,Duff & Phelps Utility & Infrastructure Fund Inc.,,,,,,"excluded: no domestic filings (foreign filer, fund, or shell)",out,,0,
1779128,SRTA,"Strata Critical Medical, Inc.",8000,395446622.82,395446622.82,88466806.0,4.47,sized,in,2026-10-09,0,
724910,NVEC,NVE CORP /NEW/,3674,539102150.7,539102150.7,4837166.0,111.45,sized,in,2026-10-09,0,
945983,CLMB,"Climb Global Solutions, Inc.",5045,608336831.4,608336831.4,18660639.0,32.6,sized,in,2026-10-09,0,
1349436,SD,SANDRIDGE ENERGY INC,1311,521649414.72,521649414.72,37075296.0,14.07,sized,in,2026-10-09,0,
1514991,AMCX,AMC Global Media Inc.,4841,451274682.73999995,,,10.94,sized,in,2026-10-09,0,
910638,DDD,3D SYSTEMS CORP,7372,556592540.45,556592540.45,166147027.0,3.35,sized,in,2026-10-09,0,
1770069,MPLT,"MapLight Therapeutics, Inc.",2834,508517828.85,388292382.90000004,42436326.0,9.15,sized,in,2026-10-09,0,
1005229,CMCO,COLUMBUS MCKINNON CORP,3531,461250619.12,461250619.12,28864244.0,15.98,sized,in,2026-10-09,0,
895531,VCV,Invesco California Value Municipal Income Trust,,,,,,"excluded: no domestic filings (foreign filer, fund, or shell)",out,,0,
1285890,IGD,Voya GLOBAL EQUITY DIVIDEND & PREMIUM OPPORTUNITY FUND,,,,,,"excluded: no domestic filings (foreign filer, fund, or shell)",out,,0,
2007587,AII,"American Integrity Insurance Group, Inc.",6331,528481653.98999995,528434726.19,19593427.0,26.97,sized,in,2026-10-09,0,
1130144,BSRR,SIERRA BANCORP,6022,514906128.84,514906128.84,12963397.0,39.72,sized,in,2026-10-09,0,
1281926,ETO,Eaton Vance Tax-Advantaged Global Dividend Opportunities Fund,,,,,,"excluded: no domestic filings (foreign filer, fund, or shell)",out,,0,
2028336,NUAI,"New ERA Energy & Digital, Inc.",1311,583449891.57,489235182.24,101290928.0,4.83,sized,in,2026-10-09,0,
1754226,OBT,"Orange County Bancorp, Inc. /DE/",6022,499446621.75,499446621.75,13407963.0,37.25,sized,in,2026-10-09,0,
2108962,GCGR,General Catalyst Global Resilience Merger Corp.,6770,,,,,excluded: blank-check company (SIC 6770),out,,0,
1604174,ECC,Eagle Point Credit Co,,,,,,"excluded: no domestic filings (foreign filer, fund, or shell)",out,,0,
1994702,KYTX,"Kyverna Therapeutics, Inc.",2836,382192483.91999996,382192483.91999996,61843444.0,6.18,sized,in,2026-10-09,0,
1421461,IPI,"Intrepid Potash, Inc.",1400,444743075.7,444743075.7,13456674.0,33.05,sized,in,2026-10-09,0,
43196,GTN,"GRAY MEDIA, INC",4833,497414569.89,,,4.83,sized,in,2026-10-09,0,
1854545,DDL,Dingdong (Cayman) Ltd,5961,,,,,"excluded: no domestic filings (foreign filer, fund, or shell)",out,,0,
1030192,IDR,"Idaho Strategic Resources, Inc.",1040,416386532.7,416386532.7,15826170.0,26.31,sized,in,2026-10-09,0,
1843586,OTLY,Oatly Group AB,2000,,,,,"excluded: no domestic filings (foreign filer, fund, or shell)",out,,0,
1705284,PBAM,"Private Bancorp of America, Inc.",6021,489146209.28000003,489495788.84000003,5729788.0,85.43,sized,in,2026-10-09,0,
1737927,CGC,Canopy Growth Corp,2833,358228303.19,358228303.19,423037675.0,0.8468,sized,in,2026-10-09,0,
2074878,NWAX,New America Acquisition I Corp.,6770,,,,,excluded: blank-check company (SIC 6770),out,,0,
1385613,GLRE,"GREENLIGHT CAPITAL RE, LTD.",6331,488640919.68,488640919.68,32641344.0,14.97,sized,in,2026-10-09,0,
1746129,BSVN,Bank7 Corp.,6022,529351817.92,529351817.92,9525856.0,55.57,sized,in,2026-10-09,0,
59255,VHI,VALHI INC /DE/,2810,422268987.63,422268987.63,28321193.0,14.91,sized,in,2026-10-09,0,
1606163,LMB,"Limbach Holdings, Inc.",1700,607578393.35,607578393.35,11924993.0,50.95,sized,in,2026-10-09,0,
88000,HKHC,Horizon Kinetics Holding Corp,6282,,,18635321.0,,unsized,out,,0,counting failure; never a member
1121484,OIS,"OIL STATES INTERNATIONAL, INC",3533,494645475.79999995,494645475.79999995,60322619.0,8.2,sized,in,2026-10-09,0,
929351,STRZ,STARZ ENTERTAINMENT CORP /CN/,7812,404644160.72999996,404644160.72999996,17124171.0,23.63,sized,in,2026-10-09,0,
2087361,MEVO,M Evo Global Acquisition Corp II,6770,,,,,excluded: blank-check company (SIC 6770),out,,0,
65270,MEI,METHODE ELECTRONICS INC,3678,543587058.25,543587058.25,35645053.0,15.25,sized,in,2026-10-09,0,
2044725,EVMN,"Evommune, Inc.",2834,232632444.33,232632444.33,36292113.0,6.41,sized,in,2026-10-09,0,
1874071,PDLB,"Ponce Financial Group, Inc.",6035,488353721.19000006,488353721.19000006,24187901.0,20.19,sized,in,2026-10-09,0,
1233681,BLW,BLACKROCK Ltd DURATION INCOME TRUST,,,,,,"excluded: no domestic filings (foreign filer, fund, or shell)",out,,0,
2012807,RFAI,RF Acquisition Corp II,6770,,,,,excluded: blank-check company (SIC 6770),out,,0,
1313310,GRVY,"GRAVITY Co., Ltd.",7374,,,,,"excluded: no domestic filings (foreign filer, fund, or shell)",out,,0,
803164,COFS,CHOICEONE FINANCIAL SERVICES INC,6022,493831270.40000004,493831270.40000004,14955520.0,33.02,sized,in,2026-10-09,0,
788329,JOUT,JOHNSON OUTDOORS INC,3949,465297348.0,,,44.4,sized,in,2026-10-09,0,
1616543,SENS,"Senseonics Holdings, Inc.",3823,476923958.06,476923958.06,52874053.0,9.02,sized,in,2026-10-09,0,
2025416,OWLS,OBOOK HOLDINGS INC.,7372,,,,,"excluded: no domestic filings (foreign filer, fund, or shell)",out,,0,
1864208,GUG,Guggenheim Active Allocation Fund,,,,,,"excluded: no domestic filings (foreign filer, fund, or shell)",out,,0,
879526,WNC,WABASH NATIONAL Corp,3715,546285489.93,,,13.41,sized,in,2026-10-09,0,
1862461,REAX,Real Brokerage Inc,6531,,,,,"excluded: no domestic filings (foreign filer, fund, or shell)",out,,0,
1747079,BALY,Bally's Corp,7011,705059222.34,705059222.34,50469522.0,13.97,sized,in,2026-10-09,0,
1720420,IBEX,IBEX Ltd,7374,589571349.6,589571349.6,13278634.0,44.4,sized,in,2026-10-09,0,
1785424,KPLT,"Katapult Holdings, Inc.",7359,379275275.84999996,22226650.349999998,4972405.0,4.47,disagree,in,2026-10-09,0,
1176984,EIM,Eaton Vance Municipal Bond Fund,,,,,,"excluded: no domestic filings (foreign filer, fund, or shell)",out,,0,
2033535,CMDB,Costamare Bulkers Holdings Ltd,4400,,,,,"excluded: no domestic filings (foreign filer, fund, or shell)",out,,0,
1810523,FTHY,FIRST TRUST HIGH YIELD OPPORTUNITIES 2027 TERM FUND,,,,,,"excluded: no domestic filings (foreign filer, fund, or shell)",out,,0,
1308208,ULH,"UNIVERSAL LOGISTICS HOLDINGS, INC.",4213,457745094.8,457745094.8,26367805.0,17.36,sized,in,2026-10-09,0,
1553643,RLMD,"RELMADA THERAPEUTICS, INC.",2834,338143411.82,338143411.82,106669846.0,3.17,sized,in,2026-10-09,0,
1661998,QTTB,Q32 Bio Inc.,2834,240834979.94,240834979.94,29769466.0,8.09,sized,in,2026-10-09,0,
1728190,HUYA,HUYA Inc.,7370,,,,,"excluded: no domestic filings (foreign filer, fund, or shell)",out,,0,
1158324,CCOI,"COGENT COMMUNICATIONS HOLDINGS, INC.",4899,489622436.16,489622436.16,51215736.0,9.56,sized,in,2026-10-09,0,
1018979,AMSF,AMERISAFE INC,6331,458582074.91999996,458582074.91999996,18536058.0,24.74,sized,in,2026-10-09,0,
1606366,LOCO,"El Pollo Loco Holdings, Inc.",5812,454668078.78,454668078.78,30432937.0,14.94,sized,in,2026-10-09,0,
808439,TATT,TAT TECHNOLOGIES LTD,3724,,,,,"excluded: no domestic filings (foreign filer, fund, or shell)",out,,0,
917100,IFN,"ABERDEEN INDIA FUND, INC.",,,,,,"excluded: no domestic filings (foreign filer, fund, or shell)",out,,0,
70487,NRC,NRC HEALTH,8731,451681537.72,451681537.72,22119566.0,20.42,sized,in,2026-10-09,0,
1821866,BTQ,BTQ Technologies Corp.,7370,,,,,"excluded: no domestic filings (foreign filer, fund, or shell)",out,,0,
1567529,KMDA,KAMADA LTD,2834,,,,,"excluded: no domestic filings (foreign filer, fund, or shell)",out,,0,
1662579,CCCC,"C4 Therapeutics, Inc.",2836,350621637.6,350621637.6,123025136.0,2.85,sized,in,2026-10-09,0,
1635282,RMNI,"Rimini Street, Inc.",7389,382292820.0,382292820.0,93356000.0,4.095,sized,in,2026-10-09,0,
2074872,KRSP,Rice Acquisition Corp 3,6770,,,,,excluded: blank-check company (SIC 6770),out,,0,
1166928,WTBA,WEST BANCORPORATION INC,6022,490518923.54,490518923.54,17043743.0,28.78,sized,in,2026-10-09,0,
1131903,FCCN,SPECTRAL CAPITAL Corp,7374,,,96291416.0,,unsized,out,,0,counting failure; never a member
2035709,PHOE,Phoenix Asia Holdings Ltd,1700,,,,,"excluded: no domestic filings (foreign filer, fund, or shell)",out,,0,
1579733,VITL,"Vital Farms, Inc.",2000,405058910.07,405058910.07,42931522.0,9.435,sized,in,2026-10-09,0,
2049662,FAC,Factorial Energy Inc.,3690,543678084.6,,,5.08,sized,in,2026-10-09,0,
879585,ATNI,"ATN International, Inc.",4813,437609372.37,437609372.37,15403357.0,28.41,sized,in,2026-10-09,0,
766011,CMCL,Caledonia Mining Corp Plc,1040,,,,,"excluded: no domestic filings (foreign filer, fund, or shell)",out,,0,
1509261,RZLT,"Rezolute, Inc.",2834,448791625.11999995,448791625.11999995,96722333.0,4.64,sized,in,2026-10-09,0,
1559053,PRTA,PROTHENA CORP PUBLIC LTD CO,2834,442011346.14,442011346.14,51336974.0,8.61,sized,in,2026-10-09,0,
928340,CWCO,Consolidated Water Co. Ltd.,4941,485590131.125,485590131.125,16012865.0,30.325,sized,in,2026-10-09,0,
1528287,NPCE,NeuroPace Inc,3841,425277754.86,425277754.86,34324274.0,12.39,sized,in,2026-10-09,0,
2039972,GMTL,Guardian Metal Resources PLC,1000,,,,,"excluded: no domestic filings (foreign filer, fund, or shell)",out,,0,
1581178,EPRX,EUPRAXIA PHARMACEUTICALS INC.,2834,,,,,"excluded: no domestic filings (foreign filer, fund, or shell)",out,,0,
1862044,ZKH,ZKH Group Ltd,5200,,,,,"excluded: no domestic filings (foreign filer, fund, or shell)",out,,0,
2080019,GIW,GigCapital8 Corp.,6770,,,,,excluded: blank-check company (SIC 6770),out,,0,
1631596,KREF,KKR Real Estate Finance Trust Inc.,6798,373141528.76,373141528.76,58577948.0,6.37,sized,in,2026-10-09,0,
2052053,PWRL,Powerlaw Corp.,,,,,,"excluded: no domestic filings (foreign filer, fund, or shell)",out,,0,
2092574,SWMR,"Swarmer, Inc",7372,209252560.53,156545707.5,11922750.0,13.13,disagree,in,2026-10-09,0,
1986817,GTEN,"Gores Holdings X, Inc. / CI",6770,,,,,excluded: blank-check company (SIC 6770),out,,0,
1703956,BBCP,"Concrete Pumping Holdings, Inc.",1700,474706016.4,474706016.4,50393420.0,9.42,sized,in,2026-10-09,0,
1965615,MGMNF,MAGNA MINING INC.,,,,,,"excluded: no domestic filings (foreign filer, fund, or shell)",out,,0,
1944955,GSKRF,FIRST NORDIC METALS CORP.,,,,,,"excluded: no domestic filings (foreign filer, fund, or shell)",out,,0,
1320461,CPS,Cooper-Standard Holdings Inc.,3714,385058737.36,385058737.36,17769208.0,21.67,sized,in,2026-10-09,0,
2081358,CRAN,Crane Harbor Acquisition Corp. II,6770,,,,,excluded: blank-check company (SIC 6770),out,,0,
1861115,NMAI,Nuveen Multi-Asset Income Fund,,,,,,"excluded: no domestic filings (foreign filer, fund, or shell)",out,,0,
1940941,MFI,mF International Ltd,7371,,,,,"excluded: no domestic filings (foreign filer, fund, or shell)",out,,0,
1554697,GHY,"PGIM Global High Yield Fund, Inc.",,,,,,"excluded: no domestic filings (foreign filer, fund, or shell)",out,,0,
1868995,CINT,CI&T Inc,7371,,,,,"excluded: no domestic filings (foreign filer, fund, or shell)",out,,0,
1839970,BLSM,"BlossomHill Therapeutics, Inc.",2834,536529263.91999996,536529263.91999996,31784909.0,16.88,sized,in,2026-10-09,0,
2024218,SMC,Summit Midstream Corp,4922,450586472.41999996,348105512.65,10648685.0,32.69,sized,in,2026-10-09,0,
1649752,NMG,Nouveau Monde Graphite Inc.,1090,,,,,"excluded: no domestic filings (foreign filer, fund, or shell)",out,,0,
792966,FMAO,FARMERS & MERCHANTS BANCORP INC,6035,486330350.22,486330350.22,13773162.0,35.31,sized,in,2026-10-09,0,
1401667,PBYI,"PUMA BIOTECHNOLOGY, INC.",2834,514652058.02000004,514652058.02000004,51620066.0,9.97,sized,in,2026-10-09,0,
2047273,BUUU,BUUU Group Ltd,7900,,,,,"excluded: no domestic filings (foreign filer, fund, or shell)",out,,0,
810958,CZNC,CITIZENS & NORTHERN CORP,6022,453214089.09,453214089.09,17934867.0,25.27,sized,in,2026-10-09,0,
1981546,CBK,"Commercial Bancgroup, Inc.",6022,432001043.1,432001027.33500004,13701269.5,31.53,sized,in,2026-10-09,0,
1653558,PRTH,"Priority Technology Holdings, Inc.",7389,643283323.8,643034901.6,82440372.0,7.8,sized,in,2026-10-09,0,
1699350,SI,"SHOULDER INNOVATIONS, INC.",3841,372451140.73,372451140.73,20818957.0,17.89,sized,in,2026-10-09,0,
1650664,EDIT,"Editas Medicine, Inc.",2836,436167299.4,436167299.4,153580035.0,2.84,sized,in,2026-10-09,0,
2079253,APXT,Apex Treasury Corp,6770,,,,,excluded: blank-check company (SIC 6770),out,,0,
1821159,EVGO,EVgo Inc.,7500,179978964.4,,,1.27,sized,out,,0,
1285550,CLPT,"ClearPoint Neuro, Inc.",3841,319989341.23,319989341.23,30504227.0,10.49,sized,in,2026-10-09,0,
2048951,TMS,Teamshares Inc,5900,497974209.08000004,495735272.68,73660516.0,6.73,sized,in,2026-10-09,0,
1531177,SGHT,"Sight Sciences, Inc.",3841,466595275.3,466595275.3,55087990.0,8.47,sized,in,2026-10-09,0,
1291334,FFA,FIRST TRUST ENHANCED EQUITY INCOME FUND,,,,,,"excluded: no domestic filings (foreign filer, fund, or shell)",out,,0,
1372299,OCGN,"Ocugen, Inc.",2836,331446505.93740004,331446505.93740004,339110401.0,0.9774,sized,in,2026-10-09,0,
1409171,TITN,Titan Machinery Inc.,5990,556788343.02,556788343.02,23532897.0,23.66,sized,in,2026-10-09,0,
1096056,LXFR,LUXFER HOLDINGS PLC,2810,465092904.92,461061722.43,26759241.0,17.23,sized,in,2026-10-09,0,
1555279,MASS,908 Devices Inc.,3826,477404292.75,477404292.75,41333705.0,11.55,sized,in,2026-10-09,0,
2075786,SEAH,"Seahawk Recycling Holdings, Inc.",5090,,,,,"excluded: no domestic filings (foreign filer, fund, or shell)",out,,0,
1706946,SPCE,"Virgin Galactic Holdings, Inc",4700,445691954.82,445691954.82,151595903.0,2.94,sized,in,2026-10-09,0,
1308927,ETB,Eaton Vance Tax-Managed Buy-Write Income Fund,,,,,,"excluded: no domestic filings (foreign filer, fund, or shell)",out,,0,
14707,CAL,CALERES INC,3140,428896864.11,428896864.11,34504977.0,12.43,sized,in,2026-10-09,0,
1776661,ADV,Advantage Solutions Inc.,7389,392103793.4,392103793.4,12822230.0,30.58,sized,in,2026-10-09,0,
1830214,DNA,"Ginkgo Bioworks Holdings, Inc.",2836,763638741.18,,,11.34,sized,in,2026-10-09,0,
711669,CBAN,COLONY BANKCORP INC,6022,430997799.15,430997799.15,21220965.0,20.31,sized,in,2026-10-09,0,
899751,TWI,TITAN INTERNATIONAL INC,3312,440178840.64000005,440178840.64000005,64542352.0,6.82,sized,in,2026-10-09,0,
49754,DIN,"Dine Brands Global, Inc.",5812,373065150.5,373065150.5,12659150.0,29.47,sized,in,2026-10-09,0,
1959224,AXG,"Solowin Holdings, Ltd.",6211,,,,,"excluded: no domestic filings (foreign filer, fund, or shell)",out,,0,
1084991,NGS,NATURAL GAS SERVICES GROUP INC,1389,427965096.3,427965096.3,12898285.0,33.18,sized,in,2026-10-09,0,
1131312,ZNOG,ZION OIL & GAS INC,1382,,,1191883199.0,,unsized,out,,0,counting failure; never a member
1932737,AIIO,ROBO.AI INC.,3711,,,,,"excluded: no domestic filings (foreign filer, fund, or shell)",out,,0,
1591670,FPI,Farmland Partners Inc.,6798,457686273.78000003,457686273.78000003,43630722.0,10.49,sized,in,2026-10-09,0,
1059386,VVR,Invesco Senior Income Trust,,,,,,"excluded: no domestic filings (foreign filer, fund, or shell)",out,,0,
1673985,ASIX,AdvanSix Inc.,2821,450919806.2,450919806.2,27001186.0,16.7,sized,in,2026-10-09,0,
1499422,RBB,RBB Bancorp,6022,437785148.32,437785148.32,16915964.0,25.88,sized,in,2026-10-09,0,
1865389,NPFD,Nuveen Variable Rate Preferred & Income Fund,,,,,,"excluded: no domestic filings (foreign filer, fund, or shell)",out,,0,
1515940,KIO,KKR Income Opportunities Fund,,,,,,"excluded: no domestic filings (foreign filer, fund, or shell)",out,,0,
1709164,HBB,Hamilton Beach Brands Holding Co,3634,470481620.0,,,35.0,sized,in,2026-10-09,0,
2106613,QNC,Quantum eMotion Corp,7372,,,,,"excluded: no domestic filings (foreign filer, fund, or shell)",out,,0,
1728688,IIIV,"i3 Verticals, Inc.",7372,278585304.08000004,,,15.46,sized,in,2026-10-09,0,
1143513,GLAD,GLADSTONE CAPITAL CORP,,,,,,"excluded: investment company (files 40-17G, N-2)",out,,0,
1215913,HPS,JOHN HANCOCK PREFERRED INCOME FUND III,,,,,,"excluded: no domestic filings (foreign filer, fund, or shell)",out,,0,
2035992,MCTA,Charming Medical Ltd,8090,,,,,"excluded: no domestic filings (foreign filer, fund, or shell)",out,,0,
2084396,IEAG,Infinite Eagle Acquisition Corp.,6770,,,,,excluded: blank-check company (SIC 6770),out,,0,
1903784,VOGX,"Vogenx, Inc.",2834,259815471.62999997,259815471.62999997,14855087.0,17.49,sized,in,2026-10-09,0,
1808898,BNTC,Benitec Biopharma Inc.,2834,305223852.5,305223852.5,34882726.0,8.75,sized,in,2026-10-09,0,
2088749,KBON,Karbon Capital Partners Corp.,6770,,,,,excluded: blank-check company (SIC 6770),out,,0,
1848416,VRNO,Verano Holdings Corp.,0100,,,,,excluded: not a common-stock listing (vendor type OS),out,,0,
41719,MAGN,Magnera Corp,2621,414740000.0,417070000.0,35800000.0,11.65,sized,in,2026-10-09,0,
96869,TRC,TEJON RANCH CO,6500,443151681.59999996,443151681.59999996,27021444.0,16.4,sized,in,2026-10-09,0,
934549,ACTG,ACACIA RESEARCH CORP,6794,428406073.95,428406073.95,97586805.0,4.39,sized,in,2026-10-09,0,
1903145,GRRR,Gorilla Technology Group Inc.,7372,,,,,"excluded: no domestic filings (foreign filer, fund, or shell)",out,,0,
2073928,MBVI,M3-Brigade Acquisition VI Corp.,6770,,,,,excluded: blank-check company (SIC 6770),out,,0,
1145604,NIKA,"NIKA PHARMACEUTICALS, INC",2834,,,1051689224.0,,unsized,out,,0,counting failure; never a member
1403475,BMRC,Bank of Marin Bancorp,6022,439511890.72,439511890.72,16194248.0,27.14,sized,in,2026-10-09,0,
1401521,ACIC,AMERICAN COASTAL INSURANCE Corp,6331,464659352.11,476401582.01,48464047.0,9.83,sized,in,2026-10-09,0,
1593899,AVIR,"Atea Pharmaceuticals, Inc.",2834,413455223.345,413455223.345,80204699.0,5.155,sized,in,2026-10-09,0,
1306550,BGR,BlackRock Energy & Resources Trust,,,,,,"excluded: no domestic filings (foreign filer, fund, or shell)",out,,0,
844059,FRPH,"FRP HOLDINGS, INC.",6500,380702308.83,380702308.83,19198301.0,19.83,sized,in,2026-10-09,0,
1734107,SOHU,Sohu.com Ltd,7374,326644845.65999997,,26069022.0,12.53,sized,in,2026-10-09,0,ADS: ordinary-share count is not price-comparable; sized on the vendor figure
1899883,FIP,FTAI Infrastructure Inc.,4011,314363420.42,314363420.42,118181737.0,2.66,sized,in,2026-10-09,0,
2091176,IACO,Idea Acquisition Corp.,6770,,,,,excluded: blank-check company (SIC 6770),out,,0,
1576942,SFIX,"Stitch Fix, Inc.",5961,364738065.51,,,2.73,sized,in,2026-10-09,0,
1918102,FISN,"DEEP FISSION, INC.",4911,274501671.08,274501671.08,58905938.0,4.66,sized,in,2026-10-09,0,
1794546,CARL,"CARLSMED, INC.",3841,383603539.15000004,383603539.15000004,27302743.0,14.05,sized,in,2026-10-09,0,
2081468,MESH,Meshflow Acquisition Corp,6770,,,,,excluded: blank-check company (SIC 6770),out,,0,
1738021,CMPX,"Compass Therapeutics, Inc.",2836,177098455.611,177098455.611,180087915.0,0.9834,sized,out,,0,
1434621,TREE,"LendingTree, Inc.",6163,355902871.35,355902871.35,14039561.0,25.35,sized,in,2026-10-09,0,
2073340,TLNC,Talon Capital Corp.,6770,,,,,excluded: blank-check company (SIC 6770),out,,0,
106532,WEYS,WEYCO GROUP INC,5130,496842135.66,496842135.66,9550983.0,52.02,sized,in,2026-10-09,0,
1631569,CHCT,Community Healthcare Trust Inc,6798,391984558.56,391984558.56,28653842.0,13.68,sized,in,2026-10-09,0,
1712463,PACK,Ranpak Holdings Corp.,2670,334457327.09999996,334457327.09999996,85758289.0,3.9,sized,in,2026-10-09,0,
2082119,KRAQ,KRAKacquisition Corp,6770,,,,,excluded: blank-check company (SIC 6770),out,,0,
1709941,BIOA,"BioAge Labs, Inc.",2834,285019804.89,285019804.89,45896909.0,6.21,sized,in,2026-10-09,0,
1861974,ECX,ECARX Holdings Inc.,7373,,,,,"excluded: no domestic filings (foreign filer, fund, or shell)",out,,0,
1074540,EVN,Eaton Vance Municipal Income Trust,,,,,,"excluded: no domestic filings (foreign filer, fund, or shell)",out,,0,
216085,HVT,HAVERTY FURNITURE COMPANIES INC,5712,428980651.26000005,513479349.39000005,18665189.0,27.51,sized,in,2026-10-09,0,
1683695,IMXI,"International Money Express, Inc.",7389,375530523.61,375530523.61,30211627.0,12.43,sized,in,2026-10-09,0,
1830043,BMBL,Bumble Inc.,7370,338498725.40999997,307284527.34,119799036.0,2.565,sized,in,2026-10-09,0,
1634117,BNED,"Barnes & Noble Education, Inc.",5940,413899861.2,413899861.2,34664980.0,11.94,sized,in,2026-10-09,0,
1860805,ASTL,Algoma Steel Group Inc.,3312,,,,,"excluded: no domestic filings (foreign filer, fund, or shell)",out,,0,
1168455,PLBC,PLUMAS BANCORP,6153,429858418.32,429858418.32,6959016.0,61.77,sized,in,2026-10-09,0,
1108109,CYH,COMMUNITY HEALTH SYSTEMS INC,8062,384955544.61,384955544.61,141009357.0,2.73,sized,in,2026-10-09,0,
895447,SHOE,SHOE STATION GROUP INC,5661,355020623.90000004,355020623.90000004,27183815.0,13.06,sized,in,2026-10-09,0,
1314102,EYPT,"EyePoint, Inc.",3826,298293997.48,298293997.48,86212138.0,3.46,sized,in,2026-10-09,0,
1559991,DFP,Flaherty & Crumrine Dynamic Preferred & Income Fund Inc,,,,,,"excluded: no domestic filings (foreign filer, fund, or shell)",out,,0,
2093912,PTOR,Praetorian Acquisition Corp.,6770,,,,,excluded: blank-check company (SIC 6770),out,,0,
1494582,BOC,BOSTON OMAHA Corp,6510,391042826.68,392637770.14,30249443.0,12.98,sized,in,2026-10-09,0,
1930313,SBC,SBC Medical Group Holdings Inc,8011,549202675.62,549202675.62,102846943.0,5.34,sized,in,2026-10-09,0,
1966041,DSC,DSC Holdings Ltd.,7370,,,,,"excluded: no domestic filings (foreign filer, fund, or shell)",out,,0,
1745059,FINS,Angel Oak Financial Strategies Income Term Trust,,,,,,"excluded: no domestic filings (foreign filer, fund, or shell)",out,,0,
1374690,LRMR,"Larimar Therapeutics, Inc.",2834,280483929.90000004,280483929.90000004,103882937.0,2.7,sized,in,2026-10-09,0,
1897087,SUPX,SuperX AI Technology Ltd,8742,,,,,"excluded: no domestic filings (foreign filer, fund, or shell)",out,,0,
1602658,ISTR,Investar Holding Corp,6022,400360375.56,400360375.56,13777026.0,29.06,sized,in,2026-10-09,0,
1145986,ASPN,ASPEN AEROGELS INC,5030,467226853.92,467226853.92,82988784.0,5.63,sized,in,2026-10-09,0,
1769663,PBFS,"Pioneer Bancorp, Inc./MD",6036,426047195.0,437710102.06,24841663.0,17.62,sized,in,2026-10-09,0,
38264,FWDI,"Forward Industries, Inc.",6199,547749383.6999999,530220619.94,73846883.0,7.18,sized,in,2026-10-09,0,
1901637,USCB,"USCB FINANCIAL HOLDINGS, INC.",6022,408840021.09999996,408840021.09999996,18474470.0,22.13,sized,in,2026-10-09,0,
2029976,KFII,K&F GROWTH ACQUISITION CORP. II,6770,,,,,excluded: blank-check company (SIC 6770),out,,0,
2044009,XRPN,Armada Acquisition Corp. II,6770,,,,,excluded: blank-check company (SIC 6770),out,,0,
1862935,CURR,Currenc Group Inc.,7389,311020821.45,212213699.88,76611444.0,2.77,disagree,in,2026-10-09,0,
1002590,SGU,"STAR GROUP, L.P.",5990,426217695.84000003,426217695.84000003,32811216.0,12.99,sized,in,2026-10-09,0,
1866782,CDRO,"Codere Online Luxembourg, S.A.",7990,,,,,"excluded: no domestic filings (foreign filer, fund, or shell)",out,,0,
1854368,DGXX,Digi Power X Inc.,6199,323455434.71999997,323444802.45,101393355.0,3.19,sized,in,2026-10-09,0,
2091024,CLBR,Colombier Acquisition Corp. III,6770,,,,,excluded: blank-check company (SIC 6770),out,,0,
2058758,AVBC,"Avidia Bancorp, Inc.",6036,406742430.0,439746138.12,19970306.0,22.02,sized,in,2026-10-09,0,
1506488,NXG,NXG NextGen Infrastructure Income Fund,,,,,,"excluded: no domestic filings (foreign filer, fund, or shell)",out,,0,
2128045,BCCQ,Bleichroeder Acquisition Corp. III,6770,,,,,excluded: blank-check company (SIC 6770),out,,0,
1534880,ISD,"PGIM High Yield Bond Fund, Inc.",,,,,,"excluded: no domestic filings (foreign filer, fund, or shell)",out,,0,
1400891,IHRT,"iHeartMedia, Inc.",4832,304934660.96,,,1.97,sized,in,2026-10-09,0,
1822462,FHTX,Foghorn Therapeutics Inc.,2834,118176776.85,118176776.85,59385315.0,1.99,sized,out,,0,
2113481,OSPR,Osprey Acquisition Corp. III,6770,,,,,excluded: blank-check company (SIC 6770),out,,0,
1133869,CAPR,"CAPRICOR THERAPEUTICS, INC.",2834,465693301.89,465693301.89,58138989.0,8.01,sized,in,2026-10-09,0,
1913847,CNCK,Coincheck Group N.V.,6199,,,,,"excluded: no domestic filings (foreign filer, fund, or shell)",out,,0,
1177648,ENTA,ENANTA PHARMACEUTICALS INC,2834,352417364.2,352417364.2,29125402.0,12.1,sized,in,2026-10-09,0,
763563,CHMG,CHEMUNG FINANCIAL CORP,6022,390876735.03999996,390876735.03999996,4821472.0,81.07,sized,in,2026-10-09,0,
1786248,NREF,"NexPoint Real Estate Finance, Inc.",6798,293652291.82,293652291.82,18848029.0,15.58,sized,in,2026-10-09,0,
1832483,SERV,Serve Robotics Inc. /DE/,3569,385848406.15000004,385848406.15000004,86707507.0,4.45,sized,in,2026-10-09,0,
814586,LWAY,"Lifeway Foods, Inc.",2020,318601294.23,318601294.23,15106747.0,21.09,sized,in,2026-10-09,0,
1907909,VOXR,VOX ROYALTY CORP.,1040,,,,,"excluded: no domestic filings (foreign filer, fund, or shell)",out,,0,
1325670,FRST,Primis Financial Corp.,6022,380169773.76,380169773.76,24799072.0,15.33,sized,in,2026-10-09,0,
922864,AIV,APARTMENT INVESTMENT & MANAGEMENT CO,6798,258521678.44,256064005.74,143856183.0,1.78,sized,in,2026-10-09,0,
1501697,XFOR,"X4 Pharmaceuticals, Inc",2836,276619412.97,276619412.97,99146743.0,2.79,sized,in,2026-10-09,0,
69733,NATH,"NATHANS FAMOUS, INC.",5812,416937006.75,416937006.75,4097661.0,101.75,sized,in,2026-10-09,0,
1456772,OPI,OFFICE PROPERTIES INCOME TRUST,6500,330620869.62,330620869.62,21953577.0,15.06,sized,in,2026-10-09,0,
1825079,VELO,"Velo3D, Inc.",3559,288699079.64,288699079.64,32149118.0,8.98,sized,in,2026-10-09,0,
1528356,GNE,Genie Energy Ltd.,4931,441643273.94000006,,,16.78,sized,in,2026-10-09,0,
1774170,AIOT,"Powerfleet, Inc.",3669,354356423.52000004,354356423.52000004,134225918.0,2.64,sized,in,2026-10-09,0,
1338940,PERI,Perion Network Ltd.,7371,,,,,"excluded: no domestic filings (foreign filer, fund, or shell)",out,,0,
2048948,NPAC,New Providence Acquisition Corp. III/Cayman,6770,,,,,excluded: blank-check company (SIC 6770),out,,0,
1768224,ARCT,Arcturus Therapeutics Holdings Inc.,2834,365804898.03,365804898.03,28423069.0,12.87,sized,in,2026-10-09,0,
1315399,PKBK,"PARKE BANCORP, INC.",6022,384011995.5,384011995.5,11761470.0,32.65,sized,in,2026-10-09,0,
2058359,CRAQ,Cal Redwood Acquisition Corp.,6770,,,,,excluded: blank-check company (SIC 6770),out,,0,
1759783,EH,EHang Holdings Ltd,3728,,,,,"excluded: no domestic filings (foreign filer, fund, or shell)",out,,0,
1768259,GOTU,Gaotu Techedu Inc.,8200,,,,,"excluded: no domestic filings (foreign filer, fund, or shell)",out,,0,
2035173,RTAC,Renatus Tactical Acquisition Corp I,6770,,,,,excluded: blank-check company (SIC 6770),out,,0,
1494904,GBLI,"Global Indemnity Group, LLC",6331,340247869.35999995,,,23.24,sized,in,2026-10-09,0,
876427,MNRO,"MONRO, INC.",7500,429568184.40000004,,,13.74,sized,in,2026-10-09,0,
2088295,BBCQ,Bleichroeder Acquisition Corp. II,6770,,,,,excluded: blank-check company (SIC 6770),out,,0,
1907108,LXEO,"Lexeo Therapeutics, Inc.",2836,263502974.34,263368478.55,82046255.0,3.21,sized,in,2026-10-09,0,
352825,FSTR,FOSTER L B CO,5051,372610005.46000004,372610005.46000004,10519763.0,35.42,sized,in,2026-10-09,0,
1831631,LDI,"loanDepot, Inc.",6199,209081402.20439997,,,0.6183,sized,in,2026-10-09,0,
1290877,CUVL,Clinuvel Pharmaceuticals Ltd,8880,,,,,"excluded: no domestic filings (foreign filer, fund, or shell)",out,,0,
1133416,GALT,GALECTIN THERAPEUTICS INC,2834,367092704.16,367092704.16,100849644.0,3.64,sized,in,2026-10-09,0,
1299130,PACB,"PACIFIC BIOSCIENCES OF CALIFORNIA, INC.",3826,714910745.6999999,714910745.6999999,310830759.0,2.3,sized,in,2026-10-09,0,
739421,CZFS,CITIZENS FINANCIAL SERVICES INC,6022,382191078.29999995,382191078.29999995,4809855.0,79.46,sized,in,2026-10-09,0,
1812923,SDHY,PGIM Short Duration High Yield Opportunities Fund,,,,,,"excluded: no domestic filings (foreign filer, fund, or shell)",out,,0,
1633336,CCAP,"Crescent Capital BDC, Inc.",,,,,,"excluded: investment company (files 40-17G, N-2)",out,,0,
1277902,MVBF,MVB FINANCIAL CORP,6022,382541456.5,382541456.5,12967507.0,29.5,sized,in,2026-10-09,0,
1421517,ERII,"Energy Recovery, Inc.",3559,349146945.0,349146945.0,51044875.0,6.84,sized,in,2026-10-09,0,
765207,FNLC,"First Bancorp, Inc /ME/",6021,377281449.59999996,377281449.59999996,11282340.0,33.44,sized,in,2026-10-09,0,
1438423,MRAM,EVERSPIN TECHNOLOGIES INC.,3674,402992648.95,402992648.95,24350009.0,16.55,sized,in,2026-10-09,0,
1171155,RLGT,"RADIANT LOGISTICS, INC",4731,442212966.09999996,442212966.09999996,46894270.0,9.43,sized,in,2026-10-09,0,
1211583,FENC,FENNEC PHARMACEUTICALS INC.,2836,372763900.17,372763900.17,35067159.0,10.63,sized,in,2026-10-09,0,
2091222,SAAQ,Space Asset Acquisition Corp.,6770,,,,,excluded: blank-check company (SIC 6770),out,,0,
1531193,FCBM,"First Carolina Financial Services, Inc.",6022,397681305.6,397681305.6,31068852.0,12.8,sized,in,2026-10-09,0,
884624,OFIX,Orthofix Medical Inc.,3841,366593472.0,366593472.0,40732608.0,9.0,sized,in,2026-10-09,0,
2056634,PCAP,ProCap Acquisition Corp,6770,,,,,excluded: blank-check company (SIC 6770),out,,0,
1041514,LSAK,LESAKA TECHNOLOGIES INC,6099,404951092.56,405089723.68,85824094.0,4.72,sized,in,2026-10-09,0,
2033122,TACO,Berto Acquisition Corp.,6770,,,,,excluded: blank-check company (SIC 6770),out,,0,
2087447,ZKP,Lafayette Digital Acquisition Corp. I,6770,,,,,excluded: blank-check company (SIC 6770),out,,0,
2107724,MTAL,Metals Acquisition Corp. II,6770,,,,,excluded: blank-check company (SIC 6770),out,,0,
2081515,GUAC,Berto Acquisition Corp. II,6770,,,,,excluded: blank-check company (SIC 6770),out,,0,
1277575,SCGX,SAXON CAPITAL GROUP INC,1311,,,,,unsized,out,,0,counting failure; never a member
908993,VKI,Invesco Advantage Municipal Income Trust II,,,,,,"excluded: no domestic filings (foreign filer, fund, or shell)",out,,0,
1423869,PCB,PCB BANCORP,6022,391703949.78000003,391703949.78000003,14044602.0,27.89,sized,in,2026-10-09,0,
712034,ACCO,ACCO BRANDS Corp,2780,411691753.28,411691753.28,92307568.0,4.46,sized,in,2026-10-09,0,
1049606,CIX,COMPX INTERNATIONAL INC,3420,487051218.35999995,487051218.35999995,12336657.0,39.48,sized,in,2026-10-09,0,
1799207,AUNA,AUNA S.A.,8011,,,,,"excluded: no domestic filings (foreign filer, fund, or shell)",out,,0,
1710680,HFRO,HIGHLAND OPPORTUNITIES & INCOME FUND,,,,,,"excluded: no domestic filings (foreign filer, fund, or shell)",out,,0,
2055459,RDAG,Republic Digital Acquisition Co,6770,,,,,excluded: blank-check company (SIC 6770),out,,0,
1692705,HTT,High Templar Tech Ltd,6199,,,,,"excluded: no domestic filings (foreign filer, fund, or shell)",out,,0,
2057043,WENN,WEN Acquisition Corp,6770,,,,,excluded: blank-check company (SIC 6770),out,,0,
18498,GCO,GENESCO INC,5661,398939004.23999995,398939004.23999995,10820152.0,36.87,sized,in,2026-10-09,0,
1527762,CD,Chaince Digital Holdings Inc.,6199,1200141458.0,1200141458.0,110003800.0,10.91,sized,in,2026-10-09,0,
835011,MGPI,MGP INGREDIENTS INC,5180,294871826.52,,,13.77,sized,in,2026-10-09,0,
2007596,TWFG,"TWFG, Inc.",6411,328706098.15999997,,,25.52,sized,in,2026-10-09,0,
1958217,LZM,Lifezone Metals Ltd,1000,,,,,"excluded: no domestic filings (foreign filer, fund, or shell)",out,,0,
1448397,SHIP,Seanergy Maritime Holdings Corp.,4412,382001515.73999995,120439318.55499999,6831498.5,17.63,disagree,in,2026-08-31,0,"cover count 68,314,985 as of 2020-12-31 restated 0.1x through the split(s) since"
1850902,TKNO,"Alpha Teknova, Inc.",2835,453128796.23999995,453128796.23999995,53688246.0,8.44,sized,in,2026-10-09,0,
1091223,MTLS,MATERIALISE NV,7372,,,,,"excluded: no domestic filings (foreign filer, fund, or shell)",out,,0,
818972,LEO,"BNY MELLON STRATEGIC MUNICIPALS, INC.",,,,,,"excluded: no domestic filings (foreign filer, fund, or shell)",out,,0,
2123471,CCCT,Columbus Circle Capital Corp III,6770,,,,,excluded: blank-check company (SIC 6770),out,,0,
1281895,RCKT,"ROCKET PHARMACEUTICALS, INC.",2834,288707190.11,288707190.11,109774597.0,2.63,sized,in,2026-10-09,0,
1495825,GBAB,Guggenheim Taxable Municipal Bond & Investment Grade Debt Trust,,,,,,"excluded: no domestic filings (foreign filer, fund, or shell)",out,,0,
1850119,IPSC,"Century Therapeutics, Inc.",2836,264369968.66,264369968.66,181075321.0,1.46,sized,in,2026-10-09,0,
1528985,INRE,"Inland Real Estate Income Trust, Inc.",6798,,,36012053.0,,unsized,out,,0,counting failure; never a member
1569994,WSBF,"Waterstone Financial, Inc.",6035,351990208.23999995,351990208.23999995,17977028.0,19.58,sized,in,2026-10-09,0,
1704711,FNKO,"Funko, Inc.",3944,363972479.0,,,6.5,sized,in,2026-10-09,0,
1683825,TRVG,trivago N.V.,7374,,,,,"excluded: no domestic filings (foreign filer, fund, or shell)",out,,0,
1474627,NEGG,"Newegg Commerce, Inc.",5990,242878920.0,242861607.9,20972505.0,11.58,sized,in,2026-10-09,0,
2130386,YICC,Yorkville International Capital Corp.,6770,,,,,excluded: blank-check company (SIC 6770),out,,0,
1699039,RNGR,"Ranger Energy Services, Inc.",1389,361795275.58000004,,,15.46,sized,in,2026-10-09,0,
2087398,TMCR,Metals Royalty Co Inc.,1040,,,,,"excluded: no domestic filings (foreign filer, fund, or shell)",out,,0,
1392380,GEVO,"Gevo, Inc.",2860,333770090.40000004,333770090.40000004,247237104.0,1.35,sized,in,2026-10-09,0,
2102771,KEYY,Keystone Acquisition Corp.,6770,,,,,excluded: blank-check company (SIC 6770),out,,0,
799288,LE,"LANDS' END, INC.",5651,306963760.06,306963760.06,29544154.0,10.39,sized,in,2026-10-09,0,
2083125,FTW,PRESIDIO PRODUCTION Co,1311,283938569.59999996,,,9.52,sized,in,2026-10-09,0,
1495240,LAND,GLADSTONE LAND Corp,6798,411091540.69,411091540.69,43136573.0,9.53,sized,in,2026-10-09,0,
2096362,AIAI,AIAI Holdings Corp,7374,225289287.84,224707579.98000002,70662761.0,3.18,sized,in,2026-10-09,0,
846676,AEF,"abrdn Emerging Markets ex-China Fund, Inc.",,,,,,"excluded: no domestic filings (foreign filer, fund, or shell)",out,,0,
836690,IA,INNOVATIVE SOLUTIONS & SUPPORT INC,7371,343664121.59999996,343664121.59999996,17899173.0,19.2,sized,in,2026-10-09,0,
1030997,WILC,G WILLI FOOD INTERNATIONAL LTD,5141,,,,,"excluded: no domestic filings (foreign filer, fund, or shell)",out,,0,
2089982,HACQ,HCM IV Acquisition Corp.,6770,,,,,excluded: blank-check company (SIC 6770),out,,0,
2083989,ALOV,"Aldabra 4 Liquidity Opportunity Vehicle, Inc.",6770,,,,,excluded: blank-check company (SIC 6770),out,,0,
1384195,REI,"RING ENERGY, INC.",1311,351728469.45000005,351728469.45000005,260539607.0,1.35,sized,in,2026-10-09,0,
1210123,EAD,ALLSPRING INCOME OPPORTUNITIES FUND,,,,,,"excluded: no domestic filings (foreign filer, fund, or shell)",out,,0,
1013272,NWFL,NORWOOD FINANCIAL CORP,6022,369253246.38,369253246.38,10902074.0,33.87,sized,in,2026-10-09,0,
275694,MCI,BARINGS CORPORATE INVESTORS,,,,,,"excluded: no domestic filings (foreign filer, fund, or shell)",out,,0,
796505,CLFD,"Clearfield, Inc.",3661,450172268.7,450172268.7,13583955.0,33.14,sized,in,2026-10-09,0,
2097376,MZYX,MOZAYYX Acquisition Corp.,6770,,,,,excluded: blank-check company (SIC 6770),out,,0,
1786117,PINE,"Alpine Income Property Trust, Inc.",6798,320685077.15999997,315058330.56,17620712.0,17.88,sized,in,2026-10-09,0,
1770450,XRX,Xerox Holdings Corp,3577,383438372.12,383438372.12,131314511.0,2.92,sized,in,2026-10-09,0,
1842279,OPAL,OPAL Fuels Inc.,4932,50888817.839999996,42287935.199999996,25171390.0,1.68,sized,out,,0,
882150,MYN,"BLACKROCK MUNIYIELD NEW YORK QUALITY FUND, INC.",,,,,,"excluded: no domestic filings (foreign filer, fund, or shell)",out,,0,
1023459,SLP,"Simulations Plus, Inc.",7373,,,20224838.0,,unsized,out,,0,counting failure; never a member
1617553,ZIP,"ZIPRECRUITER, INC.",7370,327260128.74,,,3.98,sized,in,2026-10-09,0,
1708055,RBBN,Ribbon Communications Inc.,7373,307576165.44,307576165.44,178823352.0,1.72,sized,in,2026-10-09,0,
1402829,ORN,Orion Group Holdings Inc,1600,366887327.40000004,,,9.06,sized,in,2026-10-09,0,
1130713,NXH,"NEIGHBORHOOD INTELLIGENCE, INC.",5961,188567081.465,163491599.985,95330379.0,1.715,sized,out,,0,
701719,ELA,Envela Corp,5944,313379155.32,313379155.32,25963476.0,12.07,sized,in,2026-10-09,0,
1365767,ALLT,Allot Ltd.,3576,,,,,"excluded: no domestic filings (foreign filer, fund, or shell)",out,,0,
1820302,BKKT,"Bakkt, Inc.",6199,316838289.74,316838289.74,45069458.0,7.03,sized,in,2026-10-09,0,
1850733,FVAV,Fortress Value Acquisition Corp. V,6770,,,,,excluded: blank-check company (SIC 6770),out,,0,
863110,ARTNA,ARTESIAN RESOURCES CORP,4941,346371638.34,260327384.45999998,7761699.0,33.54,sized,in,2026-10-09,0,
2022626,UPB,"Upstream Bio, Inc.",2834,249208236.54999998,249208236.54999998,54771041.0,4.55,sized,in,2026-10-09,0,
1806952,LYEL,"Lyell Immunopharma, Inc.",2834,215400189.39,215400189.39,24505141.0,8.79,sized,in,2026-10-09,0,
2074697,FCRS,FutureCrest Acquisition Corp.,6770,,,,,excluded: blank-check company (SIC 6770),out,,0,
2129659,FDMM,Freedom Metals Acquisition Corp.,6770,,,,,excluded: blank-check company (SIC 6770),out,,0,
1564180,KNOP,KNOT Offshore Partners LP,4400,,,,,"excluded: no domestic filings (foreign filer, fund, or shell)",out,,0,
2111762,GSRV,GSR V Acquisition Corp.,6770,,,,,excluded: blank-check company (SIC 6770),out,,0,
1447221,LGSXY,Light S.A./ADR,8880,,,,,"excluded: no domestic filings (foreign filer, fund, or shell)",out,,0,
1647822,SVMB,"Jingbo Technology, Inc.",7372,,,555315412.0,,unsized,out,,0,counting failure; never a member
1847398,NECB,"NorthEast Community Bancorp, Inc./MD/",6036,377327677.19,377327677.19,13766059.0,27.41,sized,in,2026-10-09,0,
728387,CATX,"Perspective Therapeutics, Inc.",2834,309351006.73,309351006.73,114151663.0,2.71,sized,in,2026-10-09,0,
2034037,SDHI,Siddhi Acquisition Corp (Cayman Islands),6770,,,,,excluded: blank-check company (SIC 6770),out,,0,
2088325,OIM,OneIM Acquisition Corp.,6770,,,,,excluded: blank-check company (SIC 6770),out,,0,
2098712,GIX,GigCapital9 Corp.,6770,,,,,excluded: blank-check company (SIC 6770),out,,0,
2041493,ALUB,Alussa Energy Acquisition Corp. II,6770,,,,,excluded: blank-check company (SIC 6770),out,,0,
1484778,TDUP,ThredUp Inc.,5961,308634077.5,,,2.35,sized,in,2026-10-09,0,
1963685,RR,RICHTECH ROBOTICS INC.,3569,360163108.8,34061456.0,21288410.0,1.6,disagree,in,2026-10-09,0,
2009183,TACH,Titan Acquisition Corp.,6770,,,,,excluded: blank-check company (SIC 6770),out,,0,
1368519,NOA,North American Construction Group Ltd.,1389,,,,,"excluded: no domestic filings (foreign filer, fund, or shell)",out,,0,
890393,MIY,"BLACKROCK MUNIYIELD MICHIGAN QUALITY FUND, INC.",,,,,,"excluded: no domestic filings (foreign filer, fund, or shell)",out,,0,
1534254,CION,CION Investment Corp,,,,,,"excluded: investment company (files 40-17G, N-2)",out,,0,
1489993,MOBI,"Mobia Medical, Inc.",3841,284971781.76,284971781.76,33291096.0,8.56,sized,in,2026-10-09,0,
1046050,TSBK,TIMBERLAND BANCORP INC,6036,352859813.84000003,352859813.84000003,7775668.0,45.38,sized,in,2026-10-09,0,
2077010,OTGA,OTG Acquisition Corp. I,6770,,,,,excluded: blank-check company (SIC 6770),out,,0,
1390195,AWP,abrdn Global Premier Properties Fund,,,,,,"excluded: no domestic filings (foreign filer, fund, or shell)",out,,0,
1725160,ZNTL,"Zentalis Pharmaceuticals, Inc.",2834,237626504.14,179896504.14,71671914.0,2.51,sized,in,2026-10-09,0,
1703157,SCTH,"Securetech Innovations, Inc.",3714,,,17077368.0,,unsized,out,,0,counting failure; never a member
1587987,NEWT,"NewtekOne, Inc.",6021,,,,,"excluded: investment company (files 40-17G, N-2)",out,,0,
1876431,PRE,Prenetics Global Ltd,2834,,,,,"excluded: no domestic filings (foreign filer, fund, or shell)",out,,0,
1802883,API,"Agora, Inc.",7372,,,,,"excluded: no domestic filings (foreign filer, fund, or shell)",out,,0,
1328919,GASS,StealthGas Inc.,4412,,,,,"excluded: no domestic filings (foreign filer, fund, or shell)",out,,0,
2100457,AIBZ,Bitzero Holdings Inc.,6199,,,,,"excluded: no domestic filings (foreign filer, fund, or shell)",out,,0,
1525769,PLAY,"Dave & Buster's Entertainment, Inc.",5812,242769588.67999998,242769588.67999998,34830644.0,6.97,sized,in,2026-10-09,0,
1822928,HLLY,Holley Inc.,3714,295811308.92,295811308.92,121234143.0,2.44,sized,in,2026-10-09,0,
2064683,CCII,Cohen Circle Acquisition Corp. II,6770,,,,,excluded: blank-check company (SIC 6770),out,,0,
2053799,KCHV,Kochav Defense Acquisition Corp.,6770,,,,,excluded: blank-check company (SIC 6770),out,,0,
2083910,ARCI,Archimedes Tech SPAC Partners III Co.,6770,,,,,excluded: blank-check company (SIC 6770),out,,0,
2096900,ACAA,Averin Capital Acquisition Corp.,6770,,,,,excluded: blank-check company (SIC 6770),out,,0,
1871509,PTLO,Portillo's Inc.,5812,282822844.2,240999025.79999998,61794622.0,3.9,sized,in,2026-10-09,0,
1823986,WDH,Waterdrop Inc.,6411,,,,,"excluded: no domestic filings (foreign filer, fund, or shell)",out,,0,
1357459,PALI,"PALISADE BIO, INC.",2836,252692309.1,252692309.1,174270558.0,1.45,sized,in,2026-10-09,0,
1368265,CLNE,Clean Energy Fuels Corp.,4932,335076422.8,335076422.8,220445015.0,1.52,sized,in,2026-10-09,0,
1855747,BLND,"Blend Labs, Inc.",7370,248338984.95000002,,,1.05,sized,in,2026-10-09,0,
1443575,AVBH,"Avidbank Holdings, Inc.",6022,344332098.0,344332098.0,10983480.0,31.35,sized,in,2026-10-09,0,
2099093,HCIC,Hennessy Capital Investment Corp. VIII,6770,,,,,excluded: blank-check company (SIC 6770),out,,0,
1270131,SCD,LMP CAPITAL & INCOME FUND INC.,,,,,,"excluded: no domestic filings (foreign filer, fund, or shell)",out,,0,
2025608,SOUL,Soulpower Acquisition Corp.,6770,,,,,excluded: blank-check company (SIC 6770),out,,0,
842717,BRBS,"BLUE RIDGE BANKSHARES, INC.",6022,349781359.2,349786526.7,89688853.0,3.9,sized,in,2026-10-09,0,
717720,VALU,VALUE LINE INC,6282,408121263.0,408121263.0,9382098.0,43.5,sized,in,2026-10-09,0,
2069238,PAII,Pyrophyte Acquisition Corp. II,6770,,,,,excluded: blank-check company (SIC 6770),out,,0,
1590584,CVEO,Civeo Corp,7000,329745802.09999996,329745802.09999996,10336859.0,31.9,sized,in,2026-10-09,0,
1401040,DMAC,DiaMedica Therapeutics Inc.,2834,431944832.96999997,431944832.96999997,53925697.0,8.01,sized,in,2026-10-09,0,
1713334,MSC,STUDIO CITY INTERNATIONAL HOLDINGS Ltd,7011,,,,,"excluded: no domestic filings (foreign filer, fund, or shell)",out,,0,
1957413,DCX,Digital Currency X Technology Inc.,3711,,,,,"excluded: no domestic filings (foreign filer, fund, or shell)",out,,0,
2042292,BDCI,BTC Development Corp.,6770,,,,,excluded: blank-check company (SIC 6770),out,,0,
2042182,OYSE,Oyster Enterprises II Acquisition Corp,6770,,,,,excluded: blank-check company (SIC 6770),out,,0,
1833835,PSFE,Paysafe Ltd,7389,,,,,"excluded: no domestic filings (foreign filer, fund, or shell)",out,,0,
1058239,HIX,WESTERN ASSET HIGH INCOME FUND II INC.,,,,,,"excluded: no domestic filings (foreign filer, fund, or shell)",out,,0,
2075310,BLZR,Trailblazer Acquisition Corp.,6770,,,,,excluded: blank-check company (SIC 6770),out,,0,
2057030,AXIN,Axiom Intelligence Acquisition Corp 1,6770,,,,,excluded: blank-check company (SIC 6770),out,,0,
1538716,OPRT,Oportun Financial Corp,6199,398249610.98,398249610.98,45987253.0,8.66,sized,in,2026-10-09,0,
1913288,BRVMF,Bravo Mining Corp.,,,,,,"excluded: no domestic filings (foreign filer, fund, or shell)",out,,0,
2081909,SBXE,SilverBox Corp V,6770,,,,,excluded: blank-check company (SIC 6770),out,,0,
1750149,IKT,"Inhibikase Therapeutics, Inc.",2836,266513569.0,266513569.0,139535900.0,1.91,sized,in,2026-10-09,0,
1859690,ARQQ,Arqit Quantum Inc.,7372,,,,,"excluded: no domestic filings (foreign filer, fund, or shell)",out,,0,
2117702,SICOF,Silverco Mining Ltd.,,,,,,"excluded: no domestic filings (foreign filer, fund, or shell)",out,,0,
1098972,AGEN,AGENUS INC,2836,340520846.64,339453868.78000003,45020407.0,7.54,sized,in,2026-10-09,0,
1615905,JGH,Nuveen Global High Income Fund,,,,,,"excluded: no domestic filings (foreign filer, fund, or shell)",out,,0,
1423867,WHGOF,White Gold Corp.,,,,,,"excluded: no domestic filings (foreign filer, fund, or shell)",out,,0,
891532,PESI,PERMA FIX ENVIRONMENTAL SERVICES INC,4955,300451850.16,300451850.16,21218351.0,14.16,sized,in,2026-10-09,0,
318306,ABEO,ABEONA THERAPEUTICS INC.,2834,283632724.32,283632724.32,57184017.0,4.96,sized,in,2026-10-09,0,
2009684,SEG,Seaport Entertainment Group Inc.,7990,286421224.96,286421224.96,12809536.0,22.36,sized,in,2026-10-09,0,
895456,RCKY,"ROCKY BRANDS, INC.",3140,340282597.62,340282597.62,7491911.0,45.42,sized,in,2026-10-09,0,
2069856,HCMA,HCM III ACQUISITION CORP.,6770,,,,,excluded: blank-check company (SIC 6770),out,,0,
2028707,MRLN,"Merlin, Inc.",7373,137452186.24,137452186.24,101067784.0,1.36,sized,out,,0,
1729149,VMD,"VIEMED HEALTHCARE, INC.",8090,358410225.48,358410225.48,38088228.0,9.41,sized,in,2026-10-09,0,
2086263,SORN,Soren Acquisition Corp.,6770,,,,,excluded: blank-check company (SIC 6770),out,,0,
2082149,DSAC,Daedalus Special Acquisition Corp.,6770,,,,,excluded: blank-check company (SIC 6770),out,,0,
1768267,CRNC,Cerence Inc.,7372,377220343.38,377220343.38,45230257.0,8.34,sized,in,2026-10-09,0,
1273441,GTE,GRAN TIERRA ENERGY INC.,1311,371140700.21,371140700.21,35380429.0,10.49,sized,in,2026-10-09,0,
1902314,MPTI,"M-tron Industries, Inc.",3679,317466607.04,317466607.04,4346476.0,73.04,sized,in,2026-10-09,0,
1537054,GOGO,Gogo Inc.,4899,306247768.11999995,306247768.11999995,135507862.0,2.26,sized,in,2026-10-09,0,
1766600,SNDL,SNDL Inc.,2833,,,,,"excluded: no domestic filings (foreign filer, fund, or shell)",out,,0,
807882,JACK,JACK IN THE BOX INC,5812,238782658.5,238782658.5,19179330.0,12.45,sized,in,2026-10-09,0,
2135163,ATAC,Albatross Acquisition Corp,6770,,,,,excluded: blank-check company (SIC 6770),out,,0,
839533,KTF,DWS MUNICIPAL INCOME TRUST,,,,,,"excluded: no domestic filings (foreign filer, fund, or shell)",out,,0,
1338561,SPXX,Nuveen S&P 500 Dynamic Overwrite Fund,,,,,,"excluded: no domestic filings (foreign filer, fund, or shell)",out,,0,
733590,TCI,TRANSCONTINENTAL REALTY INVESTORS INC,6798,402549514.20000005,402549514.20000005,8773965.0,45.88,sized,in,2026-10-09,0,
1441236,CLW,Clearwater Paper Corp,2631,314652675.64000005,,,19.51,sized,in,2026-10-09,0,
2092897,AACI,Armada Acquisition Corp. III,6770,,,,,excluded: blank-check company (SIC 6770),out,,0,
2126043,CGCF,Cartesian Growth Corp IV,6770,,,,,excluded: blank-check company (SIC 6770),out,,0,
2102041,IPFX,Inflection Point Acquisition Corp. VI,6770,,,,,excluded: blank-check company (SIC 6770),out,,0,
1612940,PRQR,ProQR Therapeutics N.V.,2834,,,,,"excluded: no domestic filings (foreign filer, fund, or shell)",out,,0,
1370755,TCPC,BlackRock TCP Capital Corp.,,,,,,"excluded: investment company (files 40-17G, N-2)",out,,0,
1189740,HPF,JOHN HANCOCK PREFERRED INCOME FUND II,,,,,,"excluded: no domestic filings (foreign filer, fund, or shell)",out,,0,
1609804,OEC,Orion S.A.,2890,328962108.18,328962108.18,56522699.0,5.82,sized,in,2026-10-09,0,
1903508,PPHC,"Public Policy Holding Company, Inc.",8742,329360209.7,329360209.7,30216533.0,10.9,sized,in,2026-10-09,0,
1539337,JRI,Nuveen Real Asset Income & Growth Fund,,,,,,"excluded: no domestic filings (foreign filer, fund, or shell)",out,,0,
2115404,CAII,Collective Acquisition Corp. II,6770,,,,,excluded: blank-check company (SIC 6770),out,,0,
1852207,BEAG,Bold Eagle Acquisition Corp.,6770,,,,,excluded: blank-check company (SIC 6770),out,,0,
2011674,YDES,YD Bio Ltd,8071,,,,,"excluded: no domestic filings (foreign filer, fund, or shell)",out,,0,
836412,ZTR,Virtus Total Return Fund Inc.,,,,,,"excluded: no domestic filings (foreign filer, fund, or shell)",out,,0,
1644378,RMR,RMR GROUP INC.,8742,302490802.46000004,,,17.71,sized,in,2026-10-09,0,
2060016,AGCC,Agencia Comercial Spirits Ltd.,5180,,,,,"excluded: no domestic filings (foreign filer, fund, or shell)",out,,0,
1762301,FVRR,Fiverr International Ltd.,7389,,,,,"excluded: no domestic filings (foreign filer, fund, or shell)",out,,0,
1866816,OPTX,"SYNTEC OPTICS HOLDINGS, INC.",3827,332711792.28,332711792.28,40279878.0,8.26,sized,in,2026-10-09,0,
1382101,STRO,"SUTRO BIOPHARMA, INC.",2836,254023539.72,254023539.72,16581171.0,15.32,sized,in,2026-10-09,0,
832327,BKT,"BLACKROCK INCOME TRUST, INC.",0000,,,,,"excluded: no domestic filings (foreign filer, fund, or shell)",out,,0,
1833214,SABS,"SAB Biotherapeutics, Inc.",2836,262950603.52,262950603.52,90986368.0,2.89,sized,in,2026-10-09,0,
1675644,FVCB,"FVCBankcorp, Inc.",6022,316680639.79999995,316680639.79999995,18034205.0,17.56,sized,in,2026-10-09,0,
1790340,IMRX,Immuneering Corp,2834,241968283.48000002,97008359.36,25938064.0,3.74,disagree,in,2026-10-09,0,
2050501,BLUW,Blue Water Acquisition Corp. III,6770,,,,,excluded: blank-check company (SIC 6770),out,,0,
1318885,DSX,DIANA SHIPPING INC.,4412,,,,,"excluded: no domestic filings (foreign filer, fund, or shell)",out,,0,
1228627,IRD,"Opus Genetics, Inc.",2834,371053370.58,371053370.58,83195823.0,4.46,sized,in,2026-10-09,0,
1747657,SITKF,Sitka Gold Corp.,,,,,,"excluded: no domestic filings (foreign filer, fund, or shell)",out,,0,
1641614,PMTS,CPI Card Group Inc.,2750,289799550.0,288266725.0,11530669.0,25.0,sized,in,2026-10-09,0,
1720592,RPAY,Repay Holdings Corp,7389,320817225.96000004,,,3.87,sized,in,2026-10-09,0,
1982708,NNNN,Anbio Biotechnology,2835,,,,,"excluded: no domestic filings (foreign filer, fund, or shell)",out,,0,
1854964,NLCP,"NewLake Capital Partners, Inc.",6798,,,20580766.0,,unsized,out,,0,counting failure; never a member
1490078,PHOS,First Phosphate Corp.,1400,,,,,"excluded: no domestic filings (foreign filer, fund, or shell)",out,,0,
786035,ASG,LIBERTY ALL STAR GROWTH FUND INC.,,,,,,"excluded: no domestic filings (foreign filer, fund, or shell)",out,,0,
809708,EMF,TEMPLETON EMERGING MARKETS FUND,,,,,,"excluded: no domestic filings (foreign filer, fund, or shell)",out,,0,
1297107,COSO,"CoastalSouth Bancshares, Inc.",6022,321574597.4,321574597.4,11954446.0,26.9,sized,in,2026-10-09,0,
100378,TWIN,TWIN DISC INC,3560,378302594.32,378302594.32,14538916.0,26.02,sized,in,2026-10-09,0,
1702780,OPTU,"Optimum Communications, Inc.",4841,376396663.408,268967681.7796,272565547.0,0.9868,disagree,in,2026-10-09,0,
1730984,BCML,BayCom Corp,6022,336776408.28,336776408.28,10920117.0,30.84,sized,in,2026-10-09,0,
1584549,VFF,"Village Farms International, Inc.",0100,330173001.90000004,330173001.90000004,122286297.0,2.7,sized,in,2026-10-09,0,
2123969,RREV,RRE Ventures Acquisition Corp.,6770,,,,,excluded: blank-check company (SIC 6770),out,,0,
883569,FOSL,"Fossil Group, Inc.",3873,413966364.0,413966364.0,59138052.0,7.0,sized,in,2026-10-09,0,
2034266,CEPV,"Cantor Equity Partners V, Inc.",6770,,,,,excluded: blank-check company (SIC 6770),out,,0,
1488917,ELMD,"Electromed, Inc.",3845,230380963.0,232579331.4,8366163.0,27.8,sized,in,2026-10-09,0,
1576873,ABAT,AMERICAN BATTERY TECHNOLOGY Co,1400,292284403.9,292284403.9,142577758.0,2.05,sized,in,2026-10-09,0,
320121,TLS,TELOS CORP,7373,326599767.93,326599767.93,74736789.0,4.37,sized,in,2026-10-09,0,
1742518,MTC,"MMTEC, INC.",6211,,,,,"excluded: no domestic filings (foreign filer, fund, or shell)",out,,0,
56868,PNRG,PRIMEENERGY RESOURCES CORP,1311,334719900.0,334719900.0,1582600.0,211.5,sized,in,2026-10-09,0,
826020,BRW,Saba Capital Income & Opportunities Fund,,,,,,"excluded: no domestic filings (foreign filer, fund, or shell)",out,,0,
2025401,FERA,Fifth Era Acquisition Corp I,6770,,,,,excluded: blank-check company (SIC 6770),out,,0,
1814114,OBIO,"Orchestra BioMed Holdings, Inc.",3841,344401930.77000004,344401930.77000004,60105049.0,5.73,sized,in,2026-10-09,0,
37472,FLXS,FLEXSTEEL INDUSTRIES INC,2510,354017431.32,354017431.32,4091741.0,86.52,sized,in,2026-10-09,0,
1396536,DUOT,"DUOS TECHNOLOGIES GROUP, INC.",7372,245485492.2,245485492.2,31472499.0,7.8,sized,in,2026-10-09,0,
2030663,SZZL,Sizzle Acquisition Corp. II,6770,,,,,excluded: blank-check company (SIC 6770),out,,0,
2032528,DRDB,Roman DBDR Acquisition Corp. II,6770,,,,,excluded: blank-check company (SIC 6770),out,,0,
1710482,JMSB,"John Marshall Bancorp, Inc.",6022,323873475.3,323873475.3,14112134.0,22.95,sized,in,2026-10-09,0,
768899,TBI,"TrueBlue, Inc.",7363,278870191.04,278870191.04,30444344.0,9.16,sized,in,2026-10-09,0,
2034313,OBA,Oxley Bridge Acquisition Ltd,6770,,,,,excluded: blank-check company (SIC 6770),out,,0,
2040381,PACH,Pioneer Acquisition I Corp,6770,,,,,excluded: blank-check company (SIC 6770),out,,0,
1487428,HRZN,Horizon Technology Finance Corp,,,,,,"excluded: investment company (files 40-17G, N-2)",out,,0,
778164,ALTO,"Alto Ingredients, Inc.",2860,289330355.8,289327013.71999997,77567564.0,3.73,sized,in,2026-10-09,0,
2077954,EVOX,Evolution Global Acquisition Corp,6770,,,,,excluded: blank-check company (SIC 6770),out,,0,
1287480,BGT,BLACKROCK FLOATING RATE INCOME TRUST,,,,,,"excluded: no domestic filings (foreign filer, fund, or shell)",out,,0,
2068454,KOYN,"CSLM Digital Asset Acquisition Corp III, Ltd",6770,,,,,excluded: blank-check company (SIC 6770),out,,0,
1347178,VNDA,Vanda Pharmaceuticals Inc.,2834,273895972.11,273895972.11,60462687.0,4.53,sized,in,2026-10-09,0,
1530249,FSBW,"FS Bancorp, Inc.",6036,348450399.36,329384999.04,7431972.0,44.32,sized,in,2026-10-09,0,
1892492,ORBS,Eightco Holdings Inc.,6199,392300810.71999997,392300810.71999997,429777400.0,0.9128,sized,in,2026-10-09,0,
933034,STRT,STRATTEC SECURITY CORP,3714,256236335.89999998,256236335.89999998,3985013.0,64.3,sized,in,2026-10-09,0,
727273,CDZI,CADIZ INC,4941,298063304.0,298063304.0,84677075.0,3.52,sized,in,2026-10-09,0,
2031561,ALDF,Aldel Financial II Inc.,6770,,,,,excluded: blank-check company (SIC 6770),out,,0,
825202,FUND,SPROTT FOCUS TRUST INC.,0000,,,,,"excluded: no domestic filings (foreign filer, fund, or shell)",out,,0,
1643303,NNDM,Nano Dimension Ltd.,3672,328908857.16,,210839011.0,1.56,sized,in,2026-10-09,0,ADS: ordinary-share count is not price-comparable; sized on the vendor figure
2087965,CAES,"Cantor Equity Partners VII, Inc.",6770,,,,,excluded: blank-check company (SIC 6770),out,,0,
2124403,VCRE,Vicore Pharma Holding AB,2834,,,,,"excluded: no domestic filings (foreign filer, fund, or shell)",out,,0,
2061473,PMTR,Perimeter Acquisition Corp. I,6770,,,,,excluded: blank-check company (SIC 6770),out,,0,
2080023,VACI,Viking Acquisition Corp I,4899,,,,,unsized,out,,0,counting failure; never a member
1817159,RFMZ,"RiverNorth Flexible Municipal Income Fund II, Inc.",,,,,,"excluded: no domestic filings (foreign filer, fund, or shell)",out,,0,
2122505,IACQ,Irenic Acquisition Corp.,6770,,,,,excluded: blank-check company (SIC 6770),out,,0,
865400,GSVRF,GUANAJUATO SILVER CO LTD,,,,,,"excluded: no domestic filings (foreign filer, fund, or shell)",out,,0,
1519401,RM,Regional Management Corp.,6141,312938932.48,312938932.48,9225794.0,33.92,sized,in,2026-10-09,0,
2046223,CDPMF,Cerro de Pasco Resources Inc.,,,,,,"excluded: no domestic filings (foreign filer, fund, or shell)",out,,0,
2025341,POLE,Andretti Acquisition Corp. II,6770,,,,,excluded: blank-check company (SIC 6770),out,,0,
932781,FCCO,FIRST COMMUNITY CORP /SC/,6022,304927273.64,304927273.64,9399731.0,32.44,sized,in,2026-10-09,0,
1627281,CLLS,Cellectis S.A.,2836,,,,,"excluded: no domestic filings (foreign filer, fund, or shell)",out,,0,
1368493,CAF,"Morgan Stanley China A Share Fund, Inc.",,,,,,"excluded: no domestic filings (foreign filer, fund, or shell)",out,,0,
909112,TEI,TEMPLETON EMERGING MARKETS INCOME FUND,,,,,,"excluded: no domestic filings (foreign filer, fund, or shell)",out,,0,
1510593,XNET,Xunlei Ltd,7372,,,,,"excluded: no domestic filings (foreign filer, fund, or shell)",out,,0,
2082844,SAC,Safeguard Acquisition Corp.,6770,,,,,excluded: blank-check company (SIC 6770),out,,0,
2039058,JACS,Jackson Acquisition Co II,6770,,,,,excluded: blank-check company (SIC 6770),out,,0,
2078653,RNGT,Range Capital Acquisition Corp II,6770,,,,,excluded: blank-check company (SIC 6770),out,,0,
1794776,PSBD,Palmer Square Capital BDC Inc.,,,,,,"excluded: investment company (files 40-17G, N-2)",out,,0,
63330,MLP,MAUI LAND & PINEAPPLE CO INC,6500,301263381.35,301263381.35,19859155.0,15.17,sized,in,2026-10-09,0,
1098151,FDBC,FIDELITY D & D BANCORP INC,6021,328993893.12,328993893.12,5808508.0,56.64,sized,in,2026-10-09,0,
1844450,ELVA,Electrovaya Inc.,3690,,,,,"excluded: no domestic filings (foreign filer, fund, or shell)",out,,0,
1682056,SVRSF,Silver Storm Mining Ltd.,,,,,,"excluded: no domestic filings (foreign filer, fund, or shell)",out,,0,
1826667,TLSI,"TriSalus Life Sciences, Inc.",3841,254303098.0,254303098.0,61574600.0,4.13,sized,in,2026-10-09,0,
1873529,KLC,"KinderCare Learning Companies, Inc.",8351,233478555.01,233478555.01,118517033.0,1.97,sized,in,2026-10-09,0,
1484769,FUBO,FuboTV Inc.,7812,282409989.95,266812471.1083333,28536093.166666664,9.35,sized,in,2026-08-31,0,"cover count 342,433,118 as of 2025-07-31 restated 0.0833333x through the split(s) since"
2053033,PLTS,Platinum Analytics Cayman Ltd,7372,,,,,"excluded: no domestic filings (foreign filer, fund, or shell)",out,,0,
2033991,TVA,Texas Ventures Acquisition III Corp,6770,,,,,excluded: blank-check company (SIC 6770),out,,0,
1987240,SHMD,SCHMID Group N.V.,3590,,,,,"excluded: no domestic filings (foreign filer, fund, or shell)",out,,0,
2028516,ATII,Archimedes Tech SPAC Partners II Co.,6770,,,,,excluded: blank-check company (SIC 6770),out,,0,
65433,MXF,MEXICO FUND INC,,,,,,"excluded: no domestic filings (foreign filer, fund, or shell)",out,,0,
714256,SMTI,Sanara MedTech Inc.,3842,322040626.75,322040626.75,9188035.0,35.05,sized,in,2026-10-09,0,
2088805,CMII,Columbus Circle Capital Corp II,7373,,,,,unsized,out,,0,counting failure; never a member
2083689,AEAQ,Activate Energy Acquisition Corp.,6770,,,,,excluded: blank-check company (SIC 6770),out,,0,
2070954,SMJF,SMJ International Holdings Inc.,5030,,,,,"excluded: no domestic filings (foreign filer, fund, or shell)",out,,0,
1258623,EFR,Eaton Vance Senior Floating-Rate Trust,,,,,,"excluded: no domestic filings (foreign filer, fund, or shell)",out,,0,
2099906,AACO,Abony Acquisition Corp. I,6770,,,,,excluded: blank-check company (SIC 6770),out,,0,
2098242,SVIV,Spring Valley Acquisition Corp. IV,6770,,,,,excluded: blank-check company (SIC 6770),out,,0,
2087450,LEGO,Legato Merger Corp. IV,6770,,,,,excluded: blank-check company (SIC 6770),out,,0,
1053369,ELTP,ELITE PHARMACEUTICALS INC /NV/,2834,,,1077136442.0,,unsized,out,,0,counting failure; never a member
2101135,ILLU,Illumination Acquisition Corp. I,6770,,,,,excluded: blank-check company (SIC 6770),out,,0,
1866030,AZ,A2Z CUST2MATE SOLUTIONS CORP.,3569,,,,,"excluded: no domestic filings (foreign filer, fund, or shell)",out,,0,
1681206,NODK,"NI Holdings, Inc.",6331,303826325.47,303826325.47,20404723.0,14.89,sized,in,2026-10-09,0,
2100125,CAQ,Cambridge Acquisition Corp.,6770,,,,,excluded: blank-check company (SIC 6770),out,,0,
1527590,RC,Ready Capital Corp,6798,218052109.44,218052109.44,165190992.0,1.32,sized,in,2026-10-09,0,
1791145,GBFH,GBank Financial Holdings Inc.,6022,255489643.20000002,255489643.20000002,14516457.0,17.6,sized,in,2026-10-09,0,
1318008,ZUMZ,Zumiez Inc,5600,217848010.73000002,217848010.73000002,15330613.0,14.21,sized,in,2026-10-09,0,
789933,NC,NACCO INDUSTRIES INC,1221,275680768.35,,,36.53,sized,in,2026-10-09,0,
2023676,LPBB,Launch Two Acquisition Corp.,3443,310500000.0,,,10.8,sized,in,2026-10-09,0,
2061379,LWAC,LightWave Acquisition Corp.,6770,,,,,excluded: blank-check company (SIC 6770),out,,0,
2047497,RAC,Rithm Acquisition Corp.,6770,,,,,excluded: blank-check company (SIC 6770),out,,0,
1453687,RNAC,"Cartesian Therapeutics, Inc.",2834,206341500.64000002,206341500.64000002,30255352.0,6.82,sized,in,2026-10-09,0,
2097364,TMTS,Spartacus Acquisition Corp. II,6770,,,,,excluded: blank-check company (SIC 6770),out,,0,
832428,SSP,E.W. SCRIPPS Co,4833,267813383.99,,,2.89,sized,in,2026-10-09,0,
2086264,VHCP,Vine Hill Capital Investment Corp. II,6770,,,,,excluded: blank-check company (SIC 6770),out,,0,
3545,ALCO,"ALICO, INC.",6519,287098310.70000005,287098310.70000005,7418561.0,38.7,sized,in,2026-10-09,0,
2043766,GTERA,Globa Terra Acquisition Corp,6770,,,,,excluded: blank-check company (SIC 6770),out,,0,
2080985,ITHA,ITHAX Acquisition Corp III,6770,,,,,excluded: blank-check company (SIC 6770),out,,0,
1762303,RCEL,"AVITA Medical, Inc.",3841,412254870.51,412254870.51,30926847.0,13.33,sized,in,2026-10-09,0,
1327607,MYFW,First Western Financial Inc,6022,293930382.90000004,293930382.90000004,9765129.0,30.1,sized,in,2026-10-09,0,
1708688,IFRX,InflaRx N.V.,2834,,,,,"excluded: no domestic filings (foreign filer, fund, or shell)",out,,0,
1072627,KWY,KINGSWAY Corp,6331,274555190.0,274555190.0,28931000.0,9.49,sized,in,2026-10-09,0,
1318596,KRYXF,KORYX COPPER INC.,1400,,,,,"excluded: no domestic filings (foreign filer, fund, or shell)",out,,0,
873860,ONIT,ONITY GROUP INC.,6162,229248028.8,229248028.8,8354520.0,27.44,sized,in,2026-10-09,0,
2097461,BORAY,"Bora Pharmaceuticals Co., Ltd./ADR",,,,,,"excluded: no domestic filings (foreign filer, fund, or shell)",out,,0,
39092,FRD,FRIEDMAN INDUSTRIES INC,3310,301855303.35,301855303.35,7212791.0,41.85,sized,in,2026-10-09,0,
842517,ISBA,ISABELLA BANK CORP,6022,293406455.58,293406455.58,7628873.0,38.46,sized,in,2026-10-09,0,
1761612,BCYC,BICYCLE THERAPEUTICS PLC,2834,266672838.51,,30043486.0,3.81,sized,in,2026-10-09,0,ADS: ordinary-share count is not price-comparable; sized on the vendor figure
918541,NNBR,NN INC,3540,375914282.09999996,331149264.64,82580864.0,4.01,sized,in,2026-10-09,0,
1392272,CBNA,CHAIN BRIDGE BANCORP INC,6021,325466123.2,,,49.6,sized,in,2026-10-09,0,
2082542,BIXI,Bitcoin Infrastructure Acquisition Corp Ltd,6770,,,,,excluded: blank-check company (SIC 6770),out,,0,
2058349,EFTY,"ETOILES CAPITAL GROUP CO., LTD",8742,,,,,"excluded: no domestic filings (foreign filer, fund, or shell)",out,,0,
1788999,XPER,Xperi Inc.,7372,256052065.5,256052065.5,48771822.0,5.25,sized,in,2026-10-09,0,
1501072,RIV,"RIVERNORTH OPPORTUNITIES FUND, INC.",,,,,,"excluded: no domestic filings (foreign filer, fund, or shell)",out,,0,
731122,CCFN,MUNCY COLUMBIA FINANCIAL Corp,6022,,,10614047.0,,unsized,out,,0,counting failure; never a member
1921050,TDRRF,Tudor Gold Corp.,,,,,,"excluded: no domestic filings (foreign filer, fund, or shell)",out,,0,
866273,MTRX,MATRIX SERVICE CO,1700,300743120.23,300743120.23,28291921.0,10.63,sized,in,2026-10-09,0,
2060337,JENA,JENA ACQUISITION Corp II,6770,,,,,excluded: blank-check company (SIC 6770),out,,0,
2125750,CLCHF,Clinch Resources Ltd.,,,,,,"excluded: no domestic filings (foreign filer, fund, or shell)",out,,0,
2070602,HVMC,Highview Merger Corp.,6770,,,,,excluded: blank-check company (SIC 6770),out,,0,
2072404,GSRF,GSR IV Acquisition Corp.,6770,,,,,excluded: blank-check company (SIC 6770),out,,0,
1687932,JILL,"J.Jill, Inc.",2330,363697047.19,363697047.19,14862977.0,24.47,sized,in,2026-10-09,0,
1760689,MVST,"Microvast Holdings, Inc.",3690,224529686.37539998,224529686.37539998,384534486.0,0.5839,sized,in,2026-10-09,0,
1885522,NMRA,"Neumora Therapeutics, Inc.",2836,90152458.5776,90152458.5776,187895912.0,0.4798,sized,out,,0,
1903870,AFRI,Forafric Global PLC,2040,,,,,"excluded: no domestic filings (foreign filer, fund, or shell)",out,,0,
2102155,QLEP,Quantum Leap Acquisition Corp,6770,,,,,excluded: blank-check company (SIC 6770),out,,0,
1319947,DBI,Designer Brands Inc.,5661,296004509.16,,,5.79,sized,in,2026-10-09,0,
1703079,XFLT,XAI Floating Rate & Alternative Income Trust,,,,,,"excluded: no domestic filings (foreign filer, fund, or shell)",out,,0,
1378325,CV,"CapsoVision, Inc",3845,352252563.34000003,331310564.06,50046913.0,6.62,sized,in,2026-10-09,0,
2069785,GLOO,"Gloo Holdings, Inc.",7374,349648576.62,,,3.82,sized,in,2026-10-09,0,
1377936,SAR,SARATOGA INVESTMENT CORP.,,,,,,"excluded: investment company (files 40-17G, N-2)",out,,0,
1416090,BSAI,BLUSKY AI INC.,1040,,,25173424.0,,unsized,out,,0,counting failure; never a member
2085408,GPAC,General Purpose Acquisition Corp.,6770,,,,,excluded: blank-check company (SIC 6770),out,,0,
1009829,JAKK,JAKKS PACIFIC INC,3944,320002535.52,320002535.52,11445012.0,27.96,sized,in,2026-10-09,0,
897448,AMRN,AMARIN CORP PLC\UK,2834,253262779.66,,19034.7,11.99,sized,in,2026-10-09,0,ADS: ordinary-share count is not price-comparable; sized on the vendor figure
1570132,ANVI,"ANVI GLOBAL HOLDINGS, INC.",5400,,,,,excluded: no Section 16 filings,out,,0,
2186,BKTI,BK Technologies Corp,3663,276484683.15,276484683.15,3769389.0,73.35,sized,in,2026-10-09,0,
2085659,SVAQ,Silicon Valley Acquisition Corp.,7372,297897919.90500003,,,10.1599,sized,in,2026-10-09,0,
2079013,HCAC,Hall Chadwick Acquisition Corp,3341,295771497.8193,,,,sized,in,2026-10-09,0,
1515324,ARDC,"Ares Dynamic Credit Allocation Fund, Inc.",,,,,,"excluded: no domestic filings (foreign filer, fund, or shell)",out,,0,
2051985,IRHO,Iron Horse Acquisition II Corp.,7389,295252400.0,,29320000.0,,sized,in,2026-10-09,0,
1227857,NCZ,Virtus Convertible & Income Fund II,,,,,,"excluded: no domestic filings (foreign filer, fund, or shell)",out,,0,
700841,RCMT,"RCM TECHNOLOGIES, INC.",7363,297585264.15000004,297585264.15000004,7110759.0,41.85,sized,in,2026-10-09,0,
2043699,NHIC,NewHold Investment Corp. III,6770,,,,,excluded: blank-check company (SIC 6770),out,,0,
2102123,AACP,Apogee Acquisition Corp,6770,,,,,excluded: blank-check company (SIC 6770),out,,0,
1084554,LTBR,LIGHTBRIDGE Corp,2810,211773901.22,225123126.91,37458091.0,6.01,sized,in,2026-10-09,0,
2059654,BACC,Blue Acquisition Corp/Cayman,6770,,,,,excluded: blank-check company (SIC 6770),out,,0,
2044817,MTNE,CH4 Natural Solutions Corp,6770,,,,,excluded: blank-check company (SIC 6770),out,,0,
2095743,REA,"Rare Earths Americas, Inc.",1000,193226629.02,187965662.64,19953892.0,9.42,sized,out,,0,
1913971,BPRN,"Princeton Bancorp, Inc.",6022,297055563.6,297055563.6,6813201.0,43.6,sized,in,2026-10-09,0,
1175680,CYDY,CytoDyn Inc.,2834,,,1381942000.0,,unsized,out,,0,counting failure; never a member
2111542,ACGC,ACP Holdings Acquisition Corp.,6770,,,,,excluded: blank-check company (SIC 6770),out,,0,
2023016,TTRX,Turn Therapeutics Inc.,2834,345888148.56,339285775.6,29788040.0,11.39,sized,in,2026-10-09,0,
1680581,FULC,"Fulcrum Therapeutics, Inc.",2834,286114713.75,286114713.75,76297257.0,3.75,sized,in,2026-10-09,0,
1431567,OVLY,Oak Valley Bancorp,6022,288303503.16,288303503.16,8412708.0,34.27,sized,in,2026-10-09,0,
33992,KINS,"KINGSTONE COMPANIES, INC.",6331,275625572.32,275625572.32,14476133.0,19.04,sized,in,2026-10-09,0,
2083002,ADAC,American Drive Acquisition Co,6770,,,,,excluded: blank-check company (SIC 6770),out,,0,
1831359,JWSMF,Jaws Mustang Acquisition Corp,6770,,,,,excluded: blank-check company (SIC 6770),out,,0,
1072379,NWBO,NORTHWEST BIOTHERAPEUTICS INC,2834,,,1705637993.0,,unsized,out,,0,counting failure; never a member
1356115,NXDT,NEXPOINT DIVERSIFIED REAL ESTATE TRUST,6798,,,,,"excluded: investment company (files 40-17G, N-2)",out,,0,
2095297,KPET,KPET Ultra Paceline Corp,6770,,,,,excluded: blank-check company (SIC 6770),out,,0,
33488,ESCA,ESCALADE INC,3949,258526869.72000003,258526869.72000003,13766074.0,18.78,sized,in,2026-10-09,0,
2090452,FGII,FG Imperii Acquisition Corp.,6770,,,,,excluded: blank-check company (SIC 6770),out,,0,
1314052,AVXL,ANAVEX LIFE SCIENCES CORP.,2836,142753136.68,137596084.78,89348107.0,1.54,sized,out,,0,
1434316,FATE,FATE THERAPEUTICS INC,2836,255217694.82,255217694.82,119820514.0,2.13,sized,in,2026-10-09,0,
1689375,TRDA,"Entrada Therapeutics, Inc.",2834,215319779.57000002,215319779.57000002,38936669.0,5.53,sized,in,2026-10-09,0,
2083728,LPCV,Launchpad Cadenza Acquisition Corp I,6770,,,,,excluded: blank-check company (SIC 6770),out,,0,
899923,MYGN,MYRIAD GENETICS INC,2835,401728509.0,401728509.0,95649645.0,4.2,sized,in,2026-10-09,0,
1901203,UCFI,CN Healthy Food Tech Group Corp.,2000,,,52234983.0,,unsized,out,,0,counting failure; never a member
1114927,FNRN,FIRST NORTHERN COMMUNITY BANCORP,6035,283638741.90000004,283638741.90000004,16395303.0,17.3,sized,in,2026-10-09,0,
913341,CFFI,C & F FINANCIAL CORP,6022,330079153.41,330079153.41,3251691.0,101.51,sized,in,2026-10-09,0,
835333,OIA,Invesco Municipal Income Opportunities Trust,,,,,,"excluded: no domestic filings (foreign filer, fund, or shell)",out,,0,
803016,CFNB,CALIFORNIA FIRST LEASING CORP,6021,,,,,"excluded: investment company (files 40-17G, N-2)",out,,0,
855887,DSM,"BNY MELLON STRATEGIC MUNICIPAL BOND FUND, INC.",,,,,,"excluded: no domestic filings (foreign filer, fund, or shell)",out,,0,
1386067,EOD,ALLSPRING GLOBAL DIVIDEND OPPORTUNITY FUND,,,,,,"excluded: no domestic filings (foreign filer, fund, or shell)",out,,0,
1832928,CRLBF,Cresco Labs Inc.,2833,,,,,"excluded: no domestic filings (foreign filer, fund, or shell)",out,,0,
1023731,EGHT,8X8 INC /DE/,7374,311980682.16,311980682.16,144435501.0,2.16,sized,in,2026-10-09,0,
2104879,SHOT,RMG ML Sports Holdings,6770,,,,,excluded: blank-check company (SIC 6770),out,,0,
898437,ANIK,"Anika Therapeutics, Inc.",3841,257354436.18,257354436.18,13382966.0,19.23,sized,in,2026-10-09,0,
2099656,HLXC,Helix Acquisition Corp. III,6770,,,,,excluded: blank-check company (SIC 6770),out,,0,
1823584,AENT,ALLIANCE ENTERTAINMENT HOLDING CORP,5099,230427927.59999996,230207080.39999998,50930770.0,4.52,sized,in,2026-10-09,0,
2015947,SBXD,SilverBox Corp IV,6770,,,,,excluded: blank-check company (SIC 6770),out,,0,
1464790,RILY,"BRC Group Holdings, Inc.",6282,207430735.8,207430735.8,40199755.0,5.16,sized,in,2026-10-09,0,
1400897,SRV,NXG Cushing Midstream Energy Fund,,,,,,"excluded: no domestic filings (foreign filer, fund, or shell)",out,,0,
2015955,CUB,Lionheart Holdings,6770,,,,,excluded: blank-check company (SIC 6770),out,,0,
1791703,TII,Titan Mining Corp,1040,,,,,"excluded: no domestic filings (foreign filer, fund, or shell)",out,,0,
64472,GENC,GENCOR INDUSTRIES INC,3531,265011252.15999997,217194099.83999997,12012948.0,18.08,sized,in,2026-10-09,0,"cover count 8,008,632 as of 2014-08-04 restated 1.5x through the split(s) since"
1132651,ATLO,AMES NATIONAL CORP,6021,283253895.6,283253895.6,8857220.0,31.98,sized,in,2026-10-09,0,
1826681,PDYN,Palladyne AI Corp.,7372,252613171.20000002,252613171.20000002,49338510.0,5.12,sized,in,2026-10-09,0,
1278027,BGS,"B&G Foods, Inc.",2000,212942258.02,212942258.02,81275671.0,2.62,sized,in,2026-10-09,0,
2128739,JAB,JAB Acquisition Corp I,6770,,,,,excluded: blank-check company (SIC 6770),out,,0,
1872789,EMBC,Embecta Corp.,3841,325792694.25,325792694.25,56659599.0,5.75,sized,in,2026-10-09,0,
1872228,TVAI,Thayer Ventures Acquisition Corp II,6770,,,,,excluded: blank-check company (SIC 6770),out,,0,
1630627,TMCI,"TREACE MEDICAL CONCEPTS, INC.",3841,252008889.0,252008889.0,65034552.0,3.875,sized,in,2026-10-09,0,
1819580,YSG,Yatsen Holding Ltd,2844,,,,,"excluded: no domestic filings (foreign filer, fund, or shell)",out,,0,
64463,SLNH,"Soluna Holdings, Inc",6199,232214291.905,232214291.905,244590575.0,0.9494,sized,in,2026-10-09,0,
763907,FUNC,FIRST UNITED CORP/MD/,6021,280741866.0,280741866.0,6453836.0,43.5,sized,in,2026-10-09,0,
719402,FXNC,FIRST NATIONAL CORP /VA/,6022,271007591.13,271007591.13,9042629.0,29.97,sized,in,2026-10-09,0,
2083493,XCBE,X3 Acquisition Corp. Ltd.,6770,,,,,excluded: blank-check company (SIC 6770),out,,0,
2123475,ISNR,Snow Rothschild Acquisition Corp.,6770,,,,,excluded: blank-check company (SIC 6770),out,,0,
2101470,WLCO,Wilco 63 Corp,6770,,,,,excluded: blank-check company (SIC 6770),out,,0,
1157647,WNEB,"Western New England Bancorp, Inc.",6035,274628446.4,274628446.4,20045872.0,13.7,sized,in,2026-10-09,0,
1074902,LCNB,LCNB CORP,6021,269989472.72,269989472.72,14254988.0,18.94,sized,in,2026-10-09,0,
1651625,ACIU,AC Immune SA,2834,,,,,"excluded: no domestic filings (foreign filer, fund, or shell)",out,,0,
1824893,SRZN,"Surrozen, Inc./DE",2836,328747017.26,328747017.26,11753558.0,27.97,sized,in,2026-10-09,0,
276720,PCYO,PURE CYCLE CORP,4941,265071070.0,265071070.0,24097370.0,11.0,sized,in,2026-10-09,0,
723646,FRAF,FRANKLIN FINANCIAL SERVICES CORP /PA/,6022,284913532.24,284913532.24,4499582.0,63.32,sized,in,2026-10-09,0,
14846,BRT,BRT Apartments Corp.,6798,254273037.81,254273037.81,18793277.0,13.53,sized,in,2026-10-09,0,
1771226,RMM,"RiverNorth Managed Duration Municipal Income Fund, Inc.",,,,,,"excluded: no domestic filings (foreign filer, fund, or shell)",out,,0,
1057379,HCKT,"HACKETT GROUP, INC.",8742,273159045.54,273159045.54,24877873.0,10.98,sized,in,2026-10-09,0,
809559,TSI,TCW STRATEGIC INCOME FUND INC,,,,,,"excluded: no domestic filings (foreign filer, fund, or shell)",out,,0,
946394,ELLO,Ellomay Capital Ltd.,4911,,,,,"excluded: no domestic filings (foreign filer, fund, or shell)",out,,0,
2018064,TTGT,"TechTarget, Inc.",4822,296563906.0,296563906.0,72332660.0,4.1,sized,in,2026-10-09,0,
2029118,INR,"INFINITY NATURAL RESOURCES, INC.",1311,248871073.79999998,,,13.35,sized,in,2026-10-09,0,
1422142,WHWK,"Whitehawk Therapeutics, Inc.",2834,197821264.70000002,197821264.70000002,57009010.0,3.47,sized,out,,0,
1867949,REFI,"Chicago Atlantic Real Estate Finance, Inc.",6798,246987847.44000003,246987847.44000003,25621146.0,9.64,sized,in,2026-10-09,0,
2099767,NHIV,NewHold Investment Corp IV,6770,,,,,excluded: blank-check company (SIC 6770),out,,0,
1835068,NPCT,Nuveen Core Plus Impact Fund,,,,,,"excluded: no domestic filings (foreign filer, fund, or shell)",out,,0,
2088807,XSLL,Xsolla SPAC 1,6770,,,,,excluded: blank-check company (SIC 6770),out,,0,
2067674,SBMT,SILVER BOW MINING CORP.,1040,231208155.0,231208155.0,29528500.0,7.83,sized,in,2026-10-09,0,
1317945,OFLX,"Omega Flex, Inc.",3430,264975952.5,264975952.5,10094322.0,26.25,sized,in,2026-10-09,0,
96664,AMFN,"American Fusion, Inc.",4911,,,1641801029.0,,unsized,out,,0,counting failure; never a member
1832038,IVVD,"Invivyd, Inc.",2836,206449025.69840002,206449025.69840002,294758746.0,0.7004,sized,in,2026-10-09,0,
2027708,CEPO,"Cantor Equity Partners I, Inc.",6770,,,,,excluded: blank-check company (SIC 6770),out,,0,
1810182,ALXO,ALX ONCOLOGY HOLDINGS INC,2834,163166856.45999998,163166856.45999998,138276997.0,1.18,sized,out,,0,
2028027,NTWO,Newbury Street II Acquisition Corp,3620,260939177.5,,,10.82,sized,in,2026-10-09,0,
1636289,ACV,Virtus Diversified Income & Convertible Fund,,,,,,"excluded: no domestic filings (foreign filer, fund, or shell)",out,,0,
829365,NTPIF,NAM TAI PROPERTY INC.,6500,,,,,"excluded: no domestic filings (foreign filer, fund, or shell)",out,,0,
876343,LCTX,"Lineage Cell Therapeutics, Inc.",2836,260494687.92000002,260494687.92000002,252907464.0,1.03,sized,in,2026-10-09,0,
1653384,RWAY,Runway Growth Finance Corp.,,,,,,"excluded: investment company (files 40-17G, N-2)",out,,0,
1404281,ELDN,"Eledon Pharmaceuticals, Inc.",2834,196651987.84,196651987.84,81261152.0,2.42,sized,out,,0,
850429,TG,TREDEGAR CORP,3350,248306684.85999998,249151889.32,34944164.0,7.13,sized,in,2026-10-09,0,
1394056,OSS,"ONE STOP SYSTEMS, INC.",3571,190830688.20000002,190791994.5,24940130.0,7.65,sized,out,,0,
1736730,CAMP,Camp4 Therapeutics Corp,2834,232186840.0,232186840.0,62753200.0,3.7,sized,in,2026-10-09,0,
2093484,MUZE,Muzero Acquisition Corp,6770,,,,,excluded: blank-check company (SIC 6770),out,,0,
1625641,LAW,"CS Disco, Inc.",7372,283050175.40000004,283050175.40000004,64919765.0,4.36,sized,in,2026-10-09,0,
893847,HWBK,"HAWTHORN BANCSHARES, INC.",6021,279825184.53999996,264019940.27999997,6900678.0,38.26,sized,in,2026-10-09,0,
919893,TDF,TEMPLETON DRAGON FUND INC,,,,,,"excluded: no domestic filings (foreign filer, fund, or shell)",out,,0,
1434728,GWRS,"Global Water Resources, Inc.",4941,234970072.32,234970072.32,28795352.0,8.16,sized,in,2026-10-09,0,
1835724,ZH,Zhihu Inc.,7389,,,,,"excluded: no domestic filings (foreign filer, fund, or shell)",out,,0,
1120970,LODE,Comstock Inc.,2860,167944633.87,167944633.87,75993047.0,2.21,sized,out,,0,
1000209,MFIN,MEDALLION FINANCIAL CORP,6199,,,,,"excluded: investment company (files 40-17G, N-2)",out,,0,
1590715,AREC,American Resources Corp,1220,176502598.79999998,176502598.79999998,106971272.0,1.65,sized,out,,0,
2081125,DNMX,Dynamix Corp III,6770,,,,,excluded: blank-check company (SIC 6770),out,,0,
1682149,DVLT,Datavault AI Inc.,7389,137045837.7015,137045837.7015,949728605.0,0.1443,sized,out,,0,
1439725,BDSX,BIODESIX INC,8071,270425154.34,270425154.34,10551118.0,25.63,sized,in,2026-10-09,0,
1837014,SMRT,"SmartRent, Inc.",7373,222269686.83999997,222269686.83999997,191611799.0,1.16,sized,in,2026-10-09,0,
1921158,FUFU,Bitfufu Inc.,6199,,,,,"excluded: no domestic filings (foreign filer, fund, or shell)",out,,0,
1377789,AVNW,"AVIAT NETWORKS, INC.",3663,262573245.02,261407426.38000003,12801539.0,20.42,sized,in,2026-10-09,0,
1621910,PTHRF,Pantheon Resources plc,,,,,,"excluded: no domestic filings (foreign filer, fund, or shell)",out,,0,
27093,USAU,U.S. GOLD CORP.,1000,229583129.07000002,229583129.07000002,16528663.0,13.89,sized,in,2026-10-09,0,
1515964,GORO,Goldgroup Mining Inc.,1040,539195954.55,,,3.19,sized,in,2026-10-09,0,successor issuer: no Form 4s under this CIK; the panel resolves the predecessor
844790,PMM,FRANKLIN MANAGED MUNICIPAL INCOME TRUST,,,,,,"excluded: no domestic filings (foreign filer, fund, or shell)",out,,0,
879911,AERG,"APPLIED ENERGETICS, INC.",3812,,,230105003.0,,unsized,out,,0,counting failure; never a member
1754170,ASLE,AerSale Corp,5080,234815673.96,234815673.96,47726763.0,4.92,sized,in,2026-10-09,0,
1690334,SMHI,SEACOR Marine Holdings Inc.,4412,234698944.9,234698944.9,27132826.0,8.65,sized,in,2026-10-09,0,
1826600,MNTK,"Montauk Renewables, Inc.",4932,390014720.86,390014720.86,142341139.0,2.74,sized,in,2026-10-09,0,
1780652,CAN,Canaan Inc.,6199,,,,,"excluded: no domestic filings (foreign filer, fund, or shell)",out,,0,
796534,NKSH,NATIONAL BANKSHARES INC,6021,273809247.59999996,273809247.59999996,6370620.0,42.98,sized,in,2026-10-09,0,
2029769,OACC,Oaktree Acquisition Corp. III Life Sciences,6770,,,,,excluded: blank-check company (SIC 6770),out,,0,
1547452,TAKOF,Volatus Aerospace Inc.,,,,,,"excluded: no domestic filings (foreign filer, fund, or shell)",out,,0,
1529377,ACRE,Ares Commercial Real Estate Corp,6798,203060873.58,203060873.58,55481113.0,3.66,sized,in,2026-10-09,0,
15847,BUKS,BUTLER NATIONAL CORP,7990,,,63842119.0,,unsized,out,,0,counting failure; never a member
1653087,ALEC,"Alector, Inc.",2836,225546976.38,225546976.38,111656919.0,2.02,sized,in,2026-10-09,0,
1367644,EBS,Emergent BioSolutions Inc.,2834,349171418.15999997,349171418.15999997,51273336.0,6.81,sized,in,2026-10-09,0,
1866874,RLTY,Cohen & Steers Real Estate Opportunities & Income Fund,,,,,,"excluded: no domestic filings (foreign filer, fund, or shell)",out,,0,
1111485,RXST,"RxSight, Inc.",3851,201727291.6,201727291.6,41593256.0,4.85,sized,in,2026-10-09,0,
1717457,CPZ,Calamos Long/Short Equity & Dynamic Income Trust,,,,,,"excluded: no domestic filings (foreign filer, fund, or shell)",out,,0,
2079109,VRXA,Veraxa Biotech AG - Post de-SPAC,2834,,,,,"excluded: no domestic filings (foreign filer, fund, or shell)",out,,0,
2028614,DMAA,Drugs Made In America Acquisition Corp.,6770,,,,,excluded: blank-check company (SIC 6770),out,,0,
748691,KF,KOREA FUND INC,,,,,,"excluded: no domestic filings (foreign filer, fund, or shell)",out,,0,
2083946,WLII,Willow Lane Acquisition Corp. II,6770,,,,,excluded: blank-check company (SIC 6770),out,,0,
1227073,ERC,ALLSPRING MULTI-SECTOR INCOME FUND,,,,,,"excluded: no domestic filings (foreign filer, fund, or shell)",out,,0,
1789299,FXHO,UTime Ltd,3600,,,,,"excluded: no domestic filings (foreign filer, fund, or shell)",out,,0,
1509470,NSLR,Neostellar Capital Corp.,,,,,,"excluded: investment company (files 40-17G, N-2)",out,,0,
1116463,OSUR,ORASURE TECHNOLOGIES INC,3841,261735939.465,261735939.465,68968627.0,3.795,sized,in,2026-10-09,0,
2028935,FACT,FACT II Acquisition Corp.,3728,261212458.92000002,,,10.74,sized,in,2026-10-09,0,
1783432,TETOF,Tectonic Metals Inc.,,,,,,"excluded: no domestic filings (foreign filer, fund, or shell)",out,,0,
1898795,LVWR,"LiveWire Group, Inc.",3751,301956311.79,301956311.79,205412457.0,1.47,sized,in,2026-10-09,0,
1767837,RMBI,"Richmond Mutual Bancorporation, Inc.",6022,246338196.48,257418946.56,16759046.0,15.36,sized,in,2026-10-09,0,
1927958,AIRO,"AIRO Group Holdings, Inc.",3721,194068889.55,194068889.55,31555917.0,6.15,sized,out,,0,
2098780,TRGS,TRG Latin America Acquisitions Corp.,6770,,,,,excluded: blank-check company (SIC 6770),out,,0,
1015383,POWW,Outdoor Holding Co,7389,261137094.75,261034553.25,116015357.0,2.25,sized,in,2026-10-09,0,
1818838,ADAG,Adagene Inc.,2834,,,,,"excluded: no domestic filings (foreign filer, fund, or shell)",out,,0,
1562823,HHLKF,Hot Chili Ltd,,,,,,"excluded: no domestic filings (foreign filer, fund, or shell)",out,,0,
1125345,MGNX,MACROGENICS INC,2834,226135663.85,226135663.85,63700187.0,3.55,sized,in,2026-10-09,0,
922358,FGPR,FERRELLGAS PARTNERS L P,5900,,,,,excluded: not a common-stock listing (vendor type UNIT),out,,0,
2055879,VNME,Vendome Acquisition Corp I,6770,,,,,excluded: blank-check company (SIC 6770),out,,0,
1896084,IONR,ioneer Ltd,1400,,,,,"excluded: no domestic filings (foreign filer, fund, or shell)",out,,0,
1162194,LAB,STANDARD BIOTOOLS INC.,2834,263145575.0024,263145575.0024,392578808.0,0.6703,sized,in,2026-10-09,0,
1803800,TSKFF,Talisker Resources Ltd.,,,,,,"excluded: no domestic filings (foreign filer, fund, or shell)",out,,0,
1683541,ACB,AURORA CANNABIS INC,2833,,,,,"excluded: no domestic filings (foreign filer, fund, or shell)",out,,0,
1562463,INBK,First Internet Bancorp,6022,231090368.04000002,231090368.04000002,8733574.0,26.46,sized,in,2026-10-09,0,
1733968,WRLGF,West Red Lake Gold Mines Ltd.,,,,,,"excluded: no domestic filings (foreign filer, fund, or shell)",out,,0,
1114925,LTRX,LANTRONIX INC,3576,320186302.0,318997280.96,46705312.0,6.83,sized,in,2026-10-09,0,
1386570,NAGE,"Niagen Bioscience, Inc.",2833,210475165.32000002,210475165.32000002,79126002.0,2.66,sized,in,2026-10-09,0,
1342423,LMNR,Limoneira CO,0100,218490684.35000002,218490684.35000002,18132007.0,12.05,sized,in,2026-10-09,0,
1677703,CNDT,CONDUENT Inc,7389,244167656.0,244167656.0,155520800.0,1.57,sized,in,2026-10-09,0,
884144,ASUR,ASURE SOFTWARE INC,7373,212263060.79999998,212263060.79999998,28879328.0,7.35,sized,in,2026-10-09,0,
2120422,PFSTY,Pfisterer Holdings SE/ADR,,,,,,"excluded: no domestic filings (foreign filer, fund, or shell)",out,,0,
1572334,VABK,Virginia National Bankshares Corp,6021,266544104.66000003,266544104.66000003,5425282.0,49.13,sized,in,2026-10-09,0,
1802156,XPOF,"Xponential Fitness, Inc.",7990,209406240.0,,,4.96,sized,in,2026-10-09,0,
275053,NATR,NATURES SUNSHINE PRODUCTS INC,2834,221175686.4,221175686.4,17595520.0,12.57,sized,in,2026-10-09,0,
2105274,IPVV,"InterPrivate Investment Partners V, Inc.",6770,,,,,excluded: blank-check company (SIC 6770),out,,0,
1729173,UXIN,Uxin Ltd,7389,,,,,"excluded: no domestic filings (foreign filer, fund, or shell)",out,,0,
1084869,FLWS,1 800 FLOWERS COM INC,5990,175225312.08,,,2.73,sized,out,,0,
1684693,SLGL,Sol-Gel Technologies Ltd.,2834,,,,,"excluded: no domestic filings (foreign filer, fund, or shell)",out,,0,
2016072,VLOS,Velos Acquisition I Corp.,6770,,,,,excluded: blank-check company (SIC 6770),out,,0,
2036042,SION,"Sionna Therapeutics, Inc.",2834,221540755.10000002,221540755.10000002,45212399.0,4.9,sized,in,2026-10-09,0,
2076739,SCII,SC II Acquisition Corp.,6770,,,,,excluded: blank-check company (SIC 6770),out,,0,
1828805,ALMU,"Aeluma, Inc.",3674,230427031.39,229839455.03,19265671.0,11.93,sized,in,2026-10-09,0,
1476840,EXFY,"Expensify, Inc.",7372,209729327.2,,,2.3,sized,in,2026-10-09,0,
896264,USNA,USANA HEALTH SCIENCES INC,2833,270865988.44,270865988.44,18476534.0,14.66,sized,in,2026-10-09,0,
2058601,BRBI,BRBI BR Partners S.A.,6199,,,,,"excluded: no domestic filings (foreign filer, fund, or shell)",out,,0,
1058811,IMMR,IMMERSION CORP,3577,237091132.73999998,237091132.73999998,33206041.0,7.14,sized,in,2026-10-09,0,
1538847,GLDG,GoldMining Inc.,1040,,,,,"excluded: no domestic filings (foreign filer, fund, or shell)",out,,0,
1450445,NUW,Nuveen AMT-Free Municipal Value Fund,,,,,,"excluded: no domestic filings (foreign filer, fund, or shell)",out,,0,
1628808,PROF,Profound Medical Corp.,3841,252493770.13,252440224.54,36532594.0,6.91,sized,in,2026-10-09,0,
2080216,THEO,BOA Acquisition Corp. II,6770,,,,,excluded: blank-check company (SIC 6770),out,,0,
1377630,NCMI,"National CineMedia, Inc.",7310,207895679.03,207895679.03,94070443.0,2.21,sized,in,2026-10-09,0,
1799788,GLSI,"Greenwich LifeSciences, Inc.",2834,222228069.12,222228069.12,14678208.0,15.14,sized,in,2026-10-09,0,
916183,RCS,"PIMCO STRATEGIC INCOME FUND, INC.",,,,,,"excluded: no domestic filings (foreign filer, fund, or shell)",out,,0,
1551901,SCM,Stellus Capital Investment Corp,,,,,,"excluded: investment company (files 40-17G, N-2)",out,,0,
2083217,QADR,QDRO Acquisition Corp.,6770,,,,,excluded: blank-check company (SIC 6770),out,,0,
2090787,OHAC,Oceanhawk Acquisition Corp.,6770,,,,,excluded: blank-check company (SIC 6770),out,,0,
1782223,PYXS,"Pyxis Oncology, Inc.",2834,165982019.5,165982019.5,83408050.0,1.99,sized,out,,0,
2067592,MKLY,McKinley Acquisition Corp,7372,250016505.31,,,10.27,sized,in,2026-10-09,0,
1432133,KLTR,KALTURA INC,7372,199079346.015,199079346.015,152551223.0,1.305,sized,out,,0,
355948,RELL,"RICHARDSON ELECTRONICS, LTD.",5065,297087119.87,215597997.17999998,10796094.0,19.97,disagree,in,2026-10-09,0,
1655210,BYND,"BEYOND MEAT, INC.",2000,132909349.45,132909356.66466668,17193965.933333334,7.73,sized,kept,2026-08-31,1,"below exit bar, strike 1 of 2"
1407582,CAMVF,Cambria Gold Mines Inc.,,,,,,"excluded: no domestic filings (foreign filer, fund, or shell)",out,,0,
814585,MBI,MBIA INC,6351,233655313.52,233655313.52,51016444.0,4.58,sized,in,2026-10-09,0,
720500,ASYS,AMTECH SYSTEMS INC,3559,283806317.21000004,283806317.21000004,17508101.0,16.21,sized,in,2026-10-09,0,
1517022,AKBA,"Akebia Therapeutics, Inc.",2834,225786168.426,225786168.426,277106245.0,0.8148,sized,in,2026-10-09,0,
1598599,IPHA,Innate Pharma SA,2836,,,,,"excluded: no domestic filings (foreign filer, fund, or shell)",out,,0,
1666291,CMTG,"Claros Mortgage Trust, Inc.",6500,174944415.44,174944415.44,141084206.0,1.24,sized,out,,0,
1383414,PNNT,PENNANTPARK INVESTMENT CORP,,,,,,"excluded: investment company (files 40-17G, N-2)",out,,0,
1888274,DEFT,"Defi Technologies, Inc.",6199,,,,,"excluded: no domestic filings (foreign filer, fund, or shell)",out,,0,
1750777,HWKE,"Hawkeye Digital, Inc.",3861,,,266052926.0,,unsized,out,,0,counting failure; never a member
1734750,MOVE,"Corvex, Inc.",7374,309527817.75,271220062.05,27647305.0,9.81,sized,in,2026-10-09,0,
1371489,III,Information Services Group Inc.,8742,276925002.64,276925002.64,48413462.0,5.72,sized,in,2026-10-09,0,
1140102,HQI,"HireQuest, Inc.",7363,252527799.24,252702000.0,13900000.0,18.18,sized,in,2026-10-09,0,
2064658,MCGA,Yorkville Acquisition Corp.,6199,244065937.5,,,10.35,sized,in,2026-10-09,0,
2081300,SSAC,SPACSphere Acquisition Corp.,7372,236433497.82000002,,18200849.0,,sized,in,2026-10-09,0,
1119774,CGEN,COMPUGEN LTD,2836,,,,,"excluded: no domestic filings (foreign filer, fund, or shell)",out,,0,
2065948,SOCA,Solarius Capital Acquisition Corp.,6770,,,,,excluded: blank-check company (SIC 6770),out,,0,
916793,SILC,SILICOM LTD.,3576,,,,,"excluded: no domestic filings (foreign filer, fund, or shell)",out,,0,
1337298,FF,FutureFuel Corp.,2860,227211987.23999998,227211987.23999998,43863318.0,5.18,sized,in,2026-10-09,0,
2028699,DYNC,Dynamix Corp,6770,,,,,excluded: blank-check company (SIC 6770),out,,0,
1320760,TSSI,"TSS, Inc.",8742,281344127.90000004,281344127.90000004,28219070.0,9.97,sized,in,2026-10-09,0,
809173,MMT,ABERDEEN MULTI-MARKET INCOME FUND,,,,,,"excluded: no domestic filings (foreign filer, fund, or shell)",out,,0,
2075068,IGAC,Invest Green Acquisition Corp,6770,,,,,excluded: blank-check company (SIC 6770),out,,0,
2052162,DAAQ,Digital Asset Acquisition Corp.,6022,240810000.0,,,10.47,sized,in,2026-10-09,0,
1337013,INFU,"InfuSystem Holdings, Inc",3841,267089397.21,267089397.21,19917181.0,13.41,sized,in,2026-10-09,0,
1500881,EU,enCore Energy Corp.,1090,196223780.71,196223780.71,194280971.0,1.01,sized,out,,0,
1758530,SY,So-Young International Inc.,7374,,,,,"excluded: no domestic filings (foreign filer, fund, or shell)",out,,0,
798287,PAMT,PAMT CORP,4213,262511191.495,262511191.495,20942257.0,12.535,sized,in,2026-10-09,0,
1463972,VUZI,Vuzix Corp,3663,214412144.20000002,214412144.20000002,84414230.0,2.54,sized,in,2026-10-09,0,
2098,ACU,ACME UNITED CORP,3420,237466996.62,237466996.62,3833823.0,61.94,sized,in,2026-10-09,0,
2076616,TDWD,Tailwind 2.0 Acquisition Corp.,6770,,,,,excluded: blank-check company (SIC 6770),out,,0,
1876581,IMPP,Imperial Petroleum Inc./Marshall Islands,4412,,,,,"excluded: no domestic filings (foreign filer, fund, or shell)",out,,0,
2111009,AVAC,American Ventures Acquisition Corp. I,6770,,,,,excluded: blank-check company (SIC 6770),out,,0,
2016221,MACI,Melar Acquisition Corp. I/Cayman,7389,105478272.25,,,11.05,sized,out,,0,
1750735,MRBK,Meridian Corp,6021,223073197.6,223073197.6,11929048.0,18.7,sized,in,2026-10-09,0,
1821534,EXOD,"Exodus Movement, Inc.",6199,190582557.98,58687663.089999996,9300739.0,6.31,disagree,out,,0,
1059213,BXSY,BEXIL INVESTMENT TRUST,,,,,,"excluded: no domestic filings (foreign filer, fund, or shell)",out,,0,
1093672,PEBK,PEOPLES BANCORP OF NORTH CAROLINA INC,6022,235468719.75,241670932.5,5461490.0,44.25,sized,in,2026-10-09,0,
2021880,HMH,HMH Holding Inc,3533,223891821.05999997,,,18.74,sized,in,2026-10-09,0,
2052243,TWLV,Twelve Seas Investment Co III/Cayman,6770,,,,,excluded: blank-check company (SIC 6770),out,,0,
1754836,EIC,Eagle Point Income Co Inc.,,,,,,"excluded: no domestic filings (foreign filer, fund, or shell)",out,,0,
935419,RICK,"RCI HOSPITALITY HOLDINGS, INC.",5812,203955260.0,203955260.0,7644500.0,26.68,sized,in,2026-10-09,0,
1320854,RAIL,"FreightCar America, Inc.",3743,202322197.6,202322197.6,32791280.0,6.17,sized,in,2026-10-09,0,
1939801,SMDRF,SIERRA MADRE GOLD & SILVER LTD.,,,,,,"excluded: no domestic filings (foreign filer, fund, or shell)",out,,0,
1357874,DTIL,PRECISION BIOSCIENCES INC,2836,177477992.22,177477992.22,27601554.0,6.43,sized,out,,0,
1598646,NERV,"Minerva Neurosciences, Inc.",2834,153747139.98000002,153747139.98000002,47747559.0,3.22,sized,out,,0,
2076427,LATA,Galata Acquisition Corp. II,6770,,,,,excluded: blank-check company (SIC 6770),out,,0,
925528,HDSN,HUDSON TECHNOLOGIES INC /NY,5080,217597787.99,217597787.99,42088547.0,5.17,sized,in,2026-10-09,0,
2045473,COPL,Copley Acquisition Corp,6770,,,,,excluded: blank-check company (SIC 6770),out,,0,
1086434,AUDC,AUDIOCODES LTD,3661,,,,,"excluded: no domestic filings (foreign filer, fund, or shell)",out,,0,
2105838,SUMA,SUMA Acquisition Corp,6770,,,,,excluded: blank-check company (SIC 6770),out,,0,
2079292,DYOR,Insight Digital Partners II,6770,,,,,excluded: blank-check company (SIC 6770),out,,0,
1930459,PMMCF,Pampa Metals Corp,,,,,,"excluded: no domestic filings (foreign filer, fund, or shell)",out,,0,
2065779,BCAR,D. Boral ARC Acquisition I Corp.,7372,,,,,unsized,out,,0,counting failure; never a member
1021561,NUS,"NU SKIN ENTERPRISES, INC.",5122,232187544.17999998,232187544.17999998,48676634.0,4.77,sized,in,2026-10-09,0,
1701758,LOVE,Lovesac Co,5712,210437887.47,210437887.47,14423433.0,14.59,sized,in,2026-10-09,0,
1498612,PSF,"Cohen & Steers Select Preferred & Income Fund, Inc.",,,,,,"excluded: no domestic filings (foreign filer, fund, or shell)",out,,0,
1069533,RGCO,RGC RESOURCES INC,4923,235586161.16,235586161.16,10419556.0,22.61,sized,in,2026-10-09,0,
2081532,BLRK,Bluerock Acquisition Corp.,6770,,,,,excluded: blank-check company (SIC 6770),out,,0,
2093101,RNA,"Atrium Therapeutics, Inc.",2834,141292611.18,141292611.18,17105643.0,8.26,sized,out,,0,
1843162,LIEN,"Chicago Atlantic BDC, Inc.",,,,,,"excluded: investment company (files 40-17G, N-2)",out,,0,
855950,PNPNF,POWER METALLIC MINES INC.,8880,,,,,"excluded: no domestic filings (foreign filer, fund, or shell)",out,,0,
1945565,BGIN,BGIN BLOCKCHAIN Ltd,6199,,,,,"excluded: no domestic filings (foreign filer, fund, or shell)",out,,0,
1943289,SVCO,"Silvaco Group, Inc.",7372,270747206.42,270747206.42,33885758.0,7.99,sized,in,2026-10-09,0,
318673,SNFCA,SECURITY NATIONAL FINANCIAL CORP,6199,239085471.42,206167185.74707964,22458299.10098907,9.18,sized,in,2026-10-09,0,"cover count 17,596,665 as of 2021-11-01 restated 1.27628x through the split(s) since"
2087087,BIII,Black Spade Acquisition III Co,6770,,,,,excluded: blank-check company (SIC 6770),out,,0,
2033593,SVCC,Stellar V Capital Corp. (Cayman Islands),6770,,,,,excluded: blank-check company (SIC 6770),out,,0,
880641,EFSI,EAGLE FINANCIAL SERVICES INC,6022,247824908.925,247824908.925,5411615.0,45.795,sized,in,2026-10-09,0,
1596961,RDNW,"RideNow Group, Inc.",7371,187643333.27999997,10541754.729999999,2191633.0,4.81,disagree,out,,0,
1722010,OPBK,OP Bancorp,6022,225034508.05,225034508.05,14932615.0,15.07,sized,in,2026-10-09,0,
1412095,TROO,"Troops, Inc. /Cayman Islands/",6159,192402261.45,192402261.45,122160166.0,1.575,sized,out,,0,
2013639,FBLA,"FB Bancorp, Inc. /MD/",6036,250467895.5,275106070.5,15948178.0,17.25,sized,in,2026-10-09,0,
1359931,TARA,"Protara Therapeutics, Inc.",2836,156603043.2,156603043.2,59095488.0,2.65,sized,out,,0,
2070887,CRAC,Crown Reserve Acquisition Corp. I,6770,,,,,excluded: blank-check company (SIC 6770),out,,0,
2077785,IRAB,Iris Acquisition Corp II,6770,,,,,excluded: blank-check company (SIC 6770),out,,0,
2104177,LTGR,Long Table Growth Corp.,6770,,,,,excluded: blank-check company (SIC 6770),out,,0,
1996493,SUGRF,Sucro Ltd,,,,,,"excluded: no domestic filings (foreign filer, fund, or shell)",out,,0,
1280776,IMUX,"IMMUNIC, INC.",2834,103152170.52,103152170.52,13644467.0,7.56,sized,out,,0,
2118032,RACC,Research Alliance Corp III,2834,93714848.7,,,10.3,sized,out,,0,
1879726,SIDU,Sidus Space Inc.,4812,159936015.08,,165740.4,1.58,disagree,out,,0,"sec measure disqualified: 261,870 vs vendor 159,936,015; decided on the vendor figure"
1837821,ZJYL,Jin Medical International Ltd.,3842,,,,,"excluded: no domestic filings (foreign filer, fund, or shell)",out,,0,
706698,UTMD,UTAH MEDICAL PRODUCTS INC,3841,234465804.75,235204554.75,3183818.0,73.875,sized,in,2026-10-09,0,
2106436,MRCO,Mercator Acquisition Corp.,6770,,,,,excluded: blank-check company (SIC 6770),out,,0,
1778129,TSNDF,TerrAscend Corp.,0100,,,,,excluded: not a common-stock listing (vendor type OS),out,,0,
1023313,FORR,"FORRESTER RESEARCH, INC.",8700,221804350.0,221804350.0,19039000.0,11.65,sized,in,2026-10-09,0,
8146,ALOT,"AstroNova, Inc.",3577,,,7747772.0,,unsized,out,,0,counting failure; never a member
1070680,CFBK,CF BANKSHARES INC.,6021,224305924.6,183687597.14999998,5316573.0,34.55,sized,in,2026-10-09,0,
718413,CMTV,COMMUNITY BANCORP /VT,6021,245879597.79999998,245879597.79999998,5600902.0,43.9,sized,in,2026-10-09,0,
2046117,MAGH,Magnitude International Ltd,1731,,,,,"excluded: no domestic filings (foreign filer, fund, or shell)",out,,0,
2111038,DGAC,DISCIPLINED GROWTH ACQUISITION Corp,6770,,,,,excluded: blank-check company (SIC 6770),out,,0,
1026655,CMT,CORE MOLDING TECHNOLOGIES INC,3089,203616272.34,203616272.34,8849034.0,23.01,sized,in,2026-10-09,0,
1493761,TBCH,Turtle Beach Corp,3669,227990621.03,227990621.03,17909711.0,12.73,sized,in,2026-10-09,0,
750558,QNBC,QNB CORP.,6022,286559333.45,229807155.5,4979570.0,46.15,sized,in,2026-10-09,0,
1289945,SPOK,"Spok Holdings, Inc",4812,231354595.22,231354595.22,20918137.0,11.06,sized,in,2026-10-09,0,
1835856,BETR,Better Home & Finance Holding Co,6163,192835576.85,,,10.15,sized,out,,0,
1835597,PEPG,PepGen Inc.,2834,164837650.45999998,164837650.45999998,69259517.0,2.38,sized,out,,0,
2054272,ONCH,1RT Acquisition Corp.,6770,,,,,excluded: blank-check company (SIC 6770),out,,0,
1594204,RBTK,ZHEN DING RESOURCES INC.,1000,,,,,excluded: no Section 16 filings,out,,0,
1126741,GSIT,GSI TECHNOLOGY INC,3674,189280505.75,189280505.75,38432590.0,4.925,sized,out,,0,
1576885,ABOS,"Acumen Pharmaceuticals, Inc.",2836,151866298.5,151866298.5,72317285.0,2.1,sized,out,,0,
1099668,FOTB,"FIRST OTTAWA BANCSHARES, INC.",6022,,,645988.0,,unsized,out,,0,counting failure; never a member
803742,KISB,KISH BANCORP INC,6021,,,,,"excluded: no domestic filings (foreign filer, fund, or shell)",out,,0,
1227636,STIM,"Neuronetics, Inc.",3841,163062055.08,163062055.08,76197222.0,2.14,sized,out,,0,
828803,SABA,Saba Capital Income & Opportunities Fund II,,,,,,"excluded: no domestic filings (foreign filer, fund, or shell)",out,,0,
801961,MFM,ABERDEEN MUNICIPAL INCOME FUND,,,,,,"excluded: no domestic filings (foreign filer, fund, or shell)",out,,0,
918251,MPAA,MOTORCAR PARTS OF AMERICA INC,3714,199745333.85000002,199745333.85000002,18933207.0,10.55,sized,out,,0,
1847409,HITI,High Tide Inc.,5990,,,,,"excluded: no domestic filings (foreign filer, fund, or shell)",out,,0,
1778016,NBP,NovaBridge Biosciences,2834,,,,,"excluded: no domestic filings (foreign filer, fund, or shell)",out,,0,
1792781,CURV,Torrid Holdings Inc.,5600,235337866.6,235337866.6,99719435.0,2.36,sized,in,2026-10-09,0,
1934114,SUJA,"SUJA LIFE, INC.",2080,250495010.99999997,,,10.53,sized,in,2026-10-09,0,
1664710,KROS,"Keros Therapeutics, Inc.",2834,230788468.32000002,230788468.32000002,19827188.0,11.64,sized,in,2026-10-09,0,
2099095,PTAC,Patriot Acquisition Corp./CI,6770,,,,,excluded: blank-check company (SIC 6770),out,,0,
1867066,DERM,Journey Medical Corp,2834,167935150.25,,,5.95,sized,out,,0,
1725569,GARLF,Roxmore Resources Inc.,,,,,,"excluded: no domestic filings (foreign filer, fund, or shell)",out,,0,
1661181,ORGO,Organogenesis Holdings Inc.,2834,164703421.44,164703421.44,128674548.0,1.28,sized,out,,0,
1357971,ESOA,Energy Services of America CORP,1623,195175033.26000002,195175033.26000002,18659181.0,10.46,sized,out,,0,
1616885,RVLGF,Revival Gold Inc.,,,,,,"excluded: no domestic filings (foreign filer, fund, or shell)",out,,0,
2008007,MAMK,MaxsMaking Inc.,2390,,,,,"excluded: no domestic filings (foreign filer, fund, or shell)",out,,0,
2044635,GSHR,Gesher Acquisition Corp. II,6770,,,,,excluded: blank-check company (SIC 6770),out,,0,
1580345,TPVG,TriplePoint Venture Growth BDC Corp.,,,,,,"excluded: investment company (files 40-17G, N-2)",out,,0,
874396,LCUT,"LIFETIME BRANDS, INC",3420,213796174.8,213796174.8,22988836.0,9.3,sized,in,2026-10-09,0,
914122,PPIH,"Perma-Pipe International Holdings, Inc.",3564,255443729.43,255443729.43,8195179.0,31.17,sized,in,2026-10-09,0,
1702123,CRDL,Cardiol Therapeutics Inc.,2836,,,,,"excluded: no domestic filings (foreign filer, fund, or shell)",out,,0,
1616156,WEWA,"WEWARDS, INC.",7370,,,107483450.0,,unsized,out,,0,counting failure; never a member
1722731,FDCT,"FDCTECH, INC.",7372,,,122823068.0,,unsized,out,,0,counting failure; never a member
1823255,MINE,MAYFAIR GOLD CORP.,1000,,,,,"excluded: no domestic filings (foreign filer, fund, or shell)",out,,0,
1880438,ANTX,"AN2 Therapeutics, Inc.",2834,176605589.16,176605589.16,37736237.0,4.68,sized,out,,0,
1010086,SIGA,SIGA TECHNOLOGIES INC,2834,235667068.48,235667068.48,71849716.0,3.28,sized,in,2026-10-09,0,
788920,PDEX,PRO DEX INC,3841,201139487.14000002,199279408.14000002,3203334.0,62.21,sized,in,2026-10-09,0,
1512762,CHRS,"Coherus Oncology, Inc.",2836,165316033.62,165316033.62,154500966.0,1.07,sized,out,,0,
1477081,KGEI,Kolibri Global Energy Inc.,1311,,,,,"excluded: no domestic filings (foreign filer, fund, or shell)",out,,0,
1430306,TNXP,Tonix Pharmaceuticals Holding Corp.,2834,124859454.72,124859454.72,17151024.0,7.28,sized,out,,0,
1514281,MITT,"TPG Mortgage Investment Trust, Inc.",6798,180961772.75,180961772.75,31803475.0,5.69,sized,out,,0,
894671,OVBC,OHIO VALLEY BANC CORP,6022,214821645.6,214821645.6,4711001.0,45.6,sized,in,2026-10-09,0,
2082526,AESP,Aeon Acquisition I Corp.,6770,,,,,excluded: blank-check company (SIC 6770),out,,0,
2052547,EGHA,EGH Acquisition Corp.,6770,,,,,excluded: blank-check company (SIC 6770),out,,0,
2041047,CCAQ,COLLECTIVE ACQUISITION CORP.,6770,,,,,excluded: blank-check company (SIC 6770),out,,0,
1991413,PSRHF,Pulsar Helium Inc.,,,,,,"excluded: no domestic filings (foreign filer, fund, or shell)",out,,0,
2090441,IDAC,Iron Dome Acquisition I Corp.,6770,,,,,excluded: blank-check company (SIC 6770),out,,0,
1766478,AOMR,"Angel Oak Mortgage REIT, Inc.",6500,168772155.79,168772155.79,23214877.0,7.27,sized,out,,0,
1708259,LX,LexinFintech Holdings Ltd.,6199,,,,,"excluded: no domestic filings (foreign filer, fund, or shell)",out,,0,
2066836,CNXU,Conexeu Sciences Inc.,3842,97313108.10000001,97313108.10000001,28206698.0,3.45,sized,out,,0,
1674335,JELD,"JELD-WEN Holding, Inc.",2430,150968284.68,150968284.68,86763382.0,1.74,sized,out,,0,
1751912,NGEN,NERVGEN PHARMA CORP.,2834,,,,,"excluded: no domestic filings (foreign filer, fund, or shell)",out,,0,
2042460,HAVA,Harvard Ave Acquisition Corp,6770,,,,,excluded: blank-check company (SIC 6770),out,,0,
1947016,FJET,"Starfighters Space, Inc.",4512,92393311.92,92393311.92,54996019.0,1.68,sized,out,,0,
2101562,PALO,PALOMA ACQUISITION CORP I,6770,,,,,excluded: blank-check company (SIC 6770),out,,0,
1075736,CXDO,"Crexendo, Inc.",4813,196862436.8,196862436.8,33253790.0,5.92,sized,out,,0,
2094073,CTAA,Clearthink 1 Acquisition Corp.,6770,,,,,excluded: blank-check company (SIC 6770),out,,0,
1070296,FCAP,FIRST CAPITAL INC,6035,214423908.75,214423908.75,3344625.0,64.11,sized,in,2026-10-09,0,
1941131,TORO,TORO CORP.,4412,,,,,"excluded: no domestic filings (foreign filer, fund, or shell)",out,,0,
2089283,NUCL,Eagle Nuclear Energy Corp.,1090,178957777.9,178957777.9,29579798.0,6.05,sized,out,,0,
1926599,TDAC,Translational Development Acquisition Corp.,6770,,,,,excluded: blank-check company (SIC 6770),out,,0,
1979408,STLRF,STLLR Gold Inc.,,,,,,"excluded: no domestic filings (foreign filer, fund, or shell)",out,,0,
1769256,XHG,XChange TEC.INC,6411,,,,,"excluded: no domestic filings (foreign filer, fund, or shell)",out,,0,
1640266,VYGR,"Voyager Therapeutics, Inc.",2836,146034536.76000002,146034536.76000002,61617948.0,2.37,sized,out,,0,
1852551,NVA,Nova Minerals Corp,1040,2530633932.8,195555164.16,38194368.0,5.12,disagree,in,2026-08-31,0,
1655923,ACOG,Alpha Cognition Inc.,2836,196871926.71999997,196871926.71999997,21777868.0,9.04,sized,out,,0,
716634,RDIB,READING INTERNATIONAL INC,7830,283835285.7873,,,12.3999,sized,in,2026-10-09,0,
2068577,BRCB,"Black Rock Coffee Bar, Inc.",5810,159006824.12,,,7.16,sized,out,,0,
1595097,CRBP,"Corbus Pharmaceuticals Holdings, Inc.",2834,101928614.10999998,101928614.10999998,19341293.0,5.27,sized,out,,0,
1588871,OAKC,"Oakworth Capital, Inc.",,,,,,"excluded: no domestic filings (foreign filer, fund, or shell)",out,,0,
1759824,ALTG,ALTA EQUIPMENT GROUP INC.,5084,206454631.04000002,206454631.04000002,32666872.0,6.32,sized,in,2026-10-09,0,
1010134,ICTSF,ICTS INTERNATIONAL N V,7389,,,,,"excluded: no domestic filings (foreign filer, fund, or shell)",out,,0,
2096755,TVIV,Texas Ventures Acquisition IV Corp,6770,,,,,excluded: blank-check company (SIC 6770),out,,0,
897421,NPV,NUVEEN VIRGINIA QUALITY MUNICIPAL INCOME FUND,,,,,,"excluded: no domestic filings (foreign filer, fund, or shell)",out,,0,
95574,SGC,"SUPERIOR GROUP OF COMPANIES, INC.",2300,209201037.11999997,209201037.11999997,15945201.0,13.12,sized,in,2026-10-09,0,
874501,OSG,OCTAVE SPECIALTY GROUP INC,6351,214895588.21999997,214895588.21999997,45051486.0,4.77,sized,in,2026-10-09,0,
882508,QUIK,QUICKLOGIC Corp,3674,196183006.11,196183006.11,18317741.0,10.71,sized,out,,0,
1043337,SRI,STONERIDGE INC,3714,185113452.26000002,185113452.26000002,28522874.0,6.49,sized,out,,0,
1009759,CEPL,"Capstone Energy Plus, Inc.",3510,139356119.07000002,64784839.95,15315565.0,4.23,disagree,out,,0,
1482436,AGXPF,SILVER X MINING CORP.,,,,,,"excluded: no domestic filings (foreign filer, fund, or shell)",out,,0,
1421642,MSLE,Satellos Bioscience Inc.,2834,,,,,"excluded: no domestic filings (foreign filer, fund, or shell)",out,,0,
1367859,CZWI,Citizens Community Bancorp Inc.,6035,206611445.71,206611445.71,9650231.0,21.41,sized,in,2026-10-09,0,
1716410,GLATF,Global Atomic Corp,,,,,,"excluded: no domestic filings (foreign filer, fund, or shell)",out,,0,
2086524,KTWO,K2 Capital Acquisition Corp,6770,,,,,excluded: blank-check company (SIC 6770),out,,0,
889609,CPSS,"CONSUMER PORTFOLIO SERVICES, INC.",6199,206346842.7,203045405.88,21554714.0,9.42,sized,in,2026-10-09,0,
1772921,ONEW,OneWater Marine Inc.,5531,160323254.78,,,9.62,sized,out,,0,
1621672,SLE,"Super League Enterprise, Inc.",7373,9528423.209999999,8085722.399999999,1695120.0,4.77,sized,out,,0,
2059033,FIGX,FIGX Capital Acquisition Corp.,6770,,,,,excluded: blank-check company (SIC 6770),out,,0,
2079933,BEBE,TGE Value Creative Solutions Corp,6770,,,,,excluded: blank-check company (SIC 6770),out,,0,
1417802,IDE,"Voya Infrastructure, Industrials & Materials Fund",,,,,,"excluded: no domestic filings (foreign filer, fund, or shell)",out,,0,
1529628,SND,"Smart Sand, Inc.",1400,224715023.29999998,224715023.29999998,42399061.0,5.3,sized,in,2026-10-09,0,
1751783,RBKB,"Rhinebeck Bancorp, Inc.",6036,202485759.7,202485759.7,15635966.0,12.95,sized,in,2026-10-09,0,
1176309,ORMP,ORAMED PHARMACEUTICALS INC.,2834,174708886.8,174708886.8,41597354.0,4.2,sized,out,,0,
1578987,BANX,ArrowMark Financial Corp.,,,,,,"excluded: no domestic filings (foreign filer, fund, or shell)",out,,0,
2136530,MIAC,Meridian3 Industrials Acquisition Corp,6770,,,,,excluded: blank-check company (SIC 6770),out,,0,
1819142,SES,SES AI Corp,3690,290458133.02,,,0.7823,sized,in,2026-10-09,0,
2085932,ETSS,Energy Transition Special Opportunities,6770,,,,,excluded: blank-check company (SIC 6770),out,,0,
2101393,APMC,AmperCap Acquisition Co,6770,,,,,excluded: blank-check company (SIC 6770),out,,0,
1533924,AMPY,Amplify Energy Corp.,1311,189870541.0,189870541.0,41456450.0,4.58,sized,out,,0,
1705110,ANGI,Angi Inc.,7310,254693256.28,,,6.28,sized,in,2026-10-09,0,
1066194,EGAN,EGAIN Corp,7372,138970489.76999998,138970489.76999998,26171467.0,5.31,sized,out,,0,
2084563,LFAC,Leapfrog Acquisition Corp,6770,,,,,excluded: blank-check company (SIC 6770),out,,0,
1563696,ETX,Eaton Vance Municipal Income 2028 Term Trust,,,,,,"excluded: no domestic filings (foreign filer, fund, or shell)",out,,0,
1725033,XYF,X Financial,6199,,,,,"excluded: no domestic filings (foreign filer, fund, or shell)",out,,0,
2073553,AIIA,AI Infrastructure Acquisition Corp.,6770,,,,,excluded: blank-check company (SIC 6770),out,,0,
1393584,AMWL,American Well Corp,7389,213119737.73999998,,,12.53,sized,in,2026-10-09,0,
1843973,FLYX,FLYEXCLUSIVE INC.,4522,68318789.88000001,,,1.31,sized,out,,0,
1856365,FINW,Finwise Bancorp,6022,150210597.6,150210597.6,13882680.0,10.82,sized,out,,0,
1549346,SSTK,"Shutterstock, Inc.",7374,163678240.11999997,163678240.11999997,36947684.0,4.43,sized,out,,0,
24090,CIA,"CITIZENS, INC.",6311,178770171.23999998,178770171.23999998,50643108.0,3.53,sized,out,,0,
1141240,LQMT,LIQUIDMETAL TECHNOLOGIES INC,2800,,,917285149.0,,unsized,out,,0,counting failure; never a member
1759186,ZSQR,Z Squared Inc.,6199,262351965.15,262351965.15,53000397.0,4.95,sized,in,2026-10-09,0,
2076163,BRR,"ProCap Financial, Inc.",6199,,,88369575.0,,unsized,out,,0,counting failure; never a member
1141688,LARK,LANDMARK BANCORP INC,6021,192166821.0,192166821.0,6100534.0,31.5,sized,out,,0,
1649739,BAFN,BayFirst Financial Corp.,6022,181190116.79999998,181190116.79999998,26962815.0,6.72,sized,out,,0,
1703647,KRRO,"Korro Bio, Inc.",2834,155797334.68,155797334.68,14725646.0,10.58,sized,out,,0,
1807046,OZ,"Belpointe PREP, LLC",6500,162754689.9,,,,excluded: not a common-stock listing (vendor type UNIT),out,,0,
880417,CSBB,"CSB Bancorp, Inc.",6022,,,2627015.0,,unsized,out,,0,counting failure; never a member
1397616,SSVFF,SOUTHERN SILVER EXPLORATION CORP,,,,,,"excluded: no domestic filings (foreign filer, fund, or shell)",out,,0,
1828588,HNVR,"Hanover Bancorp, Inc. /MD",6022,175468394.88,175468394.88,7055424.0,24.87,sized,out,,0,
1565381,DMB,"BNY Mellon Municipal Bond Infrastructure Fund, Inc.",,,,,,"excluded: no domestic filings (foreign filer, fund, or shell)",out,,0,
921114,ARMP,"Armata Pharmaceuticals, Inc.",2836,143522438.94,143522438.94,37181979.0,3.86,sized,out,,0,
1171759,RRGB,RED ROBIN GOURMET BURGERS INC,5812,159547666.88,159547666.88,18903752.0,8.44,sized,out,,0,
1848739,GDEV,GDEV Inc.,7371,,,,,"excluded: no domestic filings (foreign filer, fund, or shell)",out,,0,
746514,NEN,NEW ENGLAND REALTY ASSOCIATES LIMITED PARTNERSHIP,6513,172523945.5,,3108860.0,,sized,out,,0,
1006281,PLX,"Protalix BioTherapeutics, Inc.",2836,217543433.4,217543433.4,80571642.0,2.7,sized,in,2026-10-09,0,
746838,UIS,UNISYS CORP,7373,168435856.05,168435856.05,72915955.0,2.31,sized,out,,0,
1899830,PERF,Perfect Corp.,7372,,,,,"excluded: no domestic filings (foreign filer, fund, or shell)",out,,0,
1985273,TOYO,"TOYO Co., Ltd",3674,,,,,"excluded: no domestic filings (foreign filer, fund, or shell)",out,,0,
804563,BMBN,BENCHMARK BANKSHARES INC,6022,,,,,unsized,out,,0,counting failure; never a member
1580110,LBCMF,Copper Giant Resources Corp.,,,,,,"excluded: no domestic filings (foreign filer, fund, or shell)",out,,0,
1725262,TYFG,"Tri-County Financial Group, Inc.",6022,,,,,excluded: no Section 16 filings,out,,0,
1620459,JRVR,"James River Group Holdings, Inc.",6331,167421517.56,167385288.6,46239030.0,3.62,sized,out,,0,
1605301,CBFV,"CB Financial Services, Inc.",6022,190864295.04000002,190864295.04000002,5081584.0,37.56,sized,out,,0,
1863006,VLN,Valens Semiconductor Ltd.,3674,,,,,"excluded: no domestic filings (foreign filer, fund, or shell)",out,,0,
1870940,AIRS,"Airsculpt Technologies, Inc.",8011,119317570.895,119317570.895,72095209.0,1.655,sized,out,,0,
2094919,BID,Tribeca Strategic Acquisition Corp.,6770,,,,,excluded: blank-check company (SIC 6770),out,,0,
2012219,OMSE,OMS Energy Technologies Inc.,3533,,,,,"excluded: no domestic filings (foreign filer, fund, or shell)",out,,0,
919864,FNWD,Finward Bancorp,6035,180338384.52,180426203.28,4333002.0,41.64,sized,out,,0,
65312,EVI,"EVI INDUSTRIES, INC.",7200,245464819.92,245464819.92,12878532.0,19.06,sized,in,2026-10-09,0,
1930147,SPMC,"Sound Point Meridian Capital, Inc.",,,,,,"excluded: no domestic filings (foreign filer, fund, or shell)",out,,0,
1119769,CRNT,CERAGON NETWORKS LTD,3663,,,,,"excluded: no domestic filings (foreign filer, fund, or shell)",out,,0,
2022059,AGMRF,"Silver Mountain Resources, Inc.",,,,,,"excluded: no domestic filings (foreign filer, fund, or shell)",out,,0,
1999124,HWAIF,Healwell AI Inc.,,,,,,"excluded: no domestic filings (foreign filer, fund, or shell)",out,,0,
1274737,XGN,EXAGEN INC.,8071,197921019.63,197921019.63,24225339.0,8.17,sized,out,,0,
1799011,LUCD,Lucid Diagnostics Inc.,3841,124135769.373,132128904.897,203243970.0,0.6501,sized,out,,0,
1846416,HVII,Hennessy Capital Investment Corp. VII,4911,,,,,unsized,out,,0,counting failure; never a member
1261166,NRO,NEUBERGER REAL ESTATE SECURITIES INCOME FUND INC,,,,,,"excluded: no domestic filings (foreign filer, fund, or shell)",out,,0,
1678130,OPP,"RiverNorth/DoubleLine Strategic Opportunity Fund, Inc.",,,,,,"excluded: no domestic filings (foreign filer, fund, or shell)",out,,0,
2084026,QMLS,"QumulusAI, Inc.",7374,189040609.75,189040609.75,33458515.0,5.65,sized,out,,0,
96536,TAYD,"TAYLOR DEVICES, INC.",3569,189334686.29999998,189050379.29999998,3225015.0,58.62,sized,out,,0,
1626450,CMRC,"Commerce.com, Inc.",7372,266805951.02,266805951.02,82858991.0,3.22,sized,in,2026-10-09,0,
1843714,ZPTA,"Zapata Quantum, Inc.",7372,,,187328921.0,,unsized,out,,0,counting failure; never a member
1893657,RLEA,Rubber Leaf Inc,3714,,,41109458.0,,unsized,out,,0,counting failure; never a member
1818382,HUMA,"Humacyte, Inc.",2836,124203532.7455,124203532.7455,277798105.0,0.4471,sized,out,,0,
1254370,WIA,WESTERN ASSET INFLATION-LINKED INCOME FUND,,,,,,"excluded: no domestic filings (foreign filer, fund, or shell)",out,,0,
1828937,FOA,Finance of America Companies Inc.,6162,120294325.80000001,81749024.95500001,6264293.100000001,13.05,disagree,kept,2026-08-31,1,"below exit bar, strike 1 of 2"
1919182,UTKN,Universal Token,6199,,,101561000.0,,unsized,out,,0,counting failure; never a member
832480,UTGN,UTG INC,6311,,,3132727.0,,unsized,out,,0,counting failure; never a member
1620749,PHCI,Panamera Holdings Corp,8742,,,79886074.0,,unsized,out,,0,counting failure; never a member
1200375,CDXS,"CODEXIS, INC.",2860,148927840.4,148927840.4,109505765.0,1.36,sized,out,,0,
1299969,CHCI,"Comstock Holding Companies, Inc.",6500,190730209.6,153894732.6,8296212.0,18.55,sized,out,,0,
1165002,WHG,WESTWOOD HOLDINGS GROUP INC,6282,183228518.4,183228518.4,9543152.0,19.2,sized,out,,0,
786298,FGFH,FORESIGHT FINANCIAL GROUP INC,6022,,,,,"excluded: no domestic filings (foreign filer, fund, or shell)",out,,0,
58361,LEE,"LEE ENTERPRISES, Inc",2711,167190330.0,167190330.0,22292044.0,7.5,sized,out,,0,
1787400,NKTX,"Nkarta, Inc.",2834,159007036.02,159007036.02,71624791.0,2.22,sized,out,,0,
1478454,EBMT,"Eagle Bancorp Montana, Inc.",6022,166158890.66,166158890.66,7965431.0,20.86,sized,out,,0,
2131040,RVII,Robinhood Ventures Fund II,,,,,,"excluded: investment company (files 40-17G, N-2)",out,,0,
1819516,UP,Wheels Up Experience Inc.,4522,141113021.49,141113021.49,36275841.0,3.89,sized,out,,0,
1393883,DHX,"DHI GROUP, INC.",7389,215818224.29999998,215818224.29999998,43424190.0,4.97,sized,in,2026-10-09,0,
1748137,NEOV,NeoVolta Inc.,3690,153434442.20000002,153434442.20000002,59013247.0,2.6,sized,out,,0,
1914605,ECBK,"ECB Bancorp, Inc. /MD/",6036,181918955.64000002,181918955.64000002,8737702.0,20.82,sized,out,,0,
1302387,BVFL,"BV Financial, Inc.",6035,182710928.28,182710928.28,8470604.0,21.57,sized,out,,0,
847538,CPKF,CHESAPEAKE FINANCIAL SHARES INC,6021,,,,,excluded: no Section 16 filings,out,,0,
1794276,ZHJD,Intelligent Hotel Group Ltd.,2870,,,,,excluded: no Section 16 filings,out,,0,
1175596,AXREF,AMARC RESOURCES LTD,1040,,,,,"excluded: no domestic filings (foreign filer, fund, or shell)",out,,0,
1644540,SRGXF,Surge Copper Corp,,,,,,"excluded: no domestic filings (foreign filer, fund, or shell)",out,,0,
1834526,GPAT,GP-Act III Acquisition Corp.,6770,,,,,excluded: blank-check company (SIC 6770),out,,0,
1693577,MNSB,"MainStreet Bancshares, Inc.",6022,177457213.92000002,177457213.92000002,7121076.0,24.92,sized,out,,0,
1852767,MRT,"Marti Technologies, Inc.",7510,160273978.55,159179043.1,86042726.0,1.85,sized,out,,0,
2073515,ARCL,ARC Group Acquisition I Corp.,6770,,,,,excluded: blank-check company (SIC 6770),out,,0,
1505952,DOMO,"DOMO, INC.",7372,,,,,unsized,out,,0,counting failure; never a member
1437925,MRDN,Meridian Holdings Inc./NV,7372,137467817.72,137337152.35999998,12669479.0,10.84,sized,out,,0,
1420520,ATOM,Atomera Inc,3674,161169293.46,161169293.46,39024042.0,4.13,sized,out,,0,
2047177,CHEC,Chenghe Acquisition III Co.,6770,,,,,excluded: blank-check company (SIC 6770),out,,0,
1619856,CRBU,"Caribou Biosciences, Inc.",2836,51588255.255600005,51588255.255600005,107207513.0,0.4812,sized,out,,0,
1620737,OGI,ORGANIGRAM GLOBAL INC.,2834,,,,,"excluded: no domestic filings (foreign filer, fund, or shell)",out,,0,
1622148,HGLB,HIGHLAND GLOBAL ALLOCATION FUND,,,,,,"excluded: no domestic filings (foreign filer, fund, or shell)",out,,0,
2087446,PAAC,Proem Acquisition Corp. I,6770,,,,,excluded: blank-check company (SIC 6770),out,,0,
1530766,STEX,Streamex Corp.,6200,58908207.9186,58908207.9186,116465417.0,0.5058,sized,out,,0,
2082847,BWIV,Blue Water Acquisition Corp. IV,6770,,,,,excluded: blank-check company (SIC 6770),out,,0,
1452477,SEVN,Seven Hills Realty Trust,6798,,,,,"excluded: investment company (files 40-17G, N-2)",out,,0,
1878897,DOUG,Douglas Elliman Inc.,6531,141789137.88,141789137.88,90890473.0,1.56,sized,out,,0,
1845437,NPWR,Net Power Inc.,3620,109716044.44,,,1.24,sized,out,,0,
6176,AP,AMPCO PITTSBURGH CORP,3561,184894657.95,184894657.95,20658621.0,8.95,sized,out,,0,
1785476,TBXXF,King Copper Discovery Corp.,,,,,,"excluded: no domestic filings (foreign filer, fund, or shell)",out,,0,
2097986,FTHA,Forefront Tech Holdings Acquisition Corp,6770,,,,,excluded: blank-check company (SIC 6770),out,,0,
767405,SBFG,"SB FINANCIAL GROUP, INC.",6022,184119349.44,184119349.44,6252992.0,29.445,sized,out,,0,
1384831,SNNGF,PPX Mining Corp.,,,,,,"excluded: no domestic filings (foreign filer, fund, or shell)",out,,0,
2108164,PONO,"Pono Capital Four, Inc.",6770,,,,,excluded: blank-check company (SIC 6770),out,,0,
1419275,RTB,"RTB Digital, Inc.",8742,120923345.39999999,117108627.24,14008209.0,8.36,sized,out,,0,
1245648,FLC,FLAHERTY & CRUMRINE TOTAL RETURN FUND INC,,,,,,"excluded: no domestic filings (foreign filer, fund, or shell)",out,,0,
1228509,EHI,WESTERN ASSET GLOBAL HIGH INCOME FUND INC.,,,,,,"excluded: no domestic filings (foreign filer, fund, or shell)",out,,0,
831655,MPV,BARINGS PARTICIPATION INVESTORS,,,,,,"excluded: no domestic filings (foreign filer, fund, or shell)",out,,0,
921671,GGT,GABELLI MULTIMEDIA TRUST INC.,,,,,,"excluded: no domestic filings (foreign filer, fund, or shell)",out,,0,
2007599,LAWR,"Robot Consulting Co., Ltd.",7370,,,,,"excluded: no domestic filings (foreign filer, fund, or shell)",out,,0,
2047148,CTW,CTW,7374,,,,,"excluded: no domestic filings (foreign filer, fund, or shell)",out,,0,
1455632,NXPGY,Mobico Group PLC/ADR,,,,,,"excluded: no domestic filings (foreign filer, fund, or shell)",out,,0,
1851961,GCTS,"GCT Semiconductor Holding, Inc.",3674,193136424.6,193136424.6,91969726.0,2.1,sized,out,,0,
1861657,CNTN,"Canton Strategic Holdings, Inc.",6199,165737230.88,165737230.88,79681361.0,2.08,sized,out,,0,
2020385,TAVI,Tavia Acquisition Corp.,6770,,,,,excluded: blank-check company (SIC 6770),out,,0,
793040,ECF,ELLSWORTH GROWTH & INCOME FUND LTD,0000,,,,,"excluded: no domestic filings (foreign filer, fund, or shell)",out,,0,
1005286,LFCR,"LIFECORE BIOMEDICAL, INC. DE",2834,243734589.78,243395175.79999998,37853060.0,6.43,sized,in,2026-10-09,0,
1057861,DHF,BNY MELLON HIGH YIELD STRATEGIES FUND,,,,,,"excluded: no domestic filings (foreign filer, fund, or shell)",out,,0,
1952976,NLOP,Net Lease Office Properties,6798,143548386.75,143548386.75,14814075.0,9.69,sized,out,,0,
1514860,GCUMF,Gunnison Copper Corp.,,,,,,"excluded: no domestic filings (foreign filer, fund, or shell)",out,,0,
2025947,TGMPF,Tantalus Systems Holding Inc.,,,,,,"excluded: no domestic filings (foreign filer, fund, or shell)",out,,0,
1509745,CYPH,CYPHERPUNK TECHNOLOGIES INC.,2834,302817913.42,302817913.42,107764382.0,2.81,sized,in,2026-10-09,0,
1016838,RDCM,RADCOM LTD,3577,,,,,"excluded: no domestic filings (foreign filer, fund, or shell)",out,,0,
1840199,WALD,Waldencast plc,2844,,,,,unsized,out,,0,counting failure; never a member
1726126,EPSN,Epsilon Energy Ltd.,1311,183822538.53,183822538.53,30283779.0,6.07,sized,out,,0,
1645460,CUE,"Cue Biopharma, Inc.",2834,162214364.61999997,162214364.61999997,7264414.0,22.33,sized,out,,0,
1776909,CURI,CuriosityStream Inc.,7812,174453802.32,174453802.32,59338028.0,2.94,sized,out,,0,
1583962,KTGDF,K2 Gold Corp,,,,,,"excluded: no domestic filings (foreign filer, fund, or shell)",out,,0,
2093667,MRUWY,"Maruwa Co., Ltd./ADR",,,,,,"excluded: no domestic filings (foreign filer, fund, or shell)",out,,0,
1816431,QSI,Quantum-Si Inc,3829,267038372.64,,,1.22,sized,in,2026-10-09,0,
1954488,MENS,Jyong Biotech Ltd.,2834,,,,,"excluded: no domestic filings (foreign filer, fund, or shell)",out,,0,
1593984,MDWD,MediWound Ltd.,2833,,,,,"excluded: no domestic filings (foreign filer, fund, or shell)",out,,0,
1480170,BEOB,BEO BANCORP,,,,,,"excluded: no domestic filings (foreign filer, fund, or shell)",out,,0,
5094,VBF,Invesco Bond Fund,,,,,,"excluded: no domestic filings (foreign filer, fund, or shell)",out,,0,
1656081,DAVA,Endava plc,7371,,,,,"excluded: no domestic filings (foreign filer, fund, or shell)",out,,0,
931148,EAF,GRAFTECH INTERNATIONAL LTD,3620,230915651.39999998,230915651.39999998,26092164.0,8.85,sized,in,2026-10-09,0,
1560672,EARN,Ellington Credit Co,6798,,,,,"excluded: investment company (files 40-17G, N-2)",out,,0,
1566610,TONX,TON Strategy Co,6199,178433244.36,178433244.36,55071989.0,3.24,sized,out,,0,
1449794,EMYB,"Embassy Bancorp, Inc.",6022,,,7405604.0,,unsized,out,,0,counting failure; never a member
2054876,NMP,NMP Acquisition Corp.,6770,,,,,excluded: blank-check company (SIC 6770),out,,0,
1625414,BZUN,Baozun Inc.,5961,,,,,"excluded: no domestic filings (foreign filer, fund, or shell)",out,,0,
1501103,EDF,Virtus Stone Harbor Emerging Markets Income Fund,,,,,,"excluded: no domestic filings (foreign filer, fund, or shell)",out,,0,
1873923,ONL,Orion Properties Inc.,6798,125498370.80000001,125498370.80000001,57044714.0,2.2,sized,out,,0,
1997403,ZENA,"ZenaTech, Inc.",7372,,,,,"excluded: no domestic filings (foreign filer, fund, or shell)",out,,0,
10329,BSET,BASSETT FURNITURE INDUSTRIES INC,2511,187994074.53,187994074.53,8651361.0,21.73,sized,out,,0,
2023153,HTLM,HomesToLife Ltd,5712,,,,,"excluded: no domestic filings (foreign filer, fund, or shell)",out,,0,
1437479,ENBP,ENB Financial Corp,6021,,,5714719.0,,unsized,out,,0,counting failure; never a member
894315,SITC,SITE Centers Corp.,6798,166346824.63,166346824.63,52475339.0,3.17,sized,out,,0,
1857190,NYXH,Nyxoah SA,3841,,,,,"excluded: no domestic filings (foreign filer, fund, or shell)",out,,0,
1532383,VNJA,VANJIA CORP,1531,,,,,excluded: no Section 16 filings,out,,0,
2083452,SAGU,Shreya Acquisition Group,6770,,,,,excluded: blank-check company (SIC 6770),out,,0,
1745114,MOLN,MOLECULAR PARTNERS AG,2836,,,,,"excluded: no domestic filings (foreign filer, fund, or shell)",out,,0,
2075816,EMIS,Emmis Acquisition Corp.,6770,,,,,excluded: blank-check company (SIC 6770),out,,0,
1683553,SPRB,"SPRUCE BIOSCIENCES, INC.",2834,130882552.02,130882552.02,2874013.0,45.54,sized,out,,0,
105319,WW,"WW INTERNATIONAL, INC.",7200,149581449.6,149581449.6,9998760.0,14.96,sized,out,,0,
1615063,INSE,"Inspired Entertainment, Inc.",7372,92781469.44,92781469.44,26358372.0,3.52,sized,out,,0,
1074828,USBC,"USBC, Inc.",6199,194343915.6003,194343915.6003,388144429.0,0.5007,sized,out,,0,
2085177,QRED,QuasarEdge Acquisition Corp,6770,,,,,excluded: blank-check company (SIC 6770),out,,0,
1786286,DPRO,Draganfly Inc.,3721,,,,,"excluded: no domestic filings (foreign filer, fund, or shell)",out,,0,
1407583,BHLL,Bunker Hill Mining Corp.,1000,,,,,excluded: not a common-stock listing (vendor type OS),out,,0,
2104260,WENC,West Enclave Merger Corp.,6770,,,,,excluded: blank-check company (SIC 6770),out,,0,
2043508,LKSP,Lake Superior Acquisition Corp,6770,,,,,excluded: blank-check company (SIC 6770),out,,0,
1600641,DIBS,"1stdibs.com, Inc.",5961,132444254.42,132444254.42,33615293.0,3.94,sized,out,,0,
2091484,GLED,GalaxyEdge Acquisition Corp,6770,,,,,excluded: blank-check company (SIC 6770),out,,0,
1637715,OKUR,"OnKure Therapeutics, Inc.",2834,93141510.69999999,93141510.69999999,40496309.0,2.3,sized,out,,0,
2079106,LAFA,LaFayette Acquisition Corp.,6770,,,,,excluded: blank-check company (SIC 6770),out,,0,
2028735,SPEG,Silver Pegasus Acquisition Corp.,6770,,,,,excluded: blank-check company (SIC 6770),out,,0,
55234,GAMG,"Global Asset Management Group, Inc.",7990,,,,,excluded: no Section 16 filings,out,,0,
36840,FREVS,"FIRST REAL ESTATE INVESTMENT TRUST OF NEW JERSEY, INC.",6798,,,,,excluded: not a common-stock listing (vendor type FUND),out,,0,
2099232,FMAC,Future Money Acquisition Corp,6770,,,,,excluded: blank-check company (SIC 6770),out,,0,
1041934,FOCL,EDAP TMS SA,3845,194768887.5,,37527950.0,4.125,sized,out,,0,ADS: ordinary-share count is not price-comparable; sized on the vendor figure
1941506,ZJK,"ZJK Industrial Co., Ltd.",3452,,,,,"excluded: no domestic filings (foreign filer, fund, or shell)",out,,0,
779227,STLE,STEELE BANCORP INC,6022,,,3405061.0,,unsized,out,,0,counting failure; never a member
883265,VTN,Invesco Trust for Investment Grade New York Municipals,,,,,,"excluded: no domestic filings (foreign filer, fund, or shell)",out,,0,
1228454,BCBP,BCB BANCORP INC,6035,255547640.82000002,150426140.82000002,18101822.0,8.31,disagree,in,2026-10-09,0,
1857853,COOK,"Traeger, Inc.",3630,143912660.32,143912660.32,2798224.0,51.43,sized,out,,0,
2081536,WPAC,White Pearl Acquisition Corp.,6770,,,,,excluded: blank-check company (SIC 6770),out,,0,
1832871,BMN,BlackRock 2037 Municipal Target Term Trust,,,,,,"excluded: no domestic filings (foreign filer, fund, or shell)",out,,0,
1790538,SCTSF,Scottie Resources Corp.,,,,,,"excluded: no domestic filings (foreign filer, fund, or shell)",out,,0,
31107,EML,EASTERN CO,3420,151281408.12,151281408.12,6017558.0,25.14,sized,out,,0,
1926314,OCAC,Ocean Capital Acquisition Corp,6770,,,,,excluded: blank-check company (SIC 6770),out,,0,
1059142,GHI,Greystone Housing Impact Investors LP,6199,120168800.99999999,,,,excluded: not a common-stock listing (vendor type UNIT),out,,0,
1598981,SKYX,SKYX Platforms Corp.,3640,150328403.34,150328403.34,135430994.0,1.11,sized,out,,0,
1887944,SHIM,Shimmick Corp,1600,127314334.84,127314334.84,41335823.0,3.08,sized,out,,0,
1472326,GRO,Brazil Potash Corp.,1400,,,,,"excluded: no domestic filings (foreign filer, fund, or shell)",out,,0,
1328409,WRIV,WHITE RIVER BANCSHARES CO,,,,,,"excluded: no domestic filings (foreign filer, fund, or shell)",out,,0,
1777393,CHPT,"ChargePoint Holdings, Inc.",3690,218293134.12000003,218293134.12000003,26850324.0,8.13,sized,in,2026-10-09,0,
1897463,TONT,Graf Global Corp.,6770,,,,,excluded: blank-check company (SIC 6770),out,,0,
1438893,GNT,"GAMCO Natural Resources, Gold & Income Trust",,,,,,"excluded: no domestic filings (foreign filer, fund, or shell)",out,,0,
830622,PIM,FRANKLIN MASTER INTERMEDIATE INCOME TRUST,,,,,,"excluded: no domestic filings (foreign filer, fund, or shell)",out,,0,
2027815,BMHL,Bluemount Holdings Ltd,6199,,,,,"excluded: no domestic filings (foreign filer, fund, or shell)",out,,0,
2137965,TCGX,TCGX Acquisition Corp.,6770,,,,,excluded: blank-check company (SIC 6770),out,,0,
1857044,INDP,"Indaptus Therapeutics, Inc.",2834,315784307.88,315784307.88,133242324.0,2.37,sized,in,2026-10-09,0,
1744781,NIU,Niu Technologies,3711,,,,,"excluded: no domestic filings (foreign filer, fund, or shell)",out,,0,
1719406,NRXP,"NRX Pharmaceuticals, Inc.",2834,125124766.63000001,125124766.63000001,43295767.0,2.89,sized,out,,0,
830487,MHF,WESTERN ASSET MUNICIPAL HIGH INCOME FUND INC.,,,,,,"excluded: no domestic filings (foreign filer, fund, or shell)",out,,0,
1532286,NINE,"Nine Energy Service, Inc.",1389,109088921.8,109088921.8,13949990.0,7.82,sized,out,,0,
1552198,WHF,"WhiteHorse Finance, Inc.",,,,,,"excluded: investment company (files 40-17G, N-2)",out,,0,
1801661,FIRY,Firy Inc.,7374,199799529.14,,,12.02,sized,out,,0,
1958389,HYDTF,Hydreight Technologies Inc.,,,,,,"excluded: no domestic filings (foreign filer, fund, or shell)",out,,0,
2063816,INAC,Indigo Acquisition Corp.,6770,,,,,excluded: blank-check company (SIC 6770),out,,0,
2089536,CEPS,"Cantor Equity Partners VI, Inc.",6770,,,,,excluded: blank-check company (SIC 6770),out,,0,
948320,LFMD,"LifeMD, Inc.",8011,127877968.05,127732218.05,48200837.0,2.65,sized,out,,0,
1077688,HOFT,HOOKER FURNISHINGS Corp,2510,135363214.02,135363214.02,10692197.0,12.66,sized,out,,0,
2075336,YCY,AA Mission Acquisition Corp. II,6770,,,,,excluded: blank-check company (SIC 6770),out,,0,
1657642,SLBK,"Skyline Bankshares, Inc.",6022,,,,,excluded: no Section 16 filings,out,,0,
1075880,KZIA,KAZIA THERAPEUTICS LTD,2834,,,,,"excluded: no domestic filings (foreign filer, fund, or shell)",out,,0,
1259429,OXSQ,Oxford Square Capital Corp.,,,,,,"excluded: investment company (files 40-17G, N-2)",out,,0,
1816708,OWLT,"Owlet, Inc.",3829,136173014.82,136173014.82,29221677.0,4.66,sized,out,,0,
1998768,PAL,"Proficient Auto Logistics, Inc",4700,98465759.72999999,98465759.72999999,28052923.0,3.51,sized,out,,0,
1803914,PLBY,"Playboy, Inc.",5900,118214245.74960001,118214245.74960001,119807688.0,0.9867,sized,out,,0,
894556,CITR,CitroTech Inc.,2800,,66081678.82,22553474.0,2.93,sized,out,,0,no vendor measure; sec-only newcomers are not admitted
1913577,SMNR,"Semnur Pharmaceuticals, Inc.",2834,,,230209142.0,,unsized,out,,0,counting failure; never a member
1574085,BHR,Braemar Hotels & Resorts Inc.,6798,102332183.82,102332183.82,68679318.0,1.49,sized,out,,0,
1858848,TNYA,"Tenaya Therapeutics, Inc.",2836,122025972.53040001,122025972.53040001,224230012.0,0.5442,sized,out,,0,
1679268,TUSK,"MAMMOTH ENERGY SERVICES, INC.",1389,132832134.6,132832134.6,48127585.0,2.76,sized,out,,0,
704440,KRMD,"KORU Medical Systems, Inc.",3841,138515706.0,138515706.0,46171902.0,3.0,sized,out,,0,
1084765,RGP,"RESOURCES CONNECTION, INC.",7389,103756892.98,103756892.98,34701302.0,2.99,sized,out,,0,
1723069,TLSA,Tiziana Life Sciences Ltd,2834,143802818.03,136173363.13,120507401.0,1.13,sized,out,,0,
104894,ELME,Elme Communities,6798,155501295.25,155501295.25,88857883.0,1.75,sized,out,,0,
1404353,WPGCF,West Point Gold Corp.,,,,,,"excluded: no domestic filings (foreign filer, fund, or shell)",out,,0,
1448431,OPRX,OptimizeRx Corp,7389,157845269.38000003,157845269.38000003,18835951.0,8.38,sized,out,,0,
1649989,OTLK,"Outlook Therapeutics, Inc.",2836,137304420.456,137304420.456,243447554.0,0.564,sized,out,,0,
1774857,AARD,"Aardvark Therapeutics, Inc.",2834,103077624.66,103077624.66,21884846.0,4.71,sized,out,,0,
2093524,APUR,Aperture AC,6770,,,,,excluded: blank-check company (SIC 6770),out,,0,
1294133,INGN,Inogen Inc,3842,157637721.78,157637721.78,26538337.0,5.94,sized,out,,0,
1853889,KGFMF,Kingfisher Metals Corp.,,,,,,"excluded: no domestic filings (foreign filer, fund, or shell)",out,,0,
2085485,TRAD,APEX Tech Acquisition Inc.,6770,,,,,excluded: blank-check company (SIC 6770),out,,0,
924719,SMID,SMITH MIDLAND CORP,3272,117762253.2,117762253.2,5304606.0,22.2,sized,out,,0,
2125551,ALPX,Alpex Acquisition Corp,6770,,,,,excluded: blank-check company (SIC 6770),out,,0,
315374,HURC,HURCO COMPANIES INC,3823,136391341.32,136391341.32,6476322.0,21.06,sized,out,,0,
1922097,LANV,Lanvin Group Holdings Ltd,2300,,,,,"excluded: no domestic filings (foreign filer, fund, or shell)",out,,0,
904112,MSD,MORGAN STANLEY EMERGING MARKETS DEBT FUND INC,,,,,,"excluded: no domestic filings (foreign filer, fund, or shell)",out,,0,
913277,CLAR,Clarus Corp,3949,130945490.1,130945490.1,38288155.0,3.42,sized,out,,0,
1766140,UNCY,"Unicycive Therapeutics, Inc.",2834,113370895.99000001,113370895.99000001,27855257.0,4.07,sized,out,,0,
2019793,SAFX,"XCF Global, Inc.",2860,132687358.272,131255998.272,410816896.0,0.3195,sized,out,,0,
2116230,NCO,Southern Cross Acquisition I Corp.,6770,,,,,excluded: blank-check company (SIC 6770),out,,0,
1811931,APGOF,Apollo Silver Corp,,,,,,"excluded: no domestic filings (foreign filer, fund, or shell)",out,,0,
50471,TRAK,"ReposiTrak, Inc.",7374,142151403.23999998,142151403.23999998,18201204.0,7.81,sized,out,,0,
2080087,MYX,Maywood Acquisition Corp. 2,6770,,,,,excluded: blank-check company (SIC 6770),out,,0,
2037400,CAAS,"China Automotive Systems, Inc.",3714,,,,,"excluded: no domestic filings (foreign filer, fund, or shell)",out,,0,
1815776,LENZ,"LENZ Therapeutics, Inc.",2836,110913810.78999999,110913810.78999999,31420343.0,3.53,sized,out,,0,
1731388,EDRY,EuroDry Ltd.,4400,,,,,"excluded: no domestic filings (foreign filer, fund, or shell)",out,,0,
2088103,XFLH,XFLH Capital Corp,6770,,,,,excluded: blank-check company (SIC 6770),out,,0,
1036262,INTT,INTEST CORP,3825,184563060.54000002,180805414.23000002,12564657.0,14.39,sized,out,,0,
1287098,MXCT,"MAXCYTE, INC.",8731,105270330.12,105270330.12,103206206.0,1.02,sized,out,,0,
1337090,SPAUF,SPANISH MOUNTAIN GOLD LTD.,,,,,,"excluded: no domestic filings (foreign filer, fund, or shell)",out,,0,
868578,PFD,FLAHERTY & CRUMRINE PREFERRED & INCOME FUND INC,,,,,,"excluded: no domestic filings (foreign filer, fund, or shell)",out,,0,
2080215,USDE,StableCoinX Inc.,6199,307335706.25,,,12.79,sized,in,2026-10-09,0,
1649744,DLTH,DULUTH HOLDINGS INC.,5600,152400054.01,,,4.01,sized,out,,0,
740806,FMBM,F&M BANK CORP,6022,,,3586733.0,,unsized,out,,0,counting failure; never a member
1951276,SRBK,"SR Bancorp, Inc.",6036,136290270.18,147999849.36,7931396.0,18.66,sized,out,,0,
1835268,CNTB,Connect Biopharma Holdings Ltd,2834,55461473.9363,55461473.9363,62974309.0,0.8807,sized,out,,0,
891038,MPA,BLACKROCK MUNIYIELD PENNSYLVANIA QUALITY FUND,,,,,,"excluded: no domestic filings (foreign filer, fund, or shell)",out,,0,
1289340,STXS,"Stereotaxis, Inc.",3845,111224417.58000001,111224417.58000001,100202178.0,1.11,sized,out,,0,
1971115,RYDE,Ryde Group Ltd,7389,,,,,"excluded: no domestic filings (foreign filer, fund, or shell)",out,,0,
1808997,AOUT,"American Outdoor Brands, Inc.",3949,205725967.5,205725967.5,12621225.0,16.3,sized,in,2026-10-09,0,
897802,SPE,"SPECIAL OPPORTUNITIES FUND, INC.",,,,,,"excluded: no domestic filings (foreign filer, fund, or shell)",out,,0,
2010653,FVN,Future Vision II Acquisition Corp.,7373,66777360.0,66688960.0,7544000.0,8.84,sized,out,,0,
1642380,IMDX,Insight Molecular Diagnostics Inc.,2835,107335651.52,107335651.52,32724284.0,3.28,sized,out,,0,
2065661,PLUN,Plutonian Acquisition Corp. II,6770,,,,,excluded: blank-check company (SIC 6770),out,,0,
1987363,WTF,Waton Financial Ltd,6200,,,,,"excluded: no domestic filings (foreign filer, fund, or shell)",out,,0,
1649096,CLPR,Clipper Realty Inc.,6798,51219484.22,51219484.22,16157566.0,3.17,sized,out,,0,
1001500,LMRXF,LARAMIDE RESOURCES LTD,,,,,,"excluded: no domestic filings (foreign filer, fund, or shell)",out,,0,
2097288,BHAV,BHAV Acquisition Corp,6770,,,,,excluded: blank-check company (SIC 6770),out,,0,
34067,BOOM,DMC Global Inc.,3390,118726685.22,118726685.22,20540949.0,5.78,sized,out,,0,
9521,BCV,BANCROFT FUND LTD,,,,,,"excluded: no domestic filings (foreign filer, fund, or shell)",out,,0,
1794783,SLQT,"SelectQuote, Inc.",6411,66434423.4506,65438002.7192,176573132.0,0.3706,sized,out,,0,
1473490,GLAI,"Global AI, Inc.",5960,,,114898024.0,,unsized,out,,0,counting failure; never a member
1746466,EQ,"Equillium, Inc.",2834,91307638.08,91307638.08,63408082.0,1.44,sized,out,,0,
1891101,BRCC,BRC Inc.,2080,136181702.88,,,9.56,sized,out,,0,
738214,AMTX,"AEMETIS, INC",2860,124853397.62,124853397.62,72169594.0,1.73,sized,out,,0,
1858724,FLX,BingEx Ltd,4210,,,,,"excluded: no domestic filings (foreign filer, fund, or shell)",out,,0,
1578453,DLNG,Dynagas LNG Partners LP,4400,,,,,"excluded: no domestic filings (foreign filer, fund, or shell)",out,,0,
1828377,FTCO,Fortitude Gold Corp,1040,,,,,excluded: no Section 16 filings,out,,0,
2007846,JLHL,Julong Holding Ltd,8711,,,,,"excluded: no domestic filings (foreign filer, fund, or shell)",out,,0,
2091712,RFAM,RF Acquisition Corp III,6770,,,,,excluded: blank-check company (SIC 6770),out,,0,
2098669,UAC,United Acquisition Corp. I,6770,,,,,excluded: blank-check company (SIC 6770),out,,0,
1413855,AIFU,AIFU Inc.,6411,,,,,"excluded: no domestic filings (foreign filer, fund, or shell)",out,,0,
1947244,USGO,U.S. GoldMining Inc.,1040,84635488.08,84635488.08,14035736.0,6.03,sized,out,,0,
1007587,KVHI,KVH INDUSTRIES INC \DE\,4899,119911758.82000001,119911758.82000001,18140962.0,6.61,sized,out,,0,
1498382,HURA,"TuHURA Biosciences, Inc./NV",2834,122992370.81,122992370.81,63726617.0,1.93,sized,out,,0,
2083143,SCPQ,Social Commerce Partners Corp,6770,,,,,excluded: blank-check company (SIC 6770),out,,0,
2119322,DMRC,Digimarc Corp,7373,140927818.75,140470806.25,22475329.0,6.25,sized,out,,0,
1504234,BGX,Blackstone Long-Short Credit Income Fund,,,,,,"excluded: no domestic filings (foreign filer, fund, or shell)",out,,0,
2059653,LSBK,"Lake Shore Bancorp, Inc. /MD/",6035,141682335.51999998,141682335.51999998,7853788.0,18.04,sized,out,,0,
2023730,HDRN,"Hadron Energy, Inc.",4911,75073784.10000001,75073784.10000001,71498842.0,1.05,sized,out,,0,
1641489,VTVT,vTv Therapeutics Inc.,2834,118934154.24,,,30.08,sized,out,,0,
2073153,HYNE,"Hoyne Bancorp, Inc.",6036,125624101.67999999,136271466.54,8096938.0,16.83,sized,out,,0,
910329,MED,MEDIFAST INC,2090,127795435.28999999,127795435.28999999,11180703.0,11.43,sized,out,,0,
773717,ACRG,"American Clean Resources Group, Inc.",1400,,,14101318.0,,unsized,out,,0,counting failure; never a member
887396,EP,EMPIRE PETROLEUM CORP,1311,123142929.36,123068929.36,41577341.0,2.96,sized,out,,0,
95953,ACNT,ASCENT INDUSTRIES CO.,2800,123339411.57,123339411.57,9009453.0,13.69,sized,out,,0,
1866757,BRLT,"Brilliant Earth Group, Inc.",3910,24685528.16,13991664.719999999,9583332.0,1.46,disagree,out,,0,
1868640,RDZN,Roadzen Inc.,6411,95384870.56,95384870.56,85165063.0,1.12,sized,out,,0,
1867102,EVTL,Vertical Aerospace Ltd.,3721,,,,,"excluded: no domestic filings (foreign filer, fund, or shell)",out,,0,
1114936,UMEW,UMeWorld Inc.,7372,,,116099593.0,,unsized,out,,0,counting failure; never a member
1497186,HYI,Western Asset High Yield Opportunity Fund Inc.,,,,,,"excluded: no domestic filings (foreign filer, fund, or shell)",out,,0,
1836754,LGCY,Legacy Education Inc.,8200,129413703.8,129413703.8,12813238.0,10.1,sized,out,,0,
1753368,SANG,Sangoma Technologies Corp,7370,,,,,"excluded: no domestic filings (foreign filer, fund, or shell)",out,,0,
1460329,FLNT,"Fluent, Inc.",7310,89131982.52,89131982.52,31607086.0,2.82,sized,out,,0,
1374339,PMN,ProMIS Neurosciences Inc.,2834,82054390.95,82054390.95,8967693.0,9.15,sized,out,,0,
2081690,VECA,Vernal Capital Acquisition Corp.,6770,,,,,excluded: blank-check company (SIC 6770),out,,0,
1503274,QTRX,Quanterix Corp,3826,151810738.65,151810738.65,47293065.0,3.21,sized,out,,0,
1555980,FPRGF,Falco Resources Ltd.,,,,,,"excluded: no domestic filings (foreign filer, fund, or shell)",out,,0,
719135,APYX,Apyx Medical Corp,3841,99412694.28,99412694.28,42124023.0,2.36,sized,out,,0,
1610853,HSDT,Solana Co,6199,154948886.12,143891713.14,60458703.0,2.38,sized,out,,0,
1692427,NCSM,"NCS Multistage Holdings, Inc.",1389,,,2624523.0,,unsized,out,,0,counting failure; never a member
1055726,INO,"INOVIO PHARMACEUTICALS, INC.",2834,112703294.62,112703294.62,103397518.0,1.09,sized,out,,0,
1310488,BFNH,"BIOFORCE NANOSCIENCES HOLDINGS, INC.",3826,,,33549005.0,,unsized,out,,0,counting failure; never a member
1705843,CBUS,"Cibus, Inc.",2870,121522052.76,7908162.33,4973687.0,1.59,disagree,out,,0,
2100704,EWAV,East West Ave Acquisition Corp.,6770,,,,,excluded: blank-check company (SIC 6770),out,,0,
1681348,VIVO,VivoPower PLC,4931,,,,,"excluded: no domestic filings (foreign filer, fund, or shell)",out,,0,
1946573,NAKA,Nakamoto Inc.,6199,159801840.99,159801840.99,17894943.0,8.93,sized,out,,0,
1762417,DOYU,DouYu International Holdings Ltd,7370,,,,,"excluded: no domestic filings (foreign filer, fund, or shell)",out,,0,
1408443,MIST,Milestone Pharmaceuticals Inc.,2834,88655011.558,88655011.558,124497980.0,0.7121,sized,out,,0,
1285650,CGO,CALAMOS GLOBAL TOTAL RETURN FUND,,,,,,"excluded: no domestic filings (foreign filer, fund, or shell)",out,,0,
759866,JHS,JOHN HANCOCK INCOME SECURITIES TRUST,0000,,,,,"excluded: no domestic filings (foreign filer, fund, or shell)",out,,0,
1482541,BNC,CEA Industries Inc.,0700,248742881.39999998,209986635.0,41173850.0,5.1,sized,in,2026-10-09,0,
2116105,FWAC,Futurewave Acquisition Corp,6770,,,,,excluded: blank-check company (SIC 6770),out,,0,
2121703,FXAC,FortuneX Acquisition Corp,6770,,,,,excluded: blank-check company (SIC 6770),out,,0,
1632127,CABO,"Cable One, Inc.",4841,87264966.5,87264966.5,5673925.0,15.38,sized,out,,0,
1805526,DFDV,DeFi Development Corp.,6199,149403218.2,141969878.2,30997790.0,4.58,sized,out,,0,
1290900,CVGI,"Commercial Vehicle Group, Inc.",3714,117022124.16,117022124.16,40632682.0,2.88,sized,out,,0,
779336,IAF,"ABRDN AUSTRALIA EQUITY FUND, INC.",,,,,,"excluded: no domestic filings (foreign filer, fund, or shell)",out,,0,
1098146,PNBK,PATRIOT NATIONAL BANCORP INC,6021,108858967.764,102581386.58,118742200.0,0.8639,sized,out,,0,
2028355,IPEX,Inflection Point Acquisition Corp. V,6770,,,,,excluded: blank-check company (SIC 6770),out,,0,
1337068,MGYR,"Magyar Bancorp, Inc.",6035,123168707.63999999,,6455383.0,,sized,out,,0,
1514597,FURY,FURY GOLD MINES LTD,1040,,,,,"excluded: no domestic filings (foreign filer, fund, or shell)",out,,0,
1437213,CCNB,"Coastal Carolina Bancshares, Inc.",6021,,,,,excluded: no Section 16 filings,out,,0,
1006655,EPM,EVOLUTION PETROLEUM CORP,1311,146226902.64000002,146226902.64000002,40172226.0,3.64,sized,out,,0,
1701541,BDTX,"Black Diamond Therapeutics, Inc.",2836,103991282.07000001,103991282.07000001,57453747.0,1.81,sized,out,,0,
1836775,TNYZF,Tiny Ltd.,,,,,,"excluded: no domestic filings (foreign filer, fund, or shell)",out,,0,
1771910,ADCT,ADC Therapeutics SA,2834,202991635.05,202991635.05,127667695.0,1.59,sized,in,2026-10-09,0,
1921582,LGCXF,Lahontan Gold Corp.,,,,,,"excluded: no domestic filings (foreign filer, fund, or shell)",out,,0,
715446,ANIX,Anixa Biosciences Inc,2834,101162663.82000001,101162663.82000001,34763802.0,2.91,sized,out,,0,
1870833,RMMZ,"RiverNorth Managed Duration Municipal Income Fund II, Inc.",,,,,,"excluded: no domestic filings (foreign filer, fund, or shell)",out,,0,
72444,VXRT,"Vaxart, Inc.",2836,,,242835358.0,,unsized,out,,0,counting failure; never a member
1468327,RENT,"Rent the Runway, Inc.",5990,62091570.6,61806641.43,33774121.0,1.83,sized,out,,0,
1743102,JFIN,Jiayin Group Inc.,6199,,,,,"excluded: no domestic filings (foreign filer, fund, or shell)",out,,0,
1856725,RANI,"Rani Therapeutics Holdings, Inc.",2834,91416568.32000001,,,0.792,sized,out,,0,
1266806,VANI,"Vivani Medical, Inc.",3845,110950127.88,110950127.88,90203356.0,1.23,sized,out,,0,
1305767,PHD,"Pioneer Floating Rate Fund, Inc.",,,,,,"excluded: no domestic filings (foreign filer, fund, or shell)",out,,0,
1463000,GRUSF,Grown Rogue International Inc.,0100,,,,,excluded: not a common-stock listing (vendor type OS),out,,0,
1275101,BOTJ,BANK OF THE JAMES FINANCIAL GROUP INC,6022,123397060.08,123397060.08,4543338.0,27.16,sized,out,,0,
1231457,GNLX,GENELUX Corp,2834,113113337.5,113113337.5,45245335.0,2.5,sized,out,,0,
6207,AXR,AMREP CORP.,6552,110330871.28,110330871.28,5324849.0,20.72,sized,out,,0,
1930021,HOVR,New Horizon Aircraft Ltd.,3721,102699629.73,102699629.73,67123941.0,1.53,sized,out,,0,
1438461,ELRE,Yinfu Gold Corp.,1090,,,121983993.0,,unsized,out,,0,counting failure; never a member
1662684,KULR,"KULR Technology Group, Inc.",3670,113849592.12,113849592.12,46280322.0,2.46,sized,out,,0,
1980845,ENGN,enGene Therapeutics Inc.,2836,119289042.48,119289042.48,67016316.0,1.78,sized,out,,0,
1526475,NICM,NICOLA MINING INC.,1000,,,,,"excluded: no domestic filings (foreign filer, fund, or shell)",out,,0,
1541119,SFBC,"Sound Financial Bancorp, Inc.",6035,112403242.11000001,112403242.11000001,2568043.0,43.77,sized,out,,0,
1979414,NTHI,"NEONC TECHNOLOGIES HOLDINGS, INC.",2834,72877611.39999999,65619003.449999996,25936365.0,2.53,sized,out,,0,
1945415,HUHU,HUHUTECH International Group Inc.,3360,,,,,"excluded: no domestic filings (foreign filer, fund, or shell)",out,,0,
1612630,JYNT,JOINT Corp,6794,100699256.48,100699256.48,14143154.0,7.12,sized,out,,0,
737875,FKYS,FIRST KEYSTONE CORP,6022,,,6322401.0,,unsized,out,,0,counting failure; never a member
1446159,AGPU,Axe Compute Inc.,6199,132254724.84,132254724.84,11591124.0,11.41,sized,out,,0,
2024459,CHAR,Charlton Aria Acquisition Corp,6770,,,,,excluded: blank-check company (SIC 6770),out,,0,
1504379,CSTE,Caesarstone Ltd.,3281,,,,,"excluded: no domestic filings (foreign filer, fund, or shell)",out,,0,
1865107,AKA,A.K.A. BRANDS HOLDING CORP.,5961,118208839.545,118208839.545,10991059.0,10.755,sized,out,,0,
1636422,HCAT,"Health Catalyst, Inc.",7370,131698666.75,131698666.75,75256381.0,1.75,sized,out,,0,
1872061,VLTLF,Volt Lithium Corp.,,,,,,"excluded: no domestic filings (foreign filer, fund, or shell)",out,,0,
1864597,AURFF,Tincorp Metals Inc.,,,,,,"excluded: no domestic filings (foreign filer, fund, or shell)",out,,0,
1289868,MCN,XAI Madison Equity Premium Income Fund,,,,,,"excluded: no domestic filings (foreign filer, fund, or shell)",out,,0,
706863,UNB,UNION BANKSHARES INC,6022,113754964.0,113754964.0,4945868.0,23.0,sized,out,,0,
2046656,HCHL,Happy City Holdings Ltd,5812,,,,,"excluded: no domestic filings (foreign filer, fund, or shell)",out,,0,
2030829,PGAC,PANTAGES CAPITAL ACQUISITION Corp,6770,,,,,excluded: blank-check company (SIC 6770),out,,0,
2070900,QUMS,Quantumsphere Acquisition Corp,6770,,,,,excluded: blank-check company (SIC 6770),out,,0,
1572616,GUTS,"FRACTYL HEALTH, INC.",3841,56110895.010000005,56110896.42,13264987.333333332,4.23,sized,out,,0,"cover count 159,179,848 as of 2026-08-04 restated 0.0833333x through the split(s) since"
2001557,INV,"Innventure, Inc.",6770,,,,,excluded: blank-check company (SIC 6770),out,,0,
1000230,OCC,OPTICAL CABLE CORP,3357,138908197.04000002,138908197.04000002,8842024.0,15.71,sized,out,,0,
1478102,DMO,Western Asset Mortgage Opportunity Fund Inc.,,,,,,"excluded: no domestic filings (foreign filer, fund, or shell)",out,,0,
1953366,STHO,Star Holdings,6519,102328890.51,102328890.51,12081333.0,8.47,sized,out,,0,
740664,RFIL,R F INDUSTRIES LTD,3678,90904237.18,90904237.18,10847761.0,8.38,sized,out,,0,
877019,GGOXF,Galleon Gold Corp.,1400,,,,,"excluded: no domestic filings (foreign filer, fund, or shell)",out,,0,
1847874,BEEP,Mobile Infrastructure Corp,6500,114813999.99999999,114813999.99999999,41300000.0,2.78,sized,out,,0,
1787414,BSBK,Bogota Financial Corp.,6036,115745108.91,115745108.91,12761313.0,9.07,sized,out,,0,
2098707,BRKH,Burtech Acquisition Corp II,6770,,,,,excluded: blank-check company (SIC 6770),out,,0,
1325702,MX,MAGNACHIP SEMICONDUCTOR Corp,3674,115371950.76,115371950.76,36510111.0,3.16,sized,out,,0,
1087294,CPIX,CUMBERLAND PHARMACEUTICALS INC,2834,104582086.86,104582086.86,14983107.0,6.98,sized,out,,0,
2047235,WSBK,"Winchester Bancorp, Inc./MD/",6036,115593584.7,119910350.4,9295376.0,12.9,sized,out,,0,
890119,NIM,NUVEEN SELECT MATURITIES MUNICIPAL FUND,,,,,,"excluded: no domestic filings (foreign filer, fund, or shell)",out,,0,
1835022,COYA,"Coya Therapeutics, Inc.",2834,117054666.51,117054666.51,23457849.0,4.99,sized,out,,0,
1288855,OPHC,"OptimumBank Holdings, Inc.",6021,113925829.16,110660634.25999999,12268363.0,9.02,sized,out,,0,
875657,ULBI,ULTRALIFE CORP,3690,103478900.49,103478900.49,16663269.0,6.21,sized,out,,0,
1853825,DTCX,"Datacentrex, Inc.",7374,71054218.02,71054218.02,40143626.0,1.77,sized,out,,0,
1340476,DRTTF,DIRTT ENVIRONMENTAL SOLUTIONS LTD,7372,,,,,excluded: not a common-stock listing (vendor type OS),out,,0,
1010470,PROV,PROVIDENT FINANCIAL HOLDINGS INC,6035,115203543.84,115203543.84,6233958.0,18.48,sized,out,,0,
2000756,KWM,K Wave Media Ltd.,7819,,,,,"excluded: no domestic filings (foreign filer, fund, or shell)",out,,0,
1524025,TLYS,"TILLY'S, INC.",5600,135807456.60000002,53176024.080000006,11976582.0,4.44,disagree,out,,0,
1840439,BMEA,"Biomea Fusion, Inc.",2834,99302877.24000001,99302877.24000001,72483852.0,1.37,sized,out,,0,
1390352,ORRCF,OROCO RESOURCE CORP,,,,,,"excluded: no domestic filings (foreign filer, fund, or shell)",out,,0,
811211,UNIB,UNIVERSITY BANCORP INC /DE/,6022,,,,,unsized,out,,0,counting failure; never a member
2030482,PLMK,"Plum Acquisition Corp, IV",4911,113820991.785,,,10.635,sized,out,,0,
1726445,SEER,"Seer, Inc.",3826,120157272.55,120157272.55,55372015.0,2.17,sized,out,,0,
75398,PAI,Western Asset Investment Grade Income Fund Inc.,,,,,,"excluded: no domestic filings (foreign filer, fund, or shell)",out,,0,
1163389,NWPP,NEW PEOPLES BANKSHARES INC,6022,,,23539302.0,,unsized,out,,0,counting failure; never a member
1334325,CODA,"Coda Octopus Group, Inc.",3812,115651785.25,115651785.25,11283101.0,10.25,sized,out,,0,
2137777,RACD,Research Alliance Corp IV,6770,,,,,excluded: blank-check company (SIC 6770),out,,0,
1874252,QUCY,Quantum Cyber N.V.,2834,116854786.88,116854786.88,84068192.0,1.39,sized,out,,0,
1819258,FTZFF,Fitzroy Minerals Inc.,,,,,,"excluded: no domestic filings (foreign filer, fund, or shell)",out,,0,
1500435,GPRO,"GoPro, Inc.",3861,243500509.51999998,,,1.18,sized,in,2026-10-09,0,
1713863,RFL,"Rafael Holdings, Inc.",2834,76959994.08,,100.0,1.48,disagree,out,,0,"sec measure disqualified: 148 vs vendor 76,959,994; decided on the vendor figure"
1967621,ATGL,Alpha Technology Group Ltd,7371,,,,,"excluded: no domestic filings (foreign filer, fund, or shell)",out,,0,
1808805,NAUT,"Nautilus Biotechnology, Inc.",3826,231604505.86,231604505.86,127255223.0,1.82,sized,in,2026-10-09,0,
798081,LAKE,LAKELAND INDUSTRIES INC,3842,100207281.14,100207281.14,9931346.0,10.09,sized,out,,0,
1481028,HYSR,"SUNHYDROGEN, INC.",3674,,,5749164916.0,,unsized,out,,0,counting failure; never a member
1845123,ANNA,"AleAnna, Inc.",1311,104397000.0,11704278.149999999,4589913.0,2.55,disagree,out,,0,
1001171,BYFC,BROADWAY FINANCIAL CORP DE,6035,108095977.1045,,768181.375,,sized,out,,0,"cover count 6,145,451 as of 2013-11-05 restated 0.125x through the split(s) since"
1320350,LNSR,"LENSAR, Inc.",3841,79243829.25,79243829.25,12285865.0,6.45,sized,out,,0,
1724755,GHG,GreenTree Hospitality Group Ltd.,7011,,,,,"excluded: no domestic filings (foreign filer, fund, or shell)",out,,0,
1571776,CHMI,Cherry Hill Mortgage Investment Corp,6798,96432698.33999999,96432698.33999999,36947394.0,2.61,sized,out,,0,
1792267,BNR,Burning Rock Biotech Ltd,8071,,,,,"excluded: no domestic filings (foreign filer, fund, or shell)",out,,0,
1937891,AMCI,AMC Robotics Corp,5700,66891050.8,63281016.4,22600363.0,2.8,sized,out,,0,
1898496,GETY,"Getty Images Holdings, Inc.",7389,,,421018476.0,,unsized,out,,0,counting failure; never a member
1566044,YARW,"Yarrow Bioscience, Inc.",2834,167682472.99,53047853.02,2669746.0,19.87,disagree,out,,0,
2047455,QSEA,Quartzsea Acquisition Corp,6770,,,,,excluded: blank-check company (SIC 6770),out,,0,
1129928,ONCY,ONCOLYTICS BIOTECH INC,2834,71382119.4236,69416718.922,127510505.0,0.5444,sized,out,,0,
1332551,ACR,ACRES Commercial Realty Corp.,6798,160016112.69000003,72808541.21000001,7131101.0,10.21,disagree,out,,0,
2011208,SPAI,Safe Pro Group Inc.,7372,86847606.42999999,86847606.42999999,20362862.0,4.265,sized,out,,0,
2079720,BUDA,"BUDA JUICE, INC.",2080,94124328.34,94124328.34,12566666.0,7.49,sized,out,,0,
55529,KEQU,KEWAUNEE SCIENTIFIC CORP /DE/,3821,97920635.54,97920635.54,2895347.0,33.82,sized,out,,0,
882300,SBI,WESTERN ASSET INTERMEDIATE MUNI FUND INC.,,,,,,"excluded: no domestic filings (foreign filer, fund, or shell)",out,,0,
770460,PFBX,PEOPLES FINANCIAL CORP /MS/,6022,,,4617466.0,,unsized,out,,0,counting failure; never a member
1582982,CCLD,"CareCloud, Inc.",7372,82438086.46,82438086.46,42493859.0,1.94,sized,out,,0,
1859795,NVX,NOVONIX Ltd,3690,,,,,"excluded: no domestic filings (foreign filer, fund, or shell)",out,,0,
1043186,SLNG,"Stabilis Solutions, Inc.",4924,98945338.7307,98945338.7307,18596301.0,5.3207,sized,out,,0,
2009312,PUSA,Aureus Greenway Holdings Inc,7997,343230000.0,68706134.1,26943582.0,2.55,disagree,in,2026-10-09,0,
793306,BDCO,BLUE DOLPHIN ENERGY CO,1311,,,14921968.0,,unsized,out,,0,counting failure; never a member
1956648,NOEM,CO2 Energy Transition Corp.,6770,,,,,excluded: blank-check company (SIC 6770),out,,0,
1609065,PBHC,"Pathfinder Bancorp, Inc.",6022,109876252.5,79693005.0,4553886.0,17.5,disagree,out,,0,
2112446,JATT,JATT II Acquisition Corp.,6770,,,,,excluded: blank-check company (SIC 6770),out,,0,
1490349,PFX,PhenixFIN Corp,,,,,,"excluded: investment company (files 40-17G, N-2)",out,,0,
1556727,FNWB,First Northwest Bancorp,6036,92357781.65,92357781.65,9511615.0,9.71,sized,out,,0,
318833,TISI,TEAM INC,7600,121592534.77000001,121592534.77000001,4583209.0,26.53,sized,out,,0,
1499832,TSQ,"Townsquare Media, Inc.",4832,80766160.77,81939499.42999999,18496501.0,4.43,sized,out,,0,
2024460,CHPG,ChampionsGate Acquisition Corp,6770,,,,,excluded: blank-check company (SIC 6770),out,,0,
2122392,PLCI,Pelican Acquisition II Corp,6770,,,,,excluded: blank-check company (SIC 6770),out,,0,
909494,TCX,TUCOWS INC /PA/,7374,108019201.92,108019201.92,11182112.0,9.66,sized,out,,0,
1006837,VATE,INNOVATE Corp.,3440,98221435.2,98221435.2,13641866.0,7.2,sized,out,,0,
1838163,BNAI,Brand Engagement Network Inc.,7373,40345951.86,39611763.34,7488046.0,5.29,sized,out,,0,
1982518,SDHC,Smith Douglas Homes Corp.,1531,85687261.64,,,10.21,sized,out,,0,
2112457,AMAN,Amanat Acquisition Corp.,6770,,,,,excluded: blank-check company (SIC 6770),out,,0,
1770501,VENU,Venu Holding Corp,7900,76861137.12,76446350.72,56210552.0,1.36,sized,out,,0,
1756390,AAWH,"Ascend Wellness Holdings, Inc.",2833,,,,,excluded: not a common-stock listing (vendor type OS),out,,0,
1041368,RVSB,RIVERVIEW BANCORP INC,6035,119320052.28,119320052.28,19953186.0,5.98,sized,out,,0,
1680873,HFFG,HF Foods Group Inc.,5140,89520533.76,86780521.45,53900945.0,1.61,sized,out,,0,
1997711,LPA,Logistic Properties of the Americas,6500,,,,,"excluded: no domestic filings (foreign filer, fund, or shell)",out,,0,
1518461,AMPG,"AmpliTech Group, Inc.",3669,84723761.33999999,84723761.33999999,30043887.0,2.82,sized,out,,0,
1919246,PTHS,Pelthos Therapeutics Inc.,2836,78483614.5,78483614.5,3828469.0,20.5,sized,out,,0,
2012706,SUNS,"Sunrise Realty Trust, Inc.",6798,80959947.49000001,80959947.49000001,13515851.0,5.99,sized,out,,0,
1611842,PYPD,PolyPid Ltd.,3841,,,,,"excluded: no domestic filings (foreign filer, fund, or shell)",out,,0,
1120370,BWEN,"BROADWIND, INC.",3360,91317459.78,91317459.78,23657373.0,3.86,sized,out,,0,
1614806,RPT,Rithm Property Trust Inc.,6798,84176868.12,84176868.12,7772564.0,10.83,sized,out,,0,
1854139,ZVIA,Zevia PBC,2086,85842454.03999999,,,1.19,sized,out,,0,
1925511,NZAUF,Rua Gold Inc.,,,,,,"excluded: no domestic filings (foreign filer, fund, or shell)",out,,0,
1834032,CSTAF,Constellation Acquisition Corp I,6770,,,,,excluded: blank-check company (SIC 6770),out,,0,
1604868,GRWG,GrowGeneration Corp.,5200,88969877.99,88969877.99,58920449.0,1.51,sized,out,,0,
1659494,COE,51Talk Online Education Group,8200,,,,,"excluded: no domestic filings (foreign filer, fund, or shell)",out,,0,
1514490,RGT,"ROYCE GLOBAL TRUST, INC.",,,,,,"excluded: no domestic filings (foreign filer, fund, or shell)",out,,0,
1835654,INVZ,Innoviz Technologies Ltd.,3714,,,,,"excluded: no domestic filings (foreign filer, fund, or shell)",out,,0,
799165,DWSN,DAWSON GEOPHYSICAL CO,1382,80434050.61999999,80434050.61999999,31055618.0,2.59,sized,out,,0,
1966233,NIPG,NIP Group Inc.,7990,,,,,"excluded: no domestic filings (foreign filer, fund, or shell)",out,,0,
1006830,CBKM,CONSUMERS BANCORP INC /OH/,6021,,,3156730.0,,unsized,out,,0,counting failure; never a member
810943,PCF,HIGH INCOME SECURITIES FUND,0000,,,,,"excluded: no domestic filings (foreign filer, fund, or shell)",out,,0,
1932770,HERE,Here Group Ltd,5945,,,,,"excluded: no domestic filings (foreign filer, fund, or shell)",out,,0,
1288770,XTGRF,XTRA-GOLD RESOURCES CORP,1000,,,,,excluded: no Section 16 filings,out,,0,
1540684,ATLX,Atlas Lithium Corp,1400,69380050.525,62547848.43000001,27135726.0,2.305,sized,out,,0,
1779578,BGM,BGM Group Ltd.,2834,,,,,"excluded: no domestic filings (foreign filer, fund, or shell)",out,,0,
1482554,HFUS,"Hartford Creative Group, Inc.",7374,,,25027004.0,,unsized,out,,0,counting failure; never a member
883975,MBOT,Microbot Medical Inc.,3841,71866337.07000001,71866337.07000001,67164801.0,1.07,sized,out,,0,
1884046,SPKL,Spark I Acquisition Corp,3690,,,,,unsized,out,,0,counting failure; never a member
1754068,KLRS,"Kalaris Therapeutics, Inc.",2836,59512452.5,59512452.5,23804981.0,2.5,sized,out,,0,
1684505,XTRAF,Xtract One Technologies Inc.,,,,,,"excluded: no domestic filings (foreign filer, fund, or shell)",out,,0,
1786471,SEV,Aptera Motors Corp,3711,66719971.739999995,46552987.449999996,28560115.0,1.63,disagree,out,,0,
2002045,GCL,GCL Global Holdings Ltd,7372,,,,,"excluded: no domestic filings (foreign filer, fund, or shell)",out,,0,
1697818,AMBR,Amber International Holding Ltd,6199,,,,,"excluded: no domestic filings (foreign filer, fund, or shell)",out,,0,
1727254,AWLRF,Awale Resources Ltd,,,,,,"excluded: no domestic filings (foreign filer, fund, or shell)",out,,0,
1984124,LUD,Luda Technology Group Ltd,3317,,,,,"excluded: no domestic filings (foreign filer, fund, or shell)",out,,0,
84112,RSKIA,"GEORGE RISK INDUSTRIES, INC.",3669,,,4888354.0,,unsized,out,,0,counting failure; never a member
1429260,FBIO,"Fortress Biotech, Inc.",2834,69703575.36999999,11491395.028666666,5498275.133333333,2.09,disagree,out,,0,"cover count 82,474,127 as of 2020-05-07 restated 0.0666667x through the split(s) since"
898171,UWHR,UWHARRIE CAPITAL CORP,6022,,,7089015.0,,unsized,out,,0,counting failure; never a member
2069604,PARK,"Park Dental Partners, Inc.",8090,97958809.2,97958809.2,4755282.0,20.6,sized,out,,0,
1903382,BHM,"Bluerock Homes Trust, Inc.",6798,32905304.279999997,,,8.01,sized,out,,0,
868822,CRCUF,Canagold Resources Ltd.,1040,,,,,"excluded: no domestic filings (foreign filer, fund, or shell)",out,,0,
1127537,LUNG,Pulmonx Corp,3841,77736366.89,77736366.89,42948269.0,1.81,sized,out,,0,
1965052,MGTE,Marblegate Capital Corp,6199,,,73914402.0,,unsized,out,,0,counting failure; never a member
2034723,YDDL,One & one Green Technologies. INC,5090,,,,,"excluded: no domestic filings (foreign filer, fund, or shell)",out,,0,
1746967,RMI,"RiverNorth Opportunistic Municipal Income Fund, Inc.",,,,,,"excluded: no domestic filings (foreign filer, fund, or shell)",out,,0,
2104296,TP,Ticketplus Ltd.,7990,,,,,"excluded: no domestic filings (foreign filer, fund, or shell)",out,,0,
2075320,PLYX,"Polaryx Therapeutics, Inc.",2834,99691986.0,99691986.0,49845993.0,2.0,sized,out,,0,
61004,LGL,LGL GROUP INC,3679,85138755.75,85138755.75,12613149.0,6.75,sized,out,,0,
1515156,ARQ,"Arq, Inc.",2890,91922156.715,91922156.715,43668483.0,2.105,sized,out,,0,
1438943,RNGE,"RANGE IMPACT, INC.",1600,,,122691755.0,,unsized,out,,0,counting failure; never a member
2012726,FDSB,"Fifth District Bancorp, Inc.",6035,91938154.47999999,91938154.47999999,5235658.0,17.56,sized,out,,0,
1413119,KBLB,"Kraig Biocraft Laboratories, Inc.",2820,,,1099791733.0,,unsized,out,,0,counting failure; never a member
1985139,LSE,"Leishen Energy Holding Co., Ltd.",3533,,,,,"excluded: no domestic filings (foreign filer, fund, or shell)",out,,0,
1909747,JUSH,Jushi Holdings Inc.,2833,,,,,excluded: not a common-stock listing (vendor type OS),out,,0,
1372807,BCIC,BCP Investment Corp,,,,,,"excluded: investment company (files 40-17G, N-2)",out,,0,
1604464,ATRA,"Atara Biotherapeutics, Inc.",2836,92648063.3,92648063.3,10037710.0,9.23,sized,out,,0,
1462586,IGI,Western Asset Investment Grade Opportunity Trust Inc.,,,,,,"excluded: no domestic filings (foreign filer, fund, or shell)",out,,0,
1275158,NDLS,NOODLES & Co,5812,82399574.60000001,82399574.60000001,5966660.0,13.81,sized,out,,0,
751365,VIRC,VIRCO MFG CORPORATION,2531,102464797.5,102464797.5,15763815.0,6.5,sized,out,,0,
1892704,FBDT,"First Breach, Inc.",3480,49083056.88,49083056.88,55776201.0,0.88,sized,out,,0,
1828972,BZFD,"BuzzFeed, Inc.",4899,103408984.94,,,1.18,sized,out,,0,
1975641,ZYBT,Zhengye Biotechnology Holding Ltd,2834,,,,,"excluded: no domestic filings (foreign filer, fund, or shell)",out,,0,
1374328,FTLF,"FITLIFE BRANDS, INC.",2833,81702326.39999999,81702326.39999999,9391072.0,8.7,sized,out,,0,
1781174,ACRV,"Acrivon Therapeutics, Inc.",2834,80135786.94,80135786.94,42853362.0,1.87,sized,out,,0,
1176334,MMLP,MARTIN MIDSTREAM PARTNERS L.P.,5171,73163162.82000001,73163162.82000001,39124686.0,1.87,sized,out,,0,
1385632,IAE,Voya Asia Pacific High Dividend Equity Income Fund,,,,,,"excluded: no domestic filings (foreign filer, fund, or shell)",out,,0,
1496690,BCRD,"BlueOne Technologies, Inc.",7389,,,14428865.0,,unsized,out,,0,counting failure; never a member
1597835,CMCM,Cheetah Mobile Inc.,7372,,,,,"excluded: no domestic filings (foreign filer, fund, or shell)",out,,0,
1455365,CGTX,COGNITION THERAPEUTICS INC,2836,85127921.4192,85127921.4192,95093746.0,0.8952,sized,out,,0,
1855557,HLP,Hongli Group Inc.,3569,,,,,"excluded: no domestic filings (foreign filer, fund, or shell)",out,,0,
2049248,LCCC,Lakeshore Acquisition III Corp.,6770,,,,,excluded: blank-check company (SIC 6770),out,,0,
2001794,CIGL,Concorde International Group Ltd.,7381,,,,,"excluded: no domestic filings (foreign filer, fund, or shell)",out,,0,
1725123,CANG,Cango Inc.,6199,,,,,"excluded: no domestic filings (foreign filer, fund, or shell)",out,,0,
1123267,HANNF,Hannan Metals Ltd.,1000,,,,,"excluded: no domestic filings (foreign filer, fund, or shell)",out,,0,
750574,AUBN,"AUBURN NATIONAL BANCORPORATION, INC",6022,94006198.16,94006198.16,3484292.0,26.98,sized,out,,0,
1819574,BARK,"Bark, Inc.",5990,74164681.97000001,74164681.97000001,9033457.0,8.21,sized,out,,0,
1577783,SIREF,Sirios Resources Inc.,,,,,,"excluded: no domestic filings (foreign filer, fund, or shell)",out,,0,
2044255,ANTA,Antalpha Platform Holding Co,6221,,,,,"excluded: no domestic filings (foreign filer, fund, or shell)",out,,0,
1472215,JLS,Nuveen Mortgage & Income Fund/MA/,,,,,,"excluded: no domestic filings (foreign filer, fund, or shell)",out,,0,
1884516,DTI,Drilling Tools International Corp,3533,70917270.24,70917270.24,35282224.0,2.01,sized,out,,0,
845611,GCV,GABELLI CONVERTIBLE & INCOME SECURITIES FUND INC,,,,,,"excluded: investment company (files 40-17G, N-2)",out,,0,
1362190,AEYE,AUDIOEYE INC,7372,85976570.16,85976570.16,12569674.0,6.84,sized,out,,0,
2030954,XHLD,"TEN Holdings, Inc.",7389,6588968.65,2198593.6500000004,3997443.0,0.55,disagree,out,,0,
1546383,JXG,JX Luxventure Group Inc.,5000,,,,,"excluded: no domestic filings (foreign filer, fund, or shell)",out,,0,
72205,NOBH,NOBILITY HOMES INC,2451,,,3153665.0,,unsized,out,,0,counting failure; never a member
1341235,ALDX,"Aldeyra Therapeutics, Inc.",2834,57171349.1817,57171349.1817,60326421.0,0.9477,sized,out,,0,
1833769,HYPR,"Hyperfine, Inc.",3845,99696353.72690001,,,0.9401,sized,out,,0,
1781162,MNTS,Momentus Inc.,3760,74236295.38,74236295.38,21963401.0,3.38,sized,out,,0,
1537435,TGEN,TECOGEN INC.,3585,74563920.34,74563920.34,30187822.0,2.47,sized,out,,0,
862861,AIFC,AI Financial Corp,6221,61388228.329,61388228.329,139836511.0,0.439,sized,out,,0,
1034760,WYY,WIDEPOINT CORP,7373,71687488.35,71687488.35,9998255.0,7.17,sized,out,,0,
731653,UBCP,UNITED BANCORP INC /OH/,6022,83165011.0,83165011.0,5735518.0,14.5,sized,out,,0,
1818093,SKIN,SkinHealth Systems Inc.,3841,74037080.07069999,74037080.07069999,130140763.0,0.5689,sized,out,,0,
1425355,SUIG,SUI Group Holdings Ltd.,6199,,,,,"excluded: investment company (files 40-17G, N-2)",out,,0,
71557,NUVR,"Nuvera Communications, Inc.",4813,,,5244006.0,,unsized,out,,0,counting failure; never a member
795800,NEXM,NexMetals Mining Corp.,1000,60245397.16,60245397.16,35648164.0,1.69,sized,out,,0,
1971828,ENGS,Energys Group Ltd,1731,,,,,"excluded: no domestic filings (foreign filer, fund, or shell)",out,,0,
1818844,DWTX,"Dogwood Therapeutics, Inc.",2834,47929499.73,47929499.73,33992553.0,1.41,sized,out,,0,
1495320,VRA,"Vera Bradley, Inc.",3100,145738413.12,145738413.12,28688664.0,5.08,sized,out,,0,
2014982,SIMA,SIM Acquisition Corp. I,6770,,,,,excluded: blank-check company (SIC 6770),out,,0,
1070732,EVF,Eaton Vance Senior Income Trust,,,,,,"excluded: no domestic filings (foreign filer, fund, or shell)",out,,0,
1576159,BDCTF,BuildDirect.com Technologies Inc.,,,,,,"excluded: no domestic filings (foreign filer, fund, or shell)",out,,0,
2077033,MMTX,Miluna Acquisition Corp,7371,90134901.00000001,,8828100.0,,sized,out,,0,
1437226,MHH,"Mastech Digital, Inc.",8742,80003789.46000001,80003789.46000001,12012581.0,6.66,sized,out,,0,
1702924,WRAP,"WRAP TECHNOLOGIES, INC.",3480,90811428.53999999,82325347.86,56003638.0,1.47,sized,out,,0,
1750155,CWBHF,"Charlotte's Web Holdings, Inc.",0100,,,,,excluded: not a common-stock listing (vendor type OS),out,,0,
16859,SRL,Scully Royalty Ltd.,6795,,,,,"excluded: no domestic filings (foreign filer, fund, or shell)",out,,0,
1364954,CHGG,"CHEGG, INC",8200,81649610.26280001,81649610.26280001,111027482.0,0.7354,sized,out,,0,
811641,ICCC,IMMUCELL CORP /DE/,2835,88551420.75,88551420.75,9082197.0,9.75,sized,out,,0,
2044523,ORIQ,Origin Investment Corp I,6770,,,,,excluded: blank-check company (SIC 6770),out,,0,
1784254,MDIA,Mediaco Holding Inc.,4832,87380652.32000001,,,1.04,sized,out,,0,
1556739,THRY,"Thryv Holdings, Inc.",7310,64881102.059999995,64881102.059999995,44439111.0,1.46,sized,out,,0,
1917599,EDVR,Endeavor Bancorp,,,,,,"excluded: no domestic filings (foreign filer, fund, or shell)",out,,0,
1790177,RFM,"RiverNorth Flexible Municipal Income Fund, Inc.",,,,,,"excluded: no domestic filings (foreign filer, fund, or shell)",out,,0,
912764,KSBI,KS BANCORP INC,6036,,,,,unsized,out,,0,counting failure; never a member
1983736,GOAI,Eva Live Inc,7370,69189862.2,67906281.78,39252186.0,1.73,sized,out,,0,
2083526,MWC,"Micware Co., Ltd.",7371,,,,,"excluded: no domestic filings (foreign filer, fund, or shell)",out,,0,
1477960,LMED,LataMed AI Corp.,7370,,,,,excluded: no Section 16 filings,out,,0,
717806,FUSB,"FIRST US BANCSHARES, INC.",6022,90937792.67999999,90937792.67999999,5504709.0,16.52,sized,out,,0,
1739410,RLYB,Rallybio Corp,2834,90260802.16,90225378.00999999,5310499.0,16.99,sized,out,,0,
1519469,AEC,ANFIELD ENERGY INC.,1000,,,,,"excluded: no domestic filings (foreign filer, fund, or shell)",out,,0,
1801417,BYNO,byNordic Acquisition Corp,6770,,,,,excluded: blank-check company (SIC 6770),out,,0,
1560258,ECOR,"electroCore, Inc.",3845,85741066.35,85741066.35,9015885.0,9.51,sized,out,,0,
1819411,GANX,"Gain Therapeutics, Inc.",2834,70484444.685,70484444.685,43643619.0,1.615,sized,out,,0,
1790169,ZSTK,ZeroStack Corp.,6199,101139119.36,81152801.92,17489828.0,4.64,sized,out,,0,
1851959,CNDA,Concord Acquisition Corp II,6770,,,,,excluded: blank-check company (SIC 6770),out,,0,
1615165,VERI,"Veritone, Inc.",7374,59462617.1077,58777430.48679999,100457068.0,0.5851,sized,out,,0,
1861841,ARBE,Arbe Robotics Ltd.,7373,,,,,"excluded: no domestic filings (foreign filer, fund, or shell)",out,,0,
75252,ACH,ACCENDRA HEALTH INC/VA/,5047,34084164.8128,34084164.8128,76904704.0,0.4432,sized,out,,0,
65596,SIEB,SIEBERT FINANCIAL CORP,6211,91244077.92,91244077.92,41100936.0,2.22,sized,out,,0,
1728117,GOSS,"Gossamer Bio, Inc.",2834,60429943.080000006,60372570.16700001,6110584.025,9.88,sized,out,,0,"cover count 488,846,722 as of 2026-08-08 restated 0.0125x through the split(s) since"
2109876,MCAH,Mountain Crest Acquisition 6 Corp.,6770,,,,,excluded: blank-check company (SIC 6770),out,,0,
1839140,RVRC,Revium Rx.,2834,,,,,excluded: no Section 16 filings,out,,0,
1437283,RPMT,"REGO PAYMENT ARCHITECTURES, INC.",7372,,,136697503.0,,unsized,out,,0,counting failure; never a member
1562151,CWGL,"Crimson Wine Group, Ltd",2080,,,20586027.0,,unsized,out,,0,counting failure; never a member
2026767,ALIS,Calisa Acquisition Corp,7374,81746750.0,81746750.0,8427500.0,9.7,sized,out,,0,
1534969,SERA,"SERA PROGNOSTICS, INC.",8071,79687921.32000001,59173538.62,29293831.0,2.02,disagree,out,,0,
1199004,FMN,Federated Hermes Premier Municipal Income Fund,,,,,,"excluded: no domestic filings (foreign filer, fund, or shell)",out,,0,
1409375,OESX,"ORION ENERGY SYSTEMS, INC.",3640,109633757.66,109633757.66,4089286.0,26.81,sized,out,,0,
2026514,NAMM,Namib Minerals,1040,,,,,"excluded: no domestic filings (foreign filer, fund, or shell)",out,,0,
54187,MAYS,MAYS J W INC,6512,82546191.0,82546191.0,2015780.0,40.95,sized,out,,0,
1720580,ACET,"Adicet Bio, Inc.",2834,53734952.6,53734952.6,9361490.0,5.74,sized,out,,0,
711034,THMG,THUNDER MOUNTAIN GOLD INC,1000,,,,,excluded: not a common-stock listing (vendor type OS),out,,0,
849146,LFVN,Lifevantage Corp,2834,75410769.56,75038814.52,12527348.0,5.99,sized,out,,0,
1131343,ATHE,ALTERITY THERAPEUTICS LTD,2834,,,,,"excluded: no domestic filings (foreign filer, fund, or shell)",out,,0,
1429764,BLNK,Blink Charging Co.,3690,69193743.0184,69193743.0184,144938716.0,0.4774,sized,out,,0,
1675033,GECC,Great Elm Capital Corp.,,,,,,"excluded: investment company (files 40-17G, N-2)",out,,0,
714712,JUVF,JUNIATA VALLEY FINANCIAL CORP,6022,,,5034291.0,,unsized,out,,0,counting failure; never a member
2051587,BSAA,BEST SPAC I Acquisition Corp.,8200,82726410.0,,,,sized,out,,0,
2024306,JFB,JFB Construction Holdings,1540,,,20230403.0,,unsized,out,,0,counting failure; never a member
2088626,PECE,Peace Acquisition Corp.,6770,,,,,excluded: blank-check company (SIC 6770),out,,0,
1993400,FATN,Fatpipe Inc/UT,7372,72196471.48,72196471.48,14128468.0,5.11,sized,out,,0,
1339688,LCGMF,LION COPPER & GOLD CORP.,1000,,,15973289.703703703,,unsized,out,,0,counting failure; never a member
806172,SOTK,SONO TEK CORP,3559,107188050.86,107188050.86,15716723.0,6.82,sized,out,,0,
1660334,VRCA,Verrica Pharmaceuticals Inc.,2834,71807325.47999999,71807325.47999999,17178786.0,4.18,sized,out,,0,
1380106,RPID,"RAPID MICRO BIOSYSTEMS, INC.",3826,43222489.405200005,,,0.8617,sized,out,,0,
1982961,EGG,ENIGMATIG LTD,8742,,,,,"excluded: no domestic filings (foreign filer, fund, or shell)",out,,0,
1884122,VCUFF,Vizsla Copper Corp.,,,,,,"excluded: no domestic filings (foreign filer, fund, or shell)",out,,0,
1296774,NCTY,The9 LTD,6199,,,,,"excluded: no domestic filings (foreign filer, fund, or shell)",out,,0,
1354866,BYRN,Byrna Technologies Inc.,3690,110704486.42000002,110704486.42000002,23404754.0,4.73,sized,out,,0,
1235912,CVRX,"CVRx, Inc.",3841,44757882.96,44757882.96,26641597.0,1.68,sized,out,,0,
707605,ASRV,AMERISERV FINANCIAL INC /PA/,6021,75557738.15,75557738.15,16979267.0,4.45,sized,out,,0,
2036973,UYSC,UY Scuti Acquisition Corp.,6770,,,,,excluded: blank-check company (SIC 6770),out,,0,
1936224,SRFM,SURF AIR MOBILITY INC.,4522,123482894.535,93318893.4535,100396873.0,0.9295,sized,out,,0,
1672909,CPHC,Canterbury Park Holding Corp,7948,81696509.51280001,81696509.51280001,5183394.0,15.7612,sized,out,,0,
2014337,NPT,Texxon Holding Ltd,5160,,,,,"excluded: no domestic filings (foreign filer, fund, or shell)",out,,0,
1862150,CING,Cingulate Inc.,2834,70964110.88,70964110.88,14541826.0,4.88,sized,out,,0,
1878313,MAIA,"MAIA Biotechnology, Inc.",2834,71003237.89999999,69949720.6,60825844.0,1.15,sized,out,,0,
1088034,USIO,"Usio, Inc.",6099,80926975.75999999,80926975.75999999,28495414.0,2.84,sized,out,,0,
2043630,APAC,StoneBridge Acquisition II Corp,6770,,,,,excluded: blank-check company (SIC 6770),out,,0,
912967,FBSI,FIRST BANCSHARES INC /MO/,6036,,,1550815.0,,unsized,out,,0,counting failure; never a member
1843724,LNZA,"LanzaTech Global, Inc.",2860,79058544.52,79058544.52,13089163.0,6.04,sized,out,,0,
1528811,VGI,Virtus Global Multi-Sector Income Fund,,,,,,"excluded: no domestic filings (foreign filer, fund, or shell)",out,,0,
50292,IEHC,IEH Corp,3678,,,2477749.0,,unsized,out,,0,counting failure; never a member
1915328,ISRLF,Israel Acquisitions Corp,6770,,,,,excluded: blank-check company (SIC 6770),out,,0,
2076192,WSTN,Westin Acquisition Corp,8011,81063283.25,82563750.0,8055000.0,10.25,sized,out,,0,
1499780,GLBS,GLOBUS MARITIME LTD,4412,,,,,"excluded: no domestic filings (foreign filer, fund, or shell)",out,,0,
1500375,HFBL,"Home Federal Bancorp, Inc. of Louisiana",6035,73219151.04,,3030594.0,,sized,out,,0,
1979332,CPBI,"Central Plains Bancshares, Inc.",6035,77760860.0,83444720.0,4172236.0,20.0,sized,out,,0,
2034520,GIBO,GIBO HOLDINGS Ltd,7372,,,,,"excluded: no domestic filings (foreign filer, fund, or shell)",out,,0,
2027265,MB,MASTERBEEF GROUP,5812,,,,,"excluded: no domestic filings (foreign filer, fund, or shell)",out,,0,
949961,IOR,INCOME OPPORTUNITY REALTY INVESTORS INC /TX/,6798,70629511.86,,4066178.0,,sized,out,,0,
1690080,FRMM,FORUM MARKETS Inc,6199,59263276.52,59263276.52,13198948.0,4.49,sized,out,,0,
930245,AASP,Agassi Sports Entertainment Corp.,5900,,,13096824.0,,unsized,out,,0,counting failure; never a member
879535,DTF,DTF TAX-FREE INCOME 2028 TERM FUND INC,,,,,,"excluded: no domestic filings (foreign filer, fund, or shell)",out,,0,
1456189,LEAT,Leatt Corp,3751,,,6229556.0,,unsized,out,,0,counting failure; never a member
1855447,TYGO,"TIGO ENERGY, INC.",3674,68635697.634,68635697.634,76773711.0,0.894,sized,out,,0,
1701599,AZASF,Arizona Gold & Silver Inc.,,,,,,"excluded: no domestic filings (foreign filer, fund, or shell)",out,,0,
2015502,LPAA,Launch One Acquisition Corp.,6770,,,,,excluded: blank-check company (SIC 6770),out,,0,
1621888,CFSU,Complete Financial Solutions Inc.,,,,,,"excluded: no domestic filings (foreign filer, fund, or shell)",out,,0,
1940177,PODC,"PodcastOne, Inc.",7370,66253404.24,66253404.24,30252696.0,2.19,sized,out,,0,
1948455,ISPR,Ispire Technology Inc.,2111,84321527.66,84321527.66,57754471.0,1.46,sized,out,,0,
2041208,TREO,Tactical Resources Corp.,1000,,,,,"excluded: no domestic filings (foreign filer, fund, or shell)",out,,0,
1697851,REKR,"Rekor Systems, Inc.",3669,45640261.742,45640261.742,137636495.0,0.3316,sized,out,,0,
1829794,EMPD,Empery Digital Inc.,6199,88704349.64999999,88546849.64999999,28110111.0,3.15,sized,out,,0,
2029471,HMR,Heidmar Maritime Holdings Corp.,4412,,,,,"excluded: no domestic filings (foreign filer, fund, or shell)",out,,0,
1943802,FSEA,"First Seacoast Bancorp, Inc.",6035,,,4704425.0,,unsized,out,,0,counting failure; never a member
1684144,ZOMDF,Zomedica Corp.,2834,,,,,excluded: not a common-stock listing (vendor type OS),out,,0,
1971532,TELO,"Telomir Pharmaceuticals, Inc.",2834,84660994.39999999,79091199.39999999,68774956.0,1.15,sized,out,,0,
72633,NRT,NORTH EUROPEAN OIL ROYALTY TRUST,6792,,,,,excluded: royalty trust (SIC 6792),out,,0,
1335105,NMAD,"NOMAD POWER SOLUTIONS, INC.",2834,68751560.36,68751560.36,16101068.0,4.27,sized,out,,0,
1224133,MCHX,MARCHEX INC,7372,60299530.400000006,,,1.36,sized,out,,0,
1849296,OKYO,OKYO Pharma Ltd,2836,,,,,"excluded: no domestic filings (foreign filer, fund, or shell)",out,,0,
1579157,VNCE,VINCE HOLDING CORP.,5600,149382403.45999998,149382403.45999998,12944749.0,11.54,sized,out,,0,
1889112,RENEF,Cartesian Growth Corp II,6770,,,,,excluded: blank-check company (SIC 6770),out,,0,
2059165,SSEA,STARRY SEA ACQUISITION CORP,6770,,,,,excluded: blank-check company (SIC 6770),out,,0,
1002366,REVFF,Gitennes Exploration Inc.,,,,,,"excluded: no domestic filings (foreign filer, fund, or shell)",out,,0,
2049560,TUNGF,American Tungsten Corp.,,,,,,"excluded: no domestic filings (foreign filer, fund, or shell)",out,,0,
910406,HAIN,HAIN CELESTIAL GROUP INC,2000,50260553.1687,50260553.1687,91002269.0,0.5523,sized,out,,0,
1484612,OM,"Outset Medical, Inc.",3845,76880400.75999999,76880400.75999999,18797164.0,4.09,sized,out,,0,
1145255,HNNA,HENNESSY ADVISORS INC,6282,80704026.10000001,80704026.10000001,7904410.0,10.21,sized,out,,0,
2077709,ROC,Rank One Computing Corp,7372,67734450.85,67734450.85,19080127.0,3.55,sized,out,,0,
1331421,SDCO,"SDR Drone, Inc.",3721,,,,,excluded: no Section 16 filings,out,,0,
1549966,SAMG,Silvercrest Asset Management Group Inc.,6282,79703958.58,,,10.19,sized,out,,0,
353184,AIRT,AIR T INC,4513,82270489.59,81820131.48,2681748.0,30.51,sized,out,,0,
1601485,ELTX,"Elicio Therapeutics, Inc.",2834,47570206.42,47570206.42,26281882.0,1.81,sized,out,,0,
1749723,NFE,New Fortress Energy Inc.,4924,24678833.76,24678833.76,5712693.0,4.32,sized,out,,0,"cover count 285,634,650 as of 2026-07-31 restated 0.02x through the split(s) since"
1856031,SEAT,Vivid Seats Inc.,7990,37545591.3,37545591.3,11241195.0,3.34,sized,out,,0,
891482,FLL,FULL HOUSE RESORTS INC,7011,44706265.6,44706265.6,36644480.0,1.22,sized,out,,0,
2092314,WATR,Air Water Ventures Ltd,2080,,,,,"excluded: no domestic filings (foreign filer, fund, or shell)",out,,0,
1907425,JOCM,JOCOM HOLDINGS CORP.,7380,,,,,excluded: no Section 16 filings,out,,0,
1775194,UPXI,"UPEXI, INC.",6199,88670671.92,88670671.92,82102474.0,1.08,sized,out,,0,
1861795,DH,Definitive Healthcare Corp.,7372,103147416.1719,103147416.1719,106744713.0,0.9663,sized,out,,0,
1594856,VMXXF,VALHALLA METALS INC.,,,,,,"excluded: no domestic filings (foreign filer, fund, or shell)",out,,0,
2053927,WTG,Wintergreen Acquisition Corp.,7370,78132393.75,,1708575.0,,sized,out,,0,
356037,CSPI,CSP INC /MA/,7373,74899192.35,74899192.35,10080645.0,7.43,sized,out,,0,
1158172,SCOR,"COMSCORE, INC.",7389,61648363.559999995,61648363.559999995,15184326.0,4.06,sized,out,,0,
1507957,IPWR,Ideal Power Inc.,3674,60643876.949999996,60643876.949999996,16434655.0,3.69,sized,out,,0,
1627868,NCAUF,Newcore Gold Ltd.,,,,,,"excluded: no domestic filings (foreign filer, fund, or shell)",out,,0,
875582,NTIC,NORTHERN TECHNOLOGIES INTERNATIONAL CORP,3470,72742722.74,72742722.74,9496439.0,7.66,sized,out,,0,
1822523,AFCG,Advanced Flower Capital Inc.,0000,,,,,excluded: investment company (files 40-17G),out,,0,
1213037,CRDF,"Cardiff Oncology, Inc.",2836,82462963.94,82462963.94,77795249.0,1.06,sized,out,,0,
1011060,NORD,Nordicus Partners Corp,8742,,,19443896.0,,unsized,out,,0,counting failure; never a member
791718,EEA,"EUROPEAN EQUITY FUND, INC / MD",,,,,,"excluded: no domestic filings (foreign filer, fund, or shell)",out,,0,
1351636,SSTI,"SOUNDTHINKING, INC.",7372,109366629.11999999,108732905.39999999,13163790.0,8.26,sized,out,,0,
1851484,CTOR,"CITIUS ONCOLOGY, INC.",2834,88308749.97,77639305.34,92981204.0,0.835,sized,out,,0,
1898643,MOB,Mobilicom Ltd,3721,,,,,"excluded: no domestic filings (foreign filer, fund, or shell)",out,,0,
1904501,ZTEK,Zentek Ltd.,2890,,,,,"excluded: no domestic filings (foreign filer, fund, or shell)",out,,0,
2086841,CBAT,CBAK Energy Technology Ltd,3690,93078127.8,,,1.05,sized,out,,0,successor issuer: no Form 4s under this CIK; the panel resolves the predecessor
1716951,OCCI,"OFS Credit Company, Inc.",,,,,,"excluded: no domestic filings (foreign filer, fund, or shell)",out,,0,
1288795,GLV,Clough Global Dividend & Income Fund,,,,,,"excluded: no domestic filings (foreign filer, fund, or shell)",out,,0,
1769731,AMTD,AMTD IDEA GROUP,6199,,,,,"excluded: no domestic filings (foreign filer, fund, or shell)",out,,0,
1282648,BATL,BATTALION OIL CORP,1311,59000619.65,59000619.65,57282155.0,1.03,sized,out,,0,
1562530,WTHVF,Westhaven Gold Corp.,,,,,,"excluded: no domestic filings (foreign filer, fund, or shell)",out,,0,
924383,GNSS,Genasys Inc.,3651,63986522.645,63986522.645,45542009.0,1.405,sized,out,,0,
101594,BSIN,BIG SKY INDUSTRIAL INC.,1311,76115470.6,76115470.6,52493428.0,1.45,sized,out,,0,
1933567,NRXS,"Neuraxis, INC",3845,85016069.05,85016069.05,12557765.0,6.77,sized,out,,0,
1918414,NBRG,Newbridge Acquisition Ltd,7372,76141662.5,,1437500.0,,sized,out,,0,
1836295,RTGN,RetinalGenix Technologies Inc.,3841,,,,,excluded: no Section 16 filings,out,,0,
1530185,ATVK,"Globaltek Ventures, Inc.",3714,,,613226791.0,,unsized,out,,0,counting failure; never a member
1074692,CEV,Eaton Vance California Municipal Income Trust,,,,,,"excluded: no domestic filings (foreign filer, fund, or shell)",out,,0,
1226616,MNOV,MEDICINOVA INC,2834,75800718.84,75800718.84,49221246.0,1.54,sized,out,,0,
1400438,LGO,Largo Inc.,1400,,,,,"excluded: no domestic filings (foreign filer, fund, or shell)",out,,0,
1386301,RSSS,"Research Solutions, Inc.",7389,68538218.07,68538218.07,33762669.0,2.03,sized,out,,0,
2064177,BPAC,Blueport Acquisition Ltd,6770,,,,,excluded: blank-check company (SIC 6770),out,,0,
1852016,AEAE,AltEnergy Acquisition Corp,3714,,,,,unsized,out,,0,counting failure; never a member
942895,REDW,REDWOOD FINANCIAL INC /MN/,6035,,,,,"excluded: no domestic filings (foreign filer, fund, or shell)",out,,0,
1738699,WKEY,Wisekey International Holding S.A.,7374,,,,,unsized,out,,0,counting failure; never a member
828146,LINK,INTERLINK ELECTRONICS INC,3577,78924579.09,78924579.09,15753409.0,5.01,sized,out,,0,
1397016,OPXS,Optex Systems Holdings Inc,3827,69598730.0,69598730.0,6959873.0,10.0,sized,out,,0,
839470,WWR,"WESTWATER RESOURCES, INC.",1000,58445573.0818,58445573.0818,128564833.0,0.4546,sized,out,,0,
1774675,SKIL,Skillsoft Corp.,7372,55876726.16,55876726.16,9100444.0,6.14,sized,out,,0,
1477845,ANVS,"Annovis Bio, Inc.",2834,49934499.029999994,49849197.839999996,42606152.0,1.17,sized,out,,0,
814676,CPSH,CPS TECHNOLOGIES CORP/DE/,3260,69796591.2,69796591.2,19387942.0,3.6,sized,out,,0,
91668,SODI,SOLITRON DEVICES INC,3674,,,2152703.0,,unsized,out,,0,counting failure; never a member
1892747,VMCAF,Valuence Merger Corp. I,6770,,,,,excluded: blank-check company (SIC 6770),out,,0,
861972,SRLZF,Salazar Resources Ltd,,,,,,"excluded: no domestic filings (foreign filer, fund, or shell)",out,,0,
939930,PYYX,"PYXUS INTERNATIONAL, INC.",5150,,,24607791.0,,unsized,out,,0,counting failure; never a member
917225,XPL,SOLITARIO RESOURCES CORP.,1040,52549876.965,52549876.965,94684463.0,0.555,sized,out,,0,
1972234,VHUB,"VenHub Global, Inc.",3590,,,,,excluded: no Section 16 filings,out,,0,
2099818,YARRF,Pirate Gold Corp.,,,,,,"excluded: no domestic filings (foreign filer, fund, or shell)",out,,0,
1868395,YIBO,Planet Image International Ltd,3577,,,,,"excluded: no domestic filings (foreign filer, fund, or shell)",out,,0,
1751707,OZVN,OZ VISION INC.,4700,,,,,excluded: no Section 16 filings,out,,0,
1842566,AISP,"Airship AI Holdings, Inc.",7372,78866596.98,78866596.98,34439562.0,2.29,sized,out,,0,
1171326,EUBG,ENTREPRENEUR UNIVERSE BRIGHT GROUP,8742,,,170118287.0,,unsized,out,,0,counting failure; never a member
1288268,IMTCF,Intrepid Metals Corp.,1000,,,,,"excluded: no domestic filings (foreign filer, fund, or shell)",out,,0,
69422,INTG,INTERGROUP CORP,6513,69363651.36,69363651.36,2148812.0,32.28,sized,out,,0,
1632121,BLNC,"Balance Labs, Inc.",8742,,,46852319.0,,unsized,out,,0,counting failure; never a member
1720446,ZEPP,Zepp Health Corp,3571,,,,,"excluded: no domestic filings (foreign filer, fund, or shell)",out,,0,
1866501,WBX,Wallbox N.V.,3690,,,,,"excluded: no domestic filings (foreign filer, fund, or shell)",out,,0,
1022652,INSG,INSEEGO CORP.,3669,78425911.1,73235840.32,16420592.0,4.46,sized,out,,0,
1944885,APLM,Apollomics Inc.,2834,,,,,"excluded: no domestic filings (foreign filer, fund, or shell)",out,,0,
2035644,RANG,Range Capital Acquisition Corp.,6770,,,,,excluded: blank-check company (SIC 6770),out,,0,
1872529,MDXH,MDxHealth SA,8071,,,,,"excluded: no domestic filings (foreign filer, fund, or shell)",out,,0,
1696558,JRSH,"Jerash Holdings (US), Inc.",2300,76453638.8,76453638.8,12699940.0,6.02,sized,out,,0,
2051380,PEW,GrabAGun Digital Holdings Inc.,5940,55485263.44,55485263.44,29513438.0,1.88,sized,out,,0,
927719,DWNX,DELHI BANK CORP,6021,,,,,"excluded: no domestic filings (foreign filer, fund, or shell)",out,,0,
1506929,VRDR,"VERDE RESOURCES, INC.",1040,,,1304292407.0,,unsized,out,,0,counting failure; never a member
1620463,LONA,"LeonaBio, Inc.",2836,54174562.25,54174562.25,9421663.0,5.75,sized,out,,0,
1134765,CHUC,"Charlie's Holdings, Inc.",2833,,,280553242.0,,unsized,out,,0,counting failure; never a member
889348,CVU,CPI AEROSTRUCTURES INC,3728,67573643.39999999,67573643.39999999,13249734.0,5.1,sized,out,,0,
1436229,BTCS,BTCS Inc.,6199,67164084.48,67164084.48,52471941.0,1.28,sized,out,,0,
1936804,SDA,SunCar Technology Group Inc.,7500,,,,,"excluded: no domestic filings (foreign filer, fund, or shell)",out,,0,
1533998,DRIO,DarioHealth Corp.,3841,53211181.83,53211181.83,9799481.0,5.43,sized,out,,0,
1701108,SPRO,"Spero Therapeutics, Inc.",2834,66387702.779999994,66387702.779999994,58234827.0,1.14,sized,out,,0,
1036044,INVE,"Identiv, Inc.",3577,57438734.61,57438734.61,24235753.0,2.37,sized,out,,0,
1066684,TGLO,THEGLOBE COM INC,7310,,,441480473.0,,unsized,out,,0,counting failure; never a member
1607997,NMS,Nuveen Minnesota Quality Municipal Income Fund,,,,,,"excluded: no domestic filings (foreign filer, fund, or shell)",out,,0,
1737319,CUAUF,C3 Metals Inc.,,,,,,"excluded: no domestic filings (foreign filer, fund, or shell)",out,,0,
1699382,PMVP,"PMV Pharmaceuticals, Inc.",2834,79652506.42,79652506.42,53458058.0,1.49,sized,out,,0,
1746473,PLRX,"PLIANT THERAPEUTICS, INC.",2834,61921897.0,61921897.0,61921897.0,1.0,sized,out,,0,
1420565,RNTX,"Rein Therapeutics, Inc.",2834,66365227.717599995,66365227.717599995,86267032.0,0.7693,sized,out,,0,
1734520,ALYAF,Alithya Group inc,7370,,,,,"excluded: no domestic filings (foreign filer, fund, or shell)",out,,0,
34956,TENX,"TENAX THERAPEUTICS, INC.",2834,69608485.62,69608485.62,37423917.0,1.86,sized,out,,0,
1755058,AUC,ATIF Holdings Ltd,8742,94367362.95,158454685.8,17317452.0,9.15,disagree,out,,0,
1863218,SFWL,SHENGFENG DEVELOPMENT Ltd,4210,,,,,"excluded: no domestic filings (foreign filer, fund, or shell)",out,,0,
1795091,OSTX,OS Therapies Inc,2834,75824472.60000001,74723836.5,46125825.0,1.62,sized,out,,0,
1849867,CLST,"Catalyst Bancorp, Inc.",6035,68372757.45,68372757.45,4033791.0,16.95,sized,out,,0,
1626878,XBIT,XBiotech Inc.,2834,67073008.2,67073008.2,30487731.0,2.2,sized,out,,0,
1839799,GRSD,GRANDSTAND Ltd,7990,,,,,"excluded: no domestic filings (foreign filer, fund, or shell)",out,,0,
2018462,PCLA,PicoCELA Inc.,3640,,,,,"excluded: no domestic filings (foreign filer, fund, or shell)",out,,0,
1420720,IBIO,"iBio, Inc.",2834,59162675.52,59162675.52,64307256.0,0.92,sized,out,,0,
1846235,IMAQ,International Media Acquisition Corp.,7812,,,6836594.0,,unsized,out,,0,counting failure; never a member
1865429,OAKV,"Oak View Bankshares, Inc.",6021,,,,,"excluded: no domestic filings (foreign filer, fund, or shell)",out,,0,
1708599,SER,"Serina Therapeutics, Inc.",2834,51054950.73,51054950.73,25400473.0,2.01,sized,out,,0,
1944712,BIYA,Baiya International Group Inc.,7361,,,,,"excluded: no domestic filings (foreign filer, fund, or shell)",out,,0,
771856,CSBR,"CHAMPIONS ONCOLOGY, INC.",2836,69314473.62,69314473.62,13918569.0,4.98,sized,out,,0,
1069394,FSI,FLEXIBLE SOLUTIONS INTERNATIONAL INC,2890,77285712.89999999,77273612.89999999,12772498.0,6.05,sized,out,,0,
1881592,NSTS,"NSTS Bancorp, Inc.",6035,,,5253131.0,,unsized,out,,0,counting failure; never a member
1291855,SPCB,SuperCom Ltd,3674,,,,,"excluded: no domestic filings (foreign filer, fund, or shell)",out,,0,
1133311,TZOO,TRAVELZOO,7310,54684526.32,54684526.32,10202337.0,5.36,sized,out,,0,
1927719,CRGO,Freightos Ltd,4731,,,,,"excluded: no domestic filings (foreign filer, fund, or shell)",out,,0,
1001115,GEOS,GEOSPACE TECHNOLOGIES CORP,3829,59762485.86,59762485.86,12935603.0,4.62,sized,out,,0,
1633369,CAST,"FreeCast, Inc.",7374,59421274.379999995,,,1.17,sized,out,,0,
883107,SLSN,"SOLESENCE, INC.",2844,59075059.02900001,59075059.02900001,70647045.0,0.8362,sized,out,,0,
1941536,BAER,"Bridger Aerospace Group Holdings, Inc.",7389,36119249.96,36119249.96,58826140.0,0.614,sized,out,,0,
727510,VISK,"Viskase Holdings, Inc.",2836,,,14331620.0,,unsized,out,,0,counting failure; never a member
1467093,SRCRF,Scorpio Gold Corp,1040,,,,,"excluded: no domestic filings (foreign filer, fund, or shell)",out,,0,
1795251,NNOX,Nano-X Imaging Ltd.,3844,,,,,"excluded: no domestic filings (foreign filer, fund, or shell)",out,,0,
8504,UAVS,AgEagle Aerial Systems Inc.,3721,52243188.833000004,52243188.833000004,62905706.0,0.8305,sized,out,,0,
1947210,ROLR,"High Roller Technologies, Inc.",7900,49080442.85,49080442.85,11029313.0,4.45,sized,out,,0,
1523289,DMA,Destra Multi-Alternative Fund,,,,,,"excluded: no domestic filings (foreign filer, fund, or shell)",out,,0,
1013880,TTEC,"TTEC Holdings, Inc.",7363,71972072.39999999,71972072.39999999,49295940.0,1.46,sized,out,,0,
1831096,GEG,"Great Elm Group, Inc.",7372,63927033.599999994,66854013.5,31094890.0,2.15,sized,out,,0,
1035354,ELOX,"Eloxx Pharmaceuticals, Inc.",2836,52163246.519999996,61273447.62,4036459.0,15.18,sized,out,,0,
1272842,AIRG,AIRGAIN INC,3663,52138931.32,52138931.32,13100234.0,3.98,sized,out,,0,
2038919,DFSLY,Defeng Solife Holdings Limited/ADR,,,,,,"excluded: no domestic filings (foreign filer, fund, or shell)",out,,0,
1570505,PLLMF,EDGE COPPER Corp,,,,,,"excluded: no domestic filings (foreign filer, fund, or shell)",out,,0,
1888654,FEAM,"5E Advanced Materials, Inc.",1400,137852798.01,137852798.01,41647371.0,3.31,sized,out,,0,
785557,DLHC,DLH Holdings Corp.,7363,61595398.75,61595398.75,14493035.0,4.25,sized,out,,0,
1557523,PGZ,Principal Real Estate Income Fund,,,,,,"excluded: no domestic filings (foreign filer, fund, or shell)",out,,0,
1782303,BOLD,"Boundless Bio, Inc.",2834,58689801.300000004,58689801.300000004,22747985.0,2.58,sized,out,,0,
1541190,SYHBF,SKYHARBOUR RESOURCES LTD,,,,,,"excluded: no domestic filings (foreign filer, fund, or shell)",out,,0,
1687451,ZKIN,"ZK International Group Co., Ltd.",3490,,,,,"excluded: no domestic filings (foreign filer, fund, or shell)",out,,0,
1001233,SGMOQ,"SANGAMO THERAPEUTICS, INC",2836,,,414288847.0,,unsized,out,,0,counting failure; never a member
1787803,WNW,Meiwu Technology Co Ltd,2840,,,,,"excluded: no domestic filings (foreign filer, fund, or shell)",out,,0,
1658678,BSEM,"BioStem Technologies, Inc.",2836,49294410.0,47122603.440000005,17849471.0,2.64,sized,out,,0,
1871638,BZAI,"Blaize Holdings, Inc.",3674,41552311.9891,41552311.9891,144832039.0,0.2869,sized,out,,0,
1778940,NRRSF,Norsemont Mining Inc.,,,,,,"excluded: no domestic filings (foreign filer, fund, or shell)",out,,0,
2019505,HIT,"Health In Tech, Inc.",6411,49006204.8957,,,0.7493,sized,out,,0,
1765850,AURE,Aurelion Inc.,6199,,,,,"excluded: no domestic filings (foreign filer, fund, or shell)",out,,0,
1720250,KNDI,"Kandi Technologies Group, Inc.",3714,,,,,"excluded: no domestic filings (foreign filer, fund, or shell)",out,,0,
1711754,INMB,"Inmune Bio, Inc.",2836,50789433.870000005,50789433.870000005,27753789.0,1.83,sized,out,,0,
1031235,SELF,"Global Self Storage, Inc.",6798,,,,,"excluded: investment company (files 40-17G, N-2)",out,,0,
1575793,WATT,Energous Corp,3663,62566443.72,62566443.72,5527071.0,11.32,sized,out,,0,
5981,AVD,AMERICAN VANGUARD CORP,2870,50446080.72,48802651.019999996,28539562.0,1.71,sized,out,,0,
1835579,IMA,"ImageneBio, Inc.",2836,48357202.559999995,48357202.559999995,11351456.0,4.26,sized,out,,0,
1715925,HYFT,MindWalk Holdings Corp.,2834,,,,,"excluded: no domestic filings (foreign filer, fund, or shell)",out,,0,
1807765,PMVC,PMV Consumer Acquisition Corp.,6770,,,,,excluded: blank-check company (SIC 6770),out,,0,
1891856,GENK,"GEN Restaurant Group, Inc.",5812,8583692.8,,,1.6,sized,out,,0,
1711141,LEEEF,Leef Brands Inc.,2833,,,,,excluded: not a common-stock listing (vendor type OS),out,,0,
1807887,LASE,Laser Photonics Corp,3690,45108396.303,37307131.846,50177716.0,0.7435,sized,out,,0,
881787,CRT,CROSS TIMBERS ROYALTY TRUST,6792,,,,,excluded: royalty trust (SIC 6792),out,,0,
1907184,ELBM,Electra Battery Materials Corp,1400,,,,,"excluded: no domestic filings (foreign filer, fund, or shell)",out,,0,
1676047,NTRB,NutriBand Inc.,3842,73541882.14999999,73541882.14999999,12155683.0,6.05,sized,out,,0,
1839154,NKGFF,Nevada King Gold Corp.,,,,,,"excluded: no domestic filings (foreign filer, fund, or shell)",out,,0,
797542,QXL,QUANTUM X LABS INC.,7372,89506477.9,89506477.9,21567826.0,4.15,sized,out,,0,
1516899,YTRA,"Yatra Online, Inc.",4700,,,,,"excluded: no domestic filings (foreign filer, fund, or shell)",out,,0,
1874875,HOUR,"Hour Loop, Inc",5961,64630389.502000004,64630389.502000004,35199820.0,1.8361,sized,out,,0,
1999860,WYHG,Wing Yip Food Holdings Group Ltd,2013,,,,,"excluded: no domestic filings (foreign filer, fund, or shell)",out,,0,
1703292,ALGRF,KENADYR METALS CORP,,,,,,"excluded: no domestic filings (foreign filer, fund, or shell)",out,,0,
1360565,WFCF,"Where Food Comes From, Inc.",7372,69665485.37,70499471.24,5039276.0,13.99,sized,out,,0,
1857030,INCR,Intercure Ltd.,2834,,,,,"excluded: no domestic filings (foreign filer, fund, or shell)",out,,0,
1750106,AEI,Alset Inc.,6500,26849791.449,26849791.449,38895830.0,0.6903,sized,out,,0,
2093507,GLND,Greenland Energy Co,1381,113917155.37,113917155.37,43730194.0,2.605,sized,out,,0,
2031688,ANPA,Rich Sparkle Holdings Ltd,7380,,,,,"excluded: no domestic filings (foreign filer, fund, or shell)",out,,0,
1103795,QSEP,"QS Energy, Inc.",3533,,,565305854.0,,unsized,out,,0,counting failure; never a member
12239,DOMH,Dominari Holdings Inc.,6211,52123838.9,52123838.9,24243646.0,2.15,sized,out,,0,
2010788,EXOZ,EXOZYMES INC.,2836,49035774.269999996,48912761.93,9281359.0,5.27,sized,out,,0,
1881551,STI,Solidion Technology Inc.,3690,51915341.54,49203816.38,8512771.0,5.78,sized,out,,0,
1490161,SOWG,Sow Good Inc.,2000,44219764.6,44219764.6,20099893.0,2.2,sized,out,,0,
1814423,IH,iHuman Inc.,8200,,,,,"excluded: no domestic filings (foreign filer, fund, or shell)",out,,0,
1427925,TLPH,"TALPHERA, INC.",2834,56058259.68000001,56058259.68000001,51905796.0,1.08,sized,out,,0,
1133062,JANL,JANEL CORP,7389,,,1186354.0,,unsized,out,,0,counting failure; never a member
1644771,RSF,"RiverNorth Capital & Income Fund, Inc.",,,,,,"excluded: no domestic filings (foreign filer, fund, or shell)",out,,0,
2094107,BSPA,"Ballston Spa Bancorp, Inc.",6022,,,,,excluded: no Section 16 filings,out,,0,
1462418,ASPS,ALTISOURCE PORTFOLIO SOLUTIONS S.A.,7380,65038073.17,65038073.17,11420206.0,5.695,sized,out,,0,
1969928,TJGC,TJGC GROUP Ltd,7311,,,,,"excluded: no domestic filings (foreign filer, fund, or shell)",out,,0,
2055116,KG,Kestrel Group Ltd,6331,39589591.8,39589591.8,7824030.0,5.06,sized,out,,0,
818033,HRTX,"HERON THERAPEUTICS, INC. /DE/",2834,68005096.3674,68005096.3674,189852307.0,0.3582,sized,out,,0,
1605888,CIRC,CIRCLE8 GROUP INC,7363,52402584.910000004,51025487.658,114406923.0,0.446,sized,out,,0,
1823878,MYPS,"PLAYSTUDIOS, Inc.",7372,50811339.510000005,,,4.23,sized,out,,0,
1698022,FMFG,"Farmers & Merchants Bancshares, Inc.",6036,,,3262958.0,,unsized,out,,0,counting failure; never a member
1998043,PDCC,Pearl Diver Credit Co Inc.,,,,,,"excluded: no domestic filings (foreign filer, fund, or shell)",out,,0,
1840233,XLO,"Xilio Therapeutics, Inc.",2834,59287178.53,52100424.11,5782511.0,9.01,sized,out,,0,
1844392,MRAI,"Marpai, Inc.",8090,,,26829834.0,,unsized,out,,0,counting failure; never a member
1962481,BOF,BranchOut Food Inc.,2000,57559359.24,54218746.2,15316030.0,3.54,sized,out,,0,
1173204,CNVS,Cineverse Corp.,7841,45878776.91,45878776.91,23771387.0,1.93,sized,out,,0,
1520048,PVL,Permianville Royalty Trust,1311,60060000.0,,,1.82,sized,out,,0,
1840229,INKT,"MiNK Therapeutics, Inc.",2836,56133022.0,56133022.0,5103002.0,11.0,sized,out,,0,
1454938,TEAD,Teads Holding Co.,7370,53886806.519,53886806.519,98065162.0,0.5495,sized,out,,0,
1026980,APWC,ASIA PACIFIC WIRE & CABLE CORP LTD,3357,,,,,"excluded: no domestic filings (foreign filer, fund, or shell)",out,,0,
2030277,LFS,"LEIFRAS Co., Ltd.",8200,,,,,"excluded: no domestic filings (foreign filer, fund, or shell)",out,,0,
863900,MXE,MEXICO EQUITY & INCOME FUND INC,,,,,,"excluded: no domestic filings (foreign filer, fund, or shell)",out,,0,
1737995,SKYA,"SkyAI, Inc.",6199,73088285.14,72640435.14,42982506.0,1.69,sized,out,,0,
1023109,CVVUF,CANALASKA URANIUM LTD,1000,,,,,"excluded: no domestic filings (foreign filer, fund, or shell)",out,,0,
1041859,PLCE,"Childrens Place, Inc.",5651,42695168.64,42695168.64,22237067.0,1.92,sized,out,,0,
2024203,CAPN,Cayson Acquisition Corp,6770,,,,,excluded: blank-check company (SIC 6770),out,,0,
1474903,BGSF,"BGSF, INC.",7363,50942479.05,50914889.37,10673981.0,4.77,sized,out,,0,
1895597,ICG,Intchains Group Ltd,3674,,,,,"excluded: no domestic filings (foreign filer, fund, or shell)",out,,0,
1931055,MDNC,Medinotec Inc.,3841,,,11755548.0,,unsized,out,,0,counting failure; never a member
886136,SGA,SAGA COMMUNICATIONS INC,4832,53407099.2,53407099.2,6357988.0,8.4,sized,out,,0,
1523836,LITB,"LightInTheBox Holding Co., Ltd.",5961,,,,,"excluded: no domestic filings (foreign filer, fund, or shell)",out,,0,
1162896,PROP,Prairie Operating Co.,1311,45931349.672,45931349.672,112798010.0,0.4072,sized,out,,0,
27367,DXR,DAXOR CORP,,,,,,"excluded: investment company (files 40-17G, N-2)",out,,0,
1040896,IDN,"Intellicheck, Inc.",7372,46410841.47,46410841.47,20266743.0,2.29,sized,out,,0,
1328792,TPCS,TECHPRECISION CORP,3440,58975579.02,58783810.02,10100311.0,5.82,sized,out,,0,
1970743,RMXI,"RMX INDUSTRIES, INC.",7370,,,,,excluded: no Section 16 filings,out,,0,
1442492,LRDC,"Laredo Oil, Inc.",1311,,,,,excluded: no Section 16 filings,out,,0,
1893899,WAMFF,Alaska Silver Corp.,1040,,,,,excluded: no Section 16 filings,out,,0,
1577445,ODYS,Odysight.ai Inc.,7373,43193745.849999994,43193745.849999994,16806905.0,2.57,sized,out,,0,
1822791,CLNN,Clene Inc.,2834,55150246.28,49852230.44,12848513.0,3.88,sized,out,,0,
1850059,FSHP,Flag Ship Acquisition Corp,6770,,,,,excluded: blank-check company (SIC 6770),out,,0,
1840877,COCH,"Envoy Medical, Inc.",3842,50894685.672,50763165.672,77194595.0,0.6576,sized,out,,0,
101984,UEIC,UNIVERSAL ELECTRONICS INC,3651,70738990.38000001,70738990.38000001,12885062.0,5.49,sized,out,,0,
1566073,PGZFF,Pan Global Resources Inc.,,,,,,"excluded: no domestic filings (foreign filer, fund, or shell)",out,,0,
1517767,CCIF,Carlyle Credit Income Fund,,,,,,"excluded: no domestic filings (foreign filer, fund, or shell)",out,,0,
1877939,CTM,"Castellum, Inc.",8742,58006147.032,58006147.032,94781286.0,0.612,sized,out,,0,
14177,BRID,BRIDGFORD FOODS CORP,2013,53553308.800000004,53553308.800000004,9076832.0,5.9,sized,out,,0,
1369290,MYO,"MYOMO, INC.",3842,55847074.13999999,55847074.13999999,39607854.0,1.41,sized,out,,0,
1712178,NAAS,NaaS Technology Inc.,5990,,,,,"excluded: no domestic filings (foreign filer, fund, or shell)",out,,0,
1838987,SPWR,SunPower Inc.,1700,58755458.07179999,58755458.07179999,208796937.0,0.2814,sized,out,,0,
1071840,WNDW,"SolarWindow Technologies, Inc.",2860,,,65779045.0,,unsized,out,,0,counting failure; never a member
2012600,RYOJ,"rYojbaba Co., Ltd.",8742,,,,,"excluded: no domestic filings (foreign filer, fund, or shell)",out,,0,
1838716,GNTA,Genenta Science S.p.A.,2836,,,,,"excluded: no domestic filings (foreign filer, fund, or shell)",out,,0,
1574094,RNXT,"RenovoRx, Inc.",3841,60022245.64,60022245.64,45129508.0,1.33,sized,out,,0,
1818644,LIDR,"AEye, Inc.",3714,48772416.605,48580286.04,46488312.0,1.045,sized,out,,0,
1506184,IMMP,IMMUTEP Ltd,2834,,,,,"excluded: no domestic filings (foreign filer, fund, or shell)",out,,0,
18255,CATO,CATO CORP,5621,47390438.62,,,2.38,sized,out,,0,
2048271,WSHP,WeShop Holdings Ltd,5900,,,,,"excluded: no domestic filings (foreign filer, fund, or shell)",out,,0,
1070789,HYOR,HyOrc Corp,8711,,,756039956.0,,unsized,out,,0,counting failure; never a member
1889983,KVACF,Keen Vision Acquisition Corp.,6770,,,,,excluded: blank-check company (SIC 6770),out,,0,
1263364,COPR,Idaho Copper Corp,1000,63659467.56,63659467.56,18778604.0,3.39,sized,out,,0,
1743340,TC,Token Cat Ltd,7389,,,,,"excluded: no domestic filings (foreign filer, fund, or shell)",out,,0,
1841425,VGAS,"Verde Clean Fuels, Inc.",2860,24034086.89,,,1.09,sized,out,,0,
1043961,PRPO,"Precipio, Inc.",3826,41514459.72,41514459.72,1790188.0,23.19,sized,out,,0,
1024672,ELTK,ELTEK LTD,3672,,,,,"excluded: no domestic filings (foreign filer, fund, or shell)",out,,0,
1230058,KANP,KAANAPALI LAND LLC,6552,,,1792613.0,,unsized,out,,0,counting failure; never a member
1640043,PXS,Pyxis Tankers Inc.,4412,,,,,"excluded: no domestic filings (foreign filer, fund, or shell)",out,,0,
1529113,XTIA,"XTI Aerospace, Inc.",7371,30963076.8083,30963076.8083,38477789.0,0.8047,sized,out,,0,
1494891,SRTS,"Sensus Healthcare, Inc.",3841,48892315.230000004,48892315.230000004,16462059.0,2.97,sized,out,,0,
1886190,GGR,Gogoro Inc.,3711,,,,,"excluded: no domestic filings (foreign filer, fund, or shell)",out,,0,
1998781,IBAC,IB Acquisition Corp.,8731,54489531.52,,5008229.0,,sized,out,,0,
2035016,RIBB,Ribbon Acquisition Corp.,6770,,,,,excluded: blank-check company (SIC 6770),out,,0,
1113152,BEWFF,BEWHERE HOLDINGS INC,,,,,,"excluded: no domestic filings (foreign filer, fund, or shell)",out,,0,
1725603,AUXXF,A2 Gold Corp.,,,,,,"excluded: no domestic filings (foreign filer, fund, or shell)",out,,0,
838131,JMM,Nuveen Multi-Market Income Fund,,,,,,"excluded: no domestic filings (foreign filer, fund, or shell)",out,,0,
23197,CMTL,COMTECH TELECOMMUNICATIONS CORP /DE/,3663,35354488.58,35354488.58,29961431.0,1.18,sized,out,,0,
1597095,TOUR,Tuniu Corp,4700,,,,,"excluded: no domestic filings (foreign filer, fund, or shell)",out,,0,
2006413,DRYGF,Dryden Gold Corp.,,,,,,"excluded: no domestic filings (foreign filer, fund, or shell)",out,,0,
884269,APT,ALPHA PRO TECH LTD,3842,61237308.0,61237308.0,10206218.0,6.0,sized,out,,0,
844985,POSC,POSITRON CORP,3845,,,32846326.0,,unsized,out,,0,counting failure; never a member
1491419,LVO,"LiveOne, Inc.",5812,37433183.97,37433183.97,13711789.0,2.73,sized,out,,0,
1285170,ITMSF,INTERMAP TECHNOLOGIES CORP,7374,,,,,"excluded: no domestic filings (foreign filer, fund, or shell)",out,,0,
943535,WHEN,"WORLD HEALTH ENERGY HOLDINGS, INC.",7372,,,,,unsized,out,,0,counting failure; never a member
1789769,TIL,"Instil Bio, Inc.",2836,44489762.559999995,44489762.559999995,6781976.0,6.56,sized,out,,0,
1389545,SDEV,Stablecoin Development Corp,6199,100724719.63,100724719.63,50615437.0,1.99,sized,out,,0,
1784440,BHIC,"BioScience Health Innovations, Inc.",7374,,,,,excluded: no Section 16 filings,out,,0,
1819253,BTMD,biote Corp.,2833,33552779.13,,,1.17,sized,out,,0,
2033515,SORA,AsiaStrategy,5094,,,,,"excluded: no domestic filings (foreign filer, fund, or shell)",out,,0,
1783328,TCRX,"TScan Therapeutics, Inc.",2836,15467225.990999999,5471538.1644,23976942.0,0.2282,disagree,out,,0,
844856,HCMC,Healthier Choices Management Corp.,2100,,,,,unsized,out,,0,counting failure; never a member
1587603,WNRS,"WINNERS, INC.",7900,,,,,"excluded: no domestic filings (foreign filer, fund, or shell)",out,,0,
798528,OMEX,ODYSSEY MARINE EXPLORATION INC,4400,38495682.0451,38495682.0451,58691389.0,0.6559,sized,out,,0,
1783407,SOGP,Sound Group Inc.,7370,,,,,"excluded: no domestic filings (foreign filer, fund, or shell)",out,,0,
1968043,NCEW,New Century Logistics (BVI) Ltd,4731,,,,,"excluded: no domestic filings (foreign filer, fund, or shell)",out,,0,
1082324,VHC,VirnetX Holding Corp,6794,51610910.7,51864585.900000006,4216633.0,12.3,sized,out,,0,
1399520,STKS,"ONE Group Hospitality, Inc.",5812,48167316.480000004,48167316.480000004,31689024.0,1.52,sized,out,,0,
65770,MVIS,"MICROVISION, INC.",3679,40071397.43,31162836.75,23788425.0,1.31,sized,out,,0,
1805651,MKTW,"MARKETWISE, INC.",7372,55183969.36000001,,,19.76,sized,out,,0,
880984,ACFN,"ACORN ENERGY, INC.",8711,48184913.14,47707838.18000001,2509618.0,19.01,sized,out,,0,
1856082,RDEXF,RPX Gold Inc.,,,,,,"excluded: no domestic filings (foreign filer, fund, or shell)",out,,0,
1091596,AURX,"Nuo Therapeutics, Inc.",3841,,,48433777.0,,unsized,out,,0,counting failure; never a member
1758766,STEM,"STEM, INC.",7373,40432324.800000004,40432324.800000004,9626744.0,4.2,sized,out,,0,
1703644,GPMT,Granite Point Mortgage Trust Inc.,6798,34601138.0,34606283.188,4819816.600000001,7.18,sized,out,,0,"cover count 48,198,166 as of 2026-07-28 restated 0.1x through the split(s) since"
1819493,XOS,"Xos, Inc.",3714,45781483.440000005,45781483.440000005,14217852.0,3.22,sized,out,,0,
1509397,LOMLF,Lion One Metals Ltd.,,,,,,"excluded: no domestic filings (foreign filer, fund, or shell)",out,,0,
1580864,VRM,"Vroom, Inc.",5500,46899829.760000005,46660337.92,5207627.0,8.96,sized,out,,0,
1495231,IZEA,"IZEA Worldwide, Inc.",7310,40841190.67,40841190.67,17416286.0,2.345,sized,out,,0,
1378950,PRTS,"CarParts.com, Inc.",5531,66035040.879999995,69282060.88,8065432.0,8.59,sized,out,,0,
1901336,ALCYF,Alchemy Investments Acquisition Corp 1,6770,,,,,excluded: blank-check company (SIC 6770),out,,0,
1833498,MDAI,"Spectral AI, Inc.",3841,52783281.919999994,52783281.919999994,32184928.0,1.64,sized,out,,0,
1178253,SCYX,SCYNEXIS INC,2834,41987349.98,41987349.98,9949609.0,4.22,sized,out,,0,
1846839,STKE,SOL Strategies Inc.,6199,,,,,"excluded: no domestic filings (foreign filer, fund, or shell)",out,,0,
1682639,HYPD,"HYPERION DEFI, INC.",6199,51155934.67,52290195.410000004,15539434.0,3.365,sized,out,,0,
1339970,ATYR,aTYR PHARMA INC,2836,25041719.602500003,25041719.602500003,98087425.0,0.2553,sized,out,,0,
1973062,VIDA,VIDA Global Inc.,7372,20051531.5,,,1.375,sized,out,,0,
2025774,ALPS,Alps Group Inc,8000,,,,,"excluded: no domestic filings (foreign filer, fund, or shell)",out,,0,
1742770,VIOT,"Viomi Technology Co., Ltd",3630,,,,,"excluded: no domestic filings (foreign filer, fund, or shell)",out,,0,
766792,CVV,CVD EQUIPMENT CORP,3559,29125540.570000004,29125540.570000004,6951203.0,4.19,sized,out,,0,
946936,DSWL,DESWELL INDUSTRIES INC,3089,,,,,"excluded: no domestic filings (foreign filer, fund, or shell)",out,,0,
2053641,ETS,Elite Express Holding Inc.,4210,72100674.56,72100674.56,48716672.0,1.48,sized,out,,0,
1849466,TCBS,"Texas Community Bancshares, Inc.",6036,48836359.0,48836359.0,2872727.0,17.0,sized,out,,0,
1017303,TACT,TRANSACT TECHNOLOGIES INC,3577,47389321.89,47389321.89,10324471.0,4.59,sized,out,,0,
2063863,ELWT,"Elauwit Connection, Inc.",4899,39652578.04,,6619796.0,,sized,out,,0,
839087,VASO,VASO Corp,3845,,,176018035.0,,unsized,out,,0,counting failure; never a member
1992818,ZOOZ,ZOOZ Strategy Ltd.,3590,,,,,"excluded: no domestic filings (foreign filer, fund, or shell)",out,,0,
1865111,ALSAF,Alpha Star Acquisition Corp,7372,,,,,excluded: not a common-stock listing (vendor type OS),out,,0,
1319183,FMY,FIRST TRUST MORTGAGE INCOME FUND,,,,,,"excluded: no domestic filings (foreign filer, fund, or shell)",out,,0,
1800637,RYM,"RYTHM, Inc.",0700,42536578.56,42536578.56,2179128.0,19.52,sized,out,,0,
2000775,BKHA,Black Hawk Acquisition Corp,2836,51213604.410000004,51213604.410000004,4153577.0,12.33,sized,out,,0,
2014254,KBSX,FST Corp.,3949,,,,,"excluded: no domestic filings (foreign filer, fund, or shell)",out,,0,
1378140,OPTT,"Ocean Power Technologies, Inc.",4911,8105065.6628,270168.8554266667,300154.26666666666,0.9001,disagree,out,,0,"cover count 9,004,628 as of 2026-09-11 restated 0.0333333x through the split(s) since"
1538189,SMOFF,Sonoro Gold Corp.,,,,,,"excluded: no domestic filings (foreign filer, fund, or shell)",out,,0,
1834105,IBO,IMPACT BIOMEDICAL INC.,2834,35114520.690000005,35114521.34786055,8543679.160063393,4.11,sized,out,,0,"cover count 107,821,231 as of 2026-08-04 restated 0.0792393x through the split(s) since"
1657800,ESAUF,ESGold Corp.,,,,,,"excluded: no domestic filings (foreign filer, fund, or shell)",out,,0,
2016337,PTLE,PTL Ltd,5172,,,,,"excluded: no domestic filings (foreign filer, fund, or shell)",out,,0,
1837493,QTEX,QTREX Quantum Ltd.,3841,,,,,"excluded: no domestic filings (foreign filer, fund, or shell)",out,,0,
2028201,COLA,Columbus Acquisition Corp/Cayman Islands,6770,,,,,excluded: blank-check company (SIC 6770),out,,0,
1039280,NTWK,NETSOL TECHNOLOGIES INC,7372,72193510.72,72193510.72,11952568.0,6.04,sized,out,,0,
2067767,NXB,NextBoat Inc.,3730,50537218.949999996,50537218.949999996,25142895.0,2.01,sized,out,,0,
1196298,NEPH,NEPHROS INC,3841,35729794.8,35729794.8,10860120.0,3.29,sized,out,,0,
867840,POCI,"PRECISION OPTICS CORPORATION, INC.",3845,51188074.68,51188074.68,10972792.0,4.665,sized,out,,0,
1487918,OFS,OFS Capital Corp,,,,,,"excluded: investment company (files 40-17G, N-2)",out,,0,
2029039,NSRX,Nasus Pharma Ltd,2834,,,,,"excluded: no domestic filings (foreign filer, fund, or shell)",out,,0,
1094032,QDMI,QDM International Inc.,6411,,,8636186.0,,unsized,out,,0,counting failure; never a member
1939479,USPCY,China Strategic Technology Group Limited/ADR,3510,,,,,"excluded: no domestic filings (foreign filer, fund, or shell)",out,,0,
2020987,YHNA,YHN Acquisition I Ltd,6770,,,,,excluded: blank-check company (SIC 6770),out,,0,
1603993,AIOS,AIOS Tech Inc.,3490,,,,,"excluded: no domestic filings (foreign filer, fund, or shell)",out,,0,
1719714,MREO,Mereo BioPharma Group plc,2834,59916053.06959999,,798454864.0,0.3752,sized,out,,0,ADS: ordinary-share count is not price-comparable; sized on the vendor figure
2078149,VRHI,"Veri MedTech Holdings, Inc.",7374,,,,,excluded: no Section 16 filings,out,,0,
1844505,QTI,"QT IMAGING HOLDINGS, INC.",3845,38054962.4,38054962.4,14636524.0,2.6,sized,out,,0,
1031316,FSP,FRANKLIN STREET PROPERTIES CORP /MA/,6798,34074235.5408,,,0.3276,sized,out,,0,
1609809,MCRB,"Seres Therapeutics, Inc.",2834,26417774.029999997,26145516.43,9941261.0,2.63,sized,out,,0,
1080340,LOAN,"MANHATTAN BRIDGE CAPITAL, INC",6798,40332046.769999996,40332046.769999996,11425509.0,3.53,sized,out,,0,
1991332,MKDW,MKDWELL Tech Inc.,3600,,,,,"excluded: no domestic filings (foreign filer, fund, or shell)",out,,0,
894871,AREN,"Arena Group Holdings, Inc.",4841,,,47610653.0,,unsized,out,,0,counting failure; never a member
1872302,NA,Nano Labs Ltd,3674,,,,,"excluded: no domestic filings (foreign filer, fund, or shell)",out,,0,
1723464,BHST,BIOHARVEST SCIENCES INC.,2834,,,,,"excluded: no domestic filings (foreign filer, fund, or shell)",out,,0,
1867834,BRAG,Bragg Gaming Group Inc.,7377,,,,,"excluded: no domestic filings (foreign filer, fund, or shell)",out,,0,
1785279,MGX,"Metagenomi Therapeutics, Inc.",2836,37520220.686,37520220.686,37777105.0,0.9932,sized,out,,0,
2053456,TGE,Generation Essentials Group,2721,,,,,"excluded: no domestic filings (foreign filer, fund, or shell)",out,,0,
1813452,PLNH,Planet 13 Holdings Inc.,0100,,,,,excluded: not a common-stock listing (vendor type OS),out,,0,
1769697,FNUC,Frontier Nuclear & Minerals Inc.,1090,,,,,"excluded: no domestic filings (foreign filer, fund, or shell)",out,,0,
1800392,MLGO,MicroAlgo Inc.,7371,33262217.76,,8601.117666666667,3.04,disagree,out,,0,"sec measure disqualified: 26,147 vs vendor 33,262,218; decided on the vendor figure"
1444192,GRCE,"Grace Therapeutics, Inc.",2834,42913297.2,42913297.2,21035930.0,2.04,sized,out,,0,
1383395,SQNS,SEQUANS COMMUNICATIONS,3674,,,,,"excluded: no domestic filings (foreign filer, fund, or shell)",out,,0,
1650696,LSF,"Laird Superfood, Inc.",2000,34474082.72,34474082.72,11192884.0,3.08,sized,out,,0,
1939965,SLMT,Brera Holdings PLC,6199,,,,,"excluded: no domestic filings (foreign filer, fund, or shell)",out,,0,
1847846,EUDA,EUDA Health Holdings Ltd,8000,55692648.405,1757992.0387499998,94518.75,18.5994,disagree,out,,0,"cover count 1,890,375 as of 2025-12-31 restated 0.05x through the split(s) since"
1297341,KFFB,Kentucky First Federal Bancorp,6035,48439422.85,48439422.85,8086715.0,5.99,sized,out,,0,
1832487,GUER,"Guerrilla RF, Inc.",3674,,,10698651.0,,unsized,out,,0,counting failure; never a member
1860871,TVGN,Tevogen Inc.,2836,45971472.4,45971472.4,6511540.0,7.06,sized,out,,0,
1453593,XTNT,"Xtant Medical Holdings, Inc.",3841,45032435.160000004,45032435.160000004,140287960.0,0.321,sized,out,,0,
1132105,SPWH,"SPORTSMAN'S WAREHOUSE HOLDINGS, INC.",5940,44229855.449999996,44229855.449999996,39141465.0,1.13,sized,out,,0,
13156,GLXZ,"Galaxy Gaming, Inc.",7900,,,25023865.0,,unsized,out,,0,counting failure; never a member
1069530,FLNA,"FILANA THERAPEUTICS, INC.",2834,39303304.1856,,,0.8136,sized,out,,0,
1835385,MBBC,"Marathon Bancorp, Inc. /MD/",6036,45449535.3,45449535.3,3009903.0,15.1,sized,out,,0,
1841675,ARBK,Argo Blockchain Plc,6199,,,,,"excluded: no domestic filings (foreign filer, fund, or shell)",out,,0,
1718500,AXIL,"Axil Brands, Inc.",2844,39059848.724999994,39059848.724999994,6822681.0,5.725,sized,out,,0,
723603,CULP,CULP INC,2211,46229226.12,46229226.12,12735324.0,3.63,sized,out,,0,
863894,VERU,VERU INC.,2834,41261774.4,41261774.4,17050320.0,2.42,sized,out,,0,
1964946,YAAS,Youxin Technology Ltd,7372,,,,,"excluded: no domestic filings (foreign filer, fund, or shell)",out,,0,
1757840,INDO,Indonesia Energy Corp Ltd,1311,,,,,"excluded: no domestic filings (foreign filer, fund, or shell)",out,,0,
1813241,GPGCF,Great Pacific Gold Corp.,,,,,,"excluded: no domestic filings (foreign filer, fund, or shell)",out,,0,
1826889,BODI,"Beachbody Company, Inc.",5960,33509785.599999998,,,4.6,sized,out,,0,
718332,RAVE,"RAVE RESTAURANT GROUP, INC.",5140,31833907.840000004,31833907.840000004,14211566.0,2.24,sized,out,,0,
1727370,SAGGF,Sterling Metals Corp.,,,,,,"excluded: no domestic filings (foreign filer, fund, or shell)",out,,0,
2056030,SPMEF,South Pacific Metals Corp.,,,,,,"excluded: no domestic filings (foreign filer, fund, or shell)",out,,0,
1978528,QETA,Quetta Acquisition Corp,6770,,,,,excluded: blank-check company (SIC 6770),out,,0,
1843656,RMCO,Royalty Management Holding Corp,6794,37931770.0,37931770.0,15172708.0,2.5,sized,out,,0,
1847075,SAIH,SAIHEAT Ltd,6199,46759081.4,24454563.97,960886.6,25.45,disagree,out,,0,"cover count 14,413,299 as of 2023-12-31 restated 0.0666667x through the split(s) since"
1678748,ISTKF,Intellistake Technologies Corp.,,,,,,"excluded: no domestic filings (foreign filer, fund, or shell)",out,,0,
1005101,MGLD,"Marygold Companies, Inc.",6199,86488660.0,85424500.0,42712250.0,2.0,sized,out,,0,
1842952,CNTX,Context Therapeutics Inc.,2834,27471873.923,27471873.923,91879177.0,0.299,sized,out,,0,
1706404,AZZTF,Aztec Minerals Corp.,,,,,,"excluded: no domestic filings (foreign filer, fund, or shell)",out,,0,
1873875,IXHL,Incannex Healthcare Inc.,2834,40142806.4,40142806.4,12544627.0,3.2,sized,out,,0,
1965473,CCG,Cheche Group Inc.,6411,,,,,"excluded: no domestic filings (foreign filer, fund, or shell)",out,,0,
1883814,SLND,"Southland Holdings, Inc.",1600,42459500.46,42459500.46,54435257.0,0.78,sized,out,,0,
1785530,HOWL,"Werewolf Therapeutics, Inc.",2834,44227353.17,44225150.06,48599066.0,0.91,sized,out,,0,
1525306,FSTJ,First America Resources Corp,5065,,,,,excluded: no Section 16 filings,out,,0,
1859035,MCAG,Mountain Crest Acquisition Corp. V,3841,,,2873023.0,,unsized,out,,0,counting failure; never a member
850027,GRF,"EAGLE CAPITAL GROWTH FUND, INC.",,,,,,"excluded: no domestic filings (foreign filer, fund, or shell)",out,,0,
2119416,OP,OpenPayd Global Holdings Ltd,7389,,,,,"excluded: no domestic filings (foreign filer, fund, or shell)",out,,0,
1540159,EDSA,"Edesa Biotech, Inc.",2834,35286173.46,35286173.46,9641031.0,3.66,sized,out,,0,
2026353,ATHR,"Aether Holdings, Inc.",7372,35508728.1885,35508728.1885,12238059.0,2.9015,sized,out,,0,
1420529,AACG,ATA Creativity Global,8200,,,,,"excluded: no domestic filings (foreign filer, fund, or shell)",out,,0,
846913,FTEK,"FUEL TECH, INC.",3564,51663785.795,51663785.795,31216789.0,1.655,sized,out,,0,
1665300,PHUN,"Phunware, Inc.",7374,42153110.5,42153110.5,20462675.0,2.06,sized,out,,0,
1503802,KPTI,Karyopharm Therapeutics Inc.,2834,13608876.0,13608876.0,22681460.0,0.6,sized,out,,0,
1606242,VTIX,Virtuix Holdings Inc.,3577,36689056.92,,,1.08,sized,out,,0,
1957489,ABLV,Able View Global Inc.,5960,,,,,"excluded: no domestic filings (foreign filer, fund, or shell)",out,,0,
1846715,WAVE,Eco Wave Power Global AB (publ),4911,,,,,"excluded: no domestic filings (foreign filer, fund, or shell)",out,,0,
1869137,MHUBF,MineHub Technologies Inc.,,,,,,"excluded: no domestic filings (foreign filer, fund, or shell)",out,,0,
1218683,BGDE,"Big Digital Energy, Inc.",6199,28831485.509999998,28831485.509999998,5664339.0,5.09,sized,out,,0,
1799448,ALGS,"Aligos Therapeutics, Inc.",2836,33158602.979999997,9050107.420799999,1704351.68,5.31,disagree,out,,0,"cover count 42,608,792 as of 2021-08-04 restated 0.04x through the split(s) since"
832370,EAXR,"Ealixir, Inc.",7372,,,,,unsized,out,,0,counting failure; never a member
1156041,AGIG,"ABUNDIA GLOBAL IMPACT GROUP, INC.",1311,41501301.739999995,41501301.739999995,44150321.0,0.94,sized,out,,0,
933972,SCWO,374Water Inc.,3621,46953126.65,46953126.65,17718161.0,2.65,sized,out,,0,
1933021,PLUT,Plutus Financial Group Ltd,6200,,,,,"excluded: no domestic filings (foreign filer, fund, or shell)",out,,0,
855683,MLSS,MILESTONE SCIENTIFIC INC.,3842,32619985.2,31946106.599999998,88739185.0,0.36,sized,out,,0,
2010959,AHMA,AMBITIONS ENTERPRISE MANAGEMENT CO. L.L.C,7900,,,,,"excluded: no domestic filings (foreign filer, fund, or shell)",out,,0,
719733,KTCC,KEY TRONIC CORP,3672,24012974.79,24012974.79,11065887.0,2.17,sized,out,,0,
1682220,SACH,Sachem Capital Corp.,6798,41356074.636800006,41356074.636800006,47954632.0,0.8624,sized,out,,0,
2038378,ACCL,Acco Group Holdings Ltd,8742,,,,,"excluded: no domestic filings (foreign filer, fund, or shell)",out,,0,
1708527,ELUT,ELUTIA INC.,2836,36640479.979,,,0.8273,sized,out,,0,
1723935,STG,Sunlands Technology Group,8200,,,,,"excluded: no domestic filings (foreign filer, fund, or shell)",out,,0,
1635729,EQTRF,Altamira Gold Corp.,,,,,,"excluded: no domestic filings (foreign filer, fund, or shell)",out,,0,
1993727,SNT,Senstar Technologies Corp,3669,36164062.15,36164062.15,23331653.0,1.55,sized,out,,0,
1841209,HOLO,MicroCloud Hologram Inc.,7370,33452045.599999998,32868045.599999998,22512360.0,1.46,sized,out,,0,
1368845,TKRFF,TINKA RESOURCES Ltd,,,,,,"excluded: no domestic filings (foreign filer, fund, or shell)",out,,0,
2017950,DTSQ,DT Cloud Star Acquisition Corp,6770,,,,,excluded: blank-check company (SIC 6770),out,,0,
1900679,TETEF,Technology & Telecommunication Acquisition Corp,7389,,,5975740.0,,unsized,out,,0,counting failure; never a member
1319150,PBMLF,Pacific Booker Minerals Inc.,1000,,,,,"excluded: no domestic filings (foreign filer, fund, or shell)",out,,0,
1993431,MCRP,Micropolis AI Robotics,3714,,,,,"excluded: no domestic filings (foreign filer, fund, or shell)",out,,0,
1841761,GROV,"Grove Collaborative Holdings, Inc.",5961,43982077.38,43982077.38,42701046.0,1.03,sized,out,,0,
1882464,MSSAF,Metal Sky Star Acquisition Corp,6770,,,,,excluded: blank-check company (SIC 6770),out,,0,
1714562,GAME,"GameSquare Holdings, Inc.",7900,41377871.24,40745242.88,12976192.0,3.14,sized,out,,0,"cover count 103,809,536 as of 2026-08-13 restated 0.125x through the split(s) since"
754811,GROW,U S GLOBAL INVESTORS INC,6282,35787750.36,30509054.01,10484211.0,2.91,sized,out,,0,
1852973,BRLS,Borealis Foods Inc.,2000,20615505.413,20615505.413,21463306.0,0.9605,sized,out,,0,
1433607,NSPR,"InspireMD, Inc.",3841,22482701.759999998,22314776.64,46489118.0,0.48,sized,out,,0,
923883,TLTFF,THERALASE TECHNOLOGIES INC /FI,,,,,,"excluded: no domestic filings (foreign filer, fund, or shell)",out,,0,
1040161,PXLW,"PIXELWORKS, INC",7372,36538333.72,36538333.72,6049393.0,6.04,sized,out,,0,
1903595,HODO,House of Doge Inc.,6199,10341746.26,9848746.26,84902985.0,0.116,sized,out,,0,
1106644,CPHI,"CHINA PHARMA HOLDINGS, INC.",2834,41301121.92,41301121.92,43022002.0,0.96,sized,out,,0,
830616,SCIA,"SCI Engineered Materials, Inc.",3620,,,4450003.0,,unsized,out,,0,counting failure; never a member
2028177,YOUL,Youlife Group Inc.,8200,,,,,"excluded: no domestic filings (foreign filer, fund, or shell)",out,,0,
1624326,PAVM,PAVmed Inc.,3841,21509019.419999998,21509019.419999998,7995918.0,2.69,sized,out,,0,
864240,SYPR,SYPRIS SOLUTIONS INC,3823,43519958.37,43519958.37,23026433.0,1.89,sized,out,,0,
1355848,TOON,"Kartoon Studios, Inc.",7812,34429972.1175,34429972.1175,62204105.0,0.5535,sized,out,,0,
1820190,SCLX,Scilex Holding Co,2836,20822821.52,25139280.0,8493000.0,2.96,sized,out,,0,
1817161,HWAUF,Headwater Gold Inc.,,,,,,"excluded: no domestic filings (foreign filer, fund, or shell)",out,,0,
1952853,MAMO,Massimo Group,3790,40183516.75,40183516.75,41640950.0,0.965,sized,out,,0,
2000530,GMHS,Gamehaus Holdings Inc.,7374,,,,,"excluded: no domestic filings (foreign filer, fund, or shell)",out,,0,
1853044,AERT,"Aeries Technology, Inc.",8742,37966966.4,41494310.88,5894078.25,7.04,sized,out,,0,"cover count 47,152,626 as of 2025-07-01 restated 0.125x through the split(s) since"
1054102,IDXG,"INTERPACE BIOSCIENCES, INC.",3841,,,5540180.800000001,,unsized,out,,0,counting failure; never a member
1053691,CRVO,CervoMed Inc.,2834,49590634.879999995,49590634.879999995,15119096.0,3.28,sized,out,,0,
1417663,SNWV,"SANUWAVE Health, Inc.",3841,50280496.105,50280496.105,8602309.0,5.845,sized,out,,0,
1333493,EHTH,"eHealth, Inc.",6411,22704745.1552,22704745.1552,32032654.0,0.7088,sized,out,,0,
2001288,PN,PN Smart Energy Ltd,5045,,,,,"excluded: no domestic filings (foreign filer, fund, or shell)",out,,0,
1796949,GFLT,"GenFlat Holdings, Inc.",8742,,,13105234.0,,unsized,out,,0,counting failure; never a member
1822359,DCGO,DocGo Inc.,8000,33528707.9289,33507038.5803,98928369.0,0.3387,sized,out,,0,
849145,HGBL,Heritage Global Inc.,7389,44338489.6,44338489.6,34639445.0,1.28,sized,out,,0,
1110607,KLNG,"Koil Energy Solutions, Inc.",3533,,,12255985.0,,unsized,out,,0,counting failure; never a member
926423,MIND,"MIND TECHNOLOGY, INC",3812,41900543.550000004,41900543.550000004,9089055.0,4.61,sized,out,,0,
2010499,DGNX,Diginex Ltd,7374,,,,,"excluded: no domestic filings (foreign filer, fund, or shell)",out,,0,
1978057,TWG,Top Wealth Group Holding Ltd,2090,,,,,"excluded: no domestic filings (foreign filer, fund, or shell)",out,,0,
1527038,BZDLF,KINCORA COPPER LTD,,,,,,"excluded: no domestic filings (foreign filer, fund, or shell)",out,,0,
1974044,MNY,MoneyHero Ltd,7389,,,,,"excluded: no domestic filings (foreign filer, fund, or shell)",out,,0,
1979005,AFJK,"Aimei Health Technology Co., Ltd.",6770,,,,,excluded: blank-check company (SIC 6770),out,,0,
1089872,GAIA,"GAIA, INC",7812,35596110.199999996,,,1.4,sized,out,,0,
1918151,RGCCF,Relevant Gold Corp.,,,,,,"excluded: no domestic filings (foreign filer, fund, or shell)",out,,0,
1982444,BDMD,Baird Medical Investment Holdings Ltd,3841,,,,,"excluded: no domestic filings (foreign filer, fund, or shell)",out,,0,
1467761,FIEE,"FiEE, Inc.",3661,31086739.71,31086739.71,8528598.0,3.645,sized,out,,0,
1894942,FRFAF,Fresh Factory B.C. Ltd.,,,,,,"excluded: no domestic filings (foreign filer, fund, or shell)",out,,0,
1720553,PHNMF,Phenom Resources Corp.,,,,,,"excluded: no domestic filings (foreign filer, fund, or shell)",out,,0,
1726906,KCCFF,Kutcho Copper Corp.,,,,,,"excluded: no domestic filings (foreign filer, fund, or shell)",out,,0,
1737339,JG,Aurora Mobile Ltd,7370,,,,,"excluded: no domestic filings (foreign filer, fund, or shell)",out,,0,
1780201,LVLU,"Lulu's Fashion Lounge Holdings, Inc.",5961,35033227.199999996,35033227.199999996,2871576.0,12.2,sized,out,,0,
1356093,CREX,"CREATIVE REALITIES, INC.",7373,32057819.220000003,32057819.220000003,13526506.0,2.37,sized,out,,0,
1591890,FGNX,FG Nexus Inc.,6199,,,5095688.0,,unsized,out,,0,counting failure; never a member
1083522,JSDA,JONES SODA CO.,2080,,,,,excluded: not a common-stock listing (vendor type OS),out,,0,
1873454,RYET,Ruanyun Edai Technology Inc.,7372,,,,,"excluded: no domestic filings (foreign filer, fund, or shell)",out,,0,
1040130,PETS,PETMED EXPRESS INC,5912,27749009.92,27749009.92,21678914.0,1.28,sized,out,,0,
1753673,SJ,Scienjoy Holding Corp,7374,36517980.48,23252079.72,27037302.0,0.86,disagree,out,,0,
1210708,STRR,"Star Equity Holdings, Inc.",7363,36229937.46,36229937.46,3689403.0,9.82,sized,out,,0,
1391933,QNTO,"QUAINT OAK BANCORP, INC.",6036,,,2649603.0,,unsized,out,,0,counting failure; never a member
1846084,JETMF,Global Crossing Airlines Group Inc.,4512,,,,,excluded: not a common-stock listing (vendor type OS),out,,0,
1667313,ZDGE,"Zedge, Inc.",7372,45957278.54,1537590.75,524775.0,2.93,disagree,out,,0,
1733868,CNF,CNFinance Holdings Ltd.,6199,,,,,"excluded: no domestic filings (foreign filer, fund, or shell)",out,,0,
1682241,MATH,Metalpha Technology Holding Ltd,6199,,,,,"excluded: no domestic filings (foreign filer, fund, or shell)",out,,0,
1099160,BBGI,BEASLEY BROADCAST GROUP INC,4832,21348610.400000002,,,10.4,sized,out,,0,
1912884,RPGL,Republic Power Group Ltd,7372,,,,,"excluded: no domestic filings (foreign filer, fund, or shell)",out,,0,
1772720,SPRU,SPRUCE POWER HOLDING CORP,4911,30033410.16,30033410.16,19252186.0,1.56,sized,out,,0,
1464165,BETRF,BetterLife Pharma Inc.,2834,,,,,excluded: not a common-stock listing (vendor type OS),out,,0,
1877333,THCH,TH International Ltd,5812,,,,,"excluded: no domestic filings (foreign filer, fund, or shell)",out,,0,
1817004,NXXT,"NEXTNRG, INC.",5500,10523000.0,10412925.644100001,16822173.900000002,0.619,sized,out,,0,"cover count 168,221,739 as of 2026-08-13 restated 0.1x through the split(s) since"
1270436,COHN,Cohen & Co Inc.,6211,34776006.9,34776006.9,3228970.0,10.77,sized,out,,0,
2018145,RDAC,Rising Dragon Acquisition Corp.,6770,,,,,excluded: blank-check company (SIC 6770),out,,0,
2031009,KAZR,Skyline Builders Group Holding Ltd,1700,,,,,"excluded: no domestic filings (foreign filer, fund, or shell)",out,,0,
2051820,MLCI,Mount Logan Capital Inc.,6282,34125742.4,34125742.4,11188768.0,3.05,sized,out,,0,
911147,CNTY,CENTURY CASINOS INC /CO/,7011,24080236.8136,24080236.8136,28137692.0,0.8558,sized,out,,0,
1262104,LITS,"Lite Strategy, Inc.",2834,37096866.96,37096866.96,30407268.0,1.22,sized,out,,0,
1993463,YSXT,"YSX Tech Co., Ltd",7500,,,,,"excluded: no domestic filings (foreign filer, fund, or shell)",out,,0,
1427901,GDSRF,Gold Strike Resources Corp.,,,,,,"excluded: no domestic filings (foreign filer, fund, or shell)",out,,0,
1065078,NTIP,"NETWORK-1 TECHNOLOGIES, INC.",6794,35666562.36,35666562.36,22863181.0,1.56,sized,out,,0,
862692,CCEL,CRYO CELL INTERNATIONAL INC,8090,33621250.5,33621250.5,8062650.0,4.17,sized,out,,0,
1547546,LFT,"Lument Finance Trust, Inc.",6798,24967928.5,24930911.275000002,5248612.9,4.75,sized,out,,0,"cover count 52,486,129 as of 2026-08-10 restated 0.1x through the split(s) since"
1928722,INIKF,PopReach Corp,,,,,,"excluded: no domestic filings (foreign filer, fund, or shell)",out,,0,
1828161,FTCI,"FTC Solar, Inc.",3674,31886294.279999997,31770214.43,16461251.0,1.93,sized,out,,0,
2032755,PFAI,Pinnacle Food Group Ltd,0700,,,,,"excluded: no domestic filings (foreign filer, fund, or shell)",out,,0,
1738827,KLXE,"KLX Energy Services Holdings, Inc.",1389,26946925.74,26804054.34,21273059.0,1.26,sized,out,,0,
2000230,BRIA,BrilliA Inc,2300,,,,,"excluded: no domestic filings (foreign filer, fund, or shell)",out,,0,
1994214,NOMA,Nomadar Corp.,7900,27920140.53,23995140.53,15283529.0,1.57,sized,out,,0,
880242,BLGO,"BIOLARGO, INC.",2800,,,328731362.0,,unsized,out,,0,counting failure; never a member
1370416,WPRT,WESTPORT FUEL SYSTEMS INC.,3510,,,,,"excluded: no domestic filings (foreign filer, fund, or shell)",out,,0,
1085243,VTSI,"VirTra, Inc",3990,29883807.360000003,29883807.360000003,11319624.0,2.64,sized,out,,0,
1425287,WKHS,Workhorse Group Inc.,3711,31911468.2,31911468.2,10928585.0,2.92,sized,out,,0,
1394039,CYDVF,Century Lithium Corp.,,,,,,"excluded: no domestic filings (foreign filer, fund, or shell)",out,,0,
813298,DXLG,"DESTINATION XL GROUP, INC.",5651,20517813.5,20517813.5,55453550.0,0.37,sized,out,,0,
1138723,ARAY,ACCURAY INC,3841,28832648.7098,28832648.7098,119439307.0,0.2414,sized,out,,0,
728385,BCHT,Birchtech Corp.,3829,37880591.04,37880591.04,26305966.0,1.44,sized,out,,0,
1123494,HBIO,HARVARD BIOSCIENCE INC,3826,37010239.650000006,37010239.650000006,4552305.0,8.13,sized,out,,0,
1743344,PYRGF,PyroGenesis Canada Inc.,2834,,,,,"excluded: no domestic filings (foreign filer, fund, or shell)",out,,0,
1844971,VIP,Vulcan Infrastructure & Power Inc.,6199,25433264.759999998,,,1.38,sized,out,,0,
722313,NSYS,NORTECH SYSTEMS INC,3679,32233286.97,32233286.97,2853766.0,11.295,sized,out,,0,
1847806,GNS,Genius Group Ltd,7372,,,,,"excluded: no domestic filings (foreign filer, fund, or shell)",out,,0,
1662774,QNCX,"Quince Therapeutics, Inc.",2836,29860969.68,29860969.68,1017063.0,29.36,sized,out,,0,
1956741,ZONE,"CleanCore Solutions, Inc.",2842,66249699.72180001,66249699.72180001,508830259.0,0.1302,sized,out,,0,
1916331,NCI,Neo-Concept International Group Holdings Ltd,2300,,,,,"excluded: no domestic filings (foreign filer, fund, or shell)",out,,0,
1904286,MIRA,"MIRA PHARMACEUTICALS, INC.",2834,29541527.161,29541527.161,42022087.0,0.703,sized,out,,0,
1701756,SDOT,Sadot Group Inc.,5810,16888055.21,13054948.350000001,1320015.0,9.89,sized,out,,0,
1790693,DGNOF,Diagnos Inc.,,,,,,"excluded: no domestic filings (foreign filer, fund, or shell)",out,,0,
1388320,ATNM,"Actinium Pharmaceuticals, Inc.",2834,33956750.88,33956750.88,31441436.0,1.08,sized,out,,0,
1102993,LPSN,LIVEPERSON INC,7372,,,822486.4666666667,,unsized,out,,0,counting failure; never a member
1746119,VGES,Vanguard Green Investment Ltd,7200,,,,,excluded: no Section 16 filings,out,,0,
1865506,ZEO,Zeo Energy Corp.,1700,12824555.2137,,,0.2757,sized,out,,0,
1839530,XBP,"XBP Global Holdings, Inc.",7389,45442634.64,38139098.19,11881339.0,3.21,sized,out,,0,
1934642,MDBH,"MDB Capital Holdings, LLC",6199,21400239.4632,11149739.463200001,5438632.0,2.0501,disagree,out,,0,
56701,KOSS,KOSS CORP,3651,34931156.22,34931156.22,9466438.0,3.69,sized,out,,0,
1479480,CGDXF,XALI GOLD CORP.,,,,,,"excluded: no domestic filings (foreign filer, fund, or shell)",out,,0,
1872525,SWAG,"Stran & Company, Inc.",7311,26747810.215,26747810.215,18639589.0,1.435,sized,out,,0,
1379006,NNVC,"NANOVIRICIDES, INC.",2834,33437750.0,33437750.0,25525000.0,1.31,sized,out,,0,
1796514,BTCT,BTC Digital Ltd.,6199,,,,,excluded: no Section 16 filings,out,,0,
1844417,ESLA,"Estrella Immunopharma, Inc.",2836,18160358.22,18160358.22,43497864.0,0.4175,sized,out,,0,
1888525,MF,MindForge Inc.,7370,,,,,"excluded: no domestic filings (foreign filer, fund, or shell)",out,,0,
896493,GPUS,"Hyperscale Data, Inc.",3533,21375893.797999997,,318443.16537266,0.1561,disagree,out,,0,"sec measure disqualified: 49,709 vs vendor 21,375,894; decided on the vendor figure"
1967656,PFSB,"PFS Bancorp, Inc.",6036,,,1546063.0,,unsized,out,,0,counting failure; never a member
1534708,BLNE,"Beeline Holdings, Inc.",6162,24142918.113599997,24142918.113599997,32928148.0,0.7332,sized,out,,0,
1549145,BIOF,"BLUE BIOFUELS, INC.",2860,,,324168980.0,,unsized,out,,0,counting failure; never a member
101295,UG,UNITED GUARDIAN INC,2844,32645393.0864,32645393.0864,4594319.0,7.1056,sized,out,,0,
2038439,VWAV,"VisionWave Holdings, Inc.",7372,12201182.94,7412411.733000001,1442103.4500000002,5.14,disagree,out,,0,"cover count 28,842,069 as of 2026-08-17 restated 0.05x through the split(s) since"
1449792,PPSI,"PIONEER POWER SOLUTIONS, INC.",3690,34185739.28,34185739.28,11099266.0,3.08,sized,out,,0,
1005516,BOSC,BOS BETTER ONLINE SOLUTIONS LTD,3576,,,,,"excluded: no domestic filings (foreign filer, fund, or shell)",out,,0,
1600983,KSCP,"Knightscope, Inc.",3669,15245649.4435,973123.38299,1507549.78,0.6455,disagree,out,,0,"cover count 75,377,489 as of 2023-11-08 restated 0.02x through the split(s) since"
1275477,BMNM,"BIMINI CAPITAL MANAGEMENT, INC.",6798,,,,,unsized,out,,0,counting failure; never a member
1775734,BENF,Beneficient,6199,16572952.870000001,,,1.07,sized,out,,0,
1387473,TIGCF,Triumph Gold Corp.,,,,,,"excluded: no domestic filings (foreign filer, fund, or shell)",out,,0,
83350,RSRV,RESERVE PETROLEUM CO,1311,,,151584.0,,unsized,out,,0,counting failure; never a member
1434524,CLIR,ClearSign Technologies Corp,3823,21171185.05,21171185.05,6807455.0,3.11,sized,out,,0,
1398805,BEEM,Beam Global,3690,24670313.35,24670313.35,22633315.0,1.09,sized,out,,0,
25895,CRWS,CROWN CRAFTS INC,2211,26147497.41,26147497.41,10760287.0,2.43,sized,out,,0,
1790607,EMGDF,Eminent Gold Corp.,,,,,,"excluded: no domestic filings (foreign filer, fund, or shell)",out,,0,
872699,KDKGF,KLONDIKE GOLD CORP /FI,1040,,,,,"excluded: no domestic filings (foreign filer, fund, or shell)",out,,0,
1041024,RMTI,"ROCKWELL MEDICAL, INC.",2834,32324329.299999997,32324329.299999997,4030465.0,8.02,sized,out,,0,
921299,KYNB,"KYNTRA BIO, INC.",2834,24132779.04,24132779.04,4049124.0,5.96,sized,out,,0,
1619544,JFU,9F Inc.,6199,,,,,"excluded: no domestic filings (foreign filer, fund, or shell)",out,,0,
2039273,JAGU,Jaguar Uranium Corp.,1000,22617030.240000002,22617030.240000002,20193777.0,1.12,sized,out,,0,
1009922,NSFDF,NXT Energy Solutions Inc.,1382,,,,,excluded: not a common-stock listing (vendor type OS),out,,0,
1997201,PSIG,PS International Group Ltd.,4731,,,,,"excluded: no domestic filings (foreign filer, fund, or shell)",out,,0,
1537317,IEGCF,Independence Gold Corp.,,,,,,"excluded: no domestic filings (foreign filer, fund, or shell)",out,,0,
1871983,ANGH,Anghami Inc,4899,,,,,"excluded: no domestic filings (foreign filer, fund, or shell)",out,,0,
81955,RAND,RAND CAPITAL CORP,,,,,,"excluded: investment company (files 40-17G, N-2)",out,,0,
1038277,INIS,RADNOSTIX INC,3823,,,529154204.0,,unsized,out,,0,counting failure; never a member
1663038,QTZM,Quantum Genesis AI Corp.,2860,,,,,excluded: no Section 16 filings,out,,0,
1684662,VIPRF,SILVER VIPER MINERALS CORP.,,,,,,"excluded: no domestic filings (foreign filer, fund, or shell)",out,,0,
1800890,LFLRF,LaFleur Minerals Inc..,,,,,,"excluded: no domestic filings (foreign filer, fund, or shell)",out,,0,
1522767,MRMD,MARIMED INC.,2833,,,,,excluded: not a common-stock listing (vendor type OS),out,,0,
1326205,IGC,"IGC Pharma, Inc.",2834,29454103.8792,29454103.8792,103384008.0,0.2849,sized,out,,0,
1191832,KNGRF,Kingsmen Resources Ltd.,1400,,,,,"excluded: no domestic filings (foreign filer, fund, or shell)",out,,0,
880406,HERZ,"Herzfeld Credit Income Fund, Inc",,,,,,"excluded: no domestic filings (foreign filer, fund, or shell)",out,,0,
1738906,YI,"111, Inc.",5912,,,,,"excluded: no domestic filings (foreign filer, fund, or shell)",out,,0,
1563665,HRGN,"Harvard Apparatus Regenerative Technology, Inc.",3841,,,17580744.0,,unsized,out,,0,counting failure; never a member
1297937,PRKA,"PARKS AMERICA, INC",7990,,,749709.0,,unsized,out,,0,counting failure; never a member
1760233,GIFT,"GIFTIFY, INC.",5961,20369476.2,20369476.2,35425176.0,0.575,sized,out,,0,
1442236,QRHC,Quest Resource Holding Corp,4953,29319069.839999996,29319069.839999996,21092856.0,1.39,sized,out,,0,
1491434,SEOVF,SERNOVA CORP.,,,,,,"excluded: no domestic filings (foreign filer, fund, or shell)",out,,0,
1610820,BCTX,BriaCell Therapeutics Corp.,2834,34103165.04,34103165.04,8699787.0,3.92,sized,out,,0,
1963088,ATCH,"AtlasClear Holdings, Inc.",6199,27012112.5576,27012112.5576,151838744.0,0.1779,sized,out,,0,
1074871,MODD,"Modular Medical, Inc.",3841,21681189.18,21681189.18,8150823.0,2.66,sized,out,,0,
351998,DAIO,DATA I/O CORP,3825,29627536.95,29627536.95,10395627.0,2.85,sized,out,,0,
1504678,LOOP,"Loop Industries, Inc.",2800,19361824.4742,19361824.4742,48380371.0,0.4002,sized,out,,0,
2027722,GRAN,Grande Group Ltd/HK,6199,,,,,"excluded: no domestic filings (foreign filer, fund, or shell)",out,,0,
924396,CRSF,Crisp Momentum Inc.,6199,,,1969621210.0,,unsized,out,,0,counting failure; never a member
1567663,ATCMF,ATICO MINING Corp,,,,,,"excluded: no domestic filings (foreign filer, fund, or shell)",out,,0,
1938109,PAPL,Pineapple Financial Inc.,6199,20780505.2931,20780505.2931,25271197.0,0.8223,sized,out,,0,
1571934,TAOX,TAO Synergies Inc.,6199,28511152.02,28511152.02,7483242.0,3.81,sized,out,,0,
1367993,HAFG,"Holistic Asset Finance Group Co., Ltd.",7380,,,74228185.0,,unsized,out,,0,counting failure; never a member
1877778,TTIPF,"Thiogenesis Therapeutics, Corp.",,,,,,"excluded: no domestic filings (foreign filer, fund, or shell)",out,,0,
1643154,ITHUF,"iANTHUS CAPITAL HOLDINGS, INC.",0100,,,,,excluded: not a common-stock listing (vendor type OS),out,,0,
1677940,BYSI,BeyondSpring Inc.,2834,25041970.38,25041970.38,41119820.0,0.609,sized,out,,0,
1489300,ZLME,Zhanling International Ltd,1000,,,3441000.0,,unsized,out,,0,counting failure; never a member
1724542,CLPS,CLPS Inc,7372,,,,,"excluded: no domestic filings (foreign filer, fund, or shell)",out,,0,
45919,HHS,HARTE HANKS INC,7331,33171368.0,33171368.0,7454240.0,4.45,sized,out,,0,
1786318,IBATF,INTERNATIONAL BATTERY METALS LTD.,1400,,,,,excluded: not a common-stock listing (vendor type OS),out,,0,
722572,FKWL,FRANKLIN WIRELESS CORP,3661,26043258.8,26043258.8,11784280.0,2.21,sized,out,,0,
1652935,ACTU,"ACTUATE THERAPEUTICS, INC.",2834,16305643.158000002,16305643.158000002,24014202.0,0.679,sized,out,,0,
1914805,BANL,CBL International Ltd,5172,,,,,"excluded: no domestic filings (foreign filer, fund, or shell)",out,,0,
1726159,USGDF,AMERICAN PACIFIC MINING CORP,,,,,,"excluded: no domestic filings (foreign filer, fund, or shell)",out,,0,
1045742,LIVE,LIVE VENTURES Inc,5900,23743900.880000003,23743900.880000003,3071656.0,7.73,sized,out,,0,
40570,JOB,GEE Group Inc.,7361,23721081.1074,23721081.1074,109870686.0,0.2159,sized,out,,0,
1621906,WSTRF,Western Uranium & Vanadium Corp.,1090,,,,,excluded: not a common-stock listing (vendor type OS),out,,0,
1561921,TELA,"TELA Bio, Inc.",3841,47400580.5,47139494.85,44894757.0,1.05,sized,out,,0,
1946021,HSPOF,Horizon Space Acquisition I Corp.,6770,,,,,excluded: blank-check company (SIC 6770),out,,0,
1828253,EVAX,Evaxion A/S,2836,,,,,"excluded: no domestic filings (foreign filer, fund, or shell)",out,,0,
2032779,EHLD,Euroholdings Ltd.,4412,,,,,"excluded: no domestic filings (foreign filer, fund, or shell)",out,,0,
1742195,ROMJF,Rubicon Organics Inc.,,,,,,"excluded: no domestic filings (foreign filer, fund, or shell)",out,,0,
1213809,DYAI,DYADIC INTERNATIONAL INC,2836,17804309.6132,16193359.613200001,36438703.0,0.4444,sized,out,,0,
1415397,RAPH,Raphael Pharmaceutical Inc.,2833,,,20176418.0,,unsized,out,,0,counting failure; never a member
1759546,NRDE,Stark Novus Financial Inc.,3711,,,16289293.0,,unsized,out,,0,counting failure; never a member
1419336,APAAF,Appia Rare Earths & Uranium Corp.,,,,,,"excluded: no domestic filings (foreign filer, fund, or shell)",out,,0,
1472466,LPSIF,LEGEND POWER SYSTEMS INC.,,,,,,"excluded: no domestic filings (foreign filer, fund, or shell)",out,,0,
2027329,OPTH,Optimi Health Corp.,2834,,,,,"excluded: no domestic filings (foreign filer, fund, or shell)",out,,0,
862651,INVU,"Investview, Inc.",7389,,,1844470389.0,,unsized,out,,0,counting failure; never a member
1763950,LTRN,Lantern Pharma Inc.,2834,12396528.08,10610841.18,12784146.0,0.83,sized,out,,0,
1015739,AWRE,AWARE INC /MA/,7372,22685142.48,22685142.48,21812637.0,1.04,sized,out,,0,
1907223,GRML,Greenland Mines Ltd,2836,78481136.16,18680834.9112,3177012.74,5.88,disagree,out,,0,"cover count 158,850,637 as of 2026-08-17 restated 0.02x through the split(s) since"
1539850,STCB,"Starco Brands, Inc.",7311,,,784192033.0,,unsized,out,,0,counting failure; never a member
1333274,MERC,MERCER INTERNATIONAL INC.,2611,16473032.5114,16473032.5114,67018033.0,0.2458,sized,out,,0,
1502292,PRHI,"Presurance Holdings, Inc.",6331,30099849.22,30099849.22,3746092.0,8.035,sized,out,,0,
1869601,EMCGF,Embrace Change Acquisition Corp.,6770,,,,,excluded: blank-check company (SIC 6770),out,,0,
1890361,ASPC,ASPAC III Acquisition Corp.,6770,,,,,excluded: blank-check company (SIC 6770),out,,0,
1808110,DDC,DDC Enterprise Ltd,2000,,,,,"excluded: no domestic filings (foreign filer, fund, or shell)",out,,0,
1826397,AVX,AVAX ONE TECHNOLOGY LTD.,6199,36912941.17,36912941.17,7397383.0,4.99,sized,out,,0,
1928948,HTCO,High-Trend International Group,4412,,,,,"excluded: no domestic filings (foreign filer, fund, or shell)",out,,0,
8177,AAME,ATLANTIC AMERICAN CORP,6311,24680645.88,24680645.88,20397228.0,1.21,sized,out,,0,
1724009,PRT,PermRock Royalty Trust,1311,21776660.28,,,,excluded: not a common-stock listing (vendor type UNIT),out,,0,
1661059,NXTC,"NextCure, Inc.",2834,31034494.02,31034494.02,4577359.0,6.78,sized,out,,0,
1742341,HKIT,HiTek Global Inc.,7372,,,,,"excluded: no domestic filings (foreign filer, fund, or shell)",out,,0,
1401835,SRGZ,Star Gold Corp.,1000,,,204536230.0,,unsized,out,,0,counting failure; never a member
1721484,LGVN,Longeveron Inc.,2834,7556029.260000001,,,2.37,sized,out,,0,
1903392,CLRCF,ClimateRock,6770,,,,,excluded: blank-check company (SIC 6770),out,,0,
889353,SNTL,Sentinel Holdings Ltd.,7200,,,,,excluded: no Section 16 filings,out,,0,
1769484,BIOX,Bioceres Crop Solutions Corp.,2870,,,,,"excluded: no domestic filings (foreign filer, fund, or shell)",out,,0,
1889123,FLD,"Fold Holdings, Inc.",6199,30304264.1307,30419130.3801,55077187.0,0.5523,sized,out,,0,
1019742,BRKCF,BARKSDALE RESOURCES CORP.,,,,,,"excluded: no domestic filings (foreign filer, fund, or shell)",out,,0,
1912847,USEA,United Maritime Corp,4400,,,,,"excluded: no domestic filings (foreign filer, fund, or shell)",out,,0,
34285,RLBY,RELIABILITY INC,7363,,,46707790.0,,unsized,out,,0,counting failure; never a member
1680637,NUR,Nuran Wireless Inc.,3576,,,,,"excluded: no domestic filings (foreign filer, fund, or shell)",out,,0,
1886894,SNAL,"Snail, Inc.",7372,20329690.97,,,2.27,sized,out,,0,
1871181,FOFA,"FAMILY OFFICE OF AMERICA, INC.",3841,,,,,excluded: no Section 16 filings,out,,0,
1584693,SSGC,SafeSpace Global Corp,7900,,,191387429.0,,unsized,out,,0,counting failure; never a member
1488039,ATOS,"ATOSSA THERAPEUTICS, INC.",2834,24149901.16,24149901.16,9979298.0,2.42,sized,out,,0,
1807689,FCCI,"FAST CASUAL CONCEPTS, INC.",5810,,,,,excluded: no Section 16 filings,out,,0,
1471727,SRXH,SRX Global Inc.,2080,28371547.4,28371547.4,20265391.0,1.4,sized,out,,0,
1420924,ADTI,"Adapti, Inc.",7900,,,8098729.0,,unsized,out,,0,counting failure; never a member
1596812,ENLV,Enlivex Ltd.,2834,,,,,"excluded: no domestic filings (foreign filer, fund, or shell)",out,,0,
1895249,CNTM,"ConnectM Technology Solutions, Inc.",1700,,,5727583.0,,unsized,out,,0,counting failure; never a member
1820025,RDGMF,Ridgeline Minerals Corp,,,,,,"excluded: no domestic filings (foreign filer, fund, or shell)",out,,0,
1449349,RDGL,VIVOS INC,3841,,,494214360.0,,unsized,out,,0,counting failure; never a member
1538495,ETST,"Earth Science Tech, Inc.",2834,,,287590881.0,,unsized,out,,0,counting failure; never a member
1928340,GDHG,GOLDEN HEAVEN GROUP HOLDINGS LTD.,7990,,,,,"excluded: no domestic filings (foreign filer, fund, or shell)",out,,0,
826253,AUSI,AURA SYSTEMS INC,3690,,,149401844.0,,unsized,out,,0,counting failure; never a member
2092243,JAYGF,Blue Jay Gold Corp.,,,,,,"excluded: no domestic filings (foreign filer, fund, or shell)",out,,0,
1770088,WIMI,WiMi Hologram Cloud Inc.,7372,,,,,"excluded: no domestic filings (foreign filer, fund, or shell)",out,,0,
1998560,MIMI,Mint Inc Ltd,7389,,,,,"excluded: no domestic filings (foreign filer, fund, or shell)",out,,0,
1089815,EHSI,Elite Health Systems Inc.,8093,,,28521620.0,,unsized,out,,0,counting failure; never a member
2072421,SNNF,"Seneca Bancorp, Inc.",6021,,,1800435.0,,unsized,out,,0,counting failure; never a member
1090396,TBTC,TABLE TRAC INC,7990,,,4642887.0,,unsized,out,,0,counting failure; never a member
867038,SPND,SPINDLETOP OIL & GAS CO,1311,,,6598303.0,,unsized,out,,0,counting failure; never a member
1654595,MDRR,"Medalist Diversified, Inc.",6798,17107392.5,17107392.5,1628500.0,10.505,sized,out,,0,
1666071,CDLX,"Cardlytics, Inc.",7370,11482996.2,11482996.2,5888716.0,1.95,sized,out,,0,
2000410,EURK,Eureka Acquisition Corp,4400,24961911.5,,,,sized,out,,0,
2002453,STAK,STAK Inc.,3533,,,,,"excluded: no domestic filings (foreign filer, fund, or shell)",out,,0,
1385818,AYTU,"AYTU BIOPHARMA, INC",2834,22276751.4,22276751.4,10866708.0,2.05,sized,out,,0,
1081745,INLX,"INTELLINETICS, INC.",7372,24272518.1006,24272518.1006,4494994.0,5.3999,sized,out,,0,
1339005,FEMY,FEMASYS INC,3841,17126930.215,17126930.215,8375027.0,2.045,sized,out,,0,
1832161,VIPZ,"VIP Play, Inc.",5900,,,73944386.0,,unsized,out,,0,counting failure; never a member
2049187,KMRK,K-TECH SOLUTIONS CO LTD,3944,,,,,"excluded: no domestic filings (foreign filer, fund, or shell)",out,,0,
1735041,GTEC,Greenland Technologies Holding Corp.,3560,20518683.606,15871608.586000001,20532482.0,0.773,sized,out,,0,
1604191,GRDX,GridAI Technologies Corp.,4931,34229390.4,34229390.4,7131123.0,4.8,sized,out,,0,
1015647,AAUAF,ALMADEN MINERALS LTD,1000,,,,,"excluded: no domestic filings (foreign filer, fund, or shell)",out,,0,
315545,PVCT,"PROVECTUS BIOPHARMACEUTICALS, INC.",2834,,,420279879.0,,unsized,out,,0,counting failure; never a member
2027037,GDGIF,"Gemdale Gold, Inc",,,,,,"excluded: no domestic filings (foreign filer, fund, or shell)",out,,0,
1828185,BRNS,Barinthus Biotherapeutics plc.,2834,,,40848893.0,,unsized,out,,0,counting failure; never a member
20639,ABCP,AmBase Corp,6512,,,84938211.0,,unsized,out,,0,counting failure; never a member
1058307,NXPL,NextPlat Corp,4813,24825981.3,24825981.3,2713222.0,9.15,sized,out,,0,
1094038,MRKR,"Marker Therapeutics, Inc.",2834,15839470.649999999,15839470.649999999,16673127.0,0.95,sized,out,,0,
2092446,AVAT,Avalanche Treasury Corp,6199,50047542.6,,,1.32,sized,out,,0,
1650196,VCGMF,Visionary Copper & Gold Mines Inc.,,,,,,"excluded: no domestic filings (foreign filer, fund, or shell)",out,,0,
1953984,BCG,"Binah Capital Group, Inc.",6199,17827836.895,17827836.895,17060131.0,1.045,sized,out,,0,
1821468,YQ,17 Education & Technology Group Inc.,8200,,,,,"excluded: no domestic filings (foreign filer, fund, or shell)",out,,0,
1512922,PETV,"PetVivo Holdings, Inc.",3841,,,37950495.0,,unsized,out,,0,counting failure; never a member
1954269,GSIW,Garden Stage Ltd,6200,,,,,"excluded: no domestic filings (foreign filer, fund, or shell)",out,,0,
2011053,PBK,POWERBANK Corp,1700,,,,,"excluded: no domestic filings (foreign filer, fund, or shell)",out,,0,
1720161,CTRM,Castor Maritime Inc.,4412,,,,,"excluded: no domestic filings (foreign filer, fund, or shell)",out,,0,
924515,GTHP,GUIDED THERAPEUTICS INC,3845,,,96537349.0,,unsized,out,,0,counting failure; never a member
1788028,JSPR,"Jasper Therapeutics, Inc.",2836,18633754.16,18633754.16,33274561.0,0.56,sized,out,,0,
1346830,TVRD,"Tvardi Therapeutics, Inc.",2834,14406058.440000001,14406058.440000001,13338943.0,1.08,sized,out,,0,
747540,SPRS,SURGE COMPONENTS INC,5065,,,5735922.0,,unsized,out,,0,counting failure; never a member
1842556,EONR,EON Resources Inc.,1311,27075057.585,24234646.84,49968344.0,0.485,sized,out,,0,
25743,TXMD,"TherapeuticsMD, Inc.",2834,23264467.619999997,23264467.619999997,11574362.0,2.01,sized,out,,0,
1546853,SKKY,"Skkynet Cloud Systems, Inc.",7372,,,53143822.0,,unsized,out,,0,counting failure; never a member
725363,CVM,CEL SCI CORP,2836,34298524.65,34298524.65,17588987.0,1.95,sized,out,,0,
1941158,WETO,Wetour Robotics Ltd,4100,,,,,"excluded: no domestic filings (foreign filer, fund, or shell)",out,,0,
1342325,CGDCF,Carlin Gold Corp,,,,,,"excluded: no domestic filings (foreign filer, fund, or shell)",out,,0,
1307926,STSBF,South Star Battery Metals Corp.,,,,,,"excluded: no domestic filings (foreign filer, fund, or shell)",out,,0,
1059689,NALG,North America Lithium & Gold Corp,9995,,,,,unsized,out,,0,counting failure; never a member
1840780,LOCL,Local Bounti Corporation/DE,0100,25018222.12,25016727.330000002,23380119.0,1.07,sized,out,,0,
1752828,CELU,Celularity Inc,2834,47376659.82,47376659.82,32449767.0,1.46,sized,out,,0,
1678105,CAHO,Caro Holdings Inc.,5961,,,60652429.0,,unsized,out,,0,counting failure; never a member
1720893,BTAI,"BioXcel Therapeutics, Inc.",2834,,,31305499.0,,unsized,out,,0,counting failure; never a member
1279704,CLRB,"Cellectar Biosciences, Inc.",2834,13232951.2,13232951.2,9452108.0,1.4,sized,out,,0,
1943444,TRSG,Tungray Technologies Inc,3530,,,,,"excluded: no domestic filings (foreign filer, fund, or shell)",out,,0,
1750593,DUO,Fangdd Network Group Ltd.,6500,,,,,"excluded: no domestic filings (foreign filer, fund, or shell)",out,,0,
1812447,SKYQ,Sky Quarry Inc.,4955,22260142.8,22260142.8,8833390.0,2.52,sized,out,,0,
1976908,JDZG,JIADE Ltd,8200,,,,,"excluded: no domestic filings (foreign filer, fund, or shell)",out,,0,
1643953,PRPL,"Purple Innovation, Inc.",2510,8196106.279999999,1202430.704,639590.8,1.88,disagree,out,,0,"cover count 15,989,770 as of 2018-01-31 restated 0.04x through the split(s) since"
1858007,GDST,Chi Special Acquisition Corp.,3620,,,1866406.0,,unsized,out,,0,counting failure; never a member
811522,QZMRF,QUARTZ MOUNTAIN RESOURCES LTD,1040,,,,,"excluded: no domestic filings (foreign filer, fund, or shell)",out,,0,
1175151,CTSO,Cytosorbents Corp,3841,11753606.73,11720172.502000002,3142137.4000000004,3.73,sized,out,,0,"cover count 62,842,748 as of 2026-07-31 restated 0.05x through the split(s) since"
1811115,RNLXY,Renalytix plc,8071,,,13248240.48,,unsized,out,,0,counting failure; never a member
1410738,VPLM,Voip-pal.com Inc,3661,,,3854095436.0,,unsized,out,,0,counting failure; never a member
352955,CKX,"CKX LANDS, INC.",1311,21352541.6,21352541.6,2053129.0,10.4,sized,out,,0,
1173313,ABVC,"ABVC BIOPHARMA, INC.",2834,26160586.48,26121277.7,26654365.0,0.98,sized,out,,0,
1862463,AMOD,"ALPHA MODUS HOLDINGS, INC.",6794,11572685.94,11572685.94,4966818.0,2.33,sized,out,,0,
1723047,VAUCF,Viva Gold Corp.,,,,,,"excluded: no domestic filings (foreign filer, fund, or shell)",out,,0,
1982448,BLIV,BeLive Holdings,7373,,,,,"excluded: no domestic filings (foreign filer, fund, or shell)",out,,0,
1753162,FTHM,Fathom Holdings Inc.,6531,7556378.8742,7556378.8742,34207238.0,0.2209,sized,out,,0,
1084267,MOBQ,"Mobiquity Technologies, Inc.",7310,,,31114238.0,,unsized,out,,0,counting failure; never a member
1493130,MAPPF,PROSTAR HOLDINGS INC. /BC,,,,,,"excluded: no domestic filings (foreign filer, fund, or shell)",out,,0,
1683408,RSGLF,Rocky Shore Gold Ltd.,,,,,,"excluded: no domestic filings (foreign filer, fund, or shell)",out,,0,
2033383,FUSE,Fusemachines Inc.,7373,13496291.651700001,12020204.739400001,28985302.0,0.4147,sized,out,,0,
1232582,AHT,ASHFORD HOSPITALITY TRUST INC,6798,13974798.24,13974798.24,6469814.0,2.16,sized,out,,0,
1095981,CNSY,"CERENOME, INC.",3841,13585428.75,13585428.75,7589625.0,1.79,sized,out,,0,
1111741,DYNR,"DYNARESOURCE, INC.",1000,,,30149059.0,,unsized,out,,0,counting failure; never a member
1066764,BESS,Bimergen Energy Corp,4911,15969539.25,15969539.25,7097573.0,2.25,sized,out,,0,
1860657,ALLR,"Allarity Therapeutics, Inc.",2834,15622739.8956,15622739.8956,15910724.0,0.9819,sized,out,,0,
888981,NNUP,NOCOPI TECHNOLOGIES INC/MD/,3944,,,11743364.0,,unsized,out,,0,counting failure; never a member
1785494,WBQNL,Woodbridge Liquidation Trust,6500,,,,,excluded: not a common-stock listing (vendor type OTHER),out,,0,
1709819,FEDU,Four Seasons Education (Cayman) Inc.,8200,,,,,"excluded: no domestic filings (foreign filer, fund, or shell)",out,,0,
1041657,UONE,"URBAN ONE, INC.",4832,20075093.4,,,4.35,sized,out,,0,
1948697,SPPL,SIMPPLE LTD.,8744,,,,,"excluded: no domestic filings (foreign filer, fund, or shell)",out,,0,
1653909,BIRD,"Smartbird, Inc.",7374,34010475.839999996,,,2.88,sized,out,,0,
1893645,PLRZ,Polyrizon Ltd.,3841,,,,,"excluded: no domestic filings (foreign filer, fund, or shell)",out,,0,
1500620,BGAVF,Bravada Gold Corp,,,,,,"excluded: no domestic filings (foreign filer, fund, or shell)",out,,0,
1987189,SLGB,Smart Logistics Global Ltd,4731,,,,,"excluded: no domestic filings (foreign filer, fund, or shell)",out,,0,
1708441,MYND,"Mynd.ai, Inc.",3577,,,,,"excluded: no domestic filings (foreign filer, fund, or shell)",out,,0,
1597846,GRNQ,Greenpro Capital Corp.,8742,16079411.819999998,16079237.080999998,1812766.3,8.87,sized,out,,0,"cover count 18,127,663 as of 2026-08-05 restated 0.1x through the split(s) since"
1030471,UTSI,UTSTARCOM HOLDINGS CORP.,3669,21456688.599999998,20762565.759999998,9186976.0,2.26,sized,out,,0,
2013807,FOXX,Foxx Development Holdings Inc.,3576,17616518.43,,7074907.0,,sized,out,,0,
2030522,MWYN,"Marwynn Holdings, Inc.",5141,27868829.52,27868829.52,20194804.0,1.38,sized,out,,0,
1472072,CCM,Concord Medical Services Holdings Ltd,8011,,,,,"excluded: no domestic filings (foreign filer, fund, or shell)",out,,0,
1544770,BONXF,BONTERRA RESOURCES INC.,,,,,,"excluded: no domestic filings (foreign filer, fund, or shell)",out,,0,
315958,CRMZ,CREDITRISKMONITOR COM INC,7320,,,10767501.0,,unsized,out,,0,counting failure; never a member
1481241,PSHG,Performance Shipping Inc.,4412,,,,,"excluded: no domestic filings (foreign filer, fund, or shell)",out,,0,
2055938,GRLMF,GreenLight Metals Inc.,,,,,,"excluded: no domestic filings (foreign filer, fund, or shell)",out,,0,
1412486,COCP,"Cocrystal Pharma, Inc.",2834,20611624.0,20611624.0,19263200.0,1.07,sized,out,,0,
1919191,ITHR,"Intelithrive, Inc.",3690,,,,,"excluded: no domestic filings (foreign filer, fund, or shell)",out,,0,
1409036,TARSF,Silver North Resources Ltd.,1040,,,,,"excluded: no domestic filings (foreign filer, fund, or shell)",out,,0,
1418149,HLRTF,Hillcrest Energy Technologies Ltd.,,,,,,"excluded: no domestic filings (foreign filer, fund, or shell)",out,,0,
946563,RVP,RETRACTABLE TECHNOLOGIES INC,3841,19818399.258,19818399.258,29937159.0,0.662,sized,out,,0,
1858685,BFRI,Biofrontera Inc.,2834,13646347.449199999,13646347.449199999,14852359.0,0.9188,sized,out,,0,
1591956,ANY,Sphere 3D Corp.,6199,,,8704816.0,,unsized,out,,0,counting failure; never a member
1847064,PSQH,"PSQ Holdings, Inc.",7310,13902336.64,12554370.59,3365783.0,3.73,sized,out,,0,
909724,TLF,TANDY LEATHER FACTORY INC,3100,20357306.375,20357306.375,8192075.0,2.485,sized,out,,0,
1045942,TRCK,"Track Group, Inc.",3669,,,41335187.0,,unsized,out,,0,counting failure; never a member
1602842,ORIO,Orion Digital Corp.,6199,23826396.92,24717100.77,24472377.0,1.01,sized,out,,0,successor issuer: no Form 4s under this CIK; the panel resolves the predecessor
1191070,NEUP,Neuphoria Therapeutics Inc.,2834,18127968.900000002,18127968.900000002,5411334.0,3.35,sized,out,,0,
1978811,GOVB,"Gouverneur Bancorp, Inc./MD/",6036,,,1058922.0,,unsized,out,,0,counting failure; never a member
1854445,BTLN,"Glimpse Group, Inc.",7371,14295717.1806,14295717.1806,2712351.0,5.2706,sized,out,,0,
1919776,DETX,"LIBERTY DEFENSE HOLDINGS, LTD.",3812,,,,,"excluded: no domestic filings (foreign filer, fund, or shell)",out,,0,
1437517,CLOQ,"CYBERLOQ TECHNOLOGIES, INC.",7372,,,146146254.0,,unsized,out,,0,counting failure; never a member
1474167,COSM,Cosmos Health Inc.,5122,31639258.231200002,31639258.231200002,100633773.0,0.3144,sized,out,,0,
1771885,QNTM,Quantum Biopharma Ltd.,2834,,,,,"excluded: no domestic filings (foreign filer, fund, or shell)",out,,0,
1711012,AIHS,Senmiao Technology Ltd,7510,,,14557489.0,,unsized,out,,0,counting failure; never a member
1944399,PDC,Perpetuals.com Ltd,7371,,,,,"excluded: no domestic filings (foreign filer, fund, or shell)",out,,0,
1905688,MAUUF,AERO ENERGY Ltd,,,,,,"excluded: no domestic filings (foreign filer, fund, or shell)",out,,0,
1487197,BRFH,BARFRESH FOOD GROUP INC.,2030,12883455.88,12883455.88,16308172.0,0.79,sized,out,,0,
1377149,CRVW,CareView Communications Inc,3663,,,583880748.0,,unsized,out,,0,counting failure; never a member
1595527,NYC,American Strategic Investment Co.,6798,17906157.12,17906157.12,3163632.0,5.66,sized,out,,0,
1119083,MNDO,MIND CTI LTD,7371,,,,,"excluded: no domestic filings (foreign filer, fund, or shell)",out,,0,
1855467,MOBX,"MOBIX LABS, INC",3674,20285810.849999998,,277891.2,1.13,disagree,out,,0,"sec measure disqualified: 314,017 vs vendor 20,285,811; decided on the vendor figure"
2040290,LGPS,LOGPROSTYLE INC.,1531,,,,,"excluded: no domestic filings (foreign filer, fund, or shell)",out,,0,
1607962,LFWD,Lifeward Ltd.,3842,18209862.88,18209862.88,2832016.0,6.43,sized,out,,0,
1883437,EPSM,Epsium Enterprise Ltd,5180,,,,,"excluded: no domestic filings (foreign filer, fund, or shell)",out,,0,
1066923,FTFT,Future FinTech Group Inc.,7389,27180760.580000002,27127320.173750002,8061610.75,3.365,sized,out,,0,"cover count 32,246,443 as of 2026-08-13 restated 0.25x through the split(s) since"
2024114,TGHL,GrowHub Ltd,7374,,,,,"excluded: no domestic filings (foreign filer, fund, or shell)",out,,0,
1086745,FABC,"Fabric.AI, Inc.",4899,15688093.120000001,15688093.120000001,7003613.0,2.24,sized,out,,0,
1321834,QCLS,"Q/C TECHNOLOGIES, INC.",2835,5214469.8546,5214469.8546,8189838.0,0.6367,sized,out,,0,
1879293,MMCP,"Mag Mile Capital, Inc.",3567,,,100055935.0,,unsized,out,,0,counting failure; never a member
1432588,BHSIF,BAYHORSE SILVER INC.,,,,,,"excluded: no domestic filings (foreign filer, fund, or shell)",out,,0,
1783036,NCEL,NewcelX Ltd.,2834,,,,,"excluded: no domestic filings (foreign filer, fund, or shell)",out,,0,
1261002,GNOLF,GENOIL INC,1389,,,,,"excluded: no domestic filings (foreign filer, fund, or shell)",out,,0,
1007019,JVA,COFFEE HOLDING CO INC,2090,25460351.54,25460351.54,5708599.0,4.46,sized,out,,0,
1021917,AWCA,"Awaysis Capital, Inc.",6512,,,409386192.0,,unsized,out,,0,counting failure; never a member
1708341,AIFA,"All In FutureTech Alliance, Inc.",7900,40576397.120000005,40576397.120000005,6420316.0,6.32,sized,out,,0,
1630176,HYEX,HEALTHY EXTRACTS INC.,2833,,,14741348.0,,unsized,out,,0,counting failure; never a member
1563568,AZIO,"AZIO AI HOLDINGS, INC.",3714,18417457.6,17455918.880000003,16467848.0,1.06,sized,out,,0,
1979887,XCH,XCHG Ltd,3690,,,,,"excluded: no domestic filings (foreign filer, fund, or shell)",out,,0,
1995116,RECT,Rectitude Holdings Ltd.,3420,,,,,"excluded: no domestic filings (foreign filer, fund, or shell)",out,,0,
1825024,OPAD,Offerpad Solutions Inc.,6531,13435042.219999999,13435042.219999999,4832749.0,2.78,sized,out,,0,
788611,NTRP,"NextTrip, Inc.",4700,28814452.91,28497060.57,14919927.0,1.91,sized,out,,0,
1935418,FMST,Foremost Clean Energy Ltd.,1090,,,,,"excluded: no domestic filings (foreign filer, fund, or shell)",out,,0,
779544,ARKR,ARK RESTAURANTS CORP,5812,16408014.35,16408014.35,3606157.0,4.55,sized,out,,0,
1992500,LRRIF,Lion Rock Resources Inc.,,,,,,"excluded: no domestic filings (foreign filer, fund, or shell)",out,,0,
1899005,BMR,Beamr Imaging Ltd.,7372,,,,,"excluded: no domestic filings (foreign filer, fund, or shell)",out,,0,
843006,ACCS,ACCESS Newswire Inc.,8742,17605598.4,17605598.4,3827304.0,4.6,sized,out,,0,
1462223,NIXX,"Nixxy, Inc.",7371,8672651.7,8672651.7,28908839.0,0.3,sized,out,,0,
2000366,SCAG,Scage Future,3713,,,,,"excluded: no domestic filings (foreign filer, fund, or shell)",out,,0,
1437750,TRXA,T-REX Acquisition Corp.,6199,,,30149940.0,,unsized,out,,0,counting failure; never a member
1859022,NPRFF,Nepra Foods Inc.,,,,,,"excluded: no domestic filings (foreign filer, fund, or shell)",out,,0,
1500198,NMTC,NEUROONE MEDICAL TECHNOLOGIES Corp,3841,9834224.040000001,9834224.040000001,9105763.0,1.08,sized,out,,0,
1999297,DSY,Big Tree Cloud Holdings Ltd,2670,,,,,"excluded: no domestic filings (foreign filer, fund, or shell)",out,,0,
1657214,ILAL,International Land Alliance Inc.,6552,,,4821818.0,,unsized,out,,0,counting failure; never a member
1891944,PMEC,Primech Holdings Ltd,7340,,,,,"excluded: no domestic filings (foreign filer, fund, or shell)",out,,0,
2027160,VNTG,Vantage Corp (Singapore),4731,,,,,"excluded: no domestic filings (foreign filer, fund, or shell)",out,,0,
1817740,AUST,Austin Gold Corp.,1040,,,,,excluded: no Section 16 filings,out,,0,
1876766,LICN,Lichen International Ltd,8742,,,,,"excluded: no domestic filings (foreign filer, fund, or shell)",out,,0,
799850,CRMT,AMERICAS CARMART INC,5500,10423097.5,10423097.5,8338478.0,1.25,sized,out,,0,
1666782,IRVRF,Irving Resources Inc.,,,,,,"excluded: no domestic filings (foreign filer, fund, or shell)",out,,0,
797465,STLY,"HG Holdings, Inc.",6798,,,5046795.0,,unsized,out,,0,counting failure; never a member
1949257,RADX,Radiopharm Theranostics Ltd,2834,,,,,"excluded: no domestic filings (foreign filer, fund, or shell)",out,,0,
2021688,UFG,Uni-Fuels Holdings Ltd,5172,,,,,"excluded: no domestic filings (foreign filer, fund, or shell)",out,,0,
1672571,AAQL,Antiaging Quantum Living Inc.,7331,,,34275340.0,,unsized,out,,0,counting failure; never a member
1940674,SMX,SMX (Security Matters) Public Ltd Co,3590,,,,,"excluded: no domestic filings (foreign filer, fund, or shell)",out,,0,
2007702,HKPD,"Cellyan Biotechnology Co., Ltd",5122,,,,,"excluded: no domestic filings (foreign filer, fund, or shell)",out,,0,
1307579,LIQT,LIQTECH INTERNATIONAL INC,3590,14829823.234100001,14829823.234100001,32947841.0,0.4501,sized,out,,0,
1755237,CYCN,"Cyclerion Therapeutics, Inc.",2834,,,668764.4285714285,,unsized,out,,0,counting failure; never a member
1077640,WMLLF,Wealth Minerals Ltd.,1000,,,,,"excluded: no domestic filings (foreign filer, fund, or shell)",out,,0,
1948436,JL,J-Long Group Ltd,5600,,,,,"excluded: no domestic filings (foreign filer, fund, or shell)",out,,0,
2045300,PRNCF,Prince Silver Corp.,,,,,,"excluded: no domestic filings (foreign filer, fund, or shell)",out,,0,
1017655,PAYD,PAID INC,7389,,,8477659.0,,unsized,out,,0,counting failure; never a member
1735514,OHCFF,Light AI Inc.,,,,,,"excluded: no domestic filings (foreign filer, fund, or shell)",out,,0,
1872090,YXT,YXT.COM GROUP HOLDING Ltd,7372,,,,,"excluded: no domestic filings (foreign filer, fund, or shell)",out,,0,
2064764,PLSM,Pulsenmore Ltd.,3841,,,,,"excluded: no domestic filings (foreign filer, fund, or shell)",out,,0,
1684688,ATCX,ATLAS CRITICAL MINERALS Corp,1040,,,,,"excluded: no domestic filings (foreign filer, fund, or shell)",out,,0,
2060083,FOFO,"Hang Feng Technology Innovation Co., Ltd.",8742,,,,,"excluded: no domestic filings (foreign filer, fund, or shell)",out,,0,
1004989,SGRP,"SPAR Group, Inc.",7389,,,28398560.0,,unsized,out,,0,counting failure; never a member
1821175,MSGM,Motorsport Games Inc.,7372,23678218.32,,,5.16,sized,out,,0,
847942,STQN,STRATEGIC ACQUISITIONS INC /NV/,6199,,,46775000.0,,unsized,out,,0,counting failure; never a member
1638911,DUKR,DUKE Robotics Corp.,3721,17095630.220000003,17095630.220000003,3425978.0,4.99,sized,out,,0,
1711786,RKTO,Rocket One Inc.,2834,16086327.0841,16086327.0841,24897581.0,0.6461,sized,out,,0,
1960355,EXYN,"Exyn Technologies, Inc.",7372,20043971.64,20043971.64,7953957.0,2.52,sized,out,,0,
1903995,MGIH,Millennium Group International Holdings Ltd,2750,,,,,"excluded: no domestic filings (foreign filer, fund, or shell)",out,,0,
1460702,AIXC,"AIxCrypto Holdings, Inc.",6199,,,20234993.0,,unsized,out,,0,counting failure; never a member
1991261,SKK,SKK Holdings Ltd,1623,,,,,"excluded: no domestic filings (foreign filer, fund, or shell)",out,,0,
1718939,IDAI,T Stamp Inc,7372,19117196.490000002,19117196.490000002,5639291.0,3.39,sized,out,,0,
1852354,ARLSF,ARGO GRAPHENE SOLUTIONS CORP.,,,,,,"excluded: no domestic filings (foreign filer, fund, or shell)",out,,0,
911216,PTN,PALATIN TECHNOLOGIES INC,2834,16046260.389999999,16046260.389999999,1780939.0,9.01,sized,out,,0,
877028,TWOSF,T2 Metals Corp.,,,,,,"excluded: no domestic filings (foreign filer, fund, or shell)",out,,0,
1713923,AIJTY,Jianpu Technology Inc.,7370,,,,,"excluded: no domestic filings (foreign filer, fund, or shell)",out,,0,
1707303,DOGZ,Dogness (International) Corp,3990,,,,,"excluded: no domestic filings (foreign filer, fund, or shell)",out,,0,
1988776,MRNO,Murano Global Investments Plc,7011,,,,,"excluded: no domestic filings (foreign filer, fund, or shell)",out,,0,
1888980,LRE,"LEAD REAL ESTATE CO., LTD",1531,,,,,"excluded: no domestic filings (foreign filer, fund, or shell)",out,,0,
1158780,PLUR,Pluri Inc.,2836,12611335.0,12344736.0,12344736.0,1.0,sized,out,,0,
1593001,NGTF,"NightFood Holdings, Inc.",3590,,,507476668.0,,unsized,out,,0,counting failure; never a member
1382574,SCNX,"Scienture Holdings, Inc.",2834,6340304.76,6340304.1424,1642565.84,3.86,sized,out,,0,"cover count 41,064,146 as of 2026-08-13 restated 0.04x through the split(s) since"
1841330,KTTA,Pasithea Therapeutics Corp.,2834,14732430.123200001,14732430.123200001,33414448.0,0.4409,sized,out,,0,
1740797,AVAI,"AVAI BIO, INC.",7374,,,,,excluded: no Section 16 filings,out,,0,
1106213,SFRX,SEAFARER EXPLORATION CORP,7900,,,11040410363.0,,unsized,out,,0,counting failure; never a member
1509646,FENG,Phoenix New Media Ltd,4833,,,,,"excluded: no domestic filings (foreign filer, fund, or shell)",out,,0,
1346610,SOS,SOS Ltd,6200,,,,,"excluded: no domestic filings (foreign filer, fund, or shell)",out,,0,
1883835,ESGH,ESG Inc.,0100,,,15591376.0,,unsized,out,,0,counting failure; never a member
1980210,WFF,WF Holding Ltd,3990,,,,,"excluded: no domestic filings (foreign filer, fund, or shell)",out,,0,
1544227,TPST,"Tempest Therapeutics, Inc.",2834,13005120.59,11401387.69,14806997.0,0.77,sized,out,,0,
1570843,GEBRF,Greenbriar Sustainable Living Inc.,6500,,,,,"excluded: no domestic filings (foreign filer, fund, or shell)",out,,0,
1348362,LEXX,Lexaria Bioscience Corp.,2834,6740889.600000001,5287988.48,1652496.4,3.2,sized,out,,0,"cover count 24,787,446 as of 2026-07-13 restated 0.0666667x through the split(s) since"
2111846,GYGY,Game Your Game Inc.,7372,7049201.600000001,7049201.600000001,14392000.0,0.4898,sized,out,,0,
924168,EFOI,"ENERGY FOCUS, INC/DE",3640,19107666.0,19107666.0,6369222.0,3.0,sized,out,,0,
1847986,DFLI,Dragonfly Energy Holdings Corp.,3690,918013.2050000001,918013.3888625001,1872350.375,0.4903,sized,out,,0,"cover count 14,978,803 as of 2026-08-11 restated 0.125x through the split(s) since"
1652561,DQWS,DSwiss Inc,2844,,,206904585.0,,unsized,out,,0,counting failure; never a member
2009714,TMDE,TMD Energy Ltd,5172,,,,,"excluded: no domestic filings (foreign filer, fund, or shell)",out,,0,
1534133,CALC,"CalciMedica, Inc.",2834,8876779.6,8876779.6,6828292.0,1.3,sized,out,,0,"cover count 34,141,460 as of 2026-08-05 restated 0.2x through the split(s) since"
1716338,JF,J & Friends Holdings Ltd,7370,,,,,"excluded: no domestic filings (foreign filer, fund, or shell)",out,,0,
1535955,LPCN,Lipocine Inc.,2834,15911408.29,15911408.29,8244253.0,1.93,sized,out,,0,
1355839,IPM,INTELLIGENT PROTECTION MANAGEMENT CORP.,7370,23203597.62,16083597.620000001,9035729.0,1.78,disagree,out,,0,
1897532,PASW,"Ping An Biomedical Co., Ltd.",2300,,,,,"excluded: no domestic filings (foreign filer, fund, or shell)",out,,0,
1988634,POWMF,Power Metal Resources PLC,,,,,,"excluded: no domestic filings (foreign filer, fund, or shell)",out,,0,
1794942,SKFG,"Stark Focus Group, Inc.",5130,,,18348330.0,,unsized,out,,0,counting failure; never a member
1961847,INHD,INNO HOLDINGS INC.,5990,9653825.23,9653825.23,2520581.0,3.83,sized,out,,0,
2044327,CFND,C1 Fund Inc.,,,,,,"excluded: no domestic filings (foreign filer, fund, or shell)",out,,0,
1780731,EPOW,E-Power Inc.,3690,,,,,"excluded: no domestic filings (foreign filer, fund, or shell)",out,,0,
1982012,TLIH,Ten-League International Holdings Ltd,5080,,,,,"excluded: no domestic filings (foreign filer, fund, or shell)",out,,0,
1519472,SMXT,"SolarMax Technology, Inc.",1700,22098498.220000003,22098498.220000003,4742167.0,4.66,sized,out,,0,
2030834,ONEG,OneConstruction Group Ltd,1520,,,,,"excluded: no domestic filings (foreign filer, fund, or shell)",out,,0,
948708,SMSI,"SMITH MICRO SOFTWARE, INC.",7372,14198295.200000001,14198295.200000001,5589880.0,2.54,sized,out,,0,
1524769,CHKR,CHESAPEAKE GRANITE WASH TRUST,1311,,,,,excluded: not a common-stock listing (vendor type UNIT),out,,0,
1997296,MDCX,Medicus Pharma Ltd.,2834,152759.5128,128762.08318,1263612.2,0.1019,sized,out,,0,"cover count 63,180,610 as of 2026-08-10 restated 0.02x through the split(s) since"
2001699,HPAI,Helport AI Ltd,7372,,,,,"excluded: no domestic filings (foreign filer, fund, or shell)",out,,0,
1826660,WETH,Wetouch Technology Inc.,3577,12514410.596800001,12514410.596800001,13381534.0,0.9352,sized,out,,0,
1769624,ILLR,Triller Group Inc.,6282,,,20487382.0,,unsized,out,,0,counting failure; never a member
875355,TULP,"BLOOMIA HOLDINGS, INC.",0100,13164379.625,13164379.625,4830965.0,2.725,sized,out,,0,
1580149,BIVI,BIOVIE INC.,2834,11113868.8,9654576.64,7542638.0,1.28,sized,out,,0,
803578,AIFF,"FIREFLY NEUROSCIENCE, INC.",7372,18985282.36,18985282.36,15690316.0,1.21,sized,out,,0,
1868419,CYCU,"Cycurion, Inc.",7371,77521005.0,9690125.625,3230041.875,3.0,disagree,out,,0,"cover count 25,840,335 as of 2026-08-10 restated 0.125x through the split(s) since"
1534248,CMMB,Chemomab Therapeutics Ltd.,2834,10185447.399999999,,575381320.0,1.39,sized,out,,0,ADS: ordinary-share count is not price-comparable; sized on the vendor figure
1916241,PRZO,ParaZero Technologies Ltd.,3728,,,,,"excluded: no domestic filings (foreign filer, fund, or shell)",out,,0,
2011458,ZTG,Zenta Group Co Ltd,8742,,,,,"excluded: no domestic filings (foreign filer, fund, or shell)",out,,0,
1778982,HUIZ,Huize Holding Ltd,6411,,,,,"excluded: no domestic filings (foreign filer, fund, or shell)",out,,0,
1427570,HIND,"Vyome Holdings, Inc",2834,14247611.839999998,14247611.839999998,7018528.0,2.03,sized,out,,0,
1809267,DGCOF,Daura Capital Corp.,,,,,,"excluded: no domestic filings (foreign filer, fund, or shell)",out,,0,
1422532,RKHNF,ROCKHAVEN RESOURCES LTD,,,,,,"excluded: no domestic filings (foreign filer, fund, or shell)",out,,0,
1424864,RYES,Rise Gold Corp.,1000,,,,,excluded: not a common-stock listing (vendor type OS),out,,0,
1401914,DARE,"Dare Bioscience, Inc.",2834,15188465.8926,11806553.4444,15289502.0,0.7722,sized,out,,0,
793524,REFR,RESEARCH FRONTIERS INC,6794,21701710.006399997,21701710.006399997,34867786.0,0.6224,sized,out,,0,
1683274,RYOOF,Rio Silver Inc.,,,,,,"excluded: no domestic filings (foreign filer, fund, or shell)",out,,0,
825324,GTIM,Good Times Restaurants Inc.,5812,15731265.04,15731265.04,10557896.0,1.49,sized,out,,0,
1603793,NRIS,"Norris Industries, Inc.",1311,,,108245688.0,,unsized,out,,0,counting failure; never a member
1948443,RAY,Raytech Holding Ltd,3630,,,,,"excluded: no domestic filings (foreign filer, fund, or shell)",out,,0,
1869467,SVRN,OceanPal Inc.,4412,,,,,"excluded: no domestic filings (foreign filer, fund, or shell)",out,,0,
1105101,GIGM,GIGAMEDIA Ltd,7370,,,,,"excluded: no domestic filings (foreign filer, fund, or shell)",out,,0,
1677897,UPYY,UPAY,7372,,,17665211.0,,unsized,out,,0,counting failure; never a member
320017,LSTA,"LISATA THERAPEUTICS, INC.",2834,12964879.2,10813124.4,9010937.0,1.2,sized,out,,0,
1805833,SST,"System1, Inc.",7370,19769252.94,20760477.042,9145584.6,2.27,sized,out,,0,"cover count 91,455,846 as of 2022-11-04 restated 0.1x through the split(s) since"
1506251,CTXR,"Citius Pharmaceuticals, Inc.",2834,13416070.959,13416070.959,27452570.0,0.4887,sized,out,,0,
1912582,AIEV,"Thunder Power Holdings, Inc.",3711,,,50724664.0,,unsized,out,,0,counting failure; never a member
1567264,INTS,"INTENSITY THERAPEUTICS, INC.",2836,12014754.72,12014754.72,3264879.0,3.68,sized,out,,0,
1479419,KALA,"KALA BIO, Inc.",2834,5736180.5276,5736180.5276,19339786.0,0.2966,sized,out,,0,
1311673,YTFD,"Yale Transaction Finders, Inc.",6770,,,,,excluded: blank-check company (SIC 6770),out,,0,
736012,INTZ,INTRUSION INC,3576,16767657.242600001,16767657.242600001,24506953.0,0.6842,sized,out,,0,
1254435,PEXZF,PACIFIC RIDGE EXPLORATION LTD,,,,,,"excluded: no domestic filings (foreign filer, fund, or shell)",out,,0,
1450894,IAALF,IBC Advanced Alloys Corp.,,,,,,"excluded: no domestic filings (foreign filer, fund, or shell)",out,,0,
1333822,LEDS,SemiLEDs Corp,3674,18946092.87,18946092.87,8273403.0,2.29,sized,out,,0,
1459188,CHEV,Charging Robotics Inc.,5013,,,,,excluded: no Section 16 filings,out,,0,
2092967,FRTT,Fort Technology Inc,2870,,,,,"excluded: no domestic filings (foreign filer, fund, or shell)",out,,0,
1114859,GLOH,"Glow Holdings, Inc.",7372,,,,,excluded: no Section 16 filings,out,,0,
925741,BCDA,"BioCardia, Inc.",2836,16047108.92,16047108.92,15138782.0,1.06,sized,out,,0,
1001907,ASTC,ASTROTECH Corp,3826,14368541.76,13741902.0,2009050.0,6.84,sized,out,,0,
1743971,MOGU,MOGU Inc.,7389,,,,,"excluded: no domestic filings (foreign filer, fund, or shell)",out,,0,
1686000,JGLDF,Japan Gold Corp.,,,,,,"excluded: no domestic filings (foreign filer, fund, or shell)",out,,0,
1892316,LDDD,Longduoduo Co Ltd,8000,,,30015036.0,,unsized,out,,0,counting failure; never a member
87050,NEON,Neonode Inc.,3679,14770649.6522,14770649.6522,16782922.0,0.8801,sized,out,,0,
7623,ARTW,ARTS WAY MANUFACTURING CO INC,3523,19089086.62,19089086.62,5201386.0,3.67,sized,out,,0,
1083743,FLUX,"Flux Power Holdings, Inc.",3690,9967576.962000001,9967576.962000001,21621642.0,0.461,sized,out,,0,
1282224,DLPN,"Dolphin Entertainment, Inc.",7200,13033831.0,13025551.0,13025551.0,1.0,sized,out,,0,
878932,EQS,"EQUUS TOTAL RETURN, INC.",,,,,,"excluded: investment company (files 40-17G, N-2)",out,,0,
1953021,MPU,Mega Matrix Inc,7812,,,,,"excluded: no domestic filings (foreign filer, fund, or shell)",out,,0,
908311,CMCT,Creative Media & Community Trust Corp,6798,12160997.1,11141523.54,2947493.0,3.78,sized,out,,0,
1782309,EDTK,Skillful Craftsman Education Technology Ltd,8200,,,,,"excluded: no domestic filings (foreign filer, fund, or shell)",out,,0,
840715,CLRO,CLEARONE INC,3661,10995943.32,10995943.32,2675412.0,4.11,sized,out,,0,
1814215,BURU,"Nuburu, Inc.",3690,9022450.2645,225561.280965,231558.65000000002,0.9741,disagree,out,,0,"cover count 9,262,346 as of 2026-08-12 restated 0.025x through the split(s) since"
908259,OTLC,"Oncotelic Therapeutics, Inc.",2834,,,457512796.0,,unsized,out,,0,counting failure; never a member
1819794,HTOO,Fusion Fuel Green PLC,3590,,,,,"excluded: no domestic filings (foreign filer, fund, or shell)",out,,0,
1875609,SWVL,Swvl Holdings Corp,7389,,,,,"excluded: no domestic filings (foreign filer, fund, or shell)",out,,0,
709005,NROM,NOBLE ROMANS INC,5812,,,22707749.0,,unsized,out,,0,counting failure; never a member
1939780,UCAR,U Power Ltd,3690,,,,,"excluded: no domestic filings (foreign filer, fund, or shell)",out,,0,
912061,NHTC,NATURAL HEALTH TRENDS CORP,5190,8003132.184,,,0.933,sized,out,,0,
1729653,STLNF,Stallion Uranium Corp.,,,,,,"excluded: no domestic filings (foreign filer, fund, or shell)",out,,0,
1541157,AKTX,Akari Therapeutics Plc,2834,18578391.450000003,,,8.13,sized,out,,0,ADS: ordinary-share count is not price-comparable; sized on the vendor figure
1527599,SYBX,"SYNLOGIC, INC.",2834,,,12248950.0,,unsized,out,,0,counting failure; never a member
1897245,HWH,HWH International Inc.,5122,,,7726400.0,,unsized,out,,0,counting failure; never a member
1502557,KPEA,Kun Peng International Ltd.,8200,,,40000624.0,,unsized,out,,0,counting failure; never a member
2017758,LHAI,Linkhome Holdings Inc.,6531,17025900.0,17025900.0,16530000.0,1.03,sized,out,,0,
1912966,RGNT,REGENTIS BIOMATERIALS LTD.,3842,,,,,"excluded: no domestic filings (foreign filer, fund, or shell)",out,,0,
314227,TOMZ,"TOMI Environmental Solutions, Inc.",2860,12783845.89,12783845.89,8142577.0,1.57,sized,out,,0,
764630,AETN,"AETERNUM HEALTH, INC.",3690,,,4855260.2,,unsized,out,,0,counting failure; never a member
1799290,EBON,Ebang International Holdings Inc.,6200,,,,,"excluded: no domestic filings (foreign filer, fund, or shell)",out,,0,
1495730,GMVMF,GMV Minerals Inc.,,,,,,"excluded: no domestic filings (foreign filer, fund, or shell)",out,,0,
1463978,BKUCF,BLUE SKY URANIUM CORP.,,,,,,"excluded: no domestic filings (foreign filer, fund, or shell)",out,,0,
1831868,ICU,SeaStar Medical Holding Corp,3841,18360342.07,15379875.090000002,4406841.0,3.49,sized,out,,0,
1487718,BLTH,"AMERICAN BATTERY MATERIALS, INC.",1400,,,3789585.0,,unsized,out,,0,counting failure; never a member
1584547,GP,GREENPOWER MOTOR Co INC.,3713,,,,,"excluded: no domestic filings (foreign filer, fund, or shell)",out,,0,
1174891,GEDC,"TerraVolt Holdings, Inc.",6798,,,25730540.0,,unsized,out,,0,counting failure; never a member
1787297,PASG,"Passage BIO, Inc.",2836,12163321.799999999,12163321.799999999,3217810.0,3.78,sized,out,,0,
10048,BRN,BARNWELL INDUSTRIES INC,1311,13660630.984000001,13660630.984000001,14434310.0,0.9464,sized,out,,0,
1715272,GRAPF,First Canadian Graphite Inc.,,,,,,"excluded: no domestic filings (foreign filer, fund, or shell)",out,,0,
2006986,ADGM,"Adagio Medical Holdings, Inc.",3841,3534612.64,2887359.67,22210459.0,0.13,sized,out,,0,
914139,PRKR,PARKERVISION INC,3663,,,148226874.0,,unsized,out,,0,counting failure; never a member
1648960,MYSE,"Myseum.AI, Inc.",4822,9119734.65,9119734.65,5196430.0,1.755,sized,out,,0,
1706524,FLZH,"Flash Sports & Media Holdings, Inc.",7900,,,56716262.0,,unsized,out,,0,counting failure; never a member
1122020,PCSV,"PCS Edventures!, Inc.",8200,,,9677687.0,,unsized,out,,0,counting failure; never a member
1758124,CNTMF,Fluent Corp.,,,,,,"excluded: no domestic filings (foreign filer, fund, or shell)",out,,0,
1414382,CLEV,Concrete Leveling Systems Inc,3590,,,14027834.0,,unsized,out,,0,counting failure; never a member
1775898,UCL,uCloudlink Group Inc.,4899,,,,,"excluded: no domestic filings (foreign filer, fund, or shell)",out,,0,
1411690,BNGO,"Bionano Genomics, Inc.",3826,17194420.0,17194420.0,11777000.0,1.46,sized,out,,0,
1875091,NRSN,NeuroSense Therapeutics Ltd.,2834,,,,,"excluded: no domestic filings (foreign filer, fund, or shell)",out,,0,
1966678,ZDAI,"DirectBooking Technology Co., Ltd.",1540,,,,,"excluded: no domestic filings (foreign filer, fund, or shell)",out,,0,
1513525,ADIL,"ADIAL PHARMACEUTICALS, INC.",2834,11646804.88,10424783.3,2625890.0,3.97,sized,out,,0,
1403870,GARWF,Golden Arrow Resources Corp,,,,,,"excluded: no domestic filings (foreign filer, fund, or shell)",out,,0,
2020737,CABR,"Caring Brands, Inc.",2844,12027142.159999998,12027142.159999998,10368226.0,1.16,sized,out,,0,
1557440,COGDF,Compass Gold Corp,,,,,,"excluded: no domestic filings (foreign filer, fund, or shell)",out,,0,
1505155,UPLD,"Upland Software, Inc.",7372,10498028.049999999,10498028.049999999,2957191.0,3.55,sized,out,,0,
1070050,APCX,AppTech Payments Corp.,7372,,,42003934.0,,unsized,out,,0,counting failure; never a member
1729637,KARX,Karbon-X Corp.,2844,,,98964757.0,,unsized,out,,0,counting failure; never a member
1963439,TURB,"Turbo Energy, S.A.",3690,,,,,"excluded: no domestic filings (foreign filer, fund, or shell)",out,,0,
1318482,KDOZF,KIDOZ INC.,7311,,,,,excluded: not a common-stock listing (vendor type OS),out,,0,
1065823,FNFI,FIRST NILES FINANCIAL INC,6035,,,,,"excluded: no domestic filings (foreign filer, fund, or shell)",out,,0,
1981519,MMA,MIXED MARTIAL ARTS GROUP LTD,7380,,,,,"excluded: no domestic filings (foreign filer, fund, or shell)",out,,0,
2027360,RCT,RedCloud Holdings plc,5990,,,,,"excluded: no domestic filings (foreign filer, fund, or shell)",out,,0,
1371128,NEWH,"NewHydrogen, Inc.",3081,,,819731390.0,,unsized,out,,0,counting failure; never a member
109657,GTBP,"GT Biopharma, Inc.",2834,10754098.84,10754104.084800001,1804379.8800000001,5.96,sized,out,,0,"cover count 45,109,497 as of 2026-08-10 restated 0.04x through the split(s) since"
1759614,YJ,Yunji Inc.,5990,,,,,"excluded: no domestic filings (foreign filer, fund, or shell)",out,,0,
1101433,QMCI,QUOTEMEDIA INC,7389,,,90477798.0,,unsized,out,,0,counting failure; never a member
1864943,FGI,FGI Industries Ltd.,3430,15102539.22,15102539.22,1931271.0,7.82,sized,out,,0,
1134982,AAPI,"Apple iSports Group, Inc.",6411,,,219784477.0,,unsized,out,,0,counting failure; never a member
1310630,CFOO,China Foods Holdings Ltd.,2833,,,20252309.0,,unsized,out,,0,counting failure; never a member
1607807,NVGLF,NV Gold Corp,,,,,,"excluded: no domestic filings (foreign filer, fund, or shell)",out,,0,
1972529,BTOC,Armlogi Holding Corp.,4220,9842970.9114,9842970.9114,45443079.0,0.2166,sized,out,,0,
1687277,RETO,"ReTo Eco-Solutions, Inc.",3290,,,,,"excluded: no domestic filings (foreign filer, fund, or shell)",out,,0,
1791725,HUDI,"Huadi International Group Co., Ltd.",3317,,,,,"excluded: no domestic filings (foreign filer, fund, or shell)",out,,0,
1533040,PHIO,Phio Pharmaceuticals Corp.,2834,11304745.975,11304745.975,11617250.0,0.9731,sized,out,,0,
926617,AWHL,Aspira Women's Health Inc.,2835,,,46633744.0,,unsized,out,,0,counting failure; never a member
1959994,COOT,Australian Oilseeds Holdings Ltd,2070,13560940.404000001,12582240.638,27898538.0,0.451,sized,out,,0,
1006045,IRIX,IRIDEX CORP,3845,15773290.976,15773290.976,17564912.0,0.898,sized,out,,0,
1605481,NGLD,Nevada Canyon Gold Corp.,1040,,,28593327.0,,unsized,out,,0,counting failure; never a member
1964314,JBDI,JBDI Holdings Ltd,3412,,,,,"excluded: no domestic filings (foreign filer, fund, or shell)",out,,0,
2041829,CHOW,ChowChow Cloud International Holdings Ltd,7372,,,,,"excluded: no domestic filings (foreign filer, fund, or shell)",out,,0,
787253,NAII,NATURAL ALTERNATIVES INTERNATIONAL INC,2833,7173249.815,25319385.0,22113000.0,1.145,disagree,out,,0,
1282571,GRNL,GREENLITE VENTURES INC,1000,,,502333.32,,unsized,out,,0,counting failure; never a member
1979610,WXM,WF International Ltd.,1700,,,,,"excluded: no domestic filings (foreign filer, fund, or shell)",out,,0,
1068897,FXBY,FOXBY CORP.,,,,,,"excluded: no domestic filings (foreign filer, fund, or shell)",out,,0,
1999111,MTTAF,Meta Critical Minerals Inc.,,,,,,"excluded: no domestic filings (foreign filer, fund, or shell)",out,,0,
1941029,ADVB,Advanced Biomed Inc.,8071,10111053.96,8458653.96,1382133.0,6.12,sized,out,,0,
1819438,GWH,"ESS Tech, Inc.",3690,,,32970025.0,,unsized,out,,0,counting failure; never a member
1138476,PFHO,PACIFIC HEALTH CARE ORGANIZATION INC,8090,,,12800000.0,,unsized,out,,0,counting failure; never a member
2032545,CJMB,CALLAN JMB INC.,7389,15047911.679999998,13000351.68,5752368.0,2.26,sized,out,,0,
1848782,PLCKF,Plurilock Security Inc.,,,,,,"excluded: no domestic filings (foreign filer, fund, or shell)",out,,0,
1295514,MDWK,"MDWerks, Inc.",2080,,,240802096.0,,unsized,out,,0,counting failure; never a member
900391,NTZ,NATUZZI S P A,2510,,,,,"excluded: no domestic filings (foreign filer, fund, or shell)",out,,0,
1498403,BLRX,BioLineRx Ltd.,2834,,,,,"excluded: no domestic filings (foreign filer, fund, or shell)",out,,0,
1376793,CVAT,"Cavitation Technologies, Inc.",0700,,,323820459.0,,unsized,out,,0,counting failure; never a member
1839285,HCTI,"Healthcare Triangle, Inc.",7373,7401240.338799999,7568022.338799999,14974322.0,0.5054,sized,out,,0,
1725332,ALAR,Alarum Technologies Ltd.,7372,,,,,"excluded: no domestic filings (foreign filer, fund, or shell)",out,,0,
1169760,CMGHF,CHAODA MODERN AGRICULTURE HOLDINGS LTD /FI,,,,,,"excluded: no domestic filings (foreign filer, fund, or shell)",out,,0,
1140215,REED,"REED'S, INC.",2086,7666791.807599999,7666791.807599999,11857086.0,0.6466,sized,out,,0,
1056358,MTEX,MANNATECH INC,2833,15167206.200000001,15167206.200000001,1929670.0,7.86,sized,out,,0,
1684425,PETZ,"TDH Holdings, Inc.",6531,,,,,"excluded: no domestic filings (foreign filer, fund, or shell)",out,,0,
1378590,BLIN,"Bridgeline Digital, Inc.",7372,9524248.5361,9524248.5361,12599879.0,0.7559,sized,out,,0,
1997637,IOTR,iOThree Ltd,4899,,,,,"excluded: no domestic filings (foreign filer, fund, or shell)",out,,0,
1816133,FRECF,Frequency Exchange Corp.,,,,,,"excluded: no domestic filings (foreign filer, fund, or shell)",out,,0,
1304161,PBSV,"Pharma-Bio Serv, Inc.",8742,,,22901692.0,,unsized,out,,0,counting failure; never a member
1321851,SEED,Origin Agritech LTD,0100,,,,,"excluded: no domestic filings (foreign filer, fund, or shell)",out,,0,
312257,IVFH,INNOVATIVE FOOD HOLDINGS INC,5141,,,54649479.0,,unsized,out,,0,counting failure; never a member
1977971,ALTUF,Altura Energy Corp.,,,,,,"excluded: no domestic filings (foreign filer, fund, or shell)",out,,0,
1061612,JPOTF,Jackpot Digital Inc.,7372,,,,,"excluded: no domestic filings (foreign filer, fund, or shell)",out,,0,
1858994,RSMXF,Regency Silver Corp.,,,,,,"excluded: no domestic filings (foreign filer, fund, or shell)",out,,0,
1818274,ARAI,Arrive AI Inc.,7340,9202839.4766,9202839.4766,51876209.0,0.1774,sized,out,,0,
1863990,MSAI,"MultiSensor AI Holdings, Inc.",3827,9788224.694400001,9788224.694400001,2205648.0,4.4378,sized,out,,0,
1524326,ENDMF,Enduro Metals Corp.,,,,,,"excluded: no domestic filings (foreign filer, fund, or shell)",out,,0,
1982960,KNRX,KNOREX LTD.,7370,,,,,"excluded: no domestic filings (foreign filer, fund, or shell)",out,,0,
1420049,COPAF,COPAUR MINERALS INC.,,,,,,"excluded: no domestic filings (foreign filer, fund, or shell)",out,,0,
1965143,NVNI,Nvni Group Ltd,7372,,,,,"excluded: no domestic filings (foreign filer, fund, or shell)",out,,0,
1329606,CETY,"Clean Energy Technologies, Inc.",4924,12406994.8988,12406994.8988,12166106.0,1.0198,sized,out,,0,
1804469,GFAI,"Guardforce AI Co., Ltd.",7381,,,,,"excluded: no domestic filings (foreign filer, fund, or shell)",out,,0,
2029138,SAGT,SAGTEC GLOBAL Ltd,7372,,,,,"excluded: no domestic filings (foreign filer, fund, or shell)",out,,0,
1712294,CPIVF,CAPTIVA VERDE WELLNESS CORP.,,,,,,"excluded: no domestic filings (foreign filer, fund, or shell)",out,,0,
1472091,PDSB,PDS Biotechnology Corp,2834,73923692.16,57090764.76,55971338.0,1.02,sized,out,,0,
1578348,ICMB,"Investcorp Credit Management BDC, Inc.",,,,,,"excluded: investment company (files 40-17G, N-2)",out,,0,
1836747,TRUFF,Red Light Holland Corp.,,,,,,"excluded: no domestic filings (foreign filer, fund, or shell)",out,,0,
1589061,GYRO,"Gyrodyne, LLC",6512,10336747.6,,2199308.0,,sized,out,,0,
1602409,FNGR,"FingerMotion, Inc.",7372,15232537.200000001,12262072.200000001,61310361.0,0.2,sized,out,,0,
2072188,BIOT,INSTINCT BIO TECHNICAL CO HOLDINGS INC.,2844,,,,,"excluded: no domestic filings (foreign filer, fund, or shell)",out,,0,
1372514,KPRX,KIORA PHARMACEUTICALS INC,2834,11193699.11,11193699.11,4424387.0,2.53,sized,out,,0,
2020027,CLIK,Click Holdings Ltd.,7361,,,,,"excluded: no domestic filings (foreign filer, fund, or shell)",out,,0,
1659617,MBRX,"Moleculin Biotech, Inc.",2834,8643570.72,8258409.12,19477380.0,0.424,sized,out,,0,
1872964,MTEK,Maris Tech Ltd.,3669,,,,,"excluded: no domestic filings (foreign filer, fund, or shell)",out,,0,
1026662,CLWT,EURO TECH HOLDINGS CO LTD,5040,,,,,"excluded: no domestic filings (foreign filer, fund, or shell)",out,,0,
1901931,KLGDF,Kalo Gold Corp.,,,,,,"excluded: no domestic filings (foreign filer, fund, or shell)",out,,0,
829323,INUV,"Inuvo, Inc.",7310,8351976.129300001,8351976.129300001,16483079.0,0.5067,sized,out,,0,
1006028,PURE,"PURE BIOSCIENCE, INC.",2890,,,130017569.0,,unsized,out,,0,counting failure; never a member
1895618,GXAI,GAXOS.AI INC.,7372,5824093.967999999,4550352.499,10744634.0,0.4235,sized,out,,0,
31667,EDUC,EDUCATIONAL DEVELOPMENT CORP,5190,11082453.200000001,11082453.200000001,8524964.0,1.3,sized,out,,0,
1851491,AMSS,AMASS BRANDS,2080,4144174.4250999996,4144174.4250999996,11605081.0,0.3571,sized,out,,0,
1805521,FFAI,FARADAY FUTURE INTELLIGENT ELECTRIC INC.,3711,6494618.94,208583.34440000003,196776.74000000002,1.06,disagree,out,,0,"cover count 29,516,511 as of 2021-08-13 restated 0.00666667x through the split(s) since"
1816815,BON,Bon Natural Life Ltd,2833,,,,,"excluded: no domestic filings (foreign filer, fund, or shell)",out,,0,
1817083,ELECF,Electric Royalties Ltd.,,,,,,"excluded: no domestic filings (foreign filer, fund, or shell)",out,,0,
1781193,QH,QUHUO Ltd,7389,,,,,"excluded: no domestic filings (foreign filer, fund, or shell)",out,,0,
1699709,VNOV,VitaNova Life Sciences Corp,5130,,,,,excluded: no Section 16 filings,out,,0,
1117057,PLAG,Planet Green Holdings Corp.,2030,10053989.1696,10053989.1696,14232714.0,0.7064,sized,out,,0,
1771995,APHP,American Picture House Corp,7900,,,114691925.0,,unsized,out,,0,counting failure; never a member
1743905,RVSN,Rail Vision Ltd.,3743,,,,,"excluded: no domestic filings (foreign filer, fund, or shell)",out,,0,
1481504,XERI,"XERIANT, INC.",3721,,,1086360294.0,,unsized,out,,0,counting failure; never a member
1671502,QNRX,"Quoin Pharmaceuticals, Ltd.",2834,9138301.9,,70294615.0,4.55,sized,out,,0,ADS: ordinary-share count is not price-comparable; sized on the vendor figure
1009891,AIRI,AIR INDUSTRIES GROUP,3728,12626070.6,12611710.8,4850658.0,2.6,sized,out,,0,
1784970,NXTT,Next Technology Holding Inc.,7374,7718320.88,7718320.4608,1472961.92,5.24,sized,out,,0,"cover count 147,296,192 as of 2026-07-24 restated 0.01x through the split(s) since"
1740279,INAB,"IN8BIO, INC.",2836,13604568.54,13604568.54,9858383.0,1.38,sized,out,,0,
1787518,DFNS,T3 Defense Inc.,8742,6285278.899999999,10348873.32,1663806.0,6.22,disagree,out,,0,
1854270,SNTI,"Senti Biosciences Holdings, Inc.",2836,10019471.963,10019267.3618,31144754.0,0.3217,sized,out,,0,
1557376,ZEOX,"Zeo ScientifiX, Inc.",2836,,,7837441.0,,unsized,out,,0,counting failure; never a member
2044241,THH,TryHard Holdings Ltd,7990,,,,,"excluded: no domestic filings (foreign filer, fund, or shell)",out,,0,
1873093,GDTC,CytoMed Therapeutics Ltd,2834,,,,,"excluded: no domestic filings (foreign filer, fund, or shell)",out,,0,
1967397,LZMH,LZ Technology Holdings Ltd,7371,,,,,"excluded: no domestic filings (foreign filer, fund, or shell)",out,,0,
1828748,ASFH,ASIAFIN HOLDINGS CORP.,7389,,,81915838.0,,unsized,out,,0,counting failure; never a member
1584831,OXBR,OXBRIDGE RE HOLDINGS Ltd,6331,8219962.7700000005,8219962.7700000005,8138577.0,1.01,sized,out,,0,
1493137,LCTC,"Lifeloc Technologies, Inc",3826,,,2752616.0,,unsized,out,,0,counting failure; never a member
1468492,HSCS,HeartSciences Inc.,6199,14725486.4,14592522.88,4800172.0,3.04,sized,out,,0,
1866460,MILIF,Military Metals Corp.,,,,,,"excluded: no domestic filings (foreign filer, fund, or shell)",out,,0,
1509705,NZERF,New Zealand Energy Corp.,,,,,,"excluded: no domestic filings (foreign filer, fund, or shell)",out,,0,
894158,TOVX,"Theriva Biologics, Inc.",2834,10422224.9028,10422224.9028,45892668.0,0.2271,sized,out,,0,
1847345,ASBP,"Aspire Biopharma Holdings, Inc.",2834,11641223.100000001,11641223.100000001,1402557.0,8.3,sized,out,,0,
1707910,REBN,"Reborn Coffee, Inc.",5812,16292030.58,16292030.58,8620122.0,1.89,sized,out,,0,
1996192,QNME,"Quanome Technologies, Inc.",4731,28540446.411,28540446.411,34427559.0,0.829,sized,out,,0,
1645155,WBSR,Webstar Technology Group Inc.,7372,,,405558604.0,,unsized,out,,0,counting failure; never a member
1610590,MBAI,Check-Cap Ltd,7373,,,,,"excluded: no domestic filings (foreign filer, fund, or shell)",out,,0,
1756064,OBAI,"Our Bond, Inc.",4899,5695349.94,5695349.94,29975526.0,0.19,sized,out,,0,
1192323,SPST,Superstar Platforms Inc.,7389,,,,,excluded: no Section 16 filings,out,,0,
1922335,SYRA,Syra Health Corp,7361,,,13839169.0,,unsized,out,,0,counting failure; never a member
1137883,BCLI,BRAINSTORM CELL THERAPEUTICS INC.,2836,,,11034775.0,,unsized,out,,0,counting failure; never a member
1836503,CEXYF,GIANT MINING CORP.,,,,,,"excluded: no domestic filings (foreign filer, fund, or shell)",out,,0,
1543652,FFLO,"Free Flow USA, Inc.",5531,,,31000000.0,,unsized,out,,0,counting failure; never a member
1913749,GMM,Global Mofy AI Ltd,7370,,,,,"excluded: no domestic filings (foreign filer, fund, or shell)",out,,0,
1689448,LILIF,Argentina Lithium & Energy Corp.,,,,,,"excluded: no domestic filings (foreign filer, fund, or shell)",out,,0,
1411685,VTGN,"Vistagen Therapeutics, Inc.",2834,10925595.4882,10925595.4882,44376911.0,0.2462,sized,out,,0,
1616262,RMCF,"Rocky Mountain Chocolate Factory, Inc.",2060,9911566.35,9911566.35,9439587.0,1.05,sized,out,,0,
838875,WVVI,WILLAMETTE VALLEY VINEYARDS INC,2080,9311719.23,9311719.23,4979529.0,1.87,sized,out,,0,
2028293,RAIN,"Rain Enhancement Technologies Holdco, Inc.",3590,8590773.434,,,0.734,sized,out,,0,
1930419,ALRTF,ALR Technologies SG Ltd.,3841,,,,,"excluded: no domestic filings (foreign filer, fund, or shell)",out,,0,
1651932,XITO,"Xenous Holdings, Inc.",6770,,,,,excluded: blank-check company (SIC 6770),out,,0,
1061069,AWX,AVALON HOLDINGS CORP,4953,10060531.98,8482129.26,3287647.0,2.58,sized,out,,0,
1096296,RITE,MINERALRITE Corp,1090,,,6249776842.0,,unsized,out,,0,counting failure; never a member
1829247,BFRG,"BullFrog AI Holdings, Inc.",2834,12838239.1524,12838239.1524,18541651.0,0.6924,sized,out,,0,
1624985,SFCX,SUPA Consolidated Inc.,7389,,,290835500.0,,unsized,out,,0,counting failure; never a member
2013792,EWSB,"EWSB Bancorp, Inc. /MD/",6036,,,1014220.0,,unsized,out,,0,counting failure; never a member
1133519,MCUJF,MEDICURE INC,2834,,,,,"excluded: no domestic filings (foreign filer, fund, or shell)",out,,0,
1160420,ADIA,"Adia Nutrition, Inc.",2833,,,94404696.0,,unsized,out,,0,counting failure; never a member
1527702,IQST,iQSTEL Inc,4813,11516231.245,11516231.245,10915859.0,1.055,sized,out,,0,
1304409,AHNRF,ATHENA GOLD CORP,1040,,,,,excluded: not a common-stock listing (vendor type OS),out,,0,
1171838,SUND,"Sundance Strategies, Inc.",6411,,,43063441.0,,unsized,out,,0,counting failure; never a member
1042418,INTI,"Inhibitor Therapeutics, Inc.",2834,,,173791968.0,,unsized,out,,0,counting failure; never a member
890394,PRSO,Peraso Inc.,3674,6406539.7494,6382818.4812,15064476.0,0.4237,sized,out,,0,
885307,JCTC,JEWETT CAMERON TRADING CO LTD,5211,10243528.83,10243528.83,3520113.0,2.91,sized,out,,0,
1014763,AIMD,"Ainos, Inc.",3577,8934728.33,8934728.33,7384073.0,1.21,sized,out,,0,
1269026,SINT,"Sintx Technologies, Inc.",3841,14062166.739999998,14062166.739999998,6664534.0,2.11,sized,out,,0,
1803407,OST,"Ostin Technology Group Co., Ltd.",3679,,,,,"excluded: no domestic filings (foreign filer, fund, or shell)",out,,0,
1853599,CCOOF,CORE SILVER CORP.,,,,,,"excluded: no domestic filings (foreign filer, fund, or shell)",out,,0,
1621832,AQMS,"Aqua Metals, Inc.",3341,7376509.169999999,7376509.169999999,3563531.0,2.07,sized,out,,0,
1781983,APRE,"Aprea Therapeutics, Inc.",2834,7028372.115200001,7028372.115200001,12591136.0,0.5582,sized,out,,0,
1781446,GAUZ,Gauzy Ltd.,3690,,,,,"excluded: no domestic filings (foreign filer, fund, or shell)",out,,0,
19871,CVR,CHICAGO RIVET & MACHINE CO,3540,11182977.899999999,11182977.899999999,966132.0,11.575,sized,out,,0,
1677084,GPMTF,GPM Metals Inc.,,,,,,"excluded: no domestic filings (foreign filer, fund, or shell)",out,,0,
1638287,MTVA,MetaVia Inc.,2834,8828055.34,8828055.34,6588101.0,1.34,sized,out,,0,
1948294,NWGL,CL Workshop Group Ltd,2400,,,,,"excluded: no domestic filings (foreign filer, fund, or shell)",out,,0,
2082729,CBAI,Coolbit Technologies Ltd,6199,,,,,"excluded: no domestic filings (foreign filer, fund, or shell)",out,,0,
32621,MSN,EMERSON RADIO CORP,3651,8414956.534799999,8414956.534799999,21042652.0,0.3999,sized,out,,0,
1544883,WLFFF,Wolfden Resources Corp,,,,,,"excluded: no domestic filings (foreign filer, fund, or shell)",out,,0,
1753373,MTWO,"M2i Global, Inc.",5050,,,,,excluded: no Section 16 filings,out,,0,
1487798,ECTM,ECA Marcellus Trust I,1311,,,,,excluded: not a common-stock listing (vendor type UNIT),out,,0,
1707919,CENN,Cenntro Inc.,3711,9580162.799999999,9580162.799999999,2456452.0,3.9,sized,out,,0,
62362,MARPS,MARINE PETROLEUM TRUST,6792,,,,,excluded: royalty trust (SIC 6792),out,,0,
2013320,ELOG,Eastern International Ltd.,4731,,,,,"excluded: no domestic filings (foreign filer, fund, or shell)",out,,0,
1419793,OCLN,"ORIGINCLEAR, INC.",3559,,,,,excluded: no Section 16 filings,out,,0,
744825,AMS,AMERICAN SHARED HOSPITAL SERVICES,8071,8844500.0,8844500.0,6650000.0,1.33,sized,out,,0,
1777319,CISO,"CISO Global, Inc.",8742,8824042.9024,8813766.808,45525655.0,0.1936,sized,out,,0,
1926792,SFHG,SAMFINE CREATION HOLDINGS GROUP Ltd,2750,,,,,"excluded: no domestic filings (foreign filer, fund, or shell)",out,,0,
1527728,LNAI,Lunai Bioworks Inc.,2834,5077956.800000001,5077956.66,4533889.875,1.12,sized,out,,0,"cover count 36,271,119 as of 2026-05-15 restated 0.125x through the split(s) since"
1829809,BBBMF,Lux Metals Corp.,,,,,,"excluded: no domestic filings (foreign filer, fund, or shell)",out,,0,
1592560,VSA,VisionSys AI Inc,8200,,,,,"excluded: no domestic filings (foreign filer, fund, or shell)",out,,0,
1837607,AEON,"AEON Biopharma, Inc.",2834,15463664.9,15463664.9,49882790.0,0.31,sized,out,,0,
1870600,SBDS,"Solo Brands, Inc.",3949,,,2568010.0,,unsized,out,,0,counting failure; never a member
1956166,PMA,Ming Shing Group Holdings Ltd,1700,,,,,"excluded: no domestic filings (foreign filer, fund, or shell)",out,,0,
1425061,ZCRMF,Golden Cross Resources Inc.,,,,,,"excluded: no domestic filings (foreign filer, fund, or shell)",out,,0,
1104038,VRME,"VerifyMe, Inc.",6199,,,1316519.6,,unsized,out,,0,counting failure; never a member
87802,SCND,SCIENTIFIC INDUSTRIES INC,3826,,,11928599.0,,unsized,out,,0,counting failure; never a member
1859199,AIRE,reAlpha Tech Corp.,6500,6306955.2,6178488.75,5884275.0,1.05,sized,out,,0,
1282980,DROR,"Dror Ortho-Design, Inc.",3843,,,976997116.0,,unsized,out,,0,counting failure; never a member
875729,BNET,BION ENVIRONMENTAL TECHNOLOGIES INC,2870,,,57412311.0,,unsized,out,,0,counting failure; never a member
1565146,GULTU,Gulf Coast Ultra Deep Royalty Trust,1311,,,,,excluded: not a common-stock listing (vendor type OTHER),out,,0,
2030617,PMI,"Picard Medical, Inc.",3841,22637977.12,22637977.12,2338634.0,9.68,sized,out,,0,
1568969,LOTT,Techlott Inc.,7371,,,890742444.0,,unsized,out,,0,counting failure; never a member
1803977,LIMX,Limitless X Holdings Inc.,7990,,,18506957.0,,unsized,out,,0,counting failure; never a member
1660046,IMRN,Immuron Ltd,2834,,,,,"excluded: no domestic filings (foreign filer, fund, or shell)",out,,0,
2048847,FCHDF,Fairchild Gold Corp.,,,,,,"excluded: no domestic filings (foreign filer, fund, or shell)",out,,0,
1931717,CCTG,CCSC Technology International Holdings Ltd,3640,,,,,"excluded: no domestic filings (foreign filer, fund, or shell)",out,,0,
1760903,BNKK,"BONK, INC.",2844,11441344.2,11441344.2,8000940.0,1.43,sized,out,,0,
1498067,SKTG,SKYTECH ORION GLOBAL CORP.,7372,,,1247885009.0,,unsized,out,,0,counting failure; never a member
1096938,UEEC,"United Health Products, Inc.",3842,,,,,excluded: investment company (files 40-17G),out,,0,
1840425,OSRH,"OSR Health, Inc.",3841,,,35118692.0,,unsized,out,,0,counting failure; never a member
1726711,ADTX,"Aditxt, Inc.",2834,,,815921.0,,unsized,out,,0,counting failure; never a member
749647,IMNN,"Imunon, Inc.",2834,6004201.21,6004201.21,5611403.0,1.07,sized,out,,0,
22701,SUNE,"SUNation Energy, Inc.",1700,14915017.32,14915017.32,6513108.0,2.29,sized,out,,0,
1619096,SNTW,Summit Networks Inc.,4953,,,68911657.0,,unsized,out,,0,counting failure; never a member
1628935,APMCF,MORIEN RESOURCES CORP.,,,,,,"excluded: no domestic filings (foreign filer, fund, or shell)",out,,0,
1932072,LOBO,LOBO TECHNOLOGIES LTD.,3751,,,,,"excluded: no domestic filings (foreign filer, fund, or shell)",out,,0,
1898766,TPET,Trio Petroleum Corp,1311,8677968.41,8677968.41,5323907.0,1.63,sized,out,,0,
1516551,SKYE,"Skye Bioscience, Inc.",2834,7438495.68,7438496.7299999995,4427676.625,1.68,sized,out,,0,"cover count 35,421,413 as of 2026-08-10 restated 0.125x through the split(s) since"
1410428,XWEL,"XWELL, Inc.",7200,9162413.893711,7892822.544922,8589266.0,0.918917,sized,out,,0,
1713539,KXIN,Kaixin Holdings,5500,65653900.4,,12198.137777777778,1.45,disagree,out,,0,"sec measure disqualified: 17,687 vs vendor 65,653,900; decided on the vendor figure"
1958777,FBLG,"FibroBiologics, Inc.",2834,7721938.11,7390594.23,6658193.0,1.11,sized,out,,0,
1427728,YNVYF,YNVISIBLE INTERACTIVE INC.,,,,,,"excluded: no domestic filings (foreign filer, fund, or shell)",out,,0,
1944902,OMH,Ohmyhome Ltd,6531,,,,,"excluded: no domestic filings (foreign filer, fund, or shell)",out,,0,
1868866,HAMRF,SILVER HAMMER MINING CORP,,,,,,"excluded: no domestic filings (foreign filer, fund, or shell)",out,,0,
1948864,HCWC,HEALTHY CHOICE WELLNESS CORP.,5411,,,927366.5142857142,,unsized,out,,0,counting failure; never a member
1807893,SPFX,"STANDARD PREMIUM FINANCE HOLDINGS, INC.",6159,,,2930134.0,,unsized,out,,0,counting failure; never a member
2041338,TDIC,Dreamland Ltd,8741,,,,,"excluded: no domestic filings (foreign filer, fund, or shell)",out,,0,
1552670,TAOP,Taoping Inc.,7372,4049669.8617000002,4028408.5911000003,9552783.0,0.4217,sized,out,,0,
2004024,LHSW,Lianhe Sowell International Group Ltd,7372,,,,,"excluded: no domestic filings (foreign filer, fund, or shell)",out,,0,
812796,SNGX,"SOLIGENIX, INC.",2834,7543915.0214,7543915.0214,21765479.0,0.3466,sized,out,,0,
1096275,WKSP,Worksport Ltd,3714,8095437.7928,6194295.0317,15298333.0,0.4049,sized,out,,0,
2019435,BGL,Blue Gold Ltd,1000,,,,,"excluded: no domestic filings (foreign filer, fund, or shell)",out,,0,
1574565,EVGN,Evogene Ltd.,2870,,,,,"excluded: no domestic filings (foreign filer, fund, or shell)",out,,0,
1820875,CXAI,CXApp Inc.,7372,4698188.069999999,4698186.663,2337406.3000000003,2.01,sized,out,,0,"cover count 116,870,315 as of 2026-08-12 restated 0.02x through the split(s) since"
1905511,JCSE,JE Cleantech Holdings Ltd,3990,,,,,"excluded: no domestic filings (foreign filer, fund, or shell)",out,,0,
1141964,PCMC,PUBLIC CO MANAGEMENT CORP,6770,,,,,excluded: blank-check company (SIC 6770),out,,0,
1853070,SOAR,"Volato Group, Inc.",4522,16535130.3584,16535130.3584,53633248.0,0.3083,sized,out,,0,
1534525,XBIO,"Xenetic Biosciences, Inc.",2834,4967543.720000001,4967543.720000001,2343181.0,2.12,sized,out,,0,
1854480,DEVSF,DevvStream Corp.,6799,,,35067694.0,,unsized,out,,0,counting failure; never a member
1729427,CNSP,"CNS Pharmaceuticals, Inc.",2834,7818752.149999999,7818752.149999999,1461449.0,5.35,sized,out,,0,
1190370,IVDN,INNOVATIVE DESIGNS INC,2390,,,38504003.0,,unsized,out,,0,counting failure; never a member
1923780,NCL,Northann Corp.,3089,,,4295550.0,,unsized,out,,0,counting failure; never a member
888721,TRIB,TRINITY BIOTECH PLC,2835,,,,,"excluded: no domestic filings (foreign filer, fund, or shell)",out,,0,
1933951,INEO,INNEOVA Holdings Ltd,5010,,,,,"excluded: no domestic filings (foreign filer, fund, or shell)",out,,0,
1754180,VNTXF,FORTE GROUP HOLDINGS INC.,,,,,,"excluded: no domestic filings (foreign filer, fund, or shell)",out,,0,
1356371,AMLM,"AMERICAN LITHIUM MINERALS, INC.",1000,,,57615740.0,,unsized,out,,0,counting failure; never a member
1958399,HCAI,"Huachen AI Parking Management Technology Holding Co., Ltd",3990,,,,,"excluded: no domestic filings (foreign filer, fund, or shell)",out,,0,
1673481,SEGG,Sports Entertainment Gaming Global Corp,7372,5867076.600000001,6143443.2,3413024.0,1.8,sized,out,,0,
845819,KTEL,"KonaTel, Inc.",4899,,,43979064.0,,unsized,out,,0,counting failure; never a member
1130598,TRAW,"Traws Pharma, Inc.",2834,7381383.4431,7381383.4431,15368277.0,0.4803,sized,out,,0,
1938046,MGRX,"MANGOCEUTICALS, INC.",8090,9325753.2728,9325753.2728,21567422.0,0.4324,sized,out,,0,
1949864,MGNC,Mag Magna Corp,1400,,,,,excluded: no Section 16 filings,out,,0,
1701478,AZTR,"Azitra, Inc.",2834,7999693.944,7999693.944,60603742.0,0.132,sized,out,,0,
1882781,CBLO,"C2 Blockchain, Inc.",6199,,,,,excluded: no Section 16 filings,out,,0,
1908705,GLE,Global Engine Group Holding Ltd,7374,,,,,"excluded: no domestic filings (foreign filer, fund, or shell)",out,,0,
1376231,VPRB,"VPR Brands, LP.",7372,,,91746806.0,,unsized,out,,0,counting failure; never a member
1718224,BTBD,"BT Brands, Inc.",5812,10575878.04,10575878.04,6184724.0,1.71,sized,out,,0,
1967822,CGTL,Creative Global Technology Holdings Ltd,5045,,,,,"excluded: no domestic filings (foreign filer, fund, or shell)",out,,0,
1757715,ATER,"Aterian, Inc.",3634,10947238.262999998,10947238.262999998,17966910.0,0.6093,sized,out,,0,
1103833,CRWE,"Crown Equity Holdings, Inc.",5734,,,15936480.0,,unsized,out,,0,counting failure; never a member
2058584,DKI,DarkIris Inc.,7372,,,,,"excluded: no domestic filings (foreign filer, fund, or shell)",out,,0,
1701963,VS,Versus Systems Inc.,7374,6647531.220000001,6647531.220000001,6212646.0,1.07,sized,out,,0,
1967631,NAMI,Jinxin Technology Holding Co,8200,,,,,"excluded: no domestic filings (foreign filer, fund, or shell)",out,,0,
1989815,TRGEF,Targa Exploration Corp.,,,,,,"excluded: no domestic filings (foreign filer, fund, or shell)",out,,0,
1861479,TRGXF,Terra Rossa Gold Ltd.,,,,,,"excluded: no domestic filings (foreign filer, fund, or shell)",out,,0,
1187953,CELZ,"CREATIVE MEDICAL TECHNOLOGY HOLDINGS, INC.",2836,6532636.042800001,5672236.0428,6592557.0,0.8604,sized,out,,0,
1840317,VEEA,VEEA INC.,7373,12038439.96,12038439.186,3110707.8000000003,3.87,sized,out,,0,"cover count 62,214,156 as of 2026-08-10 restated 0.05x through the split(s) since"
1042187,YHGJ,YUNHONG GREEN CTI LTD.,3060,6914496.6,,2609244.0,,sized,out,,0,
1549631,QURT,"Quarta-Rad, Inc.",3823,,,15899483.0,,unsized,out,,0,counting failure; never a member
1969401,UZX,Linkage Global Inc,5961,,,,,"excluded: no domestic filings (foreign filer, fund, or shell)",out,,0,
1572386,GWTI,"GREENWAY TECHNOLOGIES, INC. & SUBSIDIARIES",2860,,,464871204.0,,unsized,out,,0,counting failure; never a member
1477201,BCUFF,Bell Copper Corp,,,,,,"excluded: no domestic filings (foreign filer, fund, or shell)",out,,0,
2103596,GFTFF,Grafton Resources Inc.,,,,,,"excluded: no domestic filings (foreign filer, fund, or shell)",out,,0,
1815566,IFBD,"Infobird Co., Ltd",7372,,,,,"excluded: no domestic filings (foreign filer, fund, or shell)",out,,0,
1692415,CODX,"Co-Diagnostics, Inc.",3841,7609637.710000001,6815027.710000001,6252319.0,1.09,sized,out,,0,
1414953,MOJO,EQUATOR Beverage Co,2080,,,9569655.0,,unsized,out,,0,counting failure; never a member
1728328,INM,InMed Pharmaceuticals Inc.,2834,7306667.550000001,7306667.550000001,5493735.0,1.33,sized,out,,0,
1957001,FEBO,Fenbo Holdings Ltd,3634,,,,,"excluded: no domestic filings (foreign filer, fund, or shell)",out,,0,
946644,AIM,AIM ImmunoTech Inc.,2836,7165113.9824,5467408.1644,30442139.0,0.1796,sized,out,,0,
1534154,AUID,authID Inc.,7372,5684915.260000001,5684915.260000001,16720339.0,0.34,sized,out,,0,
1584371,ICCM,IceCure Medical Ltd.,3841,,,,,"excluded: no domestic filings (foreign filer, fund, or shell)",out,,0,
1938186,JYD,Jayud Global Logistics Ltd,4731,,,,,"excluded: no domestic filings (foreign filer, fund, or shell)",out,,0,
1713979,TRRFF,TRIFECTA GOLD LTD,,,,,,"excluded: no domestic filings (foreign filer, fund, or shell)",out,,0,
1836242,TKLF,"Tokyo Lifestyle Co., Ltd.",5990,,,,,"excluded: no domestic filings (foreign filer, fund, or shell)",out,,0,
1854257,TBLLF,Tombill Mines Ltd,,,,,,"excluded: no domestic filings (foreign filer, fund, or shell)",out,,0,
1821424,UK,Ucommune International Ltd,7389,,,,,"excluded: no domestic filings (foreign filer, fund, or shell)",out,,0,
1853816,DRMA,"Dermata Therapeutics, Inc.",2834,5302071.49,4303693.010000001,4022143.0,1.07,sized,out,,0,
1415744,NMEX,NORTHERN MINERALS & EXPLORATION LTD.,1040,,,,,excluded: no Section 16 filings,out,,0,
1635077,ACON,"Aclarion, Inc.",8071,6658277.01,6658277.01,2882371.0,2.31,sized,out,,0,
29332,DXYN,DIXIE GROUP INC,2273,,,,,unsized,out,,0,counting failure; never a member
1930179,ARBB,ARB IOT Group Ltd,7373,,,,,"excluded: no domestic filings (foreign filer, fund, or shell)",out,,0,
2004489,BMGL,Basel Medical Group Ltd,8011,,,,,"excluded: no domestic filings (foreign filer, fund, or shell)",out,,0,
1745078,VYND,"Vynleads, Inc.",7200,,,,,excluded: no Section 16 filings,out,,0,
1819704,MRM,Medirom Healthcare Technologies Inc.,7200,,,,,"excluded: no domestic filings (foreign filer, fund, or shell)",out,,0,
1085921,MMTIF,MICROMEM TECHNOLOGIES INC,7371,,,,,"excluded: no domestic filings (foreign filer, fund, or shell)",out,,0,
1443863,BICX,BioCorRx Inc.,8093,,,29758177.0,,unsized,out,,0,counting failure; never a member
2110423,DTSS,Datasea Intelligent Technology Ltd.,7372,,,,,"excluded: no domestic filings (foreign filer, fund, or shell)",out,,0,
1314196,OLB,"OLB GROUP, INC.",7389,13187151.837000001,13191333.57,24027930.0,0.549,sized,out,,0,
1875016,YMAT,"J-Star Holding Co., Ltd.",3949,,,,,"excluded: no domestic filings (foreign filer, fund, or shell)",out,,0,
1888740,LSEB,LSEB Creative Corp.,2320,,,,,excluded: no Section 16 filings,out,,0,
1680139,HLYK,HealthLynked Corp,8011,,,2953225.0,,unsized,out,,0,counting failure; never a member
1388295,ONEI,OneMeta Inc.,7374,,,38890943.0,,unsized,out,,0,counting failure; never a member
1372114,KLYG,"Kelyniam Global, Inc.",8711,,,,,"excluded: no domestic filings (foreign filer, fund, or shell)",out,,0,
1807166,AMST,Amesite Inc.,7372,5829367.39,5829367.39,6549851.0,0.89,sized,out,,0,
1698530,XCUR,"EXICURE, INC.",2834,6545995.0,6545995.0,6545995.0,1.0,sized,out,,0,
1648636,TRLEF,Trillion Energy International Inc.,1311,,,8324891.4,,unsized,out,,0,counting failure; never a member
1588014,ADMQ,"ADM ENDEAVORS, INC.",7310,,,158520409.0,,unsized,out,,0,counting failure; never a member
1889791,INNPF,INNOCAN PHARMA Corp,2834,,,,,"excluded: no domestic filings (foreign filer, fund, or shell)",out,,0,
2025942,CURX,Curanex Pharmaceuticals Inc,2834,7464827.159999999,7464825.256,1568240.6,4.76,sized,out,,0,"cover count 31,364,812 as of 2026-08-14 restated 0.05x through the split(s) since"
1995704,CUPR,Cuprina Holdings (Cayman) LTD,3842,,,,,"excluded: no domestic filings (foreign filer, fund, or shell)",out,,0,
1831979,SDST,Stardust Power Inc.,3330,893221.8795,864037.362,14049388.0,0.0615,sized,out,,0,
1889352,CMHSF,COMPREHENSIVE HEALTHCARE SYSTEMS INC. (CANADA),,,,,,"excluded: no domestic filings (foreign filer, fund, or shell)",out,,0,
845385,PIAC,PRINCETON CAPITAL CORP,,,,,,excluded: investment company (files 40-17G),out,,0,
1527352,NXL,"Nexalin Technology, Inc.",3845,3408834.0000000005,3018987.074,734546.7333333333,4.11,sized,out,,0,"cover count 22,036,402 as of 2026-08-10 restated 0.0333333x through the split(s) since"
1725430,INBS,INTELLIGENT BIO SOLUTIONS INC.,3841,5207380.71,4753127.9,3027470.0,1.57,sized,out,,0,
1641281,BOLT,"Bolt Biotherapeutics, Inc.",2834,7031159.25,7031159.25,1926345.0,3.65,sized,out,,0,
1661053,NVNO,enVVeno Medical Corp,3841,5680202.550000001,5581252.350000001,682722.0,8.175,sized,out,,0,
1936817,HXHX,Haoxin Holdings Ltd,4210,,,,,"excluded: no domestic filings (foreign filer, fund, or shell)",out,,0,
1419951,DTST,Data Storage Corp,7374,7656091.95,7656091.95,2337738.0,3.275,sized,out,,0,
1716947,ENSC,"Ensysce Biosciences, Inc.",2834,8911211.652,8911211.652,19456794.0,0.458,sized,out,,0,
1179821,BGI,BIRKS GROUP INC.,5944,,,,,"excluded: no domestic filings (foreign filer, fund, or shell)",out,,0,
1536196,CANF,Can-Fite BioPharma Ltd.,2834,,,,,"excluded: no domestic filings (foreign filer, fund, or shell)",out,,0,
1951229,RITR,Reitar Logtech Holdings Ltd,6510,,,,,"excluded: no domestic filings (foreign filer, fund, or shell)",out,,0,
1398713,URZEF,URZ3 ENERGY CORP.,,,,,,"excluded: no domestic filings (foreign filer, fund, or shell)",out,,0,
1677077,ALZN,"Alzamend Neuro, Inc.",2834,6466468.82,6466468.82,4825723.0,1.34,sized,out,,0,
1894525,APUS,"Apimeds Pharmaceuticals US, Inc.",2834,8315240.18,8315240.18,1509118.0,5.51,sized,out,,0,
1470683,AEHL,Antelope Enterprise Holdings Ltd,4899,,,,,"excluded: no domestic filings (foreign filer, fund, or shell)",out,,0,
2075349,SERPY,Top End Energy Ltd/ADR,,,,,,"excluded: no domestic filings (foreign filer, fund, or shell)",out,,0,
1948099,MTEN,Mingteng International Corp Inc.,3442,,,,,"excluded: no domestic filings (foreign filer, fund, or shell)",out,,0,
2024876,EDHL,Everbright Digital Holding Ltd.,7310,,,,,"excluded: no domestic filings (foreign filer, fund, or shell)",out,,0,
1681682,NDRA,ENDRA Life Sciences Inc.,3845,8894478.16,8894039.34,1499838.0,5.93,sized,out,,0,
1894954,XPON,Expion360 Inc.,3690,3841359.7300000004,3878210.0500000003,962335.0,4.03,sized,out,,0,
1649009,CHAI,"Core AI Holdings, Inc.",4812,,,,,"excluded: no domestic filings (foreign filer, fund, or shell)",out,,0,
1792941,GNVR,Genvor Inc,0100,,,36410120.0,,unsized,out,,0,counting failure; never a member
1934245,NWTG,"Newton Golf Company, Inc.",3949,6446104.919999999,6181394.64,5422276.0,1.14,sized,out,,0,
1894693,SVRE,SaverOne 2014 Ltd.,7371,,,,,"excluded: no domestic filings (foreign filer, fund, or shell)",out,,0,
1970544,ITOC,iTonic Holdings Ltd,3845,,,,,"excluded: no domestic filings (foreign filer, fund, or shell)",out,,0,
1815021,BQ,Boqii Holding Ltd,5990,,,,,"excluded: no domestic filings (foreign filer, fund, or shell)",out,,0,
1734005,NIKI,"Niki BioSolutions, Inc.",3829,,,,,"excluded: no domestic filings (foreign filer, fund, or shell)",out,,0,
1139685,AIDX,"20/20 Biolabs, Inc.",8734,4839944.837,4839944.837,12770303.0,0.379,sized,out,,0,
1603978,AQB,AQUABOUNTY TECHNOLOGIES INC,0900,5014406.1367999995,5014406.1367999995,5147204.0,0.9742,sized,out,,0,
1364252,LTHIF,InZinc Mining Ltd.,,,,,,"excluded: no domestic filings (foreign filer, fund, or shell)",out,,0,
1814963,ILAG,Intelligent Living Application Group Inc.,2540,,,,,"excluded: no domestic filings (foreign filer, fund, or shell)",out,,0,
1481857,ORESF,Orestone Mining Corp.,,,,,,"excluded: no domestic filings (foreign filer, fund, or shell)",out,,0,
1309082,CEIN,"CAMBER ENERGY, INC.",1311,,,281786525.0,,unsized,out,,0,counting failure; never a member
2024899,MFBI,"Monroe Federal Bancorp, Inc.",6035,,,541434.0,,unsized,out,,0,counting failure; never a member
1976443,SYNX,Silynxcom Ltd.,3651,,,,,"excluded: no domestic filings (foreign filer, fund, or shell)",out,,0,
835662,AIXN,"AiXin Life International, Inc.",5912,,,24999834.0,,unsized,out,,0,counting failure; never a member
1520556,AITTF,TRENCHANT TECHNOLOGIES CAPITAL CORP.,,,,,,"excluded: no domestic filings (foreign filer, fund, or shell)",out,,0,
1527613,CIMG,CIMG Inc.,5900,,,1960301219.0,,unsized,out,,0,counting failure; never a member
1023549,XTLB,XTL BIOPHARMACEUTICALS LTD,2834,,,,,"excluded: no domestic filings (foreign filer, fund, or shell)",out,,0,
1494413,TWOH,Two Hands Corp,7389,,,7697746967.0,,unsized,out,,0,counting failure; never a member
1536811,THURF,Thunderstruck Resources Ltd.,,,,,,"excluded: no domestic filings (foreign filer, fund, or shell)",out,,0,
1123596,BABB,"BAB, INC.",5812,,,7263508.0,,unsized,out,,0,counting failure; never a member
66496,MMTRS,MILLS MUSIC TRUST,6794,,,,,excluded: no Section 16 filings,out,,0,
1367083,SNOA,"Sonoma Pharmaceuticals, Inc.",3841,5554573.0,5554573.0,4788425.0,1.16,sized,out,,0,
1680378,SNES,"SenesTech, Inc.",2870,3921220.866,3921220.866,5423542.0,0.723,sized,out,,0,
1958133,DXST,Decent Holding Inc.,4950,,,,,"excluded: no domestic filings (foreign filer, fund, or shell)",out,,0,
1905920,GLXG,Galaxy Payroll Group Ltd,8700,,,,,"excluded: no domestic filings (foreign filer, fund, or shell)",out,,0,
1966750,ZBAO,Zhibao Technology Inc.,6411,,,,,"excluded: no domestic filings (foreign filer, fund, or shell)",out,,0,
921968,HVGDF,HARVEST GOLD CORP,,,,,,"excluded: no domestic filings (foreign filer, fund, or shell)",out,,0,
2025218,DLXY,Delixy Holdings Ltd,5172,,,,,"excluded: no domestic filings (foreign filer, fund, or shell)",out,,0,
1849820,KITT,"Nauticus Robotics, Inc.",3569,1855535.74,1855536.7333333332,1245326.6666666665,1.49,sized,out,,0,"cover count 7,471,960 as of 2026-08-12 restated 0.166667x through the split(s) since"
1813419,NBLXF,Noble Plains Uranium Corp.,,,,,,"excluded: no domestic filings (foreign filer, fund, or shell)",out,,0,
890821,ENVB,"Enveric Biosciences, Inc.",2834,6803343.68,6803343.68,4475884.0,1.52,sized,out,,0,
1716770,WAFU,Wah Fu Education Group Ltd,8200,,,,,"excluded: no domestic filings (foreign filer, fund, or shell)",out,,0,
1971387,LIMN,"Liminatus Pharma, Inc.",2836,4956433.83,4956434.7156,1343207.24,3.69,sized,out,,0,"cover count 67,160,362 as of 2026-08-14 restated 0.02x through the split(s) since"
1641398,GDC,GD Culture Group Ltd,5050,5577750.0,5577750.0,4162500.0,1.34,sized,out,,0,
1119190,RWAX,"TAP REAL ESTATE TECHNOLOGIES, INC.",5000,,,,,unsized,out,,0,counting failure; never a member
1788230,IPST,"IP STRATEGY HOLDINGS, INC.",2080,2171949.78,2065100.7999999998,686080.0,3.01,sized,out,,0,
1265521,PMHS,"Polomar Health Services, Inc.",2834,,,28380868.0,,unsized,out,,0,counting failure; never a member
1709626,NCNA,NuCana plc,2834,,,,,"excluded: no domestic filings (foreign filer, fund, or shell)",out,,0,
2034400,BTTC,Black Titan Corp,7371,,,,,"excluded: no domestic filings (foreign filer, fund, or shell)",out,,0,
1406944,TRBMF,TORQ RESOURCES INC.,,,,,,"excluded: no domestic filings (foreign filer, fund, or shell)",out,,0,
1388994,CYDX,"CYduct Diagnostics, Inc.",,,,,,"excluded: no domestic filings (foreign filer, fund, or shell)",out,,0,
1736243,ACXP,"Acurx Pharmaceuticals, Inc.",2834,5372172.5,6587401.25,5269921.0,1.25,sized,out,,0,
1088413,GLGI,"GREYSTONE LOGISTICS, INC.",3559,,,27270701.0,,unsized,out,,0,counting failure; never a member
1866146,IMIMF,Interra Copper Corp.,,,,,,"excluded: no domestic filings (foreign filer, fund, or shell)",out,,0,
1742927,RVPH,"REVIVA PHARMACEUTICALS HOLDINGS, INC.",2834,,,13110377.0,,unsized,out,,0,counting failure; never a member
1342958,KUST,"KUSTOM ENTERTAINMENT, INC.",3663,2693840.0399999996,2693840.0399999996,650686.0,4.14,sized,out,,0,"cover count 6,506,860 as of 2026-08-14 restated 0.1x through the split(s) since"
1357671,CRTD,"Creatd, Inc.",4522,,,3305235.0,,unsized,out,,0,counting failure; never a member
1590418,FCUV,FOCUS UNIVERSAL INC.,3823,3120187.8000000003,3120187.8000000003,702745.0,4.44,sized,out,,0,
885462,GURE,"GULF RESOURCES, INC.",2800,5259239.899999999,5259239.899999999,1813531.0,2.9,sized,out,,0,
2056751,UUUFF,Recharge Resources Ltd.,,,,,,"excluded: no domestic filings (foreign filer, fund, or shell)",out,,0,
2009233,AGRZ,Agroz Inc.,0100,,,,,"excluded: no domestic filings (foreign filer, fund, or shell)",out,,0,
1779476,KRKR,36Kr Holdings Inc.,7389,,,,,"excluded: no domestic filings (foreign filer, fund, or shell)",out,,0,
1870144,CDIO,"Cardio Diagnostics Holdings, Inc.",2835,5504612.34,5504612.34,2959469.0,1.86,sized,out,,0,
1731854,FASLF,First Andes Silver Ltd.,,,,,,"excluded: no domestic filings (foreign filer, fund, or shell)",out,,0,
1533743,PCSA,"Processa Pharmaceuticals, Inc.",2834,3771071.1,3771071.1,2793386.0,1.35,sized,out,,0,
1554818,AUUD,AUDDIA INC.,7374,5574409.83,5574409.83,5803050.0,0.9606,sized,out,,0,
1855509,VEEE,"Twin Vee PowerCats, Co.",3730,5925014.94,5825450.28,574502.0,10.14,sized,out,,0,
1016504,INBP,INTEGRATED BIOPHARMA INC,2834,,,31059610.0,,unsized,out,,0,counting failure; never a member
1703625,NAPD,"NAPC Defense, Inc.",7310,,,,,excluded: no Section 16 filings,out,,0,
1631487,CLGN,CollPlant Biotechnologies Ltd,3842,,,,,"excluded: no domestic filings (foreign filer, fund, or shell)",out,,0,
1849221,PMNT,Perfect Moment Ltd.,2300,,,53202530.0,,unsized,out,,0,counting failure; never a member
1873213,BRWC,Birdie Win Corp,8200,,,,,excluded: no Section 16 filings,out,,0,
1916416,INTJ,Intelligent Group Ltd,8742,,,,,"excluded: no domestic filings (foreign filer, fund, or shell)",out,,0,
2002236,SPHL,SPRINGVIEW HOLDINGS LTD,1520,,,,,"excluded: no domestic filings (foreign filer, fund, or shell)",out,,0,
1835615,MHUAF,"Meihua International Medical Technologies Co., Ltd.",3841,,,,,"excluded: no domestic filings (foreign filer, fund, or shell)",out,,0,
1593184,BRGX,"BIOREGENX, INC.",7370,,,971575183.0,,unsized,out,,0,counting failure; never a member
1622345,POLA,"Polar Power, Inc.",3690,4654064.5200000005,4159818.72,3851684.0,1.08,sized,out,,0,
748592,ERNA,Ernexa Therapeutics Inc.,2834,2904169.1700000004,4064703.39,1632411.0,2.49,disagree,out,,0,
1983324,RMSG,Real Messenger Corp,7370,,,,,"excluded: no domestic filings (foreign filer, fund, or shell)",out,,0,
1840102,SPTY,"SPECIFICITY, INC.",7311,,,18437960.0,,unsized,out,,0,counting failure; never a member
1979407,ORKT,ORANGEKLOUD TECHNOLOGY INC.,7372,,,,,"excluded: no domestic filings (foreign filer, fund, or shell)",out,,0,
1938534,FBGL,FBS Global Ltd,1520,,,,,"excluded: no domestic filings (foreign filer, fund, or shell)",out,,0,
1805594,JWEL,Jowell Global Ltd.,5960,,,,,"excluded: no domestic filings (foreign filer, fund, or shell)",out,,0,
1637147,ZSPC,"zSpace, Inc.",7372,,,37067903.0,,unsized,out,,0,counting failure; never a member
1130166,BGMS,"Bio Green Med Solution, Inc.",5099,5437313.874,5437313.874,6622794.0,0.821,sized,out,,0,
1937453,NIOMF,First American Uranium Inc.,,,,,,"excluded: no domestic filings (foreign filer, fund, or shell)",out,,0,
1881472,MEGL,Magic Empire Global Ltd,6199,,,,,"excluded: no domestic filings (foreign filer, fund, or shell)",out,,0,
1785566,ZCMD,Zhongchao Inc.,8200,,,,,"excluded: no domestic filings (foreign filer, fund, or shell)",out,,0,
1937993,CVKD,"Cadrenal Therapeutics, Inc.",2834,3316433.5231999997,3316433.5231999997,3567592.0,0.9296,sized,out,,0,
1627282,CWD,CaliberCos Inc.,6500,4985671.905300001,4985671.905300001,10384653.0,0.4801,sized,out,,0,
1770236,MITQ,MOVING iMAGE TECHNOLOGIES INC.,3861,5692671.556,5692671.556,9952223.0,0.572,sized,out,,0,
1375348,GLNS,Golden Star Resource Corp.,1090,,,7070000.0,,unsized,out,,0,counting failure; never a member
1887673,WLDS,Wearable Devices Ltd.,3576,,,,,"excluded: no domestic filings (foreign filer, fund, or shell)",out,,0,
1413745,YDKG,Yueda Digital Holding,6199,,,,,"excluded: no domestic filings (foreign filer, fund, or shell)",out,,0,
1644903,YCBD,"cbdMD, Inc.",2844,4423751.766,4423751.766,11205045.0,0.3948,sized,out,,0,
1342916,HNOI,"HNO International, Inc.",1000,,,103993766.0,,unsized,out,,0,counting failure; never a member
1716166,VVOS,"Vivos Therapeutics, Inc.",3841,3007644.4384999997,3007644.4384999997,20118023.0,0.1495,sized,out,,0,
1505497,BRTX,"BioRestorative Therapies, Inc.",8090,2610331.92,2407687.065,1273908.5,1.89,sized,out,,0,"cover count 25,478,170 as of 2026-05-14 restated 0.05x through the split(s) since"
1157075,PMCB,"PharmaCyte Biotech, Inc.",2836,4266346.912599999,4266346.912599999,10735649.0,0.3974,sized,out,,0,
923601,RIME,"Algorhythm Holdings, Inc.",7373,2890316.5283999997,2331046.522,16990135.0,0.1372,sized,out,,0,
1920092,GELS,Gelteq Ltd,2834,,,,,"excluded: no domestic filings (foreign filer, fund, or shell)",out,,0,
1279620,ZDPY,"Zoned Properties, Inc.",6512,,,13180829.0,,unsized,out,,0,counting failure; never a member
1826892,BCAB,"BioAtla, Inc.",2836,,,646306.02,,unsized,out,,0,counting failure; never a member
1128281,SKAS,"Saker Aviation Services, Inc.",4581,,,1010514.0,,unsized,out,,0,counting failure; never a member
1494558,AMBO,Ambow Education Holding Ltd.,8200,5262992.48,,,,sized,out,,0,ADS: ordinary-share count is not price-comparable; sized on the vendor figure
1821806,LESL,"Leslie's, Inc.",5990,,,9365475.0,,unsized,out,,0,counting failure; never a member
1755101,ALDS,APPlife Digital Solutions Inc,5531,,,8212128.0,,unsized,out,,0,counting failure; never a member
1583771,HEPA,"Hepion Pharmaceuticals, Inc.",2834,,,90219317.0,,unsized,out,,0,counting failure; never a member
1083490,SRRE,SUNRISE REAL ESTATE GROUP INC,6513,,,68691925.0,,unsized,out,,0,counting failure; never a member
1022505,SDCH,"SideChannel, Inc.",7374,,,4572757.0,,unsized,out,,0,counting failure; never a member
1415332,LTUM,Lithium Corp,1000,,,117892441.0,,unsized,out,,0,counting failure; never a member
1574235,PULM,"Pulmatrix, Inc.",2834,5577404.4235,5577404.4235,3652285.0,1.5271,sized,out,,0,
93314,VNRX,VOLITIONRX LTD,2835,6595310.1204,2994674.8496000003,13649384.0,0.2194,disagree,out,,0,
1875547,LCFY,Locafy Ltd,7370,,,,,"excluded: no domestic filings (foreign filer, fund, or shell)",out,,0,
1115864,ILXP,ECOMINAS CORP.,1400,,,,,excluded: no Section 16 filings,out,,0,
746210,TWAV,"TaoWeave, Inc.",7370,5505650.9799999995,5505650.9799999995,3877219.0,1.42,sized,out,,0,
1962011,KAPA,"Kairos Pharma, LTD.",2834,3248274.9885,3248275.262642857,3385383.2857142854,0.9595,sized,out,,0,"cover count 23,697,683 as of 2026-08-12 restated 0.142857x through the split(s) since"
2003977,CRE,Cre8 Enterprise Ltd,2750,,,,,"excluded: no domestic filings (foreign filer, fund, or shell)",out,,0,
1911545,GITS,"Global Interactive Technologies, Inc.",7370,6724966.4,6724966.4,4203104.0,1.6,sized,out,,0,
1959023,RENX,RenX Enterprises Corp.,4953,4577941.57,4577941.57,2646209.0,1.73,sized,out,,0,
1806524,LGHL,Lion Group Holding Ltd,6211,,,,,"excluded: no domestic filings (foreign filer, fund, or shell)",out,,0,
1083220,XELB,"XCel Brands, Inc.",6794,4198575.36,4198575.36,6560274.0,0.64,sized,out,,0,
1852440,JZ,Jianzhi Education Technology Group Co Ltd,8200,,,,,"excluded: no domestic filings (foreign filer, fund, or shell)",out,,0,
1929783,WOK,WORK Medical Technology Group LTD,3841,,,,,"excluded: no domestic filings (foreign filer, fund, or shell)",out,,0,
944075,SCKT,"SOCKET MOBILE, INC.",3571,5162400.590600001,5162400.590600001,8291681.0,0.6226,sized,out,,0,
1741489,ELVG,"Elvictor Group, Inc.",8742,,,834042.0,,unsized,out,,0,counting failure; never a member
1415758,NVSGF,Nevada Sunrise Metals Corp.,,,,,,"excluded: no domestic filings (foreign filer, fund, or shell)",out,,0,
1588084,TANH,TANTECH HOLDINGS LTD,2860,,,,,"excluded: no domestic filings (foreign filer, fund, or shell)",out,,0,
1816319,LYTHF,Lytus Technologies Holdings PTV. Ltd.,7374,,,,,"excluded: no domestic filings (foreign filer, fund, or shell)",out,,0,
1927026,OBULF,One Bullion Ltd,,,,,,"excluded: no domestic filings (foreign filer, fund, or shell)",out,,0,
1099369,DSNY,DESTINY MEDIA TECHNOLOGIES INC,7372,,,,,excluded: not a common-stock listing (vendor type OS),out,,0,
1854526,BRQL,DYNAMIC AEROSPACE SYSTEMS Corp,3721,,,32489996.0,,unsized,out,,0,counting failure; never a member
2024258,POAS,PHAOS TECHNOLOGY HOLDINGS (CAYMAN) Ltd,3823,,,,,"excluded: no domestic filings (foreign filer, fund, or shell)",out,,0,
793628,CHNR,CHINA NATURAL RESOURCES INC,1040,4981578.42,4981578.42,1256388.0,3.965,sized,out,,0,
1031093,SVBL,"SILVER BULL RESOURCES, INC.",1000,,,,,excluded: not a common-stock listing (vendor type OS),out,,0,
1993599,EUEMF,European Energy Metals Corp.,,,,,,"excluded: no domestic filings (foreign filer, fund, or shell)",out,,0,
1780785,CNEY,CN ENERGY GROUP. INC.,2860,,,,,"excluded: no domestic filings (foreign filer, fund, or shell)",out,,0,
2032341,CYAB,"CYABRA, INC.",7372,3033735.0404,3033735.0404,17597071.0,0.1724,sized,out,,0,
1376321,CNET,ZW Data Action Technologies Inc.,7370,5355906.34,5355906.34,3668429.0,1.46,sized,out,,0,
1481443,TCRI,"TechCom, Inc.",6770,,,,,excluded: blank-check company (SIC 6770),out,,0,
1580490,IONI,I-ON Digital Corp.,6199,,,34106234.0,,unsized,out,,0,counting failure; never a member
1648087,AREB,AMERICAN REBEL HOLDINGS INC,3490,,,28489850.0,,unsized,out,,0,counting failure; never a member
1937737,MLEC,Moolec Science SA,2000,,,,,"excluded: no domestic filings (foreign filer, fund, or shell)",out,,0,
1705402,AGMH,"AGM GROUP HOLDINGS, INC.",7371,,,,,"excluded: no domestic filings (foreign filer, fund, or shell)",out,,0,
2079272,LABT,Lakewood-Amedex Biotherapeutics Inc.,2834,1876792.8960000002,1876792.8960000002,2369688.0,0.792,sized,out,,0,
1840563,ELAB,PMGC Holdings Inc.,2834,2529934.375,2529935.3125,809579.3,3.125,sized,out,,0,"cover count 8,095,793 as of 2026-08-14 restated 0.1x through the split(s) since"
73290,BMRA,BIOMERICA INC,2835,8692049.52,8692049.52,4598968.0,1.89,sized,out,,0,
79661,PRSI,PORTSMOUTH SQUARE INC,6552,,,734187.0,,unsized,out,,0,counting failure; never a member
1953988,HLEO,Helio Corp /FL/,3760,,,5190024.0,,unsized,out,,0,counting failure; never a member
1594968,VEST,Loan Artificial Intelligence Corp.,7900,,,,,excluded: no Section 16 filings,out,,0,
1641631,XAIR,"Beyond Air, Inc.",3841,2273980.17,2212127.61,957631.0,2.31,sized,out,,0,
1279715,IWSH,"Wright Investors Service Holdings, Inc.",6282,,,20620711.0,,unsized,out,,0,counting failure; never a member
1617867,AMIX,"Autonomix Medical, Inc.",3841,6134605.9399999995,3039364.59,971043.0,3.13,disagree,out,,0,
1951667,CTNT,CHEETAH NET SUPPLY CHAIN SERVICE INC.,5010,3760173.9,,1205.9237333333333,2.82,disagree,out,,0,"sec measure disqualified: 3,401 vs vendor 3,760,174; decided on the vendor figure"
1688126,CRCW,Crypto Co,7374,,,5829932017.0,,unsized,out,,0,counting failure; never a member
313364,MTR,MESA ROYALTY TRUST/TX,6792,,,,,excluded: royalty trust (SIC 6792),out,,0,
1738177,CMBMF,Cambium Networks Corp,3663,,,,,excluded: not a common-stock listing (vendor type OS),out,,0,
1668010,DBGI,"Digital Brands Group, Inc.",5600,2585875.5,4200790.5,933509.0,4.5,disagree,out,,0,
1574232,ADXN,Addex Therapeutics Ltd.,2834,,,,,"excluded: no domestic filings (foreign filer, fund, or shell)",out,,0,
2003061,STFS,Star Fashion Culture Holdings Ltd,7310,,,,,"excluded: no domestic filings (foreign filer, fund, or shell)",out,,0,
1926293,GCDT,Green Circle Decarbonize Technology Ltd,3585,,,,,"excluded: no domestic filings (foreign filer, fund, or shell)",out,,0,
1810467,SNTG,Sentage Holdings Inc.,6199,,,,,"excluded: no domestic filings (foreign filer, fund, or shell)",out,,0,
1991592,INLF,INLIF Ltd,3569,,,,,"excluded: no domestic filings (foreign filer, fund, or shell)",out,,0,
2074123,CCHH,CCH Holdings Ltd,5812,,,,,"excluded: no domestic filings (foreign filer, fund, or shell)",out,,0,
1691221,FRSX,Foresight Autonomous Holdings Ltd.,7372,,,,,"excluded: no domestic filings (foreign filer, fund, or shell)",out,,0,
1011509,AUMN,Golden Minerals Co,1040,,,,,excluded: not a common-stock listing (vendor type OS),out,,0,
1435617,PWDY,"POWERDYNE INTERNATIONAL, INC.",7374,,,1997483341.0,,unsized,out,,0,counting failure; never a member
2020228,MSGY,Masonglory Ltd,1700,,,,,"excluded: no domestic filings (foreign filer, fund, or shell)",out,,0,
1960847,TOPP,Toppoint Holdings Inc.,4210,4460820.0,4460820.0,24700000.0,0.1806,sized,out,,0,
1178697,SONM,"DNA X, Inc.",3661,5647977.06,5647977.06,1488268.0,3.795,sized,out,,0,
1950209,ZHDM,Ainnova Tech,,,,,,"excluded: no domestic filings (foreign filer, fund, or shell)",out,,0,
1121795,GHST,GHST World Inc.,7372,,,130201179.0,,unsized,out,,0,counting failure; never a member
1585608,JAGX,"Jaguar Health, Inc.",2834,2355998.64,,0.0010131058777525827,4.53,disagree,out,,0,"sec measure disqualified: 0 vs vendor 2,355,999; decided on the vendor figure"
1435064,CETX,CEMTREX INC,1700,3459493.4099999997,3459493.4099999997,1721141.0,2.01,sized,out,,0,
1993097,MASK,3 E Network Technology Group Ltd,7371,,,,,"excluded: no domestic filings (foreign filer, fund, or shell)",out,,0,
1905660,HUBC,Hub Cyber Security Ltd.,3576,,,,,"excluded: no domestic filings (foreign filer, fund, or shell)",out,,0,
723533,WYGC,Wenyuan Group Corp.,8742,,,82610375.0,,unsized,out,,0,counting failure; never a member
1737523,BGLC,BioNexus Gene Lab Corp,8071,3664749.0906,3664749.0906,2933442.0,1.2493,sized,out,,0,
1492617,FWFW,"FLYWHEEL ADVANCED TECHNOLOGY, INC.",7380,,,,,excluded: no Section 16 filings,out,,0,
856984,USAQ,"QHSLab, Inc.",3841,,,15032788.0,,unsized,out,,0,counting failure; never a member
1650575,BRQSF,"Borqs Technologies, Inc.",7373,,,45470079.0,,unsized,out,,0,counting failure; never a member
1695295,HYFM,"HYDROFARM HOLDINGS GROUP, INC.",5190,4626550.08,4626550.08,4819323.0,0.96,sized,out,,0,
1781397,EEIQ,EpicQuest Education Group International Ltd,8200,,,,,"excluded: no domestic filings (foreign filer, fund, or shell)",out,,0,
1709628,CSAI,"CLOUDASTRUCTURE, INC.",7370,2285152.44,,,2.58,sized,out,,0,
1813783,VMAR,Vision Marine Technologies Inc.,3730,,,,,"excluded: no domestic filings (foreign filer, fund, or shell)",out,,0,
1019034,BKYI,BIO KEY INTERNATIONAL INC,7372,2499238.56,2499238.56,1436344.0,1.74,sized,out,,0,
1138586,XCRT,"Xcelerate, Inc.",8000,,,,,unsized,out,,0,counting failure; never a member
1905956,TGL,TREASURE GLOBAL INC,7389,2482636.64,2128170.75,1675725.0,1.27,sized,out,,0,
1168981,LVRLF,CordovaCann Corp.,7900,,,,,"excluded: no domestic filings (foreign filer, fund, or shell)",out,,0,
1122993,BMXI,BROOKMOUNT EXPLORATIONS INC,1400,,,,,unsized,out,,0,counting failure; never a member
1810560,REVB,"REVELATION BIOSCIENCES, INC.",2834,3082765.6424000002,3082765.6424000002,3983416.0,0.7739,sized,out,,0,
1296484,TOPS,TOP SHIPS INC.,4412,,,,,"excluded: no domestic filings (foreign filer, fund, or shell)",out,,0,
1107421,TCRT,"Alaunos Therapeutics, Inc.",2834,1984114.8800000001,1984114.8800000001,2540480.0,0.781,sized,out,,0,
1671584,APVO,Aptevo Therapeutics Inc.,2834,3258387.0,3243546.0,1801970.0,1.8,sized,out,,0,
1402328,SBFM,Sunshine Biopharma Inc.,2834,1667254.91,1667254.91,3877337.0,0.43,sized,out,,0,
1751876,PAVS,Paranovus Entertainment Technology Ltd.,7374,,,,,"excluded: no domestic filings (foreign filer, fund, or shell)",out,,0,
1028357,BITTF,BITTERROOT RESOURCES LTD,,,,,,"excluded: no domestic filings (foreign filer, fund, or shell)",out,,0,
1326706,FEED,"ENvue Medical, Inc.",3842,,,923717.9166666666,,unsized,out,,0,counting failure; never a member
1560293,TNON,"Tenon Medical, Inc.",3841,2294641.68,2294641.68,667047.0,3.44,sized,out,,0,
1959726,AZI,Autozi Internet Technology (Global) Ltd.,7500,,,,,"excluded: no domestic filings (foreign filer, fund, or shell)",out,,0,
1807389,CPOP,"Pop Culture Group Co., Ltd",7900,,,,,"excluded: no domestic filings (foreign filer, fund, or shell)",out,,0,
1680048,MBIO,"MUSTANG BIO, INC.",2834,3159820.002,,33301.71866666667,0.417,disagree,out,,0,"sec measure disqualified: 13,887 vs vendor 3,159,820; decided on the vendor figure"
1889823,DFSC,DEFSEC Technologies Inc.,7372,,,,,"excluded: no domestic filings (foreign filer, fund, or shell)",out,,0,
1896752,SABOF,Sabio Holdings Inc.,,,,,,"excluded: no domestic filings (foreign filer, fund, or shell)",out,,0,
1679628,JUNS,"JUPITER NEUROSCIENCES, INC.",2834,3652303.17,2133124.37,770081.0,2.77,disagree,out,,0,
1363598,NTRX,"Entrex Carbon Market, Inc.",5712,,,,,unsized,out,,0,counting failure; never a member
1161814,KIQSF,KELSO TECHNOLOGIES INC,3743,,,,,"excluded: no domestic filings (foreign filer, fund, or shell)",out,,0,
1830072,IPW,iPower Inc.,5200,1161829.7968000001,1161829.7968000001,1262584.0,0.9202,sized,out,,0,
1990251,WCT,Wellchange Holdings Co Ltd,7372,,,,,"excluded: no domestic filings (foreign filer, fund, or shell)",out,,0,
1026785,HIHO,HIGHWAY HOLDINGS LTD,3490,,,,,"excluded: no domestic filings (foreign filer, fund, or shell)",out,,0,
1826011,PARA,"Banzai International, Inc.",7372,3194603.1195,,,0.7085,sized,out,,0,
1613979,ZPHYF,ZEPHYR MINERALS LTD.,,,,,,"excluded: no domestic filings (foreign filer, fund, or shell)",out,,0,
1946703,WBUY,WEBUY GLOBAL LTD,5900,,,,,"excluded: no domestic filings (foreign filer, fund, or shell)",out,,0,
1004724,RHEP,"REGIONAL HEALTH PROPERTIES, INC",6519,,,3924677.0,,unsized,out,,0,counting failure; never a member
1510964,CVSI,"CV Sciences, Inc.",2834,,,225829128.0,,unsized,out,,0,counting failure; never a member
1785056,TRNR,"Interactive Strength, Inc.",3600,2898831.6,3401374.2,1619702.0,2.1,sized,out,,0,
1515317,MAGE,MAGELLAN COPPER & GOLD Corp,1000,,,25964295.0,,unsized,out,,0,counting failure; never a member
1828673,HCWB,HCW Biologics Inc.,2834,3421575.72,2809575.72,1836324.0,1.53,sized,out,,0,
1650101,ATXG,ADDENTAX GROUP CORP.,7330,3734177.58,3734177.58,1177974.0,3.17,sized,out,,0,
1392694,SURG,"SurgePays, Inc.",4813,7687593.861900001,7687593.861900001,52908423.0,0.1453,sized,out,,0,
1879754,EHGO,EShallGo Inc.,7359,,,,,"excluded: no domestic filings (foreign filer, fund, or shell)",out,,0,
1514183,SILO,"Silo Pharma, Inc.",2834,,,,,excluded: investment company (files 40-17G),out,,0,
1595353,GLMD,Galmed Pharmaceuticals Ltd.,2834,,,,,"excluded: no domestic filings (foreign filer, fund, or shell)",out,,0,
1424657,CUEN,Cuentas Inc.,5140,,,7952797.0,,unsized,out,,0,counting failure; never a member
2030763,MEDS,"DataMeds AI, Inc.",5122,10871952.2,10410524.6,3061919.0,3.4,sized,out,,0,
2024656,FMFC,Kandal M Venture Ltd,3100,,,,,"excluded: no domestic filings (foreign filer, fund, or shell)",out,,0,
1493712,STME,Stimcell Energetics Inc.,3841,,,21141272.0,,unsized,out,,0,counting failure; never a member
105744,GBR,"New Concept Energy, Inc.",1311,3685241.8054,3685241.8054,5131934.0,0.7181,sized,out,,0,
1397183,IVDA,"Iveda Solutions, Inc.",7372,3288748.3929,3288748.3929,12519027.0,0.2627,sized,out,,0,
1178526,VERTF,Vertiqal Studios Corp.,,,,,,"excluded: no domestic filings (foreign filer, fund, or shell)",out,,0,
1199392,EGMCF,EMERGENT METALS CORP.,1000,,,,,"excluded: no domestic filings (foreign filer, fund, or shell)",out,,0,
1824293,GRI,"GRI Bio, Inc.",2834,3672673.1999999997,3672673.1999999997,2186115.0,1.68,sized,out,,0,
1558569,ISPC,iSpecimen Inc.,8731,2745263.1,2745263.1,2518590.0,1.09,sized,out,,0,
1497253,VIVS,"VivoSim Labs, INC.",2836,2372847.8108,2631528.4464,14850612.0,0.1772,sized,out,,0,
1736289,ROIUF,Route1 Inc.,,,,,,"excluded: no domestic filings (foreign filer, fund, or shell)",out,,0,
1769768,EJH,E-Home Household Service Holdings Ltd,7600,,,,,"excluded: no domestic filings (foreign filer, fund, or shell)",out,,0,
1080448,PGOL,PATRIOT GOLD CORP,1040,,,68296490.0,,unsized,out,,0,counting failure; never a member
1108205,CRIS,CURIS INC,2836,1720350.3332,1482700.6238000002,2090077.0,0.7094,sized,out,,0,
1840416,SSM,Sono Group N.V.,6199,1896960.0299999998,1845160.0299999998,1424834.0,1.295,sized,out,,0,
887151,CAPS,Capstone Holding Corp.,5030,3065250.6155,2899517.8359,20578551.0,0.1409,sized,out,,0,
1985337,YYGH,YY Group Holding Ltd.,7363,,,,,"excluded: no domestic filings (foreign filer, fund, or shell)",out,,0,
1828098,STKH,Steakholder Foods Ltd.,2000,,,,,"excluded: no domestic filings (foreign filer, fund, or shell)",out,,0,
1470129,VIIQ,VisitIQ Corp.,7372,,,2133236.0,,unsized,out,,0,counting failure; never a member
1892322,HTCR,"HeartCore Enterprises, Inc.",7374,2712437.12,2712437.12,1515328.0,1.79,sized,out,,0,
318299,SRCO,"SPARTA COMMERCIAL SERVICES, INC.",7389,,,56208843.0,,unsized,out,,0,counting failure; never a member
1611746,SPRC,SciSparc Ltd.,2834,,,,,"excluded: no domestic filings (foreign filer, fund, or shell)",out,,0,
1946563,SXTP,"60 DEGREES PHARMACEUTICALS, INC.",2834,3420270.83,3420270.83,3516988.0,0.9725,sized,out,,0,
1864055,ABTS,Abits Group Inc,6199,,,,,"excluded: no domestic filings (foreign filer, fund, or shell)",out,,0,
1288614,KRTL,KRTL Holding Group Inc,,,,,,"excluded: no domestic filings (foreign filer, fund, or shell)",out,,0,
1355790,ISCO,International Stem Cell CORP,2834,,,8004389.0,,unsized,out,,0,counting failure; never a member
1624512,BOXL,Boxlight Corp,8200,2786995.1999999997,2202396.9,667393.0,3.3,sized,out,,0,
1866034,AWLIF,Ameriwest Critical Metals Inc.,,,,,,"excluded: no domestic filings (foreign filer, fund, or shell)",out,,0,
1553846,RDHL,RedHill Biopharma Ltd.,2834,,,,,"excluded: no domestic filings (foreign filer, fund, or shell)",out,,0,
1393772,BUDZ,"WEED, INC.",8731,,,148312685.0,,unsized,out,,0,counting failure; never a member
836564,CPMV,Mosaic ImmunoEngineering Inc.,2836,,,7242137.0,,unsized,out,,0,counting failure; never a member
1995574,ICON,Icon Energy Corp,4412,,,,,"excluded: no domestic filings (foreign filer, fund, or shell)",out,,0,
1095435,ALP,Alpha Compute Corp,6199,,,,,"excluded: no domestic filings (foreign filer, fund, or shell)",out,,0,
2099727,INEOF,INEO Tech Corp.,,,,,,"excluded: no domestic filings (foreign filer, fund, or shell)",out,,0,
1701261,FAMI,"Farmmi, Inc.",2033,,,,,"excluded: no domestic filings (foreign filer, fund, or shell)",out,,0,
1172178,LBSR,LIBERTY STAR URANIUM & METALS CORP.,1000,,,120163294.0,,unsized,out,,0,counting failure; never a member
1739174,PHGE,BiomX Inc.,7372,,,26723870.0,,unsized,out,,0,counting failure; never a member
862022,HGTXU,HUGOTON ROYALTY TRUST,6792,,,,,excluded: royalty trust (SIC 6792),out,,0,
832489,GOVX,"GeoVax Labs, Inc.",2834,2606303.4286,2112025.0438,7369243.0,0.2866,sized,out,,0,
1506983,GCTK,"Glucotrack, Inc.",3841,1129998.87,782832.8280000001,705254.8,1.11,disagree,out,,0,"cover count 10,578,822 as of 2026-08-14 restated 0.0666667x through the split(s) since"
1738758,CHR,"Cheer Holding, Inc.",7374,3682361.21,105399.45893333333,67133.41333333333,1.57,disagree,out,,0,"cover count 10,070,012 as of 2023-12-31 restated 0.00666667x through the split(s) since"
1324759,HGYN,HONG YUAN HOLDING GROUP,2821,,,74640766.0,,unsized,out,,0,counting failure; never a member
1855485,CLDI,"Calidi Biotherapeutics, Inc.",2836,2687551.36,2687551.36,2584184.0,1.04,sized,out,,0,
1868050,CPCPF,CopperCorp Resources Inc.,,,,,,"excluded: no domestic filings (foreign filer, fund, or shell)",out,,0,
1575858,PUBC,Purebase Corp,2870,,,277968151.0,,unsized,out,,0,counting failure; never a member
1935092,CETI,"Cyber Enviro-Tech, Inc.",3690,,,,,excluded: no Section 16 filings,out,,0,
1793895,CDTG,CDT Environmental Technology Investment Holdings Ltd,4950,,,,,"excluded: no domestic filings (foreign filer, fund, or shell)",out,,0,
1468929,NXGL,"NEXGEL, INC.",3841,73107.45,73107.4725,487383.15,0.15,sized,out,,0,"cover count 9,747,663 as of 2026-08-14 restated 0.05x through the split(s) since"
1696025,KCRD,"Kindcard, Inc.",5940,,,,,excluded: no Section 16 filings,out,,0,
1969863,SUGP,SU Group Holdings Ltd,7381,,,,,"excluded: no domestic filings (foreign filer, fund, or shell)",out,,0,
1809616,UPC,Universe Pharmaceuticals INC,2834,,,,,"excluded: no domestic filings (foreign filer, fund, or shell)",out,,0,
1630212,CHGA,Change Agents Corporation.,7371,2251634.1599999997,2004653.7014999997,997340.15,2.01,sized,out,,0,"cover count 19,946,803 as of 2026-08-10 restated 0.05x through the split(s) since"
1506492,NUWE,"Nuwellis, Inc.",3845,2143532.9634000002,2462267.9264,3647264.0,0.6751,sized,out,,0,
846377,TGNT,"Totaligent, Inc.",6153,,,380841775.0,,unsized,out,,0,counting failure; never a member
1729214,XRTX,XORTX Therapeutics Inc.,2834,,,,,"excluded: no domestic filings (foreign filer, fund, or shell)",out,,0,
1550913,MKZR,"MacKenzie Realty Capital, Inc.",6798,,,,,"excluded: investment company (files 40-17G, N-2)",out,,0,
1814067,LXEH,Lixiang Education Holding Co. Ltd.,8200,,,,,"excluded: no domestic filings (foreign filer, fund, or shell)",out,,0,
1035422,CTTH,"CTT PHARMACEUTICAL HOLDINGS, INC.",2834,,,59722232.0,,unsized,out,,0,counting failure; never a member
894501,GRHI,"GOLD ROCK HOLDINGS, INC.",7373,,,238216969.0,,unsized,out,,0,counting failure; never a member
1951294,VSME,VS MEDIA Holdings Ltd,7311,,,,,"excluded: no domestic filings (foreign filer, fund, or shell)",out,,0,
768408,CYAN,CYANOTECH CORP,2833,,,18480.607500000002,,unsized,out,,0,counting failure; never a member
1557798,CIIT,"Tianci International, Inc.",3576,2776409.3000000003,2776411.3090000004,967390.7000000001,2.87,sized,out,,0,"cover count 9,673,907 as of 2026-06-22 restated 0.1x through the split(s) since"
1595248,GNPX,"Genprex, Inc.",2834,2254199.75,2254199.75,819709.0,2.75,sized,out,,0,
1433309,PLTYF,"Plastec Technologies, Ltd.",3089,,,,,"excluded: no domestic filings (foreign filer, fund, or shell)",out,,0,
1717695,VRRCF,VR Resources Ltd.,,,,,,"excluded: no domestic filings (foreign filer, fund, or shell)",out,,0,
1776067,OCG,Oriental Culture Holding LTD,7380,,,,,"excluded: no domestic filings (foreign filer, fund, or shell)",out,,0,
1178660,TUTH,Standard Dental Labs Inc.,3843,,,,,excluded: no Section 16 filings,out,,0,
1349706,TOGI,"TurnOnGreen, Inc.",3690,,,183983122.0,,unsized,out,,0,counting failure; never a member
1943421,RUBI,Rubico Inc.,4400,,,,,"excluded: no domestic filings (foreign filer, fund, or shell)",out,,0,
1927578,NTCL,NetClass Technology Inc,7372,,,,,"excluded: no domestic filings (foreign filer, fund, or shell)",out,,0,
1284237,ABCFF,ABACUS MINING & EXPLORATION CORP,,,,,,"excluded: no domestic filings (foreign filer, fund, or shell)",out,,0,
1589149,GWAV,"Greenwave Technology Solutions, Inc.",5051,1941336.5399999998,1941336.5399999998,829631.0,2.34,sized,out,,0,
1355736,AVCRF,Avricore Health Inc.,2834,,,,,"excluded: no domestic filings (foreign filer, fund, or shell)",out,,0,
2126221,RECX,"Recreatives Industries, Inc.",3711,,,,,"excluded: no domestic filings (foreign filer, fund, or shell)",out,,0,
1352952,CNFN,CFN Enterprises Inc.,7389,,,9536357.0,,unsized,out,,0,counting failure; never a member
1621221,ARTL,"ARTELO BIOSCIENCES, INC.",2834,1845998.3800000001,1720597.6844444443,510563.11111111107,3.37,sized,out,,0,"cover count 4,595,068 as of 2026-08-11 restated 0.111111x through the split(s) since"
1712762,BIAF,"bioAffinity Technologies, Inc.",8731,3388151.04,3046248.5999999996,540115.0,5.64,sized,out,,0,"cover count 8,101,725 as of 2026-08-03 restated 0.0666667x through the split(s) since"
1025771,WHLT,CHASE PACKAGING CORP,0700,,,61882172.0,,unsized,out,,0,counting failure; never a member
1801834,PRFX,PRF Technologies Ltd.,2834,,,,,"excluded: no domestic filings (foreign filer, fund, or shell)",out,,0,
1358190,ITP,"IT TECH PACKAGING, INC.",2670,2510865.19458,2510865.19458,16965420.0,0.147999,sized,out,,0,
1023994,OLOX,OLENOX INDUSTRIES INC.,5030,1533734.4321,1533734.4321,1659347.0,0.9243,sized,out,,0,
1829635,RNAZ,"Transcode Therapeutics, Inc.",2834,28951563.689999998,28951563.689999998,16930739.0,1.71,sized,out,,0,
1582554,MTNB,"Matinas BioPharma Holdings, Inc.",2834,2772041.6,2772040.845333333,979519.7333333333,2.83,sized,out,,0,"cover count 14,692,796 as of 2026-08-10 restated 0.0666667x through the split(s) since"
1756180,NCRA,"NOCERA, INC.",0200,3874579.2,3874579.2,2421612.0,1.6,sized,out,,0,
1447380,MFON,MOBIVITY HOLDINGS CORP.,7372,,,73976596.0,,unsized,out,,0,counting failure; never a member
1412126,RMSL,RemSleep Holdings Inc.,7200,,,1739610123.0,,unsized,out,,0,counting failure; never a member
1826376,GSUN,Golden Sun Technology Group Ltd.,8200,,,,,"excluded: no domestic filings (foreign filer, fund, or shell)",out,,0,
1901215,BRNX,BRENX LTD.,3433,,,,,"excluded: no domestic filings (foreign filer, fund, or shell)",out,,0,
1981662,NIVF,NewGenIvf Group Ltd,8090,553500.2821000001,,,0.0811,sized,out,,0,
1850767,ACUT,Accustem Sciences Inc.,2834,,,16072267.0,,unsized,out,,0,counting failure; never a member
1917817,SYGCF,Sylla Gold Corp.,,,,,,"excluded: no domestic filings (foreign filer, fund, or shell)",out,,0,
822370,EMMA,"Emmaus Life Sciences, Inc.",2834,,,70188263.0,,unsized,out,,0,counting failure; never a member
1856084,RDGT,Ridgetech Inc.,5912,,,,,"excluded: no domestic filings (foreign filer, fund, or shell)",out,,0,
1811999,FMHS,"FARMHOUSE, INC. /NV",7370,,,,,excluded: no Section 16 filings,out,,0,
1532619,PW,Power REIT,6798,2555155.2,2555155.2,367120.0,6.96,sized,out,,0,
1484674,ATMH,"ALL THINGS MOBILE ANALYTIC, INC.",7389,,,,,excluded: no Section 16 filings,out,,0,
811222,CDIX,Cardiff Lexington Corp,8011,,,15637361.0,,unsized,out,,0,counting failure; never a member
1854572,IZM,ICZOOM Group Inc.,5731,,,,,"excluded: no domestic filings (foreign filer, fund, or shell)",out,,0,
1487091,QWTR,"Quest Water Global, Inc.",3585,,,131903029.0,,unsized,out,,0,counting failure; never a member
1425627,SOBR,"SOBR Safe, Inc.",2721,,,5387210.0,,unsized,out,,0,counting failure; never a member
1809750,EDBL,Edible Garden AG Inc,0100,2146659.9000000004,2146659.9000000004,1951509.0,1.1,sized,out,,0,
1884164,KWIK,"KwikClick, Inc.",7374,,,3892979.0,,unsized,out,,0,counting failure; never a member
1735556,BTOG,BIT ORIGIN Ltd,6199,,,,,"excluded: no domestic filings (foreign filer, fund, or shell)",out,,0,
1975940,FLYE,"Fly-E Group, Inc.",3711,3787135.5199999996,3787135.5199999996,1632386.0,2.32,sized,out,,0,
1708160,GPUSF,Alset Capital Inc.,,,,,,"excluded: no domestic filings (foreign filer, fund, or shell)",out,,0,
1517496,SLAIY,SOLAI Ltd,6199,,,,,"excluded: no domestic filings (foreign filer, fund, or shell)",out,,0,
1874907,DEFG,Grayscale Decentralized Finance (DeFi) Fund LLC,,,,,,"excluded: no domestic filings (foreign filer, fund, or shell)",out,,0,
1978527,GVH,Globavend Holdings Ltd,4731,,,,,"excluded: no domestic filings (foreign filer, fund, or shell)",out,,0,
1962738,CASIF,"CASI Pharmaceuticals, Inc.",2834,,,,,"excluded: no domestic filings (foreign filer, fund, or shell)",out,,0,
849401,ADMT,"ADM TRONICS UNLIMITED, INC.",3845,,,67588492.0,,unsized,out,,0,counting failure; never a member
1347858,XXII,"22nd Century Group, Inc.",2111,621674.5758,621674.5758,713994.0,0.8707,sized,out,,0,
1106861,CSDX,CS DIAGNOSTICS CORP.,2842,,,137340200.0,,unsized,out,,0,counting failure; never a member
1825349,CHSN,Chanson International Holding,2000,,,,,"excluded: no domestic filings (foreign filer, fund, or shell)",out,,0,
1517681,PPCB,"Propanc Biopharma, Inc.",2834,4630455.636,2981955.636,6331116.0,0.471,disagree,out,,0,
1107280,OVTZ,OCULUS INC.,7389,,,,,excluded: not a common-stock listing (vendor type OS),out,,0,
1417926,IVF,"INVO Fertility, Inc.",3841,1855407.7569,1855407.7569,2506969.0,0.7401,sized,out,,0,
1782107,ONCO,"Onconetix, Inc.",2834,3429504.2898,2583900.7101,3949107.0,0.6543,sized,out,,0,
2018222,JEM,707 Cayman Holdings Ltd.,5600,,,,,"excluded: no domestic filings (foreign filer, fund, or shell)",out,,0,
1789192,NXTS,Nexentis Technologies Inc.,2834,1284455.7054,1284455.7054,1453333.0,0.8838,sized,out,,0,
1498148,AITX,Artificial Intelligence Technology Solutions Inc.,7372,,,,,excluded: no Section 16 filings,out,,0,
1614744,PPBT,PURPLE BIOTECH LTD.,2834,,,,,"excluded: no domestic filings (foreign filer, fund, or shell)",out,,0,
1381074,RTCJF,Baijiayun Group Ltd,7372,,,,,"excluded: no domestic filings (foreign filer, fund, or shell)",out,,0,
1391135,LIFD,LFTD PARTNERS INC.,2834,,,14822678.0,,unsized,out,,0,counting failure; never a member
774415,KRFG,"King Resources, Inc.",7380,,,10881149.0,,unsized,out,,0,counting failure; never a member
1812727,EZRA,"Reliance Global Group, Inc.",6411,3712658.56,2216625.58,1002998.0,2.21,disagree,out,,0,
2033770,DAIC,"CID Holdco, Inc.",7373,6148327.21,6148327.21,2337767.0,2.63,sized,out,,0,
1308027,VYST,Vystar Corp,3060,,,24621094.0,,unsized,out,,0,counting failure; never a member
1062506,ALDA,ATLANTICA INC,6770,,,,,excluded: blank-check company (SIC 6770),out,,0,
1892500,CMND,Clearmind Medicine Inc.,2834,,,,,"excluded: no domestic filings (foreign filer, fund, or shell)",out,,0,
1445815,BIXT,"BIOXYTRAN, INC",2834,,,114695220.0,,unsized,out,,0,counting failure; never a member
1734427,CRUCF,Colibri Resource Corp,,,,,,"excluded: no domestic filings (foreign filer, fund, or shell)",out,,0,
1825875,RAYA,Erayak Power Solution Group Inc.,3621,,,,,"excluded: no domestic filings (foreign filer, fund, or shell)",out,,0,
1771039,SSEBF,SILVER SPRUCE RESOURCES INC.,,,,,,"excluded: no domestic filings (foreign filer, fund, or shell)",out,,0,
1713210,ATPC,Agape ATP Corp,8000,,,,,excluded: no Section 16 filings,out,,0,
1986247,BYAH,"Park Ha Biological Technology Co., Ltd.",2840,,,,,"excluded: no domestic filings (foreign filer, fund, or shell)",out,,0,
1424768,VYCO,VYCOR MEDICAL INC,3841,,,33372796.0,,unsized,out,,0,counting failure; never a member
1806904,EZGO,EZGO Technologies Ltd.,3751,,,,,"excluded: no domestic filings (foreign filer, fund, or shell)",out,,0,
1885827,VRAX,Virax Biolabs Group Ltd,2835,,,,,"excluded: no domestic filings (foreign filer, fund, or shell)",out,,0,
1422892,SGLY,Singularity Future Technology Ltd.,4731,3839391.3740000003,3839391.3740000003,5403788.0,0.7105,sized,out,,0,
1174940,OGEN,ORAGENICS INC,2834,2089036.091,2089036.091,4511957.0,0.463,sized,out,,0,
1374567,LUVU,"Luvu Brands, Inc.",2510,,,76834057.0,,unsized,out,,0,counting failure; never a member
1673475,GPOX,"GPO Plus, Inc.",8900,,,96773765.0,,unsized,out,,0,counting failure; never a member
1861622,JTAI,Jet.AI Inc.,4522,5122830.24,5122830.24,3557521.0,1.44,sized,out,,0,
1370816,FBCD,"FBC Holding, Inc.",5600,,,55593817.0,,unsized,out,,0,counting failure; never a member
1630113,BTCY,BIOTRICITY INC.,3841,,,19914003.0,,unsized,out,,0,counting failure; never a member
1847706,PSYCF,Psyched Wellness Ltd.,,,,,,"excluded: no domestic filings (foreign filer, fund, or shell)",out,,0,
730349,TOFB,TOFUTTI BRANDS INC,2024,,,5153706.0,,unsized,out,,0,counting failure; never a member
1440799,MMEX,MMEX Resources Corp,7819,,,22295726723.0,,unsized,out,,0,counting failure; never a member
1471781,GTCH,GBT Technologies Inc.,8742,,,24417866769.0,,unsized,out,,0,counting failure; never a member
1911467,CRCE,"Circle Energy, Inc./NV",1311,,,1530000.0,,unsized,out,,0,counting failure; never a member
1843165,YHC,LQR House Inc.,2080,1642859.82,1642859.82,1303857.0,1.26,sized,out,,0,
1817760,SMTK,"SmartKem, Inc.",3674,1170452.8699999999,638760.3658,565274.66,1.13,disagree,out,,0,"cover count 28,263,733 as of 2026-08-12 restated 0.02x through the split(s) since"
1080657,SQFT,"Presidio Property Trust, Inc.",6798,1278078.912,1278078.912,1434432.0,0.891,sized,out,,0,
1335288,REOS,ReoStar Energy CORP,1382,,,,,unsized,out,,0,counting failure; never a member
1757499,SHPH,"Shuttle Pharmaceuticals Holdings, Inc.",2834,26444062.8,26444062.8,4764696.0,5.55,sized,out,,0,
1615219,DCOY,Decoy Therapeutics Inc.,2834,995881.2,995881.2,655185.0,1.52,sized,out,,0,
1723980,SXTC,"China SXT Pharmaceuticals, Inc.",2834,,,,,"excluded: no domestic filings (foreign filer, fund, or shell)",out,,0,
1902276,WCUFF,World Copper Ltd.,,,,,,"excluded: no domestic filings (foreign filer, fund, or shell)",out,,0,
1414767,NCPL,Netcapital Inc.,6199,10280747.690000001,10280747.690000001,7847899.0,1.31,sized,out,,0,
2012096,PMAX,Powell Max Ltd,7380,,,,,"excluded: no domestic filings (foreign filer, fund, or shell)",out,,0,
1854963,SHFS,"SHF Holdings, Inc.",6199,466288.3602,466288.473625,1027746.25,0.4537,sized,out,,0,"cover count 12,332,955 as of 2026-08-05 restated 0.0833333x through the split(s) since"
2022416,SLXN,Silexion Therapeutics Corp,2836,1306104.1344,1306104.1344,5560256.0,0.2349,sized,out,,0,
1682265,ONAR,Onar Holding Corp,7310,,,284360555.0,,unsized,out,,0,counting failure; never a member
1896212,CDT,CDT Equity Inc.,2834,616582.4,25173.440000000002,31466.8,0.8,disagree,out,,0,"cover count 786,670 as of 2026-08-12 restated 0.04x through the split(s) since"
2015691,ELPW,Elong Power Holding Ltd.,3690,,,,,"excluded: no domestic filings (foreign filer, fund, or shell)",out,,0,
1543637,NUMD,"Nu-Med Plus, Inc.",3841,,,83548469.0,,unsized,out,,0,counting failure; never a member
895464,YBGJ,Yubo International Biotech Ltd,3845,,,170416343.0,,unsized,out,,0,counting failure; never a member
1964979,ALUR,"ALLURION TECHNOLOGIES, INC.",3841,,,1000416.8666666667,,unsized,out,,0,counting failure; never a member
1888014,AKAN,AKANDA CORP.,2833,,,,,"excluded: no domestic filings (foreign filer, fund, or shell)",out,,0,
1022899,PTIX,"Protagenic Therapeutics, Inc.\new",2834,,,1810208.0,,unsized,out,,0,counting failure; never a member
1611046,MDLK,ModuLink Inc.,7000,,,3969933920.0,,unsized,out,,0,counting failure; never a member
1546296,IPDN,"Professional Diversity Network, Inc.",7370,2803064.31,2027861.9943333333,481677.43333333335,4.21,disagree,out,,0,"cover count 14,450,323 as of 2026-08-14 restated 0.0333333x through the split(s) since"
1954694,LGCL,Lucas GC Ltd,7370,,,,,"excluded: no domestic filings (foreign filer, fund, or shell)",out,,0,
1976695,MNDR,Mobile-health Network Solutions,7372,,,,,"excluded: no domestic filings (foreign filer, fund, or shell)",out,,0,
1743745,GNLN,"Greenlane Holdings, Inc.",5099,1965559.52,1965559.52,694544.0,2.83,sized,out,,0,
2036307,OFAL,OFA Group,8711,1085674.3084,1085674.34957,2637052.1,0.4117,sized,out,,0,"cover count 26,370,521 as of 2026-07-13 restated 0.1x through the split(s) since"
882291,AEMD,AETHLON MEDICAL INC,3841,4273927.359999999,4273927.359999999,711136.0,6.01,sized,out,,0,
1880613,DRCT,"Direct Digital Holdings, Inc.",7310,,,,,unsized,out,,0,counting failure; never a member
1591913,IPSI,"Innovative Payment Solutions, Inc.",5961,,,994175223.0,,unsized,out,,0,counting failure; never a member
1879403,LRHC,La Rosa Holdings Corp.,6531,723441.53,702274.8633333333,552972.3333333333,1.27,sized,out,,0,"cover count 3,317,834 as of 2026-08-20 restated 0.166667x through the split(s) since"
1823466,NOTE,"FiscalNote Holdings, Inc.",7389,,,10120783.583333332,,unsized,out,,0,counting failure; never a member
1930510,VCIG,VCI Global Ltd,8744,,,,,"excluded: no domestic filings (foreign filer, fund, or shell)",out,,0,
1445467,AVPMF,AVRUPA MINERALS LTD.,1090,,,,,"excluded: no domestic filings (foreign filer, fund, or shell)",out,,0,
1680513,IPTNF,IMPACT ANALYTICS INC.,,,,,,"excluded: no domestic filings (foreign filer, fund, or shell)",out,,0,
1792030,IMCC,IM Cannabis Corp.,2833,,,,,"excluded: no domestic filings (foreign filer, fund, or shell)",out,,0,
775057,ALTX,ALTEX INDUSTRIES INC,1311,,,11187640.0,,unsized,out,,0,counting failure; never a member
1747661,ZNB,Zeta Network Group,8200,,,,,"excluded: no domestic filings (foreign filer, fund, or shell)",out,,0,
1211805,MYSZ,"My Size, Inc.",7372,910368.4500000001,983450.7000000001,728482.0,1.35,sized,out,,0,
1642178,AGNPF,Grey Matters Health Inc.,2834,,,,,"excluded: no domestic filings (foreign filer, fund, or shell)",out,,0,
1924482,IBG,Innovation Beverage Group Ltd,2080,,,,,"excluded: no domestic filings (foreign filer, fund, or shell)",out,,0,
1960262,LUDG,"LUDWIG ENTERPRISES, INC.",8071,,,,,excluded: not a common-stock listing (vendor type OS),out,,0,
1723455,SRKZF,SKY GOLD CORP.,,,,,,"excluded: no domestic filings (foreign filer, fund, or shell)",out,,0,
1971260,CLDVF,Cloud3 Ventures Inc.,,,,,,"excluded: no domestic filings (foreign filer, fund, or shell)",out,,0,
1172069,PTOS,"P2 Solar, Inc.",1700,,,,,excluded: no Section 16 filings,out,,0,
1514443,AGSS,"AMERIGUARD SECURITY SERVICES, INC.",7381,,,,,excluded: no Section 16 filings,out,,0,
278165,OMQS,OMNIQ Corp.,7373,,,15152930.0,,unsized,out,,0,counting failure; never a member
1419554,BBLG,Bone Biologics Corp,3842,1292866.3387,1292866.3387,2756057.0,0.4691,sized,out,,0,
2077135,CYCL,"Cycclone, Inc.",,,,,,"excluded: no domestic filings (foreign filer, fund, or shell)",out,,0,
802257,MITI,"Mitesco, Inc.",7370,,,48392796.0,,unsized,out,,0,counting failure; never a member
1945619,KSEZ,Kinetic Seas Inc.,6770,,,,,excluded: blank-check company (SIC 6770),out,,0,
1668438,IMTE,Integrated Media Technology Ltd,3651,,,,,"excluded: no domestic filings (foreign filer, fund, or shell)",out,,0,
1341878,SCDA,"B-Scada, Inc.",7372,,,305934.10000000003,,unsized,out,,0,counting failure; never a member
1499494,DXF,Eason Technology Ltd,6199,,,,,"excluded: no domestic filings (foreign filer, fund, or shell)",out,,0,
1611747,SCNI,Scinai Immunotherapeutics Ltd.,2836,819873.01,,1387289958.4,1.21,sized,out,,0,ADS: ordinary-share count is not price-comparable; sized on the vendor figure
1568385,BMTM,"Bright Mountain Media, Inc.",7371,,,186936398.0,,unsized,out,,0,counting failure; never a member
1490873,ESSI,"ECO SCIENCE SOLUTIONS, INC.",5900,,,24952656.0,,unsized,out,,0,counting failure; never a member
2039060,RBNE,Robin Energy Ltd.,4412,,,,,"excluded: no domestic filings (foreign filer, fund, or shell)",out,,0,
1991605,YMT,Yimutian Inc.,7374,,,,,"excluded: no domestic filings (foreign filer, fund, or shell)",out,,0,
2022308,KIDZ,KIDZ AI Inc.,8200,1772994.62,,7831.453333333334,2.06,disagree,out,,0,"sec measure disqualified: 16,133 vs vendor 1,772,995; decided on the vendor figure"
1807616,HIGR,Hi-Great Group Holding Co,7011,,,,,excluded: no Section 16 filings,out,,0,
1760026,RMTG,Regenerative Medical Technology Group Inc.,5990,,,13738968.0,,unsized,out,,0,counting failure; never a member
1979484,ABVEF,Above Food Ingredients Inc.,2000,,,,,"excluded: no domestic filings (foreign filer, fund, or shell)",out,,0,
932021,GTLL,GLOBAL TECHNOLOGIES LTD,3663,,,14688440097.0,,unsized,out,,0,counting failure; never a member
814926,CAPC,"CAPSTONE COMPANIES, INC.",3640,,,48826864.0,,unsized,out,,0,counting failure; never a member
1652539,SNRG,SusGlobal Energy Corp.,4953,,,142332019.0,,unsized,out,,0,counting failure; never a member
2023796,FCHL,Fitness Champs Holdings Ltd,7990,,,,,"excluded: no domestic filings (foreign filer, fund, or shell)",out,,0,
1898604,VSTD,Vestand Inc.,5812,,,11940000.0,,unsized,out,,0,counting failure; never a member
1972074,LNKS,Linkers Industries Ltd,3670,,,,,"excluded: no domestic filings (foreign filer, fund, or shell)",out,,0,
1502966,FUNI,"Hypha Labs, Inc.",8734,,,163895977.0,,unsized,out,,0,counting failure; never a member
1636051,FUST,FUSE GROUP HOLDING INC.,1000,,,17225716.0,,unsized,out,,0,counting failure; never a member
1885408,NEXR,Nexera Technologies Ltd,5900,,,,,"excluded: no domestic filings (foreign filer, fund, or shell)",out,,0,
1358633,SNBH,SENTIENT BRANDS HOLDINGS INC.,5734,,,4462771.0,,unsized,out,,0,counting failure; never a member
1570937,PREM,Premier Air Charter Holdings Inc.,3841,,,280848293.0,,unsized,out,,0,counting failure; never a member
1442620,RCON,"Recon Technology, Ltd",1389,22591982.07,,53137.130000000005,1.11,disagree,out,,0,"sec measure disqualified: 58,982 vs vendor 22,591,982; decided on the vendor figure"
1362516,CLRI,"Cleartronic, Inc.",4812,,,229238517.0,,unsized,out,,0,counting failure; never a member
1066130,LINMF,Linear Minerals Corp,1000,,,,,"excluded: no domestic filings (foreign filer, fund, or shell)",out,,0,
1864531,VSEE,"VSEE HEALTH, INC.",8000,,,708497.6625000001,,unsized,out,,0,counting failure; never a member
1643918,BDRX,Biodexa Pharmaceuticals Plc,2834,,,,,"excluded: no domestic filings (foreign filer, fund, or shell)",out,,0,
1300306,EMRH,EMERGING HOLDINGS INC,,,,,,"excluded: no domestic filings (foreign filer, fund, or shell)",out,,0,
862668,ESMC,ESCALON MEDICAL CORP,3845,,,7415329.0,,unsized,out,,0,counting failure; never a member
1082733,VISM,"VISIUM TECHNOLOGIES, INC.",7371,,,1077502919.0,,unsized,out,,0,counting failure; never a member
1081938,CPMD,"CANNAPHARMARX, INC.",2834,,,708689905.0,,unsized,out,,0,counting failure; never a member
1945166,MECPF,MUSTANG ENERGY CORP.,,,,,,"excluded: no domestic filings (foreign filer, fund, or shell)",out,,0,
1880343,AMZE,"AMAZE HOLDINGS, INC.",5961,,,20824169.0,,unsized,out,,0,counting failure; never a member
1996586,CNRCF,Canter Resources Corp.,,,,,,"excluded: no domestic filings (foreign filer, fund, or shell)",out,,0,
1836875,NVVE,Nuvve Holding Corp.,3690,,,,,excluded: not a common-stock listing (vendor type OS),out,,0,
1141284,ASNS,ACTELIS NETWORKS INC,3669,,,28837580.0,,unsized,out,,0,counting failure; never a member
1892292,MSS,Maison Solutions Inc.,5411,1401567.79,561905.3272000002,349009.5200000001,1.61,disagree,out,,0,"cover count 17,450,476 as of 2024-08-06 restated 0.02x through the split(s) since"
1640384,PWCM,"POWERCOMPUTE, INC.",6199,1685948.6595,1685948.6595,1794135.0,0.9397,sized,out,,0,
1857086,TRUG,"TruGolf Holdings, Inc.",3949,3093788.16,234052.35200000004,91426.70000000001,2.56,disagree,out,,0,"cover count 914,267 as of 2026-04-15 restated 0.1x through the split(s) since"
1469443,RKDA,"Arcadia Biosciences, Inc.",1311,659160.1296,659160.1296,2409211.0,0.2736,sized,out,,0,
1360442,DOGP,"Dogecoin Cash, Inc.",7200,,,162609031.0,,unsized,out,,0,counting failure; never a member
1411057,CBIH,"Cannabis Bioscience International Holdings, Inc.",8731,,,,,excluded: no Section 16 filings,out,,0,
1954594,HAO,Haoxi Health Technology Ltd,7311,,,,,"excluded: no domestic filings (foreign filer, fund, or shell)",out,,0,
1893219,ABPO,"Abpro Holdings, Inc.",2836,,,5896048.0,,unsized,out,,0,counting failure; never a member
1532390,WTER,ALKALINE WATER Co INC,5140,,,1089580.5,,unsized,out,,0,counting failure; never a member
1487615,EMBYF,Nexera Energy Inc.,,,,,,"excluded: no domestic filings (foreign filer, fund, or shell)",out,,0,
1745621,GENN,Genneia S.A.,4911,,,,,"excluded: no domestic filings (foreign filer, fund, or shell)",out,,0,
2013186,TNMG,TNL Mediagene,7310,,,,,"excluded: no domestic filings (foreign filer, fund, or shell)",out,,0,
1978165,LITSF,LITHOS GROUP LTD.,,,,,,"excluded: no domestic filings (foreign filer, fund, or shell)",out,,0,
724445,BZYR,BURZYNSKI RESEARCH INSTITUTE INC,2835,,,131448444.0,,unsized,out,,0,counting failure; never a member
866439,DPLS,"DarkPulse, Inc.",7372,,,226544189.0,,unsized,out,,0,counting failure; never a member
1651992,ASFT,"Appsoft Technologies, Inc.",7372,,,,,excluded: no Section 16 filings,out,,0,
1083468,EARI,"ENTERTAINMENT ARTS RESEARCH, INC.",9995,,,,,"excluded: no domestic filings (foreign filer, fund, or shell)",out,,0,
1859807,PFSA,"Profusa, Inc.",3841,902531.74,902414.03,605647.0,1.49,sized,out,,0,
1880431,VHAI,Vocodia Holdings Corp,7371,,,10942818682.0,,unsized,out,,0,counting failure; never a member
1949478,DTCKF,DAVIS COMMODITIES Ltd,5150,,,,,"excluded: no domestic filings (foreign filer, fund, or shell)",out,,0,
1605331,AERA,AI Era Corp.,6794,,,5988733.0,,unsized,out,,0,counting failure; never a member
824416,QPRC,QUEST PATENT RESEARCH CORP,5190,,,5331973.0,,unsized,out,,0,counting failure; never a member
1784058,PNYG,Pony Group Inc.,7500,,,,,excluded: no Section 16 filings,out,,0,
1651721,GIPR,"GENERATION INCOME PROPERTIES, INC.",6798,1396329.144,855454.8588,1861303.0,0.4596,disagree,out,,0,
1626644,ODYY,"Odyssey Health, Inc.",3841,,,100968663.0,,unsized,out,,0,counting failure; never a member
1444839,BRVO,Bravo Multinational Inc.,7990,,,50419582.0,,unsized,out,,0,counting failure; never a member
1854275,ZCAR,"Zoomcar Holdings, Inc.",7510,,,8770836.0,,unsized,out,,0,counting failure; never a member
1928581,GMEX,GMEX Robotics Corp,3949,,,,,"excluded: no domestic filings (foreign filer, fund, or shell)",out,,0,
1085277,SKVI,"SKINVISIBLE, INC.",2834,,,5403843.0,,unsized,out,,0,counting failure; never a member
1694617,ROYL,"Royale Energy, Inc.",1311,,,96600302.0,,unsized,out,,0,counting failure; never a member
1498547,CMRF,"CIM GROUP, INC.",6798,,,436300000.0,,unsized,out,,0,counting failure; never a member
1127475,DBMM,"Digital Brand Media & Marketing Group, Inc.",7389,,,865218631.0,,unsized,out,,0,counting failure; never a member
1566826,LGMK,"LogicMark, Inc.",3842,,,899759.0,,unsized,out,,0,counting failure; never a member
1618835,EVFM,"Evofem Biosciences, Inc.",2834,,,132530081.0,,unsized,out,,0,counting failure; never a member
1704287,BJDX,"Bluejay Diagnostics, Inc.",3841,843913.554,3644142.3956,4468051.0,0.8156,disagree,out,,0,
744452,BNBX,BNB PLUS CORP.,6199,,,6197223.0,,unsized,out,,0,counting failure; never a member
1527541,WHLR,"Wheeler Real Estate Investment Trust, Inc.",6798,396554.4569,37445.59186666666,53654.666666666664,0.6979,disagree,out,,0,"cover count 1,931,568 as of 2026-08-04 restated 0.0277778x through the split(s) since"
1530425,ARRT,"Artisan Consumer Goods, Inc.",1000,,,4400048.0,,unsized,out,,0,counting failure; never a member
1687542,FRGT,"Freight Technologies, Inc.",4731,146692.85,85156.95256,332125.4,0.2564,disagree,out,,0,"cover count 1,660,627 as of 2025-12-31 restated 0.2x through the split(s) since"
849997,FECOF,FEC Resources Inc.,1311,,,,,"excluded: no domestic filings (foreign filer, fund, or shell)",out,,0,
790273,CONC,CONECTISYS CORP,3663,,,,,excluded: no Section 16 filings,out,,0,
1465311,ZICX,Zicix Corp,7310,,,12715111.0,,unsized,out,,0,counting failure; never a member
1555017,SKYI,"Sky Century Investment, Inc.",8741,,,,,excluded: no Section 16 filings,out,,0,
1043150,EEGI,"Eline Entertainment Group, Inc.",1520,,,8524529727.0,,unsized,out,,0,counting failure; never a member
1644963,ATXI,"AVENUE THERAPEUTICS, INC.",2834,,,3294967.0,,unsized,out,,0,counting failure; never a member
1973368,SVUHF,SRIVARU Holding Ltd,3711,,,,,"excluded: no domestic filings (foreign filer, fund, or shell)",out,,0,
1970125,FDXTF,FENDX TECHNOLOGIES INC.,,,,,,"excluded: no domestic filings (foreign filer, fund, or shell)",out,,0,
1813603,HSTA,Hestia Insight Inc.,8742,,,27939260.0,,unsized,out,,0,counting failure; never a member
794998,SETO,SETO HOLDINGS INC,3540,,,,,"excluded: no domestic filings (foreign filer, fund, or shell)",out,,0,
1515139,WAST,WASTE ENERGY CORP.,7389,,,192326122.0,,unsized,out,,0,counting failure; never a member
1143994,MRPT,MACREPORT NET INC,7389,,,,,excluded: no Section 16 filings,out,,0,
1859007,ZVSA,"ZyVersa Therapeutics, Inc.",2834,,,8095921.0,,unsized,out,,0,counting failure; never a member
2006925,LNTO,LELANTOS HOLDINGS INC.,4991,,,,,"excluded: no domestic filings (foreign filer, fund, or shell)",out,,0,
1603345,AGTX,Agentix Corp.,2836,,,40066951.0,,unsized,out,,0,counting failure; never a member
1409253,NAFS,"Havana Roasters Coffee Companies, Inc.",8742,,,2802.61792,,unsized,out,,0,counting failure; never a member
1900720,EPWKF,EPWK Holdings Ltd.,7389,,,,,"excluded: no domestic filings (foreign filer, fund, or shell)",out,,0,
1439264,MVNC,Marvion Inc.,6199,,,390024555.0,,unsized,out,,0,counting failure; never a member
1888151,FMTOF,Femto Technologies Inc.,7372,,,,,"excluded: no domestic filings (foreign filer, fund, or shell)",out,,0,
1346917,GNTOF,GENTOR RESOURCES INC.,1000,,,,,excluded: not a common-stock listing (vendor type OS),out,,0,
1872292,RAKR,Rainmaker Worldwide Inc.,2086,,,83799728.0,,unsized,out,,0,counting failure; never a member
1584480,GTIC,"Greentech Innovations, Inc.",7372,,,,,excluded: no Section 16 filings,out,,0,
1716621,VTAK,"Catheter Precision, Inc.",3841,,,1439194.4000000001,,unsized,out,,0,counting failure; never a member
1450704,VIVK,"Vivakor, Inc.",4953,2401159.9299999997,2187756.0173333334,545575.0666666667,4.01,sized,out,,0,"cover count 8,183,626 as of 2026-08-18 restated 0.0666667x through the split(s) since"
1753391,QSJC,"TANCHENG GROUP CO., LTD.",7370,,,4381550.0,,unsized,out,,0,counting failure; never a member
1870404,CERO,"CERO THERAPEUTICS HOLDINGS, INC.",2836,,,71630992.0,,unsized,out,,0,counting failure; never a member
1951067,CISS,C3is Inc.,4412,,,,,"excluded: no domestic filings (foreign filer, fund, or shell)",out,,0,
1811216,BAOS,Baosheng Media Group Holdings Ltd,7389,,,,,"excluded: no domestic filings (foreign filer, fund, or shell)",out,,0,
1703073,VIVC,VIVIC CORP.,7990,,,27678419.0,,unsized,out,,0,counting failure; never a member
1599117,MNTR,"Mentor Capital, Inc.",6799,,,27589296.0,,unsized,out,,0,counting failure; never a member
1393781,QIND,Quality Industrial Corp.,3590,,,193266631.0,,unsized,out,,0,counting failure; never a member
1454742,GMER,"GOOD GAMING, INC.",7372,,,129117273.0,,unsized,out,,0,counting failure; never a member
1958713,MI,NFT Ltd,6199,,,,,"excluded: no domestic filings (foreign filer, fund, or shell)",out,,0,
1816172,JZXN,"Jiuzi Holdings, Inc.",5500,,,,,"excluded: no domestic filings (foreign filer, fund, or shell)",out,,0,
1787740,VBIO,"Valion Bio, Inc.",2834,1961571.69,1961572.9276,887589.56,2.21,sized,out,,0,"cover count 22,189,739 as of 2026-08-13 restated 0.04x through the split(s) since"
1661600,SATT,SATIVUS TECH CORP.,8742,,,4215571.0,,unsized,out,,0,counting failure; never a member
1964664,ORISF,ORIENTAL RISE HOLDINGS Ltd,0100,,,,,"excluded: no domestic filings (foreign filer, fund, or shell)",out,,0,
1502758,NULGF,NuLegacy Gold Corp,,,,,,"excluded: no domestic filings (foreign filer, fund, or shell)",out,,0,
1452583,CBMJ,"CONSERVATIVE BROADCAST MEDIA & PUBLISHING, INC.",4911,,,1905540.25,,unsized,out,,0,counting failure; never a member
1453122,DDDX,"3DX Industries, Inc.",2750,,,37461409.0,,unsized,out,,0,counting failure; never a member
1776073,CBDL,CBD Life Sciences Inc.,2833,,,,,"excluded: no domestic filings (foreign filer, fund, or shell)",out,,0,
1680689,NRHI,"Natural Resource Holdings, Inc.",5960,,,,,excluded: no Section 16 filings,out,,0,
1463208,TLSS,"Transportation & Logistics Systems, Inc.",4700,,,1177887.4948,,unsized,out,,0,counting failure; never a member
1680132,CSUI,CANNABIS SUISSE CORP.,6500,,,70680938.0,,unsized,out,,0,counting failure; never a member
1807936,BABYF,Else Nutrition Holdings Inc.,,,,,,"excluded: no domestic filings (foreign filer, fund, or shell)",out,,0,
1586554,CBDY,Target Group Inc.,2833,,,617025999.0,,unsized,out,,0,counting failure; never a member
1842939,XAGE,"Longevity Health Holdings, Inc.",2840,,,2475321.0,,unsized,out,,0,counting failure; never a member
1084475,NIHK,"Video River Networks, Inc.",6500,,,182370497.0,,unsized,out,,0,counting failure; never a member
800523,GGLXF,GGL RESOURCES CORP.,,,,,,"excluded: no domestic filings (foreign filer, fund, or shell)",out,,0,
1427644,SLDC,"Solidus Communications, Inc.",4813,,,2351415.0100000002,,unsized,out,,0,counting failure; never a member
1346022,ENRT,Enertopia Corp.,1000,,,,,excluded: not a common-stock listing (vendor type OS),out,,0,
1762239,KAVL,"Kaival Brands Innovations Group, Inc.",5960,,,19535402.0,,unsized,out,,0,counting failure; never a member
820771,GFMH,Goliath Film & Media Holdings,7822,,,177118186.0,,unsized,out,,0,counting failure; never a member
721693,CREG,Smart Powerr Corp.,7389,,,2295912.8000000003,,unsized,out,,0,counting failure; never a member
1674227,WORX,SCWorx Corp.,7374,377113.8,377113.8,89789.0,4.2,sized,out,,0,
1404593,MDCE,Medical Care Technologies Inc.,7389,,,1716.9484774999999,,unsized,out,,0,counting failure; never a member
1386044,TAAG,"Awareness Group, Inc.",6163,,,59608825.0,,unsized,out,,0,counting failure; never a member
1519061,TSEOQ,Trinseo PLC,2821,,,,,excluded: not a common-stock listing (vendor type OS),out,,0,
1517389,JFIL,"Jubilant Flame International, Ltd",7371,,,199857.08000000002,,unsized,out,,0,counting failure; never a member
1741534,UOKAF,MDJM LTD,6531,,,,,"excluded: no domestic filings (foreign filer, fund, or shell)",out,,0,
1817232,HGAS,Global Gas Corp,2810,,,,,unsized,out,,0,counting failure; never a member
1801602,SBIG,"SpringBig Holdings, Inc.",7371,,,48795266.0,,unsized,out,,0,counting failure; never a member
1935172,AIXI,Xiao-I Corp,7372,,,,,"excluded: no domestic filings (foreign filer, fund, or shell)",out,,0,
1847462,AYRWF,Ayr Wellness Inc.,2833,,,,,"excluded: no domestic filings (foreign filer, fund, or shell)",out,,0,
912544,NSTM,NovelStem International Corp.,5990,,,49332455.0,,unsized,out,,0,counting failure; never a member
1601936,CYTOF,Altamira Therapeutics Ltd.,2834,,,,,"excluded: no domestic filings (foreign filer, fund, or shell)",out,,0,
1395005,BFCH,"UNLOCKD, Inc.",1000,,,,,unsized,out,,0,counting failure; never a member
1227282,SPOWF,Strata Power Corp,1311,,,,,"excluded: no domestic filings (foreign filer, fund, or shell)",out,,0,
1947861,NMHI,Nature's Miracle Holding Inc.,3523,,,606629892.0,,unsized,out,,0,counting failure; never a member
1609258,PTCO,PetroGas Co,1311,,,22996680.0,,unsized,out,,0,counting failure; never a member
1084937,GREH,Green Rain Energy Holdings Inc.,9995,,,,,"excluded: no domestic filings (foreign filer, fund, or shell)",out,,0,
1916558,TRWD,Tradewinds Universal,2000,,,,,excluded: no Section 16 filings,out,,0,
1869974,OCEA,"Ocean Biomedical, Inc.",2834,,,232365143.0,,unsized,out,,0,counting failure; never a member
868278,PRPH,"ProPhase Labs, Inc.",2834,,,15592556.0,,unsized,out,,0,counting failure; never a member
1796898,MAXNQ,"Maxeon Solar Technologies, Ltd.",3674,,,,,"excluded: no domestic filings (foreign filer, fund, or shell)",out,,0,
1989930,FGL,Founder Group Ltd,1700,,,,,"excluded: no domestic filings (foreign filer, fund, or shell)",out,,0,
1511820,STEK,Stemtech Corp,5122,,,2997032856.0,,unsized,out,,0,counting failure; never a member
1978151,DGTEF,Eat & Beyond Global Holdings Inc.,,,,,,"excluded: no domestic filings (foreign filer, fund, or shell)",out,,0,
1290658,ITOX,"IIOT-OXYS, Inc.",7372,,,586385063.0,,unsized,out,,0,counting failure; never a member
1741220,CWPE,CW Petroleum Corp,5172,,,,,excluded: no Section 16 filings,out,,0,
1837254,MEHA,Functional Brands Inc.,2833,,,64921095.0,,unsized,out,,0,counting failure; never a member
1497230,FYNN,Fyntechnical Innovations Inc,7374,,,,,excluded: no Section 16 filings,out,,0,
1416876,FCHS,"First Choice Healthcare Solutions, Inc.",8071,,,32958288.0,,unsized,out,,0,counting failure; never a member
1763329,AIBT,"AIBOTICS, INC.",2833,,,850165334.0,,unsized,out,,0,counting failure; never a member
1877461,CBDW,1606 CORP.,7372,,,,,excluded: no Section 16 filings,out,,0,
1392449,GPLB,Green Planet Bio Engineering Co. Ltd.,2836,,,20006402.0,,unsized,out,,0,counting failure; never a member
1098462,MTLK,METALINK LTD,3674,,,,,"excluded: no domestic filings (foreign filer, fund, or shell)",out,,0,
352991,AOXY,ADVANCED OXYGEN TECHNOLOGIES INC,6500,,,3292945.0,,unsized,out,,0,counting failure; never a member
918573,GRVE,GROOVE BOTANICALS INC.,1311,,,59643062.0,,unsized,out,,0,counting failure; never a member
1404804,OMTK,Omnitek Engineering Corp,3714,,,21948091.0,,unsized,out,,0,counting failure; never a member
1812173,RBOT,Vicarious Surgical Inc.,3842,,,,,excluded: not a common-stock listing (vendor type OS),out,,0,
1901799,BTMCQ,Bitcoin Depot Inc.,6199,,,,,unsized,out,,0,counting failure; never a member
1823126,GRXXF,Critical Reagent Processing Corp.,,,,,,"excluded: no domestic filings (foreign filer, fund, or shell)",out,,0,
1356914,ECPL,ECOPLUS INC,8090,,,,,"excluded: no domestic filings (foreign filer, fund, or shell)",out,,0,
813716,CIRX,CIRTRAN CORP,2080,,,4945417.0,,unsized,out,,0,counting failure; never a member
1825452,ONFO,"Onfolio Holdings, Inc",7374,1815006.88,1815006.88,2452712.0,0.74,sized,out,,0,
1990446,GRPS,"Trans American Aquaculture, Inc",0200,,,1805926955.0,,unsized,out,,0,counting failure; never a member
1730773,BSFC,Blue Star Foods Corp.,2092,,,107425.063125,,unsized,out,,0,counting failure; never a member
1230524,LEEN,"Leopard Energy, Inc.",8742,,,1272917.0,,unsized,out,,0,counting failure; never a member
1589150,RGBP,Regen BioPharma Inc,2834,,,,,excluded: no Section 16 filings,out,,0,
1812360,FOXO,FOXO TECHNOLOGIES INC.,8731,,,1658116.0,,unsized,out,,0,counting failure; never a member
1343009,CNBX,CNBX Pharmaceuticals Inc.,2834,,,1605768095.0,,unsized,out,,0,counting failure; never a member
1695473,GCAN,"TRAFALGAR INTERNATIONAL, INC.",2834,,,198875.80000000002,,unsized,out,,0,counting failure; never a member
1815903,PTPI,"Petros Pharmaceuticals, Inc.",2834,,,42372260.0,,unsized,out,,0,counting failure; never a member
1407704,BOTY,"LINGERIE FIGHTING CHAMPIONSHIPS, INC.",7900,,,1912936.0,,unsized,out,,0,counting failure; never a member
1873722,BBLR,Bubblr Inc.,7370,,,305309155.0,,unsized,out,,0,counting failure; never a member
1068689,ATDS,"Data443 Risk Mitigation, Inc.",7372,,,1313420344.0,,unsized,out,,0,counting failure; never a member
1817511,SOPAQ,SOCIETY PASS INCORPORATED.,7389,,,6105525.0,,unsized,out,,0,counting failure; never a member
1679817,OZSC,"OZOP ENERGY SOLUTIONS, INC.",3690,,,11793584.0,,unsized,out,,0,counting failure; never a member
1843588,REEAF,REE Automotive Ltd.,3711,,,,,"excluded: no domestic filings (foreign filer, fund, or shell)",out,,0,
1558740,WNLV,Winvest Group Ltd,7812,,,,,excluded: no Section 16 filings,out,,0,
1892274,GVHGF,Visionary Holdings Inc.,8200,,,,,"excluded: no domestic filings (foreign filer, fund, or shell)",out,,0,
1058623,CMLS,CUMULUS MEDIA INC,4832,,,17668032.0,,unsized,out,,0,counting failure; never a member
915661,GRLF,GREEN LEAF INNOVATIONS INC,2050,,,,,excluded: no Section 16 filings,out,,0,
1995075,MGN,Megan Holdings Ltd.,0200,,,,,"excluded: no domestic filings (foreign filer, fund, or shell)",out,,0,
1132509,NNAX,New Momentum Corp.,8741,,,825861858.0,,unsized,out,,0,counting failure; never a member
1128189,PKTX,"ProtoKinetix, Inc.",2834,,,411630152.0,,unsized,out,,0,counting failure; never a member
1886362,MGAM,"Mobile Global Esports, Inc.",7900,,,75457876.0,,unsized,out,,0,counting failure; never a member
1530746,KAYS,"Kaya Holdings, Inc.",2834,,,,,excluded: no Section 16 filings,out,,0,
1674440,YYAI,AIRWA INC.,7370,3280652.5719999997,3280652.5719999997,4581917.0,0.716,sized,out,,0,
1896425,LBGJ,Li Bang International Corp Inc.,3580,,,,,"excluded: no domestic filings (foreign filer, fund, or shell)",out,,0,
1081834,KUBR,Kuber Resources Corp,4832,,,157556723.0,,unsized,out,,0,counting failure; never a member
1725911,NBND,NetBrands Corp.,6199,,,361392060.0,,unsized,out,,0,counting failure; never a member
1877430,ETUGF,E2Gold Inc.,,,,,,"excluded: no domestic filings (foreign filer, fund, or shell)",out,,0,
1169138,GBUX,"GIVBUX, INC.",7389,,,476022153.0,,unsized,out,,0,counting failure; never a member
1879848,PEVM,PHOENIX MOTOR INC.,3713,,,1287091.7000000002,,unsized,out,,0,counting failure; never a member
1413891,HWNI,"HIGH WIRE NETWORKS, INC.",4813,,,1119665.0,,unsized,out,,0,counting failure; never a member
1495584,SVVC,"Firsthand Technology Value Fund, Inc.",,,,,,"excluded: investment company (files 40-17G, N-2)",out,,0,
1365359,PCGC,"HYDRO POWER TECHNOLOGIES, INC.",5180,,,,,unsized,out,,0,counting failure; never a member
1499961,BINI,"BOLLINGER INNOVATIONS, INC.",3711,,,18419.74,,unsized,out,,0,counting failure; never a member
1710495,PNXP,PINEAPPLE EXPRESS CANNABIS Co,7372,,,42597604.0,,unsized,out,,0,counting failure; never a member
1018735,NYMXF,NYMOX PHARMACEUTICAL CORP,2835,,,,,"excluded: no domestic filings (foreign filer, fund, or shell)",out,,0,
1575142,BDPT,"BIOADAPTIVES, INC.",2834,,,196926762.0,,unsized,out,,0,counting failure; never a member
1788841,MCOM,micromobility.com Inc.,7389,,,92214637.0,,unsized,out,,0,counting failure; never a member
1782941,TIRXF,TIAN RUIXIANG HOLDINGS LTD,6411,,,,,"excluded: no domestic filings (foreign filer, fund, or shell)",out,,0,
1113313,AVNI,ARVANA INC,6770,,,,,excluded: blank-check company (SIC 6770),out,,0,
1622244,OWPC,"One World Products, Inc.",2834,,,120108774.0,,unsized,out,,0,counting failure; never a member
1130781,BMPA,"BMP AI Technologies, Inc.",7812,,,51783583.0,,unsized,out,,0,counting failure; never a member
1409197,BSPK,"Bespoke Extracts, Inc.",2834,,,11253552.0,,unsized,out,,0,counting failure; never a member
1990950,SELXF,Semilux International Ltd.,3674,,,,,"excluded: no domestic filings (foreign filer, fund, or shell)",out,,0,
1865494,IOBTQ,"IO Biotech, Inc.",2834,,,71948842.0,,unsized,out,,0,counting failure; never a member
1804792,USAM,ARES STRATEGIC MINING INC.,1400,,,,,"excluded: no domestic filings (foreign filer, fund, or shell)",out,,0,
2011954,TWNPQ,Twin Hospitality Group Inc.,5812,,,,,unsized,out,,0,counting failure; never a member
1619227,CLOW,"Cloudweb, Inc.",7370,,,27819385.0,,unsized,out,,0,counting failure; never a member
1937441,AMBIQ,Ambipar Emergency Response,4955,,,,,"excluded: no domestic filings (foreign filer, fund, or shell)",out,,0,
1744494,ADNH,"ADVENT TECHNOLOGIES HOLDINGS, INC.",3690,,,3788634.0,,unsized,out,,0,counting failure; never a member
1994624,STAI,ScanTech AI Systems Inc.,3825,,,3780656.2,,unsized,out,,0,counting failure; never a member
946486,WINT,WINDTREE THERAPEUTICS INC /DE/,2836,,,33708784.0,,unsized,out,,0,counting failure; never a member
1759136,BHATF,Blue Hat Interactive Entertainment Technology,5160,,,,,"excluded: no domestic filings (foreign filer, fund, or shell)",out,,0,
1434601,TMGI,"Transglobal Management Group, Inc.",4832,,,561229662.0,,unsized,out,,0,counting failure; never a member
1347242,LIPO,LIPELLA PHARMACEUTICALS INC.,2834,,,4620837.0,,unsized,out,,0,counting failure; never a member
1802450,MSPR,"MSP Recovery, Inc.",7374,,,9448949.857142856,,unsized,out,,0,counting failure; never a member
1803096,STRG,"STARGUIDE GROUP, INC.",5190,,,,,excluded: no Section 16 filings,out,,0,
1899658,WLGSF,"WANG & LEE GROUP, Inc.",1700,,,,,"excluded: no domestic filings (foreign filer, fund, or shell)",out,,0,
1923622,PGIM,PGIM Private Credit Fund,,,,,,"excluded: investment company (files 40-17G, N-2)",out,,0,
1952670,TVCN,TV Channels Network Inc.,4899,,,,,excluded: no Section 16 filings,out,,0,
1879270,TCRG,Cannaisseur Group Inc.,2833,,,60459890.0,,unsized,out,,0,counting failure; never a member
1874097,CYN,Cyngn Inc.,7371,8464576.9715,7954439.4715,14423281.0,0.5515,sized,out,,0,
1869699,ARKB,Ark 21Shares Bitcoin ETF,6221,,,,,excluded: self-described fund with no annual meeting,out,,0,
1855781,BTCO,Invesco Galaxy Bitcoin ETF,6221,,,,,excluded: self-described fund with no annual meeting,out,,0,
2131322,VGTHY,"Victory Giant Technology (HuiZhou) Co., Ltd./ADR",,,,,,"excluded: no domestic filings (foreign filer, fund, or shell)",out,,0,
2141099,RGKUY,Rigaku Holdings Corporation/ADR,,,,,,"excluded: no domestic filings (foreign filer, fund, or shell)",out,,0,
1759124,IAUM,iShares Gold Trust Micro,6221,,,,,excluded: commodity pool / exchange-traded product (SIC 6221),out,,0,
1732409,BCHG,Grayscale Bitcoin Cash Trust (BCH),6221,,,,,excluded: commodity pool / exchange-traded product (SIC 6221),out,,0,
1812286,VCRDX,Harrison Street Infrastructure Income Fund,,,,,,"excluded: no domestic filings (foreign filer, fund, or shell)",out,,0,
2010930,ALFUU,Centurion Acquisition Corp.,6770,,,,,excluded: blank-check company (SIC 6770),out,,0,
2000684,DHGR,Devonian Health Group Inc.,2833,,,,,"excluded: no domestic filings (foreign filer, fund, or shell)",out,,0,
1981775,VTNMF,V Ten Metals Corp.,,,,,,"excluded: no domestic filings (foreign filer, fund, or shell)",out,,0,
2075474,GGRPY,GPT Group/ADR,,,,,,"excluded: no domestic filings (foreign filer, fund, or shell)",out,,0,
2074745,VIRMF,Viridian Metals Inc.,,,,,,"excluded: no domestic filings (foreign filer, fund, or shell)",out,,0,
2075038,IBL,I Bella Perfect Inc.,8011,,,,,"excluded: no domestic filings (foreign filer, fund, or shell)",out,,0,
2071912,PRSKY,PrairieSky Royalty Ltd/ADR,,,,,,"excluded: no domestic filings (foreign filer, fund, or shell)",out,,0,
2063231,CLRLY,Central Retail Corp Public Co Limited/ADR,,,,,,"excluded: no domestic filings (foreign filer, fund, or shell)",out,,0,
2063417,MREGY,Meridian Energy Ltd/ADR,,,,,,"excluded: no domestic filings (foreign filer, fund, or shell)",out,,0,
2066600,SCBXY,SCB X Public Co Ltd,,,,,,"excluded: no domestic filings (foreign filer, fund, or shell)",out,,0,
2066925,CAPI,"CAPSTONE 72, INC.",6500,,,,,"excluded: no domestic filings (foreign filer, fund, or shell)",out,,0,
2065932,FRLCY,Freelancer Ltd,,,,,,"excluded: no domestic filings (foreign filer, fund, or shell)",out,,0,
2033615,MGNO,"Magnolia Bancorp, Inc.",6035,,,832288.0,,unsized,out,,0,counting failure; never a member
2028835,TOXR,21Shares XRP ETF,6221,,,,,excluded: self-described fund with no annual meeting,out,,0,
2049977,STA,"Starton Holdings, Inc.",2834,,,,,excluded: no Section 16 filings,out,,0,
2050338,CLBZ,Collab Z Inc.,6500,,,,,excluded: no Section 16 filings,out,,0,
2037427,GXRP,Grayscale XRP Trust ETF,6221,,,,,excluded: self-described fund with no annual meeting,out,,0,
2038688,XDT,Xdata Group,7372,,,,,"excluded: no domestic filings (foreign filer, fund, or shell)",out,,0,
2082876,FHFFY,Foshan Haitian Flavouring & Food Co Ltd./ADR,,,,,,"excluded: no domestic filings (foreign filer, fund, or shell)",out,,0,
2084698,KHOBF,KHEOBA Ltd,7371,,,,,"excluded: no domestic filings (foreign filer, fund, or shell)",out,,0,
2085795,APNA,APEIRON ACQUISITION VEHICLE I,6770,,,,,excluded: blank-check company (SIC 6770),out,,0,
2093976,NEUC,Neucleus Group Ltd,8200,,,,,"excluded: no domestic filings (foreign filer, fund, or shell)",out,,0,
2094076,OTAI,Starlink AI Acquisition Corp,6770,,,,,excluded: blank-check company (SIC 6770),out,,0,
2086545,ARTC,Art Technology Acquisition Corp.,6770,,,,,excluded: blank-check company (SIC 6770),out,,0,
2089778,PNIG,Pacipic Nexus IntelliTech Group,3569,,,,,"excluded: no domestic filings (foreign filer, fund, or shell)",out,,0,
2087856,AKCLY,Aica Kogyo Co Limited/ADR,,,,,,"excluded: no domestic filings (foreign filer, fund, or shell)",out,,0,
2094201,DPDSY,DPC DASH LTD/ADR,,,,,,"excluded: no domestic filings (foreign filer, fund, or shell)",out,,0,
2094265,MLAA,Mountain Lake Acquisition Corp. II,6770,,,,,excluded: blank-check company (SIC 6770),out,,0,
2131101,PCAI,Powercheck AI Holdings Ltd,8090,,,,,"excluded: no domestic filings (foreign filer, fund, or shell)",out,,0,
2131812,OPNHY,Open House Group Co. Ltd/ADR,,,,,,"excluded: no domestic filings (foreign filer, fund, or shell)",out,,0,
2133716,YLUZ,YPF Energia Electrica S.A.,4911,,,,,"excluded: no domestic filings (foreign filer, fund, or shell)",out,,0,
2134552,ULIT,US Elemental Inc.,1400,,,,,"excluded: no domestic filings (foreign filer, fund, or shell)",out,,0,
2136449,CSCM,Crestone Strategic Capital Acquisition Corp,6770,,,,,excluded: blank-check company (SIC 6770),out,,0,
2139246,VII,Viking Acquisition Corp. II,6770,,,,,excluded: blank-check company (SIC 6770),out,,0,
2109559,JNGDY,"Jingdong Industrials, Inc./ADR",,,,,,"excluded: no domestic filings (foreign filer, fund, or shell)",out,,0,
2107730,HYPG,Grayscale Hyperliquid Staking ETF,6221,,,,,excluded: self-described fund with no annual meeting,out,,0,
2125567,SAMO,Samos Energy Acquisition Corp,6770,,,,,excluded: blank-check company (SIC 6770),out,,0,
2117197,CMPLY,Com7 PCL/ADR,,,,,,"excluded: no domestic filings (foreign filer, fund, or shell)",out,,0,
2123531,EBGCY,Eastroc Beverage Group Co. Ltd/ADR,8880,,,,,"excluded: no domestic filings (foreign filer, fund, or shell)",out,,0,
2113853,TELYF,TELYRX HOLDINGS INC.,,,,,,"excluded: no domestic filings (foreign filer, fund, or shell)",out,,0,
2099681,MOT,MetaOptics Ltd,3827,,,,,"excluded: no domestic filings (foreign filer, fund, or shell)",out,,0,
2097702,GOW,GOWell Energy Technology,3533,,,,,"excluded: no domestic filings (foreign filer, fund, or shell)",out,,0,
2099338,MSAV,MSAV Holdings Ltd,7359,,,,,"excluded: no domestic filings (foreign filer, fund, or shell)",out,,0,
2100835,NYB,NYB Holdings Ltd,2833,,,,,"excluded: no domestic filings (foreign filer, fund, or shell)",out,,0,
2102907,RML,Resolution Minerals Ltd,1040,,,,,"excluded: no domestic filings (foreign filer, fund, or shell)",out,,0,
1124959,XSIAX,VOYA CREDIT INCOME FUND,,,,,,"excluded: no domestic filings (foreign filer, fund, or shell)",out,,0,
1102238,ARL,AMERICAN REALTY INVESTORS INC,6510,251971870.79999998,251971870.79999998,16152043.0,15.6,sized,in,2026-10-09,0,
1162027,AFB,ALLIANCEBERNSTEIN NATIONAL MUNICIPAL INCOME FUND,,,,,,"excluded: no domestic filings (foreign filer, fund, or shell)",out,,0,
1163792,WEA,WESTERN ASSET PREMIER BOND FUND,,,,,,"excluded: no domestic filings (foreign filer, fund, or shell)",out,,0,
1046179,TSM,TAIWAN SEMICONDUCTOR MANUFACTURING CO LTD,3674,,,,,"excluded: no domestic filings (foreign filer, fund, or shell)",out,,0,
1343491,GJP,"STRATS(SM) TRUST FOR DOMINION RESOURCES, INC. SECURITIES, SERIES 2005-6",6189,,,,,excluded: no Section 16 filings,out,,0,
1356284,GJS,"STRATS(SM) Trust for Goldman Sachs Group Securities, Series 2006-2",6189,,,,,excluded: no Section 16 filings,out,,0,
1353226,GJR,"STRATS(SM) Trust for Procter & Gamble Securities, Series 2006-1",6189,,,,,excluded: no Section 16 filings,out,,0,
1353612,FXC,Invesco CurrencyShares Canadian Dollar Trust,6221,,,,,excluded: commodity pool / exchange-traded product (SIC 6221),out,,0,
1230869,ASA,ASA Gold & Precious Metals Ltd,,,,,,"excluded: no domestic filings (foreign filer, fund, or shell)",out,,0,
1176199,HPI,JOHN HANCOCK PREFERRED INCOME FUND,,,,,,"excluded: no domestic filings (foreign filer, fund, or shell)",out,,0,
1178839,NBH,NEUBERGER MUNICIPAL FUND INC.,,,,,,"excluded: no domestic filings (foreign filer, fund, or shell)",out,,0,
1405513,UNL,"United States 12 Month Natural Gas Fund, LP",6221,,,,,excluded: self-described fund with no annual meeting,out,,0,
1411579,AMC,"AMC ENTERTAINMENT HOLDINGS, INC.",7830,2570701357.44,2570701357.44,892604638.0,2.88,sized,in,2026-08-31,0,
1383149,UDN,INVESCO DB US DOLLAR INDEX BEARISH FUND,6221,,,,,excluded: commodity pool / exchange-traded product (SIC 6221),out,,0,
1379384,BTZ,BLACKROCK CREDIT ALLOCATION INCOME TRUST,,,,,,"excluded: no domestic filings (foreign filer, fund, or shell)",out,,0,
1427437,ETI-P,"ENTERGY TEXAS, INC.",4911,,,,,unsized,out,,0,counting failure; never a member
1483386,GLTR,abrdn Precious Metals Basket ETF Trust,6221,,,,,excluded: self-described fund with no annual meeting,out,,0,
1464423,PMT,PennyMac Mortgage Investment Trust,6798,653145691.38,653145691.38,87202362.0,7.49,sized,in,2026-10-09,0,
1478888,NBB,Nuveen Taxable Municipal Income Fund,,,,,,"excluded: no domestic filings (foreign filer, fund, or shell)",out,,0,
2053791,BWOW,Bitwise Dogecoin ETF,6221,,,,,excluded: self-described fund with no annual meeting,out,,0,
2045873,BLTG,BOUNDLESS GROUP,3827,,,,,"excluded: no domestic filings (foreign filer, fund, or shell)",out,,0,
2042444,OBNK,Osprey BONK Trust,,,,,,"excluded: no domestic filings (foreign filer, fund, or shell)",out,,0,
1518557,MMD,NYLI MacKay DefinedTerm Muni Opportunities Fund,,,,,,"excluded: no domestic filings (foreign filer, fund, or shell)",out,,0,
1520118,MWAI,"MedWellAI, Inc.",6199,,,6536580.0,,unsized,out,,0,counting failure; never a member
1516535,MROSY,Melrose Industries Plc/ADR,8880,,,,,"excluded: no domestic filings (foreign filer, fund, or shell)",out,,0,
1521404,BGH,BARINGS GLOBAL SHORT DURATION HIGH YIELD FUND,,,,,,"excluded: no domestic filings (foreign filer, fund, or shell)",out,,0,
2092248,NGCOY,"Nagase & Co., Ltd./ADR",,,,,,"excluded: no domestic filings (foreign filer, fund, or shell)",out,,0,
2091663,CDTHY,CONDUIT HOLDINGS LTD/ADR,,,,,,"excluded: no domestic filings (foreign filer, fund, or shell)",out,,0,
2091680,BIAI,Bitari Inc,6221,,,,,excluded: commodity pool / exchange-traded product (SIC 6221),out,,0,
2093618,NBKBY,Noba Bank Group AG/ADR,,,,,,"excluded: no domestic filings (foreign filer, fund, or shell)",out,,0,
2093654,ZJGIY,Zijin Gold International Co Limited/ADR,,,,,,"excluded: no domestic filings (foreign filer, fund, or shell)",out,,0,
2089506,TEICY,TOSEI CORP/ADR,,,,,,"excluded: no domestic filings (foreign filer, fund, or shell)",out,,0,
2070237,SOUD,Hacker Interstellar Inc.,7370,,,,,"excluded: no domestic filings (foreign filer, fund, or shell)",out,,0,
2071607,BMOK,BM Acquisition Corp.,6770,,,,,excluded: blank-check company (SIC 6770),out,,0,
2063685,PSBTY,PT Sumber Alfaria Trijaya Tbk/ADR,,,,,,"excluded: no domestic filings (foreign filer, fund, or shell)",out,,0,
2056450,BXRLY,Boxer Retail Limited/ADR,,,,,,"excluded: no domestic filings (foreign filer, fund, or shell)",out,,0,
2057388,SOEZ,Franklin Solana Trust,6221,,,,,excluded: commodity pool / exchange-traded product (SIC 6221),out,,0,
2058707,ATTO,"Attovia Therapeutics, Inc.",2836,744572083.2199999,744572083.2199999,45651262.0,16.31,sized,in,2026-10-09,0,
2073615,ELFTY,Element Fleet Management Corp./ADR,,,,,,"excluded: no domestic filings (foreign filer, fund, or shell)",out,,0,
2073913,NWCYY,North West Co Inc./ADR,,,,,,"excluded: no domestic filings (foreign filer, fund, or shell)",out,,0,
2071911,CPXXY,Capital Power Corp/ADR,,,,,,"excluded: no domestic filings (foreign filer, fund, or shell)",out,,0,
2075036,EVON,EvoNexus Group LTD,7370,,,,,"excluded: no domestic filings (foreign filer, fund, or shell)",out,,0,
2078895,ASKRY,Asker Healthcare Group AB/ADR,,,,,,"excluded: no domestic filings (foreign filer, fund, or shell)",out,,0,
2077242,STJNY,Stella-Jones Inc./ADR,,,,,,"excluded: no domestic filings (foreign filer, fund, or shell)",out,,0,
2086549,PHAX,Phalanx Acquisition Corp I,6770,,,,,excluded: blank-check company (SIC 6770),out,,0,
2087419,PNSB,"PSB Financial, Inc.",6036,,,1719250.0,,unsized,out,,0,counting failure; never a member
2087500,NHKSY,NHK Spring Co. Ltd/ADR,,,,,,"excluded: no domestic filings (foreign filer, fund, or shell)",out,,0,
2089174,PTAXY,Paltac Corporation/ADR,,,,,,"excluded: no domestic filings (foreign filer, fund, or shell)",out,,0,
2090910,LAGH,Lagarosse Holdings Ltd,2080,,,,,"excluded: no domestic filings (foreign filer, fund, or shell)",out,,0,
1545772,BPYPP,Brookfield Property Partners L.P.,6500,,,,,"excluded: no domestic filings (foreign filer, fund, or shell)",out,,0,
1585855,GGZ,Gabelli Global Small & Mid Cap Value Trust,,,,,,"excluded: no domestic filings (foreign filer, fund, or shell)",out,,0,
2101240,SNSC,SunScout Holding Ltd,3674,,,,,"excluded: no domestic filings (foreign filer, fund, or shell)",out,,0,
2102593,NRGFF,AE Fuels Corp,,,,,,"excluded: no domestic filings (foreign filer, fund, or shell)",out,,0,
2103029,SKAI,Sky Acquisition Group,6770,,,,,excluded: blank-check company (SIC 6770),out,,0,
2103612,MSBT,Morgan Stanley Bitcoin Trust,6221,,,,,excluded: commodity pool / exchange-traded product (SIC 6221),out,,0,
2123232,CMBY,Cumberland Farms Ltd,5500,,,,,"excluded: no domestic filings (foreign filer, fund, or shell)",out,,0,
2128448,MTGLY,Mininglamp Technology Group Limited/ADR,,,,,,"excluded: no domestic filings (foreign filer, fund, or shell)",out,,0,
2098332,MDKGY,Merdeka Gold Resources Tbk PT/ADR,,,,,,"excluded: no domestic filings (foreign filer, fund, or shell)",out,,0,
2115027,BAGZ,Cryptex Digital Market Cap ETF,6221,,,,,excluded: self-described fund with no annual meeting,out,,0,
2138474,ZABKY,Zabka Group S.A./ADR,,,,,,"excluded: no domestic filings (foreign filer, fund, or shell)",out,,0,
2140948,LNFGY,Lion Finance Group PLC/ADR,,,,,,"excluded: no domestic filings (foreign filer, fund, or shell)",out,,0,
2128597,SXTEY,"Shenzhen Xunce Technology Co., Ltd./ADR",,,,,,"excluded: no domestic filings (foreign filer, fund, or shell)",out,,0,
2105318,GDMT,Gold Mountain Acquisition Corp.,6770,,,,,excluded: blank-check company (SIC 6770),out,,0,
2107375,SSHBY,"SBI Shinsei Bank, Limited/ADR",,,,,,"excluded: no domestic filings (foreign filer, fund, or shell)",out,,0,
2109545,KNWAY,Knowledge Atlas Technology Joint Stock Co Limited/ADR,,,,,,"excluded: no domestic filings (foreign filer, fund, or shell)",out,,0,
2109547,GIDHF,GigaDevice Semiconductor Inc./ADR,,,,,,"excluded: no domestic filings (foreign filer, fund, or shell)",out,,0,
2110583,AELKY,ASELSAN Elektronik Sanayi ve Ticaret Anonim Sirketi/ADR,,,,,,"excluded: no domestic filings (foreign filer, fund, or shell)",out,,0,
2108124,ODKUY,"Odakyu Electric Railway Co., Ltd./ADR",,,,,,"excluded: no domestic filings (foreign filer, fund, or shell)",out,,0,
1756404,PDSRX,Principal Real Asset Fund,,,,,,"excluded: no domestic filings (foreign filer, fund, or shell)",out,,0,
1705181,ETCG,Grayscale Ethereum Classic Trust (ETC),6221,,,,,excluded: commodity pool / exchange-traded product (SIC 6221),out,,0,
1690437,BAR,GraniteShares Gold Trust,6221,,,,,excluded: commodity pool / exchange-traded product (SIC 6221),out,,0,
1690842,PLTM,GraniteShares Platinum Trust,6221,,,,,excluded: commodity pool / exchange-traded product (SIC 6221),out,,0,
1849380,ONMDW,OneMedNet Corp,8731,,,,,excluded: not a common-stock listing (vendor type WARRANT),out,,0,
1854183,ORIB,Orion Bliss Corp.,2840,,,3038000.0,,unsized,out,,0,counting failure; never a member
1856491,CBPHF,"Clover Biopharmaceuticals, Ltd.",,,,,,"excluded: no domestic filings (foreign filer, fund, or shell)",out,,0,
1577526,AI,"C3.ai, Inc.",7372,1823243567.04,,,11.34,sized,in,2026-08-31,0,
1569345,CXM,"Sprinklr, Inc.",7372,1258368662.8,,,5.42,sized,in,2026-08-31,0,
1549107,MANU,Manchester United plc,7900,,,,,"excluded: no domestic filings (foreign filer, fund, or shell)",out,,0,
1630745,DCFBS,"DCFC Holdings, LLC",,,,,,"excluded: no domestic filings (foreign filer, fund, or shell)",out,,0,
1610718,ODRS,"Outdoor Specialty Products, Inc.",3949,,,5284318.0,,unsized,out,,0,counting failure; never a member
1575356,PTMSY,PT MDS Retailing Tbk/ADR,8880,,,,,"excluded: no domestic filings (foreign filer, fund, or shell)",out,,0,
1525201,DBL,DoubleLine Opportunistic Credit Fund,,,,,,"excluded: no domestic filings (foreign filer, fund, or shell)",out,,0,
1546429,BGB,Blackstone Strategic Credit 2027 Term Fund,,,,,,"excluded: no domestic filings (foreign filer, fund, or shell)",out,,0,
1549802,JD,"JD.com, Inc.",5990,,,,,"excluded: no domestic filings (foreign filer, fund, or shell)",out,,0,
1631761,YRD,Yiren Digital Ltd.,6199,,,,,"excluded: no domestic filings (foreign filer, fund, or shell)",out,,0,
1651717,NOMD,Nomad Foods Ltd,2000,,,,,"excluded: no domestic filings (foreign filer, fund, or shell)",out,,0,
1611005,KEN,Kenon Holdings Ltd.,4911,,,,,"excluded: no domestic filings (foreign filer, fund, or shell)",out,,0,
1503812,PRBRY,PREMIUM BRANDS HOLDINGS Corp,,,,,,"excluded: no domestic filings (foreign filer, fund, or shell)",out,,0,
1504461,NGL,NGL Energy Partners LP,4922,1905914193.03,1905914193.03,124814289.0,15.27,sized,in,2026-08-31,0,
1499849,LND,BrasilAgro - Brazilian Agricultural Real Estate Co,0100,,,,,"excluded: no domestic filings (foreign filer, fund, or shell)",out,,0,
1496292,IHD,Voya Emerging Markets High Dividend Equity Fund,,,,,,"excluded: no domestic filings (foreign filer, fund, or shell)",out,,0,
1544088,DSRNY,DiaSorin SpA/ADR,,,,,,"excluded: no domestic filings (foreign filer, fund, or shell)",out,,0,
1548717,LDP,"Cohen & Steers Ltd Duration Preferred & Income Fund, Inc.",,,,,,"excluded: no domestic filings (foreign filer, fund, or shell)",out,,0,
1503658,WNHK,"Winning Catering Group, Inc.",6500,,,704043324.0,,unsized,out,,0,counting failure; never a member
1479247,USCI,United States Commodity Index Funds Trust,6221,,,,,excluded: commodity pool / exchange-traded product (SIC 6221),out,,0,
1425292,UAN,"CVR PARTNERS, LP",2870,1329871727.34,1329871727.34,10569637.0,125.82,sized,in,2026-08-31,0,
1372612,BOX,BOX INC,7372,4981760067.63,4981760067.63,137200773.0,36.31,sized,in,2026-08-31,0,
1379400,AOD,abrdn Total Dynamic Dividend Fund,,,,,,"excluded: no domestic filings (foreign filer, fund, or shell)",out,,0,
1383058,DBO,Invesco DB Oil Fund,6221,,,,,excluded: commodity pool / exchange-traded product (SIC 6221),out,,0,
1383151,UUP,Invesco DB US Dollar Index Bullish Fund,6221,,,,,excluded: commodity pool / exchange-traded product (SIC 6221),out,,0,
1472341,GDO,WESTERN ASSET GLOBAL CORPORATE OPPORTUNITY FUND INC.,,,,,,"excluded: no domestic filings (foreign filer, fund, or shell)",out,,0,
1474432,P,"Everpure, Inc.",3572,50174027183.07,50174027183.07,333227251.0,150.57,sized,in,2026-08-31,0,
1471420,STK,"Columbia Seligman Premium Technology Growth Fund, Inc.",,,,,,"excluded: no domestic filings (foreign filer, fund, or shell)",out,,0,
1408534,FGBIP,"First Guaranty Bancshares, Inc.",6035,,,,,excluded: not a common-stock listing (vendor type PFD),out,,0,
1350102,ASTI,"Ascent Solar Technologies, Inc.",3674,21988805.44,21988805.44,9816431.0,2.24,sized,out,,0,
1282850,FCT,FIRST TRUST SENIOR FLOATING RATE INCOME FUND II,,,,,,"excluded: no domestic filings (foreign filer, fund, or shell)",out,,0,
1287498,EVG,Eaton Vance Short Duration Diversified Income Fund,,,,,,"excluded: no domestic filings (foreign filer, fund, or shell)",out,,0,
1289877,SFL,SFL Corp Ltd.,4412,,,,,"excluded: no domestic filings (foreign filer, fund, or shell)",out,,0,
1347123,NONE.,"EBR Systems, Inc.",3841,,,75335559.0,,unsized,out,,0,counting failure; never a member
1328237,DBC,Invesco DB Commodity Index Tracking Fund,6221,,,,,excluded: commodity pool / exchange-traded product (SIC 6221),out,,0,
1396878,UGA,"United States Gasoline Fund, LP",6221,,,,,excluded: self-described fund with no annual meeting,out,,0,
1385763,JCE,Nuveen Core Equity Alpha Fund,,,,,,"excluded: no domestic filings (foreign filer, fund, or shell)",out,,0,
1403528,OAK-PA,"Brookfield Oaktree Holdings, LLC",6282,,,,,unsized,out,,0,counting failure; never a member
1406234,BIPH,Brookfield Infrastructure Partners L.P.,4400,,,,,"excluded: no domestic filings (foreign filer, fund, or shell)",out,,0,
1170010,KMX,CARMAX INC,5500,7635103588.53,7635103588.53,141942807.0,53.79,sized,in,2026-08-31,0,
1170299,PML,PIMCO MUNICIPAL INCOME FUND II,,,,,,"excluded: no domestic filings (foreign filer, fund, or shell)",out,,0,
1177394,SNX,TD SYNNEX CORP,5045,21337293092.059998,21337293092.059998,79777511.0,267.46,sized,in,2026-08-31,0,
1173643,TRX,TRX GOLD Corp,1040,,,,,"excluded: no domestic filings (foreign filer, fund, or shell)",out,,0,
1174511,AEBMY,ANADOLU EFES BIRACILIK VE MALT SANAYI A S/ADR,8880,,,,,"excluded: no domestic filings (foreign filer, fund, or shell)",out,,0,
1108524,CRM,"Salesforce, Inc.",7372,187479400000.0,187479400000.0,823000000.0,227.8,sized,in,2026-08-31,0,
1190723,TS,TENARIS SA,3312,,,,,"excluded: no domestic filings (foreign filer, fund, or shell)",out,,0,
1219360,PHK,PIMCO HIGH INCOME FUND,,,,,,"excluded: no domestic filings (foreign filer, fund, or shell)",out,,0,
1222922,EVV,Eaton Vance Ltd Duration Income Fund,,,,,,"excluded: no domestic filings (foreign filer, fund, or shell)",out,,0,
1472033,JTGEY,"Citibank,N.A./ADR",,,,,,"excluded: no domestic filings (foreign filer, fund, or shell)",out,,0,
1460235,PPLT,abrdn Platinum ETF Trust,6221,,,,,excluded: self-described fund with no annual meeting,out,,0,
1464343,ATLCP,Atlanticus Holdings Corp,6141,,,,,excluded: not a common-stock listing (vendor type PFD),out,,0,
1172724,GFI,GOLD FIELDS LTD,1040,,,,,"excluded: no domestic filings (foreign filer, fund, or shell)",out,,0,
1313510,GGN,"GAMCO Global Gold, Natural Resources & Income Trust",,,,,,"excluded: no domestic filings (foreign filer, fund, or shell)",out,,0,
1276533,JFR,NUVEEN FLOATING RATE INCOME FUND,,,,,,"excluded: no domestic filings (foreign filer, fund, or shell)",out,,0,
1278680,IAU,ISHARES GOLD TRUST,6221,,,,,excluded: commodity pool / exchange-traded product (SIC 6221),out,,0,
1279014,ERH,ALLSPRING UTILITIES & HIGH INCOME FUND,,,,,,"excluded: no domestic filings (foreign filer, fund, or shell)",out,,0,
1227476,JQC,Nuveen Credit Strategies Income Fund,,,,,,"excluded: no domestic filings (foreign filer, fund, or shell)",out,,0,
1219120,AVK,ADVENT CONVERTIBLE & INCOME FUND,,,,,,"excluded: no domestic filings (foreign filer, fund, or shell)",out,,0,
1061353,DHY,CREDIT SUISSE HIGH YIELD CREDIT FUND,,,,,,"excluded: no domestic filings (foreign filer, fund, or shell)",out,,0,
1052354,MADL,MAN AHL DIVERSIFIED I LP,6221,,,,,excluded: commodity pool / exchange-traded product (SIC 6221),out,,0,
1095052,PLG,PLATINUM GROUP METALS LTD,1040,,,,,"excluded: no domestic filings (foreign filer, fund, or shell)",out,,0,
1158449,AAP,ADVANCE AUTO PARTS INC,5531,2560960000.0,2560960000.0,60400000.0,42.4,sized,in,2026-08-31,0,
1160990,PCN,PIMCO CORPORATE & INCOME STRATEGY FUND,,,,,,"excluded: no domestic filings (foreign filer, fund, or shell)",out,,0,
884394,SPY,SPDR S&P 500 ETF TRUST,,,,,,"excluded: no domestic filings (foreign filer, fund, or shell)",out,,0,
897419,NMT,NUVEEN MASSACHUSETTS QUALITY MUNICIPAL INCOME FUND,,,,,,"excluded: no domestic filings (foreign filer, fund, or shell)",out,,0,
924613,NOK,NOKIA CORP,3663,,,,,"excluded: no domestic filings (foreign filer, fund, or shell)",out,,0,
1075822,NHFLF,NORTHFIELD CAPITAL CORP,,,,,,"excluded: no domestic filings (foreign filer, fund, or shell)",out,,0,
1080720,GUT,GABELLI UTILITY TRUST,,,,,,"excluded: no domestic filings (foreign filer, fund, or shell)",out,,0,
1013131,BVN,BUENAVENTURA MINING CO INC,1000,,,,,"excluded: no domestic filings (foreign filer, fund, or shell)",out,,0,
1450922,SIVR,abrdn Silver ETF Trust,6221,,,,,excluded: self-described fund with no annual meeting,out,,0,
1430725,GSL,"Global Ship Lease, Inc.",4412,,,,,"excluded: no domestic filings (foreign filer, fund, or shell)",out,,0,
1233087,FTF,FRANKLIN LTD DURATION INCOME TRUST,,,,,,"excluded: no domestic filings (foreign filer, fund, or shell)",out,,0,
1405528,USL,"United States 12 Month Oil Fund, LP",6221,,,,,excluded: self-described fund with no annual meeting,out,,0,
1388141,EDD,"Morgan Stanley Emerging Markets Domestic Debt Fund, Inc.",,,,,,"excluded: no domestic filings (foreign filer, fund, or shell)",out,,0,
1383057,DBP,Invesco DB Precious Metals Fund,6221,,,,,excluded: commodity pool / exchange-traded product (SIC 6221),out,,0,
1353611,FXB,Invesco CurrencyShares British Pound Sterling Trust,6221,,,,,excluded: commodity pool / exchange-traded product (SIC 6221),out,,0,
1353613,FXY,Invesco CurrencyShares Japanese Yen Trust,6221,,,,,excluded: commodity pool / exchange-traded product (SIC 6221),out,,0,
1350869,GLO,Clough Global Opportunities Fund,,,,,,"excluded: no domestic filings (foreign filer, fund, or shell)",out,,0,
1340909,GJO,"STRATS SM TRUST FOR WAL-MART STORES, INC. SECURITIES, SERIES 2005-4",6189,,,,,excluded: no Section 16 filings,out,,0,
1268533,TYG,TORTOISE ENERGY INFRASTRUCTURE CORP,,,,,,"excluded: no domestic filings (foreign filer, fund, or shell)",out,,0,
1244183,PFL,PIMCO INCOME STRATEGY FUND,,,,,,"excluded: no domestic filings (foreign filer, fund, or shell)",out,,0,
1278211,LGI,LAZARD GLOBAL TOTAL RETURN & INCOME FUND INC,,,,,,"excluded: no domestic filings (foreign filer, fund, or shell)",out,,0,
1275617,UTF,COHEN & STEERS INFRASTRUCTURE FUND INC,,,,,,"excluded: no domestic filings (foreign filer, fund, or shell)",out,,0,
1378701,GDL,GDL FUND,,,,,,"excluded: no domestic filings (foreign filer, fund, or shell)",out,,0,
1379438,EXG,Eaton Vance Tax-Managed Global Diversified Equity Income Fund,,,,,,"excluded: no domestic filings (foreign filer, fund, or shell)",out,,0,
1375340,FOF,"Cohen & Steers Closed-End Opportunity Fund, Inc.",,,,,,"excluded: no domestic filings (foreign filer, fund, or shell)",out,,0,
1369241,DAC,Danaos Corp,4412,,,,,"excluded: no domestic filings (foreign filer, fund, or shell)",out,,0,
1357660,GJT,"STRATS(SM) Trust for Allstate Corp Securities, Series 2006-3",6189,,,,,excluded: no Section 16 filings,out,,0,
1332174,GSG,iShares S&P GSCI Commodity-Indexed Trust,6221,,,,,excluded: commodity pool / exchange-traded product (SIC 6221),out,,0,
1353615,FXF,Invesco CurrencyShares Swiss Franc Trust,6221,,,,,excluded: commodity pool / exchange-traded product (SIC 6221),out,,0,
1328598,FXE,Invesco CurrencyShares Euro Trust,6221,,,,,excluded: commodity pool / exchange-traded product (SIC 6221),out,,0,
1454741,EOT,Eaton Vance National Municipal Opportunities Trust,,,,,,"excluded: no domestic filings (foreign filer, fund, or shell)",out,,0,
1486298,BSL,Blackstone Senior Floating Rate 2027 Term Fund,,,,,,"excluded: no domestic filings (foreign filer, fund, or shell)",out,,0,
1391437,GRX,Gabelli Healthcare & WellnessRx Trust,,,,,,"excluded: no domestic filings (foreign filer, fund, or shell)",out,,0,
1395213,EDN,EDENOR,4911,,,,,"excluded: no domestic filings (foreign filer, fund, or shell)",out,,0,
1499620,TAL,TAL Education Group,8200,,,,,"excluded: no domestic filings (foreign filer, fund, or shell)",out,,0,
1504545,BWG,BrandywineGLOBAL-Global Income Opportunities Fund Inc,,,,,,"excluded: no domestic filings (foreign filer, fund, or shell)",out,,0,
1588489,GBTC,Grayscale Bitcoin Trust ETF,6221,,,,,excluded: commodity pool / exchange-traded product (SIC 6221),out,,0,
1628063,SRG-PA,Seritage Growth Properties,6500,,,,,unsized,out,,0,counting failure; never a member
1629210,PZG,Paramount Gold Nevada Corp.,1000,97423380.52999999,97423380.52999999,86215381.0,1.13,sized,out,,0,
1560143,WYTC,WYTEC INTERNATIONAL INC,4822,,,17022867.0,,unsized,out,,0,counting failure; never a member
1282957,GLU,GABELLI GLOBAL UTILITY & INCOME TRUST,,,,,,"excluded: no domestic filings (foreign filer, fund, or shell)",out,,0,
1284143,JBK,LEHMAN ABS CORP GOLDMAN SACHS CAP 1 SEC BACKED SER 2004-6,6189,,,,,excluded: no Section 16 filings,out,,0,
1259708,FRA,"BLACKROCK FLOATING RATE INCOME STRATEGIES FUND, INC.",,,,,,"excluded: no domestic filings (foreign filer, fund, or shell)",out,,0,
1383062,DBE,Invesco DB Energy Fund,6221,,,,,excluded: commodity pool / exchange-traded product (SIC 6221),out,,0,
1376227,UNG,"United States Natural Gas Fund, LP",6221,,,,,excluded: self-described fund with no annual meeting,out,,0,
1353614,FXA,Invesco CurrencyShares Australian Dollar Trust,6221,,,,,excluded: commodity pool / exchange-traded product (SIC 6221),out,,0,
1372920,EDU,New Oriental Education & Technology Group Inc.,8200,,,,,"excluded: no domestic filings (foreign filer, fund, or shell)",out,,0,
1348952,ELC,"ENTERGY LOUISIANA, LLC",4911,,,,,excluded: not a common-stock listing (vendor type SP),out,,0,successor issuer: no Form 4s under this CIK; the panel resolves the predecessor
1334933,UEC,URANIUM ENERGY CORP,1090,4529643838.1,4529643838.1,495584665.0,9.14,sized,in,2026-08-31,0,
1332943,IGA,Voya Global Advantage & Premium Opportunity Fund,,,,,,"excluded: no domestic filings (foreign filer, fund, or shell)",out,,0,
1330568,SLV,iShares Silver Trust,6221,,,,,excluded: commodity pool / exchange-traded product (SIC 6221),out,,0,
1291313,GEHDF,Great Eastern Holdings Ltd,,,,,,"excluded: no domestic filings (foreign filer, fund, or shell)",out,,0,
1316463,GLQ,Clough Global Equity Fund,,,,,,"excluded: no domestic filings (foreign filer, fund, or shell)",out,,0,
1320375,BOE,BlackRock Enhanced Global Dividend Trust,,,,,,"excluded: no domestic filings (foreign filer, fund, or shell)",out,,0,
1103838,IBN,ICICI BANK LTD,6029,,,,,"excluded: no domestic filings (foreign filer, fund, or shell)",out,,0,
1160864,BHK,BLACKROCK CORE BOND TRUST,,,,,,"excluded: no domestic filings (foreign filer, fund, or shell)",out,,0,
1084201,SVA,SINOVAC BIOTECH LTD,2834,,,,,"excluded: no domestic filings (foreign filer, fund, or shell)",out,,0,
1066119,VIV,TELEFONICA BRASIL S.A.,4813,,,,,"excluded: no domestic filings (foreign filer, fund, or shell)",out,,0,
1034665,MHD,"BLACKROCK MUNIHOLDINGS FUND, INC.",,,,,,"excluded: no domestic filings (foreign filer, fund, or shell)",out,,0,
932470,TEO,TELECOM ARGENTINA SA,4813,,,,,"excluded: no domestic filings (foreign filer, fund, or shell)",out,,0,
1141197,PED,PEDEVCO CORP,1311,171201127.44,171186817.76000002,13290902.0,12.88,sized,out,,0,
1170311,PNI,PIMCO NEW YORK MUNICIPAL INCOME FUND II,,,,,,"excluded: no domestic filings (foreign filer, fund, or shell)",out,,0,
1171486,NRP,NATURAL RESOURCE PARTNERS LP,1221,1474903359.72,1474903359.72,13250412.0,111.31,sized,in,2026-08-31,0,
884121,HQL,abrdn Life Sciences Investors,,,,,,"excluded: no domestic filings (foreign filer, fund, or shell)",out,,0,
885125,IQI,Invesco Quality Municipal Income Trust,0000,,,,,"excluded: no domestic filings (foreign filer, fund, or shell)",out,,0,
891290,RFI,COHEN & STEERS TOTAL RETURN REALTY FUND INC,,,,,,"excluded: no domestic filings (foreign filer, fund, or shell)",out,,0,
908187,PCM,"PCM FUND, INC.",,,,,,"excluded: no domestic filings (foreign filer, fund, or shell)",out,,0,
1283464,KTH,STRUCTURED PRODUCTS CORP CORTS TR FOR PECO ENERGY CAP TR III,6189,,,,,excluded: no Section 16 filings,out,,0,
932695,CYD,CHINA YUCHAI INTERNATIONAL LTD,3510,,,,,"excluded: no domestic filings (foreign filer, fund, or shell)",out,,0,
1023512,DRD,DRDGOLD LTD,1040,,,,,"excluded: no domestic filings (foreign filer, fund, or shell)",out,,0,
1005731,IDT,IDT CORP,4813,2003240025.9,,,80.65,sized,in,2026-08-31,0,
936958,MDY,SPDR S&P MIDCAP 400 ETF TRUST,,,,,,"excluded: no domestic filings (foreign filer, fund, or shell)",out,,0,
1074952,NAC,Nuveen California Quality Municipal Income Fund,,,,,,"excluded: no domestic filings (foreign filer, fund, or shell)",out,,0,
1074769,NAN,NUVEEN NEW YORK QUALITY MUNICIPAL INCOME FUND,,,,,,"excluded: no domestic filings (foreign filer, fund, or shell)",out,,0,
1109262,BSCL,"BILI Social International, Inc.",5960,,,40388706.0,,unsized,out,,0,counting failure; never a member
1134115,THM,INTERNATIONAL TOWER HILL MINES LTD,1000,609615312.09,609615312.09,261637473.0,2.33,sized,in,2026-10-09,0,
1113809,BBW,BUILD-A-BEAR WORKSHOP INC,5945,319070776.5,319070776.5,12319335.0,25.9,sized,in,2026-10-09,0,
1123452,ASR,SOUTHEAST AIRPORT GROUP,4581,,,,,"excluded: no domestic filings (foreign filer, fund, or shell)",out,,0,
1214935,NCV,Virtus Convertible & Income Fund,,,,,,"excluded: no domestic filings (foreign filer, fund, or shell)",out,,0,
1181412,SPCX,SPACE EXPLORATION TECHNOLOGIES CORP,7370,2116598405768.65,,,160.57,sized,in,2026-08-31,0,
877463,VKQ,Invesco Municipal Trust,0000,,,,,"excluded: no domestic filings (foreign filer, fund, or shell)",out,,0,
941221,ICL,ICL Group Ltd.,2870,,,,,"excluded: no domestic filings (foreign filer, fund, or shell)",out,,0,
916618,IIF,"MORGAN STANLEY INDIA INVESTMENT FUND, INC.",,,,,,"excluded: no domestic filings (foreign filer, fund, or shell)",out,,0,
918658,HNAMY,HANA MICROELECTRONICS PUBLIC CO LTD /ADR/,,,,,,"excluded: no domestic filings (foreign filer, fund, or shell)",out,,0,
1001250,EL,ESTEE LAUDER COMPANIES INC,2844,34174284137.999996,,,94.32,sized,in,2026-08-31,0,
906107,VMRK,VIVMARK RESIDENTIAL,6798,46411271617.6,22489165651.82,374944409.0,59.98,disagree,in,2026-08-31,0,
883412,MYI,"BLACKROCK MUNIYIELD QUALITY FUND III, INC.",,,,,,"excluded: no domestic filings (foreign filer, fund, or shell)",out,,0,
813623,SWZ,Total Return Securities Fund,,,,,,"excluded: no domestic filings (foreign filer, fund, or shell)",out,,0,
830271,NMI,NUVEEN MUNICIPAL INCOME FUND INC,,,,,,"excluded: no domestic filings (foreign filer, fund, or shell)",out,,0,
12040,BDL,FLANIGANS ENTERPRISES INC,5812,86222634.33,86222634.33,1858647.0,46.39,sized,out,,0,
737758,TTC,TORO CO,3524,9164361624.18,9164361624.18,94663378.0,96.81,sized,in,2026-08-31,0,
805267,HQH,abrdn Healthcare Investors,0000,,,,,"excluded: no domestic filings (foreign filer, fund, or shell)",out,,0,
723125,MU,MICRON TECHNOLOGY INC,3674,1169870601531.8398,1171973419918.0798,1131423212.0,1035.84,sized,in,2026-08-31,0,
858706,GF,NEW GERMANY FUND INC,0000,,,,,"excluded: no domestic filings (foreign filer, fund, or shell)",out,,0,
866787,AZO,AUTOZONE INC,5531,47072163420.0,47515598741.7,16325355.0,2910.54,sized,in,2026-08-31,0,
885639,KSS,KOHLS Corp,5311,2280000308.95,2280000308.95,113376445.0,20.11,sized,in,2026-08-31,0,
16732,CPB,CAMPBELL'S Co,2000,5776806003.41,5776806003.41,298234693.0,19.37,sized,in,2026-08-31,0,
78150,PHI,PLDT Inc.,4813,,,,,"excluded: no domestic filings (foreign filer, fund, or shell)",out,,0,
66418,MXC,MEXCO ENERGY CORP,1311,21462540.0,21462540.0,2046000.0,10.49,sized,out,,0,
91847,SOR,SOURCE CAPITAL /DE/,,,,,,"excluded: no domestic filings (foreign filer, fund, or shell)",out,,0,
18654,AILIH,Ameren Illinois Co,4931,,,,,excluded: not a common-stock listing (vendor type PFD),out,,0,
49938,IMO,IMPERIAL OIL LTD,2911,,,,,excluded: no Section 16 filings,out,,0,
64996,MCY,MERCURY GENERAL CORP,6331,5665702655.83,5665702655.83,55388627.0,102.29,sized,in,2026-08-31,0,
910631,KOF,COCA COLA FEMSA SAB DE CV,2086,,,,,"excluded: no domestic filings (foreign filer, fund, or shell)",out,,0,
910068,HIO,WESTERN ASSET HIGH INCOME OPPORTUNITY FUND INC.,,,,,,"excluded: no domestic filings (foreign filer, fund, or shell)",out,,0,
895528,VPV,Invesco Pennsylvania Value Municipal Income Trust,,,,,,"excluded: no domestic filings (foreign filer, fund, or shell)",out,,0,
900422,PMO,FRANKLIN MUNICIPAL OPPORTUNITIES TRUST,,,,,,"excluded: no domestic filings (foreign filer, fund, or shell)",out,,0,
1000177,NAT,NORDIC AMERICAN TANKERS Ltd,4400,,,,,"excluded: no domestic filings (foreign filer, fund, or shell)",out,,0,
1047716,LTM,LATAM AIRLINES GROUP S.A.,4512,,,,,"excluded: no domestic filings (foreign filer, fund, or shell)",out,,0,
1041130,DIA,SPDR DOW JONES INDUSTRIAL AVERAGE ETF TRUST,,,,,,"excluded: no domestic filings (foreign filer, fund, or shell)",out,,0,
1023514,HMY,HARMONY GOLD MINING CO LTD,1040,,,,,"excluded: no domestic filings (foreign filer, fund, or shell)",out,,0,
832988,SIG,SIGNET JEWELERS LTD,5944,4057412861.27,4057412861.27,38317243.0,105.89,sized,in,2026-08-31,0,
859796,JOF,JAPAN SMALLER CAPITALIZATION FUND INC,,,,,,"excluded: no domestic filings (foreign filer, fund, or shell)",out,,0,
799195,USA,LIBERTY ALL STAR EQUITY FUND,,,,,,"excluded: no domestic filings (foreign filer, fund, or shell)",out,,0,
818851,NCA,NUVEEN CALIFORNIA MUNICIPAL VALUE FUND,,,,,,"excluded: no domestic filings (foreign filer, fund, or shell)",out,,0,
47217,HPQ,HP INC,3570,29254099034.359997,29254099034.359997,901790969.0,32.44,sized,in,2026-08-31,0,
711404,COO,"COOPER COMPANIES, INC.",3851,10325432464.199999,10325432464.199999,190155294.0,54.3,sized,in,2026-08-31,0,
90168,SIF,SIFCO INDUSTRIES INC,3724,140842962.56,140842962.56,6254128.0,22.52,sized,out,,0,
78239,PVH,PVH CORP. /DE/,2320,3743623769.62,3743623769.62,46137833.0,81.14,sized,in,2026-08-31,0,
72573,MOV,MOVADO GROUP INC,3873,713768717.55,,,31.99,sized,in,2026-10-09,0,
33533,ESP,ESPEY MFG & ELECTRONICS CORP,3679,170946865.6,180997571.20000002,3036872.0,59.6,sized,out,,0,
46619,HEI,HEICO CORP,3724,41355613713.55,15550282029.414064,52550714.84375,295.91,disagree,in,2026-08-31,0,"cover count 26,905,966 as of 2015-12-15 restated 1.95312x through the split(s) since"
28917,DDS,"DILLARD'S, INC.",5311,10134212197.820002,,,648.82,sized,in,2026-08-31,0,
827773,PPT,FRANKLIN PREMIER INCOME TRUST,,,,,,"excluded: no domestic filings (foreign filer, fund, or shell)",out,,0,
833040,FT,FRANKLIN UNIVERSAL TRUST,,,,,,"excluded: no domestic filings (foreign filer, fund, or shell)",out,,0,
855886,PDT,JOHN HANCOCK PREMIUM DIVIDEND FUND,0000,,,,,"excluded: no domestic filings (foreign filer, fund, or shell)",out,,0,
794685,GAB,GABELLI EQUITY TRUST INC,,,,,,"excluded: no domestic filings (foreign filer, fund, or shell)",out,,0,
818850,NNY,NUVEEN NEW YORK MUNICIPAL VALUE FUND,,,,,,"excluded: no domestic filings (foreign filer, fund, or shell)",out,,0,
74046,ODC,Oil-Dri Corp of America,3990,1222380823.95,,,84.37,sized,in,2026-08-31,0,
39911,GAP,GAP INC,5651,8205670400.32,8205670400.32,351270137.0,23.36,sized,in,2026-08-31,0,
33002,EBF,"ENNIS, INC.",2761,575979631.5,575979631.5,25317786.0,22.75,sized,in,2026-10-09,0,
7323,EAI,"ENTERGY ARKANSAS, LLC",4911,,,,,excluded: not a common-stock listing (vendor type SP),out,,0,successor issuer: no Form 4s under this CIK; the panel resolves the predecessor
70502,NRUC,NATIONAL RURAL UTILITIES COOPERATIVE FINANCE CORP /DC/,6159,,,,,excluded: no Section 16 filings,out,,0,
71508,ENJ,"ENTERGY NEW ORLEANS, LLC",4931,,,,,excluded: not a common-stock listing (vendor type SP),out,,0,
60667,LOW,LOWES COMPANIES INC,5211,105955051488.15,105955051488.15,561054019.0,188.85,sized,in,2026-08-31,0,
890541,BLX,"BLADEX, INC.",6029,,,,,"excluded: no domestic filings (foreign filer, fund, or shell)",out,,0,
892992,NAZ,NUVEEN ARIZONA QUALITY MUNICIPAL INCOME FUND,,,,,,"excluded: no domestic filings (foreign filer, fund, or shell)",out,,0,
888746,CCU,UNITED BREWERIES CO INC,2082,,,,,"excluded: no domestic filings (foreign filer, fund, or shell)",out,,0,
886206,FC,FRANKLIN COVEY CO,8741,206113182.25,206113182.25,11293873.0,18.25,sized,in,2026-10-09,0,
27904,DAL,"DELTA AIR LINES, INC.",4512,54017155684.2,54017155684.2,657623030.0,82.14,sized,in,2026-08-31,0,
759828,JHI,JOHN HANCOCK INVESTORS TRUST,0000,,,,,"excluded: no domestic filings (foreign filer, fund, or shell)",out,,0,
354950,HD,"HOME DEPOT, INC.",5211,294787353794.22003,294787353794.22003,997689626.0,295.47,sized,in,2026-08-31,0,
810766,CIK,"CREDIT SUISSE ASSET MANAGEMENT INCOME FUND, INC.",,,,,,"excluded: no domestic filings (foreign filer, fund, or shell)",out,,0,
783324,VGZ,VISTA GOLD CORP,1040,389743493.82,389743493.82,145971346.0,2.67,sized,in,2026-10-09,0,
844551,WDS,WOODSIDE ENERGY GROUP LTD,1311,,,,,"excluded: no domestic filings (foreign filer, fund, or shell)",out,,0,
826735,MIN,ABERDEEN INTERMEDIATE INCOME FUND,,,,,,"excluded: no domestic filings (foreign filer, fund, or shell)",out,,0,
812152,RDGA,RIDGEFIELD ACQUISITION CORP,6770,,,,,excluded: blank-check company (SIC 6770),out,,0,
822416,PHM,PULTEGROUP INC/MI/,1531,21625915656.09,21281486866.2,187452540.0,113.53,sized,in,2026-08-31,0,
794170,TOL,"Toll Brothers, Inc.",1531,12424180010.000002,12424180010.000002,92147000.0,134.83,sized,in,2026-08-31,0,
771999,DSS,"DSS, INC.",2650,6132061.91598,6132061.91598,10042518.0,0.61061,sized,out,,0,
846671,VLT,Invesco High Income Trust II,,,,,,"excluded: no domestic filings (foreign filer, fund, or shell)",out,,0,
823277,CHSCP,CHS INC,5150,,,,,excluded: not a common-stock listing (vendor type PFD),out,,0,
866829,HLX,HELIX ENERGY SOLUTIONS GROUP INC,1389,,,147382447.0,,unsized,kept,2026-08-31,0,counting failure; kept as a member
882071,PFO,Flaherty & Crumrine PREFERRED & INCOME OPPORTUNITY FUND INC,,,,,,"excluded: no domestic filings (foreign filer, fund, or shell)",out,,0,
314590,SSL,SASOL LTD,1311,,,,,"excluded: no domestic filings (foreign filer, fund, or shell)",out,,0,
105418,WMK,WEIS MARKETS INC,5411,1794725620.41,1794725620.41,24744597.0,72.53,sized,in,2026-08-31,0,
65172,MSB,MESABI TRUST,6795,240883383.6,240883383.6,13120010.0,18.36,sized,in,2026-10-09,0,
66901,EMP,"ENTERGY MISSISSIPPI, LLC",4911,,,,18.4,unsized,out,,0,counting failure; never a member
56873,KR,KROGER CO,5411,36268052067.0,36268052067.0,590588700.0,61.41,sized,in,2026-08-31,0,
883618,NXP,NUVEEN SELECT TAX FREE INCOME PORTFOLIO,,,,,,"excluded: no domestic filings (foreign filer, fund, or shell)",out,,0,
811922,MGF,ABERDEEN GOVERNMENT MARKETS INCOME FUND,,,,,,"excluded: no domestic filings (foreign filer, fund, or shell)",out,,0,
67215,DY,DYCOM INDUSTRIES INC,1623,8360918889.969999,8360918889.969999,30160957.0,277.21,sized,in,2026-08-31,0,
74303,OLN,OLIN Corp,2800,1779266668.8999999,1779266668.8999999,113982490.0,15.61,sized,in,2026-08-31,0,
22444,CMC,COMMERCIAL METALS Co,3312,6980395538.5,6980395538.5,110624335.0,63.1,sized,in,2026-08-31,0,
48465,HRL,HORMEL FOODS CORP /DE/,2011,10687812536.0,,,19.42,sized,in,2026-08-31,0,
6281,ADI,ANALOG DEVICES INC,3674,196699659207.45,196699659207.45,484565465.0,405.93,sized,in,2026-08-31,0,
201533,CMS-PB,CONSUMERS ENERGY CO,4931,,,,,unsized,out,,0,counting failure; never a member
72162,NL,"NLI HOLDINGS, INC.",2810,340824175.97999996,340824175.97999996,48898734.0,6.97,sized,in,2026-10-09,0,
82473,IHT,INNSUITES HOSPITALITY TRUST,6798,12908254.35,12908254.35,11224569.0,1.15,sized,out,,0,
884152,VMO,Invesco Municipal Opportunity Trust,,,,,,"excluded: no domestic filings (foreign filer, fund, or shell)",out,,0,
885245,BKE,BUCKLE INC,5651,2231003516.54,2231003516.54,51512434.0,43.31,sized,in,2026-08-31,0,
18748,CET,CENTRAL SECURITIES CORP,0000,,,,,"excluded: no domestic filings (foreign filer, fund, or shell)",out,,0,
29644,DCI,DONALDSON Co INC,3564,10094917656.279999,10102726843.64,115910129.0,87.16,sized,in,2026-08-31,0,
764478,BBY,BEST BUY CO INC,5731,18539928503.2,18539928503.2,209727698.0,88.4,sized,in,2026-08-31,0,
860489,CEE,"CENTRAL & EASTERN EUROPE FUND, INC.",,,,,,"excluded: no domestic filings (foreign filer, fund, or shell)",out,,0,
102109,UUU,"UNIVERSAL SAFETY PRODUCTS, INC.",5065,15808576.86,15808576.86,3028463.0,5.22,sized,out,,0,
100826,UELMO,UNION ELECTRIC CO,4911,,,,,excluded: not a common-stock listing (vendor type PFD),out,,0,
100726,UFI,UNIFI INC,2200,114879012.66,114879012.66,18588837.0,6.18,sized,out,,0,
795266,KBH,KB HOME,1531,2697696000.0,2696042596.3199997,60762736.0,44.37,sized,in,2026-08-31,0,
716643,RGS,REGIS CORP,7200,73504615.8,73464073.2,2498778.0,29.4,sized,out,,0,
746598,BRC,BRADY CORP,3990,3958762653.74,,,84.41,sized,in,2026-08-31,0,
732026,TRT,TRIO-TECH INTERNATIONAL,3559,58777390.68,58777390.68,10384698.0,5.66,sized,out,,0,
319655,SJT,SAN JUAN BASIN ROYALTY TRUST,6792,,,,,excluded: royalty trust (SIC 6792),out,,0,
216228,ITT,ITT INC.,3561,17764305760.2,17763780000.0,89400000.0,198.7,sized,in,2026-08-31,0,
41091,GPJA,GEORGIA POWER CO,4911,,,,,excluded: not a common-stock listing (vendor type SP),out,,0,
27419,TGT,TARGET CORP,5331,70306962863.36,70306962863.36,454296736.0,154.76,sized,in,2026-08-31,0,
1761325,GXLM,Grayscale Stellar Lumens Trust (XLM),6221,,,,,excluded: commodity pool / exchange-traded product (SIC 6221),out,,0,
1779977,SEQC,"SeeQC, Inc.",7374,,,,,excluded: no Section 16 filings,out,,0,
1850269,NRDMF,NordX Metals Corp.,,,,,,"excluded: no domestic filings (foreign filer, fund, or shell)",out,,0,
1852024,GLIV,Grayscale Livepeer Trust (LPT),,,,,,"excluded: no domestic filings (foreign filer, fund, or shell)",out,,0,
1841175,BRRR,CoinShares Bitcoin ETF,6221,,,,,excluded: self-described fund with no annual meeting,out,,0,
1839290,AUGCF,AU Gold Corp.,,,,,,"excluded: no domestic filings (foreign filer, fund, or shell)",out,,0,
1838003,EMI,"Encore Medical, Inc.",3841,,,,,excluded: no Section 16 filings,out,,0,
1747570,NEPRY,NEPI Rockcastle plc/ADR,,,,,,"excluded: no domestic filings (foreign filer, fund, or shell)",out,,0,
1725210,ETHE,Grayscale Ethereum Staking ETF,6221,,,,,excluded: commodity pool / exchange-traded product (SIC 6221),out,,0,
1703399,SE,Sea Ltd,7380,,,,,"excluded: no domestic filings (foreign filer, fund, or shell)",out,,0,
1690012,ICR-PA,"InPoint Commercial Real Estate Income, Inc.",6798,,,7197665.0,,unsized,out,,0,counting failure; never a member
1616678,BST,BlackRock Science & Technology Trust,,,,,,"excluded: no domestic filings (foreign filer, fund, or shell)",out,,0,
1920576,MIMDF,MiMedia Holdings Inc.,,,,,,"excluded: no domestic filings (foreign filer, fund, or shell)",out,,0,
1969729,RCWBY,Rockwool A/S/ADR,,,,,,"excluded: no domestic filings (foreign filer, fund, or shell)",out,,0,
1941500,MWG,Multi Ways Holdings Ltd,3990,,,,,"excluded: no domestic filings (foreign filer, fund, or shell)",out,,0,
1861448,ITRE,"IntriEnergy, Inc.",,,,,,"excluded: no domestic filings (foreign filer, fund, or shell)",out,,0,
1998056,PC,Premium Catering (Holdings) Ltd,5812,,,,,"excluded: no domestic filings (foreign filer, fund, or shell)",out,,0,
1992508,TETH,21Shares Ethereum ETF,6221,,,,,excluded: self-described fund with no annual meeting,out,,0,
2018529,NCT,Intercont (Cayman) Ltd,4412,,,,,"excluded: no domestic filings (foreign filer, fund, or shell)",out,,0,
2024996,STCK,Grayscale Stacks Trust (STX),,,,,,"excluded: no domestic filings (foreign filer, fund, or shell)",out,,0,
2036060,SBMW,"Security Midwest Bancorp, Inc.",6036,,,889781.0,,unsized,out,,0,counting failure; never a member
2000208,KPL,Kepler Group Ltd,6411,,,,,"excluded: no domestic filings (foreign filer, fund, or shell)",out,,0,
2008257,KOGDF,KO Gold Inc.,,,,,,"excluded: no domestic filings (foreign filer, fund, or shell)",out,,0,
2013744,ETHW,Bitwise Ethereum ETF,6199,,,,,excluded: self-described fund with no annual meeting,out,,0,
2020455,ETH,Grayscale Ethereum Staking Mini ETF,6221,,,,,excluded: commodity pool / exchange-traded product (SIC 6221),out,,0,
2034300,DDHLY,Digital Domain Holdings Limited/ADR,,,,,,"excluded: no domestic filings (foreign filer, fund, or shell)",out,,0,
1938865,DPU,Top KingWin Ltd,7389,,,,,"excluded: no domestic filings (foreign filer, fund, or shell)",out,,0,
1958928,CTWO,COTWO ADVISORS PHYSICAL EUROPEAN CARBON ALLOWANCE TRUST,6199,,,,,excluded: no Section 16 filings,out,,0,
1977837,USDW,MADE IN USA INC.,7374,,,22962640.0,,unsized,out,,0,counting failure; never a member
1871890,GLEI,Galaxy Enterprises Inc. /WY/,6531,,,,,excluded: no Section 16 filings,out,,0,
1868282,OSOL,Osprey Solana Trust,6221,,,,,excluded: commodity pool / exchange-traded product (SIC 6221),out,,0,
1850391,BTCW,WisdomTree Bitcoin Fund,6221,,,,,excluded: self-described fund with no annual meeting,out,,0,
1779372,BEATW,"HeartBeam, Inc.",3841,,,,,excluded: not a common-stock listing (vendor type WARRANT),out,,0,
1829667,RGC,Regencell Bioscience Holdings Ltd,2833,,,,,"excluded: no domestic filings (foreign filer, fund, or shell)",out,,0,
1582820,IPSAY,IPSOS/ADR,,,,,,"excluded: no domestic filings (foreign filer, fund, or shell)",out,,0,
1562294,EYUBY,Electricity Generating Public Co Limited/ADR,8880,,,,,"excluded: no domestic filings (foreign filer, fund, or shell)",out,,0,
1551047,BPRE,Bluerock Private Real Estate Fund,,,,,,"excluded: no domestic filings (foreign filer, fund, or shell)",out,,0,
1551468,CPPBY,Central Pattana Public Co Limited/ADR,,,,,,"excluded: no domestic filings (foreign filer, fund, or shell)",out,,0,
1546652,OUNZ,VanEck Merk Gold ETF,6221,,,,,excluded: self-described fund with no annual meeting,out,,0,
2114145,TRCX,TracX Logis Pte. Ltd.,4210,,,,,"excluded: no domestic filings (foreign filer, fund, or shell)",out,,0,
2123346,MNTGY,"Montage Technology Co., Ltd./ADR",8880,,,,,"excluded: no domestic filings (foreign filer, fund, or shell)",out,,0,
2109801,VAT,"VARSAL TECH, INC.",2800,,,,,excluded: no Section 16 filings,out,,0,
2109869,XLAB,D. Boral ARC Merger Corp,7372,65621484.78,,,1.02,sized,out,,0,
2098710,FRTRY,"Fortior Technology (Shenzhen) Co., Ltd./ADR",,,,,,"excluded: no domestic filings (foreign filer, fund, or shell)",out,,0,
2138186,NARA,"Narragansett Bancorp, Inc.",6036,,,,,excluded: no Section 16 filings,out,,0,
2138554,SHNTY,"Shanghai Top Numerical Control Technology Co., Ltd./ADR",,,,,,"excluded: no domestic filings (foreign filer, fund, or shell)",out,,0,
2123380,GVAC,Gravity Acquisition Corp.,6770,,,,,excluded: blank-check company (SIC 6770),out,,0,
2137754,PRLG,Prologium Holding Inc.,3690,,,,,"excluded: no domestic filings (foreign filer, fund, or shell)",out,,0,
2133810,THARY,Tharisa plc,8880,,,,,"excluded: no domestic filings (foreign filer, fund, or shell)",out,,0,
2135939,NORT,Norient Acquisition,,,,,,excluded: no Section 16 filings,out,,0,
2136116,HUAQY,Huaqin Co. LTD/ADR,8880,,,,,"excluded: no domestic filings (foreign filer, fund, or shell)",out,,0,
2137679,OCLT,OceanLight Acquisition Corp,6770,,,,,excluded: blank-check company (SIC 6770),out,,0,
2126620,NTCMY,Natura Cosmeticos S.A./ADR,,,,,,"excluded: no domestic filings (foreign filer, fund, or shell)",out,,0,
2127860,DTRSY,DATELINE RESOURCES LTD/ADR,,,,,,"excluded: no domestic filings (foreign filer, fund, or shell)",out,,0,
2128462,TLAC,Three Lions Acquisition Corp.,6770,,,,,excluded: blank-check company (SIC 6770),out,,0,
2128619,TYOEY,Toyo Engineering Corporation/ADR,,,,,,"excluded: no domestic filings (foreign filer, fund, or shell)",out,,0,
2131961,MNYCY,Manycore Tech Inc./ADR,,,,,,"excluded: no domestic filings (foreign filer, fund, or shell)",out,,0,
2045434,GHRTF,Greenheart Gold Inc.,,,,,,"excluded: no domestic filings (foreign filer, fund, or shell)",out,,0,
2046370,UPX,Uptrend Holdings Ltd,1540,,,,,"excluded: no domestic filings (foreign filer, fund, or shell)",out,,0,
2053411,PCPGY,PC Partner Group Ltd/ADR,,,,,,"excluded: no domestic filings (foreign filer, fund, or shell)",out,,0,
2059438,XRPZ,Franklin XRP Trust,6221,,,,,excluded: commodity pool / exchange-traded product (SIC 6221),out,,0,
2062807,MNZLY,Mercury NZ Ltd./ADR,,,,,,"excluded: no domestic filings (foreign filer, fund, or shell)",out,,0,
2063380,FSOL,Fidelity Solana Fund,6221,,,,,excluded: self-described fund with no annual meeting,out,,0,
2075918,CSCCY,Capstone Copper Corp./ADR,,,,,,"excluded: no domestic filings (foreign filer, fund, or shell)",out,,0,
2073901,TMKVY,Tamarack Valley Energy Ltd./ADR,,,,,,"excluded: no domestic filings (foreign filer, fund, or shell)",out,,0,
2075141,VSGRY,VusionGroup,,,,,,"excluded: no domestic filings (foreign filer, fund, or shell)",out,,0,
2063675,LSHGY,Louis Hachette Group/ADR,,,,,,"excluded: no domestic filings (foreign filer, fund, or shell)",out,,0,
2066824,VBNB,VanEck BNB ETF,6221,,,,,excluded: self-described fund with no annual meeting,out,,0,
2070570,RECCY,Reece Limited/ADR,,,,,,"excluded: no domestic filings (foreign filer, fund, or shell)",out,,0,
2073669,HNPHY,Hansoh Pharmaceutical Group Co Limited/ADR,,,,,,"excluded: no domestic filings (foreign filer, fund, or shell)",out,,0,
2085208,DYBTY,Duality Biotherapeutics Inc/ADR,,,,,,"excluded: no domestic filings (foreign filer, fund, or shell)",out,,0,
2087716,RKAM,"ROKIT America, Inc.",2834,,,,,excluded: no Section 16 filings,out,,0,
2088375,TRBG,Turbogen Ltd.,4931,,,,,"excluded: no domestic filings (foreign filer, fund, or shell)",out,,0,
2089488,SNEVY,SUNEVISION HOLDINGS/ADR,,,,,,"excluded: no domestic filings (foreign filer, fund, or shell)",out,,0,
2096533,NATNF,Nation Gold Corp.,,,,,,"excluded: no domestic filings (foreign filer, fund, or shell)",out,,0,
2097508,BLDC,"Blockfusion Digital Infrastructure, Inc.",7374,,,,,"excluded: no domestic filings (foreign filer, fund, or shell)",out,,0,
2099103,ETHB,iShares Staked Ethereum Trust ETF,6221,,,,,excluded: self-described fund with no annual meeting,out,,0,
2101411,SAIQ,WISeSat.Space Holdings Corp.,4899,,,,,"excluded: no domestic filings (foreign filer, fund, or shell)",out,,0,
2102713,KCAC-UN,Kensington Capital Acquisition Corp. VI,2810,,,,,unsized,out,,0,counting failure; never a member
2091585,LKYLY,Locksley Resources Limited/ADR,,,,,,"excluded: no domestic filings (foreign filer, fund, or shell)",out,,0,
2090011,THYP,21Shares Hyperliquid ETF,6221,,,,,excluded: self-described fund with no annual meeting,out,,0,
2092287,TKDG,3KNIGHTS DYNAMICS GROUP Ltd,7371,,,,,"excluded: no domestic filings (foreign filer, fund, or shell)",out,,0,
2094900,TGRGF,Tiger Gold Corp.,,,,,,"excluded: no domestic filings (foreign filer, fund, or shell)",out,,0,
1003078,MSM,MSC INDUSTRIAL DIRECT CO INC,5084,7199704738.159999,7199704738.159999,55846298.0,128.92,sized,in,2026-08-31,0,
1009919,IVHI,"Invech Holdings, Inc.",8742,,,106700968.0,,unsized,out,,0,counting failure; never a member
928465,DIT,AMCON DISTRIBUTING CO,5141,62026579.4,62026579.4,976028.0,63.55,sized,out,,0,
919012,AEO,AMERICAN EAGLE OUTFITTERS INC,5651,3011292794.0099998,3011292794.0099998,167573333.0,17.97,sized,in,2026-08-31,0,
2138373,CBAGY,Carabao Group Public Co Limited/ADR,,,,,,"excluded: no domestic filings (foreign filer, fund, or shell)",out,,0,
2140030,TBCV,"Thunder Bridge Capital Partners V, Ltd.",6770,,,,,excluded: blank-check company (SIC 6770),out,,0,
2144761,MTBOY,Metis TechBio Co Ltd/ADR,,,,,,"excluded: no domestic filings (foreign filer, fund, or shell)",out,,0,
2145378,GDTTY,"Guangdong Dtech Technology Co., Ltd./ADR",,,,,,"excluded: no domestic filings (foreign filer, fund, or shell)",out,,0,
2137137,BEMPY,Bangkok Expressway & Metro Public Co Limited/ADR,,,,,,"excluded: no domestic filings (foreign filer, fund, or shell)",out,,0,
2129466,GDHRY,"Guangdong Huayan Robotics Co, Ltd./ADR",,,,,,"excluded: no domestic filings (foreign filer, fund, or shell)",out,,0,
2130219,HCAX,Hall Chadwick Acquisition Corp II,6770,,,,,excluded: blank-check company (SIC 6770),out,,0,
2127862,BCLGY,BALTIC CLASSIFIEDS GROUP PLC/ADR,,,,,,"excluded: no domestic filings (foreign filer, fund, or shell)",out,,0,
2104032,SUCH,Suchness Tech Ltd,3674,,,,,"excluded: no domestic filings (foreign filer, fund, or shell)",out,,0,
2103547,MSOL,Morgan Stanley Solana Trust,6221,,,,,excluded: commodity pool / exchange-traded product (SIC 6221),out,,0,
2101973,AFNDY,Allfunds Group PLC./ADR,,,,,,"excluded: no domestic filings (foreign filer, fund, or shell)",out,,0,
2113605,CHWM,Chilwa Minerals Ltd,1400,,,,,"excluded: no domestic filings (foreign filer, fund, or shell)",out,,0,
2100603,MPJPY,Metaplanet Inc.,,,,,,"excluded: no domestic filings (foreign filer, fund, or shell)",out,,0,
2098397,ANJFY,"Anjoy Foods Group Co., Ltd./ADR",,,,,,"excluded: no domestic filings (foreign filer, fund, or shell)",out,,0,
2088139,BHYP,Bitwise Hyperliquid ETF,6221,,,,,excluded: self-described fund with no annual meeting,out,,0,
2094687,CRAUY,"Chery Automobile Co., Ltd./ADR",,,,,,"excluded: no domestic filings (foreign filer, fund, or shell)",out,,0,
2094989,RUIH,RUI Holdings Inc,8744,,,,,"excluded: no domestic filings (foreign filer, fund, or shell)",out,,0,
2088339,OBBCY,"OBIC Business Consultants Co., Ltd./ADR",,,,,,"excluded: no domestic filings (foreign filer, fund, or shell)",out,,0,
2088688,EXCBF,Excalibur Metals Corp.,,,,,,"excluded: no domestic filings (foreign filer, fund, or shell)",out,,0,
2072563,SAPUY,Saputo Inc./ADR,,,,,,"excluded: no domestic filings (foreign filer, fund, or shell)",out,,0,
2082889,CLNK,Bitwise Chainlink ETF,6221,,,,,excluded: self-described fund with no annual meeting,out,,0,
2084227,ADBT,"Advasa Holdings, Inc.",7372,62831475.558,62831475.558,487065702.0,0.129,sized,kept,2026-08-31,1,"below exit bar, strike 1 of 2"
2086869,RSMIY,RESOLUTION MINERALS LTD/ADR,,,,,,"excluded: no domestic filings (foreign filer, fund, or shell)",out,,0,
2087035,AFNX,AfterNext Acquisition I Corp.,6770,,,,,excluded: blank-check company (SIC 6770),out,,0,
2021989,CUPPF,Super Copper Corp.,,,,,,"excluded: no domestic filings (foreign filer, fund, or shell)",out,,0,
1997389,IDIA,Innovative Digital Investors Acquisition Corp.,6770,,,,,excluded: blank-check company (SIC 6770),out,,0,
2000046,FETH,Fidelity Ethereum Fund,6199,,,,,excluded: self-described fund with no annual meeting,out,,0,
2028541,VSOL,VanEck Solana ETF,6221,,,,,excluded: self-described fund with no annual meeting,out,,0,
2060863,NHLTY,Nightingale Health Plc,,,,,,"excluded: no domestic filings (foreign filer, fund, or shell)",out,,0,
2052373,MKAR,Mkango Rare Earths Ltd,1040,,,,,"excluded: no domestic filings (foreign filer, fund, or shell)",out,,0,
2053843,YGSHY,Yangzijiang Shipbuilding Holdings Ltd/ADR,,,,,,"excluded: no domestic filings (foreign filer, fund, or shell)",out,,0,
2062803,IDPEY,IDP Education Ltd./ADR,,,,,,"excluded: no domestic filings (foreign filer, fund, or shell)",out,,0,
2065660,DNCLY,"DeNA Co., Ltd./ADR",,,,,,"excluded: no domestic filings (foreign filer, fund, or shell)",out,,0,
2065741,NEUT,Neutrans Inc.,4899,,,,,"excluded: no domestic filings (foreign filer, fund, or shell)",out,,0,
2045151,MENW,"Tailored Brands, Inc. / DE",5600,,,,,excluded: no Section 16 filings,out,,0,
2045872,BSOL,Bitwise Solana Staking ETF,6221,,,,,excluded: self-described fund with no annual meeting,out,,0,
2075335,ROZE,ROZE AI INC.,7373,,,,,"excluded: no domestic filings (foreign filer, fund, or shell)",out,,0,
2063671,GRCPY,Canal Plus SA/ADR,,,,,,"excluded: no domestic filings (foreign filer, fund, or shell)",out,,0,
2070087,KOEI,"Koei Group Co., Ltd.",4953,,,,,"excluded: no domestic filings (foreign filer, fund, or shell)",out,,0,
1858258,FGDL,Franklin Templeton Holdings Trust,6221,,,,,excluded: commodity pool / exchange-traded product (SIC 6221),out,,0,
1852023,MANA,Grayscale Decentraland Trust (MANA),,,,,,"excluded: no domestic filings (foreign filer, fund, or shell)",out,,0,
1852025,GLNK,Grayscale Chainlink Trust ETF,6221,,,,,excluded: self-described fund with no annual meeting,out,,0,
1852040,GBAT,Grayscale Basic Attention Token Trust (BAT),,,,,,"excluded: no domestic filings (foreign filer, fund, or shell)",out,,0,
1854078,MMTZF,MindMaze Therapeutics Holding SA,2834,,,,,"excluded: no domestic filings (foreign filer, fund, or shell)",out,,0,
1916101,OBNB,Osprey BNB Chain Trust,,,,,,"excluded: no domestic filings (foreign filer, fund, or shell)",out,,0,
1896677,GSOL,Grayscale Solana Staking ETF,6221,,,,,excluded: self-described fund with no annual meeting,out,,0,
1980994,IBIT,iShares Bitcoin Trust ETF,6221,,,,,excluded: self-described fund with no annual meeting,out,,0,
1972589,TDGGF,TDG Gold Corp.,,,,,,"excluded: no domestic filings (foreign filer, fund, or shell)",out,,0,
1976663,NXNT,"Nexscient, Inc.",7372,,,,,excluded: no Section 16 filings,out,,0,
1767057,OBTC,Osprey Bitcoin Trust,6221,,,,,excluded: commodity pool / exchange-traded product (SIC 6221),out,,0,
1763415,BITB,Bitwise Bitcoin ETF,6221,,,,,excluded: self-described fund with no annual meeting,out,,0,
1782265,GIXI,Gix Internet Ltd.,7372,,,,,"excluded: no domestic filings (foreign filer, fund, or shell)",out,,0,
1793497,UVIX,VS Trust,6221,,,,,excluded: commodity pool / exchange-traded product (SIC 6221),out,,0,
1562733,SNYR,Synergy CHC Corp.,2833,,,14899883.0,,unsized,out,,0,counting failure; never a member
1562401,AMH,American Homes 4 Rent,6798,10970759929.31,,,30.49,sized,in,2026-08-31,0,
1610940,BDRY,Amplify Commodity Trust,6221,,,,,excluded: commodity pool / exchange-traded product (SIC 6221),out,,0,
1495651,PPURF,Ucore Rare Metals Inc.,,,,,,"excluded: no domestic filings (foreign filer, fund, or shell)",out,,0,
1505413,VOC,VOC Energy Trust,1311,,,,,excluded: no Section 16 filings,out,,0,
1517518,EMO,ClearBridge Energy Midstream Opportunity Fund Inc.,,,,,,"excluded: no domestic filings (foreign filer, fund, or shell)",out,,0,
1732406,LTCN,Grayscale Litecoin Trust (LTC),6221,,,,,excluded: commodity pool / exchange-traded product (SIC 6221),out,,0,
1720265,ZCSH,Zcash ETF,6221,,,,,excluded: commodity pool / exchange-traded product (SIC 6221),out,,0,
1748945,HZEN,Grayscale Horizen Trust (ZEN),6221,,,,,excluded: commodity pool / exchange-traded product (SIC 6221),out,,0,
1763660,APGH,AleeanPeace Group Holdings Ltd,7380,,,92562343.0,,unsized,out,,0,counting failure; never a member
1618755,QSP,Restaurant Brands International Limited Partnership,5812,,,,,unsized,out,,0,counting failure; never a member
1642896,IOT,Samsara Inc.,7373,24138646714.98,,,41.22,sized,in,2026-08-31,0,
1342874,TX,Ternium S.A.,3312,,,,,"excluded: no domestic filings (foreign filer, fund, or shell)",out,,0,
1383082,DBA,INVESCO DB AGRICULTURE FUND,6221,,,,,excluded: commodity pool / exchange-traded product (SIC 6221),out,,0,
1383084,DBB,INVESCO DB BASE METALS FUND,6221,,,,,excluded: commodity pool / exchange-traded product (SIC 6221),out,,0,
1396277,CHW,Calamos Global Dynamic Income Fund,,,,,,"excluded: no domestic filings (foreign filer, fund, or shell)",out,,0,
1340736,ETY,Eaton Vance Tax-Managed Diversified Equity Income Fund,,,,,,"excluded: no domestic filings (foreign filer, fund, or shell)",out,,0,
1314966,BME,BlackRock Health Sciences Trust,,,,,,"excluded: no domestic filings (foreign filer, fund, or shell)",out,,0,
1321741,GAIN,GLADSTONE INVESTMENT CORPORATION\DE,,,,,,"excluded: investment company (files 40-17G, N-2)",out,,0,
1472494,BNO,"United States Brent Oil Fund, LP",6221,,,,,excluded: self-described fund with no annual meeting,out,,0,
1459862,PALL,abrdn Palladium ETF Trust,6221,,,,,excluded: self-described fund with no annual meeting,out,,0,
1157557,CIG,ENERGY CO OF MINAS GERAIS,4911,,,,,"excluded: no domestic filings (foreign filer, fund, or shell)",out,,0,
1140411,PCQ,PIMCO CALIFORNIA MUNICIPAL INCOME FUND,,,,,,"excluded: no domestic filings (foreign filer, fund, or shell)",out,,0,
1163609,SDSYA,SOUTH DAKOTA SOYBEAN PROCESSORS LLC,2070,,,,,excluded: not a common-stock listing (vendor type UNIT),out,,0,
1288992,EFT,Eaton Vance Floating-Rate Income Trust,,,,,,"excluded: no domestic filings (foreign filer, fund, or shell)",out,,0,
1294808,PYT,PPLUS Trust Series GSC-2,6189,,,,,excluded: no Section 16 filings,out,,0,
1267332,IPB,MERRILL LYNCH DEPOSITOR INC INDEXPLUS TRUST SERIES 2003-1,6189,,,,,excluded: no Section 16 filings,out,,0,
1267902,WIW,WESTERN ASSET INFLATION-LINKED OPPORTUNITIES & INCOME FUND,,,,,,"excluded: no domestic filings (foreign filer, fund, or shell)",out,,0,
1283337,KTN,STRUCTURED PRODUCTS CORP CRED ENHANCE CORTS TR FOR AON CAP A,6189,,,,,excluded: no Section 16 filings,out,,0,
1076378,CX,CEMEX SAB DE CV,3241,,,,,"excluded: no domestic filings (foreign filer, fund, or shell)",out,,0,
1966126,NUOX,"NuvOx Therapeutics, Inc.",2834,,,,,excluded: no Section 16 filings,out,,0,
2125904,SKBBY,"Sichuan Kelun-Biotech Biopharmaceutical Co., Ltd./ADR",,,,,,"excluded: no domestic filings (foreign filer, fund, or shell)",out,,0,
2123553,ICGSF,ICG Silver & Gold Ltd.,,,,,,"excluded: no domestic filings (foreign filer, fund, or shell)",out,,0,
2123955,PNAQ,Pinnacle Acquisition Corp,6770,,,,,excluded: blank-check company (SIC 6770),out,,0,
2112466,SIAI,Silentium Ltd.,7372,,,,,"excluded: no domestic filings (foreign filer, fund, or shell)",out,,0,
2114229,XIII,Churchill Capital Corp XIII,6770,,,,,excluded: blank-check company (SIC 6770),out,,0,
2110119,AMAC,AMR Resources Acquisition Corp.,6770,,,,,excluded: blank-check company (SIC 6770),out,,0,
2114463,APBD,AParadise II Acquisition Corp.,6770,,,,,excluded: blank-check company (SIC 6770),out,,0,
2115899,LTAFF,Lithium Africa Corp.,,,,,,"excluded: no domestic filings (foreign filer, fund, or shell)",out,,0,
2116276,BEJEF,Beijer Ref AB/ADR,,,,,,"excluded: no domestic filings (foreign filer, fund, or shell)",out,,0,
2102972,FFGG,FF Global Holdings Ltd,5099,,,,,"excluded: no domestic filings (foreign filer, fund, or shell)",out,,0,
2103976,MSSE,Morgan Stanley Ethereum Trust,6221,,,,,excluded: commodity pool / exchange-traded product (SIC 6221),out,,0,
2011535,EZET,Franklin Ethereum Trust,6221,,,,,excluded: commodity pool / exchange-traded product (SIC 6221),out,,0,
2011617,SINI,SIERRA INTERNATIONAL NETWORK INC,4899,,,,,excluded: no Section 16 filings,out,,0,
2002326,NSURF,North Shore Uranium Ltd.,,,,,,"excluded: no domestic filings (foreign filer, fund, or shell)",out,,0,
1997464,MRX,Marex Group Ltd,6200,,,,,"excluded: no domestic filings (foreign filer, fund, or shell)",out,,0,
1997950,INHI,Unitrend Entertainment Group Ltd,7822,,,,,"excluded: no domestic filings (foreign filer, fund, or shell)",out,,0,
2027262,FTRKF,Fast Track Group,7900,,,,,"excluded: no domestic filings (foreign filer, fund, or shell)",out,,0,
2028834,TSOL,21Shares Solana ETF,6221,,,,,excluded: self-described fund with no annual meeting,out,,0,
2027330,SGIHY,"Sugi Holdings Co., Ltd./ADR",8880,,,,,"excluded: no domestic filings (foreign filer, fund, or shell)",out,,0,
2034467,PBRRY,PT Barito Renewables Energy Tbk/ADR,,,,,,"excluded: no domestic filings (foreign filer, fund, or shell)",out,,0,
2041869,SOLC,Canary Marinade Solana ETF,6221,,,,,excluded: self-described fund with no annual meeting,out,,0,
2042187,KYTFY,Kyoto Financial Group Inc/ADR,,,,,,"excluded: no domestic filings (foreign filer, fund, or shell)",out,,0,
2002660,PSUS,"Pershing Square USA, Ltd.",,,,,,"excluded: no domestic filings (foreign filer, fund, or shell)",out,,0,
2003813,NMCPF,Nuvau Minerals Corp,,,,,,"excluded: no domestic filings (foreign filer, fund, or shell)",out,,0,
1999119,LBRJ,"Libera Gaming Operations, Inc",7990,,,,,"excluded: no domestic filings (foreign filer, fund, or shell)",out,,0,
2000638,ETHA,iShares Ethereum Trust ETF,6221,,,,,excluded: self-described fund with no annual meeting,out,,0,
2027982,CCLV,"C2 Capital Group, Inc.",7374,,,,,excluded: no Section 16 filings,out,,0,
2028464,ENT,"ENTRATA, INC.",7372,,,,,excluded: no Section 16 filings,out,,0,
2046098,ALEUY,ALLEGRO.EU SA/ADR,,,,,,"excluded: no domestic filings (foreign filer, fund, or shell)",out,,0,
2034012,GSUI,Grayscale Sui Staking ETF,6221,,,,,excluded: self-described fund with no annual meeting,out,,0,
1985062,PBM,PSYENCE BIOMEDICAL LTD.,2834,,,,,"excluded: no domestic filings (foreign filer, fund, or shell)",out,,0,
1958489,CRGT,"Cortigent, Inc.",3845,,,,,excluded: no Section 16 filings,out,,0,
1896036,EIIA,Eagle Point Institutional Income Fund,,,,,,"excluded: no domestic filings (foreign filer, fund, or shell)",out,,0,
1852753,TSLVF,TIER ONE SILVER INC.,,,,,,"excluded: no domestic filings (foreign filer, fund, or shell)",out,,0,
1940243,GSMT,Global-Smart.Tech Inc.,6199,,,3134780.0,,unsized,out,,0,counting failure; never a member
2071913,GBNXY,Gibson Energy Inc/ADR,,,,,,"excluded: no domestic filings (foreign filer, fund, or shell)",out,,0,
2077638,STSUF,Satsuma Technology PLC,,,,,,"excluded: no domestic filings (foreign filer, fund, or shell)",out,,0,
2077697,UNID,"RiverNorth Short Prime Unicorn Fund I, Inc",,,,,,"excluded: no domestic filings (foreign filer, fund, or shell)",out,,0,
2080003,MLIZY,MELIUZ S.A.,,,,,,"excluded: no domestic filings (foreign filer, fund, or shell)",out,,0,
2083945,CCIL,CALM Chain International Ltd,7361,,,,,"excluded: no domestic filings (foreign filer, fund, or shell)",out,,0,
2087064,MARH,Starrygazey Inc.,8742,,,,,"excluded: no domestic filings (foreign filer, fund, or shell)",out,,0,
2075589,LSBA,Law's Business Group Holding Ltd,8742,,,,,"excluded: no domestic filings (foreign filer, fund, or shell)",out,,0,
2086017,BAVA,Bitwise Avalanche ETF,6221,,,,,excluded: self-described fund with no annual meeting,out,,0,
2093314,ORNJY,OranjeBTC S.A. Educacao E Investmentimento/ADR,8880,,,,,"excluded: no domestic filings (foreign filer, fund, or shell)",out,,0,
2088827,HRBAY,"Horiba, Ltd./ADR",,,,,,"excluded: no domestic filings (foreign filer, fund, or shell)",out,,0,
2090231,MTMTY,Metlen Energy & Metals PLC/ADR,,,,,,"excluded: no domestic filings (foreign filer, fund, or shell)",out,,0,
2095443,BREZ,Breeze Acquisition Corp. II,6770,,,,,excluded: blank-check company (SIC 6770),out,,0,
1729997,GDLC,Grayscale CoinDesk Crypto 5 ETF,6221,,,,,excluded: self-described fund with no annual meeting,out,,0,
1813744,WDSP,"World Scan Project, Inc.",5045,,,,,excluded: no Section 16 filings,out,,0,
1808377,LUCYW,Innovative Eyewear Inc,3851,,,,,excluded: not a common-stock listing (vendor type WARRANT),out,,0,
1995569,QETH,Invesco Galaxy Ethereum ETF,6221,,,,,excluded: self-described fund with no annual meeting,out,,0,
1992604,CCEYF,CanCambria Energy Corp.,,,,,,"excluded: no domestic filings (foreign filer, fund, or shell)",out,,0,
1992870,EZBC,Franklin Templeton Digital Holdings Trust,6221,,,,,excluded: commodity pool / exchange-traded product (SIC 6221),out,,0,
1988894,AS,"Amer Sports, Inc.",2300,,,,,"excluded: no domestic filings (foreign filer, fund, or shell)",out,,0,
1718728,SYTN,Syntiant Corp.,3674,,,,,excluded: no Section 16 filings,out,,0,
2015034,BTC,Grayscale Bitcoin Mini Trust ETF,6221,,,,,excluded: self-described fund with no annual meeting,out,,0,
2027166,NSNFY,"Nissin Foods Holdings Co., Ltd./ADR",,,,,,"excluded: no domestic filings (foreign filer, fund, or shell)",out,,0,
2029297,GTAO,Grayscale Bittensor Trust (TAO),6221,,,,,excluded: commodity pool / exchange-traded product (SIC 6221),out,,0,
2031069,NCIQ,Hashdex Nasdaq CME Crypto Index ETF,6221,,,,,excluded: self-described fund with no annual meeting,out,,0,
2033807,EZPZ,Franklin Crypto Trust,6221,,,,,excluded: commodity pool / exchange-traded product (SIC 6221),out,,0,
2039525,XRP,Bitwise XRP ETF,6221,,,,,excluded: self-described fund with no annual meeting,out,,0,
1838028,HODL,VanEck Bitcoin ETF,6221,,,,,excluded: self-described fund with no annual meeting,out,,0,
1852317,FBTC,Fidelity Wise Origin Bitcoin Fund,6221,,,,,excluded: self-described fund with no annual meeting,out,,0,
2059690,GGTKY,PT GoTo Gojek Tokopedia Tbk/ADR,,,,,,"excluded: no domestic filings (foreign filer, fund, or shell)",out,,0,
2055510,GDOG,Grayscale Dogecoin Trust ETF,6221,,,,,excluded: self-described fund with no annual meeting,out,,0,
2060717,VAVX,VanEck Avalanche ETF,6221,,,,,excluded: self-described fund with no annual meeting,out,,0,
2061626,TSUI,21Shares Sui ETF,6221,,,,,excluded: self-described fund with no annual meeting,out,,0,
2064768,TRXS,Canary Staked TRX ETF,6221,,,,,excluded: self-described fund with no annual meeting,out,,0,
1877971,POM,POMDOCTOR Ltd,5900,,,,,"excluded: no domestic filings (foreign filer, fund, or shell)",out,,0,
1867090,VCX,"Fundrise Innovation Fund, LLC",,,,,,"excluded: no domestic filings (foreign filer, fund, or shell)",out,,0,
1860788,ETHV,VanEck Ethereum ETF,6221,,,,,excluded: self-described fund with no annual meeting,out,,0,
1855474,AIRJW,AirJoule Technologies Corp.,3585,,,,,excluded: not a common-stock listing (vendor type WARRANT),out,,0,
1158289,JRS,NUVEEN REAL ESTATE INCOME FUND,,,,,,"excluded: no domestic filings (foreign filer, fund, or shell)",out,,0,
1067839,QQQ,"INVESCO QQQ TRUST, SERIES 1",,,,,,"excluded: no domestic filings (foreign filer, fund, or shell)",out,,0,
1053988,MUJ,"BLACKROCK MUNIHOLDINGS NEW JERSEY QUALITY FUND, INC.",,,,,,"excluded: no domestic filings (foreign filer, fund, or shell)",out,,0,
919567,RCG,"RENN Fund, Inc.",,,,,,"excluded: no domestic filings (foreign filer, fund, or shell)",out,,0,
925683,BTO,JOHN HANCOCK FINANCIAL OPPORTUNITIES FUND,,,,,,"excluded: no domestic filings (foreign filer, fund, or shell)",out,,0,
931182,VRMK,ERP OPERATING LTD PARTNERSHIP,6798,,,,,excluded: no Section 16 filings,out,,0,
2098860,SICCY,"SICC Co., Ltd./ADR",,,,,,"excluded: no domestic filings (foreign filer, fund, or shell)",out,,0,
2097388,ININ,Sin Lian Seng Construction,5072,,,,,"excluded: no domestic filings (foreign filer, fund, or shell)",out,,0,
2098324,SWBKY,Shawbrook Group plc/ADR,,,,,,"excluded: no domestic filings (foreign filer, fund, or shell)",out,,0,
2091521,MDAT,Web3Labs Global Inc.,8742,,,,,"excluded: no domestic filings (foreign filer, fund, or shell)",out,,0,
2089499,GLVPY,GLENVEAGH PROPERTIES PLC/ADR,,,,,,"excluded: no domestic filings (foreign filer, fund, or shell)",out,,0,
2094712,FJDI,ARC Group Securities Acquisition I,6770,,,,,excluded: blank-check company (SIC 6770),out,,0,
2078037,GRVT,GreenVector Holdings Ltd,3241,,,,,"excluded: no domestic filings (foreign filer, fund, or shell)",out,,0,
2070542,AIB,AIB Data Centers Inc.,6221,108650636.38,108650636.38,75979466.0,1.43,sized,out,,0,
2073268,BIREY,Birchcliff Energy Ltd./ADR,,,,,,"excluded: no domestic filings (foreign filer, fund, or shell)",out,,0,
2073643,METRY,METRO INC./ADR,,,,,,"excluded: no domestic filings (foreign filer, fund, or shell)",out,,0,
2073804,TCLXY,TCL Electronics Holdings Limited/ADR,,,,,,"excluded: no domestic filings (foreign filer, fund, or shell)",out,,0,
2072389,NPIXY,Northland Power Inc./ADR,,,,,,"excluded: no domestic filings (foreign filer, fund, or shell)",out,,0,
2081438,GONYF,GO Residential Real Estate Investment Trust,,,,,,"excluded: no domestic filings (foreign filer, fund, or shell)",out,,0,
2087840,ZGJLY,"Zhejiang Leapmotor Technology Co., Ltd./ADR",,,,,,"excluded: no domestic filings (foreign filer, fund, or shell)",out,,0,
2092252,RENGY,"Rengo Co., Ltd./ADR",,,,,,"excluded: no domestic filings (foreign filer, fund, or shell)",out,,0,
2084296,NTMJ,Nintech Mould Factory Inc.,3089,,,,,"excluded: no domestic filings (foreign filer, fund, or shell)",out,,0,
2085836,POCH,"POCHE TECHNOLOGY CO., Ltd",7311,,,,,"excluded: no domestic filings (foreign filer, fund, or shell)",out,,0,
2088776,ZSHLY,"Zensho Holdings Co., Ltd./ADR",,,,,,"excluded: no domestic filings (foreign filer, fund, or shell)",out,,0,
2089855,TKNZ,T. Rowe Price Active Crypto ETF,6221,,,,,excluded: self-described fund with no annual meeting,out,,0,
2094256,CLYD,"BEACON TOPCO, INC.",2834,,,,,excluded: no Section 16 filings,out,,0,
1951593,NNRGF,Ninepoint Energy Fund,,,,,,"excluded: no domestic filings (foreign filer, fund, or shell)",out,,0,
2025000,GSNR,Grayscale Near Trust (NEAR),6221,,,,,excluded: commodity pool / exchange-traded product (SIC 6221),out,,0,
2011589,MOGMF,Mogotes Metals Inc.,,,,,,"excluded: no domestic filings (foreign filer, fund, or shell)",out,,0,
2035053,GAVA,Grayscale Avalanche Staking ETF,6221,,,,,excluded: self-described fund with no annual meeting,out,,0,
2131350,BRTM,B&R Technology Merger Corp.,6770,,,,,excluded: blank-check company (SIC 6770),out,,0,
2038958,MDDTY,Mandatum Oyj/ADR,,,,,,"excluded: no domestic filings (foreign filer, fund, or shell)",out,,0,
2039072,DAVI,DAVION HEALTHCARE PLC,3841,,,,,"excluded: no domestic filings (foreign filer, fund, or shell)",out,,0,
2131813,NWCL,newcleo Ltd.,3443,,,,,"excluded: no domestic filings (foreign filer, fund, or shell)",out,,0,
2133892,KGBMY,Kongsberg Maritime ASA/ADR,,,,,,"excluded: no domestic filings (foreign filer, fund, or shell)",out,,0,
2144745,BSUDY,Bradsaude S.A./ADR,,,,,,"excluded: no domestic filings (foreign filer, fund, or shell)",out,,0,
2053115,YLY,Zi Yun Dong Fang Ltd,7200,,,,,"excluded: no domestic filings (foreign filer, fund, or shell)",out,,0,
2073972,SSRLY,Sienna Senior Living Inc./ADR,,,,,,"excluded: no domestic filings (foreign filer, fund, or shell)",out,,0,
2066601,TKCYY,"Tokyo Ohka Kogyo Co., Ltd./ADR",,,,,,"excluded: no domestic filings (foreign filer, fund, or shell)",out,,0,
2060703,SUIS,Canary Staked SUI ETF,6221,,,,,excluded: self-described fund with no annual meeting,out,,0,
2062925,SPGH,Smart Pointer Group Holdings Ltd,4731,,,,,"excluded: no domestic filings (foreign filer, fund, or shell)",out,,0,
2059986,ONWRY,Onward Medical N.V./ADR,,,,,,"excluded: no domestic filings (foreign filer, fund, or shell)",out,,0,
2060217,HZRBY,"Horizon Robotics, Inc./ADR",,,,,,"excluded: no domestic filings (foreign filer, fund, or shell)",out,,0,
2074409,QSOL,Invesco Galaxy Solana ETF,6221,,,,,excluded: self-described fund with no annual meeting,out,,0,
2073638,FNIGY,Finning International Inc./ADR,,,,,,"excluded: no domestic filings (foreign filer, fund, or shell)",out,,0,
2073655,TPZEY,Topaz Energy Corp./ADR,,,,,,"excluded: no domestic filings (foreign filer, fund, or shell)",out,,0,
2067171,IDXMF,IDEX METALS CORP.,,,,,,"excluded: no domestic filings (foreign filer, fund, or shell)",out,,0,
2075877,BKPOY,Bank Pekao S.A./ADR,,,,,,"excluded: no domestic filings (foreign filer, fund, or shell)",out,,0,
2065282,ACMIF,Allied Critical Metals Corp.,,,,,,"excluded: no domestic filings (foreign filer, fund, or shell)",out,,0,
2065485,JXAMY,JX Advanced Metals Corporation/ADR,,,,,,"excluded: no domestic filings (foreign filer, fund, or shell)",out,,0,
2064314,TDOG,21Shares Dogecoin ETF,6221,,,,,excluded: self-described fund with no annual meeting,out,,0,
2064381,THCLY,"Toho Co., Ltd./ADR",,,,,,"excluded: no domestic filings (foreign filer, fund, or shell)",out,,0,
2063413,SMPHY,SM Prime Holdings Inc./ADR,,,,,,"excluded: no domestic filings (foreign filer, fund, or shell)",out,,0,
2049323,AMPM,AM PM Group Ltd,7900,,,,,"excluded: no domestic filings (foreign filer, fund, or shell)",out,,0,
2083583,BSTR,"BSTR Holdings, Inc.",6199,,,,,"excluded: no domestic filings (foreign filer, fund, or shell)",out,,0,
2076398,ZSICY,"Zhejiang Sanhua Intelligent Controls Co., Ltd./ADR",,,,,,"excluded: no domestic filings (foreign filer, fund, or shell)",out,,0,
2074157,SVICY,StorageVault Canada Inc./ADR,,,,,,"excluded: no domestic filings (foreign filer, fund, or shell)",out,,0,
2074158,GIVE,Wealth Management System Inc.,7372,,,,,"excluded: no domestic filings (foreign filer, fund, or shell)",out,,0,
2077715,UNIU,"RiverNorth Long Prime Unicorn Fund I, Inc.",,,,,,"excluded: no domestic filings (foreign filer, fund, or shell)",out,,0,
2078570,AMTU,"AMATUHI HOLDINGS, INC.",1520,,,,,excluded: no Section 16 filings,out,,0,
2084585,UATCY,"Unisound AI Technology Co., Ltd./ADR",,,,,,"excluded: no domestic filings (foreign filer, fund, or shell)",out,,0,
2048270,SMFSY,"Sumitomo Forestry Co., Ltd./ADR",,,,,,"excluded: no domestic filings (foreign filer, fund, or shell)",out,,0,
2095150,CHON,ChainOn Group Ltd,7371,,,,,"excluded: no domestic filings (foreign filer, fund, or shell)",out,,0,
2087843,GTLRY,Greatland Resources Limited/ADR,,,,,,"excluded: no domestic filings (foreign filer, fund, or shell)",out,,0,
2086775,BTECH,BTECH Corp,6770,,,,,excluded: blank-check company (SIC 6770),out,,0,
2089969,BITA,iShares Bitcoin Premium Income ETF,6221,,,,,excluded: self-described fund with no annual meeting,out,,0,
2090651,CNYGF,Canary Gold Corp.,,,,,,"excluded: no domestic filings (foreign filer, fund, or shell)",out,,0,
2092291,TIWD,Timwood Holdings Ltd,4581,,,,,"excluded: no domestic filings (foreign filer, fund, or shell)",out,,0,
2093227,SMGSY,SMG Swiss Marketplace Group AG/ADR,,,,,,"excluded: no domestic filings (foreign filer, fund, or shell)",out,,0,
1643721,BOTX,DATZ WORLD HOLDINGS CORP.,8742,,,100071075.0,,unsized,out,,0,counting failure; never a member
1639877,GSM,Ferroglobe PLC,1000,,,,,"excluded: no domestic filings (foreign filer, fund, or shell)",out,,0,
1618181,GLDM,World Gold Trust,6221,,,,,excluded: commodity pool / exchange-traded product (SIC 6221),out,,0,
1723788,BITW,Bitwise 10 Crypto Index ETF,6221,,,,,excluded: self-described fund with no annual meeting,out,,0,
1736541,NIO,NIO Inc.,3711,,,,,"excluded: no domestic filings (foreign filer, fund, or shell)",out,,0,
1708646,AAAU,Goldman Sachs Physical Gold ETF,6221,,,,,excluded: self-described fund with no annual meeting,out,,0,
1450923,SGOL,abrdn Gold ETF Trust,6221,,,,,excluded: self-described fund with no annual meeting,out,,0,
2104277,HNUC,Holtec Nuclear Corp,1700,,,,,excluded: no Section 16 filings,out,,0,
2104827,BMF,BANG MAI FANG HOLDINGS,,,,,,"excluded: no domestic filings (foreign filer, fund, or shell)",out,,0,
2105038,CZZLF,Cizzle Brands Corp,2000,,,,,"excluded: no domestic filings (foreign filer, fund, or shell)",out,,0,
1487610,NHS,Neuberger High Yield Strategies Fund Inc.,,,,,,"excluded: no domestic filings (foreign filer, fund, or shell)",out,,0,
2133239,SCAT,Southern Cross Acquisition II Corp.,6770,,,,,excluded: blank-check company (SIC 6770),out,,0,
2131853,FTRA,FutureCorp Space Acquisition 1,6770,,,,,excluded: blank-check company (SIC 6770),out,,0,
2127859,EULLY,EUROPEAN LITHIUM LTD/ADR,,,,,,"excluded: no domestic filings (foreign filer, fund, or shell)",out,,0,
2128813,HGZDY,"Hangzhou Diagens Biotechnology Co., Ltd./ADR",,,,,,"excluded: no domestic filings (foreign filer, fund, or shell)",out,,0,
2129595,TEAC,Tidewise Acquisition Corp,,,,,,excluded: no Section 16 filings,out,,0,
2120882,SKHY,SK hynix Inc.,3674,,,,,"excluded: no domestic filings (foreign filer, fund, or shell)",out,,0,
2123372,WXILY,"Wuxi Lead Intelligent Equipment Co., Ltd./ADR",,,,,,"excluded: no domestic filings (foreign filer, fund, or shell)",out,,0,
2110025,PTT,SIYATA PTT,4812,,,,,"excluded: no domestic filings (foreign filer, fund, or shell)",out,,0,
2111790,SHILY,Shanghai Iluvatar CoreX Semiconductor Co Ltd/ADR,,,,,,"excluded: no domestic filings (foreign filer, fund, or shell)",out,,0,
2119292,PSQL,Bleichroeder Acquisition France Merger Sub 2,7374,,,,,"excluded: no domestic filings (foreign filer, fund, or shell)",out,,0,
2120046,CVCPY,CVC Capital Partners plc/ADR,,,,,,"excluded: no domestic filings (foreign filer, fund, or shell)",out,,0,
1553788,EDVA,"SPLASH BEVERAGE GROUP, INC.",2080,1107063.1727999998,1025362.1079,6412521.0,0.1599,sized,out,,0,
1528988,BUI,"BlackRock Utilities, Infrastructure & Power Opportunities Trust",,,,,,"excluded: no domestic filings (foreign filer, fund, or shell)",out,,0,
1496749,HEQ,John Hancock Diversified Income Fund,,,,,,"excluded: no domestic filings (foreign filer, fund, or shell)",out,,0,
2138369,SIAMY,Siam Global House Public Co Limited/ADR,,,,,,"excluded: no domestic filings (foreign filer, fund, or shell)",out,,0,
1362481,AGD,abrdn Global Dynamic Dividend Fund,,,,,,"excluded: no domestic filings (foreign filer, fund, or shell)",out,,0,
1327068,USO,"United States Oil Fund, LP",6221,,,,,excluded: self-described fund with no annual meeting,out,,0,
1318025,PGP,PIMCO Global StocksPLUS & Income Fund,,,,,,"excluded: no domestic filings (foreign filer, fund, or shell)",out,,0,
1286405,GJH,STRATS SM TRUST FOR U S CELL CORP SEC SERIES 2004 6,6189,,,,,excluded: no Section 16 filings,out,,0,
2106762,GBNB,Grayscale BNB ETF,6221,,,,,excluded: self-described fund with no annual meeting,out,,0,
2108383,SCOP,Sprott Physical Copper Trust,6221,,,,,"excluded: no domestic filings (foreign filer, fund, or shell)",out,,0,
2109556,MMXGY,Minimax Group Inc./ADR,,,,,,"excluded: no domestic filings (foreign filer, fund, or shell)",out,,0,
1169034,BHV,BLACKROCK VIRGINIA MUNICIPAL BOND TRUST,,,,,,"excluded: no domestic filings (foreign filer, fund, or shell)",out,,0,
2109823,LEDR,Leader's Advantage Acquisition Corp.,6770,,,,,excluded: blank-check company (SIC 6770),out,,0,
2104943,EFGH,Embed Financial Group Holdings,7389,,,,,"excluded: no domestic filings (foreign filer, fund, or shell)",out,,0,
2111860,XTND,"Xtend AI Robotics, Inc.",3760,632795175.86,,,2.54,sized,in,2026-10-09,0,
2123524,MUYNY,Muyuan Foods Co. Ltd/ADR,8880,,,,,"excluded: no domestic filings (foreign filer, fund, or shell)",out,,0,
2127653,ATAYY,American Tungsten & Antimony Ltd,,,,,,"excluded: no domestic filings (foreign filer, fund, or shell)",out,,0,
2127839,BVGLY,Bellevue Gold Ltd./ADR,,,,,,"excluded: no domestic filings (foreign filer, fund, or shell)",out,,0,
2128458,JXIRY,Jiaxin International Resources Investment Limited/ADR,,,,,,"excluded: no domestic filings (foreign filer, fund, or shell)",out,,0,
2133020,RHDTY,Ruihe Data Technology Holdings Limited/ADR,,,,,,"excluded: no domestic filings (foreign filer, fund, or shell)",out,,0,
2133719,NSAI,NorthStrive Acquisition Corp I.,6770,,,,,excluded: blank-check company (SIC 6770),out,,0,
2125951,BHTGY,"Beijing Haizhi Technology Group Co., Ltd./ADR",,,,,,"excluded: no domestic filings (foreign filer, fund, or shell)",out,,0,
2147557,HLNK,HUALINK TECH INC,,,,,,"excluded: no domestic filings (foreign filer, fund, or shell)",out,,0,
2148075,MGLBY,MOMENTA GLOBAL LTD/ADR,,,,,,"excluded: no domestic filings (foreign filer, fund, or shell)",out,,0,
2149111,PSTEY,Poste Italiane S.p.A./ADR,,,,,,"excluded: no domestic filings (foreign filer, fund, or shell)",out,,0,
1222333,GLD,SPDR GOLD TRUST,6221,,,,,excluded: commodity pool / exchange-traded product (SIC 6221),out,,0,
1227862,EMD,WESTERN ASSET EMERGING MARKETS DEBT FUND INC.,,,,,,"excluded: no domestic filings (foreign filer, fund, or shell)",out,,0,
2129056,JONE,Jones Ventures INTL Acquisition1 Corp,6770,,,,,excluded: blank-check company (SIC 6770),out,,0,
2131613,KVLT,"CoVolt Power, Inc.",4931,,,,,excluded: no Section 16 filings,out,,0,
2131882,MCFN,"McCarthy Finney, Inc.",7374,,,,,"excluded: no domestic filings (foreign filer, fund, or shell)",out,,0,
2132082,SIGEY,"Sigenergy Technology Co., Ltd./ADR",,,,,,"excluded: no domestic filings (foreign filer, fund, or shell)",out,,0,
2133136,MTAK,Market Technology Acquisition Corp,6770,,,,,excluded: blank-check company (SIC 6770),out,,0,
2133836,BDDD,Bridge III Acquisition Ltd,6770,,,,,excluded: blank-check company (SIC 6770),out,,0,
2134539,ITHEY,Ithaca Energy PLC/ADR,,,,,,"excluded: no domestic filings (foreign filer, fund, or shell)",out,,0,
2135894,SXZTY,"Shanghai Xizhi Technology Co., Ltd./ADR",,,,,,"excluded: no domestic filings (foreign filer, fund, or shell)",out,,0,
2099326,SGPIY,"Seres Group Co., Ltd./ADR",,,,,,"excluded: no domestic filings (foreign filer, fund, or shell)",out,,0,
2107968,WQEY,WISeKey International Corp.,7374,54469098.879999995,,,9.52,sized,out,,0,successor issuer: no Form 4s under this CIK; the panel resolves the predecessor
2102720,TARX,Tarsier Pharma Ltd.,2834,,,,,"excluded: no domestic filings (foreign filer, fund, or shell)",out,,0,
2104391,CATL,Catalyst Acquisition Corp.,6770,,,,,excluded: blank-check company (SIC 6770),out,,0,
2142762,ORCRY,Organo Corporation/ADR,,,,,,"excluded: no domestic filings (foreign filer, fund, or shell)",out,,0,
2144751,CTNKY,Capital Tankers Corp./ADR,,,,,,"excluded: no domestic filings (foreign filer, fund, or shell)",out,,0,
2134856,XTER,Karman Line Acquisition Corp.,6770,,,,,excluded: blank-check company (SIC 6770),out,,0,
2136360,MTRL,Material Resource Acquisition Corp.,6770,,,,,excluded: blank-check company (SIC 6770),out,,0,
2140589,LARS,Laris Growth Acquisition Corp.,6770,,,,,excluded: blank-check company (SIC 6770),out,,0,
1108329,PCCYF,PETROCHINA CO LTD,1311,,,,,"excluded: no domestic filings (foreign filer, fund, or shell)",out,,0,
1268896,CILJF,CHINA LIFE INSURANCE CO LTD,6311,,,,,"excluded: no domestic filings (foreign filer, fund, or shell)",out,,0,
1091587,ABLZF,ABB LTD,3613,,,,,"excluded: no domestic filings (foreign filer, fund, or shell)",out,,0,
1438656,IDEXF,Industria de Diseno Textil Inditex SA / ADR,,,,,,"excluded: no domestic filings (foreign filer, fund, or shell)",out,,0,
1445162,BYDDF,BYD CO LTD,,,,,,"excluded: no domestic filings (foreign filer, fund, or shell)",out,,0,
1161167,AIQUF,L AIR LIQUIDE SA /FI,,,,,,"excluded: no domestic filings (foreign filer, fund, or shell)",out,,0,
1123658,SNPMF,CHINA PETROLEUM & CHEMICAL CORP,2911,,,,,"excluded: no domestic filings (foreign filer, fund, or shell)",out,,0,
1067318,MBGAF,DAIMLER AG,3711,,,,,"excluded: no domestic filings (foreign filer, fund, or shell)",out,,0,
769594,NTTYY,NIPPON TELEGRAPH & TELEPHONE CORP,4813,,,,,"excluded: no domestic filings (foreign filer, fund, or shell)",out,,0,
30554,CTA-PB,"EIDP, Inc.",2820,,,100.0,,unsized,out,,0,counting failure; never a member
1524684,GLCNF,Glencore plc/ADR,8880,,,,,"excluded: no domestic filings (foreign filer, fund, or shell)",out,,0,
1106215,KDDIF,KDDI CORP,,,,,,"excluded: no domestic filings (foreign filer, fund, or shell)",out,,0,
1065521,SFTBF,SOFTBANK GROUP CORP.,,,,,,"excluded: no domestic filings (foreign filer, fund, or shell)",out,,0,
719245,WEBNF,WESTPAC BANKING CORP,6029,,,,,"excluded: no domestic filings (foreign filer, fund, or shell)",out,,0,
1446519,DKILF,Daikin Industries Ltd,,,,,,"excluded: no domestic filings (foreign filer, fund, or shell)",out,,0,
1232384,TNCAF,TC ENERGY CORP,4922,,,,,"excluded: no domestic filings (foreign filer, fund, or shell)",out,,0,
355363,ITOCF,ITOCHU CORP,,,,,,"excluded: no domestic filings (foreign filer, fund, or shell)",out,,0,
1002788,BMDPF,BANCA MONTE DEI PASCHI DI SIENA SPA,8880,,,,,"excluded: no domestic filings (foreign filer, fund, or shell)",out,,0,
1359519,SVNDF,SEVEN & I HOLDINGS CO LTD,,,,,,"excluded: no domestic filings (foreign filer, fund, or shell)",out,,0,
1450468,MRAAF,"Murata Manufacturing Co., Ltd./ADR",,,,,,"excluded: no domestic filings (foreign filer, fund, or shell)",out,,0,
1569964,PINXF,People's Insurance Co (Group) of China Limited/ADR,8880,,,,,"excluded: no domestic filings (foreign filer, fund, or shell)",out,,0,
1279967,CRARF,CREDIT AGRICOLE S A,,,,,,"excluded: no domestic filings (foreign filer, fund, or shell)",out,,0,
1038143,FNCTF,ORANGE,4813,,,,,"excluded: no domestic filings (foreign filer, fund, or shell)",out,,0,
1535628,CIXPF,CaixaBank/ADR,,,,,,"excluded: no domestic filings (foreign filer, fund, or shell)",out,,0,
1012037,CODGF,COMPAGNIE DE SAINT GOBAIN,,,,,,"excluded: no domestic filings (foreign filer, fund, or shell)",out,,0,
1330306,VWSYF,VESTAS WIND SYSTEMS A/S,8880,,,,,"excluded: no domestic filings (foreign filer, fund, or shell)",out,,0,
814052,TEFOF,TELEFONICA S A,4813,,,,,"excluded: no domestic filings (foreign filer, fund, or shell)",out,,0,
915912,AVB,AVALONBAY COMMUNITIES INC,6798,,,142797963.0,,unsized,out,,0,counting failure; never a member
1700171,ANNSF,Aena S.A./ADR,,,,,,"excluded: no domestic filings (foreign filer, fund, or shell)",out,,0,
1712356,HRNNF,Hydro One Ltd,4911,,,,,"excluded: no domestic filings (foreign filer, fund, or shell)",out,,0,
16988,CAJPY,CANON INC,3861,,,,,"excluded: no domestic filings (foreign filer, fund, or shell)",out,,0,
1436778,SAXPF,Sampo OYJ,,,,,,"excluded: no domestic filings (foreign filer, fund, or shell)",out,,0,
801645,MARUF,MARUBENI CORP /FI,,,,,,"excluded: no domestic filings (foreign filer, fund, or shell)",out,,0,
1396282,HMRZF,H&M HENNES & MAURITZ AB,,,,,,"excluded: no domestic filings (foreign filer, fund, or shell)",out,,0,
57083,KYOCF,KYOCERA CORP,3674,,,,,"excluded: no domestic filings (foreign filer, fund, or shell)",out,,0,
1459334,BKZHY,Santander Bank Polska SA/ADR,,,,,,"excluded: no domestic filings (foreign filer, fund, or shell)",out,,0,
1450346,POAHF,Porsche Automobil Holding SE / ADR,,,,,,"excluded: no domestic filings (foreign filer, fund, or shell)",out,,0,
1516534,EDRVY,EDP Renewables S.A./ADR,8880,,,,,"excluded: no domestic filings (foreign filer, fund, or shell)",out,,0,
1518542,SPXSF,Spirax-Sarco Engineering PLC/ADR,8880,,,,,"excluded: no domestic filings (foreign filer, fund, or shell)",out,,0,
1450159,SURDF,"Sumitomo Realty & Development Co., Ltd./ADR",,,,,,"excluded: no domestic filings (foreign filer, fund, or shell)",out,,0,
1041668,CHKIF,CHINA SOUTHERN AIRLINES CO LTD,4512,,,,,"excluded: no domestic filings (foreign filer, fund, or shell)",out,,0,
1281721,SGIOF,SHIONOGI & CO LTD,8880,,,,,"excluded: no domestic filings (foreign filer, fund, or shell)",out,,0,
801337,WBS,WEBSTER FINANCIAL CORP,6021,,,162033448.0,,unsized,out,,0,counting failure; never a member
930826,SVYSF,SOLVAY S A /ADR/,,,,,,"excluded: no domestic filings (foreign filer, fund, or shell)",out,,0,
1333172,NMPGY,Navios Maritime Holdings Inc.,4412,,,,,"excluded: no domestic filings (foreign filer, fund, or shell)",out,,0,
1442651,SHECF,"Shin-Etsu Chemical Co., Ltd.",,,,,,"excluded: no domestic filings (foreign filer, fund, or shell)",out,,0,
1611983,LBRDK,Liberty Broadband Corp,4841,,,,,unsized,out,,0,counting failure; never a member
1161611,ALMMF,ALUMINUM CORP OF CHINA LTD,3334,,,,,"excluded: no domestic filings (foreign filer, fund, or shell)",out,,0,
1447100,YMHAY,"Yamaha Motor Co., Ltd.",8880,,,,,"excluded: no domestic filings (foreign filer, fund, or shell)",out,,0,
1437441,PIRBF,Piraeus Bank S.A.,,,,,,"excluded: no domestic filings (foreign filer, fund, or shell)",out,,0,
1446597,DQJCF,Don Quijote Holdings Co Ltd,8880,,,,,"excluded: no domestic filings (foreign filer, fund, or shell)",out,,0,
1504122,PBNNF,PT Bank Negara Indonesia (Persero) Tbk/ADR,,,,,,"excluded: no domestic filings (foreign filer, fund, or shell)",out,,0,
1437672,PRYMF,Prysmian S.p.A.,,,,,,"excluded: no domestic filings (foreign filer, fund, or shell)",out,,0,
1062066,AOMFF,ALSTOM,3621,,,,,"excluded: no domestic filings (foreign filer, fund, or shell)",out,,0,
353991,NDEKF,NITTO DENKO CORP / ADR/,8880,,,,,"excluded: no domestic filings (foreign filer, fund, or shell)",out,,0,
1604982,SBMFF,Sino Biopharmaceutical Limited/ADR,,,,,,"excluded: no domestic filings (foreign filer, fund, or shell)",out,,0,
1600520,OSCUF,"Japan Exchange Group, Inc./ADR",,,,,,"excluded: no domestic filings (foreign filer, fund, or shell)",out,,0,
1346287,CLUS,Cluster Group Holdings Ltd Co,4899,,,40004385.0,,unsized,out,,0,counting failure; never a member
1453932,UNBLF,Unibail-Rodamco SE/ADR,,,,,,"excluded: no domestic filings (foreign filer, fund, or shell)",out,,0,
1562805,XZJCF,Mitsui Kinzoku Co Ltd./ADR,,,,,,"excluded: no domestic filings (foreign filer, fund, or shell)",out,,0,
354516,TYOYY,TAIYO YUDEN CO LTD /ADR/,8880,,,,,"excluded: no domestic filings (foreign filer, fund, or shell)",out,,0,
1668501,KOSCF,Kose Corporation/ADR,,,,,,"excluded: no domestic filings (foreign filer, fund, or shell)",out,,0,
1710864,MSUXF,Misumi Group Inc./ADR,,,,,,"excluded: no domestic filings (foreign filer, fund, or shell)",out,,0,
1647435,ATDRF,Auto Trader Group plc/ADR,,,,,,"excluded: no domestic filings (foreign filer, fund, or shell)",out,,0,
1581285,BCUCF,Brunello Cucinelli S.p.A./ADR,,,,,,"excluded: no domestic filings (foreign filer, fund, or shell)",out,,0,
1506721,BLFBY,Balfour Beatty plc/ADR,,,,,,"excluded: no domestic filings (foreign filer, fund, or shell)",out,,0,
793742,HACBY,HACHIJUNI BANK LTD,,,,,,"excluded: no domestic filings (foreign filer, fund, or shell)",out,,0,
1642365,ALTB,Alpine Auto Brokers Inc.,5990,,,,,excluded: no Section 16 filings,out,,0,
1446420,MITUF,Mitsui Chemicals Inc,,,,,,"excluded: no domestic filings (foreign filer, fund, or shell)",out,,0,
2068427,ZLDPF,Zealand Pharma A/S/ADR,,,,,,"excluded: no domestic filings (foreign filer, fund, or shell)",out,,0,
908732,SPTJF,SINOPEC SHANGHAI PETROCHEMICAL CO LTD,2821,,,,,"excluded: no domestic filings (foreign filer, fund, or shell)",out,,0,
1445211,PIFMF,"Indofood Sukses Makmur, Tbk",,,,,,"excluded: no domestic filings (foreign filer, fund, or shell)",out,,0,
1671750,DISPF,Disco Corporation/ADR,,,,,,"excluded: no domestic filings (foreign filer, fund, or shell)",out,,0,
1465740,TWO-PC,TWO HARBORS INVESTMENT CORP.,6798,,,,,unsized,out,,0,counting failure; never a member
1362898,AVLNF,Avalon Advanced Materials Inc.,1000,,,,,"excluded: no domestic filings (foreign filer, fund, or shell)",out,,0,
1447101,TYTMF,Tokyo Tatemono Co Ltd,8880,,,,,"excluded: no domestic filings (foreign filer, fund, or shell)",out,,0,
1592049,RYKKF,Ryohin Keikaku Co/ADR,,,,,,"excluded: no domestic filings (foreign filer, fund, or shell)",out,,0,
1536787,SOHGY,ALSOK Co Ltd./ADR,,,,,,"excluded: no domestic filings (foreign filer, fund, or shell)",out,,0,
1660734,TRTN-PA,Triton International Ltd,7359,,,101158891.0,,unsized,out,,0,counting failure; never a member
107815,WELPP,WISCONSIN ELECTRIC POWER CO,4911,,,,,excluded: not a common-stock listing (vendor type PFD),out,,0,
1448611,CDGLF,ComfortDelGro Corp Ltd,,,,,,"excluded: no domestic filings (foreign filer, fund, or shell)",out,,0,
1770561,CODQL,Coronado Global Resources Inc.,1220,,,,,excluded: not a common-stock listing (vendor type OTHER),out,,0,
885275,WBHC,WILSON BANK HOLDING CO,6021,,,12420687.0,,unsized,out,,0,counting failure; never a member
1489088,TBNGY,PT Bukit Asam Tbk/ADR,,,,,,"excluded: no domestic filings (foreign filer, fund, or shell)",out,,0,
1562296,TUFBY,Thai Union Group Public Co Limited/ADR,8880,,,,,"excluded: no domestic filings (foreign filer, fund, or shell)",out,,0,
1423210,ARZTF,ARYZTA AG (fka IAWS GROUP PLC),,,,,,"excluded: no domestic filings (foreign filer, fund, or shell)",out,,0,
1578955,SBOEF,SBO AG/ADR,,,,,,"excluded: no domestic filings (foreign filer, fund, or shell)",out,,0,
1412100,MHLA,"Maiden Holdings, Ltd.",6331,,,,,excluded: not a common-stock listing (vendor type SP),out,,0,
1671541,DRSHF,DroneShield Ltd,,,,,,"excluded: no domestic filings (foreign filer, fund, or shell)",out,,0,
1503154,CMGMF,Chemring Group PLC/ADR,,,,,,"excluded: no domestic filings (foreign filer, fund, or shell)",out,,0,
1598655,GLOP-PA,GasLog Partners LP,4400,,,,,"excluded: no domestic filings (foreign filer, fund, or shell)",out,,0,
1803901,TALK,"Talkspace, Inc.",8000,,,165823816.0,,unsized,out,,0,counting failure; never a member
1072725,GDRZF,GOLD RESERVE LTD,1040,,,,,excluded: not a common-stock listing (vendor type OS),out,,0,
1537543,MTGRF,MGX Resources Limited/ADR,,,,,,"excluded: no domestic filings (foreign filer, fund, or shell)",out,,0,
1782999,PTCHF,PureTech Health plc,2834,,,,,"excluded: no domestic filings (foreign filer, fund, or shell)",out,,0,
1271554,ERLFF,Entree Resources Ltd.,1040,,,,,excluded: not a common-stock listing (vendor type OS),out,,0,
1815620,CKDXF,Opthea Ltd,2836,,,,,"excluded: no domestic filings (foreign filer, fund, or shell)",out,,0,
23426,CNTHP,CONNECTICUT LIGHT & POWER CO,4911,,,,,excluded: not a common-stock listing (vendor type PFD),out,,0,
1641601,RVRF,River Financial Corp,6022,,,,,excluded: no Section 16 filings,out,,0,
2034334,AACB,Artius II Acquisition Inc.,6770,,,,,excluded: blank-check company (SIC 6770),out,,0,
1577568,HEXEY,Euronext Athens Holding S.A./ADR,,,,,,"excluded: no domestic filings (foreign filer, fund, or shell)",out,,0,
1697884,VSBC,VITASPRING BIOMEDICAL CO. LTD.,8731,,,,,excluded: no Section 16 filings,out,,0,
1851651,BNIGF,Beroni Group Ltd,2834,,,,,"excluded: no domestic filings (foreign filer, fund, or shell)",out,,0,
2129284,AMEGF,American Eagle Gold Corp.,1040,,,,,"excluded: no domestic filings (foreign filer, fund, or shell)",out,,0,
1823635,ECXJ,"CXJ GROUP CO., Ltd",3714,,,102270517.0,,unsized,out,,0,counting failure; never a member
885508,STRS,STRATUS PROPERTIES INC,6552,,,7982723.0,,unsized,out,,0,counting failure; never a member
1394189,CHPGF,Chesapeake Gold Corp,,,,,,"excluded: no domestic filings (foreign filer, fund, or shell)",out,,0,
1855743,ARRKF,ARRAS MINERALS CORP.,1000,,,,,"excluded: no domestic filings (foreign filer, fund, or shell)",out,,0,
1726079,LUCN,"Lucent, Inc.",7389,,,,,excluded: no Section 16 filings,out,,0,
2012318,IPCX,Inflection Point Acquisition Corp. III,6770,,,,,excluded: blank-check company (SIC 6770),out,,0,
1814974,BBXIB,"BBX Capital, Inc.",5400,,,,,unsized,out,,0,counting failure; never a member
1343793,BTA,BlackRock Long-Term Municipal Advantage Trust,,,,,,"excluded: no domestic filings (foreign filer, fund, or shell)",out,,0,
942149,OCGSF,Outcrop Silver & Gold Corp,1000,,,,,"excluded: no domestic filings (foreign filer, fund, or shell)",out,,0,
2042320,AOAO,Alpha One Inc.,4899,,,,,excluded: no Section 16 filings,out,,0,
1804583,RAASY,Cloopen Group Holding Ltd,7372,,,,,"excluded: no domestic filings (foreign filer, fund, or shell)",out,,0,
818677,SFDL,SECURITY FEDERAL CORP,6022,,,3093225.0,,unsized,out,,0,counting failure; never a member
1552800,TTSH,"TILE SHOP HOLDINGS, INC.",5700,,,39821741.0,,unsized,out,,0,counting failure; never a member
1908984,ENDI,ENDI Corp.,6282,,,1800000.0,,unsized,out,,0,counting failure; never a member
1668340,BCTF,"Bancorp 34, Inc.",6035,,,6665415.0,,unsized,out,,0,counting failure; never a member
1389207,GFASY,Gafisa S.A.,1520,,,,,"excluded: no domestic filings (foreign filer, fund, or shell)",out,,0,
1882198,ATEK,Athena Technology Acquisition Corp. II,4955,,,,,unsized,out,,0,counting failure; never a member
1847360,BCOW,"1895 Bancorp of Wisconsin, Inc. /MD/",6036,,,5958261.0,,unsized,out,,0,counting failure; never a member
202947,CPTP,CAPITAL PROPERTIES INC /RI/,6519,,,6599912.0,,unsized,out,,0,counting failure; never a member
1482430,KBSR,"KBS Real Estate Investment Trust III, Inc.",6798,,,148516246.0,,unsized,out,,0,counting failure; never a member
1845799,CULL,"Cullman Bancorp, Inc. /MD/",6036,,,7247375.0,,unsized,out,,0,counting failure; never a member
1429393,TKLS,"Trutankless, Inc.",3630,,,170348374.0,,unsized,out,,0,counting failure; never a member
1865248,CMCAF,Piermont Valley Acquisition Corp,6770,,,,,excluded: blank-check company (SIC 6770),out,,0,
1489874,GGROU,Golden Growers Cooperative,0700,,,,,excluded: not a common-stock listing (vendor type UNIT),out,,0,
1845149,CBRRF,Chain Bridge I,6770,,,,,excluded: blank-check company (SIC 6770),out,,0,
1703118,FUUFF,F3 Uranium Corp.,,,,,,"excluded: no domestic filings (foreign filer, fund, or shell)",out,,0,
1779474,MAPS,"WM TECHNOLOGY, INC.",7372,,,,,excluded: not a common-stock listing (vendor type OS),out,,0,
797564,HSTC,"HST Global, Inc.",2834,,,42771382.0,,unsized,out,,0,counting failure; never a member
1086303,HCIL,"Hongchang International Co., Ltd",3845,,,518831367.0,,unsized,out,,0,counting failure; never a member
1876716,ASCBF,ASPAC II Acquisition Corp.,6770,,,,,excluded: blank-check company (SIC 6770),out,,0,
1593549,LIVG,"Livento Group, Inc.",7372,,,133702856.0,,unsized,out,,0,counting failure; never a member
1075706,CIZN,CITIZENS HOLDING CO /MS/,6022,,,5624052.0,,unsized,out,,0,counting failure; never a member
2037786,USREF,Tactical Resources Corp.,1000,,,,,"excluded: no domestic filings (foreign filer, fund, or shell)",out,,0,
1087456,UBOH,UNITED BANCSHARES INC/OH,6021,,,3136180.0,,unsized,out,,0,counting failure; never a member
1550453,TRLC,TriLinc Global Impact Fund LLC,6199,,,,,excluded: self-described fund with no annual meeting,out,,0,
1807983,MDNAF,Medicenna Therapeutics Corp.,2834,,,,,"excluded: no domestic filings (foreign filer, fund, or shell)",out,,0,
1468639,VICP,"Vicapsys Life Sciences, Inc.",2834,,,32371299.0,,unsized,out,,0,counting failure; never a member
1452804,RMHI,"Retrieve Medical Holdings, Inc.",2834,,,78363567.0,,unsized,out,,0,counting failure; never a member
1854463,WINV,WinVest Acquisition Corp.,6770,,,,,excluded: blank-check company (SIC 6770),out,,0,
1408146,SCYYF,SCANDIUM INTERNATIONAL MINING CORP.,1000,,,,,excluded: not a common-stock listing (vendor type OS),out,,0,
1823365,GBNY,"Generations Bancorp NY, Inc.",6035,,,2241801.0,,unsized,out,,0,counting failure; never a member
1723059,BIOE,Bio Essence Corp,2834,,,53809000.0,,unsized,out,,0,counting failure; never a member
1620678,ANPCF,ANGLE plc,,,,,,"excluded: no domestic filings (foreign filer, fund, or shell)",out,,0,
943034,AATC,AUTOSCOPE TECHNOLOGIES CORP,3829,,,5407707.0,,unsized,out,,0,counting failure; never a member
1050606,SALM,"SALEM MEDIA GROUP, INC. /DE/",4832,,,,,unsized,out,,0,counting failure; never a member
831609,CXXIF,C21 Investments Inc.,2833,,,,,"excluded: no domestic filings (foreign filer, fund, or shell)",out,,0,
1099234,MLMC,"FrankSpeech Network, Inc.",7841,,,4411506596.0,,unsized,out,,0,counting failure; never a member
1861233,ILLMF,illumin Holdings Inc.,7374,,,,,"excluded: no domestic filings (foreign filer, fund, or shell)",out,,0,
1619312,LTSV,"Lightstone Value Plus REIT IV, Inc.",6798,,,8100000.0,,unsized,out,,0,counting failure; never a member
1000045,OMCC,OLD MARKET CAPITAL Corp,6153,,,6790097.0,,unsized,out,,0,counting failure; never a member
1569340,CLCS,"Cell Source, Inc.",2834,,,67945856.0,,unsized,out,,0,counting failure; never a member
1365388,HSTI,"High Sierra Technologies, Inc.",6770,,,,,excluded: blank-check company (SIC 6770),out,,0,
1800373,GWLL,"GOLDENWELL BIOTECH, INC.",2000,,,99000000.0,,unsized,out,,0,counting failure; never a member
1076691,OSBK,OCONEE FINANCIAL CORP,6022,,,899815.0,,unsized,out,,0,counting failure; never a member
1891512,XTXXF,Adastra Holdings Ltd.,2834,,,,,"excluded: no domestic filings (foreign filer, fund, or shell)",out,,0,
1095146,ABIT,Athena Bitcoin Global,6199,,,4095009545.0,,unsized,out,,0,counting failure; never a member
1826000,LTCH,"Latch, Inc.",5072,,,165656201.0,,unsized,out,,0,counting failure; never a member
1913838,VWFB,"VWF Bancorp, Inc.",6036,,,1911413.0,,unsized,out,,0,counting failure; never a member
1967306,MSBB,"Mercer Bancorp, Inc.",6036,,,1013303.0,,unsized,out,,0,counting failure; never a member
1301854,MRZLF,Mirasol Resources Ltd,,,,,,"excluded: no domestic filings (foreign filer, fund, or shell)",out,,0,
1101026,ZIVO,"Zivo Bioscience, Inc.",2836,,,3888595.0,,unsized,out,,0,counting failure; never a member
86115,SFES,SAFEGUARD SCIENTIFICS INC,6799,,,16722994.0,,unsized,out,,0,counting failure; never a member
1497649,GSTX,Graphene & Solar Technologies Ltd,1000,,,739928268.0,,unsized,out,,0,counting failure; never a member
1158399,BRCNF,Burcon NutraScience Corp,2020,,,,,"excluded: no domestic filings (foreign filer, fund, or shell)",out,,0,
1568628,BQST,Bioquest Corp,2834,,,,,excluded: no Section 16 filings,out,,0,
1528188,WNFT,Worldwide NFT Inc.,7374,,,53475000.0,,unsized,out,,0,counting failure; never a member
890066,GLBZ,GLEN BURNIE BANCORP,6022,,,2919695.0,,unsized,out,,0,counting failure; never a member
1815974,ANEB,"Anebulo Pharmaceuticals, Inc.",2834,,,40784731.0,,unsized,out,,0,counting failure; never a member
1376986,TVE,Tennessee Valley Authority,4911,,,,,excluded: no Section 16 filings,out,,0,
1400271,CUBT,Curative Biotechnology Inc,2836,,,,,unsized,out,,0,counting failure; never a member
942126,TAIT,TAITRON COMPONENTS INC,5065,,,,,unsized,out,,0,counting failure; never a member
1673504,AGLY,Atlantis Glory Inc.,8742,,,,,excluded: no Section 16 filings,out,,0,
1016178,CARV,CARVER BANCORP INC,6035,,,5095254.0,,unsized,out,,0,counting failure; never a member
1001601,MGTI,"MGT CAPITAL INVESTMENTS, INC.",6199,,,6290802029.0,,unsized,out,,0,counting failure; never a member
1133798,TXRP,"TX Rail Products, Inc.",5084,,,48053084.0,,unsized,out,,0,counting failure; never a member
1350156,PAXH,PREAXIA HEALTH CARE PAYMENT SYSTEMS INC.,5700,,,48314782.0,,unsized,out,,0,counting failure; never a member
1816554,EVTK,EVENTIKO INC.,7990,,,,,excluded: no Section 16 filings,out,,0,
1490054,APHD,"VERDE BIO HOLDINGS, INC.",1311,,,2020821612.0,,unsized,out,,0,counting failure; never a member
1763925,CJAX,CoJax Oil & Gas Corp,1311,,,14168755.0,,unsized,out,,0,counting failure; never a member
936801,FEOVF,OCEANIC IRON ORE CORP,6199,,,,,"excluded: no domestic filings (foreign filer, fund, or shell)",out,,0,
1391426,CLNV,Clean Vision Corp,2860,,,1152768307.0,,unsized,out,,0,counting failure; never a member
1771755,SWISF,Sekur Private Data Ltd.,4822,,,,,"excluded: no domestic filings (foreign filer, fund, or shell)",out,,0,
1420108,GLUC,"Glucose Health, Inc.",2833,,,4545310.0,,unsized,out,,0,counting failure; never a member
1737270,NEXCF,Nextech3D.AI Corp.,7371,,,,,"excluded: no domestic filings (foreign filer, fund, or shell)",out,,0,
1565228,VISL,"Vislink Technologies, Inc.",3669,,,2467618.0,,unsized,out,,0,counting failure; never a member
1996210,BLMH,"BLUM HOLDINGS, INC.",5900,,,25230686.0,,unsized,out,,0,counting failure; never a member
1539680,HMMR,HAMMER TECHNOLOGY HOLDINGS CORP.,4899,,,73310489.0,,unsized,out,,0,counting failure; never a member
1092570,FULO,FULLNET COMMUNICATIONS INC,4813,,,19623917.0,,unsized,out,,0,counting failure; never a member
1119643,NPHC,NUTRA PHARMA CORP,2833,,,7159727214.0,,unsized,out,,0,counting failure; never a member
1574676,NGHI,"Galenfeha, Inc.",8711,,,97525679.0,,unsized,out,,0,counting failure; never a member
1777765,VQSSF,VIQ Solutions Inc.,7370,,,,,"excluded: no domestic filings (foreign filer, fund, or shell)",out,,0,
727346,GBCS,"SELECTIS HEALTH, INC.",6798,,,3067059.0,,unsized,out,,0,counting failure; never a member
1468978,SITS,"SOUTHERN ITS INTERNATIONAL, INC.",7372,,,,,excluded: no Section 16 filings,out,,0,
1138867,EESH,"EESTech, Inc.",4941,,,276991955.0,,unsized,out,,0,counting failure; never a member
1397795,BRRN,Bryn Inc.,8741,,,,,excluded: no Section 16 filings,out,,0,
2040753,XONI,"Xtreme One Entertainment, Inc.",7900,,,,,"excluded: no domestic filings (foreign filer, fund, or shell)",out,,0,
924095,MVCO,"Metavesco, Inc.",6199,,,6632214000.0,,unsized,out,,0,counting failure; never a member
1508786,SLTN,"SILVERTON ENERGY, INC.",3021,,,52424875.0,,unsized,out,,0,counting failure; never a member
1545224,SILEF,Silver Elephant Mining Corp.,1000,,,,,"excluded: no domestic filings (foreign filer, fund, or shell)",out,,0,
1448705,BASA,"BASANITE, INC.",3990,,,267560840.0,,unsized,out,,0,counting failure; never a member
1548958,BBBXF,Brixton Metals Corp,,,,,,"excluded: no domestic filings (foreign filer, fund, or shell)",out,,0,
1709542,XESP,"Electronic Servitor Publication Network, Inc.",7374,,,53528001.0,,unsized,out,,0,counting failure; never a member
1715433,LCHD,Leader Capital Holdings Corp.,7371,,,8258833.0,,unsized,out,,0,counting failure; never a member
1377167,FGCO,"Financial Gravity Companies, Inc.",6199,,,91806983.0,,unsized,out,,0,counting failure; never a member
1394108,SUIC,SUIC Worldwide Holdings Ltd.,2860,,,80646938.0,,unsized,out,,0,counting failure; never a member
1854233,EGLXF,Enthusiast Gaming Holdings Inc. / Canada,7900,,,,,"excluded: no domestic filings (foreign filer, fund, or shell)",out,,0,
1811530,NXMH,"Next Meats Holdings, Inc.",2000,,,500000000.0,,unsized,out,,0,counting failure; never a member
1103090,RSCF,"REFLECT SCIENTIFIC, INC.",3821,,,85664086.0,,unsized,out,,0,counting failure; never a member
1605057,VMNT,"Vemanti Group, Inc.",6199,,,73435503.0,,unsized,out,,0,counting failure; never a member
1629632,EGTYF,Eguana Technologies Inc.,,,,,,"excluded: no domestic filings (foreign filer, fund, or shell)",out,,0,
1098482,INNI,"Innovaro, Inc.",6770,,,,,"excluded: investment company (files 40-17G, N-2)",out,,0,
1815632,TGCB,"Tego Cyber, Inc.",7370,,,76090356.0,,unsized,out,,0,counting failure; never a member
1014052,DTGI,"Digerati Technologies, Inc.",7374,,,179734434.0,,unsized,out,,0,counting failure; never a member
1410708,NUVI,Emo Capital Corp.,2870,,,,,excluded: no Section 16 filings,out,,0,
1281984,WDLF,"Decentral Life, Inc.",6199,,,7394792892.0,,unsized,out,,0,counting failure; never a member
1166708,BWMG,"Brownie's Marine Group, Inc",3949,,,557213413.0,,unsized,out,,0,counting failure; never a member
1584618,ACRL,"Atacama Resources International, Inc.",1000,,,226023535.0,,unsized,out,,0,counting failure; never a member
1108248,KNOS,KRONOS ADVANCED TECHNOLOGIES INC,3564,,,,,unsized,out,,0,counting failure; never a member
1384365,RDAR,"Telvantis, Inc.",7371,,,105.97681760000002,,unsized,out,,0,counting failure; never a member
930775,ECIA,ENCISION INC,3841,,,16879645.0,,unsized,out,,0,counting failure; never a member
1723517,UCASU,UC Asset LP,6799,,,,,excluded: not a common-stock listing (vendor type UNIT),out,,0,
1883083,GPLL,"GPL Holdings, Inc.",6770,,,,,excluded: blank-check company (SIC 6770),out,,0,
1098009,AAGH,America Great Health,2834,,,,,excluded: no Section 16 filings,out,,0,
1730869,EBZT,"Everything Blockchain, Inc.",7372,,,30896653.0,,unsized,out,,0,counting failure; never a member
1498372,IWAL,iWallet Corp,3669,,,,,excluded: no Section 16 filings,out,,0,
724742,TPHS,Trinity Place Holdings Inc.,6512,,,66247266.0,,unsized,out,,0,counting failure; never a member
1597892,JRSS,JRSIS HEALTH CARE Corp,8060,,,84598650.0,,unsized,out,,0,counting failure; never a member
1205922,VCNX,"VACCINEX, INC.",2834,,,2676637.0,,unsized,out,,0,counting failure; never a member
1477009,CANN,TREES Corp (Colorado),5912,,,108746520.0,,unsized,out,,0,counting failure; never a member
1556801,MYCB,"My City Builders, Inc.",6500,,,17926686.0,,unsized,out,,0,counting failure; never a member
1975222,SSHT,SSHT S&T Group Ltd.,8742,,,,,excluded: no Section 16 filings,out,,0,
1378866,GOGR,Go Green Global Technologies Corp.,3677,,,,,unsized,out,,0,counting failure; never a member
1133818,BPTH,"BIO-PATH HOLDINGS, INC.",2834,,,50297451.0,,unsized,out,,0,counting failure; never a member
1434740,RNGC,Ranger Gold Corp.,1040,,,242669234.0,,unsized,out,,0,counting failure; never a member
1292490,SYIN,"Synbio International, Inc.",7374,,,,,excluded: no Section 16 filings,out,,0,
1452011,TNBI,Tanke Biosciences Corp,2040,,,13324083.0,,unsized,out,,0,counting failure; never a member
1857910,JFTH,"Japan Food Tech Holdings, Inc.",6770,,,,,excluded: blank-check company (SIC 6770),out,,0,
841533,SRMX,"SADDLE RANCH MEDIA, INC.",3640,,,,,unsized,out,,0,counting failure; never a member
1144392,BKTH,MEGOLA INC,2890,,,,,unsized,out,,0,counting failure; never a member
1338929,AHRO,"Authentic Holdings, Inc.",5130,,,2379178836.0,,unsized,out,,0,counting failure; never a member
1919847,SFWJ,"Software Effective Solutions, Corp.",7371,,,,,"excluded: no domestic filings (foreign filer, fund, or shell)",out,,0,
1514946,AXIM,"AXIM BIOTECHNOLOGIES, INC.",2834,,,301958824.0,,unsized,out,,0,counting failure; never a member
803097,SPQS,"SportsQuest, Inc.",7900,,,4024163.151,,unsized,out,,0,counting failure; never a member
1631463,BRLL,Barrel Energy Inc.,1311,,,752144622.0,,unsized,out,,0,counting failure; never a member
1162283,MGHL,MORGAN GROUP HOLDING CO,6200,,,600090.0,,unsized,out,,0,counting failure; never a member
890725,GSAC,GELSTAT CORP,2834,,,,,unsized,out,,0,counting failure; never a member
1119949,MNZO,Exxsun Corp,1311,,,,,"excluded: no domestic filings (foreign filer, fund, or shell)",out,,0,
812306,PCYN,PROCYON CORP,2834,,,8120388.0,,unsized,out,,0,counting failure; never a member
1289223,NWPG,"Newport Gold, Inc.",1040,,,57310070.0,,unsized,out,,0,counting failure; never a member
827099,CPWR,Ocean Thermal Energy Corp,4931,,,190012124.0,,unsized,out,,0,counting failure; never a member
1552189,PLSH,"PANACEA LIFE SCIENCES HOLDINGS, INC.",2833,,,17645352.0,,unsized,out,,0,counting failure; never a member
1757143,PAIYY,Aesthetic Medical International Holdings Group Ltd,8093,,,,,"excluded: no domestic filings (foreign filer, fund, or shell)",out,,0,
1626745,FVTI,"Fortune Valley Treasures, Inc.",5900,,,15655038.0,,unsized,out,,0,counting failure; never a member
1973160,GMZP,GEMZ Corp. NV,1520,,,,,"excluded: no domestic filings (foreign filer, fund, or shell)",out,,0,
1639068,HBUV,Hubilu Venture Corp,6510,,,26237125.0,,unsized,out,,0,counting failure; never a member
1437476,GSFI,Green Stream Holdings Inc.,6500,,,6541760129.0,,unsized,out,,0,counting failure; never a member
1518336,DREM,Dream Homes & Development Corp.,1531,,,48564493.0,,unsized,out,,0,counting failure; never a member
946112,CDSG,"China Dongsheng International, Inc.",1000,,,,,unsized,out,,0,counting failure; never a member
1608092,KITL,Kisses From Italy Inc.,5810,,,407750100.0,,unsized,out,,0,counting failure; never a member
1512886,NTRR,NEUTRA CORP.,2833,,,2917899124.0,,unsized,out,,0,counting failure; never a member
1127007,VYRE,CABO VERDE CAPITAL INC.,4941,,,,,unsized,out,,0,counting failure; never a member
1492448,MAJI,Nextel Medical Corp.,4899,,,249843977.0,,unsized,out,,0,counting failure; never a member
1318268,MDEX,Madison Technologies Inc.,5900,,,1761428576.0,,unsized,out,,0,counting failure; never a member
827187,SNBRQ,Sleep Number Corp,2510,,,23049000.0,,unsized,out,,0,counting failure; never a member
1171008,ADMG,ADAMANT DRI PROCESSING & MINERALS GROUP,1000,,,87110005.0,,unsized,out,,0,counting failure; never a member
1416697,BLPG,"Blue Line Protection Group, Inc.",5900,,,8250144.0,,unsized,out,,0,counting failure; never a member
1865468,KACLF,Kairous Acquisition Corp. Ltd,6770,,,,,excluded: blank-check company (SIC 6770),out,,0,
1653606,EHVVF,"Ehave, Inc.",7371,,,,,"excluded: no domestic filings (foreign filer, fund, or shell)",out,,0,
1464865,ASII,"Accredited Solutions, Inc.",2080,,,2653493596.0,,unsized,out,,0,counting failure; never a member
1580262,RTON,"Right On Brands, Inc.",5900,,,31498064.0,,unsized,out,,0,counting failure; never a member
1084551,CRDV,Community Redevelopment Inc.,6552,,,86038098.0,,unsized,out,,0,counting failure; never a member
1061040,NGCG,"New Generation Consumer Group, Inc.",7371,,,,,"excluded: no domestic filings (foreign filer, fund, or shell)",out,,0,
1553264,APSI,AQUA POWER SYSTEMS INC.,4911,,,,,excluded: no Section 16 filings,out,,0,
1117228,MMMW,MASS MEGAWATTS WIND POWER INC,4991,,,1722145.79,,unsized,out,,0,counting failure; never a member
1737193,LDSN,Aphoenity International Holdings Inc.,7374,,,563466410.0,,unsized,out,,0,counting failure; never a member
1874138,SHGI,"Sparx Holdings Group, Inc.",3585,,,178750031.0,,unsized,out,,0,counting failure; never a member
1946746,LTESF,Leet INC.,7372,,,,,"excluded: no domestic filings (foreign filer, fund, or shell)",out,,0,
1465470,SHMP,NaturalShrimp Inc,0900,,,1277546746.0,,unsized,out,,0,counting failure; never a member
1681556,GXXM,"GEX MANAGEMENT, INC.",8742,,,240560.9162,,unsized,out,,0,counting failure; never a member
1652958,EDGM,"Edgemode, Inc.",8082,,,4791424217.0,,unsized,out,,0,counting failure; never a member
1624517,FRQN,"Frequency Holdings, Inc",7389,,,3799739.396,,unsized,out,,0,counting failure; never a member
1430300,GWSO,"Global Warming Solutions, Inc.",5960,,,16393903.0,,unsized,out,,0,counting failure; never a member
1451448,GMBL,"ESPORTS ENTERTAINMENT GROUP, INC.",7900,,,1145980.0,,unsized,out,,0,counting failure; never a member
1715819,EMED,"Electromedical Technologies, Inc",3841,,,855039093.0,,unsized,out,,0,counting failure; never a member
772263,NICH,NITCHES INC,2330,,,336821595.0,,unsized,out,,0,counting failure; never a member
1791929,DPUI,"DISCOUNT PRINT USA, INC.",2750,,,,,"excluded: no domestic filings (foreign filer, fund, or shell)",out,,0,
1528172,ENDV,"ENDONOVO THERAPEUTICS, INC.",3845,,,318751597.0,,unsized,out,,0,counting failure; never a member
897078,KOAN,"Resonate Blends, Inc.",7372,,,195248774.0,,unsized,out,,0,counting failure; never a member
1642159,SIGY,"Sigyn Therapeutics, Inc.",3841,,,1605377.0,,unsized,out,,0,counting failure; never a member
1837774,GIPL,Global Innovative Platforms Inc.,3841,,,49751241.0,,unsized,out,,0,counting failure; never a member
1967478,CPTAF,Captivision Inc.,3690,,,,,"excluded: no domestic filings (foreign filer, fund, or shell)",out,,0,
1407973,SONX,"Sonendo, Inc.",3843,,,427401.0,,unsized,out,,0,counting failure; never a member
819926,SEII,SHARING ECONOMY INTERNATIONAL INC.,7373,,,6248548045.0,,unsized,out,,0,counting failure; never a member
1394638,DWAY,"Driveitaway Holdings, Inc.",8200,,,127065629.0,,unsized,out,,0,counting failure; never a member
1622996,ACBM,"ACRO BIOMEDICAL CO., LTD.",7900,,,60042000.0,,unsized,out,,0,counting failure; never a member
1343465,SNPW,Sun Pacific Holding Corp.,7310,,,243738.33375,,unsized,out,,0,counting failure; never a member
1782037,YGMZF,MingZhu Logistics Holdings Ltd,4700,,,,,"excluded: no domestic filings (foreign filer, fund, or shell)",out,,0,
1413909,DSGT,DSG Global Inc.,7373,,,157257212.0,,unsized,out,,0,counting failure; never a member
1420368,DLTI,DLT Resolution Inc.,7200,,,,,excluded: no Section 16 filings,out,,0,
1671132,SONG,Music Licensing Inc.,7900,,,,,"excluded: no domestic filings (foreign filer, fund, or shell)",out,,0,
918545,BISA,BALTIC INTERNATIONAL USA INC,6770,,,,,excluded: blank-check company (SIC 6770),out,,0,
1706509,COSG,Cosmos Group Holdings Inc.,6199,,,229298.1541,,unsized,out,,0,counting failure; never a member
1545236,AHII,American Heritage International Inc.,4950,,,998662.5,,unsized,out,,0,counting failure; never a member
1532175,NHFOF,NH Foods Ltd./ADR,8880,,,,,"excluded: no domestic filings (foreign filer, fund, or shell)",out,,0,
2056016,RDSC,Radiant Strategies Corp,8742,,,,,excluded: no Section 16 filings,out,,0,
1608401,ISADY,ISS A/S / ADR,,,,,,"excluded: no domestic filings (foreign filer, fund, or shell)",out,,0,
1665275,JPHLF,"Japan Post Holdings Co., Ltd./ADR",,,,,,"excluded: no domestic filings (foreign filer, fund, or shell)",out,,0,
1655190,SHLRF,Schindler Holding AG/ADR,,,,,,"excluded: no domestic filings (foreign filer, fund, or shell)",out,,0,
1564538,GRTUF,GRANITE REAL ESTATE INVESTMENT TRUST,6798,,,,,"excluded: no domestic filings (foreign filer, fund, or shell)",out,,0,
1585380,INKWD,"Greene Concepts, Inc",2086,,,,,"excluded: no domestic filings (foreign filer, fund, or shell)",out,,0,
1674356,TPTS,"Terra Property Trust, Inc.",6798,,,,,excluded: not a common-stock listing (vendor type SP),out,,0,
2127861,ELSSF,ELIS S.A./ADR,,,,,,"excluded: no domestic filings (foreign filer, fund, or shell)",out,,0,
2111453,VUECF,Verdera Energy Corp.,1090,,,,,"excluded: no domestic filings (foreign filer, fund, or shell)",out,,0,
2107960,SWCPF,SWCC Corp/ADR,,,,,,"excluded: no domestic filings (foreign filer, fund, or shell)",out,,0,
1460447,MIMTF,Mitsubishi Materials Corp / ADR,,,,,,"excluded: no domestic filings (foreign filer, fund, or shell)",out,,0,
1445214,SLOIF,Soitec SA,,,,,,"excluded: no domestic filings (foreign filer, fund, or shell)",out,,0,
1472879,WCPRF,WHITECAP RESOURCES INC.,1311,,,,,"excluded: no domestic filings (foreign filer, fund, or shell)",out,,0,
1496254,LTAFX,Alternative Strategies Income Fund,,,,,,"excluded: no domestic filings (foreign filer, fund, or shell)",out,,0,
1336364,GIGGF,Giga Metals Corp,1000,,,,,"excluded: no domestic filings (foreign filer, fund, or shell)",out,,0,
1971172,THNBY,Technoprobe SpA/ADR,,,,,,"excluded: no domestic filings (foreign filer, fund, or shell)",out,,0,
1989788,GAFC,Guru App Factory Corp,7371,,,,,excluded: no Section 16 filings,out,,0,
2029014,MRCL,Mercalot Inc.,7380,,,5735200.0,,unsized,out,,0,counting failure; never a member
2029303,THTG,Tech Tonic Group Corp.,7371,,,,,excluded: no Section 16 filings,out,,0,
2074059,WIPKF,Winpak Ltd./ADR,,,,,,"excluded: no domestic filings (foreign filer, fund, or shell)",out,,0,
2114521,CSBA,CSB Financial Inc.,6036,,,1402935.0,,unsized,out,,0,counting failure; never a member
2108180,NOFCF,NOF Corporation/ADR,,,,,,"excluded: no domestic filings (foreign filer, fund, or shell)",out,,0,
2109666,EXOSF,Exosens SAS/ADR,,,,,,"excluded: no domestic filings (foreign filer, fund, or shell)",out,,0,
1856488,HNSDF,Hensoldt AG/ADR,,,,,,"excluded: no domestic filings (foreign filer, fund, or shell)",out,,0,
1853630,HMELF,Hold Me Ltd,7372,,,,,"excluded: no domestic filings (foreign filer, fund, or shell)",out,,0,
1736510,NICHX,Variant Alternative Income Fund,,,,,,"excluded: no domestic filings (foreign filer, fund, or shell)",out,,0,
1722556,BGFR,BestGofer Inc.,7200,,,,,excluded: no Section 16 filings,out,,0,
1713675,SCAFF,Schaeffler AG/ADR,,,,,,"excluded: no domestic filings (foreign filer, fund, or shell)",out,,0,
1705969,DRRKF,dormakaba Holding AG,,,,,,"excluded: no domestic filings (foreign filer, fund, or shell)",out,,0,
1765651,PSPX,Pacific Sports Exchange Inc.,5940,,,14375000.0,,unsized,out,,0,counting failure; never a member
1794363,SDMHF,Sartorius Stedim Biotech S.A./ADR,,,,,,"excluded: no domestic filings (foreign filer, fund, or shell)",out,,0,
1822989,LSRCF,Lasertec Corporation/ADR,,,,,,"excluded: no domestic filings (foreign filer, fund, or shell)",out,,0,
1823593,TSPH,TuSimple Holdings Inc.,7373,,,,,unsized,out,,0,counting failure; never a member
1529906,DPLMF,Diploma plc/ADR,8880,,,,,"excluded: no domestic filings (foreign filer, fund, or shell)",out,,0,
1554625,PRIF-PD,"Priority Income Fund, Inc.",,,,,,"excluded: no domestic filings (foreign filer, fund, or shell)",out,,0,
1842167,LLPS,Limitless Projects Inc.,7389,,,,,excluded: no Section 16 filings,out,,0,
1848826,INPOF,InPost S.A./ADR,,,,,,"excluded: no domestic filings (foreign filer, fund, or shell)",out,,0,
1938338,GLTK,GlobalTech Corp,4813,,,50357030.33333333,,unsized,out,,0,counting failure; never a member
1932213,BCCG,Blue Chip Capital Group Inc.,6199,,,,,excluded: no Section 16 filings,out,,0,
1923734,AKPPS,Ark7 Properties Plus LLC,6500,,,,,"excluded: no domestic filings (foreign filer, fund, or shell)",out,,0,
1939937,LMMY,"Exousia Bio, Inc.",8200,,,,,excluded: no Section 16 filings,out,,0,
1957783,MACT,"MachTen, Inc.",4813,,,3272407.0,,unsized,out,,0,counting failure; never a member
2032732,AVSBS,"Arrived Homes 5, LLC",6500,,,,,"excluded: no domestic filings (foreign filer, fund, or shell)",out,,0,
2025878,ITXP,"Independence Power Holdings, Inc.",8700,,,,,excluded: no Section 16 filings,out,,0,
2033264,VDTA,Vertical Data Inc.,8742,,,13645342.0,,unsized,out,,0,counting failure; never a member
2003750,MGSD,"Maitong Sunshine Cultural Development Co., Ltd",4700,,,64125000.0,,unsized,out,,0,counting failure; never a member
1698538,STSR,"Strategic Student & Senior Housing Trust, Inc.",6798,,,,,excluded: no Section 16 filings,out,,0,
1728918,AIBRF,AIB Group plc/ADR,,,,,,"excluded: no domestic filings (foreign filer, fund, or shell)",out,,0,
1754088,MPNGF,Meituan Dianping/ADR,,,,,,"excluded: no domestic filings (foreign filer, fund, or shell)",out,,0,
1679920,SATLF,"Start Today Co., Ltd./ADR",,,,,,"excluded: no domestic filings (foreign filer, fund, or shell)",out,,0,
1662972,BSTT,"Blackstone Real Estate Income Trust, Inc.",6798,,,20000.0,,unsized,out,,0,counting failure; never a member
1658645,LENDX,Stone Ridge Trust V,,,,,,"excluded: no domestic filings (foreign filer, fund, or shell)",out,,0,
1778788,WEBJF,Webjet Limited/ADR,,,,,,"excluded: no domestic filings (foreign filer, fund, or shell)",out,,0,
1852039,FILG,Grayscale Filecoin Trust (FIL),6199,,,,,"excluded: no domestic filings (foreign filer, fund, or shell)",out,,0,
1825248,FRBP,Franklin BSP Capital Corp,,,,,,excluded: investment company (files 40-17G),out,,0,
1831283,LIANY,LianBio,2834,,,108062638.0,,unsized,out,,0,counting failure; never a member
1029974,IPGLF,INTERPUMP GROUP SPA /FI,,,,,,"excluded: no domestic filings (foreign filer, fund, or shell)",out,,0,
1023458,XAEIU,AEI INCOME & GROWTH FUND XXII LTD PARTNERSHIP,6500,,,,,excluded: not a common-stock listing (vendor type OTHER),out,,0,
2038166,NKTP,"Nok Therapeutics, Inc.",2834,,,,,"excluded: no domestic filings (foreign filer, fund, or shell)",out,,0,
2034288,RMGL,Rocky Mountains Group Ltd,8200,,,,,excluded: no Section 16 filings,out,,0,
1985554,LDXC,Londax Corp.,7371,,,5350000.0,,unsized,out,,0,counting failure; never a member
1994582,OYCG,Oyocar Group Inc.,5500,,,,,excluded: no Section 16 filings,out,,0,
1852575,SGST,"Strategic Storage Trust VI, Inc.",6798,,,,,unsized,out,,0,counting failure; never a member
1935033,KMFG,KEEMO Fashion Group Ltd,5130,,,,,excluded: no Section 16 filings,out,,0,
1766868,ADDTF,Addtech AB/ADR,,,,,,"excluded: no domestic filings (foreign filer, fund, or shell)",out,,0,
1752564,MRCIF,"Mercari, Inc./ADR",,,,,,"excluded: no domestic filings (foreign filer, fund, or shell)",out,,0,
1643198,JBHIF,JB Hi-Fi Limited/ADR,,,,,,"excluded: no domestic filings (foreign filer, fund, or shell)",out,,0,
1621227,ADAPY,Adaptimmune Therapeutics PLC,2836,,,1590309546.0,,unsized,out,,0,counting failure; never a member
1668393,CEHCF,"Cosmo Energy Holdings Co., Ltd./ADR",,,,,,"excluded: no domestic filings (foreign filer, fund, or shell)",out,,0,
1659576,JPSTF,"Japan Post Bank Co., Ltd.",,,,,,"excluded: no domestic filings (foreign filer, fund, or shell)",out,,0,
1509957,NASC,Can B Corp,5122,,,75841988.0,,unsized,out,,0,counting failure; never a member
1580226,HCTPF,Hutchison Port Holdings Trust/ADR,8880,,,,,"excluded: no domestic filings (foreign filer, fund, or shell)",out,,0,
1614943,RPGRF,REA Group Limited/ADR,,,,,,"excluded: no domestic filings (foreign filer, fund, or shell)",out,,0,
1447960,CMCLF,"China Molybdenum Co., Ltd.",,,,,,"excluded: no domestic filings (foreign filer, fund, or shell)",out,,0,
1317295,CITAF,CHINA SHIPPING CONTAINER LINES CO LTD,,,,,,"excluded: no domestic filings (foreign filer, fund, or shell)",out,,0,
1078716,TGOPF,3i GROUP PLC,,,,,,"excluded: no domestic filings (foreign filer, fund, or shell)",out,,0,
1089907,SWKHL,SWK Holdings Corp,6159,,303293367.8481,12095979.0,25.0739,sized,out,,0,no vendor measure; sec-only newcomers are not admitted
1114446,AMUB,UBS AG,6021,,,,,"excluded: no domestic filings (foreign filer, fund, or shell)",out,,0,
1128252,XAKJ,"SIPP International Industries, Inc.",3663,,,,,unsized,out,,0,counting failure; never a member
1758699,TRSO,TRANSUITE.ORG INC.,7370,,,77349992.0,,unsized,out,,0,counting failure; never a member
1751162,CHWRF,China Tower Corp Limited/ADR,,,,,,"excluded: no domestic filings (foreign filer, fund, or shell)",out,,0,
1781629,ANKM,"Ankam, Inc.",7371,,,4558063.0,,unsized,out,,0,counting failure; never a member
1854816,MINR,Minerva Gold Inc.,1000,,,,,excluded: no Section 16 filings,out,,0,
1904616,BAKR,Baker Global Asset Management Inc.,6200,,,,,"excluded: no domestic filings (foreign filer, fund, or shell)",out,,0,
1896511,DAZSF,ZKGC New Energy Ltd,3690,,,,,"excluded: no domestic filings (foreign filer, fund, or shell)",out,,0,
1985840,DEFI,Hashdex Commodities Trust,6221,,,,,excluded: commodity pool / exchange-traded product (SIC 6221),out,,0,
2084261,URSB,"URSB Bancorp, Inc.",6036,,,2334375.0,,unsized,out,,0,counting failure; never a member
2089509,JELLF,JEOL LTD/ADR,,,,,,"excluded: no domestic filings (foreign filer, fund, or shell)",out,,0,
1999261,STWI,StageWise Strategies Corp.,7374,,,5044334.0,,unsized,out,,0,counting failure; never a member
2021938,SNNRF,Sunrise Communications AG,4841,,,,,"excluded: no domestic filings (foreign filer, fund, or shell)",out,,0,
2020919,DSFT,DeltaSoft Corp,7371,,,5317706.0,,unsized,out,,0,counting failure; never a member
1376804,RDCT,"VNUE, Inc.",7822,,,2954260249.0,,unsized,out,,0,counting failure; never a member
2106126,EURBF,Eurobank SA/ADR,,,,,,"excluded: no domestic filings (foreign filer, fund, or shell)",out,,0,
1716885,ASCIX,Angel Oak Strategic Credit Fund,,,,,,"excluded: no domestic filings (foreign filer, fund, or shell)",out,,0,
1705455,ZNKUF,"ZENKOKU HOSHO Co., Ltd./ADR",,,,,,"excluded: no domestic filings (foreign filer, fund, or shell)",out,,0,
1700173,FIGIF,"Fuyao Glass Industry Group Co., Ltd./ADR",,,,,,"excluded: no domestic filings (foreign filer, fund, or shell)",out,,0,
1527469,ATH-PA,Athene Holding Ltd.,6311,,,203805.0,,unsized,out,,0,counting failure; never a member
1523872,PTWRY,PT Tower Bersama Infrastructure Tbk/ADR,8880,,,,,"excluded: no domestic filings (foreign filer, fund, or shell)",out,,0,
1567526,IHICF,IHI Corporation/ADR,,,,,,"excluded: no domestic filings (foreign filer, fund, or shell)",out,,0,
1451561,SBBTF,Vend Marketplaces ASA/ADR,8880,,,,,"excluded: no domestic filings (foreign filer, fund, or shell)",out,,0,
1446962,HCHDF,Hochschild Mining PLC,8880,,,,,"excluded: no domestic filings (foreign filer, fund, or shell)",out,,0,
2124215,TKMSF,TKMS AG & CO. KGAA/ADR,,,,,,"excluded: no domestic filings (foreign filer, fund, or shell)",out,,0,
2127852,CSGNF,CSG N.V./ADR,,,,,,"excluded: no domestic filings (foreign filer, fund, or shell)",out,,0,
2137358,OSOPF,Osotspa Public Co Limited/ADR,,,,,,"excluded: no domestic filings (foreign filer, fund, or shell)",out,,0,
2071489,YSGL,Yellowstone Group Ltd.,8742,,,,,excluded: no Section 16 filings,out,,0,
2057381,RADC,Readvantage Corp.,7374,,,5447400.0,,unsized,out,,0,counting failure; never a member
2061911,MXUBY,Mixue Bingcheng Co Ltd/ADR,,,,,,"excluded: no domestic filings (foreign filer, fund, or shell)",out,,0,
2065287,DNKC,Dankon Corp,7372,,,,,excluded: no Section 16 filings,out,,0,
2094692,VSRPF,Verisure plc/ADR,,,,,,"excluded: no domestic filings (foreign filer, fund, or shell)",out,,0,
2093856,APXCF,APEX CRITICAL METALS CORP.,1000,,,,,"excluded: no domestic filings (foreign filer, fund, or shell)",out,,0,
1969766,SEPSF,Asep Medical Holdings Inc.,2835,,,,,"excluded: no domestic filings (foreign filer, fund, or shell)",out,,0,
1956237,ALMP,Almco Plumbing Inc,1700,,,,,"excluded: no domestic filings (foreign filer, fund, or shell)",out,,0,
1995920,ESMR,E-Smart Corp.,7371,,,3799469.0,,unsized,out,,0,counting failure; never a member
2068441,STHRF,Strathcona Resources Ltd.,1311,,,,,"excluded: no domestic filings (foreign filer, fund, or shell)",out,,0,
1846702,FIGP,"Forge Group, Inc.",6331,,,,,"excluded: no domestic filings (foreign filer, fund, or shell)",out,,0,
1827899,CPTKW,Crown PropTech Acquisitions,5072,,,,,excluded: not a common-stock listing (vendor type WARRANT),out,,0,
1834048,ASAIY,Sendas Distributor S.A.,5411,,,,,"excluded: no domestic filings (foreign filer, fund, or shell)",out,,0,
2041531,BDTB,Bodhi Tree Biotechnology Inc,8742,,,,,excluded: no Section 16 filings,out,,0,
2048958,SUNXF,Stardust Solar Energy Inc.,,,,,,"excluded: no domestic filings (foreign filer, fund, or shell)",out,,0,
1883984,ALCED,"Alternus Clean Energy, Inc.",4931,,,4290.0,,unsized,out,,0,counting failure; never a member
1918080,DBHL,"Deep Isolation Nuclear, Inc.",4953,,,57667113.0,,unsized,out,,0,counting failure; never a member
1924064,RLNDF,RoyaLand Co Ltd.,7372,,,,,"excluded: no domestic filings (foreign filer, fund, or shell)",out,,0,
1848672,GDLG,Glidelogic Corp.,7371,,,,,excluded: no Section 16 filings,out,,0,
1834267,NNFSF,Nongfu Spring Co. Ltd./ADR,,,,,,"excluded: no domestic filings (foreign filer, fund, or shell)",out,,0,
1834868,ALBC,Alternative Ballistics Corp,3480,,,,,"excluded: no domestic filings (foreign filer, fund, or shell)",out,,0,
1723701,PMFAX,PIMCO Flexible Municipal Income Fund,,,,,,"excluded: no domestic filings (foreign filer, fund, or shell)",out,,0,
1818643,PHXE-P,"Phoenix Energy One, LLC",1311,,,100000000.0,,unsized,out,,0,counting failure; never a member
1796026,DNOPF,Dino Polska S.A./ADR,,,,,,"excluded: no domestic filings (foreign filer, fund, or shell)",out,,0,
1826779,TOMYF,Tomy Co Ltd/ADR,,,,,,"excluded: no domestic filings (foreign filer, fund, or shell)",out,,0,
1824204,PVOZ,Park View OZ REIT Inc,6798,,,,,"excluded: no domestic filings (foreign filer, fund, or shell)",out,,0,
1721056,HSCT,HOOPS SCOUTING USA,7374,,,,,excluded: no Section 16 filings,out,,0,
1753712,LARAX,Lord Abbett Credit Opportunities Fund,,,,,,"excluded: no domestic filings (foreign filer, fund, or shell)",out,,0,
1788707,ADYYF,Adyen N.V./ADR,,,,,,"excluded: no domestic filings (foreign filer, fund, or shell)",out,,0,
1789444,PSKRF,Protector Forsikring/ADR,,,,,,"excluded: no domestic filings (foreign filer, fund, or shell)",out,,0,
1872066,MIBE,MIAMI BREEZE CAR CARE INC,7500,,,,,excluded: no Section 16 filings,out,,0,
1933359,NTCS,Natics Corp.,7374,,,5495300.0,,unsized,out,,0,counting failure; never a member
1938571,APTN,"ADAPTIN BIO, INC.",2836,,,9233573.0,,unsized,out,,0,counting failure; never a member
2087989,YSAG,Texas Precious Metals Trust,6221,,,,,excluded: commodity pool / exchange-traded product (SIC 6221),out,,0,
1910975,RPDL,Rapid Line Inc.,8200,,,3632750.0,,unsized,out,,0,counting failure; never a member
1848334,OKMN,"OKMIN RESOURCES, INC.",1311,,,128489287.0,,unsized,out,,0,counting failure; never a member
1984345,VTBAS,"Vestible Assets, LLC",7389,,,,,"excluded: no domestic filings (foreign filer, fund, or shell)",out,,0,
1994373,HNIT,Huineng Technology Corp,7374,,,,,excluded: no Section 16 filings,out,,0,
1978111,NPLY,Naploy Corp.,8000,,,3803370.0,,unsized,out,,0,counting failure; never a member
2043424,FKURF,Fujikura Ltd/ADR,,,,,,"excluded: no domestic filings (foreign filer, fund, or shell)",out,,0,
2032609,SHFH,Scientist Home Future Health Ltd,2844,,,,,excluded: no Section 16 filings,out,,0,
2010982,PVIT,Palisades Venture Inc.,7374,,,,,excluded: no Section 16 filings,out,,0,
1941360,NELR,Neolara Corp.,1520,,,,,excluded: no Section 16 filings,out,,0,
1938569,PALX,Palomino Laboratories Inc.,3674,,,27636539.0,,unsized,out,,0,counting failure; never a member
2029586,BLNH,"Blue Line Holdings, Inc.",2086,,,10281000.0,,unsized,out,,0,counting failure; never a member
1663712,NRSAX,NEXPOINT REAL ESTATE STRATEGIES FUND,,,,,,"excluded: no domestic filings (foreign filer, fund, or shell)",out,,0,
1634157,EVKIF,Evonik Industries AG/ADR,,,,,,"excluded: no domestic filings (foreign filer, fund, or shell)",out,,0,
1534281,MBUMF,"Mabuchi Motor Co., Ltd./ADR",8880,,,,,"excluded: no domestic filings (foreign filer, fund, or shell)",out,,0,
1570299,NCHEF,Nichirei Corporation/ADR,,,,,,"excluded: no domestic filings (foreign filer, fund, or shell)",out,,0,
1550405,IQEPF,IQE PLC/ADR,,,,,,"excluded: no domestic filings (foreign filer, fund, or shell)",out,,0,
1585101,HGIT,"HINES GLOBAL INCOME TRUST, INC.",6798,,,,,excluded: not a common-stock listing (vendor type OS),out,,0,
1616736,GGBY,Alpha Investment Inc.,6500,,,11224401.0,,unsized,out,,0,counting failure; never a member
1642122,ACGP,"Associated Capital Group, Inc.",6211,,,,,unsized,out,,0,counting failure; never a member
1654508,IBIDF,"Ibiden Co., Ltd./ADR",,,,,,"excluded: no domestic filings (foreign filer, fund, or shell)",out,,0,
1980295,IMAA,IMA Tech,7372,,,2609878.0,,unsized,out,,0,counting failure; never a member
1915760,HEMNF,Hemnet Group AB/ADR,,,,,,"excluded: no domestic filings (foreign filer, fund, or shell)",out,,0,
1917993,GSTK,Growth Stalk Holdings Corp,0100,,,,,excluded: no Section 16 filings,out,,0,
1941189,TANAF,Tian'an Technology Group Ltd,3621,,,,,"excluded: no domestic filings (foreign filer, fund, or shell)",out,,0,
1837671,CPPTL,Copper Property CTL Pass Through Trust,6500,,,,,excluded: not a common-stock listing (vendor type OTHER),out,,0,
1839586,DMXCF,District Metals Corp.,1040,,,,,"excluded: no domestic filings (foreign filer, fund, or shell)",out,,0,
1699967,MEIUF,Meitu Inc./ADR,,,,,,"excluded: no domestic filings (foreign filer, fund, or shell)",out,,0,
1686009,CAHPF,Evolution Mining Limited/ADR,,,,,,"excluded: no domestic filings (foreign filer, fund, or shell)",out,,0,
1692345,PRXA,"PROCACCIANTI HOTEL REIT, INC.",6798,,,,,unsized,out,,0,counting failure; never a member
1699880,AMLIF,American Lithium Corp.,1000,,,,,"excluded: no domestic filings (foreign filer, fund, or shell)",out,,0,
1748680,OWSCX,1WS Credit Income Fund,,,,,,"excluded: no domestic filings (foreign filer, fund, or shell)",out,,0,
1729514,VTTGF,VAT Group AG/ADR,,,,,,"excluded: no domestic filings (foreign filer, fund, or shell)",out,,0,
1727255,COBA,Chilean Cobalt Corp.,1000,,,,,excluded: no Section 16 filings,out,,0,
1599407,LBRA,1847 Holdings LLC,8742,,,65293659.0,,unsized,out,,0,counting failure; never a member
1605755,MONRF,Moncler S.p.A./ADR,,,,,,"excluded: no domestic filings (foreign filer, fund, or shell)",out,,0,
1755347,CPLX,Certiplex Corp,7812,,,,,excluded: no Section 16 filings,out,,0,
1765048,GCGJ,GUOCHUN INTERNATIONAL INC.,7370,,,,,excluded: no Section 16 filings,out,,0,
1781726,ACAT,NP Life Sciences Health Industry Group Inc.,8200,,,4295957.4,,unsized,out,,0,counting failure; never a member
1774163,IVBXF,Innovent Biologics Inc/ADR,,,,,,"excluded: no domestic filings (foreign filer, fund, or shell)",out,,0,
1788235,OTGLF,CD Projekt S.A./ADR,,,,,,"excluded: no domestic filings (foreign filer, fund, or shell)",out,,0,
1345865,NFTM,Buildablock Corp.,4841,,,23937979.0,,unsized,out,,0,counting failure; never a member
1454475,GBCMY,Global Bio-chem Technology Group Co. Ltd / ADR,,,,,,"excluded: no domestic filings (foreign filer, fund, or shell)",out,,0,
1447956,BYDIF,BYD Electronic (International) Co Ltd,,,,,,"excluded: no domestic filings (foreign filer, fund, or shell)",out,,0,
1471824,CANE,Teucrium Commodity Trust,6221,,,,,excluded: commodity pool / exchange-traded product (SIC 6221),out,,0,
1711929,SWDS,"Starwood Real Estate Income Trust, Inc.",6798,,,10000.0,,unsized,out,,0,counting failure; never a member
1448038,RWDMU,Redwood Mortgage Investors IX,6500,,,,,excluded: not a common-stock listing (vendor type UNIT),out,,0,
1454147,LOIMF,Loomis AB / ADR,,,,,,"excluded: no domestic filings (foreign filer, fund, or shell)",out,,0,
1447108,SKPJF,SKY Perfect JSAT Holdings Inc,8880,,,,,"excluded: no domestic filings (foreign filer, fund, or shell)",out,,0,
1436741,CYJBF,Cargotec Corp OYJ,,,,,,"excluded: no domestic filings (foreign filer, fund, or shell)",out,,0,
1329213,SNIRF,SENIOR PLC,,,,,,"excluded: no domestic filings (foreign filer, fund, or shell)",out,,0,
1437462,GRKZF,Greek Organisation of Football Prognostics S.A.,,,,,,"excluded: no domestic filings (foreign filer, fund, or shell)",out,,0,
1308106,SEAL-PA,Seapeak LLC,4400,,,,,"excluded: no domestic filings (foreign filer, fund, or shell)",out,,0,
1285828,FITY,"Fifty 1 Labs, Inc.",5500,,,,,unsized,out,,0,counting failure; never a member
1327978,ZARE,Ares Real Estate Income Trust Inc.,6798,,,182786610.0,,unsized,out,,0,counting failure; never a member
1293818,CFOR,CapForce Inc.,8071,,,12398054.0,,unsized,out,,0,counting failure; never a member
1666244,CFTR-PA,"Cantor Fitzgerald Income Trust, Inc.",6798,,,8180.0,,unsized,out,,0,counting failure; never a member
1267395,AHL-PD,ASPEN INSURANCE HOLDINGS LTD,6331,,,91893366.0,,unsized,out,,0,counting failure; never a member
1516323,BCKIF,Babcock International Group PLC/ADR,,,,,,"excluded: no domestic filings (foreign filer, fund, or shell)",out,,0,
1533546,DUNNF,Duni AB/ADR,8880,,,,,"excluded: no domestic filings (foreign filer, fund, or shell)",out,,0,
1347408,SGBAF,SES S.A.,4899,,,,,"excluded: no domestic filings (foreign filer, fund, or shell)",out,,0,
1355096,QVCAQ,"Old QVC Group, Inc.",5961,,,,,unsized,out,,0,counting failure; never a member
1254699,QVCG,"QVC Group, Inc.",5961,639998681.6,,1.0,12.8,disagree,in,2026-10-09,0,"sec measure disqualified: 13 vs vendor 639,998,682; decided on the vendor figure"
1415311,AGQ,ProShares Trust II,6221,,,,,excluded: commodity pool / exchange-traded product (SIC 6221),out,,0,
1439124,AXICY,AXIA Energia S.A.,4911,,,,,"excluded: no domestic filings (foreign filer, fund, or shell)",out,,0,
1487139,SKLTF,Seek Ltd,8880,,,,,"excluded: no domestic filings (foreign filer, fund, or shell)",out,,0,
1091326,BIOM,"SB Technology Holdings, Inc.",2834,,,107883156.0,,unsized,out,,0,counting failure; never a member
761648,CDR-PB,"CEDAR REALTY TRUST, INC.",6798,,,13718169.0,,unsized,out,,0,counting failure; never a member
92103,SCE-PG,SOUTHERN CALIFORNIA EDISON Co,4911,,,384813979.0,,unsized,out,,0,counting failure; never a member
725394,DHTI,"Dalrada Technology Group, Inc.",7363,,,120157113.0,,unsized,out,,0,counting failure; never a member
81023,PNMXO,PUBLIC SERVICE CO OF NEW MEXICO,4931,,,,,excluded: not a common-stock listing (vendor type PFD),out,,0,
811830,SNUS-PI,"Santander Holdings USA, Inc.",6021,,,530391043.0,,unsized,out,,0,counting failure; never a member
99070,TCPA,TRANSCANADA PIPELINES LTD,4922,,,,,"excluded: no domestic filings (foreign filer, fund, or shell)",out,,0,
13372,NSARO,NSTAR ELECTRIC CO,4911,,,,,excluded: no Section 16 filings,out,,0,
842622,WEXPF,WESTERN EXPLORATION INC.,1400,,,,,"excluded: no domestic filings (foreign filer, fund, or shell)",out,,0,
750004,LNWO,"Light & Wonder, Inc.",7373,,,77049181.0,,unsized,out,,0,counting failure; never a member
312070,ATMP,BARCLAYS BANK PLC,6029,,,,,"excluded: no domestic filings (foreign filer, fund, or shell)",out,,0,
876779,RMTHF,MAGIC SOFTWARE ENTERPRISES LTD,7372,,,,,"excluded: no domestic filings (foreign filer, fund, or shell)",out,,0,
68622,CTGG,QWEST CORP,4813,,,,,excluded: no Section 16 filings,out,,0,
95666,SRGBF,SURUGA BANK LTD/ADR/,8880,,,,,"excluded: no domestic filings (foreign filer, fund, or shell)",out,,0,
787496,LGVT,UBUYHOLDINGS INC,6770,,,,,excluded: blank-check company (SIC 6770),out,,0,
1039828,ANG-PD,American National Group Inc.,6311,,,10000.0,,unsized,out,,0,counting failure; never a member
911421,PREJF,PARTNERRE LTD,6321,,,,,excluded: not a common-stock listing (vendor type PFD),out,,0,
1087711,STNDF,Santander UK plc,6029,,,,,"excluded: no domestic filings (foreign filer, fund, or shell)",out,,0,
1053092,GLDI,CREDIT SUISSE AG,6211,,,,,"excluded: no domestic filings (foreign filer, fund, or shell)",out,,0,
1113423,CSCIF,COSCIENS Biopharma Inc.,2844,,,,,"excluded: no domestic filings (foreign filer, fund, or shell)",out,,0,
