cik,ticker,name,mcap_vendor,mcap_sec,shares_sec,close,status
1750,AIR,AAR CORP,5362074899,5313278345,39892472,133.19,sized
1800,ABT,ABBOTT LABORATORIES,194616209301,,,112.47,sized
2488,AMD,ADVANCED MICRO DEVICES INC,760047730054,760047730054,1632475042,465.58,sized
2969,APD,"Air Products & Chemicals, Inc.",68607184937,68607184937,222685530,308.09,sized
3197,CECO,CECO ENVIRONMENTAL CORP,4080560056,4080560056,58569830,69.67,sized
3453,MATX,"Matson, Inc.",6707644663,6707644663,29903458,224.31,sized
3499,ALX,ALEXANDERS INC,1379938685,1379938685,5107290,270.19,sized
3570,LNG,"Cheniere Energy, Inc.",58310788828,58310788828,206534158,282.33,sized
4127,SWKS,"SKYWORKS SOLUTIONS, INC.",9899604327,9899604327,150472782,65.79,sized
4281,HWM,Howmet Aerospace Inc.,105622550525,105622550525,398801399,264.85,sized
4457,UHAL,U-Haul Holding Co /NV/,13333449822,1344898178,19607788,68.59,disagree
4904,AEP,AMERICAN ELECTRIC POWER CO INC,66585240123,66549477046,544104955,122.31,sized
4962,AXP,AMERICAN EXPRESS CO,225013236355,225013236355,675309833,333.2,sized
4977,AFL,AFLAC INC,58416521082,58416521082,501343298,116.52,sized
5272,AIG,"AMERICAN INTERNATIONAL GROUP, INC.",40226171491,40226171491,522893169,76.93,sized
5513,UNM,Unum Group,14730447553,14730447553,158306798,93.05,sized
6201,AAL,American Airlines Group Inc.,9029270131,9029270131,661969951,13.64,sized
6281,ADI,ANALOG DEVICES INC,175306093927,175306093927,484565465,361.78,sized
6845,APOG,"APOGEE ENTERPRISES, INC.",841618297,841618297,20868294,40.33,sized
6951,AMAT,APPLIED MATERIALS INC /DE,366380131509,366380131509,793597443,461.67,sized
6955,EPAC,ENERPAC TOOL GROUP CORP,1923286866,1923286866,51137646,37.61,sized
7084,ADM,Archer-Daniels-Midland Co,39298984397,39298984397,481959583,81.54,sized
7431,AWI,ARMSTRONG WORLD INDUSTRIES INC,7399798204,7399798204,42262826,175.09,sized
7536,ARW,"ARROW ELECTRONICS, INC.",10380633858,10380633858,50905423,203.92,sized
7789,ASB,ASSOCIATED BANC-CORP,5839231456,5839231456,188849659,30.92,sized
8063,ATRO,ASTRONICS CORP,3256216235,2444121778,32282681,75.71,sized
8146,ALOT,"AstroNova, Inc.",,,7747772,,unsized
8670,ADP,AUTOMATIC DATA PROCESSING INC,114205091632,114205091632,397262737,287.48,sized
8818,AVY,Avery Dennison Corp,13471342240,13471342240,75788142,177.75,sized
8858,AVT,AVNET INC,7274128128,7274128128,82072979,88.63,sized
8947,AZZ,AZZ INC,4157324648,4157324648,30051501,138.34,sized
9092,BMI,BADGER METER INC,3930906321,3930906321,28986847,135.61,sized
9326,BCPC,BALCHEM CORP,5688314067,5688314067,31878021,178.44,sized
9389,BALL,BALL Corp,16880133075,16880133075,264703357,63.77,sized
9631,BNS,BANK OF NOVA SCOTIA,112607703700,114222287133,1236305738,92.39,sized
10456,BAX,BAXTER INTERNATIONAL INC,13509105453,13509105453,516995999,26.13,sized
10795,BDX,BECTON DICKINSON & CO,51622746336,51622746336,272386800,189.52,sized
11544,WRB,BERKLEY W R CORP,25406812084,25406812084,371227529,68.44,sized
12208,BIO,"BIO-RAD LABORATORIES, INC.",10366390447,10726895618,27668031,387.7,sized
12659,HRB,H&R BLOCK INC,6468995586,6468995586,123265922,52.48,sized
12927,BA,BOEING CO,165835437596,165835437596,790370020,209.82,sized
13156,GLXZ,"Galaxy Gaming, Inc.",,,25023865,,unsized
14272,BMY,BRISTOL MYERS SQUIBB CO,136003941796,136003941796,2042714656,66.58,sized
14693,BF-B,BROWN FORMAN CORP,,,,,unsized
14930,BC,BRUNSWICK CORP,4966074881,4966074881,64797428,76.64,sized
15615,MTZ,MASTEC INC,19353492468,19353492468,80304948,241.0,sized
15847,BUKS,BUTLER NATIONAL CORP,,,63932907,,unsized
16040,CBT,CABOT CORP,4318933735,4318933735,51631007,83.65,sized
16058,CACI,CACI INTERNATIONAL INC /DE/,13882930399,13882930399,22099539,628.2,sized
16160,CALM,CAL-MAINE FOODS INC,3746287698,3763218986,46917080,80.21,sized
16732,CPB,CAMPBELL'S Co,6975044023,6975044023,298206243,23.39,sized
16875,CP,CANADIAN PACIFIC KANSAS CITY LTD/CN,82738936562,82738936562,879079224,94.12,sized
16918,STZ,"CONSTELLATION BRANDS, INC.",22319033539,,,130.69,sized
17313,CSWC,CAPITAL SOUTHWEST CORP,1623301592,1623301592,63733867,25.47,sized
17843,CRS,CARPENTER TECHNOLOGY CORP,23611187599,23611187599,49558566,476.43,sized
18230,CAT,CATERPILLAR INC,367854829922,367854829922,459674889,800.25,sized
18654,AILIH,Ameren Illinois Co,,,,,unsized
18926,LUMN,"Lumen Technologies, Inc.",6229930240,6229930240,1031445404,6.04,sized
19584,CHE,CHEMED CORP,6840556188,6840556188,13069961,523.38,sized
19617,JPM,JPMORGAN CHASE & CO,950620547055,950620547055,2658186195,357.62,sized
19745,CPK,CHESAPEAKE UTILITIES CORP,3199167643,3199167643,24106455,132.71,sized
20212,CHDN,Churchill Downs Inc,6266051845,6266051845,69700243,89.9,sized
20286,CINF,CINCINNATI FINANCIAL CORP,26393619398,26393619398,153478045,171.97,sized
20639,ABCP,AmBase Corp,,,84938211,,unsized
21076,CLX,CLOROX CO /DE/,12399055942,12398066118,120921351,102.53,sized
21175,CNA,CNA FINANCIAL CORP,13343331759,13343331759,270600928,49.31,sized
21344,KO,COCA COLA CO,385766565127,,,89.66,sized
21535,COHU,COHU INC,2272244784,2272244784,47338433,48.0,sized
21665,CL,COLGATE PALMOLIVE CO,72343434231,72343434231,797172829,90.75,sized
22356,CBSH,COMMERCE BANCSHARES INC /MO/,8324803611,8324803611,143432178,58.04,sized
22444,CMC,COMMERCIAL METALS Co,7481523776,7481523776,110624335,67.63,sized
23194,CRK,COMSTOCK RESOURCES INC,4195837630,4195837630,293620548,14.29,sized
23217,CAG,CONAGRA BRANDS INC.,7724288021,7700121179,478565642,16.09,sized
23426,CNTHP,CONNECTICUT LIGHT & POWER CO,,,,,unsized
23795,CTO,"CTO Realty Growth, Inc.",808561242,,,21.57,sized
24545,TAP,MOLSON COORS BEVERAGE CO,7730380062,,,41.46,sized
24741,GLW,CORNING INC /NY,128329633552,,,148.98,sized
25232,CUZ,COUSINS PROPERTIES INC,4845884587,4845884587,164602058,29.44,sized
25445,CXT,"Crane NXT, Co.",2885548169,2885548169,57561304,50.13,sized
25475,CRD-A,CRAWFORD & CO,,,,,unsized
26058,CTS,CTS CORP,1615423951,1617500918,28592910,56.57,sized
26172,CMI,CUMMINS INC,77759785481,77759785481,137664487,564.85,sized
26324,CW,CURTISS WRIGHT CORP,22026594368,22026594368,36934444,596.37,sized
26780,DAN,DANA Inc,3264952207,3264952207,107576679,30.35,sized
27367,DXR,DAXOR CORP,59549884,42801056,4196182,10.2,disagree-under
27419,TGT,TARGET CORP,74131280605,74132141380,454296736,163.18,sized
27904,DAL,"DELTA AIR LINES, INC.",52655876012,52655876012,657623030,80.07,sized
27996,DLX,DELUXE CORP,1084042695,1084042695,45856290,23.64,sized
28823,DBD,"DIEBOLD NIXDORF, Inc",2286302701,2286302701,33946588,67.35,sized
28917,DDS,"DILLARD'S, INC.",9687100564,,,620.29,sized
29002,DIOD,DIODES INC /DEL/,4052550040,4052550040,46051705,88.0,sized
29332,DXYN,DIXIE GROUP INC,,,,,unsized
29534,DG,DOLLAR GENERAL CORP,27111597323,27111597323,220616790,122.89,sized
29644,DCI,DONALDSON Co INC,10651066935,10651066935,115911056,91.89,sized
29905,DOV,DOVER Corp,26758267103,26758267103,134680225,198.68,sized
29989,OMC,OMNICOM GROUP INC.,24219261966,,,88.28,sized
30305,DCO,DUCOMMUN INC /DE/,2662091037,2662091037,15099779,176.3,sized
30554,CTA-PB,"EIDP, Inc.",,,100,,unsized
30625,FLS,FLOWSERVE CORP,10210969617,10210969617,127112780,80.33,sized
30697,WEN,Wendy's Co,1576584530,1576840321,190669930,8.27,sized
31235,KODK,EASTMAN KODAK CO,885015999,885015999,97900000,9.04,sized
31462,ECL,ECOLAB INC.,80384226910,80384226910,280328603,286.75,sized
31791,RVTY,"REVVITY, INC.",14372328448,14372328448,111586401,128.8,sized
32604,EMR,EMERSON ELECTRIC CO,86559404000,86559404000,557800000,155.18,sized
33002,EBF,"ENNIS, INC.",544418813,544418813,25298272,21.52,sized
33185,EFX,EQUIFAX INC,22833189537,22833189537,117484896,194.35,sized
33213,EQT,EQT Corp,34134408120,34134408120,625516000,54.57,sized
34285,RLBY,RELIABILITY INC,,,46707790,,unsized
34782,SRCE,1ST SOURCE CORP,2080910584,2080910584,24081826,86.41,sized
34903,FRT,FEDERAL REALTY INVESTMENT TRUST,10144306277,10085938749,86389197,116.75,sized
35527,FITB,FIFTH THIRD BANCORP,49461920440,49461920440,906892564,54.54,sized
36029,FFIN,FIRST FINANCIAL BANKSHARES INC,4785705458,4785705458,143327507,33.39,sized
36104,USB,US BANCORP DE,97331473831,97331473831,1558051446,62.47,sized
36146,TRMK,TRUSTMARK CORP,2686925597,2686925597,58070577,46.27,sized
36270,MTB,M&T BANK CORP,34268534809,34268534809,144416262,237.29,sized
36377,FHB,"FIRST HAWAIIAN, INC.",3138143550,3138143550,121680634,25.79,sized
36840,FREVS,"FIRST REAL ESTATE INVESTMENT TRUST OF NEW JERSEY, INC.",,,7482432,,unsized
36966,FHN,FIRST HORIZON CORP,11678606944,11678606944,473777158,24.65,sized
37785,FMC,FMC CORP,1418820085,1418820085,125226839,11.33,sized
37808,FNB,FNB CORP/PA/,6553296301,6498747894,353000972,18.41,sized
37996,F,FORD MOTOR CO,55347827857,51735381373,3727332952,13.88,sized
38725,FELE,FRANKLIN ELECTRIC CO INC,4445904819,,,100.56,sized
38777,BEN,FRANKLIN RESOURCES INC,17604864931,17604864931,508076910,34.65,sized
39020,FEIM,FREQUENCY ELECTRONICS INC,662462275,596744855,9870077,60.46,sized
39263,CFR,"CULLEN/FROST BANKERS, INC.",10048837046,10048837046,62148785,161.69,sized
39311,IBCP,INDEPENDENT BANK CORP /MI/,818266013,818266013,22199295,36.86,sized
39368,FUL,FULLER H B CO,3030920609,3030920609,53787411,56.35,sized
39911,GAP,GAP INC,8452305346,8247822816,351270137,23.48,sized
40211,GATX,GATX CORP,6270178300,6269280000,35300000,177.6,sized
40533,GD,GENERAL DYNAMICS CORP,102627755207,,,379.32,sized
40545,GE,GENERAL ELECTRIC CO,355448165703,355448165703,1037562513,342.58,sized
40704,GIS,GENERAL MILLS INC,22213854561,22175583853,533708396,41.55,sized
40729,ALLY,Ally Financial Inc.,12831143050,12831143050,304199693,42.18,sized
40987,GPC,GENUINE PARTS CO,18957095322,18957095322,137859758,137.51,sized
41091,GPJA,GEORGIA POWER CO,,,,20.4,unsized
42582,GT,GOODYEAR TIRE & RUBBER CO /OH/,1828156979,1828156979,287898737,6.35,sized
42682,GRC,GORMAN RUPP CO,2012988721,2012988721,26410243,76.22,sized
42888,GGG,GRACO INC,12841318704,12841318704,161953824,79.29,sized
43920,GEF,"GREIF, INC",4779793292,,,84.08,sized
45012,HAL,HALLIBURTON CO,30142656678,30142656678,833130367,36.18,sized
46080,HAS,"HASBRO, INC.",13290620125,13290620125,141044467,94.23,sized
46129,ALNT,ALLIENT INC,1578853171,1578853171,17002511,92.86,sized
46195,BOH,BANK OF HAWAII CORP,3049121106,3049121106,39450396,77.29,sized
46250,HWKN,HAWKINS INC,2512320330,2512320330,20875117,120.35,sized
46619,HEI,HEICO CORP,47032559504,9054664737,26905966,336.53,disagree
46765,HP,"Helmerich & Payne, Inc.",4252402109,4252402109,99938945,42.55,sized
47111,HSY,HERSHEY CO,35975738885,40072325178,223805223,179.05,sized
47217,HPQ,HP INC,27522660373,27522660373,901790969,30.52,sized
48287,HNI,HNI CORP,3546291834,3546291834,72181800,49.13,sized
48465,HRL,HORMEL FOODS CORP /DE/,11871066756,,,21.57,sized
48898,HUBB,HUBBELL INC,24285019585,,,459.66,sized
49071,HUM,HUMANA INC,46295761946,,,385.54,sized
49196,HBAN,HUNTINGTON BANCSHARES INC /MD/,34185418855,,,16.92,sized
49600,EGP,EASTGROUP PROPERTIES INC,10754663400,10754663400,53773317,200.0,sized
49826,ITW,ILLINOIS TOOL WORKS INC,79772480000,79772480000,284800000,280.1,sized
50292,IEHC,IEH Corp,,,2477749,,unsized
50493,IMKTA,INGLES MARKETS INC,1559818157,,,82.12,sized
50725,GFF,GRIFFON CORP,4483270989,4483270989,45294716,98.98,sized
50863,INTC,INTEL CORP,472947837791,451286680000,5044000000,89.47,sized
51143,IBM,INTERNATIONAL BUSINESS MACHINES CORP,221957440940,221957440940,942134390,235.59,sized
51253,IFF,INTERNATIONAL FLAVORS & FRAGRANCES INC,22440439245,22440439245,255149963,87.95,sized
51434,IP,INTERNATIONAL PAPER CO /NEW/,20817392572,20817392572,529569895,39.31,sized
52827,RYN,RAYONIER INC,6064421390,6129228404,300747223,20.38,sized
52988,J,JACOBS SOLUTIONS INC.,17787528099,17787528099,117038611,151.98,sized
55135,KELYA,KELLY SERVICES INC,600167975,,,17.28,sized
55242,KMT,KENNAMETAL INC,2251509909,2251509909,76219022,29.54,sized
55785,KMB,KIMBERLY CLARK CORP,36434033612,36434033612,332579038,109.55,sized
56047,KEX,KIRBY CORP,7342368000,7342368000,52800000,139.06,sized
56679,KFY,KORN FERRY,4431007155,4387941960,50857000,86.28,sized
56873,KR,KROGER CO,35362001117,35362001117,612647282,57.72,sized
56978,KLIC,KULICKE & SOFFA INDUSTRIES INC,4240228188,4240228188,52329115,81.03,sized
57131,LZB,LA-Z-BOY INC,1304518751,1304518751,40052771,32.57,sized
57515,MZTI,MARZETTI CO,3134098440,3134098440,27291000,114.84,sized
58492,LEG,LEGGETT & PLATT INC,,,136588995,,unsized
59255,VHI,VALHI INC /DE/,510914321,510914321,28321193,18.04,sized
59478,LLY,ELI LILLY & Co,1046996922119,1105727422119,941357065,1174.61,sized
59527,LECO,LINCOLN ELECTRIC HOLDINGS INC,15528417640,15528417640,54505757,284.895,sized
59558,LNC,LINCOLN NATIONAL CORP,8287755175,8287755175,191447336,43.29,sized
60086,L,LOEWS CORP,22429809438,22429809438,204427720,109.72,sized
60519,LPX,LOUISIANA-PACIFIC CORP,4982742196,4982742196,69923410,71.26,sized
60667,LOW,LOWES COMPANIES INC,116727288652,116727288652,561054019,208.05,sized
60714,LXU,"LSB INDUSTRIES, INC.",748054066,748054066,71997504,10.39,sized
61986,MTW,MANITOWOC CO INC,706453972,706453972,36061969,19.59,sized
62234,MCS,MARCUS CORP,894749254,552058661,19023386,29.02,disagree
62709,MRSH,"MARSH & MCLENNAN COMPANIES, INC.",91929978667,91929978667,477211268,192.64,sized
62996,MAS,MASCO CORP /DE/,14443979247,,,73.25,sized
63276,MAT,MATTEL INC /DE/,4325498000,4325498000,285700000,15.14,sized
63296,MATW,MATTHEWS INTERNATIONAL CORP,653291710,653291710,31213173,20.93,sized
63754,MKC,MCCORMICK & CO INC,14875556372,,,55.33,sized
63908,MCD,MCDONALDS CORP,187525005715,187525005715,707641531,265.0,sized
64040,SPGI,S&P Global Inc.,130563972000,,,442.89,sized
64472,GENC,GENCOR INDUSTRIES INC,277177144,151443231,8008632,18.91,disagree-under
64803,CVS,CVS HEALTH Corp,119020982539,119020982539,1278970369,93.06,sized
64996,MCY,MERCURY GENERAL CORP,5703366922,5703366922,55388627,102.97,sized
65270,MEI,METHODE ELECTRONICS INC,646362893,645941587,35471806,18.21,sized
65984,ETR,ENTERGY CORP /DE/,49346280913,48415741402,457832070,105.75,sized
66004,MSEX,MIDDLESEX WATER CO,1102182401,1102182401,18843946,58.49,sized
66382,MLKN,"MILLERKNOLL, INC.",1575690494,1575690494,68123238,23.13,sized
66570,MSA,MSA Safety Inc,7342991528,7342991528,38578289,190.34,sized
66740,MMM,3M CO,89911046179,89911046179,515722417,174.34,sized
67215,DY,DYCOM INDUSTRIES INC,8877576083,8877576083,30160957,294.34,sized
67347,MOD,MODINE MANUFACTURING CO,9434410322,9434410322,53112708,177.63,sized
67716,MDU,MDU RESOURCES GROUP INC,4162815734,4162815734,210349456,19.79,sized
67887,MOG-A,MOOG INC.,,,,,unsized
68505,MSI,"Motorola Solutions, Inc.",80429980968,80429980968,165493788,486.0,sized
69488,MYE,MYERS INDUSTRIES INC,1233872696,1233872696,37618070,32.8,sized
69633,NSSC,"NAPCO SECURITY TECHNOLOGIES, INC",1264414247,1264414247,35768437,35.35,sized
69891,FIZZ,NATIONAL BEVERAGE CORP,3049882283,3049882283,93612102,32.58,sized
70145,NFG,NATIONAL FUEL GAS CO,7885891864,7885891864,95045099,82.97,sized
70318,THC,TENET HEALTHCARE CORP,21482469200,21482469200,80519000,266.8,sized
70858,BAC,BANK OF AMERICA CORP /DE/,435788078106,435788078106,6992748365,62.32,sized
70866,VYX,NCR Voyix Corp,1212253704,1212253704,138069898,8.78,sized
71508,ENJ,"ENTERGY NEW ORLEANS, LLC",,,,19.3825,unsized
71557,NUVR,"Nuvera Communications, Inc.",,,5244006,,unsized
71691,NYT,NEW YORK TIMES CO,10993089221,,,68.16,sized
71829,NPKI,NPK International Inc.,1117414205,1117414205,84909894,13.16,sized
72205,NOBH,NOBILITY HOMES INC,,,3153665,,unsized
72331,NDSN,NORDSON CORP,18079457209,18079457209,55699366,324.59,sized
72444,VXRT,"Vaxart, Inc.",,,242835358,,unsized
72573,MOV,MOVADO GROUP INC,769326207,,,34.48,sized
72741,ES,EVERSOURCE ENERGY,26683639573,26683639573,376674754,70.84,sized
72903,XEL,XCEL ENERGY INC,47753292693,47753292693,624634306,76.45,sized
72971,WFC,WELLS FARGO & COMPANY/MN,262150502437,262150502437,3023999336,86.69,sized
73124,NTRS,NORTHERN TRUST CORP,34174286423,34174286423,182955653,186.79,sized
73309,NUE,NUCOR CORP,56832356838,56832356838,226875676,250.5,sized
73756,OII,OCEANEERING INTERNATIONAL INC,5035204740,5035204740,99529645,50.59,sized
74046,ODC,Oil-Dri Corp of America,1328435436,,,91.69,sized
74208,UDR,"UDR, Inc.",11925327920,12060869039,324915653,37.12,sized
74260,ORI,OLD REPUBLIC INTERNATIONAL CORP,10157083028,10157083028,241432922,42.07,sized
74303,OLN,OLIN Corp,1954799703,1954799703,113982490,17.15,sized
75288,OXM,OXFORD INDUSTRIES INC,572004004,572004004,14930932,38.31,sized
75362,PCAR,PACCAR INC,65974583209,65974583209,526364953,125.34,sized
75677,PKG,PACKAGING CORP OF AMERICA,21418340096,21418340096,89098299,240.39,sized
76267,PKE,PARK AEROSPACE CORP,705174260,705174260,21751211,32.42,sized
76282,PKOH,PARK OHIO HOLDINGS CORP,663062857,663062857,14490010,45.76,sized
76334,PH,Parker-Hannifin Corp,125419752604,125419752604,126047469,995.02,sized
76605,PATK,PATRICK INDUSTRIES INC,2680911496,2680911496,32118264,83.47,sized
77360,PNR,PENTAIR plc,9842532000,,,61.67,sized
77476,PEP,PEPSICO INC,192545252087,192545252087,1364891558,141.07,sized
77543,TPC,TUTOR PERINI CORP,4670240354,888418077,52569117,16.9,disagree
78003,PFE,PFIZER INC,159362873548,159362873548,5699673589,27.96,sized
78128,WTRG,"Essential Utilities, Inc.",11663300665,11663300665,283778605,41.1,sized
78239,PVH,PVH CORP. /DE/,3494532292,3494532292,46108092,75.79,sized
78749,AGYS,AGILYSYS INC,3324898289,3324898289,28205788,117.88,sized
78814,PBI,PITNEY BOWES INC /DE/,2359322548,2359322548,137090212,17.21,sized
78890,BCO,BRINKS CO,4570813684,4570813684,41189634,110.97,sized
79282,BRO,"BROWN & BROWN, INC.",24530285271,24530285271,334610357,73.31,sized
79661,PRSI,PORTSMOUTH SQUARE INC,,,734187,,unsized
79879,PPG,PPG INDUSTRIES INC,25391106000,,,114.22,sized
80035,PLPC,PREFORMED LINE PRODUCTS CO,1975279639,1975279639,4888701,404.05,sized
80172,NPK,NATIONAL PRESTO INDUSTRIES INC,1089106545,1089106545,7136067,152.62,sized
80420,POWL,POWELL INDUSTRIES INC,6656593768,6656593768,36432564,182.71,sized
80424,PG,PROCTER & GAMBLE Co,334206985366,334206985366,2324433060,143.78,sized
80661,PGR,PROGRESSIVE CORP/OH/,127051703999,127111123792,581371770,218.64,sized
81023,PNMXO,PUBLIC SERVICE CO OF NEW MEXICO,,,,,unsized
81362,KWR,QUAKER CHEMICAL CORP,2854929838,2854929838,17207702,165.91,sized
82020,USLM,UNITED STATES LIME & MINERALS INC,3441456025,3441456025,28688363,119.96,sized
82811,RRX,REGAL REXNORD CORP,10483557621,10483557621,66591867,157.43,sized
83350,RSRV,RESERVE PETROLEUM CO,,,151584,,unsized
84112,RSKIA,"GEORGE RISK INDUSTRIES, INC.",,,4888354,,unsized
84246,RLI,RLI CORP,5901919700,5901919700,91772970,64.31,sized
84748,ROG,ROGERS CORP,2242833409,,,125.52,sized
84839,ROL,ROLLINS INC,17504069797,17504069797,481145404,36.38,sized
85535,RGLD,ROYAL GOLD INC,22270717212,22270717212,84727857,262.85,sized
85961,R,RYDER SYSTEM INC,9427960966,9427960966,38346868,245.86,sized
86115,SFES,SAFEGUARD SCIENTIFICS INC,,,16722994,,unsized
86312,TRV,"TRAVELERS COMPANIES, INC.",77151900637,77151900637,208575022,369.9,sized
87347,SLB,SLB LIMITED/NV,85077720000,85085931433,1484143231,57.33,sized
87802,SCND,SCIENTIFIC INDUSTRIES INC,,,11928599,,unsized
88000,HKHC,Horizon Kinetics Holding Corp,,,18635321,,unsized
88121,SEB,SEABOARD CORP /DE/,3748049058,3748049058,957794,3913.21,sized
88205,SPXC,"SPX Technologies, Inc.",9953562957,9953562957,50085860,198.73,sized
88941,SMTC,SEMTECH CORP,12241522362,12218638706,93151168,131.17,sized
88948,SENEA,Seneca Foods Corp,1353008126,2345248499,11735631,199.84,disagree
89089,SCI,SERVICE CORP INTERNATIONAL,11361266692,11388599352,136619474,83.36,sized
89439,MLI,MUELLER INDUSTRIES INC,13890191166,13890191166,221181388,62.8,sized
89800,SHW,SHERWIN WILLIAMS CO,83717575953,83717575953,242758151,344.86,sized
90498,SFNC,SIMMONS FIRST NATIONAL CORP,3279017872,3279017872,144513789,22.69,sized
90896,SKY,"Champion Homes, Inc.",4897153689,4897153689,54280134,90.22,sized
91142,AOS,SMITH A O CORP,8206159637,4572709511,75732188,60.38,disagree
91388,SFD,SMITHFIELD FOODS INC,8639257436,8639257436,393767431,21.94,sized
91419,SJM,J M SMUCKER Co,14136980038,14136980038,106823183,132.34,sized
91440,SNA,Snap-on Inc,20269790810,20269790810,51727124,391.86,sized
91576,KEY,KEYCORP /NEW/,23380786618,23380786618,1067128554,21.91,sized
91668,SODI,SOLITRON DEVICES INC,,,2152703,,unsized
91767,SON,SONOCO PRODUCTS CO,5583471419,,,56.47,sized
92103,SCE-PG,SOUTHERN CALIFORNIA EDISON Co,,,384813979,,unsized
92122,SO,SOUTHERN CO,101519531749,99484321898,1127301098,88.25,sized
92230,TFC,TRUIST FINANCIAL CORP,61606608660,61606608660,1221626188,50.43,sized
92380,LUV,SOUTHWEST AIRLINES CO,19392213087,19392213087,489208201,39.64,sized
93389,SMP,"STANDARD MOTOR PRODUCTS, INC.",826814243,826814243,22340293,37.01,sized
93410,CVX,CHEVRON CORP,395969236889,398829189369,1975771274,201.86,sized
93556,SWK,"STANLEY BLACK & DECKER, INC.",14769427489,14769427489,151016641,97.8,sized
93751,STT,STATE STREET CORP,53108092227,53108092227,274701765,193.33,sized
94049,SCL,STEPAN CO,1424193631,1424193631,22732540,62.65,sized
94344,STC,STEWART INFORMATION SERVICES CORP,2133806932,2133806932,30522199,69.91,sized
94845,LEVI,LEVI STRAUSS & CO,8193468464,800564527,37602843,21.29,disagree
95029,RGR,STURM RUGER & CO INC,595349818,595349818,15978256,37.26,sized
96021,SYY,SYSCO CORP,39257127551,39257127551,479096016,81.94,sized
96223,JEF,Jefferies Financial Group Inc.,12240020067,10853311178,204432307,53.09,sized
96943,TFX,TELEFLEX INC,5918152688,5918152688,42372397,139.67,sized
97134,TNC,TENNANT CO,1186290502,1186290502,17049303,69.58,sized
97210,TER,"TERADYNE, INC",55496276027,55496276027,156340750,354.97,sized
97216,TEX,TEREX CORP,7284339000,7284339000,114300000,63.73,sized
97476,TXN,TEXAS INSTRUMENTS INC,236202381507,236202381507,913247686,258.64,sized
97745,TMO,THERMO FISHER SCIENTIFIC INC.,230049366403,230049366403,369747286,622.18,sized
98222,TDW,TIDEWATER INC,4608422115,4608422115,49756231,92.62,sized
98362,TKR,TIMKEN CO,8372444087,8372444087,69296839,120.82,sized
98677,TR,TOOTSIE ROLL INDUSTRIES INC,3101979321,,,41.27,sized
99302,TRNS,TRANSCAT INC,803539946,803539946,9359813,85.85,sized
99780,TRN,TRINITY INDUSTRIES INC,2331925855,2331925855,79669486,29.27,sized
100493,TSN,"TYSON FOODS, INC.",19489803764,,,55.4,sized
100517,UAL,"United Airlines Holdings, Inc.",35898965183,35898965183,324583772,110.6,sized
100591,AGX,ARGAN INC,5856400241,5856400241,14019247,417.74,sized
100826,UELMO,UNION ELECTRIC CO,,,,,unsized
100885,UNP,UNION PACIFIC CORP,182624748840,182624748840,594075498,307.41,sized
101199,UFCS,UNITED FIRE GROUP INC,1387579597,1387579597,25705439,53.98,sized
101382,UMBF,UMB FINANCIAL CORP,10981235087,10981235087,75950030,144.585,sized
101538,UAMY,UNITED STATES ANTIMONY CORP,725896512,725896512,149669384,4.85,sized
101829,RTX,RTX Corp,285333876666,285333876666,1347758144,211.71,sized
102037,UVV,UNIVERSAL CORP /VA/,1138892015,1138892015,24899257,45.74,sized
102212,UVSP,UNIVEST FINANCIAL Corp,1146532525,1146532525,27580768,41.57,sized
102729,VMI,VALMONT INDUSTRIES INC,9194517768,9194517768,19304858,476.28,sized
102752,VSEC,VSE CORP,6056982257,6056982257,28064972,215.82,sized
103145,VECO,VEECO INSTRUMENTS INC,2707737403,2707737403,61129640,44.295,sized
103379,VFC,V F CORP,5374149571,,,13.67,sized
103595,VLGEA,VILLAGE SUPER MARKET INC,651765698,609338210,13845449,44.01,sized
103730,VSH,VISHAY INTERTECHNOLOGY INC,4687267343,4007746399,131143534,30.56,sized
104169,WMT,Walmart Inc.,820398380088,817889899984,7933746241,103.09,sized
104889,GHC,Graham Holdings Co,4917301948,,,1161.13,sized
104918,AVA,AVISTA CORP,3154131577,3154131577,83752830,37.66,sized
105016,WSO,WATSCO INC,12819531807,,,310.76,sized
105132,WDFC,WD 40 CO,2914659418,2914659418,13421096,217.17,sized
105418,WMK,WEIS MARKETS INC,1761815306,1761815306,24744597,71.2,sized
105634,EME,"EMCOR Group, Inc.",32648825423,32648825423,44109901,740.17,sized
105770,WST,WEST PHARMACEUTICAL SERVICES INC,23749708402,23749708402,70375762,337.47,sized
106040,WDC,WESTERN DIGITAL CORP,165650536720,165650536720,360540944,459.45,sized
106535,WY,WEYERHAEUSER CO,17038199040,17038199040,720736000,23.64,sized
106640,WHR,WHIRLPOOL CORP /DE/,2682954404,2682954404,65199378,41.15,sized
107140,WLY,"JOHN WILEY & SONS, INC.",2726512418,3270111382,60884591,53.71,sized
107263,WMB,"WILLIAMS COMPANIES, INC.",90184137710,90184137710,1223167472,73.73,sized
107687,WGO,WINNEBAGO INDUSTRIES INC,865028125,865028125,28268893,30.6,sized
107815,WELPP,WISCONSIN ELECTRIC POWER CO,,,33289327,,unsized
108312,WWD,"Woodward, Inc.",20182451734,20182451734,59045820,341.81,sized
108385,WRLD,WORLD ACCEPTANCE CORP,878309953,878309953,4663180,188.35,sized
108516,WOR,"WORTHINGTON ENTERPRISES, INC.",2804483258,2804920725,48934416,57.32,sized
108985,YORW,YORK WATER CO,553719183,553719183,16228581,34.12,sized
109177,SPB,"Spectrum Brands Holdings, Inc.",2039249453,2039249453,22995596,88.68,sized
109198,TJX,TJX COMPANIES INC /DE/,149267664743,148628495122,1099974061,135.12,sized
109380,ZION,"ZIONS BANCORPORATION, NATIONAL ASSOCIATION /UT/",9892718401,9892718401,145953355,67.78,sized
109563,AIT,APPLIED INDUSTRIAL TECHNOLOGIES INC,11825105380,11825105380,36698856,322.22,sized
110471,WWW,WOLVERINE WORLD WIDE INC /DE/,1669229335,1669229335,82066339,20.34,sized
110621,RPM,RPM INTERNATIONAL INC/DE/,13613125950,13623621589,127741412,106.65,sized
200406,JNJ,JOHNSON & JOHNSON,645949219939,645949219939,2409898597,268.04,sized
201533,CMS-PB,CONSUMERS ENERGY CO,,,,,unsized
202058,LHX,"L3HARRIS TECHNOLOGIES, INC. /DE/",48940925377,48940925377,186214616,262.82,sized
202947,CPTP,CAPITAL PROPERTIES INC /RI/,,,6599912,,unsized
203596,WSBC,WESBANCO INC,3876516033,3876516033,95905889,40.42,sized
215466,CDE,"Coeur Mining, Inc.",21720266507,21720266507,1027934998,21.13,sized
216085,HVT,HAVERTY FURNITURE COMPANIES INC,426641607,510679571,18665189,27.36,sized
216228,ITT,ITT INC.,18147843111,18147306000,89400000,202.99,sized
217346,TXT,TEXTRON INC,14281793587,14281793587,171986917,83.04,sized
230557,SIGI,SELECTIVE INSURANCE GROUP INC,5507760742,5507760742,59569119,92.46,sized
275880,PSN,PARSONS CORP,5233464306,,,49.0,sized
277135,GWW,"W.W. GRAINGER, INC.",61527960534,61527960534,47100942,1306.3,sized
277509,FSS,FEDERAL SIGNAL CORP /DE/,7210845507,7210845507,61041611,118.13,sized
277948,CSX,CSX CORP,94994913743,94994913743,1852474917,51.28,sized
278165,OMQS,OMNIQ Corp.,,,15152930,,unsized
278166,CVCO,"CAVCO INDUSTRIES, INC.",4370656096,4370656096,7689402,568.4,sized
310142,SXT,SENSIENT TECHNOLOGIES CORP,5751087022,5751087022,42562811,135.12,sized
310158,MRK,"Merck & Co., Inc.",366004912497,366004912497,2467171638,148.35,sized
310354,SXI,STANDEX INTERNATIONAL CORP/DE/,3616933134,3616933134,12119465,298.44,sized
310522,FNMA,FEDERAL NATIONAL MORTGAGE ASSOCIATION FANNIE MAE,,,,,unsized
310764,SYK,STRYKER CORP,126843770581,126843770581,383573046,330.69,sized
311094,WABC,WESTAMERICA BANCORPORATION,1342064654,1342064654,23111153,58.07,sized
312257,IVFH,INNOVATIVE FOOD HOLDINGS INC,,,54649479,,unsized
313143,HAE,HAEMONETICS CORP,4729873421,4729873421,45497051,103.96,sized
313616,DHR,DANAHER CORP /DE/,151894196687,151894196687,702986054,216.07,sized
313927,CHD,CHURCH & DWIGHT CO INC /DE/,24019267622,24019267622,237203907,101.26,sized
314203,MUX,McEwen Inc.,1252941917,1252941917,61358566,20.42,sized
314489,BUSE,FIRST BUSEY CORP /NV/,2501255997,2501255997,82576956,30.29,sized
314808,VAL,Valaris Ltd,5991615786,5991615786,69435807,86.29,sized
315189,DE,DEERE & CO,169952985945,169952985945,269625412,630.33,sized
315213,RHI,ROBERT HALF INC.,4638014426,4638014426,102361828,45.31,sized
315293,AON,Aon plc,75389379243,75389379243,212125434,355.4,sized
315545,PVCT,"PROVECTUS BIOPHARMACEUTICALS, INC.",,,420279879,,unsized
315709,IBOC,INTERNATIONAL BANCSHARES CORP,4411244088,4411244088,62191514,70.93,sized
315852,RRC,RANGE RESOURCES CORP,9688352691,9688352691,233679515,41.46,sized
315958,CRMZ,CREDITRISKMONITOR COM INC,,,10767501,,unsized
316709,SCHW,SCHWAB CHARLES CORP,190503622254,190503622254,1729335714,110.16,sized
317540,COKE,"Coca-Cola Consolidated, Inc.",13212346716,1417505815,7141447,198.49,disagree
317788,APPS,"Digital Turbine, Inc.",1342070212,1342070212,121016250,11.09,sized
318154,AMGN,AMGEN INC,233780091602,233780091602,540632005,432.42,sized
318299,SRCO,"SPARTA COMMERCIAL SERVICES, INC.",,,54636926,,unsized
318300,PEBO,PEOPLES BANCORP INC,1425472212,1425472212,35942315,39.66,sized
318673,SNFCA,SECURITY NATIONAL FINANCIAL CORP,229188687,154850652,17596665,8.8,disagree-under
319201,KLAC,KLA CORP,229351222287,229351222287,1306546783,175.54,sized
319654,PBT,PERMIAN BASIN ROYALTY TRUST,1576309480,,,33.82,sized
320187,NKE,"NIKE, Inc.",58746548638,33871922924,855351589,39.6,disagree
320193,AAPL,Apple Inc.,4665759346000,4665759346000,14594180000,319.7,sized
320335,GL,GLOBE LIFE INC.,13278815947,13278815947,76849447,172.79,sized
350698,AN,"AUTONATION, INC.",6615136672,6615136672,33060806,200.09,sized
350852,CTBI,COMMUNITY TRUST BANCORP INC /KY/,1392755353,1392755353,18167954,76.66,sized
350894,SEIC,SEI INVESTMENTS CO,13397741286,13397741286,120019182,111.63,sized
351569,ABCB,Ameris Bancorp,5743708586,5743708586,67107239,85.59,sized
352541,LNT,ALLIANT ENERGY CORP,17639138072,17570586827,258277037,68.03,sized
352915,UHS,UNIVERSAL HEALTH SERVICES INC,10117042164,,,171.66,sized
352991,AOXY,ADVANCED OXYGEN TECHNOLOGIES INC,,,3292945,,unsized
354190,AJG,Arthur J. Gallagher & Co.,68586597960,68575628000,256300000,267.56,sized
354647,CVBF,CVB FINANCIAL CORP,3905383082,3905383082,175997435,22.19,sized
354707,HE,HAWAIIAN ELECTRIC INDUSTRIES INC,1969099245,1969099245,172728004,11.4,sized
354950,HD,"HOME DEPOT, INC.",329427137608,329427137608,997689626,330.19,sized
354963,SHEN,SHENANDOAH TELECOMMUNICATIONS CO/VA/,689843912,,,12.46,sized
355811,GNTX,GENTEX CORP,4776191113,4776191113,210683331,22.67,sized
355948,RELL,"RICHARDSON ELECTRONICS, LTD.",263245300,191198824,10796094,17.71,disagree-under
356171,TCBK,TRICO BANCSHARES /,1720124360,1720124360,31966630,53.81,sized
356309,NJR,NEW JERSEY RESOURCES CORP,5438681905,5438681905,101467946,53.6,sized
357173,OSBC,OLD SECOND BANCORP INC,1284103071,1284103071,50875716,25.24,sized
357294,HOV,HOVNANIAN ENTERPRISES INC,760399902,93474239,720307,129.77,disagree
357301,TRST,TRUSTCO BANK CORP N Y,972794786,972794786,17027740,57.13,sized
700564,FULT,FULTON FINANCIAL CORP,4519902279,4519902279,190914563,23.675,sized
700565,FMBH,"FIRST MID BANCSHARES, INC.",1339140250,1339140250,26601912,50.34,sized
700923,MYRG,MYR GROUP INC.,4583898585,4583898585,15569250,294.42,sized
701347,CPF,CENTRAL PACIFIC FINANCIAL CORP,974025352,974025352,25747432,37.83,sized
701985,BBWI,"Bath & Body Works, Inc.",3875622915,3875622915,201645313,19.22,sized
702165,NSC,NORFOLK SOUTHERN CORP,78316447497,78316447497,224608373,348.68,sized
703351,EAT,"BRINKER INTERNATIONAL, INC",9872340380,9613887651,41765010,230.19,sized
703604,DSGR,"Distribution Solutions Group, Inc.",1609226131,1609226131,46255422,34.79,sized
704532,ONTO,ONTO INNOVATION INC.,16551615234,13288815345,49074247,270.79,sized
705432,SBSI,SOUTHSIDE BANCSHARES INC,950278402,950278402,29807980,31.88,sized
706129,HBNC,HORIZON BANCORP INC /IN/,1004298791,1004298791,51344519,19.56,sized
707179,ONB,OLD NATIONAL BANCORP /IN/,9889434500,,,25.85,sized
707549,LRCX,LAM RESEARCH CORP,377773809900,377773809900,1251321000,301.9,sized
708781,CASS,CASS INFORMATION SYSTEMS INC,725468340,725468340,12806149,56.65,sized
708821,PAR,PAR TECHNOLOGY CORP,792095858,792095858,41362708,19.15,sized
708955,FFBC,FIRST FINANCIAL BANCORP /OH/,3445080610,3445080610,104968940,32.82,sized
709005,NROM,NOBLE ROMANS INC,,,22707749,,unsized
709283,QMCO,QUANTUM CORP /DE/,877266622,877266622,39410001,22.26,sized
709337,FMNB,FARMERS NATIONAL BANC CORP /OH/,929001928,929001928,59247572,15.68,sized
711034,THMG,THUNDER MOUNTAIN GOLD INC,,,94998740,,unsized
711377,NEOG,NEOGEN CORP,2543116018,2542533146,218056016,11.66,sized
711404,COO,"COOPER COMPANIES, INC.",13880329937,13880329937,195030630,71.17,sized
712534,FRME,FIRST MERCHANTS CORP,2633263666,2642543530,63022741,41.93,sized
712537,FCF,FIRST COMMONWEALTH FINANCIAL CORP /PA/,2107016036,2107016036,101055925,20.85,sized
712770,OLP,ONE LIBERTY PROPERTIES INC,529114968,527292579,21825024,24.16,sized
712771,CNOB,"ConnectOne Bancorp, Inc.",1596648269,1596648269,50319832,31.73,sized
713676,PNC,"PNC FINANCIAL SERVICES GROUP, INC.",96632135020,96632135020,398943667,242.22,sized
714310,VLY,VALLEY NATIONAL BANCORP,7692264745,7692264745,552605226,13.92,sized
714395,GABC,"GERMAN AMERICAN BANCORP, INC.",1875934095,1875934095,37578808,49.92,sized
714562,THFF,FIRST FINANCIAL CORP /IN/,942313839,942313839,11891896,79.24,sized
714712,JUVF,JUNIATA VALLEY FINANCIAL CORP,,,5034291,,unsized
715072,RNST,RENASANT CORP,3755809466,3755809466,91404465,41.09,sized
715579,ACNB,ACNB CORP,656062184,656062184,10169930,64.51,sized
715787,TILE,INTERFACE INC,2229941746,2229941746,57800460,38.58,sized
715957,D,"DOMINION ENERGY, INC",57652925956,57648301666,879455403,65.55,sized
716314,GHM,GRAHAM CORP,1010323800,1010323800,11737033,86.08,sized
717423,MUR,MURPHY OIL CORP,5108669483,5108669483,143381125,35.63,sized
717538,AROW,ARROW FINANCIAL CORP,706865269,706865269,18523723,38.16,sized
717605,HXL,HEXCEL CORP /DE/,7174396891,7174396891,75623452,94.87,sized
717954,UNF,UNIFIRST CORP,5097566685,5600574498,19868648,281.88,sized
718937,STAA,STAAR SURGICAL CO,1108683486,1108683486,50143984,22.11,sized
719220,STBA,S&T BANCORP INC,1755868846,1755868846,35265492,49.79,sized
719413,HL,HECLA MINING CO/DE/,13690640623,13690640623,671768431,20.38,sized
719955,WSM,WILLIAMS SONOMA INC,27686079120,27688705780,117779173,235.09,sized
720005,RJF,RAYMOND JAMES FINANCIAL INC,34501996484,34501996484,192361711,179.36,sized
720672,SF,STIFEL FINANCIAL CORP,12274930956,5656519859,69584449,81.29,disagree
720762,NIMU,NON INVASIVE MONITORING SYSTEMS INC /FL/,,,1032640,,unsized
720858,ITIC,INVESTORS TITLE CO,565152722,565152722,1887996,299.34,sized
721371,CAH,CARDINAL HEALTH INC,54550637002,54550637002,232575728,234.55,sized
721693,CREG,Smart Powerr Corp.,,,22959128,,unsized
721994,LKFN,LAKELAND FINANCIAL CORP,1481775842,1481775842,24857840,59.61,sized
723125,MU,MICRON TECHNOLOGY INC,1053565694841,1053565694841,1129393151,932.86,sized
723188,CBU,"COMMUNITY FINANCIAL SYSTEM, INC.",3323220559,3323220559,52615905,63.16,sized
723254,CTAS,CINTAS CORP,81706620964,81706620964,400169561,204.18,sized
723531,PAYX,PAYCHEX INC,45185950534,45185950534,355682860,127.04,sized
723533,WYGC,Wenyuan Group Corp.,,,82610375,,unsized
723612,CAR,"AVIS BUDGET GROUP, INC.",4879193142,,,138.12,sized
724004,MLAB,MESA LABORATORIES INC /CO/,722370729,722370729,5595869,129.09,sized
724445,BZYR,BURZYNSKI RESEARCH INSTITUTE INC,,,131448444,,unsized
724742,TPHS,Trinity Place Holdings Inc.,,,66247266,,unsized
725394,DHTI,"Dalrada Technology Group, Inc.",,,120157113,,unsized
726601,CCBG,CAPITAL CITY BANK GROUP INC,878596667,,,51.34,sized
726728,O,REALTY INCOME CORP,58646593685,58646593685,946218033,61.98,sized
726854,CHCO,CITY HOLDING CO,2014918653,2014918653,14045160,143.46,sized
726958,CASY,CASEYS GENERAL STORES INC,27956102379,27956102379,37004914,755.47,sized
727346,GBCS,"SELECTIS HEALTH, INC.",,,3067059,,unsized
727510,VISK,"Viskase Holdings, Inc.",,,14331620,,unsized
728535,JBHT,HUNT J B TRANSPORT SERVICES INC,24514616527,24514616527,93914939,261.03,sized
729580,BELFA,BEL FUSE INC /NJ,2994019957,450968003,2174912,207.35,disagree
729986,UBSI,UNITED BANKSHARES INC/WV,6481850888,6483718379,136212571,47.6,sized
730263,THO,THOR INDUSTRIES INC,4009458868,4009458868,52057373,77.02,sized
730272,RGEN,REPLIGEN CORP,9947906913,9947906913,56435621,176.27,sized
730349,TOFB,TOFUTTI BRANDS INC,,,5153706,,unsized
730464,CVSA,Covista Inc.,4577200125,4577200125,34038820,134.47,sized
730708,SBCF,SEACOAST BANKING CORP OF FLORIDA,3327799601,3327799601,96822799,34.37,sized
731012,HCSG,HEALTHCARE SERVICES GROUP INC,1540106612,1540106612,68632202,22.44,sized
731122,CCFN,MUNCY COLUMBIA FINANCIAL Corp,,,10614047,,unsized
731766,UNH,UNITEDHEALTH GROUP INC,352709895128,352709895128,897594847,392.95,sized
731802,ATO,ATMOS ENERGY CORP,28161942357,28161942357,168988553,166.65,sized
732417,HBIA,HILLS BANCORPORATION,,,17436739,,unsized
732712,VZ,VERIZON COMMUNICATIONS INC,208154237620,208154237620,4154775202,50.1,sized
732717,T,AT&T INC.,178230550756,178230550756,6852385650,26.01,sized
733269,RAMP,"LiveRamp Holdings, Inc.",2294402620,2294402620,60794982,37.74,sized
736772,CCNE,CNB FINANCIAL CORP/PA,1007406298,1007406298,29620885,34.01,sized
737468,WASH,WASHINGTON TRUST BANCORP INC,752863449,752863449,19074321,39.47,sized
737758,TTC,TORO CO,9430580752,9430580752,95229534,99.03,sized
737875,FKYS,FIRST KEYSTONE CORP,,,6322401,,unsized
740260,VTR,"Ventas, Inc.",47093605219,47093605219,512946359,91.81,sized
740806,FMBM,F&M BANK CORP,,,3586733,,unsized
742278,RES,RPC INC,1418604876,1418604876,221657012,6.4,sized
743367,BHB,BAR HARBOR BANKSHARES,660583552,660583552,16766080,39.4,sized
744187,REX,REX AMERICAN RESOURCES Corp,1361974639,1361974639,32937718,41.35,sized
744218,CLDX,"Celldex Therapeutics, Inc.",3072075291,3072075291,78529532,39.12,sized
744452,BNBX,BNB PLUS CORP.,,,6197223,,unsized
745308,JOE,ST JOE Co,3832557961,3832557961,56930451,67.32,sized
745732,ROST,"ROSS STORES, INC.",73314514919,73314514919,320781076,228.55,sized
746515,EXPD,EXPEDITORS INTERNATIONAL OF WASHINGTON INC,24824309083,24824309083,129990622,190.97,sized
746598,BRC,BRADY CORP,4393267667,,,93.25,sized
747540,SPRS,SURGE COMPONENTS INC,,,5735922,,unsized
748268,RCAT,"Red Cat Holdings, Inc.",1296544933,1296544933,152714362,8.49,sized
748592,ERNA,Ernexa Therapeutics Inc.,5330141,7460118,1632411,4.57,disagree-under
749251,IT,GARTNER INC,12528125348,12528125348,63148976,198.39,sized
750004,LNWO,"Light & Wonder, Inc.",,,77049181,,unsized
750577,HWC,HANCOCK WHITNEY CORP,6022344964,6022344964,80223058,75.07,sized
750686,CAC,CAMDEN NATIONAL CORP,957386796,957386796,16897049,56.66,sized
751364,NNN,"NNN REIT, INC.",8765507038,8765507038,191931400,45.67,sized
751978,VICR,VICOR CORP,8656538933,5065297674,26978949,187.75,disagree
752642,UMH,"UMH PROPERTIES, INC.",1407154688,1407154688,85385600,16.48,sized
752714,MGRC,MCGRATH RENTCORP,2742513441,2742513441,24425663,112.28,sized
753308,NEE,NEXTERA ENERGY INC,170716456624,170664344759,2085341456,81.84,sized
755001,UTL,UNITIL CORP,968367389,968367389,18236674,53.1,sized
759944,CFG,CITIZENS FINANCIAL GROUP INC/RI,29360233891,29360233891,421176788,69.71,sized
760498,BANF,BANCFIRST CORP /OK/,3714341259,3714341259,33598745,110.55,sized
761648,CDR-PB,"CEDAR REALTY TRUST, INC.",,,13718169,,unsized
763532,LYTS,LSI INDUSTRIES INC,723601482,723601482,36712404,19.71,sized
763744,LCII,LCI INDUSTRIES,2503112760,2503112760,24311507,102.96,sized
763901,BPOP,"POPULAR, INC.",10826400544,10826400544,63778501,169.75,sized
764038,SSB,SouthState Bank Corp,10277361113,10277361113,96974534,105.98,sized
764065,CLF,CLEVELAND-CLIFFS INC.,6629675346,6629675346,570540047,11.62,sized
764180,MO,"ALTRIA GROUP, INC.",114627920519,114627920519,1669743926,68.65,sized
764401,IIIN,INSTEEL INDUSTRIES INC,590232951,590232951,19358247,30.49,sized
764478,BBY,BEST BUY CO INC,17375641867,17375641867,210767126,82.44,sized
764622,PNW,PINNACLE WEST CAPITAL CORP,11833697927,11833697927,121197234,97.64,sized
764630,AETN,"AETERNUM HEALTH, INC.",,,97105204,,unsized
765880,DOC,"HEALTHPEAK PROPERTIES, INC.",14452491369,14452491369,689527260,20.96,sized
766421,ALK,"ALASKA AIR GROUP, INC.",4723044038,4723044038,111603120,42.32,sized
766704,WELL,WELLTOWER INC.,171546578658,,,238.07,sized
766829,HTO,H2O AMERICA,2659999894,,,63.55,sized
768408,CYAN,CYANOTECH CORP,,,7392243,,unsized
769397,ADSK,"Autodesk, Inc.",55037121125,54477940000,209000000,260.66,sized
769520,MIDD,MIDDLEBY Corp,5098819849,5098819849,45222349,112.75,sized
770460,PFBX,PEOPLES FINANCIAL CORP /MS/,,,4617466,,unsized
771266,KOPN,KOPIN CORP,832709310,832709310,185872614,4.48,sized
771497,ABM,ABM INDUSTRIES INC /DE/,2765019565,2765019565,58580923,47.2,sized
772263,NICH,NITCHES INC,,,336821595,,unsized
772406,CRUS,"CIRRUS LOGIC, INC.",5436753017,5436753017,50117561,108.48,sized
773717,ACRG,"American Clean Resources Group, Inc.",,,14101318,,unsized
773840,HON,HONEYWELL INTERNATIONAL INC,68912266374,68912266374,316940010,217.43,sized
774415,KRFG,"King Resources, Inc.",,,10881149,,unsized
775057,ALTX,ALTEX INDUSTRIES INC,,,11187640,,unsized
775158,OSK,OSHKOSH CORP,9505451756,9599607533,62351309,153.96,sized
775215,HBT,"HBT Financial, Inc.",1301525253,1301525253,36365612,35.79,sized
776867,WTM,WHITE MOUNTAINS INSURANCE GROUP LTD,5096627890,5096627890,2386721,2135.41,sized
776901,INDB,INDEPENDENT BANK CORP,3887108263,3887108263,47369099,82.06,sized
779152,JKHY,JACK HENRY & ASSOCIATES INC,12059448889,11900212955,70112608,169.73,sized
779227,STLE,STEELE BANCORP INC,,,3405061,,unsized
780571,ITRI,"ITRON, INC.",4270522020,4270522020,43786753,97.53,sized
783325,WEC,"WEC ENERGY GROUP, INC.",34611721462,34611721462,325849383,106.22,sized
783412,DJCO,DAILY JOURNAL CORP,859401103,859401103,1377952,623.68,sized
784199,AORT,"ARTIVION, INC.",1305204036,1305204036,48756221,26.77,sized
784539,EACO,EACO CORP,,,4861590,,unsized
784977,POR,PORTLAND GENERAL ELECTRIC CO /OR/,5833343904,5833343904,117607740,49.6,sized
785161,EHC,Encompass Health Corp,11922261456,11922261456,98653384,120.85,sized
785786,PLXS,PLEXUS CORP,6419691086,6419691086,26652099,240.87,sized
785956,JJSF,J&J SNACK FOODS CORP,1667520330,1667520330,18681608,89.26,sized
787496,LGVT,UBUYHOLDINGS INC,,,5687356400,,unsized
788784,PEG,PUBLIC SERVICE ENTERPRISE GROUP INC,36479361995,36479361995,498420030,73.19,sized
788965,HNRG,HALLADOR ENERGY CO,765608117,765608117,47143357,16.24,sized
789019,MSFT,MICROSOFT CORP,3813240375993,3813240375993,7425545491,513.53,sized
789460,WKC,WORLD KINECT CORP,1813324929,1813324929,51151620,35.45,sized
789570,MGM,MGM Resorts International,10637341723,10637341723,251592756,42.28,sized
790051,CSL,CARLISLE COMPANIES INC,14159279838,14159279838,39714133,356.53,sized
790359,NBTB,NBT BANCORP INC,2678541144,2678541144,51960061,51.55,sized
790526,RDNT,"RadNet, Inc.",5871639649,5871602344,78697257,74.61,sized
790816,BDN,BRANDYWINE REALTY TRUST,526932887,531558245,173711845,3.06,sized
791963,OPY,OPPENHEIMER HOLDINGS INC,1274359675,,,119.01,sized
792987,ASTE,ASTEC INDUSTRIES INC,999070674,999070674,23025367,43.39,sized
793074,WERN,WERNER ENTERPRISES INC,2304322333,2304322333,59977156,38.42,sized
793306,BDCO,BLUE DOLPHIN ENERGY CO,,,14921968,,unsized
793733,SKYW,SKYWEST INC,3838956492,3838956492,38828325,98.87,sized
793952,HOG,"HARLEY-DAVIDSON, INC.",2924437446,2924437446,104072507,28.1,sized
794170,TOL,"Toll Brothers, Inc.",13506048960,13473734340,92147000,146.22,sized
794367,M,"Macy's, Inc.",5789465367,5789465367,263037954,22.01,sized
795266,KBH,KB HOME,3363451678,3363451678,61309728,54.86,sized
795403,WTS,WATTS WATER TECHNOLOGIES INC,12229546537,,,366.34,sized
796343,ADBE,ADOBE INC.,115879200000,115879200000,397500000,291.52,sized
797465,STLY,"HG Holdings, Inc.",,,5046795,,unsized
797468,OXY,OCCIDENTAL PETROLEUM CORP /DE/,59078568626,59078568626,999637371,59.1,sized
797542,QXL,QUANTUM X LABS INC.,63747953,103094208,21567826,4.78,disagree-under
797564,HSTC,"HST Global, Inc.",,,42771382,,unsized
797721,VSAT,VIASAT INC,9280608919,9280608919,137755810,67.37,sized
798354,FISV,FISERV INC,28279354222,28279354222,531766721,53.18,sized
798359,CSR,CENTERSPACE,881357044,881357063,16794151,52.48,sized
798783,UHT,UNIVERSAL HEALTH REALTY INCOME TRUST,576239438,576239438,13898684,41.46,sized
798941,FCNCA,FIRST CITIZENS BANCSHARES INC /DE/,24777895798,,,2194.07,sized
799167,MRTN,MARTEN TRANSPORT LTD,1172661566,1172661566,81661669,14.36,sized
799233,HTLD,HEARTLAND EXPRESS INC,941911201,941911201,77332611,12.18,sized
799292,MHO,"M/I HOMES, INC.",3827850893,3827850893,25283031,151.4,sized
800457,DGICA,DONEGAL GROUP INC,714174985,,,19.24,sized
801337,WBS,WEBSTER FINANCIAL CORP,,,162033448,,unsized
802257,MITI,"Mitesco, Inc.",,,48392796,,unsized
802481,PPC,PILGRIMS PRIDE CORP,7545659125,7545659125,238108524,31.69,sized
803016,CFNB,CALIFORNIA FIRST LEASING CORP,,,10284139,,unsized
803097,SPQS,"SportsQuest, Inc.",,,4024163151,,unsized
804328,QCOM,QUALCOMM INC/DE,175364851360,172399500000,1050000000,164.19,sized
804563,BMBN,BENCHMARK BANKSHARES INC,,,,,unsized
805676,PRK,PARK NATIONAL CORP /OH/,3578871577,3578871577,18064161,198.12,sized
805928,AXGN,"Axogen, Inc.",2767105074,2767105074,53761513,51.47,sized
807863,MITK,MITEK SYSTEMS INC,850556749,850556749,45122374,18.85,sized
810136,PLAB,PHOTRONICS INC,1635063345,1635063345,58963698,27.73,sized
810332,RJET,REPUBLIC AIRWAYS HOLDINGS INC.,861478799,861478799,46819500,18.4,sized
811156,CMS,CMS ENERGY CORP,21389096446,21389096446,313577136,68.21,sized
811211,UNIB,UNIVERSITY BANCORP INC /DE/,,,,,unsized
811222,CDIX,Cardiff Lexington Corp,,,15637361,,unsized
811589,FBNC,FIRST BANCORP /NC/,2647536401,2647536401,41374221,63.99,sized
811596,KALU,KAISER ALUMINUM CORP,2556671006,2556671006,16349092,156.38,sized
811830,SNUS-PI,"Santander Holdings USA, Inc.",,,530391043,,unsized
812011,MTN,VAIL RESORTS INC,5057466345,5057466345,35633526,141.93,sized
812074,OI,"O-I Glass, Inc. /DE/",1135545530,1135545530,153659747,7.39,sized
812152,RDGA,RIDGEFIELD ACQUISITION CORP,,,27860773,,unsized
812306,PCYN,PROCYON CORP,,,8120388,,unsized
812801,NUV,NUVEEN MUNICIPAL VALUE FUND INC,1888385774,,,8.99,sized
813672,CDNS,CADENCE DESIGN SYSTEMS INC,93741023270,,,340.39,sized
813716,CIRX,CIRTRAN CORP,,,4945417,,unsized
813762,IEP,ICAHN ENTERPRISES L.P.,4820004330,4820004330,710915093,6.78,sized
814453,NWL,NEWELL BRANDS INC.,2627803000,2627803000,425900000,6.17,sized
814547,FICO,FAIR ISAAC CORP,24914383806,24914383806,21597635,1153.57,sized
814926,CAPC,"CAPSTONE COMPANIES, INC.",,,48826864,,unsized
815097,CCL,Carnival Corp Ltd.,33912512186,33912512186,1369649119,24.76,sized
815556,FAST,FASTENAL CO,57122429183,57122429183,1147497573,49.78,sized
816761,TDC,TERADATA CORP /DE/,2675610000,2675610000,93000000,28.77,sized
816956,CNMD,CONMED Corp,1496963375,1496963375,29951248,49.98,sized
817720,SYNA,SYNAPTICS Inc,3718292228,3718292228,39106986,95.08,sized
818479,XRAY,DENTSPLY SIRONA Inc.,2216815101,2216815101,199353876,11.12,sized
818677,SFDL,SECURITY FEDERAL CORP,,,3093225,,unsized
818686,TEVA,TEVA PHARMACEUTICAL INDUSTRIES LTD,42463389300,42463389300,1165296084,36.44,sized
819793,AIN,ALBANY INTERNATIONAL CORP /DE/,1655456427,1657140000,28400000,58.35,sized
819926,SEII,SHARING ECONOMY INTERNATIONAL INC.,,,6248548045,,unsized
820027,AMP,AMERIPRISE FINANCIAL INC,49406536051,49406536051,88333219,559.32,sized
820313,APH,AMPHENOL CORP /DE/,194490810507,194490810507,1232983457,157.74,sized
820318,COHR,COHERENT CORP.,54676363083,54676363083,195832246,279.2,sized
820771,GFMH,Goliath Film & Media Holdings,,,177118186,,unsized
821002,GIII,G III APPAREL GROUP LTD /DE/,1411696572,1411696572,42190573,33.46,sized
821026,ANDE,"Andersons, Inc.",2193462799,2193462799,33975570,64.56,sized
821130,AD,"ARRAY DIGITAL INFRASTRUCTURE, INC.",3113242344,1913601816,53155606,36.0,disagree
821189,EOG,EOG RESOURCES INC,75191257379,75191257379,524529176,143.35,sized
821483,PARR,"PAR PACIFIC HOLDINGS, INC.",3950355588,3950355588,50099627,78.85,sized
822370,EMMA,"Emmaus Life Sciences, Inc.",,,70188263,,unsized
822416,PHM,PULTEGROUP INC/MI/,24487020678,24097024017,187452540,128.55,sized
822663,IPAR,INTERPARFUMS INC,3771996486,3771996486,32025781,117.78,sized
822818,CLH,CLEAN HARBORS INC,16401525826,,,310.71,sized
823277,CHSCP,CHS INC,,,,26.625,unsized
823768,WM,WASTE MANAGEMENT INC,87801437317,87801437317,399715184,219.66,sized
824142,AAON,"AAON, INC.",6255757590,6255757590,82453639,75.87,sized
824416,QPRC,QUEST PATENT RESEARCH CORP,,,5331973,,unsized
825313,AB,ALLIANCEBERNSTEIN HOLDING L.P.,3432614076,3432614076,93075219,36.88,sized
825542,SMG,SCOTTS MIRACLE-GRO CO,3518251157,3518251157,58220274,60.43,sized
826154,ORRF,ORRSTOWN FINANCIAL SERVICES INC,825337506,825337506,19669626,41.96,sized
826253,AUSI,AURA SYSTEMS INC,,,135928692,,unsized
826675,DX,DYNEX CAPITAL INC,3203834898,3194315503,247429551,12.91,sized
827052,EIX,EDISON INTERNATIONAL,27002396906,27000990839,384793941,70.17,sized
827054,MCHP,MICROCHIP TECHNOLOGY INC,39601623834,39601623834,543008691,72.93,sized
827099,CPWR,Ocean Thermal Energy Corp,,,190012124,,unsized
827187,SNBRQ,Sleep Number Corp,,,23049000,,unsized
827876,CLSK,"CLEANSPARK, INC.",2994487071,2994487071,256817073,11.66,sized
828944,WSFS,WSFS FINANCIAL CORP,4000394371,4000394371,51090605,78.3,sized
829224,SBUX,STARBUCKS CORP,122949000000,122949000000,1140000000,107.85,sized
830616,SCIA,"SCI Engineered Materials, Inc.",,,4450003,,unsized
831001,C,CITIGROUP INC,222931348460,232484496296,1749319009,132.9,sized
831259,FCX,FREEPORT-MCMORAN INC,109783539633,109783539633,1436017523,76.45,sized
831641,TTEK,TETRA TECH INC,9355863399,9355863399,256044428,36.54,sized
832101,IEX,IDEX CORP /DE/,16976217650,16976217650,73719896,230.28,sized
832370,EAXR,"Ealixir, Inc.",,,,,unsized
832480,UTGN,UTG INC,,,3132727,,unsized
832489,GOVX,"GeoVax Labs, Inc.",3756745,5313224,7369243,0.721,disagree-under
832988,SIG,SIGNET JEWELERS LTD,3212877054,3252573054,39329783,82.7,sized
833079,MTH,Meritage Homes CORP,4631271048,4631271048,65174093,71.06,sized
833444,JCI,Johnson Controls International plc,84555451797,,,139.59,sized
833640,POWI,POWER INTEGRATIONS INC,2878033579,2878033579,55873298,51.51,sized
834365,BLFS,BIOLIFE SOLUTIONS INC,1779225891,1779225891,48906704,36.38,sized
835324,SYBT,"Stock Yards Bancorp, Inc.",2480360777,2480360777,31066643,79.84,sized
835662,AIXN,"AiXin Life International, Inc.",,,24999834,,unsized
836157,LNN,LINDSAY CORP,1158032623,1158032623,10168885,113.88,sized
836564,CPMV,Mosaic ImmunoEngineering Inc.,,,7242137,,unsized
837465,CALY,Callaway Golf Co,2800830074,2800830074,178510521,15.69,sized
839087,VASO,VASO Corp,,,176018035,,unsized
840489,FCFS,"FirstCash Holdings, Inc.",9507532278,9507532278,43371800,219.21,sized
842023,TECH,BIO-TECHNE Corp,11345799519,11345799519,156818238,72.35,sized
842162,LEA,LEAR CORP,8256602231,6117257231,49324764,124.02,disagree
842633,TRS,TRIMAS CORP,1418094199,1418094199,35873873,39.53,sized
844856,HCMC,Healthier Choices Management Corp.,,,527156418606,,unsized
844965,TTI,TETRA TECHNOLOGIES INC,1008375624,1008375624,148072779,6.81,sized
844985,POSC,POSITRON CORP,,,32846326,,unsized
845385,PIAC,PRINCETON CAPITAL CORP,,,120486061,,unsized
845819,KTEL,"KonaTel, Inc.",,,43979064,,unsized
845877,AGM,FEDERAL AGRICULTURAL MORTGAGE CORP,2403226290,,,221.43,sized
846377,TGNT,"Totaligent, Inc.",,,380841775,,unsized
846617,DCOM,"Dime Commercial Bancshares, Inc. /NY/",1787017399,1787017399,44156595,40.47,sized
847942,STQN,STRATEGIC ACQUISITIONS INC /NV/,,,46775000,,unsized
849395,CRH,CRH PUBLIC LTD CO,63774173224,63774173224,665284511,95.86,sized
849399,GEN,Gen Digital Inc.,18568169732,18568169732,598587032,31.02,sized
849401,ADMT,"ADM TRONICS UNLIMITED, INC.",,,67588492,,unsized
849869,SLGN,SILGAN HOLDINGS INC,4449213042,4449213042,105682020,42.1,sized
850141,HMN,HORACE MANN EDUCATORS CORP /DE/,2079729122,2079729122,40501054,51.35,sized
851205,CGNX,COGNEX CORP,10170813487,10170813487,168223842,60.46,sized
851310,HLIT,HARMONIC INC.,1310978668,1310978668,109066445,12.02,sized
851520,EXPO,EXPONENT INC,3400971388,3400971388,47546084,71.53,sized
851968,MHK,MOHAWK INDUSTRIES INC,8798507654,8798507654,67738145,129.89,sized
853816,LSTR,LANDSTAR SYSTEM INC,6109664607,,,180.03,sized
854560,GSBC,"GREAT SOUTHERN BANCORP, INC.",859486377,859486377,10897507,78.87,sized
854775,DGII,DIGI INTERNATIONAL INC,2875329279,2875329279,37948123,75.77,sized
855658,LSCC,LATTICE SEMICONDUCTOR CORP,16248263116,16248263116,142030272,114.4,sized
856982,MMSI,MERIT MEDICAL SYSTEMS INC,5403195905,5403195905,59710420,90.49,sized
856984,USAQ,"QHSLab, Inc.",,,15032788,,unsized
857005,PTC,PTC INC.,17051758916,17051758916,108506261,157.15,sized
857855,UCB,UNITED COMMUNITY BANKS INC,4241846195,4241846195,120575503,35.18,sized
858877,CSCO,"CISCO SYSTEMS, INC.",433281912723,433281912723,3941434665,109.93,sized
859070,FCBC,FIRST COMMUNITY BANKSHARES INC /VA/,925093294,925093294,18910329,48.92,sized
860413,FIBK,FIRST INTERSTATE BANCSYSTEM INC,3530082643,3530082643,95304607,37.04,sized
860546,CDP,COPT DEFENSE PROPERTIES,4149688658,4149688658,113410458,36.59,sized
860730,HCA,"HCA Healthcare, Inc.",90458656730,,,417.82,sized
860731,TYL,TYLER TECHNOLOGIES INC,15477502435,15477502435,40952274,377.94,sized
860748,KMPR,KEMPER Corp,1645723691,1645723691,58923154,27.93,sized
861459,GVA,GRANITE CONSTRUCTION INC,5443182930,5362027765,43764510,122.52,sized
861842,CATY,CATHAY GENERAL BANCORP,4127584043,4127584043,66713820,61.87,sized
861884,RS,"RELIANCE, INC.",19788234972,,,387.59,sized
862022,HGTXU,HUGOTON ROYALTY TRUST,,,,,unsized
862651,INVU,"Investview, Inc.",,,1844470389,,unsized
862668,ESMC,ESCALON MEDICAL CORP,,,7415329,,unsized
862831,FISI,FINANCIAL INSTITUTIONS INC,807172505,807172505,19706360,40.96,sized
863436,BHE,BENCHMARK ELECTRONICS INC,2561450422,2561450422,35919933,71.31,sized
864749,TRMB,TRIMBLE INC.,14226302526,14226302526,233179848,61.01,sized
865752,MNST,Monster Beverage Corp,91801165661,45900582830,979525882,46.86,disagree
866291,ALGM,"ALLEGRO MICROSYSTEMS, INC.",6667601185,6667601185,186402046,35.77,sized
866374,FLEX,FLEX LTD.,40819029069,40819029069,369402978,110.5,sized
866439,DPLS,"DarkPulse, Inc.",,,226544189,,unsized
866706,ESE,ESCO TECHNOLOGIES INC,7175359756,7175359756,25907567,276.96,sized
866729,SCHL,SCHOLASTIC CORP,734885922,1206800454,30975371,38.96,disagree
866787,AZO,AUTOZONE INC,48355048495,48355048495,16325355,2961.96,sized
866829,HLX,HELIX ENERGY SOLUTIONS GROUP INC,1494458012,1494458012,147382447,10.14,sized
867038,SPND,SPINDLETOP OIL & GAS CO,,,6598303,,unsized
868278,PRPH,"ProPhase Labs, Inc.",,,15592556,,unsized
868671,GBCI,"GLACIER BANCORP, INC.",6104336356,6104336356,130211953,46.88,sized
868780,DORM,"Dorman Products, Inc.",3838541188,3838541188,29675618,129.35,sized
868857,ACM,AECOM,8901931717,8901931717,128696425,69.17,sized
871763,MAN,ManpowerGroup Inc.,2901593067,2901482512,46505570,62.39,sized
872589,REGN,"REGENERON PHARMACEUTICALS, INC.",81765821919,74618208810,93955110,794.19,sized
872912,DCTH,"DELCATH SYSTEMS, INC.",566978310,566978310,34698795,16.34,sized
873303,SRPT,"Sarepta Therapeutics, Inc.",2203379658,2203379658,105627021,20.86,sized
874015,IONS,IONIS PHARMACEUTICALS INC,10145552858,10145552858,166184322,61.05,sized
874238,STRL,"STERLING INFRASTRUCTURE, INC.",14392509489,14392509489,30588518,470.52,sized
874499,GPOR,GULFPORT ENERGY CORP,3118903446,3118903446,17683866,176.37,sized
874716,IDXX,IDEXX LABORATORIES INC /DE,43722731568,43722731568,78781116,554.99,sized
874761,AES,AES CORP,10508951019,10508951019,713438630,14.73,sized
874766,HIG,"HARTFORD INSURANCE GROUP, INC.",37529315877,37529315877,270872002,138.55,sized
874866,CRVL,CORVEL CORP,3497767376,3497767376,50516571,69.24,sized
875045,BIIB,BIOGEN INC.,32284248563,,,218.5,sized
875320,VRTX,VERTEX PHARMACEUTICALS INC / MA,137297247921,137297247921,253460924,541.69,sized
875357,BOKF,BOK FINANCIAL CORP,8354228875,8354228875,60766867,137.48,sized
875729,BNET,BION ENVIRONMENTAL TECHNOLOGIES INC,,,57412311,,unsized
876167,PRGS,PROGRESS SOFTWARE CORP /MA,1835739283,1835739283,41012942,44.76,sized
876437,MTG,MGIC INVESTMENT CORP,6356818791,6356818791,205124840,30.99,sized
876523,EZPW,EZCORP INC,2027631441,,,33.0,sized
876883,STGW,Stagwell Inc,2136715441,2136715441,244475451,8.74,sized
877212,ZBRA,ZEBRA TECHNOLOGIES CORP,16863884757,16863884757,47310660,356.45,sized
877860,NHI,NATIONAL HEALTH INVESTORS INC,3537424561,3537424561,49110434,72.03,sized
878927,ODFL,"OLD DOMINION FREIGHT LINE, INC.",41187245827,41187245827,207356622,198.63,sized
879101,KIM,KIMCO REALTY CORP,15951371289,15951371289,670789373,23.78,sized
879169,INCY,INCYTE CORP,25209518670,,,124.37,sized
879407,ARWR,"ARROWHEAD PHARMACEUTICALS, INC.",11993916792,11993916792,141254467,84.91,sized
879526,WNC,WABASH NATIONAL Corp,543026516,,,13.33,sized
879635,MPB,MID PENN BANCORP INC,929042334,929042334,25335215,36.67,sized
879911,AERG,"APPLIED ENERGETICS, INC.",,,230105003,,unsized
880117,JBSS,SANFILIPPO JOHN B & SON INC,872743669,606327298,8121180,74.66,disagree
880242,BLGO,"BIOLARGO, INC.",,,328731362,,unsized
880266,AGCO,AGCO CORP /DE,7940897751,7940897751,70031729,113.39,sized
880417,CSBB,"CSB Bancorp, Inc.",,,2627015,,unsized
880631,WT,"WisdomTree, Inc.",3701440871,3701440871,151512111,24.43,sized
880807,AMSC,AMERICAN SUPERCONDUCTOR CORP /DE/,1380116654,1380116654,48442143,28.49,sized
882095,GILD,"GILEAD SCIENCES, INC.",180636666980,180636666980,1239955155,145.68,sized
882184,DHI,HORTON D R INC /DE/,41225169743,41225169743,279701267,147.39,sized
882796,BCRX,BIOCRYST PHARMACEUTICALS INC,2509354731,2509354731,255535105,9.82,sized
882835,ROP,ROPER TECHNOLOGIES INC,42151552498,42151552498,98900874,426.2,sized
883237,VRTS,"VIRTUS INVESTMENT PARTNERS, INC.",1126071199,1116055718,6622690,168.52,sized
883241,SNPS,SYNOPSYS INC,84820295886,84820295886,191636646,442.61,sized
883948,AUB,Atlantic Union Bankshares Corp,5806853671,5806853671,142814896,40.66,sized
883984,ICUI,ICU MEDICAL INC/DE,4378732353,4378732353,25007038,175.1,sized
884219,PRSU,"Pursuit Attractions & Hospitality, Inc.",1356936994,1356936994,27264155,49.77,sized
884614,UGI,UGI CORP /PA/,8152953695,8152953695,214494967,38.01,sized
884887,RCL,ROYAL CARIBBEAN CRUISES LTD,74728786790,74728786790,267452084,279.41,sized
885245,BKE,BUCKLE INC,2237339706,2237430474,51518086,43.43,sized
885275,WBHC,WILSON BANK HOLDING CO,,,12420687,,unsized
885508,STRS,STRATUS PROPERTIES INC,,,7982723,,unsized
885550,CACC,CREDIT ACCEPTANCE CORP,6175303236,6175303236,10380580,594.89,sized
885590,BHC,Bausch Health Companies Inc.,2363620345,2363620345,373990561,6.32,sized
885639,KSS,KOHLS Corp,1984499877,1984499877,113399993,17.5,sized
885725,BSX,BOSTON SCIENTIFIC CORP,67881910997,67881910997,1449229526,46.84,sized
885978,USPH,U S PHYSICAL THERAPY INC /NV,1173371743,1173371743,14922698,78.63,sized
886128,FCEL,FUELCELL ENERGY INC,1419986520,1200721152,67608173,17.76,sized
886163,LGND,LIGAND PHARMACEUTICALS INC,5591738968,5591738968,19935609,280.49,sized
886346,KAI,KADANT INC,3569187522,3569187522,11809117,302.24,sized
886744,GERN,GERON CORP,970134847,970134847,642473409,1.51,sized
886982,GS,GOLDMAN SACHS GROUP INC,301068324157,301068324157,291171408,1033.99,sized
887343,COLB,"COLUMBIA BANKING SYSTEM, INC.",8506871198,8506871198,282902268,30.07,sized
887359,VCEL,Vericel Corp,2096910843,2096910843,51206614,40.95,sized
887596,CAKE,CHEESECAKE FACTORY INC,5576674252,5576674252,49760634,112.07,sized
887733,CENT,CENTRAL GARDEN & PET CO,2741555792,,,43.8,sized
887905,LTC,LTC PROPERTIES INC,2189643969,2189643969,53905563,40.62,sized
887936,FCN,"FTI CONSULTING, INC",4245003540,4245003540,27611575,153.74,sized
888491,OHI,OMEGA HEALTHCARE INVESTORS INC,13935567870,13935567870,303013000,45.99,sized
888981,NNUP,NOCOPI TECHNOLOGIES INC/MD/,,,11743364,,unsized
889331,LFUS,LITTELFUSE INC /DE,10297033015,,,405.415,sized
889900,PTEN,PATTERSON UTI ENERGY INC,4740613983,4740613983,381384874,12.43,sized
889971,LPTH,LIGHTPATH TECHNOLOGIES INC,705125040,705125040,62789407,11.23,sized
890066,GLBZ,GLEN BURNIE BANCORP,,,2919695,,unsized
890564,EFOR,Everforth Inc,1309950000,1309950000,41000000,31.95,sized
890725,GSAC,GELSTAT CORP,,,,,unsized
890926,RDN,RADIAN GROUP INC,4817090988,4817090988,132301318,36.41,sized
891014,MTX,MINERALS TECHNOLOGIES INC,2243761164,2243761164,31128762,72.08,sized
891103,MTCH,"Match Group, Inc.",9544729956,9544729956,229550985,41.58,sized
891166,UVE,"UNIVERSAL INSURANCE HOLDINGS, INC.",1208672317,1208672317,27830355,43.43,sized
893538,SM,SM Energy Co,8710215970,8710215970,237854068,36.62,sized
893949,MD,"Pediatrix Medical Group, Inc.",2162149541,2162149541,81253271,26.61,sized
894405,ARCB,ARCBEST CORP /TX/,3051853875,3051853875,22351354,136.54,sized
894501,GRHI,"GOLD ROCK HOLDINGS, INC.",,,238216969,,unsized
894627,EGY,VAALCO ENERGY INC /DE/,606956559,606956559,105191778,5.77,sized
895126,EXE,EXPAND ENERGY Corp,22724411928,,,98.16,sized
895417,ELS,EQUITY LIFESTYLE PROPERTIES INC,12369678815,,,63.74,sized
895419,WOLF,"WOLFSPEED, INC.",1343478810,1369930986,52995396,25.85,sized
895421,MS,MORGAN STANLEY,337310522532,337310522532,1570566292,214.77,sized
895464,YBGJ,Yubo International Biotech Ltd,,,170416343,,unsized
895728,ENB,ENBRIDGE INC,109641092551,109641092551,2184085509,50.2,sized
896156,ETD,ETHAN ALLEN INTERIORS INC,597225576,597225576,25446339,23.47,sized
896159,CB,Chubb Ltd,131141088071,,,339.92,sized
896493,GPUS,"Hyperscale Data, Inc.",28314973,469249,1529995,0.3067,disagree-under
896622,ATR,"APTARGROUP, INC.",8455654345,8455654345,63581129,132.99,sized
896878,INTU,INTUIT INC.,97942658220,97942658220,273537000,358.06,sized
897077,ALG,ALAMO GROUP INC,2011495385,2011495385,12170965,165.27,sized
897078,KOAN,"Resonate Blends, Inc.",,,195248774,,unsized
897448,AMRN,AMARIN CORP PLC\UK,295085990,5318295,380694,13.97,disagree-under
897723,SANM,SANMINA CORP,10398423037,10398423037,53597356,194.01,sized
898171,UWHR,UWHARRIE CAPITAL CORP,,,7089015,,unsized
898173,ORLY,O REILLY AUTOMOTIVE INC,71593030092,71593030092,808960792,88.5,sized
898174,RGA,REINSURANCE GROUP OF AMERICA INC,16034170824,16034170824,65301665,245.54,sized
898293,JBL,JABIL INC,31588067979,31588067979,104787089,301.45,sized
899051,ALL,ALLSTATE CORP,65889724610,65889724610,252857950,260.58,sized
899460,MNKD,MANNKIND CORP,1270100711,1270085516,321540637,3.95,sized
899629,AKR,ACADIA REALTY TRUST,2845533999,2845533999,137332722,20.72,sized
899689,VNO,VORNADO REALTY TRUST,7132724284,7132724284,186720531,38.2,sized
899715,SKT,TANGER INC.,4334384254,4334384254,114878989,37.73,sized
900075,CPRT,COPART INC,30542520791,30542520791,925811482,32.99,sized
901491,PZZA,PAPA JOHNS INTERNATIONAL INC,780902415,780902415,32921687,23.72,sized
902791,BBSI,BARRETT BUSINESS SERVICES INC,832963136,832963136,24235180,34.37,sized
903129,THRM,Gentherm Inc,1214237450,1214237450,30705208,39.545,sized
903419,ALRS,ALERUS FINANCIAL CORP,824795242,824795242,24903238,33.12,sized
903651,INOD,INNODATA INC,1945714220,1945714220,34382651,56.59,sized
906107,VMRK,VIVMARK RESIDENTIAL,26139626958,24573856565,374944409,65.54,sized
906163,NVR,NVR INC,17045164072,17045164072,2664860,6396.27,sized
906345,CPT,CAMDEN PROPERTY TRUST,12308159670,10692359872,100539350,106.35,sized
906465,QCRH,QCR HOLDINGS INC,1647878036,1647878036,16375614,100.63,sized
906553,BYD,BOYD GAMING CORP,5773925750,5773925750,72655414,79.47,sized
906709,NKTR,NEKTAR THERAPEUTICS,2476049924,2476049924,34142994,72.52,sized
907242,MCRI,MONARCH CASINO & RESORT INC,2196763398,,,122.57,sized
907254,BFS,"SAUL CENTERS, INC.",822337950,822337950,24717101,33.27,sized
907471,CASH,"PATHWARD FINANCIAL, INC.",1693029003,1693029003,20773362,81.5,sized
907654,ORKA,"Oruka Therapeutics, Inc.",6034683015,6034683015,66209699,91.145,sized
908255,BWA,BORGWARNER INC,13052976627,13052976627,203666354,64.09,sized
908259,OTLC,"Oncotelic Therapeutics, Inc.",,,457512796,,unsized
908315,WINA,WINMARK CORP,1211458995,1211458995,3592169,337.25,sized
908937,SIRI,SIRIUS XM HOLDINGS INC.,9619889069,9619889069,337066891,28.54,sized
909832,COST,COSTCO WHOLESALE CORP /NEW,419295904817,419295904817,443478804,945.47,sized
910073,FLG,"FLAGSTAR BANK, NATIONAL ASSOCIATION",5582998644,5582998644,415092836,13.45,sized
910108,LXP,LXP Industrial Trust,3578116352,,,60.69,sized
910521,DECK,DECKERS OUTDOOR CORP,11951319770,11971712561,136414227,87.76,sized
910606,REG,REGENCY CENTERS CORP,13829263709,13827469580,183096790,75.52,sized
910612,CBL,CBL & ASSOCIATES PROPERTIES INC,1703089345,1703089345,30942757,55.04,sized
910638,DDD,3D SYSTEMS CORP,544962248,544962248,166147027,3.28,sized
911177,CWST,CASELLA WASTE SYSTEMS INC,5961799509,,,93.68,sized
911421,PREJF,PARTNERRE LTD,,,100000000,,unsized
912093,VIAV,VIAVI SOLUTIONS INC.,9016238715,9016238715,246749828,36.54,sized
912242,MAC,MACERICH CO,6734535156,6734535156,283559375,23.75,sized
912544,NSTM,NovelStem International Corp.,,,49332455,,unsized
912562,ROCK,"GIBRALTAR INDUSTRIES, INC.",1343789655,1343789655,29683889,45.27,sized
912593,SUI,SUN COMMUNITIES INC,14971773634,,,122.92,sized
912595,MAA,MID AMERICA APARTMENT COMMUNITIES INC.,15037605846,15084634187,116384802,129.61,sized
912615,URBN,URBAN OUTFITTERS INC,6945390125,6944148880,85635083,81.09,sized
912728,FWRD,FORWARD AIR CORP,573936845,573936845,33780862,16.99,sized
912764,KSBI,KS BANCORP INC,,,,,unsized
912766,LAUR,"LAUREATE EDUCATION, INC.",5344675168,5344675168,137749360,38.8,sized
912767,UFPI,UFP INDUSTRIES INC,4744439840,4744439840,55161491,86.01,sized
912967,FBSI,FIRST BANCSHARES INC /MO/,,,1550815,,unsized
913142,BDC,BELDEN INC.,4502198385,4502198385,39078191,115.21,sized
913144,RNR,RENAISSANCERE HOLDINGS LTD,13742873090,13742873090,41551893,330.74,sized
913241,SHOO,"STEVEN MADDEN, LTD.",3237354682,3237354682,73177095,44.24,sized
913353,CIGI,Colliers International Group Inc.,5260116295,3095115804,30070104,102.93,disagree
913760,SNEX,StoneX Group Inc.,8279132690,8279132690,120616735,68.64,sized
914139,PRKR,PARKERVISION INC,,,148226874,,unsized
914156,UFPT,UFP TECHNOLOGIES INC,2324124289,2324124289,7745790,300.05,sized
914208,IVZ,Invesco Ltd.,14507682770,14507682770,441499780,32.86,sized
914475,NBIX,NEUROCRINE BIOSCIENCES INC,15660072824,15660072824,101649181,154.06,sized
915389,EMN,EASTMAN CHEMICAL CO,8349273277,8352983055,114377421,73.03,sized
915779,DAKT,DAKTRONICS INC /SD/,932302441,931897489,48284844,19.3,sized
915840,BZH,BEAZER HOMES USA INC,886297076,886297076,26679623,33.22,sized
915912,AVB,AVALONBAY COMMUNITIES INC,,,142797963,,unsized
915913,ALB,ALBEMARLE CORP,16209174629,16209174629,118005057,137.36,sized
916076,MLM,MARTIN MARIETTA MATERIALS INC,37714842811,31897963800,60065839,531.05,sized
916365,TSCO,TRACTOR SUPPLY CO /DE/,18090513556,18090513556,521040137,34.72,sized
916540,DAR,DARLING INGREDIENTS INC.,10149883557,10149883557,157802916,64.32,sized
916789,HELE,HELEN OF TROY LTD,666618785,666618785,23292061,28.62,sized
916907,SMBC,"SOUTHERN MISSOURI BANCORP, INC.",814601843,814936455,11015632,73.98,sized
917251,ADC,AGREE REALTY CORP,9104565492,9104565492,124379310,73.2,sized
917273,RMBS,RAMBUS INC,9301667073,,,85.76,sized
917520,IART,INTEGRA LIFESCIENCES HOLDINGS CORP,1313577626,1313577626,77772506,16.89,sized
918545,BISA,BALTIC INTERNATIONAL USA INC,,,,,unsized
918573,GRVE,GROOVE BOTANICALS INC.,,,59643062,,unsized
918646,EXP,EAGLE MATERIALS INC,6060217207,6060217207,30675325,197.56,sized
918965,SCSC,"SCANSOURCE, INC.",1149352114,1139076018,20142812,56.55,sized
919012,AEO,AMERICAN EAGLE OUTFITTERS INC,2826962127,2826962127,167573333,16.87,sized
920148,LH,LABCORP HOLDINGS INC.,27177421000,27177421000,81100000,335.11,sized
920371,SSD,"Simpson Manufacturing Co., Inc.",7462081051,7462081051,40984682,182.07,sized
920427,UNTY,UNITY BANCORP INC /NJ/,590302734,590302734,10042578,58.78,sized
920522,ESS,"ESSEX PROPERTY TRUST, INC.",18254164729,18254164729,64268439,284.03,sized
920760,LEN,LENNAR CORP /NEW/,20796477608,,,86.33,sized
921082,HIW,"HIGHWOODS PROPERTIES, INC.",3436038472,3434994511,110272697,31.15,sized
921557,RBCAA,REPUBLIC BANCORP INC /KY/,1863280929,,,94.9,sized
921582,IMAX,IMAX CORP,2762945703,2762945703,54842114,50.38,sized
921638,SSRM,SSR MINING INC.,7603778244,7603778244,203909312,37.29,sized
921738,PENN,"PENN Entertainment, Inc.",2329113270,2327396019,134066591,17.36,sized
921825,FR,FIRST INDUSTRIAL REALTY TRUST INC,8211568275,8211568275,132572946,61.94,sized
922224,PPL,PPL Corp,25737033562,25730382380,752350362,34.2,sized
922358,FGPR,FERRELLGAS PARTNERS L P,,,4857605,,unsized
922621,ERIE,ERIE INDEMNITY CO,13616281627,,,260.4,sized
923120,GBX,GREENBRIER COMPANIES INC,1420440984,1420440984,30939686,45.91,sized
923796,GEO,GEO GROUP INC,4248680171,4248680171,131619584,32.28,sized
924095,MVCO,"Metavesco, Inc.",,,66322140,,unsized
924396,CRSF,Crisp Momentum Inc.,,,1969621210,,unsized
924515,GTHP,GUIDED THERAPEUTICS INC,,,96537349,,unsized
924805,FRHC,Freedom Holding Corp.,11153273400,11153273400,63787666,174.85,sized
924822,MLR,MILLER INDUSTRIES INC /TN/,644009398,644009398,11352184,56.73,sized
926282,ADTN,"ADTRAN Holdings, Inc.",629036462,629036462,81481407,7.72,sized
926326,OMCL,"OMNICELL, INC.",1508940362,1508940362,45614884,33.08,sized
926617,AWHL,Aspira Women's Health Inc.,,,46633744,,unsized
927003,AEIS,ADVANCED ENERGY INDUSTRIES INC,10926561586,10926561586,40050442,272.82,sized
927066,DVA,DAVITA INC.,11527384000,11527384000,63800000,180.68,sized
927628,COF,CAPITAL ONE FINANCIAL CORP,132310274580,,,215.67,sized
927653,MCK,MCKESSON CORP,104160664400,104160664400,116590363,893.39,sized
927971,BMO,BANK OF MONTREAL /CAN/,119811579960,121832529992,708905679,171.86,sized
928054,FTK,FLOTEK INDUSTRIES INC/CN/,866754865,866754865,36220429,23.93,sized
928658,CVLG,"COVENANT LOGISTICS GROUP, INC.",887714674,,,34.98,sized
929008,WCC,WESCO INTERNATIONAL INC,16394706742,16394706742,48732854,336.42,sized
930236,RWT,REDWOOD TRUST INC,580329435,580329435,125612432,4.62,sized
930245,AASP,Agassi Sports Entertainment Corp.,,,13096824,,unsized
930420,KFRC,KFORCE INC,1040512900,1040512900,17909000,58.1,sized
930775,ECIA,ENCISION INC,,,16879645,,unsized
931015,PII,Polaris Inc.,3629306760,,,63.78,sized
932021,GTLL,GLOBAL TECHNOLOGIES LTD,,,14688440097,,unsized
932696,NSIT,INSIGHT ENTERPRISES INC,4568148502,4568148502,29348850,155.65,sized
933036,UPBD,"UPBOUND GROUP, INC.",1120514564,1120514564,58299405,19.22,sized
933974,AZTA,"Azenta, Inc.",1443486549,1443486549,43808393,32.95,sized
935036,ACIW,"ACI WORLDWIDE, INC.",5434420623,5434420623,100955241,53.83,sized
935703,DLTR,"DOLLAR TREE, INC.",24065462149,24065462149,187630299,128.26,sized
936340,DTE,DTE ENERGY CO,28270845054,28262726604,208028313,135.86,sized
936395,CIEN,CIENA CORP,53569287801,53569287801,141552922,378.44,sized
936468,LMT,LOCKHEED MARTIN CORP,130131366079,130131366079,230790753,563.85,sized
936528,WAFD,WAFD INC,2670488139,2670488139,73995238,36.09,sized
937098,TNET,"TRINET GROUP, INC.",3225725939,3225725939,45904738,70.27,sized
939767,EXEL,"EXELIXIS, INC.",13491713129,13491713129,247781692,54.45,sized
939930,PYYX,"PYXUS INTERNATIONAL, INC.",,,24607791,,unsized
940942,HUBG,"Hub Group, Inc.",2422290531,1478053249,37315154,39.61,disagree
940944,DRI,DARDEN RESTAURANTS INC,24483008846,24598632455,114077969,215.63,sized
942126,TAIT,TAITRON COMPONENTS INC,,,,,unsized
943034,AATC,AUTOSCOPE TECHNOLOGIES CORP,,,5407707,,unsized
943452,WAB,WESTINGHOUSE AIR BRAKE TECHNOLOGIES CORP,49360817987,49360817987,168910851,292.23,sized
943535,WHEN,"WORLD HEALTH ENERGY HOLDINGS, INC.",,,550834347495,,unsized
943819,RMD,RESMED INC,34668156700,34668156700,144252306,240.33,sized
944148,CBZ,"CBIZ, Inc.",2957924044,3002043784,55073267,54.51,sized
944695,THG,"HANOVER INSURANCE GROUP, INC.",7927519715,7927519715,34820221,227.67,sized
944745,CIVB,"CIVISTA BANCSHARES, INC.",571425660,571425660,20794238,27.48,sized
944809,OPK,"OPKO HEALTH, INC.",1104565773,1117536538,755092256,1.48,sized
945114,GIC,GLOBAL INDUSTRIAL Co,1509090303,1509090303,38108341,39.6,sized
945394,SVC,Service Properties Trust,1019239670,1019239670,129509488,7.87,sized
945841,POOL,POOL CORP,6834604288,,,188.07,sized
945983,CLMB,"Climb Global Solutions, Inc.",528096083,528096083,18660639,28.3,sized
946486,WINT,WINDTREE THERAPEUTICS INC /DE/,,,33708784,,unsized
946581,TTWO,TAKE TWO INTERACTIVE SOFTWARE INC,44013326477,44013326477,186980443,235.39,sized
946673,BANR,BANNER CORP,2395936084,2395936084,33984909,70.5,sized
947484,ACGL,ARCH CAPITAL GROUP LTD.,33727086813,33727086813,341229126,98.84,sized
949157,CENX,CENTURY ALUMINUM CO,4612097614,4612097614,98993295,46.59,sized
949858,ACHV,"ACHIEVE LIFE SCIENCES, INC.",833510169,833510169,102902490,8.1,sized
949870,SAM,BOSTON BEER CO INC,1884715541,,,183.13,sized
949961,IOR,INCOME OPPORTUNITY REALTY INVESTORS INC /TX/,,,4066178,,unsized
1000045,OMCC,OLD MARKET CAPITAL Corp,,,6790097,,unsized
1000228,HSIC,HENRY SCHEIN INC,9976694439,9976694439,111446542,89.52,sized
1000623,MATV,"Mativ Holdings, Inc.",669455888,669455888,55190098,12.13,sized
1000694,NVAX,NOVAVAX INC,1527397422,1527397422,164945726,9.26,sized
1000697,WAT,WATERS CORP /DE/,40742509150,40742509150,98248111,414.69,sized
1000753,NSP,"INSPERITY, INC.",2044974755,2044974755,38195270,53.54,sized
1001171,BYFC,BROADWAY FINANCIAL CORP DE,114218888,75650501,6145451,12.31,disagree-under
1001233,SGMOQ,"SANGAMO THERAPEUTICS, INC",,,414288847,,unsized
1001250,EL,ESTEE LAUDER COMPANIES INC,37406353842,,,103.39,sized
1001316,TGTX,"TG THERAPEUTICS, INC.",8255014028,8255014028,153069053,53.93,sized
1001385,NWPX,"NWPX Infrastructure, Inc.",1079655740,1079655740,9637202,112.03,sized
1001601,MGTI,"MGT CAPITAL INVESTMENTS, INC.",,,6290802029,,unsized
1001614,REPX,"Riley Exploration Permian, Inc.",848046889,848046889,22153785,38.28,sized
1001838,SCCO,SOUTHERN COPPER CORP/,177143305322,175042791918,834331706,209.8,sized
1002047,NTAP,"NetApp, Inc.",36699732240,36640944747,195919927,187.02,sized
1002638,OTEX,OPEN TEXT CORP,6077381148,6077381148,242126739,25.1,sized
1002910,AEE,AMEREN CORP,29378605796,29378605796,276843251,106.12,sized
1003078,MSM,MSC INDUSTRIAL DIRECT CO INC,6656878721,6656878721,55846298,119.2,sized
1004434,AMG,"AFFILIATED MANAGERS GROUP, INC.",9590673351,9590673351,25859933,370.87,sized
1004702,OCFC,OCEANFIRST FINANCIAL CORP,1824661734,1824661734,96645219,18.88,sized
1004724,RHEP,"REGIONAL HEALTH PROPERTIES, INC",,,3924677,,unsized
1004980,PCG,PG&E Corp,36559290639,44489834233,2680110496,16.6,sized
1004989,SGRP,"SPAR Group, Inc.",,,28398560,,unsized
1005210,SPH,SUBURBAN PROPANE PARTNERS LP,1176139382,1176139382,66712387,17.63,sized
1005229,CMCO,COLUMBUS MCKINNON CORP,519556392,519556392,28864244,18.0,sized
1005284,OLED,UNIVERSAL DISPLAY CORP \PA\,3814327968,3814327968,45966835,82.98,sized
1005731,IDT,IDT CORP,1715682368,,,68.99,sized
1005817,TMP,TOMPKINS FINANCIAL CORP,1406648109,1406648109,14382905,97.8,sized
1006028,PURE,"PURE BIOSCIENCE, INC.",,,130017569,,unsized
1006830,CBKM,CONSUMERS BANCORP INC /OH/,,,3144775,,unsized
1009759,CEPL,"Capstone Energy Plus, Inc.",197009359,91587078,15315565,5.98,disagree-under
1009919,IVHI,"Invech Holdings, Inc.",,,106700968,,unsized
1009922,NSFDF,NXT Energy Solutions Inc.,,,79482768,,unsized
1011060,NORD,Nordicus Partners Corp,,,19173896,,unsized
1011509,AUMN,Golden Minerals Co,,,15053048,,unsized
1012019,RUSHA,RUSH ENTERPRISES INC \TX\,8267038314,,,76.27,sized
1013237,FDS,FACTSET RESEARCH SYSTEMS INC,10989041476,10989041476,35565543,308.98,sized
1013488,BJRI,BJs RESTAURANTS INC,1385347576,1385347576,21273765,65.12,sized
1013857,PEGA,PEGASYSTEMS INC,5946526860,5946526860,164404945,36.17,sized
1013871,NRG,"NRG ENERGY, INC.",23358588870,23358588870,210210483,111.12,sized
1013934,STRA,"Strategic Education, Inc.",1879647793,1879647793,22207559,84.64,sized
1014052,DTGI,"Digerati Technologies, Inc.",,,179734434,,unsized
1014473,VRSN,VERISIGN INC/CA,26390472000,26361279000,90300000,291.93,sized
1014739,OPCH,"Option Care Health, Inc.",3579867307,,,23.9,sized
1015328,WTFC,WINTRUST FINANCIAL CORP,10318919652,10318919652,67465967,152.95,sized
1016178,CARV,CARVER BANCORP INC,,,5095254,,unsized
1016281,CSV,CARRIAGE SERVICES INC,541427470,541427470,15882296,34.09,sized
1016504,INBP,INTEGRATED BIOPHARMA INC,,,31059610,,unsized
1017655,PAYD,PAID INC,,,8477659,,unsized
1018164,WLFC,WILLIS LEASE FINANCE CORP,1129518409,1129518409,21144111,53.42,sized
1018724,AMZN,AMAZON COM INC,2873797524987,2873797524987,10786313572,266.43,sized
1018840,ANF,ABERCROMBIE & FITCH CO /DE/,6594554398,6594554398,44431710,148.42,sized
1018963,ATI,ATI INC,28699269921,28699269921,136170383,210.76,sized
1019849,PAG,"PENSKE AUTOMOTIVE GROUP, INC.",14249500069,14249500069,65662873,217.01,sized
1020214,CERS,CERUS CORP,534040979,534040979,201524898,2.65,sized
1020569,IRM,IRON MOUNTAIN INC,34950310128,34950310128,297702812,117.4,sized
1020710,DXPE,DXP ENTERPRISES INC,2884948156,2884948156,15517148,185.92,sized
1020859,UNFI,UNITED NATURAL FOODS INC,2771776612,2771776612,60519140,45.8,sized
1021635,OGE,OGE ENERGY CORP.,9449028067,9439561442,206374321,45.74,sized
1021860,NOV,NOV Inc.,7482475843,,,20.99,sized
1021917,AWCA,"Awaysis Capital, Inc.",,,409386192,,unsized
1022079,DGX,QUEST DIAGNOSTICS INC,26794236873,26794236873,110373360,242.76,sized
1022321,GEL,GENESIS ENERGY LP,1962761947,1423734867,88650988,16.06,disagree
1022408,PLUS,EPLUS INC,2277171683,2277171683,26090418,87.28,sized
1022505,SDCH,"SideChannel, Inc.",,,4572757,,unsized
1022671,STLD,STEEL DYNAMICS INC,33634085770,33634085770,143328088,234.665,sized
1022899,PTIX,"Protagenic Therapeutics, Inc.\new",,,1810208,,unsized
1023024,ANIP,ANI PHARMACEUTICALS INC,1672930736,1778671739,24422240,72.83,sized
1023128,LAD,LITHIA MOTORS INC,8141666841,8141666841,21983116,370.36,sized
1023458,XAEIU,AEI INCOME & GROWTH FUND XXII LTD PARTNERSHIP,,,11028,,unsized
1024305,COTY,COTY INC.,2509329348,2509956422,880686464,2.85,sized
1024478,ROK,"ROCKWELL AUTOMATION, INC",47846432541,47846432541,111048676,430.86,sized
1024795,HLIO,"HELIOS TECHNOLOGIES, INC.",2408028167,2408028167,32950577,73.08,sized
1025378,WPC,W. P. Carey Inc.,16062689268,16063368138,227816879,70.51,sized
1025771,WHLT,CHASE PACKAGING CORP,,,61882172,,unsized
1025835,EFSC,ENTERPRISE FINANCIAL SERVICES CORP,2301482346,2301482346,36192520,63.59,sized
1025996,KRC,KILROY REALTY CORP,4211548455,4210455601,116278807,36.21,sized
1026214,FMCC,FEDERAL HOME LOAN MORTGAGE CORP,,,650059553,,unsized
1027838,TCMD,TACTILE SYSTEMS TECHNOLOGY INC,524626943,524626943,22652286,23.16,sized
1029199,EEFT,"EURONET WORLDWIDE, INC.",2616381470,2616381470,37403595,69.95,sized
1030192,IDR,"Idaho Strategic Resources, Inc.",511660076,511660076,15826170,32.33,sized
1030469,OFG,OFG BANCORP,2215979850,2215979850,42265494,52.43,sized
1030894,CLS,CELESTICA INC,37669390647,34345149088,114982086,298.7,sized
1031093,SVBL,"SILVER BULL RESOURCES, INC.",,,49337882,,unsized
1031203,GPI,GROUP 1 AUTOMOTIVE INC,3146871288,3146871288,11922225,263.95,sized
1031296,FE,FIRSTENERGY CORP,26548000080,26538422309,578431175,45.88,sized
1031308,BSY,BENTLEY SYSTEMS INC,11268064759,,,37.3,sized
1032033,SLM,SLM Corp,4965080000,4963679160,187946958,26.41,sized
1032208,SRE,SEMPRA,55130338339,55112607778,653690046,84.31,sized
1032220,MMS,"MAXIMUS, INC.",3128376339,3128376339,52357763,59.75,sized
1032975,LOGI,LOGITECH INTERNATIONAL S.A.,14026729002,14026729002,143188332,97.96,sized
1034054,SBAC,SBA COMMUNICATIONS CORP,20257524604,20257524604,106088110,190.95,sized
1034670,ALV,AUTOLIV INC,8940067079,8940067079,73237217,122.07,sized
1034842,RIGL,RIGEL PHARMACEUTICALS INC,868240078,868240078,18679864,46.48,sized
1035002,VLO,VALERO ENERGY CORP/TX,101454120157,101454120157,287927461,352.36,sized
1035092,SHBI,SHORE BANCSHARES INC,772234466,772234466,33372276,23.14,sized
1035201,CWT,CALIFORNIA WATER SERVICE GROUP,3121637818,3121637818,61839101,50.48,sized
1035267,ISRG,INTUITIVE SURGICAL INC,131631396958,131631396958,353278038,372.6,sized
1035422,CTTH,"CTT PHARMACEUTICAL HOLDINGS, INC.",,,21349377,,unsized
1035443,ARE,"ALEXANDRIA REAL ESTATE EQUITIES, INC.",8874953434,8985947184,174247570,51.57,sized
1035983,FIX,COMFORT SYSTEMS USA INC,53450683282,53450683282,35194329,1518.73,sized
1037038,RL,RALPH LAUREN CORP,21094495895,,,354.04,sized
1037540,BXP,"BXP, Inc.",11067739061,11067739061,159661556,69.32,sized
1037646,MTD,METTLER TOLEDO INTERNATIONAL INC/,28022730686,28022730686,20036559,1398.58,sized
1037868,AME,AMETEK INC/,54162968895,54162968895,229261244,236.25,sized
1037976,JLL,JONES LANG LASALLE INC,17391371811,17391371811,46007703,378.01,sized
1038074,SLAB,SILICON LABORATORIES INC.,7291971948,7291971948,33366761,218.54,sized
1038277,INIS,RADNOSTIX INC,,,529154204,,unsized
1038773,SMBK,SMARTFINANCIAL INC.,868944397,868944397,17098473,50.82,sized
1039065,OSIS,OSI SYSTEMS INC,3294248267,3294248267,15941968,206.64,sized
1039399,FORM,FORMFACTOR INC,7944487128,7944487128,78120725,101.695,sized
1039684,OKE,ONEOK INC /NEW/,59733829644,59733829644,630369667,94.76,sized
1039828,ANG-PD,American National Group Inc.,,,10000,,unsized
1040470,AEHR,AEHR TEST SYSTEMS,2636058564,2636058564,32620450,80.81,sized
1040829,RHP,"Ryman Hospitality Properties, Inc.",8921737967,8163217517,63119288,129.33,sized
1040971,SLG,SL GREEN REALTY CORP,4076703648,4092502751,71124483,57.54,sized
1041061,YUM,YUM BRANDS INC,41988560938,41988560938,272901085,153.86,sized
1041803,PSMT,PRICESMART INC,5225921134,5225921134,30860524,169.34,sized
1042046,AFG,AMERICAN FINANCIAL GROUP INC,11909180946,11909180946,82921466,143.62,sized
1042418,INTI,"Inhibitor Therapeutics, Inc.",,,173791968,,unsized
1042729,MBWM,MERCANTILE BANK CORP,1040785785,1040785785,17285929,60.21,sized
1042776,PDM,"Piedmont Realty Trust, Inc.",1193767150,,,9.54,sized
1042893,INVX,"Innovex International, Inc.",2105767750,2105767750,69935827,30.11,sized
1043000,SNDA,"SONIDA SENIOR LIVING, INC.",1799877705,1799877705,48047990,37.46,sized
1043150,EEGI,"Eline Entertainment Group, Inc.",,,8524529727,,unsized
1043219,NLY,ANNALY CAPITAL MANAGEMENT INC,17365580743,17365580743,753714442,23.04,sized
1043277,CHRW,"C. H. ROBINSON WORLDWIDE, INC.",17573260690,17573260690,116851258,150.39,sized
1043509,SAH,SONIC AUTOMOTIVE INC,2519067423,,,79.68,sized
1044777,OSPN,OneSpan Inc.,609534941,609534941,36852173,16.54,sized
1045450,EPR,EPR PROPERTIES,4562061305,4562061305,76608922,59.55,sized
1045609,PLD,"Prologis, Inc.",133711905440,131179956599,932338000,140.7,sized
1045810,NVDA,NVIDIA CORP,5253179850000,5242955000000,24100000000,217.55,sized
1045942,TRCK,"Track Group, Inc.",,,41335187,,unsized
1046025,HFWA,HERITAGE FINANCIAL CORP /WA/,1173049047,1173049047,40915558,28.67,sized
1046102,RBA,RB GLOBAL INC.,15938312000,15938312000,185200000,86.06,sized
1046257,INGR,Ingredion Inc,6597753482,6597753482,63063979,104.62,sized
1046311,CHH,CHOICE HOTELS INTERNATIONAL INC /DE,4899638590,4899638590,45008622,108.86,sized
1046568,PRDO,PERDOCEO EDUCATION Corp,2100711736,2100711736,62577055,33.57,sized
1047127,AMKR,"AMKOR TECHNOLOGY, INC.",11895904359,,,47.88,sized
1047335,NHC,NATIONAL HEALTHCARE CORP,3487792666,3487792666,15661395,222.7,sized
1047340,DMC,DEL MONTE CORP,1502549967,1502549967,47146218,31.87,sized
1047862,ED,CONSOLIDATED EDISON INC,39752879761,39613257990,368529705,107.49,sized
1048268,IESC,"IES Holdings, Inc.",12345130977,6172565488,19924356,309.8,disagree
1048286,MAR,MARRIOTT INTERNATIONAL INC /MD/,91549828391,91549828391,260766288,351.08,sized
1048477,BMRN,BIOMARIN PHARMACEUTICAL INC,12517447125,12517447125,193573759,64.665,sized
1048695,FFIV,"F5, INC.",22324700231,22324700231,56627182,394.24,sized
1048911,FDX,FEDEX CORP,78309513532,78279983485,236581188,330.88,sized
1049502,MKSI,MKS INC,17293866634,17293866634,67617558,255.76,sized
1049521,MRCY,MERCURY SYSTEMS INC,5324453215,5324453215,60136133,88.54,sized
1050377,CNXN,PC CONNECTION INC,2010719347,2010719347,25238099,79.67,sized
1050441,EGBN,EAGLE BANCORP INC,840443135,840443135,30483973,27.57,sized
1050446,MSTR,Strategy Inc,50577928134,,,127.31,sized
1050606,SALM,"SALEM MEDIA GROUP, INC. /DE/",,,,,unsized
1050743,PGC,PEAPACK GLADSTONE FINANCIAL CORP,799707914,799707914,17727952,45.11,sized
1050797,COLM,COLUMBIA SPORTSWEAR CO,2969717183,2969717183,51193194,58.01,sized
1050915,PWR,"QUANTA SERVICES, INC.",90611962961,90611962961,150343393,602.7,sized
1051470,CCI,CROWN CASTLE INC.,32394177125,32394177125,425455439,76.14,sized
1051512,TDS,TELEPHONE & DATA SYSTEMS INC /DE/,3873653400,1677440116,49849632,33.65,disagree
1051627,AXTI,AXT INC,3844557419,3844557419,65573212,58.63,sized
1052354,MADL,MAN AHL DIVERSIFIED I LP,,,,,unsized
1052752,GTY,GETTY REALTY CORP /MD/,2035727816,2035727816,61932699,32.87,sized
1053369,ELTP,ELITE PHARMACEUTICALS INC /NV/,,,1077136442,,unsized
1053507,AMT,AMERICAN TOWER CORP /MA/,82116139259,,,176.23,sized
1053706,CRAI,"CRA INTERNATIONAL, INC.",1098387731,1098387731,6276860,174.99,sized
1054102,IDXG,"INTERPACE BIOSCIENCES, INC.",,,27700904,,unsized
1054905,IOSP,INNOSPEC INC.,2349309262,2349309262,24631047,95.38,sized
1055160,MFA,"MFA FINANCIAL, INC.",892606492,892606492,101087938,8.83,sized
1056288,FHI,"FEDERATED HERMES, INC.",4808868699,,,64.41,sized
1056696,MANH,MANHATTAN ASSOCIATES INC,13018334148,13018334148,58304972,223.28,sized
1056903,AWR,AMERICAN STATES WATER CO,3562450064,3562450064,39635626,89.88,sized
1056943,PFIS,PEOPLES FINANCIAL SERVICES CORP.,697021854,697021854,10010367,69.63,sized
1057060,HZO,MARINEMAX INC,1152485832,1152486406,22086746,52.18,sized
1057352,CSGP,"COSTAR GROUP, INC.",13055466285,13055466285,405197588,32.22,sized
1057706,FBP,FIRST BANCORP /PR/,4276238186,4276238186,152668268,28.01,sized
1057877,IDA,IDACORP INC,7853792598,7454190836,54899034,135.78,sized
1058090,CMG,CHIPOTLE MEXICAN GRILL INC,48123846540,48123846540,1265418000,38.03,sized
1058290,CTSH,COGNIZANT TECHNOLOGY SOLUTIONS CORP,28846447144,,,64.04,sized
1058623,CMLS,CUMULUS MEDIA INC,,,17668032,,unsized
1059556,MCO,MOODYS CORP /DE/,89179547710,89189340000,173200000,514.95,sized
1059689,NALG,North America Lithium & Gold Corp,,,,,unsized
1060391,RSG,"REPUBLIC SERVICES, INC.",68012964543,68012964543,306212978,222.11,sized
1060822,CRI,CARTERS INC,1231660256,1231660256,36711185,33.55,sized
1061219,EPD,ENTERPRISE PRODUCTS PARTNERS L.P.,84262799134,84262799134,2159477169,39.02,sized
1061630,BXMT,"BLACKSTONE MORTGAGE TRUST, INC.",2314103504,2314103504,168543591,13.73,sized
1061983,CYTK,CYTOKINETICS INC,10022198203,10022198203,139023418,72.09,sized
1062231,DCH,Dauch Corp,1501661084,1501661084,237604602,6.32,sized
1062506,ALDA,ATLANTICA INC,,,2458590,,unsized
1062822,LXRX,"LEXICON PHARMACEUTICALS, INC.",1018949088,1018949088,444955934,2.29,sized
1063761,SPG,SIMON PROPERTY GROUP INC.,69422929538,60785101395,283301181,214.56,sized
1064728,BTU,PEABODY ENERGY CORP,3525348000,3525348000,121900000,28.92,sized
1065059,LEU,CENTRUS ENERGY CORP,3507313379,2403603942,13673933,175.78,disagree
1065088,EBAY,EBAY INC,47000900000,47000900000,445000000,105.62,sized
1065280,NFLX,NETFLIX INC,340277150322,340277150322,4163939676,81.72,sized
1065696,LKQ,LKQ CORP,6459143255,6459143255,253002086,25.53,sized
1066684,TGLO,THEGLOBE COM INC,,,441480473,,unsized
1066923,FTFT,Future FinTech Group Inc.,4480584,17887101,32246443,0.5547,disagree-under
1067294,CBRL,"CRACKER BARREL OLD COUNTRY STORE, INC",1244082263,1244082263,22351460,55.66,sized
1067701,URI,"UNITED RENTALS, INC.",64125324292,64541615349,62646557,1030.25,sized
1067983,BRK-B,BERKSHIRE HATHAWAY INC,,,941481,,unsized
1068689,ATDS,"Data443 Risk Mitigation, Inc.",,,1313420344,,unsized
1068851,PB,PROSPERITY BANCSHARES INC,8688780543,8688780543,120176771,72.3,sized
1069157,EWBC,EAST WEST BANCORP INC,17734814640,17734814640,137011856,129.44,sized
1069183,AXON,"AXON ENTERPRISE, INC.",48801752312,48801752312,81237415,600.73,sized
1069202,LII,LENNOX INTERNATIONAL INC,13595823938,,,393.39,sized
1069258,KTOS,"KRATOS DEFENSE & SECURITY SOLUTIONS, INC.",9761509004,9761509004,187721327,52.0,sized
1069878,TREX,TREX CO INC,4662369746,4662369746,101865190,45.77,sized
1069899,PAHC,PHIBRO ANIMAL HEALTH CORP,1529462385,,,37.67,sized
1070050,APCX,AppTech Payments Corp.,,,42003934,,unsized
1070081,PTCT,"PTC THERAPEUTICS, INC.",5849767612,5849767612,83460802,70.09,sized
1070235,BB,BLACKBERRY Ltd,4782579516,4782579516,586100431,8.16,sized
1070412,CNX,CNX Resources Corp,5355559659,5355559659,147943637,36.2,sized
1070423,PAA,PLAINS ALL AMERICAN PIPELINE LP,17977833400,17977833400,705566460,25.48,sized
1070494,ACAD,ACADIA PHARMACEUTICALS INC,5015813628,5015813628,172305518,29.11,sized
1070524,GCBC,GREENE COUNTY BANCORP INC,593508407,593508407,17025485,34.86,sized
1070750,HST,"HOST HOTELS & RESORTS, INC.",15264571609,15264571609,685124399,22.28,sized
1070789,HYOR,HyOrc Corp,,,758010000,,unsized
1070985,CXW,"CoreCivic, Inc.",3343588863,3343588863,98893489,33.81,sized
1071236,RRBI,RED RIVER BANCSHARES INC,663480361,663480361,6584106,100.77,sized
1071739,CNC,CENTENE CORP,31986176250,31986176250,493995000,64.75,sized
1071840,WNDW,"SolarWindow Technologies, Inc.",,,65779045,,unsized
1072379,NWBO,NORTHWEST BIOTHERAPEUTICS INC,,,1705637993,,unsized
1072725,GDRZF,GOLD RESERVE LTD,,,99548711,,unsized
1075415,DHC,DIVERSIFIED HEALTHCARE TRUST,1852286758,1852286758,242128988,7.65,sized
1075531,BKNG,Booking Holdings Inc.,154506372215,154506372215,751380500,205.63,sized
1075706,CIZN,CITIZENS HOLDING CO /MS/,,,5624052,,unsized
1076691,OSBK,OCONEE FINANCIAL CORP,,,899815,,unsized
1076930,NOVT,NOVANTA INC,5377686894,5377686894,37817770,142.2,sized
1077183,NEO,NEOGENOMICS INC,2318981692,2318981692,128475440,18.05,sized
1077428,TCBI,TEXAS CAPITAL BANCSHARES INC/TX,4288311758,4288311758,43474369,98.64,sized
1078075,NTCT,NETSCOUT SYSTEMS INC,2839947606,2839947606,72707312,39.06,sized
1078271,EXTR,EXTREME NETWORKS INC,2946478944,2946478944,130490653,22.58,sized
1080014,INVA,"Innoviva, Inc.",1514987820,1514987820,72245485,20.97,sized
1080448,PGOL,PATRIOT GOLD CORP,,,68296490,,unsized
1081834,KUBR,Kuber Resources Corp,,,157556723,,unsized
1081938,CPMD,"CANNAPHARMARX, INC.",,,708689905,,unsized
1082554,UTHR,UNITED THERAPEUTICS Corp,22108436098,22108436098,42890692,515.46,sized
1082733,VISM,"VISIUM TECHNOLOGIES, INC.",,,1077502919,,unsized
1083301,WULF,TERAWULF INC.,7659169191,7659169191,498968677,15.35,sized
1083446,ASTH,"Astrana Health, Inc.",1882981733,2115782897,55737168,37.96,sized
1083490,SRRE,SUNRISE REAL ESTATE GROUP INC,,,68691925,,unsized
1083522,JSDA,JONES SODA CO.,,,125926970,,unsized
1084048,ZD,"ZIFF DAVIS, INC.",1913911950,1913911950,34287208,55.82,sized
1084267,MOBQ,"Mobiquity Technologies, Inc.",,,31114238,,unsized
1084475,NIHK,"Video River Networks, Inc.",,,182370497,,unsized
1084551,CRDV,Community Redevelopment Inc.,,,86038098,,unsized
1084961,ECPG,ENCORE CAPITAL GROUP INC,2098454672,2098454672,21209366,98.94,sized
1085277,SKVI,"SKINVISIBLE, INC.",,,5403843,,unsized
1085913,FMCB,FARMERS & MERCHANTS BANCORP,,,691944,,unsized
1086222,AKAM,AKAMAI TECHNOLOGIES INC,15445223969,15445223969,143716609,107.47,sized
1086303,HCIL,"Hongchang International Co., Ltd",,,518831367,,unsized
1086600,ARLP,ALLIANCE RESOURCE PARTNERS LP,3368287410,3368287410,128658801,26.18,sized
1087456,UBOH,UNITED BANCSHARES INC/OH,,,3136180,,unsized
1088413,GLGI,"GREYSTONE LOGISTICS, INC.",,,27270271,,unsized
1088856,CORT,CORCEPT THERAPEUTICS INC,12310245450,12310245450,108098397,113.88,sized
1089063,DKS,"DICK'S SPORTING GOODS, INC.",12090897723,,,135.09,sized
1089815,EHSI,Elite Health Systems Inc.,,,28521620,,unsized
1090009,SFST,SOUTHERN FIRST BANCSHARES INC,589711466,589711466,9471755,62.26,sized
1090012,DVN,DEVON ENERGY CORP/DE,52085000000,52085000000,1100000000,47.35,sized
1090396,TBTC,TABLE TRAC INC,,,4642887,,unsized
1090425,LAMR,LAMAR ADVERTISING CO/NEW,15271041479,,,150.38,sized
1090727,UPS,UNITED PARCEL SERVICE INC,89612824032,75197643043,713924267,105.33,sized
1090872,A,"AGILENT TECHNOLOGIES, INC.",43377620671,43449330264,282431944,153.84,sized
1091326,BIOM,"SB Technology Holdings, Inc.",,,107883156,,unsized
1091596,AURX,"Nuo Therapeutics, Inc.",,,48433777,,unsized
1091667,CHTR,"CHARTER COMMUNICATIONS, INC. /MO/",18323408474,41619932937,270927828,153.62,disagree
1092570,FULO,FULLNET COMMUNICATIONS INC,,,19623917,,unsized
1092699,SPSC,SPS COMMERCE INC,3057134776,3057134776,36000174,84.92,sized
1092796,SWBI,"SMITH & WESSON BRANDS, INC.",573051110,571611929,44727068,12.78,sized
1093557,DXCM,DEXCOM INC,34271904677,34271904677,377360765,90.82,sized
1093691,PLUG,PLUG POWER INC,3059857658,3059857658,1397195278,2.19,sized
1094032,QDMI,QDM International Inc.,,,8636186,,unsized
1094285,TDY,TELEDYNE TECHNOLOGIES INC,28831374379,28831374379,46355673,621.96,sized
1094831,BGC,"BGC Group, Inc.",5762654246,,,12.12,sized
1095073,EG,"EVEREST GROUP, LTD.",14478599785,14478599785,38342734,377.61,sized
1095146,ABIT,Athena Bitcoin Global,,,4095009545,,unsized
1095565,HSTM,HEALTHSTREAM INC,859069877,859069877,29239955,29.38,sized
1095651,SAFE,Safehold Inc.,1088446223,1088446223,70816280,15.37,sized
1096296,RITE,MINERALRITE Corp,,,6249776842,,unsized
1096343,MKL,MARKEL GROUP INC.,22533492715,22533492715,12389958,1818.69,sized
1096752,EPC,EDGEWELL PERSONAL CARE Co,1338882980,1338882980,46088915,29.05,sized
1096938,UEEC,"United Health Products, Inc.",,,262685588,,unsized
1097149,ALGN,ALIGN TECHNOLOGY INC,11194459878,11194459878,71039852,157.58,sized
1097864,ON,ON SEMICONDUCTOR CORP,28268424489,28267924061,389311721,72.61,sized
1098482,INNI,"Innovaro, Inc.",,,16150952,,unsized
1099219,MET,METLIFE INC,61329878224,61329878224,635476927,96.51,sized
1099234,MLMC,"FrankSpeech Network, Inc.",,,4411506596,,unsized
1099369,DSNY,DESTINY MEDIA TECHNOLOGIES INC,,,9637410,,unsized
1099590,MELI,MERCADOLIBRE INC,99682586932,99682586932,50696802,1966.25,sized
1099668,FOTB,"FIRST OTTAWA BANCSHARES, INC.",,,645988,,unsized
1099800,EW,Edwards Lifesciences Corp,51997044000,51997044000,576400000,90.21,sized
1100682,CRL,"CHARLES RIVER LABORATORIES INTERNATIONAL, INC.",13915881188,13915881188,47738872,291.5,sized
1101026,ZIVO,"Zivo Bioscience, Inc.",,,3888595,,unsized
1101215,BFH,"BREAD FINANCIAL HOLDINGS, INC.",4062453398,4062453398,38419268,105.74,sized
1101239,EQIX,EQUINIX INC,103053695575,103053695575,98671686,1044.41,sized
1101302,ENTG,ENTEGRIS INC,20615775999,20615775999,152800000,134.92,sized
1101433,QMCI,QUOTEMEDIA INC,,,90477798,,unsized
1103090,RSCF,"REFLECT SCIENTIFIC, INC.",,,85664086,,unsized
1103795,QSEP,"QS Energy, Inc.",,,565305854,,unsized
1103833,CRWE,"Crown Equity Holdings, Inc.",,,15936480,,unsized
1103982,MDLZ,"Mondelez International, Inc.",79590570434,,,62.36,sized
1104485,NOG,"NORTHERN OIL & GAS, INC.",2741509063,2741509063,106549128,25.73,sized
1104506,INSM,INSMED Inc,25886943365,25886943365,218381503,118.54,sized
1104657,MTRN,MATERION Corp,4953009781,4953009781,20833725,237.74,sized
1106213,SFRX,SEAFARER EXPLORATION CORP,,,11040410363,,unsized
1106861,CSDX,CS DIAGNOSTICS CORP.,,,137340200,,unsized
1107280,OVTZ,OCULUS INC.,,,91422569,,unsized
1107843,QLYS,"QUALYS, INC.",6470994937,6470994937,34595001,187.05,sized
1108134,BBT,Beacon Financial Corp,2630986939,2630986939,83816086,31.39,sized
1108248,KNOS,KRONOS ADVANCED TECHNOLOGIES INC,,,,,unsized
1108426,TXNM,TXNM ENERGY INC,5939577838,6381166293,110707257,57.64,sized
1108524,CRM,"Salesforce, Inc.",210688000000,210688000000,823000000,256.0,sized
1109116,EVC,ENTRAVISION COMMUNICATIONS CORP,744766621,,,8.07,sized
1109242,HAFC,HANMI FINANCIAL CORP,923277800,923277800,29649255,31.14,sized
1109262,BSCL,"BILI Social International, Inc.",,,40388706,,unsized
1109354,BRKR,BRUKER CORP,8696669757,8660141354,151719365,57.08,sized
1109357,EXC,EXELON CORP,45259056770,44949533678,1023208142,43.93,sized
1110607,KLNG,"Koil Energy Solutions, Inc.",,,12255985,,unsized
1110803,ILMN,"ILLUMINA, INC.",32554090000,32554090000,151000000,215.59,sized
1111335,VC,VISTEON CORP,2723467666,2723467666,26695429,102.02,sized
1111711,NI,NISOURCE INC.,19455753257,19455753257,479560100,40.57,sized
1111741,DYNR,"DYNARESOURCE, INC.",,,30149059,,unsized
1111928,IPGP,IPG PHOTONICS CORP,3255168269,3255168269,42534539,76.53,sized
1113169,TROW,PRICE T ROWE GROUP INC,23729255154,23729255154,213315850,111.24,sized
1113232,ACLS,AXCELIS TECHNOLOGIES INC,3568973683,3568973683,30881489,115.57,sized
1113313,AVNI,ARVANA INC,,,127274125,,unsized
1114483,ITGR,Integer Holdings Corp,4260223375,4260223375,33992048,125.33,sized
1114936,UMEW,UMeWorld Inc.,,,116099593,,unsized
1114995,PI,IMPINJ INC,5196083474,5196083474,30554413,170.06,sized
1116132,TPR,"TAPESTRY, INC.",25021661672,25021661672,199391678,125.49,sized
1116942,TTMI,TTM TECHNOLOGIES INC,12499642713,12499642713,105348864,118.65,sized
1117228,MMMW,MASS MEGAWATTS WIND POWER INC,,,172214579,,unsized
1117297,QNST,"QUINSTREET, INC",1094917324,1094917324,57086409,19.18,sized
1119190,RWAX,"TAP REAL ESTATE TECHNOLOGIES, INC.",,,61921332657,,unsized
1119643,NPHC,NUTRA PHARMA CORP,,,7159727214,,unsized
1120193,NDAQ,"NASDAQ, INC.",55512042813,55512042813,558977372,99.31,sized
1120914,PDFS,PDF SOLUTIONS INC,1892201548,1892201548,42227216,44.81,sized
1121484,OIS,"OIL STATES INTERNATIONAL, INC",519377749,519377749,60322619,8.61,sized
1121788,GRMN,GARMIN LTD,54999614741,,,285.19,sized
1121795,GHST,GHST World Inc.,,,130201179,,unsized
1122020,PCSV,"PCS Edventures!, Inc.",,,9677687,,unsized
1122904,NTGR,"NETGEAR, INC.",573205552,573205552,27179021,21.09,sized
1122976,AVNT,AVIENT CORP,4097112298,4097112298,91719550,44.67,sized
1122993,BMXI,BROOKMOUNT EXPLORATIONS INC,,,,,unsized
1123360,GPN,GLOBAL PAYMENTS INC,24297260569,24297260569,264618390,91.82,sized
1123596,BABB,"BAB, INC.",,,7263508,,unsized
1124105,GYRE,"GYRE THERAPEUTICS, INC.",698762498,734849904,111509849,6.59,sized
1124198,FLR,FLUOR CORP,7124386639,7124386639,133741067,53.27,sized
1124524,CYRX,"Cryoport, Inc.",814944019,814944019,50649100,16.09,sized
1124796,LASR,"NLIGHT, INC.",2477217059,2477217059,57690197,42.94,sized
1125376,ENSG,"ENSIGN GROUP, INC",10081695433,10081695433,58282434,172.98,sized
1126328,PFG,PRINCIPAL FINANCIAL GROUP INC,23853398053,,,111.41,sized
1126956,SR,SPIRE INC,4880353345,4880682347,59116792,82.56,sized
1127007,VYRE,CABO VERDE CAPITAL INC.,,,,,unsized
1127371,CWBC,Community West Bancshares,700524433,700524433,27131078,25.82,sized
1127475,DBMM,"Digital Brand Media & Marketing Group, Inc.",,,865218631,,unsized
1128189,PKTX,"ProtoKinetix, Inc.",,,391580152,,unsized
1128252,XAKJ,"SIPP International Industries, Inc.",,,,,unsized
1128281,SKAS,"Saker Aviation Services, Inc.",,,1010514,,unsized
1128361,HOPE,HOPE BANCORP INC,1778166357,1778166357,127741836,13.92,sized
1128928,FLO,FLOWERS FOODS INC,1505151933,1505607667,212057418,7.1,sized
1130144,BSRR,SIERRA BANCORP,516461736,516461736,12963397,39.84,sized
1130310,CNP,CENTERPOINT ENERGY INC,25848184101,25669610395,654169480,39.24,sized
1130464,BKH,BLACK HILLS CORP /SD/,5551228664,5551228664,76253141,72.8,sized
1130781,BMPA,"BMP AI Technologies, Inc.",,,51783583,,unsized
1131312,ZNOG,ZION OIL & GAS INC,,,1191883199,,unsized
1131903,FCCN,SPECTRAL CAPITAL Corp,,,96291416,,unsized
1132509,NNAX,New Momentum Corp.,,,825861858,,unsized
1133062,JANL,JANEL CORP,,,1186354,,unsized
1133421,NOC,NORTHROP GRUMMAN CORP /DE/,77505325094,77505325094,142063026,545.57,sized
1133798,TXRP,"TX Rail Products, Inc.",,,48053084,,unsized
1133818,BPTH,"BIO-PATH HOLDINGS, INC.",,,50297451,,unsized
1133869,CAPR,"CAPRICOR THERAPEUTICS, INC.",557552904,557552904,58138989,9.59,sized
1134115,THM,INTERNATIONAL TOWER HILL MINES LTD,680257429,680257429,261637473,2.6,sized
1134765,CHUC,"Charlie's Holdings, Inc.",,,280553242,,unsized
1134982,AAPI,"Apple iSports Group, Inc.",,,219784477,,unsized
1136869,ZBH,"ZIMMER BIOMET HOLDINGS, INC.",19247340196,19247340196,190737689,100.91,sized
1136893,FIS,"Fidelity National Information Services, Inc.",21370853200,21370853200,515705917,41.44,sized
1137091,PSIX,"POWER SOLUTIONS INTERNATIONAL, INC.",836814526,836814526,23065450,36.28,sized
1137774,PRU,PRUDENTIAL FINANCIAL INC,41327550000,41327550000,345000000,119.79,sized
1137789,STX,Seagate Technology Holdings plc,188060555255,188060555255,226644518,829.76,sized
1137883,BCLI,BRAINSTORM CELL THERAPEUTICS INC.,,,11034775,,unsized
1138118,CBRE,"CBRE GROUP, INC.",43673746444,43673746444,289575298,150.82,sized
1138476,PFHO,PACIFIC HEALTH CARE ORGANIZATION INC,,,12800000,,unsized
1140536,WTW,WILLIS TOWERS WATSON PLC,31924728343,31924728343,92871937,343.75,sized
1140859,COR,"Cencora, Inc.",61452071944,61452071944,190827165,322.03,sized
1141240,LQMT,LIQUIDMETAL TECHNOLOGIES INC,,,917285149,,unsized
1141284,ASNS,ACTELIS NETWORKS INC,,,28837580,,unsized
1141391,MA,Mastercard Inc,521488717281,72942223892,122530193,595.3,disagree
1141964,PCMC,PUBLIC CO MANAGEMENT CORP,,,34276816,,unsized
1142417,NXST,"NEXSTAR MEDIA GROUP, INC.",5647777739,5647777739,30808301,183.32,sized
1142750,AMN,AMN HEALTHCARE SERVICES INC,1340832288,1340832288,38729991,34.62,sized
1144215,AYI,ACUITY INC. (DE),10033197932,10033197932,29935547,335.16,sized
1144392,BKTH,MEGOLA INC,,,,,unsized
1144879,APLD,Applied Digital Corp.,7204258596,7385827298,291469112,25.34,sized
1144980,ABG,ASBURY AUTOMOTIVE GROUP INC,3798984675,3798984675,17951917,211.62,sized
1145197,PODD,INSULET CORP,10065374900,10065374900,69354199,145.13,sized
1145604,NIKA,"NIKA PHARMACEUTICALS, INC",,,1051689224,,unsized
1156039,ELV,"Elevance Health, Inc.",85539754054,85539754054,216869290,394.43,sized
1156375,CME,CME GROUP INC.,102767753365,19046736021,66643583,285.8,disagree
1157408,LRN,"Stride, Inc.",3609056939,3609056939,41559845,86.84,sized
1157601,MDGL,"MADRIGAL PHARMACEUTICALS, INC.",12332058293,12332058293,23104126,533.76,sized
1158114,AAOI,"APPLIED OPTOELECTRONICS, INC.",9019595080,8983790046,84569237,106.23,sized
1158449,AAP,ADVANCE AUTO PARTS INC,2588123023,2591160000,60400000,42.9,sized
1158463,JBLU,JETBLUE AIRWAYS CORP,1811098468,1811098468,377312181,4.8,sized
1158895,LMAT,LEMAITRE VASCULAR INC,1839831725,1839831725,22869257,80.45,sized
1159036,HALO,"HALOZYME THERAPEUTICS, INC.",11957014300,11957014300,113498000,105.35,sized
1159152,JHX,James Hardie Industries plc,17375038065,17375038065,580522488,29.93,sized
1160308,SVRA,Savara Inc,1080719678,1080719678,205460015,5.26,sized
1160420,ADIA,"Adia Nutrition, Inc.",,,94404696,,unsized
1161728,MGEE,MGE ENERGY INC,2952820537,2872514379,36756422,78.15,sized
1162283,MGHL,MORGAN GROUP HOLDING CO,,,600090,,unsized
1163165,COP,CONOCOPHILLIPS,156594340387,156594340387,1201337479,130.35,sized
1163370,NRIM,NORTHRIM BANCORP INC,570578247,570578247,22244766,25.65,sized
1163389,NWPP,NEW PEOPLES BANKSHARES INC,,,23539302,,unsized
1163609,SDSYA,SOUTH DAKOTA SOYBEAN PROCESSORS LLC,,,30411500,,unsized
1163668,SPFI,"SOUTH PLAINS FINANCIAL, INC.",822515324,822515324,18839105,43.66,sized
1163739,NBR,NABORS INDUSTRIES LTD,1393220076,1463813299,15961327,91.71,sized
1164727,NEM,NEWMONT Corp /DE/,134851536842,134851536842,1053692271,127.98,sized
1164863,NPO,Enpro Inc.,6328289911,6328289911,21167681,298.96,sized
1166003,XPO,"XPO, Inc.",22077823840,22077823840,117086465,188.56,sized
1166691,CCZ,COMCAST CORP,,,2063073161,,unsized
1166708,BWMG,"Brownie's Marine Group, Inc",,,555866735,,unsized
1167419,RIOT,"Riot Platforms, Inc.",7126167175,7126167175,375258935,18.99,sized
1169138,GBUX,"GIVBUX, INC.",,,109964318,,unsized
1169561,CVLT,COMMVAULT SYSTEMS INC,5653038529,5653038529,41444564,136.4,sized
1169770,BANC,"BANC OF CALIFORNIA, INC.",2946844872,2937879839,157950529,18.6,sized
1170010,KMX,CARMAX INC,8814098172,8814098172,141911096,62.11,sized
1171008,ADMG,ADAMANT DRI PROCESSING & MINERALS GROUP,,,87110005,,unsized
1171326,EUBG,ENTREPRENEUR UNIVERSE BRIGHT GROUP,,,170118287,,unsized
1171486,NRP,NATURAL RESOURCE PARTNERS LP,1493586440,1493586440,13250412,112.72,sized
1171838,SUND,"Sundance Strategies, Inc.",,,43063441,,unsized
1172052,SAFT,SAFETY INSURANCE GROUP INC,1521485154,1521485154,14680482,103.64,sized
1172178,LBSR,LIBERTY STAR URANIUM & METALS CORP.,,,111739164,,unsized
1172358,DMLP,"DORCHESTER MINERALS, L.P.",1406468839,1406468839,49091408,28.65,sized
1173420,NG,NOVAGOLD RESOURCES INC,3839330372,3839330372,438780614,8.75,sized
1173489,CEVA,CEVA INC,763538432,763538432,28154072,27.12,sized
1173514,HY,"HYSTER-YALE, INC.",609095246,,,33.97,sized
1174850,NIC,NICOLET BANKSHARES INC,3599243282,3599243282,20957513,171.74,sized
1174891,GEDC,"TerraVolt Holdings, Inc.",,,25730540,,unsized
1174922,WYNN,WYNN RESORTS LTD,9809292856,9809292856,102973891,95.26,sized
1175454,CPAY,"CORPAY, INC.",26781237240,26781237240,65659599,407.88,sized
1175680,CYDY,CytoDyn Inc.,,,1366030000,,unsized
1176948,ARES,Ares Management Corp,32143127859,14727969537,103332418,142.53,disagree
1177394,SNX,TD SYNNEX CORP,20307124245,20307124245,79958752,253.97,sized
1177609,FIVE,"FIVE BELOW, INC",13375392453,13375392453,55295351,241.89,sized
1177702,SAIA,SAIA INC,9371648940,9396145462,26674650,352.25,sized
1178670,ALNY,"ALNYLAM PHARMACEUTICALS, INC.",31726141877,31726141877,133809118,237.1,sized
1178970,PFS,PROVIDENT FINANCIAL SERVICES INC,3066235749,3066235749,130422618,23.51,sized
1179929,MOH,"MOLINA HEALTHCARE, INC.",10440000000,10440000000,52200000,200.0,sized
1180262,HLF,HERBALIFE LTD.,1302706013,1302706013,104803380,12.43,sized
1185348,PRAA,PRA GROUP INC,720582834,720582834,37648006,19.14,sized
1190370,IVDN,INNOVATIVE DESIGNS INC,,,38504003,,unsized
1192448,GKOS,GLAUKOS Corp,10609440748,10609440748,58983937,179.87,sized
1201792,APEI,AMERICAN PUBLIC EDUCATION INC,842053993,842053993,18301543,46.01,sized
1205922,VCNX,"VACCINEX, INC.",,,2676637,,unsized
1206264,SGI,SOMNIGROUP INTERNATIONAL INC.,13541226655,13541226655,210365491,64.37,sized
1210677,FA,FIRST ADVANTAGE CORP,3613697658,3613697658,171753691,21.04,sized
1212545,WAL,WESTERN ALLIANCE BANCORPORATION,8567690849,8567690849,109100864,78.53,sized
1214816,AXS,AXIS CAPITAL HOLDINGS LTD,7261607867,,,99.52,sized
1217234,CDNA,"CareDx, Inc.",2575846963,2575846963,51734223,49.79,sized
1219601,CCK,"CROWN HOLDINGS, INC.",12881594922,12881594922,108760511,118.44,sized
1224608,CNO,"CNO Financial Group, Inc.",5122908312,5122908312,92521371,55.37,sized
1227500,EQBK,EQUITY BANCSHARES INC,1021799353,1021799353,20592490,49.62,sized
1227654,CMP,COMPASS MINERALS INTERNATIONAL INC,1033569117,1033569117,41980874,24.62,sized
1230058,KANP,KAANAPALI LAND LLC,,,1792613,,unsized
1230245,PIPR,PIPER SANDLER COMPANIES,5343380702,5343380702,70670291,75.61,sized
1230524,LEEN,"Leopard Energy, Inc.",,,1272917,,unsized
1232524,JAZZ,Jazz Pharmaceuticals plc,15874210659,15874210659,64914577,244.54,sized
1234006,GOOD,GLADSTONE COMMERCIAL CORP,629781588,629781588,48407501,13.01,sized
1235468,LQDT,LIQUIDITY SERVICES INC,1299635514,1299635514,31331618,41.48,sized
1236275,QXO,"QXO, Inc.",14026874385,14026874385,1037490709,13.52,sized
1237831,GMED,GLOBUS MEDICAL INC,11139711004,11139711004,134261914,82.97,sized
1253689,CBIO,"CRESCENT BIOPHARMA, INC.",659356232,659304935,37143940,17.75,sized
1253986,ABR,ARBOR REALTY TRUST INC,943983697,943983697,186558043,5.06,sized
1257640,KRO,KRONOS WORLDWIDE INC,1012858140,1012858140,115097516,8.8,sized
1258602,NNI,NELNET INC,4557227018,,,127.37,sized
1260221,TDG,TransDigm Group INC,65556300354,65556300354,55276525,1185.97,sized
1261333,DOCU,"DOCUSIGN, INC.",12220454912,12220454912,190944608,64.0,sized
1261654,UTI,UNIVERSAL TECHNICAL INSTITUTE INC,1174079372,1174079372,55095231,21.31,sized
1262039,FTNT,"Fortinet, Inc.",121796466398,121796466398,733713653,166.0,sized
1262823,WLK,WESTLAKE CORP,9675476649,9675476649,127796548,75.71,sized
1262976,CMPR,CIMPRESS plc,2173921217,2173921217,24349476,89.28,sized
1265131,HTH,Hilltop Holdings Inc.,2205527054,2205527054,57286417,38.5,sized
1265521,PMHS,"Polomar Health Services, Inc.",,,28380868,,unsized
1267238,AIZ,"ASSURANT, INC.",14089334043,14089334043,49323767,285.65,sized
1267395,AHL-PD,ASPEN INSURANCE HOLDINGS LTD,,,91893366,,unsized
1267565,COLL,"COLLEGIUM PHARMACEUTICAL, INC",785829542,825284789,32555613,25.35,sized
1273685,ADAM,"ADAMAS TRUST, INC.",880821902,880821902,89879786,9.8,sized
1273813,AGO,ASSURED GUARANTY LTD,3321749580,3321749580,43979208,75.53,sized
1274494,FSLR,"FIRST SOLAR, INC.",21973272854,21973272854,107469788,204.46,sized
1275014,UCTT,"Ultra Clean Holdings, Inc.",3145847974,3145847974,45277029,69.48,sized
1275168,FSBC,FIVE STAR BANCORP,1119360330,1119360330,24536614,45.62,sized
1275187,ANGO,ANGIODYNAMICS INC,655118365,655118365,41332389,15.85,sized
1275477,BMNM,"BIMINI CAPITAL MANAGEMENT, INC.",,,,,unsized
1276187,ET,Energy Transfer LP,73376714497,73376714497,3443299601,21.31,sized
1276520,GNW,GENWORTH FINANCIAL INC,3770953349,3770953349,377851037,9.98,sized
1277575,SCGX,SAXON CAPITAL GROUP INC,,,,,unsized
1278021,MKTX,MARKETAXESS HOLDINGS INC,5726587223,5726587223,35192891,162.72,sized
1278752,MFIC,MidCap Financial Investment Corp,792424681,792424681,82372628,9.62,sized
1279620,ZDPY,"Zoned Properties, Inc.",,,13180829,,unsized
1279715,IWSH,"Wright Investors Service Holdings, Inc.",,,20620711,,unsized
1280058,BLKB,BLACKBAUD INC,2206866516,2206866516,45390097,48.62,sized
1280263,AMBA,AMBARELLA INC,3098409906,3098409906,43868185,70.63,sized
1280452,MPWR,"MONOLITHIC POWER SYSTEMS, INC.",61736385180,61736385180,49143000,1256.26,sized
1280784,HTGC,"Hercules Capital, Inc.",3271626720,3271626720,187164000,17.48,sized
1281761,RF,REGIONS FINANCIAL CORP,25839021916,25839021916,851929506,30.33,sized
1281984,WDLF,"Decentral Life, Inc.",,,7394792892,,unsized
1282571,GRNL,GREENLITE VENTURES INC,,,100466664,,unsized
1282631,NLST,NETLIST INC,,,349583129,,unsized
1282637,NEU,NEWMARKET CORP,8411860604,8411860604,9196406,914.69,sized
1282980,DROR,"Dror Ortho-Design, Inc.",,,976997116,,unsized
1283699,TMUS,"T-Mobile US, Inc.",194550450449,194550450449,1072671613,181.37,sized
1284812,CNS,"COHEN & STEERS, INC.",4254103425,4254103425,51421533,82.73,sized
1285785,MOS,MOSAIC CO,7502337245,7502337245,317895646,23.6,sized
1285819,OMER,OMEROS CORP,1347146560,1347146560,72388316,18.61,sized
1285828,FITY,"Fifty 1 Labs, Inc.",,,,,unsized
1286043,KRG,KITE REALTY GROUP TRUST,5209020258,5209020258,200346933,26.0,sized
1286139,LZ,"LEGALZOOM.COM, INC.",1053278593,1053278593,171264812,6.15,sized
1286613,LINC,LINCOLN EDUCATIONAL SERVICES CORP,806677210,806677210,31721479,25.43,sized
1286681,DPZ,DOMINOS PIZZA INC,11578607250,11578607250,33081735,350.0,sized
1287032,PSEC,PROSPECT CAPITAL CORP,1153679751,1180873116,524832496,2.25,sized
1287213,PLOW,"DOUGLAS DYNAMICS, INC",965082063,965082063,23077046,41.82,sized
1287750,ARCC,ARES CAPITAL CORP,14324555757,,,19.95,sized
1287865,MPT,MEDICAL PROPERTIES TRUST INC,2442548000,2446229000,598100000,4.09,sized
1288403,WTI,W&T OFFSHORE INC,538866338,538866338,150942952,3.57,sized
1288469,MXL,"MAXLINEAR, INC",5598490680,5598490680,90693191,61.73,sized
1288847,FIVN,"Five9, Inc.",2544336230,2544336230,74723531,34.05,sized
1289223,NWPG,"Newport Gold, Inc.",,,57310070,,unsized
1289308,ENS,EnerSys,6688656443,6688656443,36065224,185.46,sized
1289419,MORN,"Morningstar, Inc.",8164828728,8164828728,37513571,217.65,sized
1289460,TXRH,"Texas Roadhouse, Inc.",13061887864,13061887864,65640926,198.99,sized
1289490,EXR,Extra Space Storage Inc.,30192532533,30192532533,211269558,142.91,sized
1289848,HURN,Huron Consulting Group Inc.,2543065908,,,159.84,sized
1290658,ITOX,"IIOT-OXYS, Inc.",,,586385063,,unsized
1290677,TPB,"Turning Point Brands, Inc.",1682706023,1682706023,20048922,83.93,sized
1293818,CFOR,CapForce Inc.,,,12398054,,unsized
1295401,TBBK,"Bancorp, Inc.",2679693351,2679693351,40786809,65.7,sized
1295514,MDWK,"MDWerks, Inc.",,,240802096,,unsized
1295810,SHO,"Sunstone Hotel Investors, Inc.",2106744851,2106744851,185943941,11.33,sized
1295947,PBH,Prestige Consumer Healthcare Inc.,2485741169,2485741169,47374522,52.47,sized
1296445,ORA,"ORMAT TECHNOLOGIES, INC.",6336644800,6336644800,61496941,103.04,sized
1297184,AMPH,"Amphastar Pharmaceuticals, Inc.",936260147,936260147,42537944,22.01,sized
1297937,PRKA,"PARKS AMERICA, INC",,,749709,,unsized
1297989,EXLS,"ExlService Holdings, Inc.",5821919961,,,38.4,sized
1297996,DLR,"DIGITAL REALTY TRUST, INC.",68809133896,65175283802,351406070,185.47,sized
1298675,CUBE,CubeSmart,9010993365,9061073472,226413630,40.02,sized
1298946,DRH,DiamondRock Hospitality Co,2598492148,2598492148,204605681,12.7,sized
1299709,AX,"Axos Financial, Inc.",5551426694,5551504289,56734842,97.85,sized
1300514,LVS,LAS VEGAS SANDS CORP,29172461327,29172461327,647701184,45.04,sized
1301787,BXC,BlueLinx Holdings Inc.,624258434,624258434,7860217,79.42,sized
1302215,HLI,"HOULIHAN LOKEY, INC.",9296302230,,,133.02,sized
1304161,PBSV,"Pharma-Bio Serv, Inc.",,,22901692,,unsized
1304409,AHNRF,ATHENA GOLD CORP,,,31567535,,unsized
1304492,ATEX,Anterix Inc.,1810571541,1810571541,19609786,92.33,sized
1306830,CE,Celanese Corp,4938701670,4938701670,109748926,45.0,sized
1307748,IVT,InvenTrust Properties Corp.,2538197929,2538197929,77978431,32.55,sized
1307954,HUN,Huntsman CORP,1660835493,1660556090,175349112,9.47,sized
1308027,VYST,Vystar Corp,,,24621094,,unsized
1308208,ULH,"UNIVERSAL LOGISTICS HOLDINGS, INC.",514699553,514699553,26367805,19.52,sized
1308547,DLB,"Dolby Laboratories, Inc.",5760630892,,,61.5,sized
1309082,CEIN,"CAMBER ENERGY, INC.",,,281786525,,unsized
1309108,WEX,WEX Inc.,6724983482,6724983482,34081611,197.32,sized
1309402,GPRE,Green Plains Inc.,1027597508,1027597508,70095328,14.66,sized
1310488,BFNH,"BIOFORCE NANOSCIENCES HOLDINGS, INC.",,,33549005,,unsized
1310630,CFOO,China Foods Holdings Ltd.,,,20252309,,unsized
1311370,LAZ,"Lazard, Inc.",4252742962,,,43.64,sized
1311673,YTFD,"Yale Transaction Finders, Inc.",,,5199000,,unsized
1314727,SONO,Sonos Inc,1809897878,1809897878,118293979,15.3,sized
1315098,RBLX,Roblox Corp,27524905006,,,38.53,sized
1315257,KOP,Koppers Holdings Inc.,880522606,880522606,18911568,46.56,sized
1316835,BLDR,"Builders FirstSource, Inc.",7286432068,7286432068,107596457,67.72,sized
1317685,ALH,Alliance Laundry Holdings Inc.,4617870700,4617406100,198769096,23.23,sized
1318220,WCN,"Waste Connections, Inc.",41742884656,41822578844,252049532,165.93,sized
1318268,MDEX,Madison Technologies Inc.,,,1761428576,,unsized
1318482,KDOZF,KIDOZ INC.,,,131304499,,unsized
1318484,CTRN,Citi Trends Inc,560182278,560182278,8329848,67.25,sized
1318605,TSLA,"Tesla, Inc.",1377404653657,1377404653657,3949547394,348.75,sized
1319161,WMG,Warner Music Group Corp.,14662766825,29964,1069,28.03,disagree
1321655,PLTR,Palantir Technologies Inc.,447665764239,,,186.29,sized
1321732,PEN,Penumbra Inc,12670789268,12670789268,39389422,321.68,sized
1321741,GAIN,GLADSTONE INVESTMENT CORPORATION\DE,654274917,654274917,39821967,16.43,sized
1323468,GLP,GLOBAL PARTNERS LP,1709373439,1716775931,33995563,50.5,sized
1323885,ATRC,"AtriCure, Inc.",2469049910,2469049910,50866294,48.54,sized
1324404,CF,"CF Industries Holdings, Inc.",19036823372,19036823372,151338130,125.79,sized
1324424,EXPE,"Expedia Group, Inc.",39539172357,,,329.44,sized
1324759,HGYN,HONG YUAN HOLDING GROUP,,,74640766,,unsized
1324948,RBC,RBC Bearings INC,15849251231,15849251231,31659245,500.62,sized
1325618,IRMD,IRADIMED CORP,1113363306,1113363306,12786991,87.07,sized
1325964,LWLG,"Lightwave Logic, Inc.",846378229,846378229,154167255,5.49,sized
1326110,IBRX,"ImmunityBio, Inc.",8531681997,8531681997,1059836273,8.05,sized
1326160,DUK,Duke Energy CORP,93759188708,93746445094,779596217,120.25,sized
1326190,ALT,"Altimmune, Inc.",604950050,604950050,194517701,3.11,sized
1326200,GNK,GENCO SHIPPING & TRADING LTD,1128021337,1128021337,43586605,25.88,sized
1326380,GME,GameStop Corp.,8018112762,8018112762,448691257,17.87,sized
1326732,XNCR,Xencor Inc,1937649525,1937649525,74353397,26.06,sized
1326801,META,"Meta Platforms, Inc.",1472509548174,,,578.02,sized
1327068,USO,"United States Oil Fund, LP",,1922621309,14823603,129.7,sized
1327567,PANW,Palo Alto Networks Inc,302845850000,302845850000,815000000,371.59,sized
1327688,OOMA,OOMA INC,629448194,630025000,27500000,22.91,sized
1327811,WDAY,"Workday, Inc.",49337520000,45038400000,220000000,204.72,sized
1327978,ZARE,Ares Real Estate Income Trust Inc.,,,182786610,,unsized
1328581,BCC,BOISE CASCADE Co,2747693891,2747693891,34891351,78.75,sized
1331520,HOMB,HOME BANCSHARES INC,5925470040,5925470040,200049630,29.62,sized
1331875,FNF,"Fidelity National Financial, Inc.",12752568923,12752568923,268192827,47.55,sized
1332349,BKD,Brookdale Senior Living Inc.,2798938193,2798938193,238817252,11.72,sized
1333986,EQH,"Equitable Holdings, Inc.",13692842507,13706364881,273035157,50.2,sized
1334036,CROX,"Crocs, Inc.",5860326517,5860326517,47945075,122.23,sized
1334933,UEC,URANIUM ENERGY CORP,6136417338,6136417338,494872366,12.4,sized
1334978,CCO,"Clear Channel Outdoor Holdings, Inc.",1191279597,1191279597,509093845,2.34,sized
1335258,LYV,"Live Nation Entertainment, Inc.",42317094083,42802890669,235633860,181.65,sized
1335288,REOS,ReoStar Energy CORP,,,,,unsized
1336706,NPB,NORTHPOINTE BANCSHARES INC,589274587,589274587,34581842,17.04,sized
1336917,UA,"Under Armour, Inc.",2121954972,,,4.94,sized
1336920,LDOS,"Leidos Holdings, Inc.",17651734117,17651734117,125492209,140.66,sized
1337634,STUB,"StubHub Holdings, Inc.",2502689277,,,6.55,sized
1338929,AHRO,"Authentic Holdings, Inc.",,,2379178836,,unsized
1339688,LCGMF,LION COPPER & GOLD CORP.,,,431278822,,unsized
1340476,DRTTF,DIRTT ENVIRONMENTAL SOLUTIONS LTD,,,194332596,,unsized
1341317,BWB,Bridgewater Bancshares Inc,594483106,594483106,27883823,21.32,sized
1341439,ORCL,ORACLE CORP,434519050350,434519050350,2880471000,150.85,sized
1341766,CELH,"Celsius Holdings, Inc.",8345095850,8345095850,253035047,32.98,sized
1341878,SCDA,"B-Scada, Inc.",,,3059341,,unsized
1342916,HNOI,"HNO International, Inc.",,,102355323,,unsized
1343009,CNBX,CNBX Pharmaceuticals Inc.,,,1605768095,,unsized
1343465,SNPW,Sun Pacific Holding Corp.,,,974953335,,unsized
1345016,YELP,YELP INC,1257830734,1257830734,54263621,23.18,sized
1345126,CODI,Compass Diversified Holdings,861451810,861451810,75235966,11.45,sized
1345865,NFTM,Buildablock Corp.,,,23937979,,unsized
1346022,ENRT,Enertopia Corp.,,,10339394,,unsized
1346287,CLUS,Cluster Group Holdings Ltd Co,,,40004385,,unsized
1346917,GNTOF,GENTOR RESOURCES INC.,,,38906742,,unsized
1347123,NONE.,"EBR Systems, Inc.",,,75335559,,unsized
1347242,LIPO,LIPELLA PHARMACEUTICALS INC.,,,4620837,,unsized
1348362,LEXX,Lexaria Bioscience Corp.,17103561,256550066,24787446,10.35,disagree-under
1349436,SD,SANDRIDGE ENERGY INC,517571132,517571132,37075296,13.96,sized
1349706,TOGI,"TurnOnGreen, Inc.",,,183983122,,unsized
1350156,PAXH,PREAXIA HEALTH CARE PAYMENT SYSTEMS INC.,,,44714782,,unsized
1350593,MWA,"Mueller Water Products, Inc.",3806344054,3806344054,156125679,24.38,sized
1350653,ATEC,"Alphatec Holdings, Inc.",1458018157,1458018157,154451076,9.44,sized
1352010,EPAM,"EPAM Systems, Inc.",5922185418,5922185418,51586981,114.8,sized
1352952,CNFN,CFN Enterprises Inc.,,,9536357,,unsized
1355096,QVCAQ,"Old QVC Group, Inc.",,,,,unsized
1355790,ISCO,International Stem Cell CORP,,,8004389,,unsized
1356090,PGEN,"PRECIGEN, INC.",2488344966,2488344966,358035247,6.95,sized
1356371,AMLM,"AMERICAN LITHIUM MINERALS, INC.",,,57615740,,unsized
1356576,SUPN,"SUPERNUS PHARMACEUTICALS, INC.",2543686683,2541894278,58127013,43.73,sized
1357615,KBR,"KBR, INC.",4794356722,4794356722,126067755,38.03,sized
1357671,CRTD,"Creatd, Inc.",,,3305235,,unsized
1358633,SNBH,SENTIENT BRANDS HOLDINGS INC.,,,4462771,,unsized
1360214,HROW,"HARROW, INC.",1397172169,1397172169,37487850,37.27,sized
1360442,DOGP,"Dogecoin Cash, Inc.",,,162609031,,unsized
1360604,HR,Healthcare Realty Trust Inc,6508248242,6508248242,342719760,18.99,sized
1360901,EVR,Evercore Inc.,11156985975,,,290.11,sized
1361113,VRNS,VARONIS SYSTEMS INC,5044672501,5044672501,114860485,43.92,sized
1361538,PRIM,Primoris Services Corp,3936219750,3936219750,53832327,73.12,sized
1361658,TNL,Travel & Leisure Co.,4363897272,4358353360,61204232,71.21,sized
1362004,ICFI,"ICF International, Inc.",1617995014,1617995014,17933884,90.22,sized
1362468,ALGT,Allegiant Travel CO,2158042379,2158042379,27337755,78.94,sized
1362516,CLRI,"Cleartronic, Inc.",,,229238517,,unsized
1362988,AYR,Aircastle LTD,,,17840,,unsized
1363598,NTRX,"Entrex Carbon Market, Inc.",,,,,unsized
1364250,DEI,Douglas Emmett Inc,1969626739,1969626739,167485267,11.76,sized
1364479,HRI,HERC HOLDINGS INC,5034775466,5034775466,33431444,150.6,sized
1365135,WU,Western Union CO,2258003822,2258003822,311878981,7.24,sized
1365359,PCGC,"HYDRO POWER TECHNOLOGIES, INC.",,,,,unsized
1365388,HSTI,"High Sierra Technologies, Inc.",,,20641749,,unsized
1366868,GSAT,"Globalstar, Inc.",10593102766,,,81.76,sized
1367993,HAFG,"Holistic Asset Finance Group Co., Ltd.",,,74228185,,unsized
1368458,SBH,"Sally Beauty Holdings, Inc.",1549448932,1549448932,93622292,16.55,sized
1368514,ADMA,"ADMA BIOLOGICS, INC.",2092016911,2092016911,223984680,9.34,sized
1368622,AVAV,AeroVironment Inc,7518697663,7486951958,50608030,147.94,sized
1370053,ANAB,"ANAPTYSBIO, INC",1666365310,1637798764,29100902,56.28,sized
1370450,WLDN,"Willdan Group, Inc.",1340271687,1340271687,15232091,87.99,sized
1370637,ETSY,ETSY INC,7672036315,7672036315,91781748,83.59,sized
1370816,FBCD,"FBC Holding, Inc.",,,55593817,,unsized
1370946,OC,Owens Corning,11314237997,11314237997,79048683,143.13,sized
1371128,NEWH,"NewHydrogen, Inc.",,,819731390,,unsized
1371285,TRUP,"TRUPANION, INC.",1299506737,1299506737,43872611,29.62,sized
1372612,BOX,BOX INC,4799283039,4799283039,137200773,34.98,sized
1373670,GRBK,"Green Brick Partners, Inc.",3153114123,3153114123,43010696,73.31,sized
1373715,NOW,"ServiceNow, Inc.",149610170020,149630140000,1034000000,144.71,sized
1374310,CBOE,"Cboe Global Markets, Inc.",32420609848,32420609848,104431019,310.45,sized
1374567,LUVU,"Luvu Brands, Inc.",,,76834057,,unsized
1375205,URG,UR-ENERGY INC,560987845,560987845,397863720,1.41,sized
1375348,GLNS,Golden Star Resource Corp.,,,7070000,,unsized
1375365,SMCI,"Super Micro Computer, Inc.",23986051841,22300597312,601418482,37.08,sized
1376139,CVI,CVR ENERGY INC,4198157814,4198157814,100530599,41.76,sized
1376231,VPRB,"VPR Brands, LP.",,,91746806,,unsized
1376339,MDXG,"MIMEDX GROUP, INC.",655922106,655922106,145760468,4.5,sized
1376793,CVAT,"Cavitation Technologies, Inc.",,,309720740,,unsized
1376804,RDCT,"VNUE, Inc.",,,2954260249,,unsized
1377121,PTGX,"Protagonist Therapeutics, Inc",9339346774,9339346774,64708285,144.33,sized
1377149,CRVW,CareView Communications Inc,,,583880748,,unsized
1377167,FGCO,"Financial Gravity Companies, Inc.",,,91806983,,unsized
1378866,GOGR,Go Green Global Technologies Corp.,,,,,unsized
1379041,EIG,"Employers Holdings, Inc.",883118080,883118080,17960506,49.17,sized
1379785,BBDC,"Barings BDC, Inc.",979009365,979009365,104706884,9.35,sized
1381197,IBKR,"Interactive Brokers Group, Inc.",43423011908,4047481431,42231651,95.84,disagree
1381668,TFSL,TFS Financial CORP,4916161495,4916161495,280442755,17.53,sized
1383082,DBA,INVESCO DB AGRICULTURE FUND,,1261008000,43200000,29.19,sized
1383312,BR,"BROADRIDGE FINANCIAL SOLUTIONS, INC.",20938962984,20938962984,114021798,183.64,sized
1383650,CQP,"Cheniere Energy Partners, L.P.",33356416382,33356416382,484057704,68.91,sized
1384101,VCYT,"VERACYTE, INC.",3484134281,3484134281,80390731,43.34,sized
1384365,RDAR,"Telvantis, Inc.",,,5298840880,,unsized
1384905,RNG,"RingCentral, Inc.",5793657519,,,69.38,sized
1385157,TEL,TE Connectivity plc,58672750786,58672750786,289513228,202.66,sized
1385280,CNK,"Cinemark Holdings, Inc.",4171667661,4334094778,120424973,35.99,sized
1385613,GLRE,"GREENLIGHT CAPITAL RE, LTD.",501697457,501697457,32641344,15.37,sized
1385849,UUUU,ENERGY FUELS INC,3666986550,3666986550,249965000,14.67,sized
1386044,TAAG,"Awareness Group, Inc.",,,59608825,,unsized
1386278,GDOT,GREEN DOT CORP,760182287,760182287,56985179,13.34,sized
1387467,AOSL,ALPHA & OMEGA SEMICONDUCTOR Ltd,745285450,745285450,30259255,24.63,sized
1388295,ONEI,OneMeta Inc.,,,38890943,,unsized
1388658,IRTC,"iRhythm Holdings, Inc.",3963801110,3963801110,32963003,120.25,sized
1389050,AROC,"Archrock, Inc.",5477564899,5477564899,175338185,31.24,sized
1389170,TRGP,Targa Resources Corp.,61717536464,61717536464,214431021,287.82,sized
1390478,SLS,"SELLAS Life Sciences Group, Inc.",2667702815,2667702815,201945709,13.21,sized
1390777,BNY,Bank of New York Mellon Corp,110256923075,110256923075,678504142,162.5,sized
1391135,LIFD,LFTD PARTNERS INC.,,,14822678,,unsized
1391426,CLNV,Clean Vision Corp,,,1152768307,,unsized
1391933,QNTO,"QUAINT OAK BANCORP, INC.",,,2649603,,unsized
1392449,GPLB,Green Planet Bio Engineering Co. Ltd.,,,20006402,,unsized
1392694,SURG,"SurgePays, Inc.",4346087,9153157,52908423,0.173,disagree-under
1393052,VEEV,VEEVA SYSTEMS INC,44798559706,44798559706,161908850,276.69,sized
1393311,PSA,Public Storage,58546659455,55058981720,175621134,313.51,sized
1393434,OCUL,"OCULAR THERAPEUTIX, INC",2275220392,2275220392,219615868,10.36,sized
1393726,TIPT,TIPTREE INC.,687072317,,,18.45,sized
1393772,BUDZ,"WEED, INC.",,,148312685,,unsized
1393781,QIND,Quality Industrial Corp.,,,193266631,,unsized
1393818,BX,Blackstone Inc.,106881509982,106881509982,750625114,142.39,sized
1394108,SUIC,SUIC Worldwide Holdings Ltd.,,,80646938,,unsized
1394638,DWAY,"Driveitaway Holdings, Inc.",,,127065629,,unsized
1395005,BFCH,"UNLOCKD, Inc.",,,,,unsized
1395937,SNDX,Syndax Pharmaceuticals Inc,1744865060,1744865060,89297086,19.54,sized
1395942,OPLN,"OPENLANE, Inc.",4283431562,4308962695,122797455,35.09,sized
1396009,VMC,Vulcan Materials CO,35570659642,,,274.51,sized
1396440,MAIN,Main Street Capital CORP,5474920391,5474920391,93508461,58.55,sized
1396814,PCRX,"Pacira BioSciences, Inc.",1026842183,1026842183,39861886,25.76,sized
1397187,LULU,lululemon athletica inc.,13718448833,13100389585,108437957,120.81,sized
1397911,LPLA,LPL Financial Holdings Inc.,29188979480,29188979480,78742290,370.69,sized
1398659,G,Genpact LTD,6388668154,6388668154,168034407,38.02,sized
1398733,AQST,"Aquestive Therapeutics, Inc.",630068472,630068472,125511648,5.02,sized
1400118,SGMT,Sagimet Biosciences Inc.,655773789,323619720,30674855,10.55,disagree
1400810,HCI,"HCI Group, Inc.",2317236533,2317236533,12438867,186.29,sized
1401257,FET,"FORUM ENERGY TECHNOLOGIES, INC.",906563839,911238494,11304286,80.61,sized
1401835,SRGZ,Star Gold Corp.,,,193927180,,unsized
1402057,CDW,CDW Corp,18463823645,18463823645,125017426,147.69,sized
1402436,SSNC,SS&C Technologies Holdings Inc,19574919766,19574919766,234654996,83.42,sized
1403161,V,VISA INC.,712465234034,179077569307,469280842,381.6,disagree
1403528,OAK-PA,"Brookfield Oaktree Holdings, LLC",,,,,unsized
1403568,ULTA,"Ulta Beauty, Inc.",22126991242,22126991242,42757471,517.5,sized
1404593,MDCE,Medical Care Technologies Inc.,,,3433896955,,unsized
1404644,NGNE,Neurogene Inc.,732016353,732016353,20011382,36.58,sized
1404655,HUBS,HUBSPOT INC,12999121276,12999121276,49866201,260.68,sized
1404804,OMTK,Omnitek Engineering Corp,,,21948091,,unsized
1404912,KKR,KKR & Co. Inc.,97555037116,97555037116,897635601,108.68,sized
1405495,IDCC,"InterDigital, Inc.",8648883246,8648883246,25806007,335.15,sized
1406587,FOR,Forestar Group Inc.,1460634661,1460634661,51017627,28.63,sized
1406666,CALX,"CALIX, INC",2360519947,2360519947,62963989,37.49,sized
1407583,BHLL,Bunker Hill Mining Corp.,,,47207589,,unsized
1407704,BOTY,"LINGERIE FIGHTING CHAMPIONSHIPS, INC.",,,1912936,,unsized
1407973,SONX,"Sonendo, Inc.",,,427401,,unsized
1408075,GPK,GRAPHIC PACKAGING HOLDING CO,3422587383,3422587383,296071573,11.56,sized
1408146,SCYYF,SCANDIUM INTERNATIONAL MINING CORP.,,,355860813,,unsized
1408198,MSCI,MSCI Inc.,41494252000,41494252000,72700000,570.76,sized
1408710,FN,Fabrinet,14848534247,14848534247,35834864,414.36,sized
1409197,BSPK,"Bespoke Extracts, Inc.",,,11253552,,unsized
1409253,NAFS,"Havana Roasters Coffee Companies, Inc.",,,70065448,,unsized
1409493,CIM,CHIMERA INVESTMENT CORP,962685907,962685907,83711818,11.5,sized
1409970,HAPN,"Happen, Inc.",2064639530,2064639530,115407464,17.89,sized
1410098,CRMD,CorMedix Inc.,646937889,646937889,77944324,8.3,sized
1410384,QTWO,"Q2 Holdings, Inc.",4061161285,4061161285,62354695,65.13,sized
1410636,AWK,"American Water Works Company, Inc.",27484219178,27484219178,198728989,138.3,sized
1410738,VPLM,Voip-pal.com Inc,,,3854095436,,unsized
1411207,ALSN,Allison Transmission Holdings Inc,10431257760,10431257760,82578038,126.32,sized
1411342,EFC,Ellington Financial Inc.,1749001828,1749001828,128887386,13.57,sized
1411579,AMC,"AMC ENTERTAINMENT HOLDINGS, INC.",2311846012,2311846012,892604638,2.59,sized
1412100,MHLA,"Maiden Holdings, Ltd.",,1060624034,99682710,10.64,sized
1412126,RMSL,RemSleep Holdings Inc.,,,1739610123,,unsized
1412408,PHR,"Phreesia, Inc.",751014451,751014451,61811889,12.15,sized
1413119,KBLB,"Kraig Biocraft Laboratories, Inc.",,,1099791733,,unsized
1413329,PM,Philip Morris International Inc.,299082332809,299082332809,1558613439,191.89,sized
1413447,NXPI,NXP Semiconductors N.V.,56378866022,,,223.58,sized
1413891,HWNI,"HIGH WIRE NETWORKS, INC.",,,1119665,,unsized
1413909,DSGT,DSG Global Inc.,,,157257212,,unsized
1414382,CLEV,Concrete Leveling Systems Inc,,,14027834,,unsized
1414932,OCSL,Oaktree Specialty Lending Corp,1146873509,1146873509,88085523,13.02,sized
1414953,MOJO,EQUATOR Beverage Co,,,9569655,,unsized
1415311,AGQ,ProShares Trust II,,10872094973,131511975,82.67,sized
1415332,LTUM,Lithium Corp,,,117892441,,unsized
1415397,RAPH,Raphael Pharmaceutical Inc.,,,20176418,,unsized
1415404,ECHO,EchoStar CORP,25226213082,,,86.84,sized
1416090,BSAI,BLUSKY AI INC.,,,25173424,,unsized
1416697,BLPG,"Blue Line Protection Group, Inc.",,,8250144,,unsized
1416876,FCHS,"First Choice Healthcare Solutions, Inc.",,,32958288,,unsized
1418076,SLRC,SLR Investment Corp.,683024017,683024017,54554634,12.52,sized
1418121,APLE,"Apple Hospitality REIT, Inc.",3907168651,3907168651,236082698,16.55,sized
1418135,KDP,Keurig Dr Pepper Inc.,43791381902,43791381902,1360826038,32.18,sized
1418819,IRDM,Iridium Communications Inc.,4938740323,4937753847,105960383,46.6,sized
1419041,FBRX,"Forte Biosciences, Inc.",,,21229087,,unsized
1419536,CBNK,Capital Bancorp Inc,595253262,595253262,16290456,36.54,sized
1419612,SEDG,"SOLAREDGE TECHNOLOGIES, INC.",1932523744,1932523744,61525748,31.41,sized
1419806,REEMF,RARE ELEMENT RESOURCES LTD,,,645368390,,unsized
1420108,GLUC,"Glucose Health, Inc.",,,4545310,,unsized
1420800,ENOV,Enovis CORP,1435970400,1435970400,57669494,24.9,sized
1420924,ADTI,"Adapti, Inc.",,,8098729,,unsized
1421461,IPI,"Intrepid Potash, Inc.",505970942,505970942,13456674,37.6,sized
1422143,KURA,"Kura Oncology, Inc.",1126241436,1126241436,88960619,12.66,sized
1422183,FSK,FS KKR Capital Corp,3387931832,3387931832,276340280,12.26,sized
1422892,SGLY,Singularity Future Technology Ltd.,7943568,10721433,7293492,1.47,disagree-under
1422930,PUBM,"PubMatic, Inc.",766152026,,,16.82,sized
1423221,NX,Quanex Building Products CORP,891921080,891921080,45927965,19.42,sized
1423689,AGNC,AGNC Investment Corp.,12921747772,12921747772,1185481447,10.9,sized
1423902,WES,"Western Midstream Partners, LP",19956332841,19019638673,393781339,48.3,sized
1424182,BNL,"Broadstone Net Lease, Inc.",4315026738,4047022758,191892971,21.09,sized
1424657,CUEN,Cuentas Inc.,,,7952797,,unsized
1424768,VYCO,VYCOR MEDICAL INC,,,33372796,,unsized
1424864,RYES,Rise Gold Corp.,,,127543837,,unsized
1424929,FOXF,FOX FACTORY HOLDING CORP,864157380,864157380,42031001,20.56,sized
1425205,IOVA,"IOVANCE BIOTHERAPEUTICS, INC.",3628301170,3628301170,452971432,8.01,sized
1425292,UAN,"CVR PARTNERS, LP",1324164123,1324164123,10569637,125.28,sized
1425450,KIDS,ORTHOPEDIATRICS CORP,617496486,617496486,26109788,23.65,sized
1426800,ASMB,"ASSEMBLY BIOSCIENCES, INC.",693685505,693685505,20360596,34.07,sized
1427437,ETI-P,"ENTERGY TEXAS, INC.",,,,,unsized
1427644,SLDC,"Solidus Communications, Inc.",,,235141501,,unsized
1428205,ARR,"Armour Residential REIT, Inc.",2310145710,2310145710,141553046,16.32,sized
1428336,HQY,"HEALTHEQUITY, INC.",7971273075,7971273075,82715296,96.37,sized
1428439,ROKU,"ROKU, INC",23401960937,,,157.675,sized
1429260,FBIO,"Fortress Biotech, Inc.",92382250,228453331,82474127,2.77,disagree-under
1429393,TKLS,"Trutankless, Inc.",,,170348374,,unsized
1430300,GWSO,"Global Warming Solutions, Inc.",,,16393903,,unsized
1430723,SFBS,"ServisFirst Bancshares, Inc.",4723704864,2361852432,54672510,43.2,disagree
1433195,APPF,APPFOLIO INC,8304930454,,,234.49,sized
1433270,AR,ANTERO RESOURCES Corp,11821029550,11821029550,307439000,38.45,sized
1433551,SGLA,Sino Green Land Corp.,,,162093238,,unsized
1433642,HLNE,Hamilton Lane INC,4596745668,,,106.04,sized
1433660,JBTM,JBT MAREL Corp,6136508682,6136508682,51876817,118.29,sized
1434588,LOPE,"Grand Canyon Education, Inc.",3940772944,3940772944,26065037,151.19,sized
1434601,TMGI,"Transglobal Management Group, Inc.",,,11589180,,unsized
1434647,ZVRA,"ZEVRA THERAPEUTICS, INC.",686773427,686773427,59383781,11.565,sized
1434740,RNGC,Ranger Gold Corp.,,,242669234,,unsized
1435617,PWDY,"POWERDYNE INTERNATIONAL, INC.",,,1997483341,,unsized
1436126,MG,"Mistras Group, Inc.",588904521,588904521,31849893,18.49,sized
1436208,LEGH,Legacy Housing Corp,673970572,673970572,23781601,28.34,sized
1436425,HBCP,"HOME BANCORP, INC.",546544880,546544880,7870750,69.44,sized
1437071,IVR,Invesco Mortgage Capital Inc.,792233469,792233469,107640417,7.36,sized
1437107,WBD,"Warner Bros. Discovery, Inc.",72130322916,72232934343,2510703314,28.77,sized
1437283,RPMT,"REGO PAYMENT ARCHITECTURES, INC.",,,136697503,,unsized
1437402,ARDX,"ARDELYX, INC.",983694649,949404649,249187572,3.81,sized
1437476,GSFI,Green Stream Holdings Inc.,,,6541760129,,unsized
1437479,ENBP,ENB Financial Corp,,,5714719,,unsized
1437517,CLOQ,"CYBERLOQ TECHNOLOGIES, INC.",,,146146254,,unsized
1437578,BFAM,BRIGHT HORIZONS FAMILY SOLUTIONS INC.,3638407241,3638407241,48635306,74.81,sized
1437750,TRXA,T-REX Acquisition Corp.,,,30149940,,unsized
1437958,CCB,COASTAL FINANCIAL CORP,741081132,741081132,15286327,48.48,sized
1438133,TNDM,TANDEM DIABETES CARE INC,1491071691,1491071691,69578707,21.43,sized
1438461,ELRE,Yinfu Gold Corp.,,,121983993,,unsized
1438472,MIAX,"MIAMI INTERNATIONAL HOLDINGS, INC.",4266928614,4266928614,99230898,43.0,sized
1438533,TVTX,"Travere Therapeutics, Inc.",6190125254,6190125254,94261082,65.67,sized
1438943,RNGE,"RANGE IMPACT, INC.",,,122691755,,unsized
1439222,AGIO,"AGIOS PHARMACEUTICALS, INC.",1989266708,1989266708,59701882,33.32,sized
1439264,MVNC,Marvion Inc.,,,390024555,,unsized
1439288,ZWS,Zurn Elkay Water Solutions Corp,7969769860,,,48.05,sized
1440799,MMEX,MMEX Resources Corp,,,22295726723,,unsized
1441683,APPN,APPIAN CORP,3044889148,,,42.51,sized
1441816,MDB,"MongoDB, Inc.",35922507236,35922507236,80431927,446.62,sized
1442145,VRSK,"Verisk Analytics, Inc.",24960018421,,,191.77,sized
1442620,RCON,"Recon Technology, Ltd",725019,17003881,10627426,1.6,disagree-under
1443646,BAH,Booz Allen Hamilton Holding Corp,9050241368,9050241368,120284973,75.24,sized
1443669,PRLB,Proto Labs Inc,1907532066,1907532066,23921897,79.74,sized
1443863,BICX,BioCorRx Inc.,,,29758177,,unsized
1444839,BRVO,Bravo Multinational Inc.,,,50419582,,unsized
1445305,WK,WORKIVA INC,4307065025,,,79.15,sized
1445815,BIXT,"BIOXYTRAN, INC",,,114695220,,unsized
1446847,IRWD,IRONWOOD PHARMACEUTICALS INC,682440981,682440981,165239947,4.13,sized
1447028,ABUS,Arbutus Biopharma Corp,1004396117,1003088523,197847835,5.07,sized
1447362,CSTL,CASTLE BIOSCIENCES INC,1023408484,1023408484,30549507,33.5,sized
1447380,MFON,MOBIVITY HOLDINGS CORP.,,,73976596,,unsized
1447669,TWLO,TWILIO INC,36517115811,36517115811,153575220,237.78,sized
1448038,RWDMU,Redwood Mortgage Investors IX,,,62200000,,unsized
1448705,BASA,"BASANITE, INC.",,,267560840,,unsized
1448893,ESNT,Essent Group Ltd.,6192490367,6192490367,89876493,68.9,sized
1449349,RDGL,VIVOS INC,,,494214360,,unsized
1449794,EMYB,"Embassy Bancorp, Inc.",,,7405604,,unsized
1450704,VIVK,"Vivakor, Inc.",2285115,6830872,8183626,0.8347,disagree-under
1451448,GMBL,"ESPORTS ENTERTAINMENT GROUP, INC.",,,1145980,,unsized
1451505,RIG,Transocean Ltd.,6477904493,6477904493,1116880085,5.8,sized
1451809,SITM,SITIME Corp,16775428142,16775428142,30071036,557.86,sized
1452011,TNBI,Tanke Biosciences Corp,,,13324083,,unsized
1452583,CBMJ,"CONSERVATIVE BROADCAST MEDIA & PUBLISHING, INC.",,,38110805,,unsized
1452804,RMHI,"Retrieve Medical Holdings, Inc.",,,78363567,,unsized
1453122,DDDX,"3DX Industries, Inc.",,,37461409,,unsized
1454742,GMER,"GOOD GAMING, INC.",,,129117273,,unsized
1455863,COLD,AMERICOLD REALTY TRUST,4285063070,4285063070,285480551,15.01,sized
1456189,LEAT,Leatt Corp,,,6229556,,unsized
1459200,ALRM,"Alarm.com Holdings, Inc.",2821215403,2821215403,49090228,57.47,sized
1459839,SIBN,"SI-BONE, Inc.",860964825,860964825,44818575,19.21,sized
1462056,BLZE,"Backblaze, Inc.",887027000,887027000,61900000,14.33,sized
1462120,LOB,"Live Oak Bancshares, Inc.",1857361670,1857361670,46283620,40.13,sized
1463000,GRUSF,Grown Rogue International Inc.,,,249938980,,unsized
1463101,ENPH,"Enphase Energy, Inc.",4922388138,,,37.25,sized
1463208,TLSS,"Transportation & Logistics Systems, Inc.",,,5889437474,,unsized
1464165,BETRF,BetterLife Pharma Inc.,,,145494883,,unsized
1464343,ATLC,Atlanticus Holdings Corp,1381687061,1381687061,15170038,91.08,sized
1464423,PMT,PennyMac Mortgage Investment Trust,814470061,814470061,87202362,9.34,sized
1464521,HTFL,"Heartflow, Inc.",4154644298,4154644298,86953627,47.78,sized
1464865,ASII,"Accredited Solutions, Inc.",,,2653493596,,unsized
1465128,STWD,"STARWOOD PROPERTY TRUST, INC.",5852371099,5852371099,370168950,15.81,sized
1465470,SHMP,NaturalShrimp Inc,,,1277546746,,unsized
1465740,TWO,TWO HARBORS INVESTMENT CORP.,,,,,unsized
1466026,MSBI,"Midland States Bancorp, Inc.",684819696,684819696,20752112,33.0,sized
1466085,IRT,"INDEPENDENCE REALTY TRUST, INC.",3844993887,3844993887,235744567,16.31,sized
1466258,TT,Trane Technologies plc,98781605545,98781605545,220023177,448.96,sized
1466593,OTTR,Otter Tail Corp,3813970087,3813970087,41985580,90.84,sized
1467373,ACN,Accenture plc,116030343287,120784630874,637016143,189.61,sized
1467623,DBX,"DROPBOX, INC.",7762701498,,,35.7,sized
1467760,ARI,"Apollo Commercial Real Estate Finance, Inc.",880528818,878252837,128212093,6.85,sized
1467858,GM,General Motors Co,75697744442,75697744442,877451541,86.27,sized
1468174,H,Hyatt Hotels Corp,16232277776,,,172.25,sized
1468328,ADUS,Addus HomeCare Corp,2157815365,2157815365,18674300,115.55,sized
1468639,VICP,"Vicapsys Life Sciences, Inc.",,,32371299,,unsized
1468748,KOD,Kodiak Sciences Inc.,2370681518,2370681518,62849457,37.72,sized
1469367,RUN,Sunrun Inc.,2114636501,2114636501,240846982,8.78,sized
1470129,VIIQ,VisitIQ Corp.,,,2133236,,unsized
1471265,NWBI,"Northwest Bancshares, Inc.",2246682931,2246682931,146459122,15.34,sized
1471781,GTCH,GBT Technologies Inc.,,,24417866769,,unsized
1472012,IMNM,Immunome Inc.,3131335231,3131335231,113577629,27.57,sized
1472494,BNO,"United States Brent Oil Fund, LP",,638352000,12400000,51.48,sized
1472787,FAF,First American Financial Corp,7603387000,7603387000,102100000,74.47,sized
1473334,XMAX,XMax Inc.,576194194,576194194,64523426,8.93,sized
1473490,GLAI,"Global AI, Inc.",,,114898024,,unsized
1474098,PEB,Pebblebrook Hotel Trust,2086461818,2086461818,112842716,18.49,sized
1474432,P,"Everpure, Inc.",31046620648,31046620648,332404932,93.4,sized
1474735,GNRC,GENERAC HOLDINGS INC.,10845369151,10845369151,59006361,183.8,sized
1475841,NBHC,National Bank Holdings Corp,1835920127,1835920127,44539547,41.22,sized
1475922,PRI,"Primerica, Inc.",8937434666,8937434666,30777350,290.39,sized
1476034,MCB,Metropolitan Bank Holding Corp.,1137992042,1137992042,12397778,91.79,sized
1476045,CLDT,Chatham Lodging Trust,636551943,636551943,46565614,13.67,sized
1476150,TRNO,Terreno Realty Corp,7256332942,7256332942,108970310,66.59,sized
1476204,PECO,"Phillips Edison & Company, Inc.",5028309000,5028309000,128700000,39.07,sized
1476765,GBDC,"GOLUB CAPITAL BDC, Inc.",3383260204,3383260204,259651589,13.03,sized
1477009,CANN,TREES Corp (Colorado),,,108746520,,unsized
1477294,ST,Sensata Technologies Holding plc,5971336417,5971336417,145535862,41.03,sized
1477333,NET,"Cloudflare, Inc.",106766941745,,,299.84,sized
1477449,TDOC,"Teladoc Health, Inc.",1180946136,1180946136,181684021,6.5,sized
1477720,ASAN,"Asana, Inc.",2348895137,,,10.19,sized
1477815,SG,"Sweetgreen, Inc.",829717965,669654466,96076681,6.97,sized
1478242,IQV,IQVIA HOLDINGS INC.,43084050000,,,261.75,sized
1478320,ADPT,Adaptive Biotechnologies Corp,4020219259,4020219259,159595842,25.19,sized
1479094,STAG,"STAG Industrial, Inc.",7168613672,,,37.18,sized
1479247,USCI,United States Commodity Index Funds Trust,,2947840000,28000000,105.28,sized
1479615,SLN,Silence Therapeutics plc,834107834,1902151296,141740037,13.42,disagree
1479681,NUTX,Nutex Health Inc.,1295978890,1295978890,6847973,189.25,sized
1481028,HYSR,"SUNHYDROGEN, INC.",,,5727959657,,unsized
1481443,TCRI,"TechCom, Inc.",,,64990254,,unsized
1481504,XERI,"XERIANT, INC.",,,924611480,,unsized
1481582,RYZ,Ryerson Holding Corp,1314073893,1314073893,51898653,25.32,sized
1481792,QUAD,"Quad/Graphics, Inc.",519244537,,,10.09,sized
1482430,KBSR,"KBS Real Estate Investment Trust III, Inc.",,,148516246,,unsized
1482512,HPP,"Hudson Pacific Properties, Inc.",713091256,712740195,54242024,13.14,sized
1482554,HFUS,"Hartford Creative Group, Inc.",,,25027004,,unsized
1482981,COCO,"Vita Coco Company, Inc.",3570796881,3541973930,57397082,61.71,sized
1484769,FUBO,FuboTV Inc.,311104053,3527061115,342433118,10.3,disagree
1486159,CHRD,Chord Energy Corp,7985889312,7985889312,54697872,146.0,sized
1486957,BWXT,"BWX Technologies, Inc.",14004419643,14004419643,91621980,152.85,sized
1487091,QWTR,"Quest Water Global, Inc.",,,131903029,,unsized
1487718,BLTH,"AMERICAN BATTERY MATERIALS, INC.",,,3789585,,unsized
1487798,ECTM,ECA Marcellus Trust I,,,,,unsized
1487952,VPG,"Vishay Precision Group, Inc.",833192896,766625122,12256197,62.55,sized
1488139,AMRC,"Ameresco, Inc.",1166925979,,,21.99,sized
1488813,CUBI,"Customers Bancorp, Inc.",2653850750,2654730925,33783799,78.58,sized
1489300,ZLME,Zhanling International Ltd,,,3441000,,unsized
1489393,LYB,LyondellBasell Industries N.V.,20567826403,20567826403,323037952,63.67,sized
1489874,GGROU,Golden Growers Cooperative,,,15490480,,unsized
1490054,APHD,"VERDE BIO HOLDINGS, INC.",,,2020821612,,unsized
1490281,GRPN,"Groupon, Inc.",794193230,794193230,40665296,19.53,sized
1490873,ESSI,"ECO SCIENCE SOLUTIONS, INC.",,,24952656,,unsized
1490906,CFFN,"Capitol Federal Financial, Inc.",1068379402,1088547130,125698283,8.66,sized
1490978,SDGR,"Schrodinger, Inc.",1473670871,,,19.7,sized
1492298,SBRA,"Sabra Health Care REIT, Inc.",5265087401,5265087401,255462756,20.61,sized
1492448,MAJI,Nextel Medical Corp.,,,249843977,,unsized
1492691,KNX,Knight-Swift Transportation Holdings Inc.,10943713440,,,67.24,sized
1493137,LCTC,"Lifeloc Technologies, Inc",,,2752616,,unsized
1493594,MTSI,"MACOM Technology Solutions Holdings, Inc.",20258916866,20258916866,76370931,265.27,sized
1493712,STME,Stimcell Energetics Inc.,,,21141272,,unsized
1494259,CARG,"CarGurus, Inc.",3256526355,,,36.56,sized
1494413,TWOH,Two Hands Corp,,,7697746967,,unsized
1495584,SVVC,"Firsthand Technology Value Fund, Inc.",,,6892518,,unsized
1495932,AGNT,"AGNT, Inc.",708580052,708580052,167117937,4.24,sized
1496099,NMFC,New Mountain Finance Corp,712171020,712171020,94452390,7.54,sized
1496443,PAYS,"Paysign, Inc.",727797190,727797190,56462156,12.89,sized
1496690,BCRD,"BlueOne Technologies, Inc.",,,14428865,,unsized
1497645,INN,"Summit Hotel Properties, Inc.",653591985,653591985,107853463,6.06,sized
1497649,GSTX,Graphene & Solar Technologies Ltd,,,739928268,,unsized
1497770,WD,"Walker & Dunlop, Inc.",1419369555,1419369555,34325745,41.35,sized
1498067,SKTG,SKYTECH ORION GLOBAL CORP.,,,1247885009,,unsized
1498547,CMRF,"CIM GROUP, INC.",,,436300000,,unsized
1499961,BINI,"BOLLINGER INNOVATIONS, INC.",,,4604935,,unsized
1500217,AAT,"American Assets Trust, Inc.",1377296497,1376998694,61390936,22.43,sized
1500412,AMBQ,"Ambiq Micro, Inc.",1386741294,1386741294,24184536,57.34,sized
1501585,HII,"HUNTINGTON INGALLS INDUSTRIES, INC.",11593226777,11593226777,39404598,294.21,sized
1501796,AURA,"Aura Biosciences, Inc.",767415586,767415586,103704809,7.4,sized
1501989,CTMX,"CytomX Therapeutics, Inc.",699456701,699456701,217899284,3.21,sized
1502377,CTGO,Contango Silver & Gold Inc.,644402115,644402115,33440691,19.27,sized
1502557,KPEA,Kun Peng International Ltd.,,,40000624,,unsized
1502966,FUNI,"Hypha Labs, Inc.",,,163895977,,unsized
1503658,WNHK,"Winning Catering Group, Inc.",,,704043324,,unsized
1504008,BKU,"BankUnited, Inc.",3304464031,3304464031,71232249,46.39,sized
1504461,NGL,NGL Energy Partners LP,2249153487,2249153487,124814289,18.02,sized
1504619,PFLT,PennantPark Floating Rate Capital Ltd.,733220251,733220251,99217896,7.39,sized
1504776,WRBY,Warby Parker Inc.,3090201350,2829574375,113182975,25.0,sized
1505732,BWFG,"Bankwell Financial Group, Inc.",530614456,530614456,7971972,66.56,sized
1506293,PINS,"PINTEREST, INC.",13132799096,,,23.19,sized
1506307,KMI,"KINDER MORGAN, INC.",70277873928,70277873928,2226802089,31.56,sized
1506929,VRDR,"VERDE RESOURCES, INC.",,,1269280891,,unsized
1506983,GCTK,"Glucotrack, Inc.",225076,2983227,10578822,0.282,disagree-under
1507079,FND,"Floor & Decor Holdings, Inc.",5643968145,5643968145,106489965,53.0,sized
1507605,MARA,"MARA Holdings, Inc.",4121813498,4121813498,386299297,10.67,sized
1508655,TSLX,"Sixth Street Specialty Lending, Inc.",1786730424,1786730424,95343139,18.74,sized
1508786,SLTN,"SILVERTON ENERGY, INC.",,,52424875,,unsized
1509957,NASC,Can B Corp,,,75841988,,unsized
1509991,KOS,Kosmos Energy Ltd.,1643545916,1643545916,595487651,2.76,sized
1510295,MPC,Marathon Petroleum Corp,103576597337,103576597337,280824763,368.83,sized
1510964,CVSI,"CV Sciences, Inc.",,,225829128,,unsized
1511337,RLJ,RLJ Lodging Trust,1746227493,1746227493,152375872,11.46,sized
1511737,UI,Ubiquiti Inc.,36277685152,36277685152,60528381,599.35,sized
1511820,STEK,Stemtech Corp,,,2997032856,,unsized
1512228,NB,NIOCORP DEVELOPMENTS LTD,601274508,601274508,145587048,4.13,sized
1512499,LIND,"LINDBLAD EXPEDITIONS HOLDINGS, INC.",1938790062,1941686597,65619689,29.59,sized
1512673,XYZ,"Block, Inc.",50208438149,,,83.57,sized
1512886,NTRR,NEUTRA CORP.,,,2917899124,,unsized
1512922,PETV,"PetVivo Holdings, Inc.",,,37950495,,unsized
1513363,FDUS,FIDUS INVESTMENT Corp,747700970,747700970,37954364,19.7,sized
1513761,NCLH,Norwegian Cruise Line Holdings Ltd.,7645477635,7645477635,459187846,16.65,sized
1514416,BAND,Bandwidth Inc.,1576858612,,,49.0,sized
1514705,SXC,"SunCoke Energy, Inc.",862328476,862328476,84874850,10.16,sized
1514946,AXIM,"AXIM BIOTECHNOLOGIES, INC.",,,301958824,,unsized
1514991,AMCX,AMC Global Media Inc.,522224632,,,12.66,sized
1515139,WAST,WASTE ENERGY CORP.,,,192326122,,unsized
1515317,MAGE,MAGELLAN COPPER & GOLD Corp,,,25964295,,unsized
1515673,RARE,Ultragenyx Pharmaceutical Inc.,2524861037,2524861037,98588873,25.61,sized
1516513,DOCS,"Doximity, Inc.",4764515045,,,26.73,sized
1516551,SKYE,"Skye Bioscience, Inc.",7859124,62873008,35421413,1.775,disagree-under
1516912,OBK,"Origin Bancorp, Inc.",1642745353,1642745353,30849678,53.25,sized
1517175,CHEF,"Chefs' Warehouse, Inc.",4691549545,,,115.0,sized
1517228,VISN,"Vistance Networks, Inc.",1397596056,1397596056,230626412,6.06,sized
1517302,APAM,Artisan Partners Asset Management Inc.,3086214942,,,43.47,sized
1517375,SPT,"Sprout Social, Inc.",696204515,,,11.49,sized
1517389,JFIL,"Jubilant Flame International, Ltd",,,19985708,,unsized
1517413,FSLY,"Fastly, Inc.",3670272000,3670272000,159300000,23.04,sized
1517681,PPCB,"Propanc Biopharma, Inc.",3075800,76895028,56959280,1.35,disagree-under
1518336,DREM,Dream Homes & Development Corp.,,,48564493,,unsized
1518621,ORC,"Orchid Island Capital, Inc.",1330020937,1335347000,199603438,6.69,sized
1518715,MCHB,Mechanics Bancorp,3518467228,300651639,18920808,15.89,disagree
1519061,TSEOQ,Trinseo PLC,,,36559868,,unsized
1519449,SKWD,"Skyward Specialty Insurance Group, Inc.",2363255258,2587871576,44396493,58.29,sized
1519472,SMXT,"SolarMax Technology, Inc.",13847267,166167190,56906572,2.92,disagree-under
1519751,FBIN,"Fortune Brands Innovations, Inc.",5431402203,5431402203,119371477,45.5,sized
1520006,MTDR,Matador Resources Co,6978500240,6978500240,123754216,56.39,sized
1520118,MWAI,"MedWellAI, Inc.",,,6536580,,unsized
1520262,ALKS,Alkermes plc.,7953656725,7953656725,167763272,47.41,sized
1520358,MAMA,"Mama's Creations, Inc.",761625626,666775205,40706667,16.38,sized
1520697,ACHC,"Acadia Healthcare Company, Inc.",2658012851,,,28.55,sized
1521036,LNTH,"Lantheus Holdings, Inc.",6577496624,6577496624,65272369,100.77,sized
1521332,APTV,Aptiv PLC,9499224893,9499224893,207633331,45.75,sized
1521951,FBIZ,"FIRST BUSINESS FINANCIAL SERVICES, INC.",592895472,592895472,8368320,70.85,sized
1522540,MQ,"Marqeta, Inc.",1714507795,,,16.47,sized
1522727,USAC,"USA Compression Partners, LP",3903324280,3903324280,144943345,26.93,sized
1522767,MRMD,MARIMED INC.,,,403040674,,unsized
1524025,TLYS,"TILLY'S, INC.",120734143,47427264,11976582,3.96,disagree-under
1524358,VAC,MARRIOTT VACATIONS WORLDWIDE Corp,3786580778,3786580778,34395320,110.09,sized
1524472,XYL,Xylem Inc.,25989417043,25989417043,233486812,111.31,sized
1524566,WLTH,WEALTHFRONT CORP,1381591248,1381591248,149361216,9.25,sized
1524769,CHKR,CHESAPEAKE GRANITE WASH TRUST,,,,,unsized
1525221,VTOL,Bristow Group Inc.,1296244660,1296244660,29642000,43.73,sized
1526113,GNL,"Global Net Lease, Inc.",2118871570,1932119716,210930100,9.16,sized
1526119,VSTM,"Verastem, Inc.",653868044,653868044,90563441,7.22,sized
1526243,PPTA,PERPETUA RESOURCES CORP.,3141155613,3141155613,125095803,25.11,sized
1526520,TRIP,"TripAdvisor, Inc.",1156757505,1156757505,117199342,9.87,sized
1527166,CG,Carlyle Group Inc.,17492377053,17492377053,356332798,49.09,sized
1527352,NXL,"Nexalin Technology, Inc.",213878,5509100,22036402,0.25,disagree-under
1527541,WHLR,"Wheeler Real Estate Investment Trust, Inc.",826094,2066777,1931568,1.07,disagree-under
1527599,SYBX,"SYNLOGIC, INC.",,,12248950,,unsized
1527613,CIMG,CIMG Inc.,,,1960301219,,unsized
1527728,LNAI,Lunai Bioworks Inc.,10745319,85962552,36271119,2.37,disagree-under
1527753,PSNL,"Personalis, Inc.",1823073815,1823073815,106799872,17.07,sized
1528115,ANNX,"Annexon, Inc.",942208295,191660918,38563565,4.97,disagree
1528172,ENDV,"ENDONOVO THERAPEUTICS, INC.",,,318751597,,unsized
1528188,WNFT,Worldwide NFT Inc.,,,534750000,,unsized
1528396,GWRE,"Guidewire Software, Inc.",17138322529,17138322529,83256364,205.85,sized
1528849,RH,RH,2829280777,2825505855,18900969,149.49,sized
1528985,INRE,"Inland Real Estate Income Trust, Inc.",,,36012053,,unsized
1529274,ALKT,"ALKAMI TECHNOLOGY, INC.",2162366835,2162366835,106941980,20.22,sized
1529864,ENVA,"Enova International, Inc.",5794348899,5794348899,24898371,232.72,sized
1530185,ATVK,"Globaltek Ventures, Inc.",,,613226791,,unsized
1530425,ARRT,"Artisan Consumer Goods, Inc.",,,4400048,,unsized
1530721,CPRI,Capri Holdings Ltd,1534296843,1534296843,113651618,13.5,sized
1530804,TROX,Tronox Holdings plc,862380156,862380156,159700029,5.4,sized
1530950,POST,"Post Holdings, Inc.",3868282715,3751713306,43956805,85.35,sized
1530979,HNST,"Honest Company, Inc.",608302428,608302428,107284379,5.67,sized
1531031,ESQ,"Esquire Financial Holdings, Inc.",1359949900,1359949900,12104583,112.35,sized
1531152,BJ,"BJ's Wholesale Club Holdings, Inc.",11444111095,11444111095,126314692,90.6,sized
1532390,WTER,ALKALINE WATER Co INC,,,10895805,,unsized
1534120,AVTX,"Avalo Therapeutics, Inc.",1050611484,1050611484,53629989,19.59,sized
1534133,CALC,"CalciMedica, Inc.",3171058,15855294,34141460,0.4644,disagree-under
1534248,CMMB,Chemomab Therapeutics Ltd.,19857958,1559283377,575381320,2.71,disagree
1534504,PBF,PBF Energy Inc.,8449306596,,,71.28,sized
1534675,TGLS,Tecnoglass Holdings Inc.,1775028286,1775028286,44364616,40.01,sized
1534701,PSX,Phillips 66,97365093713,97365093713,399020916,244.01,sized
1534969,SERA,"SERA PROGNOSTICS, INC.",81660394,60638230,29293831,2.07,disagree-under
1535527,CRWD,"CrowdStrike Holdings, Inc.",223627369492,223627369492,1023934842,218.4,sized
1535778,MSIF,"MSC INCOME FUND, INC.",573617146,573617146,45345229,12.65,sized
1535929,VOYA,"Voya Financial, Inc.",9290655589,9290655589,90596349,102.55,sized
1538263,HTB,"HomeTrust Bancshares, Inc.",775596148,783077073,16693180,46.91,sized
1538379,IBTA,"Ibotta, Inc.",746707190,,,37.06,sized
1538495,ETST,"Earth Science Tech, Inc.",,,287590881,,unsized
1538849,CAPL,CrossAmerica Partners LP,881420457,881420457,38173255,23.09,sized
1539638,TFIN,"Triumph Financial, Inc.",1717061428,1717061428,23894537,71.86,sized
1539680,HMMR,HAMMER TECHNOLOGY HOLDINGS CORP.,,,73310489,,unsized
1539838,FANG,"Diamondback Energy, Inc.",55351512284,55352413857,280024353,197.67,sized
1539850,STCB,"Starco Brands, Inc.",,,784192033,,unsized
1541157,AKTX,Akari Therapeutics Plc,20832707,1666616266003,155758529533,10.7,disagree
1541401,ESRT,"Empire State Realty Trust, Inc.",794678858,,,4.59,sized
1543151,UBER,"Uber Technologies, Inc",160994588737,160994588737,2042560121,78.82,sized
1543418,TMQ,Trilogy Metals Inc.,625339213,625339213,172745639,3.62,sized
1543637,NUMD,"Nu-Med Plus, Inc.",,,83548469,,unsized
1543652,FFLO,"Free Flow USA, Inc.",,,31000000,,unsized
1544206,CGBD,"Carlyle Secured Lending, Inc.",810517964,810517964,68804581,11.78,sized
1544522,FRSH,Freshworks Inc.,3616361899,,,13.86,sized
1545236,AHII,American Heritage International Inc.,,,99866250,,unsized
1546417,BLMN,"Bloomin' Brands, Inc.",905869301,905869301,85620917,10.58,sized
1546853,SKKY,"Skkynet Cloud Systems, Inc.",,,53143822,,unsized
1547459,NGVC,"Natural Grocers by Vitamin Cottage, Inc.",633299985,633299985,23045851,27.48,sized
1547903,NMIH,"NMI Holdings, Inc.",3370511903,3370511903,75217851,44.81,sized
1549084,CHRN,ChronoScale Holdings Corp,2729245850,2729245850,145637452,18.74,sized
1549145,BIOF,"BLUE BIOFUELS, INC.",,,324168980,,unsized
1549595,NRIX,"Nurix Therapeutics, Inc.",2720117911,2720117911,103781683,26.21,sized
1549631,QURT,"Quarta-Rad, Inc.",,,15899483,,unsized
1550453,TRLC,TriLinc Global Impact Fund LLC,,,,,unsized
1551152,ABBV,AbbVie Inc.,451463123971,451463123971,1767117285,255.48,sized
1551182,ETN,Eaton Corp plc,156439752000,156439752000,388400000,402.78,sized
1551306,PGNY,"Progyny, Inc.",1994896748,1994896748,76726798,26.0,sized
1552000,MPLX,MPLX LP,60071101371,60071101371,1013858251,59.25,sized
1552033,TRU,TransUnion,16414372000,,,85.67,sized
1552189,PLSH,"PANACEA LIFE SCIENCES HOLDINGS, INC.",,,17645352,,unsized
1552275,SUN,Sunoco LP,14065093827,,,74.65,sized
1552797,DKL,"Delek Logistics Partners, LP",3166714121,2914680121,53197301,54.79,sized
1552800,TTSH,"TILE SHOP HOLDINGS, INC.",,,39821741,,unsized
1555280,ZTS,Zoetis Inc.,31958713378,31958713378,413223602,77.34,sized
1556593,RITM,Rithm Capital Corp.,5628742872,5628742872,558407031,10.08,sized
1556801,MYCB,"My City Builders, Inc.",,,17926686,,unsized
1557376,ZEOX,"Zeo ScientifiX, Inc.",,,7837441,,unsized
1557746,ACRS,"Aclaris Therapeutics, Inc.",884665346,884665346,147198893,6.01,sized
1557798,CIIT,"Tianci International, Inc.",2969887,29698894,9673907,3.07,disagree-under
1559432,TXO,"TXO Partners, L.P.",803972901,803972901,55446407,14.5,sized
1559720,ABNB,"Airbnb, Inc.",111685215741,,,189.43,sized
1559865,EVTC,"EVERTEC, Inc.",1791381209,1791381209,59752542,29.98,sized
1560143,WYTC,WYTEC INTERNATIONAL INC,,,17022867,,unsized
1560327,RPD,"Rapid7, Inc.",895754505,895754505,67400640,13.29,sized
1560385,FWONA,Liberty Media Corp,23421186668,,,93.42,sized
1561032,NHP,"National Healthcare Properties, Inc.",1170852308,456299658,28412183,16.06,disagree
1561550,DDOG,"Datadog, Inc.",85093599187,,,236.98,sized
1561894,HASI,"HA Sustainable Infrastructure Capital, Inc.",5139831600,5139831600,128495790,40.0,sized
1562088,DUOL,"Duolingo, Inc.",6876645817,,,146.98,sized
1562151,CWGL,"Crimson Wine Group, Ltd",,,20586027,,unsized
1562401,AMH,American Homes 4 Rent,12068195737,,,33.54,sized
1562528,FBRT,"Franklin BSP Realty Trust, Inc.",702564219,702564219,83045416,8.46,sized
1563190,COMP,"Compass, Inc.",8421061591,8310018501,757522197,10.97,sized
1563411,CSTM,CONSTELLIUM SE,3656538101,,,26.98,sized
1563665,HRGN,"Harvard Apparatus Regenerative Technology, Inc.",,,17580744,,unsized
1563880,TRVI,"Trevi Therapeutics, Inc.",2392169370,2392169370,142475841,16.79,sized
1564408,SNAP,Snap Inc,9183203576,,,5.43,sized
1564708,NWS,NEWS CORP,18720023525,,,34.85,sized
1564902,PRKS,United Parks & Resorts Inc.,1926552219,1926552219,45341309,42.49,sized
1565146,GULTU,Gulf Coast Ultra Deep Royalty Trust,,,,,unsized
1565228,VISL,"Vislink Technologies, Inc.",,,2467618,,unsized
1565687,INTA,"Intapp, Inc.",3325939603,3325939603,76511148,43.47,sized
1566826,LGMK,"LogicMark, Inc.",,,899759,,unsized
1567094,CNH,CNH Industrial N.V.,18783294129,14456639189,1237725958,11.68,sized
1567683,CWEN,"Clearway Energy, Inc.",6519529299,,,31.76,sized
1567900,ALOY,REALLOYS INC.,717471476,717471476,68987642,10.4,sized
1568100,PD,"PagerDuty, Inc.",1087727743,1087727743,78649873,13.83,sized
1568385,BMTM,"Bright Mountain Media, Inc.",,,186936398,,unsized
1568651,OSCR,"Oscar Health, Inc.",9404413150,,,30.47,sized
1568969,LOTT,Techlott Inc.,,,890742444,,unsized
1569340,CLCS,"Cell Source, Inc.",,,67945856,,unsized
1569345,CXM,"Sprinklr, Inc.",1911306697,,,8.16,sized
1570562,EOLS,"Evolus, Inc.",586527907,586527907,66050440,8.88,sized
1570585,LBTYA,Liberty Global Ltd.,3639404329,,,10.67,sized
1570827,VCTR,"Victory Capital Holdings, Inc.",7277197463,7277197463,61509572,118.31,sized
1570937,PREM,Premier Air Charter Holdings Inc.,,,280848293,,unsized
1571123,SAIC,Science Applications International Corp,5325188121,5325188121,42276819,125.96,sized
1571283,REXR,"Rexford Industrial Realty, Inc.",8279549044,8279549044,222988124,37.13,sized
1571949,ICE,"Intercontinental Exchange, Inc.",91131167074,91131167074,561394487,162.33,sized
1571996,DELL,Dell Technologies Inc.,294796021350,,,456.24,sized
1572386,GWTI,"GREENWAY TECHNOLOGIES, INC. & SUBSIDIARIES",,,462361204,,unsized
1572694,GSBD,"Goldman Sachs BDC, Inc.",1140324648,1140324648,112569067,10.13,sized
1573221,REAL,"TheRealReal, Inc.",1329865286,1329865286,121671115,10.93,sized
1573516,MUSA,Murphy USA Inc.,9248806806,9248806806,18380347,503.19,sized
1574676,NGHI,"Galenfeha, Inc.",,,97525679,,unsized
1575142,BDPT,"BIOADAPTIVES, INC.",,,196926762,,unsized
1575515,SFM,"Sprouts Farmers Market, Inc.",7595951532,7595951532,93247625,81.46,sized
1575858,PUBC,Purebase Corp,,,277968151,,unsized
1575965,GLPI,"Gaming & Leisure Properties, Inc.",12381557030,12381557030,290920043,42.56,sized
1576018,SPNT,SiriusPoint Ltd,2808870086,2808870086,116165016,24.18,sized
1576280,GH,"Guardant Health, Inc.",21672681455,21672681455,134196170,161.5,sized
1576427,CRTO,Criteo S.A.,855497380,855497380,48997559,17.46,sized
1576940,CCS,"Century Communities, Inc.",1966419364,1966419364,28432900,69.16,sized
1577526,AI,"C3.ai, Inc.",1636880886,,,10.53,sized
1577670,LADR,Ladder Capital Corp,1245817275,,,9.82,sized
1578732,MMI,"Marcus & Millichap, Inc.",1230807597,1230807597,37871003,32.5,sized
1579091,CART,Maplebear Inc.,11700013386,11700013386,231500067,50.54,sized
1579241,ALLE,Allegion plc,13391593059,13391593059,85036786,157.48,sized
1579298,BURL,"Burlington Stores, Inc.",17145407475,17145407475,62815195,272.95,sized
1579428,AXSM,"Axsome Therapeutics, Inc.",10424830398,10424830398,52380818,199.02,sized
1579684,TDAY,"USA TODAY Co., Inc.",930825745,930825745,146817941,6.34,sized
1579877,OUT,OUTFRONT Media Inc.,5213603429,5213603429,176135251,29.6,sized
1579878,FIG,"Figma, Inc.",15361344366,,,28.82,sized
1580262,RTON,"Right On Brands, Inc.",,,31498064,,unsized
1580490,IONI,I-ON Digital Corp.,,,34106234,,unsized
1580560,FLYW,Flywire Corp,2286135594,,,18.79,sized
1580670,LGIH,"LGI Homes, Inc.",1336775640,1336775640,23248272,57.5,sized
1580808,ATEN,"A10 Networks, Inc.",1866051839,1866051839,72609021,25.7,sized
1580905,IBP,"Installed Building Products, Inc.",6526782704,6526782704,26579177,245.56,sized
1581068,BRX,Brixmor Property Group Inc.,8951465457,8951465457,306872316,29.17,sized
1581091,RMAX,"RE/MAX Holdings, Inc.",,,,,unsized
1581280,TWST,Twist Bioscience Corp,8865575605,8865575605,62707424,141.38,sized
1581760,LIF,"Life360, Inc.",3543581247,3543581247,81480369,43.49,sized
1581990,PAGP,PLAINS GP HOLDINGS LP,5535378348,5535378348,197904124,27.97,sized
1582313,XENE,Xenon Pharmaceuticals Inc.,5809457515,5809457515,96840432,59.99,sized
1582961,DOCN,"DigitalOcean Holdings, Inc.",13076021755,13076021755,117579550,111.21,sized
1583107,TBPH,"Theravance Biopharma, Inc.",885214755,885214755,51918754,17.05,sized
1583648,PVLA,"PALVELLA THERAPEUTICS, INC.",2160768809,2160828797,14408407,149.97,sized
1583708,S,"SentinelOne, Inc.",7383992193,,,21.54,sized
1583771,HEPA,"Hepion Pharmaceuticals, Inc.",,,90219317,,unsized
1584207,OMF,"OneMain Holdings, Inc.",7229205911,7259965023,115530952,62.84,sized
1584509,ARMK,Aramark,15337705059,15337705059,263625044,58.18,sized
1584618,ACRL,"Atacama Resources International, Inc.",,,226023535,,unsized
1584693,SSGC,SafeSpace Global Corp,,,191387429,,unsized
1585101,HGIT,"HINES GLOBAL INCOME TRUST, INC.",,,6400000,,unsized
1585364,PRGO,PERRIGO Co plc,2009378667,2009378667,138769245,14.48,sized
1585389,SMA,"SmartStop Self Storage REIT, Inc.",1829388555,1829388555,55368903,33.04,sized
1585521,ZM,"Zoom Communications, Inc.",28720270673,,,98.43,sized
1585608,JAGX,"Jaguar Health, Inc.",4185806,138776499,171350166,0.8099,disagree-under
1585689,HLT,Hilton Worldwide Holdings Inc.,72437141283,72437141283,225064910,321.85,sized
1586554,CBDY,Target Group Inc.,,,617025999,,unsized
1587523,KN,Knowles Corp,2923595458,,,34.23,sized
1587732,OGS,"ONE Gas, Inc.",4995187776,4995187776,62856270,79.47,sized
1588014,ADMQ,"ADM ENDEAVORS, INC.",,,158520409,,unsized
1588978,PRCT,PROCEPT BioRobotics Corp,1193010316,1193010316,57273659,20.83,sized
1589526,BLBD,Blue Bird Corp,1876171789,1876171789,31676039,59.23,sized
1590364,FTAI,FTAI Aviation Ltd.,20025828603,20025828603,102707091,194.98,sized
1590560,QURE,uniQure N.V.,3379531592,,,48.72,sized
1590714,ESI,Element Solutions Inc,8512123626,,,34.93,sized
1590717,CTRE,"CareTrust REIT, Inc.",9222523556,9222523556,236293199,39.03,sized
1590750,VRDN,"Viridian Therapeutics, Inc.\DE",2614785568,2614785568,113292269,23.08,sized
1590877,RGNX,REGENXBIO Inc.,637687434,637687434,66013192,9.66,sized
1590895,CZR,"Caesars Entertainment, Inc.",6058300823,6056606659,203720372,29.73,sized
1590955,PAYC,"Paycom Software, Inc.",10750933280,10750933280,45071619,238.53,sized
1590976,MBUU,"MALIBU BOATS, INC.",538369943,,,27.36,sized
1591588,GOLD,"Gold.com, Inc.",1321149235,1296992339,28474036,45.55,sized
1591698,PCTY,Paylocity Holding Corp,8379286166,8379286166,53056963,157.93,sized
1591913,IPSI,"Innovative Payment Solutions, Inc.",,,994175223,,unsized
1592386,VIRT,"Virtu Financial, Inc.",5862282012,,,66.39,sized
1593001,NGTF,"NightFood Holdings, Inc.",,,507476668,,unsized
1593184,BRGX,"BIOREGENX, INC.",,,971575183,,unsized
1593275,HG,"Hamilton Insurance Group, Ltd.",3486018545,2329234795,65890659,35.35,disagree
1593538,JSM,NAVIENT CORP,,1708741346,93783828,18.22,sized
1593549,LIVG,"Livento Group, Inc.",,,133702856,,unsized
1594805,SHOP,SHOPIFY INC.,196727857049,,,152.9,sized
1595974,MGNI,"MAGNITE, INC.",3399152520,3399152520,143424157,23.7,sized
1596532,ANET,"Arista Networks, Inc.",246418071726,246418071726,1261224648,195.38,sized
1596961,RDNW,"RideNow Group, Inc.",221192868,12426559,2191633,5.67,disagree-under
1596967,MC,Moelis & Co,5067133081,,,68.4,sized
1596993,LPG,DORIAN LPG LTD.,2129721860,2129721860,42782681,49.78,sized
1597033,SABR,Sabre Corp,887883070,887883070,403583214,2.2,sized
1597672,RYAM,RAYONIER ADVANCED MATERIALS INC.,581740188,581740188,67644208,8.6,sized
1597846,GRNQ,Greenpro Capital Corp.,24472611,244723450,18127663,13.5,disagree-under
1597892,JRSS,JRSIS HEALTH CARE Corp,,,84598650,,unsized
1598428,MTUS,Metallus Inc.,811162487,811162487,41449284,19.57,sized
1598665,HRTG,"Heritage Insurance Holdings, Inc.",1006739605,1006739605,29732416,33.86,sized
1599117,MNTR,"Mentor Capital, Inc.",,,27589296,,unsized
1599298,SMMT,Summit Therapeutics Inc.,10953102035,10953102035,797749602,13.73,sized
1599407,LBRA,1847 Holdings LLC,,,65293659,,unsized
1599617,DNOW,DNOW Inc.,2879919243,2879919243,180785891,15.93,sized
1600033,ELF,"e.l.f. Beauty, Inc.",6142732383,6142732383,59007996,104.1,sized
1600222,PXED,"Phoenix Education Partners, Inc.",1057269538,1057269538,36047376,29.33,sized
1600620,AUPH,Aurinia Pharmaceuticals Inc.,2167403526,2167403526,133051168,16.29,sized
1600983,KSCP,"Knightscope, Inc.",33301883,106282259,75377489,1.41,disagree-under
1601046,KEYS,"Keysight Technologies, Inc.",54490891000,54681390898,170895368,319.97,sized
1601548,VVX,"V2X, Inc.",2435220863,2435220863,31345358,77.69,sized
1601712,SYF,Synchrony Financial,25395194062,25395194062,325370840,78.05,sized
1601830,RXRX,"RECURSION PHARMACEUTICALS, INC.",1791145430,1788042847,535342170,3.34,sized
1603015,VIA,"Via Transportation, Inc.",2328615363,,,28.57,sized
1603145,XIFR,"XPLR Infrastructure, LP",1105196000,,,11.72,sized
1603345,AGTX,Agentix Corp.,,,40066951,,unsized
1603454,CELC,Celcuity Inc.,4327537943,4327537943,48931908,88.44,sized
1603793,NRIS,"Norris Industries, Inc.",,,108245688,,unsized
1603923,WFRD,Weatherford International plc,6723377698,6723377698,71685443,93.79,sized
1604028,WMS,"ADVANCED DRAINAGE SYSTEMS, INC.",10329777800,10329777800,75405342,136.99,sized
1604665,WLKP,Westlake Chemical Partners LP,762368362,762368362,35245879,21.63,sized
1604778,QRVO,"Qorvo, Inc.",8357235294,,,94.73,sized
1604821,NTRA,"Natera, Inc.",47028476904,47028476904,144144170,326.26,sized
1605057,VMNT,"Vemanti Group, Inc.",,,73435503,,unsized
1605331,AERA,AI Era Corp.,,,5988733,,unsized
1605481,NGLD,Nevada Canyon Gold Corp.,,,28593327,,unsized
1606757,KE,"Kimball Electronics, Inc.",564187780,562265702,23966995,23.46,sized
1606909,PANL,Pangaea Logistics Solutions Ltd.,527718602,527718602,65473772,8.06,sized
1607678,VKTX,"Viking Therapeutics, Inc.",3751558453,3751558453,116652937,32.16,sized
1608092,KITL,Kisses From Italy Inc.,,,407750100,,unsized
1609065,PBHC,"Pathfinder Bancorp, Inc.",101148938,73363103,4553886,16.11,disagree-under
1609151,WEAV,"Weave Communications, Inc.",583193577,583193577,79999119,7.29,sized
1609253,CRC,California Resources Corp,4639063011,4639063011,88819893,52.23,sized
1609258,PTCO,PetroGas Co,,,22996680,,unsized
1609550,INSP,"Inspire Medical Systems, Inc.",1776253440,1776253440,28910375,61.44,sized
1609711,GDDY,GoDaddy Inc.,12373480680,12373480680,126647704,97.7,sized
1610250,BOOT,"Boot Barn Holdings, Inc.",4689608093,4689608093,30284844,154.85,sized
1610718,ODRS,"Outdoor Specialty Products, Inc.",,,5284318,,unsized
1611046,MDLK,ModuLink Inc.,,,3969933920,,unsized
1611052,PCOR,"PROCORE TECHNOLOGIES, INC.",9682594137,9682594137,151955338,63.72,sized
1611115,OMDA,"Omada Health, Inc.",1450223694,1450223694,61216703,23.69,sized
1611547,UE,Urban Edge Properties,2700369127,2695567671,126019994,21.39,sized
1611647,FRPT,"Freshpet, Inc.",3403472800,3403472800,48058074,70.82,sized
1611747,SCNI,Scinai Immunotherapeutics Ltd.,1700728,34820977955,13872899584,2.51,disagree
1611983,LBRDK,Liberty Broadband Corp,,,,,unsized
1612720,NEXT,NextDecade Corp,1956462932,1956462932,266185433,7.35,sized
1613103,MDT,Medtronic plc,116772653949,116778522683,1280045190,91.23,sized
1613780,DBVT,DBV Technologies S.A.,850932294,4008672669,296061497,13.54,disagree
1614178,YEXT,"Yext, Inc.",692714481,692714481,100248116,6.91,sized
1616000,XHR,"Xenia Hotels & Resorts, Inc.",1795103949,1795103949,92245835,19.46,sized
1616156,WEWA,"WEWARDS, INC.",,,107483450,,unsized
1616533,PENG,"Penguin Solutions, Inc.",2537026027,2537026027,51242699,49.51,sized
1616707,W,Wayfair Inc.,14211806943,,,103.76,sized
1616736,GGBY,Alpha Investment Inc.,,,11224401,,unsized
1616862,AXTA,Axalta Coating Systems Ltd.,7923020288,,,37.02,sized
1617242,KRNY,Kearny Financial Corp.,637606531,637606531,64929382,9.82,sized
1617406,PK,Park Hotels & Resorts Inc.,3187185763,3187185763,201338330,15.83,sized
1617640,Z,"ZILLOW GROUP, INC.",8019040859,,,35.66,sized
1618673,PFGC,Performance Food Group Co,15840757490,15887206277,157533032,100.85,sized
1618732,NTNX,"Nutanix, Inc.",18695366402,18695366402,270320509,69.16,sized
1618755,QSP,Restaurant Brands International Limited Partnership,,,,,unsized
1618756,QSR,Restaurant Brands International Inc.,27293806166,24760089676,316382439,78.26,sized
1618835,EVFM,"Evofem Biosciences, Inc.",,,132530081,,unsized
1619096,SNTW,Summit Networks Inc.,,,68911657,,unsized
1619227,CLOW,"Cloudweb, Inc.",,,27819385,,unsized
1619312,LTSV,"Lightstone Value Plus REIT IV, Inc.",,,8100000,,unsized
1620393,NXRT,"NexPoint Residential Trust, Inc.",601698096,601698096,25549813,23.55,sized
1620533,SHAK,Shake Shack Inc.,2824125533,,,69.89,sized
1620749,PHCI,Panamera Holdings Corp,,,79886074,,unsized
1621221,ARTL,"ARTELO BIOSCIENCES, INC.",363009,3045151,4595068,0.6627,disagree-under
1621227,ADAPY,Adaptimmune Therapeutics PLC,,,1590309546,,unsized
1621434,BSM,"Black Stone Minerals, L.P.",3137480922,,,14.75,sized
1621672,SLE,"Super League Enterprise, Inc.",179700447,6543163,1695120,3.86,disagree-under
1621906,WSTRF,Western Uranium & Vanadium Corp.,,,71853888,,unsized
1622194,DEA,"Easterly Government Properties, Inc.",1165531426,1165531426,47321617,24.63,sized
1622229,COGT,"Cogent Biosciences, Inc.",6016111125,6016111125,173524982,34.67,sized
1622244,OWPC,"One World Products, Inc.",,,120108774,,unsized
1622536,TLN,Talen Energy Corp,14187651661,14187651661,47914259,296.105,sized
1622996,ACBM,"ACRO BIOMEDICAL CO., LTD.",,,60042000,,unsized
1623526,STOK,"Stoke Therapeutics, Inc.",2040319772,2040319772,64526242,31.62,sized
1623925,AM,Antero Midstream Corp,10580483460,10580483460,474674000,22.29,sized
1624322,BFST,"Business First Bancshares, Inc.",1015881848,1015881848,32549883,31.21,sized
1624517,FRQN,"Frequency Holdings, Inc",,,1899869698,,unsized
1624794,CSW,"CSW INDUSTRIALS, INC.",5189475609,5189475609,16293487,318.5,sized
1624985,SFCX,SUPA Consolidated Inc.,,,290835500,,unsized
1625101,PLSE,"PULSE BIOSCIENCES, INC.",3392816414,3392816414,71322607,47.57,sized
1625278,NRDS,"NERDWALLET, INC.",632839422,,,9.9,sized
1625297,INDV,"Indivior Pharmaceuticals, Inc.",4115135940,4115135940,118013649,34.87,sized
1626115,PJT,PJT Partners Inc.,4673248730,4533538894,24800541,182.8,sized
1626644,ODYY,"Odyssey Health, Inc.",,,100968663,,unsized
1626745,FVTI,"Fortune Valley Treasures, Inc.",,,15655038,,unsized
1626971,CRVS,"Corvus Pharmaceuticals, Inc.",1191152567,1191152567,84120944,14.16,sized
1627223,CC,Chemours Co,2350794301,2350794301,150498995,15.62,sized
1627475,UPWK,"UPWORK, INC",1126628352,1126628352,124903365,9.02,sized
1628171,RVMD,"Revolution Medicines, Inc.",44556254573,44556254573,214336418,207.88,sized
1628369,CWK,Cushman & Wakefield Ltd.,3314157556,3314157556,234713708,14.12,sized
1628908,EVH,"Evolent Health, Inc.",520072940,520072940,113059335,4.6,sized
1629019,MBIN,Merchants Bancorp,2453552585,2453552585,45938075,53.41,sized
1630113,BTCY,BIOTRICITY INC.,,,19914003,,unsized
1630176,HYEX,HEALTHY EXTRACTS INC.,,,14741348,,unsized
1630212,CHGA,Change Agents Corporation.,142220,2844414,19946803,0.1426,disagree-under
1630472,TRTX,"TPG RE Finance Trust, Inc.",593424439,,,7.73,sized
1630805,BW,"Babcock & Wilcox Enterprises, Inc.",1066589872,1066589872,148965066,7.16,sized
1631463,BRLL,Barrel Energy Inc.,,,752144622,,unsized
1631574,WVE,"Wave Life Sciences, Inc.",993122802,993122802,197048175,5.04,sized
1632121,BLNC,"Balance Labs, Inc.",,,46852319,,unsized
1632790,ENR,"ENERGIZER HOLDINGS, INC.",1525130595,1525130595,68483637,22.27,sized
1632970,AHR,"American Healthcare REIT, Inc.",12105471975,12105471975,217998775,55.53,sized
1633917,PYPL,"PayPal Holdings, Inc.",45904030498,,,53.66,sized
1633978,LITE,Lumentum Holdings Inc.,80281500000,80281500000,89700000,895.0,sized
1635088,ROIV,Roivant Sciences Ltd.,25071831850,25071831850,722323015,34.71,sized
1635282,RMNI,"Rimini Street, Inc.",527461400,527461400,93356000,5.65,sized
1635327,FLUT,Flutter Entertainment plc,17662809801,17662809801,173539102,101.78,sized
1636051,FUST,FUSE GROUP HOLDING INC.,,,17225716,,unsized
1636222,WING,Wingstop Inc.,3094208374,3094208374,27242546,113.58,sized
1636282,SYRE,"Spyre Therapeutics, Inc.",7967381134,7967381134,88173762,90.36,sized
1636519,MSGS,Madison Square Garden Sports Corp.,9375284228,,,389.34,sized
1636651,OVID,Ovid Therapeutics Inc.,546833999,546833999,195297857,2.8,sized
1637147,ZSPC,"zSpace, Inc.",,,37067903,,unsized
1637207,PLNT,"Planet Fitness, Inc.",4028179849,,,53.33,sized
1637459,KHC,Kraft Heinz Co,30475670580,30475670580,1185823758,25.7,sized
1637873,ACVA,ACV Auctions Inc.,1215825136,1215825136,169807980,7.16,sized
1638097,ENTX,Entera Bio Ltd.,524619747,524619747,173141831,3.03,sized
1638290,MCFT,"MasterCraft Boat Holdings, Inc.",578670030,388926572,16279890,23.89,disagree
1638826,TTAN,"ServiceTitan, Inc.",9527356214,,,99.87,sized
1638833,SGRY,"Surgery Partners, Inc.",1792270979,1792270979,130918260,13.69,sized
1639068,HBUV,Hubilu Venture Corp,,,26237125,,unsized
1639300,OLLI,"Ollie's Bargain Outlet Holdings, Inc.",4378027406,4378027406,60453292,72.42,sized
1639438,CAVA,"CAVA GROUP, INC.",7819006894,7819006894,116806198,66.94,sized
1639691,LIVN,LivaNova PLC,4425110482,4425110482,55093507,80.32,sized
1639723,NAVN,"Navan, Inc.",7248440967,,,28.5,sized
1639825,PTON,"PELOTON INTERACTIVE, INC.",2391851315,,,5.45,sized
1640147,SNOW,Snowflake Inc.,113684800000,113684800000,346600000,328.0,sized
1640428,EVER,"EverQuote, Inc.",904252010,,,25.66,sized
1642122,ACGP,"Associated Capital Group, Inc.",,,,,unsized
1642159,SIGY,"Sigyn Therapeutics, Inc.",,,1605377,,unsized
1642896,IOT,Samsara Inc.,23984346975,,,41.16,sized
1643154,ITHUF,"iANTHUS CAPITAL HOLDINGS, INC.",,,6974811082,,unsized
1643615,ONT,"Onterris, Inc.",598400904,598400904,35117424,17.04,sized
1643721,BOTX,DATZ WORLD HOLDINGS CORP.,,,100071075,,unsized
1643953,PRPL,"Purple Innovation, Inc.",18631306,68436215,15989770,4.28,disagree-under
1644963,ATXI,"AVENUE THERAPEUTICS, INC.",,,3294967,,unsized
1645113,NVCR,NovoCure Ltd,2075064868,2075064868,116445840,17.82,sized
1645155,WBSR,Webstar Technology Group Inc.,,,405558604,,unsized
1645469,MNPR,Monopar Therapeutics,751024925,751024925,6712172,111.89,sized
1645590,HPE,Hewlett Packard Enterprise Co,69269086183,69269086183,1324203521,52.31,sized
1646188,ONDS,Ondas Inc.,4507363493,4507363493,570552341,7.9,sized
1646972,ACI,"Albertsons Companies, Inc.",6081130807,6081130807,485325683,12.53,sized
1647088,WSC,WillScot Holdings Corp,3786891022,3786891022,181190958,20.9,sized
1647639,UPST,"Upstart Holdings, Inc.",2829863377,2829863377,97313046,29.08,sized
1647822,SVMB,"Jingbo Technology, Inc.",,,555315412,,unsized
1648087,AREB,AMERICAN REBEL HOLDINGS INC,,,28489850,,unsized
1648636,TRLEF,Trillion Energy International Inc.,,,41624457,,unsized
1649094,PCVX,"Vaxcyte, Inc.",8903763809,8903763809,148805278,59.835,sized
1649749,FBK,FB Financial Corp,2891235283,2891235283,49978138,57.85,sized
1649904,RYTM,"RHYTHM PHARMACEUTICALS, INC.",7378877627,7378877627,68852082,107.17,sized
1650132,FCPT,"Four Corners Property Trust, Inc.",2769154123,2769154123,109756406,25.23,sized
1650164,TOST,"Toast, Inc.",20316700000,,,35.15,sized
1650372,TEAM,Atlassian Corp,48201427458,,,190.415,sized
1650575,BRQSF,"Borqs Technologies, Inc.",,,45470079,,unsized
1650648,FDMT,"4D Molecular Therapeutics, Inc.",810432575,730245123,49778127,14.67,sized
1650729,SITE,"SiteOne Landscape Supply, Inc.",4207943042,,,96.39,sized
1651308,ONC,BeOne Medicines Ltd.,41485290103,542072563045,1478124405,366.73,disagree
1651562,COUR,"Coursera, Inc.",1710668000,1710668000,264400000,6.47,sized
1651721,GIPR,"GENERATION INCOME PROPERTIES, INC.",1313387,804641,1861303,0.4323,disagree-under
1651932,XITO,"Xenous Holdings, Inc.",,,760250000,,unsized
1652044,GOOG,Alphabet Inc.,4193400054853,,,342.88,sized
1652130,NTLA,"Intellia Therapeutics, Inc.",1803430538,1803430538,140126693,12.87,sized
1652535,ICHR,"ICHOR HOLDINGS, LTD.",2076649726,2076649726,37454229,55.445,sized
1652539,SNRG,SusGlobal Energy Corp.,,,142332019,,unsized
1652561,DQWS,DSwiss Inc,,,206904585,,unsized
1652958,EDGM,"Edgemode, Inc.",,,4791424217,,unsized
1653477,NGVT,Ingevity Corp,2386859124,2386859124,34377922,69.43,sized
1653482,GTLB,Gitlab Inc.,7578543000,,,44.87,sized
1653653,RRR,"Red Rock Resorts, Inc.",3368658033,,,56.97,sized
1655050,BCSF,"Bain Capital Specialty Finance, Inc.",773881288,773881288,64868507,11.93,sized
1655210,BYND,"BEYOND MEAT, INC.",238308354,7149251035,515818978,13.86,disagree
1655759,ARVN,"ARVINAS, INC.",600245233,600245233,65386191,9.18,sized
1655888,OBDC,Blue Owl Capital Corp,5572511029,5572511029,493142569,11.3,sized
1656472,CRON,Cronos Group Inc.,1245235480,1245235480,368412864,3.38,sized
1657214,ILAL,International Land Alliance Inc.,,,4821818,,unsized
1657573,XMTR,"Xometry, Inc.",5394721455,4340687855,46123556,94.11,sized
1657788,KRP,"Kimbell Royalty Partners, LP",1504359121,400176378,26839462,14.91,disagree
1657853,HTZ,"HERTZ GLOBAL HOLDINGS, INC",762805981,675736079,315764523,2.14,sized
1658247,CRNX,"Crinetics Pharmaceuticals, Inc.",9001117192,8998574028,106065229,84.84,sized
1658551,AMLX,"Amylyx Pharmaceuticals, Inc.",3870836687,3870836687,111423048,34.74,sized
1658566,PR,Permian Resources Corp,19012544558,19012544558,837557029,22.7,sized
1659166,FTV,Fortive Corp,18027397833,,,59.69,sized
1660134,OKTA,"Okta, Inc.",29060482861,,,166.23,sized
1660280,TENB,"Tenable Holdings, Inc.",4148973159,4148973159,110139983,37.67,sized
1660734,TRTN-PA,Triton International Ltd,,,101158891,,unsized
1661600,SATT,SATIVUS TECH CORP.,,,4215571,,unsized
1662972,BSTT,"Blackstone Real Estate Income Trust, Inc.",,,20000,,unsized
1662991,SEZL,Sezzle Inc.,4179742737,4179742737,33675014,124.12,sized
1664703,BE,Bloom Energy Corp,62077528716,,,210.77,sized
1665918,USFD,US Foods Holding Corp.,23205796656,23205796656,216330723,107.27,sized
1665988,BVS,Bioventus Inc.,945343179,,,13.84,sized
1666134,BL,"BLACKLINE, INC.",1916971404,1916971404,58125270,32.98,sized
1666138,ATKR,Atkore Inc.,3161110680,3161110680,33772550,93.6,sized
1666244,CFTR-PA,"Cantor Fitzgerald Income Trust, Inc.",,,8180,,unsized
1666700,DD,"DuPont de Nemours, Inc.",18498186715,18498186715,135042975,136.98,sized
1667011,AIP,"Arteris, Inc.",1081837765,1081837765,49152102,22.01,sized
1667313,ZDGE,"Zedge, Inc.",37506970,1506104,524775,2.87,disagree-under
1668010,DBGI,"Digital Brands Group, Inc.",3867320,6282515,933509,6.73,disagree-under
1668243,URGN,UroGen Pharma Ltd.,2132170201,2132170201,48880564,43.62,sized
1668340,BCTF,"Bancorp 34, Inc.",,,6665415,,unsized
1668397,MEDP,"Medpace Holdings, Inc.",16765135575,16765135575,27911655,600.65,sized
1669162,KNSL,"Kinsale Capital Group, Inc.",8669696339,8669696339,22778425,380.61,sized
1669811,DFIN,"Donnelley Financial Solutions, Inc.",1187965706,1187965706,24585383,48.32,sized
1670076,ULCC,"Frontier Group Holdings, Inc.",1344460102,,,5.84,sized
1670541,ADNT,Adient plc,1469467523,1469467523,77096932,19.06,sized
1670592,YETI,"YETI Holdings, Inc.",3034144249,3034144249,72988796,41.57,sized
1671502,QNRX,"Quoin Pharmaceuticals, Ltd.",12291518,430203043,70294615,6.12,disagree-under
1671858,SPRY,"ARS Pharmaceuticals, Inc.",585744850,585744850,99447343,5.89,sized
1671927,IMCR,Immunocore Holdings plc,1885879354,1885879354,51498617,36.62,sized
1671933,TTD,"Trade Desk, Inc.",6376274232,,,13.57,sized
1672013,GOLF,Acushnet Holdings Corp.,5075982374,5075982374,58405044,86.91,sized
1672571,AAQL,Antiaging Quantum Living Inc.,,,34275340,,unsized
1672619,ELVN,"Enliven Therapeutics, Inc.",4239446231,4239446231,73270761,57.86,sized
1672688,ABSI,Absci Corp,1494758027,1494758027,171614010,8.71,sized
1673358,YUMC,"Yum China Holdings, Inc.",15346666335,15417465282,342458136,45.02,sized
1673481,SEGG,Sports Entertainment Gaming Global Corp,9224348,64570428,22816406,2.83,disagree-under
1673743,HNGE,"Hinge Health, Inc.",7048657324,,,87.35,sized
1674101,VRT,Vertiv Holdings Co,98972759514,98972759514,384988173,257.08,sized
1674168,HGV,Hilton Grand Vacations Inc.,3405094792,3405094792,77724145,43.81,sized
1674227,WORX,SCWorx Corp.,,,89789,,unsized
1674416,CRSP,CRISPR Therapeutics AG,5581099931,5581099931,96692653,57.72,sized
1674440,YYAI,AIRWA INC.,47336,37827050,42095538,0.8986,disagree-under
1674632,BBNX,"Beta Bionics, Inc.",887196647,887196647,44989688,19.72,sized
1674862,ASH,ASHLAND INC.,3405652926,3405652926,45793370,74.37,sized
1674910,VVV,VALVOLINE INC,4097236000,4096799881,127586418,32.11,sized
1674930,FLGT,"Fulgent Genetics, Inc.",539574895,539574895,27515293,19.61,sized
1675149,AA,Alcoa Corp,13279923272,13279923272,263909445,50.32,sized
1676163,SSII,"SS Innovations International, Inc.",697341313,697341313,200385435,3.48,sized
1676238,BRZE,"Braze, Inc.",3889171530,3889171530,112631669,34.53,sized
1676725,IDYA,"IDEAYA Biosciences, Inc.",3870193203,3870193203,96489484,40.11,sized
1677576,IIPR,INNOVATIVE INDUSTRIAL PROPERTIES INC,1552542662,1552542662,27571349,56.31,sized
1677897,UPYY,UPAY,,,17665211,,unsized
1678105,CAHO,Caro Holdings Inc.,,,60652429,,unsized
1679049,INSW,"International Seaways, Inc.",4894188839,4894188839,49531311,98.81,sized
1679273,LW,"Lamb Weston Holdings, Inc.",7558824026,7558705984,137481011,54.98,sized
1679628,JUNS,"JUPITER NEUROSCIENCES, INC.",5511417,3218938,770081,4.18,disagree-under
1679688,DBRG,"DigitalBridge Group, Inc.",2986799826,2986799826,187495281,15.93,sized
1679788,COIN,"Coinbase Global, Inc.",47131827924,,,178.64,sized
1679817,OZSC,"OZOP ENERGY SOLUTIONS, INC.",,,11793584,,unsized
1680048,MBIO,"MUSTANG BIO, INC.",4073667,13427252,24976289,0.5376,disagree-under
1680062,ACMR,"ACM Research, Inc.",5183293166,1055029269,14176690,74.42,disagree
1680132,CSUI,CANNABIS SUISSE CORP.,,,70680938,,unsized
1680139,HLYK,HealthLynked Corp,,,2953225,,unsized
1680247,PUMP,ProPetro Holding Corp.,1348606608,1348606608,122823917,10.98,sized
1680367,STTK,"Shattuck Labs, Inc.",706557301,706557301,100363253,7.04,sized
1681087,TECX,"Tectonic Therapeutic, Inc.",696348416,696348416,19549366,35.62,sized
1681459,FTI,TechnipFMC plc,29741747185,29741747185,392164388,75.84,sized
1681556,GXXM,"GEX MANAGEMENT, INC.",,,2405609162,,unsized
1681622,VREX,Varex Imaging Corp,779742736,778850000,42100000,18.5,sized
1682265,ONAR,Onar Holding Corp,,,284360555,,unsized
1682745,VRRM,VERRA MOBILITY Corp,667204509,667204509,151982804,4.39,sized
1682852,MRNA,"Moderna, Inc.",55090560323,55090560323,399235889,137.99,sized
1683606,CARS,Cars.com Inc.,639180605,639180605,53532714,11.94,sized
1684144,ZOMDF,Zomedica Corp.,,,979949668,,unsized
1685040,BHF,"Brighthouse Financial, Inc.",3050413301,3050413301,57511563,53.04,sized
1687187,METC,"Ramaco Resources, Inc.",843063578,590707330,44414085,13.3,disagree
1687229,INVH,Invitation Homes Inc.,17369786793,17269823128,590623226,29.24,sized
1687542,FRGT,"Freight Technologies, Inc.",829581,2407909,1660627,1.45,disagree-under
1688126,CRCW,Crypto Co,,,5829932017,,unsized
1688568,DXC,DXC Technology Co,1791119103,1791119103,159778689,11.21,sized
1688757,ESTA,ESTABLISHMENT LABS HOLDINGS INC.,2105205580,2105205580,29801891,70.64,sized
1689548,PRAX,"Praxis Precision Medicines, Inc.",9625415863,9625415863,27919988,344.75,sized
1689796,JBGS,JBG SMITH Properties,707594105,714910079,59181298,12.08,sized
1690012,ICRL,"InPoint Commercial Real Estate Income, Inc.",,,7197665,,unsized
1690585,DNTH,"Dianthus Therapeutics, Inc. /DE/",5920094567,5920094567,55934378,105.84,sized
1690680,NMRK,"NEWMARK GROUP, INC.",2868849165,,,15.83,sized
1690820,CVNA,CARVANA CO.,53302611366,,,74.04,sized
1691082,LBRX,LB PHARMACEUTICALS INC,1539730422,1539730422,32259175,47.73,sized
1691303,HCC,"WARRIOR MET COAL, INC.",5653519455,5653519455,52802087,107.07,sized
1691421,LMND,"Lemonade, Inc.",4098924730,4098924730,77396615,52.96,sized
1692063,SNDR,"Schneider National, Inc.",6037362961,,,34.44,sized
1692115,SWX,"Southwest Gas Holdings, Inc.",6454925502,6454925502,72445853,89.1,sized
1692345,PRXA,"PROCACCIANTI HOTEL REIT, INC.",,,,,unsized
1692376,VEL,"Velocity Financial, Inc.",711061040,711061040,39481457,18.01,sized
1692787,KNTK,Kinetik Holdings Inc.,4328598172,,,53.81,sized
1692819,VST,Vistra Corp.,46012228882,46012228882,335635195,137.09,sized
1693256,WTTR,"Select Water Solutions, Inc.",2486018957,,,19.28,sized
1693736,EQPT,EquipmentShare.com Inc,4487288304,,,17.71,sized
1694028,LBRT,Liberty Energy Inc.,3103900732,,,19.02,sized
1694426,DK,"Delek US Holdings, Inc.",4424024571,4424024571,61232174,72.25,sized
1694617,ROYL,"Royale Energy, Inc.",,,96600302,,unsized
1695473,GCAN,"TRAFALGAR INTERNATIONAL, INC.",,,994379,,unsized
1696556,OFRM,"Once Upon a Farm, PBC",720559605,720559605,41990653,17.16,sized
1697500,SEI,"Solaris Energy Infrastructure, Inc.",3284335530,,,49.89,sized
1698022,FMFG,"Farmers & Merchants Bancshares, Inc.",,,3262958,,unsized
1698514,NESR,National Energy Services Reunited Corp.,3473334407,3473334407,100851754,34.44,sized
1698990,MGY,Magnolia Oil & Gas Corp,6220425540,6220425540,236968592,26.25,sized
1698991,ACEL,"Accel Entertainment, Inc.",963766548,963766548,81193475,11.87,sized
1699031,GRAL,"GRAIL, Inc.",3573298720,3573298720,44666234,80.0,sized
1699136,WHD,"Cactus, Inc.",4856915151,,,69.65,sized
1699150,IR,Ingersoll Rand Inc.,30488995130,30488995130,387999429,78.58,sized
1701605,BKR,Baker Hughes Co,61952788771,61952788771,992674071,62.41,sized
1702744,SMPL,Simply Good Foods Co,966873756,966873756,88460545,10.93,sized
1702750,BY,"BYLINE BANCORP, INC.",1730639885,1730639885,45186420,38.3,sized
1702780,OPTU,"Optimum Communications, Inc.",389060191,278016857,272565547,1.02,disagree-under
1703056,ADT,ADT Inc.,5508416729,5736314783,760784454,7.54,sized
1703057,ABCL,AbCellera Biologics Inc.,3677937570,3480040139,306611466,11.35,sized
1703073,VIVC,VIVIC CORP.,,,27678419,,unsized
1703157,SCTH,"Securetech Innovations, Inc.",,,17129717,,unsized
1704287,BJDX,"Bluejay Diagnostics, Inc.",931243,4021245,4468051,0.9,disagree-under
1704292,ZLAB,Zai Lab Ltd,2927903226,2310488305,88592343,26.08,sized
1704715,AMR,"Alpha Metallurgical Resources, Inc.",2868380350,2868380350,12679045,226.23,sized
1704720,CNNE,"Cannae Holdings, Inc.",678372910,678372910,43374227,15.64,sized
1705696,VICI,VICI PROPERTIES INC.,28484876528,28484876528,1101077562,25.87,sized
1705843,CBUS,"Cibus, Inc.",126107790,8206583,4973687,1.65,disagree-under
1706431,VIR,"Vir Biotechnology, Inc.",1832608825,1832608825,169215958,10.83,sized
1706509,COSG,Cosmos Group Holdings Inc.,,,4585963082,,unsized
1706524,FLZH,"Flash Sports & Media Holdings, Inc.",,,56716262,,unsized
1707502,SLDB,Solid Biosciences Inc.,1047590575,1047590575,107225238,9.77,sized
1707753,ESTC,Elastic N.V.,10502597447,10489678784,104991280,99.91,sized
1707925,LIN,LINDE PLC,225654399590,225654399590,460980163,489.51,sized
1708035,ECVT,Ecovyst Inc.,1106725503,1106725503,109468398,10.11,sized
1709442,FSUN,FIRSTSUN CAPITAL BANCORP,1761091165,1118887953,27923333,40.07,disagree
1709542,XESP,"Electronic Servitor Publication Network, Inc.",,,53528001,,unsized
1709682,CTOS,"Custom Truck One Source, Inc.",2093050921,2093050921,227505535,9.2,sized
1710072,EWTX,"Edgewise Therapeutics, Inc.",4643912556,4643912556,108604129,42.76,sized
1710155,EYE,"National Vision Holdings, Inc.",1374224659,1374224659,79069313,17.38,sized
1710340,ETON,"Eton Pharmaceuticals, Inc.",1708699810,1708699810,28583135,59.78,sized
1710350,BTBT,"Bit Digital, Inc",515705909,515705909,360633503,1.43,sized
1710366,CNR,"Core Natural Resources, Inc.",5011276506,5011276506,49636257,100.96,sized
1710495,PNXP,PINEAPPLE EXPRESS CANNABIS Co,,,42597604,,unsized
1711012,AIHS,Senmiao Technology Ltd,,,14557489,,unsized
1711141,LEEEF,Leef Brands Inc.,,,305556473,,unsized
1711269,EVRG,"Evergy, Inc.",18595242421,18590875466,230513025,80.65,sized
1711279,KRYS,"Krystal Biotech, Inc.",10402806900,10402806900,29598836,351.46,sized
1711929,SWDS,"Starwood Real Estate Income Trust, Inc.",,,10000,,unsized
1712184,LILA,Liberty Latin America Ltd.,1676904000,,,8.56,sized
1712189,TH,Target Hospitality Corp.,1848014496,1848014496,99623423,18.55,sized
1712762,BIAF,"bioAffinity Technologies, Inc.",2884632,39455400,8101725,4.87,disagree-under
1713445,RDDT,"Reddit, Inc.",29436666030,,,153.0,sized
1713539,KXIN,Kaixin Holdings,2364879,7849501,5489162,1.43,disagree-under
1713683,ZS,"Zscaler, Inc.",29791745790,29791745790,161709525,184.23,sized
1713863,RFL,"Rafael Holdings, Inc.",133119989,256,100,2.56,disagree-under
1714174,BUR,Burford Capital Ltd,957388433,957388433,219584503,4.36,sized
1714562,GAME,"GameSquare Holdings, Inc.",38928576,311428608,103809536,3.0,disagree-under
1714899,DNLI,Denali Therapeutics Inc.,3836337672,3836337672,159847403,24.0,sized
1715433,LCHD,Leader Capital Holdings Corp.,,,206470825,,unsized
1715819,EMED,"Electromedical Technologies, Inc",,,855039093,,unsized
1716621,VTAK,"Catheter Precision, Inc.",724420,2888463,14391944,0.2007,disagree-under
1717115,TEM,"Tempus AI, Inc.",11555041774,,,64.04,sized
1717307,ILPT,Industrial Logistics Properties Trust,556660647,556660647,66745881,8.34,sized
1717547,BRSP,"BrightSpire Capital, Inc.",600989855,600989855,126524180,4.75,sized
1718227,ROAD,"Construction Partners, Inc.",6248786605,,,110.1,sized
1718405,HYMC,HYCROFT MINING HOLDING CORP,2220053549,2220053549,93181681,23.825,sized
1718512,GTES,Gates Industrial Corp Ltd.,6549020767,6549020767,253151170,25.87,sized
1719714,MREO,Mereo BioPharma Group plc,40321970,201609853,798454864,0.2525,disagree-under
1720116,RDVT,"Red Violet, Inc.",1176243267,1176243267,16046975,73.3,sized
1720420,IBEX,IBEX Ltd,510393101,510393101,13389116,38.12,sized
1720424,HIVE,HIVE Digital Technologies Ltd.,761119612,761119612,274277338,2.775,sized
1720635,NVT,nVent Electric plc,24032666782,24032666782,161857939,148.48,sized
1722482,AVTR,"Avantor, Inc.",9861311887,,,14.58,sized
1722684,WH,"WYNDHAM HOTELS & RESORTS, INC.",5641529494,5641529494,74211122,76.02,sized
1722731,FDCT,"FDCTECH, INC.",,,122823068,,unsized
1723059,BIOE,Bio Essence Corp,,,53809000,,unsized
1723128,AMRX,"Amneal Pharmaceuticals, Inc.",6109112313,5601467739,319353919,17.54,sized
1723517,UCASU,UC Asset LP,,,5485025,,unsized
1724521,RCUS,"Arcus Biosciences, Inc.",3719407912,3719407912,127333376,29.21,sized
1724965,TALO,TALOS ENERGY INC.,2783314351,2783314351,166965468,16.67,sized
1725255,AHCO,AdaptHealth Corp.,772439042,789432894,136344196,5.79,sized
1725911,NBND,NetBrands Corp.,,,361392060,,unsized
1726173,BH,Biglari Holdings Inc.,1200452671,77981522,206864,376.97,disagree
1726711,ADTX,"Aditxt, Inc.",,,815921,,unsized
1726978,GSHD,"Goosehead Insurance, Inc.",1696187884,1506955814,21147289,71.26,sized
1727196,SRRK,Scholar Rock Holding Corp,7039189299,7039189299,121785282,57.8,sized
1727263,FTDR,"Frontdoor, Inc.",5710566963,5710566963,68893316,82.89,sized
1728328,INM,InMed Pharmaceuticals Inc.,7368421,4573406,3314063,1.38,disagree-under
1728951,EPRT,"ESSENTIAL PROPERTIES REALTY TRUST, INC.",6568211131,6568211131,216273004,30.37,sized
1729637,KARX,Karbon-X Corp.,,,89168144,,unsized
1730168,AVGO,Broadcom Inc.,1754548001220,1754548001220,4757580198,368.79,sized
1730430,KNSA,"Kiniksa Pharmaceuticals International, plc",6092114935,,,78.08,sized
1730463,AUTL,Autolus Therapeutics plc,622820343,622820343,266162540,2.34,sized
1730773,BSFC,Blue Star Foods Corp.,,,171880101,,unsized
1730869,EBZT,"Everything Blockchain, Inc.",,,30896653,,unsized
1731348,TLRY,"Tilray Brands, Inc.",631496390,625174427,136203579,4.59,sized
1733998,NWN,Northwest Natural Holding Co,2083630131,2083630131,42093538,49.5,sized
1734342,AMTB,Amerant Bancorp Inc.,1130235504,1130235504,39189858,28.84,sized
1734713,BV,"BrightView Holdings, Inc.",1038972000,1038972000,92600000,11.22,sized
1734722,PATH,"UiPath, Inc.",9403882827,,,18.15,sized
1735438,MGTX,MeiraGTx Holdings plc,1327314204,1327314204,96042996,13.82,sized
1735707,GTX,Garrett Motion Inc.,4971914417,,,26.66,sized
1736035,BXSL,Blackstone Secured Lending Fund,5766009059,5766009059,232970063,24.75,sized
1736297,ALAB,"Astera Labs, Inc.",50218733054,50218733054,173485104,289.47,sized
1736946,ARLO,"Arlo Technologies, Inc.",1387135488,1387135488,107613304,12.89,sized
1737193,LDSN,Aphoenity International Holdings Inc.,,,563466410,,unsized
1737287,ALLO,"Allogene Therapeutics, Inc.",697891579,697891579,345490881,2.02,sized
1737706,SDRL,SEADRILL Ltd,2976972686,2976972686,62541443,47.6,sized
1737924,NCDL,Nuveen Churchill Direct Lending Corp.,607954770,607954770,49387065,12.31,sized
1737953,REPL,"Replimune Group, Inc.",1460404327,1460404327,94219634,15.5,sized
1738177,CMBMF,Cambium Networks Corp,,,29032896,,unsized
1738758,CHR,"Cheer Holding, Inc.",3321815,18126021,10070012,1.8,disagree-under
1739104,ELAN,Elanco Animal Health Inc,12045882321,12045882321,499621830,24.11,sized
1739445,ACA,"Arcosa, Inc.",7134237211,7134237211,49106809,145.28,sized
1739566,UTZ,"Utz Brands, Inc.",1258307624,,,14.2,sized
1739940,CI,Cigna Group,73691386735,73691386735,264240486,278.88,sized
1740332,REZI,"RESIDEO TECHNOLOGIES, INC.",2980764030,2980764030,151847378,19.63,sized
1740604,BTGO,"BITGO HOLDINGS, INC.",806362966,,,6.86,sized
1741489,ELVG,"Elvictor Group, Inc.",,,834042,,unsized
1742927,RVPH,"REVIVA PHARMACEUTICALS HOLDINGS, INC.",,,13110377,,unsized
1743725,GDYN,"GRID DYNAMICS HOLDINGS, INC.",646581241,646581241,81126881,7.97,sized
1743759,CRSR,"Corsair Gaming, Inc.",1298123508,1298123508,108176959,12.0,sized
1743881,BBIO,"BridgeBio Pharma, Inc.",14974763570,14974340508,195487474,76.6,sized
1744489,DIS,Walt Disney Co,186654854106,186654854106,1726686902,108.1,sized
1744494,ADNH,"ADVENT TECHNOLOGIES HOLDINGS, INC.",,,3788634,,unsized
1745916,PFSI,"PennyMac Financial Services, Inc.",3812206353,3812206353,51951572,73.38,sized
1745999,BEAM,Beam Therapeutics Inc.,3028394337,3028394337,103287665,29.32,sized
1746109,BFC,Bank First Corp,1693991605,1693991605,11085607,152.81,sized
1746618,RVLV,"Revolve Group, Inc.",1628566972,,,22.91,sized
1747068,MCBS,"MetroCity Bankshares, Inc.",1011372387,1011372387,28781229,35.14,sized
1747172,KBDC,"Kayne Anderson BDC, Inc.",884906654,884906654,66037810,13.4,sized
1747777,OTF,Blue Owl Technology Finance Corp.,5214149726,5214149726,458185389,11.38,sized
1748137,NEOV,NeoVolta Inc.,196603244,142655745,42711301,3.34,disagree-under
1748790,AMCR,Amcor plc,21577673352,21577673352,462345690,46.67,sized
1748824,AAMI,Acadian Asset Management Inc.,3398534657,3398534657,35490128,95.76,sized
1750155,CWBHF,"Charlotte's Web Holdings, Inc.",,,271291529,,unsized
1750284,OLMA,"Olema Pharmaceuticals, Inc.",898600423,898600423,87497607,10.27,sized
1750777,HWKE,"Hawkeye Digital, Inc.",,,11035630,,unsized
1751008,APP,AppLovin Corp,106338549552,,,317.76,sized
1751788,DOW,DOW INC.,22038615092,21989821273,720741438,30.51,sized
1753391,QSJC,"TANCHENG GROUP CO., LTD.",,,4381550,,unsized
1753539,BKSY,BlackSky Technology Inc.,969918850,969918850,40924846,23.7,sized
1753673,SJ,Scienjoy Holding Corp,42462768,27037302,27037302,1.0,disagree-under
1754195,TRLV,Trulieve Cannabis Corp.,2276120853,,,11.82,sized
1754226,OBT,"Orange County Bancorp, Inc. /DE/",510843390,510843390,13407963,38.1,sized
1754301,FOX,Fox Corp,25781226028,61,1,61.32,disagree
1755058,AUC,ATIF Holdings Ltd,,,17317452,,unsized
1755101,ALDS,APPlife Digital Solutions Inc,,,2025025697,,unsized
1755672,CTVA,"Corteva, Inc.",55977744400,55977744400,667196000,83.9,sized
1755953,ABTC,American Bitcoin Corp.,559983592,636750502,82802406,7.69,sized
1756180,NCRA,"NOCERA, INC.",2949016,4490919,2376148,1.89,disagree-under
1756262,TMDX,"TransMedics Group, Inc.",3066323072,3066323072,34675145,88.43,sized
1756390,AAWH,"Ascend Wellness Holdings, Inc.",,,203212781,,unsized
1756655,ARDT,"Ardent Health, Inc.",1545863140,1545863140,141045907,10.96,sized
1757073,NVST,Envista Holdings Corp,4357558445,4357558445,160617709,27.13,sized
1757499,SHPH,"Shuttle Pharmaceuticals Holdings, Inc.",2071356,20713566,5851290,3.54,disagree-under
1757898,STE,STERIS plc,22793575715,22793575715,97500110,233.78,sized
1758009,QUBT,Quantum Computing Inc.,1844726917,1844726917,226346861,8.15,sized
1758021,KRT,Karat Packaging Inc.,978846818,978846818,19931721,49.11,sized
1758488,OSW,ONESPAWORLD HOLDINGS Ltd,2563857465,2563857465,101498712,25.26,sized
1758699,TRSO,TRANSUITE.ORG INC.,,,77349992,,unsized
1758730,TW,Tradeweb Markets Inc.,22968455664,,,108.87,sized
1759138,CABA,"Cabaletta Bio, Inc.",528981788,528981788,169545445,3.12,sized
1759425,MIRM,"Mirum Pharmaceuticals, Inc.",5943230383,6328292504,64932203,97.46,sized
1759509,LYFT,"Lyft, Inc.",6700162407,6700162407,378540249,17.7,sized
1759546,NRDE,Stark Novus Financial Inc.,,,16289293,,unsized
1759631,HYLN,Hyliion Holdings Corp.,626876235,626876235,178597218,3.51,sized
1759655,PRVA,"Privia Health Group, Inc.",2655594163,2655594163,127734207,20.79,sized
1759774,PSTL,"Postal Realty Trust, Inc.",719015711,719015711,30248873,23.77,sized
1760026,RMTG,Regenerative Medical Technology Group Inc.,,,13738968,,unsized
1760965,KTB,"Kontoor Brands, Inc.",4207782203,4207782203,54653620,76.99,sized
1761312,PLMR,"Palomar Holdings, Inc.",3464196613,3464196613,26317683,131.63,sized
1761612,BCYC,BICYCLE THERAPEUTICS PLC,293970058,126182641,30043486,4.2,disagree-under
1761918,ERAS,"Erasca, Inc.",6306209491,6306209491,349762035,18.03,sized
1762239,KAVL,"Kaival Brands Innovations Group, Inc.",,,19535402,,unsized
1763329,AIBT,"AIBOTICS, INC.",,,850165334,,unsized
1763660,APGH,AleeanPeace Group Holdings Ltd,,,92562343,,unsized
1763925,CJAX,CoJax Oil & Gas Corp,,,14168755,,unsized
1764013,IMVT,"Immunovant, Inc.",8509970498,8509970498,206552682,41.2,sized
1764046,CLVT,CLARIVATE PLC,1292121286,,,2.02,sized
1765651,PSPX,Pacific Sports Exchange Inc.,,,14375000,,unsized
1766400,PNTG,"Pennant Group, Inc.",1295170063,1295170063,34929074,37.08,sized
1766502,CHWY,"Chewy, Inc.",9523207054,,,23.26,sized
1767042,KGS,"Kodiak Gas Services, Inc.",5830669467,5830669467,101104031,57.67,sized
1767258,XPEL,"XPEL, Inc.",1371920420,1371920420,27570748,49.76,sized
1768446,CLYM,"Climb Bio, Inc.",836846235,836846235,57436255,14.57,sized
1769628,CRWV,"CoreWeave, Inc.",46455927986,,,84.23,sized
1770069,MPLT,"MapLight Therapeutics, Inc.",584360683,534697707,42436326,12.6,sized
1770121,SANA,"Sana Biotechnology, Inc.",1176487303,1176487303,299360637,3.93,sized
1770561,CODQL,Coronado Global Resources Inc.,,,167645373,,unsized
1770787,TXG,"10x Genomics, Inc.",8018118478,,,61.54,sized
1771515,GO,Grocery Outlet Holding Corp.,1205858267,1205858267,99084492,12.17,sized
1771706,VREOF,Vireo Growth Inc.,,,,,unsized
1771995,APHP,American Picture House Corp,,,114691925,,unsized
1772016,BRBR,"BELLRING BRANDS, INC.",1243013893,1243013893,116278194,10.69,sized
1772177,KRUS,"KURA SUSHI USA, INC.",576631216,,,47.46,sized
1773383,DT,"Dynatrace, Inc.",15510744209,15510744209,289002128,53.67,sized
1773751,HIMS,"Hims & Hers Health, Inc.",6728758830,,,28.84,sized
1776111,MBX,"MBX Biosciences, Inc.",3034086048,3034086048,48160096,63.0,sized
1777835,PWP,Perella Weinberg Partners,1257198945,,,16.98,sized
1777921,AVPT,"AvePoint, Inc.",2961915964,2961915964,211565426,14.0,sized
1778129,TSNDF,TerrAscend Corp.,,,309175647,,unsized
1778922,SGP,"SpyGlass Pharma, Inc.",883695605,883695605,33447979,26.42,sized
1779128,SRTA,"Strata Critical Medical, Inc.",528146831,528146831,88466806,5.97,sized
1779474,MAPS,"WM TECHNOLOGY, INC.",,,,,unsized
1780312,ASTS,"AST SpaceMobile, Inc.",17402769155,,,58.05,sized
1781335,OTIS,Otis Worldwide Corp,27309218379,27309218379,380669339,71.74,sized
1781629,ANKM,"Ankam, Inc.",,,4558063,,unsized
1781726,ACAT,NP Life Sciences Health Industry Group Inc.,,,42959574,,unsized
1781730,TCBX,"Third Coast Bancshares, Inc.",751638796,751638796,16654970,45.13,sized
1781755,BWIN,"Baldwin Insurance Group, Inc.",2971007388,1042756871,33988164,30.68,disagree
1782170,RELY,"Remitly Global, Inc.",5620211633,5620211633,211684054,26.55,sized
1782524,MSDL,Morgan Stanley Direct Lending Fund,1276715751,1276715751,84105122,15.18,sized
1783180,CARR,CARRIER GLOBAL Corp,48462070101,48829823068,830580423,58.79,sized
1783183,PHAT,"Phathom Pharmaceuticals, Inc.",742670574,742670574,80900934,9.18,sized
1783328,TCRX,"TScan Therapeutics, Inc.",51071668,18066625,23976942,0.7535,disagree-under
1783398,UWMC,UWM Holdings Corp,2390151907,153625265,103104205,1.49,disagree
1783879,HOOD,"Robinhood Markets, Inc.",93738317782,,,104.26,sized
1784535,PRCH,"Porch Group, Inc.",1975245146,2293877565,131832044,17.4,sized
1784570,BETA,"BETA Technologies, Inc.",4716251769,,,20.16,sized
1784970,NXTT,Next Technology Holding Inc.,8867231,886723075,147296192,6.02,disagree
1785424,KPLT,"Katapult Holdings, Inc.",482725209,28292984,4972405,5.69,disagree-under
1785494,WBQNL,Woodbridge Liquidation Trust,,,,,unsized
1786108,TRIN,Trinity Capital Inc.,1757512733,1757512733,94693574,18.56,sized
1786318,IBATF,INTERNATIONAL BATTERY METALS LTD.,,,379001682,,unsized
1786352,BILL,"BILL Holdings, Inc.",5010711335,4290274902,85276782,50.31,sized
1786431,REYN,Reynolds Consumer Products Inc.,5069523117,,,24.05,sized
1786471,SEV,Aptera Motors Corp,94465481,66545067,28560115,2.33,disagree-under
1786842,VNT,Vontier Corp,4429152000,4429152000,135200000,32.76,sized
1787306,ARQT,"Arcutis Biotherapeutics, Inc.",2988954832,2988954832,125691961,23.78,sized
1787518,DFNS,T3 Defense Inc.,12317934,20281795,1663806,12.19,disagree-under
1787740,VBIO,"Valion Bio, Inc.",107309,2682739,22189739,0.1209,disagree-under
1788060,VOYG,"Voyager Technologies, Inc./TX",2092686467,,,34.29,sized
1788451,LIFE,Ethos Technologies Inc.,2463665302,,,38.64,sized
1788841,MCOM,micromobility.com Inc.,,,92214637,,unsized
1788882,ROOT,"Root, Inc.",874284210,,,56.43,sized
1789029,AEVA,"Aeva Technologies, Inc.",1089500997,1089500997,69705758,15.63,sized
1789832,HESM,Hess Midstream LP,5077560852,5077560852,128350881,39.56,sized
1789940,FWRG,"First Watch Restaurant Group, Inc.",772022561,772022561,61712435,12.51,sized
1789972,CGEM,"Cullinan Therapeutics, Inc.",1396496859,1396496859,64354694,21.7,sized
1790340,IMRX,Immuneering Corp,322840035,129430939,25938064,4.99,disagree-under
1792044,VTRS,Viatris Inc,18767974717,18767974717,1148590864,16.34,sized
1792580,OVV,Ovintiv Inc.,17865594000,17794776232,275503580,64.59,sized
1792789,DASH,"DoorDash, Inc.",102578953605,,,236.74,sized
1792849,HPK,"HighPeak Energy, Inc.",1024267712,1024267712,126452804,8.1,sized
1792941,GNVR,Genvor Inc,,,36410120,,unsized
1793229,CTEV,Claritev Corp,667560567,667560567,16947463,39.39,sized
1793659,RSI,"Rush Street Interactive, Inc.",3053691824,,,26.41,sized
1794515,GTM,ZoomInfo Technologies Inc.,1222662193,1222662193,291110046,4.2,sized
1794669,FOUR,"Shift4 Payments, Inc.",3471086875,3471086875,78960120,43.96,sized
1794942,SKFG,"Stark Focus Group, Inc.",,,18348330,,unsized
1795139,GTBIF,Green Thumb Industries Inc.,,,,,unsized
1795250,SPHR,Sphere Entertainment Co.,5088239839,,,141.68,sized
1795586,CHYM,"Chime Financial, Inc.",12569025685,,,33.2,sized
1795815,BCAL,California BanCorp \ CA,683842007,683842007,32150541,21.27,sized
1796022,STEP,StepStone Group Inc.,4140777800,,,50.32,sized
1796209,APG,APi Group Corp,17152442187,17152442187,432160297,39.69,sized
1796280,ORIC,"Oric Pharmaceuticals, Inc.",1372361165,1372361165,103652656,13.24,sized
1796949,GFLT,"GenFlat Holdings, Inc.",,,13105234,,unsized
1798100,NTST,NETSTREIT Corp.,2078278119,2078278119,101527998,20.47,sized
1798562,TMC,TMC the metals Co Inc.,2121861668,2121861668,441135482,4.81,sized
1798749,JBIO,"Jade Biosciences, Inc.",1325369545,1325369545,63597387,20.84,sized
1799191,STLN,"Starling Oncology, Inc.",628822429,628822429,101916115,6.17,sized
1799448,ALGS,"Aligos Therapeutics, Inc.",43149895,294426752,42608792,6.91,disagree-under
1800227,PPLI,People Inc,2914518024,,,39.14,sized
1800315,DMRA,"Damora Therapeutics, Inc.",1790330051,1790330051,61735519,29.0,sized
1800373,GWLL,"GOLDENWELL BIOTECH, INC.",,,99000000,,unsized
1800392,MLGO,MicroAlgo Inc.,44203736,208491092,51606706,4.04,disagree-under
1800667,FROG,JFrog Ltd,12174771448,12174771448,123301311,98.74,sized
1801169,OPEN,Opendoor Technologies Inc.,3194889554,3194889554,971091050,3.29,sized
1801170,CLOV,"CLOVER HEALTH INVESTMENTS, CORP. /DE",2246790992,,,4.23,sized
1801368,MP,MP Materials Corp. / DE,9996842134,9996842134,178101588,56.13,sized
1801417,BYNO,byNordic Acquisition Corp,,,,,unsized
1801602,SBIG,"SpringBig Holdings, Inc.",,,48795266,,unsized
1802255,GRDN,"Guardian Pharmacy Services, Inc.",2347465786,,,37.06,sized
1802450,MSPR,"MSP Recovery, Inc.",,,66142649,,unsized
1802665,HRMY,"Harmony Biosciences Holdings, Inc.",2283448969,2283448969,58236393,39.21,sized
1802768,RPRX,Royalty Pharma plc,27095126382,23617856540,388132400,60.85,sized
1802974,AVO,"Mission Produce, Inc.",1127843935,1127843935,88319807,12.77,sized
1803599,CNXC,Concentrix Corp,1792719123,1792719123,61018350,29.38,sized
1803696,ADEA,Adeia Inc.,2836405458,2836405458,110280150,25.72,sized
1803901,TALK,"Talkspace, Inc.",,,165823816,,unsized
1803977,LIMX,Limitless X Holdings Inc.,,,18506957,,unsized
1804176,BFLY,"Butterfly Network, Inc.",2244784092,,,8.43,sized
1804745,DRVN,Driven Brands Holdings Inc.,2057298305,2057298305,164979816,12.47,sized
1805077,EOSE,"Eos Energy Enterprises, Inc.",1187186845,1187186845,364167744,3.26,sized
1805284,RKT,"Rocket Companies, Inc.",38991716137,,,13.77,sized
1805385,EVLV,"Evolv Technologies Holdings, Inc.",949101005,949101005,181126146,5.24,sized
1805521,FFAI,FARADAY FUTURE INTELLIGENT ELECTRIC INC.,8520215,65231489,29516511,2.21,disagree-under
1805833,SST,"System1, Inc.",16459862,172851548,91455846,1.89,disagree-under
1806310,TSHA,"Taysha Gene Therapies, Inc.",1880059554,1880059554,325833545,5.77,sized
1806347,WEST,Westrock Coffee Co,781019096,781019096,97627387,8.0,sized
1806837,VERX,"Vertex, Inc.",2307550765,374965637,26359623,14.225,disagree
1807046,OZ,"Belpointe PREP, LLC",194008502,66099158,1381094,47.86,disagree-under
1807120,DSGN,"Design Therapeutics, Inc.",945608746,945608746,62581651,15.11,sized
1807765,PMVC,PMV Consumer Acquisition Corp.,,,,,unsized
1807794,CRDO,Credo Technology Group Holding Ltd,43741793511,43402730759,186477898,232.75,sized
1807893,SPFX,"STANDARD PREMIUM FINANCE HOLDINGS, INC.",,,2930134,,unsized
1808834,PRG,"PROG Holdings, Inc.",1557416850,1557416850,39831633,39.1,sized
1809104,ALIT,"Alight, Inc. / Delaware",373873344,6263995954,446790011,14.02,disagree
1809519,GDRX,"GoodRx Holdings, Inc.",1204243219,,,3.53,sized
1809987,MIR,"Mirion Technologies, Inc.",3503204524,,,14.4,sized
1810019,RXT,"Rackspace Technology, Inc.",802849477,802849477,254872850,3.15,sized
1810546,EBC,"Eastern Bankshares, Inc.",5093522494,5093522494,228511552,22.29,sized
1810806,U,Unity Software Inc.,19060251688,19060251688,440088933,43.31,sized
1811063,NUVB,Nuvation Bio Inc.,2338480731,2338480731,351123233,6.66,sized
1811074,TPL,Texas Pacific Land Corp,25132994991,25132994991,68974683,364.38,sized
1811115,RNLXY,Renalytix plc,,,331206012,,unsized
1811210,LCID,"Lucid Group, Inc.",1974291581,1974291581,394070176,5.01,sized
1811414,QS,QuantumScape Corp,3450963876,535474197,95449946,5.61,disagree
1811530,NXMH,"Next Meats Holdings, Inc.",,,500000000,,unsized
1811935,PTRN,Pattern Group Inc.,3755538714,,,21.17,sized
1812173,RBOT,Vicarious Surgical Inc.,,,,,unsized
1812360,FOXO,FOXO TECHNOLOGIES INC.,,,1658116,,unsized
1812364,RLAY,"Relay Therapeutics, Inc.",4113288413,4113288413,219141631,18.77,sized
1812477,KEEL,Keel Infrastructure Corp.,1988585742,1988585742,617573212,3.22,sized
1813452,PLNH,Planet 13 Holdings Inc.,,,335319455,,unsized
1813603,HSTA,Hestia Insight Inc.,,,27939260,,unsized
1813814,DFTX,"Definium Therapeutics, Inc.",5506357611,5506357611,134366950,40.98,sized
1814215,BURU,"Nuburu, Inc.",,,370493812,,unsized
1814287,ABX,"Abacus Global Management, Inc.",952496505,952496505,97792249,9.74,sized
1814974,BBXIB,"BBX Capital, Inc.",,,,,unsized
1815442,KYMR,"Kymera Therapeutics, Inc.",9824245516,9824245516,83150618,118.15,sized
1815632,TGCB,"Tego Cyber, Inc.",,,76090356,,unsized
1815903,PTPI,"Petros Pharmaceuticals, Inc.",,,42372260,,unsized
1815974,ANEB,"Anebulo Pharmaceuticals, Inc.",,,40784731,,unsized
1816017,SPIR,"Spire Global, Inc.",534996626,,,13.17,sized
1816581,OUST,"Ouster, Inc.",2496528968,2496528968,72112333,34.62,sized
1816590,CMPS,COMPASS Pathways plc,1901286766,1901286766,138476822,13.73,sized
1816736,IRON,"Disc Medicine, Inc.",3072579305,3072579305,38392844,80.03,sized
1817229,VOR,Vor Biopharma Inc.,1340025959,1340025959,59162294,22.65,sized
1817232,HGAS,Global Gas Corp,,,,,unsized
1817241,ARTV,"Artiva Biotherapeutics, Inc.",542191441,542191441,48890121,11.09,sized
1817358,ASO,"Academy Sports & Outdoors, Inc.",2697799138,2697799138,62018371,43.5,sized
1817511,SOPAQ,SOCIETY PASS INCORPORATED.,,,6105525,,unsized
1817713,JANX,"Janux Therapeutics, Inc.",1102296017,1102296017,61136773,18.03,sized
1817760,SMTK,"SmartKem, Inc.",1944546,97227241,28263733,3.44,disagree-under
1818201,CCC,CCC Intelligent Solutions Holdings Inc.,4411570332,4411570332,588994704,7.49,sized
1818331,WGS,GeneDx Holdings Corp.,2574729077,2574729077,29822541,86.335,sized
1818383,MAX,"MediaAlpha, Inc.",680737886,,,12.85,sized
1818502,OPFI,OppFi Inc.,602422306,617254353,87306132,7.07,sized
1818643,PHXE-P,"Phoenix Energy One, LLC",,,100000000,,unsized
1818794,DYN,"Dyne Therapeutics, Inc.",4681733025,4681733025,186746431,25.07,sized
1818874,SOFI,"SoFi Technologies, Inc.",23325760051,23325760051,1291570324,18.06,sized
1819133,TNGX,"Tango Therapeutics, Inc.",3935365965,3935365965,168610367,23.34,sized
1819576,LQDA,Liquidia Corp,6058856831,6058856831,89508891,67.69,sized
1819790,TARS,"Tarsus Pharmaceuticals, Inc.",3149043792,3149043792,43882996,71.76,sized
1819796,GCMG,GCM Grosvenor Inc.,838652410,579804414,42259797,13.72,disagree
1819810,RDW,Redwire Corp,2717419659,2717419659,249992609,10.87,sized
1819848,JOBY,"Joby Aviation, Inc.",6904087174,6904087174,989124237,6.98,sized
1819928,DV,"DoubleVerify Holdings, Inc.",2073733980,2073724012,154986847,13.38,sized
1819989,CIFR,Cipher Digital Inc.,6296016052,6296016052,415030722,15.17,sized
1819994,RKLB,Rocket Lab Corp,41171673581,38527787535,598350482,64.39,sized
1820144,GRND,Grindr Inc.,2709863574,2709863574,173820627,15.59,sized
1820721,ARRY,"Array Technologies, Inc.",706895306,706895306,154007692,4.59,sized
1820872,GBTG,"Global Business Travel Group, Inc.",4952100239,4952100239,522373443,9.48,sized
1820875,CXAI,CXApp Inc.,8438035,421901837,116870315,3.61,disagree-under
1820953,AFRM,"Affirm Holdings, Inc.",26237876866,,,77.76,sized
1821534,EXOD,"Exodus Movement, Inc.",240417933,74033882,9300739,7.96,disagree-under
1821586,MLTX,MoonLake Immunotherapeutics,1275749208,1275749208,85106685,14.99,sized
1821769,NVTS,Navitas Semiconductor Corp,2999964177,2107928812,183457686,11.49,disagree
1821825,OGN,Organon & Co.,3613505798,3613505798,262609433,13.76,sized
1822479,SHC,Sotera Health Co,5499172299,5499172299,285374795,19.27,sized
1822492,HLMN,Hillman Solutions Corp.,1511614642,1511614642,194544999,7.77,sized
1822966,SMR,NUSCALE POWER Corp,3812518659,,,9.29,sized
1822993,JXN,Jackson Financial Inc.,9086488295,9086488295,67728744,134.16,sized
1823144,GPGI,"GPGI, Inc.",3841043586,3841043586,289890082,13.25,sized
1823239,MRVI,"MARAVAI LIFESCIENCES HOLDINGS, INC.",1144239705,,,7.68,sized
1823365,GBNY,"Generations Bancorp NY, Inc.",,,2241801,,unsized
1823466,NOTE,"FiscalNote Holdings, Inc.",,,121449403,,unsized
1823529,ACT,"Enact Holdings, Inc.",6746323735,6746323735,137483671,49.07,sized
1823593,TSPH,TuSimple Holdings Inc.,,,,,unsized
1823608,AMAL,Amalgamated Financial Corp.,1455838157,1455838157,29900147,48.69,sized
1823635,ECXJ,"CXJ GROUP CO., Ltd",,,102270517,,unsized
1823652,EVEX,"Eve Holding, Inc.",805003429,805003429,348486333,2.31,sized
1823945,OWL,BLUE OWL CAPITAL INC.,8220581323,,,12.02,sized
1824403,RSVR,"Reservoir Media, Inc.",636890977,636890977,65930743,9.66,sized
1824502,ACHR,Archer Aviation Inc.,4427654100,4427636850,770023800,5.75,sized
1824920,IONQ,"IonQ, Inc.",15881317715,14935290708,381002314,39.2,sized
1825088,DFH,"Dream Finders Homes, Inc.",1336298341,,,14.76,sized
1825248,FRBP,Franklin BSP Capital Corp,,,133826844,,unsized
1825452,ONFO,"Onfolio Holdings, Inc",1147500,3311161,2452712,1.35,disagree-under
1826000,LTCH,"Latch, Inc.",,,165656201,,unsized
1826457,GLUE,"Monte Rosa Therapeutics, Inc.",1141493305,1141493305,85313401,13.38,sized
1826470,WOOF,"Petco Health & Wellness Company, Inc.",771026183,,,2.7,sized
1826892,BCAB,"BioAtla, Inc.",2890683,56067047,32315301,1.735,disagree-under
1827090,CERT,"Certara, Inc.",1273698813,1273698813,152538780,8.35,sized
1827635,MANE,"Veradermics, Inc",4091528718,4091528718,41780136,97.93,sized
1827899,CPTKW,Crown PropTech Acquisitions,,,,,unsized
1828016,PLTK,Playtika Holding Corp.,884890191,884890191,381418186,2.32,sized
1828105,HIPO,Hippo Holdings Inc.,875599661,875599661,26389381,33.18,sized
1828108,AUR,"Aurora Innovation, Inc.",11684225212,3747929464,642869548,5.83,disagree
1828318,ENVX,Enovix Corp,737347077,737347077,219448535,3.36,sized
1828536,NRGV,"Energy Vault Holdings, Inc.",643712077,643712077,181839570,3.54,sized
1828748,ASFH,ASIAFIN HOLDINGS CORP.,,,81915838,,unsized
1828937,FOA,Finance of America Companies Inc.,166199746,1129452045,62642931,18.03,disagree
1828962,CRCT,"Cricut, Inc.",1214777612,,,5.8,sized
1829311,BMNR,"BITMINE IMMERSION TECHNOLOGIES, INC.",14356788177,14356788177,603226394,23.8,sized
1829576,CARE,"Carter Bankshares, Inc.",728968908,697498908,22163931,31.47,sized
1829635,RNAZ,"Transcode Therapeutics, Inc.",2307488,36909011,16930739,2.18,disagree-under
1829802,FTH,"Faeth Therapeutics, Inc.",874439982,874439982,25840425,33.84,sized
1829864,TASK,"TaskUs, Inc.",769254106,,,8.39,sized
1830033,PCT,"PureCycle Technologies, Inc.",1305881265,1305881265,200904810,6.5,sized
1830072,IPW,iPower Inc.,409747,10315342,5289919,1.95,disagree-under
1830081,RUM,RUM Group Inc.,4452375542,,,8.98,sized
1831097,AGL,"agilon health, inc.",1553858573,1553858573,16791210,92.54,sized
1831283,LIANY,LianBio,,,108062638,,unsized
1831359,JWSMF,Jaws Mustang Acquisition Corp,,,,,unsized
1831481,SOC,Sable Offshore Corp.,861494378,861494378,191869572,4.49,sized
1831651,SHLS,"Shoals Technologies Group, Inc.",1201661643,,,7.14,sized
1831828,VERA,"Vera Therapeutics, Inc.",2463845423,2463845423,72063335,34.19,sized
1831915,CTKB,"Cytek Biosciences, Inc.",608321624,608321624,129983253,4.68,sized
1832161,VIPZ,"VIP Play, Inc.",,,73457857,,unsized
1832332,AVAH,"Aveanna Healthcare Holdings, Inc.",2907631897,2906686350,218219696,13.32,sized
1832466,ALHC,"Alignment Healthcare, Inc.",2825266729,2825266729,207435149,13.62,sized
1832487,GUER,"Guerrilla RF, Inc.",,,10698651,,unsized
1833197,SWIM,"Latham Group, Inc.",832934288,832934288,117646086,7.08,sized
1833756,DRS,"Leonardo DRS, Inc.",10285998988,10285998988,266891515,38.54,sized
1834032,CSTAF,Constellation Acquisition Corp I,,,,,unsized
1834376,INNV,InnovAge Holding Corp.,1474097227,1474097227,135736393,10.86,sized
1834488,NABL,"N-able, Inc.",791514145,789296764,188376316,4.19,sized
1834526,GPAT,GP-Act III Acquisition Corp.,,,,,unsized
1834584,CPNG,"Coupang, Inc.",29694893317,,,16.52,sized
1834622,HAYW,"Hayward Holdings, Inc.",3001492085,,,14.15,sized
1835632,MRVL,"Marvell Technology, Inc.",194677393268,189954078000,876900000,216.62,sized
1835830,KVYO,"Klaviyo, Inc.",5737257855,,,20.15,sized
1836833,PL,Planet Labs PBC,7120922469,,,19.98,sized
1836875,NVVE,Nuvve Holding Corp.,,,993794,,unsized
1836981,BBAI,"BigBear.ai Holdings, Inc.",1462458203,1462458203,479494493,3.05,sized
1837240,SYM,Symbotic Inc.,5178701067,,,39.875,sized
1837254,MEHA,Functional Brands Inc.,,,64921095,,unsized
1837671,CPPTL,Copper Property CTL Pass Through Trust,,,,,unsized
1837774,GIPL,Global Innovative Platforms Inc.,,,49751241,,unsized
1838359,RGTI,"Rigetti Computing, Inc.",5203454765,5203454765,333768747,15.59,sized
1838406,BKV,BKV Corp,2651678620,2478440105,102288077,24.23,sized
1839341,CORZ,"Core Scientific, Inc./tx",5305330680,5305330680,321340441,16.51,sized
1839839,JBI,"Janus International Group, Inc.",667171013,667171013,136435790,4.89,sized
1840102,SPTY,"SPECIFICITY, INC.",,,18437960,,unsized
1840425,OSRH,"OSR Health, Inc.",,,35118692,,unsized
1840502,TBLA,Taboola.com Ltd.,1021187404,1270867022,336208207,3.78,sized
1840563,ELAB,PMGC Holdings Inc.,4298864,42988660,8095793,5.31,disagree-under
1840572,LUCK,Lucky Strike Entertainment Corp,883405569,,,6.48,sized
1840776,HGTY,"Hagerty, Inc.",1369786418,,,13.42,sized
1840856,SOUN,"SOUNDHOUND AI, INC.",3157620990,124147710,17461000,7.11,disagree
1841156,PAY,"Paymentus Holdings, Inc.",4532567895,,,35.99,sized
1841387,CADL,"Candel Therapeutics, Inc.",1000097644,1000097644,76518565,13.07,sized
1841408,DAVE,Dave Inc./DE,4828597174,,,378.55,sized
1841666,APA,APA Corp,14903953235,14903953235,350351510,42.54,sized
1841925,INDI,"indie Semiconductor, Inc.",798670873,,,3.78,sized
1841968,RPC,"Ridgepost Capital, Inc.",954664890,,,8.66,sized
1842022,DTM,"DT Midstream, Inc.",13214041290,13214041290,102015296,129.53,sized
1842295,MAZE,"Maze Therapeutics, Inc.",1524269169,1524269169,55549168,27.44,sized
1842939,XAGE,"Longevity Health Holdings, Inc.",,,2475321,,unsized
1843714,ZPTA,"Zapata Quantum, Inc.",,,187328921,,unsized
1844392,MRAI,"Marpai, Inc.",,,26829834,,unsized
1844452,LUNR,"Intuitive Machines, Inc.",2466151989,1293732201,84172557,15.37,disagree
1844862,SLDP,"Solid Power, Inc.",531662223,531662223,228181212,2.33,sized
1845123,ANNA,"AleAnna, Inc.",112994399,12668159,4589913,2.76,disagree-under
1845149,CBRRF,Chain Bridge I,,,23000000,,unsized
1845257,LFST,"LifeStance Health Group, Inc.",4703104546,4703104546,382055609,12.31,sized
1845799,CULL,"Cullman Bancorp, Inc. /MD/",,,7247375,,unsized
1845815,PAYO,Payoneer Global Inc.,2409229443,2409229443,338850836,7.11,sized
1846069,NXDR,"Nextdoor Holdings, Inc.",878145872,,,2.27,sized
1846084,JETMF,Global Crossing Airlines Group Inc.,,,,,unsized
1846235,IMAQ,International Media Acquisition Corp.,,,6836594,,unsized
1846253,OABI,"OmniAb, Inc.",649895079,649895079,145390398,4.47,sized
1846576,FIGS,"FIGS, Inc.",2561882531,,,15.42,sized
1847075,SAIH,SAIHEAT Ltd,43635685,342315851,14413299,23.75,disagree-under
1847360,BCOW,"1895 Bancorp of Wisconsin, Inc. /MD/",,,5958261,,unsized
1847367,ALMS,ALUMIS INC.,2896760648,,,22.38,sized
1847590,BWMN,Bowman Consulting Group Ltd.,738071160,738146100,17335512,42.58,sized
1847846,EUDA,EUDA Health Holdings Ltd,43763257,27628586,1890375,14.6154,disagree-under
1848275,TOP,TOP Financial Group Ltd,2069593232,619754066,37044475,16.73,disagree
1848334,OKMN,"OKMIN RESOURCES, INC.",,,128489287,,unsized
1848416,VRNO,Verano Holdings Corp.,,,73217970,,unsized
1849056,OKLO,Oklo Inc.,7466748471,7466748471,186017650,40.14,sized
1849221,PMNT,Perfect Moment Ltd.,,,53202530,,unsized
1849253,RYAN,"RYAN SPECIALTY HOLDINGS, INC.",11222594617,4821482645,109903867,43.87,disagree
1849635,DJT,Trump Media & Technology Group Corp.,2677964174,2677964174,277941274,9.635,sized
1850059,FSHP,Flag Ship Acquisition Corp,56486811,39545242,3518260,11.24,disagree-under
1850767,ACUT,Accustem Sciences Inc.,,,16072267,,unsized
1851003,ZETA,Zeta Global Holdings Corp.,7665955496,,,30.54,sized
1851959,CNDA,Concord Acquisition Corp II,,,,,unsized
1852016,AEAE,AltEnergy Acquisition Corp,,,,,unsized
1852131,NXT,Nextpower Inc.,12963770188,11666184621,136542423,85.44,sized
1852244,GXO,"GXO Logistics, Inc.",5458985960,5458985960,114684579,47.6,sized
1852353,DC,Dakota Gold Corp.,810404865,810404865,134172991,6.04,sized
1852575,SGST,"Strategic Storage Trust VI, Inc.",,,,,unsized
1853044,AERT,"Aeries Technology, Inc.",38074827,332897539,47152626,7.06,disagree-under
1853138,KDK,"Kodiak AI, Inc.",782410863,782410863,200618170,3.9,sized
1853145,EVCM,EverCommerce Inc.,1625320263,1625320263,176665246,9.2,sized
1853962,IAUX,i-80 Gold Corp.,1601918113,1601918113,865901683,1.85,sized
1854183,ORIB,Orion Bliss Corp.,,,3038000,,unsized
1854275,ZCAR,"Zoomcar Holdings, Inc.",,,8770836,,unsized
1854463,WINV,WinVest Acquisition Corp.,,,3080950,,unsized
1854480,DEVSF,DevvStream Corp.,,,35067694,,unsized
1854526,BRQL,DYNAMIC AEROSPACE SYSTEMS Corp,,,32489996,,unsized
1854964,NLCP,"NewLake Capital Partners, Inc.",,,20580766,,unsized
1855175,CTNM,"Contineum Therapeutics, Inc.",641440300,393840899,23099173,17.05,disagree
1855467,MOBX,"MOBIX LABS, INC",18842114,3084592,2778912,1.11,disagree-under
1855644,ZURA,Zura Bio Ltd,548142663,548142663,95829137,5.72,sized
1856314,YOU,"Clear Secure, Inc.",4469426858,,,43.43,sized
1856437,VSXY,Victoria's Secret & Co.,6983347602,6983347602,79491720,87.85,sized
1856485,SLVM,Sylvamo Corp,1446080037,1446080037,39760243,36.37,sized
1856525,CNM,"Core & Main, Inc.",8053035589,,,43.02,sized
1857086,TRUG,"TruGolf Holdings, Inc.",890676,423305,914267,0.463,disagree-under
1857154,DNUT,"Krispy Kreme, Inc.",602045000,602045000,173500000,3.47,sized
1857475,DOLE,Dole plc,1301642360,1301642360,94458807,13.78,sized
1857816,GCT,GigaCloud Technology Inc,1890857049,,,52.95,sized
1857910,JFTH,"Japan Food Tech Holdings, Inc.",,,,,unsized
1858007,GDST,Chi Special Acquisition Corp.,,,1866406,,unsized
1858681,APO,"Apollo Global Management, Inc.",79746948191,79746948191,590543159,135.04,sized
1859007,ZVSA,"ZyVersa Therapeutics, Inc.",,,8095921,,unsized
1859035,MCAG,Mountain Crest Acquisition Corp. V,,,2873023,,unsized
1859392,GLXY,Galaxy Digital Inc.,4509526418,,,23.21,sized
1860160,FLY,Firefly Aerospace Inc.,3559022752,3559022752,167404645,21.26,sized
1860543,CDRE,"Cadre Holdings, Inc.",1316309363,1316309363,42820734,30.74,sized
1860742,BLCO,Bausch & Lomb Corp,6125383968,6125383968,357165246,17.15,sized
1861107,CBLL,"Ceribell, Inc.",910712336,910712336,38378101,23.73,sized
1861123,EIKN,"Eikon Therapeutics, Inc.",594732029,594732029,54165030,10.98,sized
1861622,JTAI,Jet.AI Inc.,2146798,5371856,3557521,1.51,disagree-under
1862935,CURR,Currenc Group Inc.,378389952,258180566,76611444,3.37,disagree-under
1863127,TYRA,"Tyra Biosciences, Inc.",1488342858,1488342858,59676939,24.94,sized
1864531,VSEE,"VSEE HEALTH, INC.",,,56679813,,unsized
1865111,ALSAF,Alpha Star Acquisition Corp,,,3226962,,unsized
1865200,ANGX,"Angel Studios, Inc.",812389987,,,4.35,sized
1865248,CMCAF,Piermont Valley Acquisition Corp,,,5954449,,unsized
1865468,KACLF,Kairous Acquisition Corp. Ltd,,,3164938,,unsized
1865494,IOBTQ,"IO Biotech, Inc.",,,71948842,,unsized
1865631,NN,NEXTNAV INC.,2592920217,2592920217,168809910,15.36,sized
1865782,BTSG,"BrightSpring Health Services, Inc.",11699712570,11699712570,197864241,59.13,sized
1866175,CRGY,Crescent Energy Co,4473666043,4473666043,330403696,13.54,sized
1866226,EMAT,Evolution Metals & Technologies Corp.,2033288112,2033288112,621800646,3.27,sized
1866581,BROS,Dutch Bros Inc.,6884625228,,,49.91,sized
1866633,CCSI,"Consensus Cloud Solutions, Inc.",696347036,696347036,18324922,38.0,sized
1866692,AMPL,"Amplitude, Inc.",1786299743,,,14.3,sized
1866757,BRLT,"Brilliant Earth Group, Inc.",22487501,12745831,9583332,1.33,disagree-under
1867072,KD,"Kyndryl Holdings, Inc.",2875201071,2875201071,217818263,13.2,sized
1867096,XERS,"Xeris Biopharma Holdings, Inc.",1546076194,1546076194,182320306,8.48,sized
1868159,LINE,"Lineage, Inc.",8953557671,8953557671,227710012,39.32,sized
1868275,CEG,Constellation Energy Corp,98054567138,98054567138,354307379,276.75,sized
1868279,AVBP,"ArriVent BioPharma, Inc.",1487614183,1487614183,49307729,30.17,sized
1868941,FLNC,"Fluence Energy, Inc.",1557619837,,,10.88,sized
1869105,BBOT,"BridgeBio Oncology Therapeutics, Inc.",700723093,700723093,80174267,8.74,sized
1869198,LTH,"Life Time Group Holdings, Inc.",9722829357,9722829357,223461948,43.51,sized
1869601,EMCGF,Embrace Change Acquisition Corp.,,,2422281,,unsized
1869974,OCEA,"Ocean Biomedical, Inc.",,,232365143,,unsized
1870404,CERO,"CERO THERAPEUTICS HOLDINGS, INC.",,,71630992,,unsized
1870600,SBDS,"Solo Brands, Inc.",,,2568010,,unsized
1872292,RAKR,Rainmaker Worldwide Inc.,,,83799728,,unsized
1873722,BBLR,Bubblr Inc.,,,305309155,,unsized
1873835,IMMX,"Immix Biopharma, Inc.",992387916,997258037,71539314,13.94,sized
1873951,XZO,"Exzeo Group, Inc.",1521551155,1521551155,90085918,16.89,sized
1874138,SHGI,"Sparx Holdings Group, Inc.",,,178750031,,unsized
1874178,RIVN,"Rivian Automotive, Inc. / DE",23267120324,,,16.07,sized
1874315,SATL,Satellogic Inc.,745638568,132395149,27297969,4.85,disagree
1875444,ARHS,"Arhaus, Inc.",1272930562,1229778600,136946392,8.98,sized
1875558,NVCT,"Nuvectis Pharma, Inc.",774643686,773159778,32581533,23.73,sized
1876042,CRCL,"Circle Internet Group, Inc.",22122744270,,,87.14,sized
1876716,ASCBF,ASPAC II Acquisition Corp.,,,,,unsized
1877184,KMTS,"KESTRA MEDICAL TECHNOLOGIES, LTD.",1502584022,1502568023,58602497,25.64,sized
1877322,ESAB,ESAB Corp,4751485718,4751485718,62167810,76.43,sized
1878848,IREN,IREN Ltd,12669073993,12669073993,357378674,35.45,sized
1879016,IE,Ivanhoe Electric Inc.,1785814998,1785814998,159590259,11.19,sized
1879270,TCRG,Cannaisseur Group Inc.,,,60459890,,unsized
1879293,MMCP,"Mag Mile Capital, Inc.",,,100055935,,unsized
1879726,SIDU,Sidus Space Inc.,223707970,36628628,16574040,2.21,disagree-under
1879848,PEVM,PHOENIX MOTOR INC.,,,12870917,,unsized
1880319,PRM,"Perimeter Solutions, Inc.",5012093582,5012093582,163686923,30.62,sized
1880343,AMZE,"AMAZE HOLDINGS, INC.",1274921,3612993,20824169,0.1735,disagree-under
1880431,VHAI,Vocodia Holdings Corp,,,10942818682,,unsized
1880661,TPG,TPG Inc.,8997609683,,,53.97,sized
1881487,ACDC,ProFrac Holding Corp.,908792582,908792582,182122762,4.99,sized
1882198,ATEK,Athena Technology Acquisition Corp. II,,,,,unsized
1882464,MSSAF,Metal Sky Star Acquisition Corp,,,3265523,,unsized
1883085,PGY,Pagaya Technologies Ltd.,1833700029,,,21.98,sized
1883313,SVV,"Savers Value Village, Inc.",1619689246,1625625696,153796187,10.57,sized
1883685,DKNG,DraftKings Inc.,12540429252,,,25.26,sized
1883835,ESGH,ESG Inc.,,,15591376,,unsized
1883984,ALCED,"Alternus Clean Energy, Inc.",,,724658,,unsized
1884164,KWIK,"KwikClick, Inc.",,,3892979,,unsized
1886362,MGAM,"Mobile Global Esports, Inc.",,,75457876,,unsized
1886428,SLDE,"Slide Insurance Holdings, Inc.",2742739162,2742739162,116811719,23.48,sized
1888447,EE,"Excelerate Energy, Inc.",1210040408,,,38.56,sized
1888886,GPCR,Structure Therapeutics Inc.,3377947926,10133843825,213929572,47.37,disagree
1889112,RENEF,Cartesian Growth Corp II,,,,,unsized
1889539,CRBG,"Corebridge Financial, Inc.",14536641942,14536641942,445772522,32.61,sized
1889983,KVACF,Keen Vision Acquisition Corp.,,,4592855,,unsized
1891027,MNTN,"MNTN, Inc.",989645846,,,13.23,sized
1892292,MSS,Maison Solutions Inc.,1392862,27920761,17450476,1.6,disagree-under
1892316,LDDD,Longduoduo Co Ltd,,,30015036,,unsized
1892747,VMCAF,Valuence Merger Corp. I,,,22009963,,unsized
1893219,ABPO,"Abpro Holdings, Inc.",,,5896048,,unsized
1893657,RLEA,Rubber Leaf Inc,,,41109458,,unsized
1894562,PRME,"Prime Medicine, Inc.",654770450,654770450,181376856,3.61,sized
1895249,CNTM,"ConnectM Technology Solutions, Inc.",,,5727583,,unsized
1895262,NE,Noble Corp plc,7305227895,7305227895,159642218,45.76,sized
1897762,INGM,Ingram Micro Holding Corp,6619996644,6619996644,230661904,28.7,sized
1898604,VSTD,Vestand Inc.,,,11940000,,unsized
1898766,TPET,Trio Petroleum Corp,1028485,9256370,44267674,0.2091,disagree-under
1899287,AMPX,"Amprius Technologies, Inc.",1444737312,1444737312,146080618,9.89,sized
1900679,TETEF,Technology & Telecommunication Acquisition Corp,,,5975740,,unsized
1901203,UCFI,CN Healthy Food Tech Group Corp.,,,52234983,,unsized
1901336,ALCYF,Alchemy Investments Acquisition Corp 1,,,,,unsized
1901440,ULS,UL Solutions Inc.,15027281016,,,74.43,sized
1901799,BTMCQ,Bitcoin Depot Inc.,,,,,unsized
1902733,NCNO,"nCino, Inc.",2430874640,2430874640,105736174,22.99,sized
1903392,CLRCF,ClimateRock,,,,,unsized
1906324,QDEL,QuidelOrtho Corp,1010801793,1010801793,68575427,14.74,sized
1906364,BXBL,BOXABL Inc.,1416032773,41286158,10295800,4.01,disagree
1907223,GRML,Greenland Mines Ltd,15503823,775191108,158850637,4.88,disagree
1907982,QBTS,D-Wave Quantum Inc.,6327754461,6273792590,369263837,16.99,sized
1908984,ENDI,ENDI Corp.,,,1800000,,unsized
1909747,JUSH,Jushi Holdings Inc.,,,199698263,,unsized
1910139,MBLY,Mobileye Global Inc.,7294609590,2165760022,252419583,8.58,disagree
1910975,RPDL,Rapid Line Inc.,,,3632750,,unsized
1911467,CRCE,"Circle Energy, Inc./NV",,,1530000,,unsized
1912582,AIEV,"Thunder Power Holdings, Inc.",,,102597432,,unsized
1913577,SMNR,"Semnur Pharmaceuticals, Inc.",,,230209142,,unsized
1913838,VWFB,"VWF Bancorp, Inc.",,,1911413,,unsized
1915328,ISRLF,Israel Acquisitions Corp,,,1264572,,unsized
1915657,DINO,HF Sinclair Corp,17726827583,17726827583,177783849,99.71,sized
1918080,DBHL,"Deep Isolation Nuclear, Inc.",,,57667113,,unsized
1918414,NBRG,Newbridge Acquisition Ltd,75915275,14461250,1437500,10.06,disagree-under
1919182,UTKN,Universal Token,,,101561000,,unsized
1920406,ASST,"Strive, Inc.",1949717616,,,21.74,sized
1921865,ASPI,ASP Isotopes Inc.,594840394,594840394,153309380,3.88,sized
1921963,ATMU,Atmus Filtration Technologies Inc.,3894554503,3894554503,81595527,47.73,sized
1922335,SYRA,Syra Health Corp,,,13839169,,unsized
1922446,DEC,Diversified Energy Co,1043851054,1043851054,70769563,14.75,sized
1923622,PGIM,PGIM Private Credit Fund,,,4285940,,unsized
1923780,NCL,Northann Corp.,,,34364400,,unsized
1923891,NNE,Nano Nuclear Energy Inc.,964955683,964955683,53698146,17.97,sized
1928446,GRNT,"Granite Ridge Resources, Inc.",667415224,667415224,131900242,5.06,sized
1929561,RXO,"RXO, Inc.",3613531464,3613531464,164926128,21.91,sized
1931055,MDNC,Medinotec Inc.,,,11755548,,unsized
1932393,GEHC,GE HealthCare Technologies Inc.,32397196424,,,71.725,sized
1933359,NTCS,Natics Corp.,,,5495300,,unsized
1933414,MLYS,"Mineralys Therapeutics, Inc.",2263216256,2263216256,88406885,25.6,sized
1934642,MDBH,"MDB Capital Holdings, LLC",30824236,16059736,5438632,2.9529,disagree-under
1934850,FG,"F&G Annuities & Life, Inc.",3141135663,3141135663,130935209,23.99,sized
1935979,BHVN,Biohaven Ltd.,2327584665,2327584665,151043781,15.41,sized
1936258,NAMS,NewAmsterdam Pharma Co N.V.,3096012677,3096012677,119537169,25.9,sized
1937653,ZYME,Zymeworks Inc.,2021566243,2006017743,70959241,28.27,sized
1937926,BAM,Brookfield Asset Management Ltd.,83248755111,,,52.12,sized
1938338,GLTK,GlobalTech Corp,,,151071091,,unsized
1938569,PALX,Palomino Laboratories Inc.,,,27636539,,unsized
1938571,APTN,"ADAPTIN BIO, INC.",,,9233573,,unsized
1940243,GSMT,Global-Smart.Tech Inc.,,,3134780,,unsized
1941365,MBC,"MasterBrand, Inc.",1756122928,1756122928,203490490,8.63,sized
1943896,RBRK,"Rubrik, Inc.",19152348066,,,93.05,sized
1944013,CR,Crane Co,11964673692,11964673692,57800356,207.0,sized
1944048,KVUE,Kenvue Inc.,36821227362,36821227362,1920773467,19.17,sized
1944558,VTS,"Vitesse Energy, Inc.",723773209,723773209,42104317,17.19,sized
1945619,KSEZ,Kinetic Seas Inc.,,,61172732,,unsized
1946021,HSPOF,Horizon Space Acquisition I Corp.,,,2369416,,unsized
1947861,NMHI,Nature's Miracle Holding Inc.,,,606629892,,unsized
1948864,HCWC,HEALTHY CHOICE WELLNESS CORP.,223773,7832073,32457828,0.2413,disagree-under
1951070,MH,"McGraw Hill, Inc.",2529102521,2529102521,191308814,13.22,sized
1951667,CTNT,CHEETAH NET SUPPLY CHAIN SERVICE INC.,4707492,53904790,36177712,1.49,disagree-under
1952073,MSGE,Madison Square Garden Entertainment Corp.,3703999822,,,78.3,sized
1953926,ZBIO,"Zenas BioPharma, Inc.",2038076128,2038076128,65176723,31.27,sized
1953988,HLEO,Helio Corp /FL/,,,25944225,,unsized
1955520,KNF,Knife River Corp,3646482100,3646482100,56763420,64.24,sized
1956439,ENHA,Enhanced Group Inc.,628252353,,,1.62,sized
1956744,TRON,Tron Inc.,986714693,986714693,474382064,2.08,sized
1956955,UMAC,"Unusual Machines, Inc.",1197956989,1197956989,49956505,23.98,sized
1957132,SN,"SharkNinja, Inc.",26938866888,26938866888,140871552,191.23,sized
1958086,CLB,Core Laboratories Inc. /DE/,567132939,567132939,45884542,12.36,sized
1958140,BATRA,"Atlanta Braves Holdings, Inc.",3575435220,,,55.72,sized
1960262,LUDG,"LUDWIG ENTERPRISES, INC.",,,167166897,,unsized
1963685,RR,RICHTECH ROBOTICS INC.,411936555,38957790,21288410,1.83,disagree-under
1964333,BHRB,Burke & Herbert Financial Services Corp.,1447612136,1447612136,20187033,71.71,sized
1964738,SOLV,Solventum Corp,15510786186,15510786186,170223729,91.12,sized
1964789,HUT,Hut 8 Corp.,9789266948,9789266948,123259468,79.42,sized
1964979,ALUR,"ALLURION TECHNOLOGIES, INC.",,,15006253,,unsized
1965040,FTRE,Fortrea Holdings Inc.,1788830999,1788830999,95100000,18.81,sized
1965052,MGTE,Marblegate Capital Corp,,,73914402,,unsized
1966983,LAC,LITHIUM AMERICAS CORP.,1114541835,1114541835,363042943,3.07,sized
1967306,MSBB,"Mercer Bancorp, Inc.",,,1013303,,unsized
1967649,VSTS,Vestis Corp,1649358110,1649358110,132160105,12.48,sized
1967656,PFSB,"PFS Bancorp, Inc.",,,1546063,,unsized
1967680,VLTO,Veralto Corp,24028271984,,,98.56,sized
1968487,WS,"Worthington Steel, Inc.",1735241843,1735293852,50948146,34.06,sized
1968915,PHIN,PHINIA INC.,2515204741,2515204741,36638088,68.65,sized
1970622,USAR,"USA Rare Earth, Inc.",4402514581,2386167712,132638561,17.99,disagree
1971213,SBGI,"Sinclair, Inc.",1037764161,,,14.35,sized
1971387,LIMN,"Liminatus Pharma, Inc.",5681765,284088331,67160362,4.23,disagree-under
1973266,TKO,"TKO Group Holdings, Inc.",13499233134,,,184.64,sized
1974138,NATL,NCR Atleos Corp,3418472166,3418472166,73896934,46.26,sized
1974640,APGE,"Apogee Therapeutics, Inc.",10215573592,,,134.97,sized
1977837,USDW,MADE IN USA INC.,,,22962640,,unsized
1978111,NPLY,Naploy Corp.,,,3803370,,unsized
1978811,GOVB,"Gouverneur Bancorp, Inc./MD/",,,1058922,,unsized
1979330,NBBK,"NB Bancorp, Inc.",984163285,984163285,43818490,22.46,sized
1980088,MNR,MACH NATURAL RESOURCES LP,2088520655,2088520655,166948094,12.51,sized
1980295,IMAA,IMA Tech,,,2609878,,unsized
1981535,SBET,"Sharplink, Inc.",1779263125,1781233552,217223604,8.2,sized
1981599,CTRI,"Centuri Holdings, Inc.",2051569236,2051569236,100963053,20.32,sized
1981792,HHH,Howard Hughes Holdings Inc.,3869923132,3869923132,59721036,64.8,sized
1984060,AESI,Atlas Energy Solutions Inc.,1606294345,1606294345,125003451,12.85,sized
1984086,SEPN,"Septerna, Inc.",1816200007,1816200007,46676947,38.91,sized
1985554,LDXC,Londax Corp.,,,2231135,,unsized
1985840,DEFI,Hashdex Commodities Trust,,,200000,,unsized
1990354,WAY,Waystar Holding Corp.,5031478435,5031478435,191748416,26.24,sized
1990446,GRPS,"Trans American Aquaculture, Inc",,,1805926955,,unsized
1991792,CGON,"CG Oncology, Inc.",6589525477,6589525477,88640375,74.34,sized
1992243,TE,T1 Energy Inc.,1410784646,1410784646,294527066,4.79,sized
1993004,NWE,"NorthWestern Energy Group, Inc.",4325935212,4325935212,61517850,70.32,sized
1994624,STAI,ScanTech AI Systems Inc.,,,75613124,,unsized
1994702,KYTX,"Kyverna Therapeutics, Inc.",517629626,517629626,61843444,8.37,sized
1995807,LB,LandBridge Co LLC,2469485838,,,86.94,sized
1995920,ESMR,E-Smart Corp.,,,3799469,,unsized
1996210,BLMH,"BLUM HOLDINGS, INC.",,,25230686,,unsized
1996810,GEV,GE Vernova Inc.,242877582521,242877582521,266333581,911.93,sized
1996862,BG,Bunge Global SA,22185916324,,,115.48,sized
1997350,ARX,Accelerant Holdings,4285130130,,,19.73,sized
1997652,TBN,Tamboran Resources Corp,1294915705,1052047469,28318909,37.15,sized
1997859,WBTN,WEBTOON Entertainment Inc.,1389681356,1389681356,135711070,10.24,sized
1999001,FUN,Six Flags Entertainment Corporation/NEW,1659570580,1659570580,102316312,16.22,sized
1999261,STWI,StageWise Strategies Corp.,,,5044334,,unsized
1999480,ANRO,"Alto Neuroscience, Inc.",1378575113,1378575113,39242104,35.13,sized
2000178,LOAR,Loar Holdings Inc.,6716526485,6716526485,93688471,71.69,sized
2001184,PACS,"PACS Group, Inc.",6768847413,6768847413,158335612,42.75,sized
2002473,BOW,Bowhead Specialty Holdings Inc.,1106884968,1106884968,32943005,33.6,sized
2003750,MGSD,"Maitong Sunshine Cultural Development Co., Ltd",,,64125000,,unsized
2005951,SW,Smurfit Westrock plc,25329211227,25329211227,524522908,48.29,sized
2007587,AII,"American Integrity Insurance Group, Inc.",515698998,515698998,19593427,26.32,sized
2007825,INFQ,"Infleqtion, Inc.",2884570265,2884570265,225357052,12.8,sized
2007855,VG,"Venture Global, Inc.",35451316627,,,14.18,sized
2007919,INBX,"Inhibrx Biosciences, Inc.",1816306420,1816306420,14717660,123.41,sized
2010930,ALF,Centurion Acquisition Corp.,391000000,132025068,12134657,10.88,disagree-under
2011286,AMTM,"Amentum Holdings, Inc.",4965925248,4965925248,244506413,20.31,sized
2011514,AVR,Anteris Technologies Global Corp.,851787062,851787062,97458474,8.74,sized
2011641,FERG,Ferguson Enterprises Inc. /DE/,44202011307,44202011307,193452717,228.49,sized
2011954,TWNPQ,Twin Hospitality Group Inc.,,,,,unsized
2012318,IPCX,Inflection Point Acquisition Corp. III,,,,,unsized
2012383,BLK,"BlackRock, Inc.",180342154720,180408439250,154926181,1164.48,sized
2012593,RAPP,"Rapport Therapeutics, Inc.",2339901008,2339901008,47978286,48.77,sized
2012807,RFAI,RF Acquisition Corp II,434292968,182825625,3512500,52.05,disagree-under
2013745,CLMT,"Calumet, Inc. /DE",4197140673,4197140673,87898234,47.75,sized
2013792,EWSB,"EWSB Bancorp, Inc. /MD/",,,1014220,,unsized
2014596,CON,"Concentra Group Holdings Parent, Inc.",4368757635,4368757635,127517736,34.26,sized
2015502,LPAA,Launch One Acquisition Corp.,,,,,unsized
2015845,ECG,"Everus Construction Group, Inc.",5909617740,5909617740,51063836,115.73,sized
2017206,MRP,"Millrose Properties, Inc.",5082727045,,,30.61,sized
2017526,FRNM,"Freenome, Inc.",1589138379,131797387,8911250,14.79,disagree
2018145,RDAC,Rising Dragon Acquisition Corp.,28475678,16438183,3435357,4.785,disagree-under
2019410,CAI,"Caris Life Sciences, Inc.",7242914617,7242914617,282595186,25.63,sized
2019804,IMSR,Terrestrial Energy Inc. /DE/,540269795,540269795,105935254,5.1,sized
2020795,UNIT,Uniti Group Inc.,2432105852,2432105852,242725135,10.02,sized
2020919,DSFT,DeltaSoft Corp,,,5317706,,unsized
2022308,KIDZ,KIDZ AI Inc.,4032271,5503553,1174718,4.685,disagree-under
2023554,SNDK,Sandisk Corp,217429288104,217429288104,146419001,1484.98,sized
2023658,BCAX,Bicara Therapeutics Inc.,1550431843,1550431843,66172934,23.43,sized
2024899,MFBI,"Monroe Federal Bancorp, Inc.",,,541434,,unsized
2025410,SARO,"StandardAero, Inc.",8276294969,8276294969,330919431,25.01,sized
2025942,CURX,Curanex Pharmaceuticals Inc,7151178,143023542,31364812,4.56,disagree-under
2026478,NMAX,Newsmax Inc.,1383310507,,,10.71,sized
2027317,CURB,Curbline Properties Corp.,3449990369,,,29.99,sized
2029014,MRCL,Mercalot Inc.,,,5735200,,unsized
2029586,BLNH,"Blue Line Holdings, Inc.",,,10226000,,unsized
2030781,SAIL,"SailPoint, Inc.",11247238830,11247238830,567182997,19.83,sized
2030829,PGAC,PANTAGES CAPITAL ACQUISITION Corp,,,,,unsized
2032966,TIC,"TIC Solutions, Inc.",2086186603,2086186603,218220356,9.56,sized
2033264,VDTA,Vertical Data Inc.,,,13645342,,unsized
2033615,MGNO,"Magnolia Bancorp, Inc.",,,832288,,unsized
2033770,DAIC,"CID Holdco, Inc.",5616177,140404446,30259579,4.64,disagree-under
2034267,CEPF,"Cantor Equity Partners IV, Inc.",592074000,,,10.36,sized
2034334,AACB,Artius II Acquisition Inc.,,,,,unsized
2035149,FLOC,Flowco Holdings Inc.,930462099,,,21.16,sized
2035832,AKTS,"Aktis Oncology, Inc.",1433870684,,,25.78,sized
2035989,AMRZ,Amrize Ltd,24431168517,24431168517,546925644,44.67,sized
2036060,SBMW,"Security Midwest Bancorp, Inc.",,,889781,,unsized
2036307,OFAL,OFA Group,2128892,21288921,26370521,0.8073,disagree-under
2039497,RHLD,"Resolute Holdings Management, Inc.",1059946102,1059946102,7819595,135.55,sized
2040127,KRMN,Karman Holdings Inc.,6039561073,6039561073,132533708,45.57,sized
2040475,DMII,Drugs Made In America Acquisition II Corp.,645918000,645918000,63700000,10.14,sized
2040491,ASIC,Ategrity Specialty Insurance Co Holdings,1274377015,1274377015,47926928,26.59,sized
2041047,CCAQ,COLLECTIVE ACQUISITION CORP.,,,,,unsized
2041385,RAL,Ralliant Corp,6827594893,6827594893,110640008,61.71,sized
2041610,PSKY,Paramount Skydance Corp,12206770075,11659736709,1071666977,10.88,sized
2042022,WYFI,"WhiteFiber, Inc.",689554094,689554094,38848118,17.75,sized
2042694,PRMB,Primo Brands Corp,8324705215,8334143035,362354045,23.0,sized
2042902,EVAC,EQV Ventures Acquisition Corp. II,602012927,,,10.3,sized
2046042,JCAP,"Jefferson Capital, Inc. / DE",1211104554,1211104554,57425536,21.09,sized
2046386,MDLN,Medline Inc.,30952950971,,,35.28,sized
2048519,AEBI,Aebi Schmidt Holding AG,958400100,958400100,77603247,12.35,sized
2049248,LCCC,Lakeshore Acquisition III Corp.,,,3822787,,unsized
2049662,FAC,Factorial Energy Inc.,525484132,,,4.91,sized
2052568,LGN,Legence Corp.,4140914510,,,53.845,sized
2052959,LION,Lionsgate Studios Corp.,3392180352,3392180352,297559680,11.4,sized
2053927,WTG,Wintergreen Acquisition Corp.,77545483,18059637,1708575,10.57,disagree-under
2054696,NIQ,NIQ Global Intelligence plc,5663152588,5663152588,294955864,19.2,sized
2055592,GEMI,"Gemini Space Station, Inc.",557504468,,,4.3,sized
2057463,GLIBA,Liberty Capital Corp/NV,1063468090,,,26.65,sized
2058873,Q,"Qnity Electronics, Inc.",25159419381,25159419381,209208543,120.26,sized
2062583,MMED,"MiniMed Group, Inc.",5655133613,5644941184,280842845,20.1,sized
2063196,NTSK,Netskope Inc,6095207863,,,15.09,sized
2063816,INAC,Indigo Acquisition Corp.,,,14755000,,unsized
2064124,FIGR,"Figure Technology Solutions, Inc.",8088822285,,,36.05,sized
2064307,LOGC,ContextLogic Holdings Inc.,,,45753716,,unsized
2064355,BCSS,Bain Capital GSS Investment Corp.,600352000,,,10.28,sized
2064947,WBI,WaterBridge Infrastructure LLC,1743446029,,,31.44,sized
2064953,SOLS,Solstice Advanced Materials Inc.,10091573352,10091573352,158847369,63.53,sized
2065601,CBC,"Central Bancompany, Inc.",7807867335,7807867335,239505133,32.6,sized
2065636,MWH,"SOLV Energy, Inc.",5320746921,,,26.29,sized
2065708,ANDG,Andersen Group Inc.,6295716601,,,55.72,sized
2065779,BCAR,D. Boral ARC Acquisition I Corp.,,,,,unsized
2067129,NP,Neptune Insurance Holdings Inc.,4648084758,,,33.87,sized
2067627,NKLR,Terra Innovatum Global N.V.,623225121,623225121,110500908,5.64,sized
2067876,VSNT,"Versant Media Group, Inc.",5708756599,,,41.02,sized
2068385,SHAZ,SharonAI Holdings Inc.,1875029556,,,52.37,sized
2070457,XXI,"Twenty One Capital, Inc.",3379857054,,,6.01,sized
2070849,BLLN,"BillionToOne, Inc.",4399719423,,,93.24,sized
2071288,LMRI,"Lumexa Imaging Holdings, Inc.",1105822973,1105822973,96074976,11.51,sized
2071778,FRMI,Fermi Inc.,3202336740,3202336740,640467348,5.0,sized
2072421,SNNF,"Seneca Bancorp, Inc.",,,1800435,,unsized
2074176,VNOM,"Viper Energy, Inc.",15869230372,,,44.18,sized
2074850,GFUZ,General Fusion Group Ltd.,567482971,372508585,52988419,7.03,disagree
2074878,NWAX,New America Acquisition I Corp.,507462000,,,10.19,sized
2074973,CCXI,Churchill Capital Corp XI,778129000,,,13.97,sized
2075068,IGAC,Invest Green Acquisition Corp,,,,,unsized
2078416,LLYVA,"Liberty Live Holdings, Inc.",9190417008,,,99.89,sized
2078856,PURR,Hyperliquid Strategies Inc,2296894501,2296894501,197837597,11.61,sized
2079173,AEXA,American Exceptionalism Acquisition Corp. A,568798211,,,11.5,sized
2079999,CDNL,Cardinal Infrastructure Group Inc.,777104324,,,38.04,sized
2080921,APC,ARKO Petroleum Corp.,880049125,232549125,12570223,18.5,disagree
2081043,ATAI,AtaiBeckley Inc.,2703603437,2703603437,370864669,7.29,sized
2082247,FDXF,"FedEx Freight Holding Company, Inc.",19953194848,19953194848,149518133,133.45,sized
2082866,PNFP,"Pinnacle Financial Partners, Inc.",15275976777,15275976777,151112640,101.09,sized
2083785,SUNB,"Sunbelt Rentals Holdings, Inc.",30008161099,29994474748,409760584,73.2,sized
2084261,URSB,"URSB Bancorp, Inc.",,,2334375,,unsized
2084396,IEAG,Infinite Eagle Acquisition Corp.,,,,,unsized
2085187,BOBS,"Bob's Discount Furniture, Inc.",2262193285,2262193285,130687076,17.31,sized
2086263,SORN,Soren Acquisition Corp.,,,,,unsized
2086545,ARTC,Art Technology Acquisition Corp.,,,,10.0,unsized
2086587,YSS,York Space Systems Inc.,1232097716,1232097716,137357605,8.97,sized
2088295,BBCQ,Bleichroeder Acquisition Corp. II,,,,,unsized
2088805,CMII,Columbus Circle Capital Corp II,,,,,unsized
2089661,SUNC,SunocoCorp LLC,3932822895,3932822895,51517198,76.34,sized
2089982,HACQ,HCM IV Acquisition Corp.,,,,,unsized
2094265,MLAA,Mountain Lake Acquisition Corp. II,,,,10.0,unsized
2099906,AACO,Abony Acquisition Corp. I,,,,,unsized
2143673,UROY,Uranium Royalty Corp.,1621441438,1621441438,381067318,4.255,sized
