ticker,cik,company,ceo,pct,shares,outstanding,confidence,stake_source,problems,flags,error,form4_url,cover_url,masked
UWMC,1783398,UWM Holdings Corp,Mathew Ishbia,93.6582911261106,1502477918.0,1604212398.0,medium,,,,,https://www.sec.gov/Archives/edgar/data/1783398/000184179426000075/wk-form4_1786140137.xml,https://www.sec.gov/Archives/edgar/data/1783398/000178339826000117/,0
UI,1511737,Ubiquiti Inc.,Robert J. Pera,92.97817002572727,56278181.0,60528381.0,medium,,,,,https://www.sec.gov/Archives/edgar/data/1511737/000141588917001438/form4-08302017_010817.xml,https://www.sec.gov/Archives/edgar/data/1511737/000151173726000056/,0
RRR,1653653,"Red Rock Resorts, Inc.",Frank J. Fertitta III,86.55881999298222,90900774.0,105016189.0,medium,,,,,https://www.sec.gov/Archives/edgar/data/1653653/000119312526271544/ownership.xml,https://www.sec.gov/Archives/edgar/data/1653653/000165365326000013/,0
VG,2007855,"Venture Global, Inc.",Michael Sabel,78.78873651481034,1969791569.0,2500092851.0,medium,,,,,https://www.sec.gov/Archives/edgar/data/2007855/000095010326008986/dp248441_4-sabel.xml,https://www.sec.gov/Archives/edgar/data/2007855/000200785526000062/,0
SMMT,1599298,Summit Therapeutics Inc.,Robert W. Duggan,76.46707782375051,610015809.0,797749602.0,medium,,,,,https://www.sec.gov/Archives/edgar/data/1599298/000105591926000007/wk-form4_1781281727.xml,https://www.sec.gov/Archives/edgar/data/1599298/000159929826000068/,0
FIZZ,69891,NATIONAL BEVERAGE CORP,Nick A. Caporella,73.16850122647604,68494572.0,93612102.0,medium,,,,,https://www.sec.gov/Archives/edgar/data/69891/000143774922014981/rdgdoc.xml,https://www.sec.gov/Archives/edgar/data/69891/000143774926022315/,0
BH-A,1726173,Biglari Holdings Inc.,Sardar Biglari,69.91953321441619,1626712.9,2326550.0,medium,,,,,https://www.sec.gov/Archives/edgar/data/1726173/000092189526001567/form408106003_06052026.xml,https://www.sec.gov/Archives/edgar/data/1726173/000162828026054841/,0
FRHC,924805,Freedom Holding Corp.,Timur Turlov,66.47854461393837,42405112.0,63787666.0,medium,,,,,https://www.sec.gov/Archives/edgar/data/924805/000165495417010665/section16.xml,https://www.sec.gov/Archives/edgar/data/924805/000092480526000047/,0
DFH,1825088,"Dream Finders Homes, Inc.",Patrick O. Zalupski,65.15560786973455,59818972.0,91809399.0,high,,,,,https://www.sec.gov/Archives/edgar/data/1825088/000089706926000699/form4.xml,https://www.sec.gov/Archives/edgar/data/1825088/000162828026050982/,0
TR,98677,TOOTSIE ROLL INDUSTRIES INC,Ellen R. Gordon,57.471415839971975,43144739.0,75071648.0,low,,class(es) counted from the person's filings but absent from the cover page: Common Stock; the denominator may not include them,,,https://www.sec.gov/Archives/edgar/data/98677/000125034026000002/form4-05112026_040550.xml,https://www.sec.gov/Archives/edgar/data/98677/000110465926092633/,0
PTRN,1811935,Pattern Group Inc.,David Wright,54.85301505691498,97308749.0,177399089.0,medium,,,,,https://www.sec.gov/Archives/edgar/data/1811935/000181193526000018/wk-form4_1774477704.xml,https://www.sec.gov/Archives/edgar/data/1811935/000181193526000054/,0
RHLD,2039497,"Resolute Holdings Management, Inc.",Thomas R. Knott,52.52873070792029,4107534.0,7819595.0,medium,,,,,https://www.sec.gov/Archives/edgar/data/2039497/000095014225000617/es250598060_4-knott.xml,https://www.sec.gov/Archives/edgar/data/2039497/000110465926091709/,0
PAG,1019849,"PENSKE AUTOMOTIVE GROUP, INC.",Roger Penske,52.28753849987648,34333500.0,65662873.0,medium,,,,,https://www.sec.gov/Archives/edgar/data/1019849/000162828026040341/wk-form4_1780518288.xml,https://www.sec.gov/Archives/edgar/data/1019849/000162828026051036/,0
ECHO,1415404,EchoStar CORP,Charles W. Ergen,50.66737521945108,147184017.0,290490708.0,medium,,,,,https://www.sec.gov/Archives/edgar/data/1415404/000090454826000015/form4-07312026_080709.xml,https://www.sec.gov/Archives/edgar/data/1415404/000110465926089370/,0
GLXY,1859392,Galaxy Digital Inc.,Michael Novogratz,48.839972484266575,190910124.0,390889090.0,medium,,,,,https://www.sec.gov/Archives/edgar/data/1859392/000138061526000006/wk-form4_1780434854.xml,https://www.sec.gov/Archives/edgar/data/1859392/000185939226000091/,0
PEGA,1013857,PEGASYSTEMS INC,Alan Trefler,46.79681928058794,76936285.0,164404945.0,medium,,,,,https://www.sec.gov/Archives/edgar/data/1013857/000103223526000009/wk-form4_1772745674.xml,https://www.sec.gov/Archives/edgar/data/1013857/000101385726000050/,0
DELL,1571996,Dell Technologies Inc.,Michael S. Dell,45.4034287628464,294263250.0,648107991.0,medium,,,,,https://www.sec.gov/Archives/edgar/data/1571996/000112329225000539/form4.xml,https://www.sec.gov/Archives/edgar/data/1571996/000157199626000030/,0
COLM,1050797,COLUMBIA SPORTSWEAR CO,Timothy P. Boyle,44.62196674034443,22843410.0,51193194.0,medium,,,,,https://www.sec.gov/Archives/edgar/data/1050797/000105079726000138/wk-form4_1786489296.xml,https://www.sec.gov/Archives/edgar/data/1050797/000105079726000136/,0
IPAR,822663,INTERPARFUMS INC,Jean Madar,44.22431415489914,14163182.0,32025781.0,medium,,,,,https://www.sec.gov/Archives/edgar/data/822663/000175392626000621/primary_doc.xml,https://www.sec.gov/Archives/edgar/data/822663/000175392626001317/,0
UHAL,4457,U-Haul Holding Co /NV/,Edward J. Shoen,43.956151652605456,85447899.465,194393495.0,low,,"class(es) counted from the person's filings but absent from the cover page: Series A Common Stock, Series N Common Stock; the denominator may not include them",,,https://www.sec.gov/Archives/edgar/data/4457/000119312525211324/ownership.xml,https://www.sec.gov/Archives/edgar/data/4457/000119312526335008/,0
SEZL,1662991,Sezzle Inc.,Charles Youakim,43.95588373029333,14802150.0,33675014.0,medium,,,,,https://www.sec.gov/Archives/edgar/data/1662991/000166299126000142/wk-form4_1786569970.xml,https://www.sec.gov/Archives/edgar/data/1662991/000166299126000126/,0
CAI,2019410,"Caris Life Sciences, Inc.",David Dean Halbert,43.737310868416564,123599535.0,282595186.0,high,,,,,https://www.sec.gov/Archives/edgar/data/2019410/000103438026000004/wk-form4_1779135727.xml,https://www.sec.gov/Archives/edgar/data/2019410/000201941026000055/,0
SAH,1043509,SONIC AUTOMOTIVE INC,David Bruton Smith,42.37859531747186,13397909.0,31614802.0,medium,,,,,https://www.sec.gov/Archives/edgar/data/1043509/000162828026031224/wk-form4_1778097809.xml,https://www.sec.gov/Archives/edgar/data/1043509/000162828026051028/,0
RVLV,1746618,"Revolve Group, Inc.",Mike Karanikolas,42.35974972082882,30111606.0,71085420.0,medium,,,,,https://www.sec.gov/Archives/edgar/data/1746618/000119312526192993/ownership.xml,https://www.sec.gov/Archives/edgar/data/1746618/000119312526332938/,0
ASTS,1780312,"AST SpaceMobile, Inc.",Abel Avellan,40.30534138085027,156855287.0,389167494.0,medium,,,,,https://www.sec.gov/Archives/edgar/data/1780312/000149315226039319/ownership.xml,https://www.sec.gov/Archives/edgar/data/1780312/000119312526342550/,0
DSGR,703604,"Distribution Solutions Group, Inc.",J. Bryan King,39.34307204028968,18198304.0,46255422.0,low,,the matched insider (King John Bryan) is not flagged as an officer on any filing; this may be a trust or entity named after the chief executive,,,https://www.sec.gov/Archives/edgar/data/703604/000195594723000003/primary_doc.xml,https://www.sec.gov/Archives/edgar/data/703604/000070360426000041/,0
RUM,1830081,RUM Group Inc.,Chris Pavlovski,38.609342711497376,191429057.0,495810194.0,high,,,,,https://www.sec.gov/Archives/edgar/data/1830081/000121390026041025/ownership.xml,https://www.sec.gov/Archives/edgar/data/1830081/000121390026087311/,0
AMRC,1488139,"Ameresco, Inc.",George P. Sakellaris,38.27406671262058,20310597.0,53066211.0,medium,,,,,https://www.sec.gov/Archives/edgar/data/1488139/000162828026059314/wk-form4_1787874711.xml,https://www.sec.gov/Archives/edgar/data/1488139/000162828026052190/,0
SAM,949870,BOSTON BEER CO INC,C. James Koch,38.19033061751526,3930427.0,10291681.0,medium,,,,,https://www.sec.gov/Archives/edgar/data/949870/000156218023007469/primarydocument.xml,https://www.sec.gov/Archives/edgar/data/949870/000119312526314203/,0
DBX,1467623,"DROPBOX, INC.",Andrew W. Houston,37.15652681279815,83865731.0,225709285.0,medium,,,,,https://www.sec.gov/Archives/edgar/data/1467623/000173456326000016/wk-form4_1779309168.xml,https://www.sec.gov/Archives/edgar/data/1467623/000146762326000049/,0
SLDE,1886428,"Slide Insurance Holdings, Inc.",Bruce Lucas,35.89519815216485,41929798.0,116811719.0,medium,,,,,https://www.sec.gov/Archives/edgar/data/1886428/000119312526333041/ownership.xml,https://www.sec.gov/Archives/edgar/data/1886428/000119312526326333/,0
SYM,1837240,Symbotic Inc.,Richard B. Cohen,34.951543655362826,211387533.0,604801708.0,high,,,,,https://www.sec.gov/Archives/edgar/data/1837240/000193344725000005/wk-form4_1765586753.xml,https://www.sec.gov/Archives/edgar/data/1837240/000183724026000043/,0
PACS,2001184,"PACS Group, Inc.",Jason Murray,34.54362875737645,54694866.0,158335612.0,high,,,,,https://www.sec.gov/Archives/edgar/data/2001184/000201438626000008/wk-form4_1787608584.xml,https://www.sec.gov/Archives/edgar/data/2001184/000200118426000030/,0
IRMD,1325618,IRADIMED CORP,Roger Susi,34.31573542203948,4387950.0,12786991.0,high,,,,,https://www.sec.gov/Archives/edgar/data/1325618/000161380126000043/wk-form4_1780424773.xml,https://www.sec.gov/Archives/edgar/data/1325618/000162828026051402/,0
SPCX,1181412,SPACE EXPLORATION TECHNOLOGIES CORP,Elon Musk,33.7628833023278,4450548980.0,13181779945.0,medium,,,,,https://www.sec.gov/Archives/edgar/data/1181412/000162828026042628/wk-form3_1781226017.xml,https://www.sec.gov/Archives/edgar/data/1181412/000162828026052535/,0
OPK,944809,"OPKO HEALTH, INC.",Phillip Frost,33.55126707153545,250402576.0,746328225.0,medium,,,,,https://www.sec.gov/Archives/edgar/data/944809/000119312525291590/ownership.xml,https://www.sec.gov/Archives/edgar/data/944809/000119312526374509/,0
NP,2067129,Neptune Insurance Holdings Inc.,Trevor Burgess,33.16835903060989,45517964.0,137233090.0,medium,,,,,https://www.sec.gov/Archives/edgar/data/2067129/000206712926000008/primary_doc.xml,https://www.sec.gov/Archives/edgar/data/2067129/000162828026049809/,0
ARHS,1875444,"Arhaus, Inc.",John Reed,31.808590304853627,45089228.0,141751733.0,medium,,,,,https://www.sec.gov/Archives/edgar/data/1875444/000187544424000004/wk-form5_1706133176.xml,https://www.sec.gov/Archives/edgar/data/1875444/000187544426000030/,0
NUTX,1479681,Nutex Health Inc.,Thomas T. Vo,30.71002178308822,2103014.0,6847973.0,medium,,,,,https://www.sec.gov/Archives/edgar/data/1479681/000191994526000003/primary_doc.xml,https://www.sec.gov/Archives/edgar/data/1479681/000162828026054268/,0
NMAX,2026478,Newsmax Inc.,Christopher Ruddy,30.380226887222495,39239297.0,129160645.0,medium,,,,,https://www.sec.gov/Archives/edgar/data/2026478/000101376225004007/ownership.xml,https://www.sec.gov/Archives/edgar/data/2026478/000202647826000061/,0
TSLA,1318605,"Tesla, Inc.",Elon Musk,28.441861153673248,1123324786.0,3949547394.0,high,,,,,https://www.sec.gov/Archives/edgar/data/1318605/000110465926075213/tm2618092-2_4seq1.xml,https://www.sec.gov/Archives/edgar/data/1318605/000162828026049270/,0
DOCS,1516513,"Doximity, Inc.",Jeffrey Tangney,28.27943216447294,50406951.0,178245980.0,medium,,,,,https://www.sec.gov/Archives/edgar/data/1516513/000147083126000824/wk-form4_1787006493.xml,https://www.sec.gov/Archives/edgar/data/1516513/000151651326000040/,0
MBIN,1629019,Merchants Bancorp,Michael F. Petrie,27.34639838521749,12562409.0,45938075.0,medium,,,,,https://www.sec.gov/Archives/edgar/data/1629019/000171834826000011/primarydocument.xml,https://www.sec.gov/Archives/edgar/data/1629019/000110465926092702/,0
URBN,912615,URBAN OUTFITTERS INC,Richard A. Hayne,27.270924698000233,23353479.0,85635083.0,medium,,,,,https://www.sec.gov/Archives/edgar/data/912615/000119312526290584/ownership.xml,https://www.sec.gov/Archives/edgar/data/912615/000119312526263929/,0
KVYO,1835830,"Klaviyo, Inc.",Andrew Bialecki,26.455556862965757,75326229.0,284727437.0,low,,"class(es) counted from the person's filings but absent from the cover page: Series A Common Stock, Series B Common Stock; the denominator may not include them",,,https://www.sec.gov/Archives/edgar/data/1835830/000147083126000495/wk-form4_1780013281.xml,https://www.sec.gov/Archives/edgar/data/1835830/000183583026000040/,0
BRKR,1109354,BRUKER CORP,Frank H. Laukien,26.116103425829962,40511121.0,155119316.0,low,,"1 line(s) only ever footnoted, so missing from the total",,,https://www.sec.gov/Archives/edgar/data/1109354/000113364926000005/form4-08182026_040814.xml,https://www.sec.gov/Archives/edgar/data/1109354/000119312526335226/,0
CDRE,1860543,"Cadre Holdings, Inc.",Warren B. Kanders,25.149094828687428,10769027.0,42820734.0,medium,,,,,https://www.sec.gov/Archives/edgar/data/1860543/000110465926101500/tm2624042-1_4seq1.xml,https://www.sec.gov/Archives/edgar/data/1860543/000110465926091151/,0
WRB,11544,BERKLEY W R CORP,W. Robert Berkley,24.4446504935791,90745272.0,371227529.0,medium,,,,,https://www.sec.gov/Archives/edgar/data/11544/000001154426000042/form4.xml,https://www.sec.gov/Archives/edgar/data/11544/000001154426000036/,0
PLPC,80035,PREFORMED LINE PRODUCTS CO,Robert G. Ruhlman,24.363279529674656,1191047.8900000001,4888701.0,medium,,,,,https://www.sec.gov/Archives/edgar/data/80035/000116054526000006/wk-form4_1785874165.xml,https://www.sec.gov/Archives/edgar/data/80035/000008003526000030/,0
TEM,1717115,"Tempus AI, Inc.",Eric Lefkofsky,23.216377447812768,41890414.0,180434756.0,medium,,,,,https://www.sec.gov/Archives/edgar/data/1717115/000111435726000036/form4-08282026_120836.xml,https://www.sec.gov/Archives/edgar/data/1717115/000119312526326090/,0
MRTN,799167,MARTEN TRANSPORT LTD,Randolph L. Marten,21.727329623890004,17742900.0,81661669.0,medium,,,,,https://www.sec.gov/Archives/edgar/data/799167/000125397926000003/primary_doc.xml,https://www.sec.gov/Archives/edgar/data/799167/000143774926026046/,0
WMK,105418,WEIS MARKETS INC,Jonathan H. Weis,21.538063440677575,5329507.0,24744597.0,medium,,,,,https://www.sec.gov/Archives/edgar/data/105418/000118631426000002/form4-06042026_060608.xml,https://www.sec.gov/Archives/edgar/data/105418/000010541826000051/,0
LQDT,1235468,LIQUIDITY SERVICES INC,William P. Angrick,21.35223913428282,6690002.0,31331618.0,medium,,,,,https://www.sec.gov/Archives/edgar/data/1235468/000135261826000012/ownership.xml,https://www.sec.gov/Archives/edgar/data/1235468/000119312526337292/,0
PS,2026053,PERSHING SQUARE INC.,William A. Ackman,21.202173,84808692.0,400000000.0,high,,,,,https://www.sec.gov/Archives/edgar/data/2026053/000114036126033760/form4.xml,https://www.sec.gov/Archives/edgar/data/2026053/000119312526349628/,0
FOXA,1754301,Fox Corp,Lachlan K. Murdoch,20.678326269342037,86776627.0,419650149.0,high,,,,,https://www.sec.gov/Archives/edgar/data/1754301/000162828026057762/wk-form4_1787088137.xml,https://www.sec.gov/Archives/edgar/data/1754301/000162828026053960/,0
NRP,1171486,NATURAL RESOURCE PARTNERS LP,Corbin J. Robertson,19.981597553344002,2647644.0,13250412.0,medium,,,,,https://www.sec.gov/Archives/edgar/data/1171486/000143774926003973/rdgdoc.xml,https://www.sec.gov/Archives/edgar/data/1171486/000143774926025856/,0
TTAN,1638826,"ServiceTitan, Inc.",Ara Mahdessian,19.070826472441194,18193106.75,95397579.0,low,,class(es) counted from the person's filings but absent from the cover page: Common Stock; the denominator may not include them,,,https://www.sec.gov/Archives/edgar/data/1638826/000163882626000079/form4.xml,https://www.sec.gov/Archives/edgar/data/1638826/000163882626000047/,0
MEDP,1668397,"Medpace Holdings, Inc.",August J. Troendle,18.8914380032284,5272913.0,27911655.0,medium,,,,,https://www.sec.gov/Archives/edgar/data/1668397/000162205826000010/wk-form4_1788207113.xml,https://www.sec.gov/Archives/edgar/data/1668397/000166839726000025/,0
TEAM,1650372,Atlassian Corp,Michael Cannon-Brookes,18.70228712258134,47342748.0,253138815.0,medium,,,,,https://www.sec.gov/Archives/edgar/data/1650372/000166612026000026/primarydocument.xml,https://www.sec.gov/Archives/edgar/data/1650372/000165037226000036/,0
ABCL,1703057,AbCellera Biologics Inc.,Carl L. G. Hansen,18.5850874213556,56984009.0,306611466.0,medium,,,,,https://www.sec.gov/Archives/edgar/data/1703057/000183441226000002/wk-form4_1767633053.xml,https://www.sec.gov/Archives/edgar/data/1703057/000170305726000046/,0
VICR,751978,VICOR CORP,Patrizio Vinciarelli,18.4669670363972,8514515.0,46106732.0,medium,,,,,https://www.sec.gov/Archives/edgar/data/751978/000119312526297059/ownership.xml,https://www.sec.gov/Archives/edgar/data/751978/000119312526322462/,0
BIO,12208,"BIO-RAD LABORATORIES, INC.",Norman Schwartz,18.243429104641585,4877960.0,26738175.0,medium,,,,,https://www.sec.gov/Archives/edgar/data/12208/000094080525000006/wk-form4_1757449196.xml,https://www.sec.gov/Archives/edgar/data/12208/000001220826000048/,0
ALX,3499,ALEXANDERS INC,Steven Roth,17.969294870665266,917744.0,5107290.0,medium,,,,,https://www.sec.gov/Archives/edgar/data/3499/000090450326000007/form4-05222026_040503.xml,https://www.sec.gov/Archives/edgar/data/3499/000000349926000038/,0
PATH,1734722,"UiPath, Inc.",Daniel Dines,17.59860595763687,91181944.0,518120266.0,medium,,,,,https://www.sec.gov/Archives/edgar/data/1734722/000185576726000017/primarydocument.xml,https://www.sec.gov/Archives/edgar/data/1734722/000173472226000041/,0
MCRI,907242,MONARCH CASINO & RESORT INC,John Farahi,17.508535769047224,3137971.0,17922521.0,medium,,,,,https://www.sec.gov/Archives/edgar/data/907242/000090724226000012/primary_doc.xml,https://www.sec.gov/Archives/edgar/data/907242/000110465926087556/,0
AIP,1667011,"Arteris, Inc.",K. Charles Janac,17.41628669308995,8560471.0,49152102.0,high,,,,,https://www.sec.gov/Archives/edgar/data/1667011/000106898726000018/primarydocument.xml,https://www.sec.gov/Archives/edgar/data/1667011/000162828026054464/,0
GPGI,1823144,"GPGI, Inc.",Thomas Knott,17.35127385282536,50299622.0,289890082.0,high,,,,,https://www.sec.gov/Archives/edgar/data/1823144/000095014226001756/es260793729_4-knott.xml,https://www.sec.gov/Archives/edgar/data/1823144/000162828026053968/,0
RH,1528849,RH,Gary Friedman,17.06969097721921,3226337.0,18900969.0,medium,,,,,https://www.sec.gov/Archives/edgar/data/1528849/000113744326000002/form4-07082026_090739.xml,https://www.sec.gov/Archives/edgar/data/1528849/000110465926073006/,0
PRCH,1784535,"Porch Group, Inc.",Matthew Ehrlichman,16.98281489134766,22388792.0,131832044.0,medium,,,,,https://www.sec.gov/Archives/edgar/data/1784535/000151518426000036/wk-form4_1779400017.xml,https://www.sec.gov/Archives/edgar/data/1784535/000178453526000048/,0
NUVB,1811063,Nuvation Bio Inc.,David Hung,16.883261609749418,59281054.0,351123233.0,medium,,,,,https://www.sec.gov/Archives/edgar/data/1811063/000131088026000003/form4-03042026_120352.xml,https://www.sec.gov/Archives/edgar/data/1811063/000119312526336646/,0
ZS,1713683,"Zscaler, Inc.",Jagtar Chaudhry,16.615573510589435,26868965.0,161709525.0,high,,,,,https://www.sec.gov/Archives/edgar/data/1713683/000171368326000119/wk-form4_1781741459.xml,https://www.sec.gov/Archives/edgar/data/1713683/000171368326000096/,0
IDT,1005731,IDT CORP,Shmuel Jonas,16.450373535812236,4090972.0,24868566.0,low,,class(es) counted from the person's filings but absent from the cover page: Common Stock; the denominator may not include them,,,https://www.sec.gov/Archives/edgar/data/1005731/000119312526282755/ownership.xml,https://www.sec.gov/Archives/edgar/data/1005731/000143774926019975/,0
MUX,314203,McEwen Inc.,ROBERT R. MCEWEN,15.969590945133888,9798712.0,61358566.0,high,,,,,https://www.sec.gov/Archives/edgar/data/314203/000110465926088289/tm2621630-1_4seq1.xml,https://www.sec.gov/Archives/edgar/data/314203/000110465926091284/,0
ARLP,1086600,ALLIANCE RESOURCE PARTNERS LP,Joseph W. Craft III,14.613846743372031,18802000.0,128658801.0,medium,,,,,https://www.sec.gov/Archives/edgar/data/1086600/000141588924029698/form4-12182024_031203.xml,https://www.sec.gov/Archives/edgar/data/1086600/000110465926092001/,0
AXSM,1579428,"Axsome Therapeutics, Inc.",Herriot Tabuteau,14.035155006552207,7351729.0,52380818.0,high,,,,,https://www.sec.gov/Archives/edgar/data/1579428/000119312526340688/ownership.xml,https://www.sec.gov/Archives/edgar/data/1579428/000119312526342360/,0
CRCT,1828962,"Cricut, Inc.",Ashish Arora,13.895107139070253,29102526.0,209444416.0,medium,,,,,https://www.sec.gov/Archives/edgar/data/1828962/000185156426000034/wk-form4_1787351382.xml,https://www.sec.gov/Archives/edgar/data/1828962/000182896226000049/,0
YOU,1856314,"Clear Secure, Inc.",Caryn Seidman Becker,13.867545257977712,18761136.0,135288082.0,medium,,,,,https://www.sec.gov/Archives/edgar/data/1856314/000146645326000030/wk-form4_1786135709.xml,https://www.sec.gov/Archives/edgar/data/1856314/000185631426000042/,0
MHK,851968,MOHAWK INDUSTRIES INC,Jeffrey S. Lorberbaum,13.857884652731487,9387074.0,67738145.0,medium,,,,,https://www.sec.gov/Archives/edgar/data/851968/000110465926091387/tm2622370-1_4seq1.xml,https://www.sec.gov/Archives/edgar/data/851968/000085196826000033/,0
SSNC,1402436,SS&C Technologies Holdings Inc,William C. Stone,13.837680234176647,32470808.0,234654996.0,medium,,,,,https://www.sec.gov/Archives/edgar/data/1402436/000119312526088333/ownership.xml,https://www.sec.gov/Archives/edgar/data/1402436/000119312526326105/,0
UAA,1336917,"Under Armour, Inc.",Kevin A. Plank,13.454128255052705,57791608.0,429545541.0,low,,class(es) counted from the person's filings but absent from the cover page: Class B Common Stock; the denominator may not include them,,,https://www.sec.gov/Archives/edgar/data/1336917/000133691726000121/wk-form4_1787948932.xml,https://www.sec.gov/Archives/edgar/data/1336917/000133691726000111/,0
META,1326801,"Meta Platforms, Inc.",Mark Zuckerberg,13.443080987957154,342463325.0,2547506225.0,medium,,,,,https://www.sec.gov/Archives/edgar/data/1326801/000095010326011908/ownership.xml,https://www.sec.gov/Archives/edgar/data/1326801/000162828026050705/,0
LOB,1462120,"Live Oak Bancshares, Inc.",James S. Mahan III,13.427806640880727,6214875.0,46283620.0,medium,,,,,https://www.sec.gov/Archives/edgar/data/1462120/000103674326000033/wk-form4_1787947353.xml,https://www.sec.gov/Archives/edgar/data/1462120/000146212026000058/,0
PAYC,1590955,"Paycom Software, Inc.",Chad Richison,13.312812215598468,6000300.0,45071619.0,medium,,,,,https://www.sec.gov/Archives/edgar/data/1590955/000119312526272573/ownership.xml,https://www.sec.gov/Archives/edgar/data/1590955/000119312526338010/,0
IBP,1580905,"Installed Building Products, Inc.",Jeffrey W. Edwards,13.219837469008164,3513724.0,26579177.0,medium,,,,,https://www.sec.gov/Archives/edgar/data/1580905/000162828026026313/wk-form4_1776803668.xml,https://www.sec.gov/Archives/edgar/data/1580905/000158090526000045/,0
EQPT,1693736,EquipmentShare.com Inc,Jabbok Schlacks,13.079780578870459,33141020.0,253375963.0,medium,,,,,https://www.sec.gov/Archives/edgar/data/1693736/000095010326009152/ownership.xml,https://www.sec.gov/Archives/edgar/data/1693736/000169373626000020/,0
DAVE,1841408,Dave Inc./DE,Jason Wilk,13.028992105135453,1661914.0,12755507.0,medium,,,,,https://www.sec.gov/Archives/edgar/data/1841408/000119312526257869/ownership.xml,https://www.sec.gov/Archives/edgar/data/1841408/000119312526335154/,0
ARX,1997350,Accelerant Holdings,Jeff Radke,12.972848587341748,28175542.0,217188552.0,high,,,,,https://www.sec.gov/Archives/edgar/data/1997350/000162828026055804/wk-form4_1786483508.xml,https://www.sec.gov/Archives/edgar/data/1997350/000199735026000015/,0
HNGE,1673743,"Hinge Health, Inc.",Daniel Perez,12.785998565427395,10317587.0,80694417.0,medium,,,,,https://www.sec.gov/Archives/edgar/data/1673743/000206323626000012/form4-07302026_010713.xml,https://www.sec.gov/Archives/edgar/data/1673743/000162828026054327/,0
LIFE,1788451,Ethos Technologies Inc.,Peter Colis,12.6298195715415,8052704.0,63759454.0,medium,,,,,https://www.sec.gov/Archives/edgar/data/1788451/000208936226000016/form4-08212026_060805.xml,https://www.sec.gov/Archives/edgar/data/1788451/000119312526335209/,0
GIII,821002,G III APPAREL GROUP LTD /DE/,Morris Goldfarb,12.382740096940612,5224349.0,42190573.0,medium,,,,,https://www.sec.gov/Archives/edgar/data/821002/000082100226000038/form4.xml,https://www.sec.gov/Archives/edgar/data/821002/000110465926071371/,0
ABNB,1559720,"Airbnb, Inc.",Brian Chesky,12.23601051302359,73267479.0,598785682.0,medium,,,,,https://www.sec.gov/Archives/edgar/data/1559720/000119312526345333/ownership.xml,https://www.sec.gov/Archives/edgar/data/1559720/000155972026000027/,0
DDS,28917,"DILLARD'S, INC.",William Dillard,12.007301655734693,1875477.0,15619471.0,medium,,,,,https://www.sec.gov/Archives/edgar/data/28917/000117968426000013/form4-08262026_100842.xml,https://www.sec.gov/Archives/edgar/data/28917/000002891726000019/,0
WHD,1699136,"Cactus, Inc.",Scott Bender,11.700978070219692,9381776.0,80179417.0,medium,,,,,https://www.sec.gov/Archives/edgar/data/1699136/000162828026055363/wk-form4_1786396887.xml,https://www.sec.gov/Archives/edgar/data/1699136/000162828026051177/,0
WLFC,1018164,WILLIS LEASE FINANCE CORP,Austin C. Willis,11.657226922427716,2464817.0,21144111.0,medium,,,,,https://www.sec.gov/Archives/edgar/data/1018164/000090514826003482/form4.xml,https://www.sec.gov/Archives/edgar/data/1018164/000101816426000068/,0
ROKU,1428439,"ROKU, INC",Anthony Wood,11.290868756809651,16757791.0,148418969.0,medium,,,,,https://www.sec.gov/Archives/edgar/data/1428439/000171683726000024/form4.xml,https://www.sec.gov/Archives/edgar/data/1428439/000162828026054335/,0
PVLA,1583648,"PALVELLA THERAPEUTICS, INC.",Wesley Kaupinen,11.154793170403918,1607228.0,14408407.0,high,,,,,https://www.sec.gov/Archives/edgar/data/1583648/000110465926012066/tm265512-3_4seq1.xml,https://www.sec.gov/Archives/edgar/data/1583648/000119312526331574/,0
GLP,1323468,GLOBAL PARTNERS LP,Eric Slifka,11.057545950923066,3759075.0,33995563.0,medium,,,,,https://www.sec.gov/Archives/edgar/data/1323468/000133939626000027/form4.xml,https://www.sec.gov/Archives/edgar/data/1323468/000110465926092496/,0
SMCI,1375365,"Super Micro Computer, Inc.",Charles Liang,11.039924443160029,66396146.0,601418482.0,medium,,,,,https://www.sec.gov/Archives/edgar/data/1375365/000139294226000012/wk-form4_1787172385.xml,https://www.sec.gov/Archives/edgar/data/1375365/000137536526000014/,0
OKLO,1849056,Oklo Inc.,Jacob DeWitte,10.96204473070163,20391338.0,186017650.0,medium,,,,,https://www.sec.gov/Archives/edgar/data/1849056/000202143326000017/wk-form4_1785960333.xml,https://www.sec.gov/Archives/edgar/data/1849056/000162828026054571/,0
DMC,1047340,DEL MONTE CORP,Mohammad Abu-Ghazaleh,10.782898853095704,5083729.0,47146218.0,medium,,,,,https://www.sec.gov/Archives/edgar/data/1047340/000141803626000009/wk-form4_1772754301.xml,https://www.sec.gov/Archives/edgar/data/1047340/000104734026000042/,0
TTD,1671933,"Trade Desk, Inc.",Jeff T. Green,10.572998529067604,49680426.0,469880194.0,medium,,,,,https://www.sec.gov/Archives/edgar/data/1671933/000167144526000008/wk-form4_1787091868.xml,https://www.sec.gov/Archives/edgar/data/1671933/000167193326000086/,0
KARD,2123613,"Kardigan, Inc.",Tassos Gianakakos,10.48796262060178,9806633.0,93503699.0,medium,,,,,https://www.sec.gov/Archives/edgar/data/2123613/000119312526277916/ownership.xml,https://www.sec.gov/Archives/edgar/data/2123613/000119312526343418/,0
LAMR,1090425,LAMAR ADVERTISING CO/NEW,Sean E. Reilly,10.39670847551975,10557835.0,101549784.0,medium,,,,,https://www.sec.gov/Archives/edgar/data/1090425/000119248226000186/form4.xml,https://www.sec.gov/Archives/edgar/data/1090425/000109042526000024/,0
WSO,105016,WATSCO INC,Albert H. Nahmad,10.39185940025396,4286870.0,41252194.0,medium,,,,,https://www.sec.gov/Archives/edgar/data/105016/000119312526106200/ownership.xml,https://www.sec.gov/Archives/edgar/data/105016/000119312526340204/,0
STGW,876883,Stagwell Inc,Mark Penn,10.240287888864556,25034990.0,244475451.0,high,,,,,https://www.sec.gov/Archives/edgar/data/876883/000110465926094266/tm2622848-1_4seq1.xml,https://www.sec.gov/Archives/edgar/data/876883/000087688326000026/,0
GCT,1857816,GigaCloud Technology Inc,Larry Lei Wu,10.236185214900702,7310732.0,71420474.0,low,,"1 line(s) only ever footnoted, so missing from the total",,,https://www.sec.gov/Archives/edgar/data/1857816/000162828026058507/wk-form4_1787363036.xml,https://www.sec.gov/Archives/edgar/data/1857816/000185781626000074/,0
ASST,1920406,"Strive, Inc.",Matthew Cole,10.22308947636618,8734802.194,85441903.0,medium,,,,,https://www.sec.gov/Archives/edgar/data/1920406/000095010326012094/ownership.xml,https://www.sec.gov/Archives/edgar/data/1920406/000162828026054985/,0
AMRX,1723128,"Amneal Pharmaceuticals, Inc.",Chintu Patel,10.18415778389117,32523507.0,319353919.0,medium,,,,,https://www.sec.gov/Archives/edgar/data/1723128/000162828026056297/wk-form4_1786567594.xml,https://www.sec.gov/Archives/edgar/data/1723128/000172312826000031/,0
LGIH,1580670,"LGI Homes, Inc.",Eric Lipar,10.04140866899699,2334454.0,23248272.0,medium,,,,,https://www.sec.gov/Archives/edgar/data/1580670/000158067026000022/wk-form4_1773179623.xml,https://www.sec.gov/Archives/edgar/data/1580670/000158067026000072/,0
FIG,1579878,"Figma, Inc.",Dylan Field,9.929273598231532,52924008.0,533009867.0,medium,,,,,https://www.sec.gov/Archives/edgar/data/1579878/000207358626000014/form4-08312026_080802.xml,https://www.sec.gov/Archives/edgar/data/1579878/000162828026053348/,0
AUPH,1600620,Aurinia Pharmaceuticals Inc.,Kevin Tang,9.803826750322102,13044106.0,133051168.0,high,,,,,https://www.sec.gov/Archives/edgar/data/1600620/000117857926000004/form4-06032026_010631.xml,https://www.sec.gov/Archives/edgar/data/1600620/000160062026000062/,0
LEN,920760,LENNAR CORP /NEW/,Stuart Miller,9.76845352904626,23531730.0,240895142.0,medium,,,,,https://www.sec.gov/Archives/edgar/data/920760/000119312526222046/ownership.xml,https://www.sec.gov/Archives/edgar/data/920760/000162828026046019/,0
COIN,1679788,"Coinbase Global, Inc.",Brian Armstrong,9.71817883124721,25640144.0,263836923.0,medium,,,,,https://www.sec.gov/Archives/edgar/data/1679788/000185149226000001/wk-form4_1767822506.xml,https://www.sec.gov/Archives/edgar/data/1679788/000167978826000088/,0
STUB,1337634,"StubHub Holdings, Inc.",Eric H. Baker,9.705464497855983,37083606.0,382089966.0,medium,,,,,https://www.sec.gov/Archives/edgar/data/1337634/000162828026054938/wk-form4_1786138489.xml,https://www.sec.gov/Archives/edgar/data/1337634/000162828026056402/,0
CRWV,1769628,"CoreWeave, Inc.",Michael Intrator,9.665872547113382,53310825.0,551536602.0,medium,,,,,https://www.sec.gov/Archives/edgar/data/1769628/000176962826000412/form4.xml,https://www.sec.gov/Archives/edgar/data/1769628/000176962826000366/,0
QUBT,1758009,Quantum Computing Inc.,Dr. Yuping Huang,9.512468122984043,21531173.0,226346861.0,medium,,,,,https://www.sec.gov/Archives/edgar/data/1758009/000121390026093204/ownership.xml,https://www.sec.gov/Archives/edgar/data/1758009/000162828026055218/,0
TMC,1798562,TMC the metals Co Inc.,Gerard Barron,9.47632795495693,41803445.0,441135482.0,medium,,,,,https://www.sec.gov/Archives/edgar/data/1798562/000110465926043874/tm2611799-1_4seq1.xml,https://www.sec.gov/Archives/edgar/data/1798562/000110465926096051/,0
SNAP,1564408,Snap Inc,Evan Spiegel,9.28694178602342,157060547.0,1691197712.0,medium,,,,,https://www.sec.gov/Archives/edgar/data/1564408/000119312526151634/ownership.xml,https://www.sec.gov/Archives/edgar/data/1564408/000156440826000052/,0
ERAS,1761918,"Erasca, Inc.",Jonathan E. Lim,9.250739863747647,32355576.0,349762035.0,medium,,,,,https://www.sec.gov/Archives/edgar/data/1761918/000119312526030626/ownership.xml,https://www.sec.gov/Archives/edgar/data/1761918/000119312526344611/,0
JOBY,1819848,"Joby Aviation, Inc.",JoeBen Bevirt,9.106779475266261,90077363.0,989124237.0,high,,,,,https://www.sec.gov/Archives/edgar/data/1819848/000181984826000439/wk-form4_1787084036.xml,https://www.sec.gov/Archives/edgar/data/1819848/000181984826000435/,0
ALNT,46129,ALLIENT INC,Richard S. Warzala,8.911466076981217,1515173.0,17002511.0,medium,,,,,https://www.sec.gov/Archives/edgar/data/46129/000123994426000078/form4.xml,https://www.sec.gov/Archives/edgar/data/46129/000110465926091098/,0
CPNG,1834584,"Coupang, Inc.",Bom Kim,8.778968716833422,157802990.0,1797511702.0,medium,,,,,https://www.sec.gov/Archives/edgar/data/1834584/000095017024126547/ownership.xml,https://www.sec.gov/Archives/edgar/data/1834584/000183458426000073/,0
MBLY,1910139,Mobileye Global Inc.,Professor Amnon Shashua,8.772298383838152,22142999.0,252419583.0,medium,,,,,https://www.sec.gov/Archives/edgar/data/1910139/000095010326010607/ownership.xml,https://www.sec.gov/Archives/edgar/data/1910139/000110465926086264/,0
WTTR,1693256,"Select Water Solutions, Inc.",John Schmitz,8.635085983343268,11957939.0,138480833.0,low,,class(es) counted from the person's filings but absent from the cover page: Class Common Stock; the denominator may not include them,,,https://www.sec.gov/Archives/edgar/data/1693256/000153928526000011/primarydocument.xml,https://www.sec.gov/Archives/edgar/data/1693256/000110465926091156/,0
OPEN,1801169,Opendoor Technologies Inc.,Kaz Nejatian,8.609483528861686,83605924.0,971091050.0,medium,,,,,https://www.sec.gov/Archives/edgar/data/1801169/000196272926000004/wk-form4_1786750010.xml,https://www.sec.gov/Archives/edgar/data/1801169/000180116926000021/,0
HCI,1400810,"HCI Group, Inc.",Paresh Patel,8.553833721350989,1064000.0,12438867.0,high,,,,,https://www.sec.gov/Archives/edgar/data/1400810/000119312526067203/ownership.xml,https://www.sec.gov/Archives/edgar/data/1400810/000119312526340280/,0
GME,1326380,GameStop Corp.,Ryan Cohen,8.546598892164283,38347842.0,448691257.0,high,,,,,https://www.sec.gov/Archives/edgar/data/1326380/000092189526000131/form412128005_01222026.xml,https://www.sec.gov/Archives/edgar/data/1326380/000132638026000025/,0
AEO,919012,AMERICAN EAGLE OUTFITTERS INC,Jay L. Schottenstein,8.499206135620636,14242403.0,167573333.0,medium,,,,,https://www.sec.gov/Archives/edgar/data/919012/000122520826006762/doc4.xml,https://www.sec.gov/Archives/edgar/data/919012/000119312526255712/,0
CMPR,1262976,CIMPRESS plc,Robert S. Keane,8.379823040134415,2040443.0,24349476.0,medium,,,,,https://www.sec.gov/Archives/edgar/data/1262976/000133708426000010/wk-form4_1787084641.xml,https://www.sec.gov/Archives/edgar/data/1262976/000126297626000027/,0
YSS,2086587,York Space Systems Inc.,Dirk Wallinger,8.284775349715803,11379769.0,137357605.0,medium,,,,,https://www.sec.gov/Archives/edgar/data/2086587/000119312526102697/ownership.xml,https://www.sec.gov/Archives/edgar/data/2086587/000162828026056874/,0
RCAT,748268,"Red Cat Holdings, Inc.",Jeffrey Thompson,8.25868754898115,12612202.0,152714362.0,medium,,,,,https://www.sec.gov/Archives/edgar/data/748268/000162828026057937/wk-form4_1787169799.xml,https://www.sec.gov/Archives/edgar/data/748268/000162828026054368/,0
XYZ,1512673,"Block, Inc.",Jack Dorsey,8.129988764886525,48844566.0,600795000.0,medium,,,,,https://www.sec.gov/Archives/edgar/data/1512673/000162828025029124/wk-form4_1748984845.xml,https://www.sec.gov/Archives/edgar/data/1512673/000162828026053368/,0
WULF,1083301,TERAWULF INC.,Paul B. Prager,8.090777409660928,40370445.0,498968677.0,medium,,,,,https://www.sec.gov/Archives/edgar/data/1083301/000108330126000172/wk-form4_1787964061.xml,https://www.sec.gov/Archives/edgar/data/1083301/000108330126000166/,0
PPLI,1800227,People Inc,Barry Diller,8.081638189230556,6017905.0,74463925.0,low,,"class(es) counted from the person's filings but absent from the cover page: Common Stock, par value $0.0001; the denominator may not include them",,,https://www.sec.gov/Archives/edgar/data/1800227/000162828025050741/wk-form4_1762555396.xml,https://www.sec.gov/Archives/edgar/data/1800227/000162828026051881/,0
AFRM,1820953,"Affirm Holdings, Inc.",Max Levchin,8.067294373416713,27220766.0,337421256.0,medium,,,,,https://www.sec.gov/Archives/edgar/data/1820953/000162828026001248/wk-form4_1767826879.xml,https://www.sec.gov/Archives/edgar/data/1820953/000162828026059279/,0
APLD,1144879,Applied Digital Corp.,Wes Cummins,8.014926809808925,23361036.0,291469112.0,medium,,,,,https://www.sec.gov/Archives/edgar/data/1144879/000139193526000005/wk-form4_1785878526.xml,https://www.sec.gov/Archives/edgar/data/1144879/000114487926000048/,0
HROW,1360214,"HARROW, INC.",Mark L. Baum,7.992269495316482,2996130.0,37487850.0,medium,,,,,https://www.sec.gov/Archives/edgar/data/1360214/000149315226023321/ownership.xml,https://www.sec.gov/Archives/edgar/data/1360214/000162828026055271/,0
FTNT,1262039,"Fortinet, Inc.",Ken Xie,7.880614700787094,57821146.0,733713653.0,medium,,,,,https://www.sec.gov/Archives/edgar/data/1262039/000147558726000014/form4-08042026_090854.xml,https://www.sec.gov/Archives/edgar/data/1262039/000126203926000021/,0
VIA,1603015,"Via Transportation, Inc.",Daniel Ramot,7.689212766242247,6267140.0,81505613.0,medium,,,,,https://www.sec.gov/Archives/edgar/data/1603015/000162828026043662/wk-form4_1781646004.xml,https://www.sec.gov/Archives/edgar/data/1603015/000160301526000026/,0
AI,1577526,"C3.ai, Inc.",Thomas M. Siebel,7.624151896184117,11851689.0,155449277.0,low,,"1 line(s) only ever footnoted, so missing from the total",,,https://www.sec.gov/Archives/edgar/data/1577526/000157752626000098/wk-form4_1786656439.xml,https://www.sec.gov/Archives/edgar/data/1577526/000157752626000078/,0
INTA,1565687,"Intapp, Inc.",John Hall,7.599948702900132,5814808.0,76511148.0,high,,,,,https://www.sec.gov/Archives/edgar/data/1565687/000156568726000097/form4.xml,https://www.sec.gov/Archives/edgar/data/1565687/000156568726000073/,0
VEEV,1393052,VEEVA SYSTEMS INC,Peter P. Gassner,7.577926098542482,12269333.0,161908850.0,medium,,,,,https://www.sec.gov/Archives/edgar/data/1393052/000162828024029359/wk-form4_1719003531.xml,https://www.sec.gov/Archives/edgar/data/1393052/000139305226000036/,0
JEF,96223,Jefferies Financial Group Inc.,Richard B. Handler,7.57293708963525,15481530.0,204432307.0,medium,,,,,https://www.sec.gov/Archives/edgar/data/96223/000121465926011109/marketforms-73848.xml,https://www.sec.gov/Archives/edgar/data/96223/000009622326000017/,0
HIMS,1773751,"Hims & Hers Health, Inc.",Andrew Dudum,7.3180979097845515,17074104.0,233313413.0,medium,,,,,https://www.sec.gov/Archives/edgar/data/1773751/000177375126000217/wk-form4_1787878906.xml,https://www.sec.gov/Archives/edgar/data/1773751/000177375126000163/,0
AUR,1828108,"Aurora Innovation, Inc.",Chris Urmson,7.314178364348166,146587491.0,2004155268.0,medium,,,,,https://www.sec.gov/Archives/edgar/data/1828108/000186901325000004/wk-form4_1766022522.xml,https://www.sec.gov/Archives/edgar/data/1828108/000182810826000077/,0
MNST,865752,Monster Beverage Corp,Hilton Schlosberg,7.29115976539352,71418797.0,979525882.0,medium,,,,,https://www.sec.gov/Archives/edgar/data/865752/000128435226000002/form4-05272026_070504.xml,https://www.sec.gov/Archives/edgar/data/865752/000110465926092193/,0
SEI,1697500,"Solaris Energy Infrastructure, Inc.",William A. Zartler,7.255399993250303,5555198.0,76566392.0,high,,,,,https://www.sec.gov/Archives/edgar/data/1697500/000162828026014091/wk-form4_1772577783.xml,https://www.sec.gov/Archives/edgar/data/1697500/000162828026054349/,0
DUOL,1562088,"Duolingo, Inc.",Luis von Ahn,7.198949760238415,3368120.0,46786269.0,medium,,,,,https://www.sec.gov/Archives/edgar/data/1562088/000162828026039163/wk-form4_1780085273.xml,https://www.sec.gov/Archives/edgar/data/1562088/000162828026053603/,0
LTH,1869198,"Life Time Group Holdings, Inc.",Bahram Akradi,7.1688026276402095,16019546.0,223461948.0,high,,,,,https://www.sec.gov/Archives/edgar/data/1869198/000129567926000019/form4-08042026_090807.xml,https://www.sec.gov/Archives/edgar/data/1869198/000186919826000042/,0
ODC,74046,Oil-Dri Corp of America,Daniel S. Jaffee,7.164922677450515,1038078.0,14488335.0,medium,,,,,https://www.sec.gov/Archives/edgar/data/74046/000162828025045677/wk-form4_1761076991.xml,https://www.sec.gov/Archives/edgar/data/74046/000162828026041539/,0
ZM,1585521,"Zoom Communications, Inc.",Eric S. Yuan,7.099465192558332,20715083.0,291783711.0,medium,,,,,https://www.sec.gov/Archives/edgar/data/1585521/000158552126000113/wk-form4_1786136621.xml,https://www.sec.gov/Archives/edgar/data/1585521/000158552126000121/,0
CAKE,887596,CHEESECAKE FACTORY INC,David Overton,7.022941066225161,3494660.0,49760634.0,medium,,,,,https://www.sec.gov/Archives/edgar/data/887596/000090216226000012/form4-08062026_110815.xml,https://www.sec.gov/Archives/edgar/data/887596/000110465926089840/,0
DXPE,1020710,DXP ENTERPRISES INC,David R. Little,6.939168202816652,1076761.0,15517148.0,medium,,,,,https://www.sec.gov/Archives/edgar/data/1020710/000162828026055840/wk-form4_1786485432.xml,https://www.sec.gov/Archives/edgar/data/1020710/000162828026054179/,0
LADR,1577670,Ladder Capital Corp,Brian Harris,6.864550664416101,8708733.0,126865303.0,medium,,,,,https://www.sec.gov/Archives/edgar/data/1577670/000110465926018613/tm266986-6_4seq1.xml,https://www.sec.gov/Archives/edgar/data/1577670/000157767026000040/,0
PSKY,2041610,Paramount Skydance Corp,David Ellison,6.838093465477532,76719701.0,1121945779.0,high,,,,,https://www.sec.gov/Archives/edgar/data/2041610/000122520826007066/doc4.xml,https://www.sec.gov/Archives/edgar/data/2041610/000204161026000054/,0
RNG,1384905,"RingCentral, Inc.",Vladimir Shmunis,6.827866187886829,5701689.0,83506162.0,medium,,,,,https://www.sec.gov/Archives/edgar/data/1384905/000158664726000008/form4-06172026_040623.xml,https://www.sec.gov/Archives/edgar/data/1384905/000138490526000046/,0
GOLD,1591588,"Gold.com, Inc.",Gregory N. Roberts,6.770933351352087,1927958.0,28474036.0,medium,,,,,https://www.sec.gov/Archives/edgar/data/1591588/000159158826000045/primary_01.xml,https://www.sec.gov/Archives/edgar/data/1591588/000119312526215252/,0
MP,1801368,MP Materials Corp. / DE,James H. Litinsky,6.646316370856839,11837195.0,178101588.0,medium,,,,,https://www.sec.gov/Archives/edgar/data/1801368/000183174626000018/wk-form4_1780704325.xml,https://www.sec.gov/Archives/edgar/data/1801368/000180136826000048/,0
IREN,1878848,IREN Ltd,Daniel Roberts,6.615173965304937,23641221.0,357378674.0,high,,,,,https://www.sec.gov/Archives/edgar/data/1878848/000095010326009958/ownership.xml,https://www.sec.gov/Archives/edgar/data/1878848/000187884826000026/,0
W,1616707,Wayfair Inc.,Niraj Shah,6.583643910584416,9017490.0,136968070.0,medium,,,,,https://www.sec.gov/Archives/edgar/data/1616707/000161670726000158/wk-form4_1786750340.xml,https://www.sec.gov/Archives/edgar/data/1616707/000161670726000150/,0
RMIX,2094433,"Suncrete, Inc.",Randall Edgar,6.543832652154427,4808790.0,73485834.0,high,,,,,https://www.sec.gov/Archives/edgar/data/2094433/000110465926041083/tm2611401-6_3seq1.xml,https://www.sec.gov/Archives/edgar/data/2094433/000119312526352341/,0
CELC,1603454,Celcuity Inc.,Brian F. Sullivan,6.541708939696364,3200983.0,48931908.0,high,,,,,https://www.sec.gov/Archives/edgar/data/1603454/000094045426000002/form4-08182026_080827.xml,https://www.sec.gov/Archives/edgar/data/1603454/000119312526349608/,0
CRCL,1876042,"Circle Internet Group, Inc.",Jeremy Allaire,6.536307401332071,16594108.0,253875881.0,medium,,,,,https://www.sec.gov/Archives/edgar/data/1876042/000187604226000250/wk-form4_1786136429.xml,https://www.sec.gov/Archives/edgar/data/1876042/000187604226000248/,0
MTZ,15615,MASTEC INC,José R. Mas,6.520331723519702,5236149.0,80304948.0,medium,,,,,https://www.sec.gov/Archives/edgar/data/15615/000119312526349225/ownership.xml,https://www.sec.gov/Archives/edgar/data/15615/000001561526000093/,0
AFG,1042046,AMERICAN FINANCIAL GROUP INC,Carl H. Lindner III,6.4681514434392655,5363486.0,82921466.0,medium,,,,,https://www.sec.gov/Archives/edgar/data/1042046/000119312526368711/ownership.xml,https://www.sec.gov/Archives/edgar/data/1042046/000104204626000024/,0
TBLA,1840502,Taboola.com Ltd.,Adam Singolda,6.462248072496409,17458112.0,270155398.0,high,,,,,https://www.sec.gov/Archives/edgar/data/1840502/000162828026057671/wk-form4_1787084539.xml,https://www.sec.gov/Archives/edgar/data/1840502/000184050226000012/,0
WT,880631,"WisdomTree, Inc.",Jonathan Steinberg,6.4444458832733185,9764116.0,151512111.0,medium,,,,,https://www.sec.gov/Archives/edgar/data/880631/000093499226000009/f4_a1eus0000085hztmam-live.xml,https://www.sec.gov/Archives/edgar/data/880631/000121465926009661/,0
CCS,1576940,"Century Communities, Inc.",Dale Francescon,6.423628965036982,1826424.0,28432900.0,high,,,,,https://www.sec.gov/Archives/edgar/data/1576940/000157694026000049/primary_01.xml,https://www.sec.gov/Archives/edgar/data/1576940/000157694026000057/,0
LMAT,1158895,LEMAITRE VASCULAR INC,George W. LeMaitre,6.399066659664545,1463419.0,22869257.0,medium,,,,,https://www.sec.gov/Archives/edgar/data/1158895/000119312526259976/ownership.xml,https://www.sec.gov/Archives/edgar/data/1158895/000119312526333762/,0
TGTX,1001316,"TG THERAPEUTICS, INC.",Michael S. Weiss,6.388022796482579,9778086.0,153069053.0,medium,,,,,https://www.sec.gov/Archives/edgar/data/1001316/000143774926001016/rdgdoc.xml,https://www.sec.gov/Archives/edgar/data/1001316/000143774926025955/,0
INBX,2007919,"Inhibrx Biosciences, Inc.",Mark P. Lappe,6.287772648641156,925413.0,14717660.0,medium,,,,,https://www.sec.gov/Archives/edgar/data/2007919/000200791924000049/wk-form4_1726521147.xml,https://www.sec.gov/Archives/edgar/data/2007919/000200791926000042/,0
WRBY,1504776,Warby Parker Inc.,Neil Blumenthal,6.23537362702919,7707424.0,123608054.0,medium,,,,,https://www.sec.gov/Archives/edgar/data/1504776/000188334526000014/wk-form4_1786738260.xml,https://www.sec.gov/Archives/edgar/data/1504776/000150477626000019/,0
NXST,1142417,"NEXSTAR MEDIA GROUP, INC.",Perry A. Sook,6.086022075673696,1875000.0,30808301.0,medium,,,,,https://www.sec.gov/Archives/edgar/data/1142417/000119312526288030/ownership.xml,https://www.sec.gov/Archives/edgar/data/1142417/000119312526339827/,0
PDFS,1120914,PDF SOLUTIONS INC,John K. Kibarian,6.068299648264759,2562474.0,42227216.0,medium,,,,,https://www.sec.gov/Archives/edgar/data/1120914/000141588925005622/form4-02262025_020211.xml,https://www.sec.gov/Archives/edgar/data/1120914/000143774926026294/,0
PGY,1883085,Pagaya Technologies Ltd.,Gal Krubiner,6.020947891934501,5145080.0,85452990.0,high,,,,,https://www.sec.gov/Archives/edgar/data/1883085/000162828026045532/wk-form4_1782418949.xml,https://www.sec.gov/Archives/edgar/data/1883085/000188308526000058/,0
NTSK,2063196,Netskope Inc,Sanjay Beri,5.998536867050337,24229509.0,403923649.0,medium,,,,,https://www.sec.gov/Archives/edgar/data/2063196/000119312526295919/ownership.xml,https://www.sec.gov/Archives/edgar/data/2063196/000119312526255732/,0
GTM,1794515,ZoomInfo Technologies Inc.,Henry Schuck,5.987481105341174,17430159.0,291110046.0,medium,,,,,https://www.sec.gov/Archives/edgar/data/1794515/000181321726000014/wk-form4_1783368642.xml,https://www.sec.gov/Archives/edgar/data/1794515/000179451526000056/,0
NET,1477333,"Cloudflare, Inc.",Matthew Prince,5.967054596187823,21247471.0,356079715.0,medium,,,,,https://www.sec.gov/Archives/edgar/data/1477333/000178692526000041/wk-form4_1787086660.xml,https://www.sec.gov/Archives/edgar/data/1477333/000147733326000054/,0
FCNCA,798941,FIRST CITIZENS BANCSHARES INC /DE/,Frank B. Holding,5.9258823071037945,669217.0,11293120.0,medium,,,,,https://www.sec.gov/Archives/edgar/data/798941/000119312526262445/ownership.xml,https://www.sec.gov/Archives/edgar/data/798941/000079894126000031/,0
CBRS,2021728,Cerebras Systems Inc.,Andrew D. Feldman,5.919529294418763,14062673.0,237564041.0,medium,,,,,https://www.sec.gov/Archives/edgar/data/2021728/000162828026058961/wk-form4_1787696023.xml,https://www.sec.gov/Archives/edgar/data/2021728/000162828026056357/,0
JCAP,2046042,"Jefferson Capital, Inc. / DE",David Burton,5.9076505615898816,3392500.0,57425536.0,medium,,,,,https://www.sec.gov/Archives/edgar/data/2046042/000110465926003826/tm263278-1_4seq1.xml,https://www.sec.gov/Archives/edgar/data/2046042/000110465926095946/,0
LUNR,1844452,"Intuitive Machines, Inc.",Stephen Altemus,5.899208465926789,13504708.0,228924068.0,medium,,,,,https://www.sec.gov/Archives/edgar/data/1844452/000162828026025528/wk-form4_1776371505.xml,https://www.sec.gov/Archives/edgar/data/1844452/000162828026056821/,0
BAND,1514416,Bandwidth Inc.,David A. Morken,5.79096447234294,1863578.0,32180788.0,medium,,,,,https://www.sec.gov/Archives/edgar/data/1514416/000172196226000015/wk-form4_1780690087.xml,https://www.sec.gov/Archives/edgar/data/1514416/000151441626000057/,0
APO,1858681,"Apollo Global Management, Inc.",Marc Rowan,5.767371187175161,34058816.0,590543159.0,high,,,,,https://www.sec.gov/Archives/edgar/data/1858681/000119312526216691/ownership.xml,https://www.sec.gov/Archives/edgar/data/1858681/000185868126000040/,0
AMPL,1866692,"Amplitude, Inc.",Spenser Skates,5.716231089121875,7140491.0,124916066.0,medium,,,,,https://www.sec.gov/Archives/edgar/data/1866692/000186669226000012/form4.xml,https://www.sec.gov/Archives/edgar/data/1866692/000119312526335706/,0
MRNA,1682852,"Moderna, Inc.",Stéphane Bancel,5.564586404204759,22215826.0,399235889.0,high,,,,,https://www.sec.gov/Archives/edgar/data/1682852/000168285226000153/form4.xml,https://www.sec.gov/Archives/edgar/data/1682852/000168285226000150/,0
RBRK,1943896,"Rubrik, Inc.",Bipul Sinha,5.446815987770026,11291491.0,207304433.0,medium,,,,,https://www.sec.gov/Archives/edgar/data/1943896/000141588925024459/form4-09122025_110915.xml,https://www.sec.gov/Archives/edgar/data/1943896/000194389626000060/,0
GRDN,1802255,"Guardian Pharmacy Services, Inc.",Fred P. Burke,5.427753306857926,3438064.0,63342304.0,medium,,,,,https://www.sec.gov/Archives/edgar/data/1802255/000119312526134487/ownership.xml,https://www.sec.gov/Archives/edgar/data/1802255/000119312526338074/,0
KRYS,1711279,"Krystal Biotech, Inc.",Krish S. Krishnan,5.372687628662154,1590253.0,29598836.0,medium,,,,,https://www.sec.gov/Archives/edgar/data/1711279/000129870926000009/wk-form4_1780699113.xml,https://www.sec.gov/Archives/edgar/data/1711279/000171127926000057/,0
HOOD,1783879,"Robinhood Markets, Inc.",Vladimir Tenev,5.372309125707788,48301479.0,899082273.0,medium,,,,,https://www.sec.gov/Archives/edgar/data/1783879/000187100626000006/wk-form4_1783542798.xml,https://www.sec.gov/Archives/edgar/data/1783879/000178387926000114/,0
LZ,1286139,"LEGALZOOM.COM, INC.",Jeffrey Stibel,5.370685252029471,9198094.0,171264812.0,medium,,,,,https://www.sec.gov/Archives/edgar/data/1286139/000133485226000012/wk-form4_1787084181.xml,https://www.sec.gov/Archives/edgar/data/1286139/000128613926000031/,0
EEFT,1029199,"EURONET WORLDWIDE, INC.",Michael J. Brown,5.341836794030093,1998039.0,37403595.0,medium,,,,,https://www.sec.gov/Archives/edgar/data/1029199/000155485526000168/form4.xml,https://www.sec.gov/Archives/edgar/data/1029199/000155485526001702/,0
HLX,866829,HELIX ENERGY SOLUTIONS GROUP INC,Owen Kratz,5.269756445284153,7766696.0,147382447.0,medium,,,,,https://www.sec.gov/Archives/edgar/data/866829/000104181526000004/form4-02272026_040212.xml,https://www.sec.gov/Archives/edgar/data/866829/000086682926000022/,0
CHEF,1517175,"Chefs' Warehouse, Inc.",Christopher Pappas,5.2217586673701,2130273.0,40796083.0,medium,,,,,https://www.sec.gov/Archives/edgar/data/1517175/000094787126000815/ownership.xml,https://www.sec.gov/Archives/edgar/data/1517175/000151717526000028/,0
APLE,1418121,"Apple Hospitality REIT, Inc.",Justin G. Knight,5.176420848934892,12220634.0,236082698.0,medium,,,,,https://www.sec.gov/Archives/edgar/data/1418121/000119312526094055/ownership.xml,https://www.sec.gov/Archives/edgar/data/1418121/000119312526335151/,0
OWL,1823945,BLUE OWL CAPITAL INC.,Douglas I. Ostrover,5.141634267519529,80162820.0,1559092223.0,high,,,,,https://www.sec.gov/Archives/edgar/data/1823945/000119312526340357/ownership.xml,https://www.sec.gov/Archives/edgar/data/1823945/000182394526000040/,0
BYND,1655210,"BEYOND MEAT, INC.",Ethan Brown,5.09779556811886,26295397.0,515818978.0,medium,,,,,https://www.sec.gov/Archives/edgar/data/1655210/000175861426000008/wk-form4_1780528638.xml,https://www.sec.gov/Archives/edgar/data/1655210/000165521026000055/,0
MXL,1288469,"MAXLINEAR, INC",Kishore Seendripu,5.085851483602556,4612521.0,90693191.0,medium,,,,,https://www.sec.gov/Archives/edgar/data/1288469/000147834026000008/wk-form4_1787085273.xml,https://www.sec.gov/Archives/edgar/data/1288469/000128846926000051/,0
ABSI,1672688,Absci Corp,Sean McClain,5.043617942381277,8655555.0,171614010.0,medium,,,,,https://www.sec.gov/Archives/edgar/data/1672688/000167268826000121/wk-form4_1782505292.xml,https://www.sec.gov/Archives/edgar/data/1672688/000167268826000136/,0
MCBS,1747068,"MetroCity Bankshares, Inc.",Nack Paek,4.9495627862173635,1424545.0,28781229.0,medium,,,,,https://www.sec.gov/Archives/edgar/data/1747068/000125447826000001/primary_doc.xml,https://www.sec.gov/Archives/edgar/data/1747068/000110465926092674/,0
WABC,311094,WESTAMERICA BANCORPORATION,David L. Payne,4.886990765886929,1129439.913,23111153.0,medium,,,,,https://www.sec.gov/Archives/edgar/data/311094/000112760224002975/form4.xml,https://www.sec.gov/Archives/edgar/data/311094/000117184326005234/,0
RPRX,1802768,Royalty Pharma plc,Pablo Legorreta,4.864152771408806,27968937.0,575001204.0,low,,class(es) counted from the person's filings but absent from the cover page: Class E Ordinary Shares; the denominator may not include them,,,https://www.sec.gov/Archives/edgar/data/1802768/000150767826000006/wk-form4_1786137872.xml,https://www.sec.gov/Archives/edgar/data/1802768/000180276826000015/,0
STWD,1465128,"STARWOOD PROPERTY TRUST, INC.",Barry S. Sternlicht,4.854361771834186,17969340.0,370168950.0,medium,,,,,https://www.sec.gov/Archives/edgar/data/1465128/000090514826003154/form4.xml,https://www.sec.gov/Archives/edgar/data/1465128/000146512826000029/,0
ALH,1317685,Alliance Laundry Holdings Inc.,Michael D. Schoeb,4.83693903804845,9614340.0,198769096.0,high,,,,,https://www.sec.gov/Archives/edgar/data/1317685/000162828026055009/wk-form4_1786364490.xml,https://www.sec.gov/Archives/edgar/data/1317685/000162828026056784/,0
IOT,1642896,Samsara Inc.,Sanjit Biswas,4.8334008403170206,28164714.0,582710082.0,medium,,,,,https://www.sec.gov/Archives/edgar/data/1642896/000189511126000017/form4-08202026_100824.xml,https://www.sec.gov/Archives/edgar/data/1642896/000162828026041893/,0
LPG,1596993,DORIAN LPG LTD.,John C. Hadjipateras,4.830999254114065,2066831.0,42782681.0,medium,,,,,https://www.sec.gov/Archives/edgar/data/1596993/000091957426004886/ownership.xml,https://www.sec.gov/Archives/edgar/data/1596993/000159699326000035/,0
FIGS,1846576,"FIGS, Inc.",Catherine Spear,4.815078456428394,7999783.0,166140242.0,medium,,,,,https://www.sec.gov/Archives/edgar/data/1846576/000162828026047417/wk-form4_1783383906.xml,https://www.sec.gov/Archives/edgar/data/1846576/000162828026054342/,0
ZETA,1851003,Zeta Global Holdings Corp.,David A. Steinberg,4.800929415758161,24101972.0,502027210.0,medium,,,,,https://www.sec.gov/Archives/edgar/data/1851003/000119312526352542/ownership.xml,https://www.sec.gov/Archives/edgar/data/1851003/000119312526333902/,0
BLLN,2070849,"BillionToOne, Inc.",Oguzhan Atay,4.699472766228726,2217542.0,47187038.0,medium,,,,,https://www.sec.gov/Archives/edgar/data/2070849/000208854926000007/wk-form4_1786132943.xml,https://www.sec.gov/Archives/edgar/data/2070849/000207084926000050/,0
HUN,1307954,Huntsman CORP,Peter R. Huntsman,4.67049356942281,8189669.0,175349112.0,medium,,,,,https://www.sec.gov/Archives/edgar/data/1307954/000121465926009468/marketforms-73652.xml,https://www.sec.gov/Archives/edgar/data/1307954/000143774926014346/,0
NSP,1000753,"INSPERITY, INC.",Paul J. Sarvadi,4.6486960296392725,1775582.0,38195270.0,medium,,,,,https://www.sec.gov/Archives/edgar/data/1000753/000100075326000090/form4.xml,https://www.sec.gov/Archives/edgar/data/1000753/000100075326000087/,0
STDN,2086716,"Standard Nuclear, Inc.",Kurt Terrani,4.644659810168275,7271250.0,156550755.0,high,,,,,https://www.sec.gov/Archives/edgar/data/2086716/000162828026049241/wk-form4_1784756360.xml,https://www.sec.gov/Archives/edgar/data/2086716/000162828026059189/,0
ALAB,1736297,"Astera Labs, Inc.",Jitendra Mohan,4.6435675537883645,8055898.0,173485104.0,medium,,,,,https://www.sec.gov/Archives/edgar/data/1736297/000199805326000023/wk-form4_1787177400.xml,https://www.sec.gov/Archives/edgar/data/1736297/000173629726000035/,0
GRBK,1373670,"Green Brick Partners, Inc.",James R. Brickman,4.540407809257493,1952861.0,43010696.0,medium,,,,,https://www.sec.gov/Archives/edgar/data/1373670/000162828026021709/wk-form4_1774641725.xml,https://www.sec.gov/Archives/edgar/data/1373670/000162828026050640/,0
TCBK,356171,TRICO BANCSHARES /,Richard P. Smith,4.51968260651811,1444790.216,31966630.0,medium,,,,,https://www.sec.gov/Archives/edgar/data/356171/000035617126000093/wk-form4_1782754224.xml,https://www.sec.gov/Archives/edgar/data/356171/000035617126000109/,0
BOW,2002473,Bowhead Specialty Holdings Inc.,Stephen Sills,4.50590952464719,1484382.0,32943005.0,medium,,,,,https://www.sec.gov/Archives/edgar/data/2002473/000136236926000006/wk-form4a_1779900766.xml,https://www.sec.gov/Archives/edgar/data/2002473/000162828026051847/,0
ACMR,1680062,"ACM Research, Inc.",David H. Wang,4.504695215720797,3137484.0,69649196.0,medium,,,,,https://www.sec.gov/Archives/edgar/data/1680062/000114036126024280/form4.xml,https://www.sec.gov/Archives/edgar/data/1680062/000162828026054832/,0
MTDR,1520006,Matador Resources Co,Joseph Wm. Foran,4.428317819895526,5480230.0,123754216.0,low,,"1 line(s) only ever footnoted, so missing from the total",,,https://www.sec.gov/Archives/edgar/data/1520006/000154065526000024/wk-form4_1787917099.xml,https://www.sec.gov/Archives/edgar/data/1520006/000152000626000041/,0
VRTS,883237,"VIRTUS INVESTMENT PARTNERS, INC.",George R. Aylward,4.400728133130193,291446.582,6622690.0,high,,,,,https://www.sec.gov/Archives/edgar/data/883237/000122240326000002/wk-form4_1773781649.xml,https://www.sec.gov/Archives/edgar/data/883237/000088323726000048/,0
CHYM,1795586,"Chime Financial, Inc.",Christopher Britt,4.391012091333935,16623718.0,378585111.0,medium,,,,,https://www.sec.gov/Archives/edgar/data/1795586/000206180126000013/wk-form4_1787175228.xml,https://www.sec.gov/Archives/edgar/data/1795586/000179558626000048/,0
EXPE,1324424,"Expedia Group, Inc.",Barry Diller,4.370922110446814,5245952.0,120019343.0,medium,,,,,https://www.sec.gov/Archives/edgar/data/1324424/000122520826007167/doc4.xml,https://www.sec.gov/Archives/edgar/data/1324424/000132442426000053/,0
LOAR,2000178,Loar Holdings Inc.,Dirkson Charles,4.362335041202668,4087005.0,93688471.0,high,,,,,https://www.sec.gov/Archives/edgar/data/2000178/000119312526105003/ownership.xml,https://www.sec.gov/Archives/edgar/data/2000178/000119312526336945/,0
NGL,1504461,NGL Energy Partners LP,H. Michael Krimbill,4.346471901145869,5425018.0,124814289.0,high,,,,,https://www.sec.gov/Archives/edgar/data/1504461/000122973826000006/wk-form4_1787776815.xml,https://www.sec.gov/Archives/edgar/data/1504461/000150446126000016/,0
BRZE,1676238,"Braze, Inc.",William Magnuson,4.301481140264378,4844830.0,112631669.0,high,,,,,https://www.sec.gov/Archives/edgar/data/1676238/000188893226000011/wk-form4_1787170463.xml,https://www.sec.gov/Archives/edgar/data/1676238/000167623826000027/,0
EVCM,1853145,EverCommerce Inc.,Eric Remer,4.279146108907011,7559764.0,176665246.0,medium,,,,,https://www.sec.gov/Archives/edgar/data/1853145/000185690626000088/wk-form4_1787870406.xml,https://www.sec.gov/Archives/edgar/data/1853145/000185314526000029/,0
BKE,885245,BUCKLE INC,Dennis H. Nelson,4.233123878088174,2180824.4000000004,51518086.0,medium,,,,,https://www.sec.gov/Archives/edgar/data/885245/000124773026000002/wk-form4_1770056849.xml,https://www.sec.gov/Archives/edgar/data/885245/000088524526000029/,0
PL,1836833,Planet Labs PBC,William Marshall,4.054408132898587,14450013.0,356402526.0,medium,,,,,https://www.sec.gov/Archives/edgar/data/1836833/000189846826000004/ownership.xml,https://www.sec.gov/Archives/edgar/data/1836833/000119312526258304/,0
SOUN,1840856,"SOUNDHOUND AI, INC.",Dr. Keyvan Mohajer,4.04433750853764,17961301.0,444109844.0,medium,,,,,https://www.sec.gov/Archives/edgar/data/1840856/000191799526000011/primarydocument.xml,https://www.sec.gov/Archives/edgar/data/1840856/000184085626000022/,0
NEU,1282637,NEWMARKET CORP,Thomas E. Gottwald,3.9912096094930996,367047.83999999997,9196406.0,medium,,,,,https://www.sec.gov/Archives/edgar/data/1282637/000119312526288549/ownership.xml,https://www.sec.gov/Archives/edgar/data/1282637/000128263726000016/,0
VCTR,1570827,"Victory Capital Holdings, Inc.",David C. Brown,3.970619402131428,2442311.0,61509572.0,low,,"1 line(s) only ever footnoted, so missing from the total",,,https://www.sec.gov/Archives/edgar/data/1570827/000119312526354272/ownership.xml,https://www.sec.gov/Archives/edgar/data/1570827/000119312526337010/,0
MIR,1809987,"Mirion Technologies, Inc.",Thomas D. Logan,3.9588110949345743,9858930.0,249037647.0,low,,class(es) counted from the person's filings but absent from the cover page: Common Stock; the denominator may not include them,,,https://www.sec.gov/Archives/edgar/data/1809987/000162828026032198/wk-form4_1778185340.xml,https://www.sec.gov/Archives/edgar/data/1809987/000162828026050604/,0
AEVA,1789029,"Aeva Technologies, Inc.",Soroush Salehian Dardashti,3.945930836875772,2750541.0,69705758.0,medium,,,,,https://www.sec.gov/Archives/edgar/data/1789029/000119312526347443/ownership.xml,https://www.sec.gov/Archives/edgar/data/1789029/000119312526338179/,0
XPEL,1767258,"XPEL, Inc.",Ryan L. Pape,3.944651773684196,1087570.0,27570748.0,high,,,,,https://www.sec.gov/Archives/edgar/data/1767258/000176725826000063/wk-form4_1782253241.xml,https://www.sec.gov/Archives/edgar/data/1767258/000176725826000074/,0
KNSL,1669162,"Kinsale Capital Group, Inc.",Michael P. Kehoe,3.9238270424755,893786.0,22778425.0,high,,,,,https://www.sec.gov/Archives/edgar/data/1669162/000133494026000004/wk-form4_1778098554.xml,https://www.sec.gov/Archives/edgar/data/1669162/000166916226000040/,0
ATEC,1350653,"Alphatec Holdings, Inc.",Patrick S. Miles,3.9102679996868392,6039451.0,154451076.0,medium,,,,,https://www.sec.gov/Archives/edgar/data/1350653/000128940926000006/form4-03092026_030303.xml,https://www.sec.gov/Archives/edgar/data/1350653/000119312526333051/,0
SECZ,2094496,Securitize Corp.,Carlos Domingo,3.9060387980487143,6377221.0,163265685.0,medium,,,,,https://www.sec.gov/Archives/edgar/data/2094496/000095010326010301/ownership.xml,https://www.sec.gov/Archives/edgar/data/2094496/000162828026056788/,0
INOD,903651,INNODATA INC,Jack S. Abuhoff,3.8986406254712587,1340456.0,34382651.0,medium,,,,,https://www.sec.gov/Archives/edgar/data/903651/000110465926074783/tm2618125-1_4seq1.xml,https://www.sec.gov/Archives/edgar/data/903651/000110465926092021/,0
ALRM,1459200,"Alarm.com Holdings, Inc.",Stephen Trundle,3.890252862545271,1909734.0,49090228.0,medium,,,,,https://www.sec.gov/Archives/edgar/data/1459200/000119312526365418/ownership.xml,https://www.sec.gov/Archives/edgar/data/1459200/000145920026000015/,0
AXON,1069183,"AXON ENTERPRISE, INC.",Patrick Smith,3.850457329298329,3128012.0,81237415.0,medium,,,,,https://www.sec.gov/Archives/edgar/data/1069183/000162828026057434/wk-form4_1787001000.xml,https://www.sec.gov/Archives/edgar/data/1069183/000162828026053646/,0
GFF,50725,GRIFFON CORP,Ronald J. Kramer,3.8190657824193,1729835.0,45294716.0,medium,,,,,https://www.sec.gov/Archives/edgar/data/50725/000162828026054912/wk-form4_1786136563.xml,https://www.sec.gov/Archives/edgar/data/50725/000162828026053536/,0
SHAZ,2068385,SharonAI Holdings Inc.,James Manning,3.81570184259893,1366155.0,35803505.0,high,,,,,https://www.sec.gov/Archives/edgar/data/2068385/000182912626001455/ownership.xml,https://www.sec.gov/Archives/edgar/data/2068385/000149315226037202/,0
SUPN,1356576,"SUPERNUS PHARMACEUTICALS, INC.",Jack A. Khattar,3.813116975406942,2216451.0,58127013.0,medium,,,,,https://www.sec.gov/Archives/edgar/data/1356576/000153993726000012/wk-form4_1786741940.xml,https://www.sec.gov/Archives/edgar/data/1356576/000135657626000037/,0
KOD,1468748,Kodiak Sciences Inc.,Victor Perlroth,3.8115492390013808,2395538.0,62849457.0,medium,,,,,https://www.sec.gov/Archives/edgar/data/1468748/000175418126000011/form4-07172026_080728.xml,https://www.sec.gov/Archives/edgar/data/1468748/000119312526349251/,0
WDAY,1327811,"Workday, Inc.",Aneel Bhusri,3.789209543568465,9131995.0,241000000.0,medium,,,,,https://www.sec.gov/Archives/edgar/data/1327811/000119657926000012/wk-form4_1783457489.xml,https://www.sec.gov/Archives/edgar/data/1327811/000132781126000044/,0
LASR,1124796,"NLIGHT, INC.",Scott Keeney,3.788407933500383,2185540.0,57690197.0,medium,,,,,https://www.sec.gov/Archives/edgar/data/1124796/000162828026058970/wk-form4_1787701042.xml,https://www.sec.gov/Archives/edgar/data/1124796/000112479626000038/,0
OKTA,1660134,"Okta, Inc.",Todd McKinnon,3.747044518605919,6550618.0,174820928.0,medium,,,,,https://www.sec.gov/Archives/edgar/data/1660134/000170062626000006/wk-form4_1783717251.xml,https://www.sec.gov/Archives/edgar/data/1660134/000166013426000069/,0
CCC,1818201,CCC Intelligent Solutions Holdings Inc.,Githesh Ramamurthy,3.726449975006906,21948593.0,588994704.0,high,,,,,https://www.sec.gov/Archives/edgar/data/1818201/000181820126000002/form4.xml,https://www.sec.gov/Archives/edgar/data/1818201/000119312526324993/,0
GLPI,1575965,"Gaming & Leisure Properties, Inc.",Peter M. Carlino,3.7104380601236198,10794408.0,290920043.0,medium,,,,,https://www.sec.gov/Archives/edgar/data/1575965/000157596526000025/primary_01.xml,https://www.sec.gov/Archives/edgar/data/1575965/000157596526000060/,0
AGO,1273813,ASSURED GUARANTY LTD,Dominic J. Frederico,3.705885297888948,1629819.0034,43979208.0,medium,,,,,https://www.sec.gov/Archives/edgar/data/1273813/000121390026092683/marketforms-73842.xml,https://www.sec.gov/Archives/edgar/data/1273813/000127381326000077/,0
FROG,1800667,JFrog Ltd,Shlomi Ben Haim,3.7000717697154086,4562237.0,123301311.0,medium,,,,,https://www.sec.gov/Archives/edgar/data/1800667/000182300926000020/form4-08112026_040809.xml,https://www.sec.gov/Archives/edgar/data/1800667/000119312526340294/,0
UHS,352915,UNIVERSAL HEALTH SERVICES INC,Marc D. Miller,3.6959616631556855,2178271.0,58936515.0,medium,,,,,https://www.sec.gov/Archives/edgar/data/352915/000035291526000040/form4.xml,https://www.sec.gov/Archives/edgar/data/352915/000119312526340278/,0
CRON,1656472,Cronos Group Inc.,Michael Gorenstein,3.5864700424792986,13213017.0,368412864.0,medium,,,,,https://www.sec.gov/Archives/edgar/data/1656472/000179719926000006/wk-form4_1773781882.xml,https://www.sec.gov/Archives/edgar/data/1656472/000165647226000051/,0
CPAY,1175454,"CORPAY, INC.",Ronald F. Clarke,3.5856600342624696,2354330.0,65659599.0,medium,,,,,https://www.sec.gov/Archives/edgar/data/1175454/000119312526365658/ownership.xml,https://www.sec.gov/Archives/edgar/data/1175454/000117545426000050/,0
HOMB,1331520,HOME BANCSHARES INC,John W. Allison,3.582565108918222,7166908.2449,200049630.0,medium,,,,,https://www.sec.gov/Archives/edgar/data/1331520/000119101026000010/wk-form4_1780583013.xml,https://www.sec.gov/Archives/edgar/data/1331520/000133152026000112/,0
PWP,1777835,Perella Weinberg Partners,Andrew Bednar,3.5768592624863134,3363617.0,94038282.0,medium,,,,,https://www.sec.gov/Archives/edgar/data/1777835/000177783526000076/wk-form4_1786138055.xml,https://www.sec.gov/Archives/edgar/data/1777835/000177783526000074/,0
SPHR,1795250,Sphere Entertainment Co.,James L. Dolan,3.5499525291347096,1274916.0,35913607.0,medium,,,,,https://www.sec.gov/Archives/edgar/data/1795250/000119312526269586/ownership.xml,https://www.sec.gov/Archives/edgar/data/1795250/000162828026051125/,0
ZBIO,1953926,"Zenas BioPharma, Inc.",Leon O. Moulder,3.53826012394026,2306122.0,65176723.0,high,,,,,https://www.sec.gov/Archives/edgar/data/1953926/000110465926075256/tm2618042-8_4seq1.xml,https://www.sec.gov/Archives/edgar/data/1953926/000110465926095448/,0
HRTG,1598665,"Heritage Insurance Holdings, Inc.",Ernesto Garateix,3.501077746255131,1040955.0,29732416.0,medium,,,,,https://www.sec.gov/Archives/edgar/data/1598665/000160777626000016/wk-form4_1787778053.xml,https://www.sec.gov/Archives/edgar/data/1598665/000119312526339815/,0
RDVT,1720116,"Red Violet, Inc.",Derek Dubner,3.4727604423886747,557273.0,16046975.0,medium,,,,,https://www.sec.gov/Archives/edgar/data/1720116/000119312526252042/ownership.xml,https://www.sec.gov/Archives/edgar/data/1720116/000119312526342598/,0
SPB,109177,"Spectrum Brands Holdings, Inc.",David M. Maura,3.4385192712552435,790708.0,22995596.0,medium,,,,,https://www.sec.gov/Archives/edgar/data/109177/000136583326000002/wk-form4_1779471921.xml,https://www.sec.gov/Archives/edgar/data/109177/000010917726000040/,0
NIQ,2054696,NIQ Global Intelligence plc,James Peck,3.420859264557629,10090025.0,294955864.0,high,,,,,https://www.sec.gov/Archives/edgar/data/2054696/000164577326000007/wk-form4_1779127330.xml,https://www.sec.gov/Archives/edgar/data/2054696/000162828026055223/,0
VNO,899689,VORNADO REALTY TRUST,Steven Roth,3.408650867643473,6364651.0,186720531.0,medium,,,,,https://www.sec.gov/Archives/edgar/data/899689/000090450326000005/form4-05202026_040503.xml,https://www.sec.gov/Archives/edgar/data/899689/000089968926000046/,0
ASTH,1083446,"Astrana Health, Inc.",Brandon K. Sim,3.403351960759829,1896932.0,55737168.0,high,,,,,https://www.sec.gov/Archives/edgar/data/1083446/000110465926079333/tm2619337-1_4seq1.xml,https://www.sec.gov/Archives/edgar/data/1083446/000119312526342631/,0
TXG,1770787,"10x Genomics, Inc.",Serge Saxonov,3.371015140489032,4392135.0,130291168.0,medium,,,,,https://www.sec.gov/Archives/edgar/data/1770787/000161071726000393/form4.xml,https://www.sec.gov/Archives/edgar/data/1770787/000162828026054491/,0
NVDA,1045810,NVIDIA CORP,Jen-Hsun Huang,3.369314298755187,812004746.0,24100000000.0,medium,,,,,https://www.sec.gov/Archives/edgar/data/1045810/000119764926000010/wk-form4_1782208834.xml,https://www.sec.gov/Archives/edgar/data/1045810/000104581026000075/,0
UMBF,101382,UMB FINANCIAL CORP,J. Mariner Kemper,3.3631712136255896,2554329.5456999997,75950030.0,medium,,,,,https://www.sec.gov/Archives/edgar/data/101382/000010138226000173/form4.xml,https://www.sec.gov/Archives/edgar/data/101382/000119312526325054/,0
QNST,1117297,"QUINSTREET, INC",Douglas Valenti,3.3390504559500314,1906144.0,57086409.0,medium,,,,,https://www.sec.gov/Archives/edgar/data/1117297/000147898826000010/edgardoc.xml,https://www.sec.gov/Archives/edgar/data/1117297/000119312526367160/,0
CVNA,1690820,CARVANA CO.,Ernest C. Garcia,3.3068196329625645,36390352.0,1100463770.0,medium,,,,,https://www.sec.gov/Archives/edgar/data/1690820/000170054826000018/wk-form4_1785877455.xml,https://www.sec.gov/Archives/edgar/data/1690820/000169082026000055/,0
VOYG,1788060,"Voyager Technologies, Inc./TX",Dylan Taylor,3.29116325894582,2008566.0,61029060.0,medium,,,,,https://www.sec.gov/Archives/edgar/data/1788060/000162828026002248/wk-form4_1768524190.xml,https://www.sec.gov/Archives/edgar/data/1788060/000162828026052292/,0
RBLX,1315098,Roblox Corp,David Baszucki,3.2879612332857104,23488404.0,714375941.0,medium,,,,,https://www.sec.gov/Archives/edgar/data/1315098/000131509826000170/wk-form4_1787603811.xml,https://www.sec.gov/Archives/edgar/data/1315098/000162828026051082/,0
TOST,1650164,"Toast, Inc.",Aman Narang,3.28443615916955,18984041.0,578000000.0,medium,,,,,https://www.sec.gov/Archives/edgar/data/1650164/000165016426000178/wk-form4_1786480258.xml,https://www.sec.gov/Archives/edgar/data/1650164/000165016426000164/,0
LMND,1691421,"Lemonade, Inc.",Daniel Schreiber,3.280186090825807,2538753.0,77396615.0,medium,,,,,https://www.sec.gov/Archives/edgar/data/1691421/000181565126000006/wk-form4_1774037103.xml,https://www.sec.gov/Archives/edgar/data/1691421/000169142126000055/,0
AXTI,1051627,AXT INC,Morris S. Young,3.2762357286997017,2148333.0,65573212.0,medium,,,,,https://www.sec.gov/Archives/edgar/data/1051627/000143774926020833/rdgdoc.xml,https://www.sec.gov/Archives/edgar/data/1051627/000143774926027677/,0
AMLX,1658551,"Amylyx Pharmaceuticals, Inc.",Joshua B. Cohen,3.270047862987916,3643587.0,111423048.0,high,,,,,https://www.sec.gov/Archives/edgar/data/1658551/000119312526359675/ownership.xml,https://www.sec.gov/Archives/edgar/data/1658551/000119312526336682/,0
BETA,1784570,"BETA Technologies, Inc.",Kyle Clark,3.2698424124435443,7649504.0,233941060.0,low,,"2 line(s) only ever footnoted, so missing from the total",,,https://www.sec.gov/Archives/edgar/data/1784570/000209008326000022/primarydocument.xml,https://www.sec.gov/Archives/edgar/data/1784570/000162828026055982/,0
ESTA,1688757,ESTABLISHMENT LABS HOLDINGS INC.,Juan José Chacón Quirós,3.2638767788258805,972697.0,29801891.0,low,,"2 line(s) only ever footnoted, so missing from the total",,,https://www.sec.gov/Archives/edgar/data/1688757/000174242926000020/wk-form4_1778270979.xml,https://www.sec.gov/Archives/edgar/data/1688757/000168875726000050/,0
MLTX,1821586,MoonLake Immunotherapeutics,Jorge Santos Da Silva,3.2604877043442593,2774893.0,85106685.0,medium,,,,,https://www.sec.gov/Archives/edgar/data/1821586/000121390026077564/ownership.xml,https://www.sec.gov/Archives/edgar/data/1821586/000182158626000010/,0
BILL,1786352,"BILL Holdings, Inc.",René Lacerte,3.2471581772398492,2769072.0,85276782.0,medium,,,,,https://www.sec.gov/Archives/edgar/data/1786352/000179549726000003/form4-08192026_090801.xml,https://www.sec.gov/Archives/edgar/data/1786352/000162828026058238/,0
GEO,923796,GEO GROUP INC,George C. Zoley,3.230924206537532,4252529.0,131619584.0,medium,,,,,https://www.sec.gov/Archives/edgar/data/923796/000119312526276155/ownership.xml,https://www.sec.gov/Archives/edgar/data/923796/000119312526337932/,0
ONC,1651308,BeOne Medicines Ltd.,John V. Oyler,3.2042622285233158,47362982.0,1478124405.0,medium,,,,,https://www.sec.gov/Archives/edgar/data/1651308/000104204726000019/wk-form4_1786571605.xml,https://www.sec.gov/Archives/edgar/data/1651308/000162828026052878/,0
CNS,1284812,"COHEN & STEERS, INC.",Joseph M. Harvey,3.1997295763235996,1645350.0,51421533.0,medium,,,,,https://www.sec.gov/Archives/edgar/data/1284812/000162828026058357/wk-form4_1787328589.xml,https://www.sec.gov/Archives/edgar/data/1284812/000128481226000146/,0
WINA,908315,WINMARK CORP,Brett D. Heffes,3.1941147535096484,114738.0,3592169.0,medium,,,,,https://www.sec.gov/Archives/edgar/data/908315/000123790426000002/form4-06012026_090614.xml,https://www.sec.gov/Archives/edgar/data/908315/000090831526000028/,0
UMAC,1956955,"Unusual Machines, Inc.",Allan Evans,3.1810491946944643,1589141.0,49956505.0,high,,,,,https://www.sec.gov/Archives/edgar/data/1956955/000168316826004385/ownership.xml,https://www.sec.gov/Archives/edgar/data/1956955/000168316826006016/,0
NESR,1698514,National Energy Services Reunited Corp.,Sherif Foda,3.157746765614012,3184643.0,100851754.0,medium,,,,,https://www.sec.gov/Archives/edgar/data/1698514/000094787126000003/ownership.xml,https://www.sec.gov/Archives/edgar/data/1698514/000149315226036720/,0
SAFE,1095651,Safehold Inc.,Jay Sugarman,3.0984061856962835,2194176.0,70816280.0,medium,,,,,https://www.sec.gov/Archives/edgar/data/1095651/000122047926000004/form4-04022026_090441.xml,https://www.sec.gov/Archives/edgar/data/1095651/000109565126000025/,0
LYFT,1759509,"Lyft, Inc.",John David Risher,3.0331760044887592,11481792.0,378540249.0,high,,,,,https://www.sec.gov/Archives/edgar/data/1759509/000186963826000001/form4-02182026_090208.xml,https://www.sec.gov/Archives/edgar/data/1759509/000162828026054499/,0
WD,1497770,"Walker & Dunlop, Inc.",William M. Walker,3.032593151292128,1040960.192,34325745.0,medium,,,,,https://www.sec.gov/Archives/edgar/data/1497770/000110465926071388/tm2617050-1_4seq1.xml,https://www.sec.gov/Archives/edgar/data/1497770/000110465926091536/,0
OMER,1285819,OMEROS CORP,Gregory A. Demopulos,3.029843932272164,2193253.0,72388316.0,medium,,,,,https://www.sec.gov/Archives/edgar/data/1285819/000143774926024443/rdgdoc.xml,https://www.sec.gov/Archives/edgar/data/1285819/000143774926027318/,0
MSCI,1408198,MSCI Inc.,Henry A. Fernandez,3.010917469050894,2188937.0,72700000.0,high,,,,,https://www.sec.gov/Archives/edgar/data/1408198/000141675026000011/wk-form4_1779135010.xml,https://www.sec.gov/Archives/edgar/data/1408198/000140819826000046/,0
GKOS,1192448,GLAUKOS Corp,Thomas W. Burns,2.998557047828123,1768667.0,58983937.0,medium,,,,,https://www.sec.gov/Archives/edgar/data/1192448/000164455726000024/form4-06292026_100604.xml,https://www.sec.gov/Archives/edgar/data/1192448/000119312526324201/,0
SANA,1770121,"Sana Biotechnology, Inc.",Steven D. Harr,2.993296343099377,8960751.0,299360637.0,medium,,,,,https://www.sec.gov/Archives/edgar/data/1770121/000162738726000004/primarydocument.xml,https://www.sec.gov/Archives/edgar/data/1770121/000119312526342395/,0
AX,1299709,"Axos Financial, Inc.",Gregory Garrabrants,2.966418766090862,1682993.0,56734842.0,medium,,,,,https://www.sec.gov/Archives/edgar/data/1299709/000141942526000005/edgardoc.xml,https://www.sec.gov/Archives/edgar/data/1299709/000129970926000060/,0
IBOC,315709,INTERNATIONAL BANCSHARES CORP,Dennis E. Nixon,2.9469502864972865,1832753.0,62191514.0,medium,,,,,https://www.sec.gov/Archives/edgar/data/315709/000141588924026835/form4-11142024_071146.xml,https://www.sec.gov/Archives/edgar/data/315709/000110465926091933/,0
RARE,1515673,Ultragenyx Pharmaceutical Inc.,Emil D. Kakkis,2.9361569028180288,2894724.0,98588873.0,high,,,,,https://www.sec.gov/Archives/edgar/data/1515673/000119312526164308/ownership.xml,https://www.sec.gov/Archives/edgar/data/1515673/000119312526333233/,0
HTH,1265131,Hilltop Holdings Inc.,Jeremy B. Ford,2.8698513296790757,1644035.0,57286417.0,high,,,,,https://www.sec.gov/Archives/edgar/data/1265131/000125866526000003/primarydocument.xml,https://www.sec.gov/Archives/edgar/data/1265131/000110465926086658/,0
OPY,791963,OPPENHEIMER HOLDINGS INC,Robert S. Lowenthal,2.8544065864743247,305650.0,10708005.0,low,,"1 line(s) only ever footnoted, so missing from the total",,,https://www.sec.gov/Archives/edgar/data/791963/000162828026033455/wk-form4_1778530092.xml,https://www.sec.gov/Archives/edgar/data/791963/000162828026051238/,0
NBR,1163739,NABORS INDUSTRIES LTD,Anthony G. Petrello,2.82384415781971,450723.0,15961327.0,high,,,,,https://www.sec.gov/Archives/edgar/data/1163739/000116373926000008/form4.xml,https://www.sec.gov/Archives/edgar/data/1163739/000110465926089087/,0
RSI,1793659,"Rush Street Interactive, Inc.",Richard Schwartz,2.793773648479477,6475223.0,231773358.0,medium,,,,,https://www.sec.gov/Archives/edgar/data/1793659/000183434526000026/wk-form4_1785967865.xml,https://www.sec.gov/Archives/edgar/data/1793659/000179365926000048/,0
CRVS,1626971,"Corvus Pharmaceuticals, Inc.",Richard A. Miller,2.7718923363484844,2331742.0,84120944.0,medium,,,,,https://www.sec.gov/Archives/edgar/data/1626971/000161071726000160/form4.xml,https://www.sec.gov/Archives/edgar/data/1626971/000110465926091975/,0
BFLY,1804176,"Butterfly Network, Inc.",Joseph DeVivo,2.7615881278681584,7353700.0,266285183.0,medium,,,,,https://www.sec.gov/Archives/edgar/data/1804176/000206483226000280/form4.xml,https://www.sec.gov/Archives/edgar/data/1804176/000180417626000027/,0
POST,1530950,"Post Holdings, Inc.",Robert V. Vitale,2.7605691541958066,1213458.0,43956805.0,medium,,,,,https://www.sec.gov/Archives/edgar/data/1530950/000154002125000011/wk-form4_1763677691.xml,https://www.sec.gov/Archives/edgar/data/1530950/000153095026000077/,0
SANM,897723,SANMINA CORP,Jure Sola,2.6875262279728873,1440443.0,53597356.0,medium,,,,,https://www.sec.gov/Archives/edgar/data/897723/000110465926057886/tm2613939-1_4seq1.xml,https://www.sec.gov/Archives/edgar/data/897723/000089772326000037/,0
ARWR,879407,"ARROWHEAD PHARMACEUTICALS, INC.",Christopher Anzalone,2.685040041954921,3792739.0,141254467.0,medium,,,,,https://www.sec.gov/Archives/edgar/data/879407/000142302926000001/wk-form4_1767667178.xml,https://www.sec.gov/Archives/edgar/data/879407/000087940726000057/,0
HUT,1964789,Hut 8 Corp.,Asher Genoot,2.6844590956696326,3308850.0,123259468.0,medium,,,,,https://www.sec.gov/Archives/edgar/data/1964789/000196478925000007/form4.xml,https://www.sec.gov/Archives/edgar/data/1964789/000110465926090025/,0
CRM,1108524,"Salesforce, Inc.",Marc Benioff,2.6781878493317133,22041486.0,823000000.0,medium,,,,,https://www.sec.gov/Archives/edgar/data/1108524/000110852426000088/form4.xml,https://www.sec.gov/Archives/edgar/data/1108524/000110852426000190/,0
CROX,1334036,"Crocs, Inc.",Andrew Rees,2.6769631708783437,1283472.0,47945075.0,medium,,,,,https://www.sec.gov/Archives/edgar/data/1334036/000160990126000014/wk-form4_1786462677.xml,https://www.sec.gov/Archives/edgar/data/1334036/000133403626000052/,0
CORT,1088856,CORCEPT THERAPEUTICS INC,Joseph K. Belanoff,2.650815441786801,2865489.0,108098397.0,medium,,,,,https://www.sec.gov/Archives/edgar/data/1088856/000119312526253459/ownership.xml,https://www.sec.gov/Archives/edgar/data/1088856/000162828026050613/,0
NTCT,1078075,NETSCOUT SYSTEMS INC,Anil K. Singhal,2.611833593848168,1898994.0,72707312.0,medium,,,,,https://www.sec.gov/Archives/edgar/data/1078075/000107807526000092/form4.xml,https://www.sec.gov/Archives/edgar/data/1078075/000107807526000108/,0
IMAX,921582,IMAX CORP,Richard L. Gelfond,2.607492482875478,1430004.0,54842114.0,medium,,,,,https://www.sec.gov/Archives/edgar/data/921582/000121465926010664/marketforms-73792.xml,https://www.sec.gov/Archives/edgar/data/921582/000162828026049300/,0
DDOG,1561550,"Datadog, Inc.",Olivier Pomel,2.606401273957723,9358936.0,359075024.0,medium,,,,,https://www.sec.gov/Archives/edgar/data/1561550/000178399026000002/wk-form4_1787345130.xml,https://www.sec.gov/Archives/edgar/data/1561550/000162828026054458/,0
STEP,1796022,StepStone Group Inc.,Scott W. Hart,2.6023149727667323,3140387.0,120676668.0,high,,,,,https://www.sec.gov/Archives/edgar/data/1796022/000182197426000004/wk-form4_1773788260.xml,https://www.sec.gov/Archives/edgar/data/1796022/000162828026054818/,0
EXLS,1297989,"ExlService Holdings, Inc.",Rohit Kapoor,2.5821776079292773,3914904.0,151612499.0,medium,,,,,https://www.sec.gov/Archives/edgar/data/1297989/000162828026043907/wk-form4_1781727526.xml,https://www.sec.gov/Archives/edgar/data/1297989/000129798926000023/,0
VISN,1517228,"Vistance Networks, Inc.",Charles L. Treadway,2.5610349433871433,5906423.0,230626412.0,high,,,,,https://www.sec.gov/Archives/edgar/data/1517228/000119312526255578/ownership.xml,https://www.sec.gov/Archives/edgar/data/1517228/000119312526336708/,0
BHVN,1935979,Biohaven Ltd.,Vlad Coric,2.5485021458778236,3849354.0,151043781.0,medium,,,,,https://www.sec.gov/Archives/edgar/data/1935979/000170431726000004/wk-form4_1772579067.xml,https://www.sec.gov/Archives/edgar/data/1935979/000193597926000066/,0
ESNT,1448893,Essent Group Ltd.,Mark A. Casale,2.547597178719468,2289691.0,89876493.0,low,,"2 line(s) only ever footnoted, so missing from the total",,,https://www.sec.gov/Archives/edgar/data/1448893/000118856726000013/wk-form4_1787256585.xml,https://www.sec.gov/Archives/edgar/data/1448893/000144889326000024/,0
DCO,30305,DUCOMMUN INC /DE/,Stephen G. Oswald,2.542182902147111,383864.0,15099779.0,medium,,,,,https://www.sec.gov/Archives/edgar/data/30305/000119312526357054/ownership.xml,https://www.sec.gov/Archives/edgar/data/30305/000162828026053776/,0
UVE,891166,"UNIVERSAL INSURANCE HOLDINGS, INC.",Stephen J. Donaghy,2.5133024713482817,699461.0,27830355.0,medium,,,,,https://www.sec.gov/Archives/edgar/data/891166/000089116626000034/wk-form4_1774994573.xml,https://www.sec.gov/Archives/edgar/data/891166/000089116626000088/,0
OSCR,1568651,"Oscar Health, Inc.",Mark T. Bertolini,2.5114840674561387,7751570.0,308645000.0,medium,,,,,https://www.sec.gov/Archives/edgar/data/1568651/000156865126000060/wk-form4_1782937015.xml,https://www.sec.gov/Archives/edgar/data/1568651/000156865126000069/,0
FLYW,1580560,Flywire Corp,Michael Massaro,2.509123335422686,3052792.0,121667674.0,medium,,,,,https://www.sec.gov/Archives/edgar/data/1580560/000119312526308926/ownership.xml,https://www.sec.gov/Archives/edgar/data/1580560/000158056026000016/,0
NAVN,1639723,"Navan, Inc.",Ariel Cohen,2.489892886231186,6332576.0,254331262.0,medium,,,,,https://www.sec.gov/Archives/edgar/data/1639723/000185373026000011/form4-08312026_080847.xml,https://www.sec.gov/Archives/edgar/data/1639723/000162828026042552/,0
AAOI,1158114,"APPLIED OPTOELECTRONICS, INC.",Chih-Hsiang (Thompson) Lin,2.4874872644292627,2103649.0,84569237.0,medium,,,,,https://www.sec.gov/Archives/edgar/data/1158114/000168316826005948/ownership.xml,https://www.sec.gov/Archives/edgar/data/1158114/000143774926026278/,0
DFIN,1669811,"Donnelley Financial Solutions, Inc.",Daniel N. Leib,2.4864977698334005,611315.0,24585383.0,medium,,,,,https://www.sec.gov/Archives/edgar/data/1669811/000119312526361181/ownership.xml,https://www.sec.gov/Archives/edgar/data/1669811/000119312526326099/,0
REX,744187,REX AMERICAN RESOURCES Corp,Zafar A. Rizvi,2.4827160157239794,817750.0,32937718.0,medium,,,,,https://www.sec.gov/Archives/edgar/data/744187/000132885426000001/primary_doc.xml,https://www.sec.gov/Archives/edgar/data/744187/000093041326001786/,0
LQDA,1819576,Liquidia Corp,Roger A. Jeffs,2.478734766136249,2218688.0,89508891.0,high,,,,,https://www.sec.gov/Archives/edgar/data/1819576/000110465926083619/tm2620529-6_4seq1.xml,https://www.sec.gov/Archives/edgar/data/1819576/000110465926094410/,0
ESQ,1531031,"Esquire Financial Holdings, Inc.",Andrew C. Sagliocca,2.4684700001644004,298798.0,12104583.0,medium,,,,,https://www.sec.gov/Archives/edgar/data/1531031/000143774926002638/rdgdoc.xml,https://www.sec.gov/Archives/edgar/data/1531031/000110465926093295/,0
GEL,1022321,GENESIS ENERGY LP,Grant E. Sims,2.457087720278405,3002913.0,122214318.0,medium,,,,,https://www.sec.gov/Archives/edgar/data/1022321/000100630626000002/wk-form4_1778707001.xml,https://www.sec.gov/Archives/edgar/data/1022321/000102232126000023/,0
PLTR,1321655,Palantir Technologies Inc.,Alexander C. Karp,2.4520900964507533,58925159.0,2403058480.0,low,,"1 line(s) only ever footnoted, so missing from the total",,,https://www.sec.gov/Archives/edgar/data/1321655/000182395126000009/wk-form4_1787616121.xml,https://www.sec.gov/Archives/edgar/data/1321655/000132165526000041/,0
CHDN,20212,Churchill Downs Inc,William C. Carstanjen,2.418368900091209,1685609.0,69700243.0,medium,,,,,https://www.sec.gov/Archives/edgar/data/20212/000133058026000004/wk-form4_1770671319.xml,https://www.sec.gov/Archives/edgar/data/20212/000002021226000059/,0
TYRA,1863127,"Tyra Biosciences, Inc.",Todd Harris,2.4090226879766736,1437631.0,59676939.0,high,,,,,https://www.sec.gov/Archives/edgar/data/1863127/000119312526212114/ownership.xml,https://www.sec.gov/Archives/edgar/data/1863127/000119312526332995/,0
AGYS,78749,AGILYSYS INC,Ramesh Srinivasan,2.3755549747449,670044.0,28205788.0,high,,,,,https://www.sec.gov/Archives/edgar/data/78749/000119312526340549/ownership.xml,https://www.sec.gov/Archives/edgar/data/78749/000119312526318081/,0
AMSC,880807,AMERICAN SUPERCONDUCTOR CORP /DE/,Daniel P. McGahn,2.3642079583473423,1145273.0,48442143.0,high,,,,,https://www.sec.gov/Archives/edgar/data/880807/000119312526267642/ownership.xml,https://www.sec.gov/Archives/edgar/data/880807/000143774926025922/,0
REGN,872589,"REGENERON PHARMACEUTICALS, INC.",Leonard S. Schleifer,2.344273013756264,2413546.0,102954988.0,low,,"2 line(s) only ever footnoted, so missing from the total",,,https://www.sec.gov/Archives/edgar/data/872589/000121862926000002/edgardoc.xml,https://www.sec.gov/Archives/edgar/data/872589/000087258926000025/,0
APPN,1441683,APPIAN CORP,Matthew Calkins,2.3372890758850953,1674144.0,71627597.0,medium,,,,,https://www.sec.gov/Archives/edgar/data/1441683/000130919226000009/wk-form4_1786478914.xml,https://www.sec.gov/Archives/edgar/data/1441683/000144168326000053/,0
KNTK,1692787,Kinetik Holdings Inc.,Jamie Welch,2.3349287703101305,3791437.0,162379129.0,medium,,,,,https://www.sec.gov/Archives/edgar/data/1692787/000169278726000064/wk-form4_1772664471.xml,https://www.sec.gov/Archives/edgar/data/1692787/000169278726000116/,0
APP,1751008,AppLovin Corp,Adam Foroughi,2.3335516702475116,7809254.0,334651000.0,low,,"1 line(s) only ever footnoted, so missing from the total",,,https://www.sec.gov/Archives/edgar/data/1751008/000184839526000013/primarydocument.xml,https://www.sec.gov/Archives/edgar/data/1751008/000175100826000059/,0
CLSK,827876,"CLEANSPARK, INC.",S. Matthew Schultz,2.3229635515704206,5965767.0,256817073.0,low,,"1 line(s) only ever footnoted, so missing from the total",,,https://www.sec.gov/Archives/edgar/data/827876/000119312526352919/ownership.xml,https://www.sec.gov/Archives/edgar/data/827876/000119312526338382/,0
ROIV,1635088,Roivant Sciences Ltd.,Matthew Gline,2.306439730430021,16659945.0,722323015.0,high,,,,,https://www.sec.gov/Archives/edgar/data/1635088/000163508826000079/wk-form4_1783033560.xml,https://www.sec.gov/Archives/edgar/data/1635088/000163508826000090/,0
IART,917520,INTEGRA LIFESCIENCES HOLDINGS CORP,Stuart M. Essig,2.2955040178337573,1785271.0,77772506.0,medium,,,,,https://www.sec.gov/Archives/edgar/data/917520/000118757426000008/wk-form4_1780520095.xml,https://www.sec.gov/Archives/edgar/data/917520/000091752026000058/,0
DASH,1792789,"DoorDash, Inc.",Tony Xu,2.290496779365343,9924623.0,433295654.0,medium,,,,,https://www.sec.gov/Archives/edgar/data/1792789/000183261726000009/form4-08262026_040808.xml,https://www.sec.gov/Archives/edgar/data/1792789/000179278926000050/,0
AMG,1004434,"AFFILIATED MANAGERS GROUP, INC.",Jay C. Horgen,2.276742170987063,588764.0,25859933.0,medium,,,,,https://www.sec.gov/Archives/edgar/data/1004434/000100443426000065/form4.xml,https://www.sec.gov/Archives/edgar/data/1004434/000162828026054930/,0
CIFR,1819989,Cipher Digital Inc.,Tyler Page,2.2580798247509013,9371725.0,415030722.0,medium,,,,,https://www.sec.gov/Archives/edgar/data/1819989/000188762326000016/wk-form4_1783720739.xml,https://www.sec.gov/Archives/edgar/data/1819989/000181998926000041/,0
ATRO,8063,ASTRONICS CORP,Peter J. Gundermann,2.2516299680458056,968404.974,43009064.0,low,,class(es) counted from the person's filings but absent from the cover page: $.01 PV COMMON STOCK; the denominator may not include them,,,https://www.sec.gov/Archives/edgar/data/8063/000162828026043887/wk-form4_1781727234.xml,https://www.sec.gov/Archives/edgar/data/8063/000000806326000043/,0
GENB,2100782,"Generate Biomedicines, Inc.",Michael Nally,2.250953772314847,2889154.0,128352436.0,high,,,,,https://www.sec.gov/Archives/edgar/data/2100782/000119312526096799/ownership.xml,https://www.sec.gov/Archives/edgar/data/2100782/000119312526336437/,0
SPTX,2042347,"Seaport Therapeutics, Inc.",Daphne Zohar,2.23050388983487,1194001.0,53530550.0,high,,,,,https://www.sec.gov/Archives/edgar/data/2042347/000119312526204507/ownership.xml,https://www.sec.gov/Archives/edgar/data/2042347/000119312526329537/,0
FA,1210677,FIRST ADVANTAGE CORP,Scott Staples,2.2238916542410725,3819616.0,171753691.0,medium,,,,,https://www.sec.gov/Archives/edgar/data/1210677/000121067726000006/form4.xml,https://www.sec.gov/Archives/edgar/data/1210677/000119312526338063/,0
VKTX,1607678,"Viking Therapeutics, Inc.",Brian Lian,2.2052089438605393,2572441.0,116652937.0,high,,,,,https://www.sec.gov/Archives/edgar/data/1607678/000119312526324448/ownership.xml,https://www.sec.gov/Archives/edgar/data/1607678/000119312526324219/,0
CBZ,944148,"CBIZ, Inc.",Jerome P. Grisko,2.190665980955766,1188740.3372,54263879.0,medium,,,,,https://www.sec.gov/Archives/edgar/data/944148/000094414826000059/form4.xml,https://www.sec.gov/Archives/edgar/data/944148/000094414826000096/,0
GRND,1820144,Grindr Inc.,George Arison,2.1820011039311233,3792768.0,173820627.0,high,,,,,https://www.sec.gov/Archives/edgar/data/1820144/000182863026000006/form4-06232026_100616.xml,https://www.sec.gov/Archives/edgar/data/1820144/000182014426000025/,0
FCFS,840489,"FirstCash Holdings, Inc.",Rick L. Wessel,2.150000691693681,932494.0,43371800.0,medium,,,,,https://www.sec.gov/Archives/edgar/data/840489/000084048926000020/wk-form4_1769814574.xml,https://www.sec.gov/Archives/edgar/data/840489/000084048926000085/,0
CSQR,2105398,"Csquare, Inc.",Spencer Mullee,2.14327648794618,3571427.0,166633984.0,high,,,,,https://www.sec.gov/Archives/edgar/data/2105398/000095014226002121/es260808258_4-mullee.xml,https://www.sec.gov/Archives/edgar/data/2105398/000210539826000004/,0
PBI,78814,PITNEY BOWES INC /DE/,Kurt Wolf,2.140799081994271,2934826.0,137090212.0,high,,,,,https://www.sec.gov/Archives/edgar/data/78814/000169390626000013/primarydocument.xml,https://www.sec.gov/Archives/edgar/data/78814/000162828026050908/,0
ELF,1600033,"e.l.f. Beauty, Inc.",Tarang P. Amin,2.1396523955838123,1262566.0,59007996.0,medium,,,,,https://www.sec.gov/Archives/edgar/data/1600033/000161071726000316/form4.xml,https://www.sec.gov/Archives/edgar/data/1600033/000160003326000040/,0
ANRO,1999480,"Alto Neuroscience, Inc.",Amit Etkin,2.1251383463027365,833949.0,39242104.0,medium,,,,,https://www.sec.gov/Archives/edgar/data/1999480/000200779526000006/wk-form4_1778879168.xml,https://www.sec.gov/Archives/edgar/data/1999480/000199948026000023/,0
STLD,1022671,STEEL DYNAMICS INC,Mark D. Millett,2.1045428304325107,3016401.0,143328088.0,medium,,,,,https://www.sec.gov/Archives/edgar/data/1022671/000102267126000143/form4.xml,https://www.sec.gov/Archives/edgar/data/1022671/000110465926087414/,0
CPRI,1530721,Capri Holdings Ltd,John D. Idol,2.0983476011753743,2384806.0,113651618.0,medium,,,,,https://www.sec.gov/Archives/edgar/data/1530721/000095014226001826/es260795767_4-idol.xml,https://www.sec.gov/Archives/edgar/data/1530721/000153072126000081/,0
BOX,1372612,BOX INC,Aaron Levie,2.0952309066072097,2874673.0,137200773.0,high,,,,,https://www.sec.gov/Archives/edgar/data/1372612/000119312526281440/ownership.xml,https://www.sec.gov/Archives/edgar/data/1372612/000119312526368289/,0
OMDA,1611115,"Omada Health, Inc.",Sean Duffy,2.064011843303616,1263520.0,61216703.0,high,,,,,https://www.sec.gov/Archives/edgar/data/1611115/000161071726000354/form4.xml,https://www.sec.gov/Archives/edgar/data/1611115/000162828026054840/,0
KKR,1404912,KKR & Co. Inc.,Joseph Y. Bae,2.061646171273013,18506070.0,897635601.0,high,,,,,https://www.sec.gov/Archives/edgar/data/1404912/000114036126007578/form4.xml,https://www.sec.gov/Archives/edgar/data/1404912/000140491226000027/,0
RAMP,733269,"LiveRamp Holdings, Inc.",Scott E. Howe,2.051679218031514,1247318.0113,60794982.0,medium,,,,,https://www.sec.gov/Archives/edgar/data/733269/000136955826000004/primary_doc.xml,https://www.sec.gov/Archives/edgar/data/733269/000073326926000047/,0
TTI,844965,TETRA TECHNOLOGIES INC,Brady M. Murphy,2.0513115378215465,3037434.0,148072779.0,medium,,,,,https://www.sec.gov/Archives/edgar/data/844965/000173026426000006/primarydocument.xml,https://www.sec.gov/Archives/edgar/data/844965/000084496526000058/,0
ANET,1596532,"Arista Networks, Inc.",Jayshree Ullal,2.0472432917438512,25820337.0,1261224648.0,medium,,,,,https://www.sec.gov/Archives/edgar/data/1596532/000159653226000216/edgardoc.xml,https://www.sec.gov/Archives/edgar/data/1596532/000159653226000175/,0
RDDT,1713445,"Reddit, Inc.",Steven Huffman,2.033653313150015,3912678.0,192396510.0,medium,,,,,https://www.sec.gov/Archives/edgar/data/1713445/000182701126000035/wk-form4_1787606625.xml,https://www.sec.gov/Archives/edgar/data/1713445/000171344526000100/,0
MPWR,1280452,"MONOLITHIC POWER SYSTEMS, INC.",Michael Hsing,2.022929003113363,994128.0,49143000.0,medium,,,,,https://www.sec.gov/Archives/edgar/data/1280452/000121465926006625/marketforms-73205.xml,https://www.sec.gov/Archives/edgar/data/1280452/000162828026053275/,0
TARS,1819790,"Tarsus Pharmaceuticals, Inc.",Bobak Azamian,2.0085501910580583,881412.0,43882996.0,medium,,,,,https://www.sec.gov/Archives/edgar/data/1819790/000182767226000009/wk-form4_1782158996.xml,https://www.sec.gov/Archives/edgar/data/1819790/000181979026000064/,0
NEXT,1612720,NextDecade Corp,Matthew K. Schatzman,2.0056893947310783,5338853.0,266185433.0,medium,,,,,https://www.sec.gov/Archives/edgar/data/1612720/000171675126000002/wk-form4_1783975620.xml,https://www.sec.gov/Archives/edgar/data/1612720/000161272026000049/,0
ACVA,1637873,ACV Auctions Inc.,George Chamoun,1.981713109124789,3365107.0,169807980.0,medium,,,,,https://www.sec.gov/Archives/edgar/data/1637873/000141948826000014/wk-form4_1783370343.xml,https://www.sec.gov/Archives/edgar/data/1637873/000163787326000034/,0
LILA,1712184,Liberty Latin America Ltd.,Balan Nair,1.9722215416028583,3863582.0,195900000.0,medium,,,,,https://www.sec.gov/Archives/edgar/data/1712184/000139890526000019/wk-form4_1785788761.xml,https://www.sec.gov/Archives/edgar/data/1712184/000171218426000130/,0
PRG,1808834,"PROG Holdings, Inc.",Steven A. Michaels,1.9654679987636963,782878.0,39831633.0,medium,,,,,https://www.sec.gov/Archives/edgar/data/1808834/000180883426000087/wk-form4_1778276327.xml,https://www.sec.gov/Archives/edgar/data/1808834/000180883426000106/,0
DCH,1062231,Dauch Corp,David C. Dauch,1.9623984387305764,4662749.0,237604602.0,high,,,,,https://www.sec.gov/Archives/edgar/data/1062231/000106223126000056/wk-form4_1772575071.xml,https://www.sec.gov/Archives/edgar/data/1062231/000106223126000139/,0
SGI,1206264,SOMNIGROUP INTERNATIONAL INC.,Scott L. Thompson,1.9602235996017046,4123634.0,210365491.0,high,,,,,https://www.sec.gov/Archives/edgar/data/1206264/000120639926000007/wk-form4_1787868378.xml,https://www.sec.gov/Archives/edgar/data/1206264/000120626426000113/,0
COHU,21535,COHU INC,Luis A. Müller,1.9595473301788422,927619.0,47338433.0,medium,,,,,https://www.sec.gov/Archives/edgar/data/21535/000143774926018399/rdgdoc.xml,https://www.sec.gov/Archives/edgar/data/21535/000143774926025144/,0
FSBC,1275168,FIVE STAR BANCORP,James E. Beckwith,1.9423462422321187,476586.0,24536614.0,medium,,,,,https://www.sec.gov/Archives/edgar/data/1275168/000162828026037837/wk-form4_1779487525.xml,https://www.sec.gov/Archives/edgar/data/1275168/000162828026054141/,0
HEI,46619,HEICO CORP,Eric A. Mendelson,1.928703527373022,2695506.0,139757405.0,medium,,,,,https://www.sec.gov/Archives/edgar/data/46619/000103108326000002/wk-form4_1780087564.xml,https://www.sec.gov/Archives/edgar/data/46619/000004661926000020/,0
CHRN,1549084,ChronoScale Holdings Corp,Ying Cenly Chen,1.9225823862944265,2800000.0,145637452.0,medium,,,,,https://www.sec.gov/Archives/edgar/data/1549084/000149315226033359/ownership.xml,https://www.sec.gov/Archives/edgar/data/1549084/000162828026058018/,0
TMDX,1756262,"TransMedics Group, Inc.",Waleed Hassanein,1.9209782684398293,666102.0,34675145.0,medium,,,,,https://www.sec.gov/Archives/edgar/data/1756262/000119312526303704/ownership.xml,https://www.sec.gov/Archives/edgar/data/1756262/000119312526332843/,0
HG,1593275,"Hamilton Insurance Group, Ltd.",Pina Albo,1.9116730946642986,1259614.0,65890659.0,medium,,,,,https://www.sec.gov/Archives/edgar/data/1593275/000199959826000010/wk-form4_1787005343.xml,https://www.sec.gov/Archives/edgar/data/1593275/000159327526000098/,0
AGL,1831097,"agilon health, inc.",Timothy O'Rourke,1.9057590251089707,320000.0,16791210.0,high,,,,,https://www.sec.gov/Archives/edgar/data/1831097/000162828026033651/wk-form4_1778533553.xml,https://www.sec.gov/Archives/edgar/data/1831097/000162828026053355/,0
AKAM,1086222,AKAMAI TECHNOLOGIES INC,F. Thomson Leighton,1.903952520894784,2736296.0,143716609.0,medium,,,,,https://www.sec.gov/Archives/edgar/data/1086222/000110623226000010/wk-form4_1772839897.xml,https://www.sec.gov/Archives/edgar/data/1086222/000108622226000086/,0
KFRC,930420,KFORCE INC,Joseph J. Liberatore,1.900977162320621,340446.0,17909000.0,medium,,,,,https://www.sec.gov/Archives/edgar/data/930420/000121978926000005/wk-form4_1781640285.xml,https://www.sec.gov/Archives/edgar/data/930420/000093042026000063/,0
OMCL,926326,"OMNICELL, INC.",Randall A. Lipps,1.8963277804236005,865007.7173,45614884.0,medium,,,,,https://www.sec.gov/Archives/edgar/data/926326/000122755626000012/form4-08182026_040809.xml,https://www.sec.gov/Archives/edgar/data/926326/000092632626000022/,0
BKV,1838406,BKV Corp,Christopher P. Kalnin,1.8949809220449638,2073826.0,109437830.0,medium,,,,,https://www.sec.gov/Archives/edgar/data/1838406/000162828026046390/wk-form4_1782919769.xml,https://www.sec.gov/Archives/edgar/data/1838406/000162828026054162/,0
IT,749251,GARTNER INC,Eugene A. Hall,1.8815776205143848,1188197.0,63148976.0,high,,,,,https://www.sec.gov/Archives/edgar/data/749251/000074925126000202/form4.xml,https://www.sec.gov/Archives/edgar/data/749251/000074925126000245/,0
DEC,1922446,Diversified Energy Co,Rusty Hutson,1.8690082910360772,1322689.0,70769563.0,medium,,,,,https://www.sec.gov/Archives/edgar/data/1922446/000173481326000010/wk-form4_1782944502.xml,https://www.sec.gov/Archives/edgar/data/1922446/000192244626000067/,0
AMBQ,1500412,"Ambiq Micro, Inc.",Fumihide Esaka,1.8656094952576308,451189.0,24184536.0,medium,,,,,https://www.sec.gov/Archives/edgar/data/1500412/000207845426000010/form4-08182026_080809.xml,https://www.sec.gov/Archives/edgar/data/1500412/000119312526344145/,0
XZO,1873951,"Exzeo Group, Inc.",Paresh Patel,1.8560203826751258,1672013.0,90085918.0,high,,,,,https://www.sec.gov/Archives/edgar/data/1873951/000119312526245267/ownership.xml,https://www.sec.gov/Archives/edgar/data/1873951/000119312526340267/,0
ZD,1084048,"ZIFF DAVIS, INC.",Vivek Shah,1.8513405932614868,634773.0,34287208.0,medium,,,,,https://www.sec.gov/Archives/edgar/data/1084048/000121465926003258/marketforms-72535.xml,https://www.sec.gov/Archives/edgar/data/1084048/000108404826000046/,0
LBTYA,1570585,Liberty Global Ltd.,Michael T. Fries,1.845204758944511,6293764.0,341087566.0,medium,,,,,https://www.sec.gov/Archives/edgar/data/1570585/000157058526000088/wk-form4_1780444540.xml,https://www.sec.gov/Archives/edgar/data/1570585/000157058526000109/,0
PI,1114995,IMPINJ INC,Chris Diorio,1.8451769962001887,563783.0,30554413.0,medium,,,,,https://www.sec.gov/Archives/edgar/data/1114995/000167772126000014/form4-08212026_110843.xml,https://www.sec.gov/Archives/edgar/data/1114995/000119312526323807/,0
TH,1712189,Target Hospitality Corp.,James B. Archer,1.8389811801588065,1832056.0,99623423.0,high,,,,,https://www.sec.gov/Archives/edgar/data/1712189/000171218926000026/form4.xml,https://www.sec.gov/Archives/edgar/data/1712189/000110465926093264/,0
ECPG,1084961,ENCORE CAPITAL GROUP INC,Ashish Masih,1.8369856034357652,389613.0,21209366.0,high,,,,,https://www.sec.gov/Archives/edgar/data/1084961/000108496126000015/wk-form4_1773262429.xml,https://www.sec.gov/Archives/edgar/data/1084961/000108496126000058/,0
PLMR,1761312,"Palomar Holdings, Inc.",Mac Armstrong,1.8332008938628832,482456.0,26317683.0,high,,,,,https://www.sec.gov/Archives/edgar/data/1761312/000121465926010786/marketforms-73865.xml,https://www.sec.gov/Archives/edgar/data/1761312/000119312526335508/,0
VRNS,1361113,VARONIS SYSTEMS INC,Yakov Faitelson,1.8269398740567742,2098432.0,114860485.0,medium,,,,,https://www.sec.gov/Archives/edgar/data/1361113/000162828026014251/wk-form4_1772583104.xml,https://www.sec.gov/Archives/edgar/data/1361113/000162828026050630/,0
FICO,814547,FAIR ISAAC CORP,William J. Lansing,1.82162537703781,393428.0,21597635.0,medium,,,,,https://www.sec.gov/Archives/edgar/data/814547/000121465926007242/marketforms-73354.xml,https://www.sec.gov/Archives/edgar/data/814547/000081454726000030/,0
CBL,910612,CBL & ASSOCIATES PROPERTIES INC,Stephen D. Lebovitz,1.8012001968667497,557341.0,30942757.0,medium,,,,,https://www.sec.gov/Archives/edgar/data/910612/000119312526057424/ownership.xml,https://www.sec.gov/Archives/edgar/data/910612/000119312526339651/,0
AORT,784199,"ARTIVION, INC.",J. Patrick Mackin,1.7993088512745892,877275.0,48756221.0,medium,,,,,https://www.sec.gov/Archives/edgar/data/784199/000162828026058212/wk-form4_1787249462.xml,https://www.sec.gov/Archives/edgar/data/784199/000162828026054746/,0
TBBK,1295401,"Bancorp, Inc.",Damian Kozlowski,1.793682854669999,731586.0,40786809.0,medium,,,,,https://www.sec.gov/Archives/edgar/data/1295401/000203985226000030/ownership.xml,https://www.sec.gov/Archives/edgar/data/1295401/000162828026054157/,0
CLOV,1801170,"CLOVER HEALTH INVESTMENTS, CORP. /DE",Andrew Toy,1.7808913607783254,9459316.0,531156263.0,high,,,,,https://www.sec.gov/Archives/edgar/data/1801170/000183873326000028/wk-form4_1786401005.xml,https://www.sec.gov/Archives/edgar/data/1801170/000180117026000200/,0
LYV,1335258,"Live Nation Entertainment, Inc.",Michael Rapino,1.7774045716519689,4188167.0,235633860.0,high,,,,,https://www.sec.gov/Archives/edgar/data/1335258/000133704126000019/wk-form4_1786134551.xml,https://www.sec.gov/Archives/edgar/data/1335258/000133525826000035/,0
SEPN,1984086,"Septerna, Inc.",Jeffrey Finer,1.771553310888135,826907.0,46676947.0,high,,,,,https://www.sec.gov/Archives/edgar/data/1984086/000119312526045092/ownership.xml,https://www.sec.gov/Archives/edgar/data/1984086/000119312526342353/,0
CRAI,1053706,"CRA INTERNATIONAL, INC.",Paul A. Maleh,1.7691967002609585,111050.0,6276860.0,high,,,,,https://www.sec.gov/Archives/edgar/data/1053706/000137916026000037/form4-06162026_100645.xml,https://www.sec.gov/Archives/edgar/data/1053706/000105370626000021/,0
EQBK,1227500,EQUITY BANCSHARES INC,Brad S. Elliott,1.7681203195922395,364100.0,20592490.0,medium,,,,,https://www.sec.gov/Archives/edgar/data/1227500/000165689226000008/primarydocument.xml,https://www.sec.gov/Archives/edgar/data/1227500/000119312526340292/,0
CNOB,712771,"ConnectOne Bancorp, Inc.",Frank Sorrentino III,1.7664605875472714,888880.0,50319832.0,high,,,,,https://www.sec.gov/Archives/edgar/data/712771/000161996426000012/primary_doc.xml,https://www.sec.gov/Archives/edgar/data/712771/000143774926028359/,0
AMBA,1280263,AMBARELLA INC,Feng-Ming Wang,1.7634807549024425,773607.0,43868185.0,medium,,,,,https://www.sec.gov/Archives/edgar/data/1280263/000128026326000052/edgardoc.xml,https://www.sec.gov/Archives/edgar/data/1280263/000119312526253198/,0
DEI,1364250,Douglas Emmett Inc,Jordan L. Kaplan,1.7611340106709208,2949640.0,167485267.0,high,,,,,https://www.sec.gov/Archives/edgar/data/1364250/000137840526000003/wk-form4_1771449020.xml,https://www.sec.gov/Archives/edgar/data/1364250/000136425026000041/,0
RCUS,1724521,"Arcus Biosciences, Inc.",Terry Rosen,1.756341558084504,2236409.0,127333376.0,medium,,,,,https://www.sec.gov/Archives/edgar/data/1724521/000118247326000005/wk-form4_1769476905.xml,https://www.sec.gov/Archives/edgar/data/1724521/000172452126000044/,0
EZPW,876523,EZCORP INC,Lachlan P. Given,1.7452279681828036,1072327.0,61443377.0,medium,,,,,https://www.sec.gov/Archives/edgar/data/876523/000087652325000107/wk-form4_1763672488.xml,https://www.sec.gov/Archives/edgar/data/876523/000087652326000063/,0
MCHP,827054,MICROCHIP TECHNOLOGY INC,Steve Sanghi,1.7344354070384482,9418135.0,543008691.0,medium,,,,,https://www.sec.gov/Archives/edgar/data/827054/000118192826000032/wk-form4_1787173074.xml,https://www.sec.gov/Archives/edgar/data/827054/000082705426000038/,0
PEN,1321732,Penumbra Inc,Adam Elsesser,1.7340746965010048,683042.0,39389422.0,medium,,,,,https://www.sec.gov/Archives/edgar/data/1321732/000165132326000002/wk-form4_1779406545.xml,https://www.sec.gov/Archives/edgar/data/1321732/000132173226000037/,0
COCO,1482981,"Vita Coco Company, Inc.",Martin Roper,1.7206048906806795,987577.0,57397082.0,medium,,,,,https://www.sec.gov/Archives/edgar/data/1482981/000148298126000122/form4.xml,https://www.sec.gov/Archives/edgar/data/1482981/000148298126000173/,0
ADMA,1368514,"ADMA BIOLOGICS, INC.",Adam S. Grossman,1.713135023341775,3837160.0,223984680.0,medium,,,,,https://www.sec.gov/Archives/edgar/data/1368514/000114036126009899/form4.xml,https://www.sec.gov/Archives/edgar/data/1368514/000114036126031445/,0
ANAB,1370053,"ANAPTYSBIO, INC",Daniel Faga,1.704294251772677,495965.0,29100902.0,medium,,,,,https://www.sec.gov/Archives/edgar/data/1370053/000167352826000012/form4a-04232026_100429.xml,https://www.sec.gov/Archives/edgar/data/1370053/000119312526219515/,0
FOA,1828937,Finance of America Companies Inc.,Graham A. Fleming,1.70017836826836,294248.0,17306890.0,high,,,,,https://www.sec.gov/Archives/edgar/data/1828937/000185390626000002/wk-form4_1775247435.xml,https://www.sec.gov/Archives/edgar/data/1828937/000162828026054843/,0
YELP,1345016,YELP INC,Jeremy Stoppelman,1.692579638207336,918455.0,54263621.0,low,,"1 line(s) only ever footnoted, so missing from the total",,,https://www.sec.gov/Archives/edgar/data/1345016/000154147626000010/wk-form4_1787603680.xml,https://www.sec.gov/Archives/edgar/data/1345016/000134501626000066/,0
SNA,91440,Snap-on Inc,Nicholas T. Pinchuk,1.6793008381830776,868654.0268999999,51727124.0,medium,,,,,https://www.sec.gov/Archives/edgar/data/91440/000009144026000159/form4.xml,https://www.sec.gov/Archives/edgar/data/91440/000009144026000144/,0
DBRG,1679688,"DigitalBridge Group, Inc.",Marc C. Ganzi,1.6731413096204806,3137061.0,187495281.0,high,,,,,https://www.sec.gov/Archives/edgar/data/1679688/000167968826000096/wk-form4_1780522266.xml,https://www.sec.gov/Archives/edgar/data/1679688/000167968826000115/,0
PAYO,1845815,Payoneer Global Inc.,John Caplan,1.668848177196175,5654906.0,338850836.0,high,,,,,https://www.sec.gov/Archives/edgar/data/1845815/000095010326012747/ownership.xml,https://www.sec.gov/Archives/edgar/data/1845815/000110465926091988/,0
HWKN,46250,HAWKINS INC,Patrick H. Hawkins,1.6639043934460342,347341.9889,20875117.0,medium,,,,,https://www.sec.gov/Archives/edgar/data/46250/000148867326000008/form4-08112026_080850.xml,https://www.sec.gov/Archives/edgar/data/46250/000004625026000034/,0
PEB,1474098,Pebblebrook Hotel Trust,Jon E. Bortz,1.6617022936597874,1875110.0,112842716.0,medium,,,,,https://www.sec.gov/Archives/edgar/data/1474098/000122931026000010/wk-form4_1781555763.xml,https://www.sec.gov/Archives/edgar/data/1474098/000147409826000055/,0
HLNE,1433642,Hamilton Lane INC,Erik R. Hirsch,1.6612182932812354,915508.0,55110638.0,medium,,,,,https://www.sec.gov/Archives/edgar/data/1433642/000169809826000005/wk-form4_1780432859.xml,https://www.sec.gov/Archives/edgar/data/1433642/000143364226000042/,0
PCRX,1396814,"Pacira BioSciences, Inc.",Frank D. Lee,1.6578012415167713,660830.841,39861886.0,high,,,,,https://www.sec.gov/Archives/edgar/data/1396814/000162828026008074/wk-form4_1771016507.xml,https://www.sec.gov/Archives/edgar/data/1396814/000162828026052635/,0
EVR,1360901,Evercore Inc.,John S. Weinberg,1.6560742118948943,636891.0,38457878.0,medium,,,,,https://www.sec.gov/Archives/edgar/data/1360901/000119312526064119/ownership.xml,https://www.sec.gov/Archives/edgar/data/1360901/000162828026053320/,0
RIOT,1167419,"Riot Platforms, Inc.",Jason Les,1.6543757978740734,6208193.0,375258935.0,high,,,,,https://www.sec.gov/Archives/edgar/data/1167419/000172170226000018/form4-08042026_080801.xml,https://www.sec.gov/Archives/edgar/data/1167419/000110465926093448/,0
S,1583708,"SentinelOne, Inc.",Tomer Weingarten,1.6501432468797212,5743309.0,348049117.0,medium,,,,,https://www.sec.gov/Archives/edgar/data/1583708/000186622226000037/wk-form4_1786141644.xml,https://www.sec.gov/Archives/edgar/data/1583708/000158370826000055/,0
CFFN,1490906,"Capitol Federal Financial, Inc.",John B. Dicus,1.6501331207523335,2074189.0,125698283.0,medium,,,,,https://www.sec.gov/Archives/edgar/data/1490906/000118501626000002/wk-form4_1767635380.xml,https://www.sec.gov/Archives/edgar/data/1490906/000149090626000025/,0
SPXC,88205,"SPX Technologies, Inc.",Eugene J. Lowe,1.6466663445531333,824747.0,50085860.0,high,,,,,https://www.sec.gov/Archives/edgar/data/88205/000162908326000006/form4-03042026_040306.xml,https://www.sec.gov/Archives/edgar/data/88205/000008820526000053/,0
WLDN,1370450,"Willdan Group, Inc.",Michael A. Bieber,1.6381532909697034,249525.0,15232091.0,medium,,,,,https://www.sec.gov/Archives/edgar/data/1370450/000127060626000017/form4-05152026_100506.xml,https://www.sec.gov/Archives/edgar/data/1370450/000110465926092196/,0
BE,1664703,Bloom Energy Corp,KR Sridhar,1.6303494616761325,4801825.0,294527346.0,low,,"6 line(s) only ever footnoted, so missing from the total",,,https://www.sec.gov/Archives/edgar/data/1664703/000119312526235229/ownership.xml,https://www.sec.gov/Archives/edgar/data/1664703/000162828026050325/,0
WFRD,1603923,Weatherford International plc,Girishchandra K. Saligram,1.630209636843564,1168623.0,71685443.0,medium,,,,,https://www.sec.gov/Archives/edgar/data/1603923/000168288526000010/wk-form4_1773175987.xml,https://www.sec.gov/Archives/edgar/data/1603923/000160392326000085/,0
DGII,854775,DIGI INTERNATIONAL INC,Ronald E. Konezny,1.6079314831987872,610179.817,37948123.0,medium,,,,,https://www.sec.gov/Archives/edgar/data/854775/000161199026000002/form4-06092026_080601.xml,https://www.sec.gov/Archives/edgar/data/854775/000085477526000026/,0
HLT,1585689,Hilton Worldwide Holdings Inc.,Christopher J. Nassetta,1.6028958045925505,3607556.0,225064910.0,high,,,,,https://www.sec.gov/Archives/edgar/data/1585689/000107809526000009/wk-form4_1772748665.xml,https://www.sec.gov/Archives/edgar/data/1585689/000158568926000043/,0
GOLF,1672013,Acushnet Holdings Corp.,David Maher,1.5953101413638175,931741.59,58405044.0,high,,,,,https://www.sec.gov/Archives/edgar/data/1672013/000167201326000150/form4.xml,https://www.sec.gov/Archives/edgar/data/1672013/000167201326000158/,0
BRO,79282,"BROWN & BROWN, INC.",J. Powell Brown,1.5900228097243265,5320381.0,334610357.0,medium,,,,,https://www.sec.gov/Archives/edgar/data/79282/000119312526085644/ownership.xml,https://www.sec.gov/Archives/edgar/data/79282/000119312526318251/,0
XERS,1867096,"Xeris Biopharma Holdings, Inc.",John Shannon,1.5900220132364191,2898933.0,182320306.0,medium,,,,,https://www.sec.gov/Archives/edgar/data/1867096/000186709626000073/wk-form4_1787343799.xml,https://www.sec.gov/Archives/edgar/data/1867096/000186709626000065/,0
AESI,1984060,Atlas Energy Solutions Inc.,John Turner,1.587682567259683,1984658.0,125003451.0,medium,,,,,https://www.sec.gov/Archives/edgar/data/1984060/000119312526121649/ownership.xml,https://www.sec.gov/Archives/edgar/data/1984060/000119312526333424/,0
HPK,1792849,"HighPeak Energy, Inc.",Michael Hollis,1.5674085012776784,1982032.0,126452804.0,high,,,,,https://www.sec.gov/Archives/edgar/data/1792849/000143774926001014/rdgdoc.xml,https://www.sec.gov/Archives/edgar/data/1792849/000143774926026781/,0
PJT,1626115,PJT Partners Inc.,Paul J. Taubman,1.5646463104343615,400001.0,25564947.0,medium,,,,,https://www.sec.gov/Archives/edgar/data/1626115/000119312526330886/ownership.xml,https://www.sec.gov/Archives/edgar/data/1626115/000119312526326245/,0
UTHR,1082554,UNITED THERAPEUTICS Corp,Martine Rothblatt,1.559144813984349,668728.0,42890692.0,medium,,,,,https://www.sec.gov/Archives/edgar/data/1082554/000110657826000131/primarydocument.xml,https://www.sec.gov/Archives/edgar/data/1082554/000108255426000027/,0
ATRC,1323885,"AtriCure, Inc.",Michael H. Carrel,1.5583875640714067,792694.0,50866294.0,medium,,,,,https://www.sec.gov/Archives/edgar/data/1323885/000123058426000008/wk-form4_1785755898.xml,https://www.sec.gov/Archives/edgar/data/1323885/000132388526000035/,0
NBHC,1475841,National Bank Holdings Corp,G. Timothy Laney,1.5527549034120172,691590.0,44539547.0,medium,,,,,https://www.sec.gov/Archives/edgar/data/1475841/000140874926000010/form4-08132026_100810.xml,https://www.sec.gov/Archives/edgar/data/1475841/000110465926091272/,0
CUBI,1488813,"Customers Bancorp, Inc.",Samvir S. Sidhu,1.550888341479891,523949.0,33783799.0,medium,,,,,https://www.sec.gov/Archives/edgar/data/1488813/000174989426000007/primarydocument.xml,https://www.sec.gov/Archives/edgar/data/1488813/000148881326000095/,0
RHI,315213,ROBERT HALF INC.,M. Keith Waddell,1.5351738345274568,1571432.0,102361828.0,medium,,,,,https://www.sec.gov/Archives/edgar/data/315213/000119182226000002/wk-form4_1774469580.xml,https://www.sec.gov/Archives/edgar/data/315213/000031521326000046/,0
NNI,1258602,NELNET INC,Jeffrey R. Noordhoek,1.5289591748199063,547053.0,35779438.0,medium,,,,,https://www.sec.gov/Archives/edgar/data/1258602/000100888626000066/form4.xml,https://www.sec.gov/Archives/edgar/data/1258602/000125860226000042/,0
BFH,1101215,"BREAD FINANCIAL HOLDINGS, INC.",Ralph J. Andretta,1.5154921743954102,582241.0,38419268.0,medium,,,,,https://www.sec.gov/Archives/edgar/data/1101215/000180185026000005/wk-form4_1780349784.xml,https://www.sec.gov/Archives/edgar/data/1101215/000110121526000074/,0
SRRK,1727196,Scholar Rock Holding Corp,David Hallal,1.5141681898802846,1844034.0,121785282.0,medium,,,,,https://www.sec.gov/Archives/edgar/data/1727196/000110465926045581/tm2612274-1_4seq1.xml,https://www.sec.gov/Archives/edgar/data/1727196/000119312526336732/,0
DNLI,1714899,Denali Therapeutics Inc.,Ryan J. Watts,1.5122028601240396,2417217.0,159847403.0,medium,,,,,https://www.sec.gov/Archives/edgar/data/1714899/000172431026000007/wk-form4_1786740495.xml,https://www.sec.gov/Archives/edgar/data/1714899/000171489926000097/,0
COKE,317540,"Coca-Cola Consolidated, Inc.",J. Frank Harrison,1.5089080641342039,1004394.0,66564294.0,medium,,,,,https://www.sec.gov/Archives/edgar/data/317540/000095017025068341/ownership.xml,https://www.sec.gov/Archives/edgar/data/317540/000162828026053370/,0
ANIP,1023024,ANI PHARMACEUTICALS INC,Nikhil Lalwani,1.499711454138796,344489.0,22970352.0,high,,,,,https://www.sec.gov/Archives/edgar/data/1023024/000182262926000014/wk-form4_1787782508.xml,https://www.sec.gov/Archives/edgar/data/1023024/000102302426000069/,0
ARES,1176948,Ares Management Corp,Michael J Arougheti,1.495033703614946,5386266.0,360277229.0,medium,,,,,https://www.sec.gov/Archives/edgar/data/1176948/000130447126000006/wk-form4_1783023005.xml,https://www.sec.gov/Archives/edgar/data/1176948/000162828026054538/,0
BLFS,834365,BIOLIFE SOLUTIONS INC,Roderick de Greef,1.494623313809902,730971.0,48906704.0,medium,,,,,https://www.sec.gov/Archives/edgar/data/834365/000162828026044696/wk-form4_1782161414.xml,https://www.sec.gov/Archives/edgar/data/834365/000162828026054355/,0
GH,1576280,"Guardant Health, Inc.",Helmy Eltoukhy,1.4910514957319572,2000934.0,134196170.0,medium,,,,,https://www.sec.gov/Archives/edgar/data/1576280/000175296826000016/wk-form4_1787874431.xml,https://www.sec.gov/Archives/edgar/data/1576280/000157628026000037/,0
OCUL,1393434,"OCULAR THERAPEUTIX, INC",Pravin U. Dugel. M.D,1.4891146208069082,3270332.0,219615868.0,high,,,,,https://www.sec.gov/Archives/edgar/data/1393434/000110465926101667/tm2624096-1_4seq1.xml,https://www.sec.gov/Archives/edgar/data/1393434/000110465926089450/,0
BWIN,1781755,"Baldwin Insurance Group, Inc.",Trevor L. Baldwin,1.4871955388370444,2074613.0,139498334.0,medium,,,,,https://www.sec.gov/Archives/edgar/data/1781755/000178771126000003/wk-form4_1773794441.xml,https://www.sec.gov/Archives/edgar/data/1781755/000178175526000049/,0
OUST,1816581,"Ouster, Inc.",Angus Pacala,1.486848303742995,1072201.0,72112333.0,medium,,,,,https://www.sec.gov/Archives/edgar/data/1816581/000119312526272640/ownership.xml,https://www.sec.gov/Archives/edgar/data/1816581/000162828026054467/,0
CG,1527166,Carlyle Group Inc.,Harvey M. Schwartz,1.4798980137663331,5273362.0,356332798.0,high,,,,,https://www.sec.gov/Archives/edgar/data/1527166/000156641826000010/wk-form4_1787950938.xml,https://www.sec.gov/Archives/edgar/data/1527166/000152716626000045/,0
PR,1658566,Permian Resources Corp,William M. Hickey,1.4780359511495427,12379394.0,837557029.0,high,,,,,https://www.sec.gov/Archives/edgar/data/1658566/000165856626000043/wk-form4_1772758326.xml,https://www.sec.gov/Archives/edgar/data/1658566/000165856626000101/,0
CXM,1569345,"Sprinklr, Inc.",Rory Read,1.4597652187565249,3419190.0,234228762.0,high,,,,,https://www.sec.gov/Archives/edgar/data/1569345/000152859726000008/form4-06182026_040609.xml,https://www.sec.gov/Archives/edgar/data/1569345/000156934526000028/,0
SHOO,913241,"STEVEN MADDEN, LTD.",Edward R. Rosenfeld,1.4448920116328752,1057330.0,73177095.0,medium,,,,,https://www.sec.gov/Archives/edgar/data/913241/000089706926000695/form4.xml,https://www.sec.gov/Archives/edgar/data/913241/000162828026051368/,0
SFBS,1430723,"ServisFirst Bancshares, Inc.",Thomas A. Broughton III,1.441353250472678,788024.0,54672510.0,medium,,,,,https://www.sec.gov/Archives/edgar/data/1430723/000143072326000005/primary_doc.xml,https://www.sec.gov/Archives/edgar/data/1430723/000117184326005359/,0
APPS,317788,"Digital Turbine, Inc.",William Gordon Stone III,1.440125602966544,1742786.0,121016250.0,high,,,,,https://www.sec.gov/Archives/edgar/data/317788/000162828026058882/wk-form4_1787688639.xml,https://www.sec.gov/Archives/edgar/data/317788/000162828026053446/,0
SAIL,2030781,"SailPoint, Inc.",Mark McClain,1.4392548865494288,8163209.0,567182997.0,high,,,,,https://www.sec.gov/Archives/edgar/data/2030781/000172249826000028/wk-form4_1783630499.xml,https://www.sec.gov/Archives/edgar/data/2030781/000203078126000011/,0
MIAX,1438472,"MIAMI INTERNATIONAL HOLDINGS, INC.",Thomas P. Gallagher,1.434306278272318,1423275.0,99230898.0,low,,"2 line(s) only ever footnoted, so missing from the total",,,https://www.sec.gov/Archives/edgar/data/1438472/000208047726000016/wk-form4_1787256723.xml,https://www.sec.gov/Archives/edgar/data/1438472/000162828026054575/,0
ANDE,821026,"Andersons, Inc.",William E. Krueger,1.4320237865030667,486538.244,33975570.0,medium,,,,,https://www.sec.gov/Archives/edgar/data/821026/000176239926000006/wk-form4_1773767327.xml,https://www.sec.gov/Archives/edgar/data/821026/000082102626000122/,0
RLJ,1511337,RLJ Lodging Trust,Leslie D. Hale,1.4247242503065052,2170936.0,152375872.0,medium,,,,,https://www.sec.gov/Archives/edgar/data/1511337/000112329226000487/form4.xml,https://www.sec.gov/Archives/edgar/data/1511337/000151133726000023/,0
POWL,80420,POWELL INDUSTRIES INC,Brett A. Cope,1.4073481075885848,512733.0,36432564.0,medium,,,,,https://www.sec.gov/Archives/edgar/data/80420/000008042026000109/wk-form4_1786738222.xml,https://www.sec.gov/Archives/edgar/data/80420/000008042026000107/,0
CVSA,730464,Covista Inc.,Stephen W. Beard,1.4027043240629375,477464.0,34038820.0,high,,,,,https://www.sec.gov/Archives/edgar/data/730464/000073046426000044/form4.xml,https://www.sec.gov/Archives/edgar/data/730464/000110465926092044/,0
ORKA,907654,"Oruka Therapeutics, Inc.",Lawrence Klein,1.3979522849061736,925580.0,66209699.0,high,,,,,https://www.sec.gov/Archives/edgar/data/907654/000090765426000062/form4.xml,https://www.sec.gov/Archives/edgar/data/907654/000121390026087231/,0
SITM,1451809,SITIME Corp,Rajesh Vashist,1.3975009041923265,420243.0,30071036.0,medium,,,,,https://www.sec.gov/Archives/edgar/data/1451809/000133907626000019/wk-form4_1787618697.xml,https://www.sec.gov/Archives/edgar/data/1451809/000145180926000060/,0
TRAX,2091349,"First Tracks Biotherapeutics, Inc.",Daniel Faga,1.3900707576364766,496684.0,35730843.0,medium,,,,,https://www.sec.gov/Archives/edgar/data/2091349/000167352826000017/form4-08182026_040802.xml,https://www.sec.gov/Archives/edgar/data/2091349/000119312526346931/,0
EXTR,1078271,EXTREME NETWORKS INC,Edward B. Meyercord III,1.3871468633082862,1810097.0,130490653.0,medium,,,,,https://www.sec.gov/Archives/edgar/data/1078271/000143774926028396/rdgdoc.xml,https://www.sec.gov/Archives/edgar/data/1078271/000119312526352872/,0
PD,1568100,"PagerDuty, Inc.",John DiLullo,1.3860365674080617,1090116.0,78649873.0,high,,,,,https://www.sec.gov/Archives/edgar/data/1568100/000134634526000006/wk-form4_1787949019.xml,https://www.sec.gov/Archives/edgar/data/1568100/000156810026000045/,0
GNL,1526113,"Global Net Lease, Inc.",Edward M. Weil,1.3835450701440903,2918313.0,210930100.0,high,,,,,https://www.sec.gov/Archives/edgar/data/1526113/000110465926083090/tm2620350-1_4seq1.xml,https://www.sec.gov/Archives/edgar/data/1526113/000162828026053396/,0
GPCR,1888886,Structure Therapeutics Inc.,Raymond Stevens,1.3818468257394543,2956179.0,213929572.0,high,,,,,https://www.sec.gov/Archives/edgar/data/1888886/000169814926000003/form4-03232026_040301.xml,https://www.sec.gov/Archives/edgar/data/1888886/000110465926092057/,0
BEN,38777,FRANKLIN RESOURCES INC,Jennifer M. Johnson,1.381137357983853,7017240.011299999,508076910.0,medium,,,,,https://www.sec.gov/Archives/edgar/data/38777/000003877726000195/form4.xml,https://www.sec.gov/Archives/edgar/data/38777/000003877726000217/,0
ADEA,1803696,Adeia Inc.,Paul E. Davis,1.3809801673283904,1522947.0,110280150.0,medium,,,,,https://www.sec.gov/Archives/edgar/data/1803696/000119312526253614/ownership.xml,https://www.sec.gov/Archives/edgar/data/1803696/000119312526335038/,0
CORZ,1839341,"Core Scientific, Inc./tx",Adam Sullivan,1.3805999600280625,4436426.0,321340441.0,medium,,,,,https://www.sec.gov/Archives/edgar/data/1839341/000090514826003288/form4.xml,https://www.sec.gov/Archives/edgar/data/1839341/000183934126000014/,0
MGTX,1735438,MeiraGTx Holdings plc,Alexandria Forbes,1.3803140834965206,1325695.0,96042996.0,high,,,,,https://www.sec.gov/Archives/edgar/data/1735438/000167860426000020/form4-08192026_010821.xml,https://www.sec.gov/Archives/edgar/data/1735438/000110465926095504/,0
SITE,1650729,"SiteOne Landscape Supply, Inc.",Doug Black,1.3799601836107753,602427.0,43655390.0,medium,,,,,https://www.sec.gov/Archives/edgar/data/1650729/000110465926103314/tm2624310-1_4seq1.xml,https://www.sec.gov/Archives/edgar/data/1650729/000165072926000016/,0
OSW,1758488,ONESPAWORLD HOLDINGS Ltd,Leonard Fluxman,1.3733051114973753,1393887.0,101498712.0,medium,,,,,https://www.sec.gov/Archives/edgar/data/1758488/000119312526263985/ownership.xml,https://www.sec.gov/Archives/edgar/data/1758488/000119312526326259/,0
BYD,906553,BOYD GAMING CORP,Keith E. Smith,1.3726520091124936,997306.0,72655414.0,medium,,,,,https://www.sec.gov/Archives/edgar/data/906553/000090655326000054/form4.xml,https://www.sec.gov/Archives/edgar/data/906553/000143774926025062/,0
IRDM,1418819,Iridium Communications Inc.,Matthew J. Desch,1.3693957674728299,1451017.0,105960383.0,medium,,,,,https://www.sec.gov/Archives/edgar/data/1418819/000112329226000787/form4.xml,https://www.sec.gov/Archives/edgar/data/1418819/000141881926000045/,0
LXP,910108,LXP Industrial Trust,T. Wilson Eglin,1.3672140552519534,806072.0,58957264.0,medium,,,,,https://www.sec.gov/Archives/edgar/data/910108/000144483826000035/wk-form4_1767897135.xml,https://www.sec.gov/Archives/edgar/data/910108/000091010826000045/,0
ADPT,1478320,Adaptive Biotechnologies Corp,Chad Robins,1.366274943428664,2180518.0,159595842.0,medium,,,,,https://www.sec.gov/Archives/edgar/data/1478320/000178064926000014/form4.xml,https://www.sec.gov/Archives/edgar/data/1478320/000119312526332940/,0
EXEL,939767,"EXELIXIS, INC.",Michael M. Morrissey,1.365743761246089,3384063.0,247781692.0,medium,,,,,https://www.sec.gov/Archives/edgar/data/939767/000093976726000068/wk-form4_1779231526.xml,https://www.sec.gov/Archives/edgar/data/939767/000093976726000098/,0
KURA,1422143,"Kura Oncology, Inc.",Troy E. Wilson,1.365379438288306,1214650.0,88960619.0,medium,,,,,https://www.sec.gov/Archives/edgar/data/1422143/000119312526363812/ownership.xml,https://www.sec.gov/Archives/edgar/data/1422143/000119312526346884/,0
ZWS,1439288,Zurn Elkay Water Solutions Corp,Todd A. Adams,1.3646859332071124,2263524.0,165864097.0,medium,,,,,https://www.sec.gov/Archives/edgar/data/1439288/000143928826000059/wk-form4_1770774208.xml,https://www.sec.gov/Archives/edgar/data/1439288/000162828026050162/,0
MHO,799292,"M/I HOMES, INC.",Robert H. Schottenstein,1.3641758379365196,344905.0,25283031.0,medium,,,,,https://www.sec.gov/Archives/edgar/data/799292/000120473126000006/wk-form4_1771534923.xml,https://www.sec.gov/Archives/edgar/data/799292/000079929226000028/,0
TSHA,1806310,"Taysha Gene Therapies, Inc.",Sean Nolan,1.3638258148036906,4443802.0,325833545.0,medium,,,,,https://www.sec.gov/Archives/edgar/data/1806310/000156992626000008/form4-01272026_040103.xml,https://www.sec.gov/Archives/edgar/data/1806310/000119312526344610/,0
FIGR,2064124,"Figure Technology Solutions, Inc.",Michael Tannenbaum,1.3572751059872785,3045425.0,224377872.0,medium,,,,,https://www.sec.gov/Archives/edgar/data/2064124/000149315226034583/ownership.xml,https://www.sec.gov/Archives/edgar/data/2064124/000162828026057061/,0
MSGE,1952073,Madison Square Garden Entertainment Corp.,James L. Dolan,1.356454552153785,641674.0,47305234.0,low,,class(es) counted from the person's filings but absent from the cover page: Common Stock; the denominator may not include them,,,https://www.sec.gov/Archives/edgar/data/1952073/000119312526374316/ownership.xml,https://www.sec.gov/Archives/edgar/data/1952073/000162828026056286/,0
EPR,1045450,EPR PROPERTIES,Gregory K. Silvers,1.356107060219435,1038899.0,76608922.0,medium,,,,,https://www.sec.gov/Archives/edgar/data/1045450/000124841026000003/wk-form4_1772053058.xml,https://www.sec.gov/Archives/edgar/data/1045450/000104545026000042/,0
CACC,885550,CREDIT ACCEPTANCE CORP,Vinayak R. Hegde,1.353508185477112,140502.0,10380580.0,high,,,,,https://www.sec.gov/Archives/edgar/data/885550/000088555025000128/wk-form4_1763413350.xml,https://www.sec.gov/Archives/edgar/data/885550/000088555026000182/,0
UMH,752642,"UMH PROPERTIES, INC.",Samuel A. Landy,1.3526437596034933,1154962.9900000002,85385600.0,medium,,,,,https://www.sec.gov/Archives/edgar/data/752642/000075264226000085/form4.xml,https://www.sec.gov/Archives/edgar/data/752642/000149315226036177/,0
UPST,1647639,"Upstart Holdings, Inc.",Paul Gu,1.3333731224485563,1297546.0,97313046.0,high,,,,,https://www.sec.gov/Archives/edgar/data/1647639/000183281226000006/wk-form4_1778761449.xml,https://www.sec.gov/Archives/edgar/data/1647639/000164763926000066/,0
BW,1630805,"Babcock & Wilcox Enterprises, Inc.",Kenneth M. Young,1.330527386870691,1982021.0,148965066.0,high,,,,,https://www.sec.gov/Archives/edgar/data/1630805/000163080526000071/form4.xml,https://www.sec.gov/Archives/edgar/data/1630805/000163080526000068/,0
ENPH,1463101,"Enphase Energy, Inc.",Badrinarayanan Kothandaraman,1.324774802835753,1750619.0,132144648.0,medium,,,,,https://www.sec.gov/Archives/edgar/data/1463101/000154377726000005/wk-form4_1779836663.xml,https://www.sec.gov/Archives/edgar/data/1463101/000146310126000081/,0
CRNX,1658247,"Crinetics Pharmaceuticals, Inc.",R. Scott Struthers,1.3226870042396268,1402911.0,106065229.0,medium,,,,,https://www.sec.gov/Archives/edgar/data/1658247/000162828026055700/wk-form4_1786479075.xml,https://www.sec.gov/Archives/edgar/data/1658247/000165824726000053/,0
CAVA,1639438,"CAVA GROUP, INC.",Brett Schulman,1.317587616369467,1539024.0,116806198.0,high,,,,,https://www.sec.gov/Archives/edgar/data/1639438/000162828026043904/wk-form4_1781727424.xml,https://www.sec.gov/Archives/edgar/data/1639438/000162828026055864/,0
DVA,927066,DAVITA INC.,Javier J. Rodriguez,1.3172539184952978,840408.0,63800000.0,medium,,,,,https://www.sec.gov/Archives/edgar/data/927066/000092706626000098/wk-form4_1781734172.xml,https://www.sec.gov/Archives/edgar/data/927066/000092706626000108/,0
AROC,1389050,"Archrock, Inc.",D. Bradley Childers,1.3121197758491683,2300647.0,175338185.0,medium,,,,,https://www.sec.gov/Archives/edgar/data/1389050/000118686026000006/form4-06252026_080641.xml,https://www.sec.gov/Archives/edgar/data/1389050/000138905026000028/,0
WLTH,1524566,WEALTHFRONT CORP,David Fortunato,1.310613995001219,1957549.0,149361216.0,medium,,,,,https://www.sec.gov/Archives/edgar/data/1524566/000208256426000010/form4-06172026_080637.xml,https://www.sec.gov/Archives/edgar/data/1524566/000162828026042874/,0
GNK,1326200,GENCO SHIPPING & TRADING LTD,John C. Wobensmith,1.2953910954982615,564617.0,43586605.0,medium,,,,,https://www.sec.gov/Archives/edgar/data/1326200/000114036126006466/form4.xml,https://www.sec.gov/Archives/edgar/data/1326200/000110465926091231/,0
MCB,1476034,Metropolitan Bank Holding Corp.,Mark R. DeFazio,1.2911098746888352,160068.936,12397778.0,medium,,,,,https://www.sec.gov/Archives/edgar/data/1476034/000172074226000006/form4-03302026_080301.xml,https://www.sec.gov/Archives/edgar/data/1476034/000110465926089011/,0
PAY,1841156,"Paymentus Holdings, Inc.",Dushyant Sharma,1.2716607026856284,1601525.0,125939647.0,medium,,,,,https://www.sec.gov/Archives/edgar/data/1841156/000119312526355791/ownership.xml,https://www.sec.gov/Archives/edgar/data/1841156/000119312526330940/,0
HLI,1302215,"HOULIHAN LOKEY, INC.",Scott J. Adelson,1.2712383650633527,888424.0,69886500.0,medium,,,,,https://www.sec.gov/Archives/edgar/data/1302215/000130221526000049/wk-form4_1779481175.xml,https://www.sec.gov/Archives/edgar/data/1302215/000130221526000067/,0
HAPN,1409970,"Happen, Inc.",Scott Sanborn,1.267486477304449,1462774.0,115407464.0,medium,,,,,https://www.sec.gov/Archives/edgar/data/1409970/000140997026000186/form4.xml,https://www.sec.gov/Archives/edgar/data/1409970/000140997026000163/,0
TNL,1361658,Travel & Leisure Co.,Michael D. Brown,1.2669663104342195,775437.0,61204232.0,medium,,,,,https://www.sec.gov/Archives/edgar/data/1361658/000169130026000015/wk-form4_1786393493.xml,https://www.sec.gov/Archives/edgar/data/1361658/000136165826000053/,0
CDNA,1217234,"CareDx, Inc.",John W. Hanna,1.26308652591535,653448.0,51734223.0,high,,,,,https://www.sec.gov/Archives/edgar/data/1217234/000178112726000012/form4-07172026_080725.xml,https://www.sec.gov/Archives/edgar/data/1217234/000121723426000046/,0
FRPT,1611647,"Freshpet, Inc.",William B. Cyr,1.2547215271257022,602995.0,48058074.0,medium,,,,,https://www.sec.gov/Archives/edgar/data/1611647/000092963826003285/form4.xml,https://www.sec.gov/Archives/edgar/data/1611647/000161164726000018/,0
SPNT,1576018,SiriusPoint Ltd,Scott Egan,1.2515876552713598,1453907.0,116165016.0,high,,,,,https://www.sec.gov/Archives/edgar/data/1576018/000194590826000013/wk-form4_1778708146.xml,https://www.sec.gov/Archives/edgar/data/1576018/000157601826000085/,0
RYZ,1481582,Ryerson Holding Corp,Edward J. Lehner,1.2438944866256934,645564.4833,51898653.0,medium,,,,,https://www.sec.gov/Archives/edgar/data/1481582/000089914026000681/form4.xml,https://www.sec.gov/Archives/edgar/data/1481582/000119312526323769/,0
AVBP,1868279,"ArriVent BioPharma, Inc.",Zhengbin Yao,1.243492678399364,613138.0,49307729.0,high,,,,,https://www.sec.gov/Archives/edgar/data/1868279/000110465926010472/tm265104-4_4seq1.xml,https://www.sec.gov/Archives/edgar/data/1868279/000110465926094902/,0
SCI,89089,SERVICE CORP INTERNATIONAL,Thomas L. Ryan,1.232046904235629,1683216.0,136619474.0,medium,,,,,https://www.sec.gov/Archives/edgar/data/89089/000162828026052534/wk-form4_1785873881.xml,https://www.sec.gov/Archives/edgar/data/89089/000008908926000081/,0
APG,1796209,APi Group Corp,Russell A. Becker,1.2320335849824724,5324360.0,432160297.0,high,,,,,https://www.sec.gov/Archives/edgar/data/1796209/000162828026014022/wk-form4_1772575683.xml,https://www.sec.gov/Archives/edgar/data/1796209/000162828026051007/,0
REAL,1573221,"TheRealReal, Inc.",Rati Sahi Levesque,1.2302377602112053,1496844.0,121671115.0,high,,,,,https://www.sec.gov/Archives/edgar/data/1573221/000178055126000006/wk-form4_1787603156.xml,https://www.sec.gov/Archives/edgar/data/1573221/000157322126000053/,0
TWST,1581280,Twist Bioscience Corp,Emily M. Leproust,1.229087324652341,770729.0,62707424.0,medium,,,,,https://www.sec.gov/Archives/edgar/data/1581280/000121465926010968/marketforms-73903.xml,https://www.sec.gov/Archives/edgar/data/1581280/000158128026000047/,0
ATEN,1580808,"A10 Networks, Inc.",Dhrupad Trivedi,1.2227778143434822,887847.0,72609021.0,medium,,,,,https://www.sec.gov/Archives/edgar/data/1580808/000157046226000021/wk-form4_1778881963.xml,https://www.sec.gov/Archives/edgar/data/1580808/000158080826000045/,0
CARG,1494259,"CarGurus, Inc.",Jason Trevisan,1.2174600390028556,1084434.0,89073478.0,medium,,,,,https://www.sec.gov/Archives/edgar/data/1494259/000149425926000063/form4.xml,https://www.sec.gov/Archives/edgar/data/1494259/000119312526338067/,0
APGE,1974640,"Apogee Therapeutics, Inc.",Michael Henderson,1.2167638521617803,920941.0,75687735.0,medium,,,,,https://www.sec.gov/Archives/edgar/data/1974640/000110465926082758/tm2620107-1_4seq1.xml,https://www.sec.gov/Archives/edgar/data/1974640/000119312526341289/,0
KRP,1657788,"Kimbell Royalty Partners, LP",Robert D. Ravnaas,1.2101251582448291,1388057.0,114703590.0,medium,,,,,https://www.sec.gov/Archives/edgar/data/1657788/000110465926024155/tm268078-4_4seq1.xml,https://www.sec.gov/Archives/edgar/data/1657788/000110465926092712/,0
NPKI,71829,NPK International Inc.,Matthew S. Lanigan,1.207100788513527,1024948.0,84909894.0,medium,,,,,https://www.sec.gov/Archives/edgar/data/71829/000167297826000006/edgardoc.xml,https://www.sec.gov/Archives/edgar/data/71829/000007182926000042/,0
FRSH,1544522,Freshworks Inc.,Dennis Woodside,1.200608895944858,3132638.0,260920772.0,high,,,,,https://www.sec.gov/Archives/edgar/data/1544522/000154452226000116/form4.xml,https://www.sec.gov/Archives/edgar/data/1544522/000154452226000137/,0
CCO,1334978,"Clear Channel Outdoor Holdings, Inc.",Scott R. Wells,1.1947669491073891,6082485.0,509093845.0,medium,,,,,https://www.sec.gov/Archives/edgar/data/1334978/000119312526201398/ownership.xml,https://www.sec.gov/Archives/edgar/data/1334978/000133497826000025/,0
RAPP,2012593,"Rapport Therapeutics, Inc.",Abraham N. Ceesay,1.1872975203824496,569645.0,47978286.0,high,,,,,https://www.sec.gov/Archives/edgar/data/2012593/000119312526368285/ownership.xml,https://www.sec.gov/Archives/edgar/data/2012593/000119312526333862/,0
LUMN,18926,"Lumen Technologies, Inc.",Kate Johnson,1.1843250212398058,12215666.0,1031445404.0,medium,,,,,https://www.sec.gov/Archives/edgar/data/18926/000183126926000002/wk-form4_1786055797.xml,https://www.sec.gov/Archives/edgar/data/18926/000001892626000060/,0
FCN,887936,"FTI CONSULTING, INC",Steven H. Gunby,1.1842279913405882,326984.0,27611575.0,medium,,,,,https://www.sec.gov/Archives/edgar/data/887936/000088793626000065/wk-form4_1778758171.xml,https://www.sec.gov/Archives/edgar/data/887936/000088793626000088/,0
FSUN,1709442,FIRSTSUN CAPITAL BANCORP,Neal E. Arnold,1.1809120351069837,329750.0,27923333.0,high,,,,,https://www.sec.gov/Archives/edgar/data/1709442/000119580226000002/wk-form4_1775155426.xml,https://www.sec.gov/Archives/edgar/data/1709442/000170944226000017/,0
AVAH,1832332,"Aveanna Healthcare Holdings, Inc.",Jeff Shaner,1.174033346650799,2561972.0,218219696.0,high,,,,,https://www.sec.gov/Archives/edgar/data/1832332/000119312526363661/ownership.xml,https://www.sec.gov/Archives/edgar/data/1832332/000119312526347842/,0
NCNO,1902733,"nCino, Inc.",Sean Desmond,1.164294066475301,1231080.0,105736174.0,high,,,,,https://www.sec.gov/Archives/edgar/data/1902733/000190273326000086/wk-form4_1786053299.xml,https://www.sec.gov/Archives/edgar/data/1902733/000190273326000101/,0
HGV,1674168,Hilton Grand Vacations Inc.,Mark D. Wang,1.1633978090077415,904241.0,77724145.0,medium,,,,,https://www.sec.gov/Archives/edgar/data/1674168/000167416826000091/wk-form4_1780344372.xml,https://www.sec.gov/Archives/edgar/data/1674168/000167416826000100/,0
EFOR,890564,Everforth Inc,Theodore S. Hanson,1.162258536585366,476526.0,41000000.0,medium,,,,,https://www.sec.gov/Archives/edgar/data/890564/000155033726000004/edgardoc.xml,https://www.sec.gov/Archives/edgar/data/890564/000089056426000050/,0
ALHC,1832466,"Alignment Healthcare, Inc.",John Kao,1.1567514047486716,2399509.0,207435149.0,medium,,,,,https://www.sec.gov/Archives/edgar/data/1832466/000162828026055418/wk-form4_1786400056.xml,https://www.sec.gov/Archives/edgar/data/1832466/000162828026051060/,0
UEC,1334933,URANIUM ENERGY CORP,Amir Adnani,1.151196832033252,5696955.0,494872366.0,medium,,,,,https://www.sec.gov/Archives/edgar/data/1334933/000143774926025288/rdgdoc.xml,https://www.sec.gov/Archives/edgar/data/1334933/000143774926019889/,0
FSS,277509,FEDERAL SIGNAL CORP /DE/,Jennifer L. Sherman,1.1499451354584989,701945.0362999999,61041611.0,medium,,,,,https://www.sec.gov/Archives/edgar/data/277509/000162828026030713/wk-form4_1778014976.xml,https://www.sec.gov/Archives/edgar/data/277509/000162828026050993/,0
SN,1957132,"SharkNinja, Inc.",Mark Barrocas,1.148534943378774,1617959.0,140871552.0,medium,,,,,https://www.sec.gov/Archives/edgar/data/1957132/000090883426000386/form4.xml,https://www.sec.gov/Archives/edgar/data/1957132/000195713226000048/,0
ROAD,1718227,"Construction Partners, Inc.",Fred J. Smith,1.1463424152930934,650613.0,56755555.0,medium,,,,,https://www.sec.gov/Archives/edgar/data/1718227/000162828026055305/wk-form4_1786394701.xml,https://www.sec.gov/Archives/edgar/data/1718227/000162828026054661/,0
HUBG,940942,"Hub Group, Inc.",Phillip D. Yeager,1.1457281846945497,700653.0,61153510.0,medium,,,,,https://www.sec.gov/Archives/edgar/data/940942/000119312526005077/ownership.xml,https://www.sec.gov/Archives/edgar/data/940942/000119312525266623/,0
PRM,1880319,"Perimeter Solutions, Inc.",Haitham Khouri,1.1452442049998093,1874615.0,163686923.0,medium,,,,,https://www.sec.gov/Archives/edgar/data/1880319/000189261826000006/wk-form4_1779485965.xml,https://www.sec.gov/Archives/edgar/data/1880319/000188031926000048/,0
CRDO,1807794,Credo Technology Group Holding Ltd,William Brennan,1.1443618910805182,2133982.0,186477898.0,medium,,,,,https://www.sec.gov/Archives/edgar/data/1807794/000162828026048329/wk-form4_1784146036.xml,https://www.sec.gov/Archives/edgar/data/1807794/000162828026043303/,0
SBGI,1971213,"Sinclair, Inc.",Christopher S. Ripley,1.1394553449027809,824032.0,72318060.0,medium,,,,,https://www.sec.gov/Archives/edgar/data/1971213/000160531026000003/primary_doc.xml,https://www.sec.gov/Archives/edgar/data/1971213/000197121326000038/,0
BV,1734713,"BrightView Holdings, Inc.",Dale A. Asplund,1.1367278617710583,1052610.0,92600000.0,high,,,,,https://www.sec.gov/Archives/edgar/data/1734713/000119312525306909/ownership.xml,https://www.sec.gov/Archives/edgar/data/1734713/000119312526332820/,0
MAN,871763,ManpowerGroup Inc.,Jonas Prising,1.1360574658046338,528330.0,46505570.0,medium,,,,,https://www.sec.gov/Archives/edgar/data/871763/000089271226000149/form4.xml,https://www.sec.gov/Archives/edgar/data/871763/000119312526340522/,0
LOPE,1434588,"Grand Canyon Education, Inc.",Brian E. Mueller,1.1330427039102227,295328.0,26065037.0,high,,,,,https://www.sec.gov/Archives/edgar/data/1434588/000134673826000006/form4-05072026_040501.xml,https://www.sec.gov/Archives/edgar/data/1434588/000110465926088674/,0
KNSA,1730430,"Kiniksa Pharmaceuticals International, plc",Sanj K. Patel,1.1303718766682764,1763923.0,156048026.0,low,,"1 line(s) only ever footnoted, so missing from the total",,,https://www.sec.gov/Archives/edgar/data/1730430/000153221826000012/form4-06022026_080657.xml,https://www.sec.gov/Archives/edgar/data/1730430/000110465926087545/,0
GBX,923120,GREENBRIER COMPANIES INC,Lorie L. Tekorius,1.1232209182730555,347521.0252,30939686.0,medium,,,,,https://www.sec.gov/Archives/edgar/data/923120/000092312025000077/edgardoc.xml,https://www.sec.gov/Archives/edgar/data/923120/000119312526292719/,0
MARA,1507605,"MARA Holdings, Inc.",Fred Thiel,1.1223673026772296,4335697.0,386299297.0,medium,,,,,https://www.sec.gov/Archives/edgar/data/1507605/000149315226039284/ownership.xml,https://www.sec.gov/Archives/edgar/data/1507605/000150760526000022/,0
MPT,1287865,MEDICAL PROPERTIES TRUST INC,Edward K. Aldag,1.117835646213008,6685775.0,598100000.0,medium,,,,,https://www.sec.gov/Archives/edgar/data/1287865/000119312526298832/ownership.xml,https://www.sec.gov/Archives/edgar/data/1287865/000119312526214700/,0
CALY,837465,Callaway Golf Co,Oliver G. Brewer III,1.1153208163007937,1990965.0,178510521.0,medium,,,,,https://www.sec.gov/Archives/edgar/data/837465/000107291826000009/wk-form4_1786393345.xml,https://www.sec.gov/Archives/edgar/data/837465/000083746526000022/,0
BEAM,1745999,Beam Therapeutics Inc.,John Evans,1.113593767464876,1150205.0,103287665.0,medium,,,,,https://www.sec.gov/Archives/edgar/data/1745999/000119312526292526/ownership.xml,https://www.sec.gov/Archives/edgar/data/1745999/000119312526331541/,0
ALKT,1529274,"ALKAMI TECHNOLOGY, INC.",Alex Shootman,1.1135028545385077,1190802.0,106941980.0,high,,,,,https://www.sec.gov/Archives/edgar/data/1529274/000133357026000010/wk-form4_1781124590.xml,https://www.sec.gov/Archives/edgar/data/1529274/000152927426000052/,0
ANF,1018840,ABERCROMBIE & FITCH CO /DE/,Fran Horowitz,1.1091020354607104,492793.0,44431710.0,medium,,,,,https://www.sec.gov/Archives/edgar/data/1018840/000122520826005863/doc4.xml,https://www.sec.gov/Archives/edgar/data/1018840/000101884026000036/,0
AIR,1750,AAR CORP,John M. Holmes,1.1063791684807098,441362.0,39892472.0,medium,,,,,https://www.sec.gov/Archives/edgar/data/1750/000000175026000092/form4.xml,https://www.sec.gov/Archives/edgar/data/1750/000110465926085459/,0
FLO,1128928,FLOWERS FOODS INC,A. Ryals McMullian,1.0997186357328936,2332034.9442,212057418.0,medium,,,,,https://www.sec.gov/Archives/edgar/data/1128928/000112892826000082/form4.xml,https://www.sec.gov/Archives/edgar/data/1128928/000119312526359192/,0
HZO,1057060,MARINEMAX INC,W. Brett McGill,1.0992429577448848,242787.0,22086746.0,high,,,,,https://www.sec.gov/Archives/edgar/data/1057060/000119312525286551/ownership.xml,https://www.sec.gov/Archives/edgar/data/1057060/000119312526314062/,0
DFTX,1813814,"Definium Therapeutics, Inc.",Robert Barrow,1.0964348003731572,1473246.0,134366950.0,medium,,,,,https://www.sec.gov/Archives/edgar/data/1813814/000119312526345839/ownership.xml,https://www.sec.gov/Archives/edgar/data/1813814/000119312526338066/,0
SBRA,1492298,"Sabra Health Care REIT, Inc.",Richard K. Matros,1.096084237030622,2800087.0,255462756.0,medium,,,,,https://www.sec.gov/Archives/edgar/data/1492298/000118415826000010/wk-form4_1780427564.xml,https://www.sec.gov/Archives/edgar/data/1492298/000149229826000028/,0
COMP,1563190,"Compass, Inc.",Robert Reffkin,1.092185025437611,8273544.0,757522197.0,low,,"1 line(s) only ever footnoted, so missing from the total",,,https://www.sec.gov/Archives/edgar/data/1563190/000156319026000138/wk-form4_1785962550.xml,https://www.sec.gov/Archives/edgar/data/1563190/000156319026000143/,0
AEHR,1040470,AEHR TEST SYSTEMS,Gayn Erickson,1.0890223770671466,355244.0,32620450.0,medium,,,,,https://www.sec.gov/Archives/edgar/data/1040470/000104047026000251/primary_01.xml,https://www.sec.gov/Archives/edgar/data/1040470/000165495426006919/,0
KD,1867072,"Kyndryl Holdings, Inc.",Martin J. Schroeter,1.087979936742035,2369819.0,217818263.0,high,,,,,https://www.sec.gov/Archives/edgar/data/1867072/000159446526000008/form4-08042026_090838.xml,https://www.sec.gov/Archives/edgar/data/1867072/000110465926091129/,0
ARLO,1736946,"Arlo Technologies, Inc.",Matthew McRae,1.0861723937032914,1168866.0,107613304.0,medium,,,,,https://www.sec.gov/Archives/edgar/data/1736946/000165473326000007/form4-03122026_110338.xml,https://www.sec.gov/Archives/edgar/data/1736946/000173694626000060/,0
QTWO,1410384,"Q2 Holdings, Inc.",Matthew P. Flake,1.0839889442166304,675918.0,62354695.0,medium,,,,,https://www.sec.gov/Archives/edgar/data/1410384/000159759226000006/wk-form4_1773432956.xml,https://www.sec.gov/Archives/edgar/data/1410384/000141038426000053/,0
GTES,1718512,Gates Industrial Corp Ltd.,Ivo Jurek,1.0825665944976672,2740530.0,253151170.0,high,,,,,https://www.sec.gov/Archives/edgar/data/1718512/000162828026015680/wk-form4_1772833824.xml,https://www.sec.gov/Archives/edgar/data/1718512/000162828026051411/,0
AVPT,1777921,"AvePoint, Inc.",Tianyi Jiang,1.081280170985972,2287615.0,211565426.0,medium,,,,,https://www.sec.gov/Archives/edgar/data/1777921/000143774926020839/rdgdoc.xml,https://www.sec.gov/Archives/edgar/data/1777921/000143774926026267/,0
STRL,874238,"STERLING INFRASTRUCTURE, INC.",Joseph A. Cutillo,1.080774818838886,330593.0,30588518.0,high,,,,,https://www.sec.gov/Archives/edgar/data/874238/000087423826000084/wk-form4_1779394089.xml,https://www.sec.gov/Archives/edgar/data/874238/000087423826000103/,0
PHIN,1968915,PHINIA INC.,Brady D. Ericson,1.0632432565804197,389552.0,36638088.0,high,,,,,https://www.sec.gov/Archives/edgar/data/1968915/000196891526000088/wk-form4_1782418507.xml,https://www.sec.gov/Archives/edgar/data/1968915/000196891526000111/,0
PGNY,1551306,"Progyny, Inc.",Peter Anevski,1.0576135341917956,811473.0,76726798.0,medium,,,,,https://www.sec.gov/Archives/edgar/data/1551306/000155130626000124/wk-form4_1780691895.xml,https://www.sec.gov/Archives/edgar/data/1551306/000155130626000140/,0
PGEN,1356090,"PRECIGEN, INC.",Helen Sabzevari,1.0556281907071567,3779521.0,358035247.0,high,,,,,https://www.sec.gov/Archives/edgar/data/1356090/000095010326012870/ownership.xml,https://www.sec.gov/Archives/edgar/data/1356090/000135609026000030/,0
RNR,913144,RENAISSANCERE HOLDINGS LTD,Kevin J. O'Donnell,1.0538677503814327,437902.0,41551893.0,medium,,,,,https://www.sec.gov/Archives/edgar/data/913144/000091314426000054/wk-form4_1773346767.xml,https://www.sec.gov/Archives/edgar/data/913144/000091314426000084/,0
MYRG,700923,MYR GROUP INC.,Richard S. Swartz,1.047051078247186,163018.0,15569250.0,medium,,,,,https://www.sec.gov/Archives/edgar/data/700923/000121465926003724/marketforms-72615.xml,https://www.sec.gov/Archives/edgar/data/700923/000070092326000042/,0
AMAL,1823608,Amalgamated Financial Corp.,Priscilla Sims Brown,1.04209106396701,311586.76,29900147.0,medium,,,,,https://www.sec.gov/Archives/edgar/data/1823608/000182360826000078/wk-form4_1775262753.xml,https://www.sec.gov/Archives/edgar/data/1823608/000182360826000182/,0
PFSI,1745916,"PennyMac Financial Services, Inc.",David A. Spector,1.0394391915609407,540005.0,51951572.0,medium,,,,,https://www.sec.gov/Archives/edgar/data/1745916/000174591626000141/form4.xml,https://www.sec.gov/Archives/edgar/data/1745916/000110465926090486/,0
MSGS,1636519,Madison Square Garden Sports Corp.,James L. Dolan,1.029828104645273,247982.0,24079941.0,low,,"class(es) counted from the person's filings but absent from the cover page: Common Stock, par value $0.01 per share; the denominator may not include them",,,https://www.sec.gov/Archives/edgar/data/1636519/000119312526374315/ownership.xml,https://www.sec.gov/Archives/edgar/data/1636519/000162828026056812/,0
TPG,1880661,TPG Inc.,Jon Winkelried,1.0291928454879686,3957501.0,384524729.0,medium,,,,,https://www.sec.gov/Archives/edgar/data/1880661/000094787126000767/ownership.xml,https://www.sec.gov/Archives/edgar/data/1880661/000188066126000049/,0
CNR,1710366,"Core Natural Resources, Inc.",James A. Brock,1.025083337770614,508813.0,49636257.0,medium,,,,,https://www.sec.gov/Archives/edgar/data/1710366/000119312526124233/ownership.xml,https://www.sec.gov/Archives/edgar/data/1710366/000171036626000054/,0
VTOL,1525221,Bristow Group Inc.,Christopher S. Bradshaw,1.0219890695634573,302938.0,29642000.0,medium,,,,,https://www.sec.gov/Archives/edgar/data/1525221/000152522126000057/form4.xml,https://www.sec.gov/Archives/edgar/data/1525221/000152522126000100/,0
ACA,1739445,"Arcosa, Inc.",Antonio Carrillo,1.0160199983672327,498935.0,49106809.0,medium,,,,,https://www.sec.gov/Archives/edgar/data/1739445/000173944526000136/wk-form4_1787866782.xml,https://www.sec.gov/Archives/edgar/data/1739445/000173944526000126/,0
GHC,104889,Graham Holdings Co,Timothy J. O'Shaughnessy,1.0106429200213085,42800.0,4234928.0,medium,,,,,https://www.sec.gov/Archives/edgar/data/104889/000095015726000904/ownership.xml,https://www.sec.gov/Archives/edgar/data/104889/000162828026050826/,0
FBK,1649749,FB Financial Corp,Christopher T. Holmes,1.0057677618962115,502664.0,49978138.0,medium,,,,,https://www.sec.gov/Archives/edgar/data/1649749/000134889126000005/wk-form4_1779900493.xml,https://www.sec.gov/Archives/edgar/data/1649749/000164974926000060/,0
MBC,1941365,"MasterBrand, Inc.",R. David Banyard,1.0018227387432208,2038614.0,203490490.0,medium,,,,,https://www.sec.gov/Archives/edgar/data/1941365/000162828026041290/wk-form4_1780691785.xml,https://www.sec.gov/Archives/edgar/data/1941365/000194136526000072/,0
LGND,886163,LIGAND PHARMACEUTICALS INC,Todd C. Davis,1.0007870840564739,199513.0,19935609.0,medium,,,,,https://www.sec.gov/Archives/edgar/data/886163/000200101126000106/edgardoc.xml,https://www.sec.gov/Archives/edgar/data/886163/000088616326000044/,0
MIDD,769520,MIDDLEBY Corp,Timothy J. FitzGerald,1.000131594225678,452283.0,45222349.0,medium,,,,,https://www.sec.gov/Archives/edgar/data/769520/000124844926000009/wk-form4_1787951643.xml,https://www.sec.gov/Archives/edgar/data/769520/000076952026000047/,0
DLX,27996,DELUXE CORP,Barry C. McCarthy,0.9999151697618801,458524.0,45856290.0,high,,,,,https://www.sec.gov/Archives/edgar/data/27996/000002799626000066/wk-form4_1771624180.xml,https://www.sec.gov/Archives/edgar/data/27996/000002799626000112/,0
PK,1617406,Park Hotels & Resorts Inc.,Thomas J. Baltimore,0.996328915611846,2005992.0,201338330.0,medium,,,,,https://www.sec.gov/Archives/edgar/data/1617406/000121465926002448/marketforms-72314.xml,https://www.sec.gov/Archives/edgar/data/1617406/000161740626000042/,0
LZB,57131,LA-Z-BOY INC,Melinda D. Whittington,0.9836622789469424,393984.0,40052771.0,high,,,,,https://www.sec.gov/Archives/edgar/data/57131/000159503426000004/wk-form4_1782776348.xml,https://www.sec.gov/Archives/edgar/data/57131/000005713126000035/,0
HYMC,1718405,HYCROFT MINING HOLDING CORP,Diane R. Garrett,0.983203984053475,916166.0,93181681.0,medium,,,,,https://www.sec.gov/Archives/edgar/data/1718405/000149315226031551/ownership.xml,https://www.sec.gov/Archives/edgar/data/1718405/000171840526000020/,0
WCC,929008,WESCO INTERNATIONAL INC,John J. Engel,0.9828628247383172,478977.1054,48732854.0,medium,,,,,https://www.sec.gov/Archives/edgar/data/929008/000119312526294575/ownership.xml,https://www.sec.gov/Archives/edgar/data/929008/000092900826000024/,0
ADUS,1468328,Addus HomeCare Corp,R. Dirk Allison,0.9807596536416358,183150.0,18674300.0,high,,,,,https://www.sec.gov/Archives/edgar/data/1468328/000143774926005879/rdgdoc.xml,https://www.sec.gov/Archives/edgar/data/1468328/000143774926025678/,0
HAE,313143,HAEMONETICS CORP,Christopher A. Simon,0.9774347792343728,444704.0,45497051.0,high,,,,,https://www.sec.gov/Archives/edgar/data/313143/000031314326000042/form4.xml,https://www.sec.gov/Archives/edgar/data/313143/000031314326000120/,0
RBC,1324948,RBC Bearings INC,Michael J. Hartnett,0.9702947748753958,307188.0,31659245.0,low,,"1 line(s) only ever footnoted, so missing from the total",,,https://www.sec.gov/Archives/edgar/data/1324948/000132494826000029/primary_01.xml,https://www.sec.gov/Archives/edgar/data/1324948/000121390026083879/,0
WH,1722684,"WYNDHAM HOTELS & RESORTS, INC.",Geoffrey A. Ballotti,0.9626158192298992,714368.0,74211122.0,medium,,,,,https://www.sec.gov/Archives/edgar/data/1722684/000139708626000006/wk-form4_1787170536.xml,https://www.sec.gov/Archives/edgar/data/1722684/000172268426000074/,0
KTB,1760965,"Kontoor Brands, Inc.",Scott H. Baxter,0.9609363753032278,525186.515,54653620.0,medium,,,,,https://www.sec.gov/Archives/edgar/data/1760965/000089706926001698/form4a.xml,https://www.sec.gov/Archives/edgar/data/1760965/000176096526000059/,0
FIVN,1288847,"Five9, Inc.",Amit Mathradas,0.9591931623252654,716743.0,74723531.0,high,,,,,https://www.sec.gov/Archives/edgar/data/1288847/000177068626000010/wk-form4_1772140253.xml,https://www.sec.gov/Archives/edgar/data/1288847/000128884726000123/,0
WAY,1990354,Waystar Holding Corp.,Matthew J. Hawkins,0.9570253764182333,1835081.0,191748416.0,medium,,,,,https://www.sec.gov/Archives/edgar/data/1990354/000199825626000011/wk-form4_1786657258.xml,https://www.sec.gov/Archives/edgar/data/1990354/000199035426000035/,0
BY,1702750,"BYLINE BANCORP, INC.",Roberto R. Herencia,0.9534501737468911,430830.0,45186420.0,medium,,,,,https://www.sec.gov/Archives/edgar/data/1702750/000121499326000004/form4-08142026_090819.xml,https://www.sec.gov/Archives/edgar/data/1702750/000119312526337960/,0
CRK,23194,COMSTOCK RESOURCES INC,M. Jay Allison,0.9531754569165916,2798719.0,293620548.0,medium,,,,,https://www.sec.gov/Archives/edgar/data/23194/000123289026000004/primarydocument.xml,https://www.sec.gov/Archives/edgar/data/23194/000119312526326260/,0
CNXN,1050377,PC CONNECTION INC,Timothy J. McGrath,0.9523023108832405,240343.0,25238099.0,medium,,,,,https://www.sec.gov/Archives/edgar/data/1050377/000118826626000004/primarydocument.xml,https://www.sec.gov/Archives/edgar/data/1050377/000110465926088136/,0
CRS,17843,CARPENTER TECHNOLOGY CORP,Tony R. Thene,0.9417080389291328,466697.0,49558566.0,medium,,,,,https://www.sec.gov/Archives/edgar/data/17843/000142043526000006/form4.xml,https://www.sec.gov/Archives/edgar/data/17843/000001784326000034/,0
IOSP,1054905,INNOSPEC INC.,Patrick S. Williams,0.9400128220290432,231535.0,24631047.0,medium,,,,,https://www.sec.gov/Archives/edgar/data/1054905/000119312526089087/ownership.xml,https://www.sec.gov/Archives/edgar/data/1054905/000119312526334178/,0
GNRC,1474735,GENERAC HOLDINGS INC.,Aaron Jagdfeld,0.9397766454365827,554528.0,59006361.0,medium,,,,,https://www.sec.gov/Archives/edgar/data/1474735/000143774926025719/rdgdoc.xml,https://www.sec.gov/Archives/edgar/data/1474735/000143774926025669/,0
BFC,1746109,Bank First Corp,Michael B. Molepske,0.935014203552408,103652.0,11085607.0,medium,,,,,https://www.sec.gov/Archives/edgar/data/1746109/000110465926025824/tm268391-11_4seq1.xml,https://www.sec.gov/Archives/edgar/data/1746109/000110465926092556/,0
BLKB,1280058,BLACKBAUD INC,Michael P. Gianoni,0.9325029642479064,423264.0,45390097.0,medium,,,,,https://www.sec.gov/Archives/edgar/data/1280058/000136583726000012/wk-form4_1787861151.xml,https://www.sec.gov/Archives/edgar/data/1280058/000128005826000025/,0
USPH,885978,U S PHYSICAL THERAPY INC /NV,Christopher Reading,0.9320566562427249,139088.0,14922698.0,medium,,,,,https://www.sec.gov/Archives/edgar/data/885978/000119312526072717/ownership.xml,https://www.sec.gov/Archives/edgar/data/885978/000114036126031825/,0
LAD,1023128,LITHIA MOTORS INC,Bryan B. DeBoer,0.9318287725907464,204845.0,21983116.0,medium,,,,,https://www.sec.gov/Archives/edgar/data/1023128/000117076726000002/wk-form4_1768258029.xml,https://www.sec.gov/Archives/edgar/data/1023128/000102312826000051/,0
SOFI,1818874,"SoFi Technologies, Inc.",Anthony Noto,0.926043807119867,11960507.0,1291570324.0,medium,,,,,https://www.sec.gov/Archives/edgar/data/1818874/000161343826000016/wk-form4_1781640941.xml,https://www.sec.gov/Archives/edgar/data/1818874/000181887426000054/,0
SKYW,793733,SKYWEST INC,Russell A. Childs,0.9243046152518811,358892.0,38828325.0,medium,,,,,https://www.sec.gov/Archives/edgar/data/793733/000139368726000005/form4-07302026_100753.xml,https://www.sec.gov/Archives/edgar/data/793733/000110465926086641/,0
MLI,89439,MUELLER INDUSTRIES INC,Gregory L. Christopher,0.9222629527942016,2039874.0,221181388.0,medium,,,,,https://www.sec.gov/Archives/edgar/data/89439/000134198526000005/wk-form4_1786567639.xml,https://www.sec.gov/Archives/edgar/data/89439/000008943926000032/,0
XE,2088896,"X-Energy, Inc.",J. Clay Sell,0.9221172549163474,3747172.0,406366108.0,high,,,,,https://www.sec.gov/Archives/edgar/data/2088896/000110465926048690/tm2612398-1_3seq1.xml,https://www.sec.gov/Archives/edgar/data/2088896/000119312526347752/,0
PARR,821483,"PAR PACIFIC HOLDINGS, INC.",William Monteleone,0.9125157758160555,457167.0,50099627.0,medium,,,,,https://www.sec.gov/Archives/edgar/data/821483/000143774926008615/rdgdoc.xml,https://www.sec.gov/Archives/edgar/data/821483/000082148326000014/,0
GSAT,1366868,"Globalstar, Inc.",Dr. Paul E. Jacobs,0.9123477892296147,1183432.0,129712815.0,high,,,,,https://www.sec.gov/Archives/edgar/data/1366868/000119131026000009/wk-form4_1773960070.xml,https://www.sec.gov/Archives/edgar/data/1366868/000136686826000039/,0
ZION,109380,"ZIONS BANCORPORATION, NATIONAL ASSOCIATION /UT/",Harris H. Simmons,0.9088472135498358,1326493.0,145953355.0,medium,,,,,https://www.sec.gov/Archives/edgar/data/109380/000010938026000112/wk-form4_1786480481.xml,https://www.sec.gov/Archives/edgar/data/109380/000010938026000111/,0
MDGL,1157601,"MADRIGAL PHARMACEUTICALS, INC.",William J. Sibold,0.906024317907546,209329.0,23104126.0,high,,,,,https://www.sec.gov/Archives/edgar/data/1157601/000162828026048919/wk-form4_1784596610.xml,https://www.sec.gov/Archives/edgar/data/1157601/000162828026050845/,0
WERN,793074,WERNER ENTERPRISES INC,Derek J. Leathers,0.9014367403482753,540656.12,59977156.0,high,,,,,https://www.sec.gov/Archives/edgar/data/793074/000079307426000126/wk-form4_1784059846.xml,https://www.sec.gov/Archives/edgar/data/793074/000079307426000140/,0
LBRT,1694028,Liberty Energy Inc.,Ron Gusek,0.9009989839171442,1470353.0,163191416.0,high,,,,,https://www.sec.gov/Archives/edgar/data/1694028/000162828026023449/wk-form4_1775175684.xml,https://www.sec.gov/Archives/edgar/data/1694028/000169402826000039/,0
LNTH,1521036,"Lantheus Holdings, Inc.",Mary Anne Heino,0.9007915738434437,587968.0,65272369.0,medium,,,,,https://www.sec.gov/Archives/edgar/data/1521036/000206483226000218/form4.xml,https://www.sec.gov/Archives/edgar/data/1521036/000119312526336795/,0
PATK,76605,PATRICK INDUSTRIES INC,Andy L. Nemeth,0.895892131654438,287745.0,32118264.0,medium,,,,,https://www.sec.gov/Archives/edgar/data/76605/000120992926000006/wk-form4_1778068514.xml,https://www.sec.gov/Archives/edgar/data/76605/000007660526000075/,0
ITRI,780571,"ITRON, INC.",Thomas L. Deitrich,0.8952684845117427,392009.0,43786753.0,medium,,,,,https://www.sec.gov/Archives/edgar/data/780571/000078057126000198/form4.xml,https://www.sec.gov/Archives/edgar/data/780571/000078057126000178/,0
LAUR,912766,"LAUREATE EDUCATION, INC.",Eilif Serck-Hanssen,0.8946669516286683,1232398.0,137749360.0,low,,"1 line(s) only ever footnoted, so missing from the total",,,https://www.sec.gov/Archives/edgar/data/912766/000129217826000008/form4-03172026_080306.xml,https://www.sec.gov/Archives/edgar/data/912766/000162828026050794/,0
CVCO,278166,"CAVCO INDUSTRIES, INC.",William C. Boor,0.8939966983128206,68743.0,7689402.0,high,,,,,https://www.sec.gov/Archives/edgar/data/278166/000162828026052067/wk-form4_1785799398.xml,https://www.sec.gov/Archives/edgar/data/278166/000162828026051421/,0
CNO,1224608,"CNO Financial Group, Inc.",Gary C. Bhojwani,0.89217549532421,825453.0,92521371.0,medium,,,,,https://www.sec.gov/Archives/edgar/data/1224608/000161470826000014/wk-form4_1782936649.xml,https://www.sec.gov/Archives/edgar/data/1224608/000122460826000064/,0
GRAL,1699031,"GRAIL, Inc.",Joshua Ofman,0.8894213020063433,397271.0,44666234.0,medium,,,,,https://www.sec.gov/Archives/edgar/data/1699031/000162828026059682/wk-form4_1788221244.xml,https://www.sec.gov/Archives/edgar/data/1699031/000162828026054307/,0
QBTS,1907982,D-Wave Quantum Inc.,Alan Baratz,0.8794392178728296,3247451.0,369263837.0,high,,,,,https://www.sec.gov/Archives/edgar/data/1907982/000190798226000107/wk-form4_1784157529.xml,https://www.sec.gov/Archives/edgar/data/1907982/000190798226000129/,0
QS,1811414,QuantumScape Corp,Siva Sivaram,0.878395308535887,5438264.0,619113507.0,medium,,,,,https://www.sec.gov/Archives/edgar/data/1811414/000158706726000012/primarydocument.xml,https://www.sec.gov/Archives/edgar/data/1811414/000119312526316073/,0
TILE,715787,INTERFACE INC,Laurel M. Hurd,0.8771175869534603,506978.0,57800460.0,high,,,,,https://www.sec.gov/Archives/edgar/data/715787/000176869526000005/primarydocument.xml,https://www.sec.gov/Archives/edgar/data/715787/000071578726000024/,0
NRIX,1549595,"Nurix Therapeutics, Inc.",Arthur T. Sands,0.875234409139424,908333.0,103781683.0,high,,,,,https://www.sec.gov/Archives/edgar/data/1549595/000113410626000002/wk-form4_1770763386.xml,https://www.sec.gov/Archives/edgar/data/1549595/000154959526000040/,0
SLS,1390478,"SELLAS Life Sciences Group, Inc.",Angelos M. Stergiou,0.8711168010012038,1759183.0,201945709.0,medium,,,,,https://www.sec.gov/Archives/edgar/data/1390478/000110465926075773/tm2618312-1_4seq1.xml,https://www.sec.gov/Archives/edgar/data/1390478/000139047826000012/,0
CHWY,1766502,"Chewy, Inc.",Sumit Singh,0.8703833185906373,3563560.0,409424207.0,medium,,,,,https://www.sec.gov/Archives/edgar/data/1766502/000176650226000062/form4.xml,https://www.sec.gov/Archives/edgar/data/1766502/000162828026042060/,0
FTI,1681459,TechnipFMC plc,Douglas J. Pferdehirt,0.8665159570786932,3398167.0,392164388.0,medium,,,,,https://www.sec.gov/Archives/edgar/data/1681459/000162828026059115/wk-form4_1787777597.xml,https://www.sec.gov/Archives/edgar/data/1681459/000168145926000045/,0
PLUS,1022408,EPLUS INC,Mark P. Marron,0.8664981910216999,226073.0,26090418.0,medium,,,,,https://www.sec.gov/Archives/edgar/data/1022408/000102240826000057/form4.xml,https://www.sec.gov/Archives/edgar/data/1022408/000114036126031274/,0
ODTX,1882782,"Odyssey Therapeutics, Inc.",Gary D. Glick,0.8655550345935489,415973.0,48058527.0,high,,,,,https://www.sec.gov/Archives/edgar/data/1882782/000119312526217585/ownership.xml,https://www.sec.gov/Archives/edgar/data/1882782/000119312526335822/,0
CMCSA,1166691,COMCAST CORP,Brian L. Roberts,0.8620734575290079,30591854.0,3548636573.0,medium,,,,,https://www.sec.gov/Archives/edgar/data/1166691/000122520826007023/doc4.xml,https://www.sec.gov/Archives/edgar/data/1166691/000162828026049360/,0
PRKS,1564902,United Parks & Resorts Inc.,Marc G. Swanson,0.8617483893109482,390728.0,45341309.0,medium,,,,,https://www.sec.gov/Archives/edgar/data/1564902/000119312526202038/ownership.xml,https://www.sec.gov/Archives/edgar/data/1564902/000119312526340383/,0
LIME,1699963,"Neutron Holdings, Inc.",Wayne Ting,0.8612356328516212,559667.0,64984190.0,medium,,,,,https://www.sec.gov/Archives/edgar/data/1699963/000114036126027043/form3.xml,https://www.sec.gov/Archives/edgar/data/1699963/000162828026055698/,0
NTLA,1652130,"Intellia Therapeutics, Inc.",John M. Leonard,0.8602779200676633,1205479.0,140126693.0,high,,,,,https://www.sec.gov/Archives/edgar/data/1652130/000119312526363567/ownership.xml,https://www.sec.gov/Archives/edgar/data/1652130/000119312526337952/,0
ARXS,2093536,"Arxis, Inc.",Kevin Perhamus,0.8558927800624196,3573133.0,417474371.0,high,,,,,https://www.sec.gov/Archives/edgar/data/2093536/000119312526164663/ownership.xml,https://www.sec.gov/Archives/edgar/data/2093536/000119312526325027/,0
RPM,110621,RPM INTERNATIONAL INC/DE/,Frank C. Sullivan,0.8508352796350803,1086869.0,127741412.0,medium,,,,,https://www.sec.gov/Archives/edgar/data/110621/000119312526340385/ownership.xml,https://www.sec.gov/Archives/edgar/data/110621/000119312526312142/,0
RYAN,1849253,"RYAN SPECIALTY HOLDINGS, INC.",Timothy W. Turner,0.8477770352483732,2168739.0,255814785.0,high,,,,,https://www.sec.gov/Archives/edgar/data/1849253/000187005926000003/wk-form4_1778103196.xml,https://www.sec.gov/Archives/edgar/data/1849253/000184925326000036/,0
WK,1445305,WORKIVA INC,Julie Iskow,0.8463059946095749,460530.0,54416488.0,high,,,,,https://www.sec.gov/Archives/edgar/data/1445305/000177607826000010/wk-form4_1775505971.xml,https://www.sec.gov/Archives/edgar/data/1445305/000144530526000060/,0
ALIT,1809104,"Alight, Inc. / Delaware",Rohit Verma,0.8454627629816639,227760.0,26939093.0,high,,,,,https://www.sec.gov/Archives/edgar/data/1809104/000162828026053546/wk-form4_1785964719.xml,https://www.sec.gov/Archives/edgar/data/1809104/000162828026052636/,0
ROCK,912562,"GIBRALTAR INDUSTRIES, INC.",William T. Bosway,0.8432857298449,250320.0,29683889.0,medium,,,,,https://www.sec.gov/Archives/edgar/data/912562/000091256226000128/form4.xml,https://www.sec.gov/Archives/edgar/data/912562/000091256226000147/,0
RDN,890926,RADIAN GROUP INC,Richard G. Thornberry,0.8408926054689795,1112512.0,132301318.0,high,,,,,https://www.sec.gov/Archives/edgar/data/890926/000089092626000108/form4.xml,https://www.sec.gov/Archives/edgar/data/890926/000119312526340290/,0
SCHL,866729,SCHOLASTIC CORP,Peter Warwick,0.8398323134566729,158414.0,18862575.0,high,,,,,https://www.sec.gov/Archives/edgar/data/866729/000162058626000009/form4-07242026_120701.xml,https://www.sec.gov/Archives/edgar/data/866729/000086672926000018/,0
IQV,1478242,IQVIA HOLDINGS INC.,Ari Bousbib,0.8379362089914945,1379243.0,164600000.0,high,,,,,https://www.sec.gov/Archives/edgar/data/1478242/000162828026051449/wk-form4_1785531724.xml,https://www.sec.gov/Archives/edgar/data/1478242/000162828026050211/,0
ASAN,1477720,"Asana, Inc.",Daniel Rogers,0.8354658996815784,1925831.0,230509827.0,high,,,,,https://www.sec.gov/Archives/edgar/data/1477720/000207500626000006/wk-form4_1787954765.xml,https://www.sec.gov/Archives/edgar/data/1477720/000147772026000039/,0
ONDS,1646188,Ondas Inc.,Eric A. Brock,0.8301841320461781,4736635.0,570552341.0,medium,,,,,https://www.sec.gov/Archives/edgar/data/1646188/000121390026064364/ownership.xml,https://www.sec.gov/Archives/edgar/data/1646188/000119312526349288/,0
SXI,310354,STANDEX INTERNATIONAL CORP/DE/,David Dunbar,0.8274208135425121,100278.9759,12119465.0,medium,,,,,https://www.sec.gov/Archives/edgar/data/310354/000031035426000074/form4.xml,https://www.sec.gov/Archives/edgar/data/310354/000143774926027789/,0
TRNO,1476150,Terreno Realty Corp,W. Blake Baird,0.8266719622987216,900827.0,108970310.0,medium,,,,,https://www.sec.gov/Archives/edgar/data/1476150/000147615026000038/wk-form4_1785967368.xml,https://www.sec.gov/Archives/edgar/data/1476150/000147615026000035/,0
ALKS,1520262,Alkermes plc.,Richard F. Pops,0.8212405394668267,1377740.0,167763272.0,high,,,,,https://www.sec.gov/Archives/edgar/data/1520262/000152026226000062/form4.xml,https://www.sec.gov/Archives/edgar/data/1520262/000119312526319022/,0
TDC,816761,TERADATA CORP /DE/,Stephen McMillan,0.8198344086021505,762446.0,93000000.0,high,,,,,https://www.sec.gov/Archives/edgar/data/816761/000171972326000017/wk-form4_1778711501.xml,https://www.sec.gov/Archives/edgar/data/816761/000162828026053103/,0
ADNT,1670541,Adient plc,Jerome J. Dorlack,0.8175241006996231,630286.0,77096932.0,high,,,,,https://www.sec.gov/Archives/edgar/data/1670541/000167054126000033/wk-form4_1770758130.xml,https://www.sec.gov/Archives/edgar/data/1670541/000167054126000093/,0
HWM,4281,Howmet Aerospace Inc.,John C. Plant,0.8172230609451799,3259097.0,398801399.0,medium,,,,,https://www.sec.gov/Archives/edgar/data/4281/000110465926017219/tm266799-5_4seq1.xml,https://www.sec.gov/Archives/edgar/data/4281/000000428126000025/,0
UNIT,2020795,Uniti Group Inc.,Kenneth A. Gunderman,0.8155500665392563,1979545.0,242725135.0,medium,,,,,https://www.sec.gov/Archives/edgar/data/2020795/000161603926000004/primary_doc.xml,https://www.sec.gov/Archives/edgar/data/2020795/000162828026051048/,0
TNC,97134,TENNANT CO,David W. Huml,0.8126959794192173,138559.0,17049303.0,medium,,,,,https://www.sec.gov/Archives/edgar/data/97134/000162424226000005/form4-03102026_080318.xml,https://www.sec.gov/Archives/edgar/data/97134/000009713426000024/,0
DMRA,1800315,"Damora Therapeutics, Inc.",Jennifer Jarrett,0.8099065304691129,500000.0,61735519.0,high,,,,,https://www.sec.gov/Archives/edgar/data/1800315/000119312526138275/ownership.xml,https://www.sec.gov/Archives/edgar/data/1800315/000119312526342307/,0
PTGX,1377121,"Protagonist Therapeutics, Inc",Dinesh V. Patel,0.8089814155946182,523478.0,64708285.0,medium,,,,,https://www.sec.gov/Archives/edgar/data/1377121/000110465926095111/tm2622954-1_4seq1.xml,https://www.sec.gov/Archives/edgar/data/1377121/000110465926091123/,0
CRWD,1535527,"CrowdStrike Holdings, Inc.",George Kurtz,0.8082564105187466,8276019.0,1023934842.0,low,,"5 line(s) only ever footnoted, so missing from the total",,,https://www.sec.gov/Archives/edgar/data/1535527/000095010326013019/ownership.xml,https://www.sec.gov/Archives/edgar/data/1535527/000153552726000031/,0
OBK,1516912,"Origin Bancorp, Inc.",Drake Mills,0.8069160397719549,248931.0,30849678.0,medium,,,,,https://www.sec.gov/Archives/edgar/data/1516912/000173736226000008/wk-form4_1781804754.xml,https://www.sec.gov/Archives/edgar/data/1516912/000151691226000046/,0
MTN,812011,VAIL RESORTS INC,Robert A. Katz,0.8047786233672188,286771.0,35633526.0,medium,,,,,https://www.sec.gov/Archives/edgar/data/812011/000082472826000002/wk-form4_1780697146.xml,https://www.sec.gov/Archives/edgar/data/812011/000081201126000026/,0
EPAC,6955,ENERPAC TOOL GROUP CORP,Paul E. Sternlieb,0.8041903219401221,411244.0,51137646.0,low,,"1 line(s) only ever footnoted, so missing from the total",,,https://www.sec.gov/Archives/edgar/data/6955/000000695525000075/form4.xml,https://www.sec.gov/Archives/edgar/data/6955/000000695526000036/,0
HOPE,1128361,HOPE BANCORP INC,Kevin S. Kim,0.8032223679640866,1026051.0,127741836.0,medium,,,,,https://www.sec.gov/Archives/edgar/data/1128361/000144518126000005/ownership.xml,https://www.sec.gov/Archives/edgar/data/1128361/000112836126000037/,0
KYMR,1815442,"Kymera Therapeutics, Inc.",Nello Mainolfi,0.8016392614183578,666568.0,83150618.0,high,,,,,https://www.sec.gov/Archives/edgar/data/1815442/000119312526297817/ownership.xml,https://www.sec.gov/Archives/edgar/data/1815442/000119312526333849/,0
BATRA,1958140,"Atlanta Braves Holdings, Inc.",Terence F. McGuirk,0.8005482866299951,513695.0,64167897.0,low,,class(es) counted from the person's filings but absent from the cover page: Series C Common Stock; the denominator may not include them,,,https://www.sec.gov/Archives/edgar/data/1958140/000110465925121105/tm2533513-2_4seq1.xml,https://www.sec.gov/Archives/edgar/data/1958140/000110465926091124/,0
KN,1587523,Knowles Corp,Jeffrey S. Niew,0.8005109358791115,683719.0,85410326.0,medium,,,,,https://www.sec.gov/Archives/edgar/data/1587523/000153576026000010/edgardoc.xml,https://www.sec.gov/Archives/edgar/data/1587523/000158752326000030/,0
SIND,2096861,Sinda Ltd.,Daniel Muniz Quintanilla,0.8002027320396886,1270649.0,158790885.0,high,,,,,https://www.sec.gov/Archives/edgar/data/2096861/000114036126027265/form4.xml,https://www.sec.gov/Archives/edgar/data/2096861/000114036126033014/,0
SAFT,1172052,SAFETY INSURANCE GROUP INC,George M. Murphy,0.7997693808691022,117410.0,14680482.0,high,,,,,https://www.sec.gov/Archives/edgar/data/1172052/000134067526000001/form4-03032026_100351.xml,https://www.sec.gov/Archives/edgar/data/1172052/000117205226000023/,0
UNFI,1020859,UNITED NATURAL FOODS INC,J. Alexander Miller Douglas,0.7968801275100736,482265.0,60519140.0,medium,,,,,https://www.sec.gov/Archives/edgar/data/1020859/000162828025058540/wk-form4_1766438352.xml,https://www.sec.gov/Archives/edgar/data/1020859/000102085926000015/,0
SCSC,918965,"SCANSOURCE, INC.",Michael L. Baur,0.7968549773487436,160509.0,20142812.0,medium,,,,,https://www.sec.gov/Archives/edgar/data/918965/000119312526371667/ownership.xml,https://www.sec.gov/Archives/edgar/data/918965/000091896526000044/,0
EPC,1096752,EDGEWELL PERSONAL CARE Co,Rod R. Little,0.7937223082817203,365818.0,46088915.0,high,,,,,https://www.sec.gov/Archives/edgar/data/1096752/000160456525000009/form4-11172025_081126.xml,https://www.sec.gov/Archives/edgar/data/1096752/000162828026053128/,0
MMI,1578732,"Marcus & Millichap, Inc.",Hessam Nadji,0.7933827366547433,300462.0,37871003.0,medium,,,,,https://www.sec.gov/Archives/edgar/data/1578732/000158827626000009/ownership.xml,https://www.sec.gov/Archives/edgar/data/1578732/000162828026054439/,0
BANR,946673,BANNER CORP,Mark J. Grescovich,0.7922692981169965,269252.0,33984909.0,medium,,,,,https://www.sec.gov/Archives/edgar/data/946673/000094667326000089/form4.xml,https://www.sec.gov/Archives/edgar/data/946673/000094667326000172/,0
MRVI,1823239,"MARAVAI LIFESCIENCES HOLDINGS, INC.",Bernd Brust,0.7922521973496539,2057270.0,259673625.0,high,,,,,https://www.sec.gov/Archives/edgar/data/1823239/000138063226000006/wk-form4_1786481056.xml,https://www.sec.gov/Archives/edgar/data/1823239/000182323926000059/,0
VSAT,797721,VIASAT INC,Mark Dankberg,0.7900399990388791,1088326.0,137755810.0,low,,"1 line(s) only ever footnoted, so missing from the total",,,https://www.sec.gov/Archives/edgar/data/797721/000119312526264582/ownership.xml,https://www.sec.gov/Archives/edgar/data/797721/000119312526337903/,0
NXT,1852131,Nextpower Inc.,Daniel Shugar,0.7893487041941476,1197675.0,151729520.0,medium,,,,,https://www.sec.gov/Archives/edgar/data/1852131/000095010326012195/ownership.xml,https://www.sec.gov/Archives/edgar/data/1852131/000185213126000048/,0
PBH,1295947,Prestige Consumer Healthcare Inc.,Ronald M. Lombardi,0.78832457665747,373465.0,47374522.0,high,,,,,https://www.sec.gov/Archives/edgar/data/1295947/000110465926058620/tm2614203-2_4seq1.xml,https://www.sec.gov/Archives/edgar/data/1295947/000129594726000042/,0
YETI,1670592,"YETI Holdings, Inc.",Matthew J. Reintjes,0.7866412812180106,574160.0,72988796.0,medium,,,,,https://www.sec.gov/Archives/edgar/data/1670592/000110465926098372/tm2623398-3_4seq1.xml,https://www.sec.gov/Archives/edgar/data/1670592/000167059226000040/,0
OTTR,1466593,Otter Tail Corp,Charles S. MacFarlane,0.7862389896721684,330107.0,41985580.0,medium,,,,,https://www.sec.gov/Archives/edgar/data/1466593/000127805326000005/wk-form4_1770908014.xml,https://www.sec.gov/Archives/edgar/data/1466593/000146659326000071/,0
SKT,899715,TANGER INC.,Stephen J. Yalof,0.7861810483029233,903156.84,114878989.0,high,,,,,https://www.sec.gov/Archives/edgar/data/899715/000162828026020553/wk-form4_1774298246.xml,https://www.sec.gov/Archives/edgar/data/899715/000162828026053864/,0
KOS,1509991,Kosmos Energy Ltd.,Andrew G. Inglis,0.7855818659117753,4678043.0,595487651.0,high,,,,,https://www.sec.gov/Archives/edgar/data/1509991/000160083426000004/wk-form4_1783371107.xml,https://www.sec.gov/Archives/edgar/data/1509991/000150999126000049/,0
KMTS,1877184,"KESTRA MEDICAL TECHNOLOGIES, LTD.",Brian Webster,0.7853163662974975,460215.0,58602497.0,medium,,,,,https://www.sec.gov/Archives/edgar/data/1877184/000119312526355847/ownership.xml,https://www.sec.gov/Archives/edgar/data/1877184/000119312526303397/,0
WSM,719955,WILLIAMS SONOMA INC,Laura Alber,0.7833779606616449,922401.0,117746611.0,medium,,,,,https://www.sec.gov/Archives/edgar/data/719955/000071995526000184/form4.xml,https://www.sec.gov/Archives/edgar/data/719955/000071995526000131/,0
HCSG,731012,HEALTHCARE SERVICES GROUP INC,Theodore Wahl,0.781351879107711,536259.0,68632202.0,medium,,,,,https://www.sec.gov/Archives/edgar/data/731012/000145424426000006/wk-form4_1772140043.xml,https://www.sec.gov/Archives/edgar/data/731012/000073101226000046/,0
CECO,3197,CECO ENVIRONMENTAL CORP,Todd Gleason,0.7725205963548127,452464.0,58569830.0,medium,,,,,https://www.sec.gov/Archives/edgar/data/3197/000119312526139880/ownership.xml,https://www.sec.gov/Archives/edgar/data/3197/000119312526342536/,0
JXN,1822993,Jackson Financial Inc.,Laura L. Prieskorn,0.7703017348143942,521715.69,67728744.0,medium,,,,,https://www.sec.gov/Archives/edgar/data/1822993/000182299326000110/form4.xml,https://www.sec.gov/Archives/edgar/data/1822993/000182299326000124/,0
THO,730263,THOR INDUSTRIES INC,Robert W. Martin,0.7693511541583168,400504.0,52057373.0,medium,,,,,https://www.sec.gov/Archives/edgar/data/730263/000154154725000007/form4-12292025_101238.xml,https://www.sec.gov/Archives/edgar/data/730263/000073026326000018/,0
TRLV,1754195,Trulieve Cannabis Corp.,Kim Rivers,0.766967353235839,1476913.0,192565302.0,high,,,,,https://www.sec.gov/Archives/edgar/data/1754195/000121390026072664/ownership.xml,https://www.sec.gov/Archives/edgar/data/1754195/000175419526000069/,0
MATX,3453,"Matson, Inc.",Matthew J. Cox,0.7667875735307936,229296.0,29903458.0,medium,,,,,https://www.sec.gov/Archives/edgar/data/3453/000122520826007379/doc4.xml,https://www.sec.gov/Archives/edgar/data/3453/000110465926090003/,0
IMNM,1472012,Immunome Inc.,Clay Siegall,0.7666157566997635,870704.0,113577629.0,high,,,,,https://www.sec.gov/Archives/edgar/data/1472012/000116749626000005/form4-07272026_040701.xml,https://www.sec.gov/Archives/edgar/data/1472012/000119312526344636/,0
BTSG,1865782,"BrightSpring Health Services, Inc.",Jon Rousseau,0.7621119371438116,1507947.0,197864241.0,medium,,,,,https://www.sec.gov/Archives/edgar/data/1865782/000090883426000359/form4.xml,https://www.sec.gov/Archives/edgar/data/1865782/000119312526327014/,0
HMN,850141,HORACE MANN EDUCATORS CORP /DE/,Marita Zuraitis,0.7583242278089849,307129.305,40501054.0,medium,,,,,https://www.sec.gov/Archives/edgar/data/850141/000121465926009623/marketforms-73661.xml,https://www.sec.gov/Archives/edgar/data/850141/000085014126000033/,0
SLM,1032033,SLM Corp,Jonathan W. Witter,0.7575954983001107,1423877.693,187946958.0,medium,,,,,https://www.sec.gov/Archives/edgar/data/1032033/000162828026014629/wk-form4_1772658779.xml,https://www.sec.gov/Archives/edgar/data/1032033/000103203326000042/,0
MNKD,899460,MANNKIND CORP,Michael E. Castagna,0.7569117927697581,2433779.0,321540637.0,high,,,,,https://www.sec.gov/Archives/edgar/data/899460/000119312526308133/ownership.xml,https://www.sec.gov/Archives/edgar/data/899460/000119312526335054/,0
ARQT,1787306,"Arcutis Biotherapeutics, Inc.",Todd Franklin Watanabe,0.7560841540215926,950337.0,125691961.0,medium,,,,,https://www.sec.gov/Archives/edgar/data/1787306/000162828026053753/wk-form4_1785980527.xml,https://www.sec.gov/Archives/edgar/data/1787306/000178730626000051/,0
EVTC,1559865,"EVERTEC, Inc.",Morgan Schuessler,0.7531964079452887,450054.0,59752542.0,medium,,,,,https://www.sec.gov/Archives/edgar/data/1559865/000140760726000002/primarydocument.xml,https://www.sec.gov/Archives/edgar/data/1559865/000155986526000047/,0
REPL,1737953,"Replimune Group, Inc.",Sushil Patel,0.7515959996193575,708151.0,94219634.0,medium,,,,,https://www.sec.gov/Archives/edgar/data/1737953/000110465926095012/tm2623037-4_4seq1.xml,https://www.sec.gov/Archives/edgar/data/1737953/000162828026057099/,0
QURE,1590560,uniQure N.V.,Matthew Kapusta,0.7485279763352903,519227.0,69366412.0,medium,,,,,https://www.sec.gov/Archives/edgar/data/1590560/000090445426000397/edgar.xml,https://www.sec.gov/Archives/edgar/data/1590560/000110465926087815/,0
NE,1895262,Noble Corp plc,Robert W. Eifler,0.7478147165306861,1193828.0,159642218.0,medium,,,,,https://www.sec.gov/Archives/edgar/data/1895262/000171222826000002/wk-form4_1781731328.xml,https://www.sec.gov/Archives/edgar/data/1895262/000189526226000141/,0
PB,1068851,PROSPERITY BANCSHARES INC,David Zalman,0.7472525618116334,898024.0,120176771.0,medium,,,,,https://www.sec.gov/Archives/edgar/data/1068851/000119312526001110/ownership.xml,https://www.sec.gov/Archives/edgar/data/1068851/000119312526338254/,0
FBP,1057706,FIRST BANCORP /PR/,Aurelio Alemán,0.7404780409246537,1130475.0,152668268.0,high,,,,,https://www.sec.gov/Archives/edgar/data/1057706/000119312526120160/ownership.xml,https://www.sec.gov/Archives/edgar/data/1057706/000105770626000023/,0
NWPX,1001385,"NWPX Infrastructure, Inc.",Scott Montross,0.7380669202534097,71129.0,9637202.0,high,,,,,https://www.sec.gov/Archives/edgar/data/1001385/000143774926028907/rdgdoc.xml,https://www.sec.gov/Archives/edgar/data/1001385/000143774926025050/,0
NN,1865631,NEXTNAV INC.,Mariam Sorond,0.7355403483124895,1241665.0,168809910.0,medium,,,,,https://www.sec.gov/Archives/edgar/data/1865631/000155485526001373/form4.xml,https://www.sec.gov/Archives/edgar/data/1865631/000155485526001789/,0
XNCR,1326732,Xencor Inc,Bassil I. Dahiyat,0.7347559385887911,546316.0,74353397.0,medium,,,,,https://www.sec.gov/Archives/edgar/data/1326732/000159131226000004/wk-form4_1773086762.xml,https://www.sec.gov/Archives/edgar/data/1326732/000132673226000056/,0
PENG,1616533,"Penguin Solutions, Inc.",Kash Shaikh,0.7339308961848399,376086.0,51242699.0,high,,,,,https://www.sec.gov/Archives/edgar/data/1616533/000210872326000006/wk-form4_1770251490.xml,https://www.sec.gov/Archives/edgar/data/1616533/000161653326000043/,0
NATL,1974138,NCR Atleos Corp,Timothy C. Oliver,0.7335459952912255,542068.0,73896934.0,medium,,,,,https://www.sec.gov/Archives/edgar/data/1974138/000129066726000004/form4-03122026_080335.xml,https://www.sec.gov/Archives/edgar/data/1974138/000197413826000016/,0
IAUX,1853962,i-80 Gold Corp.,Richard Young,0.731838281921898,6337000.0,865901683.0,high,,,,,https://www.sec.gov/Archives/edgar/data/1853962/000091228226001136/form4.xml,https://www.sec.gov/Archives/edgar/data/1853962/000162828026055367/,0
PVH,78239,PVH CORP. /DE/,Stefan Larsson,0.7280933377160781,335709.946,46108092.0,high,,,,,https://www.sec.gov/Archives/edgar/data/78239/000155875526000004/wk-form4_1776197434.xml,https://www.sec.gov/Archives/edgar/data/78239/000007823926000040/,0
VC,1111335,VISTEON CORP,Sachin S. Lawande,0.7260493922011892,193822.0,26695429.0,medium,,,,,https://www.sec.gov/Archives/edgar/data/1111335/000145437826000019/wk-form4_1777320799.xml,https://www.sec.gov/Archives/edgar/data/1111335/000111133526000046/,0
OSIS,1039065,OSI SYSTEMS INC,Ajay Mehra,0.7249920461513911,115578.0,15941968.0,medium,,,,,https://www.sec.gov/Archives/edgar/data/1039065/000104705926000009/form4-08252026_110811.xml,https://www.sec.gov/Archives/edgar/data/1039065/000110465926099752/,0
DAN,26780,DANA Inc,R. Bruce McDonald,0.722465135775385,777204.0,107576679.0,high,,,,,https://www.sec.gov/Archives/edgar/data/26780/000122520826006515/doc4.xml,https://www.sec.gov/Archives/edgar/data/26780/000143774926026123/,0
INVX,1042893,"Innovex International, Inc.",Adam Anderson,0.7224523133186085,505253.0,69935827.0,high,,,,,https://www.sec.gov/Archives/edgar/data/1042893/000119312526145869/ownership.xml,https://www.sec.gov/Archives/edgar/data/1042893/000119312526332959/,0
TFIN,1539638,"Triumph Financial, Inc.",Aaron P. Graft,0.7224161740401164,172618.0,23894537.0,high,,,,,https://www.sec.gov/Archives/edgar/data/1539638/000162828026030839/wk-form4_1778025744.xml,https://www.sec.gov/Archives/edgar/data/1539638/000153963826000029/,0
DOLE,1857475,Dole plc,Rory Byrne,0.721950680575502,681946.0,94458807.0,high,,,,,https://www.sec.gov/Archives/edgar/data/1857475/000211289926000003/wk-form3_1773864539.xml,https://www.sec.gov/Archives/edgar/data/1857475/000185747526000076/,0
DAR,916540,DARLING INGREDIENTS INC.,Randall C. Stuewe,0.7214486454736996,1138467.0,157802916.0,medium,,,,,https://www.sec.gov/Archives/edgar/data/916540/000119312526352269/ownership.xml,https://www.sec.gov/Archives/edgar/data/916540/000091654026000023/,0
TDW,98222,TIDEWATER INC,Quintin V. Kneen,0.7212563990226671,358870.0,49756231.0,high,,,,,https://www.sec.gov/Archives/edgar/data/98222/000139107126000004/form4-03232026_080326.xml,https://www.sec.gov/Archives/edgar/data/98222/000143774926025450/,0
TTWO,946581,TAKE TWO INTERACTIVE SOFTWARE INC,Strauss Zelnick,0.718025895360618,1342568.0,186980443.0,medium,,,,,https://www.sec.gov/Archives/edgar/data/946581/000094658126000069/form4.xml,https://www.sec.gov/Archives/edgar/data/946581/000162828026054870/,0
STRA,1013934,"Strategic Education, Inc.",Karl McDonnell,0.7158733654608325,158978.0,22207559.0,medium,,,,,https://www.sec.gov/Archives/edgar/data/1013934/000136985126000002/form4-02262026_070210.xml,https://www.sec.gov/Archives/edgar/data/1013934/000101393426000018/,0
SRPT,873303,"Sarepta Therapeutics, Inc.",Michael Severino,0.7158244101194523,756104.0,105627021.0,high,,,,,https://www.sec.gov/Archives/edgar/data/873303/000119312526324445/ownership.xml,https://www.sec.gov/Archives/edgar/data/873303/000119312526335003/,0
IDYA,1676725,"IDEAYA Biosciences, Inc.",Yujiro Hata,0.7158241202740808,690695.0,96489484.0,high,,,,,https://www.sec.gov/Archives/edgar/data/1676725/000161071726000034/form4.xml,https://www.sec.gov/Archives/edgar/data/1676725/000119312526332774/,0
IBKR,1381197,"Interactive Brokers Group, Inc.",Milan Galik,0.7096764324141319,3215389.0,453078171.0,medium,,,,,https://www.sec.gov/Archives/edgar/data/1381197/000138119726000106/ownership.xml,https://www.sec.gov/Archives/edgar/data/1381197/000138119726000147/,0
FCPT,1650132,"Four Corners Property Trust, Inc.",William H. Lenehan,0.709162251540926,778351.0,109756406.0,medium,,,,,https://www.sec.gov/Archives/edgar/data/1650132/000119312526357132/ownership.xml,https://www.sec.gov/Archives/edgar/data/1650132/000119312526326216/,0
PENN,921738,"PENN Entertainment, Inc.",Jay A. Snowden,0.7075066151268067,948530.0,134066591.0,medium,,,,,https://www.sec.gov/Archives/edgar/data/921738/000119312526102754/ownership.xml,https://www.sec.gov/Archives/edgar/data/921738/000092173826000022/,0
CRSR,1743759,"Corsair Gaming, Inc.",Thi L. La,0.7056853946134685,763389.0,108176959.0,medium,,,,,https://www.sec.gov/Archives/edgar/data/1743759/000182554626000008/primary_doc.xml,https://www.sec.gov/Archives/edgar/data/1743759/000119312526337981/,0
ABCB,351569,Ameris Bancorp,H. Palmer Proctor,0.7051288751426653,473192.5195,67107239.0,medium,,,,,https://www.sec.gov/Archives/edgar/data/351569/000035156926000088/wk-form4_1778280864.xml,https://www.sec.gov/Archives/edgar/data/351569/000035156926000143/,0
P,1474432,"Everpure, Inc.",Charles Giancarlo,0.7042648211970574,2341011.0,332404932.0,high,,,,,https://www.sec.gov/Archives/edgar/data/1474432/000147443226000081/wk-form4_1786571166.xml,https://www.sec.gov/Archives/edgar/data/1474432/000147443226000061/,0
ADT,1703056,ADT Inc.,James D. DeVries,0.7040996121918917,5143864.832,730559248.0,medium,,,,,https://www.sec.gov/Archives/edgar/data/1703056/000143038226000006/wk-form4_1773091592.xml,https://www.sec.gov/Archives/edgar/data/1703056/000170305626000100/,0
SGRY,1638833,"Surgery Partners, Inc.",J. Eric Evans,0.7030233979583902,920386.0,130918260.0,medium,,,,,https://www.sec.gov/Archives/edgar/data/1638833/000163883326000031/wk-form4_1773691640.xml,https://www.sec.gov/Archives/edgar/data/1638833/000163883326000077/,0
NWL,814453,NEWELL BRANDS INC.,Christopher H. Peterson,0.6983982155435549,2974478.0,425900000.0,high,,,,,https://www.sec.gov/Archives/edgar/data/814453/000155896826000013/wk-form4_1779225099.xml,https://www.sec.gov/Archives/edgar/data/814453/000081445326000029/,0
PRGS,876167,PROGRESS SOFTWARE CORP /MA,Yogesh K. Gupta,0.6978236284536721,286198.0,41012942.0,medium,,,,,https://www.sec.gov/Archives/edgar/data/876167/000087616726000063/wk-form4_1775247480.xml,https://www.sec.gov/Archives/edgar/data/876167/000087616726000078/,0
AAT,1500217,"American Assets Trust, Inc.",Adam Wyll,0.6960131704133,427289.0,61390936.0,medium,,,,,https://www.sec.gov/Archives/edgar/data/1500217/000150816725000004/wk-form4_1764884730.xml,https://www.sec.gov/Archives/edgar/data/1500217/000150021726000032/,0
GO,1771515,Grocery Outlet Holding Corp.,Jason Potter,0.6935232609357275,687174.0,99084492.0,high,,,,,https://www.sec.gov/Archives/edgar/data/1771515/000205588426000006/wk-form4_1774469729.xml,https://www.sec.gov/Archives/edgar/data/1771515/000177151526000066/,0
IDCC,1405495,"InterDigital, Inc.",Liren Chen,0.6925913385205236,178730.1693,25806007.0,high,,,,,https://www.sec.gov/Archives/edgar/data/1405495/000162828026049475/wk-form4_1784888822.xml,https://www.sec.gov/Archives/edgar/data/1405495/000140549526000066/,0
MAIR,2098430,Madison Air Solutions Corp,Jill Wyant,0.6920985654120767,3472415.0,501722612.0,high,,,,,https://www.sec.gov/Archives/edgar/data/2098430/000162828026044978/wk-form4_1782252538.xml,https://www.sec.gov/Archives/edgar/data/2098430/000162828026050772/,0
MOD,67347,MODINE MANUFACTURING CO,Neil D. Brinker,0.68757556101263,365190.0,53112708.0,medium,,,,,https://www.sec.gov/Archives/edgar/data/67347/000174369326000008/form4-06022026_070659.xml,https://www.sec.gov/Archives/edgar/data/67347/000110465926088569/,0
GLUE,1826457,"Monte Rosa Therapeutics, Inc.",Markus Warmuth,0.6857515854982736,585038.0,85313401.0,high,,,,,https://www.sec.gov/Archives/edgar/data/1826457/000119312526307791/ownership.xml,https://www.sec.gov/Archives/edgar/data/1826457/000119312526336711/,0
IRTC,1388658,"iRhythm Holdings, Inc.",Quentin S. Blackford,0.685641414406327,226008.0,32963003.0,high,,,,,https://www.sec.gov/Archives/edgar/data/1388658/000161245126000012/wk-form4_1786478560.xml,https://www.sec.gov/Archives/edgar/data/1388658/000138865826000072/,0
CSTL,1447362,CASTLE BIOSCIENCES INC,Derek J. Maetzold,0.6849439501593266,209247.0,30549507.0,medium,,,,,https://www.sec.gov/Archives/edgar/data/1447362/000162828026057642/wk-form4_1787083796.xml,https://www.sec.gov/Archives/edgar/data/1447362/000162828026051052/,0
WS,1968487,"Worthington Steel, Inc.",Geoffrey G. Gilmore,0.6849434717408559,348966.0,50948146.0,medium,,,,,https://www.sec.gov/Archives/edgar/data/1968487/000119312526298680/ownership.xml,https://www.sec.gov/Archives/edgar/data/1968487/000196848726000026/,0
MOH,1179929,"MOLINA HEALTHCARE, INC.",Joseph M. Zubretsky,0.6833908045977012,356730.0,52200000.0,high,,,,,https://www.sec.gov/Archives/edgar/data/1179929/000132092926000002/wk-form4_1772500032.xml,https://www.sec.gov/Archives/edgar/data/1179929/000117992926000039/,0
MLYS,1933414,"Mineralys Therapeutics, Inc.",Jon Congleton,0.6827760077736027,603621.0,88406885.0,high,,,,,https://www.sec.gov/Archives/edgar/data/1933414/000193341426000100/wk-form4_1784163491.xml,https://www.sec.gov/Archives/edgar/data/1933414/000193341426000114/,0
AON,315293,Aon plc,Gregory C. Case,0.6819568359728141,1446603.898,212125434.0,medium,,,,,https://www.sec.gov/Archives/edgar/data/315293/000119312526061585/ownership.xml,https://www.sec.gov/Archives/edgar/data/315293/000162828026050610/,0
NIC,1174850,NICOLET BANKSHARES INC,Michael E. Daniels,0.681836628229695,142896.0,20957513.0,medium,,,,,https://www.sec.gov/Archives/edgar/data/1174850/000117485026000112/form4.xml,https://www.sec.gov/Archives/edgar/data/1174850/000117485026000164/,0
KBR,1357615,"KBR, INC.",Stuart J. B. Bradie,0.6806673125891708,858102.0,126067755.0,medium,,,,,https://www.sec.gov/Archives/edgar/data/1357615/000135761526000099/wk-form4_1772674143.xml,https://www.sec.gov/Archives/edgar/data/1357615/000135761526000172/,0
ENR,1632790,"ENERGIZER HOLDINGS, INC.",Mark S. LaVigne,0.6788322296609335,464889.0,68483637.0,high,,,,,https://www.sec.gov/Archives/edgar/data/1632790/000163279025000103/wk-form4_1764711860.xml,https://www.sec.gov/Archives/edgar/data/1632790/000163279026000076/,0
HALO,1159036,"HALOZYME THERAPEUTICS, INC.",Helen I. Torley,0.6764700699571798,767780.0,113498000.0,high,,,,,https://www.sec.gov/Archives/edgar/data/1159036/000115903626000108/wk-form4_1787184072.xml,https://www.sec.gov/Archives/edgar/data/1159036/000115903626000104/,0
ABM,771497,ABM INDUSTRIES INC /DE/,Scott Salmirs,0.6747674494647344,395285.0,58580923.0,medium,,,,,https://www.sec.gov/Archives/edgar/data/771497/000122520826005990/doc4.xml,https://www.sec.gov/Archives/edgar/data/771497/000077149726000007/,0
BL,1666134,"BLACKLINE, INC.",Owen Ryan,0.6725319297441543,390911.0,58125270.0,medium,,,,,https://www.sec.gov/Archives/edgar/data/1666134/000166613426000088/form4.xml,https://www.sec.gov/Archives/edgar/data/1666134/000162828026053353/,0
AZZ,8947,AZZ INC,Thomas E. Ferguson,0.671603724552727,201827.0,30051501.0,high,,,,,https://www.sec.gov/Archives/edgar/data/8947/000000894726000128/wk-form4_1782938556.xml,https://www.sec.gov/Archives/edgar/data/8947/000000894726000162/,0
INDV,1625297,"Indivior Pharmaceuticals, Inc.",Joseph Ciaffoni,0.6696937233082252,790330.0,118013649.0,high,,,,,https://www.sec.gov/Archives/edgar/data/1625297/000144384126000007/wk-form4_1782249862.xml,https://www.sec.gov/Archives/edgar/data/1625297/000162828026051895/,0
URGN,1668243,UroGen Pharma Ltd.,Elizabeth Barrett,0.6683453979786321,326691.0,48880564.0,medium,,,,,https://www.sec.gov/Archives/edgar/data/1668243/000143774926004638/rdgdoc.xml,https://www.sec.gov/Archives/edgar/data/1668243/000143774926025794/,0
HLIT,851310,HARMONIC INC.,Nimrod Ben-Natan,0.6674362586953302,727949.0,109066445.0,medium,,,,,https://www.sec.gov/Archives/edgar/data/851310/000119312526355852/ownership.xml,https://www.sec.gov/Archives/edgar/data/851310/000119312526353891/,0
PTEN,889900,PATTERSON UTI ENERGY INC,William Andrew Hendricks,0.666642589501334,2542474.0,381384874.0,high,,,,,https://www.sec.gov/Archives/edgar/data/889900/000154637426000005/wk-form4_1781036250.xml,https://www.sec.gov/Archives/edgar/data/889900/000088990026000056/,0
DOCN,1582961,"DigitalOcean Holdings, Inc.",Padmanabhan Srinivasan,0.666187274913027,783300.0,117579550.0,medium,,,,,https://www.sec.gov/Archives/edgar/data/1582961/000176186226000011/wk-form4_1787177405.xml,https://www.sec.gov/Archives/edgar/data/1582961/000162828026052556/,0
BUSE,314489,FIRST BUSEY CORP /NV/,Van A. Dukeman,0.6658915093697569,549872.9387,82576956.0,medium,,,,,https://www.sec.gov/Archives/edgar/data/314489/000123140926000016/wk-form4_1785880549.xml,https://www.sec.gov/Archives/edgar/data/314489/000031448926000055/,0
APTV,1521332,Aptiv PLC,Kevin P. Clark,0.6637787841490632,1378226.0,207633331.0,medium,,,,,https://www.sec.gov/Archives/edgar/data/1521332/000119312526349129/ownership.xml,https://www.sec.gov/Archives/edgar/data/1521332/000152133226000061/,0
RLAY,1812364,"Relay Therapeutics, Inc.",Sanjiv K. Patel,0.6637725535592094,1454602.0,219141631.0,medium,,,,,https://www.sec.gov/Archives/edgar/data/1812364/000119312526355502/ownership.xml,https://www.sec.gov/Archives/edgar/data/1812364/000119312526338056/,0
COF,927628,CAPITAL ONE FINANCIAL CORP,Richard D. Fairbank,0.6631802061363421,4068510.0,613484836.0,low,,"1 line(s) only ever footnoted, so missing from the total",,,https://www.sec.gov/Archives/edgar/data/927628/000123803226000007/wk-form4_1773261934.xml,https://www.sec.gov/Archives/edgar/data/927628/000092762826000089/,0
MUSA,1573516,Murphy USA Inc.,Mindy K. West,0.6602820773731856,121362.137,18380347.0,high,,,,,https://www.sec.gov/Archives/edgar/data/1573516/000157351626000058/form4.xml,https://www.sec.gov/Archives/edgar/data/1573516/000157351626000166/,0
BAH,1443646,Booz Allen Hamilton Holding Corp,Horacio D. Rozanski,0.6595345870842902,793321.0,120284973.0,low,,"1 line(s) only ever footnoted, so missing from the total",,,https://www.sec.gov/Archives/edgar/data/1443646/000150549526000010/wk-form4_1785960295.xml,https://www.sec.gov/Archives/edgar/data/1443646/000162828026049495/,0
RDNT,790526,"RadNet, Inc.",Howard G. Berger,0.6586188893470581,518315.0,78697257.0,medium,,,,,https://www.sec.gov/Archives/edgar/data/790526/000168316826004991/ownership.xml,https://www.sec.gov/Archives/edgar/data/790526/000162828026055338/,0
SXT,310142,SENSIENT TECHNOLOGIES CORP,Paul Manning,0.658209846619388,280152.613,42562811.0,medium,,,,,https://www.sec.gov/Archives/edgar/data/310142/000031014226000012/form4.xml,https://www.sec.gov/Archives/edgar/data/310142/000114036126031094/,0
HRI,1364479,HERC HOLDINGS INC,Lawrence H. Silber,0.6543420619223028,218756.0,33431444.0,medium,,,,,https://www.sec.gov/Archives/edgar/data/1364479/000136447926000037/form4.xml,https://www.sec.gov/Archives/edgar/data/1364479/000136447926000109/,0
PCT,1830033,"PureCycle Technologies, Inc.",Dustin Olson,0.6520301828512717,1309960.0,200904810.0,medium,,,,,https://www.sec.gov/Archives/edgar/data/1830033/000184707926000011/ownership.xml,https://www.sec.gov/Archives/edgar/data/1830033/000183003326000026/,0
OII,73756,OCEANEERING INTERNATIONAL INC,Roderick A. Larson,0.6517756594027839,648710.0,99529645.0,high,,,,,https://www.sec.gov/Archives/edgar/data/73756/000155015026000007/wk-form4_1779225303.xml,https://www.sec.gov/Archives/edgar/data/73756/000007375626000136/,0
BHF,1685040,"Brighthouse Financial, Inc.",Eric T. Steigerwalt,0.6514185677756663,374641.0,57511563.0,high,,,,,https://www.sec.gov/Archives/edgar/data/1685040/000162828026013448/wk-form4_1772494158.xml,https://www.sec.gov/Archives/edgar/data/1685040/000168504026000028/,0
HNI,48287,HNI CORP,Jeffrey D. Lorenger,0.6500608948516108,469225.655,72181800.0,medium,,,,,https://www.sec.gov/Archives/edgar/data/48287/000004828726000133/wk-form4_1787934976.xml,https://www.sec.gov/Archives/edgar/data/48287/000004828726000125/,0
SBH,1368458,"Sally Beauty Holdings, Inc.",Denise Paulonis,0.648459877483025,607103.0,93622292.0,medium,,,,,https://www.sec.gov/Archives/edgar/data/1368458/000168338225000007/form4-11182025_041103.xml,https://www.sec.gov/Archives/edgar/data/1368458/000136845826000007/,0
SSRM,921638,SSR MINING INC.,Rodney P. Antal,0.6453618949977135,1315953.0,203909312.0,high,,,,,https://www.sec.gov/Archives/edgar/data/921638/000190136626000005/wk-form4_1775177015.xml,https://www.sec.gov/Archives/edgar/data/921638/000092163826000081/,0
OLED,1005284,UNIVERSAL DISPLAY CORP \PA\,Steven V. Abramson,0.6452238880488509,296589.0,45966835.0,medium,,,,,https://www.sec.gov/Archives/edgar/data/1005284/000119312526216689/ownership.xml,https://www.sec.gov/Archives/edgar/data/1005284/000119312526326123/,0
MAT,63276,MATTEL INC /DE/,Ynon Kreiz,0.6449537976898845,1842633.0,285700000.0,high,,,,,https://www.sec.gov/Archives/edgar/data/63276/000170884226000011/wk-form4_1778532839.xml,https://www.sec.gov/Archives/edgar/data/63276/000162828026054347/,0
DNOW,1599617,DNOW Inc.,David A. Cherechinsky,0.643780326861901,1163864.0,180785891.0,medium,,,,,https://www.sec.gov/Archives/edgar/data/1599617/000119312526346808/ownership.xml,https://www.sec.gov/Archives/edgar/data/1599617/000119312526338381/,0
SYRE,1636282,"Spyre Therapeutics, Inc.",Cameron Turtle,0.6436608659160987,567540.0,88173762.0,high,,,,,https://www.sec.gov/Archives/edgar/data/1636282/000163628226000099/wk-form4_1785979866.xml,https://www.sec.gov/Archives/edgar/data/1636282/000163628226000096/,0
FHI,1056288,"FEDERATED HERMES, INC.",J. Christopher Donahue,0.641829890782222,479192.0,74660281.0,medium,,,,,https://www.sec.gov/Archives/edgar/data/1056288/000119312526096438/ownership.xml,https://www.sec.gov/Archives/edgar/data/1056288/000105628826000026/,0
BFST,1624322,"Business First Bancshares, Inc.",David R. Melville,0.64179032532928,208902.0,32549883.0,medium,,,,,https://www.sec.gov/Archives/edgar/data/1624322/000143774926011114/rdgdoc.xml,https://www.sec.gov/Archives/edgar/data/1624322/000162432226000037/,0
DBD,28823,"DIEBOLD NIXDORF, Inc",Octavio Marquez,0.6407330244795147,217507.0,33946588.0,high,,,,,https://www.sec.gov/Archives/edgar/data/28823/000191717026000009/wk-form4_1779915723.xml,https://www.sec.gov/Archives/edgar/data/28823/000002882326000033/,0
HCA,860730,"HCA Healthcare, Inc.",Samuel N. Hazen,0.6384685556451111,1382294.0,216501500.0,medium,,,,,https://www.sec.gov/Archives/edgar/data/860730/000119312526049200/ownership.xml,https://www.sec.gov/Archives/edgar/data/860730/000119312526321077/,0
ECVT,1708035,Ecovyst Inc.,Kurt J. Bitting,0.637975902415234,698382.0,109468398.0,high,,,,,https://www.sec.gov/Archives/edgar/data/1708035/000170803526000059/wk-form4_1773691224.xml,https://www.sec.gov/Archives/edgar/data/1708035/000170803526000090/,0
HIW,921082,"HIGHWOODS PROPERTIES, INC.",Theodore J. Klinck,0.6341642301539065,699310.0,110272697.0,medium,,,,,https://www.sec.gov/Archives/edgar/data/921082/000155012126000005/primarydocument.xml,https://www.sec.gov/Archives/edgar/data/921082/000092108226000035/,0
DEA,1622194,"Easterly Government Properties, Inc.",Darrell W. Crate,0.634126682526508,300079.0,47321617.0,medium,,,,,https://www.sec.gov/Archives/edgar/data/1622194/000119312526077658/ownership.xml,https://www.sec.gov/Archives/edgar/data/1622194/000162219426000026/,0
SNDA,1043000,"SONIDA SENIOR LIVING, INC.",Brandon M. Ribar,0.6323490327066752,303831.0,48047990.0,medium,,,,,https://www.sec.gov/Archives/edgar/data/1043000/000178633626000007/wk-form4_1779413683.xml,https://www.sec.gov/Archives/edgar/data/1043000/000104300026000032/,0
UNM,5513,Unum Group,Richard P. McKenney,0.6319614903713737,1000438.0,158306798.0,medium,,,,,https://www.sec.gov/Archives/edgar/data/5513/000129022926000004/wk-form4_1772577513.xml,https://www.sec.gov/Archives/edgar/data/5513/000000551326000075/,0
AVT,8858,AVNET INC,Philip R. Gallagher,0.6296591232541955,516780.0,82072979.0,high,,,,,https://www.sec.gov/Archives/edgar/data/8858/000000885826000091/form4.xml,https://www.sec.gov/Archives/edgar/data/8858/000110465926096346/,0
IIPR,1677576,INNOVATIVE INDUSTRIAL PROPERTIES INC,Paul Smithers,0.6270132085303479,172876.0,27571349.0,high,,,,,https://www.sec.gov/Archives/edgar/data/1677576/000168930826000008/form4-06232026_090619.xml,https://www.sec.gov/Archives/edgar/data/1677576/000167757626000004/,0
MMS,1032220,"MAXIMUS, INC.",Bruce L. Caswell,0.6264845291423164,328013.285,52357763.0,medium,,,,,https://www.sec.gov/Archives/edgar/data/1032220/000119312526046686/ownership.xml,https://www.sec.gov/Archives/edgar/data/1032220/000103222026000035/,0
FNB,37808,FNB CORP/PA/,Vincent J. Delie,0.6264566050543341,2211397.9050000003,353000972.0,medium,,,,,https://www.sec.gov/Archives/edgar/data/37808/000143809926000012/wk-form4_1778260653.xml,https://www.sec.gov/Archives/edgar/data/37808/000003780826000025/,0
CSL,790051,CARLISLE COMPANIES INC,D. Christian Koch,0.6250621157964092,248238.0,39714133.0,medium,,,,,https://www.sec.gov/Archives/edgar/data/790051/000119080126000006/wk-form4_1770835706.xml,https://www.sec.gov/Archives/edgar/data/790051/000079005126000037/,0
KFY,56679,KORN FERRY,Gary D. Burnison,0.6230843345065575,316882.0,50857000.0,medium,,,,,https://www.sec.gov/Archives/edgar/data/56679/000119312526303493/ownership.xml,https://www.sec.gov/Archives/edgar/data/56679/000005667926000021/,0
CVLT,1169561,COMMVAULT SYSTEMS INC,Sanjay Mirchandani,0.621736544266698,257676.0,41444564.0,medium,,,,,https://www.sec.gov/Archives/edgar/data/1169561/000176582026000016/wk-form4_1787175327.xml,https://www.sec.gov/Archives/edgar/data/1169561/000116956126000024/,0
FORM,1039399,FORMFACTOR INC,Michael D. Slessor,0.6198150362787851,484204.0,78120725.0,medium,,,,,https://www.sec.gov/Archives/edgar/data/1039399/000162828026057485/wk-form4_1787004992.xml,https://www.sec.gov/Archives/edgar/data/1039399/000103939926000033/,0
BHC,885590,Bausch Health Companies Inc.,Thomas J. Appio,0.6190995820346386,2315374.0,373990561.0,medium,,,,,https://www.sec.gov/Archives/edgar/data/885590/000088559026000037/form4.xml,https://www.sec.gov/Archives/edgar/data/885590/000088559026000107/,0
SHLS,1831651,"Shoals Technologies Group, Inc.",Brandon Moss,0.618824901611676,1041482.0,168299950.0,high,,,,,https://www.sec.gov/Archives/edgar/data/1831651/000183165126000110/wk-form4_1786738535.xml,https://www.sec.gov/Archives/edgar/data/1831651/000183165126000108/,0
FSLY,1517413,"Fastly, Inc.",Charles Compton,0.6182310106716886,984842.0,159300000.0,high,,,,,https://www.sec.gov/Archives/edgar/data/1517413/000151741326000242/wk-form4_1787259697.xml,https://www.sec.gov/Archives/edgar/data/1517413/000151741326000213/,0
UPWK,1627475,"UPWORK, INC",Hayden Brown,0.617338051701009,771076.0,124903365.0,medium,,,,,https://www.sec.gov/Archives/edgar/data/1627475/000175366226000014/primarydocument.xml,https://www.sec.gov/Archives/edgar/data/1627475/000162747526000047/,0
PCTY,1591698,Paylocity Holding Corp,Toby J. Williams,0.6169011219130655,327309.0,53056963.0,medium,,,,,https://www.sec.gov/Archives/edgar/data/1591698/000159169826000106/wk-form4_1787169760.xml,https://www.sec.gov/Archives/edgar/data/1591698/000159169826000069/,0
MRCY,1049521,MERCURY SYSTEMS INC,William L. Ballhaus,0.6157554194580486,370291.498,60136133.0,high,,,,,https://www.sec.gov/Archives/edgar/data/1049521/000104952126000063/form4.xml,https://www.sec.gov/Archives/edgar/data/1049521/000104952126000045/,0
SNEX,913760,StoneX Group Inc.,Philip A. Smith,0.6120344743206654,738216.0,120616735.0,medium,,,,,https://www.sec.gov/Archives/edgar/data/913760/000156978926000012/wk-form4_1784852984.xml,https://www.sec.gov/Archives/edgar/data/913760/000091376026000038/,0
TMP,1005817,TOMPKINS FINANCIAL CORP,Stephen S. Romaine,0.6116328238280097,87970.568,14382905.0,medium,,,,,https://www.sec.gov/Archives/edgar/data/1005817/000100581726000109/form4.xml,https://www.sec.gov/Archives/edgar/data/1005817/000100581726000112/,0
VCEL,887359,Vericel Corp,Dominick C. Colangelo,0.6101672725324115,312446.0,51206614.0,medium,,,,,https://www.sec.gov/Archives/edgar/data/887359/000114036126006974/form4.xml,https://www.sec.gov/Archives/edgar/data/887359/000162828026050836/,0
UTI,1261654,UNIVERSAL TECHNICAL INSTITUTE INC,Jerome A. Grant,0.6093358606664159,335715.0,55095231.0,medium,,,,,https://www.sec.gov/Archives/edgar/data/1261654/000119312526291140/ownership.xml,https://www.sec.gov/Archives/edgar/data/1261654/000126165426000018/,0
ICUI,883984,ICU MEDICAL INC/DE,Vivek Jain,0.6091845023788902,152339.0,25007038.0,medium,,,,,https://www.sec.gov/Archives/edgar/data/883984/000141044226000002/edgardoc.xml,https://www.sec.gov/Archives/edgar/data/883984/000088398426000041/,0
CGEM,1789972,"Cullinan Therapeutics, Inc.",Nadim Ahmed,0.6072641725248511,390803.0,64354694.0,high,,,,,https://www.sec.gov/Archives/edgar/data/1789972/000119312526072001/ownership.xml,https://www.sec.gov/Archives/edgar/data/1789972/000119312526336717/,0
TNET,937098,"TRINET GROUP, INC.",Michael Q. Simonds,0.6060638010830167,278212.0,45904738.0,high,,,,,https://www.sec.gov/Archives/edgar/data/937098/000158062726000012/wk-form4_1787091889.xml,https://www.sec.gov/Archives/edgar/data/937098/000093709826000050/,0
VSEC,102752,VSE CORP,John A. Cuomo,0.604087543718198,169537.0,28064972.0,high,,,,,https://www.sec.gov/Archives/edgar/data/102752/000119312526356990/ownership.xml,https://www.sec.gov/Archives/edgar/data/102752/000010275226000064/,0
ESTC,1707753,Elastic N.V.,Ashutosh Kulkarni,0.5988611625651197,628752.0,104991280.0,medium,,,,,https://www.sec.gov/Archives/edgar/data/1707753/000112329226000869/form4.xml,https://www.sec.gov/Archives/edgar/data/1707753/000170775326000054/,0
WTS,795403,WATTS WATER TECHNOLOGIES INC,Robert J. Pagano,0.5983665363110919,199753.0,33383050.0,medium,,,,,https://www.sec.gov/Archives/edgar/data/795403/000122520826003788/doc4.xml,https://www.sec.gov/Archives/edgar/data/795403/000110465926091726/,0
CLS,1030894,CELESTICA INC,Robert A. Mionis,0.5979522758005973,687538.0,114982086.0,high,,,,,https://www.sec.gov/Archives/edgar/data/1030894/000119312526352263/ownership.xml,https://www.sec.gov/Archives/edgar/data/1030894/000103089426000044/,0
WU,1365135,Western Union CO,Devin B. McGranahan,0.5969331418329855,1861709.0,311878981.0,high,,,,,https://www.sec.gov/Archives/edgar/data/1365135/000122520826003214/doc4.xml,https://www.sec.gov/Archives/edgar/data/1365135/000119312526326355/,0
OSBC,357173,OLD SECOND BANCORP INC,James L. Eccher,0.5963532778585366,303399.0,50875716.0,medium,,,,,https://www.sec.gov/Archives/edgar/data/357173/000131410926000014/form4-08132026_020838.xml,https://www.sec.gov/Archives/edgar/data/357173/000035717326000045/,0
GEN,849399,Gen Digital Inc.,Vincent Pilette,0.593239547494908,3551055.0,598587032.0,high,,,,,https://www.sec.gov/Archives/edgar/data/849399/000162828026034247/wk-form4_1778622980.xml,https://www.sec.gov/Archives/edgar/data/849399/000084939926000031/,0
VSTS,1967649,Vestis Corp,Jim Barber,0.5922528587579436,782722.0,132160105.0,high,,,,,https://www.sec.gov/Archives/edgar/data/1967649/000121390025120694/marketforms-71503.xml,https://www.sec.gov/Archives/edgar/data/1967649/000162828026055486/,0
VIR,1706431,"Vir Biotechnology, Inc.",Marianne De Backer,0.5917071958426049,1001263.0,169215958.0,high,,,,,https://www.sec.gov/Archives/edgar/data/1706431/000162828026029041/wk-form4_1777585398.xml,https://www.sec.gov/Archives/edgar/data/1706431/000162828026053549/,0
PRCT,1588978,PROCEPT BioRobotics Corp,Larry Wood,0.5903289678069983,338103.0,57273659.0,high,,,,,https://www.sec.gov/Archives/edgar/data/1588978/000162828026054970/wk-form4_1786356427.xml,https://www.sec.gov/Archives/edgar/data/1588978/000158897826000030/,0
NMIH,1547903,"NMI Holdings, Inc.",Adam S. Pollitzer,0.5889200423979143,442973.0,75217851.0,medium,,,,,https://www.sec.gov/Archives/edgar/data/1547903/000170600126000004/wk-form4_1771033023.xml,https://www.sec.gov/Archives/edgar/data/1547903/000154790326000038/,0
IRON,1816736,"Disc Medicine, Inc.",John Quisel,0.5888180620326017,226064.0,38392844.0,high,,,,,https://www.sec.gov/Archives/edgar/data/1816736/000119312526355841/ownership.xml,https://www.sec.gov/Archives/edgar/data/1816736/000119312526325034/,0
MIRM,1759425,"Mirum Pharmaceuticals, Inc.",Christopher Peetz,0.5880117759134093,381809.0,64932203.0,high,,,,,https://www.sec.gov/Archives/edgar/data/1759425/000161474026000012/form4-08112026_090838.xml,https://www.sec.gov/Archives/edgar/data/1759425/000175942526000045/,0
CNXC,1803599,Concentrix Corp,Christopher Caldwell,0.5873347935498092,358382.0,61018350.0,high,,,,,https://www.sec.gov/Archives/edgar/data/1803599/000160427926000003/wk-form4_1783635560.xml,https://www.sec.gov/Archives/edgar/data/1803599/000180359926000136/,0
CBT,16040,CABOT CORP,Sean D. Keohane,0.5871214967780891,303136.7411,51631007.0,medium,,,,,https://www.sec.gov/Archives/edgar/data/16040/000119312526367204/ownership.xml,https://www.sec.gov/Archives/edgar/data/16040/000119312526332489/,0
COUR,1651562,"Coursera, Inc.",Gregory M. Hart,0.5859723903177004,1549311.0,264400000.0,medium,,,,,https://www.sec.gov/Archives/edgar/data/1651562/000119312526355861/ownership.xml,https://www.sec.gov/Archives/edgar/data/1651562/000165156226000063/,0
XPO,1166003,"XPO, Inc.",Mario Harik,0.5819460003340267,681380.0,117086465.0,medium,,,,,https://www.sec.gov/Archives/edgar/data/1166003/000153483926000003/wk-form4_1786138705.xml,https://www.sec.gov/Archives/edgar/data/1166003/000116600326000074/,0
MTH,833079,Meritage Homes CORP,Phillippe Lord,0.5815224770370031,379002.0,65174093.0,high,,,,,https://www.sec.gov/Archives/edgar/data/833079/000083307926000087/wk-form4_1774470318.xml,https://www.sec.gov/Archives/edgar/data/833079/000083307926000128/,0
THRM,903129,Gentherm Inc,William Presley,0.5807288457384819,178314.0,30705208.0,high,,,,,https://www.sec.gov/Archives/edgar/data/903129/000119312526114078/ownership.xml,https://www.sec.gov/Archives/edgar/data/903129/000119312526314184/,0
MTX,891014,MINERALS TECHNOLOGIES INC,Douglas T. Dietrich,0.5805192541868514,180708.457,31128762.0,medium,,,,,https://www.sec.gov/Archives/edgar/data/891014/000089101426000113/form4.xml,https://www.sec.gov/Archives/edgar/data/891014/000089101426000167/,0
SVRA,1160308,Savara Inc,Matthew Pauls,0.5782390310834934,1188050.0,205460015.0,high,,,,,https://www.sec.gov/Archives/edgar/data/1160308/000119312525321185/ownership.xml,https://www.sec.gov/Archives/edgar/data/1160308/000119312526344585/,0
KALU,811596,KAISER ALUMINUM CORP,Keith A. Harvey,0.5768393743212161,94308.0,16349092.0,high,,,,,https://www.sec.gov/Archives/edgar/data/811596/000119312526201545/ownership.xml,https://www.sec.gov/Archives/edgar/data/811596/000119312526314580/,0
CNK,1385280,"Cinemark Holdings, Inc.",Sean Gamble,0.5736304289476701,665962.0,116096003.0,medium,,,,,https://www.sec.gov/Archives/edgar/data/1385280/000119312526365189/ownership.xml,https://www.sec.gov/Archives/edgar/data/1385280/000119312526324847/,0
AAL,6201,American Airlines Group Inc.,Robert D. Isom,0.5731799448401246,3794279.0,661969951.0,medium,,,,,https://www.sec.gov/Archives/edgar/data/6201/000130004726000004/f4_a1eus0000088grcma2-live.xml,https://www.sec.gov/Archives/edgar/data/6201/000000620126000052/,0
PXED,1600222,"Phoenix Education Partners, Inc.",Christopher Lynne,0.5725493028951678,206389.0,36047376.0,high,,,,,https://www.sec.gov/Archives/edgar/data/1600222/000095014226002442/es260824604_4-lynne.xml,https://www.sec.gov/Archives/edgar/data/1600222/000119312526303175/,0
HAWK,1750704,"HawkEye 360, Inc.",John Serafini,0.5711364745844539,559517.0,97965552.0,high,,,,,https://www.sec.gov/Archives/edgar/data/1750704/000212728826000006/form4-05122026_040510.xml,https://www.sec.gov/Archives/edgar/data/1750704/000175070426000022/,0
FOUR,1794669,"Shift4 Payments, Inc.",Taylor Lauber,0.5706133678621562,450557.0,78960120.0,high,,,,,https://www.sec.gov/Archives/edgar/data/1794669/000179466926000025/wk-form4_1781052150.xml,https://www.sec.gov/Archives/edgar/data/1794669/000179466926000045/,0
SEDG,1419612,"SOLAREDGE TECHNOLOGIES, INC.",Shuki Nir,0.5687635036960461,349936.0,61525748.0,medium,,,,,https://www.sec.gov/Archives/edgar/data/1419612/000117891326000044/ownership.xml,https://www.sec.gov/Archives/edgar/data/1419612/000117891326003854/,0
GLIBA,2057463,Liberty Capital Corp/NV,Ronald A. Duncan,0.567452785483441,226442.0,39904994.0,low,,class(es) counted from the person's filings but absent from the cover page: Series C GCI Group Common Stock; the denominator may not include them,,,https://www.sec.gov/Archives/edgar/data/2057463/000122520826005796/doc4.xml,https://www.sec.gov/Archives/edgar/data/2057463/000110465926091896/,0
ICFI,1362004,"ICF International, Inc.",John Wasson,0.5674175209341156,101760.0,17933884.0,medium,,,,,https://www.sec.gov/Archives/edgar/data/1362004/000122520826006600/doc4.xml,https://www.sec.gov/Archives/edgar/data/1362004/000119312526338422/,0
TENB,1660280,"Tenable Holdings, Inc.",Stephen A. Vintz,0.567292624332437,624816.0,110139983.0,high,,,,,https://www.sec.gov/Archives/edgar/data/1660280/000134594326000012/wk-form4_1787688169.xml,https://www.sec.gov/Archives/edgar/data/1660280/000166028026000035/,0
SON,91767,SONOCO PRODUCTS CO,R. Howard Coker,0.5668426666950391,560465.7037,98875003.0,medium,,,,,https://www.sec.gov/Archives/edgar/data/91767/000122520826007040/doc4.xml,https://www.sec.gov/Archives/edgar/data/91767/000009176726000038/,0
PLAB,810136,PHOTRONICS INC,George C. Macricostas,0.5665655502136246,334068.0,58963698.0,medium,,,,,https://www.sec.gov/Archives/edgar/data/810136/000114036126014308/form4.xml,https://www.sec.gov/Archives/edgar/data/810136/000114036126024915/,0
INSP,1609550,"Inspire Medical Systems, Inc.",Timothy P. Herbert,0.5655132456773736,163492.0,28910375.0,medium,,,,,https://www.sec.gov/Archives/edgar/data/1609550/000110465926019289/tm267181-7_4seq1.xml,https://www.sec.gov/Archives/edgar/data/1609550/000160955026000047/,0
WEX,1309108,WEX Inc.,Melissa D. Smith,0.5640989212628476,192254.0,34081611.0,medium,,,,,https://www.sec.gov/Archives/edgar/data/1309108/000131749826000008/wk-form4_1773874311.xml,https://www.sec.gov/Archives/edgar/data/1309108/000130910826000029/,0
FLY,1860160,Firefly Aerospace Inc.,Jason Kim,0.5625441277331343,941725.0,167404645.0,medium,,,,,https://www.sec.gov/Archives/edgar/data/1860160/000119312526117975/ownership.xml,https://www.sec.gov/Archives/edgar/data/1860160/000186016026000023/,0
GPI,1031203,GROUP 1 AUTOMOTIVE INC,Daryl A. Kenningham,0.5615890490239867,66953.91,11922225.0,medium,,,,,https://www.sec.gov/Archives/edgar/data/1031203/000103120326000090/form4.xml,https://www.sec.gov/Archives/edgar/data/1031203/000103120326000123/,0
ORIC,1796280,"Oric Pharmaceuticals, Inc.",Jacob M. Chacko,0.5612118612763768,581711.0,103652656.0,medium,,,,,https://www.sec.gov/Archives/edgar/data/1796280/000160893626000002/form4-01062026_090105.xml,https://www.sec.gov/Archives/edgar/data/1796280/000119312526330631/,0
VIAV,912093,VIAVI SOLUTIONS INC.,Oleg Khaykin,0.5611748592586658,1384698.0,246749828.0,medium,,,,,https://www.sec.gov/Archives/edgar/data/912093/000091209326000062/form4.xml,https://www.sec.gov/Archives/edgar/data/912093/000162828026056765/,0
MTRN,1104657,MATERION Corp,Jugal K. Vijayvargiya,0.5601446692802176,116699.0,20833725.0,medium,,,,,https://www.sec.gov/Archives/edgar/data/1104657/000154130026000021/wk-form4_1786481419.xml,https://www.sec.gov/Archives/edgar/data/1104657/000110465726000044/,0
STC,94344,STEWART INFORMATION SERVICES CORP,Frederick H. Eppinger,0.5591831702558521,170675.0,30522199.0,medium,,,,,https://www.sec.gov/Archives/edgar/data/94344/000162828026021809/wk-form4_1774650832.xml,https://www.sec.gov/Archives/edgar/data/94344/000009434426000016/,0
PKG,75677,PACKAGING CORP OF AMERICA,Mark W. Kowlzan,0.5574494749894159,496678.0,89098299.0,medium,,,,,https://www.sec.gov/Archives/edgar/data/75677/000119312526245605/ownership.xml,https://www.sec.gov/Archives/edgar/data/75677/000119312526339405/,0
PRDO,1046568,PERDOCEO EDUCATION Corp,Todd S. Nelson,0.5560840151394149,347981.0,62577055.0,medium,,,,,https://www.sec.gov/Archives/edgar/data/1046568/000119312526124461/ownership.xml,https://www.sec.gov/Archives/edgar/data/1046568/000119312526337926/,0
PDM,1042776,"Piedmont Realty Trust, Inc.",C. Brent Smith,0.5552068372147756,694746.0,125132825.0,high,,,,,https://www.sec.gov/Archives/edgar/data/1042776/000104277626000024/wk-form4_1772055693.xml,https://www.sec.gov/Archives/edgar/data/1042776/000104277626000063/,0
INNV,1834376,InnovAge Holding Corp.,Patrick Blair,0.553312920286603,751047.0,135736393.0,high,,,,,https://www.sec.gov/Archives/edgar/data/1834376/000189646326000006/wk-form4_1785189578.xml,https://www.sec.gov/Archives/edgar/data/1834376/000183437626000022/,0
AWR,1056903,AMERICAN STATES WATER CO,Robert J. Sprowls,0.5527157759536837,219072.3578,39635626.0,medium,,,,,https://www.sec.gov/Archives/edgar/data/1056903/000105690326000044/form4.xml,https://www.sec.gov/Archives/edgar/data/1056903/000162828026053401/,0
TBN,1997652,Tamboran Resources Corp,Todd Abbott,0.551694982317292,156234.0,28318909.0,medium,,,,,https://www.sec.gov/Archives/edgar/data/1997652/000119312526017014/ownership.xml,https://www.sec.gov/Archives/edgar/data/1997652/000162828026034593/,0
RES,742278,RPC INC,Ben M. Palmer,0.5506385694669564,1220529.0,221657012.0,medium,,,,,https://www.sec.gov/Archives/edgar/data/742278/000165495426000765/section16.xml,https://www.sec.gov/Archives/edgar/data/742278/000110465926088774/,0
CURB,2027317,Curbline Properties Corp.,David R. Lukes,0.5499025213619583,632597.0,115038025.0,medium,,,,,https://www.sec.gov/Archives/edgar/data/2027317/000119312526221594/ownership.xml,https://www.sec.gov/Archives/edgar/data/2027317/000119312526322100/,0
PSMT,1041803,PRICESMART INC,David N. Price,0.5497087476544469,169643.0,30860524.0,high,,,,,https://www.sec.gov/Archives/edgar/data/1041803/000162828025046795/wk-form4_1761683479.xml,https://www.sec.gov/Archives/edgar/data/1041803/000104180326000028/,0
DCOM,846617,"Dime Commercial Bancshares, Inc. /NY/",Stuart H. Lubow,0.548925930543331,242387.0,44156595.0,high,,,,,https://www.sec.gov/Archives/edgar/data/846617/000136267426000003/primarydocument.xml,https://www.sec.gov/Archives/edgar/data/846617/000084661726000043/,0
VCYT,1384101,"VERACYTE, INC.",Marc Stapley,0.547941279449244,440494.0,80390731.0,medium,,,,,https://www.sec.gov/Archives/edgar/data/1384101/000153979626000015/wk-form4_1780623504.xml,https://www.sec.gov/Archives/edgar/data/1384101/000138410126000044/,0
JBS,1791942,JBS N.V.,Gilberto Tomazoni,0.5477939224379361,5866485.0,1070929187.0,high,,,,,https://www.sec.gov/Archives/edgar/data/1791942/000121390026043452/ownership.xml,https://www.sec.gov/Archives/edgar/data/1791942/000179194226000004/,0
BCAX,2023658,Bicara Therapeutics Inc.,Claire Mazumdar,0.547281158789181,362152.0,66172934.0,high,,,,,https://www.sec.gov/Archives/edgar/data/2023658/000147083126000813/wk-form4_1786565953.xml,https://www.sec.gov/Archives/edgar/data/2023658/000162828026055765/,0
ADC,917251,AGREE REALTY CORP,Joel N. Agree,0.5459645981313129,679067.0,124379310.0,medium,,,,,https://www.sec.gov/Archives/edgar/data/917251/000134849026000004/wk-form4_1779102017.xml,https://www.sec.gov/Archives/edgar/data/917251/000091725126000063/,0
PSN,275880,PARSONS CORP,Carey A. Smith,0.5438416791009637,580852.2481,106805394.0,high,,,,,https://www.sec.gov/Archives/edgar/data/275880/000119312526216914/ownership.xml,https://www.sec.gov/Archives/edgar/data/275880/000119312526322066/,0
SNDX,1395937,Syndax Pharmaceuticals Inc,Michael A. Metzger,0.5429550075127871,484843.0,89297086.0,high,,,,,https://www.sec.gov/Archives/edgar/data/1395937/000119312526299803/ownership.xml,https://www.sec.gov/Archives/edgar/data/1395937/000119312526332750/,0
CACI,16058,CACI INTERNATIONAL INC /DE/,John S. Mengucci,0.5427081533239223,119936.0,22099539.0,medium,,,,,https://www.sec.gov/Archives/edgar/data/16058/000154325325000010/wk-form4_1759522975.xml,https://www.sec.gov/Archives/edgar/data/16058/000162828026054195/,0
GHM,716314,GRAHAM CORP,Matthew J. Malone,0.5421216758954328,63629.0,11737033.0,high,,,,,https://www.sec.gov/Archives/edgar/data/716314/000089183926000242/form4.xml,https://www.sec.gov/Archives/edgar/data/716314/000119312526336752/,0
SDGR,1490978,"Schrodinger, Inc.",Ramy Farid,0.5418723307823845,405351.0,74805628.0,high,,,,,https://www.sec.gov/Archives/edgar/data/1490978/000179770726000003/wk-form4_1776463772.xml,https://www.sec.gov/Archives/edgar/data/1490978/000149097826000068/,0
CHE,19584,CHEMED CORP,Kevin J. McNamara,0.5387774301698375,70418.0,13069961.0,medium,,,,,https://www.sec.gov/Archives/edgar/data/19584/000119312526362133/ownership.xml,https://www.sec.gov/Archives/edgar/data/19584/000001958426000020/,0
THC,70318,TENET HEALTHCARE CORP,Saumya Sutaria,0.5384617295296762,433564.0,80519000.0,medium,,,,,https://www.sec.gov/Archives/edgar/data/70318/000119312526369162/ownership.xml,https://www.sec.gov/Archives/edgar/data/70318/000007031826000037/,0
EOSE,1805077,"Eos Energy Enterprises, Inc.",Joseph Mastrangelo,0.5348046421156949,1947586.0,364167744.0,medium,,,,,https://www.sec.gov/Archives/edgar/data/1805077/000162828026059074/wk-form4_1787774618.xml,https://www.sec.gov/Archives/edgar/data/1805077/000162828026052906/,0
QLYS,1107843,"QUALYS, INC.",Sumedh S. Thakar,0.5305332987271774,183538.0,34595001.0,medium,,,,,https://www.sec.gov/Archives/edgar/data/1107843/000155824226000022/form4-08172026_080811.xml,https://www.sec.gov/Archives/edgar/data/1107843/000110784326000035/,0
PUMP,1680247,ProPetro Holding Corp.,Samuel D. Sledge,0.5286722780547701,649336.0,122823917.0,high,,,,,https://www.sec.gov/Archives/edgar/data/1680247/000168024726000046/wk-form4_1772745232.xml,https://www.sec.gov/Archives/edgar/data/1680247/000168024726000097/,0
CLF,764065,CLEVELAND-CLIFFS INC.,Lourenco Goncalves,0.5285318735916884,3015486.0,570540047.0,high,,,,,https://www.sec.gov/Archives/edgar/data/764065/000076406526000038/wk-form4_1771625314.xml,https://www.sec.gov/Archives/edgar/data/764065/000076406526000100/,0
WOLF,895419,"WOLFSPEED, INC.",Robert Feurle,0.5279194441720938,279773.0,52995396.0,high,,,,,https://www.sec.gov/Archives/edgar/data/895419/000162828026048451/wk-form4_1784232258.xml,https://www.sec.gov/Archives/edgar/data/895419/000089541926000054/,0
WKC,789460,WORLD KINECT CORP,Ira M. Birns,0.5266871313166621,269409.0,51151620.0,medium,,,,,https://www.sec.gov/Archives/edgar/data/789460/000119312526134696/ownership.xml,https://www.sec.gov/Archives/edgar/data/789460/000078946026000040/,0
KSS,885639,KOHLS Corp,Michael Bender,0.5238642298681624,594062.0,113399993.0,high,,,,,https://www.sec.gov/Archives/edgar/data/885639/000088563926000100/form4.xml,https://www.sec.gov/Archives/edgar/data/885639/000119312526257402/,0
EWBC,1069157,EAST WEST BANCORP INC,Dominic Ng,0.5223679328889611,715706.0,137011856.0,medium,,,,,https://www.sec.gov/Archives/edgar/data/1069157/000120123626000012/wk-form4_1778113075.xml,https://www.sec.gov/Archives/edgar/data/1069157/000106915726000044/,0
LKFN,721994,LAKELAND FINANCIAL CORP,David M. Findlay,0.5193492274469543,129099.0,24857840.0,high,,,,,https://www.sec.gov/Archives/edgar/data/721994/000118938226000002/wk-form4_1770238633.xml,https://www.sec.gov/Archives/edgar/data/721994/000072199426000067/,0
MBWM,1042729,MERCANTILE BANK CORP,Raymond E. Reitsma,0.5179819956451285,89538.0,17285929.0,medium,,,,,https://www.sec.gov/Archives/edgar/data/1042729/000119312526057257/ownership.xml,https://www.sec.gov/Archives/edgar/data/1042729/000143774926025168/,0
WMS,1604028,"ADVANCED DRAINAGE SYSTEMS, INC.",D. Scott Barbour,0.517011238142783,389854.0923,75405342.0,medium,,,,,https://www.sec.gov/Archives/edgar/data/1604028/000119312526363586/ownership.xml,https://www.sec.gov/Archives/edgar/data/1604028/000160402826000037/,0
KAI,886346,KADANT INC,Jeffrey L. Powell,0.5161181822485119,60949.0,11809117.0,medium,,,,,https://www.sec.gov/Archives/edgar/data/886346/000140651826000008/wk-form4_1780517163.xml,https://www.sec.gov/Archives/edgar/data/886346/000088634626000052/,0
FTAI,1590364,FTAI Aviation Ltd.,Joseph P. Adams. Jr,0.5153100870123952,529260.0,102707091.0,medium,,,,,https://www.sec.gov/Archives/edgar/data/1590364/000159036426000059/wk-form4_1780056008.xml,https://www.sec.gov/Archives/edgar/data/1590364/000162828026051412/,0
CLBK,2115119,"Columbia Financial, Inc./MD/",Thomas J. Kemly,0.5152029870989882,1388704.5871000001,269545135.0,medium,,,,,https://www.sec.gov/Archives/edgar/data/2115119/000172989726000046/wk-form4_1787941197.xml,https://www.sec.gov/Archives/edgar/data/2115119/000211511926000030/,0
RIVN,1874178,"Rivian Automotive, Inc. / DE",Robert J. Scaringe,0.5128819615738843,7425816.0,1447860630.0,medium,,,,,https://www.sec.gov/Archives/edgar/data/1874178/000189151726000027/wk-form4_1787088336.xml,https://www.sec.gov/Archives/edgar/data/1874178/000187417826000054/,0
TRN,99780,TRINITY INDUSTRIES INC,E. Jean Savage,0.5117392121746587,407700.0,79669486.0,high,,,,,https://www.sec.gov/Archives/edgar/data/99780/000009978026000091/wk-form4_1779829078.xml,https://www.sec.gov/Archives/edgar/data/99780/000009978026000119/,0
UVV,102037,UNIVERSAL CORP /VA/,Preston D. Wigner,0.5110714749440114,127253.0,24899257.0,medium,,,,,https://www.sec.gov/Archives/edgar/data/102037/000119248226000336/form4.xml,https://www.sec.gov/Archives/edgar/data/102037/000162828026053393/,0
OMC,29989,OMNICOM GROUP INC.,John D. Wren,0.5110299288635068,1401990.0,274345967.0,medium,,,,,https://www.sec.gov/Archives/edgar/data/29989/000121390026061536/ownership.xml,https://www.sec.gov/Archives/edgar/data/29989/000002998926000019/,0
HCC,1691303,"WARRIOR MET COAL, INC.",Walter J. Scheller,0.5071636657088952,267793.0,52802087.0,medium,,,,,https://www.sec.gov/Archives/edgar/data/1691303/000149448926000016/ownership.xml,https://www.sec.gov/Archives/edgar/data/1691303/000119312526335324/,0
AFL,4977,AFLAC INC,Daniel P. Amos,0.5068139955468198,2540878.0,501343298.0,medium,,,,,https://www.sec.gov/Archives/edgar/data/4977/000000497726000040/wk-form4_1771968164.xml,https://www.sec.gov/Archives/edgar/data/4977/000162828026054618/,0
MD,893949,"Pediatrix Medical Group, Inc.",Mark S. Ordan,0.5056830265947078,410884.0,81253271.0,medium,,,,,https://www.sec.gov/Archives/edgar/data/893949/000119312526255705/ownership.xml,https://www.sec.gov/Archives/edgar/data/893949/000119312526331513/,0
SPH,1005210,SUBURBAN PROPANE PARTNERS LP,Michael A. Stivala,0.505125082692664,336981.0,66712387.0,medium,,,,,https://www.sec.gov/Archives/edgar/data/1005210/000121261825000002/f4_a1eus000007dpb3mao-live.xml,https://www.sec.gov/Archives/edgar/data/1005210/000100521026000011/,0
UFPT,914156,UFP TECHNOLOGIES INC,Mitchell C. Rock,0.5049839977587826,39115.0,7745790.0,medium,,,,,https://www.sec.gov/Archives/edgar/data/914156/000208495626000041/form4.xml,https://www.sec.gov/Archives/edgar/data/914156/000162828026054428/,0
WAFD,936528,WAFD INC,Brent J. Beardall,0.503939861643529,372891.5,73995238.0,medium,,,,,https://www.sec.gov/Archives/edgar/data/936528/000120083625000013/wk-form4_1767120247.xml,https://www.sec.gov/Archives/edgar/data/936528/000093652826000061/,0
ICE,1571949,"Intercontinental Exchange, Inc.",Jeffrey C. Sprecher,0.5037808645242361,2828198.0,561394487.0,medium,,,,,https://www.sec.gov/Archives/edgar/data/1571949/000119312526059907/ownership.xml,https://www.sec.gov/Archives/edgar/data/1571949/000157194926000011/,0
CTBI,350852,COMMUNITY TRUST BANCORP INC /KY/,Mark A. Gooch,0.5035693518378569,91488.2482,18167954.0,medium,,,,,https://www.sec.gov/Archives/edgar/data/350852/000035085226000020/primary_doc.xml,https://www.sec.gov/Archives/edgar/data/350852/000114036126031763/,0
ACLS,1113232,AXCELIS TECHNOLOGIES INC,Russell J. Low,0.5015949846200746,154900.0,30881489.0,medium,,,,,https://www.sec.gov/Archives/edgar/data/1113232/000168923726000014/form4-05202026_050503.xml,https://www.sec.gov/Archives/edgar/data/1113232/000110465926091999/,0
VSXY,1856437,Victoria's Secret & Co.,Hillary Super,0.5009188378361923,398189.0,79491720.0,high,,,,,https://www.sec.gov/Archives/edgar/data/1856437/000122520826003927/doc4.xml,https://www.sec.gov/Archives/edgar/data/1856437/000185643726000013/,0
SF,720672,STIFEL FINANCIAL CORP,Ronald J. Kruszewski,0.5008157160503419,1883213.0,376029134.0,medium,,,,,https://www.sec.gov/Archives/edgar/data/720672/000119312526089067/ownership.xml,https://www.sec.gov/Archives/edgar/data/720672/000119312526333953/,0
OC,1370946,Owens Corning,Brian D. Chambers,0.5003713977119644,395537.0,79048683.0,medium,,,,,https://www.sec.gov/Archives/edgar/data/1370946/000137094626000081/wk-form4_1772227480.xml,https://www.sec.gov/Archives/edgar/data/1370946/000137094626000177/,0
PRSU,884219,"Pursuit Attractions & Hospitality, Inc.",David W. Barry,0.49965605022418635,136227.0,27264155.0,medium,,,,,https://www.sec.gov/Archives/edgar/data/884219/000164552326000004/form4-03032026_050301.xml,https://www.sec.gov/Archives/edgar/data/884219/000119312526335133/,0
MAZE,1842295,"Maze Therapeutics, Inc.",Jason Coloma,0.4968697280938573,276007.0,55549168.0,high,,,,,https://www.sec.gov/Archives/edgar/data/1842295/000167617026000016/form4-08052026_080854.xml,https://www.sec.gov/Archives/edgar/data/1842295/000119312526344903/,0
MKL,1096343,MARKEL GROUP INC.,Thomas S. Gayner,0.4966006616003057,61528.6134,12389958.0,medium,,,,,https://www.sec.gov/Archives/edgar/data/1096343/000115901526000004/wk-form4_1779222815.xml,https://www.sec.gov/Archives/edgar/data/1096343/000109634326000064/,0
WOR,108516,"WORTHINGTON ENTERPRISES, INC.",Joseph B. Hayek,0.4961906564901071,242808.0,48934416.0,medium,,,,,https://www.sec.gov/Archives/edgar/data/108516/000119312526363602/ownership.xml,https://www.sec.gov/Archives/edgar/data/108516/000119312526325872/,0
GBTG,1820872,"Global Business Travel Group, Inc.",Paul Abbott,0.494456798026771,2582911.0,522373443.0,medium,,,,,https://www.sec.gov/Archives/edgar/data/1820872/000192592726000004/primarydocument.xml,https://www.sec.gov/Archives/edgar/data/1820872/000162828026052168/,0
ENVA,1529864,"Enova International, Inc.",Steven E. Cunningham,0.493787324479983,122945.0,24898371.0,medium,,,,,https://www.sec.gov/Archives/edgar/data/1529864/000157545226000002/ownership.xml,https://www.sec.gov/Archives/edgar/data/1529864/000119312526314590/,0
GTX,1735707,Garrett Motion Inc.,Olivier Rabiller,0.492690320956857,918835.0,186493414.0,medium,,,,,https://www.sec.gov/Archives/edgar/data/1735707/000095014226001274/es260774225_4-rabiller.xml,https://www.sec.gov/Archives/edgar/data/1735707/000173570726000027/,0
SBET,1981535,"Sharplink, Inc.",Joseph Chalom,0.48998358392028146,1064360.0,217223604.0,medium,,,,,https://www.sec.gov/Archives/edgar/data/1981535/000149315226034909/ownership.xml,https://www.sec.gov/Archives/edgar/data/1981535/000149315226036620/,0
FRT,34903,FEDERAL REALTY INVESTMENT TRUST,Donald C. Wood,0.48888288659518386,422342.0,86389197.0,medium,,,,,https://www.sec.gov/Archives/edgar/data/34903/000003490326000033/wk-form4_1780517450.xml,https://www.sec.gov/Archives/edgar/data/34903/000003490326000026/,0
ESI,1590714,Element Solutions Inc,Benjamin Gliklich,0.4887658634658821,1191078.0,243690914.0,high,,,,,https://www.sec.gov/Archives/edgar/data/1590714/000159071426000023/wk-form4_1771968250.xml,https://www.sec.gov/Archives/edgar/data/1590714/000159071426000065/,0
OI,812074,"O-I Glass, Inc. /DE/",Gordon J. Hardie,0.487399312195926,748936.55,153659747.0,high,,,,,https://www.sec.gov/Archives/edgar/data/812074/000122520826003497/doc4.xml,https://www.sec.gov/Archives/edgar/data/812074/000110465926088166/,0
AZTA,933974,"Azenta, Inc.",John Marotta,0.48665053748947146,213193.78,43808393.0,medium,,,,,https://www.sec.gov/Archives/edgar/data/933974/000119312525307099/ownership.xml,https://www.sec.gov/Archives/edgar/data/933974/000162828026054295/,0
WBTN,1997859,WEBTOON Entertainment Inc.,Junkoo Kim,0.48619762558794943,659824.0,135711070.0,high,,,,,https://www.sec.gov/Archives/edgar/data/1997859/000202724326000004/wk-form4_1777326502.xml,https://www.sec.gov/Archives/edgar/data/1997859/000199785926000089/,0
DXC,1688568,DXC Technology Co,Raul Fernandez,0.48560418467321387,775892.0,159778689.0,high,,,,,https://www.sec.gov/Archives/edgar/data/1688568/000168856826000043/wk-form4_1779828065.xml,https://www.sec.gov/Archives/edgar/data/1688568/000168856826000069/,0
SPSC,1092699,SPS COMMERCE INC,Chadwick Collins,0.4839925662581519,174238.166,36000174.0,medium,,,,,https://www.sec.gov/Archives/edgar/data/1092699/000162828026011176/wk-form4_1771970016.xml,https://www.sec.gov/Archives/edgar/data/1092699/000109269926000066/,0
SYNA,817720,SYNAPTICS Inc,Rahul Patel,0.48275517832031334,188791.0,39106986.0,high,,,,,https://www.sec.gov/Archives/edgar/data/817720/000178578326000012/wk-form4_1787177589.xml,https://www.sec.gov/Archives/edgar/data/817720/000081772026000055/,0
R,85961,RYDER SYSTEM INC,John J. Diez,0.4793351050208325,183810.0,38346868.0,medium,,,,,https://www.sec.gov/Archives/edgar/data/85961/000163066326000006/wk-form4_1772144031.xml,https://www.sec.gov/Archives/edgar/data/85961/000162828026049417/,0
ACIW,935036,"ACI WORLDWIDE, INC.",Thomas W. Warsop,0.4784466811386246,483017.0,100955241.0,high,,,,,https://www.sec.gov/Archives/edgar/data/935036/000138433426000008/wk-form4_1780434657.xml,https://www.sec.gov/Archives/edgar/data/935036/000093503626000028/,0
MTG,876437,MGIC INVESTMENT CORP,Timothy J. Mattke,0.47819289024186434,980892.401,205124840.0,medium,,,,,https://www.sec.gov/Archives/edgar/data/876437/000146510526000010/wk-form4_1786046717.xml,https://www.sec.gov/Archives/edgar/data/876437/000087643726000028/,0
RHP,1040829,"Ryman Hospitality Properties, Inc.",Mark Fioravanti,0.4780947465693846,301770.0,63119288.0,medium,,,,,https://www.sec.gov/Archives/edgar/data/1040829/000119312526304303/ownership.xml,https://www.sec.gov/Archives/edgar/data/1040829/000110465926092580/,0
EFC,1411342,Ellington Financial Inc.,Laurence Penn,0.47614744859516356,613694.0,128887386.0,medium,,,,,https://www.sec.gov/Archives/edgar/data/1411342/000162828020002986/wf-form4_158336412555478.xml,https://www.sec.gov/Archives/edgar/data/1411342/000162828026055148/,0
ATKR,1666138,Atkore Inc.,William E. Waltz,0.47520503633868333,160488.8585,33772550.0,medium,,,,,https://www.sec.gov/Archives/edgar/data/1666138/000167433226000007/wk-form4_1788214227.xml,https://www.sec.gov/Archives/edgar/data/1666138/000162828026052084/,0
FHN,36966,FIRST HORIZON CORP,D. Bryan Jordan,0.4707745247608581,2230422.164,473777158.0,medium,,,,,https://www.sec.gov/Archives/edgar/data/36966/000003696626000121/form4.xml,https://www.sec.gov/Archives/edgar/data/36966/000003696626000155/,0
EE,1888447,"Excelerate Energy, Inc.",Steven Kobos,0.47054153007124516,533604.0,113402105.0,low,,class(es) counted from the person's filings but absent from the cover page: Class A Common Stock; the denominator may not include them,,,https://www.sec.gov/Archives/edgar/data/1888447/000119312526099086/ownership.xml,https://www.sec.gov/Archives/edgar/data/1888447/000119312526338466/,0
BG,1996862,Bunge Global SA,Gregory A. Heckman,0.4683130892701399,899719.0,192119123.0,medium,,,,,https://www.sec.gov/Archives/edgar/data/1996862/000162828026040317/wk-form4_1780518147.xml,https://www.sec.gov/Archives/edgar/data/1996862/000162828026050540/,0
NG,1173420,NOVAGOLD RESOURCES INC,Gregory A. Lang,0.4677481033836194,2052388.0,438780614.0,medium,,,,,https://www.sec.gov/Archives/edgar/data/1173420/000121465926008165/marketforms-73529.xml,https://www.sec.gov/Archives/edgar/data/1173420/000117184326004279/,0
HURN,1289848,Huron Consulting Group Inc.,C. Mark Hussey,0.4676220195609423,74399.0,15910072.0,high,,,,,https://www.sec.gov/Archives/edgar/data/1289848/000128984826000114/wk-form4_1785533869.xml,https://www.sec.gov/Archives/edgar/data/1289848/000162828026050176/,0
AGCO,880266,AGCO CORP /DE,Eric P. Hansotia,0.4663352892515334,326582.666,70031729.0,medium,,,,,https://www.sec.gov/Archives/edgar/data/880266/000158106426000013/wk-form4_1784234599.xml,https://www.sec.gov/Archives/edgar/data/880266/000088026626000068/,0
CBRE,1138118,"CBRE GROUP, INC.",Robert E. Sulentic,0.46439803715577976,1344782.0,289575298.0,high,,,,,https://www.sec.gov/Archives/edgar/data/1138118/000122520826003618/doc4.xml,https://www.sec.gov/Archives/edgar/data/1138118/000113811826000024/,0
OPCH,1014739,"Option Care Health, Inc.",John Rademacher,0.46409912356987,695152.0,149785243.0,high,,,,,https://www.sec.gov/Archives/edgar/data/1014739/000143774926014692/rdgdoc.xml,https://www.sec.gov/Archives/edgar/data/1014739/000101473926000023/,0
RUN,1469367,Sunrun Inc.,Mary Powell,0.4615108691708663,1111535.0,240846982.0,high,,,,,https://www.sec.gov/Archives/edgar/data/1469367/000173024026000002/wk-form4_1783458537.xml,https://www.sec.gov/Archives/edgar/data/1469367/000162828026053366/,0
PTCT,1070081,"PTC THERAPEUTICS, INC.",Matthew B. Klein,0.45993806769314294,383868.0,83460802.0,medium,,,,,https://www.sec.gov/Archives/edgar/data/1070081/000180896826000017/form4-08062026_050802.xml,https://www.sec.gov/Archives/edgar/data/1070081/000107008126000017/,0
ALGT,1362468,Allegiant Travel CO,Gregory C. Anderson,0.4597341661742158,125681.0,27337755.0,medium,,,,,https://www.sec.gov/Archives/edgar/data/1362468/000163246726000004/primary_doc.xml,https://www.sec.gov/Archives/edgar/data/1362468/000136246826000051/,0
TVTX,1438533,"Travere Therapeutics, Inc.",Eric Dube,0.45924149268730013,432886.0,94261082.0,high,,,,,https://www.sec.gov/Archives/edgar/data/1438533/000176349426000006/form4-05062026_080504.xml,https://www.sec.gov/Archives/edgar/data/1438533/000143853326000063/,0
NVTS,1821769,Navitas Semiconductor Corp,Chris Allexandre,0.4589527489435491,1072633.0,233713166.0,high,,,,,https://www.sec.gov/Archives/edgar/data/1821769/000110465926068287/tm2616066-1_4seq1.xml,https://www.sec.gov/Archives/edgar/data/1821769/000162828026030524/,0
AN,350698,"AUTONATION, INC.",Mike Manley,0.4585066679862554,151586.0,33060806.0,high,,,,,https://www.sec.gov/Archives/edgar/data/350698/000035069826000022/wk-form4_1772575098.xml,https://www.sec.gov/Archives/edgar/data/350698/000162828026051427/,0
PFS,1178970,PROVIDENT FINANCIAL SERVICES INC,Anthony J. Labozzetta,0.4567152608453236,595660.0,130422618.0,medium,,,,,https://www.sec.gov/Archives/edgar/data/1178970/000119980726000004/wk-form4_1779471525.xml,https://www.sec.gov/Archives/edgar/data/1178970/000162828026054777/,0
NVT,1720635,nVent Electric plc,Beth A. Wozniak,0.45485790987367025,736223.6383000001,161857939.0,medium,,,,,https://www.sec.gov/Archives/edgar/data/1720635/000089706926001592/form4.xml,https://www.sec.gov/Archives/edgar/data/1720635/000162828026051428/,0
HST,1070750,"HOST HOTELS & RESORTS, INC.",James F. Risoleo,0.45189370054824163,3096034.0,685124399.0,medium,,,,,https://www.sec.gov/Archives/edgar/data/1070750/000107075026000049/edgardoc.xml,https://www.sec.gov/Archives/edgar/data/1070750/000107075026000126/,0
VSNT,2067876,"Versant Media Group, Inc.",Mark Lazarus,0.4505408123720388,627018.0,139170078.0,medium,,,,,https://www.sec.gov/Archives/edgar/data/2067876/000162828026051128/wk-form4_1785445257.xml,https://www.sec.gov/Archives/edgar/data/2067876/000206787626000040/,0
GTLB,1653482,Gitlab Inc.,William Staples,0.4492764949674363,758828.0,168900000.0,high,,,,,https://www.sec.gov/Archives/edgar/data/1653482/000165348226000141/wk-form4_1782943530.xml,https://www.sec.gov/Archives/edgar/data/1653482/000162828026039793/,0
HBAN,49196,HUNTINGTON BANCSHARES INC /MD/,Stephen D. Steinour,0.4484385860470814,9060319.678,2020414826.0,medium,,,,,https://www.sec.gov/Archives/edgar/data/49196/000122520826006477/doc4.xml,https://www.sec.gov/Archives/edgar/data/49196/000004919626000066/,0
ADM,7084,Archer-Daniels-Midland Co,J. R. Luciano,0.4461965434143053,2150487.0,481959583.0,medium,,,,,https://www.sec.gov/Archives/edgar/data/7084/000122520826004014/doc4.xml,https://www.sec.gov/Archives/edgar/data/7084/000000708426000042/,0
CSGP,1057352,"COSTAR GROUP, INC.",Andrew C. Florance,0.44574920569369236,1806165.03,405197588.0,medium,,,,,https://www.sec.gov/Archives/edgar/data/1057352/000162828026052968/wk-form4_1785936417.xml,https://www.sec.gov/Archives/edgar/data/1057352/000105735226000066/,0
ELAN,1739104,Elanco Animal Health Inc,Jeffrey N. Simmons,0.44511045484141476,2223869.0,499621830.0,high,,,,,https://www.sec.gov/Archives/edgar/data/1739104/000147907926000039/form4-08252026_080815.xml,https://www.sec.gov/Archives/edgar/data/1739104/000173910426000043/,0
ATMU,1921963,Atmus Filtration Technologies Inc.,Stephanie J. Disher,0.44490674102760563,363024.0,81595527.0,high,,,,,https://www.sec.gov/Archives/edgar/data/1921963/000197679226000008/wk-form4_1780438980.xml,https://www.sec.gov/Archives/edgar/data/1921963/000192196326000069/,0
PBF,1534504,PBF Energy Inc.,Matthew C. Lucey,0.44377677020923684,526039.0,118536849.0,high,,,,,https://www.sec.gov/Archives/edgar/data/1534504/000119312526354394/ownership.xml,https://www.sec.gov/Archives/edgar/data/1534504/000153450426000030/,0
RRC,315852,RANGE RESOURCES CORP,Dennis L. Degner,0.44250220221485825,1034037.0,233679515.0,high,,,,,https://www.sec.gov/Archives/edgar/data/315852/000177767626000006/ownership.xml,https://www.sec.gov/Archives/edgar/data/315852/000119312526310446/,0
SRCE,34782,1ST SOURCE CORP,Andrea G. Short,0.44215085683286637,106478.0,24081826.0,medium,,,,,https://www.sec.gov/Archives/edgar/data/34782/000156620926000004/wk-form4_1771452283.xml,https://www.sec.gov/Archives/edgar/data/34782/000003478226000045/,0
BCO,78890,BRINKS CO,Mark Eubanks,0.44138289745424786,181804.0,41189634.0,medium,,,,,https://www.sec.gov/Archives/edgar/data/78890/000151002526000024/wk-form4_1785877312.xml,https://www.sec.gov/Archives/edgar/data/78890/000007889026000055/,0
VRSN,1014473,VERISIGN INC/CA,D. James Bidzos,0.44085123211517163,398088.6626,90300000.0,medium,,,,,https://www.sec.gov/Archives/edgar/data/1014473/000120481626000038/wk-form4_1787777452.xml,https://www.sec.gov/Archives/edgar/data/1014473/000101447326000028/,0
DRVN,1804745,Driven Brands Holdings Inc.,Daniel Rivera,0.4408066499480155,727242.0,164979816.0,high,,,,,https://www.sec.gov/Archives/edgar/data/1804745/000183273126000009/wk-form4_1782945701.xml,https://www.sec.gov/Archives/edgar/data/1804745/000180474526000075/,0
FHB,36377,"FIRST HAWAIIAN, INC.",Robert S. Harrison,0.4398349863956165,535194.0,121680634.0,high,,,,,https://www.sec.gov/Archives/edgar/data/36377/000154897626000008/form4-03022026_060355.xml,https://www.sec.gov/Archives/edgar/data/36377/000110465926089785/,0
KTOS,1069258,"KRATOS DEFENSE & SECURITY SOLUTIONS, INC.",Eric M. DeMarco,0.4393043737646283,824668.0,187721327.0,medium,,,,,https://www.sec.gov/Archives/edgar/data/1069258/000108244026000005/primary_doc.xml,https://www.sec.gov/Archives/edgar/data/1069258/000106925826000077/,0
EMN,915389,EASTMAN CHEMICAL CO,Mark J. Costa,0.43815990570376645,501156.0,114377421.0,high,,,,,https://www.sec.gov/Archives/edgar/data/915389/000091538926000064/wk-form4_1772139794.xml,https://www.sec.gov/Archives/edgar/data/915389/000091538926000141/,0
SYBT,835324,"Stock Yards Bancorp, Inc.",James A. Hillebrand,0.4378876726397506,136037.0,31066643.0,medium,,,,,https://www.sec.gov/Archives/edgar/data/835324/000143774926009593/rdgdoc.xml,https://www.sec.gov/Archives/edgar/data/835324/000143774926025620/,0
UPBD,933036,"UPBOUND GROUP, INC.",Fahmi Karam,0.4365481946170806,254505.0,58299405.0,high,,,,,https://www.sec.gov/Archives/edgar/data/933036/000174384326000006/wk-form4_1772227988.xml,https://www.sec.gov/Archives/edgar/data/933036/000119312526326420/,0
IESC,1048268,"IES Holdings, Inc.",Matthew J. Simmes,0.4345184356272293,86575.0,19924356.0,medium,,,,,https://www.sec.gov/Archives/edgar/data/1048268/000104826826000088/wk-form4_1778189500.xml,https://www.sec.gov/Archives/edgar/data/1048268/000104826826000130/,0
HLMN,1822492,Hillman Solutions Corp.,Jon Michael Adinolfi,0.4338194270416583,843974.0,194544999.0,high,,,,,https://www.sec.gov/Archives/edgar/data/1822492/000182249226000112/wk-form4_1781007456.xml,https://www.sec.gov/Archives/edgar/data/1822492/000182249226000137/,0
JANX,1817713,"Janux Therapeutics, Inc.",David Campbell,0.43303234208975994,264742.0,61136773.0,high,,,,,https://www.sec.gov/Archives/edgar/data/1817713/000186415826000006/form4-07312026_080701.xml,https://www.sec.gov/Archives/edgar/data/1817713/000119312526338078/,0
ICHR,1652535,"ICHOR HOLDINGS, LTD.",Philip Barros,0.4313584989294533,161562.0,37454229.0,medium,,,,,https://www.sec.gov/Archives/edgar/data/1652535/000169153726000028/wk-form4_1787261060.xml,https://www.sec.gov/Archives/edgar/data/1652535/000165253526000069/,0
BLBD,1589526,Blue Bird Corp,John Wyskiel,0.4306693775695882,136419.0,31676039.0,high,,,,,https://www.sec.gov/Archives/edgar/data/1589526/000205590325000003/wk-form4_1764876738.xml,https://www.sec.gov/Archives/edgar/data/1589526/000158952626000049/,0
RVMD,1628171,"Revolution Medicines, Inc.",Mark A. Goldsmith,0.4305446590042388,922814.0,214336418.0,medium,,,,,https://www.sec.gov/Archives/edgar/data/1628171/000161071726000387/form4.xml,https://www.sec.gov/Archives/edgar/data/1628171/000119312526335104/,0
NNN,751364,"NNN REIT, INC.",Stephen A. Horn,0.42864846502448267,822711.0,191931400.0,high,,,,,https://www.sec.gov/Archives/edgar/data/751364/000119312526098496/ownership.xml,https://www.sec.gov/Archives/edgar/data/751364/000119312526333967/,0
WAL,1212545,WESTERN ALLIANCE BANCORPORATION,Kenneth A. Vecchione,0.42701586671210967,465878.0,109100864.0,medium,,,,,https://www.sec.gov/Archives/edgar/data/1212545/000162828026057696/wk-form4_1787084852.xml,https://www.sec.gov/Archives/edgar/data/1212545/000162828026051418/,0
FMC,37785,FMC CORP,Pierre R. Brondeau,0.42635668540671223,533913.0,125226839.0,medium,,,,,https://www.sec.gov/Archives/edgar/data/37785/000003778526000136/form4.xml,https://www.sec.gov/Archives/edgar/data/37785/000003778526000142/,0
TRUP,1371285,"TRUPANION, INC.",Margi Tooth,0.4261246270480688,186952.0,43872611.0,medium,,,,,https://www.sec.gov/Archives/edgar/data/1371285/000137128526000190/wk-form4_1787784982.xml,https://www.sec.gov/Archives/edgar/data/1371285/000137128526000172/,0
IRT,1466085,"INDEPENDENCE REALTY TRUST, INC.",Scott F. Schaeffer,0.4245607916809383,1000879.0,235744567.0,high,,,,,https://www.sec.gov/Archives/edgar/data/1466085/000143774926006691/rdgdoc.xml,https://www.sec.gov/Archives/edgar/data/1466085/000143774926025677/,0
CENX,949157,CENTURY ALUMINUM CO,Jesse E. Gary,0.42407619627167675,419807.0,98993295.0,high,,,,,https://www.sec.gov/Archives/edgar/data/949157/000162828026018929/wk-form4_1773783338.xml,https://www.sec.gov/Archives/edgar/data/949157/000162828026054308/,0
BC,14930,BRUNSWICK CORP,David M. Foulkes,0.42392269026480495,274691.0,64797428.0,medium,,,,,https://www.sec.gov/Archives/edgar/data/14930/000174100626000004/wk-form4_1779912271.xml,https://www.sec.gov/Archives/edgar/data/14930/000001493026000110/,0
UTZ,1739566,"Utz Brands, Inc.",Howard Friedman,0.42375355816459975,610045.0,143962213.0,high,,,,,https://www.sec.gov/Archives/edgar/data/1739566/000162828026016532/wk-form4_1773176317.xml,https://www.sec.gov/Archives/edgar/data/1739566/000162828026052899/,0
CRI,1060822,CARTERS INC,Sharon Price John,0.42359297309525695,155506.0,36711185.0,high,,,,,https://www.sec.gov/Archives/edgar/data/1060822/000106082226000105/wk-form4_1781727592.xml,https://www.sec.gov/Archives/edgar/data/1060822/000106082226000109/,0
SHO,1295810,"Sunstone Hotel Investors, Inc.",Bryan A. Giglia,0.422931769527247,786416.0,185943941.0,medium,,,,,https://www.sec.gov/Archives/edgar/data/1295810/000156929126000004/form4-03102026_110350.xml,https://www.sec.gov/Archives/edgar/data/1295810/000110465926091907/,0
OCFC,1004702,OCEANFIRST FINANCIAL CORP,Christopher D. Maher,0.42266653666540915,408487.0,96645219.0,medium,,,,,https://www.sec.gov/Archives/edgar/data/1004702/000134358326000006/wk-form4_1772826743.xml,https://www.sec.gov/Archives/edgar/data/1004702/000100470226000120/,0
LTC,887905,LTC PROPERTIES INC,Clint B. Malin,0.42238126703175327,227687.0,53905563.0,medium,,,,,https://www.sec.gov/Archives/edgar/data/887905/000129228226000004/form4-03102026_110341.xml,https://www.sec.gov/Archives/edgar/data/887905/000110465926091183/,0
AMPX,1899287,"Amprius Technologies, Inc.",Thomas M. Stepien,0.4216918085601199,616010.0,146080618.0,medium,,,,,https://www.sec.gov/Archives/edgar/data/1899287/000206723326000019/wk-form4_1787692877.xml,https://www.sec.gov/Archives/edgar/data/1899287/000189928726000059/,0
IE,1879016,Ivanhoe Electric Inc.,Taylor Melvin,0.42095739690478223,671807.0,159590259.0,high,,,,,https://www.sec.gov/Archives/edgar/data/1879016/000165495426002047/section16.xml,https://www.sec.gov/Archives/edgar/data/1879016/000187901626000017/,0
BDC,913142,BELDEN INC.,Ashish Chand,0.41949333606563316,163930.4071,39078191.0,high,,,,,https://www.sec.gov/Archives/edgar/data/913142/000119312526297412/ownership.xml,https://www.sec.gov/Archives/edgar/data/913142/000091314226000034/,0
NHC,1047335,NATIONAL HEALTHCARE CORP,Stephen F. Flatt,0.41814282827296034,65487.0,15661395.0,medium,,,,,https://www.sec.gov/Archives/edgar/data/1047335/000143774926028642/rdgdoc.xml,https://www.sec.gov/Archives/edgar/data/1047335/000143774926026199/,0
SLGN,849869,SILGAN HOLDINGS INC,Adam J. Greenlee,0.4173056116830469,441017.0,105682020.0,high,,,,,https://www.sec.gov/Archives/edgar/data/849869/000162828026013906/wk-form4_1772573559.xml,https://www.sec.gov/Archives/edgar/data/849869/000162828026053967/,0
WPC,1025378,W. P. Carey Inc.,Jason E. Fox,0.417144686720074,950326.0062,227816879.0,medium,,,,,https://www.sec.gov/Archives/edgar/data/1025378/000102537826000027/wk-form4_1770758237.xml,https://www.sec.gov/Archives/edgar/data/1025378/000102537826000119/,0
HTFL,1464521,"Heartflow, Inc.",John C.M. Farquhar,0.4149499134751446,360814.0,86953627.0,medium,,,,,https://www.sec.gov/Archives/edgar/data/1464521/000146452126000139/form4.xml,https://www.sec.gov/Archives/edgar/data/1464521/000146452126000131/,0
LNN,836157,LINDSAY CORP,Randy A. Wood,0.4147947390495615,42180.0,10168885.0,medium,,,,,https://www.sec.gov/Archives/edgar/data/836157/000119312525264808/ownership.xml,https://www.sec.gov/Archives/edgar/data/836157/000119312526294516/,0
CSW,1624794,"CSW INDUSTRIALS, INC.",Joseph B. Armes,0.4139997779480844,67455.0,16293487.0,medium,,,,,https://www.sec.gov/Archives/edgar/data/1624794/000141361426000012/wk-form4_1786997226.xml,https://www.sec.gov/Archives/edgar/data/1624794/000162479426000046/,0
AMRZ,2035989,Amrize Ltd,Jan Jenisch,0.41248751539615136,2256000.0,546925644.0,medium,,,,,https://www.sec.gov/Archives/edgar/data/2035989/000206810426000004/primary_doc.xml,https://www.sec.gov/Archives/edgar/data/2035989/000203598926000067/,0
FIX,1035983,COMFORT SYSTEMS USA INC,Brian E. Lane,0.41218288321394053,145065.0,35194329.0,high,,,,,https://www.sec.gov/Archives/edgar/data/1035983/000144824026000019/form4-08272026_040803.xml,https://www.sec.gov/Archives/edgar/data/1035983/000110465926086258/,0
DKNG,1883685,DraftKings Inc.,Jason D. Robins,0.4121174684329481,3665653.0,889467999.0,medium,,,,,https://www.sec.gov/Archives/edgar/data/1883685/000181023126000010/wk-form4_1781299269.xml,https://www.sec.gov/Archives/edgar/data/1883685/000188368526000029/,0
MLM,916076,MARTIN MARIETTA MATERIALS INC,C. Howard Nye,0.41027979314498547,246438.0,60065839.0,medium,,,,,https://www.sec.gov/Archives/edgar/data/916076/000091607626000042/form4.xml,https://www.sec.gov/Archives/edgar/data/916076/000119312526326001/,0
WWW,110471,WOLVERINE WORLD WIDE INC /DE/,Christopher E. Hufnagel,0.4096283617574314,336167.0,82066339.0,medium,,,,,https://www.sec.gov/Archives/edgar/data/110471/000162828026052579/wk-form4_1785874392.xml,https://www.sec.gov/Archives/edgar/data/110471/000162828026056524/,0
NTST,1798100,NETSTREIT Corp.,Mark Manheimer,0.40901033033272255,415260.0,101527998.0,high,,,,,https://www.sec.gov/Archives/edgar/data/1798100/000162828026044503/wk-form4_1782133567.xml,https://www.sec.gov/Archives/edgar/data/1798100/000162828026049220/,0
MANE,1827635,"Veradermics, Inc",Reid Waldman,0.408864154965891,170824.0,41780136.0,medium,,,,,https://www.sec.gov/Archives/edgar/data/1827635/000162828026057813/wk-form4_1787101490.xml,https://www.sec.gov/Archives/edgar/data/1827635/000182763526000030/,0
GDDY,1609711,GoDaddy Inc.,Aman Bhutani,0.40841403646764884,517247.0,126647704.0,medium,,,,,https://www.sec.gov/Archives/edgar/data/1609711/000160971126000094/wk-form4_1785970711.xml,https://www.sec.gov/Archives/edgar/data/1609711/000160971126000088/,0
CLVT,1764046,CLARIVATE PLC,Matitiahu Shem Tov,0.4082432320331773,2611385.0,639664003.0,medium,,,,,https://www.sec.gov/Archives/edgar/data/1764046/000176404626000103/wk-form4_1786999552.xml,https://www.sec.gov/Archives/edgar/data/1764046/000176404626000091/,0
AAON,824142,"AAON, INC.",Matthew J. Tobolski,0.4072409708927462,335785.0,82453639.0,high,,,,,https://www.sec.gov/Archives/edgar/data/824142/000199956026000007/wk-form4_1778799103.xml,https://www.sec.gov/Archives/edgar/data/824142/000082414226000055/,0
WYNN,1174922,WYNN RESORTS LTD,Craig S. Billings,0.40643700644467246,418524.0,102973891.0,high,,,,,https://www.sec.gov/Archives/edgar/data/1174922/000169917426000008/wk-form4_1772499973.xml,https://www.sec.gov/Archives/edgar/data/1174922/000117492226000055/,0
ENOV,1420800,Enovis CORP,Damien McDonald,0.405833281630666,234042.0,57669494.0,high,,,,,https://www.sec.gov/Archives/edgar/data/1420800/000119312526224739/ownership.xml,https://www.sec.gov/Archives/edgar/data/1420800/000142080026000035/,0
THG,944695,"HANOVER INSURANCE GROUP, INC.",John C. Roche,0.40531902999696634,141132.982,34820221.0,medium,,,,,https://www.sec.gov/Archives/edgar/data/944695/000119312526290508/ownership.xml,https://www.sec.gov/Archives/edgar/data/944695/000094469526000014/,0
SKWD,1519449,"Skyward Specialty Insurance Group, Inc.",Andrew Robinson,0.40519867188608794,179894.0,44396493.0,low,,"1 line(s) only ever footnoted, so missing from the total",,,https://www.sec.gov/Archives/edgar/data/1519449/000141583326000012/form4-05082026_080524.xml,https://www.sec.gov/Archives/edgar/data/1519449/000151944926000054/,0
HBT,775215,"HBT Financial, Inc.",J. Lance Carter,0.4044315272351253,147074.0,36365612.0,high,,,,,https://www.sec.gov/Archives/edgar/data/775215/000179002226000002/wk-form4_1772572511.xml,https://www.sec.gov/Archives/edgar/data/775215/000077521526000069/,0
VNT,1786842,Vontier Corp,Mark D. Morelli,0.40400443786982254,546214.0,135200000.0,high,,,,,https://www.sec.gov/Archives/edgar/data/1786842/000162828026021080/wk-form4_1774473735.xml,https://www.sec.gov/Archives/edgar/data/1786842/000162828026054180/,0
MORN,1289419,"Morningstar, Inc.",Kunal Kapoor,0.4032540650422216,151275.0,37513571.0,medium,,,,,https://www.sec.gov/Archives/edgar/data/1289419/000145129326000002/wk-form4_1779234003.xml,https://www.sec.gov/Archives/edgar/data/1289419/000128941926000041/,0
PNR,77360,PENTAIR plc,John L. Stauch,0.40197285570254443,641701.2264,159637950.0,medium,,,,,https://www.sec.gov/Archives/edgar/data/77360/000089706926000453/form4.xml,https://www.sec.gov/Archives/edgar/data/77360/000007736026000045/,0
QRVO,1604778,"Qorvo, Inc.",Robert A. Bruggeworth,0.4015908433705823,354290.0,88221633.0,high,,,,,https://www.sec.gov/Archives/edgar/data/1604778/000197724926000105/form4.xml,https://www.sec.gov/Archives/edgar/data/1604778/000162828026050166/,0
LNC,59558,LINCOLN NATIONAL CORP,Ellen G. Cooper,0.40128215730304023,768244.0,191447336.0,high,,,,,https://www.sec.gov/Archives/edgar/data/59558/000121465926002269/marketforms-72071.xml,https://www.sec.gov/Archives/edgar/data/59558/000005955826000060/,0
UVSP,102212,UNIVEST FINANCIAL Corp,Jeffrey M. Schweitzer,0.4010560565246044,110614.3405,27580768.0,medium,,,,,https://www.sec.gov/Archives/edgar/data/102212/000141519926000006/wk-form4_1781031108.xml,https://www.sec.gov/Archives/edgar/data/102212/000010221226000037/,0
USLM,82020,UNITED STATES LIME & MINERALS INC,Timothy W. Byrne,0.39995659564123615,114741.0,28688363.0,medium,,,,,https://www.sec.gov/Archives/edgar/data/82020/000120497526000001/primary_doc.xml,https://www.sec.gov/Archives/edgar/data/82020/000110465926088668/,0
FLS,30625,FLOWSERVE CORP,R. Scott Rowe,0.3995152965736411,507835.0,127112780.0,high,,,,,https://www.sec.gov/Archives/edgar/data/30625/000162828026046625/wk-form4_1782941867.xml,https://www.sec.gov/Archives/edgar/data/30625/000003062526000020/,0
ENSG,1125376,"ENSIGN GROUP, INC",Barry R. Port,0.3967988021914116,231264.0,58282434.0,medium,,,,,https://www.sec.gov/Archives/edgar/data/1125376/000141755226000008/wk-form4_1780007608.xml,https://www.sec.gov/Archives/edgar/data/1125376/000112537626000034/,0
NVCR,1645113,NovoCure Ltd,Frank Leonard,0.3962571784445026,461425.0,116445840.0,high,,,,,https://www.sec.gov/Archives/edgar/data/1645113/000182287926000006/primarydocument.xml,https://www.sec.gov/Archives/edgar/data/1645113/000164511326000062/,0
CART,1579091,Maplebear Inc.,Chris Rogers,0.3959549609979162,916636.0,231500067.0,high,,,,,https://www.sec.gov/Archives/edgar/data/1579091/000208293026000016/wk-form4_1787342813.xml,https://www.sec.gov/Archives/edgar/data/1579091/000157909126000042/,0
CUBE,1298675,CubeSmart,Christopher P. Marr,0.39591521058162443,896406.0,226413630.0,medium,,,,,https://www.sec.gov/Archives/edgar/data/1298675/000122520826006634/doc4.xml,https://www.sec.gov/Archives/edgar/data/1298675/000129867526000018/,0
CCK,1219601,"CROWN HOLDINGS, INC.",Timothy J. Donahue,0.39477103964691745,429355.0,108760511.0,medium,,,,,https://www.sec.gov/Archives/edgar/data/1219601/000143774926023644/rdgdoc.xml,https://www.sec.gov/Archives/edgar/data/1219601/000162828026050949/,0
INVA,1080014,"Innoviva, Inc.",Pavel Raifeld,0.39421010184927124,284799.0,72245485.0,medium,,,,,https://www.sec.gov/Archives/edgar/data/1080014/000119312526363608/ownership.xml,https://www.sec.gov/Archives/edgar/data/1080014/000119312526335235/,0
PCVX,1649094,"Vaxcyte, Inc.",Grant E. Pickering,0.39411370878928104,586462.0,148805278.0,medium,,,,,https://www.sec.gov/Archives/edgar/data/1649094/000125869326000015/wk-form4_1785269436.xml,https://www.sec.gov/Archives/edgar/data/1649094/000164909426000043/,0
BKU,1504008,"BankUnited, Inc.",Rajinder P. Singh,0.39365175736624575,280407.0,71232249.0,high,,,,,https://www.sec.gov/Archives/edgar/data/1504008/000150400826000025/form4.xml,https://www.sec.gov/Archives/edgar/data/1504008/000150400826000079/,0
EME,105634,"EMCOR Group, Inc.",Anthony J. Guzzi,0.39246290759074703,173115.0,44109901.0,medium,,,,,https://www.sec.gov/Archives/edgar/data/105634/000010563426000117/form4.xml,https://www.sec.gov/Archives/edgar/data/105634/000010563426000110/,0
RXRX,1601830,"RECURSION PHARMACEUTICALS, INC.",Najat Khan,0.39139416198055166,2095298.0,535342170.0,medium,,,,,https://www.sec.gov/Archives/edgar/data/1601830/000202096926000006/wk-form4_1787089472.xml,https://www.sec.gov/Archives/edgar/data/1601830/000160183026000098/,0
DRH,1298946,DiamondRock Hospitality Co,Jeffrey J. Donnelly,0.39013726114476754,798243.0,204605681.0,high,,,,,https://www.sec.gov/Archives/edgar/data/1298946/000178611526000005/wk-form4_1772661743.xml,https://www.sec.gov/Archives/edgar/data/1298946/000129894626000038/,0
FCF,712537,FIRST COMMONWEALTH FINANCIAL CORP /PA/,T. Michael Price,0.38795053333092544,392047.0,101055925.0,medium,,,,,https://www.sec.gov/Archives/edgar/data/712537/000141866426000006/wk-form4_1773347384.xml,https://www.sec.gov/Archives/edgar/data/712537/000071253726000030/,0
ARMK,1584509,Aramark,John J. Zillmer,0.3872445847747303,1020873.707,263625044.0,medium,,,,,https://www.sec.gov/Archives/edgar/data/1584509/000118826226000009/wk-form4_1780609012.xml,https://www.sec.gov/Archives/edgar/data/1584509/000158450926000122/,0
EFSC,1025835,ENTERPRISE FINANCIAL SERVICES CORP,James B. Lally,0.3863643647913989,139835.0,36192520.0,medium,,,,,https://www.sec.gov/Archives/edgar/data/1025835/000102583526000128/form4.xml,https://www.sec.gov/Archives/edgar/data/1025835/000102583526000146/,0
TCBI,1077428,TEXAS CAPITAL BANCSHARES INC/TX,Rob C. Holmes,0.3855950157666463,167635.0,43474369.0,medium,,,,,https://www.sec.gov/Archives/edgar/data/1077428/000184509326000012/wk-form4_1780962086.xml,https://www.sec.gov/Archives/edgar/data/1077428/000107742826000059/,0
NDAQ,1120193,"NASDAQ, INC.",Adena T. Friedman,0.38120791766146844,2130866.0,558977372.0,medium,,,,,https://www.sec.gov/Archives/edgar/data/1120193/000119312526145586/ownership.xml,https://www.sec.gov/Archives/edgar/data/1120193/000112019326000013/,0
ATR,896622,"APTARGROUP, INC.",Stephan B. Tanda,0.3804257706716721,241879.0,63581129.0,medium,,,,,https://www.sec.gov/Archives/edgar/data/896622/000089662226000172/form4.xml,https://www.sec.gov/Archives/edgar/data/896622/000089662226000168/,0
SIG,832988,SIGNET JEWELERS LTD,J.K. Symancyk,0.38022790514760785,149542.81,39329783.0,medium,,,,,https://www.sec.gov/Archives/edgar/data/832988/000083298826000203/wk-form4_1787622197.xml,https://www.sec.gov/Archives/edgar/data/832988/000083298826000159/,0
SENEA,88948,Seneca Foods Corp,Paul L. Palmby,0.37984141986279507,25717.0,6770457.0,medium,,,,,https://www.sec.gov/Archives/edgar/data/88948/000143774926026347/rdgdoc.xml,https://www.sec.gov/Archives/edgar/data/88948/000143774926026264/,0
CASH,907471,"PATHWARD FINANCIAL, INC.",Brett L. Pharr,0.3796929933633275,78875.0,20773362.0,high,,,,,https://www.sec.gov/Archives/edgar/data/907471/000176856726000002/wk-form4_1771969829.xml,https://www.sec.gov/Archives/edgar/data/907471/000090747126000034/,0
CRC,1609253,California Resources Corp,Francisco J. Leon,0.37936096140084297,336948.0,88819893.0,high,,,,,https://www.sec.gov/Archives/edgar/data/1609253/000160925326000063/wk-form4_1772578810.xml,https://www.sec.gov/Archives/edgar/data/1609253/000160925326000130/,0
COGT,1622229,"Cogent Biosciences, Inc.",Andrew Robbins,0.3789097064997823,657503.0,173524982.0,high,,,,,https://www.sec.gov/Archives/edgar/data/1622229/000119312526234578/ownership.xml,https://www.sec.gov/Archives/edgar/data/1622229/000119312526342393/,0
PWR,1050915,"QUANTA SERVICES, INC.",Earl C. Austin,0.37874028824133293,569411.0,150343393.0,medium,,,,,https://www.sec.gov/Archives/edgar/data/1050915/000147320326000009/wk-form4_1778193833.xml,https://www.sec.gov/Archives/edgar/data/1050915/000105091526000025/,0
CON,2014596,"Concentra Group Holdings Parent, Inc.",William K. Newton,0.3786383095760107,482831.0,127517736.0,high,,,,,https://www.sec.gov/Archives/edgar/data/2014596/000203170725000003/wk-form4_1766093139.xml,https://www.sec.gov/Archives/edgar/data/2014596/000201459626000056/,0
DK,1694426,"Delek US Holdings, Inc.",Avigal Soreq,0.378046351906434,231486.0,61232174.0,medium,,,,,https://www.sec.gov/Archives/edgar/data/1694426/000164208026000017/wk-form4_1787098336.xml,https://www.sec.gov/Archives/edgar/data/1694426/000162828026053106/,0
H,1468174,Hyatt Hotels Corp,Mark S. Hoplamazian,0.3778664405354617,356089.0,94236736.0,medium,,,,,https://www.sec.gov/Archives/edgar/data/1468174/000133198326000008/wk-form4_1782253285.xml,https://www.sec.gov/Archives/edgar/data/1468174/000146817426000025/,0
ACT,1823529,"Enact Holdings, Inc.",Rohit Gupta,0.3769022140818454,518179.0,137483671.0,high,,,,,https://www.sec.gov/Archives/edgar/data/1823529/000182352926000175/wk-form4_1782245321.xml,https://www.sec.gov/Archives/edgar/data/1823529/000182352926000188/,0
NTNX,1618732,"Nutanix, Inc.",Rajiv Ramaswami,0.37616975632433425,1016864.0,270320509.0,medium,,,,,https://www.sec.gov/Archives/edgar/data/1618732/000119312526369035/ownership.xml,https://www.sec.gov/Archives/edgar/data/1618732/000119312526248282/,0
ASH,1674862,ASHLAND INC.,Guillermo Novo,0.37591249562982587,172143.0,45793370.0,high,,,,,https://www.sec.gov/Archives/edgar/data/1674862/000119312526044780/ownership.xml,https://www.sec.gov/Archives/edgar/data/1674862/000119312526324226/,0
ALGN,1097149,ALIGN TECHNOLOGY INC,Joseph M. Hogan,0.3744898004573545,266037.0,71039852.0,medium,,,,,https://www.sec.gov/Archives/edgar/data/1097149/000119312526067963/ownership.xml,https://www.sec.gov/Archives/edgar/data/1097149/000109714926000060/,0
DV,1819928,"DoubleVerify Holdings, Inc.",Mark Zagorski,0.37446016306145,580364.0,154986847.0,high,,,,,https://www.sec.gov/Archives/edgar/data/1819928/000181992826000089/form4.xml,https://www.sec.gov/Archives/edgar/data/1819928/000110465926092375/,0
AIT,109563,APPLIED INDUSTRIAL TECHNOLOGIES INC,Neil A. Schrimsher,0.3730170771535767,136893.0,36698856.0,medium,,,,,https://www.sec.gov/Archives/edgar/data/109563/000143180426000008/wk-form4_1786651992.xml,https://www.sec.gov/Archives/edgar/data/109563/000010956326000033/,0
MGY,1698990,Magnolia Oil & Gas Corp,Christopher Stavros,0.3728730430233556,883592.0,236968592.0,medium,,,,,https://www.sec.gov/Archives/edgar/data/1698990/000161335726000008/form4-03112026_080330.xml,https://www.sec.gov/Archives/edgar/data/1698990/000169899026000019/,0
BCRX,882796,BIOCRYST PHARMACEUTICALS INC,Charles Gayer,0.37277970085558304,952583.0,255535105.0,medium,,,,,https://www.sec.gov/Archives/edgar/data/882796/000088279625000041/form4.xml,https://www.sec.gov/Archives/edgar/data/882796/000162828026053300/,0
TE,1992243,T1 Energy Inc.,Daniel Barcelo,0.3723284297409869,1096608.0,294527066.0,high,,,,,https://www.sec.gov/Archives/edgar/data/1992243/000121390026054035/marketforms-73077.xml,https://www.sec.gov/Archives/edgar/data/1992243/000199224326000022/,0
CELH,1341766,"Celsius Holdings, Inc.",John Fieldly,0.37051784371988594,937540.0,253035047.0,medium,,,,,https://www.sec.gov/Archives/edgar/data/1341766/000162828026038119/wk-form4_1779827390.xml,https://www.sec.gov/Archives/edgar/data/1341766/000134176626000050/,0
RKLB,1819994,Rocket Lab Corp,Peter Beck,0.370376738494881,2216151.0,598350482.0,low,,"1 line(s) only ever footnoted, so missing from the total",,,https://www.sec.gov/Archives/edgar/data/1819994/000200101126000109/edgardoc.xml,https://www.sec.gov/Archives/edgar/data/1819994/000181999426000062/,0
FLEX,866374,FLEX LTD.,Revathi Advaithi,0.3693768272761461,1364489.0,369402978.0,medium,,,,,https://www.sec.gov/Archives/edgar/data/866374/000164910126000011/wk-form4_1787273988.xml,https://www.sec.gov/Archives/edgar/data/866374/000086637426000030/,0
ALSN,1411207,Allison Transmission Holdings Inc,David S. Graziosi,0.3691574750177523,304843.0,82578038.0,medium,,,,,https://www.sec.gov/Archives/edgar/data/1411207/000119312526365668/ownership.xml,https://www.sec.gov/Archives/edgar/data/1411207/000119312526334039/,0
QCRH,906465,QCR HOLDINGS INC,Todd A. Gipple,0.3685924081991674,60359.270000000004,16375614.0,medium,,,,,https://www.sec.gov/Archives/edgar/data/906465/000090646526000043/edgardoc.xml,https://www.sec.gov/Archives/edgar/data/906465/000110465926092545/,0
VST,1692819,Vistra Corp.,James A. Burke,0.3681485191086709,1235636.0,335635195.0,high,,,,,https://www.sec.gov/Archives/edgar/data/1692819/000126840626000007/wk-form4_1787601817.xml,https://www.sec.gov/Archives/edgar/data/1692819/000169281926000019/,0
WSFS,828944,WSFS FINANCIAL CORP,Rodger Levenson,0.3679835069480974,188005.0,51090605.0,medium,,,,,https://www.sec.gov/Archives/edgar/data/828944/000138090426000009/primarydocument.xml,https://www.sec.gov/Archives/edgar/data/828944/000082894426000028/,0
CBRL,1067294,"CRACKER BARREL OLD COUNTRY STORE, INC",Julie Masino,0.36673666955089285,81971.0,22351460.0,high,,,,,https://www.sec.gov/Archives/edgar/data/1067294/000188022426000002/primarydocument.xml,https://www.sec.gov/Archives/edgar/data/1067294/000110465926071825/,0
VAL,314808,Valaris Ltd,Anton Dibowitz,0.36667968732616585,254607.0,69435807.0,medium,,,,,https://www.sec.gov/Archives/edgar/data/314808/000031480826000067/wk-form4_1775766977.xml,https://www.sec.gov/Archives/edgar/data/314808/000031480826000141/,0
LFST,1845257,"LifeStance Health Group, Inc.",David Bourdon,0.36597996916202846,1398247.0,382055609.0,high,,,,,https://www.sec.gov/Archives/edgar/data/1845257/000119312526102652/ownership.xml,https://www.sec.gov/Archives/edgar/data/1845257/000119312526338107/,0
DX,826675,DYNEX CAPITAL INC,Byron L. Boston,0.36589364380328204,905329.0,247429551.0,medium,,,,,https://www.sec.gov/Archives/edgar/data/826675/000082667526000024/wk-form4_1772831657.xml,https://www.sec.gov/Archives/edgar/data/826675/000082667526000078/,0
ONTO,704532,ONTO INNOVATION INC.,Michael P. Plisinski,0.36524656201041655,179242.0,49074247.0,medium,,,,,https://www.sec.gov/Archives/edgar/data/704532/000132555026000006/edgardoc.xml,https://www.sec.gov/Archives/edgar/data/704532/000119312526338401/,0
LIND,1512499,"LINDBLAD EXPEDITIONS HOLDINGS, INC.",Natalya Leahy,0.36381001439979394,238731.0,65619689.0,medium,,,,,https://www.sec.gov/Archives/edgar/data/1512499/000089706926001645/form4.xml,https://www.sec.gov/Archives/edgar/data/1512499/000143774926025462/,0
EAT,703351,"BRINKER INTERNATIONAL, INC",Kevin D. Hochman,0.3635028460426563,151817.0,41765010.0,high,,,,,https://www.sec.gov/Archives/edgar/data/703351/000119312526377111/ownership.xml,https://www.sec.gov/Archives/edgar/data/703351/000070335126000029/,0
TRS,842633,TRIMAS CORP,Thomas J. Snyder,0.3631723845373484,130284.0,35873873.0,medium,,,,,https://www.sec.gov/Archives/edgar/data/842633/000141302826000002/wk-form4_1782419762.xml,https://www.sec.gov/Archives/edgar/data/842633/000084263326000049/,0
AJG,354190,Arthur J. Gallagher & Co.,J. Patrick Gallagher,0.3620889994927819,928034.1057,256300000.0,medium,,,,,https://www.sec.gov/Archives/edgar/data/354190/000035419026000161/form4.xml,https://www.sec.gov/Archives/edgar/data/354190/000162828026053489/,0
OFG,1030469,OFG BANCORP,José Rafael Fernández,0.361185150231534,152656.688,42265494.0,medium,,,,,https://www.sec.gov/Archives/edgar/data/1030469/000125455026000019/wk-form4_1785270385.xml,https://www.sec.gov/Archives/edgar/data/1030469/000103046926000038/,0
TPR,1116132,"TAPESTRY, INC.",Joanne C. Crevoiserat,0.3610411463611836,719886.0,199391678.0,medium,,,,,https://www.sec.gov/Archives/edgar/data/1116132/000122520826007323/doc4.xml,https://www.sec.gov/Archives/edgar/data/1116132/000111613226000018/,0
DKS,1089063,"DICK'S SPORTING GOODS, INC.",Lauren R. Hobart,0.3595015412803326,321763.0,89502537.0,low,,"class(es) counted from the person's filings but absent from the cover page: Common Stock, par value $0.01 per share; the denominator may not include them",,,https://www.sec.gov/Archives/edgar/data/1089063/000151174926000008/wk-form4_1780345028.xml,https://www.sec.gov/Archives/edgar/data/1089063/000108906326000027/,0
VFC,103379,V F CORP,Bracken Darrell,0.35664856743582735,1402108.812,393134570.0,medium,,,,,https://www.sec.gov/Archives/edgar/data/103379/000010337926000117/form4.xml,https://www.sec.gov/Archives/edgar/data/103379/000010337926000114/,0
AAP,1158449,ADVANCE AUTO PARTS INC,Shane M. O'Kelly,0.3554751655629139,214707.0,60400000.0,high,,,,,https://www.sec.gov/Archives/edgar/data/1158449/000119312526110753/ownership.xml,https://www.sec.gov/Archives/edgar/data/1158449/000119312526359176/,0
RITM,1556593,Rithm Capital Corp.,Michael Nierenberg,0.3549992908309208,1982341.0,558407031.0,medium,,,,,https://www.sec.gov/Archives/edgar/data/1556593/000159171926000009/wk-form4_1785885150.xml,https://www.sec.gov/Archives/edgar/data/1556593/000155659326000029/,0
AVTX,1534120,"Avalo Therapeutics, Inc.",Garry Neil,0.3548648872555241,190314.0,53629989.0,high,,,,,https://www.sec.gov/Archives/edgar/data/1534120/000158678526000006/form4-05262026_040501.xml,https://www.sec.gov/Archives/edgar/data/1534120/000153412026000049/,0
NWE,1993004,"NorthWestern Energy Group, Inc.",Brian B. Bird,0.354445091952986,218047.0,61517850.0,medium,,,,,https://www.sec.gov/Archives/edgar/data/1993004/000127167026000006/wk-form4_1772485896.xml,https://www.sec.gov/Archives/edgar/data/1993004/000199300426000050/,0
LIF,1581760,"Life360, Inc.",Lauren Antonoff,0.3542583367534823,288651.0,81480369.0,high,,,,,https://www.sec.gov/Archives/edgar/data/1581760/000158176026000108/wk-form4_1781131232.xml,https://www.sec.gov/Archives/edgar/data/1581760/000158176026000141/,0
AR,1433270,ANTERO RESOURCES Corp,Michael N. Kennedy,0.3529779891295509,1085192.0,307439000.0,medium,,,,,https://www.sec.gov/Archives/edgar/data/1433270/000110465926055126/tm2613563-1_4seq1.xml,https://www.sec.gov/Archives/edgar/data/1433270/000110465926088153/,0
BLCO,1860742,Bausch & Lomb Corp,Brenton L. Saunders,0.3516683143353763,1256037.0,357165246.0,high,,,,,https://www.sec.gov/Archives/edgar/data/1860742/000186074226000089/form4.xml,https://www.sec.gov/Archives/edgar/data/1860742/000186074226000088/,0
CADL,1841387,"Candel Therapeutics, Inc.",Paul Peter Tak,0.35098149057029493,268566.0,76518565.0,high,,,,,https://www.sec.gov/Archives/edgar/data/1841387/000119312526027396/ownership.xml,https://www.sec.gov/Archives/edgar/data/1841387/000119312526347980/,0
INSW,1679049,"International Seaways, Inc.",Lois K. Zabrocky,0.35077811689660304,173745.0,49531311.0,medium,,,,,https://www.sec.gov/Archives/edgar/data/1679049/000167904926000159/form4.xml,https://www.sec.gov/Archives/edgar/data/1679049/000110465926093061/,0
NGVT,1653477,Ingevity Corp,David H. Li,0.3506436485602591,120544.0,34377922.0,medium,,,,,https://www.sec.gov/Archives/edgar/data/1653477/000143688026000008/wk-form4_1787087642.xml,https://www.sec.gov/Archives/edgar/data/1653477/000165347726000047/,0
LNG,3570,"Cheniere Energy, Inc.",Jack A. Fusco,0.350577360670771,724062.0,206534158.0,high,,,,,https://www.sec.gov/Archives/edgar/data/3570/000142578526000003/wk-form4_1771017113.xml,https://www.sec.gov/Archives/edgar/data/3570/000000357026000028/,0
OGE,1021635,OGE ENERGY CORP.,Sean Trauschke,0.3504785355538493,723297.698,206374321.0,medium,,,,,https://www.sec.gov/Archives/edgar/data/1021635/000146258426000001/primarydocument.xml,https://www.sec.gov/Archives/edgar/data/1021635/000102163526000012/,0
RELY,1782170,"Remitly Global, Inc.",Sebastian Gunningham,0.35044680313992854,741840.0,211684054.0,high,,,,,https://www.sec.gov/Archives/edgar/data/1782170/000178217026000081/wk-form4_1787781786.xml,https://www.sec.gov/Archives/edgar/data/1782170/000162828026053424/,0
PHM,822416,PULTEGROUP INC/MI/,Ryan R. Marshall,0.35034001353089156,656721.254,187452540.0,high,,,,,https://www.sec.gov/Archives/edgar/data/822416/000155066726000003/wk-form4_1770412741.xml,https://www.sec.gov/Archives/edgar/data/822416/000082241626000036/,0
U,1810806,Unity Software Inc.,Matthew Bromberg,0.3501862656473572,1541131.0,440088933.0,medium,,,,,https://www.sec.gov/Archives/edgar/data/1810806/000168097926000008/wk-form4_1787790243.xml,https://www.sec.gov/Archives/edgar/data/1810806/000181080626000043/,0
WGS,1818331,GeneDx Holdings Corp.,Katherine Stueland,0.34997688493411744,104372.0,29822541.0,medium,,,,,https://www.sec.gov/Archives/edgar/data/1818331/000168957526000028/form4-06182026_080658.xml,https://www.sec.gov/Archives/edgar/data/1818331/000162828026051878/,0
HHH,1981792,Howard Hughes Holdings Inc.,David R. O'Reilly,0.3484216181380376,208081.0,59721036.0,medium,,,,,https://www.sec.gov/Archives/edgar/data/1981792/000110465926012172/tm265548-5_4seq1.xml,https://www.sec.gov/Archives/edgar/data/1981792/000162828026053324/,0
SLVM,1856485,Sylvamo Corp,John V. Sims,0.34778267879298425,138279.2382,39760243.0,high,,,,,https://www.sec.gov/Archives/edgar/data/1856485/000167708926000005/primarydocument.xml,https://www.sec.gov/Archives/edgar/data/1856485/000185648526000034/,0
RYTM,1649904,"RHYTHM PHARMACEUTICALS, INC.",David P. Meeker,0.34714418657666735,239016.0,68852082.0,medium,,,,,https://www.sec.gov/Archives/edgar/data/1649904/000110465926015403/tm266366-6_4seq1.xml,https://www.sec.gov/Archives/edgar/data/1649904/000162828026052533/,0
BBT,1108134,Beacon Financial Corp,Paul A. Perrault,0.3461734063792957,290149.0,83816086.0,medium,,,,,https://www.sec.gov/Archives/edgar/data/1108134/000162828026045246/wk-form4_1782334234.xml,https://www.sec.gov/Archives/edgar/data/1108134/000162828026054720/,0
EQT,33213,EQT Corp,Toby Z. Rice,0.3449735898042576,2157865.0,625516000.0,high,,,,,https://www.sec.gov/Archives/edgar/data/33213/000159738526000015/form4-08182026_040801.xml,https://www.sec.gov/Archives/edgar/data/33213/000003321326000043/,0
CNM,1856525,"Core & Main, Inc.",Mark R. Witkowski,0.3448578334537817,667369.0,193520035.0,low,,"1 line(s) only ever footnoted, so missing from the total",,,https://www.sec.gov/Archives/edgar/data/1856525/000185652526000023/wk-form4_1773444243.xml,https://www.sec.gov/Archives/edgar/data/1856525/000185652526000054/,0
NVST,1757073,Envista Holdings Corp,Paul Keel,0.34323986030705994,551304.0,160617709.0,high,,,,,https://www.sec.gov/Archives/edgar/data/1757073/000162633726000010/wk-form4_1787256919.xml,https://www.sec.gov/Archives/edgar/data/1757073/000175707326000066/,0
CBSH,22356,COMMERCE BANCSHARES INC /MO/,John W. Kemper,0.3420571358820194,490620.0,143432178.0,medium,,,,,https://www.sec.gov/Archives/edgar/data/22356/000002235626000185/form4.xml,https://www.sec.gov/Archives/edgar/data/22356/000002235626000190/,0
ALL,899051,ALLSTATE CORP,Thomas J. Wilson,0.34071315653709916,861520.303,252857950.0,medium,,,,,https://www.sec.gov/Archives/edgar/data/899051/000089905126000077/form4.xml,https://www.sec.gov/Archives/edgar/data/899051/000089905126000118/,0
ARE,1035443,"ALEXANDRIA REAL ESTATE EQUITIES, INC.",Joel S. Marcus,0.3401619890595892,592724.0,174247570.0,medium,,,,,https://www.sec.gov/Archives/edgar/data/1035443/000121695526000019/wk-form4_1787171829.xml,https://www.sec.gov/Archives/edgar/data/1035443/000103544326000066/,0
PRVA,1759655,"Privia Health Group, Inc.",Parth Mehrotra,0.34004751757686963,434357.0,127734207.0,medium,,,,,https://www.sec.gov/Archives/edgar/data/1759655/000175965526000030/wk-form4_1778715628.xml,https://www.sec.gov/Archives/edgar/data/1759655/000175965526000064/,0
LRN,1157408,"Stride, Inc.",Robert E. Knowling,0.33816536130007224,140541.0,41559845.0,medium,,,,,https://www.sec.gov/Archives/edgar/data/1157408/000120763226000002/form4-08112026_090803.xml,https://www.sec.gov/Archives/edgar/data/1157408/000110465926090515/,0
BANC,1169770,"BANC OF CALIFORNIA, INC.",Jared M. Wolff,0.3379583489714048,533807.0,157950529.0,medium,,,,,https://www.sec.gov/Archives/edgar/data/1169770/000120027726000004/primarydocument.xml,https://www.sec.gov/Archives/edgar/data/1169770/000162828026054876/,0
DECK,910521,DECKERS OUTDOOR CORP,Stefano Caroti,0.3379039049937218,460949.0,136414227.0,medium,,,,,https://www.sec.gov/Archives/edgar/data/910521/000159396826000170/primary_01.xml,https://www.sec.gov/Archives/edgar/data/910521/000091052126000022/,0
WHR,106640,WHIRLPOOL CORP /DE/,Marc R. Bitzer,0.33545065261205403,218711.739,65199378.0,medium,,,,,https://www.sec.gov/Archives/edgar/data/106640/000134856826000008/wk-form4_1787171860.xml,https://www.sec.gov/Archives/edgar/data/106640/000010664026000061/,0
PINS,1506293,"PINTEREST, INC.",William Ready,0.3345916321292747,1894836.0,566313027.0,medium,,,,,https://www.sec.gov/Archives/edgar/data/1506293/000164357326000008/wk-form4_1784751205.xml,https://www.sec.gov/Archives/edgar/data/1506293/000150629326000104/,0
PCOR,1611052,"PROCORE TECHNOLOGIES, INC.",Ajei S. Gopal,0.3345364543889863,508346.0,151955338.0,high,,,,,https://www.sec.gov/Archives/edgar/data/1611052/000162828026058757/wk-form4_1787620954.xml,https://www.sec.gov/Archives/edgar/data/1611052/000162828026051460/,0
DORM,868780,"Dorman Products, Inc.",Kevin M. Olsen,0.33406895957482674,99137.0283,29675618.0,medium,,,,,https://www.sec.gov/Archives/edgar/data/868780/000162828026015196/wk-form4_1772745263.xml,https://www.sec.gov/Archives/edgar/data/868780/000086878026000039/,0
CAR,723612,"AVIS BUDGET GROUP, INC.",Brian J. Choi,0.3337564995781831,117902.0,35325754.0,medium,,,,,https://www.sec.gov/Archives/edgar/data/723612/000166522726000007/wk-form4_1773954500.xml,https://www.sec.gov/Archives/edgar/data/723612/000072361226000039/,0
CUZ,25232,COUSINS PROPERTIES INC,M. Colin Connolly,0.33293933663939973,548025.0,164602058.0,high,,,,,https://www.sec.gov/Archives/edgar/data/25232/000157849226000005/primarydocument.xml,https://www.sec.gov/Archives/edgar/data/25232/000002523226000063/,0
TRGP,1389170,Targa Resources Corp.,Matthew J. Meloy,0.3321772179595227,712291.0,214431021.0,medium,,,,,https://www.sec.gov/Archives/edgar/data/1389170/000119312526226937/ownership.xml,https://www.sec.gov/Archives/edgar/data/1389170/000119312526337729/,0
HAYW,1834622,"Hayward Holdings, Inc.",Kevin Holleran,0.3309142858861564,701934.0,212119582.0,medium,,,,,https://www.sec.gov/Archives/edgar/data/1834622/000185102126000020/wk-form4_1785874493.xml,https://www.sec.gov/Archives/edgar/data/1834622/000183462226000047/,0
SW,2005951,Smurfit Westrock plc,Anthony Smurfit,0.3297297360366194,1729508.0,524522908.0,high,,,,,https://www.sec.gov/Archives/edgar/data/2005951/000162828026057599/wk-form4_1787067990.xml,https://www.sec.gov/Archives/edgar/data/2005951/000162828026051195/,0
VSH,103730,VISHAY INTERTECHNOLOGY INC,Joel Smejkal,0.3295421470113995,505449.0,153379167.0,high,,,,,https://www.sec.gov/Archives/edgar/data/103730/000119248226000092/form4.xml,https://www.sec.gov/Archives/edgar/data/103730/000010373026000065/,0
UCTT,1275014,"Ultra Clean Holdings, Inc.",James Xiao,0.3293568577567225,149123.0,45277029.0,medium,,,,,https://www.sec.gov/Archives/edgar/data/1275014/000095010326007861/ownership.xml,https://www.sec.gov/Archives/edgar/data/1275014/000162828026052540/,0
CHCO,726854,CITY HOLDING CO,Charles R. Hageboeck,0.32845678297719644,46132.2807,14045160.0,medium,,,,,https://www.sec.gov/Archives/edgar/data/726854/000072685426000162/wk-form4_1785508199.xml,https://www.sec.gov/Archives/edgar/data/726854/000072685426000164/,0
CHRD,1486159,Chord Energy Corp,Daniel E. Brown,0.326628794626599,178659.0,54697872.0,high,,,,,https://www.sec.gov/Archives/edgar/data/1486159/000170595226000011/wk-form4_1787610571.xml,https://www.sec.gov/Archives/edgar/data/1486159/000148615926000032/,0
VERA,1831828,"Vera Therapeutics, Inc.",Marshall Fordyce,0.326440623376645,235244.0,72063335.0,medium,,,,,https://www.sec.gov/Archives/edgar/data/1831828/000185945326000013/form4a-08122026_100831.xml,https://www.sec.gov/Archives/edgar/data/1831828/000119312526342380/,0
L,60086,LOEWS CORP,Benjamin J. Tisch,0.3263279559151763,667104.8,204427720.0,medium,,,,,https://www.sec.gov/Archives/edgar/data/60086/000173890326000004/wk-form4_1778532919.xml,https://www.sec.gov/Archives/edgar/data/60086/000006008626000047/,0
RMD,943819,RESMED INC,Michael J. Farrell,0.32467141287848805,468346.0,144252306.0,medium,,,,,https://www.sec.gov/Archives/edgar/data/943819/000094381926000043/form4.xml,https://www.sec.gov/Archives/edgar/data/943819/000094381926000047/,0
RDW,1819810,Redwire Corp,Peter Cannito,0.3240079789718903,809996.0,249992609.0,medium,,,,,https://www.sec.gov/Archives/edgar/data/1819810/000181981026000117/wk-form4_1784234877.xml,https://www.sec.gov/Archives/edgar/data/1819810/000181981026000124/,0
GPRE,1309402,Green Plains Inc.,Chris G. Osowski,0.3229901427952516,226401.0,70095328.0,high,,,,,https://www.sec.gov/Archives/edgar/data/1309402/000162828026058242/wk-form4_1787256462.xml,https://www.sec.gov/Archives/edgar/data/1309402/000162828026054377/,0
BHRB,1964333,Burke & Herbert Financial Services Corp.,David P. Boyle,0.3229003489517256,65184.0,20187033.0,medium,,,,,https://www.sec.gov/Archives/edgar/data/1964333/000120272226000010/wk-form4_1785330499.xml,https://www.sec.gov/Archives/edgar/data/1964333/000196433326000095/,0
DMLP,1172358,"DORCHESTER MINERALS, L.P.",Bradley Ehrman,0.3216754345281765,157915.0,49091408.0,high,,,,,https://www.sec.gov/Archives/edgar/data/1172358/000143774926016382/rdgdoc.xml,https://www.sec.gov/Archives/edgar/data/1172358/000143774926026367/,0
CZR,1590895,"Caesars Entertainment, Inc.",Thomas R. Reeg,0.32118240977883156,654314.0,203720372.0,medium,,,,,https://www.sec.gov/Archives/edgar/data/1590895/000141595926000010/wk-form4_1771536048.xml,https://www.sec.gov/Archives/edgar/data/1590895/000159089526000028/,0
AVAV,1368622,AeroVironment Inc,Wahid Nawabi,0.32050249733095715,162200.0,50608030.0,medium,,,,,https://www.sec.gov/Archives/edgar/data/1368622/000153801226000008/form4-07152026_050701.xml,https://www.sec.gov/Archives/edgar/data/1368622/000110465926078906/,0
ZYME,1937653,Zymeworks Inc.,Kenneth Galbraith,0.31967929307473847,226842.0,70959241.0,high,,,,,https://www.sec.gov/Archives/edgar/data/1937653/000119312526010790/ownership.xml,https://www.sec.gov/Archives/edgar/data/1937653/000193765326000047/,0
CXW,1070985,"CoreCivic, Inc.",Patrick D. Swindle,0.3195943466005128,316058.0,98893489.0,high,,,,,https://www.sec.gov/Archives/edgar/data/1070985/000119312526067354/ownership.xml,https://www.sec.gov/Archives/edgar/data/1070985/000119312526337295/,0
UFCS,101199,UNITED FIRE GROUP INC,Kevin J. Leidwinger,0.3192476113712744,82064.0,25705439.0,medium,,,,,https://www.sec.gov/Archives/edgar/data/101199/000164969526000004/primarydocument.xml,https://www.sec.gov/Archives/edgar/data/101199/000010119926000052/,0
RMBS,917273,RAMBUS INC,Luc Seraphin,0.3187920798109539,345767.0,108461603.0,medium,,,,,https://www.sec.gov/Archives/edgar/data/917273/000119312526142587/ownership.xml,https://www.sec.gov/Archives/edgar/data/917273/000119312526321000/,0
XMTR,1657573,"Xometry, Inc.",Sanjeev Singh Sahni,0.31819893711091596,182403.0,57323573.0,high,,,,,https://www.sec.gov/Archives/edgar/data/1657573/000205103426000007/primarydocument.xml,https://www.sec.gov/Archives/edgar/data/1657573/000119312526332776/,0
MQ,1522540,"Marqeta, Inc.",Michael (Mike) Milotich,0.3176740673195244,330695.0,104098834.0,medium,,,,,https://www.sec.gov/Archives/edgar/data/1522540/000191303826000010/wk-form4_1783027963.xml,https://www.sec.gov/Archives/edgar/data/1522540/000152254026000063/,0
AM,1623925,Antero Midstream Corp,Michael N. Kennedy,0.3161314923505395,1500594.0,474674000.0,high,,,,,https://www.sec.gov/Archives/edgar/data/1623925/000110465926055123/tm2613566-1_4seq1.xml,https://www.sec.gov/Archives/edgar/data/1623925/000110465926088150/,0
MMED,2062583,"MiniMed Group, Inc.",Que Dallara,0.31503348429617284,884749.0,280842845.0,high,,,,,https://www.sec.gov/Archives/edgar/data/2062583/000175665226000004/wk-form4_1785879529.xml,https://www.sec.gov/Archives/edgar/data/2062583/000162828026045915/,0
SMA,1585389,"SmartStop Self Storage REIT, Inc.",H. Michael Schwartz,0.31492406486724145,174370.0,55368903.0,medium,,,,,https://www.sec.gov/Archives/edgar/data/1585389/000146221626000001/primary_doc.xml,https://www.sec.gov/Archives/edgar/data/1585389/000158538926000014/,0
KMT,55242,KENNAMETAL INC,Sanjay Chowbey,0.31467128114029064,239839.373,76219022.0,medium,,,,,https://www.sec.gov/Archives/edgar/data/55242/000178243526000002/primary_doc.xml,https://www.sec.gov/Archives/edgar/data/55242/000162828026056143/,0
ACM,868857,AECOM,Troy Rudd,0.31348136515835623,403439.31,128696425.0,medium,,,,,https://www.sec.gov/Archives/edgar/data/868857/000165381126000002/wk-form4_1778788962.xml,https://www.sec.gov/Archives/edgar/data/868857/000086885726000021/,0
BXMT,1061630,"BLACKSTONE MORTGAGE TRUST, INC.",Timothy S. Johnson,0.31321274031713253,527900.0,168543591.0,high,,,,,https://www.sec.gov/Archives/edgar/data/1061630/000197830025000004/wk-form4_1766015463.xml,https://www.sec.gov/Archives/edgar/data/1061630/000106163026000069/,0
SNDK,2023554,Sandisk Corp,David V. Goeckeler,0.3126561422174981,457788.0,146419001.0,medium,,,,,https://www.sec.gov/Archives/edgar/data/2023554/000136324926000071/edgardoc.xml,https://www.sec.gov/Archives/edgar/data/2023554/000162828026057406/,0
EGP,49600,EASTGROUP PROPERTIES INC,Marshall A. Loeb,0.3117419741839619,167634.0,53773317.0,high,,,,,https://www.sec.gov/Archives/edgar/data/49600/000119966926000001/wk-form4_1772227717.xml,https://www.sec.gov/Archives/edgar/data/49600/000004960026000041/,0
BTU,1064728,PEABODY ENERGY CORP,James C. Grech,0.3115036915504512,379723.0,121900000.0,high,,,,,https://www.sec.gov/Archives/edgar/data/1064728/000157038226000008/wk-form4_1781121827.xml,https://www.sec.gov/Archives/edgar/data/1064728/000106472826000050/,0
KGS,1767042,"Kodiak Gas Services, Inc.",Robert M. McKee,0.3113318004106087,314769.0,101104031.0,medium,,,,,https://www.sec.gov/Archives/edgar/data/1767042/000119312526359195/ownership.xml,https://www.sec.gov/Archives/edgar/data/1767042/000176704226000055/,0
ASO,1817358,"Academy Sports & Outdoors, Inc.",Steven Lawrence,0.31075308314692757,192724.0,62018371.0,high,,,,,https://www.sec.gov/Archives/edgar/data/1817358/000181735826000109/wk-form4_1781038317.xml,https://www.sec.gov/Archives/edgar/data/1817358/000181735826000113/,0
DPC,2107018,DPC Holdings PLC,Michael Joseph Quinn,0.3098203733968394,462850.0,149393016.0,medium,,,,,https://www.sec.gov/Archives/edgar/data/2107018/000110465926078258/tm2619058-8_4seq1.xml,https://www.sec.gov/Archives/edgar/data/2107018/000110465926093772/,0
MGM,789570,MGM Resorts International,William J. Hornbuckle,0.30917185866829966,777854.0,251592756.0,medium,,,,,https://www.sec.gov/Archives/edgar/data/789570/000078957026000021/form4.xml,https://www.sec.gov/Archives/edgar/data/789570/000078957026000076/,0
AGIO,1439222,"AGIOS PHARMACEUTICALS, INC.",Brian Goff,0.3090488839196057,184508.0,59701882.0,high,,,,,https://www.sec.gov/Archives/edgar/data/1439222/000143922226000089/wk-form4_1782249456.xml,https://www.sec.gov/Archives/edgar/data/1439222/000143922226000118/,0
HWC,750577,HANCOCK WHITNEY CORP,John M. Hairston,0.307810452949824,246934.9582,80223058.0,medium,,,,,https://www.sec.gov/Archives/edgar/data/750577/000075057726000028/form4.xml,https://www.sec.gov/Archives/edgar/data/750577/000119312526338672/,0
KBH,795266,KB HOME,Robert V. McGibney,0.30778965452268847,188705.0,61309728.0,medium,,,,,https://www.sec.gov/Archives/edgar/data/795266/000187145326000007/wk-form4_1784150266.xml,https://www.sec.gov/Archives/edgar/data/795266/000079526626000063/,0
IVT,1307748,InvenTrust Properties Corp.,Daniel J. Busch,0.3073054906683106,239632.0,77978431.0,medium,,,,,https://www.sec.gov/Archives/edgar/data/1307748/000130774826000178/wk-form4_1785184907.xml,https://www.sec.gov/Archives/edgar/data/1307748/000130774826000194/,0
CTOS,1709682,"Custom Truck One Source, Inc.",Ryan McMonagle,0.3059195900442598,695984.0,227505535.0,high,,,,,https://www.sec.gov/Archives/edgar/data/1709682/000121390026040063/ownership.xml,https://www.sec.gov/Archives/edgar/data/1709682/000170968226000040/,0
TALO,1724965,TALOS ENERGY INC.,Paul Goodfellow,0.30442522402296984,508285.0,166965468.0,high,,,,,https://www.sec.gov/Archives/edgar/data/1724965/000119312526104389/ownership.xml,https://www.sec.gov/Archives/edgar/data/1724965/000119312526333290/,0
G,1398659,Genpact LTD,Balkrishan Kalra,0.30417222825084866,511114.0,168034407.0,high,,,,,https://www.sec.gov/Archives/edgar/data/1398659/000176821726000009/wk-form4_1773345874.xml,https://www.sec.gov/Archives/edgar/data/1398659/000139865926000014/,0
ZBRA,877212,ZEBRA TECHNOLOGIES CORP,William J. Burns,0.3038511827989717,143754.0,47310660.0,medium,,,,,https://www.sec.gov/Archives/edgar/data/877212/000162828026030811/wk-form4_1778021475.xml,https://www.sec.gov/Archives/edgar/data/877212/000162828026052550/,0
BFAM,1437578,BRIGHT HORIZONS FAMILY SOLUTIONS INC.,Stephen H. Kramer,0.3032776230502179,147500.0,48635306.0,high,,,,,https://www.sec.gov/Archives/edgar/data/1437578/000159599726000002/primarydocument.xml,https://www.sec.gov/Archives/edgar/data/1437578/000143757826000020/,0
HGTY,1840776,"Hagerty, Inc.",McKeel O Hagerty,0.30199985723293893,1037740.0,343622679.0,low,,"1 line(s) only ever footnoted, so missing from the total",,,https://www.sec.gov/Archives/edgar/data/1840776/000162828026023590/wk-form4_1775242093.xml,https://www.sec.gov/Archives/edgar/data/1840776/000184077626000031/,0
EFX,33185,EQUIFAX INC,Mark W. Begor,0.3016864397615843,354436.0,117484896.0,medium,,,,,https://www.sec.gov/Archives/edgar/data/33185/000122520826006748/doc4.xml,https://www.sec.gov/Archives/edgar/data/33185/000003318526000028/,0
MRP,2017206,"Millrose Properties, Inc.",Darren L. Richman,0.3011178814656325,500000.0,166047927.0,high,,,,,https://www.sec.gov/Archives/edgar/data/2017206/000119312526220813/ownership.xml,https://www.sec.gov/Archives/edgar/data/2017206/000119312526332732/,0
JLL,1037976,JONES LANG LASALLE INC,Christian Ulbrich,0.30085831496521354,138418.0,46007703.0,high,,,,,https://www.sec.gov/Archives/edgar/data/1037976/000103797626000164/form4.xml,https://www.sec.gov/Archives/edgar/data/1037976/000103797626000152/,0
BNL,1424182,"Broadstone Net Lease, Inc.",John D. Moragne,0.30045394419371413,576550.0,191892971.0,medium,,,,,https://www.sec.gov/Archives/edgar/data/1424182/000170974226000005/wk-form4_1773691886.xml,https://www.sec.gov/Archives/edgar/data/1424182/000142418226000068/,0
BRC,746598,BRADY CORP,Russell R. Shaller,0.3001753876176724,141421.0,47112790.0,low,,class(es) counted from the person's filings but absent from the cover page: Class A Common Stock; the denominator may not include them,,,https://www.sec.gov/Archives/edgar/data/746598/000164615925000012/wk-form4_1764173704.xml,https://www.sec.gov/Archives/edgar/data/746598/000074659826000020/,0
CLMT,2013745,"Calumet, Inc. /DE",Todd Borgmann,0.3000538099548166,263742.0,87898234.0,medium,,,,,https://www.sec.gov/Archives/edgar/data/2013745/000182374226000003/form4-04022026_080412.xml,https://www.sec.gov/Archives/edgar/data/2013745/000201374526000024/,0
CSTM,1563411,CONSTELLIUM SE,Ingrid Joerg,0.2999120593241259,406464.0,135527728.0,medium,,,,,https://www.sec.gov/Archives/edgar/data/1563411/000156341126000184/wk-form4_1783964012.xml,https://www.sec.gov/Archives/edgar/data/1563411/000156341126000192/,0
IONQ,1824920,"IonQ, Inc.",Niccolo de Masi,0.29909188425559013,1139547.0,381002314.0,high,,,,,https://www.sec.gov/Archives/edgar/data/1824920/000119312526270051/ownership.xml,https://www.sec.gov/Archives/edgar/data/1824920/000119312526341001/,0
SONO,1314727,Sonos Inc,Tom Conrad,0.2987734481397401,353431.0,118293979.0,high,,,,,https://www.sec.gov/Archives/edgar/data/1314727/000131472726000089/form4.xml,https://www.sec.gov/Archives/edgar/data/1314727/000131472726000086/,0
GRC,42682,GORMAN RUPP CO,Scott A. King,0.29835015149235844,78795.0,26410243.0,medium,,,,,https://www.sec.gov/Archives/edgar/data/42682/000119312526092695/ownership.xml,https://www.sec.gov/Archives/edgar/data/42682/000119312526317911/,0
BBAI,1836981,"BigBear.ai Holdings, Inc.",Kevin McAleenan,0.29791958424014686,1428508.0,479494493.0,high,,,,,https://www.sec.gov/Archives/edgar/data/1836981/000205279926000011/wk-form4_1783037184.xml,https://www.sec.gov/Archives/edgar/data/1836981/000183698126000064/,0
TRU,1552033,TransUnion,Christopher A. Cartwright,0.2978585594989562,570697.0,191600000.0,medium,,,,,https://www.sec.gov/Archives/edgar/data/1552033/000164576926000008/wk-form4_1779225196.xml,https://www.sec.gov/Archives/edgar/data/1552033/000155203326000047/,0
GD,40533,GENERAL DYNAMICS CORP,Phebe N. Novakovic,0.2965672167764749,802383.943,270557195.0,medium,,,,,https://www.sec.gov/Archives/edgar/data/40533/000119312526333260/ownership.xml,https://www.sec.gov/Archives/edgar/data/40533/000004053326000032/,0
AES,874761,AES CORP,Andrés Gluski,0.2962511295470502,2113570.0,713438630.0,medium,,,,,https://www.sec.gov/Archives/edgar/data/874761/000087476126000040/form4.xml,https://www.sec.gov/Archives/edgar/data/874761/000087476126000144/,0
BCPC,9326,BALCHEM CORP,Theodore L. Harris,0.29613689005349486,94402.58,31878021.0,medium,,,,,https://www.sec.gov/Archives/edgar/data/9326/000114036126005536/form4.xml,https://www.sec.gov/Archives/edgar/data/9326/000000932626000028/,0
VGNT,2078008,Versigent PLC,Joseph Liotine,0.29485878255696507,208864.0,70835265.0,medium,,,,,https://www.sec.gov/Archives/edgar/data/2078008/000119312526279414/ownership.xml,https://www.sec.gov/Archives/edgar/data/2078008/000207800826000018/,0
SUN,1552275,Sunoco LP,Joseph Kim,0.2938552863191076,601888.0,204824629.0,high,,,,,https://www.sec.gov/Archives/edgar/data/1552275/000119312525312982/ownership.xml,https://www.sec.gov/Archives/edgar/data/1552275/000155227526000061/,0
ITT,216228,ITT INC.,Luca Savi,0.2934608501118568,262354.0,89400000.0,high,,,,,https://www.sec.gov/Archives/edgar/data/216228/000119312526094651/ownership.xml,https://www.sec.gov/Archives/edgar/data/216228/000021622826000065/,0
XHR,1616000,"Xenia Hotels & Resorts, Inc.",Marcel Verbaas,0.2924749935864313,269796.0,92245835.0,medium,,,,,https://www.sec.gov/Archives/edgar/data/1616000/000162828026012423/wk-form4_1772144572.xml,https://www.sec.gov/Archives/edgar/data/1616000/000162828026051092/,0
FUN,1999001,Six Flags Entertainment Corporation/NEW,John Reilly,0.2909956332280624,297736.0,102316312.0,high,,,,,https://www.sec.gov/Archives/edgar/data/1999001/000167135626000005/wk-form4_1786567427.xml,https://www.sec.gov/Archives/edgar/data/1999001/000199900126000096/,0
PECO,1476204,"Phillips Edison & Company, Inc.",Jeffrey S. Edison,0.2904879564879565,373858.0,128700000.0,medium,,,,,https://www.sec.gov/Archives/edgar/data/1476204/000154837726000006/wk-form4_1772573444.xml,https://www.sec.gov/Archives/edgar/data/1476204/000147620426000032/,0
SFM,1575515,"Sprouts Farmers Market, Inc.",Jack L. Sinclair,0.28953016229635875,269980.0,93247625.0,high,,,,,https://www.sec.gov/Archives/edgar/data/1575515/000171912126000014/wk-form4_1785972965.xml,https://www.sec.gov/Archives/edgar/data/1575515/000157551526000037/,0
FTDR,1727263,"Frontdoor, Inc.",William C. Cobb,0.289338663855286,199335.0,68893316.0,high,,,,,https://www.sec.gov/Archives/edgar/data/1727263/000119312526137935/ownership.xml,https://www.sec.gov/Archives/edgar/data/1727263/000172726326000014/,0
TRMK,36146,TRUSTMARK CORP,Duane A. Dewey,0.28865392537773477,167623.0,58070577.0,medium,,,,,https://www.sec.gov/Archives/edgar/data/36146/000003614626000041/form4.xml,https://www.sec.gov/Archives/edgar/data/36146/000119312526335156/,0
MUR,717423,MURPHY OIL CORP,Eric M. Hambly,0.2885170555050394,413679.0,143381125.0,high,,,,,https://www.sec.gov/Archives/edgar/data/717423/000071742326000030/form4.xml,https://www.sec.gov/Archives/edgar/data/717423/000162828026053437/,0
TEX,97216,TEREX CORP,Simon A. Meester,0.2872878390201225,328370.0,114300000.0,medium,,,,,https://www.sec.gov/Archives/edgar/data/97216/000187616626000006/wk-form4_1774361283.xml,https://www.sec.gov/Archives/edgar/data/97216/000009721626000116/,0
EXP,918646,EAGLE MATERIALS INC,Michael R. Haack,0.2867288284639201,87955.0,30675325.0,high,,,,,https://www.sec.gov/Archives/edgar/data/918646/000119312526312493/ownership.xml,https://www.sec.gov/Archives/edgar/data/918646/000119312526323823/,0
AGX,100591,ARGAN INC,David H. Watson,0.28535769431838953,40005.0,14019247.0,medium,,,,,https://www.sec.gov/Archives/edgar/data/100591/000148244226000012/form4-06162026_040603.xml,https://www.sec.gov/Archives/edgar/data/100591/000110465926070536/,0
ALGM,866291,"ALLEGRO MICROSYSTEMS, INC.",Michael Doogue,0.2853364603090247,531873.0,186402046.0,medium,,,,,https://www.sec.gov/Archives/edgar/data/866291/000119312526231155/ownership.xml,https://www.sec.gov/Archives/edgar/data/866291/000119312526327128/,0
J,52988,JACOBS SOLUTIONS INC.,Bob Pragada,0.28516657635316606,333755.0,117038611.0,medium,,,,,https://www.sec.gov/Archives/edgar/data/52988/000145692126000002/form4-05182026_060501.xml,https://www.sec.gov/Archives/edgar/data/52988/000162828026052573/,0
PNTG,1766400,"Pennant Group, Inc.",Brent J. Guerisoli,0.2849889464576129,99544.0,34929074.0,medium,,,,,https://www.sec.gov/Archives/edgar/data/1766400/000183836026000007/wk-form4_1786391342.xml,https://www.sec.gov/Archives/edgar/data/1766400/000176640026000065/,0
INGM,1897762,Ingram Micro Holding Corp,Paul Bay,0.28443188433925354,656076.0,230661904.0,high,,,,,https://www.sec.gov/Archives/edgar/data/1897762/000156249526000002/form4-03052026_090340.xml,https://www.sec.gov/Archives/edgar/data/1897762/000162828026051053/,0
SVC,945394,Service Properties Trust,Christopher J. Bilotto,0.28300250094417795,366515.09,129509488.0,medium,,,,,https://www.sec.gov/Archives/edgar/data/945394/000110465926073650/tm2617881-6_4seq1.xml,https://www.sec.gov/Archives/edgar/data/945394/000094539426000049/,0
APAM,1517302,Artisan Partners Asset Management Inc.,Jason A. Gottlieb,0.28166335562481604,228352.0,81072669.0,medium,,,,,https://www.sec.gov/Archives/edgar/data/1517302/000151730226000057/form4.xml,https://www.sec.gov/Archives/edgar/data/1517302/000151730226000114/,0
EPRT,1728951,"ESSENTIAL PROPERTIES REALTY TRUST, INC.",Peter M. Mavoides,0.2808750924826475,607457.0,216273004.0,high,,,,,https://www.sec.gov/Archives/edgar/data/1728951/000154747526000017/wk-form4_1784148769.xml,https://www.sec.gov/Archives/edgar/data/1728951/000172895126000052/,0
ENS,1289308,EnerSys,Shawn M. O'Connell,0.28063599438617104,101212.0,36065224.0,medium,,,,,https://www.sec.gov/Archives/edgar/data/1289308/000143774926028398/rdgdoc.xml,https://www.sec.gov/Archives/edgar/data/1289308/000162828026056208/,0
SIGI,230557,SELECTIVE INSURANCE GROUP INC,JOHN J. MARCHIONI,0.28051111516354643,167098.0,59569119.0,medium,,,,,https://www.sec.gov/Archives/edgar/data/230557/000122520826001589/doc4.xml,https://www.sec.gov/Archives/edgar/data/230557/000023055726000020/,0
FFBC,708955,FIRST FINANCIAL BANCORP /OH/,Archie M. Brown,0.28041852542285367,294352.3537,104968940.0,medium,,,,,https://www.sec.gov/Archives/edgar/data/708955/000070895526000119/form4.xml,https://www.sec.gov/Archives/edgar/data/708955/000070895526000144/,0
UCB,857855,UNITED COMMUNITY BANKS INC,H. Lynn Harton,0.2793502756525926,336828.0,120575503.0,medium,,,,,https://www.sec.gov/Archives/edgar/data/857855/000125794126000007/wk-form4_1771534927.xml,https://www.sec.gov/Archives/edgar/data/857855/000085785526000076/,0
VECO,103145,VEECO INSTRUMENTS INC,William J. Miller,0.27739407593435855,169570.0,61129640.0,medium,,,,,https://www.sec.gov/Archives/edgar/data/103145/000149758226000021/form4-08192026_090827.xml,https://www.sec.gov/Archives/edgar/data/103145/000110465926091158/,0
AIZ,1267238,"ASSURANT, INC.",Keith W. Demmings,0.2770173312188422,136635.383,49323767.0,medium,,,,,https://www.sec.gov/Archives/edgar/data/1267238/000119312526114177/ownership.xml,https://www.sec.gov/Archives/edgar/data/1267238/000126723826000041/,0
EQH,1333986,"Equitable Holdings, Inc.",Mark Pearson,0.27643378094345555,754761.4078,273035157.0,medium,,,,,https://www.sec.gov/Archives/edgar/data/1333986/000162828026055783/wk-form4_1786481721.xml,https://www.sec.gov/Archives/edgar/data/1333986/000133398626000040/,0
BURL,1579298,"Burlington Stores, Inc.",Michael O'Sullivan,0.2757851822317832,173235.0,62815195.0,medium,,,,,https://www.sec.gov/Archives/edgar/data/1579298/000119312526206447/ownership.xml,https://www.sec.gov/Archives/edgar/data/1579298/000119312526371311/,0
CYTK,1061983,CYTOKINETICS INC,Robert I. Blum,0.27476378116383243,381986.0,139023418.0,medium,,,,,https://www.sec.gov/Archives/edgar/data/1061983/000106198326000089/form4.xml,https://www.sec.gov/Archives/edgar/data/1061983/000119312526338217/,0
MGNI,1595974,"MAGNITE, INC.",Michael Barrett,0.27378233082450676,392670.0,143424157.0,medium,,,,,https://www.sec.gov/Archives/edgar/data/1595974/000110061226000011/wk-form4_1787084342.xml,https://www.sec.gov/Archives/edgar/data/1595974/000162828026053343/,0
AKR,899629,ACADIA REALTY TRUST,Kenneth F. Bernstein,0.27349053781953,375592.0,137332722.0,medium,,,,,https://www.sec.gov/Archives/edgar/data/899629/000119312526061379/ownership.xml,https://www.sec.gov/Archives/edgar/data/899629/000119312526323776/,0
LB,1995807,LandBridge Co LLC,Jason Long,0.27304647473376675,210479.0,77085412.0,high,,,,,https://www.sec.gov/Archives/edgar/data/1995807/000119312526338548/ownership.xml,https://www.sec.gov/Archives/edgar/data/1995807/000119312526335650/,0
AMC,1411579,"AMC ENTERTAINMENT HOLDINGS, INC.",Adam M. Aron,0.27302345251761956,2437020.0,892604638.0,medium,,,,,https://www.sec.gov/Archives/edgar/data/1411579/000141157926000052/primary_doc.xml,https://www.sec.gov/Archives/edgar/data/1411579/000141157926000059/,0
EXPO,851520,EXPONENT INC,Catherine Ford Corrigan,0.2715428677575213,129108.0,47546084.0,medium,,,,,https://www.sec.gov/Archives/edgar/data/851520/000085152026000096/edgardoc.xml,https://www.sec.gov/Archives/edgar/data/851520/000119312526340211/,0
EHC,785161,Encompass Health Corp,Mark J. Tarr,0.2714696537931228,267814.0,98653384.0,medium,,,,,https://www.sec.gov/Archives/edgar/data/785161/000078516126000191/wk-form4_1786474034.xml,https://www.sec.gov/Archives/edgar/data/785161/000078516126000186/,0
NHI,877860,NATIONAL HEALTH INVESTORS INC,D. Eric Mendelsohn,0.27146166128362864,133316.0,49110434.0,medium,,,,,https://www.sec.gov/Archives/edgar/data/877860/000087786026000154/form4.xml,https://www.sec.gov/Archives/edgar/data/877860/000087786026000199/,0
WBD,1437107,"Warner Bros. Discovery, Inc.",David M. Zaslav,0.2711564509449642,6807934.0,2510703314.0,high,,,,,https://www.sec.gov/Archives/edgar/data/1437107/000131828526000017/wk-form4_1786757846.xml,https://www.sec.gov/Archives/edgar/data/1437107/000143710726000075/,0
TROW,1113169,PRICE T ROWE GROUP INC,Robert W. Sharps,0.2710821771096709,578261.2503,213315850.0,high,,,,,https://www.sec.gov/Archives/edgar/data/1113169/000169371326000001/primarydocument.xml,https://www.sec.gov/Archives/edgar/data/1113169/000162828026051335/,0
NTRS,73124,NORTHERN TRUST CORP,Michael G. O'Grady,0.2708044172868493,495451.98999999993,182955653.0,medium,,,,,https://www.sec.gov/Archives/edgar/data/73124/000152774226000011/wk-form4_1772669456.xml,https://www.sec.gov/Archives/edgar/data/73124/000007312426000047/,0
ON,1097864,ON SEMICONDUCTOR CORP,Hassane El-Khoury,0.2707658010635647,1054123.0,389311721.0,high,,,,,https://www.sec.gov/Archives/edgar/data/1097864/000122520826002512/doc4.xml,https://www.sec.gov/Archives/edgar/data/1097864/000109786426000017/,0
MH,1951070,"McGraw Hill, Inc.",Philip Moyer,0.2701224210192428,516768.0,191308814.0,medium,,,,,https://www.sec.gov/Archives/edgar/data/1951070/000119312526272606/ownership.xml,https://www.sec.gov/Archives/edgar/data/1951070/000195107026000039/,0
WING,1636222,Wingstop Inc.,Michael J. Skipworth,0.2694204866167795,73397.0,27242546.0,medium,,,,,https://www.sec.gov/Archives/edgar/data/1636222/000162828026016510/wk-form4_1773175467.xml,https://www.sec.gov/Archives/edgar/data/1636222/000162828026050580/,0
MDU,67716,MDU RESOURCES GROUP INC,Nicole A. Kivisto,0.2682917309755249,564350.1966,210349456.0,medium,,,,,https://www.sec.gov/Archives/edgar/data/67716/000122520826002186/doc4.xml,https://www.sec.gov/Archives/edgar/data/67716/000006771626000072/,0
QNT,2110105,Quantinuum Inc.,Rajeeb Hazra,0.2681922384306673,706172.0,263308142.0,medium,,,,,https://www.sec.gov/Archives/edgar/data/2110105/000162828026040983/wk-form3_1780615056.xml,https://www.sec.gov/Archives/edgar/data/2110105/000162828026056743/,0
RXO,1929561,"RXO, Inc.",Drew M. Wilkerson,0.2680594065726202,442100.0,164926128.0,medium,,,,,https://www.sec.gov/Archives/edgar/data/1929561/000095014226001456/es260781743_4-wilkerson.xml,https://www.sec.gov/Archives/edgar/data/1929561/000192956126000036/,0
CFG,759944,CITIZENS FINANCIAL GROUP INC/RI,Bruce Van Saun,0.26590093089365596,1119913.0,421176788.0,medium,,,,,https://www.sec.gov/Archives/edgar/data/759944/000075994426000143/wk-form4_1785270601.xml,https://www.sec.gov/Archives/edgar/data/759944/000075994426000148/,0
CRSP,1674416,CRISPR Therapeutics AG,Samarth Kulkarni,0.2642403451273594,255501.0,96692653.0,high,,,,,https://www.sec.gov/Archives/edgar/data/1674416/000119312526122272/ownership.xml,https://www.sec.gov/Archives/edgar/data/1674416/000119312526330672/,0
CPK,19745,CHESAPEAKE UTILITIES CORP,Jeffry M. Householder,0.26366381950394613,63560.0,24106455.0,medium,,,,,https://www.sec.gov/Archives/edgar/data/19745/000160802426000006/wk-form4_1779831644.xml,https://www.sec.gov/Archives/edgar/data/19745/000162828026054477/,0
UAL,100517,"United Airlines Holdings, Inc.",J. Scott Kirby,0.2631437778719264,854122.0,324583772.0,high,,,,,https://www.sec.gov/Archives/edgar/data/100517/000010051726000155/wk-form4_1785284894.xml,https://www.sec.gov/Archives/edgar/data/100517/000010051726000139/,0
JJSF,785956,J&J SNACK FOODS CORP,Dan Fachner,0.2625095227348738,49041.0,18681608.0,medium,,,,,https://www.sec.gov/Archives/edgar/data/785956/000143774926000404/rdgdoc.xml,https://www.sec.gov/Archives/edgar/data/785956/000143774926026302/,0
CMPS,1816590,COMPASS Pathways plc,Kabir Nath,0.2607136665802455,361028.0,138476822.0,medium,,,,,https://www.sec.gov/Archives/edgar/data/1816590/000194025826000011/wk-form4_1785961092.xml,https://www.sec.gov/Archives/edgar/data/1816590/000181659026000058/,0
FFIV,1048695,"F5, INC.",François Locoh-Donou,0.25957322050742343,146989.0,56627182.0,medium,,,,,https://www.sec.gov/Archives/edgar/data/1048695/000152662426000017/wk-form4_1786048664.xml,https://www.sec.gov/Archives/edgar/data/1048695/000104869526000067/,0
GT,42582,GOODYEAR TIRE & RUBBER CO /OH/,Mark W. Stewart,0.25934327040830335,746646.0,287898737.0,high,,,,,https://www.sec.gov/Archives/edgar/data/42582/000197567526000002/wk-form4_1779206867.xml,https://www.sec.gov/Archives/edgar/data/42582/000162828026054032/,0
BELFA,729580,BEL FUSE INC /NJ,Farouq Tuweiq,0.25896415722205485,37393.0,14439450.0,medium,,,,,https://www.sec.gov/Archives/edgar/data/729580/000143774926008641/rdgdoc.xml,https://www.sec.gov/Archives/edgar/data/729580/000143774926025619/,0
DLB,1308547,"Dolby Laboratories, Inc.",Kevin J. Yeaman,0.2585317332202256,242163.5592,93668795.0,medium,,,,,https://www.sec.gov/Archives/edgar/data/1308547/000119312526042838/ownership.xml,https://www.sec.gov/Archives/edgar/data/1308547/000130854726000013/,0
DTM,1842022,"DT Midstream, Inc.",David Slater,0.25777660832352045,262971.57,102015296.0,medium,,,,,https://www.sec.gov/Archives/edgar/data/1842022/000114036126006569/form4.xml,https://www.sec.gov/Archives/edgar/data/1842022/000184202226000009/,0
NPO,1164863,Enpro Inc.,Eric A. Vaillancourt,0.2563908630331306,54272.0,21167681.0,medium,,,,,https://www.sec.gov/Archives/edgar/data/1164863/000122520826002533/doc4.xml,https://www.sec.gov/Archives/edgar/data/1164863/000162828026052211/,0
DD,1666700,"DuPont de Nemours, Inc.",Lori D. Koch,0.2556016539919977,345172.07769999997,135042975.0,medium,,,,,https://www.sec.gov/Archives/edgar/data/1666700/000162828026040000/wk-form4_1780440841.xml,https://www.sec.gov/Archives/edgar/data/1666700/000166670026000053/,0
ACGL,947484,ARCH CAPITAL GROUP LTD.,Nicolas Papadopoulo,0.25542778549331685,871594.0,341229126.0,medium,,,,,https://www.sec.gov/Archives/edgar/data/947484/000134528426000005/wk-form4_1773347343.xml,https://www.sec.gov/Archives/edgar/data/947484/000094748426000124/,0
SYF,1601712,Synchrony Financial,Brian D. Doubles,0.25475116331875347,828886.0,325370840.0,high,,,,,https://www.sec.gov/Archives/edgar/data/1601712/000161471926000012/wk-form4_1787172611.xml,https://www.sec.gov/Archives/edgar/data/1601712/000160171226000033/,0
BLDR,1316835,"Builders FirstSource, Inc.",Peter M. Jackson,0.2531049883919505,272332.0,107596457.0,high,,,,,https://www.sec.gov/Archives/edgar/data/1316835/000119312526111429/ownership.xml,https://www.sec.gov/Archives/edgar/data/1316835/000119312526325451/,0
BOKF,875357,BOK FINANCIAL CORP,Stacy C. Kymes,0.2526154866598602,153506.51679999998,60766867.0,medium,,,,,https://www.sec.gov/Archives/edgar/data/875357/000128673726000002/primary_doc.xml,https://www.sec.gov/Archives/edgar/data/875357/000087535726000048/,0
MC,1596967,Moelis & Co,Navid Mahmoodzadegan,0.2524649967724159,197602.0,78269068.0,medium,,,,,https://www.sec.gov/Archives/edgar/data/1596967/000119312526047090/ownership.xml,https://www.sec.gov/Archives/edgar/data/1596967/000119312526324296/,0
APA,1841666,APA Corp,John J. Christmann IV,0.25238034395798664,884218.3459999999,350351510.0,medium,,,,,https://www.sec.gov/Archives/edgar/data/1841666/000127625826000010/wk-form4_1770066271.xml,https://www.sec.gov/Archives/edgar/data/1841666/000184166626000053/,0
ONB,707179,OLD NATIONAL BANCORP /IN/,James C. Ryan,0.25169197793867787,962898.0,382570000.0,medium,,,,,https://www.sec.gov/Archives/edgar/data/707179/000070717926000042/form4.xml,https://www.sec.gov/Archives/edgar/data/707179/000070717926000046/,0
WDFC,105132,WD 40 CO,Steven A. Brass,0.2515517361622329,33761.0,13421096.0,medium,,,,,https://www.sec.gov/Archives/edgar/data/105132/000010513225000086/form4.xml,https://www.sec.gov/Archives/edgar/data/105132/000010513226000061/,0
FLG,910073,"FLAGSTAR BANK, NATIONAL ASSOCIATION",Joseph Otting,0.25090748615088115,1041499.0,415092836.0,high,,,,,https://www.sec.gov/Archives/edgar/data/910073/000132310126000005/wk-form4_1779292210.xml,https://www.sec.gov/Archives/edgar/data/910073/000091007326000068/,0
VAC,1524358,MARRIOTT VACATIONS WORLDWIDE Corp,Matthew E. Avril,0.25074050772023637,86243.0,34395320.0,high,,,,,https://www.sec.gov/Archives/edgar/data/1524358/000144423826000010/wk-form4_1781208394.xml,https://www.sec.gov/Archives/edgar/data/1524358/000152435826000037/,0
NHP,1561032,"National Healthcare Properties, Inc.",Michael Anderson,0.2504559399747636,71160.0,28412183.0,medium,,,,,https://www.sec.gov/Archives/edgar/data/1561032/000184269226000002/wk-form4_1777942179.xml,https://www.sec.gov/Archives/edgar/data/1561032/000156103226000009/,0
BBY,764478,BEST BUY CO INC,Corie Barry,0.24993296568460113,526776.5287,210767126.0,medium,,,,,https://www.sec.gov/Archives/edgar/data/764478/000122520826003973/doc4.xml,https://www.sec.gov/Archives/edgar/data/764478/000076447826000022/,0
UDR,74208,"UDR, Inc.",Thomas W. Toomey,0.24943550503551765,810455.0,324915653.0,medium,,,,,https://www.sec.gov/Archives/edgar/data/74208/000119569726000006/f4_a1eus000008zn37mae-live.xml,https://www.sec.gov/Archives/edgar/data/74208/000007420826000049/,0
WST,105770,WEST PHARMACEUTICAL SERVICES INC,Eric M. Green,0.24925916084574687,175418.0338,70375762.0,medium,,,,,https://www.sec.gov/Archives/edgar/data/105770/000010577026000038/form4.xml,https://www.sec.gov/Archives/edgar/data/105770/000010577026000099/,0
NCLH,1513761,Norwegian Cruise Line Holdings Ltd.,John W. Chidsey,0.24825134417865233,1139940.0,459187846.0,medium,,,,,https://www.sec.gov/Archives/edgar/data/1513761/000110465926066326/tm2615646-1_4seq1.xml,https://www.sec.gov/Archives/edgar/data/1513761/000110465926089657/,0
WSC,1647088,WillScot Holdings Corp,Timothy D. Boswell,0.24792627897027844,449220.0,181190958.0,medium,,,,,https://www.sec.gov/Archives/edgar/data/1647088/000089706926001486/form4.xml,https://www.sec.gov/Archives/edgar/data/1647088/000164708826000056/,0
PLXS,785786,PLEXUS CORP,Todd P. Kelsey,0.24721505049189557,65888.0,26652099.0,medium,,,,,https://www.sec.gov/Archives/edgar/data/785786/000141128226000020/wk-form4_1787260505.xml,https://www.sec.gov/Archives/edgar/data/785786/000078578626000054/,0
VTR,740260,"Ventas, Inc.",Debra A. Cafaro,0.24697455743125765,1266847.0,512946359.0,medium,,,,,https://www.sec.gov/Archives/edgar/data/740260/000121518826000009/wk-form4_1771017023.xml,https://www.sec.gov/Archives/edgar/data/740260/000074026026000024/,0
JBTM,1433660,JBT MAREL Corp,Brian A. Deck,0.2460964403425137,127667.0,51876817.0,medium,,,,,https://www.sec.gov/Archives/edgar/data/1433660/000143366026000067/form4.xml,https://www.sec.gov/Archives/edgar/data/1433660/000162828026053548/,0
TYL,860731,TYLER TECHNOLOGIES INC,H. Lynn Moore,0.2451435038747787,100391.8394,40952274.0,medium,,,,,https://www.sec.gov/Archives/edgar/data/860731/000124008526000004/primary_doc.xml,https://www.sec.gov/Archives/edgar/data/860731/000086073126000050/,0
NOG,1104485,"NORTHERN OIL & GAS, INC.",Nicholas O'Grady,0.24502406063801854,261071.0,106549128.0,high,,,,,https://www.sec.gov/Archives/edgar/data/1104485/000174176826000004/wk-form4_1773869951.xml,https://www.sec.gov/Archives/edgar/data/1104485/000110448526000032/,0
POWI,833640,POWER INTEGRATIONS INC,Jennifer Lloyd,0.24458015705462743,136655.0,55873298.0,medium,,,,,https://www.sec.gov/Archives/edgar/data/833640/000083364026000127/edgardoc.xml,https://www.sec.gov/Archives/edgar/data/833640/000083364026000145/,0
NJR,356309,NEW JERSEY RESOURCES CORP,Stephen D. Westhoven,0.24420156292510345,247786.31,101467946.0,medium,,,,,https://www.sec.gov/Archives/edgar/data/356309/000035630925000087/wk-form4_1762462365.xml,https://www.sec.gov/Archives/edgar/data/356309/000035630926000037/,0
CFR,39263,"CULLEN/FROST BANKERS, INC.",Phillip D. Green,0.2433145555460175,151217.04,62148785.0,medium,,,,,https://www.sec.gov/Archives/edgar/data/39263/000112840426000004/wk-form4_1770828209.xml,https://www.sec.gov/Archives/edgar/data/39263/000003926326000046/,0
PII,931015,Polaris Inc.,Michael T. Speetzen,0.2433047907542598,138449.0,56903524.0,medium,,,,,https://www.sec.gov/Archives/edgar/data/931015/000162828026007857/wk-form4_1770945157.xml,https://www.sec.gov/Archives/edgar/data/931015/000162828026050104/,0
AXS,1214816,AXIS CAPITAL HOLDINGS LTD,Vincent Tizzio,0.24291482328757255,177246.0,72966317.0,high,,,,,https://www.sec.gov/Archives/edgar/data/1214816/000121481626000177/wk-form4_1780527542.xml,https://www.sec.gov/Archives/edgar/data/1214816/000121481626000203/,0
OSK,775158,OSHKOSH CORP,John C. Pfeifer,0.24277107959353345,151370.946,62351309.0,high,,,,,https://www.sec.gov/Archives/edgar/data/775158/000077515826000061/form4.xml,https://www.sec.gov/Archives/edgar/data/775158/000119312526214298/,0
CASY,726958,CASEYS GENERAL STORES INC,Darren M. Rebelez,0.2424245601543622,89709.0,37004914.0,high,,,,,https://www.sec.gov/Archives/edgar/data/726958/000148469726000009/wk-form4_1783626936.xml,https://www.sec.gov/Archives/edgar/data/726958/000072695826000046/,0
JBL,898293,JABIL INC,Michael Dastoor,0.2415364358485042,253099.0,104787089.0,medium,,,,,https://www.sec.gov/Archives/edgar/data/898293/000122520826004477/doc4.xml,https://www.sec.gov/Archives/edgar/data/898293/000162828026046138/,0
SLAB,1038074,SILICON LABORATORIES INC.,R. Matthew Johnson,0.24131500207646767,80519.0,33366761.0,high,,,,,https://www.sec.gov/Archives/edgar/data/1038074/000162828026036287/wk-form4_1779214587.xml,https://www.sec.gov/Archives/edgar/data/1038074/000103807426000029/,0
AYI,1144215,ACUITY INC. (DE),Neil M. Ashe,0.24119151722866464,72202.0,29935547.0,medium,,,,,https://www.sec.gov/Archives/edgar/data/1144215/000119348525000005/wk-form4_1761597190.xml,https://www.sec.gov/Archives/edgar/data/1144215/000114421526000036/,0
NWBI,1471265,"Northwest Bancshares, Inc.",Louis J. Torchio,0.2410542396942677,353045.92299999995,146459122.0,medium,,,,,https://www.sec.gov/Archives/edgar/data/1471265/000173025926000013/wk-form4_1785874650.xml,https://www.sec.gov/Archives/edgar/data/1471265/000147126526000032/,0
CNC,1071739,CENTENE CORP,Sarah M. London,0.24065648437737222,1188831.0,493995000.0,medium,,,,,https://www.sec.gov/Archives/edgar/data/1071739/000107173926000066/wk-form4_1773783824.xml,https://www.sec.gov/Archives/edgar/data/1071739/000107173926000153/,0
CWT,1035201,CALIFORNIA WATER SERVICE GROUP,Martin A. Kropelnicki,0.23979119133701507,148284.717,61839101.0,medium,,,,,https://www.sec.gov/Archives/edgar/data/1035201/000122288226000006/edgardoc.xml,https://www.sec.gov/Archives/edgar/data/1035201/000162828026050990/,0
SBCF,730708,SEACOAST BANKING CORP OF FLORIDA,Charles M. Shaffer,0.2390061061961243,231412.4018,96822799.0,medium,,,,,https://www.sec.gov/Archives/edgar/data/730708/000073070826000120/wk-form4_1785887631.xml,https://www.sec.gov/Archives/edgar/data/730708/000162828026052723/,0
FRME,712534,FIRST MERCHANTS CORP,Mark K. Hardwick,0.238841915809406,150524.722,63022741.0,medium,,,,,https://www.sec.gov/Archives/edgar/data/712534/000117081726000007/wk-form4_1785880405.xml,https://www.sec.gov/Archives/edgar/data/712534/000071253426000035/,0
TTC,737758,TORO CO,Richard M. Olson,0.2382514010831976,226885.69900000002,95229534.0,medium,,,,,https://www.sec.gov/Archives/edgar/data/737758/000162828026017053/wk-form4_1773321978.xml,https://www.sec.gov/Archives/edgar/data/737758/000073775826000018/,0
JPM,19617,JPMORGAN CHASE & CO,James Dimon,0.23656790890451523,6288415.4963,2658186195.0,medium,,,,,https://www.sec.gov/Archives/edgar/data/19617/000122520826004520/doc4.xml,https://www.sec.gov/Archives/edgar/data/19617/000162828026054343/,0
LAZ,1311370,"Lazard, Inc.",Peter R. Orszag,0.23604370409670816,260942.0,110548172.0,medium,,,,,https://www.sec.gov/Archives/edgar/data/1311370/000162828026059145/wk-form4_1787791858.xml,https://www.sec.gov/Archives/edgar/data/1311370/000131137026000022/,0
TRIP,1526520,"TripAdvisor, Inc.",Matt Goldberg,0.23585968596990928,276426.0,117199342.0,high,,,,,https://www.sec.gov/Archives/edgar/data/1526520/000152652026000167/form4.xml,https://www.sec.gov/Archives/edgar/data/1526520/000119312526336693/,0
AMD,2488,ADVANCED MICRO DEVICES INC,Lisa T. Su,0.23569738593283807,3847701.0,1632475042.0,medium,,,,,https://www.sec.gov/Archives/edgar/data/2488/000000248826000167/wk-form4_1787257549.xml,https://www.sec.gov/Archives/edgar/data/2488/000000248826000123/,0
BKH,1130464,BLACK HILLS CORP /SD/,Linden R. Evans,0.2354982950800676,179574.847,76253141.0,medium,,,,,https://www.sec.gov/Archives/edgar/data/1130464/000113046426000041/primary_01.xml,https://www.sec.gov/Archives/edgar/data/1130464/000119312526337444/,0
GVA,861459,GRANITE CONSTRUCTION INC,Kyle T. Larkin,0.23502376697465596,102857.0,43764510.0,medium,,,,,https://www.sec.gov/Archives/edgar/data/861459/000171995026000008/wk-form4_1774909854.xml,https://www.sec.gov/Archives/edgar/data/861459/000086145926000029/,0
DIOD,29002,DIODES INC /DEL/,Gary Yu,0.23483821065908417,108147.0,46051705.0,medium,,,,,https://www.sec.gov/Archives/edgar/data/29002/000184817626000006/ownership.xml,https://www.sec.gov/Archives/edgar/data/29002/000119312526335450/,0
ECG,2015845,"Everus Construction Group, Inc.",Jeffrey S. Thiede,0.23440855481362582,119698.0,51063836.0,medium,,,,,https://www.sec.gov/Archives/edgar/data/2015845/000122520826003043/doc4.xml,https://www.sec.gov/Archives/edgar/data/2015845/000201584526000050/,0
DY,67215,DYCOM INDUSTRIES INC,Daniel S. Peyovich,0.23372268990005854,70493.0,30160957.0,high,,,,,https://www.sec.gov/Archives/edgar/data/67215/000183734726000002/primarydocument.xml,https://www.sec.gov/Archives/edgar/data/67215/000006721526000043/,0
RS,861884,"RELIANCE, INC.",Karla R. Lewis,0.23306833249256603,118992.0,51054555.0,medium,,,,,https://www.sec.gov/Archives/edgar/data/861884/000112329226000316/form4.xml,https://www.sec.gov/Archives/edgar/data/861884/000110465926087528/,0
DYN,1818794,"Dyne Therapeutics, Inc.",John G. Cox,0.23302453367903989,435165.0,186746431.0,medium,,,,,https://www.sec.gov/Archives/edgar/data/1818794/000149842826000004/ownership.xml,https://www.sec.gov/Archives/edgar/data/1818794/000119312526323639/,0
MSI,68505,"Motorola Solutions, Inc.",Gregory Q. Brown,0.2312287516193659,382669.22,165493788.0,low,,"1 line(s) only ever footnoted, so missing from the total",,,https://www.sec.gov/Archives/edgar/data/68505/000120123226000015/wk-form4_1787603480.xml,https://www.sec.gov/Archives/edgar/data/68505/000006850526000028/,0
GWW,277135,"W.W. GRAINGER, INC.",D.G. Macpherson,0.2308658710052975,108740.0,47100942.0,medium,,,,,https://www.sec.gov/Archives/edgar/data/277135/000145143726000002/wk-form4_1775169691.xml,https://www.sec.gov/Archives/edgar/data/277135/000027713526000079/,0
LSCC,855658,LATTICE SEMICONDUCTOR CORP,Ford Tamer,0.2304036987269869,327243.0,142030272.0,medium,,,,,https://www.sec.gov/Archives/edgar/data/855658/000143774926023494/rdgdoc.xml,https://www.sec.gov/Archives/edgar/data/855658/000143774926025657/,0
TNDM,1438133,TANDEM DIABETES CARE INC,John F. Sheridan,0.23032908616712294,160260.0,69578707.0,medium,,,,,https://www.sec.gov/Archives/edgar/data/1438133/000143813326000131/wk-form4_1787084910.xml,https://www.sec.gov/Archives/edgar/data/1438133/000143813326000125/,0
TREX,1069878,TREX CO INC,Adam D. Zambanini,0.23021996032206882,234514.0,101865190.0,medium,,,,,https://www.sec.gov/Archives/edgar/data/1069878/000106987826000026/form4.xml,https://www.sec.gov/Archives/edgar/data/1069878/000119312526332813/,0
USFD,1665918,US Foods Holding Corp.,David E. Flitman,0.2300121744612299,497587.0,216330723.0,high,,,,,https://www.sec.gov/Archives/edgar/data/1665918/000136768826000008/wk-form4_1786996820.xml,https://www.sec.gov/Archives/edgar/data/1665918/000166591826000045/,0
ALK,766421,"ALASKA AIR GROUP, INC.",Benito Minicucci,0.22990575890709866,256582.0,111603120.0,medium,,,,,https://www.sec.gov/Archives/edgar/data/766421/000145145526000011/wk-form4_1787345970.xml,https://www.sec.gov/Archives/edgar/data/766421/000076642126000041/,0
FNF,1331875,"Fidelity National Financial, Inc.",Michael J. Nolan,0.2297814656318157,616257.4086,268192827.0,medium,,,,,https://www.sec.gov/Archives/edgar/data/1331875/000133187526000047/form4.xml,https://www.sec.gov/Archives/edgar/data/1331875/000133187526000073/,0
ET,1276187,Energy Transfer LP,Marshall S. McCrea,0.2296487937820895,7907496.0,3443299601.0,medium,,,,,https://www.sec.gov/Archives/edgar/data/1276187/000119312525312981/ownership.xml,https://www.sec.gov/Archives/edgar/data/1276187/000127618726000038/,0
HAS,46080,"HASBRO, INC.",Chris Cocks,0.2286080460001313,322439.0,141044467.0,medium,,,,,https://www.sec.gov/Archives/edgar/data/46080/000185067226000019/wk-form4_1773866267.xml,https://www.sec.gov/Archives/edgar/data/46080/000004608026000050/,0
RNST,715072,RENASANT CORP,Kevin D. Chapman,0.22833676669952613,208710.0,91404465.0,medium,,,,,https://www.sec.gov/Archives/edgar/data/715072/000151408126000005/wk-form4_1774287195.xml,https://www.sec.gov/Archives/edgar/data/715072/000071507226000072/,0
TDOC,1477449,"Teladoc Health, Inc.",Charles Divita,0.22821049298551135,414622.0,181684021.0,high,,,,,https://www.sec.gov/Archives/edgar/data/1477449/000134753526000007/wk-form4_1781294715.xml,https://www.sec.gov/Archives/edgar/data/1477449/000147744926000038/,0
AB,825313,ALLIANCEBERNSTEIN HOLDING L.P.,Seth Bernstein,0.22782218755778594,212046.0,93075219.0,medium,,,,,https://www.sec.gov/Archives/edgar/data/825313/000170558426000005/wk-form4_1777925441.xml,https://www.sec.gov/Archives/edgar/data/825313/000082531326000050/,0
BGC,1094831,"BGC Group, Inc.",JP Aubin,0.2275809021102857,1082071.0,475466522.0,medium,,,,,https://www.sec.gov/Archives/edgar/data/1094831/000143774926029325/rdgdoc.xml,https://www.sec.gov/Archives/edgar/data/1094831/000162828026055187/,0
GBCI,868671,"GLACIER BANCORP, INC.",Randall M. Chesler,0.2275382506550685,296282.0,130211953.0,medium,,,,,https://www.sec.gov/Archives/edgar/data/868671/000164972426000002/wk-form4_1771454811.xml,https://www.sec.gov/Archives/edgar/data/868671/000086867126000069/,0
FAF,1472787,First American Financial Corp,Mark E. Seaton,0.22730763761018608,232081.098,102100000.0,medium,,,,,https://www.sec.gov/Archives/edgar/data/1472787/000119312526281489/ownership.xml,https://www.sec.gov/Archives/edgar/data/1472787/000119312526314255/,0
JAZZ,1232524,Jazz Pharmaceuticals plc,Renee D. Gala,0.2270075641099841,147361.0,64914577.0,high,,,,,https://www.sec.gov/Archives/edgar/data/1232524/000160773726000011/edgardoc.xml,https://www.sec.gov/Archives/edgar/data/1232524/000123252426000045/,0
APH,820313,AMPHENOL CORP /DE/,R. Adam Norwitt,0.22673880854834536,2795652.0,1232983457.0,medium,,,,,https://www.sec.gov/Archives/edgar/data/820313/000110465926089782/tm2622042-1_4seq1.xml,https://www.sec.gov/Archives/edgar/data/820313/000110465926089194/,0
CC,1627223,Chemours Co,Denise Dignam,0.22585954298233024,339916.3423,150498995.0,medium,,,,,https://www.sec.gov/Archives/edgar/data/1627223/000119312526349607/ownership.xml,https://www.sec.gov/Archives/edgar/data/1627223/000162722326000024/,0
INSM,1104506,INSMED Inc,William H. Lewis,0.22574347791717506,492982.0,218381503.0,medium,,,,,https://www.sec.gov/Archives/edgar/data/1104506/000140205126000042/wk-form4_1784926946.xml,https://www.sec.gov/Archives/edgar/data/1104506/000110450626000041/,0
GWRE,1528396,"Guidewire Software, Inc.",Mike Rosenbaum,0.225539515513793,187776.0,83256364.0,medium,,,,,https://www.sec.gov/Archives/edgar/data/1528396/000178499626000078/wk-form4_1787611610.xml,https://www.sec.gov/Archives/edgar/data/1528396/000152839626000027/,0
BHE,863436,BENCHMARK ELECTRONICS INC,David A. Moezidis,0.22548761435607356,80995.0,35919933.0,high,,,,,https://www.sec.gov/Archives/edgar/data/863436/000119312526355289/ownership.xml,https://www.sec.gov/Archives/edgar/data/863436/000119312526324169/,0
ACI,1646972,"Albertsons Companies, Inc.",Susan Morris,0.22520052786903513,1092956.0,485325683.0,medium,,,,,https://www.sec.gov/Archives/edgar/data/1646972/000162828026055848/wk-form4_1786485559.xml,https://www.sec.gov/Archives/edgar/data/1646972/000164697226000046/,0
GAP,39911,GAP INC,Richard Dickson,0.2250562352813954,790555.346,351270137.0,medium,,,,,https://www.sec.gov/Archives/edgar/data/39911/000148255126000004/edgardoc.xml,https://www.sec.gov/Archives/edgar/data/39911/000162828026059345/,0
KEEL,1812477,Keel Infrastructure Corp.,Benjamin Gagnon,0.2245278734661179,1386624.0,617573212.0,high,,,,,https://www.sec.gov/Archives/edgar/data/1812477/000181247726000031/wk-form4_1787344965.xml,https://www.sec.gov/Archives/edgar/data/1812477/000181247726000023/,0
SJM,91419,J M SMUCKER Co,Mark T. Smucker,0.2244824889743269,239799.34000000003,106823183.0,medium,,,,,https://www.sec.gov/Archives/edgar/data/91419/000009141926000067/wk-form4_1781833457.xml,https://www.sec.gov/Archives/edgar/data/91419/000009141926000080/,0
CGON,1991792,"CG Oncology, Inc.",Arthur Kuan,0.2244078953862729,198916.0,88640375.0,high,,,,,https://www.sec.gov/Archives/edgar/data/1991792/000119312526159024/ownership.xml,https://www.sec.gov/Archives/edgar/data/1991792/000119312526336918/,0
RAL,2041385,Ralliant Corp,Tamara Newcombe,0.22315345458037206,246897.0,110640008.0,medium,,,,,https://www.sec.gov/Archives/edgar/data/2041385/000190102126000013/wk-form4_1787092932.xml,https://www.sec.gov/Archives/edgar/data/2041385/000204138526000065/,0
REZI,1740332,"RESIDEO TECHNOLOGIES, INC.",Thomas Surran,0.22296927642701872,338573.0,151847378.0,high,,,,,https://www.sec.gov/Archives/edgar/data/1740332/000110465926097540/tm2623374-1_4seq1.xml,https://www.sec.gov/Archives/edgar/data/1740332/000174033226000025/,0
HRL,48465,HORMEL FOODS CORP /DE/,Jeffrey M. Ettinger,0.22295340535527525,1227025.85,550350800.0,medium,,,,,https://www.sec.gov/Archives/edgar/data/48465/000119293326000002/wk-form4_1767735109.xml,https://www.sec.gov/Archives/edgar/data/48465/000004846526000055/,0
WTM,776867,WHITE MOUNTAINS INSURANCE GROUP LTD,Liam P. Caffrey,0.22260666412203187,5313.0,2386721.0,high,,,,,https://www.sec.gov/Archives/edgar/data/776867/000077686726000021/form4.xml,https://www.sec.gov/Archives/edgar/data/776867/000162828026053932/,0
NOVT,1076930,NOVANTA INC,Matthijs Glastra,0.22249593246772614,84143.0,37817770.0,medium,,,,,https://www.sec.gov/Archives/edgar/data/1076930/000107693026000084/form4.xml,https://www.sec.gov/Archives/edgar/data/1076930/000119312526335404/,0
NSSC,69633,"NAPCO SECURITY TECHNOLOGIES, INC",Kevin Buchel,0.2213655575724486,79179.0,35768437.0,medium,,,,,https://www.sec.gov/Archives/edgar/data/69633/000125387326000002/primary_doc.xml,https://www.sec.gov/Archives/edgar/data/69633/000110465926100081/,0
PSNL,1527753,"Personalis, Inc.",Christopher Hall,0.22096093897940253,235986.0,106799872.0,high,,,,,https://www.sec.gov/Archives/edgar/data/1527753/000144953526000006/form4-07102026_120749.xml,https://www.sec.gov/Archives/edgar/data/1527753/000119312526332817/,0
OMF,1584207,"OneMain Holdings, Inc.",Douglas H. Shulman,0.22086462162970838,255167.0,115530952.0,medium,,,,,https://www.sec.gov/Archives/edgar/data/1584207/000172692626000008/wk-form4_1771970599.xml,https://www.sec.gov/Archives/edgar/data/1584207/000158420726000020/,0
KNX,1492691,Knight-Swift Transportation Holdings Inc.,Adam W. Miller,0.22077281329106146,359321.0,162756000.0,medium,,,,,https://www.sec.gov/Archives/edgar/data/1492691/000151327926000005/primary_doc.xml,https://www.sec.gov/Archives/edgar/data/1492691/000149269126000059/,0
CWST,911177,CASELLA WASTE SYSTEMS INC,Edmond R. Coletta,0.22017268812156424,140118.0,63640046.0,medium,,,,,https://www.sec.gov/Archives/edgar/data/911177/000156427926000007/wk-form4_1779459736.xml,https://www.sec.gov/Archives/edgar/data/911177/000091117726000049/,0
SLDB,1707502,Solid Biosciences Inc.,Alexander Cumbo,0.21954252971674448,235405.0,107225238.0,medium,,,,,https://www.sec.gov/Archives/edgar/data/1707502/000119312526057878/ownership.xml,https://www.sec.gov/Archives/edgar/data/1707502/000119312526337935/,0
SMG,825542,SCOTTS MIRACLE-GRO CO,Nathan E. Baxter,0.21892475944032833,127458.5948,58220274.0,medium,,,,,https://www.sec.gov/Archives/edgar/data/825542/000178559526000014/wk-form4_1785945633.xml,https://www.sec.gov/Archives/edgar/data/825542/000082554226000041/,0
BJ,1531152,"BJ's Wholesale Club Holdings, Inc.",Robert W. Eddy,0.21876315068717422,276330.0,126314692.0,high,,,,,https://www.sec.gov/Archives/edgar/data/1531152/000153115226000059/wk-form4_1787775608.xml,https://www.sec.gov/Archives/edgar/data/1531152/000153115226000057/,0
SKY,90896,"Champion Homes, Inc.",Tim Larson,0.2185679939552102,118639.0,54280134.0,medium,,,,,https://www.sec.gov/Archives/edgar/data/90896/000119312526134599/ownership.xml,https://www.sec.gov/Archives/edgar/data/90896/000119312526335147/,0
MZTI,57515,MARZETTI CO,David A. Ciesinski,0.21810120552563117,59522.0,27291000.0,medium,,,,,https://www.sec.gov/Archives/edgar/data/57515/000122520826007348/doc4.xml,https://www.sec.gov/Archives/edgar/data/57515/000005751526000019/,0
TNGX,1819133,"Tango Therapeutics, Inc.",Malte Peters,0.21795812828045144,367500.0,168610367.0,medium,,,,,https://www.sec.gov/Archives/edgar/data/1819133/000119312526009663/ownership.xml,https://www.sec.gov/Archives/edgar/data/1819133/000119312526343424/,0
GDRX,1809519,"GoodRx Holdings, Inc.",Wendy Barnes,0.21740203036249164,741657.0,341145388.0,high,,,,,https://www.sec.gov/Archives/edgar/data/1809519/000180951926000137/wk-form4_1784233543.xml,https://www.sec.gov/Archives/edgar/data/1809519/000180951926000152/,0
RL,1037038,RALPH LAUREN CORP,Patrice Louvet,0.21732147393789614,129485.0,59582239.0,medium,,,,,https://www.sec.gov/Archives/edgar/data/1037038/000095014226002381/es260821523_4-louvet.xml,https://www.sec.gov/Archives/edgar/data/1037038/000162828026053992/,0
DOV,29905,DOVER Corp,Richard J. Tobin,0.2156701178662272,290465.0,134680225.0,medium,,,,,https://www.sec.gov/Archives/edgar/data/29905/000182965526000039/form4.xml,https://www.sec.gov/Archives/edgar/data/29905/000002990526000027/,0
FTRE,1965040,Fortrea Holdings Inc.,Anshul Thakral,0.2154994742376446,204940.0,95100000.0,medium,,,,,https://www.sec.gov/Archives/edgar/data/1965040/000196504026000119/form4.xml,https://www.sec.gov/Archives/edgar/data/1965040/000162828026050597/,0
LAC,1966983,LITHIUM AMERICAS CORP.,Jonathan Evans,0.21524864070970248,781445.0,363042943.0,high,,,,,https://www.sec.gov/Archives/edgar/data/1966983/000091228226000596/form4.xml,https://www.sec.gov/Archives/edgar/data/1966983/000119312526347826/,0
INGR,1046257,Ingredion Inc,James P. Zallie,0.2146543576008739,135369.579,63063979.0,medium,,,,,https://www.sec.gov/Archives/edgar/data/1046257/000104625726000087/form4.xml,https://www.sec.gov/Archives/edgar/data/1046257/000162828026054722/,0
SNX,1177394,TD SYNNEX CORP,Patrick Zammit,0.21377021992539355,170928.0,79958752.0,high,,,,,https://www.sec.gov/Archives/edgar/data/1177394/000117739426000024/wk-form4_1770671214.xml,https://www.sec.gov/Archives/edgar/data/1177394/000162828026046858/,0
MBX,1776111,"MBX Biosciences, Inc.",Steven L. Hoerter,0.21374126828983064,102938.0,48160096.0,medium,,,,,https://www.sec.gov/Archives/edgar/data/1776111/000119312526331639/ownership.xml,https://www.sec.gov/Archives/edgar/data/1776111/000119312526336849/,0
AUB,883948,Atlantic Union Bankshares Corp,John C. Asbury,0.21363577311991322,305103.7072,142814896.0,high,,,,,https://www.sec.gov/Archives/edgar/data/883948/000150948326000003/form4-03032026_070352.xml,https://www.sec.gov/Archives/edgar/data/883948/000088394826000073/,0
HQY,1428336,"HEALTHEQUITY, INC.",Scott Cutler,0.213267688723498,176405.0,82715296.0,high,,,,,https://www.sec.gov/Archives/edgar/data/1428336/000171553726000014/form4-07102026_080755.xml,https://www.sec.gov/Archives/edgar/data/1428336/000142833626000041/,0
ATEX,1304492,Anterix Inc.,Scott A. Lang,0.2114760456845373,41470.0,19609786.0,medium,,,,,https://www.sec.gov/Archives/edgar/data/1304492/000157160126000010/wk-form4_1787000442.xml,https://www.sec.gov/Archives/edgar/data/1304492/000130449226000046/,0
QSR,1618756,Restaurant Brands International Inc.,Joshua Kobza,0.21138623617646132,960769.242,454508893.0,medium,,,,,https://www.sec.gov/Archives/edgar/data/1618756/000157477126000016/wk-form4_1783640565.xml,https://www.sec.gov/Archives/edgar/data/1618756/000161875626000045/,0
AMN,1142750,AMN HEALTHCARE SERVICES INC,Caroline S. Grace,0.2109114871728217,81686.0,38729991.0,medium,,,,,https://www.sec.gov/Archives/edgar/data/1142750/000162828026002540/wk-form4_1768927348.xml,https://www.sec.gov/Archives/edgar/data/1142750/000162828026054507/,0
BWXT,1486957,"BWX Technologies, Inc.",Rex D. Geveden,0.21009260005077382,192491.0,91621980.0,high,,,,,https://www.sec.gov/Archives/edgar/data/1486957/000112329226001111/form4.xml,https://www.sec.gov/Archives/edgar/data/1486957/000148695726000044/,0
ASB,7789,ASSOCIATED BANC-CORP,Andrew J. Harmening,0.20995120568367032,396492.136,188849659.0,medium,,,,,https://www.sec.gov/Archives/edgar/data/7789/000000778926000174/form4.xml,https://www.sec.gov/Archives/edgar/data/7789/000000778926000202/,0
ROG,84748,ROGERS CORP,Ali El-Haj,0.20987965582691392,37502.0,17868335.0,high,,,,,https://www.sec.gov/Archives/edgar/data/84748/000207687826000003/f4_a1eus000009khrpmak-live.xml,https://www.sec.gov/Archives/edgar/data/84748/000008474826000048/,0
INFQ,2007825,"Infleqtion, Inc.",Matthew Kinsella,0.2098088326075547,472819.0,225357052.0,medium,,,,,https://www.sec.gov/Archives/edgar/data/2007825/000210918026000008/form4-05282026_120541.xml,https://www.sec.gov/Archives/edgar/data/2007825/000162828026057508/,0
GEF,43920,"GREIF, INC",Ole G. Rosgaard,0.20972918140124697,96828.4417,46168321.0,medium,,,,,https://www.sec.gov/Archives/edgar/data/43920/000004392026000105/form4.xml,https://www.sec.gov/Archives/edgar/data/43920/000162828026050547/,0
NOV,1021860,NOV Inc.,Jose A. Bayardo,0.20917917473898293,745678.0,356478125.0,high,,,,,https://www.sec.gov/Archives/edgar/data/1021860/000119312526120972/ownership.xml,https://www.sec.gov/Archives/edgar/data/1021860/000119312526322979/,0
CDE,215466,"Coeur Mining, Inc.",Mitchell J. Krebs,0.2091102067914999,2149517.0,1027934998.0,high,,,,,https://www.sec.gov/Archives/edgar/data/215466/000123650126000008/wk-form4_1772576087.xml,https://www.sec.gov/Archives/edgar/data/215466/000021546626000036/,0
LITE,1633978,Lumentum Holdings Inc.,Michael Hurlston,0.2084180602006689,186951.0,89700000.0,medium,,,,,https://www.sec.gov/Archives/edgar/data/1633978/000157333826000017/form4-08282026_010801.xml,https://www.sec.gov/Archives/edgar/data/1633978/000162828026057358/,0
HUBS,1404655,HUBSPOT INC,Yamini Rangan,0.20814900256789162,103796.0,49866201.0,medium,,,,,https://www.sec.gov/Archives/edgar/data/1404655/000119312526294774/ownership.xml,https://www.sec.gov/Archives/edgar/data/1404655/000119312526335232/,0
DAL,27904,"DELTA AIR LINES, INC.",Edward H. Bastian,0.2073297220141454,1363448.0,657623030.0,high,,,,,https://www.sec.gov/Archives/edgar/data/27904/000168316826006000/ownership.xml,https://www.sec.gov/Archives/edgar/data/27904/000002790426000031/,0
CWK,1628369,Cushman & Wakefield Ltd.,Michelle MacKay,0.20699174502411252,485838.0,234713708.0,high,,,,,https://www.sec.gov/Archives/edgar/data/1628369/000162836926000108/wk-form4_1783369398.xml,https://www.sec.gov/Archives/edgar/data/1628369/000162836926000118/,0
YUMC,1673358,"Yum China Holdings, Inc.",Joey Wat,0.20622958713995918,706250.0,342458136.0,high,,,,,https://www.sec.gov/Archives/edgar/data/1673358/000167335826000122/form4.xml,https://www.sec.gov/Archives/edgar/data/1673358/000119312526341077/,0
LPX,60519,LOUISIANA-PACIFIC CORP,Jason P. Ringblom,0.20564929542194807,143797.0,69923410.0,medium,,,,,https://www.sec.gov/Archives/edgar/data/60519/000119312526147775/ownership.xml,https://www.sec.gov/Archives/edgar/data/60519/000006051926000036/,0
IPGP,1111928,IPG PHOTONICS CORP,Mark M. Gitin,0.20508509566778188,87232.0,42534539.0,high,,,,,https://www.sec.gov/Archives/edgar/data/1111928/000111192826000126/wk-form4_1780949422.xml,https://www.sec.gov/Archives/edgar/data/1111928/000111192826000153/,0
KIM,879101,KIMCO REALTY CORP,Conor C. Flynn,0.2044811762395049,1371638.0,670789373.0,medium,,,,,https://www.sec.gov/Archives/edgar/data/879101/000119312526061505/ownership.xml,https://www.sec.gov/Archives/edgar/data/879101/000119312526331817/,0
AIN,819793,ALBANY INTERNATIONAL CORP /DE/,Gunnar Kleveland,0.20392253521126763,57914.0,28400000.0,medium,,,,,https://www.sec.gov/Archives/edgar/data/819793/000081979326000002/form4.xml,https://www.sec.gov/Archives/edgar/data/819793/000162828026052329/,0
CMS,811156,CMS ENERGY CORP,Garrick J. Rochow,0.20343256148624306,637918.0,313577136.0,medium,,,,,https://www.sec.gov/Archives/edgar/data/811156/000163519226000007/wk-form4_1774880916.xml,https://www.sec.gov/Archives/edgar/data/811156/000081115626000028/,0
SHC,1822479,Sotera Health Co,Alton E. Shader,0.20309186731084644,579573.0,285374795.0,high,,,,,https://www.sec.gov/Archives/edgar/data/1822479/000119312526242277/ownership.xml,https://www.sec.gov/Archives/edgar/data/1822479/000182247926000047/,0
CCNE,736772,CNB FINANCIAL CORP/PA,Michael D. Peduzzi,0.20301965994601445,60136.22,29620885.0,medium,,,,,https://www.sec.gov/Archives/edgar/data/736772/000140972226000012/wk-form4_1785958432.xml,https://www.sec.gov/Archives/edgar/data/736772/000073677226000075/,0
EBC,1810546,"Eastern Bankshares, Inc.",Robert F. Rivers,0.2027044129480159,463203.0,228511552.0,medium,,,,,https://www.sec.gov/Archives/edgar/data/1810546/000119312526094351/ownership.xml,https://www.sec.gov/Archives/edgar/data/1810546/000162828026054656/,0
PRAX,1689548,"Praxis Precision Medicines, Inc.",Marcio Souza,0.20234607550690922,56495.0,27919988.0,high,,,,,https://www.sec.gov/Archives/edgar/data/1689548/000170765726000008/wk-form4_1783544160.xml,https://www.sec.gov/Archives/edgar/data/1689548/000168954826000083/,0
AMAT,6951,APPLIED MATERIALS INC /DE,Gary E. Dickerson,0.20159376950008642,1599843.0,793597443.0,high,,,,,https://www.sec.gov/Archives/edgar/data/6951/000162828026046609/wk-form4_1782940748.xml,https://www.sec.gov/Archives/edgar/data/6951/000162828026058235/,0
ESAB,1877322,ESAB Corp,Shyam P. Kambeyanda,0.20097860934782807,124944.0,62167810.0,medium,,,,,https://www.sec.gov/Archives/edgar/data/1877322/000167324326000014/wk-form4_1781295557.xml,https://www.sec.gov/Archives/edgar/data/1877322/000187732226000056/,0
AEIS,927003,ADVANCED ENERGY INDUSTRIES INC,Stephen D. Kelley,0.20068692375479902,80376.0,40050442.0,medium,,,,,https://www.sec.gov/Archives/edgar/data/927003/000144367426000004/ownership.xml,https://www.sec.gov/Archives/edgar/data/927003/000092700326000032/,0
POR,784977,PORTLAND GENERAL ELECTRIC CO /OR/,Maria M. Pope,0.20057523424903836,235892.0,117607740.0,high,,,,,https://www.sec.gov/Archives/edgar/data/784977/000078497726000022/ownership.xml,https://www.sec.gov/Archives/edgar/data/784977/000119312526326379/,0
HII,1501585,"HUNTINGTON INGALLS INDUSTRIES, INC.",Christopher D. Kastner,0.19998711317902548,78804.118,39404598.0,high,,,,,https://www.sec.gov/Archives/edgar/data/1501585/000156990426000014/wk-form4_1786479909.xml,https://www.sec.gov/Archives/edgar/data/1501585/000150158526000047/,0
APPF,1433195,APPFOLIO INC,Shane Trigg,0.19982498796058118,70772.0,35416992.0,medium,,,,,https://www.sec.gov/Archives/edgar/data/1433195/000183740026000014/wk-form4_1787004565.xml,https://www.sec.gov/Archives/edgar/data/1433195/000143319526000058/,0
BWA,908255,BORGWARNER INC,Joseph F. Fadool,0.199327965580412,405964.0,203666354.0,medium,,,,,https://www.sec.gov/Archives/edgar/data/908255/000122520826005313/doc4.xml,https://www.sec.gov/Archives/edgar/data/908255/000090825526000051/,0
MKSI,1049502,MKS INC,John T.C. Lee,0.19932140510013685,134776.2667,67617558.0,medium,,,,,https://www.sec.gov/Archives/edgar/data/1049502/000104950226000113/form4.xml,https://www.sec.gov/Archives/edgar/data/1049502/000119312526337821/,0
PAA,1070423,PLAINS ALL AMERICAN PIPELINE LP,Willie Chiang,0.19797653080051453,1396856.0,705566460.0,high,,,,,https://www.sec.gov/Archives/edgar/data/1070423/000107042326000033/form4.xml,https://www.sec.gov/Archives/edgar/data/1070423/000107042326000031/,0
CTRI,1981599,"Centuri Holdings, Inc.",Christian I. Brown,0.19601625953208843,197904.0,100963053.0,medium,,,,,https://www.sec.gov/Archives/edgar/data/1981599/000198159926000032/wk-form4_1772148092.xml,https://www.sec.gov/Archives/edgar/data/1981599/000198159926000089/,0
CENT,887733,CENTRAL GARDEN & PET CO,Nicholas Lahanas,0.1954703973143917,122350.0,62592598.0,medium,,,,,https://www.sec.gov/Archives/edgar/data/887733/000119312526230801/ownership.xml,https://www.sec.gov/Archives/edgar/data/887733/000088773326000022/,0
LEVI,94845,LEVI STRAUSS & CO,Michelle Gass,0.1927436447396951,741775.0,384850562.0,medium,,,,,https://www.sec.gov/Archives/edgar/data/94845/000199937126002500/gass-form4_013026.xml,https://www.sec.gov/Archives/edgar/data/94845/000009484526000037/,0
CATY,861842,CATHAY GENERAL BANCORP,Chang M. Liu,0.1915929862808036,127819.0,66713820.0,high,,,,,https://www.sec.gov/Archives/edgar/data/861842/000143774926022185/rdgdoc.xml,https://www.sec.gov/Archives/edgar/data/861842/000143774926026554/,0
PAGP,1581990,PLAINS GP HOLDINGS LP,Willie Chiang,0.1913573059245597,378704.0,197904124.0,medium,,,,,https://www.sec.gov/Archives/edgar/data/1581990/000106299323018595/form4.xml,https://www.sec.gov/Archives/edgar/data/1581990/000158199026000025/,0
STAA,718937,STAAR SURGICAL CO,Warren Foust,0.19108174571848938,95816.0,50143984.0,medium,,,,,https://www.sec.gov/Archives/edgar/data/718937/000197077826000014/ownership.xml,https://www.sec.gov/Archives/edgar/data/718937/000071893726000037/,0
GABC,714395,"GERMAN AMERICAN BANCORP, INC.",D. Neil Dauby,0.1905941242202254,71623.0,37578808.0,medium,,,,,https://www.sec.gov/Archives/edgar/data/714395/000167877326000005/form4-03172026_070306.xml,https://www.sec.gov/Archives/edgar/data/714395/000071439526000032/,0
CNX,1070412,CNX Resources Corp,Alan K. Shepard,0.19054215897098703,281895.0,147943637.0,high,,,,,https://www.sec.gov/Archives/edgar/data/1070412/000180467426000003/wk-form4_1787003229.xml,https://www.sec.gov/Archives/edgar/data/1070412/000107041226000058/,0
CHTR,1091667,"CHARTER COMMUNICATIONS, INC. /MO/",Christopher L. Winfrey,0.1890012896230138,225436.0,119277493.0,medium,,,,,https://www.sec.gov/Archives/edgar/data/1091667/000150408926000007/wk-form4_1787602578.xml,https://www.sec.gov/Archives/edgar/data/1091667/000109166726000052/,0
MBGL,2090312,Mobility Global Inc.,William W. Eager,0.1886892033452669,556296.0,294821320.0,medium,,,,,https://www.sec.gov/Archives/edgar/data/2090312/000095010326010275/ownership.xml,https://www.sec.gov/Archives/edgar/data/2090312/000209031226000014/,0
PEBO,318300,PEOPLES BANCORP INC,Tyler Wilcox,0.18864366499486745,67802.9003,35942315.0,high,,,,,https://www.sec.gov/Archives/edgar/data/318300/000031830026000175/wk-form4_1782996313.xml,https://www.sec.gov/Archives/edgar/data/318300/000031830026000193/,0
UNF,717954,UNIFIRST CORP,Steven S. Sintros,0.1879101687425795,33982.0,18084173.0,low,,class(es) counted from the person's filings but absent from the cover page: Common Stock; the denominator may not include them,,,https://www.sec.gov/Archives/edgar/data/717954/000119312525325398/ownership.xml,https://www.sec.gov/Archives/edgar/data/717954/000162828026047621/,0
INVH,1687229,Invitation Homes Inc.,Dallas B. Tanner,0.18766989701823883,1108422.0,590623226.0,high,,,,,https://www.sec.gov/Archives/edgar/data/1687229/000119312526088440/ownership.xml,https://www.sec.gov/Archives/edgar/data/1687229/000168722926000045/,0
JBLU,1158463,JETBLUE AIRWAYS CORP,Joanna Geraghty,0.18560969808711264,700328.0,377312181.0,high,,,,,https://www.sec.gov/Archives/edgar/data/1158463/000115846326000069/wk-form4_1780354365.xml,https://www.sec.gov/Archives/edgar/data/1158463/000115846326000075/,0
M,794367,"Macy's, Inc.",Tony Spring,0.18468479487944925,485791.1058,263037954.0,medium,,,,,https://www.sec.gov/Archives/edgar/data/794367/000170255126000007/wk-form4_1775592844.xml,https://www.sec.gov/Archives/edgar/data/794367/000162828026040820/,0
SUNB,2083785,"Sunbelt Rentals Holdings, Inc.",Brendan Horgan,0.18332607608739646,751198.0,409760584.0,high,,,,,https://www.sec.gov/Archives/edgar/data/2083785/000119312526361281/ownership.xml,https://www.sec.gov/Archives/edgar/data/2083785/000162828026044888/,0
NTAP,1002047,"NetApp, Inc.",George Kurian,0.18300180358887128,358537.0,195919927.0,medium,,,,,https://www.sec.gov/Archives/edgar/data/1002047/000119312526355803/ownership.xml,https://www.sec.gov/Archives/edgar/data/1002047/000119312526259683/,0
CTRE,1590717,"CareTrust REIT, Inc.",David M. Sedgwick,0.18244663910111097,431109.0,236293199.0,medium,,,,,https://www.sec.gov/Archives/edgar/data/1590717/000162828026005093/wk-form4_1770156016.xml,https://www.sec.gov/Archives/edgar/data/1590717/000162828026054284/,0
VYX,70866,NCR Voyix Corp,James Kelly,0.18214180182852022,251483.0,138069898.0,high,,,,,https://www.sec.gov/Archives/edgar/data/70866/000122601426000008/wk-form4_1786566423.xml,https://www.sec.gov/Archives/edgar/data/70866/000007086626000030/,0
ITGR,1114483,Integer Holdings Corp,Payman Khales,0.18196608806859768,61854.0,33992048.0,high,,,,,https://www.sec.gov/Archives/edgar/data/1114483/000173172926000006/wk-form4_1771978786.xml,https://www.sec.gov/Archives/edgar/data/1114483/000111448326000027/,0
NMRK,1690680,"NEWMARK GROUP, INC.",Barry Gosin,0.18143491204620782,328812.0,181228627.0,medium,,,,,https://www.sec.gov/Archives/edgar/data/1690680/000143774926028217/rdgdoc.xml,https://www.sec.gov/Archives/edgar/data/1690680/000162828026054877/,0
CHH,1046311,CHOICE HOTELS INTERNATIONAL INC /DE,Dominic E. Dragisich,0.18131414909792173,81607.0,45008622.0,high,,,,,https://www.sec.gov/Archives/edgar/data/1046311/000119312526245032/ownership.xml,https://www.sec.gov/Archives/edgar/data/1046311/000104631126000025/,0
ALG,897077,ALAMO GROUP INC,Robert P. Hureau,0.18105384412821826,22036.0,12170965.0,high,,,,,https://www.sec.gov/Archives/edgar/data/897077/000148389826000002/wk-form4_1773241877.xml,https://www.sec.gov/Archives/edgar/data/897077/000089707726000092/,0
ROP,882835,ROPER TECHNOLOGIES INC,L. Neil Hunn,0.17923501869154362,177265.0,98900874.0,medium,,,,,https://www.sec.gov/Archives/edgar/data/882835/000119312526104212/ownership.xml,https://www.sec.gov/Archives/edgar/data/882835/000088283526000036/,0
CLH,822818,CLEAN HARBORS INC,Michael L. Battles,0.17874582133927497,94355.0,52787248.0,medium,,,,,https://www.sec.gov/Archives/edgar/data/822818/000137935726000008/form4-08122026_110819.xml,https://www.sec.gov/Archives/edgar/data/822818/000082281826000034/,0
BMI,9092,BADGER METER INC,Kenneth C. Bockhorst,0.178273959910162,51676.0,28986847.0,high,,,,,https://www.sec.gov/Archives/edgar/data/9092/000119312526166603/ownership.xml,https://www.sec.gov/Archives/edgar/data/9092/000119312526313981/,0
MLKN,66382,"MILLERKNOLL, INC.",Jeffrey M. Stutz,0.17646034059625879,120210.4978,68123238.0,medium,,,,,https://www.sec.gov/Archives/edgar/data/66382/000147144626000006/edgardoc.xml,https://www.sec.gov/Archives/edgar/data/66382/000006638226000092/,0
BSY,1031308,BENTLEY SYSTEMS INC,Nicholas H. Cumins,0.17634211840054267,532717.0,302092889.0,high,,,,,https://www.sec.gov/Archives/edgar/data/1031308/000110465926074057/tm2614939-12_4seq1.xml,https://www.sec.gov/Archives/edgar/data/1031308/000103130826000023/,0
SMPL,1702744,Simply Good Foods Co,Joseph E. Scalzo,0.17485196366357456,154675.0,88460545.0,medium,,,,,https://www.sec.gov/Archives/edgar/data/1702744/000120309626000004/wk-form4_1769035745.xml,https://www.sec.gov/Archives/edgar/data/1702744/000170274426000023/,0
CWEN,1567683,"Clearway Energy, Inc.",Craig Cornelius,0.17444270280121796,358087.0,205274852.0,medium,,,,,https://www.sec.gov/Archives/edgar/data/1567683/000202663726000008/form4-07062026_080732.xml,https://www.sec.gov/Archives/edgar/data/1567683/000162828026053421/,0
TPC,77543,TUTOR PERINI CORP,Gary G. Smalley,0.17401661892095316,91479.0,52569117.0,medium,,,,,https://www.sec.gov/Archives/edgar/data/77543/000142839626000003/wk-form4_1779484615.xml,https://www.sec.gov/Archives/edgar/data/77543/000007754326000186/,0
CIEN,936395,CIENA CORP,Gary B. Smith,0.17380778617908008,246030.0,141552922.0,medium,,,,,https://www.sec.gov/Archives/edgar/data/936395/000103255326000035/edgardoc.xml,https://www.sec.gov/Archives/edgar/data/936395/000162828026040767/,0
CTAS,723254,CINTAS CORP,Todd M. Schneider,0.1736446416023132,694873.0,400169561.0,medium,,,,,https://www.sec.gov/Archives/edgar/data/723254/000095010326012278/ownership.xml,https://www.sec.gov/Archives/edgar/data/723254/000072325426000028/,0
BJRI,1013488,BJs RESTAURANTS INC,Lyle D. Tick,0.17192537381135875,36575.0,21273765.0,high,,,,,https://www.sec.gov/Archives/edgar/data/1013488/000119312526324397/ownership.xml,https://www.sec.gov/Archives/edgar/data/1013488/000119312526326418/,0
CMP,1227654,COMPASS MINERALS INTERNATIONAL INC,Edward C. Dowling,0.16946526649254612,71143.0,41980874.0,high,,,,,https://www.sec.gov/Archives/edgar/data/1227654/000121045426000002/wk-form4_1768947988.xml,https://www.sec.gov/Archives/edgar/data/1227654/000122765426000054/,0
CDW,1402057,CDW Corp,Christine A. Leahy,0.16870056979096656,210905.11,125017426.0,high,,,,,https://www.sec.gov/Archives/edgar/data/1402057/000140205726000053/wk-form4_1781294701.xml,https://www.sec.gov/Archives/edgar/data/1402057/000140205726000065/,0
IVZ,914208,Invesco Ltd.,Andrew R. Schlossberg,0.1682238663856186,742708.0,441499780.0,medium,,,,,https://www.sec.gov/Archives/edgar/data/914208/000166110326000004/wk-form4_1783433924.xml,https://www.sec.gov/Archives/edgar/data/914208/000091420826000235/,0
SHAK,1620533,Shake Shack Inc.,Robert Lynch,0.16788500686629187,71853.0,42798938.0,high,,,,,https://www.sec.gov/Archives/edgar/data/1620533/000178664226000006/wk-form4_1779917621.xml,https://www.sec.gov/Archives/edgar/data/1620533/000162053326000034/,0
RLI,84246,RLI CORP,Craig W. Kliethermes,0.16779450419878533,153990.0,91772970.0,medium,,,,,https://www.sec.gov/Archives/edgar/data/84246/000138873726000014/form4-08042026_040818.xml,https://www.sec.gov/Archives/edgar/data/84246/000110465926086576/,0
JBHT,728535,HUNT J B TRANSPORT SERVICES INC,Shelley Simpson,0.16753333971712422,157338.8338,93914939.0,medium,,,,,https://www.sec.gov/Archives/edgar/data/728535/000140657226000003/primarydocument.xml,https://www.sec.gov/Archives/edgar/data/728535/000143774926024397/,0
WY,106535,WEYERHAEUSER CO,Devin W. Stockfish,0.16688861202992497,1202826.3068,720736000.0,medium,,,,,https://www.sec.gov/Archives/edgar/data/106535/000161325226000002/ownership.xml,https://www.sec.gov/Archives/edgar/data/106535/000119312526328606/,0
CLX,21076,CLOROX CO /DE/,Linda Rendle,0.16635689093483583,201161.0,120921351.0,medium,,,,,https://www.sec.gov/Archives/edgar/data/21076/000122520825010043/doc4.xml,https://www.sec.gov/Archives/edgar/data/21076/000002107626000019/,0
CRL,1100682,"CHARLES RIVER LABORATORIES INTERNATIONAL, INC.",Birgit Girshick,0.16608687360690047,79288.0,47738872.0,medium,,,,,https://www.sec.gov/Archives/edgar/data/1100682/000110068226000138/form4.xml,https://www.sec.gov/Archives/edgar/data/1100682/000110068226000118/,0
AKTS,2035832,"Aktis Oncology, Inc.",Matthew Roden,0.16540602064754303,91998.0,55619499.0,high,,,,,https://www.sec.gov/Archives/edgar/data/2035832/000119312526008065/ownership.xml,https://www.sec.gov/Archives/edgar/data/2035832/000119312526349144/,0
BOOT,1610250,"Boot Barn Holdings, Inc.",John Hazen,0.165224559188748,50038.0,30284844.0,high,,,,,https://www.sec.gov/Archives/edgar/data/1610250/000176668326000002/form4-05202026_080517.xml,https://www.sec.gov/Archives/edgar/data/1610250/000110465926088262/,0
CMC,22444,COMMERCIAL METALS Co,Peter R. Matt,0.1640886700019485,181522.0,110624335.0,high,,,,,https://www.sec.gov/Archives/edgar/data/22444/000181444326000004/wk-form4_1783957790.xml,https://www.sec.gov/Archives/edgar/data/22444/000002244426000041/,0
FDS,1013237,FACTSET RESEARCH SYSTEMS INC,Sanoke Viswanathan,0.16401267935090996,58332.0,35565543.0,medium,,,,,https://www.sec.gov/Archives/edgar/data/1013237/000162828025042648/wk-form4_1758750320.xml,https://www.sec.gov/Archives/edgar/data/1013237/000162828026046549/,0
KNF,1955520,Knife River Corp,Brian R. Gray,0.16368231917668105,92911.6823,56763420.0,medium,,,,,https://www.sec.gov/Archives/edgar/data/1955520/000122520826003419/doc4.xml,https://www.sec.gov/Archives/edgar/data/1955520/000162828026052748/,0
GPN,1123360,GLOBAL PAYMENTS INC,Cameron M. Bready,0.16355250290805565,432790.0,264618390.0,high,,,,,https://www.sec.gov/Archives/edgar/data/1123360/000112336026000078/form4.xml,https://www.sec.gov/Archives/edgar/data/1123360/000112336026000084/,0
WDC,106040,WESTERN DIGITAL CORP,Irving Tan,0.1631290453380518,588147.0,360540944.0,high,,,,,https://www.sec.gov/Archives/edgar/data/106040/000126682426000187/edgardoc.xml,https://www.sec.gov/Archives/edgar/data/106040/000162828026057139/,0
AGNC,1423689,AGNC Investment Corp.,Peter J. Federico,0.1627172549921821,1928982.869,1185481447.0,medium,,,,,https://www.sec.gov/Archives/edgar/data/1423689/000142368926000097/form4.xml,https://www.sec.gov/Archives/edgar/data/1423689/000142368926000128/,0
HR,1360604,Healthcare Realty Trust Inc,Peter A. Scott,0.16235480557059212,556422.0,342719760.0,high,,,,,https://www.sec.gov/Archives/edgar/data/1360604/000136060426000036/wk-form4_1776282129.xml,https://www.sec.gov/Archives/edgar/data/1360604/000136060426000064/,0
AME,1037868,AMETEK INC/,David A. Zapico,0.1603642175124898,367653.0,229261244.0,medium,,,,,https://www.sec.gov/Archives/edgar/data/1037868/000103786826000129/wk-form4_1774270999.xml,https://www.sec.gov/Archives/edgar/data/1037868/000103786826000175/,0
ALLE,1579241,Allegion plc,John H. Stone,0.1601201155462296,136161.0,85036786.0,high,,,,,https://www.sec.gov/Archives/edgar/data/1579241/000181714926000011/wk-form4_1785874405.xml,https://www.sec.gov/Archives/edgar/data/1579241/000157924126000028/,0
NKTR,906709,NEKTAR THERAPEUTICS,Howard W. Robin,0.1600767642111292,54655.0,34142994.0,medium,,,,,https://www.sec.gov/Archives/edgar/data/906709/000119312526359586/ownership.xml,https://www.sec.gov/Archives/edgar/data/906709/000119312526349805/,0
UFPI,912767,UFP INDUSTRIES INC,William D. Schwartz,0.15986514940286875,88184.0,55161491.0,medium,,,,,https://www.sec.gov/Archives/edgar/data/912767/000194236626000004/primary_doc.xml,https://www.sec.gov/Archives/edgar/data/912767/000110465926090859/,0
URI,1067701,"UNITED RENTALS, INC.",Matthew J. Flannery,0.15959420563208285,99980.275,62646557.0,high,,,,,https://www.sec.gov/Archives/edgar/data/1067701/000119312526177433/ownership.xml,https://www.sec.gov/Archives/edgar/data/1067701/000106770126000016/,0
BOH,46195,BANK OF HAWAII CORP,James C. Polk,0.1595269157754462,62934.0,39450396.0,medium,,,,,https://www.sec.gov/Archives/edgar/data/46195/000167876226000002/primarydocument.xml,https://www.sec.gov/Archives/edgar/data/46195/000004619526000056/,0
DKL,1552797,"Delek Logistics Partners, LP",Avigal Soreq,0.15937274712489644,84782.0,53197301.0,high,,,,,https://www.sec.gov/Archives/edgar/data/1552797/000164208026000015/wk-form4_1787011468.xml,https://www.sec.gov/Archives/edgar/data/1552797/000162828026053097/,0
PRMB,2042694,Primo Brands Corp,Eric J. Foss,0.15835506955635062,573806.0,362354045.0,high,,,,,https://www.sec.gov/Archives/edgar/data/2042694/000149315226037375/ownership.xml,https://www.sec.gov/Archives/edgar/data/2042694/000162828026053045/,0
ST,1477294,Sensata Technologies Holding plc,Stephan von Schuckmann,0.15818987625194403,230223.0,145535862.0,high,,,,,https://www.sec.gov/Archives/edgar/data/1477294/000205074926000008/wk-form4_1775248735.xml,https://www.sec.gov/Archives/edgar/data/1477294/000147729426000044/,0
CPT,906345,CAMDEN PROPERTY TRUST,Alexander J. Jessett,0.158027677720216,158880.0,100539350.0,medium,,,,,https://www.sec.gov/Archives/edgar/data/906345/000119312526079855/ownership.xml,https://www.sec.gov/Archives/edgar/data/906345/000162828026051327/,0
PLNT,1637207,"Planet Fitness, Inc.",Colleen Keating,0.15756934513458887,119017.0,75533093.0,medium,,,,,https://www.sec.gov/Archives/edgar/data/1637207/000202625026000010/primarydocument.xml,https://www.sec.gov/Archives/edgar/data/1637207/000163720726000044/,0
UBSI,729986,UNITED BANKSHARES INC/WV,Richard M. Adams,0.15707129821373095,213950.8536,136212571.0,medium,,,,,https://www.sec.gov/Archives/edgar/data/729986/000122520826002633/doc4.xml,https://www.sec.gov/Archives/edgar/data/729986/000119312526339565/,0
FCX,831259,FREEPORT-MCMORAN INC,Kathleen L. Quirk,0.15676988364995043,2251243.0,1436017523.0,high,,,,,https://www.sec.gov/Archives/edgar/data/831259/000121465926002157/marketforms-72233.xml,https://www.sec.gov/Archives/edgar/data/831259/000083125926000036/,0
HIG,874766,"HARTFORD INSURANCE GROUP, INC.",Christopher J. Swift,0.15606134332037755,422726.485,270872002.0,medium,,,,,https://www.sec.gov/Archives/edgar/data/874766/000122520826007060/doc4.xml,https://www.sec.gov/Archives/edgar/data/874766/000087476626000060/,0
BR,1383312,"BROADRIDGE FINANCIAL SOLUTIONS, INC.",Timothy C. Gokey,0.15448013466688185,176141.0271,114021798.0,high,,,,,https://www.sec.gov/Archives/edgar/data/1383312/000122520826007120/doc4.xml,https://www.sec.gov/Archives/edgar/data/1383312/000162828026052243/,0
GIS,40704,GENERAL MILLS INC,Jeffrey L. Harmening,0.1541778855770521,822860.3201,533708396.0,medium,,,,,https://www.sec.gov/Archives/edgar/data/40704/000089710126000326/edgardoc.xml,https://www.sec.gov/Archives/edgar/data/40704/000162828026046466/,0
AMTM,2011286,"Amentum Holdings, Inc.",John. E. Heller,0.15378696836062128,376019.0,244506413.0,medium,,,,,https://www.sec.gov/Archives/edgar/data/2011286/000201128626000021/wk-form4_1778185946.xml,https://www.sec.gov/Archives/edgar/data/2011286/000162828026055727/,0
MANH,1056696,MANHATTAN ASSOCIATES INC,Eric A. Clark,0.15373989031329952,89638.0,58304972.0,high,,,,,https://www.sec.gov/Archives/edgar/data/1056696/000122520826007068/doc4.xml,https://www.sec.gov/Archives/edgar/data/1056696/000119312526327591/,0
AWI,7431,ARMSTRONG WORLD INDUSTRIES INC,Mark A. Hershey,0.1532718138630862,64777.0,42262826.0,medium,,,,,https://www.sec.gov/Archives/edgar/data/7431/000000743126000044/form4.xml,https://www.sec.gov/Archives/edgar/data/7431/000119312526318838/,0
CHRW,1043277,"C. H. ROBINSON WORLDWIDE, INC.",David P. Bozeman,0.15316737112064296,178978.0,116851258.0,medium,,,,,https://www.sec.gov/Archives/edgar/data/1043277/000143774926022143/rdgdoc.xml,https://www.sec.gov/Archives/edgar/data/1043277/000104327726000031/,0
TRMB,864749,TRIMBLE INC.,Robert G. Painter,0.15311623494153748,357036.20389999996,233179848.0,medium,,,,,https://www.sec.gov/Archives/edgar/data/864749/000086474926000045/wk-form4_1776372528.xml,https://www.sec.gov/Archives/edgar/data/864749/000086474926000108/,0
BPOP,763901,"POPULAR, INC.",Javier D. Ferrer,0.15310076196365918,97645.371,63778501.0,medium,,,,,https://www.sec.gov/Archives/edgar/data/763901/000119312526343400/ownership.xml,https://www.sec.gov/Archives/edgar/data/763901/000076390126000019/,0
MKTX,1278021,MARKETAXESS HOLDINGS INC,Christopher R. Concannon,0.15230348651947917,53600.0,35192891.0,high,,,,,https://www.sec.gov/Archives/edgar/data/1278021/000119312526143767/ownership.xml,https://www.sec.gov/Archives/edgar/data/1278021/000119312526340249/,0
GATX,40211,GATX CORP,Robert C. Lyons,0.1520339943342776,53668.0,35300000.0,medium,,,,,https://www.sec.gov/Archives/edgar/data/40211/000120428826000005/primarydocument.xml,https://www.sec.gov/Archives/edgar/data/40211/000004021126000079/,0
WBI,2064947,WaterBridge Infrastructure LLC,Jason Long,0.15173720424219408,187329.0,123456209.0,high,,,,,https://www.sec.gov/Archives/edgar/data/2064947/000119312526338415/ownership.xml,https://www.sec.gov/Archives/edgar/data/2064947/000119312526335651/,0
ULCC,1670076,"Frontier Group Holdings, Inc.",James G. Dempsey,0.15099443382616912,347613.0,230215771.0,high,,,,,https://www.sec.gov/Archives/edgar/data/1670076/000185405426000003/primarydocument.xml,https://www.sec.gov/Archives/edgar/data/1670076/000167007626000087/,0
TRV,86312,"TRAVELERS COMPANIES, INC.",Alan D. Schnitzer,0.15064867115296288,314215.499,208575022.0,high,,,,,https://www.sec.gov/Archives/edgar/data/86312/000008631226000075/form4.xml,https://www.sec.gov/Archives/edgar/data/86312/000008631226000145/,0
FULT,700564,FULTON FINANCIAL CORP,Curtis J. Myers,0.15028318855906242,286912.4927,190914563.0,medium,,,,,https://www.sec.gov/Archives/edgar/data/700564/000158040626000002/primarydocument.xml,https://www.sec.gov/Archives/edgar/data/700564/000070056426000033/,0
TRVI,1563880,"Trevi Therapeutics, Inc.",Jennifer L. Good,0.14971871617167715,213313.0,142475841.0,medium,,,,,https://www.sec.gov/Archives/edgar/data/1563880/000119312526061391/ownership.xml,https://www.sec.gov/Archives/edgar/data/1563880/000119312526338023/,0
HUBB,48898,HUBBELL INC,Gerben W. Bakker,0.14968228595197458,79081.0,52832571.0,medium,,,,,https://www.sec.gov/Archives/edgar/data/48898/000162828026032210/wk-form4_1778185653.xml,https://www.sec.gov/Archives/edgar/data/48898/000162828026050405/,0
MOG-A,67887,MOOG INC.,Pat Roche,0.1492208891942069,47260.0,31671169.0,medium,,,,,https://www.sec.gov/Archives/edgar/data/67887/000006788726000019/wk-form4_1780075837.xml,https://www.sec.gov/Archives/edgar/data/67887/000162828026051294/,0
FG,1934850,"F&G Annuities & Life, Inc.",Conor Murphy,0.1490911554584222,195212.816,130935209.0,high,,,,,https://www.sec.gov/Archives/edgar/data/1934850/000193485026000047/form4.xml,https://www.sec.gov/Archives/edgar/data/1934850/000193485026000085/,0
EPD,1061219,ENTERPRISE PRODUCTS PARTNERS L.P.,A. James Teague,0.14855526356342783,3208017.0,2159477169.0,medium,,,,,https://www.sec.gov/Archives/edgar/data/1061219/000118325126000006/form4-03232026_080326.xml,https://www.sec.gov/Archives/edgar/data/1061219/000106121926000021/,0
NBIX,914475,NEUROCRINE BIOSCIENCES INC,Kyle W. Gano,0.14836814081168054,150815.0,101649181.0,medium,,,,,https://www.sec.gov/Archives/edgar/data/914475/000156716026000007/wk-form4_1771368497.xml,https://www.sec.gov/Archives/edgar/data/914475/000091447526000037/,0
GNW,1276520,GENWORTH FINANCIAL INC,Jerome T. Upton,0.14830923965414444,560388.0,377851037.0,medium,,,,,https://www.sec.gov/Archives/edgar/data/1276520/000150929926000006/wk-form4_1772573043.xml,https://www.sec.gov/Archives/edgar/data/1276520/000162828026054344/,0
IONS,874015,IONIS PHARMACEUTICALS INC,Brett P. Monia,0.1477702571726351,245571.0,166184322.0,high,,,,,https://www.sec.gov/Archives/edgar/data/874015/000087401526000212/edgardoc.xml,https://www.sec.gov/Archives/edgar/data/874015/000087401526000251/,0
BCC,1328581,BOISE CASCADE Co,Jeffrey R. Strom,0.1476297091505571,51510.0,34891351.0,high,,,,,https://www.sec.gov/Archives/edgar/data/1328581/000184878126000002/wk-form4_1772577284.xml,https://www.sec.gov/Archives/edgar/data/1328581/000132858126000027/,0
ESE,866706,ESCO TECHNOLOGIES INC,Bryan H. Sayler,0.14748586773895056,38210.0,25907567.0,high,,,,,https://www.sec.gov/Archives/edgar/data/866706/000195743225000018/form4-12032025_071207.xml,https://www.sec.gov/Archives/edgar/data/866706/000110465926093266/,0
RGLD,85535,ROYAL GOLD INC,William Heissenbuttel,0.14729158085516078,124797.0,84727857.0,medium,,,,,https://www.sec.gov/Archives/edgar/data/85535/000139060626000002/wk-form4_1772493437.xml,https://www.sec.gov/Archives/edgar/data/85535/000008553526000041/,0
CRUS,772406,"CIRRUS LOGIC, INC.",John M. Forsyth,0.14716997102073662,73758.0,50117561.0,medium,,,,,https://www.sec.gov/Archives/edgar/data/772406/000177887226000006/wk-form4_1779828013.xml,https://www.sec.gov/Archives/edgar/data/772406/000077240626000037/,0
ELS,895417,EQUITY LIFESTYLE PROPERTIES INC,Marguerite Nader,0.14665939699188546,284614.0,194064619.0,medium,,,,,https://www.sec.gov/Archives/edgar/data/895417/000135668126000004/wk-form4_1770335506.xml,https://www.sec.gov/Archives/edgar/data/895417/000162828026050244/,0
PIPR,1230245,PIPER SANDLER COMPANIES,Chad R. Abraham,0.1461929737914904,103315.0,70670291.0,medium,,,,,https://www.sec.gov/Archives/edgar/data/1230245/000153859126000004/wk-form4_1772485302.xml,https://www.sec.gov/Archives/edgar/data/1230245/000123024526000032/,0
NAMS,1936258,NewAmsterdam Pharma Co N.V.,Michael Davidson,0.14568188410083563,174144.0,119537169.0,medium,,,,,https://www.sec.gov/Archives/edgar/data/1936258/000119312526085947/ownership.xml,https://www.sec.gov/Archives/edgar/data/1936258/000119312526333824/,0
KMI,1506307,"KINDER MORGAN, INC.",Kimberly A. Dang,0.14563445112701257,3242991.0,2226802089.0,low,,"3 line(s) only ever footnoted, so missing from the total",,,https://www.sec.gov/Archives/edgar/data/1506307/000150630726000107/wk-form4_1785795202.xml,https://www.sec.gov/Archives/edgar/data/1506307/000150630726000085/,0
LKQ,1065696,LKQ CORP,Justin L. Jude,0.1447197727847983,366144.044,253002086.0,high,,,,,https://www.sec.gov/Archives/edgar/data/1065696/000121465926002837/marketforms-72404.xml,https://www.sec.gov/Archives/edgar/data/1065696/000106569626000044/,0
RIG,1451505,Transocean Ltd.,Keelan Adamson,0.1433353518878439,1600884.0,1116880085.0,medium,,,,,https://www.sec.gov/Archives/edgar/data/1451505/000175041526000010/form4-05052026_080546.xml,https://www.sec.gov/Archives/edgar/data/1451505/000145150526000061/,0
RVTY,31791,"REVVITY, INC.",Prahlad Singh,0.1432925504963638,159895.0,111586401.0,high,,,,,https://www.sec.gov/Archives/edgar/data/31791/000119312526354025/ownership.xml,https://www.sec.gov/Archives/edgar/data/31791/000003179126000027/,0
BBWI,701985,"Bath & Body Works, Inc.",Daniel J. Heaf,0.14294852467014693,288249.0,201645313.0,high,,,,,https://www.sec.gov/Archives/edgar/data/701985/000122520826005481/doc4.xml,https://www.sec.gov/Archives/edgar/data/701985/000070198526000029/,0
TSN,100493,"TYSON FOODS, INC.",Donnie King,0.14257367347528624,501576.339,351801512.0,medium,,,,,https://www.sec.gov/Archives/edgar/data/100493/000162828025054166/wk-form4_1764191968.xml,https://www.sec.gov/Archives/edgar/data/100493/000010049326000058/,0
DPZ,1286681,DOMINOS PIZZA INC,Russell J. Weiner,0.14256127134807167,47161.742,33081735.0,medium,,,,,https://www.sec.gov/Archives/edgar/data/1286681/000162245826000009/ownership.xml,https://www.sec.gov/Archives/edgar/data/1286681/000128668126000035/,0
WTFC,1015328,WINTRUST FINANCIAL CORP,Timothy S. Crane,0.14185819051552317,95706.0,67465967.0,high,,,,,https://www.sec.gov/Archives/edgar/data/1015328/000150187426000006/wk-form4_1772226585.xml,https://www.sec.gov/Archives/edgar/data/1015328/000101532826000022/,0
ALLY,40729,Ally Financial Inc.,Michael G. Rhodes,0.1409952113265282,428907.0,304199693.0,high,,,,,https://www.sec.gov/Archives/edgar/data/40729/000123535026000002/primarydocument.xml,https://www.sec.gov/Archives/edgar/data/40729/000004072926000017/,0
MSEX,66004,MIDDLESEX WATER CO,Nadine Leslie,0.14052789155732032,26481.0,18843946.0,medium,,,,,https://www.sec.gov/Archives/edgar/data/66004/000162828026022610/wk-form4_1775051056.xml,https://www.sec.gov/Archives/edgar/data/66004/000162828026051038/,0
GE,40545,GENERAL ELECTRIC CO,H. Lawrence Culp,0.13990279928318883,1451579.0,1037562513.0,medium,,,,,https://www.sec.gov/Archives/edgar/data/40545/000120524726000004/wk-form4_1772658912.xml,https://www.sec.gov/Archives/edgar/data/40545/000004054526000049/,0
WMG,1319161,Warner Music Group Corp.,Robert Kyncl,0.13981100016505332,731365.0,523109769.0,high,,,,,https://www.sec.gov/Archives/edgar/data/1319161/000119312526004856/ownership.xml,https://www.sec.gov/Archives/edgar/data/1319161/000131916126000032/,0
PNC,713676,"PNC FINANCIAL SERVICES GROUP, INC.",William S. Demchak,0.13963099206184415,557049.0,398943667.0,medium,,,,,https://www.sec.gov/Archives/edgar/data/713676/000162828026010979/wk-form4_1771960086.xml,https://www.sec.gov/Archives/edgar/data/713676/000162828026053170/,0
CVBF,354647,CVB FINANCIAL CORP,David A. Brager,0.13948669195093666,245493.0,175997435.0,high,,,,,https://www.sec.gov/Archives/edgar/data/354647/000035464726000057/form4.xml,https://www.sec.gov/Archives/edgar/data/354647/000119312526340248/,0
RBA,1046102,RB GLOBAL INC.,Jim Kessler,0.13870302375809934,256878.0,185200000.0,high,,,,,https://www.sec.gov/Archives/edgar/data/1046102/000119312526277331/ownership.xml,https://www.sec.gov/Archives/edgar/data/1046102/000162828026052582/,0
NOC,1133421,NORTHROP GRUMMAN CORP /DE/,Kathy J. Warden,0.13844598805040237,196680.56,142063026.0,medium,,,,,https://www.sec.gov/Archives/edgar/data/1133421/000162828026058482/wk-form4_1787346622.xml,https://www.sec.gov/Archives/edgar/data/1133421/000113342126000034/,0
ETSY,1370637,ETSY INC,Kruti Patel Goyal,0.1381723520890014,126817.0,91781748.0,medium,,,,,https://www.sec.gov/Archives/edgar/data/1370637/000177088626000007/form4-07062026_050707.xml,https://www.sec.gov/Archives/edgar/data/1370637/000137063726000080/,0
GPOR,874499,GULFPORT ENERGY CORP,Domenic J. Dell'Osso,0.1376904801246515,24349.0,17683866.0,high,,,,,https://www.sec.gov/Archives/edgar/data/874499/000150498826000012/wk-form4_1786395785.xml,https://www.sec.gov/Archives/edgar/data/874499/000162828026052313/,0
PPC,802481,PILGRIMS PRIDE CORP,Fabio Sandri,0.13768973680253463,327851.0,238108524.0,high,,,,,https://www.sec.gov/Archives/edgar/data/802481/000152358126000002/wk-form4_1772641986.xml,https://www.sec.gov/Archives/edgar/data/802481/000080248126000051/,0
GIC,945114,GLOBAL INDUSTRIAL Co,Anesa Chaibi,0.13751320216222482,52404.0,38108341.0,high,,,,,https://www.sec.gov/Archives/edgar/data/945114/000162828026014157/wk-form4_1772579857.xml,https://www.sec.gov/Archives/edgar/data/945114/000162828026052687/,0
SNOW,1640147,Snowflake Inc.,Sridhar Ramaswamy,0.13733843046739758,476015.0,346600000.0,medium,,,,,https://www.sec.gov/Archives/edgar/data/1640147/000171547226000008/wk-form4_1784328716.xml,https://www.sec.gov/Archives/edgar/data/1640147/000164014726000030/,0
AVO,1802974,"Mission Produce, Inc.",John M. Pawlowski,0.13730442141930857,121267.0,88319807.0,medium,,,,,https://www.sec.gov/Archives/edgar/data/1802974/000201533726000006/wk-form4_1775856157.xml,https://www.sec.gov/Archives/edgar/data/1802974/000180297426000033/,0
STX,1137789,Seagate Technology Holdings plc,Dr. William D. Mosley,0.13729319497593143,311167.5,226644518.0,medium,,,,,https://www.sec.gov/Archives/edgar/data/1137789/000113778926000182/wk-form4_1787605850.xml,https://www.sec.gov/Archives/edgar/data/1137789/000113778926000159/,0
CF,1324404,"CF Industries Holdings, Inc.",Christopher D. Bohn,0.13705666906284622,207419.0,151338130.0,high,,,,,https://www.sec.gov/Archives/edgar/data/1324404/000110465926022845/tm267877-1_4seq1.xml,https://www.sec.gov/Archives/edgar/data/1324404/000132440426000019/,0
NVAX,1000694,NOVAVAX INC,John C. Jacobs,0.13682076248523106,225680.0,164945726.0,medium,,,,,https://www.sec.gov/Archives/edgar/data/1000694/000110465926023726/tm268076-3_4seq1.xml,https://www.sec.gov/Archives/edgar/data/1000694/000100069426000018/,0
JOE,745308,ST JOE Co,Jorge L. Gonzalez,0.13680376429830143,77883.0,56930451.0,medium,,,,,https://www.sec.gov/Archives/edgar/data/745308/000119312526091557/ownership.xml,https://www.sec.gov/Archives/edgar/data/745308/000110465926088152/,0
NYT,71691,NEW YORK TIMES CO,Meredith Kopit Levien,0.13616512718163398,219612.0,161283586.0,medium,,,,,https://www.sec.gov/Archives/edgar/data/71691/000164007526000009/wk-form4_1778794325.xml,https://www.sec.gov/Archives/edgar/data/71691/000007169126000034/,0
JBIO,1798749,"Jade Biosciences, Inc.",Tom Frohlich,0.13574614315522116,86331.0,63597387.0,medium,,,,,https://www.sec.gov/Archives/edgar/data/1798749/000119312526052054/ownership.xml,https://www.sec.gov/Archives/edgar/data/1798749/000119312526341242/,0
CDP,860546,COPT DEFENSE PROPERTIES,Stephen E. Budorick,0.13568589944324183,153882.0,113410458.0,medium,,,,,https://www.sec.gov/Archives/edgar/data/860546/000116945226000004/form4-03032026_100335.xml,https://www.sec.gov/Archives/edgar/data/860546/000086054626000040/,0
VLY,714310,VALLEY NATIONAL BANCORP,Ira Robbins,0.13540099962789712,748233.0,552605226.0,medium,,,,,https://www.sec.gov/Archives/edgar/data/714310/000147893926000005/wk-form4_1772056245.xml,https://www.sec.gov/Archives/edgar/data/714310/000071431026000041/,0
FN,1408710,Fabrinet,Seamus Grady,0.1352509667680056,48467.0,35834864.0,medium,,,,,https://www.sec.gov/Archives/edgar/data/1408710/000171771826000008/form4-08262026_060806.xml,https://www.sec.gov/Archives/edgar/data/1408710/000140871026000028/,0
PANW,1327567,Palo Alto Networks Inc,Nikesh Arora,0.13520809815950918,1101946.0,815000000.0,medium,,,,,https://www.sec.gov/Archives/edgar/data/1327567/000146823326000009/ownership.xml,https://www.sec.gov/Archives/edgar/data/1327567/000132756726000015/,0
VLO,1035002,VALERO ENERGY CORP/TX,R. Lane Riggs,0.1351472341847935,389126.0,287927461.0,high,,,,,https://www.sec.gov/Archives/edgar/data/1035002/000162828026012794/wk-form4_1772226241.xml,https://www.sec.gov/Archives/edgar/data/1035002/000162828026050937/,0
LMRI,2071288,"Lumexa Imaging Holdings, Inc.",Caitlin Zulla,0.13502787656173862,129728.0,96074976.0,medium,,,,,https://www.sec.gov/Archives/edgar/data/2071288/000090514825004390/form4.xml,https://www.sec.gov/Archives/edgar/data/2071288/000119312526348902/,0
TWLO,1447669,TWILIO INC,Khozema Z. Shipchandler,0.13491955277680864,207203.0,153575220.0,medium,,,,,https://www.sec.gov/Archives/edgar/data/1447669/000144766926000077/wk-form4_1783541843.xml,https://www.sec.gov/Archives/edgar/data/1447669/000144766926000092/,0
VMI,102729,VALMONT INDUSTRIES INC,Avner M. Applbaum,0.13484170668336437,26031.0,19304858.0,high,,,,,https://www.sec.gov/Archives/edgar/data/102729/000180798826000005/form4a.xml,https://www.sec.gov/Archives/edgar/data/102729/000010272926000044/,0
MFP,2088281,"Midera Food Processing, Inc.",Mark M. Salman,0.1348184536282025,60979.0,45230455.0,medium,,,,,https://www.sec.gov/Archives/edgar/data/2088281/000119312526330260/ownership.xml,https://www.sec.gov/Archives/edgar/data/2088281/000119312526354735/,0
RYN,52827,RAYONIER INC,Mark McHugh,0.1348006195887634,405409.12,300747223.0,medium,,,,,https://www.sec.gov/Archives/edgar/data/52827/000162780626000017/wk-form4_1775508226.xml,https://www.sec.gov/Archives/edgar/data/52827/000005282726000078/,0
HP,46765,"Helmerich & Payne, Inc.",Raymond John Adams III,0.13400381602987704,133922.0,99938945.0,high,,,,,https://www.sec.gov/Archives/edgar/data/46765/000182463826000002/form4-01142026_090142.xml,https://www.sec.gov/Archives/edgar/data/46765/000004676526000042/,0
SSD,920371,"Simpson Manufacturing Co., Inc.",Mike Olosky,0.13394272523573564,54896.0,40984682.0,high,,,,,https://www.sec.gov/Archives/edgar/data/920371/000162828026009257/wk-form4_1771453669.xml,https://www.sec.gov/Archives/edgar/data/920371/000162828026054396/,0
KRC,1025996,KILROY REALTY CORP,Angela M. Aman,0.13393718762525658,155740.5639,116278807.0,high,,,,,https://www.sec.gov/Archives/edgar/data/1025996/000162828026047918/wk-form4_1783719688.xml,https://www.sec.gov/Archives/edgar/data/1025996/000162828026028013/,0
QXO,1236275,"QXO, Inc.",Brad Jacobs,0.1332140122326628,1382083.0,1037490709.0,medium,,,,,https://www.sec.gov/Archives/edgar/data/1236275/000095014226000189/es260727810_4-jacobs.xml,https://www.sec.gov/Archives/edgar/data/1236275/000162828026056919/,0
LUV,92380,SOUTHWEST AIRLINES CO,Robert E. Jordan,0.13242275960946126,647823.0,489208201.0,medium,,,,,https://www.sec.gov/Archives/edgar/data/92380/000009238026000082/wk-form4_1786134071.xml,https://www.sec.gov/Archives/edgar/data/92380/000009238026000077/,0
PFGC,1618673,Performance Food Group Co,Scott E. McPherson,0.13210753158105915,208113.0,157533032.0,high,,,,,https://www.sec.gov/Archives/edgar/data/1618673/000119312526363738/ownership.xml,https://www.sec.gov/Archives/edgar/data/1618673/000119312526346886/,0
ARCB,894405,ARCBEST CORP /TX/,Seth K. Runser,0.13084665922252406,29246.0,22351354.0,high,,,,,https://www.sec.gov/Archives/edgar/data/894405/000186829826000002/form4-05082026_080553.xml,https://www.sec.gov/Archives/edgar/data/894405/000110465926088612/,0
NDSN,72331,NORDSON CORP,Sundaram Nagarajan,0.13074475569434668,72824.0,55699366.0,medium,,,,,https://www.sec.gov/Archives/edgar/data/72331/000149850926000003/wk-form4_1772059936.xml,https://www.sec.gov/Archives/edgar/data/72331/000007233126000054/,0
CB,896159,Chubb Ltd,Evan G. Greenberg,0.13050575013299837,503491.0,385799859.0,medium,,,,,https://www.sec.gov/Archives/edgar/data/896159/000119312526239376/ownership.xml,https://www.sec.gov/Archives/edgar/data/896159/000089615926000017/,0
SSB,764038,SouthState Bank Corp,John C. Corbett,0.12982996133809727,125902.0,96974534.0,high,,,,,https://www.sec.gov/Archives/edgar/data/764038/000136215026000004/primarydocument.xml,https://www.sec.gov/Archives/edgar/data/764038/000110465926089026/,0
LW,1679273,"Lamb Weston Holdings, Inc.",MICHAEL J. SMITH,0.12977995921196708,178422.8,137481011.0,medium,,,,,https://www.sec.gov/Archives/edgar/data/1679273/000171205626000008/form4-08052026_110821.xml,https://www.sec.gov/Archives/edgar/data/1679273/000167927326000026/,0
USAC,1522727,"USA Compression Partners, LP",M. Clint Green,0.12887449230594203,186795.0,144943345.0,high,,,,,https://www.sec.gov/Archives/edgar/data/1522727/000204072425000003/wk-form4_1765317851.xml,https://www.sec.gov/Archives/edgar/data/1522727/000152272726000064/,0
SNDR,1692063,"Schneider National, Inc.",James S. Filter,0.1280307181995684,224439.0,175300899.0,high,,,,,https://www.sec.gov/Archives/edgar/data/1692063/000192527426000004/primarydocument.xml,https://www.sec.gov/Archives/edgar/data/1692063/000169206326000039/,0
HPE,1645590,Hewlett Packard Enterprise Co,Antonio F. Neri,0.12742218044593162,1687329.0,1324203521.0,medium,,,,,https://www.sec.gov/Archives/edgar/data/1645590/000164840126000004/form4.xml,https://www.sec.gov/Archives/edgar/data/1645590/000164559026000055/,0
TFX,96943,TELEFLEX INC,Jason R. Weidman,0.12740133629919498,53983.0,42372397.0,high,,,,,https://www.sec.gov/Archives/edgar/data/96943/000009694326000076/wk-form4_1781051491.xml,https://www.sec.gov/Archives/edgar/data/96943/000009694326000095/,0
AA,1675149,Alcoa Corp,William F. Oplinger,0.12671770803807345,334420.0,263909445.0,high,,,,,https://www.sec.gov/Archives/edgar/data/1675149/000119312526071781/ownership.xml,https://www.sec.gov/Archives/edgar/data/1675149/000119312526326265/,0
WTW,1140536,WILLIS TOWERS WATSON PLC,Carl A. Hess,0.12656980181214483,117547.8266,92871937.0,medium,,,,,https://www.sec.gov/Archives/edgar/data/1140536/000114053626000220/form4.xml,https://www.sec.gov/Archives/edgar/data/1140536/000119312526325374/,0
LH,920148,LABCORP HOLDINGS INC.,Adam H. Schechter,0.12646732429099877,102565.0,81100000.0,medium,,,,,https://www.sec.gov/Archives/edgar/data/920148/000092014826000177/form4.xml,https://www.sec.gov/Archives/edgar/data/920148/000092014826000175/,0
PRLB,1443669,Proto Labs Inc,Suresh Krishna,0.12602261434367015,30147.0,23921897.0,high,,,,,https://www.sec.gov/Archives/edgar/data/1443669/000162828026038475/wk-form4_1779913110.xml,https://www.sec.gov/Archives/edgar/data/1443669/000144366926000035/,0
COO,711404,"COOPER COMPANIES, INC.",Albert G. White III,0.1256582107128506,245072.0,195030630.0,medium,,,,,https://www.sec.gov/Archives/edgar/data/711404/000135770526000001/primarydocument.xml,https://www.sec.gov/Archives/edgar/data/711404/000162828026041305/,0
XIFR,1603145,"XPLR Infrastructure, LP",S. Alan Liu,0.12521639991685832,118045.0,94272795.0,high,,,,,https://www.sec.gov/Archives/edgar/data/1603145/000205546526000004/form4.xml,https://www.sec.gov/Archives/edgar/data/1603145/000160314526000032/,0
IOVA,1425205,"IOVANCE BIOTHERAPEUTICS, INC.",Frederick G. Vogt,0.12417825060543773,562492.0,452971432.0,high,,,,,https://www.sec.gov/Archives/edgar/data/1425205/000110465926071899/tm2617137-4_4seq1.xml,https://www.sec.gov/Archives/edgar/data/1425205/000110465926091716/,0
FLR,1124198,FLUOR CORP,James R. Breuer,0.1241278342724752,166009.89,133741067.0,high,,,,,https://www.sec.gov/Archives/edgar/data/1124198/000184061126000007/form4-03102026_040316.xml,https://www.sec.gov/Archives/edgar/data/1124198/000112419826000071/,0
ARDT,1756655,"Ardent Health, Inc.",David Caspers,0.12402345003885862,174930.0,141045907.0,medium,,,,,https://www.sec.gov/Archives/edgar/data/1756655/000162828026046788/wk-form4_1783012608.xml,https://www.sec.gov/Archives/edgar/data/1756655/000162828026055215/,0
AMP,820027,AMERIPRISE FINANCIAL INC,James M. Cracchiolo,0.12381675007224631,109371.321,88333219.0,medium,,,,,https://www.sec.gov/Archives/edgar/data/820027/000119648426000014/form4-07302026_090726.xml,https://www.sec.gov/Archives/edgar/data/820027/000082002726000043/,0
CW,26324,CURTISS WRIGHT CORP,Lynn M. Bamford,0.12360007368731475,45651.0,36934444.0,high,,,,,https://www.sec.gov/Archives/edgar/data/26324/000162828026047231/wk-form4_1783368386.xml,https://www.sec.gov/Archives/edgar/data/26324/000162828026054196/,0
DXCM,1093557,DEXCOM INC,Jacob Leach,0.12354331537355241,466204.0,377360765.0,medium,,,,,https://www.sec.gov/Archives/edgar/data/1093557/000109355726000159/wk-form4_1787688890.xml,https://www.sec.gov/Archives/edgar/data/1093557/000109355726000143/,0
TXRH,1289460,"Texas Roadhouse, Inc.",Gerald L. Morgan,0.12335292162088025,80970.0,65640926.0,high,,,,,https://www.sec.gov/Archives/edgar/data/1289460/000183360526000005/form4-08212026_080804.xml,https://www.sec.gov/Archives/edgar/data/1289460/000110465926092408/,0
IMVT,1764013,"Immunovant, Inc.",Eric Venker,0.12310660773700338,254280.0,206552682.0,medium,,,,,https://www.sec.gov/Archives/edgar/data/1764013/000176401326000077/wk-form4_1783371682.xml,https://www.sec.gov/Archives/edgar/data/1764013/000176401326000101/,0
BB,1070235,BLACKBERRY Ltd,John Giamatteo,0.12307037528863375,721316.0,586100431.0,high,,,,,https://www.sec.gov/Archives/edgar/data/1070235/000107023526000092/wk-form4_1783715542.xml,https://www.sec.gov/Archives/edgar/data/1070235/000107023526000076/,0
BRBR,1772016,"BELLRING BRANDS, INC.",Michael C. Axelrod,0.12294996600996401,142964.0,116278194.0,high,,,,,https://www.sec.gov/Archives/edgar/data/1772016/000162828026051505/wk-form4_1785537550.xml,https://www.sec.gov/Archives/edgar/data/1772016/000177201626000022/,0
FRMI,2071778,Fermi Inc.,Lee McIntire,0.12255316409978795,784913.0,640467348.0,high,,,,,https://www.sec.gov/Archives/edgar/data/2071778/000121390026091318/ownership.xml,https://www.sec.gov/Archives/edgar/data/2071778/000207177826000051/,0
WTRG,78128,"Essential Utilities, Inc.",Christopher H. Franklin,0.12173433582140557,345456.0,283778605.0,medium,,,,,https://www.sec.gov/Archives/edgar/data/78128/000007812826000039/form4.xml,https://www.sec.gov/Archives/edgar/data/78128/000007812826000077/,0
AMGN,318154,AMGEN INC,Robert A. Bradway,0.12119519265234768,655220.0,540632005.0,medium,,,,,https://www.sec.gov/Archives/edgar/data/318154/000031815426000084/form4.xml,https://www.sec.gov/Archives/edgar/data/318154/000031815426000126/,0
GNTX,355811,GENTEX CORP,Steven R. Downing,0.12111162225738685,255162.0,210683331.0,medium,,,,,https://www.sec.gov/Archives/edgar/data/355811/000157737926000001/primarydocument.xml,https://www.sec.gov/Archives/edgar/data/355811/000035581126000048/,0
LECO,59527,LINCOLN ELECTRIC HOLDINGS INC,Steven B. Hedlund,0.12103458906184902,65970.819,54505757.0,medium,,,,,https://www.sec.gov/Archives/edgar/data/59527/000152968426000005/form4-08242026_040801.xml,https://www.sec.gov/Archives/edgar/data/59527/000005952726000022/,0
TFSL,1381668,TFS Financial CORP,Marc A. Stefanski,0.12080861208199156,338799.0,280442755.0,medium,,,,,https://www.sec.gov/Archives/edgar/data/1381668/000138816126000006/wk-form4_1778006797.xml,https://www.sec.gov/Archives/edgar/data/1381668/000138166826000039/,0
DGX,1022079,QUEST DIAGNOSTICS INC,James E. Davis,0.11997732061432215,132423.0,110373360.0,medium,,,,,https://www.sec.gov/Archives/edgar/data/1022079/000159983726000005/wk-form4_1780439916.xml,https://www.sec.gov/Archives/edgar/data/1022079/000102207926000070/,0
WCN,1318220,"Waste Connections, Inc.",Ronald J. Mittelstaedt,0.11942771629506538,301017.0,252049532.0,medium,,,,,https://www.sec.gov/Archives/edgar/data/1318220/000106429926000005/primarydocument.xml,https://www.sec.gov/Archives/edgar/data/1318220/000110465926086006/,0
ULS,1901440,UL Solutions Inc.,Jennifer Scanlon,0.11937156063319106,241009.0,201898173.0,high,,,,,https://www.sec.gov/Archives/edgar/data/1901440/000090514826003480/form4.xml,https://www.sec.gov/Archives/edgar/data/1901440/000190144026000023/,0
RF,1281761,REGIONS FINANCIAL CORP,John M. Turner,0.11873892325311715,1011571.9223,851929506.0,medium,,,,,https://www.sec.gov/Archives/edgar/data/1281761/000131906026000004/wk-form4_1775599409.xml,https://www.sec.gov/Archives/edgar/data/1281761/000128176126000055/,0
NEO,1077183,NEOGENOMICS INC,Anthony Zook,0.11831911219763092,152011.0,128475440.0,medium,,,,,https://www.sec.gov/Archives/edgar/data/1077183/000162828026023689/wk-form4_1775248724.xml,https://www.sec.gov/Archives/edgar/data/1077183/000107718326000059/,0
AXGN,805928,"Axogen, Inc.",Michael Dale,0.11818305783172435,63537.0,53761513.0,high,,,,,https://www.sec.gov/Archives/edgar/data/805928/000080592826000036/wk-form4_1772227199.xml,https://www.sec.gov/Archives/edgar/data/805928/000080592826000094/,0
UNH,731766,UNITEDHEALTH GROUP INC,Stephen Hemsley,0.11756827757278779,1055286.8011999999,897594847.0,medium,,,,,https://www.sec.gov/Archives/edgar/data/731766/000073176626000163/wk-form4_1782423433.xml,https://www.sec.gov/Archives/edgar/data/731766/000073176626000197/,0
HL,719413,HECLA MINING CO/DE/,Rob Krcmarov,0.1174863187341413,789236.0,671768431.0,medium,,,,,https://www.sec.gov/Archives/edgar/data/719413/000200365626000001/primary_doc.xml,https://www.sec.gov/Archives/edgar/data/719413/000119312526333090/,0
VICI,1705696,VICI PROPERTIES INC.,Edward B. Pitoniak,0.11726785147221082,1291210.0,1101077562.0,high,,,,,https://www.sec.gov/Archives/edgar/data/1705696/000166171226000001/wk-form4_1780432322.xml,https://www.sec.gov/Archives/edgar/data/1705696/000170569626000090/,0
IR,1699150,Ingersoll Rand Inc.,Vicente Reynal,0.11722594571137886,454836.0,387999429.0,high,,,,,https://www.sec.gov/Archives/edgar/data/1699150/000114036126014855/form4.xml,https://www.sec.gov/Archives/edgar/data/1699150/000162828026051415/,0
LII,1069202,LENNOX INTERNATIONAL INC,Alok Maskara,0.11712444852422588,40479.0,34560675.0,high,,,,,https://www.sec.gov/Archives/edgar/data/1069202/000106920226000038/wk-form4_1773673731.xml,https://www.sec.gov/Archives/edgar/data/1069202/000106920226000087/,0
VOYA,1535929,"Voya Financial, Inc.",Heather H. Lavallee,0.11694842139830601,105951.0,90596349.0,medium,,,,,https://www.sec.gov/Archives/edgar/data/1535929/000153592926000036/form4.xml,https://www.sec.gov/Archives/edgar/data/1535929/000153592926000157/,0
DNTH,1690585,"Dianthus Therapeutics, Inc. /DE/",Marino Garcia,0.11672964344039011,65292.0,55934378.0,high,,,,,https://www.sec.gov/Archives/edgar/data/1690585/000166986626000010/ownership.xml,https://www.sec.gov/Archives/edgar/data/1690585/000169058526000034/,0
VTRS,1792044,Viatris Inc,Scott A. Smith,0.1157353799046063,1329326.0,1148590864.0,high,,,,,https://www.sec.gov/Archives/edgar/data/1792044/000114036126008887/form4.xml,https://www.sec.gov/Archives/edgar/data/1792044/000179204426000041/,0
SAIC,1571123,Science Applications International Corp,James C. Reagan,0.11551964687266955,48400.0,41897635.0,high,,,,,https://www.sec.gov/Archives/edgar/data/1571123/000157112326000093/wk-form4_1780603754.xml,https://www.sec.gov/Archives/edgar/data/1571123/000157112326000133/,0
LHX,202058,"L3HARRIS TECHNOLOGIES, INC. /DE/",Christopher Kubasik,0.11478851907091975,213753.0,186214616.0,medium,,,,,https://www.sec.gov/Archives/edgar/data/202058/000119400126000003/wk-form4_1772489028.xml,https://www.sec.gov/Archives/edgar/data/202058/000020205826000058/,0
NVR,906163,NVR INC,Eugene J. Bredow,0.11385213482134146,3034.0,2664860.0,medium,,,,,https://www.sec.gov/Archives/edgar/data/906163/000090616326000077/wk-form4_1779134113.xml,https://www.sec.gov/Archives/edgar/data/906163/000090616326000093/,0
BKD,1332349,Brookdale Senior Living Inc.,Nikolas W. Stengle,0.11379873008504426,271771.0,238817252.0,high,,,,,https://www.sec.gov/Archives/edgar/data/1332349/000133234926000020/wk-form4_1771365202.xml,https://www.sec.gov/Archives/edgar/data/1332349/000133234926000064/,0
KEY,91576,KEYCORP /NEW/,Christopher M. Gorman,0.11379434984175299,1214332.0,1067128554.0,medium,,,,,https://www.sec.gov/Archives/edgar/data/91576/000148664326000001/wk-form4_1771449699.xml,https://www.sec.gov/Archives/edgar/data/91576/000162828026052671/,0
SIRI,908937,SIRIUS XM HOLDINGS INC.,Jennifer C. Witz,0.11375279217204397,383423.0,337066891.0,medium,,,,,https://www.sec.gov/Archives/edgar/data/908937/000122520826007375/doc4.xml,https://www.sec.gov/Archives/edgar/data/908937/000090893726000022/,0
ORC,1518621,"Orchid Island Capital, Inc.",Robert E. Cauley,0.11371748015682975,226984.0,199603438.0,medium,,,,,https://www.sec.gov/Archives/edgar/data/1518621/000143774926021995/rdgdoc.xml,https://www.sec.gov/Archives/edgar/data/1518621/000143774926024400/,0
CE,1306830,Celanese Corp,Scott A. Richardson,0.11299805029527123,124014.1466,109748926.0,high,,,,,https://www.sec.gov/Archives/edgar/data/1306830/000130683026000044/wk-form4_1772572778.xml,https://www.sec.gov/Archives/edgar/data/1306830/000130683026000117/,0
ETON,1710340,"Eton Pharmaceuticals, Inc.",Judith M. Matthews,0.1128147769655078,32246.0,28583135.0,medium,,,,,https://www.sec.gov/Archives/edgar/data/1710340/000143774926025715/rdgdoc.xml,https://www.sec.gov/Archives/edgar/data/1710340/000143774926027684/,0
GSHD,1726978,"Goosehead Insurance, Inc.",Mark K. Miller,0.11262559689806581,40000.0,35515905.0,medium,,,,,https://www.sec.gov/Archives/edgar/data/1726978/000172697826000047/wk-form4_1778883181.xml,https://www.sec.gov/Archives/edgar/data/1726978/000172697826000060/,0
AGM,845877,FEDERAL AGRICULTURAL MORTGAGE CORP,Zachary N. Carpenter,0.11252892001536872,12213.0,10853210.0,medium,,,,,https://www.sec.gov/Archives/edgar/data/845877/000177694126000002/wk-form4_1775165496.xml,https://www.sec.gov/Archives/edgar/data/845877/000084587726000123/,0
WWD,108312,"Woodward, Inc.",Charles Blankenship,0.11221962875610839,66261.0,59045820.0,medium,,,,,https://www.sec.gov/Archives/edgar/data/108312/000119312526102006/ownership.xml,https://www.sec.gov/Archives/edgar/data/108312/000119312526325790/,0
CXT,25445,"Crane NXT, Co.",Aaron Saak,0.11221948689696119,64595.0,57561304.0,high,,,,,https://www.sec.gov/Archives/edgar/data/25445/000193048926000006/wk-form4_1781640324.xml,https://www.sec.gov/Archives/edgar/data/25445/000002544526000034/,0
NBTB,790359,NBT BANCORP INC,Scott A. Kingsley,0.11150102383444085,57936.0,51960061.0,high,,,,,https://www.sec.gov/Archives/edgar/data/790359/000114036126011218/form4.xml,https://www.sec.gov/Archives/edgar/data/790359/000114036126031820/,0
BSX,885725,BOSTON SCIENTIFIC CORP,Michael F. Mahoney,0.11124138523796541,1612143.0,1449229526.0,medium,,,,,https://www.sec.gov/Archives/edgar/data/885725/000122520826006950/doc4.xml,https://www.sec.gov/Archives/edgar/data/885725/000088572526000053/,0
BMRN,1048477,BIOMARIN PHARMACEUTICAL INC,Alexander Hardy,0.11088021491590706,214635.0,193573759.0,high,,,,,https://www.sec.gov/Archives/edgar/data/1048477/000162828026019847/wk-form4_1773952468.xml,https://www.sec.gov/Archives/edgar/data/1048477/000104847726000016/,0
BAX,10456,BAXTER INTERNATIONAL INC,Andrew P. Hider,0.11068538269287456,572239.0,516995999.0,high,,,,,https://www.sec.gov/Archives/edgar/data/10456/000162828026014248/wk-form4_1772583051.xml,https://www.sec.gov/Archives/edgar/data/10456/000162828026051118/,0
QDEL,1906324,QuidelOrtho Corp,Brian J. Blaser,0.1104214779442788,75722.0,68575427.0,high,,,,,https://www.sec.gov/Archives/edgar/data/1906324/000149228926000008/wk-form4_1779221140.xml,https://www.sec.gov/Archives/edgar/data/1906324/000190632426000033/,0
DINO,1915657,HF Sinclair Corp,Franklin Myers,0.11022486075211478,195962.0,177783849.0,medium,,,,,https://www.sec.gov/Archives/edgar/data/1915657/000119312526355790/ownership.xml,https://www.sec.gov/Archives/edgar/data/1915657/000191565726000057/,0
MET,1099219,METLIFE INC,Michel A. Khalaf,0.1097929712875319,697709.0,635476927.0,medium,,,,,https://www.sec.gov/Archives/edgar/data/1099219/000153549126000005/wk-form4_1772658165.xml,https://www.sec.gov/Archives/edgar/data/1099219/000109921926000050/,0
STT,93751,STATE STREET CORP,Ronald P. O'Hanley,0.10949547411899592,300786.0,274701765.0,medium,,,,,https://www.sec.gov/Archives/edgar/data/93751/000009375126000573/wk-form4_1787083374.xml,https://www.sec.gov/Archives/edgar/data/93751/000009375126000397/,0
AVTR,1722482,"Avantor, Inc.",Emmanuel Ligner,0.10901520855408646,737334.0,676358840.0,high,,,,,https://www.sec.gov/Archives/edgar/data/1722482/000162828026058303/wk-form4_1787266951.xml,https://www.sec.gov/Archives/edgar/data/1722482/000162828026050415/,0
GLW,24741,CORNING INC /NY,Wendell P. Weeks,0.10871423483446283,936451.733,861388331.0,medium,,,,,https://www.sec.gov/Archives/edgar/data/24741/000002474126000237/form4.xml,https://www.sec.gov/Archives/edgar/data/24741/000002474126000255/,0
NI,1111711,NISOURCE INC.,Lloyd M. Yates,0.10834027518135893,519556.732,479560100.0,high,,,,,https://www.sec.gov/Archives/edgar/data/1111711/000111171126000073/form4.xml,https://www.sec.gov/Archives/edgar/data/1111711/000111171126000088/,0
OVV,1792580,Ovintiv Inc.,Brendan M. McCracken,0.10787228245818076,297192.0,275503580.0,medium,,,,,https://www.sec.gov/Archives/edgar/data/1792580/000119312526349557/ownership.xml,https://www.sec.gov/Archives/edgar/data/1792580/000119312526314501/,0
FLNC,1868941,"Fluence Energy, Inc.",Julian Nebreda,0.10770038494094106,198811.0,184596369.0,high,,,,,https://www.sec.gov/Archives/edgar/data/1868941/000175440626000003/wk-form4_1771621337.xml,https://www.sec.gov/Archives/edgar/data/1868941/000186894126000029/,0
AXTA,1616862,Axalta Coating Systems Ltd.,Chris Villavarayan,0.1076735834175346,230443.0,214019997.0,high,,,,,https://www.sec.gov/Archives/edgar/data/1616862/000162828026015407/wk-form4_1772752213.xml,https://www.sec.gov/Archives/edgar/data/1616862/000162828026050466/,0
HBNC,706129,HORIZON BANCORP INC /IN/,Thomas M. Prame,0.10708056297109338,54980.0,51344519.0,high,,,,,https://www.sec.gov/Archives/edgar/data/706129/000155017526000004/wk-form4_1774382750.xml,https://www.sec.gov/Archives/edgar/data/706129/000070612926000063/,0
HAL,45012,HALLIBURTON CO,Jeffrey A. Miller,0.10675263442894045,889388.615,833130367.0,medium,,,,,https://www.sec.gov/Archives/edgar/data/45012/000155866726000020/wk-form4_1787167249.xml,https://www.sec.gov/Archives/edgar/data/45012/000004501226000061/,0
KMB,55785,KIMBERLY CLARK CORP,Michael D. Hsu,0.10668351262715481,354807.0,332579038.0,high,,,,,https://www.sec.gov/Archives/edgar/data/55785/000122520826004817/doc4.xml,https://www.sec.gov/Archives/edgar/data/55785/000162828026052348/,0
CPB,16732,CAMPBELL'S Co,Mick J. Beekhuizen,0.1063301012111943,317083.0,298206243.0,high,,,,,https://www.sec.gov/Archives/edgar/data/16732/000147265325000005/wk-form4_1759435653.xml,https://www.sec.gov/Archives/edgar/data/16732/000001673226000012/,0
PFG,1126328,PRINCIPAL FINANCIAL GROUP INC,Deanna D. Strable-Soethout,0.10621395170971562,227409.0,214104641.0,medium,,,,,https://www.sec.gov/Archives/edgar/data/1126328/000112632826000148/form4.xml,https://www.sec.gov/Archives/edgar/data/1126328/000110465926088071/,0
FCEL,886128,FUELCELL ENERGY INC,Jason B. Few,0.1059753530094653,71648.0,67608173.0,medium,,,,,https://www.sec.gov/Archives/edgar/data/886128/000089706926000011/form4.xml,https://www.sec.gov/Archives/edgar/data/886128/000110465926071183/,0
PGR,80661,PROGRESSIVE CORP/OH/,Susan Patricia Griffith,0.10533864569997956,612409.149,581371770.0,medium,,,,,https://www.sec.gov/Archives/edgar/data/80661/000008066126000302/form4.xml,https://www.sec.gov/Archives/edgar/data/80661/000008066126000308/,0
PRI,1475922,"Primerica, Inc.",Glenn J. Williams,0.10460937994986573,32195.995,30777350.0,medium,,,,,https://www.sec.gov/Archives/edgar/data/1475922/000147592226000070/form4.xml,https://www.sec.gov/Archives/edgar/data/1475922/000119312526337365/,0
CARR,1783180,CARRIER GLOBAL Corp,David Gitlin,0.1045437595150253,868320.0,830580423.0,medium,,,,,https://www.sec.gov/Archives/edgar/data/1783180/000122520826001259/doc4.xml,https://www.sec.gov/Archives/edgar/data/1783180/000178318026000026/,0
MSA,66570,MSA Safety Inc,Steven C. Blanco,0.10430478137586661,40239.0,38578289.0,medium,,,,,https://www.sec.gov/Archives/edgar/data/66570/000122520826006057/doc4.xml,https://www.sec.gov/Archives/edgar/data/66570/000006657026000027/,0
TSCO,916365,TRACTOR SUPPLY CO /DE/,Harry A. Lawton III,0.10394440073625269,541592.048,521040137.0,high,,,,,https://www.sec.gov/Archives/edgar/data/916365/000164722226000012/wk-form4_1785962413.xml,https://www.sec.gov/Archives/edgar/data/916365/000091636526000059/,0
MDLZ,1103982,"Mondelez International, Inc.",Dirk Van de Put,0.10393164821962728,1326488.0,1276308057.0,high,,,,,https://www.sec.gov/Archives/edgar/data/1103982/000162828026058409/wk-form4_1787342473.xml,https://www.sec.gov/Archives/edgar/data/1103982/000162828026050179/,0
F,37996,FORD MOTOR CO,James D. Farley,0.10360809733521059,4131472.0,3987595667.0,medium,,,,,https://www.sec.gov/Archives/edgar/data/37996/000003799626000063/wk-form4_1772746579.xml,https://www.sec.gov/Archives/edgar/data/37996/000003799626000156/,0
VVX,1601548,"V2X, Inc.",Jeremy C. Wensinger,0.10345710519560822,32429.0,31345358.0,high,,,,,https://www.sec.gov/Archives/edgar/data/1601548/000129095126000008/wk-form4_1782763852.xml,https://www.sec.gov/Archives/edgar/data/1601548/000160154826000038/,0
EBAY,1065088,EBAY INC,Jamie Iannone,0.10340629213483146,460158.0,445000000.0,medium,,,,,https://www.sec.gov/Archives/edgar/data/1065088/000106508826000179/form4.xml,https://www.sec.gov/Archives/edgar/data/1065088/000106508826000177/,0
AEE,1002910,AMEREN CORP,Martin J. Lyons,0.10287301531508167,284797.0,276843251.0,medium,,,,,https://www.sec.gov/Archives/edgar/data/1002910/000119009926000004/wk-form4_1772574419.xml,https://www.sec.gov/Archives/edgar/data/1002910/000100291026000023/,0
HLF,1180262,HERBALIFE LTD.,Stephan P. Gratziani,0.10239173583905403,107310.0,104803380.0,medium,,,,,https://www.sec.gov/Archives/edgar/data/1180262/000121390026052503/ownership.xml,https://www.sec.gov/Archives/edgar/data/1180262/000119312526335172/,0
LCID,1811210,"Lucid Group, Inc.",Silvio Napoli,0.10203081189275283,402073.0,394070176.0,low,,the matched insider (Napoli Silvio) is not flagged as an officer on any filing; this may be a trust or entity named after the chief executive,,,https://www.sec.gov/Archives/edgar/data/1811210/000162828026025745/wk-form4_1776456761.xml,https://www.sec.gov/Archives/edgar/data/1811210/000162828026052606/,0
ORA,1296445,"ORMAT TECHNOLOGIES, INC.",Doron Blachar,0.10201157810434831,62734.0,61496941.0,high,,,,,https://www.sec.gov/Archives/edgar/data/1296445/000143774926009679/rdgdoc.xml,https://www.sec.gov/Archives/edgar/data/1296445/000129644526000014/,0
FBNC,811589,FIRST BANCORP /NC/,Richard H. Moore,0.10187744682854574,42151.0,41374221.0,medium,,,,,https://www.sec.gov/Archives/edgar/data/811589/000081158926000144/form4a.xml,https://www.sec.gov/Archives/edgar/data/811589/000081158926000153/,0
TFC,92230,TRUIST FINANCIAL CORP,William H. Rogers Jr,0.10145036543699243,1239344.232,1221626188.0,medium,,,,,https://www.sec.gov/Archives/edgar/data/92230/000118200226000006/f4_a1eus000009ovg5mak-live.xml,https://www.sec.gov/Archives/edgar/data/92230/000009223026000099/,0
EXR,1289490,Extra Space Storage Inc.,Joseph D. Margolis,0.10119063154380244,213785.0,211269558.0,high,,,,,https://www.sec.gov/Archives/edgar/data/1289490/000133012126000002/wk-form4_1785961861.xml,https://www.sec.gov/Archives/edgar/data/1289490/000128949026000053/,0
TEVA,818686,TEVA PHARMACEUTICAL INDUSTRIES LTD,Richard D. Francis,0.10104976891006183,1177529.0,1165296084.0,high,,,,,https://www.sec.gov/Archives/edgar/data/818686/000119312526261660/ownership.xml,https://www.sec.gov/Archives/edgar/data/818686/000119312526323619/,0
NLY,1043219,ANNALY CAPITAL MANAGEMENT INC,David L. Finkelstein,0.10096821257406662,761012.0,753714442.0,medium,,,,,https://www.sec.gov/Archives/edgar/data/1043219/000168853726000011/wk-form4_1785874529.xml,https://www.sec.gov/Archives/edgar/data/1043219/000104321926000058/,0
LEA,842162,LEAR CORP,Raymond E. Scott,0.10094118240484638,49789.0,49324764.0,medium,,,,,https://www.sec.gov/Archives/edgar/data/842162/000119312526283036/ownership.xml,https://www.sec.gov/Archives/edgar/data/842162/000084216226000068/,0
INDB,776901,INDEPENDENT BANK CORP,Jeffrey J. Tengel,0.10085885378567155,47775.9303,47369099.0,high,,,,,https://www.sec.gov/Archives/edgar/data/776901/000137935226000002/wk-form4_1773692061.xml,https://www.sec.gov/Archives/edgar/data/776901/000077690126000129/,0
PNFP,2082866,"Pinnacle Financial Partners, Inc.",Kevin S. Blair,0.10047604224239615,151832.0,151112640.0,high,,,,,https://www.sec.gov/Archives/edgar/data/2082866/000168080926000006/wk-form4_1771450074.xml,https://www.sec.gov/Archives/edgar/data/2082866/000208286626000082/,0
ULTA,1403568,"Ulta Beauty, Inc.",Kecia L. Steelman,0.09937210739147785,42489.0,42757471.0,high,,,,,https://www.sec.gov/Archives/edgar/data/1403568/000089706926000776/form4.xml,https://www.sec.gov/Archives/edgar/data/1403568/000110465926102442/,0
IRM,1020569,IRON MOUNTAIN INC,William L. Meaney,0.09931044924090271,295650.0,297702812.0,medium,,,,,https://www.sec.gov/Archives/edgar/data/1020569/000156639126000022/wk-form4_1786392745.xml,https://www.sec.gov/Archives/edgar/data/1020569/000102056926000071/,0
ETR,65984,ENTERGY CORP /DE/,Andrew S. Marsh,0.09892382593469261,452905.0,457832070.0,low,,"1 line(s) only ever footnoted, so missing from the total",,,https://www.sec.gov/Archives/edgar/data/65984/000006598426000152/form4.xml,https://www.sec.gov/Archives/edgar/data/65984/000006598426000222/,0
BRX,1581068,Brixmor Property Group Inc.,Brian T. Finnegan,0.09812224312863727,301110.0,306872316.0,low,,"1 line(s) only ever footnoted, so missing from the total",,,https://www.sec.gov/Archives/edgar/data/1581068/000112329226000108/form4.xml,https://www.sec.gov/Archives/edgar/data/1581068/000158106826000026/,0
PCG,1004980,PG&E Corp,Patricia K. Poppe,0.0978322350482672,2622012.0,2680110496.0,high,,,,,https://www.sec.gov/Archives/edgar/data/1004980/000162828026028071/wk-form4_1777426221.xml,https://www.sec.gov/Archives/edgar/data/1004980/000100498026000048/,0
SYY,96021,SYSCO CORP,Kevin P. Hourican,0.09775543468514253,468342.393,479096016.0,medium,,,,,https://www.sec.gov/Archives/edgar/data/96021/000174185326000007/wk-form4_1787690786.xml,https://www.sec.gov/Archives/edgar/data/96021/000009602126000033/,0
KLIC,56978,KULICKE & SOFFA INDUSTRIES INC,Lester Wong,0.09696896268931741,50743.0,52329115.0,medium,,,,,https://www.sec.gov/Archives/edgar/data/56978/000152930626000003/wk-form4_1782134995.xml,https://www.sec.gov/Archives/edgar/data/56978/000005697826000032/,0
UUUU,1385849,ENERGY FUELS INC,Ross R. Bhappu,0.0968967655471766,242208.0,249965000.0,medium,,,,,https://www.sec.gov/Archives/edgar/data/1385849/000138584926000031/primary_doc.xml,https://www.sec.gov/Archives/edgar/data/1385849/000138584926000029/,0
AVY,8818,Avery Dennison Corp,Deon M. Stander,0.09678427002472234,73351.0,75788142.0,high,,,,,https://www.sec.gov/Archives/edgar/data/8818/000000881826000044/form4.xml,https://www.sec.gov/Archives/edgar/data/8818/000000881826000131/,0
ADSK,769397,"Autodesk, Inc.",Andrew Anagnost,0.0961909952606635,202963.0,211000000.0,medium,,,,,https://www.sec.gov/Archives/edgar/data/769397/000166176826000004/wk-form4_1781726703.xml,https://www.sec.gov/Archives/edgar/data/769397/000076939726000044/,0
RGEN,730272,REPLIGEN CORP,Olivier Loeillot,0.09612014369435219,54246.0,56435621.0,high,,,,,https://www.sec.gov/Archives/edgar/data/730272/000162828026058417/wk-form4_1787342788.xml,https://www.sec.gov/Archives/edgar/data/730272/000119312526323773/,0
BNY,1390777,Bank of New York Mellon Corp,Robin Vince,0.09589138366674849,650627.01,678504142.0,high,,,,,https://www.sec.gov/Archives/edgar/data/1390777/000119312526307846/ownership.xml,https://www.sec.gov/Archives/edgar/data/1390777/000139077726000086/,0
MTCH,891103,"Match Group, Inc.",Spencer Rascoff,0.09518669675932778,218502.0,229550985.0,high,,,,,https://www.sec.gov/Archives/edgar/data/891103/000089110326000125/wk-form4_1784840836.xml,https://www.sec.gov/Archives/edgar/data/891103/000089110326000130/,0
OGS,1587732,"ONE Gas, Inc.",Robert S. McAnnally,0.09470839742797338,59530.166,62856270.0,medium,,,,,https://www.sec.gov/Archives/edgar/data/1587732/000119312526059412/ownership.xml,https://www.sec.gov/Archives/edgar/data/1587732/000158773226000035/,0
EPAM,1352010,"EPAM Systems, Inc.",Balazs Fejes,0.09438746182878971,48691.642,51586981.0,medium,,,,,https://www.sec.gov/Archives/edgar/data/1352010/000153840826000004/wk-form4_1777925777.xml,https://www.sec.gov/Archives/edgar/data/1352010/000135201026000046/,0
PRK,805676,PARK NATIONAL CORP /OH/,Matthew R. Miller,0.09431290719784882,17036.8354,18064161.0,medium,,,,,https://www.sec.gov/Archives/edgar/data/805676/000156584026000002/wk-form4_1775160660.xml,https://www.sec.gov/Archives/edgar/data/805676/000080567626000061/,0
NFG,70145,NATIONAL FUEL GAS CO,D. P. Bauer,0.09424052470080545,89571.0,95045099.0,medium,,,,,https://www.sec.gov/Archives/edgar/data/70145/000149582925000009/primarydocument.xml,https://www.sec.gov/Archives/edgar/data/70145/000007014526000033/,0
AVA,104918,AVISTA CORP,Heather L. Rosentrater,0.09411861067858841,78827.0,83752830.0,medium,,,,,https://www.sec.gov/Archives/edgar/data/104918/000010491826000038/primary_doc.xml,https://www.sec.gov/Archives/edgar/data/104918/000119312526329083/,0
FMBH,700565,"FIRST MID BANCSHARES, INC.",Matthew K. Smith,0.09407244937882661,25025.070200000002,26601912.0,medium,,,,,https://www.sec.gov/Archives/edgar/data/700565/000070056526000044/form4.xml,https://www.sec.gov/Archives/edgar/data/700565/000119312526339679/,0
SARO,2025410,"StandardAero, Inc.",Russell Ford,0.09364031572990344,309874.0,330919431.0,high,,,,,https://www.sec.gov/Archives/edgar/data/2025410/000119312526347396/ownership.xml,https://www.sec.gov/Archives/edgar/data/2025410/000202541026000009/,0
MCY,64996,MERCURY GENERAL CORP,Gabriel Tirador,0.09244135984811468,51202.0,55388627.0,medium,,,,,https://www.sec.gov/Archives/edgar/data/64996/000119312526143833/ownership.xml,https://www.sec.gov/Archives/edgar/data/64996/000006499626000020/,0
WLY,107140,"JOHN WILEY & SONS, INC.",Matthew S. Kissner,0.09236145019080344,46883.0,50760355.0,medium,,,,,https://www.sec.gov/Archives/edgar/data/107140/000120453226000005/wk-form4_1782943110.xml,https://www.sec.gov/Archives/edgar/data/107140/000162828026045111/,0
TKO,1973266,"TKO Group Holdings, Inc.",Ariel Emanuel,0.09210876755543027,174334.0,189269713.0,medium,,,,,https://www.sec.gov/Archives/edgar/data/1973266/000119312526357350/ownership.xml,https://www.sec.gov/Archives/edgar/data/1973266/000119312526330592/,0
CDNS,813672,CADENCE DESIGN SYSTEMS INC,Anirudh Devgan,0.09205716920909392,253519.0,275393000.0,medium,,,,,https://www.sec.gov/Archives/edgar/data/813672/000081367226000077/wk-form4_1780529197.xml,https://www.sec.gov/Archives/edgar/data/813672/000081367226000092/,0
PTON,1639825,"PELOTON INTERACTIVE, INC.",Peter Stern,0.0918881092567622,403271.0,438871801.0,medium,,,,,https://www.sec.gov/Archives/edgar/data/1639825/000143130226000009/wk-form4_1787086160.xml,https://www.sec.gov/Archives/edgar/data/1639825/000163982526000038/,0
FERG,2011641,Ferguson Enterprises Inc. /DE/,Kevin Murphy,0.0917531698456321,177499.0,193452717.0,medium,,,,,https://www.sec.gov/Archives/edgar/data/2011641/000198461426000002/wk-form4_1780346193.xml,https://www.sec.gov/Archives/edgar/data/2011641/000201164126000040/,0
ADBE,796343,ADOBE INC.,Shantanu Narayen,0.09160330817610064,364123.15,397500000.0,medium,,,,,https://www.sec.gov/Archives/edgar/data/796343/000079634326000135/wk-form4_1784319856.xml,https://www.sec.gov/Archives/edgar/data/796343/000079634326000112/,0
SBAC,1034054,SBA COMMUNICATIONS CORP,Brendan T. Cavanagh,0.09151962552636671,97091.44099999999,106088110.0,medium,,,,,https://www.sec.gov/Archives/edgar/data/1034054/000129329326000004/form4-03092026_060315.xml,https://www.sec.gov/Archives/edgar/data/1034054/000103405426000011/,0
FELE,38725,FRANKLIN ELECTRIC CO INC,Joseph A. Ruzynski,0.09151472568291337,40460.0,44211464.0,high,,,,,https://www.sec.gov/Archives/edgar/data/38725/000173898626000002/wk-form4_1771881948.xml,https://www.sec.gov/Archives/edgar/data/38725/000003872526000055/,0
FIBK,860413,FIRST INTERSTATE BANCSYSTEM INC,James A. Reuter,0.09118551845033053,86904.0,95304607.0,high,,,,,https://www.sec.gov/Archives/edgar/data/860413/000204243526000004/wk-form4_1773871598.xml,https://www.sec.gov/Archives/edgar/data/860413/000086041326000084/,0
KWR,81362,QUAKER CHEMICAL CORP,Joseph A. Berquist,0.09104643955363709,15667.0,17207702.0,medium,,,,,https://www.sec.gov/Archives/edgar/data/81362/000148722426000002/wk-form4_1773779573.xml,https://www.sec.gov/Archives/edgar/data/81362/000162828026051107/,0
CNP,1130310,CENTERPOINT ENERGY INC,Jason P. Wells,0.0907694440284802,593786.0,654169480.0,high,,,,,https://www.sec.gov/Archives/edgar/data/1130310/000166184926000005/wk-form4_1771880609.xml,https://www.sec.gov/Archives/edgar/data/1130310/000113031026000028/,0
FE,1031296,FIRSTENERGY CORP,Brian X. Tierney,0.09071931003718808,524748.771,578431175.0,medium,,,,,https://www.sec.gov/Archives/edgar/data/1031296/000103129626000094/form4.xml,https://www.sec.gov/Archives/edgar/data/1031296/000103129626000085/,0
MDB,1441816,"MongoDB, Inc.",Chirantan J. Desai,0.09045288694873617,72753.0,80431927.0,high,,,,,https://www.sec.gov/Archives/edgar/data/1441816/000162828026047295/wk-form4_1783369943.xml,https://www.sec.gov/Archives/edgar/data/1441816/000162828026039150/,0
IEX,832101,IDEX CORP /DE/,Eric D. Ashleman,0.09042063759829504,66658.0,73719896.0,medium,,,,,https://www.sec.gov/Archives/edgar/data/832101/000090514826002252/form4.xml,https://www.sec.gov/Archives/edgar/data/832101/000083210126000022/,0
INCY,879169,INCYTE CORP,William J. Meury,0.09034584923307436,183129.0,202697746.0,high,,,,,https://www.sec.gov/Archives/edgar/data/879169/000153677826000009/wk-form4_1784578056.xml,https://www.sec.gov/Archives/edgar/data/879169/000087916926000056/,0
LRCX,707549,LAM RESEARCH CORP,Timothy M. Archer,0.09027753246369237,1129661.722,1251321000.0,medium,,,,,https://www.sec.gov/Archives/edgar/data/707549/000134360026000011/wk-form4_1786123467.xml,https://www.sec.gov/Archives/edgar/data/707549/000070754926000037/,0
SLB,87347,SLB LIMITED/NV,Olivier Le Peuch,0.09004036619158357,1336328.0,1484143231.0,medium,,,,,https://www.sec.gov/Archives/edgar/data/87347/000008734726000118/form4.xml,https://www.sec.gov/Archives/edgar/data/87347/000119312526322595/,0
MTB,36270,M&T BANK CORP,René F. Jones,0.08985568772026518,129766.2254,144416262.0,medium,,,,,https://www.sec.gov/Archives/edgar/data/36270/000124577326000008/wk-form4_1771453167.xml,https://www.sec.gov/Archives/edgar/data/36270/000003627026000050/,0
MRVL,1835632,"Marvell Technology, Inc.",Matthew J. Murphy,0.08952743484224965,783186.0,874800000.0,medium,,,,,https://www.sec.gov/Archives/edgar/data/1835632/000162828026057525/wk-form4_1787014784.xml,https://www.sec.gov/Archives/edgar/data/1835632/000183563226000019/,0
LGN,2052568,Legence Corp.,Jeffrey Sprau,0.08944397008461125,96667.0,108075480.0,high,,,,,https://www.sec.gov/Archives/edgar/data/2052568/000119312526114448/ownership.xml,https://www.sec.gov/Archives/edgar/data/2052568/000205256826000026/,0
WSBC,203596,WESBANCO INC,Jeffrey H. Jackson,0.08911778086953555,85469.2,95905889.0,medium,,,,,https://www.sec.gov/Archives/edgar/data/203596/000020359626000094/form4.xml,https://www.sec.gov/Archives/edgar/data/203596/000119312526326145/,0
CCL,815097,Carnival Corp Ltd.,Josh Weinstein,0.08877326449767897,1215882.2351,1369649119.0,medium,,,,,https://www.sec.gov/Archives/edgar/data/815097/000081509726000075/form4.xml,https://www.sec.gov/Archives/edgar/data/815097/000081509726000096/,0
CNA,21175,CNA FINANCIAL CORP,Douglas M. Worman,0.08859873533027943,239749.0,270600928.0,high,,,,,https://www.sec.gov/Archives/edgar/data/21175/000151374526000002/wk-form4_1773777037.xml,https://www.sec.gov/Archives/edgar/data/21175/000002117526000045/,0
ATO,731802,ATMOS ENERGY CORP,John K. Akers,0.08826883398427583,149164.2253,168988553.0,medium,,,,,https://www.sec.gov/Archives/edgar/data/731802/000073180226000071/form4.xml,https://www.sec.gov/Archives/edgar/data/731802/000073180226000102/,0
OLN,74303,OLIN Corp,Kenneth Lane,0.08798456675231434,100287.0,113982490.0,high,,,,,https://www.sec.gov/Archives/edgar/data/74303/000178227626000006/wk-form4_1774016651.xml,https://www.sec.gov/Archives/edgar/data/74303/000007430326000077/,0
ARW,7536,"ARROW ELECTRONICS, INC.",William F. Austen,0.08785323324000273,44722.06,50905423.0,medium,,,,,https://www.sec.gov/Archives/edgar/data/7536/000000753626000062/form4.xml,https://www.sec.gov/Archives/edgar/data/7536/000110465926091983/,0
SCL,94049,STEPAN CO,Luis E. Rojo,0.08781902946173197,19963.496000000003,22732540.0,high,,,,,https://www.sec.gov/Archives/edgar/data/94049/000009404926000048/form4.xml,https://www.sec.gov/Archives/edgar/data/94049/000119312526334428/,0
ABG,1144980,ASBURY AUTOMOTIVE GROUP INC,Daniel E. Clara,0.08779563764694322,15761.0,17951917.0,medium,,,,,https://www.sec.gov/Archives/edgar/data/1144980/000180191326000007/wk-form4_1778099352.xml,https://www.sec.gov/Archives/edgar/data/1144980/000114498026000094/,0
MGEE,1161728,MGE ENERGY INC,Jeffrey M. Keebler,0.08681028392807112,31908.3543,36756422.0,medium,,,,,https://www.sec.gov/Archives/edgar/data/1161728/000119312526088253/ownership.xml,https://www.sec.gov/Archives/edgar/data/1161728/000119312526205678/,0
LDOS,1336920,"Leidos Holdings, Inc.",Thomas A. Bell,0.08661573564299917,108696.0,125492209.0,high,,,,,https://www.sec.gov/Archives/edgar/data/1336920/000133692026000183/wk-form4_1778098461.xml,https://www.sec.gov/Archives/edgar/data/1336920/000133692026000246/,0
REG,910606,REGENCY CENTERS CORP,Lisa Palmer,0.08626147951583422,157942.0,183096790.0,high,,,,,https://www.sec.gov/Archives/edgar/data/910606/000091060626000026/primary_01.xml,https://www.sec.gov/Archives/edgar/data/910606/000119312526203537/,0
DT,1773383,"Dynatrace, Inc.",Rick McConnell,0.08617410595675613,249045.0,289002128.0,medium,,,,,https://www.sec.gov/Archives/edgar/data/1773383/000123916526000006/wk-form4_1781054559.xml,https://www.sec.gov/Archives/edgar/data/1773383/000177338326000050/,0
HFWA,1046025,HERITAGE FINANCIAL CORP /WA/,Bryan D. McDonald,0.08582309936968231,35115.0,40915558.0,medium,,,,,https://www.sec.gov/Archives/edgar/data/1046025/000162828026019316/wk-form4_1773861642.xml,https://www.sec.gov/Archives/edgar/data/1046025/000162828026054673/,0
BKNG,1075531,Booking Holdings Inc.,Glenn D. Fogel,0.08566551833591636,643674.0,751380500.0,medium,,,,,https://www.sec.gov/Archives/edgar/data/1075531/000151690826000016/form4-04162026_040401.xml,https://www.sec.gov/Archives/edgar/data/1075531/000107553126000037/,0
DVN,1090012,DEVON ENERGY CORP/DE,Clay M. Gaspar,0.08561127272727273,941724.0,1100000000.0,medium,,,,,https://www.sec.gov/Archives/edgar/data/1090012/000109001226000038/form4.xml,https://www.sec.gov/Archives/edgar/data/1090012/000119312526334340/,0
HSIC,1000228,HENRY SCHEIN INC,Frederick M. Lowery,0.08538264022584029,95156.0,111446542.0,high,,,,,https://www.sec.gov/Archives/edgar/data/1000228/000177744026000007/ownership.xml,https://www.sec.gov/Archives/edgar/data/1000228/000100022826000045/,0
ROK,1024478,"ROCKWELL AUTOMATION, INC",Blake D. Moret,0.08532342402713564,94750.5327,111048676.0,low,,"1 line(s) only ever footnoted, so missing from the total",,,https://www.sec.gov/Archives/edgar/data/1024478/000151515425000011/wk-form4_1765414370.xml,https://www.sec.gov/Archives/edgar/data/1024478/000102447826000030/,0
SAIA,1177702,SAIA INC,Frederick J. Holzgrefe,0.08526072507043204,22743.0,26674650.0,high,,,,,https://www.sec.gov/Archives/edgar/data/1177702/000161855526000006/primarydocument.xml,https://www.sec.gov/Archives/edgar/data/1177702/000119312526326240/,0
PTC,857005,PTC INC.,Neil Barua,0.08522734001496927,92477.0,108506261.0,high,,,,,https://www.sec.gov/Archives/edgar/data/857005/000138925026000004/section16.xml,https://www.sec.gov/Archives/edgar/data/857005/000119312526328444/,0
SOLV,1964738,Solventum Corp,Bryan Hanson,0.08501869912625401,144722.0,170223729.0,high,,,,,https://www.sec.gov/Archives/edgar/data/1964738/000152434926000005/wk-form4_1778875715.xml,https://www.sec.gov/Archives/edgar/data/1964738/000196473826000047/,0
COHR,820318,COHERENT CORP.,James R. Anderson,0.08499008891518305,166438.0,195832246.0,high,,,,,https://www.sec.gov/Archives/edgar/data/820318/000089914026000627/form4.xml,https://www.sec.gov/Archives/edgar/data/820318/000082031826000020/,0
ALMS,1847367,ALUMIS INC.,Martin Babler,0.08456275187933945,109454.0,129435239.0,medium,,,,,https://www.sec.gov/Archives/edgar/data/1847367/000143561826000003/form4-01292026_120158.xml,https://www.sec.gov/Archives/edgar/data/1847367/000184736726000018/,0
FTV,1659166,Fortive Corp,Olumide O. Soroye,0.08416279753634573,254186.0,302017052.0,medium,,,,,https://www.sec.gov/Archives/edgar/data/1659166/000165916626000028/wk-form4_1783457251.xml,https://www.sec.gov/Archives/edgar/data/1659166/000165916626000034/,0
EIX,827052,EDISON INTERNATIONAL,PEDRO J. PIZARRO,0.08365126518455238,321885.0,384793941.0,medium,,,,,https://www.sec.gov/Archives/edgar/data/827052/000121053426000006/form4-03042026_100313.xml,https://www.sec.gov/Archives/edgar/data/827052/000082705226000042/,0
MMSI,856982,MERIT MEDICAL SYSTEMS INC,Martha G. Aronson,0.08338913040638468,49792.0,59710420.0,high,,,,,https://www.sec.gov/Archives/edgar/data/856982/000142983226000004/form4-05072026_080522.xml,https://www.sec.gov/Archives/edgar/data/856982/000085698226000044/,0
DOCU,1261333,"DOCUSIGN, INC.",Allan Thygesen,0.0832901235943777,159038.0,190944608.0,high,,,,,https://www.sec.gov/Archives/edgar/data/1261333/000165730926000012/wk-form4_1783716290.xml,https://www.sec.gov/Archives/edgar/data/1261333/000126133326000074/,0
CTS,26058,CTS CORP,Pratik Trivedi,0.08266035181448828,23635.0,28592910.0,high,,,,,https://www.sec.gov/Archives/edgar/data/26058/000002605826000029/form4.xml,https://www.sec.gov/Archives/edgar/data/26058/000119312526190431/,0
AVEX,2096300,AEVEX Corp.,Roger Wells,0.08242598979145348,94000.0,114041700.0,high,,,,,https://www.sec.gov/Archives/edgar/data/2096300/000119312526224060/ownership.xml,https://www.sec.gov/Archives/edgar/data/2096300/000209630026000022/,0
EMR,32604,EMERSON ELECTRIC CO,S. L. Karsanbhai,0.08232021615274292,459182.1657,557800000.0,medium,,,,,https://www.sec.gov/Archives/edgar/data/32604/000095013826000021/form4.xml,https://www.sec.gov/Archives/edgar/data/32604/000003260426000043/,0
XEL,72903,XCEL ENERGY INC,Robert C. Frenzel,0.08206357801295659,512597.261,624634306.0,high,,,,,https://www.sec.gov/Archives/edgar/data/72903/000007290326000027/form4.xml,https://www.sec.gov/Archives/edgar/data/72903/000007290326000154/,0
ROL,84839,ROLLINS INC,Jerry E. Gahlhoff,0.08202717862810553,394670.0,481145404.0,medium,,,,,https://www.sec.gov/Archives/edgar/data/84839/000182323826000007/wk-form4_1777657205.xml,https://www.sec.gov/Archives/edgar/data/84839/000008483926000040/,0
CAH,721371,CARDINAL HEALTH INC,Jason M. Hollar,0.08195309185488178,190603.0,232575728.0,high,,,,,https://www.sec.gov/Archives/edgar/data/721371/000168785826000003/wk-form4_1787225611.xml,https://www.sec.gov/Archives/edgar/data/721371/000072137126000038/,0
RCL,884887,ROYAL CARIBBEAN CRUISES LTD,Jason T. Liberty,0.08181727236045766,218822.0,267452084.0,high,,,,,https://www.sec.gov/Archives/edgar/data/884887/000156891526000009/wk-form4_1771030502.xml,https://www.sec.gov/Archives/edgar/data/884887/000088488726000038/,0
GL,320335,GLOBE LIFE INC.,J. Matthew Darden,0.08152757403706497,62653.489799999996,76849447.0,low,,"1 line(s) only ever footnoted, so missing from the total",,,https://www.sec.gov/Archives/edgar/data/320335/000032033526000214/form4.xml,https://www.sec.gov/Archives/edgar/data/320335/000032033526000216/,0
PPL,922224,PPL Corp,VINCENT SORGI,0.08143438654981335,612671.902,752350362.0,medium,,,,,https://www.sec.gov/Archives/edgar/data/922224/000119312526150019/ownership.xml,https://www.sec.gov/Archives/edgar/data/922224/000092222426000026/,0
GPC,40987,GENUINE PARTS CO,William P. Stengel,0.08049992369782051,110977.0,137859758.0,medium,,,,,https://www.sec.gov/Archives/edgar/data/40987/000170899626000004/wk-form4_1778080091.xml,https://www.sec.gov/Archives/edgar/data/40987/000004098726000033/,0
DG,29534,DOLLAR GENERAL CORP,Todd J. Vasos,0.08028517203971647,177122.5694,220616790.0,medium,,,,,https://www.sec.gov/Archives/edgar/data/29534/000002953426000029/form4.xml,https://www.sec.gov/Archives/edgar/data/29534/000110465926101932/,0
WM,823768,WASTE MANAGEMENT INC,James C. Fish,0.08015747900635169,320401.61470000003,399715184.0,medium,,,,,https://www.sec.gov/Archives/edgar/data/823768/000122520826003247/doc4.xml,https://www.sec.gov/Archives/edgar/data/823768/000110465926088016/,0
MAC,912242,MACERICH CO,Jackson Hsieh,0.07987745071027894,226500.0,283559375.0,medium,,,,,https://www.sec.gov/Archives/edgar/data/912242/000091224225000028/wk-form4_1741207206.xml,https://www.sec.gov/Archives/edgar/data/912242/000091224226000037/,0
ELV,1156039,"Elevance Health, Inc.",Gail K. Boudreaux,0.07932704533684783,172036.0,216869290.0,high,,,,,https://www.sec.gov/Archives/edgar/data/1156039/000128792026000006/wk-form4_1784310641.xml,https://www.sec.gov/Archives/edgar/data/1156039/000115603926000060/,0
XRAY,818479,DENTSPLY SIRONA Inc.,Daniel T. Scavilla,0.07913264751371074,157754.0,199353876.0,high,,,,,https://www.sec.gov/Archives/edgar/data/818479/000081847926000152/form4.xml,https://www.sec.gov/Archives/edgar/data/818479/000081847926000255/,0
LVS,1300514,LAS VEGAS SANDS CORP,Patrick Dumont,0.07903984316323251,511942.0,647701184.0,high,,,,,https://www.sec.gov/Archives/edgar/data/1300514/000166799826000010/wk-form4_1777494968.xml,https://www.sec.gov/Archives/edgar/data/1300514/000130051426000085/,0
AMH,1562401,American Homes 4 Rent,Bryan Smith,0.0789750246639927,284164.0,359815019.0,high,,,,,https://www.sec.gov/Archives/edgar/data/1562401/000160514026000006/wk-form4_1770672137.xml,https://www.sec.gov/Archives/edgar/data/1562401/000156240126000047/,0
SWX,1692115,"Southwest Gas Holdings, Inc.",Justin L. Brown,0.07769249262618248,56284.989,72445853.0,medium,,,,,https://www.sec.gov/Archives/edgar/data/1692115/000169211526000072/wk-form4_1772582540.xml,https://www.sec.gov/Archives/edgar/data/1692115/000169211526000112/,0
FND,1507079,"Floor & Decor Holdings, Inc.",Bradley S. Paulsen,0.07751810229254935,82549.0,106489965.0,high,,,,,https://www.sec.gov/Archives/edgar/data/1507079/000162828026031729/wk-form4_1778156630.xml,https://www.sec.gov/Archives/edgar/data/1507079/000162828026051069/,0
EG,1095073,"EVEREST GROUP, LTD.",James Williamson,0.07729234957528068,29636.0,38342734.0,high,,,,,https://www.sec.gov/Archives/edgar/data/1095073/000162828026018742/wk-form4_1773778746.xml,https://www.sec.gov/Archives/edgar/data/1095073/000109507326000032/,0
FUL,39368,FULLER H B CO,Celeste B. Mastin,0.07723554494935628,41543.0,53787411.0,medium,,,,,https://www.sec.gov/Archives/edgar/data/39368/000122520826004429/doc4.xml,https://www.sec.gov/Archives/edgar/data/39368/000143774926021677/,0
MU,723125,MICRON TECHNOLOGY INC,Sanjay Mehrotra,0.07717224061685495,871578.0,1129393151.0,medium,,,,,https://www.sec.gov/Archives/edgar/data/723125/000124265426000015/primarydocument.xml,https://www.sec.gov/Archives/edgar/data/723125/000072312526000015/,0
LYB,1489393,LyondellBasell Industries N.V.,Peter Vanacker,0.07694266214268224,248554.0,323037952.0,high,,,,,https://www.sec.gov/Archives/edgar/data/1489393/000191153826000006/primarydocument.xml,https://www.sec.gov/Archives/edgar/data/1489393/000148939326000061/,0
GGG,42888,GRACO INC,Mark W. Sheahan,0.07617928255895952,123375.2612,161953824.0,medium,,,,,https://www.sec.gov/Archives/edgar/data/42888/000004288826000038/form4.xml,https://www.sec.gov/Archives/edgar/data/42888/000004288826000123/,0
FSLR,1274494,"FIRST SOLAR, INC.",Mark R. Widmar,0.07617117473052054,81861.0,107469788.0,high,,,,,https://www.sec.gov/Archives/edgar/data/1274494/000127449426000147/form4.xml,https://www.sec.gov/Archives/edgar/data/1274494/000127449426000170/,0
RKT,1805284,"Rocket Companies, Inc.",Varun Krishna,0.07571302026344379,2143922.0,2831642421.0,high,,,,,https://www.sec.gov/Archives/edgar/data/1805284/000180528426000030/wk-form4_1773174234.xml,https://www.sec.gov/Archives/edgar/data/1805284/000162828026054577/,0
VRSK,1442145,"Verisk Analytics, Inc.",Lee M. Shavel,0.07567072660462278,98490.0,130156012.0,medium,,,,,https://www.sec.gov/Archives/edgar/data/1442145/000119312526330642/ownership.xml,https://www.sec.gov/Archives/edgar/data/1442145/000143774926024749/,0
DRI,940944,DARDEN RESTAURANTS INC,Ricardo Cardenas,0.07551500851141556,86145.988,114077969.0,medium,,,,,https://www.sec.gov/Archives/edgar/data/940944/000122520826006842/doc4.xml,https://www.sec.gov/Archives/edgar/data/940944/000094094426000025/,0
KRMN,2040127,Karman Holdings Inc.,Jon Rambeau,0.07540496791955749,99937.0,132533708.0,high,,,,,https://www.sec.gov/Archives/edgar/data/2040127/000119312526240011/ownership.xml,https://www.sec.gov/Archives/edgar/data/2040127/000204012726000024/,0
LLY,59478,ELI LILLY & Co,David Ricks,0.07529353455269389,708781.007,941357065.0,medium,,,,,https://www.sec.gov/Archives/edgar/data/59478/000153860426000004/wk-form4_1770844992.xml,https://www.sec.gov/Archives/edgar/data/59478/000005947826000081/,0
LFUS,889331,LITTELFUSE INC /DE,Gregory N. Henderson,0.07522418330321572,19106.0,25398747.0,high,,,,,https://www.sec.gov/Archives/edgar/data/889331/000159059926000010/wk-form4_1780949482.xml,https://www.sec.gov/Archives/edgar/data/889331/000162828026050481/,0
ALB,915913,ALBEMARLE CORP,J. Kent Masters,0.07416546563762942,87519.0,118005057.0,medium,,,,,https://www.sec.gov/Archives/edgar/data/915913/000091591326000080/wk-form4_1779223048.xml,https://www.sec.gov/Archives/edgar/data/915913/000091591326000102/,0
ORI,74260,OLD REPUBLIC INTERNATIONAL CORP,Craig R. Smiddy,0.07401973124444064,178708.0,241432922.0,medium,,,,,https://www.sec.gov/Archives/edgar/data/74260/000007426026000054/wk-form4_1773857395.xml,https://www.sec.gov/Archives/edgar/data/74260/000007426026000092/,0
ATI,1018963,ATI INC,Kimberly A. Fields,0.07396542315666395,100719.0,136170383.0,medium,,,,,https://www.sec.gov/Archives/edgar/data/1018963/000119312526357113/ownership.xml,https://www.sec.gov/Archives/edgar/data/1018963/000162828026054233/,0
CALM,16160,CAL-MAINE FOODS INC,Sherman L. Miller,0.0729947388030116,34247.0,46917080.0,medium,,,,,https://www.sec.gov/Archives/edgar/data/16160/000001616026000022/primary_01.xml,https://www.sec.gov/Archives/edgar/data/16160/000156276226000080/,0
RRX,82811,REGAL REXNORD CORP,Aamir Paul,0.07280797818748647,48484.192,66591867.0,high,,,,,https://www.sec.gov/Archives/edgar/data/82811/000008281126000213/wk-form4_1784236805.xml,https://www.sec.gov/Archives/edgar/data/82811/000008281126000229/,0
ILMN,1110803,"ILLUMINA, INC.",Jacob Thaysen,0.07223377483443708,109073.0,151000000.0,high,,,,,https://www.sec.gov/Archives/edgar/data/1110803/000111080326000068/form4.xml,https://www.sec.gov/Archives/edgar/data/1110803/000111080326000160/,0
TER,97210,"TERADYNE, INC",Gregory S. Smith,0.07195526917966046,112495.4075,156340750.0,medium,,,,,https://www.sec.gov/Archives/edgar/data/97210/000090445426000464/ownership.xml,https://www.sec.gov/Archives/edgar/data/97210/000119312526327715/,0
ALNY,1178670,"ALNYLAM PHARMACEUTICALS, INC.",Yvonne L. Greenstreet,0.0718202178120627,96102.0,133809118.0,high,,,,,https://www.sec.gov/Archives/edgar/data/1178670/000173527626000062/edgardoc.xml,https://www.sec.gov/Archives/edgar/data/1178670/000117867026000062/,0
SDRL,1737706,SEADRILL Ltd,Samir Ali,0.07157493951650588,44764.0,62541443.0,high,,,,,https://www.sec.gov/Archives/edgar/data/1737706/000119312526184849/ownership.xml,https://www.sec.gov/Archives/edgar/data/1737706/000173770626000026/,0
DHI,882184,HORTON D R INC /DE/,Paul J. Romanowski,0.07152452405587423,200055.0,279701267.0,high,,,,,https://www.sec.gov/Archives/edgar/data/882184/000088218426000073/form4.xml,https://www.sec.gov/Archives/edgar/data/882184/000088218426000096/,0
KEYS,1601046,"Keysight Technologies, Inc.",Satish Dhanasekaran,0.07103210544594749,121390.578,170895368.0,high,,,,,https://www.sec.gov/Archives/edgar/data/1601046/000171264826000007/wk-form4_1782733143.xml,https://www.sec.gov/Archives/edgar/data/1601046/000160104626000024/,0
BKR,1701605,Baker Hughes Co,Lorenzo Simonelli,0.0708635412720476,703444.0,992674071.0,medium,,,,,https://www.sec.gov/Archives/edgar/data/1701605/000170916026000016/wk-form4_1782336844.xml,https://www.sec.gov/Archives/edgar/data/1701605/000170160526000023/,0
WAB,943452,WESTINGHOUSE AIR BRAKE TECHNOLOGIES CORP,Rafael Santana,0.07070297692123995,119425.0,168910851.0,high,,,,,https://www.sec.gov/Archives/edgar/data/943452/000094345226000009/wk-form4_1786041246.xml,https://www.sec.gov/Archives/edgar/data/943452/000162828026049139/,0
OTIS,1781335,Otis Worldwide Corp,Judith F. Marks,0.07015616248515355,267063.0,380669339.0,medium,,,,,https://www.sec.gov/Archives/edgar/data/1781335/000178133526000054/form4.xml,https://www.sec.gov/Archives/edgar/data/1781335/000178133526000113/,0
ROST,745732,"ROSS STORES, INC.",James G. Conroy,0.07011822605146445,224926.0,320781076.0,high,,,,,https://www.sec.gov/Archives/edgar/data/745732/000162353426000004/form4-03242026_050301.xml,https://www.sec.gov/Archives/edgar/data/745732/000074573226000032/,0
EYE,1710155,"National Vision Holdings, Inc.",Alex Wilkes,0.0701169618104561,55441.0,79069313.0,medium,,,,,https://www.sec.gov/Archives/edgar/data/1710155/000203227526000009/wk-form4_1787343583.xml,https://www.sec.gov/Archives/edgar/data/1710155/000162828026056493/,0
ISRG,1035267,INTUITIVE SURGICAL INC,David J. Rosa,0.0698758409658061,246856.0,353278038.0,medium,,,,,https://www.sec.gov/Archives/edgar/data/1035267/000151959326000012/edgardoc.xml,https://www.sec.gov/Archives/edgar/data/1035267/000103526726000058/,0
EVRG,1711269,"Evergy, Inc.",David A. Campbell,0.06945377598510974,160100.0,230513025.0,high,,,,,https://www.sec.gov/Archives/edgar/data/1711269/000171126926000027/form4.xml,https://www.sec.gov/Archives/edgar/data/1711269/000171126926000057/,0
NTRA,1604821,"Natera, Inc.",Steve Chapman,0.06930353131867907,99897.0,144144170.0,medium,,,,,https://www.sec.gov/Archives/edgar/data/1604821/000171196826000021/form4-08052026_090810.xml,https://www.sec.gov/Archives/edgar/data/1604821/000162828026054525/,0
PURR,2078856,Hyperliquid Strategies Inc,David Schamis,0.06889944179821392,136309.0,197837597.0,medium,,,,,https://www.sec.gov/Archives/edgar/data/2078856/000119312526047189/ownership.xml,https://www.sec.gov/Archives/edgar/data/2078856/000119312526370281/,0
LSTR,853816,LANDSTAR SYSTEM INC,Frank A. Lonegro,0.06809691803249705,23110.0,33936925.0,high,,,,,https://www.sec.gov/Archives/edgar/data/853816/000085381626000018/form4.xml,https://www.sec.gov/Archives/edgar/data/853816/000119312526322966/,0
NWN,1733998,Northwest Natural Holding Co,Justin B. Palfreyman,0.06758994694149967,28451.0,42093538.0,medium,,,,,https://www.sec.gov/Archives/edgar/data/1733998/000173399826000089/form4.xml,https://www.sec.gov/Archives/edgar/data/1733998/000173399826000127/,0
SMTC,88941,SEMTECH CORP,Hong Q. Hou,0.06741622391680585,62799.0,93151168.0,high,,,,,https://www.sec.gov/Archives/edgar/data/88941/000115689926000029/wk-form4_1786478724.xml,https://www.sec.gov/Archives/edgar/data/88941/000008894126000013/,0
LXRX,1062822,"LEXICON PHARMACEUTICALS, INC.",Michael S. Exton,0.06707001237565247,298432.0,444955934.0,medium,,,,,https://www.sec.gov/Archives/edgar/data/1062822/000106282226000034/form4.xml,https://www.sec.gov/Archives/edgar/data/1062822/000106282226000117/,0
RGA,898174,REINSURANCE GROUP OF AMERICA INC,Tony Cheng,0.06647303709637419,43408.0,65301665.0,high,,,,,https://www.sec.gov/Archives/edgar/data/898174/000162828026027711/wk-form4_1777339289.xml,https://www.sec.gov/Archives/edgar/data/898174/000089817426000034/,0
BLK,2012383,"BlackRock, Inc.",Laurence D. Fink,0.06646481718865557,215979.0,324952372.0,medium,,,,,https://www.sec.gov/Archives/edgar/data/2012383/000201238326001978/form4.xml,https://www.sec.gov/Archives/edgar/data/2012383/000119312526337177/,0
IDA,1057877,IDACORP INC,Lisa A. Grow,0.06614324033461136,36312.0,54899034.0,medium,,,,,https://www.sec.gov/Archives/edgar/data/1057877/000105787726000041/form4.xml,https://www.sec.gov/Archives/edgar/data/1057877/000105787726000028/,0
FITB,35527,FIFTH THIRD BANCORP,Timothy N. Spence,0.06613727180146997,599794.0,906892564.0,high,,,,,https://www.sec.gov/Archives/edgar/data/35527/000003552726000108/wk-form4_1771880635.xml,https://www.sec.gov/Archives/edgar/data/35527/000003552726000202/,0
STE,1757898,STERIS plc,Daniel A. Carestio,0.06527890071098381,63647.0,97500110.0,high,,,,,https://www.sec.gov/Archives/edgar/data/1757898/000162828026041629/wk-form4_1780950690.xml,https://www.sec.gov/Archives/edgar/data/1757898/000162828026054830/,0
OUT,1579877,OUTFRONT Media Inc.,Nicolas Brien,0.06510962419442091,114681.0,176135251.0,high,,,,,https://www.sec.gov/Archives/edgar/data/1579877/000148917326000002/wk-form4_1771968873.xml,https://www.sec.gov/Archives/edgar/data/1579877/000157987726000043/,0
CR,1944013,Crane Co,Alejandro A. Alcala,0.06484735145921938,37482.0,57800356.0,medium,,,,,https://www.sec.gov/Archives/edgar/data/1944013/000194401326000089/wk-form4_1771365201.xml,https://www.sec.gov/Archives/edgar/data/1944013/000194401326000186/,0
TPL,1811074,Texas Pacific Land Corp,Tyler Glover,0.06403943893442758,44171.0,68974683.0,high,,,,,https://www.sec.gov/Archives/edgar/data/1811074/000162828026009143/wk-form4_1771450842.xml,https://www.sec.gov/Archives/edgar/data/1811074/000181107426000058/,0
LFTO,1850351,"Liftoff Mobile, Inc.",Jeremy Bondy,0.06399635196108519,108366.0,169331527.0,high,,,,,https://www.sec.gov/Archives/edgar/data/1850351/000119312526257517/ownership.xml,https://www.sec.gov/Archives/edgar/data/1850351/000162828026056398/,0
FIVE,1177609,"FIVE BELOW, INC",Winnie Y. Park,0.06399272155809264,35385.0,55295351.0,medium,,,,,https://www.sec.gov/Archives/edgar/data/1177609/000119248226000220/form4.xml,https://www.sec.gov/Archives/edgar/data/1177609/000117760926000020/,0
SUI,912593,SUN COMMUNITIES INC,Charles D. Young,0.063609516631302,77477.0,121800957.0,high,,,,,https://www.sec.gov/Archives/edgar/data/912593/000091259326000150/wk-form4_1774981417.xml,https://www.sec.gov/Archives/edgar/data/912593/000091259326000234/,0
HTO,766829,H2O AMERICA,Andrew F. Walters,0.06345682771192945,26561.0,41856804.0,high,,,,,https://www.sec.gov/Archives/edgar/data/766829/000159800326000009/wk-form4_1783372199.xml,https://www.sec.gov/Archives/edgar/data/766829/000162828026050198/,0
FDX,1048911,FEDEX CORP,Rajesh Subramaniam,0.06286002756905591,148715.0,236581188.0,high,,,,,https://www.sec.gov/Archives/edgar/data/1048911/000104891126000070/form4.xml,https://www.sec.gov/Archives/edgar/data/1048911/000104891126000105/,0
BBIO,1743881,"BridgeBio Pharma, Inc.",Maricel M. Apuli,0.06275951982478427,122687.0,195487474.0,high,,,,,https://www.sec.gov/Archives/edgar/data/1743881/000147083126000835/wk-form4_1787090542.xml,https://www.sec.gov/Archives/edgar/data/1743881/000174388126000027/,0
CRGY,1866175,Crescent Energy Co,David Rockecharlie,0.06275383795948819,207341.0,330403696.0,high,,,,,https://www.sec.gov/Archives/edgar/data/1866175/000186617526000037/wk-form4_1773865869.xml,https://www.sec.gov/Archives/edgar/data/1866175/000186617526000114/,0
DLTR,935703,"DOLLAR TREE, INC.",Michael C. Creedon Jr,0.06263807105056098,117528.0,187630299.0,high,,,,,https://www.sec.gov/Archives/edgar/data/935703/000093570326000043/form4.xml,https://www.sec.gov/Archives/edgar/data/935703/000093570326000109/,0
GRMN,1121788,GARMIN LTD,Clifton A. Pemble,0.06228956201021905,120127.0,192852536.0,medium,,,,,https://www.sec.gov/Archives/edgar/data/1121788/000119312526329029/ownership.xml,https://www.sec.gov/Archives/edgar/data/1121788/000119312526322114/,0
ZG,1617640,"ZILLOW GROUP, INC.",Jeremy Wacksman,0.061830807534039564,139042.0,224874954.0,high,,,,,https://www.sec.gov/Archives/edgar/data/1617640/000162828026057465/wk-form4_1787003789.xml,https://www.sec.gov/Archives/edgar/data/1617640/000161764026000052/,0
TW,1758730,Tradeweb Markets Inc.,William Hult,0.06166007420078178,144302.0,234028262.0,medium,,,,,https://www.sec.gov/Archives/edgar/data/1758730/000175873026000061/wk-form4_1773950783.xml,https://www.sec.gov/Archives/edgar/data/1758730/000175873026000133/,0
TTMI,1116942,TTM TECHNOLOGIES INC,Edwin Roks,0.061523207312420565,64814.0,105348864.0,high,,,,,https://www.sec.gov/Archives/edgar/data/1116942/000119312526365628/ownership.xml,https://www.sec.gov/Archives/edgar/data/1116942/000119312526335107/,0
NUE,73309,NUCOR CORP,Leon J. Topalian,0.06069910288663999,137711.5,226875676.0,high,,,,,https://www.sec.gov/Archives/edgar/data/73309/000007330926000131/form4.xml,https://www.sec.gov/Archives/edgar/data/73309/000119312526345891/,0
SFD,91388,SMITHFIELD FOODS INC,C. Shane Smith,0.06060506309370213,238643.0,393767431.0,medium,,,,,https://www.sec.gov/Archives/edgar/data/91388/000205314526000005/wk-form4a_1781036507.xml,https://www.sec.gov/Archives/edgar/data/91388/000009138826000051/,0
ENTG,1101302,ENTEGRIS INC,David Reeder,0.060092277486911,91821.0,152800000.0,high,,,,,https://www.sec.gov/Archives/edgar/data/1101302/000159713326000002/wk-form4_1787160280.xml,https://www.sec.gov/Archives/edgar/data/1101302/000110130226000150/,0
UBER,1543151,"Uber Technologies, Inc",Dara Khosrowshahi,0.06001301931812268,1225802.0,2042560121.0,medium,,,,,https://www.sec.gov/Archives/edgar/data/1543151/000118423726000004/primarydocument.xml,https://www.sec.gov/Archives/edgar/data/1543151/000154315126000032/,0
WMB,107263,"WILLIAMS COMPANIES, INC.",Chad J. Zamarin,0.059749545072925216,730837.0,1223167472.0,high,,,,,https://www.sec.gov/Archives/edgar/data/107263/000171023526000006/wk-form4_1772054650.xml,https://www.sec.gov/Archives/edgar/data/107263/000010726326000026/,0
TAP,24545,MOLSON COORS BEVERAGE CO,Rahul Goyal,0.05963571956657892,105365.0,176681024.0,high,,,,,https://www.sec.gov/Archives/edgar/data/24545/000002454526000025/wk-form4_1772833876.xml,https://www.sec.gov/Archives/edgar/data/24545/000002454526000071/,0
KLAC,319201,KLA CORP,Richard P. Wallace,0.05961849663824858,778943.5499,1306546783.0,medium,,,,,https://www.sec.gov/Archives/edgar/data/319201/000119312526346811/ownership.xml,https://www.sec.gov/Archives/edgar/data/319201/000031920126000027/,0
HLIO,1024795,"HELIOS TECHNOLOGIES, INC.",Sean Bagan,0.059580140281003266,19632.0,32950577.0,medium,,,,,https://www.sec.gov/Archives/edgar/data/1024795/000119312526098448/ownership.xml,https://www.sec.gov/Archives/edgar/data/1024795/000119312526344521/,0
AVNT,1122976,AVIENT CORP,Ashish K. Khandpur,0.05929379287185775,54384.0,91719550.0,medium,,,,,https://www.sec.gov/Archives/edgar/data/1122976/000112297626000064/form4.xml,https://www.sec.gov/Archives/edgar/data/1122976/000112297626000126/,0
POOL,945841,POOL CORP,John B. Watwood,0.05892283942319623,21413.0,36340747.0,high,,,,,https://www.sec.gov/Archives/edgar/data/945841/000094584126000108/form4.xml,https://www.sec.gov/Archives/edgar/data/945841/000119312526322532/,0
ARR,1428205,"Armour Residential REIT, Inc.",Scott J. Ulm,0.058907951722918066,83386.0,141553046.0,medium,,,,,https://www.sec.gov/Archives/edgar/data/1428205/000146906426000008/wk-form4_1787688885.xml,https://www.sec.gov/Archives/edgar/data/1428205/000142820526000090/,0
CL,21665,COLGATE PALMOLIVE CO,Noel Wallace,0.05888735578066221,469434.0,797172829.0,medium,,,,,https://www.sec.gov/Archives/edgar/data/21665/000122520826007020/doc4.xml,https://www.sec.gov/Archives/edgar/data/21665/000002166526000042/,0
GEV,1996810,GE Vernova Inc.,Scott Strazik,0.0585438754717153,155922.0,266333581.0,high,,,,,https://www.sec.gov/Archives/edgar/data/1996810/000199681026000068/wk-form4_1777508114.xml,https://www.sec.gov/Archives/edgar/data/1996810/000199681026000148/,0
SYK,310764,STRYKER CORP,Kevin A. Lobo,0.05812504354125029,222952.0,383573046.0,medium,,,,,https://www.sec.gov/Archives/edgar/data/310764/000151941926000007/wk-form4_1774386464.xml,https://www.sec.gov/Archives/edgar/data/310764/000031076426000050/,0
GEHC,1932393,GE HealthCare Technologies Inc.,Peter J. Arduini,0.0574345574724289,259424.0,451686252.0,medium,,,,,https://www.sec.gov/Archives/edgar/data/1932393/000132313426000014/wk-form4_1777580401.xml,https://www.sec.gov/Archives/edgar/data/1932393/000193239326000046/,0
FISV,798354,FISERV INC,Panagiotis Georgakopoulos,0.0571431020407913,303868.0,531766721.0,high,,,,,https://www.sec.gov/Archives/edgar/data/798354/000206421826000011/wk-form4_1781640381.xml,https://www.sec.gov/Archives/edgar/data/798354/000079835426000031/,0
PEG,788784,PUBLIC SERVICE ENTERPRISE GROUP INC,Ralph LaRossa,0.05691112760857544,283656.4593,498420030.0,high,,,,,https://www.sec.gov/Archives/edgar/data/788784/000122520826006912/doc4.xml,https://www.sec.gov/Archives/edgar/data/788784/000119312526332943/,0
MAA,912595,MID AMERICA APARTMENT COMMUNITIES INC.,A. Brad Hill,0.05624673142460645,65462.647,116384802.0,medium,,,,,https://www.sec.gov/Archives/edgar/data/912595/000091259526000048/form4.xml,https://www.sec.gov/Archives/edgar/data/912595/000119312526197331/,0
LINE,1868159,"Lineage, Inc.",Greg Lehmkuhl,0.05604628399035875,127623.0,227710012.0,high,,,,,https://www.sec.gov/Archives/edgar/data/1868159/000174830326000004/wk-form4_1775247637.xml,https://www.sec.gov/Archives/edgar/data/1868159/000186815926000039/,0
CMI,26172,CUMMINS INC,Jennifer Rumsey,0.055858818476547265,76897.7559,137664487.0,medium,,,,,https://www.sec.gov/Archives/edgar/data/26172/000122520826003040/doc4.xml,https://www.sec.gov/Archives/edgar/data/26172/000002617226000029/,0
VVV,1674910,VALVOLINE INC,Lori A. Flees,0.05540636778438282,70691.0,127586418.0,high,,,,,https://www.sec.gov/Archives/edgar/data/1674910/000192461326000039/wk-form4_1787313381.xml,https://www.sec.gov/Archives/edgar/data/1674910/000167491026000066/,0
TT,1466258,Trane Technologies plc,David S. Regnery,0.05519888070700843,121450.331,220023177.0,medium,,,,,https://www.sec.gov/Archives/edgar/data/1466258/000162828026054280/wk-form4_1786046705.xml,https://www.sec.gov/Archives/edgar/data/1466258/000162828026051117/,0
VIRT,1592386,"Virtu Financial, Inc.",Aaron Simons,0.05516035746519881,85609.0,155200227.0,medium,,,,,https://www.sec.gov/Archives/edgar/data/1592386/000208045626000007/wk-form4_1787264299.xml,https://www.sec.gov/Archives/edgar/data/1592386/000159238626000028/,0
BSM,1621434,"Black Stone Minerals, L.P.",Fowler T. Carter,0.05513060116183238,125379.0,227421790.0,high,,,,,https://www.sec.gov/Archives/edgar/data/1621434/000205749826000007/wk-form4_1772144343.xml,https://www.sec.gov/Archives/edgar/data/1621434/000162828026052686/,0
AMTB,1734342,Amerant Bancorp Inc.,Carlos Iafigliola,0.05505406526351793,21575.61,39189858.0,medium,,,,,https://www.sec.gov/Archives/edgar/data/1734342/000180681026000011/wk-form4_1777408714.xml,https://www.sec.gov/Archives/edgar/data/1734342/000173434226000079/,0
Q,2058873,"Qnity Electronics, Inc.",Jon D. Kemp,0.05495332372732026,114967.0479,209208543.0,high,,,,,https://www.sec.gov/Archives/edgar/data/2058873/000162828026031422/wk-form4_1778101581.xml,https://www.sec.gov/Archives/edgar/data/2058873/000205887326000030/,0
MGRC,752714,MCGRATH RENTCORP,Philip B. Hawkins,0.05474160517157712,13371.0,24425663.0,medium,,,,,https://www.sec.gov/Archives/edgar/data/752714/000140324626000003/primary_doc.xml,https://www.sec.gov/Archives/edgar/data/752714/000119312526323614/,0
FIS,1136893,"Fidelity National Information Services, Inc.",Stephanie Ferris,0.054577229138133,281458.0,515705917.0,medium,,,,,https://www.sec.gov/Archives/edgar/data/1136893/000119312526099107/ownership.xml,https://www.sec.gov/Archives/edgar/data/1136893/000113689326000050/,0
PCAR,75362,PACCAR INC,R. Preston Feight,0.05439640716352937,286323.623,526364953.0,high,,,,,https://www.sec.gov/Archives/edgar/data/75362/000122520826006888/doc4.xml,https://www.sec.gov/Archives/edgar/data/75362/000119312526323642/,0
DE,315189,DEERE & CO,John C. May,0.05409764566256833,145861.0,269625412.0,medium,,,,,https://www.sec.gov/Archives/edgar/data/315189/000155614426000002/form4-01092026_080101.xml,https://www.sec.gov/Archives/edgar/data/315189/000110465926102213/,0
KHC,1637459,Kraft Heinz Co,Steve Cahillane,0.053692701947029124,636700.816,1185823758.0,medium,,,,,https://www.sec.gov/Archives/edgar/data/1637459/000141639026000012/wk-form4_1778702880.xml,https://www.sec.gov/Archives/edgar/data/1637459/000163745926000054/,0
COLB,887343,"COLUMBIA BANKING SYSTEM, INC.",Clint E. Stein,0.05358175495432932,151584.0,282902268.0,medium,,,,,https://www.sec.gov/Archives/edgar/data/887343/000155042926000002/wk-form4_1773794924.xml,https://www.sec.gov/Archives/edgar/data/887343/000088734326000170/,0
C,831001,CITIGROUP INC,Jane Fraser,0.053496892515617775,935831.31,1749319009.0,medium,,,,,https://www.sec.gov/Archives/edgar/data/831001/000119312526066972/ownership.xml,https://www.sec.gov/Archives/edgar/data/831001/000083100126000011/,0
CNH,1567094,CNH Industrial N.V.,Gerrit Marx,0.05347783131813415,661909.0,1237725958.0,high,,,,,https://www.sec.gov/Archives/edgar/data/1567094/000119312526089289/ownership.xml,https://www.sec.gov/Archives/edgar/data/1567094/000156709426000018/,0
HUM,49071,HUMANA INC,James A. Rechtin,0.053246032646751706,63938.0,120080308.0,medium,,,,,https://www.sec.gov/Archives/edgar/data/49071/000200606526000004/form4.xml,https://www.sec.gov/Archives/edgar/data/49071/000004907126000050/,0
FAST,815556,FASTENAL CO,Daniel L. Florness,0.052992878966202396,608092.0,1147497573.0,medium,,,,,https://www.sec.gov/Archives/edgar/data/815556/000101742726000004/wk-form4a_1767735504.xml,https://www.sec.gov/Archives/edgar/data/815556/000081555626000041/,0
TIC,2032966,"TIC Solutions, Inc.",Benjamin Heraud,0.052912112378737025,115465.0,218220356.0,high,,,,,https://www.sec.gov/Archives/edgar/data/2032966/000121390026055108/ownership.xml,https://www.sec.gov/Archives/edgar/data/2032966/000162828026053831/,0
IBRX,1326110,"ImmunityBio, Inc.",Richard Adcock,0.05287080790449602,560344.0,1059836273.0,high,,,,,https://www.sec.gov/Archives/edgar/data/1326110/000183032826000005/wk-form4_1771981491.xml,https://www.sec.gov/Archives/edgar/data/1326110/000132611026000079/,0
EXPD,746515,EXPEDITORS INTERNATIONAL OF WASHINGTON INC,Daniel R. Wall,0.05284352612760019,68691.6283,129990622.0,medium,,,,,https://www.sec.gov/Archives/edgar/data/746515/000119312526274081/ownership.xml,https://www.sec.gov/Archives/edgar/data/746515/000119312526334457/,0
TECH,842023,BIO-TECHNE Corp,Kim Kelderman,0.05277574920845622,82762.0,156818238.0,medium,,,,,https://www.sec.gov/Archives/edgar/data/842023/000091419026000133/form4.xml,https://www.sec.gov/Archives/edgar/data/842023/000110465926100322/,0
GS,886982,GOLDMAN SACHS GROUP INC,David Solomon,0.05269507780791444,153433.0,291171408.0,medium,,,,,https://www.sec.gov/Archives/edgar/data/886982/000169370926000009/wk-form4_1778012362.xml,https://www.sec.gov/Archives/edgar/data/886982/000088698226000297/,0
IMKTA,50493,INGLES MARKETS INC,James W. Lanning,0.05264716250747063,10000.0,18994376.0,medium,,,,,https://www.sec.gov/Archives/edgar/data/50493/000124948021000003/primary_doc.xml,https://www.sec.gov/Archives/edgar/data/50493/000005049326000020/,0
TXNM,1108426,TXNM ENERGY INC,Joseph D. Tarry,0.05259185493142514,58223.0,110707257.0,high,,,,,https://www.sec.gov/Archives/edgar/data/1108426/000163703726000004/wk-form4_1773089719.xml,https://www.sec.gov/Archives/edgar/data/1108426/000110842626000026/,0
KMPR,860748,KEMPER Corp,Stephen J. McAnena,0.05251755532298898,30945.0,58923154.0,medium,,,,,https://www.sec.gov/Archives/edgar/data/860748/000197668426000011/wk-form4_1786654429.xml,https://www.sec.gov/Archives/edgar/data/860748/000086074826000084/,0
CTVA,1755672,"Corteva, Inc.",Charles V. Magro,0.05234056194881264,349214.1357,667196000.0,medium,,,,,https://www.sec.gov/Archives/edgar/data/1755672/000119312526085778/ownership.xml,https://www.sec.gov/Archives/edgar/data/1755672/000175567226000025/,0
PH,76334,Parker-Hannifin Corp,Jennifer A. Parmentier,0.05207680925350433,65641.5,126047469.0,high,,,,,https://www.sec.gov/Archives/edgar/data/76334/000007633426000131/form4.xml,https://www.sec.gov/Archives/edgar/data/76334/000007633426000105/,0
CLDX,744218,"Celldex Therapeutics, Inc.",Anthony S. Marucci,0.05129789898658762,40284.0,78529532.0,medium,,,,,https://www.sec.gov/Archives/edgar/data/744218/000142993326000002/form4-06292026_080621.xml,https://www.sec.gov/Archives/edgar/data/744218/000110465926091984/,0
CBU,723188,"COMMUNITY FINANCIAL SYSTEM, INC.",Dimitar A. Karaivanov,0.05124027325957807,26960.5335,52615905.0,medium,,,,,https://www.sec.gov/Archives/edgar/data/723188/000072318826000069/form4.xml,https://www.sec.gov/Archives/edgar/data/723188/000110465926092717/,0
BANF,760498,BANCFIRST CORP /OK/,David Harlow,0.051153696365742234,17187.0,33598745.0,medium,,,,,https://www.sec.gov/Archives/edgar/data/760498/000076049826000036/primary_01.xml,https://www.sec.gov/Archives/edgar/data/760498/000119312526339980/,0
VLTO,1967680,Veralto Corp,Jennifer L. Honeycutt,0.05089761597429009,124085.0,243793344.0,medium,,,,,https://www.sec.gov/Archives/edgar/data/1967680/000183404626000008/wk-form4_1785531663.xml,https://www.sec.gov/Archives/edgar/data/1967680/000196768026000044/,0
MTSI,1493594,"MACOM Technology Solutions Holdings, Inc.",Stephen G. Daly,0.05026650781565043,38389.0,76370931.0,medium,,,,,https://www.sec.gov/Archives/edgar/data/1493594/000090445426000328/edgar.xml,https://www.sec.gov/Archives/edgar/data/1493594/000149359426000038/,0
MS,895421,MORGAN STANLEY,Edward Pick,0.04937774641861471,775510.2409999999,1570566292.0,medium,,,,,https://www.sec.gov/Archives/edgar/data/895421/000162828026017710/wk-form4_1773433004.xml,https://www.sec.gov/Archives/edgar/data/895421/000089542126000212/,0
MKC,63754,MCCORMICK & CO INC,Brendan M. Foley,0.04913418390830044,132098.016,268851552.0,medium,,,,,https://www.sec.gov/Archives/edgar/data/63754/000006375426000290/form4.xml,https://www.sec.gov/Archives/edgar/data/63754/000006375426000274/,0
SFNC,90498,SIMMONS FIRST NATIONAL CORP,James M. Brogdon,0.04912541598366091,70993.0,144513789.0,medium,,,,,https://www.sec.gov/Archives/edgar/data/90498/000119312526181674/ownership.xml,https://www.sec.gov/Archives/edgar/data/90498/000162828026053273/,0
GM,1467858,General Motors Co,Mary T. Barra,0.04889090507620409,428994.0,877451541.0,medium,,,,,https://www.sec.gov/Archives/edgar/data/1467858/000149215426000016/wk-form4_1785357281.xml,https://www.sec.gov/Archives/edgar/data/1467858/000146785826000051/,0
O,726728,REALTY INCOME CORP,Sumit Roy,0.0484187559338134,458147.0,946218033.0,high,,,,,https://www.sec.gov/Archives/edgar/data/726728/000152932926000010/wk-form4_1771546992.xml,https://www.sec.gov/Archives/edgar/data/726728/000072672826000048/,0
EWTX,1710072,"Edgewise Therapeutics, Inc.",Kevin Koch,0.048329654206793554,52488.0,108604129.0,medium,,,,,https://www.sec.gov/Archives/edgar/data/1710072/000118582926000001/primarydocument.xml,https://www.sec.gov/Archives/edgar/data/1710072/000110465926091670/,0
MYE,69488,MYERS INDUSTRIES INC,Aaron M. Schapper,0.04794238513565422,18035.0,37618070.0,high,,,,,https://www.sec.gov/Archives/edgar/data/69488/000119312526113855/ownership.xml,https://www.sec.gov/Archives/edgar/data/69488/000119312526324876/,0
XOM,2115436,ExxonMobil Holdings Corp,Darren W. Woods,0.04775668017791731,1979489.1597,4144947162.0,high,,,,,https://www.sec.gov/Archives/edgar/data/34088/000003408825000111/form4.xml,https://www.sec.gov/Archives/edgar/data/34088/000003408826000067/,0
GILD,882095,"GILEAD SCIENCES, INC.",Daniel P. O'Day,0.04775438834318166,592133.0,1239955155.0,medium,,,,,https://www.sec.gov/Archives/edgar/data/882095/000163864326000028/wk-form4_1785879633.xml,https://www.sec.gov/Archives/edgar/data/882095/000088209526000031/,0
HESM,1789832,Hess Midstream LP,Jonathan C. Stein,0.0474971418388628,60963.0,128350881.0,high,,,,,https://www.sec.gov/Archives/edgar/data/1789832/000119312526100606/ownership.xml,https://www.sec.gov/Archives/edgar/data/1789832/000119312526338055/,0
IFF,51253,INTERNATIONAL FLAVORS & FRAGRANCES INC,J. Erik Fyrwald,0.047409765840334454,120966.0,255149963.0,high,,,,,https://www.sec.gov/Archives/edgar/data/51253/000122520826004849/doc4.xml,https://www.sec.gov/Archives/edgar/data/51253/000005125326000030/,0
CINF,20286,CINCINNATI FINANCIAL CORP,Stephen M. Spray,0.047388536907673015,72731.0,153478045.0,high,,,,,https://www.sec.gov/Archives/edgar/data/20286/000154909826000004/primarydocument.xml,https://www.sec.gov/Archives/edgar/data/20286/000002028626000045/,0
OGN,1821825,Organon & Co.,Joseph Morrissey,0.04688442513030368,123122.923,262609433.0,medium,,,,,https://www.sec.gov/Archives/edgar/data/1821825/000162828026023127/wk-form4_1775160158.xml,https://www.sec.gov/Archives/edgar/data/1821825/000162828026051230/,0
TJX,109198,TJX COMPANIES INC /DE/,Ernie Herrman,0.04660504462204364,514848.0,1104704446.0,medium,,,,,https://www.sec.gov/Archives/edgar/data/109198/000119312526259694/ownership.xml,https://www.sec.gov/Archives/edgar/data/109198/000010919826000034/,0
LOW,60667,LOWES COMPANIES INC,Marvin R. Ellison,0.046423337357824,260460.0,561054019.0,high,,,,,https://www.sec.gov/Archives/edgar/data/60667/000006066726000042/wk-form4_1775163218.xml,https://www.sec.gov/Archives/edgar/data/60667/000006066726000117/,0
EOG,821189,EOG RESOURCES INC,Ezra Y. Yacob,0.04622254739934619,242450.747,524529176.0,high,,,,,https://www.sec.gov/Archives/edgar/data/821189/000082118926000169/form4.xml,https://www.sec.gov/Archives/edgar/data/821189/000082118926000149/,0
LPLA,1397911,LPL Financial Holdings Inc.,Richard Steinmeier,0.046100640456354515,36300.7,78742290.0,high,,,,,https://www.sec.gov/Archives/edgar/data/1397911/000162828026012939/wk-form4_1772230515.xml,https://www.sec.gov/Archives/edgar/data/1397911/000162828026051542/,0
TPB,1290677,"Turning Point Brands, Inc.",Brian Wigginton,0.04603738794534688,9230.0,20048922.0,high,,,,,https://www.sec.gov/Archives/edgar/data/1290677/000143774926016848/rdgdoc.xml,https://www.sec.gov/Archives/edgar/data/1290677/000143774926025664/,0
DRS,1833756,"Leonardo DRS, Inc.",John Baylouny,0.04587444452851939,122435.0,266891515.0,high,,,,,https://www.sec.gov/Archives/edgar/data/1833756/000139713426000006/wk-form4_1782161793.xml,https://www.sec.gov/Archives/edgar/data/1833756/000183375626000040/,0
OXY,797468,OCCIDENTAL PETROLEUM CORP /DE/,Richard Jackson,0.04543147477026447,454150.0,999637371.0,high,,,,,https://www.sec.gov/Archives/edgar/data/797468/000162828026045313/wk-form4_1782342238.xml,https://www.sec.gov/Archives/edgar/data/797468/000162828026053388/,0
MAR,1048286,MARRIOTT INTERNATIONAL INC /MD/,Anthony G. Capuano,0.0443163124675073,115562.003,260766288.0,medium,,,,,https://www.sec.gov/Archives/edgar/data/1048286/000122520826002215/doc4.xml,https://www.sec.gov/Archives/edgar/data/1048286/000104828626000035/,0
ZBH,1136869,"ZIMMER BIOMET HOLDINGS, INC.",Ivan Tornos,0.04361539685006879,83191.0,190737689.0,medium,,,,,https://www.sec.gov/Archives/edgar/data/1136869/000175721626000008/form4-03102026_080304.xml,https://www.sec.gov/Archives/edgar/data/1136869/000119312526335044/,0
FOR,1406587,Forestar Group Inc.,Anthony W. Oxley,0.04326739854050836,22074.0,51017627.0,high,,,,,https://www.sec.gov/Archives/edgar/data/1406587/000162828026022380/wk-form4_1774987649.xml,https://www.sec.gov/Archives/edgar/data/1406587/000162828026049174/,0
MDLN,2046386,Medline Inc.,James M. Boyle,0.04324596942359252,568558.0,1314707492.0,medium,,,,,https://www.sec.gov/Archives/edgar/data/2046386/000119312526361183/ownership.xml,https://www.sec.gov/Archives/edgar/data/2046386/000204638626000051/,0
VRT,1674101,Vertiv Holdings Co,Giordano Albertazzi,0.043146938438547826,166110.61,384988173.0,high,,,,,https://www.sec.gov/Archives/edgar/data/1674101/000162828026045750/wk-form4_1782504596.xml,https://www.sec.gov/Archives/edgar/data/1674101/000162828026050609/,0
ADI,6281,ANALOG DEVICES INC,Vincent Roche,0.04296118853620738,208175.083,484565465.0,medium,,,,,https://www.sec.gov/Archives/edgar/data/6281/000120187226000015/wk-form4_1787170951.xml,https://www.sec.gov/Archives/edgar/data/6281/000000628126000073/,0
MCO,1059556,MOODYS CORP /DE/,Robert Fauber,0.042891984988452654,74288.918,173200000.0,high,,,,,https://www.sec.gov/Archives/edgar/data/1059556/000148115326000016/wk-form4_1785874323.xml,https://www.sec.gov/Archives/edgar/data/1059556/000162828026049398/,0
WFC,72971,WELLS FARGO & COMPANY/MN,Charles W. Scharf,0.04261902202348896,1288798.943,3023999336.0,medium,,,,,https://www.sec.gov/Archives/edgar/data/72971/000007297126000183/form4.xml,https://www.sec.gov/Archives/edgar/data/72971/000007297126000302/,0
LCII,763744,LCI INDUSTRIES,John A. Sirpilla,0.04234208928307077,10294.0,24311507.0,high,,,,,https://www.sec.gov/Archives/edgar/data/763744/000179372626000003/wk-form4_1780690618.xml,https://www.sec.gov/Archives/edgar/data/763744/000076374426000070/,0
SBUX,829224,STARBUCKS CORP,Brian R. Niccol,0.041620196315789476,474470.238,1140000000.0,medium,,,,,https://www.sec.gov/Archives/edgar/data/829224/000082922425000131/form4.xml,https://www.sec.gov/Archives/edgar/data/829224/000082922426000130/,0
FLUT,1635327,Flutter Entertainment plc,Peter Jackson,0.041612523729666416,72214.0,173539102.0,high,,,,,https://www.sec.gov/Archives/edgar/data/1635327/000201279126000013/wk-form4_1787223311.xml,https://www.sec.gov/Archives/edgar/data/1635327/000163532726000056/,0
LNT,352541,ALLIANT ENERGY CORP,Lisa M. Barton,0.041603388844824014,107452.0,258277037.0,medium,,,,,https://www.sec.gov/Archives/edgar/data/352541/000154118526000004/wk-form4_1771892134.xml,https://www.sec.gov/Archives/edgar/data/352541/000035254126000033/,0
FANG,1539838,"Diamondback Energy, Inc.",Kaes Van't Hof,0.041403541784096186,115940.0,280024353.0,high,,,,,https://www.sec.gov/Archives/edgar/data/1539838/000153983826000154/wk-form4_1787601703.xml,https://www.sec.gov/Archives/edgar/data/1539838/000153983826000142/,0
PNW,764622,PINNACLE WEST CAPITAL CORP,Theodore N. Geisler,0.041257542230708,50003.0,121197234.0,high,,,,,https://www.sec.gov/Archives/edgar/data/764622/000162828026020016/wk-form4_1774017818.xml,https://www.sec.gov/Archives/edgar/data/764622/000076462226000041/,0
RSG,1060391,"REPUBLIC SERVICES, INC.",Jon Vander Ark,0.04118867228416426,126125.06,306212978.0,high,,,,,https://www.sec.gov/Archives/edgar/data/1060391/000106039126000252/wk-form4_1784325332.xml,https://www.sec.gov/Archives/edgar/data/1060391/000106039126000275/,0
TEL,1385157,TE Connectivity plc,Terrence R. Curtin,0.04108362537410553,118942.53,289513228.0,high,,,,,https://www.sec.gov/Archives/edgar/data/1385157/000122520825010153/doc4.xml,https://www.sec.gov/Archives/edgar/data/1385157/000110465926086509/,0
DCI,29644,DONALDSON Co INC,Richard B. Lewis,0.04083389594863151,47331.0,115911056.0,medium,,,,,https://www.sec.gov/Archives/edgar/data/29644/000002964426000028/wk-form4_1772649579.xml,https://www.sec.gov/Archives/edgar/data/29644/000002964426000052/,0
DJT,1849635,Trump Media & Technology Group Corp.,Kevin McGurn,0.040603181519560855,112853.0,277941274.0,high,,,,,https://www.sec.gov/Archives/edgar/data/1849635/000143774926028743/rdgdoc.xml,https://www.sec.gov/Archives/edgar/data/1849635/000143774926026777/,0
PM,1413329,Philip Morris International Inc.,Jacek Olczak,0.04057093209755135,632344.0,1558613439.0,high,,,,,https://www.sec.gov/Archives/edgar/data/1413329/000162828026010179/wk-form4_1771621269.xml,https://www.sec.gov/Archives/edgar/data/1413329/000162828026049493/,0
BDX,10795,BECTON DICKINSON & CO,Thomas E. Polen,0.04044358977747821,110163.0,272386800.0,medium,,,,,https://www.sec.gov/Archives/edgar/data/10795/000162828026057166/wk-form4_1786739778.xml,https://www.sec.gov/Archives/edgar/data/10795/000001079526000035/,0
FR,921825,FIRST INDUSTRIAL REALTY TRUST INC,Peter E. Baccile,0.040390593718872325,53547.0,132572946.0,medium,,,,,https://www.sec.gov/Archives/edgar/data/921825/000168619326000002/wk-form4_1767649179.xml,https://www.sec.gov/Archives/edgar/data/921825/000092182526000068/,0
SNPS,883241,SYNOPSYS INC,Sassine Ghazi,0.04009567147193757,76838.0,191636646.0,high,,,,,https://www.sec.gov/Archives/edgar/data/883241/000182228926000006/edgardoc.xml,https://www.sec.gov/Archives/edgar/data/883241/000088324126000025/,0
BAC,70858,BANK OF AMERICA CORP /DE/,Brian T. Moynihan,0.04008774498494342,2803235.132,6992748365.0,medium,,,,,https://www.sec.gov/Archives/edgar/data/70858/000007085826000449/form4.xml,https://www.sec.gov/Archives/edgar/data/70858/000007085826000394/,0
ALV,1034670,AUTOLIV INC,Mikael Bratt,0.03999332743624051,29290.0,73237217.0,high,,,,,https://www.sec.gov/Archives/edgar/data/1034670/000119312526264876/ownership.xml,https://www.sec.gov/Archives/edgar/data/1034670/000119312526306974/,0
MPC,1510295,Marathon Petroleum Corp,Maryann T. Mannen,0.03950470706887056,110939.0,280824763.0,high,,,,,https://www.sec.gov/Archives/edgar/data/1510295/000119312526332984/ownership.xml,https://www.sec.gov/Archives/edgar/data/1510295/000151029526000061/,0
IBM,51143,INTERNATIONAL BUSINESS MACHINES CORP,Arvind Krishna,0.03947359176645701,371894.283,942134390.0,medium,,,,,https://www.sec.gov/Archives/edgar/data/51143/000162989826000004/primarydocument.xml,https://www.sec.gov/Archives/edgar/data/51143/000005114326000078/,0
JHX,1159152,James Hardie Industries plc,Aaron Erter,0.03878936727770656,225181.0,580522488.0,high,,,,,https://www.sec.gov/Archives/edgar/data/1159152/000162828026058528/wk-form4_1787577754.xml,https://www.sec.gov/Archives/edgar/data/1159152/000115915226000051/,0
VRTX,875320,VERTEX PHARMACEUTICALS INC / MA,Reshma Kewalramani,0.038774418734463384,98278.0,253460924.0,medium,,,,,https://www.sec.gov/Archives/edgar/data/875320/000087532026000129/wk-form4_1772573657.xml,https://www.sec.gov/Archives/edgar/data/875320/000087532026000259/,0
PEP,77476,PEPSICO INC,Ramon L. Laguarta,0.038218787195400034,521645.0,1364891558.0,high,,,,,https://www.sec.gov/Archives/edgar/data/77476/000163025326000001/wk-form4_1772572829.xml,https://www.sec.gov/Archives/edgar/data/77476/000007747626000035/,0
TMO,97745,THERMO FISHER SCIENTIFIC INC.,Marc N. Casper,0.037924648350224806,140225.358,369747286.0,medium,,,,,https://www.sec.gov/Archives/edgar/data/97745/000121605526000012/wk-form4_1787774492.xml,https://www.sec.gov/Archives/edgar/data/97745/000009774526000144/,0
KDP,1418135,Keurig Dr Pepper Inc.,Timothy Cofer,0.037674764127345425,512688.0,1360826038.0,high,,,,,https://www.sec.gov/Archives/edgar/data/1418135/000152672226000003/wk-form4_1779483907.xml,https://www.sec.gov/Archives/edgar/data/1418135/000141813526000051/,0
JKHY,779152,JACK HENRY & ASSOCIATES INC,Gregory R. Adelson,0.03755764539108508,26685.0,71050780.0,medium,,,,,https://www.sec.gov/Archives/edgar/data/779152/000077915226000050/wk-form4_1786050110.xml,https://www.sec.gov/Archives/edgar/data/779152/000077915226000025/,0
PAHC,1069899,PHIBRO ANIMAL HEALTH CORP,Daniel M. Bendheim,0.03738029752175055,15177.0,40601603.0,medium,,,,,https://www.sec.gov/Archives/edgar/data/1069899/000110465926093378/tm2622592-1_4seq1.xml,https://www.sec.gov/Archives/edgar/data/1069899/000110465926101493/,0
UNP,100885,UNION PACIFIC CORP,V. James Vena,0.03714930353852096,220694.91,594075498.0,medium,,,,,https://www.sec.gov/Archives/edgar/data/100885/000010088526000133/edgardoc.xml,https://www.sec.gov/Archives/edgar/data/100885/000010088526000250/,0
VERX,1806837,"Vertex, Inc.",Christopher Young,0.03698726861227097,60000.0,162217980.0,medium,,,,,https://www.sec.gov/Archives/edgar/data/1806837/000164765526000002/form4-02252026_090229.xml,https://www.sec.gov/Archives/edgar/data/1806837/000110465926090420/,0
EXE,895126,EXPAND ENERGY Corp,Michael A. Wichterich,0.036931576960064355,85498.0,231503789.0,medium,,,,,https://www.sec.gov/Archives/edgar/data/895126/000184084526000009/wk-form4_1781556105.xml,https://www.sec.gov/Archives/edgar/data/895126/000089512626000047/,0
SSMR,2091017,Sunshine Silver Mining & Refining Co,Heather White,0.03617980173092938,52000.0,143726603.0,high,,,,,https://www.sec.gov/Archives/edgar/data/2091017/000114036126024500/form4.xml,https://www.sec.gov/Archives/edgar/data/2091017/000162828026056217/,0
CNMD,816956,CONMED Corp,Patrick J. Beyer,0.0360819689383227,10807.0,29951248.0,high,,,,,https://www.sec.gov/Archives/edgar/data/816956/000081695626000041/form4.xml,https://www.sec.gov/Archives/edgar/data/816956/000081695626000102/,0
ODFL,878927,"OLD DOMINION FREIGHT LINE, INC.",Kevin M. Freeman,0.035945801624796915,74536.0,207356622.0,medium,,,,,https://www.sec.gov/Archives/edgar/data/878927/000197724926000010/form4.xml,https://www.sec.gov/Archives/edgar/data/878927/000087892726000023/,0
PPTA,1526243,PERPETUA RESOURCES CORP.,Jonathan Cherry,0.03588849419672377,44895.0,125095803.0,high,,,,,https://www.sec.gov/Archives/edgar/data/1526243/000110465926039365/tm2611096-2_4seq1.xml,https://www.sec.gov/Archives/edgar/data/1526243/000110465926097134/,0
AIG,5272,"AMERICAN INTERNATIONAL GROUP, INC.",Eric Andersen,0.03564781700179372,186400.0,522893169.0,high,,,,,https://www.sec.gov/Archives/edgar/data/5272/000169769526000007/wk-form4_1771451170.xml,https://www.sec.gov/Archives/edgar/data/5272/000000527226000076/,0
PSX,1534701,Phillips 66,Mark E. Lashier,0.03553397687052575,141788.0,399020916.0,high,,,,,https://www.sec.gov/Archives/edgar/data/1534701/000185321226000008/wk-form4_1770938934.xml,https://www.sec.gov/Archives/edgar/data/1534701/000153470126000032/,0
XENE,1582313,Xenon Pharmaceuticals Inc.,Ian Mortimer,0.03533957799775201,34223.0,96840432.0,high,,,,,https://www.sec.gov/Archives/edgar/data/1582313/000119312526106724/ownership.xml,https://www.sec.gov/Archives/edgar/data/1582313/000119312526338244/,0
HRB,12659,H&R BLOCK INC,Curtis A. Campbell,0.03487359710009714,42987.261,123265922.0,medium,,,,,https://www.sec.gov/Archives/edgar/data/12659/000122520826006575/doc4.xml,https://www.sec.gov/Archives/edgar/data/12659/000001265926000026/,0
ED,1047862,CONSOLIDATED EDISON INC,Timothy P. Cawley,0.03438339984018385,126713.042,368529705.0,medium,,,,,https://www.sec.gov/Archives/edgar/data/1047862/000104786226000044/form4.xml,https://www.sec.gov/Archives/edgar/data/1047862/000104786226000091/,0
COR,1140859,"Cencora, Inc.",Robert P. Mauch,0.03426818189118934,65393.0,190827165.0,medium,,,,,https://www.sec.gov/Archives/edgar/data/1140859/000163389726000006/wk-form4_1771967088.xml,https://www.sec.gov/Archives/edgar/data/1140859/000114085926000034/,0
JAN,2100805,"Janus Living, Inc.",Scott M. Brinker,0.03425939023163925,100000.0,291890776.0,high,,,,,https://www.sec.gov/Archives/edgar/data/2100805/000110465926033939/tm269649-7_4seq1.xml,https://www.sec.gov/Archives/edgar/data/2100805/000162828026053387/,0
CEG,1868275,Constellation Energy Corp,Joseph Dominguez,0.03425274414056163,121360.0,354307379.0,medium,,,,,https://www.sec.gov/Archives/edgar/data/1868275/000090514826000646/form4.xml,https://www.sec.gov/Archives/edgar/data/1868275/000186827526000104/,0
PODD,1145197,INSULET CORP,Ashley A. McEvoy,0.03422287380177226,23735.0,69354199.0,high,,,,,https://www.sec.gov/Archives/edgar/data/1145197/000114519726000172/form4.xml,https://www.sec.gov/Archives/edgar/data/1145197/000114519726000169/,0
ESS,920522,"ESSEX PROPERTY TRUST, INC.",Angela L. Kleiman,0.03418785385467352,21972.0,64268439.0,medium,,,,,https://www.sec.gov/Archives/edgar/data/920522/000165441326000004/wk-form4_1771623806.xml,https://www.sec.gov/Archives/edgar/data/920522/000092052226000022/,0
XYL,1524472,Xylem Inc.,Matthew F. Pine,0.03388285587624538,79112.0,233486812.0,medium,,,,,https://www.sec.gov/Archives/edgar/data/1524472/000152447226000058/form4.xml,https://www.sec.gov/Archives/edgar/data/1524472/000152447226000110/,0
WAT,1000697,WATERS CORP /DE/,Udit Batra,0.03373092842466966,33140.0,98248111.0,medium,,,,,https://www.sec.gov/Archives/edgar/data/1000697/000100069726000101/form4.xml,https://www.sec.gov/Archives/edgar/data/1000697/000119312526344691/,0
CRBG,1889539,"Corebridge Financial, Inc.",Marc Costantini,0.03367502315452275,150114.0,445772522.0,high,,,,,https://www.sec.gov/Archives/edgar/data/1889539/000188953926000054/wk-form4_1771881638.xml,https://www.sec.gov/Archives/edgar/data/1889539/000188953926000141/,0
LMT,936468,LOCKHEED MARTIN CORP,James D. Taiclet,0.03330473561044276,76864.2501,230790753.0,medium,,,,,https://www.sec.gov/Archives/edgar/data/936468/000122520826002774/doc4.xml,https://www.sec.gov/Archives/edgar/data/936468/000162828026049411/,0
HSY,47111,HERSHEY CO,Kirk Tanner,0.033270016879924896,66848.0,200925657.0,high,,,,,https://www.sec.gov/Archives/edgar/data/47111/000004711126000086/form4.xml,https://www.sec.gov/Archives/edgar/data/47111/000162828026050900/,0
AXP,4962,AMERICAN EXPRESS CO,Stephen J. Squeri,0.03316837517454007,223989.299,675309833.0,medium,,,,,https://www.sec.gov/Archives/edgar/data/4962/000000496226000070/form4.xml,https://www.sec.gov/Archives/edgar/data/4962/000000496226000322/,0
RGTI,1838359,"Rigetti Computing, Inc.",Subodh Kulkarni,0.03308008943090169,110411.0,333768747.0,medium,,,,,https://www.sec.gov/Archives/edgar/data/1838359/000112329226000776/form4.xml,https://www.sec.gov/Archives/edgar/data/1838359/000110465926091993/,0
FBIN,1519751,"Fortune Brands Innovations, Inc.",Jesse Singh,0.032909871761074044,39285.0,119371477.0,medium,,,,,https://www.sec.gov/Archives/edgar/data/1519751/000119312526342627/ownership.xml,https://www.sec.gov/Archives/edgar/data/1519751/000119312526335205/,0
MSTR,1050446,Strategy Inc,Phong Le,0.03287728624935397,126323.0,384225751.0,medium,,,,,https://www.sec.gov/Archives/edgar/data/1050446/000165166926000010/ownership.xml,https://www.sec.gov/Archives/edgar/data/1050446/000105044626000044/,0
SWK,93556,"STANLEY BLACK & DECKER, INC.",Christopher J. Nelson,0.031707101735894125,47883.0,151016641.0,medium,,,,,https://www.sec.gov/Archives/edgar/data/93556/000162828026046253/wk-form4_1782851851.xml,https://www.sec.gov/Archives/edgar/data/93556/000009355626000031/,0
TXT,217346,TEXTRON INC,Lisa M. Atherton,0.031694106127851576,54509.716,171986917.0,high,,,,,https://www.sec.gov/Archives/edgar/data/217346/000202095926000006/wk-form4_1772575630.xml,https://www.sec.gov/Archives/edgar/data/217346/000021734626000036/,0
COP,1163165,CONOCOPHILLIPS,Ryan M. Lance,0.03150499694016456,378481.336,1201337479.0,medium,,,,,https://www.sec.gov/Archives/edgar/data/1163165/000119312526134713/ownership.xml,https://www.sec.gov/Archives/edgar/data/1163165/000116316526000032/,0
DOC,765880,"HEALTHPEAK PROPERTIES, INC.",Scott M. Brinker,0.031135534801046156,214688.0,689527260.0,high,,,,,https://www.sec.gov/Archives/edgar/data/765880/000154032926000007/wk-form4_1780435379.xml,https://www.sec.gov/Archives/edgar/data/765880/000162828026053373/,0
SVV,1883313,"Savers Value Village, Inc.",Mark T. Walsh,0.030795952047887896,47363.0,153796187.0,medium,,,,,https://www.sec.gov/Archives/edgar/data/1883313/000197718826000008/wk-form4_1786570403.xml,https://www.sec.gov/Archives/edgar/data/1883313/000188331326000060/,0
NRG,1013871,"NRG ENERGY, INC.",Robert J. Gaudette,0.030478499019480392,64069.0,210210483.0,medium,,,,,https://www.sec.gov/Archives/edgar/data/1013871/000122520826006978/doc4.xml,https://www.sec.gov/Archives/edgar/data/1013871/000101387126000020/,0
HE,354707,HAWAIIAN ELECTRIC INDUSTRIES INC,Scott W. H. Seu,0.030395123421909045,52500.89,172728004.0,medium,,,,,https://www.sec.gov/Archives/edgar/data/354707/000169548726000001/primary_doc.xml,https://www.sec.gov/Archives/edgar/data/354707/000035470726000054/,0
ABT,1800,ABBOTT LABORATORIES,Robert B. Ford,0.030205099714508573,522664.0,1730383296.0,medium,,,,,https://www.sec.gov/Archives/edgar/data/1800/000161257126000011/form4-08272026_090838.xml,https://www.sec.gov/Archives/edgar/data/1800/000162828026050134/,0
ADP,8670,AUTOMATIC DATA PROCESSING INC,Maria Black,0.030196799958109335,119960.634,397262737.0,high,,,,,https://www.sec.gov/Archives/edgar/data/8670/000122520826007005/doc4.xml,https://www.sec.gov/Archives/edgar/data/8670/000000867026000030/,0
AMCR,1748790,Amcor plc,Peter Konieczny,0.030177982193367044,139526.6,462345690.0,medium,,,,,https://www.sec.gov/Archives/edgar/data/1748790/000141300726000002/form4-03032026_090354.xml,https://www.sec.gov/Archives/edgar/data/1748790/000174879026000022/,0
ENB,895728,ENBRIDGE INC,Gregory L. Ebel,0.029672830909295685,648080.0,2184085509.0,low,,the matched insider (EBEL GREGORY L) is not flagged as an officer on any filing; this may be a trust or entity named after the chief executive,,,https://www.sec.gov/Archives/edgar/data/895728/000089572819000121/wf-form4_156089823920402.xml,https://www.sec.gov/Archives/edgar/data/895728/000119312526326752/,0
LULU,1397187,lululemon athletica inc.,Meghan Frank,0.02947676338092574,31964.0,108437957.0,high,,,,,https://www.sec.gov/Archives/edgar/data/1397187/000139718726000081/form4.xml,https://www.sec.gov/Archives/edgar/data/1397187/000139718726000078/,0
KLRA,2096997,"Kailera Therapeutics, Inc.",Ronald C. Renaud,0.02938361605852645,38094.0,129643676.0,medium,,,,,https://www.sec.gov/Archives/edgar/data/2096997/000119312526267493/ownership.xml,https://www.sec.gov/Archives/edgar/data/2096997/000119312526346958/,0
VRDN,1590750,"Viridian Therapeutics, Inc.\DE",Stephen Mahoney,0.02924294860755238,33130.0,113292269.0,medium,,,,,https://www.sec.gov/Archives/edgar/data/1590750/000119312526092036/ownership.xml,https://www.sec.gov/Archives/edgar/data/1590750/000159075026000018/,0
HASI,1561894,"HA Sustainable Infrastructure Capital, Inc.",Jeffrey A. Lipson,0.028736350039172492,36925.0,128495790.0,medium,,,,,https://www.sec.gov/Archives/edgar/data/1561894/000156189426000034/wk-form4_1772672778.xml,https://www.sec.gov/Archives/edgar/data/1561894/000156189426000136/,0
DTE,936340,DTE ENERGY CO,Joi Harris,0.0283897846155201,59058.79,208028313.0,medium,,,,,https://www.sec.gov/Archives/edgar/data/936340/000093634026000043/wk-form4_1770401511.xml,https://www.sec.gov/Archives/edgar/data/936340/000093634026000081/,0
KRG,1286043,KITE REALTY GROUP TRUST,John A. Kite,0.02806082387095988,56219.0,200346933.0,medium,,,,,https://www.sec.gov/Archives/edgar/data/1286043/000129583426000002/wk-form4_1771890908.xml,https://www.sec.gov/Archives/edgar/data/1286043/000128604326000048/,0
BALL,9389,BALL Corp,Ronald J. Lewis,0.028031670486143474,74200.7728,264703357.0,high,,,,,https://www.sec.gov/Archives/edgar/data/9389/000000938926000069/form4.xml,https://www.sec.gov/Archives/edgar/data/9389/000110465926090226/,0
PPG,79879,PPG INDUSTRIES INC,Timothy M. Knavish,0.028022285200179936,62293.54,222300000.0,medium,,,,,https://www.sec.gov/Archives/edgar/data/79879/000007987926000265/wk-form4_1786978469.xml,https://www.sec.gov/Archives/edgar/data/79879/000007987926000252/,0
TGT,27419,TARGET CORP,Michael J. Fiddelke,0.027475218405418732,124790.0,454191112.0,medium,,,,,https://www.sec.gov/Archives/edgar/data/27419/000179292026000006/wk-form4_1775766195.xml,https://www.sec.gov/Archives/edgar/data/27419/000002741926000022/,0
USB,36104,US BANCORP DE,Gunjan Kedia,0.027358660145295356,426262.0,1558051446.0,high,,,,,https://www.sec.gov/Archives/edgar/data/36104/000122520826003411/doc4.xml,https://www.sec.gov/Archives/edgar/data/36104/000003610426000044/,0
MWA,1350593,"Mueller Water Products, Inc.",Paul McAndrew,0.02725752757174558,42556.0,156125679.0,medium,,,,,https://www.sec.gov/Archives/edgar/data/1350593/000122520826007049/doc4.xml,https://www.sec.gov/Archives/edgar/data/1350593/000135059326000036/,0
SMR,1822966,NUSCALE POWER Corp,John Hopkins,0.02723101298549174,117018.0,429723272.0,medium,,,,,https://www.sec.gov/Archives/edgar/data/1822966/000182296626000029/wk-form4_1772584012.xml,https://www.sec.gov/Archives/edgar/data/1822966/000182296626000085/,0
CTSH,1058290,COGNIZANT TECHNOLOGY SOLUTIONS CORP,Ravi Kumar S,0.027230453305705615,122658.0,450444209.0,medium,,,,,https://www.sec.gov/Archives/edgar/data/1058290/000187287026000015/wk-form4_1781726678.xml,https://www.sec.gov/Archives/edgar/data/1058290/000105829026000031/,0
HXL,717605,HEXCEL CORP /DE/,Thomas C. Gentile III,0.027187333368489976,20560.0,75623452.0,high,,,,,https://www.sec.gov/Archives/edgar/data/717605/000119312526206704/ownership.xml,https://www.sec.gov/Archives/edgar/data/717605/000119312526323941/,0
ECL,31462,ECOLAB INC.,Christophe Beck,0.026642842792606505,74687.509,280328603.0,medium,,,,,https://www.sec.gov/Archives/edgar/data/31462/000003146226000002/wk-form4_1787257979.xml,https://www.sec.gov/Archives/edgar/data/31462/000162828026053886/,0
INTC,50863,INTEL CORP,Lip-Bu Tan,0.02640047581284695,1331640.0,5044000000.0,high,,,,,https://www.sec.gov/Archives/edgar/data/50863/000005086326000177/form4.xml,https://www.sec.gov/Archives/edgar/data/50863/000005086326000157/,0
PLUG,1093691,PLUG POWER INC,Jose Luis Crespo,0.026383713558470818,368632.0,1397195278.0,medium,,,,,https://www.sec.gov/Archives/edgar/data/1093691/000110465926078978/tm2619323-1_4seq1.xml,https://www.sec.gov/Archives/edgar/data/1093691/000110465926093454/,0
CALX,1406666,"CALIX, INC",Michael Weening,0.026294395039043666,16556.0,62963989.0,medium,,,,,https://www.sec.gov/Archives/edgar/data/1406666/000167838526000002/wk-form4_1771362327.xml,https://www.sec.gov/Archives/edgar/data/1406666/000140666626000034/,0
EXC,1109357,EXELON CORP,Calvin G. Butler,0.026102509258570772,267083.0,1023208142.0,medium,,,,,https://www.sec.gov/Archives/edgar/data/1109357/000160119326000002/wk-form4_1770240163.xml,https://www.sec.gov/Archives/edgar/data/1109357/000110935726000063/,0
TXN,97476,TEXAS INSTRUMENTS INC,Haviv Ilan,0.025987363958127785,237329.0,913247686.0,high,,,,,https://www.sec.gov/Archives/edgar/data/97476/000009747626000131/wk-form4_1778014233.xml,https://www.sec.gov/Archives/edgar/data/97476/000009747626000152/,0
LIVN,1639691,LivaNova PLC,Vladimir Makatsaria,0.025714463956705458,14167.0,55093507.0,medium,,,,,https://www.sec.gov/Archives/edgar/data/1639691/000163969126000024/wk-form4_1775078409.xml,https://www.sec.gov/Archives/edgar/data/1639691/000163969126000090/,0
ZTS,1555280,Zoetis Inc.,Kristin C. Peck,0.02562816910443562,105901.6435,413223602.0,high,,,,,https://www.sec.gov/Archives/edgar/data/1555280/000162828026048209/wk-form4_1784065683.xml,https://www.sec.gov/Archives/edgar/data/1555280/000155528026000040/,0
MDT,1613103,Medtronic plc,Geoffrey S. Martha,0.025613626968904117,327866.0,1280045190.0,medium,,,,,https://www.sec.gov/Archives/edgar/data/1613103/000156040926000008/wk-form4_1785887872.xml,https://www.sec.gov/Archives/edgar/data/1613103/000162828026044354/,0
BROS,1866581,Dutch Bros Inc.,Christine Barone,0.02551669460357259,44573.0,174681716.0,high,,,,,https://www.sec.gov/Archives/edgar/data/1866581/000186658126000119/wk-form4_1781221989.xml,https://www.sec.gov/Archives/edgar/data/1866581/000186658126000133/,0
CMG,1058090,CHIPOTLE MEXICAN GRILL INC,Scott Boatwright,0.025178162472795553,318609.0,1265418000.0,medium,,,,,https://www.sec.gov/Archives/edgar/data/1058090/000105809026000077/form4.xml,https://www.sec.gov/Archives/edgar/data/1058090/000105809026000066/,0
REYN,1786431,Reynolds Consumer Products Inc.,Scott Huckins,0.025136274567950916,52985.0,210790982.0,high,,,,,https://www.sec.gov/Archives/edgar/data/1786431/000178643126000022/wk-form4_1770171164.xml,https://www.sec.gov/Archives/edgar/data/1786431/000162828026050419/,0
BXDC,2100161,Blackstone Digital Infrastructure Trust Inc.,Nick Pell,0.024838572872969925,25000.0,100649905.0,medium,,,,,https://www.sec.gov/Archives/edgar/data/2100161/000119312526230883/ownership.xml,https://www.sec.gov/Archives/edgar/data/2100161/000210016126000007/,0
GOOGL,1652044,Alphabet Inc.,Sundar Pichai,0.024615036794766967,3010419.0,12230000000.0,medium,,,,,https://www.sec.gov/Archives/edgar/data/1652044/000119312526371797/ownership.xml,https://www.sec.gov/Archives/edgar/data/1652044/000165204426000071/,0
AEP,4904,AMERICAN ELECTRIC POWER CO INC,William J. Fehrman,0.024542875188482707,133539.0,544104955.0,medium,,,,,https://www.sec.gov/Archives/edgar/data/4904/000162828026052253/wk-form4_1785857474.xml,https://www.sec.gov/Archives/edgar/data/4904/000000490426000034/,0
MRSH,62709,"MARSH & MCLENNAN COMPANIES, INC.",John Q. Doyle,0.02447784206553983,116811.0205,477211268.0,high,,,,,https://www.sec.gov/Archives/edgar/data/62709/000006270926000164/form4.xml,https://www.sec.gov/Archives/edgar/data/62709/000006270926000195/,0
DOW,1751788,DOW INC.,Karen S. Carter,0.024443920484005805,176177.464,720741438.0,medium,,,,,https://www.sec.gov/Archives/edgar/data/1751788/000175178826000141/wk-form4_1783369076.xml,https://www.sec.gov/Archives/edgar/data/1751788/000175178826000134/,0
CI,1739940,Cigna Group,BRIAN C. EVANKO,0.024386935770319463,64440.1576,264240486.0,high,,,,,https://www.sec.gov/Archives/edgar/data/1739940/000173994026000012/wk-form4_1772583425.xml,https://www.sec.gov/Archives/edgar/data/1739940/000173994026000065/,0
D,715957,"DOMINION ENERGY, INC",Robert M. Blue,0.024203644013544138,212860.25499999998,879455403.0,high,,,,,https://www.sec.gov/Archives/edgar/data/715957/000122520826002785/doc4.xml,https://www.sec.gov/Archives/edgar/data/715957/000119312526200275/,0
HOG,793952,"HARLEY-DAVIDSON, INC.",Artie Starrs,0.02402171401521057,25000.0,104072507.0,medium,,,,,https://www.sec.gov/Archives/edgar/data/793952/000173210526000006/wk-form4_1786479603.xml,https://www.sec.gov/Archives/edgar/data/793952/000079395226000061/,0
IMCR,1671927,Immunocore Holdings plc,Bahija Jallal,0.023967633926946036,12343.0,51498617.0,medium,,,,,https://www.sec.gov/Archives/edgar/data/1671927/000173003826000002/form4-02192026_050209.xml,https://www.sec.gov/Archives/edgar/data/1671927/000167192726000022/,0
AHR,1632970,"American Healthcare REIT, Inc.",Jeffrey T. Hanson,0.023937290473306557,52183.0,217998775.0,medium,,,,,https://www.sec.gov/Archives/edgar/data/1632970/000119312526312718/ownership.xml,https://www.sec.gov/Archives/edgar/data/1632970/000119312526340269/,0
LIN,1707925,LINDE PLC,Sanjiv Lamba,0.023680236105951484,109161.191,460980163.0,medium,,,,,https://www.sec.gov/Archives/edgar/data/1707925/000175727426000002/wk-form4_1773262867.xml,https://www.sec.gov/Archives/edgar/data/1707925/000162828026051289/,0
KMX,1170010,CARMAX INC,Keith Barr,0.02351824553592342,33375.0,141911096.0,high,,,,,https://www.sec.gov/Archives/edgar/data/1170010/000117001026000067/wk-form4_1782336051.xml,https://www.sec.gov/Archives/edgar/data/1170010/000117001026000055/,0
AMT,1053507,AMERICAN TOWER CORP /MA/,Steven O. Vondran,0.023371531629681693,108902.0,465960048.0,high,,,,,https://www.sec.gov/Archives/edgar/data/1053507/000105350726000070/wk-form4_1773347882.xml,https://www.sec.gov/Archives/edgar/data/1053507/000105350726000133/,0
YUM,1041061,YUM BRANDS INC,Chris Turner,0.023367682836438707,63770.66,272901085.0,high,,,,,https://www.sec.gov/Archives/edgar/data/1041061/000104106126000151/form4.xml,https://www.sec.gov/Archives/edgar/data/1041061/000104106126000160/,0
A,1090872,"AGILENT TECHNOLOGIES, INC.",Padraig McDonnell,0.02331251878505641,65842.0,282431944.0,medium,,,,,https://www.sec.gov/Archives/edgar/data/1090872/000109087226000058/form4.xml,https://www.sec.gov/Archives/edgar/data/1090872/000109087226000055/,0
UPS,1090727,UNITED PARCEL SERVICE INC,Carol B. Tomé,0.023203635325053384,197412.2557,850781582.0,high,,,,,https://www.sec.gov/Archives/edgar/data/1090727/000122520826005036/doc4.xml,https://www.sec.gov/Archives/edgar/data/1090727/000162828026053249/,0
CERT,1827090,"Certara, Inc.",Jon Resnick,0.02320000199293583,35389.0,152538780.0,medium,,,,,https://www.sec.gov/Archives/edgar/data/1827090/000210470026000006/form4-05132026_080516.xml,https://www.sec.gov/Archives/edgar/data/1827090/000182709026000028/,0
STBA,719220,S&T BANCORP INC,Christopher J. McComish,0.02298847836859897,8107.0,35265492.0,high,,,,,https://www.sec.gov/Archives/edgar/data/719220/000174448726000002/wk-form4_1775243246.xml,https://www.sec.gov/Archives/edgar/data/719220/000071922026000098/,0
PAYX,723531,PAYCHEX INC,JOHN B. GIBSON,0.022875996892287698,81366.0,355682860.0,medium,,,,,https://www.sec.gov/Archives/edgar/data/723531/000119312526307764/ownership.xml,https://www.sec.gov/Archives/edgar/data/723531/000119312526307785/,0
EQIX,1101239,EQUINIX INC,Adaire Fox-Martin,0.022583642687528417,22283.661,98671686.0,medium,,,,,https://www.sec.gov/Archives/edgar/data/1101239/000110123926000119/form4.xml,https://www.sec.gov/Archives/edgar/data/1101239/000110123926000147/,0
WEC,783325,"WEC ENERGY GROUP, INC.",Scott J. Lauber,0.022569329339500392,73542.02040000001,325849383.0,medium,,,,,https://www.sec.gov/Archives/edgar/data/783325/000164676026000005/wk-form4_1770815768.xml,https://www.sec.gov/Archives/edgar/data/783325/000078332526000087/,0
AAPL,320193,Apple Inc.,Timothy D. Cook,0.022477576677826367,3280418.0,14594180000.0,medium,,,,,https://www.sec.gov/Archives/edgar/data/320193/000114036126013190/form4.xml,https://www.sec.gov/Archives/edgar/data/320193/000032019326000020/,0
MTD,1037646,METTLER TOLEDO INTERNATIONAL INC/,Patrick Kaltenbach,0.02235912863081929,4480.0,20036559.0,high,,,,,https://www.sec.gov/Archives/edgar/data/1037646/000103764626000030/form4.xml,https://www.sec.gov/Archives/edgar/data/1037646/000103764626000051/,0
LEU,1065059,CENTRUS ENERGY CORP,Amir V. Vexler,0.022011884212276758,4392.0,19952858.0,medium,,,,,https://www.sec.gov/Archives/edgar/data/1065059/000162828026044790/wk-form4_1782175513.xml,https://www.sec.gov/Archives/edgar/data/1065059/000162828026053863/,0
OLLI,1639300,"Ollie's Bargain Outlet Holdings, Inc.",Eric van der Valk,0.021793684949365535,13175.0,60453292.0,medium,,,,,https://www.sec.gov/Archives/edgar/data/1639300/000121390026040010/marketforms-72860.xml,https://www.sec.gov/Archives/edgar/data/1639300/000114036126023882/,0
MAS,62996,MASCO CORP /DE/,Jonathon J. Nudi,0.021709801684620566,42809.0,197187430.0,high,,,,,https://www.sec.gov/Archives/edgar/data/62996/000122520826002740/doc4.xml,https://www.sec.gov/Archives/edgar/data/62996/000006299626000027/,0
RJF,720005,RAYMOND JAMES FINANCIAL INC,Paul M. Shoukry,0.021707542412117555,41757.0,192361711.0,medium,,,,,https://www.sec.gov/Archives/edgar/data/720005/000122520825010052/doc4.xml,https://www.sec.gov/Archives/edgar/data/720005/000072000526000070/,0
WES,1423902,"Western Midstream Partners, LP",Oscar K. Brown,0.02169732070518456,85440.0,393781339.0,medium,,,,,https://www.sec.gov/Archives/edgar/data/1423902/000142390226000019/wk-form4_1771021654.xml,https://www.sec.gov/Archives/edgar/data/1423902/000142390226000044/,0
ITW,49826,ILLINOIS TOOL WORKS INC,Christopher A. O'Herlihy,0.02159058988764045,61490.0,284800000.0,high,,,,,https://www.sec.gov/Archives/edgar/data/49826/000004982626000012/wk-form4_1771364760.xml,https://www.sec.gov/Archives/edgar/data/49826/000004982626000049/,0
TDY,1094285,TELEDYNE TECHNOLOGIES INC,George C. Bobb III,0.021490715063073294,9962.1656,46355673.0,medium,,,,,https://www.sec.gov/Archives/edgar/data/1094285/000155559926000009/wk-form4_1777048151.xml,https://www.sec.gov/Archives/edgar/data/1094285/000109428526000043/,0
T,732717,AT&T INC.,John T. Stankey,0.021487190920143263,1472385.1871999998,6852385650.0,medium,,,,,https://www.sec.gov/Archives/edgar/data/732717/000073271726000325/form4.xml,https://www.sec.gov/Archives/edgar/data/732717/000073271726000297/,0
AMZN,1018724,AMAZON COM INC,Andrew R. Jassy,0.021427092579614837,2311193.395,10786313572.0,medium,,,,,https://www.sec.gov/Archives/edgar/data/1018724/000137454526000010/wk-form4_1787692115.xml,https://www.sec.gov/Archives/edgar/data/1018724/000101872426000026/,0
ERIE,922621,ERIE INDEMNITY CO,Timothy G. NeCastro,0.021257107080701453,9819.0,46191610.0,medium,,,,,https://www.sec.gov/Archives/edgar/data/922621/000162828026049319/wk-form4_1784817903.xml,https://www.sec.gov/Archives/edgar/data/922621/000162828026051079/,0
PLSE,1625101,"PULSE BIOSCIENCES, INC.",Paul A. LaViolette,0.021031199827005763,15000.0,71322607.0,medium,,,,,https://www.sec.gov/Archives/edgar/data/1625101/000143774926016190/rdgdoc.xml,https://www.sec.gov/Archives/edgar/data/1625101/000143774926026288/,0
FDXF,2082247,"FedEx Freight Holding Company, Inc.",John A. Smith,0.020540652417054994,30712.0,149518133.0,medium,,,,,https://www.sec.gov/Archives/edgar/data/2082247/000162828026046562/wk-form4_1782937879.xml,https://www.sec.gov/Archives/edgar/data/2082247/000162828026053359/,0
OKE,1039684,ONEOK INC /NEW/,Pierce H. Norton II,0.020270947777060472,127781.906,630369667.0,medium,,,,,https://www.sec.gov/Archives/edgar/data/1039684/000128338726000004/wk-form4_1771968398.xml,https://www.sec.gov/Archives/edgar/data/1039684/000103968426000029/,0
CHD,313927,CHURCH & DWIGHT CO INC /DE/,Richard A. Dierker,0.020254676074960263,48044.882999999994,237203907.0,medium,,,,,https://www.sec.gov/Archives/edgar/data/313927/000031392726000298/form4.xml,https://www.sec.gov/Archives/edgar/data/313927/000119312526327567/,0
BIIB,875045,BIOGEN INC.,Christopher A. Viehbacher,0.020252582268535296,29924.0,147753998.0,high,,,,,https://www.sec.gov/Archives/edgar/data/875045/000087504526000035/form4.xml,https://www.sec.gov/Archives/edgar/data/875045/000087504526000075/,0
NOW,1373715,"ServiceNow, Inc.",William R. McDermott,0.02017446808510638,208604.0,1034000000.0,medium,,,,,https://www.sec.gov/Archives/edgar/data/1373715/000133494426000034/wk-form4_1787172788.xml,https://www.sec.gov/Archives/edgar/data/1373715/000137371526000076/,0
FFIN,36029,FIRST FINANCIAL BANKSHARES INC,David W. Bailey,0.020125236672120447,28845.0,143327507.0,high,,,,,https://www.sec.gov/Archives/edgar/data/36029/000119312526355676/ownership.xml,https://www.sec.gov/Archives/edgar/data/36029/000119312526333027/,0
NEE,753308,NEXTERA ENERGY INC,John W. Ketchum,0.019785488789515533,412595.0,2085341456.0,high,,,,,https://www.sec.gov/Archives/edgar/data/753308/000166799026000006/form4.xml,https://www.sec.gov/Archives/edgar/data/753308/000075330826000031/,0
MO,764180,"ALTRIA GROUP, INC.",Salvatore Mancuso,0.01956850957276667,326744.0,1669743926.0,medium,,,,,https://www.sec.gov/Archives/edgar/data/764180/000076418026000060/wk-form4_1778870870.xml,https://www.sec.gov/Archives/edgar/data/764180/000076418026000094/,0
EW,1099800,Edwards Lifesciences Corp,Bernard J. Zovighian,0.01934320093684941,111494.2102,576400000.0,medium,,,,,https://www.sec.gov/Archives/edgar/data/1099800/000122520826006743/doc4.xml,https://www.sec.gov/Archives/edgar/data/1099800/000109980026000043/,0
IDXX,874716,IDEXX LABORATORIES INC /DE,Michael G. Erickson,0.019157320645216552,15092.351,78781116.0,medium,,,,,https://www.sec.gov/Archives/edgar/data/874716/000087471626000033/wk-form4_1771542024.xml,https://www.sec.gov/Archives/edgar/data/874716/000087471626000123/,0
AWK,1410636,"American Water Works Company, Inc.",John C. Griffith,0.018963514175579083,37686.0,198728989.0,high,,,,,https://www.sec.gov/Archives/edgar/data/1410636/000141063626000042/wk-form4_1771455125.xml,https://www.sec.gov/Archives/edgar/data/1410636/000141063626000120/,0
QCOM,804328,QUALCOMM INC/DE,Cristiano R. Amon,0.018816,197568.0,1050000000.0,medium,,,,,https://www.sec.gov/Archives/edgar/data/804328/000080432826000065/edgardoc.xml,https://www.sec.gov/Archives/edgar/data/804328/000080432826000086/,0
AVGO,1730168,Broadcom Inc.,Hock E. Tan,0.018632875602867558,886474.0,4757580198.0,medium,,,,,https://www.sec.gov/Archives/edgar/data/1730168/000173016826000028/wk-form4_1775861306.xml,https://www.sec.gov/Archives/edgar/data/1730168/000173016826000054/,0
MRK,310158,"Merck & Co., Inc.",Robert M. Davis,0.01825372625331712,450350.757,2467171638.0,high,,,,,https://www.sec.gov/Archives/edgar/data/310158/000031015826000127/form4.xml,https://www.sec.gov/Archives/edgar/data/310158/000031015826000212/,0
NKE,320187,"NIKE, Inc.",Elliott Hill,0.017879842730135504,265247.235,1483498703.0,medium,,,,,https://www.sec.gov/Archives/edgar/data/320187/000032018726000053/form4a.xml,https://www.sec.gov/Archives/edgar/data/320187/000032018726000088/,0
BOBS,2085187,"Bob's Discount Furniture, Inc.",William G. Barton,0.017484513923932313,22850.0,130687076.0,medium,,,,,https://www.sec.gov/Archives/edgar/data/2085187/000162828026034242/wk-form4_1778621525.xml,https://www.sec.gov/Archives/edgar/data/2085187/000162828026054345/,0
BA,12927,BOEING CO,Robert K. Ortberg,0.016409430357694994,129695.218,790370020.0,high,,,,,https://www.sec.gov/Archives/edgar/data/12927/000122520826007098/doc4.xml,https://www.sec.gov/Archives/edgar/data/12927/000162828026050038/,0
MPLX,1552000,MPLX LP,Maryann T. Mannen,0.016319736988558573,165459.0,1013858251.0,high,,,,,https://www.sec.gov/Archives/edgar/data/1552000/000140896426000004/ownership.xml,https://www.sec.gov/Archives/edgar/data/1552000/000155200026000038/,0
VMC,1396009,Vulcan Materials CO,Ronnie A. Pruitt,0.016141536922966968,20916.0,129578739.0,high,,,,,https://www.sec.gov/Archives/edgar/data/1396009/000143299126000003/primarydocument.xml,https://www.sec.gov/Archives/edgar/data/1396009/000162828026050486/,0
V,1403161,VISA INC.,Ryan McInerney,0.015710463863272878,280342.0,1784428534.0,high,,,,,https://www.sec.gov/Archives/edgar/data/1403161/000140316126000112/form4.xml,https://www.sec.gov/Archives/edgar/data/1403161/000140316126000104/,0
TTEK,831641,TETRA TECH INC,Roger R. Argus,0.015579327506396663,39890.0,256044428.0,medium,,,,,https://www.sec.gov/Archives/edgar/data/831641/000172193026000003/wk-form4_1771632146.xml,https://www.sec.gov/Archives/edgar/data/831641/000083164126000017/,0
CME,1156375,CME GROUP INC.,Terrence A. Duffy,0.015470858785313213,55630.0,359579263.0,medium,,,,,https://www.sec.gov/Archives/edgar/data/1156375/000121280926000004/wk-form4_1779135132.xml,https://www.sec.gov/Archives/edgar/data/1156375/000115637526000047/,0
CSCO,858877,"CISCO SYSTEMS, INC.",Charles H. Robbins,0.015291636199175713,602709.85,3941434665.0,medium,,,,,https://www.sec.gov/Archives/edgar/data/858877/000085887726000124/wk-form4_1787001786.xml,https://www.sec.gov/Archives/edgar/data/858877/000085887726000078/,0
MSM,1003078,MSC INDUSTRIAL DIRECT CO INC,Martina McIsaac,0.014810292349190271,8271.0,55846298.0,high,,,,,https://www.sec.gov/Archives/edgar/data/1003078/000100307825000140/wk-form4_1762386734.xml,https://www.sec.gov/Archives/edgar/data/1003078/000100307826000080/,0
PRU,1137774,PRUDENTIAL FINANCIAL INC,Andrew F. Sullivan,0.014687536231884056,50672.0,345000000.0,high,,,,,https://www.sec.gov/Archives/edgar/data/1137774/000113777426000140/form4.xml,https://www.sec.gov/Archives/edgar/data/1137774/000113777426000176/,0
PRIM,1361538,Primoris Services Corp,Koti Vadlamudi,0.014517299242888014,7815.0,53832327.0,high,,,,,https://www.sec.gov/Archives/edgar/data/1361538/000209713326000006/form4a-06012026_090640.xml,https://www.sec.gov/Archives/edgar/data/1361538/000110465926090540/,0
SR,1126956,SPIRE INC,Scott E. Doyle,0.014278514977605685,8441.0,59116792.0,medium,,,,,https://www.sec.gov/Archives/edgar/data/1126956/000169915826000002/primarydocument.xml,https://www.sec.gov/Archives/edgar/data/1126956/000119312526208452/,0
ABUS,1447028,Arbutus Biopharma Corp,Lindsay Androski,0.014152290319477087,28000.0,197847835.0,high,,,,,https://www.sec.gov/Archives/edgar/data/1447028/000144702826000008/wk-form4_1770081671.xml,https://www.sec.gov/Archives/edgar/data/1447028/000144702826000045/,0
APD,2969,"Air Products & Chemicals, Inc.",Eduardo F. Menezes,0.013814271183224165,30762.383,222685530.0,high,,,,,https://www.sec.gov/Archives/edgar/data/2969/000122520825009621/doc4.xml,https://www.sec.gov/Archives/edgar/data/2969/000000296926000036/,0
SLG,1040971,SL GREEN REALTY CORP,Marc Holliday,0.013634756403079935,9697.65,71124483.0,medium,,,,,https://www.sec.gov/Archives/edgar/data/1040971/000121619426000006/form4-06262026_120621.xml,https://www.sec.gov/Archives/edgar/data/1040971/000162828026029075/,0
TMUS,1283699,"T-Mobile US, Inc.",Srinivasan Gopalan,0.013494236003428198,144748.839,1072671613.0,high,,,,,https://www.sec.gov/Archives/edgar/data/1283699/000128369926000046/wk-form4_1772574017.xml,https://www.sec.gov/Archives/edgar/data/1283699/000128369926000101/,0
SCHW,316709,SCHWAB CHARLES CORP,Richard A. Wurster,0.012895356187618758,223004.0,1729335714.0,medium,,,,,https://www.sec.gov/Archives/edgar/data/316709/000188926326000005/wk-form4_1779999885.xml,https://www.sec.gov/Archives/edgar/data/316709/000031670926000031/,0
NEM,1164727,NEWMONT Corp /DE/,Natascha Viljoen,0.012834392328953509,135235.0,1053692271.0,high,,,,,https://www.sec.gov/Archives/edgar/data/1164727/000199413126000008/form4.xml,https://www.sec.gov/Archives/edgar/data/1164727/000116472726000036/,0
ES,72741,EVERSOURCE ENERGY,Paul Chodak III,0.012807866597823542,48244.0,376674754.0,medium,,,,,https://www.sec.gov/Archives/edgar/data/72741/000007274126000057/form4.xml,https://www.sec.gov/Archives/edgar/data/72741/000162828026051906/,0
JNJ,200406,JOHNSON & JOHNSON,Joaquin Duato,0.01277385697403267,307837.0,2409898597.0,high,,,,,https://www.sec.gov/Archives/edgar/data/200406/000020040626000173/wk-form4_1786739711.xml,https://www.sec.gov/Archives/edgar/data/200406/000020040626000153/,0
DUK,1326160,Duke Energy CORP,Harry K. Sideris,0.012652960320868259,98642.0,779596217.0,high,,,,,https://www.sec.gov/Archives/edgar/data/1326160/000178977626000010/wk-form4_1778531149.xml,https://www.sec.gov/Archives/edgar/data/1326160/000132616026000026/,0
SEIC,350894,SEI INVESTMENTS CO,Ryan P. Hicke,0.012637800680894491,15167.785,120019182.0,medium,,,,,https://www.sec.gov/Archives/edgar/data/350894/000162828026022751/wk-form4a_1775068637.xml,https://www.sec.gov/Archives/edgar/data/350894/000035089426000048/,0
VMRK,906107,VIVMARK RESIDENTIAL,Mark J. Parrell,0.01262613839909265,47341.0,374944409.0,medium,,,,,https://www.sec.gov/Archives/edgar/data/906107/000090610726000013/form4.xml,https://www.sec.gov/Archives/edgar/data/906107/000119312526326170/,0
HRMY,1802665,"Harmony Biosciences Holdings, Inc.",Jeffrey M. Dayno,0.012614105409996804,7346.0,58236393.0,medium,,,,,https://www.sec.gov/Archives/edgar/data/1802665/000161599326000002/form4-01262026_090130.xml,https://www.sec.gov/Archives/edgar/data/1802665/000110465926090090/,0
AZO,866787,AUTOZONE INC,Philip B. Daniele,0.012447502672989347,2032.099,16325355.0,medium,,,,,https://www.sec.gov/Archives/edgar/data/866787/000122520826004234/doc4.xml,https://www.sec.gov/Archives/edgar/data/866787/000110465926073525/,0
OPLN,1395942,"OPENLANE, Inc.",Peter J. Kelly,0.012076921382450475,14830.1521,122797455.0,medium,,,,,https://www.sec.gov/Archives/edgar/data/1395942/000153201026000003/wk-form4_1787781133.xml,https://www.sec.gov/Archives/edgar/data/1395942/000139594226000031/,0
MSFT,789019,MICROSOFT CORP,Satya Nadella,0.01207447155345964,896595.378,7425545491.0,medium,,,,,https://www.sec.gov/Archives/edgar/data/789019/000078901925000067/form4.xml,https://www.sec.gov/Archives/edgar/data/789019/000119312526323660/,0
PRGO,1585364,PERRIGO Co plc,Albert A. Manzone,0.0117843114301011,16353.0,138769245.0,medium,,,,,https://www.sec.gov/Archives/edgar/data/1585364/000158536426000140/wk-form4_1784837586.xml,https://www.sec.gov/Archives/edgar/data/1585364/000158536426000145/,0
COST,909832,COSTCO WHOLESALE CORP /NEW,Ron M. Vachris,0.011783666215533494,52258.062,443478804.0,medium,,,,,https://www.sec.gov/Archives/edgar/data/909832/000090983225000142/form4.xml,https://www.sec.gov/Archives/edgar/data/909832/000090983226000051/,0
NEOG,711377,NEOGEN CORP,Mikhael Nassif,0.011765325474899991,25655.0,218056016.0,medium,,,,,https://www.sec.gov/Archives/edgar/data/711377/000071137726000019/primary_doc.xml,https://www.sec.gov/Archives/edgar/data/711377/000119312526326092/,0
SUNC,2089661,SunocoCorp LLC,Joseph Kim,0.011646596152220856,6000.0,51517198.0,high,,,,,https://www.sec.gov/Archives/edgar/data/2089661/000119312525276037/ownership.xml,https://www.sec.gov/Archives/edgar/data/2089661/000208966126000049/,0
SWKS,4127,"SKYWORKS SOLUTIONS, INC.",Philip G. Brace,0.011463202694026087,17249.0,150472782.0,medium,,,,,https://www.sec.gov/Archives/edgar/data/4127/000133650725000007/wk-form4_1763072183.xml,https://www.sec.gov/Archives/edgar/data/4127/000000412726000049/,0
SHW,89800,SHERWIN WILLIAMS CO,Heidi G. Petz,0.011058240429587057,26844.78,242758151.0,medium,,,,,https://www.sec.gov/Archives/edgar/data/89800/000182502226000004/wk-form4_1771453977.xml,https://www.sec.gov/Archives/edgar/data/89800/000008980026000049/,0
ASIC,2040491,Ategrity Specialty Insurance Co Holdings,Justin Cohen,0.01084985042229287,5200.0,47926928.0,high,,,,,https://www.sec.gov/Archives/edgar/data/2040491/000110465925103291/tm2529656-1_4seq1.xml,https://www.sec.gov/Archives/edgar/data/2040491/000204049126000045/,0
CPRT,900075,COPART INC,Jeffrey Liaw,0.010762558246172196,99641.0,925811482.0,medium,,,,,https://www.sec.gov/Archives/edgar/data/900075/000119312526326503/ownership.xml,https://www.sec.gov/Archives/edgar/data/900075/000119312526245578/,0
MA,1141391,Mastercard Inc,Michael Miebach,0.010695394734904494,93692.721,876009940.0,medium,,,,,https://www.sec.gov/Archives/edgar/data/1141391/000114139126000097/wk-form4_1786047091.xml,https://www.sec.gov/Archives/edgar/data/1141391/000114139126000083/,0
LOGI,1032975,LOGITECH INTERNATIONAL S.A.,Johanna (Hanneke) Faber,0.010417049903200214,14916.0,143188332.0,high,,,,,https://www.sec.gov/Archives/edgar/data/1032975/000188060626000003/form4-08032026_080853.xml,https://www.sec.gov/Archives/edgar/data/1032975/000103297526000050/,0
ABBV,1551152,AbbVie Inc.,Robert A. Michael,0.010114608776519325,178737.0,1767117285.0,high,,,,,https://www.sec.gov/Archives/edgar/data/1551152/000169991426000004/form4-03032026_110308.xml,https://www.sec.gov/Archives/edgar/data/1551152/000155115226000026/,0
WELL,766704,WELLTOWER INC.,Shankh Mitra,0.01008734086851758,72704.0,720744951.0,medium,,,,,https://www.sec.gov/Archives/edgar/data/766704/000119312526288714/ownership.xml,https://www.sec.gov/Archives/edgar/data/766704/000076670426000030/,0
CAT,18230,CATERPILLAR INC,Joseph E. Creed,0.01007472914188271,46311.0,459674889.0,medium,,,,,https://www.sec.gov/Archives/edgar/data/18230/000110465926102417/tm2624211-1_4seq1.xml,https://www.sec.gov/Archives/edgar/data/18230/000001823026000046/,0
WMT,104169,Walmart Inc.,John R. Furner,0.010047017843466021,799549.6327,7958079155.0,medium,,,,,https://www.sec.gov/Archives/edgar/data/104169/000169673726000016/wk-form4_1779482974.xml,https://www.sec.gov/Archives/edgar/data/104169/000010416926000102/,0
VNOM,2074176,"Viper Energy, Inc.",Kaes Van't Hof,0.00984479475881635,35362.0,359194893.0,high,,,,,https://www.sec.gov/Archives/edgar/data/2074176/000207417625000041/wk-form3_1755641696.xml,https://www.sec.gov/Archives/edgar/data/2074176/000207417626000053/,0
IP,51434,INTERNATIONAL PAPER CO /NEW/,Andrew K. Silvernail,0.009441624320430829,50000.0,529569895.0,high,,,,,https://www.sec.gov/Archives/edgar/data/51434/000005143426000019/form4.xml,https://www.sec.gov/Archives/edgar/data/51434/000005143426000123/,0
TDG,1260221,TransDigm Group INC,Michael Lisman,0.00943076649626582,5213.0,55276525.0,high,,,,,https://www.sec.gov/Archives/edgar/data/1260221/000119312526042891/ownership.xml,https://www.sec.gov/Archives/edgar/data/1260221/000126022126000053/,0
NSC,702165,NORFOLK SOUTHERN CORP,Mark R. George,0.00942306812400088,21165.0,224608373.0,high,,,,,https://www.sec.gov/Archives/edgar/data/702165/000122520826001186/doc4.xml,https://www.sec.gov/Archives/edgar/data/702165/000162828026049326/,0
MCD,63908,MCDONALDS CORP,Christopher J. Kempczinski,0.00936740384730189,66287.64,707641531.0,medium,,,,,https://www.sec.gov/Archives/edgar/data/63908/000159811526000001/form4.xml,https://www.sec.gov/Archives/edgar/data/63908/000006390826000073/,0
SPGI,64040,S&P Global Inc.,Martina L. Cheung,0.009334464043419267,27518.0,294800000.0,high,,,,,https://www.sec.gov/Archives/edgar/data/64040/000165789026000008/wk-form4_1777666017.xml,https://www.sec.gov/Archives/edgar/data/64040/000006404026000045/,0
SO,92122,SOUTHERN CO,Kimberly S. Greene,0.009190268703171262,103602.0,1127301098.0,medium,,,,,https://www.sec.gov/Archives/edgar/data/92122/000119312526134334/ownership.xml,https://www.sec.gov/Archives/edgar/data/92122/000009212226000034/,0
JCI,833444,Johnson Controls International plc,Joakim Weidemanis,0.009018398558711855,54628.18,605741470.0,high,,,,,https://www.sec.gov/Archives/edgar/data/833444/000083344426000031/form4.xml,https://www.sec.gov/Archives/edgar/data/833444/000083344426000087/,0
SM,893538,SM Energy Co,Elizabeth A. McDonald,0.008997533731481103,21401.0,237854068.0,medium,,,,,https://www.sec.gov/Archives/edgar/data/893538/000089353826000112/wk-form4_1784924371.xml,https://www.sec.gov/Archives/edgar/data/893538/000089353826000121/,0
ETN,1551182,Eaton Corp plc,Paulo Ruiz,0.008627188465499485,33508.0,388400000.0,medium,,,,,https://www.sec.gov/Archives/edgar/data/1551182/000110465926032722/tm269464-1_4seq1.xml,https://www.sec.gov/Archives/edgar/data/1551182/000155118226000030/,0
ACAD,1070494,ACADIA PHARMACEUTICALS INC,Catherine Owen Adams,0.008591135195101528,14803.0,172305518.0,medium,,,,,https://www.sec.gov/Archives/edgar/data/1070494/000181683826000003/form4-03262026_080310.xml,https://www.sec.gov/Archives/edgar/data/1070494/000119312526333243/,0
HON,773840,HONEYWELL INTERNATIONAL INC,Vimal Kapur,0.008200874480946726,25991.8524,316940010.0,medium,,,,,https://www.sec.gov/Archives/edgar/data/773840/000174293826000008/wk-form4_1785443296.xml,https://www.sec.gov/Archives/edgar/data/773840/000077384026000127/,0
CSX,277948,CSX CORP,Stephen F. Angel,0.00802467005819113,148655.0,1852474917.0,medium,,,,,https://www.sec.gov/Archives/edgar/data/277948/000119312526335141/ownership.xml,https://www.sec.gov/Archives/edgar/data/277948/000027794826000032/,0
OHI,888491,OMEGA HEALTHCARE INVESTORS INC,C. Taylor Pickett,0.00795345414223152,24100.0,303013000.0,medium,,,,,https://www.sec.gov/Archives/edgar/data/888491/000114356726000024/form4-07012026_040708.xml,https://www.sec.gov/Archives/edgar/data/888491/000088849126000024/,0
KR,56873,KROGER CO,Gregory S. Foran,0.007839094599949602,48026.0,612647282.0,high,,,,,https://www.sec.gov/Archives/edgar/data/56873/000161607726000004/ownership.xml,https://www.sec.gov/Archives/edgar/data/56873/000110465926078236/,0
PFE,78003,PFIZER INC,Albert Bourla,0.007641753395152187,435555.0,5699673589.0,medium,,,,,https://www.sec.gov/Archives/edgar/data/78003/000122520826007145/doc4.xml,https://www.sec.gov/Archives/edgar/data/78003/000007800326000095/,0
CRH,849395,CRH PUBLIC LTD CO,J. Mintern,0.007498896964399641,49889.0,665284511.0,medium,,,,,https://www.sec.gov/Archives/edgar/data/849395/000119312526226780/ownership.xml,https://www.sec.gov/Archives/edgar/data/849395/000162828026050755/,0
CAG,23217,CONAGRA BRANDS INC.,John Brase,0.007313521266117136,35000.0,478565642.0,medium,,,,,https://www.sec.gov/Archives/edgar/data/23217/000180764126000009/form4-07242026_060707.xml,https://www.sec.gov/Archives/edgar/data/23217/000110465926083905/,0
BMY,14272,BRISTOL MYERS SQUIBB CO,Christopher Boerner,0.0071909211386203525,146890.0,2042714656.0,high,,,,,https://www.sec.gov/Archives/edgar/data/14272/000154374726000002/wk-form4_1773346461.xml,https://www.sec.gov/Archives/edgar/data/14272/000001427226000020/,0
BXP,1037540,"BXP, Inc.",Owen D. Thomas,0.007186808325981741,11474.57,159661556.0,medium,,,,,https://www.sec.gov/Archives/edgar/data/1037540/000133908126000011/wk-form4_1771360378.xml,https://www.sec.gov/Archives/edgar/data/1037540/000103754026000034/,0
RTX,101829,RTX Corp,Christopher T. Calio,0.00702612560136012,94695.18,1347758144.0,medium,,,,,https://www.sec.gov/Archives/edgar/data/101829/000122520826002410/doc4.xml,https://www.sec.gov/Archives/edgar/data/101829/000010182926000027/,0
CGNX,851205,COGNEX CORP,Matthew Moschner,0.006469950912189961,10884.0,168223842.0,medium,,,,,https://www.sec.gov/Archives/edgar/data/851205/000205468826000008/edgardoc.xml,https://www.sec.gov/Archives/edgar/data/851205/000085120526000065/,0
SRE,1032208,SEMPRA,J. Walker Martin,0.0063445420736909924,41473.64,653690046.0,medium,,,,,https://www.sec.gov/Archives/edgar/data/1032208/000146144626000019/wk-form4_1774036924.xml,https://www.sec.gov/Archives/edgar/data/1032208/000103220826000030/,0
INTU,896878,INTUIT INC.,Sasan K. Goodarzi,0.006291098461999656,17208.482,273537000.0,medium,,,,,https://www.sec.gov/Archives/edgar/data/896878/000162828026049897/wk-form4_1785192859.xml,https://www.sec.gov/Archives/edgar/data/896878/000089687826000025/,0
HPQ,47217,HP INC,Bruce Broussard,0.006079568534689994,54825.0,901790969.0,medium,,,,,https://www.sec.gov/Archives/edgar/data/47217/000118564326000002/form4-02052026_100240.xml,https://www.sec.gov/Archives/edgar/data/47217/000004721726000051/,0
BF-B,14693,BROWN FORMAN CORP,Lawson E. Whiting,0.005865815242771193,26916.13,458864265.0,medium,,,,,https://www.sec.gov/Archives/edgar/data/14693/000157278326000006/wk-form4_1784926075.xml,https://www.sec.gov/Archives/edgar/data/14693/000001469326000024/,0
PSA,1393311,Public Storage,H. Thomas Boyle,0.005823331034862809,10227.0,175621134.0,medium,,,,,https://www.sec.gov/Archives/edgar/data/1393311/000173489726000006/wk-form4_1773791329.xml,https://www.sec.gov/Archives/edgar/data/1393311/000162828026050612/,0
DBVT,1613780,DBV Technologies S.A.,Daniel Tassé,0.0057738004344414975,17094.0,296061497.0,medium,,,,,https://www.sec.gov/Archives/edgar/data/1613780/000150278525000004/form4-11242025_071101.xml,https://www.sec.gov/Archives/edgar/data/1613780/000162828026048453/,0
CVS,64803,CVS HEALTH Corp,J. David Joyner,0.005500440174779374,70349.0,1278970369.0,medium,,,,,https://www.sec.gov/Archives/edgar/data/64803/000006480326000038/form4.xml,https://www.sec.gov/Archives/edgar/data/64803/000006480326000098/,0
DHR,313616,DANAHER CORP /DE/,Rainer M. Blair,0.005403805635097279,37988.0,702986054.0,medium,,,,,https://www.sec.gov/Archives/edgar/data/313616/000031361626000187/wk-form4_1787605246.xml,https://www.sec.gov/Archives/edgar/data/313616/000031361626000161/,0
MCK,927653,MCKESSON CORP,Brian S. Tyler,0.005261945277586964,6134.9211,116590363.0,medium,,,,,https://www.sec.gov/Archives/edgar/data/927653/000092765326000187/form4.xml,https://www.sec.gov/Archives/edgar/data/927653/000092765326000234/,0
EL,1001250,ESTEE LAUDER COMPANIES INC,Stéphane de La Faverie,0.005149315033080272,18630.148,361798567.0,high,,,,,https://www.sec.gov/Archives/edgar/data/1001250/000195503826000002/wk-form4_1772475566.xml,https://www.sec.gov/Archives/edgar/data/1001250/000100125026000041/,0
HD,354950,"HOME DEPOT, INC.",Richard V. McPhail,0.004971238199483895,49597.5278,997689626.0,medium,,,,,https://www.sec.gov/Archives/edgar/data/354950/000035495026000152/wk-form4_1787344336.xml,https://www.sec.gov/Archives/edgar/data/354950/000162828026058715/,0
KRO,1257640,KRONOS WORLDWIDE INC,Brian W. Christian,0.004821998069880153,5550.0,115097516.0,high,,,,,https://www.sec.gov/Archives/edgar/data/1257640/000152051426000002/form4-05142026_050526.xml,https://www.sec.gov/Archives/edgar/data/1257640/000110465926091093/,0
ORCL,1341439,ORACLE CORP,Clayton M. Magouyrk,0.004653058475506263,134030.0,2880471000.0,medium,,,,,https://www.sec.gov/Archives/edgar/data/1341439/000134143926000010/form4.xml,https://www.sec.gov/Archives/edgar/data/1341439/000119312526277521/,0
GXO,1852244,"GXO Logistics, Inc.",Patrick Kelleher,0.004648401769866549,5331.0,114684579.0,medium,,,,,https://www.sec.gov/Archives/edgar/data/1852244/000208323026000006/wk-form4_1787344720.xml,https://www.sec.gov/Archives/edgar/data/1852244/000185224426000049/,0
NXPI,1413447,NXP Semiconductors N.V.,Rafael Sotomayor,0.004459792928395927,11246.0,252164174.0,high,,,,,https://www.sec.gov/Archives/edgar/data/1413447/000206664226000002/wk-form4_1777630482.xml,https://www.sec.gov/Archives/edgar/data/1413447/000141344726000045/,0
NFLX,1065280,NETFLIX INC,Ted Sarandos,0.004297708754798973,178954.0,4163939676.0,medium,,,,,https://www.sec.gov/Archives/edgar/data/1065280/000106528026000234/wk-form4_1785878104.xml,https://www.sec.gov/Archives/edgar/data/1065280/000106528026000212/,0
PG,80424,PROCTER & GAMBLE Co,Shailesh Jejurikar,0.004244507639209021,98660.7388,2324433060.0,medium,,,,,https://www.sec.gov/Archives/edgar/data/80424/000008042426000149/form4.xml,https://www.sec.gov/Archives/edgar/data/80424/000008042426000103/,0
ACHC,1520697,"Acadia Healthcare Company, Inc.",Debra K. Osteen,0.004044026722799691,3765.0,93100275.0,medium,,,,,https://www.sec.gov/Archives/edgar/data/1520697/000119312526018061/ownership.xml,https://www.sec.gov/Archives/edgar/data/1520697/000119312526321076/,0
MOS,1285785,MOSAIC CO,Bruce M. Bodine,0.003958031875655195,12582.411,317895646.0,medium,,,,,https://www.sec.gov/Archives/edgar/data/1285785/000128578526000050/wk-form4_1773259762.xml,https://www.sec.gov/Archives/edgar/data/1285785/000128578526000112/,0
AMKR,1047127,"AMKOR TECHNOLOGY, INC.",Kevin K. Engel,0.0038904825225486183,9666.0,248452472.0,high,,,,,https://www.sec.gov/Archives/edgar/data/1047127/000162828026051435/wk-form4_1785530197.xml,https://www.sec.gov/Archives/edgar/data/1047127/000104712726000046/,0
PYPL,1633917,"PayPal Holdings, Inc.",Enrique Lores,0.003732958568950285,31934.0,855460874.0,medium,,,,,https://www.sec.gov/Archives/edgar/data/1633917/000165624226000002/edgardoc.xml,https://www.sec.gov/Archives/edgar/data/1633917/000163391726000082/,0
ORLY,898173,O REILLY AUTOMOTIVE INC,Brad Beckham,0.0035394793274480473,28633.0,808960792.0,medium,,,,,https://www.sec.gov/Archives/edgar/data/898173/000162588926000004/form4-05112026_080539.xml,https://www.sec.gov/Archives/edgar/data/898173/000089817326000045/,0
KVUE,1944048,Kenvue Inc.,Kirk L. Perry,0.003256742717177486,62554.65,1920773467.0,medium,,,,,https://www.sec.gov/Archives/edgar/data/1944048/000194404826000048/wk-form4_1772662463.xml,https://www.sec.gov/Archives/edgar/data/1944048/000194404826000142/,0
CVX,93410,CHEVRON CORP,Michael K. Wirth,0.00319768795261875,63179.0,1975771274.0,medium,,,,,https://www.sec.gov/Archives/edgar/data/93410/000009341026000173/form4.xml,https://www.sec.gov/Archives/edgar/data/93410/000009341026000167/,0
UE,1611547,Urban Edge Properties,Jeffrey S. Olson,0.002908641623963258,3665.47,126019994.0,medium,,,,,https://www.sec.gov/Archives/edgar/data/1611547/000162828026034208/wk-form4_1778620593.xml,https://www.sec.gov/Archives/edgar/data/1611547/000161154726000039/,0
KO,21344,COCA COLA CO,Henrique Braun,0.00265389176395302,114185.0,4302549243.0,medium,,,,,https://www.sec.gov/Archives/edgar/data/21344/000002134426000075/form4.xml,https://www.sec.gov/Archives/edgar/data/21344/000162828026050503/,0
ACN,1467373,Accenture plc,Julie Sweet,0.0025147838149262385,16794.0,667810883.0,medium,,,,,https://www.sec.gov/Archives/edgar/data/1467373/000148763026000017/wk-form4_1786999649.xml,https://www.sec.gov/Archives/edgar/data/1467373/000146737326000032/,0
CBOE,1374310,"Cboe Global Markets, Inc.",Craig S. Donohue,0.0024935120091090944,2604.0,104431019.0,medium,,,,,https://www.sec.gov/Archives/edgar/data/1374310/000121281026000001/form4-02232026_040210.xml,https://www.sec.gov/Archives/edgar/data/1374310/000162828026051239/,0
SPG,1063761,SIMON PROPERTY GROUP INC.,Eli Simon,0.002472497215852237,8000.0,323559515.0,low,,class(es) counted from the person's filings but absent from the cover page: Common Stock; the denominator may not include them,,,https://www.sec.gov/Archives/edgar/data/1063761/000180366626000010/form4-08242026_020807.xml,https://www.sec.gov/Archives/edgar/data/1063761/000110465926093360/,0
REXR,1571283,"Rexford Industrial Realty, Inc.",Laura Clark,0.002381292736468782,5310.0,222988124.0,medium,,,,,https://www.sec.gov/Archives/edgar/data/1571283/000182329726000004/wk-form4_1772241701.xml,https://www.sec.gov/Archives/edgar/data/1571283/000157128326000040/,0
UGI,884614,UGI CORP /PA/,Robert C. Flexon,0.0023310570266201164,5000.0,214494967.0,medium,,,,,https://www.sec.gov/Archives/edgar/data/884614/000123654526000002/form4-01052026_090108.xml,https://www.sec.gov/Archives/edgar/data/884614/000088461426000052/,0
STZ,16918,"CONSTELLATION BRANDS, INC.",Nicholas I. Fink,0.002035385802870168,3476.0,170778434.0,medium,,,,,https://www.sec.gov/Archives/edgar/data/16918/000154954326000007/wk-form4_1784061441.xml,https://www.sec.gov/Archives/edgar/data/16918/000001691826000029/,0
DIS,1744489,Walt Disney Co,Josh D'Amaro,0.002033150419994325,35106.142,1726686902.0,high,,,,,https://www.sec.gov/Archives/edgar/data/1744489/000162828026020152/wk-form4_1774036928.xml,https://www.sec.gov/Archives/edgar/data/1744489/000174448926000057/,0
GTY,1052752,GETTY REALTY CORP /MD/,Christopher J. Constant,0.002005402671051039,1242.0,61932699.0,medium,,,,,https://www.sec.gov/Archives/edgar/data/1052752/000110465926022660/tm267479-2_4seq1.xml,https://www.sec.gov/Archives/edgar/data/1052752/000119312526314247/,0
HONA,2089271,Honeywell Aerospace Inc.,James Currier,0.0018870703824994722,5981.121,316952725.0,medium,,,,,https://www.sec.gov/Archives/edgar/data/2089271/000162828026053672/wk-form4_1785972698.xml,https://www.sec.gov/Archives/edgar/data/2089271/000208927126000021/,0
MMM,66740,3M CO,William M. Brown,0.0018093066526522542,9331.0,515722417.0,high,,,,,https://www.sec.gov/Archives/edgar/data/66740/000006674026000182/form4.xml,https://www.sec.gov/Archives/edgar/data/66740/000006674026000246/,0
LLYVA,2078416,"Liberty Live Holdings, Inc.",Chad R. Hollingsworth,0.001386875479971953,1276.0,92005376.0,low,,class(es) counted from the person's filings but absent from the cover page: Series C Liberty Live Group Common Stock; the denominator may not include them,,,https://www.sec.gov/Archives/edgar/data/2078416/000122520826003422/doc4.xml,https://www.sec.gov/Archives/edgar/data/2078416/000110465926092020/,0
NWSA,1564708,NEWS CORP,Robert J. Thomson,0.0003696498010605763,2000.0,541052638.0,medium,,,,,https://www.sec.gov/Archives/edgar/data/1564708/000157938026000003/wk-form4_1787083524.xml,https://www.sec.gov/Archives/edgar/data/1564708/000156470826000175/,0
CP,16875,CANADIAN PACIFIC KANSAS CITY LTD/CN,Keith Creel,0.00023740749900830324,2087.0,879079224.0,medium,,,,,https://www.sec.gov/Archives/edgar/data/16875/000166218817000022/wf-form4_149910617094317.xml,https://www.sec.gov/Archives/edgar/data/16875/000001687526000026/,0
BRK-B,1067983,BERKSHIRE HATHAWAY INC,Gregory E. Abel,0.0001854424007947993,2612.0,1408523611.0,medium,,,,,https://www.sec.gov/Archives/edgar/data/1067983/000119312526092556/ownership.xml,https://www.sec.gov/Archives/edgar/data/1067983/000119312526341032/,0
TOL,794170,"Toll Brothers, Inc.",Karl K. Mistry,0.00017580604903035367,162.0,92147000.0,high,,,,,https://www.sec.gov/Archives/edgar/data/794170/000079417026000070/form3.xml,https://www.sec.gov/Archives/edgar/data/794170/000079417026000102/,0
SCCO,1001838,SOUTHERN COPPER CORP/,Leonardo Contreras Lerdo de Tejada,0.00016779896891512834,1400.0,834331706.0,medium,,,,,https://www.sec.gov/Archives/edgar/data/1001838/000186896326000010/form4-07282026_070746.xml,https://www.sec.gov/Archives/edgar/data/1001838/000110465926089169/,0
MELI,1099590,MERCADOLIBRE INC,Ariel Szarfsztejn,0.0001499108365849191,76.0,50696802.0,medium,,,,,https://www.sec.gov/Archives/edgar/data/1099590/000120919122001984/doc3.xml,https://www.sec.gov/Archives/edgar/data/1099590/000109959026000023/,0
MWH,2065636,"SOLV Energy, Inc.",George Hershman,9.882071216114662e-05,200.0,202386722.0,medium,,,,,https://www.sec.gov/Archives/edgar/data/2065636/000119312526361511/ownership.xml,https://www.sec.gov/Archives/edgar/data/2065636/000119312526352447/,0
PLD,1045609,"Prologis, Inc.",Daniel S. Letter,2.145144786547368e-06,20.0,932338000.0,medium,,,,,https://www.sec.gov/Archives/edgar/data/1045609/000119312526306403/ownership.xml,https://www.sec.gov/Archives/edgar/data/1045609/000119312526197850/,0
AADX,2118195,"Applied Aerospace & Defense, Inc.",James William Ferguson,0.0,0,172393518.0,low,,walk did not settle; the total is a floor,,,https://www.sec.gov/Archives/edgar/data/2118195/000119312526255923/ownership.xml,https://www.sec.gov/Archives/edgar/data/2118195/000162828026056207/,0
AAMI,1748824,Acadian Asset Management Inc.,Kelly Young,0.0,0,35490128.0,low,,walk did not settle; the total is a floor,,,https://www.sec.gov/Archives/edgar/data/1748824/000162828026009181/wk-form4_1771451533.xml,https://www.sec.gov/Archives/edgar/data/1748824/000162828026053869/,0
ACHR,1824502,Archer Aviation Inc.,Adam Goldstein,0.0,0.0,770023800.0,high,,,,,https://www.sec.gov/Archives/edgar/data/1824502/000188260426000005/form4-05202026_120511.xml,https://www.sec.gov/Archives/edgar/data/1824502/000182450226000059/,0
AD,821130,"ARRAY DIGITAL INFRASTRUCTURE, INC.",Anthony J. M. Carlson,0.0,0,86500000.0,low,,walk did not settle; the total is a floor,,,https://www.sec.gov/Archives/edgar/data/821130/000202834926000011/wk-form4_1775506524.xml,https://www.sec.gov/Archives/edgar/data/821130/000082113026000046/,0
ADBT,2084227,"Advasa Holdings, Inc.",Grady Ryther,0.0,0.0,487065702.0,high,,,,,https://www.sec.gov/Archives/edgar/data/2084227/000149315226037217/ownership.xml,https://www.sec.gov/Archives/edgar/data/2084227/000149315226037438/,0
ADIG,2105139,ADI GLOBAL DISTRIBUTION INC.,Robert Aarnes,0.0,0,75923198.0,low,,walk did not settle; the total is a floor,,,https://www.sec.gov/Archives/edgar/data/2105139/000110465926094187/tm2622812-2_4seq1.xml,https://www.sec.gov/Archives/edgar/data/2105139/000162828026056748/,0
ALMR,2104204,"Alamar Biosciences, Inc.",Yuling Luo,0.0,0.0,69392766.0,low,,"2 line(s) only ever footnoted, so missing from the total",,,https://www.sec.gov/Archives/edgar/data/2104204/000212694126000004/form4-04212026_120453.xml,https://www.sec.gov/Archives/edgar/data/2104204/000119312526343003/,0
ANDG,2065708,Andersen Group Inc.,Mark Vorsatz,0.0,0,112988453.0,low,,walk did not settle; the total is a floor,,,https://www.sec.gov/Archives/edgar/data/2065708/000119312526037596/ownership.xml,https://www.sec.gov/Archives/edgar/data/2065708/000119312526346921/,0
AOS,91142,SMITH A O CORP,Stephen M. Shafer,0.0,0,135908573.0,low,,walk did not settle; the total is a floor,,,https://www.sec.gov/Archives/edgar/data/91142/000009114226000034/wk-form4_1770848769.xml,https://www.sec.gov/Archives/edgar/data/91142/000009114226000098/,0
ATAI,2081043,AtaiBeckley Inc.,Srinivas Rao,0.0,0,370864669.0,low,,walk did not settle; the total is a floor,,,https://www.sec.gov/Archives/edgar/data/2081043/000114036126003549/form4.xml,https://www.sec.gov/Archives/edgar/data/2081043/000119312526344720/,0
AVLN,1540171,Avalyn Pharma Inc.,Lyn Baranowski,0.0,0,44333095.0,low,,walk did not settle; the total is a floor,,,https://www.sec.gov/Archives/edgar/data/1540171/000119312526201856/ownership.xml,https://www.sec.gov/Archives/edgar/data/1540171/000119312526345820/,0
BMNR,1829311,"BITMINE IMMERSION TECHNOLOGIES, INC.",Chi Tsang,0.0,0,603226394.0,low,,walk did not settle; the total is a floor,,,https://www.sec.gov/Archives/edgar/data/1829311/000149315226003848/ownership.xml,https://www.sec.gov/Archives/edgar/data/1829311/000162828026048157/,0
BRUN,2090646,Boost Run Inc.,Andrew Karos,0.0,0,79487441.0,low,,"walk did not settle; the total is a floor|1 line(s) only ever footnoted, so missing from the total",,,https://www.sec.gov/Archives/edgar/data/2090646/000149315226023900/ownership.xml,https://www.sec.gov/Archives/edgar/data/2090646/000149315226039031/,0
BX,1393818,Blackstone Inc.,Stephen A. Schwarzman,0.0,0,750625114.0,low,,walk did not settle; the total is a floor,,,https://www.sec.gov/Archives/edgar/data/1393818/000089924323018547/doc4.xml,https://www.sec.gov/Archives/edgar/data/1393818/000119312526340208/,0
BXBL,1906364,BOXABL Inc.,Paolo Tiramani,0.0,0.0,10295800.0,low,,"3 line(s) only ever footnoted, so missing from the total",,,https://www.sec.gov/Archives/edgar/data/1906364/000149315226034851/ownership.xml,https://www.sec.gov/Archives/edgar/data/1906364/000110465926061340/,0
CCI,1051470,CROWN CASTLE INC.,Christian H. Hillabrant,0.0,0.0,425455439.0,high,,,,,https://www.sec.gov/Archives/edgar/data/1051470/000208681726000003/wk-form4_1772230901.xml,https://www.sec.gov/Archives/edgar/data/1051470/000105147026000074/,0
COAG,2114044,"Hemab Therapeutics Holdings, Inc.",Benny Sørensen,0.0,0,46712117.0,low,,walk did not settle; the total is a floor,,,https://www.sec.gov/Archives/edgar/data/2114044/000119312526198176/ownership.xml,https://www.sec.gov/Archives/edgar/data/2114044/000119312526344533/,0
COLD,1455863,AMERICOLD REALTY TRUST,Robert Chambers,0.0,0.0,285480551.0,high,,,,,https://www.sec.gov/Archives/edgar/data/1455863/000119312526100728/ownership.xml,https://www.sec.gov/Archives/edgar/data/1455863/000162828026054283/,0
COTY,1024305,COTY INC.,Markus Strobel,0.0,0,880686464.0,low,,walk did not settle; the total is a floor,,,https://www.sec.gov/Archives/edgar/data/1024305/000210884526000005/wk-form4_1773871845.xml,https://www.sec.gov/Archives/edgar/data/1024305/000102430526000048/,0
CQP,1383650,"Cheniere Energy Partners, L.P.",Jack A. Fusco,0.0,0,484057704.0,low,,walk did not settle; the total is a floor,,,https://www.sec.gov/Archives/edgar/data/1383650/000000357016000315/wf-form3_146343814403001.xml,https://www.sec.gov/Archives/edgar/data/1383650/000138365026000028/,0
CRVL,874866,CORVEL CORP,Sarah A. Scott,0.0,0,50516571.0,low,,walk did not settle; the total is a floor,,,https://www.sec.gov/Archives/edgar/data/874866/000214190126000005/edgardoc.xml,https://www.sec.gov/Archives/edgar/data/874866/000119312526338216/,0
CVI,1376139,CVR ENERGY INC,Dane J. Neumann,0.0,0.0,100530599.0,high,,,,,https://www.sec.gov/Archives/edgar/data/1376139/000187883025000004/wk-form4_1765574709.xml,https://www.sec.gov/Archives/edgar/data/1376139/000137613926000039/,0
DLR,1297996,"DIGITAL REALTY TRUST, INC.",Andrew P. Power,0.0,0.0,351406070.0,high,,,,,https://www.sec.gov/Archives/edgar/data/1297996/000164127526000016/form4-03172026_080312.xml,https://www.sec.gov/Archives/edgar/data/1297996/000110465926054255/,0
ELVN,1672619,"Enliven Therapeutics, Inc.",Richard Fair,0.0,0,73270761.0,low,,walk did not settle; the total is a floor,,,https://www.sec.gov/Archives/edgar/data/1672619/000169585125000004/form4-12122025_111226.xml,https://www.sec.gov/Archives/edgar/data/1672619/000119312526335155/,0
EMAT,1866226,Evolution Metals & Technologies Corp.,Suk Jin Moon,0.0,0.0,621800646.0,high,,,,,https://www.sec.gov/Archives/edgar/data/1866226/000121390026001501/ownership.xml,https://www.sec.gov/Archives/edgar/data/1866226/000121390026090427/,0
FPS,2080126,"Forgent Power Solutions, Inc.",Gary J. Niederpruem,0.0,0,304428889.0,low,,walk did not settle; the total is a floor,,,https://www.sec.gov/Archives/edgar/data/2080126/000119312526039931/ownership.xml,https://www.sec.gov/Archives/edgar/data/2080126/000208012626000018/,0
FRNM,2017526,"Freenome, Inc.",Adam Stone,0.0,0.0,8911250.0,low,,"1 line(s) only ever footnoted, so missing from the total",,,https://www.sec.gov/Archives/edgar/data/2017526/000172744026000003/form4-07222026_110718.xml,https://www.sec.gov/Archives/edgar/data/2017526/000114036126009262/,0
FRVO,1853868,Fervo Energy Co,Tim Latimer,0.0,0,294763199.0,low,,"walk did not settle; the total is a floor|1 line(s) only ever footnoted, so missing from the total",,,https://www.sec.gov/Archives/edgar/data/1853868/000162828026034286/wk-form3_1778628290.xml,https://www.sec.gov/Archives/edgar/data/1853868/000162828026056457/,0
FUBO,1484769,FuboTV Inc.,Alisa Bowen,0.0,0,109196795.0,low,,walk did not settle; the total is a floor,,,https://www.sec.gov/Archives/edgar/data/1484769/000149315226039737/ownership.xml,https://www.sec.gov/Archives/edgar/data/1484769/000162828026053535/,0
FWONA,1560385,Liberty Media Corp,Derek Chang,0.0,0.0,250708485.0,low,,class(es) counted from the person's filings but absent from the cover page: Series C Liberty Live Common Stock; the denominator may not include them,,,https://www.sec.gov/Archives/edgar/data/1560385/000122520825010090/doc4.xml,https://www.sec.gov/Archives/edgar/data/1560385/000110465926091894/,0
GMED,1237831,GLOBUS MEDICAL INC,Keith W. Pfeil,0.0,0.0,134261914.0,high,,,,,https://www.sec.gov/Archives/edgar/data/1237831/000119312526021263/ownership.xml,https://www.sec.gov/Archives/edgar/data/1237831/000162828026054450/,0
IEP,813762,ICAHN ENTERPRISES L.P.,Ted Papapostolou,0.0,0.0,710915093.0,high,,,,,https://www.sec.gov/Archives/edgar/data/813762/000101297526000802/form4.xml,https://www.sec.gov/Archives/edgar/data/813762/000110465926090605/,0
INIO,2109150,INNIO N.V.,Olaf Berlien,0.0,0,750000000.0,low,,walk did not settle; the total is a floor,,,https://www.sec.gov/Archives/edgar/data/2109150/000119312526257796/ownership.xml,https://www.sec.gov/Archives/edgar/data/2109150/000119312526319072/,0
LBRX,1691082,LB PHARMACEUTICALS INC,Heather Turner,0.0,0,32259175.0,low,,walk did not settle; the total is a floor,,,https://www.sec.gov/Archives/edgar/data/1691082/000141588925024442/form4-09122025_060901.xml,https://www.sec.gov/Archives/edgar/data/1691082/000119312526343490/,0
MCHB,1518715,Mechanics Bancorp,C.J. Johnson,0.0,0,221426509.0,low,,walk did not settle; the total is a floor,,,https://www.sec.gov/Archives/edgar/data/1518715/000210202526000002/wk-form3_1767657762.xml,https://www.sec.gov/Archives/edgar/data/1518715/000151871526000060/,0
NSIT,932696,INSIGHT ENTERPRISES INC,Jack Azagury,0.0,0,29348850.0,low,,walk did not settle; the total is a floor,,,https://www.sec.gov/Archives/edgar/data/932696/000119312526161595/ownership.xml,https://www.sec.gov/Archives/edgar/data/932696/000093269626000070/,0
OBX,2130606,"Obsidian Therapeutics, Inc.",Madan Jagasia,0.0,0,61772876.0,low,,walk did not settle; the total is a floor,,,https://www.sec.gov/Archives/edgar/data/2130606/000119312526335082/ownership.xml,https://www.sec.gov/Archives/edgar/data/2130606/000119312526352381/,0
PBLS,1657677,"Parabilis Medicines, Inc.",Mathai Mammen,0.0,0,123533240.0,low,,walk did not settle; the total is a floor,,,https://www.sec.gov/Archives/edgar/data/1657677/000119312526264599/ownership.xml,https://www.sec.gov/Archives/edgar/data/1657677/000119312526349168/,0
RBCAA,921557,REPUBLIC BANCORP INC /KY/,Steven E. Trager,0.0,0.0,19634151.0,low,,the matched insider (Trager Jean S) is not flagged as an officer on any filing; this may be a trust or entity named after the chief executive,,,https://www.sec.gov/Archives/edgar/data/921557/000117911022001205/edgar.xml,https://www.sec.gov/Archives/edgar/data/921557/000110465926092605/,0
SEB,88121,SEABOARD CORP /DE/,Robert L. Steer,0.0,0.0,957794.0,medium,,,,,https://www.sec.gov/Archives/edgar/data/88121/000123495105000001/primary_doc.xml,https://www.sec.gov/Archives/edgar/data/88121/000008812126000054/,0
SOLS,2064953,Solstice Advanced Materials Inc.,David Sewell,0.0,0,158847369.0,low,,walk did not settle; the total is a floor,,,https://www.sec.gov/Archives/edgar/data/2064953/000206495326000062/wk-form4_1781298014.xml,https://www.sec.gov/Archives/edgar/data/2064953/000206495326000087/,0
STAG,1479094,"STAG Industrial, Inc.",William R. Crooker,0.0,0.0,192808329.0,high,,,,,https://www.sec.gov/Archives/edgar/data/1479094/000160642126000006/form4-02232026_090225.xml,https://www.sec.gov/Archives/edgar/data/1479094/000147909426000026/,0
STOK,1623526,"Stoke Therapeutics, Inc.",Ian F. Smith,0.0,0,64526242.0,low,,walk did not settle; the total is a floor,,,https://www.sec.gov/Archives/edgar/data/1623526/000119703226000002/form4-02192026_090250.xml,https://www.sec.gov/Archives/edgar/data/1623526/000119312526330557/,0
TDS,1051512,TELEPHONE & DATA SYSTEMS INC /DE/,Walter C. D. Carlson,0.0,0,115100000.0,low,,walk did not settle; the total is a floor,,,https://www.sec.gov/Archives/edgar/data/1051512/000123011826000007/wk-form4_1779826844.xml,https://www.sec.gov/Archives/edgar/data/1051512/000105151226000063/,0
TGLS,1534675,Tecnoglass Holdings Inc.,Jose M. Daes,0.0,0.0,44364616.0,medium,,,,,https://www.sec.gov/Archives/edgar/data/1534675/000106299323006413/form4.xml,https://www.sec.gov/Archives/edgar/data/1534675/000149315226036362/,0
TKR,98362,TIMKEN CO,Lucian Boldea,0.0,0,69296839.0,low,,walk did not settle; the total is a floor,,,https://www.sec.gov/Archives/edgar/data/98362/000167913026000002/wk-form4_1771363397.xml,https://www.sec.gov/Archives/edgar/data/98362/000009836226000053/,0
TOP,1848275,TOP Financial Group Ltd,Ka Fai Yuen,0.0,0,123705513.0,low,,walk did not settle; the total is a floor,,,https://www.sec.gov/Archives/edgar/data/1848275/000121390026083885/ownership.xml,https://www.sec.gov/Archives/edgar/data/1848275/000121390026090479/,0
UAN,1425292,"CVR PARTNERS, LP",Dane J. Neumann,0.0,0,10569637.0,low,,walk did not settle; the total is a floor,,,https://www.sec.gov/Archives/edgar/data/1425292/000142529221000050/wf-form3_162940482442313.xml,https://www.sec.gov/Archives/edgar/data/1425292/000142529226000031/,0
USAR,1970622,"USA Rare Earth, Inc.",Barbara Humpton,0.0,0,244720099.0,low,,walk did not settle; the total is a floor,,,https://www.sec.gov/Archives/edgar/data/1970622/000179004125000009/wk-form4_1759524206.xml,https://www.sec.gov/Archives/edgar/data/1970622/000197062226000057/,0
VOR,1817229,Vor Biopharma Inc.,Jean-Paul Kress,0.0,0,59162294.0,low,,walk did not settle; the total is a floor,,,https://www.sec.gov/Archives/edgar/data/1817229/000165497925000006/form4-12092025_081201.xml,https://www.sec.gov/Archives/edgar/data/1817229/000119312526343607/,0
VZ,732712,VERIZON COMMUNICATIONS INC,Daniel H. Schulman,0.0,0,4154775202.0,low,,walk did not settle; the total is a floor,,,https://www.sec.gov/Archives/edgar/data/732712/000121531526000036/wk-form4_1786737746.xml,https://www.sec.gov/Archives/edgar/data/732712/000073271226000046/,0
WEN,30697,Wendy's Co,Robert D. Wright,0.0,0.0,190669930.0,high,,,,,https://www.sec.gov/Archives/edgar/data/30697/000003069726000097/form4.xml,https://www.sec.gov/Archives/edgar/data/30697/000003069726000116/,0
WLK,1262823,WESTLAKE CORP,Jean-Marc Gilson,0.0,0,127796548.0,low,,walk did not settle; the total is a floor,,,https://www.sec.gov/Archives/edgar/data/1262823/000119312526063701/ownership.xml,https://www.sec.gov/Archives/edgar/data/1262823/000126282326000032/,0
XXI,2070457,"Twenty One Capital, Inc.",Raphael Zagury,0.0,0,562372222.0,low,,the matched insider (Zagury Raphael Sequerra) is not flagged as an officer on any filing; this may be a trust or entity named after the chief executive|walk did not settle; the total is a floor,,,https://www.sec.gov/Archives/edgar/data/2070457/000121390025119304/ownership.xml,https://www.sec.gov/Archives/edgar/data/2070457/000121390026087471/,0
AMR,1704715,"Alpha Metallurgical Resources, Inc.",,,,,none,,,,no Section 302 certification found; cannot name the CEO,,,0
APMD,1745648,"Apnimed, Inc.",,,,,none,,,,no Section 302 certification found; cannot name the CEO,,,0
ASX,1122411,"ASE Technology Holding Co., Ltd.",,,,,none,,,,no Section 302 certification found; cannot name the CEO,,,0
AU,1973832,AngloGold Ashanti PLC,,,,,none,,,,no Section 302 certification found; cannot name the CEO,,,0
BAM,1937926,Brookfield Asset Management Ltd.,Connor Teskey,,,,none,,,,could not find this person among the issuer's 13 Section 16 filings (3 Form 3s searched); try --max-search 0 to sweep everything,,,0
BEPC,1791863,Brookfield Renewable Corp,,,,,none,,,,no Section 302 certification found; cannot name the CEO,,,0
BIPC,1788348,Brookfield Infrastructure Corp,,,,,none,,,,no Section 302 certification found; cannot name the CEO,,,0
BTE,1279495,BAYTEX ENERGY CORP.,,,,,none,,,,no Section 302 certification found; cannot name the CEO,,,0
BUD,1668717,Anheuser-Busch InBev SA/NV,,,,,none,,,,no Section 302 certification found; cannot name the CEO,,,0
CBC,2065601,"Central Bancompany, Inc.",,,,,none,,,,no Section 302 certification found; cannot name the CEO,,,0
CIB,2058897,Grupo Cibest S.A.,,,,,none,,,,no Section 302 certification found; cannot name the CEO,,,0
CIGI,913353,Colliers International Group Inc.,Jay S. Hennick,,6548681.0,,low,,foreign-regime issuer: stake from SC 13D/A dated 2024-03-01; no U.S. transaction filings exist,,,https://www.sec.gov/Archives/edgar/data/913353/000092189524000558/sc13da306307cigi_02292024.htm,,0
FMS,1333141,Fresenius Medical Care AG,,,,,none,,,,no Section 302 certification found; cannot name the CEO,,,0
FRO,913290,Frontline plc,,,,,none,,,,no Section 302 certification found; cannot name the CEO,,,0
GLOB,1557860,Globant S.A.,,,,,none,,,,no Section 302 certification found; cannot name the CEO,,,0
GPK,1408075,GRAPHIC PACKAGING HOLDING CO,,,,,none,,,,no Section 302 certification found; cannot name the CEO,,,0
IGIC,1794338,International General Insurance Holdings Ltd.,,,,,none,,,,no Section 302 certification found; cannot name the CEO,,,0
IOND,2007691,Ionic Digital Inc.,,,,,none,,,,no Section 302 certification found; cannot name the CEO,,,0
JMKE,2127043,Jersey Mike's Subs Inc.,,,,,none,,,,no Section 302 certification found; cannot name the CEO,,,0
KEX,56047,KIRBY CORP,,,,,none,,,,no Section 302 certification found; cannot name the CEO,,,0
LAR,1440972,Lithium Argentina AG,,,,,none,,,,no Section 302 certification found; cannot name the CEO,,,0
LION,2052959,Lionsgate Studios Corp.,,,,,none,,,,no Section 302 certification found; cannot name the CEO,,,0
LTGO,2056611,"Latigo Biotherapeutics, Inc.",,,,,none,,,,no Section 302 certification found; cannot name the CEO,,,0
LYNX,2132582,Lyntris Inc.,,,,,none,,,,no Section 302 certification found; cannot name the CEO,,,0
NTR,1725964,Nutrien Ltd.,,,,,none,,,,no Section 302 certification found; cannot name the CEO,,,0
NVA,1852551,Nova Minerals Corp,,,,,none,,,,no Section 302 certification found; cannot name the CEO,,,0
OTEX,1002638,OPEN TEXT CORP,Ayman Antoun,,,,none,,,,could not find this person among the issuer's 6 Section 16 filings (5 Form 3s searched); try --max-search 0 to sweep everything,,,0
PDS,1013605,PRECISION DRILLING Corp,,,,,none,,,,no Section 302 certification found; cannot name the CEO,,,0
RACE,1648416,Ferrari N.V.,,,,,none,,,,no Section 302 certification found; cannot name the CEO,,,0
RUSHA,1012019,RUSH ENTERPRISES INC \TX\,,,,,none,,,,no Section 302 certification found; cannot name the CEO,,,0
SHIP,1448397,Seanergy Maritime Holdings Corp.,,,,,none,,,,no Section 302 certification found; cannot name the CEO,,,0
SHOP,1594805,SHOPIFY INC.,Tobias Lütke,,,,none,,,,no Section 16 holdings found,,,0
TIMB,1826168,TIM S.A.,,,,,none,,,,no Section 302 certification found; cannot name the CEO,,,0
TLN,1622536,Talen Energy Corp,,,,,none,,,,no Section 302 certification found; cannot name the CEO,,,0
WFG,1402388,"WEST FRASER TIMBER CO., LTD",,,,,none,,,,no Section 302 certification found; cannot name the CEO,,,0
XPRO,2126198,Expro Ltd,Michael Jardon,,,,none,,,,this issuer has no Section 16 filings,,,0
ZLAB,1704292,Zai Lab Ltd,Samantha (Ying) Du,,,,none,,,,could not find this person among the issuer's 284 Section 16 filings (22 Form 3s searched); try --max-search 0 to sweep everything,,,0
