ticker,cik,ceo,owner_cik,filed,traded,code,label,shares,value,avg_price,pct_of_holding,net_change,holding_after,residue,plan,other_codes,rows,unpriced_rows,securities,direct,form,accession,price_flag,url
OPK,944809,Phillip Frost,898860,2025-11-21,2025-11-21,P,open-market purchase,580000,768807.41,1.3255,0.2322,580000,250402576,0,discretionary,,5,0,Common Stock,I,4,0001193125-25-291590,,https://www.sec.gov/Archives/edgar/data/944809/000119312525291590/ownership.xml
OPK,944809,Phillip Frost,898860,2025-11-20,2025-11-20,P,open-market purchase,580000,771327.70,1.3299,0.2327,580000,249822576,0,discretionary,,7,0,Common Stock,I,4,0001193125-25-290115,,https://www.sec.gov/Archives/edgar/data/944809/000119312525290115/ownership.xml
OPK,944809,Phillip Frost,898860,2025-11-19,2025-11-19,P,open-market purchase,580000,759115.40,1.3088,0.2332,580000,249242576,0,discretionary,,9,0,Common Stock,I,4,0001193125-25-288284,,https://www.sec.gov/Archives/edgar/data/944809/000119312525288284/ownership.xml
OPK,944809,Phillip Frost,898860,2025-11-18,2025-11-18,P,open-market purchase,533300,678905.83,1.2730,0.2149,580000,248662576,0,discretionary,A,11,0,Common Stock,I,4,0001193125-25-286448,,https://www.sec.gov/Archives/edgar/data/944809/000119312525286448/ownership.xml
OPK,944809,Phillip Frost,898860,2025-10-31,2025-10-31,P,open-market purchase,150000,213435.00,1.4229,0.0605,150000,248082576,0,discretionary,,1,0,Common Stock,I,4,0001193125-25-260956,,https://www.sec.gov/Archives/edgar/data/944809/000119312525260956/ownership.xml
OPK,944809,Phillip Frost,898860,2025-08-08,2025-08-08,P,open-market purchase,675000,891000.00,1.3200,0.2725,675000,248372576,0,discretionary,,1,0,Common Stock,I,4,0000950170-25-105971,,https://www.sec.gov/Archives/edgar/data/944809/000095017025105971/ownership.xml
OPK,944809,Phillip Frost,898860,2025-04-10,2025-04-10,P,open-market purchase,125000,169712.50,1.3577,0.0505,125000,247697576,0,discretionary,,1,0,Common Stock,I,4,0000950170-25-052925,,https://www.sec.gov/Archives/edgar/data/944809/000095017025052925/ownership.xml
OPK,944809,Phillip Frost,898860,2025-04-08,2025-04-08,P,open-market purchase,125000,184650.00,1.4772,0.0505,125000,247572576,0,discretionary,,1,0,Common Stock,I,4,0000950170-25-052214,,https://www.sec.gov/Archives/edgar/data/944809/000095017025052214/ownership.xml
OPK,944809,Phillip Frost,898860,2025-04-01,2025-04-01,P,open-market purchase,100000,164850.00,1.6485,0.0404,100000,247447576,0,discretionary,,1,0,Common Stock,I,4,0000950170-25-048737,,https://www.sec.gov/Archives/edgar/data/944809/000095017025048737/ownership.xml
OPK,944809,Phillip Frost,898860,2025-03-28,2025-03-28,P,open-market purchase,150000,254385.00,1.6959,0.0607,150000,247347576,0,discretionary,,1,0,Common Stock,I,4,0000950170-25-046952,,https://www.sec.gov/Archives/edgar/data/944809/000095017025046952/ownership.xml
OPK,944809,Phillip Frost,898860,2025-03-17,2025-03-17,P,open-market purchase,200000,347820.00,1.7391,0.0810,200000,247197576,0,discretionary,,1,0,Common Stock,I,4,0000950170-25-040497,,https://www.sec.gov/Archives/edgar/data/944809/000095017025040497/ownership.xml
OPK,944809,Phillip Frost,898860,2025-02-28,2025-02-28,P,open-market purchase,67434,115312.14,1.7100,0.0273,67434,246997576,0,discretionary,,1,0,Common Stock,I,4,0000950170-25-030278,,https://www.sec.gov/Archives/edgar/data/944809/000095017025030278/ownership.xml
OPK,944809,Phillip Frost,898860,2025-01-28,2025-01-28,P,open-market purchase,47537,70060.03,1.4738,0.0193,47537,246930142,0,discretionary,,1,0,Common Stock,I,4,0000950170-25-009978,,https://www.sec.gov/Archives/edgar/data/944809/000095017025009978/ownership.xml
OPK,944809,Phillip Frost,898860,2025-01-17,2025-01-17,P,open-market purchase,150000,220425.00,1.4695,0.0608,150000,246882605,0,discretionary,,1,0,Common Stock,I,4,0000950170-25-006790,,https://www.sec.gov/Archives/edgar/data/944809/000095017025006790/ownership.xml
OPK,944809,Phillip Frost,898860,2025-01-15,2025-01-15,P,open-market purchase,500000,740850.00,1.4817,0.2031,500000,246732605,0,discretionary,,1,0,Common Stock,I,4,0000950170-25-005908,,https://www.sec.gov/Archives/edgar/data/944809/000095017025005908/ownership.xml
OPK,944809,Phillip Frost,898860,2024-12-13,2024-12-13,P,open-market purchase,125000,199375.00,1.5950,0.0508,125000,246232605,0,discretionary,,1,0,Common Stock,I,4,0000950170-24-136264,,https://www.sec.gov/Archives/edgar/data/944809/000095017024136264/ownership.xml
OPK,944809,Phillip Frost,898860,2024-12-11,2024-12-11,P,open-market purchase,500000,781050.00,1.5621,0.2036,500000,246107605,0,discretionary,,1,0,Common Stock,I,4,0000950170-24-135471,,https://www.sec.gov/Archives/edgar/data/944809/000095017024135471/ownership.xml
OPK,944809,Phillip Frost,898860,2024-11-29,2024-11-29,P,open-market purchase,199072,305376.45,1.5340,0.0811,199072,245607605,0,discretionary,,1,0,Common Stock,I,4,0000950170-24-131871,,https://www.sec.gov/Archives/edgar/data/944809/000095017024131871/ownership.xml
OPK,944809,Phillip Frost,898860,2024-11-22,2024-11-22,P,open-market purchase,100000,159000.00,1.5900,0.0408,100000,245408533,0,discretionary,,1,0,Common Stock,I,4,0000950170-24-130292,,https://www.sec.gov/Archives/edgar/data/944809/000095017024130292/ownership.xml
OPK,944809,Phillip Frost,898860,2024-11-20,2024-11-08,P,open-market purchase,280183,421535.32,1.5045,0.1144,280183,245208533,0,discretionary,,1,0,Common Stock,I,4/A,0000950170-24-129440,,https://www.sec.gov/Archives/edgar/data/944809/000095017024129440/ownership.xml
OPK,944809,Phillip Frost,898860,2024-11-14,2024-11-14,P,open-market purchase,100000,161980.00,1.6198,0.0408,100000,245308533,0,discretionary,,1,0,Common Stock,I,4,0000950170-24-127266,,https://www.sec.gov/Archives/edgar/data/944809/000095017024127266/ownership.xml
OPK,944809,Phillip Frost,898860,2024-05-23,2024-05-23,P,open-market purchase,100000,126936.61,1.2694,0.0409,100000,244428350,0,discretionary,,2,0,Common Stock,I,4,0000950170-24-064248,,https://www.sec.gov/Archives/edgar/data/944809/000095017024064248/ownership.xml
OPK,944809,Phillip Frost,898860,2024-05-17,2024-05-17,P,open-market purchase,163997,211195.34,1.2878,0.0672,163997,244328350,0,discretionary,,1,0,Common Stock,I,4,0000950170-24-061910,,https://www.sec.gov/Archives/edgar/data/944809/000095017024061910/ownership.xml
OPK,944809,Phillip Frost,898860,2024-03-18,2024-03-18,P,open-market purchase,500000,437100.00,0.8742,0.2052,500000,244164353,0,discretionary,,1,0,Common Stock,I,4,0000950170-24-032877,,https://www.sec.gov/Archives/edgar/data/944809/000095017024032877/ownership.xml
OPK,944809,Phillip Frost,898860,2024-03-14,2024-03-14,P,open-market purchase,500000,444300.00,0.8886,0.2056,500000,243664353,0,discretionary,,1,0,Common Stock,I,4,0000950170-24-031630,,https://www.sec.gov/Archives/edgar/data/944809/000095017024031630/ownership.xml
OPK,944809,Phillip Frost,898860,2024-03-13,2024-03-13,P,open-market purchase,500000,463750.00,0.9275,0.2060,500000,243164353,0,discretionary,,1,0,Common Stock,I,4,0000950170-24-030838,,https://www.sec.gov/Archives/edgar/data/944809/000095017024030838/ownership.xml
OPK,944809,Phillip Frost,898860,2024-03-12,2024-03-12,P,open-market purchase,600000,559380.00,0.9323,0.2479,600000,242664353,0,discretionary,,1,0,Common Stock,I,4,0000950170-24-030156,,https://www.sec.gov/Archives/edgar/data/944809/000095017024030156/ownership.xml
OPK,944809,Phillip Frost,898860,2024-02-28,2024-02-28,P,open-market purchase,500000,496150.00,0.9923,0.2070,500000,242064353,0,discretionary,,1,0,Common Stock,I,4,0000950170-24-022306,,https://www.sec.gov/Archives/edgar/data/944809/000095017024022306/ownership.xml
OPK,944809,Phillip Frost,898860,2024-02-21,2024-02-21,P,open-market purchase,1000000,991700.00,0.9917,0.4157,1000000,241564353,0,discretionary,,1,0,Common Stock,I,4,0000950170-24-018079,,https://www.sec.gov/Archives/edgar/data/944809/000095017024018079/ownership.xml
OPK,944809,Phillip Frost,898860,2024-02-07,2024-02-07,P,open-market purchase,1500000,1462800.00,0.9752,0.6274,1500000,240564353,0,discretionary,,1,0,Common Stock,I,4,0000950170-24-012312,,https://www.sec.gov/Archives/edgar/data/944809/000095017024012312/ownership.xml
OPK,944809,Phillip Frost,898860,2024-01-19,2024-01-19,P,open-market purchase,500000,488650.00,0.9773,0.2096,500000,239064353,0,discretionary,,1,0,Common Stock,I,4,0000950170-24-005847,,https://www.sec.gov/Archives/edgar/data/944809/000095017024005847/ownership.xml
OPK,944809,Phillip Frost,898860,2024-01-18,2024-01-18,P,open-market purchase,400000,386200.00,0.9655,0.1680,400000,238564353,0,discretionary,,1,0,Common Stock,I,4,0000950170-24-005448,,https://www.sec.gov/Archives/edgar/data/944809/000095017024005448/ownership.xml
OPK,944809,Phillip Frost,898860,2024-01-16,2024-01-16,P,open-market purchase,1000000,954300.00,0.9543,0.4216,1000000,238164353,0,discretionary,,1,0,Common Stock,I,4,0000950170-24-004693,,https://www.sec.gov/Archives/edgar/data/944809/000095017024004693/ownership.xml
OPK,944809,Phillip Frost,898860,2024-01-11,2024-01-11,P,open-market purchase,511531,480378.76,0.9391,0.2162,511531,237164353,0,discretionary,,1,0,Common Stock,I,4,0000950170-24-003988,,https://www.sec.gov/Archives/edgar/data/944809/000095017024003988/ownership.xml
OPK,944809,Phillip Frost,898860,2024-01-08,2024-01-05,P,open-market purchase,1500000,1344600.00,0.8964,0.6379,1500000,236652822,,discretionary,,1,0,Common Stock,I,4,0000950170-24-002735,,https://www.sec.gov/Archives/edgar/data/944809/000095017024002735/ownership.xml
OPK,944809,Phillip Frost,898860,2023-11-13,2023-11-10,P,open-market purchase,500000,625462.45,1.2509,0.2131,1000000,235152822,,discretionary,,13,0,Common Stock,I,4,0001209191-23-054919,,https://www.sec.gov/Archives/edgar/data/944809/000120919123054919/doc4.xml
OPK,944809,Phillip Frost,898860,2023-11-13,2023-11-09,P,open-market purchase,500000,641470.64,1.2829,0.2131,1000000,235152822,0,discretionary,,9,0,Common Stock,I,4,0001209191-23-054919,,https://www.sec.gov/Archives/edgar/data/944809/000120919123054919/doc4.xml
OPK,944809,Phillip Frost,898860,2023-08-18,2023-08-17,P,open-market purchase,100000,175803.71,1.7580,0.0427,100000,234152822,0,discretionary,,8,0,Common Stock,I,4,0001209191-23-046474,,https://www.sec.gov/Archives/edgar/data/944809/000120919123046474/doc4.xml
OPK,944809,Phillip Frost,898860,2023-08-15,2023-08-14,P,open-market purchase,75000,131259.64,1.7501,0.0321,75000,234052822,0,discretionary,,4,0,Common Stock,I,4,0001209191-23-045764,,https://www.sec.gov/Archives/edgar/data/944809/000120919123045764/doc4.xml
OPK,944809,Phillip Frost,898860,2023-08-10,2023-08-09,P,open-market purchase,100000,181751.79,1.8175,0.0428,100000,233977822,0,discretionary,,6,0,Common Stock,I,4,0001209191-23-045261,,https://www.sec.gov/Archives/edgar/data/944809/000120919123045261/doc4.xml
OPK,944809,Phillip Frost,898860,2023-08-08,2023-08-07,P,open-market purchase,650000,1194998.09,1.8385,0.2787,650000,233877822,0,discretionary,,15,0,Common Stock,I,4,0001209191-23-044893,,https://www.sec.gov/Archives/edgar/data/944809/000120919123044893/doc4.xml
OPK,944809,Phillip Frost,898860,2023-03-23,2023-03-22,P,open-market purchase,200000,264294.26,1.3215,0.0858,200000,233227822,0,discretionary,,5,0,Common Stock,I,4,0001209191-23-020688,,https://www.sec.gov/Archives/edgar/data/944809/000120919123020688/doc4.xml
OPK,944809,Phillip Frost,898860,2023-03-09,2023-03-08,P,open-market purchase,1000000,1175384.34,1.1754,0.4310,1000000,233027822,0,unknown,,24,0,Common Stock,I,4,0001209191-23-017444,,https://www.sec.gov/Archives/edgar/data/944809/000120919123017444/doc4.xml
OPK,944809,Phillip Frost,898860,2022-11-23,2022-11-22,P,open-market purchase,300000,446672.97,1.4889,,-198131694,232027822,-198431694,unknown,,8,0,Common Stock,I,4,0001209191-22-058551,,https://www.sec.gov/Archives/edgar/data/944809/000120919122058551/doc4.xml
OPK,944809,Phillip Frost,898860,2022-11-10,2022-11-09,P,open-market purchase,200000,319423.60,1.5971,,198631694,430159516,198431694,unknown,,14,0,Common Stock,I,4,0001209191-22-056322,,https://www.sec.gov/Archives/edgar/data/944809/000120919122056322/doc4.xml
OPK,944809,Phillip Frost,898860,2022-10-28,2022-10-27,P,open-market purchase,100000,182005.83,1.8201,0.0432,100000,231527822,0,unknown,,10,0,Common Stock,I,4,0001209191-22-054748,,https://www.sec.gov/Archives/edgar/data/944809/000120919122054748/doc4.xml
OPK,944809,Phillip Frost,898860,2022-10-20,2022-10-19,P,open-market purchase,100000,172069.24,1.7207,0.0432,100000,231427822,0,unknown,,6,0,Common Stock,I,4,0001209191-22-054157,,https://www.sec.gov/Archives/edgar/data/944809/000120919122054157/doc4.xml
OPK,944809,Phillip Frost,898860,2022-10-17,2022-10-14,P,open-market purchase,100000,171917.36,1.7192,0.0432,100000,231327822,0,unknown,,4,0,Common Stock,I,4,0001209191-22-053717,,https://www.sec.gov/Archives/edgar/data/944809/000120919122053717/doc4.xml
OPK,944809,Phillip Frost,898860,2022-10-14,2022-10-13,P,open-market purchase,100000,179367.31,1.7937,0.0433,100000,231227822,0,unknown,,4,0,Common Stock,I,4,0001209191-22-053645,,https://www.sec.gov/Archives/edgar/data/944809/000120919122053645/doc4.xml
OPK,944809,Phillip Frost,898860,2022-10-13,2022-10-12,P,open-market purchase,100000,172722.41,1.7272,0.0433,100000,231127822,0,unknown,,7,0,Common Stock,I,4,0001209191-22-053535,,https://www.sec.gov/Archives/edgar/data/944809/000120919122053535/doc4.xml
OPK,944809,Phillip Frost,898860,2022-10-11,2022-10-07,P,open-market purchase,75000,132624.20,1.7683,0.0325,75000,231027822,0,unknown,,6,0,Common Stock,I,4,0001209191-22-053206,,https://www.sec.gov/Archives/edgar/data/944809/000120919122053206/doc4.xml
OPK,944809,Phillip Frost,898860,2022-09-27,2022-09-26,P,open-market purchase,50000,89979.46,1.7996,0.0217,50000,230952822,0,unknown,,4,0,Common Stock,I,4,0001209191-22-051310,,https://www.sec.gov/Archives/edgar/data/944809/000120919122051310/doc4.xml
OPK,944809,Phillip Frost,898860,2022-09-26,2022-09-23,P,open-market purchase,50000,92313.11,1.8463,0.0217,50000,230902822,0,unknown,,5,0,Common Stock,I,4,0001209191-22-051201,,https://www.sec.gov/Archives/edgar/data/944809/000120919122051201/doc4.xml
OPK,944809,Phillip Frost,898860,2022-09-23,2022-09-22,P,open-market purchase,50000,94836.70,1.8967,0.0217,50000,230852822,0,unknown,,3,0,Common Stock,I,4,0001209191-22-051077,,https://www.sec.gov/Archives/edgar/data/944809/000120919122051077/doc4.xml
OPK,944809,Phillip Frost,898860,2022-09-22,2022-09-21,P,open-market purchase,50000,95492.10,1.9098,0.0217,50000,230802822,0,unknown,,3,0,Common Stock,I,4,0001209191-22-050965,,https://www.sec.gov/Archives/edgar/data/944809/000120919122050965/doc4.xml
OPK,944809,Phillip Frost,898860,2022-09-21,2022-09-20,P,open-market purchase,50000,96887.66,1.9378,0.0217,50000,230752822,0,unknown,,6,0,Common Stock,I,4,0001209191-22-050817,,https://www.sec.gov/Archives/edgar/data/944809/000120919122050817/doc4.xml
OPK,944809,Phillip Frost,898860,2022-09-20,2022-09-19,P,open-market purchase,50000,98553.90,1.9711,0.0217,50000,230702822,0,unknown,,3,0,Common Stock,I,4,0001209191-22-050671,,https://www.sec.gov/Archives/edgar/data/944809/000120919122050671/doc4.xml
OPK,944809,Phillip Frost,898860,2022-09-16,2022-09-15,P,open-market purchase,200000,412900.38,2.0645,0.0868,200000,230652822,0,unknown,,9,0,Common Stock,I,4,0001209191-22-050185,,https://www.sec.gov/Archives/edgar/data/944809/000120919122050185/doc4.xml
OPK,944809,Phillip Frost,898860,2022-09-06,2022-09-02,P,open-market purchase,100000,214137.70,2.1414,0.0434,100000,230452822,0,unknown,,6,0,Common Stock,I,4,0001209191-22-048630,,https://www.sec.gov/Archives/edgar/data/944809/000120919122048630/doc4.xml
OPK,944809,Phillip Frost,898860,2022-08-18,2022-08-17,P,open-market purchase,200000,507948.96,2.5397,0.0869,200000,230352822,0,unknown,,10,0,Common Stock,I,4,0001209191-22-046541,,https://www.sec.gov/Archives/edgar/data/944809/000120919122046541/doc4.xml
OPK,944809,Phillip Frost,898860,2022-08-08,2022-08-05,P,open-market purchase,350000,802103.17,2.2917,0.1523,350000,230152822,0,unknown,,22,0,Common Stock,I,4,0001209191-22-044703,,https://www.sec.gov/Archives/edgar/data/944809/000120919122044703/doc4.xml
OPK,944809,Phillip Frost,898860,2022-06-22,2022-06-21,P,open-market purchase,200000,478856.70,2.3943,0.0871,200000,229802822,0,unknown,,7,0,Common Stock,I,4,0001209191-22-038619,,https://www.sec.gov/Archives/edgar/data/944809/000120919122038619/doc4.xml
OPK,944809,Phillip Frost,898860,2022-06-17,2022-06-16,P,open-market purchase,100000,231327.47,2.3133,0.0436,100000,229602822,0,unknown,,13,0,Common Stock,I,4,0001209191-22-037687,,https://www.sec.gov/Archives/edgar/data/944809/000120919122037687/doc4.xml
OPK,944809,Phillip Frost,898860,2022-06-14,2022-06-13,P,open-market purchase,100000,236498.25,2.3650,0.0436,100000,229502822,0,unknown,,2,0,Common Stock,I,4,0001209191-22-036571,,https://www.sec.gov/Archives/edgar/data/944809/000120919122036571/doc4.xml
OPK,944809,Phillip Frost,898860,2022-06-07,2022-06-06,P,open-market purchase,100000,279226.70,2.7923,0.0436,100000,229402822,0,unknown,,5,0,Common Stock,I,4,0001209191-22-034751,,https://www.sec.gov/Archives/edgar/data/944809/000120919122034751/doc4.xml
OPK,944809,Phillip Frost,898860,2022-06-02,2022-06-01,P,open-market purchase,50000,147614.00,2.9523,0.0218,50000,229302822,0,unknown,,8,0,Common Stock,I,4,0001209191-22-033343,,https://www.sec.gov/Archives/edgar/data/944809/000120919122033343/doc4.xml
OPK,944809,Phillip Frost,898860,2022-06-01,2022-05-31,P,open-market purchase,50000,151177.33,3.0235,0.0218,50000,229252822,0,unknown,,10,0,Common Stock,I,4,0001209191-22-033052,,https://www.sec.gov/Archives/edgar/data/944809/000120919122033052/doc4.xml
OPK,944809,Phillip Frost,898860,2022-05-26,2022-05-25,P,open-market purchase,50000,148865.76,2.9773,0.0218,50000,229202822,0,unknown,,6,0,Common Stock,I,4,0001209191-22-032025,,https://www.sec.gov/Archives/edgar/data/944809/000120919122032025/doc4.xml
OPK,944809,Phillip Frost,898860,2022-05-19,2022-05-18,P,open-market purchase,50000,143983.84,2.8797,0.0218,50000,229152822,0,unknown,,6,0,Common Stock,I,4,0001209191-22-030309,,https://www.sec.gov/Archives/edgar/data/944809/000120919122030309/doc4.xml
OPK,944809,Phillip Frost,898860,2022-05-17,2022-05-16,P,open-market purchase,150000,446793.90,2.9786,0.0655,150000,229102822,0,unknown,,9,0,Common Stock,I,4,0001209191-22-029463,,https://www.sec.gov/Archives/edgar/data/944809/000120919122029463/doc4.xml
OPK,944809,Phillip Frost,898860,2022-05-16,2022-05-13,P,open-market purchase,200000,599315.69,2.9966,0.0874,200000,228952822,0,unknown,,19,0,Common Stock,I,4,0001209191-22-029018,,https://www.sec.gov/Archives/edgar/data/944809/000120919122029018/doc4.xml
OPK,944809,Phillip Frost,898860,2022-05-12,2022-05-11,P,open-market purchase,400000,1132400.00,2.8310,0.1752,400000,228752822,0,unknown,,1,0,Common Stock,I,4,0001209191-22-028441,,https://www.sec.gov/Archives/edgar/data/944809/000120919122028441/doc4.xml
OPK,944809,Phillip Frost,898860,2022-05-11,2022-05-10,P,open-market purchase,400000,1113560.00,2.7839,0.1755,400000,228352822,0,unknown,,1,0,Common Stock,I,4,0001209191-22-028189,,https://www.sec.gov/Archives/edgar/data/944809/000120919122028189/doc4.xml
OPK,944809,Phillip Frost,898860,2022-03-15,2022-03-14,P,open-market purchase,35000,106317.12,3.0376,0.0154,35000,227952822,0,unknown,,3,0,Common Stock,I,4,0001209191-22-018683,,https://www.sec.gov/Archives/edgar/data/944809/000120919122018683/doc4.xml
OPK,944809,Phillip Frost,898860,2022-03-14,2022-03-11,P,open-market purchase,100000,312864.68,3.1286,0.0439,100000,227917822,0,unknown,,3,0,Common Stock,I,4,0001209191-22-018347,,https://www.sec.gov/Archives/edgar/data/944809/000120919122018347/doc4.xml
OPK,944809,Phillip Frost,898860,2022-03-01,2022-02-28,P,open-market purchase,100000,310795.65,3.1080,0.0439,100000,227817822,0,unknown,,8,0,Common Stock,I,4,0001209191-22-013836,,https://www.sec.gov/Archives/edgar/data/944809/000120919122013836/doc4.xml
OPK,944809,Phillip Frost,898860,2022-02-28,2022-02-25,P,open-market purchase,750000,2315325.00,3.0871,0.3304,750000,227717822,0,unknown,,1,0,Common Stock,I,4,0001209191-22-013440,,https://www.sec.gov/Archives/edgar/data/944809/000120919122013440/doc4.xml
OPK,944809,Phillip Frost,898860,2022-02-15,2022-02-14,P,open-market purchase,100000,303568.53,3.0357,0.0441,100000,226967822,0,unknown,,11,0,Common Stock,I,4,0001209191-22-009634,,https://www.sec.gov/Archives/edgar/data/944809/000120919122009634/doc4.xml
OPK,944809,Phillip Frost,898860,2022-02-02,2022-02-01,P,open-market purchase,150000,455009.25,3.0334,0.0662,150000,226867822,0,unknown,,9,0,Common Stock,I,4,0001209191-22-006172,,https://www.sec.gov/Archives/edgar/data/944809/000120919122006172/doc4.xml
OPK,944809,Phillip Frost,898860,2022-01-27,2022-01-26,P,open-market purchase,350000,1041817.49,2.9766,0.1546,350000,226717822,0,unknown,,17,0,Common Stock,I,4,0001209191-22-005138,,https://www.sec.gov/Archives/edgar/data/944809/000120919122005138/doc4.xml
OPK,944809,Phillip Frost,898860,2021-09-15,2021-09-14,P,open-market purchase,100000,346443.42,3.4644,0.0442,100000,226367822,0,unknown,,8,0,Common Stock,I,4,0001209191-21-056095,,https://www.sec.gov/Archives/edgar/data/944809/000120919121056095/doc4.xml
OPK,944809,Phillip Frost,898860,2021-08-16,2021-08-13,P,open-market purchase,100000,368987.24,3.6899,0.0442,100000,226267822,0,unknown,,9,0,Common Stock,I,4,0001209191-21-051524,,https://www.sec.gov/Archives/edgar/data/944809/000120919121051524/doc4.xml
OPK,944809,Phillip Frost,898860,2021-06-15,2021-06-14,P,open-market purchase,200000,723926.92,3.6196,0.0885,200000,226167822,0,unknown,,10,0,Common Stock,I,4,0001209191-21-040477,,https://www.sec.gov/Archives/edgar/data/944809/000120919121040477/doc4.xml
OPK,944809,Phillip Frost,898860,2021-05-26,2021-05-25,P,open-market purchase,400000,1455972.34,3.6399,0.1773,400000,225967822,0,unknown,,7,0,Common Stock,I,4,0001209191-21-035842,,https://www.sec.gov/Archives/edgar/data/944809/000120919121035842/doc4.xml
OPK,944809,Phillip Frost,898860,2021-05-11,2021-05-10,P,open-market purchase,75000,273745.00,3.6499,0.0333,75000,225567822,0,unknown,,4,0,Common Stock,I,4,0001209191-21-031471,,https://www.sec.gov/Archives/edgar/data/944809/000120919121031471/doc4.xml
OPK,944809,Phillip Frost,898860,2021-05-10,2021-05-07,P,open-market purchase,75000,287742.50,3.8366,0.0333,75000,225492822,0,unknown,,7,0,Common Stock,I,4,0001209191-21-031114,,https://www.sec.gov/Archives/edgar/data/944809/000120919121031114/doc4.xml
OPK,944809,Phillip Frost,898860,2021-05-07,2021-05-06,P,open-market purchase,25000,97782.50,3.9113,0.0111,25000,225417822,0,unknown,,4,0,Common Stock,I,4,0001209191-21-030780,,https://www.sec.gov/Archives/edgar/data/944809/000120919121030780/doc4.xml
OPK,944809,Phillip Frost,898860,2021-05-05,2021-05-04,P,open-market purchase,25000,98481.49,3.9393,0.0111,25000,225392822,0,unknown,,6,0,Common Stock,I,4,0001209191-21-030183,,https://www.sec.gov/Archives/edgar/data/944809/000120919121030183/doc4.xml
OPK,944809,Phillip Frost,898860,2021-03-08,2021-03-05,P,open-market purchase,300000,1173841.40,3.9128,0.1333,300000,225367822,0,unknown,,22,0,Common Stock,I,4,0001209191-21-018438,,https://www.sec.gov/Archives/edgar/data/944809/000120919121018438/doc4.xml
OPK,944809,Phillip Frost,898860,2021-02-22,2021-02-19,P,open-market purchase,500000,2383454.77,4.7669,0.2226,500000,225067822,0,unknown,,20,0,Common Stock,I,4,0001209191-21-012604,,https://www.sec.gov/Archives/edgar/data/944809/000120919121012604/doc4.xml
OPK,944809,Phillip Frost,898860,2020-12-29,2020-12-28,P,open-market purchase,300000,1199500.00,3.9983,0.1338,300000,224567822,0,unknown,,3,0,Common Stock,I,4,0001209191-20-065307,,https://www.sec.gov/Archives/edgar/data/944809/000120919120065307/doc4.xml
OPK,944809,Phillip Frost,898860,2020-11-10,2020-11-09,P,open-market purchase,250000,794669.29,3.1787,0.1116,250000,224267822,0,unknown,,23,0,Common Stock,I,4,0001209191-20-057540,,https://www.sec.gov/Archives/edgar/data/944809/000120919120057540/doc4.xml
OPK,944809,Phillip Frost,898860,2020-11-02,2020-10-30,P,open-market purchase,600000,2072820.00,3.4547,0.2686,600000,224017822,0,unknown,,1,0,Common Stock,I,4,0001209191-20-056375,,https://www.sec.gov/Archives/edgar/data/944809/000120919120056375/doc4.xml
OPK,944809,Phillip Frost,898860,2020-06-04,2020-06-03,P,open-market purchase,100000,227000.00,2.2700,0.0448,100000,223417822,0,unknown,,1,0,Common Stock,I,4,0001209191-20-034342,,https://www.sec.gov/Archives/edgar/data/944809/000120919120034342/doc4.xml
OPK,944809,Phillip Frost,898860,2020-06-03,2020-06-02,P,open-market purchase,100000,242409.87,2.4241,0.0448,100000,223317822,0,unknown,,10,0,Common Stock,I,4,0001209191-20-033802,,https://www.sec.gov/Archives/edgar/data/944809/000120919120033802/doc4.xml
OPK,944809,Phillip Frost,898860,2020-05-29,2020-05-28,P,open-market purchase,100000,215974.76,2.1597,0.0448,100000,223217822,0,unknown,,4,0,Common Stock,I,4,0001209191-20-032828,,https://www.sec.gov/Archives/edgar/data/944809/000120919120032828/doc4.xml
OPK,944809,Phillip Frost,898860,2020-05-27,2020-05-26,P,open-market purchase,250000,587986.37,2.3519,0.1122,250000,223117822,0,unknown,,16,0,Common Stock,I,4,0001209191-20-032220,,https://www.sec.gov/Archives/edgar/data/944809/000120919120032220/doc4.xml
OPK,944809,Phillip Frost,898860,2020-05-08,2020-05-07,P,open-market purchase,400000,831606.28,2.0790,0.1798,400000,222867822,0,unknown,,16,0,Common Stock,I,4,0001209191-20-027825,,https://www.sec.gov/Archives/edgar/data/944809/000120919120027825/doc4.xml
OPK,944809,Phillip Frost,898860,2020-04-20,2020-04-17,P,open-market purchase,325000,540364.43,1.6627,0.1463,325000,222467822,0,unknown,,8,0,Common Stock,I,4,0001209191-20-025033,,https://www.sec.gov/Archives/edgar/data/944809/000120919120025033/doc4.xml
OPK,944809,Phillip Frost,898860,2020-04-17,2020-04-16,P,open-market purchase,25000,40737.96,1.6295,0.0113,25000,222142822,0,unknown,,2,0,Common Stock,I,4,0001209191-20-024699,,https://www.sec.gov/Archives/edgar/data/944809/000120919120024699/doc4.xml
OPK,944809,Phillip Frost,898860,2020-04-16,2020-04-15,P,open-market purchase,200000,309376.62,1.5469,0.0901,200000,222117822,0,unknown,,16,0,Common Stock,I,4,0001209191-20-024601,,https://www.sec.gov/Archives/edgar/data/944809/000120919120024601/doc4.xml
OPK,944809,Phillip Frost,898860,2020-04-08,2020-04-07,P,open-market purchase,400000,510983.57,1.2775,0.1806,400000,221917822,0,unknown,,12,0,Common Stock,I,4,0001209191-20-023893,,https://www.sec.gov/Archives/edgar/data/944809/000120919120023893/doc4.xml
OPK,944809,Phillip Frost,898860,2020-04-06,2020-04-03,P,open-market purchase,50000,57592.25,1.1518,0.0226,50000,221517822,0,unknown,,3,0,Common Stock,I,4,0001209191-20-023542,,https://www.sec.gov/Archives/edgar/data/944809/000120919120023542/doc4.xml
OPK,944809,Phillip Frost,898860,2020-04-03,2020-04-02,P,open-market purchase,500000,581184.79,1.1624,0.2263,500000,221467822,0,unknown,,7,0,Common Stock,I,4,0001209191-20-022906,,https://www.sec.gov/Archives/edgar/data/944809/000120919120022906/doc4.xml
OPK,944809,Phillip Frost,898860,2020-04-02,2020-04-01,P,open-market purchase,643549,793012.26,1.2322,0.2921,643549,220967822,0,unknown,,5,0,Common Stock,I,4,0001209191-20-022328,,https://www.sec.gov/Archives/edgar/data/944809/000120919120022328/doc4.xml
OPK,944809,Phillip Frost,898860,2020-03-31,2020-03-30,P,open-market purchase,161968,218037.12,1.3462,0.0736,161968,220324273,0,unknown,,2,0,Common Stock,I,4,0001209191-20-021763,,https://www.sec.gov/Archives/edgar/data/944809/000120919120021763/doc4.xml
OPK,944809,Phillip Frost,898860,2020-03-30,2020-03-27,P,open-market purchase,100000,139975.50,1.3998,0.0454,100000,220162305,0,unknown,,2,0,Common Stock,I,4,0001209191-20-021648,,https://www.sec.gov/Archives/edgar/data/944809/000120919120021648/doc4.xml
OPK,944809,Phillip Frost,898860,2020-03-27,2020-03-26,P,open-market purchase,200000,275445.42,1.3772,0.0910,200000,220062305,0,unknown,,9,0,Common Stock,I,4,0001209191-20-021350,,https://www.sec.gov/Archives/edgar/data/944809/000120919120021350/doc4.xml
OPK,944809,Phillip Frost,898860,2020-03-20,2020-03-19,P,open-market purchase,100000,148871.28,1.4887,0.0455,100000,219862305,0,unknown,,5,0,Common Stock,I,4,0001209191-20-020367,,https://www.sec.gov/Archives/edgar/data/944809/000120919120020367/doc4.xml
OPK,944809,Phillip Frost,898860,2020-03-11,2020-03-10,P,open-market purchase,300000,481635.76,1.6055,,-3556115,219762305,-3856115,unknown,,9,0,Common Stock,I,4,0001209191-20-017944,,https://www.sec.gov/Archives/edgar/data/944809/000120919120017944/doc4.xml
OPK,944809,Phillip Frost,898860,2020-03-04,2020-03-03,P,open-market purchase,100000,147000.00,1.4700,0.0448,100000,223318420,0,unknown,,1,0,Common Stock,I,4,0001209191-20-015873,,https://www.sec.gov/Archives/edgar/data/944809/000120919120015873/doc4.xml
OPK,944809,Phillip Frost,898860,2020-03-03,2020-03-02,P,open-market purchase,100000,148978.00,1.4898,0.0448,100000,223218420,0,unknown,,2,0,Common Stock,I,4,0001209191-20-014845,,https://www.sec.gov/Archives/edgar/data/944809/000120919120014845/doc4.xml
OPK,944809,Phillip Frost,898860,2020-03-02,2020-02-28,P,open-market purchase,125000,182099.46,1.4568,0.0561,125000,223118420,0,unknown,,3,0,Common Stock,I,4,0001209191-20-014260,,https://www.sec.gov/Archives/edgar/data/944809/000120919120014260/doc4.xml
OPK,944809,Phillip Frost,898860,2020-02-28,2020-02-27,P,open-market purchase,250000,369816.26,1.4793,0.1122,250000,222993420,0,unknown,,14,0,Common Stock,I,4,0001209191-20-013630,,https://www.sec.gov/Archives/edgar/data/944809/000120919120013630/doc4.xml
OPK,944809,Phillip Frost,898860,2020-02-18,2020-02-14,P,open-market purchase,100000,157291.43,1.5729,0.0449,100000,222743420,0,unknown,,6,0,Common Stock,I,4,0001209191-20-009855,,https://www.sec.gov/Archives/edgar/data/944809/000120919120009855/doc4.xml
OPK,944809,Phillip Frost,898860,2020-02-14,2020-02-13,P,open-market purchase,100000,158000.00,1.5800,0.0449,100000,222643420,0,unknown,,1,0,Common Stock,I,4,0001209191-20-009466,,https://www.sec.gov/Archives/edgar/data/944809/000120919120009466/doc4.xml
OPK,944809,Phillip Frost,898860,2020-02-12,2020-02-11,P,open-market purchase,14239,22640.01,1.5900,0.0064,14239,222543420,0,unknown,,1,0,Common Stock,I,4,0001209191-20-008557,,https://www.sec.gov/Archives/edgar/data/944809/000120919120008557/doc4.xml
OPK,944809,Phillip Frost,898860,2020-02-07,2020-02-06,P,open-market purchase,50000,76500.00,1.5300,0.0225,50000,222529181,0,unknown,,1,0,Common Stock,I,4,0001209191-20-007351,,https://www.sec.gov/Archives/edgar/data/944809/000120919120007351/doc4.xml
OPK,944809,Phillip Frost,898860,2020-02-03,2020-01-31,P,open-market purchase,50000,71750.00,1.4350,0.0225,50000,222479181,0,unknown,,1,0,Common Stock,I,4,0001209191-20-005914,,https://www.sec.gov/Archives/edgar/data/944809/000120919120005914/doc4.xml
OPK,944809,Phillip Frost,898860,2020-01-31,2020-01-30,P,open-market purchase,100000,147000.00,1.4700,0.0450,100000,222429181,0,unknown,,2,0,Common Stock,I,4,0001209191-20-005716,,https://www.sec.gov/Archives/edgar/data/944809/000120919120005716/doc4.xml
OPK,944809,Phillip Frost,898860,2020-01-27,2020-01-24,P,open-market purchase,50000,79000.00,1.5800,0.0225,50000,222329181,0,unknown,,1,0,Common Stock,I,4,0001209191-20-004942,,https://www.sec.gov/Archives/edgar/data/944809/000120919120004942/doc4.xml
OPK,944809,Phillip Frost,898860,2020-01-24,2020-01-23,P,open-market purchase,50000,81500.00,1.6300,0.0225,50000,222279181,0,unknown,,1,0,Common Stock,I,4,0001209191-20-004771,,https://www.sec.gov/Archives/edgar/data/944809/000120919120004771/doc4.xml
OPK,944809,Phillip Frost,898860,2020-01-21,2020-01-17,P,open-market purchase,22262,34728.72,1.5600,0.0100,22262,222229181,0,unknown,,1,0,Common Stock,I,4,0001209191-20-004196,,https://www.sec.gov/Archives/edgar/data/944809/000120919120004196/doc4.xml
OPK,944809,Phillip Frost,898860,2020-01-14,2020-01-13,P,open-market purchase,50000,72000.00,1.4400,0.0225,50000,222206919,0,unknown,,1,0,Common Stock,I,4,0001209191-20-003260,,https://www.sec.gov/Archives/edgar/data/944809/000120919120003260/doc4.xml
OPK,944809,Phillip Frost,898860,2020-01-13,2020-01-10,P,open-market purchase,50000,74000.00,1.4800,0.0225,50000,222156919,0,unknown,,1,0,Common Stock,I,4,0001209191-20-003151,,https://www.sec.gov/Archives/edgar/data/944809/000120919120003151/doc4.xml
OPK,944809,Phillip Frost,898860,2020-01-09,2020-01-08,P,open-market purchase,50000,73500.00,1.4700,0.0225,50000,222106919,0,unknown,,1,0,Common Stock,I,4,0001209191-20-002654,,https://www.sec.gov/Archives/edgar/data/944809/000120919120002654/doc4.xml
OPK,944809,Phillip Frost,898860,2019-12-31,2019-12-30,P,open-market purchase,100000,146000.00,1.4600,0.0451,100000,222056919,0,unknown,,1,0,Common Stock,I,4,0001209191-19-062194,,https://www.sec.gov/Archives/edgar/data/944809/000120919119062194/doc4.xml
OPK,944809,Phillip Frost,898860,2019-12-30,2019-12-27,P,open-market purchase,100000,152500.00,1.5250,0.0451,100000,221956919,0,unknown,,2,0,Common Stock,I,4,0001209191-19-062051,,https://www.sec.gov/Archives/edgar/data/944809/000120919119062051/doc4.xml
OPK,944809,Phillip Frost,898860,2019-12-20,2019-12-19,P,open-market purchase,100000,148228.50,1.4823,0.0451,100000,221856919,0,unknown,,3,0,Common Stock,I,4,0001209191-19-061427,,https://www.sec.gov/Archives/edgar/data/944809/000120919119061427/doc4.xml
OPK,944809,Phillip Frost,898860,2019-12-19,2019-12-18,P,open-market purchase,150000,224750.00,1.4983,0.0677,150000,221756919,0,unknown,,3,0,Common Stock,I,4,0001209191-19-061242,,https://www.sec.gov/Archives/edgar/data/944809/000120919119061242/doc4.xml
OPK,944809,Phillip Frost,898860,2019-12-18,2019-12-17,P,open-market purchase,75000,115375.00,1.5383,0.0339,75000,221606919,0,unknown,,2,0,Common Stock,I,4,0001209191-19-061061,,https://www.sec.gov/Archives/edgar/data/944809/000120919119061061/doc4.xml
OPK,944809,Phillip Frost,898860,2019-12-12,2019-12-11,P,open-market purchase,100000,150171.99,1.5017,0.0452,100000,221531919,0,unknown,,7,0,Common Stock,I,4,0001209191-19-060144,,https://www.sec.gov/Archives/edgar/data/944809/000120919119060144/doc4.xml
OPK,944809,Phillip Frost,898860,2019-12-10,2019-12-09,P,open-market purchase,50000,79500.00,1.5900,0.0226,50000,221431919,0,unknown,,1,0,Common Stock,I,4,0001209191-19-059780,,https://www.sec.gov/Archives/edgar/data/944809/000120919119059780/doc4.xml
OPK,944809,Phillip Frost,898860,2019-12-06,2019-12-05,P,open-market purchase,50000,80000.00,1.6000,0.0226,50000,221381919,0,unknown,,1,0,Common Stock,I,4,0001209191-19-059405,,https://www.sec.gov/Archives/edgar/data/944809/000120919119059405/doc4.xml
OPK,944809,Phillip Frost,898860,2019-12-04,2019-12-03,P,open-market purchase,10286,16457.60,1.6000,0.0046,10286,221331919,0,unknown,,1,0,Common Stock,I,4,0001209191-19-058933,,https://www.sec.gov/Archives/edgar/data/944809/000120919119058933/doc4.xml
OPK,944809,Phillip Frost,898860,2019-12-03,2019-12-02,P,open-market purchase,50000,77755.22,1.5551,0.0226,50000,221321633,0,unknown,,3,0,Common Stock,I,4,0001209191-19-058622,,https://www.sec.gov/Archives/edgar/data/944809/000120919119058622/doc4.xml
OPK,944809,Phillip Frost,898860,2019-11-27,2019-11-26,P,open-market purchase,100000,154500.33,1.5450,0.0452,100000,221271633,0,unknown,,2,0,Common Stock,I,4,0001209191-19-058225,,https://www.sec.gov/Archives/edgar/data/944809/000120919119058225/doc4.xml
OPK,944809,Phillip Frost,898860,2019-11-20,2019-11-19,P,open-market purchase,100000,146650.73,1.4665,0.0452,100000,221171633,0,unknown,,2,0,Common Stock,I,4,0001209191-19-057372,,https://www.sec.gov/Archives/edgar/data/944809/000120919119057372/doc4.xml
OPK,944809,Phillip Frost,898860,2019-11-19,2019-11-18,P,open-market purchase,100000,147924.95,1.4792,0.0453,100000,221071633,0,unknown,,3,0,Common Stock,I,4,0001209191-19-057066,,https://www.sec.gov/Archives/edgar/data/944809/000120919119057066/doc4.xml
OPK,944809,Phillip Frost,898860,2019-11-14,2019-11-13,P,open-market purchase,50000,71190.50,1.4238,0.0226,50000,220971633,0,unknown,,2,0,Common Stock,I,4,0001209191-19-056498,,https://www.sec.gov/Archives/edgar/data/944809/000120919119056498/doc4.xml
OPK,944809,Phillip Frost,898860,2019-11-13,2019-11-12,P,open-market purchase,200000,288124.27,1.4406,0.0906,200000,220921633,0,unknown,,4,0,Common Stock,I,4,0001209191-19-056246,,https://www.sec.gov/Archives/edgar/data/944809/000120919119056246/doc4.xml
OPK,944809,Phillip Frost,898860,2019-11-12,2019-11-08,P,open-market purchase,50000,74057.50,1.4811,0.0227,50000,220721633,0,unknown,,3,0,Common Stock,I,4,0001209191-19-055898,,https://www.sec.gov/Archives/edgar/data/944809/000120919119055898/doc4.xml
OPK,944809,Phillip Frost,898860,2019-11-07,2019-11-06,P,open-market purchase,350000,520503.35,1.4872,0.1589,350000,220671633,0,unknown,,11,0,Common Stock,I,4,0001209191-19-055600,,https://www.sec.gov/Archives/edgar/data/944809/000120919119055600/doc4.xml
OPK,944809,Phillip Frost,898860,2019-11-01,2019-10-31,P,open-market purchase,50000,71250.25,1.4250,0.0227,50000,220321633,0,unknown,,2,0,Common Stock,I,4,0001209191-19-054677,,https://www.sec.gov/Archives/edgar/data/944809/000120919119054677/doc4.xml
OPK,944809,Phillip Frost,898860,2019-10-31,2019-10-30,P,open-market purchase,200000,288532.59,1.4427,0.0909,200000,220271633,0,unknown,,7,0,Common Stock,I,4,0001209191-19-054580,,https://www.sec.gov/Archives/edgar/data/944809/000120919119054580/doc4.xml
OPK,944809,Phillip Frost,898860,2019-10-30,2019-10-29,P,open-market purchase,200000,294132.18,1.4707,,50418239,220071633,50218239,unknown,,7,0,Common Stock,I,4,0001209191-19-054434,,https://www.sec.gov/Archives/edgar/data/944809/000120919119054434/doc4.xml
OPK,944809,Phillip Frost,898860,2019-10-28,2019-10-25,P,open-market purchase,350000,491120.72,1.4032,,-47868239,169653394,-50218239,unknown,,13,0,Common Stock,I,4,0001209191-19-054201,,https://www.sec.gov/Archives/edgar/data/944809/000120919119054201/doc4.xml
OPK,944809,Phillip Frost,898860,2019-10-25,2019-10-25,P,open-market purchase,2000000,3000000.00,1.5000,,-47868239,169653394,-50218239,unknown,,1,0,Common Stock,I,4,0001209191-19-054068,,https://www.sec.gov/Archives/edgar/data/944809/000120919119054068/doc4.xml
OPK,944809,Phillip Frost,898860,2019-07-17,2019-07-16,P,open-market purchase,50000,105980.81,2.1196,0.0230,50000,217521633,0,unknown,,2,0,Common Stock,I,4,0001209191-19-042302,,https://www.sec.gov/Archives/edgar/data/944809/000120919119042302/doc4.xml
OPK,944809,Phillip Frost,898860,2019-07-15,2019-07-12,P,open-market purchase,50000,107788.03,2.1558,0.0230,50000,217471633,0,unknown,,10,0,Common Stock,I,4,0001209191-19-042002,,https://www.sec.gov/Archives/edgar/data/944809/000120919119042002/doc4.xml
OPK,944809,Phillip Frost,898860,2019-07-09,2019-07-08,P,open-market purchase,100000,222830.82,2.2283,0.0460,100000,217421633,0,unknown,,6,0,Common Stock,I,4,0001209191-19-041500,,https://www.sec.gov/Archives/edgar/data/944809/000120919119041500/doc4.xml
OPK,944809,Phillip Frost,898860,2019-07-03,2019-07-02,P,open-market purchase,50000,120875.27,2.4175,0.0230,50000,217321633,,unknown,,2,0,Common Stock,I,4,0001209191-19-040733,,https://www.sec.gov/Archives/edgar/data/944809/000120919119040733/doc4.xml
OPK,944809,Phillip Frost,898860,2019-06-26,2019-06-25,P,open-market purchase,100000,200640.07,2.0064,0.0460,100000,217271633,0,unknown,,5,0,Common Stock,I,4,0001209191-19-039034,,https://www.sec.gov/Archives/edgar/data/944809/000120919119039034/doc4.xml
OPK,944809,Phillip Frost,898860,2019-06-21,2019-06-20,P,open-market purchase,50000,102127.35,2.0425,0.0230,50000,217171633,0,unknown,,4,0,Common Stock,I,4,0001209191-19-038357,,https://www.sec.gov/Archives/edgar/data/944809/000120919119038357/doc4.xml
OPK,944809,Phillip Frost,898860,2019-06-20,2019-06-19,P,open-market purchase,25000,50134.31,2.0054,0.0115,25000,217121633,0,unknown,,3,0,Common Stock,I,4,0001209191-19-038177,,https://www.sec.gov/Archives/edgar/data/944809/000120919119038177/doc4.xml
OPK,944809,Phillip Frost,898860,2019-06-19,2019-06-18,P,open-market purchase,50000,100949.91,2.0190,0.0230,50000,217096633,0,unknown,,4,0,Common Stock,I,4,0001209191-19-037900,,https://www.sec.gov/Archives/edgar/data/944809/000120919119037900/doc4.xml
OPK,944809,Phillip Frost,898860,2019-06-17,2019-06-14,P,open-market purchase,70000,133863.73,1.9123,0.0323,70000,217046633,0,unknown,,6,0,Common Stock,I,4,0001209191-19-037330,,https://www.sec.gov/Archives/edgar/data/944809/000120919119037330/doc4.xml
OPK,944809,Phillip Frost,898860,2019-06-14,2019-06-13,P,open-market purchase,50000,96200.50,1.9240,0.0230,50000,216976633,0,unknown,,4,0,Common Stock,I,4,0001209191-19-036977,,https://www.sec.gov/Archives/edgar/data/944809/000120919119036977/doc4.xml
OPK,944809,Phillip Frost,898860,2019-06-13,2019-06-12,P,open-market purchase,15000,27375.00,1.8250,0.0069,15000,216926633,0,unknown,,1,0,Common Stock,I,4,0001209191-19-036592,,https://www.sec.gov/Archives/edgar/data/944809/000120919119036592/doc4.xml
OPK,944809,Phillip Frost,898860,2019-06-12,2019-06-11,P,open-market purchase,50000,93250.04,1.8650,0.0231,50000,216911633,0,unknown,,2,0,Common Stock,I,4,0001209191-19-036280,,https://www.sec.gov/Archives/edgar/data/944809/000120919119036280/doc4.xml
OPK,944809,Phillip Frost,898860,2019-06-10,2019-06-07,P,open-market purchase,50000,93582.41,1.8716,0.0231,50000,216861633,0,unknown,,6,0,Common Stock,I,4,0001209191-19-035686,,https://www.sec.gov/Archives/edgar/data/944809/000120919119035686/doc4.xml
OPK,944809,Phillip Frost,898860,2019-06-07,2019-06-06,P,open-market purchase,25000,47974.03,1.9190,0.0115,25000,216811633,0,unknown,,2,0,Common Stock,I,4,0001209191-19-035356,,https://www.sec.gov/Archives/edgar/data/944809/000120919119035356/doc4.xml
OPK,944809,Phillip Frost,898860,2019-06-06,2019-06-05,P,open-market purchase,150000,288201.35,1.9213,0.0692,150000,216786633,0,unknown,,9,0,Common Stock,I,4,0001209191-19-034967,,https://www.sec.gov/Archives/edgar/data/944809/000120919119034967/doc4.xml
OPK,944809,Phillip Frost,898860,2019-06-03,2019-05-31,P,open-market purchase,100000,176421.05,1.7642,0.0462,100000,216636633,0,unknown,,9,0,Common Stock,I,4,0001209191-19-033769,,https://www.sec.gov/Archives/edgar/data/944809/000120919119033769/doc4.xml
OPK,944809,Phillip Frost,898860,2019-05-31,2019-05-30,P,open-market purchase,50000,93220.81,1.8644,0.0231,50000,216536633,0,unknown,,5,0,Common Stock,I,4,0001209191-19-033545,,https://www.sec.gov/Archives/edgar/data/944809/000120919119033545/doc4.xml
OPK,944809,Phillip Frost,898860,2019-05-30,2019-05-29,P,open-market purchase,70000,128970.01,1.8424,0.0323,70000,216486633,0,unknown,,7,0,Common Stock,I,4,0001209191-19-033371,,https://www.sec.gov/Archives/edgar/data/944809/000120919119033371/doc4.xml
OPK,944809,Phillip Frost,898860,2019-05-29,2019-05-28,P,open-market purchase,200000,380341.60,1.9017,0.0925,200000,216416633,0,unknown,,12,0,Common Stock,I,4,0001209191-19-033121,,https://www.sec.gov/Archives/edgar/data/944809/000120919119033121/doc4.xml
OPK,944809,Phillip Frost,898860,2019-05-24,2019-05-23,P,open-market purchase,200000,383806.89,1.9190,0.0926,200000,216216633,0,unknown,,2,0,Common Stock,I,4,0001209191-19-032546,,https://www.sec.gov/Archives/edgar/data/944809/000120919119032546/doc4.xml
OPK,944809,Phillip Frost,898860,2019-05-23,2019-05-22,P,open-market purchase,125000,250056.10,2.0004,0.0579,125000,216016633,0,unknown,,4,0,Common Stock,I,4,0001209191-19-032193,,https://www.sec.gov/Archives/edgar/data/944809/000120919119032193/doc4.xml
OPK,944809,Phillip Frost,898860,2019-05-20,2019-05-17,P,open-market purchase,50000,103931.19,2.0786,0.0232,50000,215891633,0,unknown,,4,0,Common Stock,I,4,0001209191-19-031200,,https://www.sec.gov/Archives/edgar/data/944809/000120919119031200/doc4.xml
OPK,944809,Phillip Frost,898860,2019-05-17,2019-05-16,P,open-market purchase,100000,202139.22,2.0214,0.0464,100000,215841633,0,unknown,,4,0,Common Stock,I,4,0001209191-19-030662,,https://www.sec.gov/Archives/edgar/data/944809/000120919119030662/doc4.xml
OPK,944809,Phillip Frost,898860,2019-05-15,2019-05-14,P,open-market purchase,1000000,1995024.44,1.9950,0.4657,1000000,215741633,0,unknown,,16,0,Common Stock,I,4,0001209191-19-029841,,https://www.sec.gov/Archives/edgar/data/944809/000120919119029841/doc4.xml
OPK,944809,Phillip Frost,898860,2019-05-14,2019-05-13,P,open-market purchase,200000,397686.79,1.9884,0.0932,200000,214741633,0,unknown,,5,0,Common Stock,I,4,0001209191-19-029508,,https://www.sec.gov/Archives/edgar/data/944809/000120919119029508/doc4.xml
OPK,944809,Phillip Frost,898860,2019-05-13,2019-05-10,P,open-market purchase,70000,145861.25,2.0837,0.0326,70000,214541633,0,unknown,,4,0,Common Stock,I,4,0001209191-19-029178,,https://www.sec.gov/Archives/edgar/data/944809/000120919119029178/doc4.xml
OPK,944809,Phillip Frost,898860,2019-05-10,2019-05-09,P,open-market purchase,285000,585850.34,2.0556,0.1331,285000,214471633,0,unknown,,21,0,Common Stock,I,4,0001209191-19-028671,,https://www.sec.gov/Archives/edgar/data/944809/000120919119028671/doc4.xml
OPK,944809,Phillip Frost,898860,2019-05-09,2019-05-08,P,open-market purchase,907000,1914575.54,2.1109,0.4253,907000,214186633,0,unknown,,25,0,Common Stock,I,4,0001209191-19-028379,,https://www.sec.gov/Archives/edgar/data/944809/000120919119028379/doc4.xml
OPK,944809,Phillip Frost,898860,2019-04-23,2019-04-22,P,open-market purchase,80000,185613.11,2.3202,0.0375,80000,213279633,0,unknown,,8,0,Common Stock,I,4,0001209191-19-025565,,https://www.sec.gov/Archives/edgar/data/944809/000120919119025565/doc4.xml
OPK,944809,Phillip Frost,898860,2019-04-18,2019-04-17,P,open-market purchase,50000,120953.21,2.4191,0.0235,50000,213199633,0,unknown,,5,0,Common Stock,I,4,0001209191-19-025199,,https://www.sec.gov/Archives/edgar/data/944809/000120919119025199/doc4.xml
OPK,944809,Phillip Frost,898860,2019-04-17,2019-04-16,P,open-market purchase,10000,24997.00,2.4997,0.0047,10000,213149633,0,unknown,,2,0,Common Stock,I,4,0001209191-19-024861,,https://www.sec.gov/Archives/edgar/data/944809/000120919119024861/doc4.xml
OPK,944809,Phillip Frost,898860,2019-04-16,2019-04-15,P,open-market purchase,10000,24650.00,2.4650,0.0047,10000,213139633,0,unknown,,1,0,Common Stock,I,4,0001209191-19-024669,,https://www.sec.gov/Archives/edgar/data/944809/000120919119024669/doc4.xml
OPK,944809,Phillip Frost,898860,2019-04-15,2019-04-12,P,open-market purchase,20000,49994.00,2.4997,0.0094,20000,213129633,0,unknown,,2,0,Common Stock,I,4,0001209191-19-024546,,https://www.sec.gov/Archives/edgar/data/944809/000120919119024546/doc4.xml
OPK,944809,Phillip Frost,898860,2019-04-12,2019-04-11,P,open-market purchase,30000,74561.00,2.4854,0.0141,30000,213109633,0,unknown,,4,0,Common Stock,I,4,0001209191-19-024439,,https://www.sec.gov/Archives/edgar/data/944809/000120919119024439/doc4.xml
OPK,944809,Phillip Frost,898860,2019-04-11,2019-04-10,P,open-market purchase,20000,50601.56,2.5301,0.0094,20000,213079633,0,unknown,,4,0,Common Stock,I,4,0001209191-19-024321,,https://www.sec.gov/Archives/edgar/data/944809/000120919119024321/doc4.xml
OPK,944809,Phillip Frost,898860,2019-04-10,2019-04-09,P,open-market purchase,10000,25093.00,2.5093,0.0047,10000,213059633,0,unknown,,2,0,Common Stock,I,4,0001209191-19-024182,,https://www.sec.gov/Archives/edgar/data/944809/000120919119024182/doc4.xml
OPK,944809,Phillip Frost,898860,2019-04-05,2019-04-04,P,open-market purchase,20000,50627.48,2.5314,0.0094,20000,213049633,0,unknown,,3,0,Common Stock,I,4,0001209191-19-023766,,https://www.sec.gov/Archives/edgar/data/944809/000120919119023766/doc4.xml
OPK,944809,Phillip Frost,898860,2019-04-03,2019-04-02,P,open-market purchase,40000,101187.07,2.5297,0.0188,40000,213029633,0,unknown,,2,0,Common Stock,I,4,0001209191-19-022894,,https://www.sec.gov/Archives/edgar/data/944809/000120919119022894/doc4.xml
OPK,944809,Phillip Frost,898860,2019-04-02,2019-04-01,P,open-market purchase,20000,51559.84,2.5780,0.0094,20000,212989633,0,unknown,,4,0,Common Stock,I,4,0001209191-19-022120,,https://www.sec.gov/Archives/edgar/data/944809/000120919119022120/doc4.xml
OPK,944809,Phillip Frost,898860,2019-03-28,2019-03-27,P,open-market purchase,100000,248646.29,2.4865,0.0470,100000,212969633,0,unknown,,2,0,Common Stock,I,4,0001209191-19-021552,,https://www.sec.gov/Archives/edgar/data/944809/000120919119021552/doc4.xml
OPK,944809,Phillip Frost,898860,2019-03-19,2019-03-18,P,open-market purchase,40000,98982.50,2.4746,0.0188,40000,212869633,0,unknown,,4,0,Common Stock,I,4,0001209191-19-020155,,https://www.sec.gov/Archives/edgar/data/944809/000120919119020155/doc4.xml
OPK,944809,Phillip Frost,898860,2019-03-15,2019-03-14,P,open-market purchase,250000,612918.47,2.4517,0.1176,250000,212829633,0,unknown,,16,0,Common Stock,I,4,0001209191-19-019592,,https://www.sec.gov/Archives/edgar/data/944809/000120919119019592/doc4.xml
OPK,944809,Phillip Frost,898860,2019-03-07,2019-03-06,P,open-market purchase,50000,128621.68,2.5724,0.0235,50000,212579633,0,unknown,,3,0,Common Stock,I,4,0001209191-19-017608,,https://www.sec.gov/Archives/edgar/data/944809/000120919119017608/doc4.xml
OPK,944809,Phillip Frost,898860,2019-03-01,2019-02-28,P,open-market purchase,200000,495946.50,2.4797,0.0942,200000,212529633,0,unknown,,2,0,Common Stock,I,4,0001209191-19-014814,,https://www.sec.gov/Archives/edgar/data/944809/000120919119014814/doc4.xml
OPK,944809,Phillip Frost,898860,2019-01-18,2019-01-17,P,open-market purchase,15000,55030.50,3.6687,0.0071,15000,212329633,0,unknown,,5,0,Common Stock,I,4,0001209191-19-004464,,https://www.sec.gov/Archives/edgar/data/944809/000120919119004464/doc4.xml
OPK,944809,Phillip Frost,898860,2019-01-17,2019-01-16,P,open-market purchase,10000,37369.24,3.7369,0.0047,10000,212314633,0,unknown,,4,0,Common Stock,I,4,0001209191-19-004006,,https://www.sec.gov/Archives/edgar/data/944809/000120919119004006/doc4.xml
OPK,944809,Phillip Frost,898860,2019-01-15,2019-01-14,P,open-market purchase,15000,56055.08,3.7370,0.0071,15000,212304633,0,unknown,,6,0,Common Stock,I,4,0001209191-19-003650,,https://www.sec.gov/Archives/edgar/data/944809/000120919119003650/doc4.xml
OPK,944809,Phillip Frost,898860,2019-01-14,2019-01-11,P,open-market purchase,10000,38325.00,3.8325,0.0047,10000,212289633,0,unknown,,2,0,Common Stock,I,4,0001209191-19-003503,,https://www.sec.gov/Archives/edgar/data/944809/000120919119003503/doc4.xml
OPK,944809,Phillip Frost,898860,2019-01-11,2019-01-10,P,open-market purchase,10000,36907.68,3.6908,0.0047,10000,212279633,0,unknown,,4,0,Common Stock,I,4,0001209191-19-003367,,https://www.sec.gov/Archives/edgar/data/944809/000120919119003367/doc4.xml
OPK,944809,Phillip Frost,898860,2019-01-10,2019-01-09,P,open-market purchase,10000,36500.50,3.6500,0.0047,10000,212269633,0,unknown,,3,0,Common Stock,I,4,0001209191-19-003185,,https://www.sec.gov/Archives/edgar/data/944809/000120919119003185/doc4.xml
OPK,944809,Phillip Frost,898860,2019-01-09,2019-01-08,P,open-market purchase,35000,126375.50,3.6107,0.0165,35000,212259633,0,unknown,,10,0,Common Stock,I,4,0001209191-19-002966,,https://www.sec.gov/Archives/edgar/data/944809/000120919119002966/doc4.xml
OPK,944809,Phillip Frost,898860,2019-01-08,2019-01-07,P,open-market purchase,55000,195922.00,3.5622,0.0259,55000,212224633,0,unknown,,14,0,Common Stock,I,4,0001209191-19-002677,,https://www.sec.gov/Archives/edgar/data/944809/000120919119002677/doc4.xml
OPK,944809,Phillip Frost,898860,2019-01-07,2019-01-04,P,open-market purchase,30000,102913.99,3.4305,0.0141,30000,212169633,0,unknown,,12,0,Common Stock,I,4,0001209191-19-002392,,https://www.sec.gov/Archives/edgar/data/944809/000120919119002392/doc4.xml
OPK,944809,Phillip Frost,898860,2019-01-04,2019-01-03,P,open-market purchase,50000,162692.51,3.2539,0.0236,50000,212139633,0,unknown,,18,0,Common Stock,I,4,0001209191-19-001632,,https://www.sec.gov/Archives/edgar/data/944809/000120919119001632/doc4.xml
OPK,944809,Phillip Frost,898860,2019-01-03,2019-01-02,P,open-market purchase,40000,129712.80,3.2428,0.0189,40000,212089633,0,unknown,,12,0,Common Stock,I,4,0001209191-19-000617,,https://www.sec.gov/Archives/edgar/data/944809/000120919119000617/doc4.xml
OPK,944809,Phillip Frost,898860,2019-01-02,2018-12-31,P,open-market purchase,135000,401068.35,2.9709,0.0637,135000,212049633,0,unknown,,19,0,Common Stock,I,4,0001209191-19-000003,,https://www.sec.gov/Archives/edgar/data/944809/000120919119000003/doc4.xml
OPK,944809,Phillip Frost,898860,2018-12-31,2018-12-28,P,open-market purchase,100000,312897.69,3.1290,0.0472,100000,211914633,0,unknown,,15,0,Common Stock,I,4,0001209191-18-064358,,https://www.sec.gov/Archives/edgar/data/944809/000120919118064358/doc4.xml
OPK,944809,Phillip Frost,898860,2018-09-10,2018-09-07,P,open-market purchase,10000,55704.71,5.5705,0.0052,10000,191757326,0,unknown,,10,0,Common Stock,I,4,0001209191-18-050182,,https://www.sec.gov/Archives/edgar/data/944809/000120919118050182/doc4.xml
OPK,944809,Phillip Frost,898860,2018-09-06,2018-09-05,P,open-market purchase,10000,57942.80,5.7943,0.0052,10000,191747326,0,unknown,,3,0,Common Stock,I,4,0001209191-18-049741,,https://www.sec.gov/Archives/edgar/data/944809/000120919118049741/doc4.xml
OPK,944809,Phillip Frost,898860,2018-08-31,2018-08-30,P,open-market purchase,5000,29475.00,5.8950,0.0026,5000,191737326,0,unknown,,1,0,Common Stock,I,4,0001209191-18-049026,,https://www.sec.gov/Archives/edgar/data/944809/000120919118049026/doc4.xml
OPK,944809,Phillip Frost,898860,2018-08-29,2018-08-28,P,open-market purchase,5000,28993.75,5.7988,0.0026,5000,191732326,0,unknown,,3,0,Common Stock,I,4,0001209191-18-048756,,https://www.sec.gov/Archives/edgar/data/944809/000120919118048756/doc4.xml
OPK,944809,Phillip Frost,898860,2018-08-27,2018-08-24,P,open-market purchase,15000,85553.47,5.7036,0.0078,15000,191727326,0,unknown,,9,0,Common Stock,I,4,0001209191-18-048441,,https://www.sec.gov/Archives/edgar/data/944809/000120919118048441/doc4.xml
OPK,944809,Phillip Frost,898860,2018-08-20,2018-08-17,P,open-market purchase,10000,55358.00,5.5358,0.0052,10000,191712326,0,unknown,,7,0,Common Stock,I,4,0001209191-18-047559,,https://www.sec.gov/Archives/edgar/data/944809/000120919118047559/doc4.xml
OPK,944809,Phillip Frost,898860,2018-08-14,2018-08-13,P,open-market purchase,15000,79931.92,5.3288,0.0078,15000,191702326,0,unknown,,8,0,Common Stock,I,4,0001209191-18-046530,,https://www.sec.gov/Archives/edgar/data/944809/000120919118046530/doc4.xml
OPK,944809,Phillip Frost,898860,2018-08-10,2018-08-09,P,open-market purchase,10000,54524.54,5.4525,0.0052,10000,191687326,0,unknown,,4,0,Common Stock,I,4,0001209191-18-046124,,https://www.sec.gov/Archives/edgar/data/944809/000120919118046124/doc4.xml
OPK,944809,Phillip Frost,898860,2018-07-27,2018-07-26,P,open-market purchase,90000,455205.62,5.0578,0.0470,90000,191677326,0,unknown,,16,0,Common Stock,I,4,0001209191-18-044127,,https://www.sec.gov/Archives/edgar/data/944809/000120919118044127/doc4.xml
OPK,944809,Phillip Frost,898860,2018-07-26,2018-07-25,P,open-market purchase,60000,328248.25,5.4708,,-4062870,191587326,-4122870,unknown,,9,0,Common Stock,I,4,0001209191-18-043980,,https://www.sec.gov/Archives/edgar/data/944809/000120919118043980/doc4.xml
OPK,944809,Phillip Frost,898860,2018-07-25,2018-07-24,P,open-market purchase,55000,307769.26,5.5958,,4177870,195650196,4122870,unknown,,23,0,Common Stock,I,4,0001209191-18-043844,,https://www.sec.gov/Archives/edgar/data/944809/000120919118043844/doc4.xml
OPK,944809,Phillip Frost,898860,2018-07-23,2018-07-20,P,open-market purchase,10000,58900.00,5.8900,0.0052,10000,191472326,0,unknown,,1,0,Common Stock,I,4,0001209191-18-043573,,https://www.sec.gov/Archives/edgar/data/944809/000120919118043573/doc4.xml
OPK,944809,Phillip Frost,898860,2018-07-20,2018-07-19,P,open-market purchase,10000,59500.00,5.9500,0.0052,10000,191462326,0,unknown,,1,0,Common Stock,I,4,0001209191-18-043406,,https://www.sec.gov/Archives/edgar/data/944809/000120919118043406/doc4.xml
OPK,944809,Phillip Frost,898860,2018-07-19,2018-07-18,P,open-market purchase,10000,60500.00,6.0500,0.0052,10000,191452326,0,unknown,,1,0,Common Stock,I,4,0001209191-18-043207,,https://www.sec.gov/Archives/edgar/data/944809/000120919118043207/doc4.xml
OPK,944809,Phillip Frost,898860,2018-07-17,2018-07-16,P,open-market purchase,15000,85248.50,5.6832,0.0078,15000,191442326,0,unknown,,4,0,Common Stock,I,4,0001209191-18-042714,,https://www.sec.gov/Archives/edgar/data/944809/000120919118042714/doc4.xml
OPK,944809,Phillip Frost,898860,2018-07-05,2018-07-03,P,open-market purchase,10000,47500.50,4.7500,0.0052,10000,191427326,0,unknown,,8,0,Common Stock,I,4,0001209191-18-041405,,https://www.sec.gov/Archives/edgar/data/944809/000120919118041405/doc4.xml
OPK,944809,Phillip Frost,898860,2018-07-02,2018-06-29,P,open-market purchase,7720,36335.20,4.7066,0.0040,7720,191417326,0,unknown,,2,0,Common Stock,I,4,0001209191-18-040128,,https://www.sec.gov/Archives/edgar/data/944809/000120919118040128/doc4.xml
OPK,944809,Phillip Frost,898860,2018-06-29,2018-06-28,P,open-market purchase,20000,93600.00,4.6800,0.0104,20000,191409606,0,unknown,,2,0,Common Stock,I,4,0001209191-18-039988,,https://www.sec.gov/Archives/edgar/data/944809/000120919118039988/doc4.xml
OPK,944809,Phillip Frost,898860,2018-06-28,2018-06-27,P,open-market purchase,10000,47500.00,4.7500,0.0052,10000,191389606,0,unknown,,1,0,Common Stock,I,4,0001209191-18-039767,,https://www.sec.gov/Archives/edgar/data/944809/000120919118039767/doc4.xml
OPK,944809,Phillip Frost,898860,2018-06-25,2018-06-22,P,open-market purchase,10000,44500.00,4.4500,0.0052,10000,191379606,0,unknown,,1,0,Common Stock,I,4,0001209191-18-039350,,https://www.sec.gov/Archives/edgar/data/944809/000120919118039350/doc4.xml
OPK,944809,Phillip Frost,898860,2018-06-22,2018-06-21,P,open-market purchase,30000,136200.00,4.5400,0.0157,30000,191369606,0,unknown,,3,0,Common Stock,I,4,0001209191-18-039101,,https://www.sec.gov/Archives/edgar/data/944809/000120919118039101/doc4.xml
OPK,944809,Phillip Frost,898860,2018-06-20,2018-06-19,P,open-market purchase,20000,86300.00,4.3150,0.0105,20000,191339606,0,unknown,,2,0,Common Stock,I,4,0001209191-18-038718,,https://www.sec.gov/Archives/edgar/data/944809/000120919118038718/doc4.xml
OPK,944809,Phillip Frost,898860,2018-06-19,2018-06-18,P,open-market purchase,14299,62013.39,4.3369,0.0075,14299,191319606,0,unknown,,3,0,Common Stock,I,4,0001209191-18-038449,,https://www.sec.gov/Archives/edgar/data/944809/000120919118038449/doc4.xml
OPK,944809,Phillip Frost,898860,2018-06-18,2018-06-15,P,open-market purchase,10000,44200.00,4.4200,0.0052,10000,191305307,0,unknown,,1,0,Common Stock,I,4,0001209191-18-038218,,https://www.sec.gov/Archives/edgar/data/944809/000120919118038218/doc4.xml
OPK,944809,Phillip Frost,898860,2018-06-12,2018-06-11,P,open-market purchase,10000,42200.00,4.2200,0.0052,10000,191295307,0,unknown,,1,0,Common Stock,I,4,0001209191-18-037137,,https://www.sec.gov/Archives/edgar/data/944809/000120919118037137/doc4.xml
OPK,944809,Phillip Frost,898860,2018-06-08,2018-06-07,P,open-market purchase,10000,40400.00,4.0400,0.0052,10000,191285307,0,unknown,,1,0,Common Stock,I,4,0001209191-18-036562,,https://www.sec.gov/Archives/edgar/data/944809/000120919118036562/doc4.xml
OPK,944809,Phillip Frost,898860,2018-06-07,2018-06-06,P,open-market purchase,30000,121500.00,4.0500,0.0157,30000,191275307,0,unknown,,3,0,Common Stock,I,4,0001209191-18-036205,,https://www.sec.gov/Archives/edgar/data/944809/000120919118036205/doc4.xml
OPK,944809,Phillip Frost,898860,2018-06-01,2018-05-31,P,open-market purchase,3900,14664.00,3.7600,0.0020,3900,191245307,0,unknown,,1,0,Common Stock,I,4,0001209191-18-034529,,https://www.sec.gov/Archives/edgar/data/944809/000120919118034529/doc4.xml
OPK,944809,Phillip Frost,898860,2018-05-29,2018-05-25,P,open-market purchase,10000,37000.00,3.7000,0.0052,10000,191241407,0,unknown,,1,0,Common Stock,I,4,0001209191-18-033653,,https://www.sec.gov/Archives/edgar/data/944809/000120919118033653/doc4.xml
OPK,944809,Phillip Frost,898860,2018-05-24,2018-05-23,P,open-market purchase,40000,149300.00,3.7325,0.0209,40000,191231407,0,unknown,,4,0,Common Stock,I,4,0001209191-18-032805,,https://www.sec.gov/Archives/edgar/data/944809/000120919118032805/doc4.xml
OPK,944809,Phillip Frost,898860,2018-05-23,2018-05-22,P,open-market purchase,10000,37300.00,3.7300,0.0052,10000,191191407,0,unknown,,1,0,Common Stock,I,4,0001209191-18-032488,,https://www.sec.gov/Archives/edgar/data/944809/000120919118032488/doc4.xml
OPK,944809,Phillip Frost,898860,2018-05-22,2018-05-21,P,open-market purchase,90000,344096.00,3.8233,0.0471,90000,191181407,0,unknown,,10,0,Common Stock,I,4,0001209191-18-032172,,https://www.sec.gov/Archives/edgar/data/944809/000120919118032172/doc4.xml
OPK,944809,Phillip Frost,898860,2018-05-21,2018-05-18,P,open-market purchase,100000,403788.88,4.0379,0.0524,100000,191091407,0,unknown,,23,0,Common Stock,I,4,0001209191-18-031619,,https://www.sec.gov/Archives/edgar/data/944809/000120919118031619/doc4.xml
OPK,944809,Phillip Frost,898860,2018-05-07,2018-05-04,P,open-market purchase,26000,81540.00,3.1362,0.0136,26000,190991407,0,unknown,,2,0,Common Stock,I,4,0001209191-18-028210,,https://www.sec.gov/Archives/edgar/data/944809/000120919118028210/doc4.xml
OPK,944809,Phillip Frost,898860,2018-05-04,2018-05-03,P,open-market purchase,51800,159998.00,3.0888,0.0271,51800,190965407,0,unknown,,4,0,Common Stock,I,4,0001209191-18-027943,,https://www.sec.gov/Archives/edgar/data/944809/000120919118027943/doc4.xml
OPK,944809,Phillip Frost,898860,2018-05-03,2018-05-02,P,open-market purchase,50330,158629.60,3.1518,0.0264,50330,190913607,0,unknown,,6,0,Common Stock,I,4,0001209191-18-027486,,https://www.sec.gov/Archives/edgar/data/944809/000120919118027486/doc4.xml
OPK,944809,Phillip Frost,898860,2018-05-02,2018-05-01,P,open-market purchase,31222,95210.44,3.0495,0.0164,31222,190863277,0,unknown,,3,0,Common Stock,I,4,0001209191-18-027221,,https://www.sec.gov/Archives/edgar/data/944809/000120919118027221/doc4.xml
OPK,944809,Phillip Frost,898860,2018-05-01,2018-04-30,P,open-market purchase,75000,231126.00,3.0817,0.0393,75000,190832055,0,unknown,,7,0,Common Stock,I,4,0001209191-18-026970,,https://www.sec.gov/Archives/edgar/data/944809/000120919118026970/doc4.xml
OPK,944809,Phillip Frost,898860,2018-04-27,2018-04-26,P,open-market purchase,31800,96449.00,3.0330,0.0167,31800,190757055,0,unknown,,4,0,Common Stock,I,4,0001209191-18-026348,,https://www.sec.gov/Archives/edgar/data/944809/000120919118026348/doc4.xml
OPK,944809,Phillip Frost,898860,2018-04-26,2018-04-25,P,open-market purchase,55372,165341.52,2.9860,0.0290,55372,190725255,0,unknown,,8,0,Common Stock,I,4,0001209191-18-026151,,https://www.sec.gov/Archives/edgar/data/944809/000120919118026151/doc4.xml
OPK,944809,Phillip Frost,898860,2018-04-25,2018-04-24,P,open-market purchase,75000,222641.00,2.9685,0.0394,75000,190669883,0,unknown,,7,0,Common Stock,I,4,0001209191-18-026024,,https://www.sec.gov/Archives/edgar/data/944809/000120919118026024/doc4.xml
OPK,944809,Phillip Frost,898860,2018-04-24,2018-04-23,P,open-market purchase,75000,227655.00,3.0354,0.0394,75000,190594883,0,unknown,,8,0,Common Stock,I,4,0001209191-18-025911,,https://www.sec.gov/Archives/edgar/data/944809/000120919118025911/doc4.xml
OPK,944809,Phillip Frost,898860,2018-04-23,2018-04-20,P,open-market purchase,60000,187490.00,3.1248,0.0315,60000,190519883,0,unknown,,5,0,Common Stock,I,4,0001209191-18-025781,,https://www.sec.gov/Archives/edgar/data/944809/000120919118025781/doc4.xml
OPK,944809,Phillip Frost,898860,2018-04-20,2018-04-19,P,open-market purchase,10000,31700.00,3.1700,0.0053,10000,190459883,0,unknown,,1,0,Common Stock,I,4,0001209191-18-025653,,https://www.sec.gov/Archives/edgar/data/944809/000120919118025653/doc4.xml
OPK,944809,Phillip Frost,898860,2018-04-17,2018-04-16,P,open-market purchase,50000,150950.00,3.0190,0.0263,50000,190449883,0,unknown,,4,0,Common Stock,I,4,0001209191-18-025060,,https://www.sec.gov/Archives/edgar/data/944809/000120919118025060/doc4.xml
OPK,944809,Phillip Frost,898860,2018-04-16,2018-04-13,P,open-market purchase,30000,89800.00,2.9933,0.0158,30000,190399883,0,unknown,,2,0,Common Stock,I,4,0001209191-18-024885,,https://www.sec.gov/Archives/edgar/data/944809/000120919118024885/doc4.xml
OPK,944809,Phillip Frost,898860,2018-04-13,2018-04-12,P,open-market purchase,65000,197300.00,3.0354,0.0342,65000,190369883,0,unknown,,6,0,Common Stock,I,4,0001209191-18-024796,,https://www.sec.gov/Archives/edgar/data/944809/000120919118024796/doc4.xml
OPK,944809,Phillip Frost,898860,2018-04-12,2018-04-11,P,open-market purchase,43000,131727.45,3.0634,0.0226,43000,190304883,0,unknown,,7,0,Common Stock,I,4,0001209191-18-024699,,https://www.sec.gov/Archives/edgar/data/944809/000120919118024699/doc4.xml
OPK,944809,Phillip Frost,898860,2018-04-11,2018-04-10,P,open-market purchase,36527,111705.89,3.0582,0.0192,36527,190261883,0,unknown,,4,0,Common Stock,I,4,0001209191-18-024579,,https://www.sec.gov/Archives/edgar/data/944809/000120919118024579/doc4.xml
OPK,944809,Phillip Frost,898860,2018-04-10,2018-04-09,P,open-market purchase,80000,243088.00,3.0386,0.0421,80000,190225356,0,unknown,,7,0,Common Stock,I,4,0001209191-18-024458,,https://www.sec.gov/Archives/edgar/data/944809/000120919118024458/doc4.xml
OPK,944809,Phillip Frost,898860,2018-04-09,2018-04-06,P,open-market purchase,60000,186151.50,3.1025,0.0316,60000,190145356,0,unknown,,8,0,Common Stock,I,4,0001209191-18-024268,,https://www.sec.gov/Archives/edgar/data/944809/000120919118024268/doc4.xml
OPK,944809,Phillip Frost,898860,2018-04-06,2018-04-05,P,open-market purchase,10000,32500.00,3.2500,0.0053,10000,190085356,0,unknown,,1,0,Common Stock,I,4,0001209191-18-024154,,https://www.sec.gov/Archives/edgar/data/944809/000120919118024154/doc4.xml
OPK,944809,Phillip Frost,898860,2018-04-04,2018-04-03,P,open-market purchase,153000,458789.76,2.9986,0.0806,153000,190075356,0,unknown,,19,0,Common Stock,I,4,0001209191-18-023398,,https://www.sec.gov/Archives/edgar/data/944809/000120919118023398/doc4.xml
OPK,944809,Phillip Frost,898860,2018-03-29,2018-03-28,P,open-market purchase,80000,245867.86,3.0733,0.0421,80000,189922356,0,unknown,,16,0,Common Stock,I,4,0001209191-18-022006,,https://www.sec.gov/Archives/edgar/data/944809/000120919118022006/doc4.xml
OPK,944809,Phillip Frost,898860,2018-03-28,2018-03-27,P,open-market purchase,86100,279689.25,3.2484,0.0454,86100,189842356,0,unknown,,25,0,Common Stock,I,4,0001209191-18-021845,,https://www.sec.gov/Archives/edgar/data/944809/000120919118021845/doc4.xml
OPK,944809,Phillip Frost,898860,2018-03-27,2018-03-26,P,open-market purchase,26000,83055.39,3.1944,0.0137,26000,189756256,0,unknown,,10,0,Common Stock,I,4,0001209191-18-021681,,https://www.sec.gov/Archives/edgar/data/944809/000120919118021681/doc4.xml
OPK,944809,Phillip Frost,898860,2018-03-26,2018-03-23,P,open-market purchase,25000,81700.00,3.2680,0.0132,25000,189730256,0,unknown,,3,0,Common Stock,I,4,0001209191-18-021582,,https://www.sec.gov/Archives/edgar/data/944809/000120919118021582/doc4.xml
OPK,944809,Phillip Frost,898860,2018-03-23,2018-03-22,P,open-market purchase,30000,99479.81,3.3160,0.0158,30000,189705256,0,unknown,,13,0,Common Stock,I,4,0001209191-18-021354,,https://www.sec.gov/Archives/edgar/data/944809/000120919118021354/doc4.xml
OPK,944809,Phillip Frost,898860,2018-03-22,2018-03-21,P,open-market purchase,30000,101383.75,3.3795,0.0158,30000,189675256,0,unknown,,8,0,Common Stock,I,4,0001209191-18-021179,,https://www.sec.gov/Archives/edgar/data/944809/000120919118021179/doc4.xml
OPK,944809,Phillip Frost,898860,2018-03-21,2018-03-20,P,open-market purchase,75000,249364.53,3.3249,0.0396,75000,189645256,0,unknown,,18,0,Common Stock,I,4,0001209191-18-021000,,https://www.sec.gov/Archives/edgar/data/944809/000120919118021000/doc4.xml
OPK,944809,Phillip Frost,898860,2018-03-20,2018-03-19,P,open-market purchase,40000,140240.25,3.5060,0.0211,40000,189570256,0,unknown,,12,0,Common Stock,I,4,0001209191-18-020785,,https://www.sec.gov/Archives/edgar/data/944809/000120919118020785/doc4.xml
OPK,944809,Phillip Frost,898860,2018-03-16,2018-03-15,P,open-market purchase,61000,202523.77,3.3201,0.0322,61000,189530256,0,unknown,,20,0,Common Stock,I,4,0001209191-18-020064,,https://www.sec.gov/Archives/edgar/data/944809/000120919118020064/doc4.xml
OPK,944809,Phillip Frost,898860,2018-03-14,2018-03-13,P,open-market purchase,67500,227006.54,3.3631,0.0356,67500,189469256,0,unknown,,13,0,Common Stock,I,4,0001209191-18-019480,,https://www.sec.gov/Archives/edgar/data/944809/000120919118019480/doc4.xml
OPK,944809,Phillip Frost,898860,2018-03-13,2018-03-12,P,open-market purchase,25000,86995.00,3.4798,0.0132,25000,189401756,0,unknown,,7,0,Common Stock,I,4,0001209191-18-019029,,https://www.sec.gov/Archives/edgar/data/944809/000120919118019029/doc4.xml
OPK,944809,Phillip Frost,898860,2018-03-09,2018-03-08,P,open-market purchase,32000,104835.25,3.2761,0.0169,32000,189376756,0,unknown,,6,0,Common Stock,I,4,0001209191-18-018383,,https://www.sec.gov/Archives/edgar/data/944809/000120919118018383/doc4.xml
OPK,944809,Phillip Frost,898860,2018-03-08,2018-03-07,P,open-market purchase,75000,246946.49,3.2926,0.0396,75000,189344756,0,unknown,,19,0,Common Stock,I,4,0001209191-18-017889,,https://www.sec.gov/Archives/edgar/data/944809/000120919118017889/doc4.xml
OPK,944809,Phillip Frost,898860,2018-03-05,2018-03-02,P,open-market purchase,364800,1073715.84,2.9433,0.1931,364800,189269756,0,unknown,,1,0,Common Stock,I,4,0001209191-18-016093,,https://www.sec.gov/Archives/edgar/data/944809/000120919118016093/doc4.xml
OPK,944809,Phillip Frost,898860,2018-02-22,2018-02-21,P,open-market purchase,172500,625954.90,3.6287,0.0914,172500,188904956,0,unknown,,19,0,Common Stock,I,4,0001209191-18-012133,,https://www.sec.gov/Archives/edgar/data/944809/000120919118012133/doc4.xml
OPK,944809,Phillip Frost,898860,2018-02-12,2018-02-09,P,open-market purchase,185000,708291.00,3.8286,0.0981,185000,188732456,0,unknown,,1,0,Common Stock,I,4,0001209191-18-009033,,https://www.sec.gov/Archives/edgar/data/944809/000120919118009033/doc4.xml
OPK,944809,Phillip Frost,898860,2018-02-09,2018-02-08,P,open-market purchase,20000,80831.54,4.0416,0.0106,20000,188547456,0,unknown,,5,0,Common Stock,I,4,0001209191-18-008634,,https://www.sec.gov/Archives/edgar/data/944809/000120919118008634/doc4.xml
OPK,944809,Phillip Frost,898860,2018-02-08,2018-02-07,P,open-market purchase,78000,329250.83,4.2212,0.0414,78000,188527456,0,unknown,,27,0,Common Stock,I,4,0001209191-18-008297,,https://www.sec.gov/Archives/edgar/data/944809/000120919118008297/doc4.xml
OPK,944809,Phillip Frost,898860,2018-02-07,2018-02-06,P,open-market purchase,60000,252941.00,4.2157,0.0318,60000,188449456,0,unknown,,21,0,Common Stock,I,4,0001209191-18-008028,,https://www.sec.gov/Archives/edgar/data/944809/000120919118008028/doc4.xml
OPK,944809,Phillip Frost,898860,2018-02-06,2018-02-05,P,open-market purchase,50000,206835.73,4.1367,0.0265,50000,188389456,0,unknown,,10,0,Common Stock,I,4,0001209191-18-007746,,https://www.sec.gov/Archives/edgar/data/944809/000120919118007746/doc4.xml
OPK,944809,Phillip Frost,898860,2018-02-05,2018-02-02,P,open-market purchase,55000,236679.75,4.3033,0.0292,55000,188339456,0,unknown,,15,0,Common Stock,I,4,0001209191-18-007278,,https://www.sec.gov/Archives/edgar/data/944809/000120919118007278/doc4.xml
OPK,944809,Phillip Frost,898860,2018-02-01,2018-01-31,P,open-market purchase,65000,290415.90,4.4679,0.0345,65000,188284456,0,unknown,,14,0,Common Stock,I,4,0001209191-18-006357,,https://www.sec.gov/Archives/edgar/data/944809/000120919118006357/doc4.xml
OPK,944809,Phillip Frost,898860,2018-01-29,2018-01-26,P,open-market purchase,55000,269712.14,4.9039,0.0292,55000,188219456,0,unknown,,17,0,Common Stock,I,4,0001209191-18-005749,,https://www.sec.gov/Archives/edgar/data/944809/000120919118005749/doc4.xml
OPK,944809,Phillip Frost,898860,2018-01-26,2018-01-25,P,open-market purchase,75000,374204.00,4.9894,0.0399,75000,188164456,0,unknown,,8,0,Common Stock,I,4,0001209191-18-005489,,https://www.sec.gov/Archives/edgar/data/944809/000120919118005489/doc4.xml
OPK,944809,Phillip Frost,898860,2018-01-25,2018-01-24,P,open-market purchase,100000,488828.50,4.8883,0.0532,100000,188089456,0,unknown,,19,0,Common Stock,I,4,0001209191-18-005309,,https://www.sec.gov/Archives/edgar/data/944809/000120919118005309/doc4.xml
OPK,944809,Phillip Frost,898860,2018-01-24,2018-01-23,P,open-market purchase,100000,476070.00,4.7607,0.0532,100000,187989456,0,unknown,,1,0,Common Stock,I,4,0001209191-18-005018,,https://www.sec.gov/Archives/edgar/data/944809/000120919118005018/doc4.xml
OPK,944809,Phillip Frost,898860,2018-01-23,2018-01-22,P,open-market purchase,100000,439674.59,4.3967,0.0533,100000,187889456,0,unknown,,15,0,Common Stock,I,4,0001209191-18-004822,,https://www.sec.gov/Archives/edgar/data/944809/000120919118004822/doc4.xml
OPK,944809,Phillip Frost,898860,2017-09-20,2017-09-19,P,open-market purchase,15000,90099.25,6.0066,0.0080,15000,187789456,0,unknown,,4,0,Common Stock,I,4,0001209191-17-053409,,https://www.sec.gov/Archives/edgar/data/944809/000120919117053409/doc4.xml
OPK,944809,Phillip Frost,898860,2017-09-19,2017-09-18,P,open-market purchase,40000,240000.00,6.0000,0.0213,40000,187774456,0,unknown,,3,0,Common Stock,I,4,0001209191-17-053238,,https://www.sec.gov/Archives/edgar/data/944809/000120919117053238/doc4.xml
OPK,944809,Phillip Frost,898860,2017-09-18,2017-09-15,P,open-market purchase,80000,480411.00,6.0051,0.0426,80000,187734456,0,unknown,,2,0,Common Stock,I,4,0001209191-17-053086,,https://www.sec.gov/Archives/edgar/data/944809/000120919117053086/doc4.xml
OPK,944809,Phillip Frost,898860,2017-09-15,2017-09-14,P,open-market purchase,260000,1555623.70,5.9832,0.1387,260000,187654456,0,unknown,,18,0,Common Stock,I,4,0001209191-17-052902,,https://www.sec.gov/Archives/edgar/data/944809/000120919117052902/doc4.xml
OPK,944809,Phillip Frost,898860,2017-08-28,2017-08-25,P,open-market purchase,25000,154235.91,6.1694,0.0133,25000,187394456,0,unknown,,12,0,Common Stock,I,4,0001209191-17-050352,,https://www.sec.gov/Archives/edgar/data/944809/000120919117050352/doc4.xml
OPK,944809,Phillip Frost,898860,2017-08-25,2017-08-24,P,open-market purchase,10000,62352.50,6.2352,0.0053,10000,187369456,0,unknown,,10,0,Common Stock,I,4,0001209191-17-050241,,https://www.sec.gov/Archives/edgar/data/944809/000120919117050241/doc4.xml
OPK,944809,Phillip Frost,898860,2017-08-24,2017-08-23,P,open-market purchase,12000,73553.79,6.1295,0.0064,12000,187359456,0,unknown,,6,0,Common Stock,I,4,0001209191-17-050035,,https://www.sec.gov/Archives/edgar/data/944809/000120919117050035/doc4.xml
OPK,944809,Phillip Frost,898860,2017-08-23,2017-08-22,P,open-market purchase,1800,11034.00,6.1300,0.0010,1800,187347456,0,unknown,,1,0,Common Stock,I,4,0001209191-17-049887,,https://www.sec.gov/Archives/edgar/data/944809/000120919117049887/doc4.xml
OPK,944809,Phillip Frost,898860,2017-08-22,2017-08-21,P,open-market purchase,25000,152538.50,6.1015,0.0133,25000,187345656,0,unknown,,11,0,Common Stock,I,4,0001209191-17-049765,,https://www.sec.gov/Archives/edgar/data/944809/000120919117049765/doc4.xml
OPK,944809,Phillip Frost,898860,2017-08-18,2017-08-17,P,open-market purchase,50000,298047.75,5.9610,0.0267,50000,187320656,0,unknown,,12,0,Common Stock,I,4,0001209191-17-049549,,https://www.sec.gov/Archives/edgar/data/944809/000120919117049549/doc4.xml
OPK,944809,Phillip Frost,898860,2017-08-17,2017-08-16,P,open-market purchase,40000,241734.25,6.0434,0.0214,40000,187270656,0,unknown,,14,0,Common Stock,I,4,0001209191-17-049325,,https://www.sec.gov/Archives/edgar/data/944809/000120919117049325/doc4.xml
OPK,944809,Phillip Frost,898860,2017-08-16,2017-08-15,P,open-market purchase,25000,152074.32,6.0830,0.0134,25000,187230656,0,unknown,,10,0,Common Stock,I,4,0001209191-17-049090,,https://www.sec.gov/Archives/edgar/data/944809/000120919117049090/doc4.xml
OPK,944809,Phillip Frost,898860,2017-08-15,2017-08-14,P,open-market purchase,10000,61526.50,6.1527,0.0053,10000,187205656,0,unknown,,4,0,Common Stock,I,4,0001209191-17-048825,,https://www.sec.gov/Archives/edgar/data/944809/000120919117048825/doc4.xml
OPK,944809,Phillip Frost,898860,2017-08-14,2017-08-11,P,open-market purchase,10000,61894.74,6.1895,0.0053,10000,187195656,0,unknown,,7,0,Common Stock,I,4,0001209191-17-048675,,https://www.sec.gov/Archives/edgar/data/944809/000120919117048675/doc4.xml
OPK,944809,Phillip Frost,898860,2017-08-11,2017-08-10,P,open-market purchase,39000,242793.93,6.2255,0.0208,39000,187185656,0,unknown,,16,0,Common Stock,I,4,0001209191-17-048490,,https://www.sec.gov/Archives/edgar/data/944809/000120919117048490/doc4.xml
OPK,944809,Phillip Frost,898860,2017-08-10,2017-08-09,P,open-market purchase,18000,114227.12,6.3460,0.0096,18000,187146656,0,unknown,,17,0,Common Stock,I,4,0001209191-17-048366,,https://www.sec.gov/Archives/edgar/data/944809/000120919117048366/doc4.xml
OPK,944809,Phillip Frost,898860,2017-08-09,2017-08-08,P,open-market purchase,5000,30250.00,6.0500,0.0027,5000,187128656,0,unknown,,1,0,Common Stock,I,4,0001209191-17-048201,,https://www.sec.gov/Archives/edgar/data/944809/000120919117048201/doc4.xml
OPK,944809,Phillip Frost,898860,2017-08-03,2017-08-02,P,open-market purchase,25000,153740.00,6.1496,0.0134,25000,187123656,0,unknown,,7,0,Common Stock,I,4,0001209191-17-047222,,https://www.sec.gov/Archives/edgar/data/944809/000120919117047222/doc4.xml
OPK,944809,Phillip Frost,898860,2017-08-02,2017-08-01,P,open-market purchase,46600,291046.41,6.2456,0.0249,46600,187098656,0,unknown,,15,0,Common Stock,I,4,0001209191-17-047015,,https://www.sec.gov/Archives/edgar/data/944809/000120919117047015/doc4.xml
OPK,944809,Phillip Frost,898860,2017-07-31,2017-07-28,P,open-market purchase,35100,221012.25,6.2966,0.0188,35100,187052056,0,unknown,,14,0,Common Stock,I,4,0001209191-17-046618,,https://www.sec.gov/Archives/edgar/data/944809/000120919117046618/doc4.xml
OPK,944809,Phillip Frost,898860,2017-07-28,2017-07-27,P,open-market purchase,23600,149687.36,6.3427,0.0126,23600,187016956,0,unknown,,10,0,Common Stock,I,4,0001209191-17-046507,,https://www.sec.gov/Archives/edgar/data/944809/000120919117046507/doc4.xml
OPK,944809,Phillip Frost,898860,2017-07-27,2017-07-26,P,open-market purchase,36200,231213.78,6.3871,0.0194,36200,186993356,0,unknown,,10,0,Common Stock,I,4,0001209191-17-046385,,https://www.sec.gov/Archives/edgar/data/944809/000120919117046385/doc4.xml
OPK,944809,Phillip Frost,898860,2017-07-26,2017-07-25,P,open-market purchase,39800,255170.00,6.4113,0.0213,39800,186957156,0,unknown,,6,0,Common Stock,I,4,0001209191-17-046260,,https://www.sec.gov/Archives/edgar/data/944809/000120919117046260/doc4.xml
OPK,944809,Phillip Frost,898860,2017-07-25,2017-07-24,P,open-market purchase,45000,289049.50,6.4233,0.0241,45000,186917356,0,unknown,,9,0,Common Stock,I,4,0001209191-17-046127,,https://www.sec.gov/Archives/edgar/data/944809/000120919117046127/doc4.xml
OPK,944809,Phillip Frost,898860,2017-07-21,2017-07-20,P,open-market purchase,5400,34871.50,6.4577,0.0029,5400,186872356,0,unknown,,6,0,Common Stock,I,4,0001209191-17-045864,,https://www.sec.gov/Archives/edgar/data/944809/000120919117045864/doc4.xml
OPK,944809,Phillip Frost,898860,2017-07-18,2017-07-17,P,open-market purchase,1800,10871.00,6.0394,0.0010,1800,186866956,0,unknown,,2,0,Common Stock,I,4,0001209191-17-045397,,https://www.sec.gov/Archives/edgar/data/944809/000120919117045397/doc4.xml
OPK,944809,Phillip Frost,898860,2017-07-17,2017-07-14,P,open-market purchase,12600,77563.50,6.1558,0.0067,12600,186865156,0,unknown,,9,0,Common Stock,I,4,0001209191-17-045276,,https://www.sec.gov/Archives/edgar/data/944809/000120919117045276/doc4.xml
OPK,944809,Phillip Frost,898860,2017-07-13,2017-07-12,P,open-market purchase,3600,22049.50,6.1249,0.0019,3600,186852556,0,unknown,,3,0,Common Stock,I,4,0001209191-17-044978,,https://www.sec.gov/Archives/edgar/data/944809/000120919117044978/doc4.xml
OPK,944809,Phillip Frost,898860,2017-07-11,2017-07-10,P,open-market purchase,50000,309570.13,6.1914,0.0268,50000,186848956,0,unknown,,10,0,Common Stock,I,4,0001209191-17-044717,,https://www.sec.gov/Archives/edgar/data/944809/000120919117044717/doc4.xml
OPK,944809,Phillip Frost,898860,2017-07-07,2017-07-06,P,open-market purchase,25000,157141.39,6.2857,0.0134,25000,186798956,0,unknown,,14,0,Common Stock,I,4,0001209191-17-044260,,https://www.sec.gov/Archives/edgar/data/944809/000120919117044260/doc4.xml
OPK,944809,Phillip Frost,898860,2017-07-05,2017-07-03,P,open-market purchase,60800,391396.25,6.4374,0.0326,60800,186773956,0,unknown,,13,0,Common Stock,I,4,0001209191-17-042914,,https://www.sec.gov/Archives/edgar/data/944809/000120919117042914/doc4.xml
OPK,944809,Phillip Frost,898860,2017-07-03,2017-06-30,P,open-market purchase,3600,23699.50,6.5832,0.0019,3600,186713156,0,unknown,,4,0,Common Stock,I,4,0001209191-17-042643,,https://www.sec.gov/Archives/edgar/data/944809/000120919117042643/doc4.xml
OPK,944809,Phillip Frost,898860,2017-06-29,2017-06-28,P,open-market purchase,1800,12366.00,6.8700,0.0010,1800,186709556,0,unknown,,1,0,Common Stock,I,4,0001209191-17-042200,,https://www.sec.gov/Archives/edgar/data/944809/000120919117042200/doc4.xml
OPK,944809,Phillip Frost,898860,2017-06-28,2017-06-27,P,open-market purchase,21800,147540.50,6.7679,0.0117,21800,186707756,0,unknown,,11,0,Common Stock,I,4,0001209191-17-042068,,https://www.sec.gov/Archives/edgar/data/944809/000120919117042068/doc4.xml
OPK,944809,Phillip Frost,898860,2017-06-27,2017-06-26,P,open-market purchase,1800,12543.30,6.9685,0.0010,1800,186685956,0,unknown,,2,0,Common Stock,I,4,0001209191-17-041879,,https://www.sec.gov/Archives/edgar/data/944809/000120919117041879/doc4.xml
OPK,944809,Phillip Frost,898860,2017-06-23,2017-06-22,P,open-market purchase,131000,880267.60,6.7196,0.0702,131000,186684156,0,unknown,,1,0,Common Stock,I,4,0001209191-17-041505,,https://www.sec.gov/Archives/edgar/data/944809/000120919117041505/doc4.xml
OPK,944809,Phillip Frost,898860,2017-06-16,2017-06-15,P,open-market purchase,200000,1285691.70,6.4285,0.1073,200000,186553156,0,unknown,,20,0,Common Stock,I,4,0001209191-17-040270,,https://www.sec.gov/Archives/edgar/data/944809/000120919117040270/doc4.xml
OPK,944809,Phillip Frost,898860,2017-06-14,2017-06-13,P,open-market purchase,7200,46901.00,6.5140,0.0039,7200,186353156,0,unknown,,4,0,Common Stock,I,4,0001209191-17-039735,,https://www.sec.gov/Archives/edgar/data/944809/000120919117039735/doc4.xml
OPK,944809,Phillip Frost,898860,2017-06-13,2017-06-12,P,open-market purchase,1800,11457.77,6.3654,0.0010,1800,186345956,0,unknown,,2,0,Common Stock,I,4,0001209191-17-039335,,https://www.sec.gov/Archives/edgar/data/944809/000120919117039335/doc4.xml
OPK,944809,Phillip Frost,898860,2017-06-12,2017-06-09,P,open-market purchase,25000,159643.00,6.3857,0.0134,25000,186344156,0,unknown,,4,0,Common Stock,I,4,0001209191-17-039028,,https://www.sec.gov/Archives/edgar/data/944809/000120919117039028/doc4.xml
OPK,944809,Phillip Frost,898860,2017-06-08,2017-06-07,P,open-market purchase,55600,348785.03,6.2731,0.0299,55600,186319156,0,unknown,,17,0,Common Stock,I,4,0001209191-17-038450,,https://www.sec.gov/Archives/edgar/data/944809/000120919117038450/doc4.xml
OPK,944809,Phillip Frost,898860,2017-06-07,2017-06-06,P,open-market purchase,30000,189147.41,6.3049,0.0161,30000,186263556,0,unknown,,11,0,Common Stock,I,4,0001209191-17-038238,,https://www.sec.gov/Archives/edgar/data/944809/000120919117038238/doc4.xml
OPK,944809,Phillip Frost,898860,2017-06-06,2017-06-05,P,open-market purchase,55000,347134.50,6.3115,0.0295,55000,186233556,0,unknown,,10,0,Common Stock,I,4,0001209191-17-037995,,https://www.sec.gov/Archives/edgar/data/944809/000120919117037995/doc4.xml
OPK,944809,Phillip Frost,898860,2017-06-01,2017-05-31,P,open-market purchase,207700,1269460.94,6.1120,0.1117,207700,186178556,0,unknown,,22,0,Common Stock,I,4,0001209191-17-036627,,https://www.sec.gov/Archives/edgar/data/944809/000120919117036627/doc4.xml
OPK,944809,Phillip Frost,898860,2017-05-31,2017-05-30,P,open-market purchase,18600,116772.75,6.2781,0.0100,18600,185970856,0,unknown,,6,0,Common Stock,I,4,0001209191-17-036321,,https://www.sec.gov/Archives/edgar/data/944809/000120919117036321/doc4.xml
OPK,944809,Phillip Frost,898860,2017-05-30,2017-05-26,P,open-market purchase,64600,407431.50,6.3070,0.0348,64600,185952256,0,unknown,,14,0,Common Stock,I,4,0001209191-17-036040,,https://www.sec.gov/Archives/edgar/data/944809/000120919117036040/doc4.xml
OPK,944809,Phillip Frost,898860,2017-05-26,2017-05-25,P,open-market purchase,26000,165785.92,6.3764,0.0140,26000,185887656,0,unknown,,7,0,Common Stock,I,4,0001209191-17-035658,,https://www.sec.gov/Archives/edgar/data/944809/000120919117035658/doc4.xml
OPK,944809,Phillip Frost,898860,2017-05-25,2017-05-24,P,open-market purchase,42200,270958.61,6.4208,0.0227,42200,185861656,0,unknown,,15,0,Common Stock,I,4,0001209191-17-035188,,https://www.sec.gov/Archives/edgar/data/944809/000120919117035188/doc4.xml
OPK,944809,Phillip Frost,898860,2017-05-23,2017-05-22,P,open-market purchase,120000,772173.74,6.4348,0.0646,120000,185819456,0,unknown,,20,0,Common Stock,I,4,0001209191-17-034540,,https://www.sec.gov/Archives/edgar/data/944809/000120919117034540/doc4.xml
OPK,944809,Phillip Frost,898860,2017-05-22,2017-05-19,P,open-market purchase,9200,60684.62,6.5962,0.0050,9200,185699456,0,unknown,,3,0,Common Stock,I,4,0001209191-17-034085,,https://www.sec.gov/Archives/edgar/data/944809/000120919117034085/doc4.xml
OPK,944809,Phillip Frost,898860,2017-05-19,2017-05-18,P,open-market purchase,20000,131807.50,6.5904,0.0108,20000,185690256,0,unknown,,8,0,Common Stock,I,4,0001209191-17-033773,,https://www.sec.gov/Archives/edgar/data/944809/000120919117033773/doc4.xml
OPK,944809,Phillip Frost,898860,2017-05-18,2017-05-17,P,open-market purchase,70800,463255.77,6.5432,0.0381,70800,185670256,0,unknown,,17,0,Common Stock,I,4,0001209191-17-033468,,https://www.sec.gov/Archives/edgar/data/944809/000120919117033468/doc4.xml
OPK,944809,Phillip Frost,898860,2017-05-17,2017-05-16,P,open-market purchase,27800,183634.00,6.6055,0.0150,27800,185599456,0,unknown,,14,0,Common Stock,I,4,0001209191-17-032915,,https://www.sec.gov/Archives/edgar/data/944809/000120919117032915/doc4.xml
OPK,944809,Phillip Frost,898860,2017-05-11,2017-05-10,P,open-market purchase,1125000,7829775.00,6.9598,0.6099,1125000,185571656,0,unknown,,1,0,Common Stock,I,4,0001209191-17-031424,,https://www.sec.gov/Archives/edgar/data/944809/000120919117031424/doc4.xml
OPK,944809,Phillip Frost,898860,2017-05-09,2017-05-08,P,open-market purchase,100000,722248.00,7.2225,0.0542,100000,184446656,0,unknown,,16,0,Common Stock,I,4,0001209191-17-030755,,https://www.sec.gov/Archives/edgar/data/944809/000120919117030755/doc4.xml
OPK,944809,Phillip Frost,898860,2017-05-08,2017-05-05,P,open-market purchase,10000,75234.00,7.5234,0.0054,10000,184346656,0,unknown,,8,0,Common Stock,I,4,0001209191-17-030474,,https://www.sec.gov/Archives/edgar/data/944809/000120919117030474/doc4.xml
OPK,944809,Phillip Frost,898860,2017-05-05,2017-05-04,P,open-market purchase,11800,88592.29,7.5078,0.0064,11800,184336656,0,unknown,,13,0,Common Stock,I,4,0001209191-17-030172,,https://www.sec.gov/Archives/edgar/data/944809/000120919117030172/doc4.xml
OPK,944809,Phillip Frost,898860,2017-05-04,2017-05-03,P,open-market purchase,11000,82784.00,7.5258,0.0060,11000,184324856,0,unknown,,7,0,Common Stock,I,4,0001209191-17-029857,,https://www.sec.gov/Archives/edgar/data/944809/000120919117029857/doc4.xml
OPK,944809,Phillip Frost,898860,2017-05-02,2017-05-02,P,open-market purchase,15000,113759.50,7.5840,0.0081,15000,184313856,0,unknown,,10,0,Common Stock,I,4,0001209191-17-029389,,https://www.sec.gov/Archives/edgar/data/944809/000120919117029389/doc4.xml
OPK,944809,Phillip Frost,898860,2017-05-02,2017-05-01,P,open-market purchase,4700,36104.00,7.6817,0.0026,4700,184298856,0,unknown,,6,0,Common Stock,I,4,0001209191-17-029064,,https://www.sec.gov/Archives/edgar/data/944809/000120919117029064/doc4.xml
OPK,944809,Phillip Frost,898860,2017-05-01,2017-04-28,P,open-market purchase,9000,70010.00,7.7789,0.0049,9000,184294156,0,unknown,,5,0,Common Stock,I,4,0001209191-17-028831,,https://www.sec.gov/Archives/edgar/data/944809/000120919117028831/doc4.xml
OPK,944809,Phillip Frost,898860,2017-04-28,2017-04-27,P,open-market purchase,22500,175786.80,7.8127,0.0122,22500,184285156,0,unknown,,11,0,Common Stock,I,4,0001209191-17-028535,,https://www.sec.gov/Archives/edgar/data/944809/000120919117028535/doc4.xml
OPK,944809,Phillip Frost,898860,2017-04-27,2017-04-26,P,open-market purchase,5000,39196.00,7.8392,0.0027,5000,184262656,0,unknown,,2,0,Common Stock,I,4,0001209191-17-028282,,https://www.sec.gov/Archives/edgar/data/944809/000120919117028282/doc4.xml
OPK,944809,Phillip Frost,898860,2017-04-24,2017-04-21,P,open-market purchase,19000,142196.50,7.4840,0.0103,19000,184257656,0,unknown,,13,0,Common Stock,I,4,0001209191-17-027930,,https://www.sec.gov/Archives/edgar/data/944809/000120919117027930/doc4.xml
OPK,944809,Phillip Frost,898860,2017-04-20,2017-04-19,P,open-market purchase,15000,112290.50,7.4860,0.0081,15000,184238656,0,unknown,,11,0,Common Stock,I,4,0001209191-17-027621,,https://www.sec.gov/Archives/edgar/data/944809/000120919117027621/doc4.xml
OPK,944809,Phillip Frost,898860,2017-04-19,2017-04-18,P,open-market purchase,27800,201790.08,7.2586,0.0151,27800,184223656,0,unknown,,16,0,Common Stock,I,4,0001209191-17-027397,,https://www.sec.gov/Archives/edgar/data/944809/000120919117027397/doc4.xml
OPK,944809,Phillip Frost,898860,2017-04-18,2017-04-17,P,open-market purchase,13600,101676.00,7.4762,0.0074,13600,184195856,0,unknown,,12,0,Common Stock,I,4,0001209191-17-027187,,https://www.sec.gov/Archives/edgar/data/944809/000120919117027187/doc4.xml
OPK,944809,Phillip Frost,898860,2017-04-14,2017-04-13,P,open-market purchase,30800,233400.17,7.5779,0.0167,30800,184182256,0,unknown,,15,0,Common Stock,I,4,0001209191-17-026953,,https://www.sec.gov/Archives/edgar/data/944809/000120919117026953/doc4.xml
OPK,944809,Phillip Frost,898860,2017-04-12,2017-04-11,P,open-market purchase,18000,134908.50,7.4949,0.0098,18000,184151456,0,unknown,,8,0,Common Stock,I,4,0001209191-17-026623,,https://www.sec.gov/Archives/edgar/data/944809/000120919117026623/doc4.xml
OPK,944809,Phillip Frost,898860,2017-04-11,2017-04-10,P,open-market purchase,33000,250841.52,7.6013,0.0179,33000,184133456,0,unknown,,13,0,Common Stock,I,4,0001209191-17-026472,,https://www.sec.gov/Archives/edgar/data/944809/000120919117026472/doc4.xml
OPK,944809,Phillip Frost,898860,2017-04-10,2017-04-07,P,open-market purchase,28000,212220.00,7.5793,0.0152,28000,184100456,0,unknown,,20,0,Common Stock,I,4,0001209191-17-026369,,https://www.sec.gov/Archives/edgar/data/944809/000120919117026369/doc4.xml
OPK,944809,Phillip Frost,898860,2017-04-07,2017-04-06,P,open-market purchase,28600,216881.00,7.5833,0.0155,28600,184072456,0,unknown,,11,0,Common Stock,I,4,0001209191-17-026181,,https://www.sec.gov/Archives/edgar/data/944809/000120919117026181/doc4.xml
OPK,944809,Phillip Frost,898860,2017-04-06,2017-04-05,P,open-market purchase,44500,342042.00,7.6863,0.0242,44500,184043856,0,unknown,,22,0,Common Stock,I,4,0001209191-17-025881,,https://www.sec.gov/Archives/edgar/data/944809/000120919117025881/doc4.xml
OPK,944809,Phillip Frost,898860,2017-04-05,2017-04-04,P,open-market purchase,7400,56942.52,7.6949,0.0040,7400,183999356,0,unknown,,5,0,Common Stock,I,4,0001209191-17-025442,,https://www.sec.gov/Archives/edgar/data/944809/000120919117025442/doc4.xml
OPK,944809,Phillip Frost,898860,2017-04-04,2017-04-03,P,open-market purchase,21600,168908.30,7.8198,0.0117,21600,183991956,0,unknown,,14,0,Common Stock,I,4,0001209191-17-024352,,https://www.sec.gov/Archives/edgar/data/944809/000120919117024352/doc4.xml
OPK,944809,Phillip Frost,898860,2017-04-03,2017-03-31,P,open-market purchase,1800,14400.00,8.0000,0.0010,1800,183970356,0,unknown,,1,0,Common Stock,I,4,0001209191-17-023977,,https://www.sec.gov/Archives/edgar/data/944809/000120919117023977/doc4.xml
OPK,944809,Phillip Frost,898860,2017-03-31,2017-03-30,P,open-market purchase,10600,85042.66,8.0229,0.0058,10600,183968556,0,unknown,,11,0,Common Stock,I,4,0001209191-17-023778,,https://www.sec.gov/Archives/edgar/data/944809/000120919117023778/doc4.xml
OPK,944809,Phillip Frost,898860,2017-03-30,2017-03-29,P,open-market purchase,9200,74847.00,8.1355,0.0050,9200,183957956,0,unknown,,9,0,Common Stock,I,4,0001209191-17-023637,,https://www.sec.gov/Archives/edgar/data/944809/000120919117023637/doc4.xml
OPK,944809,Phillip Frost,898860,2017-03-29,2017-03-28,P,open-market purchase,3600,28895.00,8.0264,0.0020,3600,183948756,0,unknown,,2,0,Common Stock,I,4,0001209191-17-023225,,https://www.sec.gov/Archives/edgar/data/944809/000120919117023225/doc4.xml
OPK,944809,Phillip Frost,898860,2017-03-27,2017-03-24,P,open-market purchase,3600,27916.50,7.7546,0.0020,3600,183945156,0,unknown,,4,0,Common Stock,I,4,0001209191-17-022876,,https://www.sec.gov/Archives/edgar/data/944809/000120919117022876/doc4.xml
OPK,944809,Phillip Frost,898860,2017-03-24,2017-03-23,P,open-market purchase,12200,94023.50,7.7068,0.0066,12200,183941556,0,unknown,,6,0,Common Stock,I,4,0001209191-17-022692,,https://www.sec.gov/Archives/edgar/data/944809/000120919117022692/doc4.xml
OPK,944809,Phillip Frost,898860,2017-03-22,2017-03-21,P,open-market purchase,5800,45531.15,7.8502,0.0032,5800,183929356,0,unknown,,6,0,Common Stock,I,4,0001209191-17-022174,,https://www.sec.gov/Archives/edgar/data/944809/000120919117022174/doc4.xml
OPK,944809,Phillip Frost,898860,2017-03-21,2017-03-20,P,open-market purchase,11000,87924.00,7.9931,0.0060,11000,183923556,0,unknown,,8,0,Common Stock,I,4,0001209191-17-021893,,https://www.sec.gov/Archives/edgar/data/944809/000120919117021893/doc4.xml
OPK,944809,Phillip Frost,898860,2017-03-20,2017-03-17,P,open-market purchase,9000,73710.00,8.1900,0.0049,9000,183912556,0,unknown,,5,0,Common Stock,I,4,0001209191-17-021586,,https://www.sec.gov/Archives/edgar/data/944809/000120919117021586/doc4.xml
OPK,944809,Phillip Frost,898860,2017-03-16,2017-03-15,P,open-market purchase,1800,14453.50,8.0297,0.0010,1800,183903556,0,unknown,,2,0,Common Stock,I,4,0001209191-17-020957,,https://www.sec.gov/Archives/edgar/data/944809/000120919117020957/doc4.xml
OPK,944809,Phillip Frost,898860,2017-03-13,2017-03-10,P,open-market purchase,1800,14345.00,7.9694,0.0010,1800,183901756,0,unknown,,2,0,Common Stock,I,4,0001209191-17-020018,,https://www.sec.gov/Archives/edgar/data/944809/000120919117020018/doc4.xml
OPK,944809,Phillip Frost,898860,2017-03-10,2017-03-09,P,open-market purchase,3600,28208.80,7.8358,0.0020,3600,183899956,0,unknown,,6,0,Common Stock,I,4,0001209191-17-019741,,https://www.sec.gov/Archives/edgar/data/944809/000120919117019741/doc4.xml
OPK,944809,Phillip Frost,898860,2017-03-09,2017-03-08,P,open-market purchase,1800,14256.00,7.9200,0.0010,1800,183896356,0,unknown,,1,0,Common Stock,I,4,0001209191-17-019480,,https://www.sec.gov/Archives/edgar/data/944809/000120919117019480/doc4.xml
OPK,944809,Phillip Frost,898860,2017-03-06,2017-03-03,P,open-market purchase,8600,63894.50,7.4296,0.0047,8600,183894556,0,unknown,,6,0,Common Stock,I,4,0001209191-17-018116,,https://www.sec.gov/Archives/edgar/data/944809/000120919117018116/doc4.xml
OPK,944809,Phillip Frost,898860,2017-03-03,2017-03-02,P,open-market purchase,94800,713787.12,7.5294,0.0516,94800,183885956,0,unknown,,1,0,Common Stock,I,4,0001209191-17-017028,,https://www.sec.gov/Archives/edgar/data/944809/000120919117017028/doc4.xml
OPK,944809,Phillip Frost,898860,2017-02-27,2017-02-24,P,open-market purchase,3600,30436.00,8.4544,0.0020,3600,183791156,0,unknown,,3,0,Common Stock,I,4,0001209191-17-014563,,https://www.sec.gov/Archives/edgar/data/944809/000120919117014563/doc4.xml
OPK,944809,Phillip Frost,898860,2017-02-24,2017-02-23,P,open-market purchase,1800,15101.50,8.3897,0.0010,1800,183787556,0,unknown,,2,0,Common Stock,I,4,0001209191-17-014115,,https://www.sec.gov/Archives/edgar/data/944809/000120919117014115/doc4.xml
OPK,944809,Phillip Frost,898860,2017-02-23,2017-02-22,P,open-market purchase,1800,15371.00,8.5394,0.0010,1800,183785756,0,unknown,,2,0,Common Stock,I,4,0001209191-17-013576,,https://www.sec.gov/Archives/edgar/data/944809/000120919117013576/doc4.xml
OPK,944809,Phillip Frost,898860,2017-02-22,2017-02-21,P,open-market purchase,3600,31680.00,8.8000,0.0020,3600,183783956,0,unknown,,2,0,Common Stock,I,4,0001209191-17-013007,,https://www.sec.gov/Archives/edgar/data/944809/000120919117013007/doc4.xml
OPK,944809,Phillip Frost,898860,2017-02-21,2017-02-17,P,open-market purchase,1800,15836.00,8.7978,0.0010,1800,183780356,0,unknown,,3,0,Common Stock,I,4,0001209191-17-012423,,https://www.sec.gov/Archives/edgar/data/944809/000120919117012423/doc4.xml
OPK,944809,Phillip Frost,898860,2017-02-17,2017-02-16,P,open-market purchase,1800,15570.00,8.6500,0.0010,1800,183778556,0,unknown,,1,0,Common Stock,I,4,0001209191-17-011788,,https://www.sec.gov/Archives/edgar/data/944809/000120919117011788/doc4.xml
OPK,944809,Phillip Frost,898860,2017-02-16,2017-02-15,P,open-market purchase,1800,15228.00,8.4600,0.0010,1800,183776756,0,unknown,,1,0,Common Stock,I,4,0001209191-17-011318,,https://www.sec.gov/Archives/edgar/data/944809/000120919117011318/doc4.xml
OPK,944809,Phillip Frost,898860,2017-02-15,2017-02-14,P,open-market purchase,1800,15138.00,8.4100,0.0010,1800,183774956,0,unknown,,1,0,Common Stock,I,4,0001209191-17-010927,,https://www.sec.gov/Archives/edgar/data/944809/000120919117010927/doc4.xml
OPK,944809,Phillip Frost,898860,2017-02-14,2017-02-13,P,open-market purchase,1800,15046.00,8.3589,0.0010,1800,183773156,0,unknown,,2,0,Common Stock,I,4,0001209191-17-010260,,https://www.sec.gov/Archives/edgar/data/944809/000120919117010260/doc4.xml
OPK,944809,Phillip Frost,898860,2017-02-13,2017-02-10,P,open-market purchase,1800,14655.86,8.1421,0.0010,1800,183771356,0,unknown,,2,0,Common Stock,I,4,0001209191-17-009820,,https://www.sec.gov/Archives/edgar/data/944809/000120919117009820/doc4.xml
OPK,944809,Phillip Frost,898860,2017-02-10,2017-02-09,P,open-market purchase,10000,80696.00,8.0696,0.0054,10000,183769556,0,unknown,,10,0,Common Stock,I,4,0001209191-17-009336,,https://www.sec.gov/Archives/edgar/data/944809/000120919117009336/doc4.xml
OPK,944809,Phillip Frost,898860,2017-02-09,2017-02-08,P,open-market purchase,15600,126890.50,8.1340,0.0085,15600,183759556,0,unknown,,10,0,Common Stock,I,4,0001209191-17-008959,,https://www.sec.gov/Archives/edgar/data/944809/000120919117008959/doc4.xml
OPK,944809,Phillip Frost,898860,2017-02-08,2017-02-07,P,open-market purchase,5400,44670.50,8.2723,0.0029,5400,183743956,0,unknown,,4,0,Common Stock,I,4,0001209191-17-008503,,https://www.sec.gov/Archives/edgar/data/944809/000120919117008503/doc4.xml
OPK,944809,Phillip Frost,898860,2017-02-07,2017-02-06,P,open-market purchase,20600,171435.04,8.3221,0.0112,20600,183738556,0,unknown,,22,0,Common Stock,I,4,0001209191-17-008209,,https://www.sec.gov/Archives/edgar/data/944809/000120919117008209/doc4.xml
OPK,944809,Phillip Frost,898860,2017-02-03,2017-02-02,P,open-market purchase,6000,51155.50,8.5259,0.0033,6000,183717956,0,unknown,,4,0,Common Stock,I,4,0001209191-17-007351,,https://www.sec.gov/Archives/edgar/data/944809/000120919117007351/doc4.xml
OPK,944809,Phillip Frost,898860,2017-02-02,2017-02-01,P,open-market purchase,9000,77341.00,8.5934,0.0049,9000,183711956,0,unknown,,6,0,Common Stock,I,4,0001209191-17-006899,,https://www.sec.gov/Archives/edgar/data/944809/000120919117006899/doc4.xml
OPK,944809,Phillip Frost,898860,2017-02-01,2017-01-31,P,open-market purchase,12000,103179.00,8.5983,0.0065,12000,183702956,0,unknown,,9,0,Common Stock,I,4,0001209191-17-006531,,https://www.sec.gov/Archives/edgar/data/944809/000120919117006531/doc4.xml
OPK,944809,Phillip Frost,898860,2017-01-31,2017-01-30,P,open-market purchase,10000,84860.00,8.4860,0.0054,10000,183690956,0,unknown,,8,0,Common Stock,I,4,0001209191-17-006268,,https://www.sec.gov/Archives/edgar/data/944809/000120919117006268/doc4.xml
OPK,944809,Phillip Frost,898860,2017-01-30,2017-01-27,P,open-market purchase,12000,103984.25,8.6654,0.0065,12000,183680956,0,unknown,,8,0,Common Stock,I,4,0001209191-17-006063,,https://www.sec.gov/Archives/edgar/data/944809/000120919117006063/doc4.xml
OPK,944809,Phillip Frost,898860,2017-01-26,2017-01-25,P,open-market purchase,10000,85506.65,8.5507,0.0054,10000,183668956,0,unknown,,9,0,Common Stock,I,4,0001209191-17-005640,,https://www.sec.gov/Archives/edgar/data/944809/000120919117005640/doc4.xml
OPK,944809,Phillip Frost,898860,2017-01-25,2017-01-24,P,open-market purchase,10000,84571.88,8.4572,0.0054,10000,183658956,0,unknown,,6,0,Common Stock,I,4,0001209191-17-005435,,https://www.sec.gov/Archives/edgar/data/944809/000120919117005435/doc4.xml
OPK,944809,Phillip Frost,898860,2017-01-24,2017-01-23,P,open-market purchase,12000,101778.50,8.4815,0.0065,12000,183648956,0,unknown,,10,0,Common Stock,I,4,0001209191-17-005216,,https://www.sec.gov/Archives/edgar/data/944809/000120919117005216/doc4.xml
OPK,944809,Phillip Frost,898860,2017-01-23,2017-01-20,P,open-market purchase,8600,74977.50,8.7183,0.0047,8600,183636956,0,unknown,,4,0,Common Stock,I,4,0001209191-17-005003,,https://www.sec.gov/Archives/edgar/data/944809/000120919117005003/doc4.xml
OPK,944809,Phillip Frost,898860,2017-01-20,2017-01-19,P,open-market purchase,20000,175038.19,8.7519,0.0109,20000,183628356,0,unknown,,8,0,Common Stock,I,4,0001209191-17-004710,,https://www.sec.gov/Archives/edgar/data/944809/000120919117004710/doc4.xml
OPK,944809,Phillip Frost,898860,2017-01-19,2017-01-18,P,open-market purchase,10700,94860.23,8.8654,0.0058,10700,183608356,0,unknown,,8,0,Common Stock,I,4,0001209191-17-004341,,https://www.sec.gov/Archives/edgar/data/944809/000120919117004341/doc4.xml
OPK,944809,Phillip Frost,898860,2017-01-17,2017-01-13,P,open-market purchase,15000,137225.00,9.1483,0.0082,15000,183597656,0,unknown,,4,0,Common Stock,I,4,0001209191-17-003763,,https://www.sec.gov/Archives/edgar/data/944809/000120919117003763/doc4.xml
OPK,944809,Phillip Frost,898860,2017-01-04,2017-01-03,P,open-market purchase,20000,180794.50,9.0397,0.0109,20000,183582656,0,unknown,,2,0,Common Stock,I,4,0001209191-17-000496,,https://www.sec.gov/Archives/edgar/data/944809/000120919117000496/doc4.xml
OPK,944809,Phillip Frost,898860,2017-01-03,2016-12-30,P,open-market purchase,25000,235515.28,9.4206,0.0136,25000,183562656,0,unknown,,11,0,Common Stock,I,4,0001209191-17-000001,,https://www.sec.gov/Archives/edgar/data/944809/000120919117000001/doc4.xml
OPK,944809,Phillip Frost,898860,2016-12-05,2016-12-02,P,open-market purchase,1000,10488.00,10.4880,0.0005,1000,183537656,0,unknown,,4,0,Common Stock,I,4,0001209191-16-153190,,https://www.sec.gov/Archives/edgar/data/944809/000120919116153190/doc4.xml
OPK,944809,Phillip Frost,898860,2016-12-02,2016-12-01,P,open-market purchase,3800,39035.00,10.2724,0.0021,3800,183536656,0,unknown,,4,0,Common Stock,I,4,0001209191-16-152817,,https://www.sec.gov/Archives/edgar/data/944809/000120919116152817/doc4.xml
OPK,944809,Phillip Frost,898860,2016-12-01,2016-11-30,P,open-market purchase,1800,18720.00,10.4000,0.0010,1800,183532856,0,unknown,,1,0,Common Stock,I,4,0001209191-16-152570,,https://www.sec.gov/Archives/edgar/data/944809/000120919116152570/doc4.xml
OPK,944809,Phillip Frost,898860,2016-11-29,2016-11-28,P,open-market purchase,5600,59411.21,10.6091,0.0031,5600,183531056,0,unknown,,7,0,Common Stock,I,4,0001209191-16-152245,,https://www.sec.gov/Archives/edgar/data/944809/000120919116152245/doc4.xml
OPK,944809,Phillip Frost,898860,2016-11-25,2016-11-23,P,open-market purchase,4300,43387.00,10.0900,0.0023,4300,183525456,0,unknown,,1,0,Common Stock,I,4,0001209191-16-152011,,https://www.sec.gov/Archives/edgar/data/944809/000120919116152011/doc4.xml
OPK,944809,Phillip Frost,898860,2016-11-23,2016-11-22,P,open-market purchase,5400,55523.00,10.2820,0.0029,5400,183521156,0,unknown,,5,0,Common Stock,I,4,0001209191-16-151822,,https://www.sec.gov/Archives/edgar/data/944809/000120919116151822/doc4.xml
OPK,944809,Phillip Frost,898860,2016-11-22,2016-11-21,P,open-market purchase,3600,37468.00,10.4078,0.0020,3600,183515756,0,unknown,,2,0,Common Stock,I,4,0001209191-16-151529,,https://www.sec.gov/Archives/edgar/data/944809/000120919116151529/doc4.xml
OPK,944809,Phillip Frost,898860,2016-11-21,2016-11-18,P,open-market purchase,1800,18692.00,10.3844,0.0010,1800,183512156,0,unknown,,2,0,Common Stock,I,4,0001209191-16-151324,,https://www.sec.gov/Archives/edgar/data/944809/000120919116151324/doc4.xml
OPK,944809,Phillip Frost,898860,2016-11-17,2016-11-16,P,open-market purchase,4300,43564.63,10.1313,0.0023,4300,183510356,0,unknown,,4,0,Common Stock,I,4,0001209191-16-150742,,https://www.sec.gov/Archives/edgar/data/944809/000120919116150742/doc4.xml
OPK,944809,Phillip Frost,898860,2016-11-14,2016-11-11,P,open-market purchase,1800,16632.00,9.2400,0.0010,14600,183506056,,unknown,,1,0,Common Stock,I,4,0001209191-16-149523,,https://www.sec.gov/Archives/edgar/data/944809/000120919116149523/doc4.xml
OPK,944809,Phillip Frost,898860,2016-11-14,2016-11-10,P,open-market purchase,12800,121511.04,9.4931,0.0070,14600,183506056,0,unknown,,11,0,Common Stock,I,4,0001209191-16-149523,,https://www.sec.gov/Archives/edgar/data/944809/000120919116149523/doc4.xml
OPK,944809,Phillip Frost,898860,2016-11-10,2016-11-09,P,open-market purchase,5400,50382.00,9.3300,0.0029,5400,183491456,0,unknown,,3,0,Common Stock,I,4,0001209191-16-149215,,https://www.sec.gov/Archives/edgar/data/944809/000120919116149215/doc4.xml
OPK,944809,Phillip Frost,898860,2016-11-09,2016-11-08,P,open-market purchase,23100,213054.43,9.2231,0.0126,23100,183486056,0,unknown,,12,0,Common Stock,I,4,0001209191-16-148959,,https://www.sec.gov/Archives/edgar/data/944809/000120919116148959/doc4.xml
OPK,944809,Phillip Frost,898860,2016-11-03,2016-11-02,P,open-market purchase,10000,94845.00,9.4845,0.0055,10000,183462956,0,unknown,,8,0,Common Stock,I,4,0001209191-16-148049,,https://www.sec.gov/Archives/edgar/data/944809/000120919116148049/doc4.xml
OPK,944809,Phillip Frost,898860,2016-11-02,2016-11-01,P,open-market purchase,10000,94878.00,9.4878,0.0055,10000,183452956,0,unknown,,6,0,Common Stock,I,4,0001209191-16-147750,,https://www.sec.gov/Archives/edgar/data/944809/000120919116147750/doc4.xml
OPK,944809,Phillip Frost,898860,2016-11-01,2016-10-31,P,open-market purchase,11800,111279.00,9.4304,0.0064,11800,183442956,0,unknown,,6,0,Common Stock,I,4,0001209191-16-147551,,https://www.sec.gov/Archives/edgar/data/944809/000120919116147551/doc4.xml
OPK,944809,Phillip Frost,898860,2016-10-31,2016-10-28,P,open-market purchase,10000,94566.00,9.4566,0.0055,10000,183431156,0,unknown,,5,0,Common Stock,I,4,0001209191-16-147364,,https://www.sec.gov/Archives/edgar/data/944809/000120919116147364/doc4.xml
OPK,944809,Phillip Frost,898860,2016-10-28,2016-10-27,P,open-market purchase,10000,93568.00,9.3568,0.0055,10000,183421156,0,unknown,,7,0,Common Stock,I,4,0001209191-16-147219,,https://www.sec.gov/Archives/edgar/data/944809/000120919116147219/doc4.xml
OPK,944809,Phillip Frost,898860,2016-10-27,2016-10-26,P,open-market purchase,5600,51939.50,9.2749,0.0031,5600,183411156,0,unknown,,4,0,Common Stock,I,4,0001209191-16-147052,,https://www.sec.gov/Archives/edgar/data/944809/000120919116147052/doc4.xml
OPK,944809,Phillip Frost,898860,2016-10-26,2016-10-25,P,open-market purchase,3600,33750.00,9.3750,0.0020,3600,183405556,0,unknown,,2,0,Common Stock,I,4,0001209191-16-146932,,https://www.sec.gov/Archives/edgar/data/944809/000120919116146932/doc4.xml
OPK,944809,Phillip Frost,898860,2016-10-25,2016-10-24,P,open-market purchase,1800,17091.00,9.4950,0.0010,1800,183401956,0,unknown,,3,0,Common Stock,I,4,0001209191-16-146805,,https://www.sec.gov/Archives/edgar/data/944809/000120919116146805/doc4.xml
OPK,944809,Phillip Frost,898860,2016-10-24,2016-10-21,P,open-market purchase,1800,16884.00,9.3800,0.0010,1800,183400156,0,unknown,,1,0,Common Stock,I,4,0001209191-16-146668,,https://www.sec.gov/Archives/edgar/data/944809/000120919116146668/doc4.xml
OPK,944809,Phillip Frost,898860,2016-10-21,2016-10-20,P,open-market purchase,2700,24988.50,9.2550,0.0015,2700,183398356,0,unknown,,4,0,Common Stock,I,4,0001209191-16-146535,,https://www.sec.gov/Archives/edgar/data/944809/000120919116146535/doc4.xml
OPK,944809,Phillip Frost,898860,2016-10-20,2016-10-19,P,open-market purchase,14700,136131.40,9.2606,0.0080,14700,183395656,0,unknown,,11,0,Common Stock,I,4,0001209191-16-146425,,https://www.sec.gov/Archives/edgar/data/944809/000120919116146425/doc4.xml
OPK,944809,Phillip Frost,898860,2016-10-19,2016-10-18,P,open-market purchase,1800,16722.00,9.2900,0.0010,1800,183380956,0,unknown,,1,0,Common Stock,I,4,0001209191-16-146258,,https://www.sec.gov/Archives/edgar/data/944809/000120919116146258/doc4.xml
OPK,944809,Phillip Frost,898860,2016-10-18,2016-10-17,P,open-market purchase,3600,33641.50,9.3449,0.0020,3600,183379156,0,unknown,,3,0,Common Stock,I,4,0001209191-16-146112,,https://www.sec.gov/Archives/edgar/data/944809/000120919116146112/doc4.xml
OPK,944809,Phillip Frost,898860,2016-10-17,2016-10-14,P,open-market purchase,1800,17064.00,9.4800,0.0010,1800,183375556,0,unknown,,1,0,Common Stock,I,4,0001209191-16-145984,,https://www.sec.gov/Archives/edgar/data/944809/000120919116145984/doc4.xml
OPK,944809,Phillip Frost,898860,2016-10-14,2016-10-13,P,open-market purchase,5400,51431.50,9.5244,0.0029,5400,183373756,0,unknown,,5,0,Common Stock,I,4,0001209191-16-145848,,https://www.sec.gov/Archives/edgar/data/944809/000120919116145848/doc4.xml
OPK,944809,Phillip Frost,898860,2016-10-12,2016-10-11,P,open-market purchase,7200,70431.50,9.7822,0.0039,7200,183368356,0,unknown,,5,0,Common Stock,I,4,0001209191-16-145660,,https://www.sec.gov/Archives/edgar/data/944809/000120919116145660/doc4.xml
OPK,944809,Phillip Frost,898860,2016-10-11,2016-10-10,P,open-market purchase,7200,71319.42,9.9055,0.0039,24800,183361156,,unknown,,8,0,Common Stock,I,4,0001209191-16-145489,,https://www.sec.gov/Archives/edgar/data/944809/000120919116145489/doc4.xml
OPK,944809,Phillip Frost,898860,2016-10-11,2016-10-07,P,open-market purchase,17600,172277.10,9.7885,0.0096,24800,183361156,0,unknown,,11,0,Common Stock,I,4,0001209191-16-145489,,https://www.sec.gov/Archives/edgar/data/944809/000120919116145489/doc4.xml
OPK,944809,Phillip Frost,898860,2016-10-07,2016-10-06,P,open-market purchase,4200,44241.75,10.5337,0.0023,4200,183336356,0,unknown,,3,0,Common Stock,I,4,0001209191-16-145317,,https://www.sec.gov/Archives/edgar/data/944809/000120919116145317/doc4.xml
OPK,944809,Phillip Frost,898860,2016-10-05,2016-10-04,P,open-market purchase,3600,38056.00,10.5711,0.0020,3600,183332156,0,unknown,,5,0,Common Stock,I,4,0001209191-16-144747,,https://www.sec.gov/Archives/edgar/data/944809/000120919116144747/doc4.xml
OPK,944809,Phillip Frost,898860,2016-10-03,2016-09-30,P,open-market purchase,1800,18971.50,10.5397,0.0010,1800,183328556,0,unknown,,2,0,Common Stock,I,4,0001209191-16-143453,,https://www.sec.gov/Archives/edgar/data/944809/000120919116143453/doc4.xml
OPK,944809,Phillip Frost,898860,2016-09-30,2016-09-29,P,open-market purchase,3600,38418.14,10.6717,0.0020,3600,183326756,0,unknown,,3,0,Common Stock,I,4,0001209191-16-143204,,https://www.sec.gov/Archives/edgar/data/944809/000120919116143204/doc4.xml
OPK,944809,Phillip Frost,898860,2016-09-29,2016-09-28,P,open-market purchase,5400,59448.00,11.0089,0.0029,5400,183323156,0,unknown,,5,0,Common Stock,I,4,0001209191-16-143098,,https://www.sec.gov/Archives/edgar/data/944809/000120919116143098/doc4.xml
OPK,944809,Phillip Frost,898860,2016-09-28,2016-09-27,P,open-market purchase,1800,20086.00,11.1589,0.0010,1800,183317756,0,unknown,,2,0,Common Stock,I,4,0001209191-16-142968,,https://www.sec.gov/Archives/edgar/data/944809/000120919116142968/doc4.xml
OPK,944809,Phillip Frost,898860,2016-09-27,2016-09-26,P,open-market purchase,1800,19880.00,11.0444,0.0010,1800,183315956,0,unknown,,2,0,Common Stock,I,4,0001209191-16-142856,,https://www.sec.gov/Archives/edgar/data/944809/000120919116142856/doc4.xml
OPK,944809,Phillip Frost,898860,2016-09-26,2016-09-23,P,open-market purchase,1800,19709.50,10.9497,0.0010,1800,183314156,0,unknown,,3,0,Common Stock,I,4,0001209191-16-142726,,https://www.sec.gov/Archives/edgar/data/944809/000120919116142726/doc4.xml
OPK,944809,Phillip Frost,898860,2016-09-23,2016-09-22,P,open-market purchase,1800,19131.48,10.6286,0.0010,1800,183312356,0,unknown,,2,0,Common Stock,I,4,0001209191-16-142559,,https://www.sec.gov/Archives/edgar/data/944809/000120919116142559/doc4.xml
OPK,944809,Phillip Frost,898860,2016-09-22,2016-09-21,P,open-market purchase,1800,18828.00,10.4600,0.0010,1800,183310556,0,unknown,,1,0,Common Stock,I,4,0001209191-16-142360,,https://www.sec.gov/Archives/edgar/data/944809/000120919116142360/doc4.xml
OPK,944809,Phillip Frost,898860,2016-09-21,2016-09-20,P,open-market purchase,1800,18648.00,10.3600,0.0010,1800,183308756,0,unknown,,1,0,Common Stock,I,4,0001209191-16-142203,,https://www.sec.gov/Archives/edgar/data/944809/000120919116142203/doc4.xml
OPK,944809,Phillip Frost,898860,2016-09-20,2016-09-19,P,open-market purchase,1800,18324.00,10.1800,0.0010,1800,183306956,0,unknown,,1,0,Common Stock,I,4,0001209191-16-142095,,https://www.sec.gov/Archives/edgar/data/944809/000120919116142095/doc4.xml
OPK,944809,Phillip Frost,898860,2016-09-14,2016-09-13,P,open-market purchase,10000,99530.00,9.9530,0.0055,10000,183305156,0,unknown,,12,0,Common Stock,I,4,0001209191-16-141317,,https://www.sec.gov/Archives/edgar/data/944809/000120919116141317/doc4.xml
OPK,944809,Phillip Frost,898860,2016-09-13,2016-09-12,P,open-market purchase,10000,97868.50,9.7868,0.0055,10000,183295156,0,unknown,,8,0,Common Stock,I,4,0001209191-16-141004,,https://www.sec.gov/Archives/edgar/data/944809/000120919116141004/doc4.xml
OPK,944809,Phillip Frost,898860,2016-09-12,2016-09-09,P,open-market purchase,3600,35535.00,9.8708,0.0020,3600,183285156,0,unknown,,4,0,Common Stock,I,4,0001209191-16-140854,,https://www.sec.gov/Archives/edgar/data/944809/000120919116140854/doc4.xml
OPK,944809,Phillip Frost,898860,2016-09-06,2016-09-02,P,open-market purchase,10000,92800.00,9.2800,0.0055,10000,183281556,0,unknown,,8,0,Common Stock,I,4,0001209191-16-139955,,https://www.sec.gov/Archives/edgar/data/944809/000120919116139955/doc4.xml
OPK,944809,Phillip Frost,898860,2016-08-26,2016-08-25,P,open-market purchase,48400,438292.82,9.0556,0.0264,48400,183271556,0,unknown,,25,0,Common Stock,I,4,0001209191-16-138724,,https://www.sec.gov/Archives/edgar/data/944809/000120919116138724/doc4.xml
OPK,944809,Phillip Frost,898860,2016-08-25,2016-08-24,P,open-market purchase,15000,138585.50,9.2390,0.0082,15000,183223156,0,unknown,,12,0,Common Stock,I,4,0001209191-16-138562,,https://www.sec.gov/Archives/edgar/data/944809/000120919116138562/doc4.xml
OPK,944809,Phillip Frost,898860,2016-08-24,2016-08-23,P,open-market purchase,29000,276463.75,9.5332,0.0158,29000,183208156,0,unknown,,17,0,Common Stock,I,4,0001209191-16-138422,,https://www.sec.gov/Archives/edgar/data/944809/000120919116138422/doc4.xml
OPK,944809,Phillip Frost,898860,2016-08-23,2016-08-22,P,open-market purchase,11800,115214.10,9.7639,0.0064,11800,183179156,0,unknown,,6,0,Common Stock,I,4,0001209191-16-138230,,https://www.sec.gov/Archives/edgar/data/944809/000120919116138230/doc4.xml
OPK,944809,Phillip Frost,898860,2016-08-22,2016-08-19,P,open-market purchase,15000,147235.50,9.8157,0.0082,15000,183167356,0,unknown,,7,0,Common Stock,I,4,0001209191-16-138037,,https://www.sec.gov/Archives/edgar/data/944809/000120919116138037/doc4.xml
OPK,944809,Phillip Frost,898860,2016-08-19,2016-08-18,P,open-market purchase,10000,98717.00,9.8717,0.0055,10000,183152356,0,unknown,,11,0,Common Stock,I,4,0001209191-16-137865,,https://www.sec.gov/Archives/edgar/data/944809/000120919116137865/doc4.xml
OPK,944809,Phillip Frost,898860,2016-08-18,2016-08-17,P,open-market purchase,10000,98952.94,9.8953,0.0055,10000,183142356,0,unknown,,11,0,Common Stock,I,4,0001209191-16-137708,,https://www.sec.gov/Archives/edgar/data/944809/000120919116137708/doc4.xml
OPK,944809,Phillip Frost,898860,2016-08-17,2016-08-16,P,open-market purchase,10000,100182.60,10.0183,0.0055,10000,183132356,0,unknown,,4,0,Common Stock,I,4,0001209191-16-137403,,https://www.sec.gov/Archives/edgar/data/944809/000120919116137403/doc4.xml
OPK,944809,Phillip Frost,898860,2016-08-16,2016-08-15,P,open-market purchase,10000,100664.64,10.0665,0.0055,10000,183122356,0,unknown,,5,0,Common Stock,I,4,0001209191-16-137111,,https://www.sec.gov/Archives/edgar/data/944809/000120919116137111/doc4.xml
OPK,944809,Phillip Frost,898860,2016-08-11,2016-08-10,P,open-market purchase,10000,99762.93,9.9763,0.0055,10000,183112356,0,unknown,,7,0,Common Stock,I,4,0001209191-16-136481,,https://www.sec.gov/Archives/edgar/data/944809/000120919116136481/doc4.xml
OPK,944809,Phillip Frost,898860,2016-08-10,2016-08-09,P,open-market purchase,10000,102139.90,10.2140,0.0055,10000,183102356,0,unknown,,2,0,Common Stock,I,4,0001209191-16-136230,,https://www.sec.gov/Archives/edgar/data/944809/000120919116136230/doc4.xml
OPK,944809,Phillip Frost,898860,2016-08-03,2016-08-02,P,open-market purchase,10000,98801.50,9.8802,0.0055,10000,183092356,0,unknown,,6,0,Common Stock,I,4,0001209191-16-135087,,https://www.sec.gov/Archives/edgar/data/944809/000120919116135087/doc4.xml
OPK,944809,Phillip Frost,898860,2016-07-28,2016-07-27,P,open-market purchase,10000,99142.00,9.9142,0.0055,10000,183082356,0,unknown,,5,0,Common Stock,I,4,0001209191-16-134210,,https://www.sec.gov/Archives/edgar/data/944809/000120919116134210/doc4.xml
OPK,944809,Phillip Frost,898860,2016-07-14,2016-07-13,P,open-market purchase,15800,152452.50,9.6489,0.0086,15800,183072356,0,unknown,,10,0,Common Stock,I,4,0001209191-16-132652,,https://www.sec.gov/Archives/edgar/data/944809/000120919116132652/doc4.xml
OPK,944809,Phillip Frost,898860,2016-07-12,2016-07-11,P,open-market purchase,10000,98182.45,9.8182,0.0055,10000,183056556,0,unknown,,6,0,Common Stock,I,4,0001209191-16-132335,,https://www.sec.gov/Archives/edgar/data/944809/000120919116132335/doc4.xml
OPK,944809,Phillip Frost,898860,2016-07-01,2016-06-30,P,open-market purchase,18000,166844.02,9.2691,0.0098,18000,183046556,0,unknown,,9,0,Common Stock,I,4,0001209191-16-130348,,https://www.sec.gov/Archives/edgar/data/944809/000120919116130348/doc4.xml
OPK,944809,Phillip Frost,898860,2016-06-30,2016-06-29,P,open-market purchase,12800,118303.50,9.2425,0.0070,12800,183028556,0,unknown,,9,0,Common Stock,I,4,0001209191-16-130148,,https://www.sec.gov/Archives/edgar/data/944809/000120919116130148/doc4.xml
OPK,944809,Phillip Frost,898860,2016-06-28,2016-06-27,P,open-market purchase,21000,186383.50,8.8754,0.0115,21000,183015756,0,unknown,,16,0,Common Stock,I,4,0001209191-16-129793,,https://www.sec.gov/Archives/edgar/data/944809/000120919116129793/doc4.xml
OPK,944809,Phillip Frost,898860,2016-06-27,2016-06-24,P,open-market purchase,18000,169244.75,9.4025,0.0098,18000,182994756,0,unknown,,17,0,Common Stock,I,4,0001209191-16-129637,,https://www.sec.gov/Archives/edgar/data/944809/000120919116129637/doc4.xml
OPK,944809,Phillip Frost,898860,2016-06-23,2016-06-22,P,open-market purchase,18000,169581.00,9.4212,0.0098,18000,182976756,0,unknown,,8,0,Common Stock,I,4,0001209191-16-129305,,https://www.sec.gov/Archives/edgar/data/944809/000120919116129305/doc4.xml
OPK,944809,Phillip Frost,898860,2016-06-21,2016-06-20,P,open-market purchase,10000,91892.00,9.1892,0.0055,10000,182958756,0,unknown,,6,0,Common Stock,I,4,0001209191-16-128884,,https://www.sec.gov/Archives/edgar/data/944809/000120919116128884/doc4.xml
OPK,944809,Phillip Frost,898860,2016-06-20,2016-06-17,P,open-market purchase,18000,163230.50,9.0684,0.0098,18000,182948756,0,unknown,,9,0,Common Stock,I,4,0001209191-16-128745,,https://www.sec.gov/Archives/edgar/data/944809/000120919116128745/doc4.xml
OPK,944809,Phillip Frost,898860,2016-06-17,2016-06-16,P,open-market purchase,10000,92335.00,9.2335,0.0055,10000,182930756,0,unknown,,5,0,Common Stock,I,4,0001209191-16-128330,,https://www.sec.gov/Archives/edgar/data/944809/000120919116128330/doc4.xml
OPK,944809,Phillip Frost,898860,2016-06-15,2016-06-14,P,open-market purchase,16000,144176.50,9.0110,0.0087,16000,182920756,0,unknown,,12,0,Common Stock,I,4,0001209191-16-127876,,https://www.sec.gov/Archives/edgar/data/944809/000120919116127876/doc4.xml
OPK,944809,Phillip Frost,898860,2016-06-13,2016-06-10,P,open-market purchase,10000,93579.00,9.3579,0.0055,10000,182904756,0,unknown,,9,0,Common Stock,I,4,0001209191-16-127219,,https://www.sec.gov/Archives/edgar/data/944809/000120919116127219/doc4.xml
OPK,944809,Phillip Frost,898860,2016-06-10,2016-06-09,P,open-market purchase,5000,48676.70,9.7353,0.0027,5000,182894756,0,unknown,,3,0,Common Stock,I,4,0001209191-16-126940,,https://www.sec.gov/Archives/edgar/data/944809/000120919116126940/doc4.xml
OPK,944809,Phillip Frost,898860,2016-06-09,2016-06-08,P,open-market purchase,11200,109751.50,9.7992,0.0061,11200,182889756,0,unknown,,9,0,Common Stock,I,4,0001209191-16-126684,,https://www.sec.gov/Archives/edgar/data/944809/000120919116126684/doc4.xml
OPK,944809,Phillip Frost,898860,2016-06-08,2016-06-07,P,open-market purchase,5000,49498.50,9.8997,0.0027,5000,182878556,0,unknown,,2,0,Common Stock,I,4,0001209191-16-126380,,https://www.sec.gov/Archives/edgar/data/944809/000120919116126380/doc4.xml
OPK,944809,Phillip Frost,898860,2016-06-07,2016-06-06,P,open-market purchase,17800,177385.00,9.9654,0.0097,17800,182873556,0,unknown,,7,0,Common Stock,I,4,0001209191-16-126117,,https://www.sec.gov/Archives/edgar/data/944809/000120919116126117/doc4.xml
OPK,944809,Phillip Frost,898860,2016-06-06,2016-06-03,P,open-market purchase,18600,187362.25,10.0732,0.0102,18600,182855756,0,unknown,,15,0,Common Stock,I,4,0001209191-16-125866,,https://www.sec.gov/Archives/edgar/data/944809/000120919116125866/doc4.xml
OPK,944809,Phillip Frost,898860,2016-06-02,2016-06-01,P,open-market purchase,10800,113262.10,10.4872,0.0059,10800,182837156,0,unknown,,9,0,Common Stock,I,4,0001209191-16-124872,,https://www.sec.gov/Archives/edgar/data/944809/000120919116124872/doc4.xml
OPK,944809,Phillip Frost,898860,2016-05-31,2016-05-27,P,open-market purchase,20000,207013.88,10.3507,0.0109,20000,182826356,0,unknown,,13,0,Common Stock,I,4,0001209191-16-124190,,https://www.sec.gov/Archives/edgar/data/944809/000120919116124190/doc4.xml
OPK,944809,Phillip Frost,898860,2016-05-27,2016-05-26,P,open-market purchase,12000,125436.00,10.4530,0.0066,12000,182806356,0,unknown,,4,0,Common Stock,I,4,0001209191-16-123820,,https://www.sec.gov/Archives/edgar/data/944809/000120919116123820/doc4.xml
OPK,944809,Phillip Frost,898860,2016-05-13,2016-05-12,P,open-market purchase,30600,292655.77,9.5639,0.0167,30600,182794356,0,unknown,,12,0,Common Stock,I,4,0001209191-16-119720,,https://www.sec.gov/Archives/edgar/data/944809/000120919116119720/doc4.xml
OPK,944809,Phillip Frost,898860,2016-05-12,2016-05-11,P,open-market purchase,19400,194980.45,10.0505,0.0106,19400,182763756,0,unknown,,17,0,Common Stock,I,4,0001209191-16-119380,,https://www.sec.gov/Archives/edgar/data/944809/000120919116119380/doc4.xml
OPK,944809,Phillip Frost,898860,2016-05-05,2016-05-04,P,open-market purchase,29800,295332.74,9.9105,0.0163,29800,182744356,0,unknown,,21,0,Common Stock,I,4,0001209191-16-117639,,https://www.sec.gov/Archives/edgar/data/944809/000120919116117639/doc4.xml
OPK,944809,Phillip Frost,898860,2016-05-04,2016-05-03,P,open-market purchase,8100,83017.48,10.2491,0.0044,8100,182714556,0,unknown,,5,0,Common Stock,I,4,0001209191-16-117204,,https://www.sec.gov/Archives/edgar/data/944809/000120919116117204/doc4.xml
OPK,944809,Phillip Frost,898860,2016-05-03,2016-05-02,P,open-market purchase,11800,121926.00,10.3327,0.0065,11800,182706456,0,unknown,,8,0,Common Stock,I,4,0001209191-16-116878,,https://www.sec.gov/Archives/edgar/data/944809/000120919116116878/doc4.xml
OPK,944809,Phillip Frost,898860,2016-05-02,2016-04-29,P,open-market purchase,10000,107049.00,10.7049,0.0055,10000,182694656,0,unknown,,7,0,Common Stock,I,4,0001209191-16-116582,,https://www.sec.gov/Archives/edgar/data/944809/000120919116116582/doc4.xml
OPK,944809,Phillip Frost,898860,2016-04-29,2016-04-28,P,open-market purchase,10000,108325.00,10.8325,0.0055,10000,182684656,0,unknown,,7,0,Common Stock,I,4,0001209191-16-116304,,https://www.sec.gov/Archives/edgar/data/944809/000120919116116304/doc4.xml
OPK,944809,Phillip Frost,898860,2016-04-28,2016-04-27,P,open-market purchase,11800,129157.00,10.9455,0.0065,11800,182674656,0,unknown,,10,0,Common Stock,I,4,0001209191-16-116023,,https://www.sec.gov/Archives/edgar/data/944809/000120919116116023/doc4.xml
OPK,944809,Phillip Frost,898860,2016-04-26,2016-04-25,P,open-market purchase,15000,166735.00,11.1157,0.0082,15000,182662856,0,unknown,,8,0,Common Stock,I,4,0001209191-16-115578,,https://www.sec.gov/Archives/edgar/data/944809/000120919116115578/doc4.xml
OPK,944809,Phillip Frost,898860,2016-04-20,2016-04-19,P,open-market purchase,7400,81373.00,10.9964,0.0041,7400,182647856,0,unknown,,4,0,Common Stock,I,4,0001209191-16-114996,,https://www.sec.gov/Archives/edgar/data/944809/000120919116114996/doc4.xml
OPK,944809,Phillip Frost,898860,2016-04-18,2016-04-15,P,open-market purchase,7600,81926.00,10.7797,0.0042,7600,182640456,0,unknown,,4,0,Common Stock,I,4,0001209191-16-114464,,https://www.sec.gov/Archives/edgar/data/944809/000120919116114464/doc4.xml
OPK,944809,Phillip Frost,898860,2016-04-07,2016-04-06,P,open-market purchase,20000,212157.17,10.6079,0.0110,20000,182632856,0,unknown,,10,0,Common Stock,I,4,0001209191-16-113562,,https://www.sec.gov/Archives/edgar/data/944809/000120919116113562/doc4.xml
OPK,944809,Phillip Frost,898860,2016-04-06,2016-04-05,P,open-market purchase,20000,205646.25,10.2823,0.0110,20000,182612856,0,unknown,,5,0,Common Stock,I,4,0001209191-16-113359,,https://www.sec.gov/Archives/edgar/data/944809/000120919116113359/doc4.xml
OPK,944809,Phillip Frost,898860,2016-04-01,2016-04-01,P,open-market purchase,23600,244254.12,10.3498,0.0129,23600,182592856,0,unknown,,11,0,Common Stock,I,4,0001209191-16-111787,,https://www.sec.gov/Archives/edgar/data/944809/000120919116111787/doc4.xml
OPK,944809,Phillip Frost,898860,2016-04-01,2016-03-31,P,open-market purchase,25000,256498.38,10.2599,0.0137,25000,182569256,0,unknown,,2,0,Common Stock,I,4,0001209191-16-111305,,https://www.sec.gov/Archives/edgar/data/944809/000120919116111305/doc4.xml
OPK,944809,Phillip Frost,898860,2016-03-31,2016-03-30,P,open-market purchase,85600,864320.32,10.0972,0.0469,85600,182544256,0,unknown,,1,0,Common Stock,I,4,0001209191-16-111165,,https://www.sec.gov/Archives/edgar/data/944809/000120919116111165/doc4.xml
OPK,944809,Phillip Frost,898860,2016-03-25,2016-03-24,P,open-market purchase,20000,222787.20,11.1394,0.0110,20000,182458656,0,unknown,,15,0,Common Stock,I,4,0001209191-16-110513,,https://www.sec.gov/Archives/edgar/data/944809/000120919116110513/doc4.xml
OPK,944809,Phillip Frost,898860,2016-03-16,2016-03-15,P,open-market purchase,30000,298761.51,9.9587,0.0164,30000,182438656,0,unknown,,10,0,Common Stock,I,4,0001209191-16-108719,,https://www.sec.gov/Archives/edgar/data/944809/000120919116108719/doc4.xml
OPK,944809,Phillip Frost,898860,2016-03-11,2016-03-10,P,open-market purchase,23600,233396.32,9.8897,0.0129,23600,182408656,0,unknown,,20,0,Common Stock,I,4,0001209191-16-107721,,https://www.sec.gov/Archives/edgar/data/944809/000120919116107721/doc4.xml
OPK,944809,Phillip Frost,898860,2016-03-09,2016-03-08,P,open-market purchase,5400,53997.00,9.9994,0.0030,5400,182385056,0,unknown,,4,0,Common Stock,I,4,0001209191-16-107205,,https://www.sec.gov/Archives/edgar/data/944809/000120919116107205/doc4.xml
OPK,944809,Phillip Frost,898860,2016-03-07,2016-03-04,P,open-market purchase,11900,114905.51,9.6559,0.0065,11900,182379656,0,unknown,,15,0,Common Stock,I,4,0001209191-16-106317,,https://www.sec.gov/Archives/edgar/data/944809/000120919116106317/doc4.xml
OPK,944809,Phillip Frost,898860,2016-03-04,2016-03-03,P,open-market purchase,7200,69198.05,9.6108,0.0039,7200,182367756,0,unknown,,7,0,Common Stock,I,4,0001209191-16-105855,,https://www.sec.gov/Archives/edgar/data/944809/000120919116105855/doc4.xml
OPK,944809,Phillip Frost,898860,2016-03-02,2016-03-01,P,open-market purchase,64800,588124.80,9.0760,0.0355,64800,182360556,0,unknown,,1,0,Common Stock,I,4,0001209191-16-104217,,https://www.sec.gov/Archives/edgar/data/944809/000120919116104217/doc4.xml
OPK,944809,Phillip Frost,898860,2016-02-29,2016-02-26,P,open-market purchase,4800,44507.00,9.2723,0.0026,4800,182295756,0,unknown,,6,0,Common Stock,I,4,0001209191-16-103172,,https://www.sec.gov/Archives/edgar/data/944809/000120919116103172/doc4.xml
OPK,944809,Phillip Frost,898860,2016-02-25,2016-02-24,P,open-market purchase,7200,62607.00,8.6954,0.0039,7200,182290956,0,unknown,,6,0,Common Stock,I,4,0001209191-16-102154,,https://www.sec.gov/Archives/edgar/data/944809/000120919116102154/doc4.xml
OPK,944809,Phillip Frost,898860,2016-02-24,2016-02-23,P,open-market purchase,27800,248095.94,8.9243,0.0153,27800,182283756,0,unknown,,24,0,Common Stock,I,4,0001209191-16-101666,,https://www.sec.gov/Archives/edgar/data/944809/000120919116101666/doc4.xml
OPK,944809,Phillip Frost,898860,2016-02-19,2016-02-18,P,open-market purchase,13000,113652.43,8.7425,0.0071,13000,182255956,0,unknown,,14,0,Common Stock,I,4,0001209191-16-100298,,https://www.sec.gov/Archives/edgar/data/944809/000120919116100298/doc4.xml
OPK,944809,Phillip Frost,898860,2016-02-18,2016-02-17,P,open-market purchase,2000,16029.50,8.0147,0.0011,2000,182242956,0,unknown,,3,0,Common Stock,I,4,0001209191-16-099615,,https://www.sec.gov/Archives/edgar/data/944809/000120919116099615/doc4.xml
OPK,944809,Phillip Frost,898860,2016-02-17,2016-02-16,P,open-market purchase,15000,118730.50,7.9154,0.0082,15000,182240956,0,unknown,,9,0,Common Stock,I,4,0001209191-16-099020,,https://www.sec.gov/Archives/edgar/data/944809/000120919116099020/doc4.xml
OPK,944809,Phillip Frost,898860,2016-02-16,2016-02-12,P,open-market purchase,11000,86705.50,7.8823,0.0060,11000,182225956,0,unknown,,7,0,Common Stock,I,4,0001209191-16-098367,,https://www.sec.gov/Archives/edgar/data/944809/000120919116098367/doc4.xml
OPK,944809,Phillip Frost,898860,2016-02-12,2016-02-11,P,open-market purchase,21800,172670.70,7.9207,0.0120,21800,182214956,0,unknown,,14,0,Common Stock,I,4,0001209191-16-097748,,https://www.sec.gov/Archives/edgar/data/944809/000120919116097748/doc4.xml
OPK,944809,Phillip Frost,898860,2016-02-09,2016-02-08,P,open-market purchase,45300,348123.30,7.6848,0.0249,45300,182193156,0,unknown,,21,0,Common Stock,I,4,0001209191-16-096545,,https://www.sec.gov/Archives/edgar/data/944809/000120919116096545/doc4.xml
OPK,944809,Phillip Frost,898860,2016-02-08,2016-02-05,P,open-market purchase,18000,148233.00,8.2352,0.0099,18000,182147856,0,unknown,,11,0,Common Stock,I,4,0001209191-16-096167,,https://www.sec.gov/Archives/edgar/data/944809/000120919116096167/doc4.xml
OPK,944809,Phillip Frost,898860,2016-02-05,2016-02-04,P,open-market purchase,5400,42739.00,7.9146,0.0030,5400,182129856,0,unknown,,5,0,Common Stock,I,4,0001209191-16-095881,,https://www.sec.gov/Archives/edgar/data/944809/000120919116095881/doc4.xml
OPK,944809,Phillip Frost,898860,2016-02-04,2016-02-03,P,open-market purchase,15400,118591.63,7.7008,0.0085,15400,182124456,0,unknown,,12,0,Common Stock,I,4,0001209191-16-095571,,https://www.sec.gov/Archives/edgar/data/944809/000120919116095571/doc4.xml
OPK,944809,Phillip Frost,898860,2016-02-03,2016-02-02,P,open-market purchase,35800,277135.24,7.7412,0.0197,35800,182109056,0,unknown,,15,0,Common Stock,I,4,0001209191-16-095114,,https://www.sec.gov/Archives/edgar/data/944809/000120919116095114/doc4.xml
OPK,944809,Phillip Frost,898860,2016-02-02,2016-02-01,P,open-market purchase,16200,127287.55,7.8573,0.0089,16200,182073256,0,unknown,,11,0,Common Stock,I,4,0001209191-16-094587,,https://www.sec.gov/Archives/edgar/data/944809/000120919116094587/doc4.xml
OPK,944809,Phillip Frost,898860,2016-01-29,2016-01-28,P,open-market purchase,32800,252796.60,7.7072,0.0180,32800,182057056,0,unknown,,14,0,Common Stock,I,4,0001209191-16-094048,,https://www.sec.gov/Archives/edgar/data/944809/000120919116094048/doc4.xml
OPK,944809,Phillip Frost,898860,2016-01-28,2016-01-27,P,open-market purchase,39800,312266.91,7.8459,0.0219,39800,182024256,0,unknown,,19,0,Common Stock,I,4,0001209191-16-093887,,https://www.sec.gov/Archives/edgar/data/944809/000120919116093887/doc4.xml
OPK,944809,Phillip Frost,898860,2016-01-27,2016-01-26,P,open-market purchase,15000,117513.00,7.8342,0.0082,15000,181984456,0,unknown,,13,0,Common Stock,I,4,0001209191-16-093691,,https://www.sec.gov/Archives/edgar/data/944809/000120919116093691/doc4.xml
OPK,944809,Phillip Frost,898860,2016-01-26,2016-01-25,P,open-market purchase,25200,201277.54,7.9872,0.0139,25200,181969456,0,unknown,,15,0,Common Stock,I,4,0001209191-16-093491,,https://www.sec.gov/Archives/edgar/data/944809/000120919116093491/doc4.xml
OPK,944809,Phillip Frost,898860,2016-01-22,2016-01-21,P,open-market purchase,20000,156994.00,7.8497,0.0110,20000,181944256,0,unknown,,9,0,Common Stock,I,4,0001209191-16-093003,,https://www.sec.gov/Archives/edgar/data/944809/000120919116093003/doc4.xml
OPK,944809,Phillip Frost,898860,2016-01-21,2016-01-20,P,open-market purchase,58600,442249.50,7.5469,0.0322,58600,181924256,0,unknown,,25,0,Common Stock,I,4,0001209191-16-092758,,https://www.sec.gov/Archives/edgar/data/944809/000120919116092758/doc4.xml
OPK,944809,Phillip Frost,898860,2016-01-20,2016-01-19,P,open-market purchase,23400,182589.00,7.8029,0.0129,23400,181865656,0,unknown,,16,0,Common Stock,I,4,0001209191-16-092282,,https://www.sec.gov/Archives/edgar/data/944809/000120919116092282/doc4.xml
OPK,944809,Phillip Frost,898860,2016-01-19,2016-01-15,P,open-market purchase,65400,515019.74,7.8749,0.0360,65400,181842256,0,unknown,,25,0,Common Stock,I,4,0001209191-16-091900,,https://www.sec.gov/Archives/edgar/data/944809/000120919116091900/doc4.xml
OPK,944809,Phillip Frost,898860,2016-01-15,2016-01-14,P,open-market purchase,10000,79313.62,7.9314,0.0055,10000,181776856,0,unknown,,4,0,Common Stock,I,4,0001209191-16-091550,,https://www.sec.gov/Archives/edgar/data/944809/000120919116091550/doc4.xml
OPK,944809,Phillip Frost,898860,2016-01-14,2016-01-13,P,open-market purchase,18000,149173.31,8.2874,0.0099,18000,181766856,0,unknown,,6,0,Common Stock,I,4,0001209191-16-091331,,https://www.sec.gov/Archives/edgar/data/944809/000120919116091331/doc4.xml
OPK,944809,Phillip Frost,898860,2016-01-13,2016-01-12,P,open-market purchase,20000,171534.51,8.5767,0.0110,20000,181748856,0,unknown,,21,0,Common Stock,I,4,0001209191-16-091108,,https://www.sec.gov/Archives/edgar/data/944809/000120919116091108/doc4.xml
OPK,944809,Phillip Frost,898860,2016-01-12,2016-01-11,P,open-market purchase,10000,85103.50,8.5104,0.0055,10000,181728856,0,unknown,,4,0,Common Stock,I,4,0001209191-16-090835,,https://www.sec.gov/Archives/edgar/data/944809/000120919116090835/doc4.xml
OPK,944809,Phillip Frost,898860,2016-01-11,2016-01-08,P,open-market purchase,10000,87897.50,8.7897,0.0055,10000,181718856,0,unknown,,2,0,Common Stock,I,4,0001209191-16-090659,,https://www.sec.gov/Archives/edgar/data/944809/000120919116090659/doc4.xml
OPK,944809,Phillip Frost,898860,2016-01-08,2016-01-07,P,open-market purchase,25000,221495.00,8.8598,0.0138,25000,181708856,0,unknown,,22,0,Common Stock,I,4,0001209191-16-090456,,https://www.sec.gov/Archives/edgar/data/944809/000120919116090456/doc4.xml
OPK,944809,Phillip Frost,898860,2016-01-07,2016-01-06,P,open-market purchase,50000,461607.00,9.2321,0.0275,50000,181683856,0,unknown,,23,0,Common Stock,I,4,0001209191-16-090230,,https://www.sec.gov/Archives/edgar/data/944809/000120919116090230/doc4.xml
OPK,944809,Phillip Frost,898860,2016-01-06,2016-01-05,P,open-market purchase,30000,294920.30,9.8307,0.0165,,181633856,0,unknown,,16,0,Common Stock,I,4,0001209191-16-089494,,https://www.sec.gov/Archives/edgar/data/944809/000120919116089494/doc4.xml
OPK,944809,Phillip Frost,898860,2016-01-04,2015-12-31,P,open-market purchase,19600,197675.33,10.0855,,,,,unknown,,8,0,Common Stock,I,4,0001209191-16-087549,,https://www.sec.gov/Archives/edgar/data/944809/000120919116087549/doc4.xml
OPK,944809,Phillip Frost,898860,2015-12-31,2015-12-30,P,open-market purchase,20000,202378.17,10.1189,,,,,unknown,,14,0,Common Stock,I,4,0001209191-15-087450,,https://www.sec.gov/Archives/edgar/data/944809/000120919115087450/doc4.xml
OPK,944809,Phillip Frost,898860,2015-12-28,2015-12-24,P,open-market purchase,9900,100615.00,10.1631,,,,,unknown,,5,0,Common Stock,I,4,0001209191-15-087016,,https://www.sec.gov/Archives/edgar/data/944809/000120919115087016/doc4.xml
OPK,944809,Phillip Frost,898860,2015-12-24,2015-12-23,P,open-market purchase,18000,182065.00,10.1147,,,,,unknown,,8,0,Common Stock,I,4,0001209191-15-086942,,https://www.sec.gov/Archives/edgar/data/944809/000120919115086942/doc4.xml
OPK,944809,Phillip Frost,898860,2015-12-23,2015-12-22,P,open-market purchase,20000,199878.31,9.9939,,,,,unknown,,16,0,Common Stock,I,4,0001209191-15-086768,,https://www.sec.gov/Archives/edgar/data/944809/000120919115086768/doc4.xml
OPK,944809,Phillip Frost,898860,2015-12-21,2015-12-18,P,open-market purchase,21800,218012.50,10.0006,,,,,unknown,,12,0,Common Stock,I,4,0001209191-15-086238,,https://www.sec.gov/Archives/edgar/data/944809/000120919115086238/doc4.xml
OPK,944809,Phillip Frost,898860,2015-12-15,2015-12-14,P,open-market purchase,106000,1029811.20,9.7152,,,,,unknown,,1,0,Common Stock,I,4,0001209191-15-085153,,https://www.sec.gov/Archives/edgar/data/944809/000120919115085153/doc4.xml
OPK,944809,Phillip Frost,898860,2015-12-14,2015-12-11,P,open-market purchase,20000,209380.42,10.4690,,,,,unknown,,13,0,Common Stock,I,4,0001209191-15-084843,,https://www.sec.gov/Archives/edgar/data/944809/000120919115084843/doc4.xml
OPK,944809,Phillip Frost,898860,2015-12-10,2015-12-09,P,open-market purchase,30000,325926.40,10.8642,,,,,unknown,,16,0,Common Stock,I,4,0001209191-15-084383,,https://www.sec.gov/Archives/edgar/data/944809/000120919115084383/doc4.xml
OPK,944809,Phillip Frost,898860,2015-12-08,2015-12-07,P,open-market purchase,20000,219792.88,10.9896,,,,,unknown,,7,0,Common Stock,I,4,0001209191-15-083868,,https://www.sec.gov/Archives/edgar/data/944809/000120919115083868/doc4.xml
OPK,944809,Phillip Frost,898860,2015-12-01,2015-11-30,P,open-market purchase,5000,54696.05,10.9392,,,,,unknown,,2,0,Common Stock,I,4,0001209191-15-082550,,https://www.sec.gov/Archives/edgar/data/944809/000120919115082550/doc4.xml
OPK,944809,Phillip Frost,898860,2015-11-30,2015-11-27,P,open-market purchase,1800,19911.00,11.0617,,,,,unknown,,2,0,Common Stock,I,4,0001209191-15-082365,,https://www.sec.gov/Archives/edgar/data/944809/000120919115082365/doc4.xml
OPK,944809,Phillip Frost,898860,2015-11-27,2015-11-25,P,open-market purchase,17000,187432.00,11.0254,,,,,unknown,,7,0,Common Stock,I,4,0001209191-15-082322,,https://www.sec.gov/Archives/edgar/data/944809/000120919115082322/doc4.xml
OPK,944809,Phillip Frost,898860,2015-11-25,2015-11-24,P,open-market purchase,18000,193705.50,10.7614,,,,,unknown,,21,0,Common Stock,I,4,0001209191-15-082124,,https://www.sec.gov/Archives/edgar/data/944809/000120919115082124/doc4.xml
OPK,944809,Phillip Frost,898860,2015-11-23,2015-11-20,P,open-market purchase,2300,25048.00,10.8904,,,,,unknown,,3,0,Common Stock,I,4,0001209191-15-081689,,https://www.sec.gov/Archives/edgar/data/944809/000120919115081689/doc4.xml
OPK,944809,Phillip Frost,898860,2015-11-20,2015-11-19,P,open-market purchase,30000,321819.00,10.7273,,,,,unknown,,9,0,Common Stock,I,4,0001209191-15-081404,,https://www.sec.gov/Archives/edgar/data/944809/000120919115081404/doc4.xml
OPK,944809,Phillip Frost,898860,2015-11-17,2015-11-16,P,open-market purchase,30000,315637.20,10.5212,,,,,unknown,,27,0,Common Stock,I,4,0001209191-15-080420,,https://www.sec.gov/Archives/edgar/data/944809/000120919115080420/doc4.xml
OPK,944809,Phillip Frost,898860,2015-11-09,2015-11-06,P,open-market purchase,25000,245813.47,9.8325,,,,,unknown,,17,0,Common Stock,I,4,0001209191-15-078989,,https://www.sec.gov/Archives/edgar/data/944809/000120919115078989/doc4.xml
OPK,944809,Phillip Frost,898860,2015-11-06,2015-11-05,P,open-market purchase,15000,144458.50,9.6306,,,,,unknown,,8,0,Common Stock,I,4,0001209191-15-078796,,https://www.sec.gov/Archives/edgar/data/944809/000120919115078796/doc4.xml
OPK,944809,Phillip Frost,898860,2015-11-05,2015-11-04,P,open-market purchase,15000,145200.00,9.6800,,,,,unknown,,14,0,Common Stock,I,4,0001209191-15-078584,,https://www.sec.gov/Archives/edgar/data/944809/000120919115078584/doc4.xml
OPK,944809,Phillip Frost,898860,2015-11-04,2015-11-03,P,open-market purchase,15000,146441.54,9.7628,,,,,unknown,,9,0,Common Stock,I,4,0001209191-15-078272,,https://www.sec.gov/Archives/edgar/data/944809/000120919115078272/doc4.xml
OPK,944809,Phillip Frost,898860,2015-11-03,2015-11-02,P,open-market purchase,15000,146399.00,9.7599,,,,,unknown,,5,0,Common Stock,I,4,0001209191-15-077918,,https://www.sec.gov/Archives/edgar/data/944809/000120919115077918/doc4.xml
OPK,944809,Phillip Frost,898860,2015-11-02,2015-10-30,P,open-market purchase,20000,187753.50,9.3877,,,,,unknown,,8,0,Common Stock,I,4,0001209191-15-077577,,https://www.sec.gov/Archives/edgar/data/944809/000120919115077577/doc4.xml
OPK,944809,Phillip Frost,898860,2015-10-30,2015-10-29,P,open-market purchase,25000,235448.94,9.4180,,,,,unknown,,9,0,Common Stock,I,4,0001209191-15-077338,,https://www.sec.gov/Archives/edgar/data/944809/000120919115077338/doc4.xml
OPK,944809,Phillip Frost,898860,2015-10-29,2015-10-28,P,open-market purchase,25000,236490.50,9.4596,,,,,unknown,,22,0,Common Stock,I,4,0001209191-15-077221,,https://www.sec.gov/Archives/edgar/data/944809/000120919115077221/doc4.xml
OPK,944809,Phillip Frost,898860,2015-10-23,2015-10-22,P,open-market purchase,31800,283101.00,8.9025,,,,,unknown,,16,0,Common Stock,I,4,0001209191-15-076536,,https://www.sec.gov/Archives/edgar/data/944809/000120919115076536/doc4.xml
OPK,944809,Phillip Frost,898860,2015-10-14,2015-10-13,P,open-market purchase,20000,170866.00,8.5433,,,,,unknown,,7,0,Common Stock,I,4,0001209191-15-075367,,https://www.sec.gov/Archives/edgar/data/944809/000120919115075367/doc4.xml
OPK,944809,Phillip Frost,898860,2015-10-05,2015-10-02,P,open-market purchase,1800,15126.85,8.4038,,,,,unknown,,3,0,Common Stock,I,4,0001209191-15-073571,,https://www.sec.gov/Archives/edgar/data/944809/000120919115073571/doc4.xml
OPK,944809,Phillip Frost,898860,2015-10-02,2015-10-01,P,open-market purchase,52500,437153.43,8.3267,,,,,unknown,,19,0,Common Stock,I,4,0001209191-15-072888,,https://www.sec.gov/Archives/edgar/data/944809/000120919115072888/doc4.xml
OPK,944809,Phillip Frost,898860,2015-10-01,2015-09-30,P,open-market purchase,70000,584203.54,8.3458,,,,,unknown,,22,0,Common Stock,I,4,0001209191-15-072636,,https://www.sec.gov/Archives/edgar/data/944809/000120919115072636/doc4.xml
OPK,944809,Phillip Frost,898860,2015-09-30,2015-09-29,P,open-market purchase,30000,251441.65,8.3814,,,,,unknown,,10,0,Common Stock,I,4,0001209191-15-072513,,https://www.sec.gov/Archives/edgar/data/944809/000120919115072513/doc4.xml
OPK,944809,Phillip Frost,898860,2015-09-28,2015-09-25,P,open-market purchase,202900,1841479.82,9.0758,,,,,unknown,,1,0,Common Stock,I,4,0001209191-15-072251,,https://www.sec.gov/Archives/edgar/data/944809/000120919115072251/doc4.xml
OPK,944809,Phillip Frost,898860,2015-09-24,2015-09-23,P,open-market purchase,50000,478171.68,9.5634,,,,,unknown,,17,0,Common Stock,I,4,0001209191-15-072051,,https://www.sec.gov/Archives/edgar/data/944809/000120919115072051/doc4.xml
OPK,944809,Phillip Frost,898860,2015-09-23,2015-09-22,P,open-market purchase,43200,420818.80,9.7412,,,,,unknown,,25,0,Common Stock,I,4,0001209191-15-071934,,https://www.sec.gov/Archives/edgar/data/944809/000120919115071934/doc4.xml
OPK,944809,Phillip Frost,898860,2015-09-22,2015-09-21,P,open-market purchase,27000,270549.50,10.0204,,,,,unknown,,17,0,Common Stock,I,4,0001209191-15-071736,,https://www.sec.gov/Archives/edgar/data/944809/000120919115071736/doc4.xml
OPK,944809,Phillip Frost,898860,2015-09-21,2015-09-18,P,open-market purchase,12600,131191.50,10.4120,,,,,unknown,,8,0,Common Stock,I,4,0001209191-15-071506,,https://www.sec.gov/Archives/edgar/data/944809/000120919115071506/doc4.xml
OPK,944809,Phillip Frost,898860,2015-09-18,2015-09-17,P,open-market purchase,5400,55833.32,10.3395,,,,,unknown,,6,0,Common Stock,I,4,0001209191-15-071278,,https://www.sec.gov/Archives/edgar/data/944809/000120919115071278/doc4.xml
OPK,944809,Phillip Frost,898860,2015-09-17,2015-09-16,P,open-market purchase,32400,329101.50,10.1575,,,,,unknown,,14,0,Common Stock,I,4,0001209191-15-071028,,https://www.sec.gov/Archives/edgar/data/944809/000120919115071028/doc4.xml
OPK,944809,Phillip Frost,898860,2015-09-15,2015-09-14,P,open-market purchase,15000,150400.00,10.0267,,,,,unknown,,2,0,Common Stock,I,4,0001209191-15-070604,,https://www.sec.gov/Archives/edgar/data/944809/000120919115070604/doc4.xml
OPK,944809,Phillip Frost,898860,2015-09-14,2015-09-11,P,open-market purchase,110600,1109627.68,10.0328,,,,,unknown,,1,0,Common Stock,I,4,0001209191-15-070440,,https://www.sec.gov/Archives/edgar/data/944809/000120919115070440/doc4.xml
OPK,944809,Phillip Frost,898860,2015-09-10,2015-09-09,P,open-market purchase,27200,284540.50,10.4610,,,,,unknown,,13,0,Common Stock,I,4,0001209191-15-070026,,https://www.sec.gov/Archives/edgar/data/944809/000120919115070026/doc4.xml
OPK,944809,Phillip Frost,898860,2015-09-09,2015-09-08,P,open-market purchase,7200,76590.00,10.6375,,,,,unknown,,3,0,Common Stock,I,4,0001209191-15-069853,,https://www.sec.gov/Archives/edgar/data/944809/000120919115069853/doc4.xml
OPK,944809,Phillip Frost,898860,2015-09-08,2015-09-04,P,open-market purchase,16200,172886.50,10.6720,,,,,unknown,,14,0,Common Stock,I,4,0001209191-15-069721,,https://www.sec.gov/Archives/edgar/data/944809/000120919115069721/doc4.xml
OPK,944809,Phillip Frost,898860,2015-09-04,2015-09-03,P,open-market purchase,9000,98621.00,10.9579,,,,,unknown,,5,0,Common Stock,I,4,0001209191-15-069586,,https://www.sec.gov/Archives/edgar/data/944809/000120919115069586/doc4.xml
OPK,944809,Phillip Frost,898860,2015-09-01,2015-08-31,P,open-market purchase,73200,792543.72,10.8271,,,,,unknown,,1,0,Common Stock,I,4,0001209191-15-068731,,https://www.sec.gov/Archives/edgar/data/944809/000120919115068731/doc4.xml
OPK,944809,Phillip Frost,898860,2015-08-31,2015-08-28,P,open-market purchase,12600,142636.54,11.3204,,,,,unknown,,11,0,Common Stock,I,4,0001209191-15-068514,,https://www.sec.gov/Archives/edgar/data/944809/000120919115068514/doc4.xml
OPK,944809,Phillip Frost,898860,2015-08-28,2015-08-27,P,open-market purchase,46800,517324.69,11.0539,,,,,unknown,,25,0,Common Stock,I,4,0001209191-15-068311,,https://www.sec.gov/Archives/edgar/data/944809/000120919115068311/doc4.xml
OPK,944809,Phillip Frost,898860,2015-08-25,2015-08-24,P,open-market purchase,223600,2458078.12,10.9932,,,,,unknown,,2,0,Common Stock,I,4,0001209191-15-067671,,https://www.sec.gov/Archives/edgar/data/944809/000120919115067671/doc4.xml
OPK,944809,Phillip Frost,898860,2015-08-24,2015-08-21,P,open-market purchase,185000,2264344.50,12.2397,,,,,unknown,A,1,0,Common Stock,I,4,0001209191-15-067449,,https://www.sec.gov/Archives/edgar/data/944809/000120919115067449/doc4.xml
OPK,944809,Phillip Frost,898860,2015-08-20,2015-08-20,P,open-market purchase,544000,6702134.40,12.3201,,,,,unknown,,1,0,Common Stock,I,4,0001209191-15-067128,,https://www.sec.gov/Archives/edgar/data/944809/000120919115067128/doc4.xml
OPK,944809,Phillip Frost,898860,2015-07-09,2015-07-08,P,open-market purchase,7200,119197.00,16.5551,,,,,unknown,,7,0,Common Stock,I,4,0001209191-15-060213,,https://www.sec.gov/Archives/edgar/data/944809/000120919115060213/doc4.xml
OPK,944809,Phillip Frost,898860,2015-07-08,2015-07-07,P,open-market purchase,5400,89838.00,16.6367,,,,,unknown,,3,0,Common Stock,I,4,0001209191-15-060026,,https://www.sec.gov/Archives/edgar/data/944809/000120919115060026/doc4.xml
OPK,944809,Phillip Frost,898860,2015-07-07,2015-07-06,P,open-market purchase,3600,57859.51,16.0721,,,,,unknown,,8,0,Common Stock,I,4,0001209191-15-059876,,https://www.sec.gov/Archives/edgar/data/944809/000120919115059876/doc4.xml
OPK,944809,Phillip Frost,898860,2015-07-06,2015-07-02,P,open-market purchase,9000,145166.55,16.1296,,,,,unknown,,7,0,Common Stock,I,4,0001209191-15-059239,,https://www.sec.gov/Archives/edgar/data/944809/000120919115059239/doc4.xml
OPK,944809,Phillip Frost,898860,2015-06-30,2015-06-29,P,open-market purchase,7200,112471.00,15.6210,,,,,unknown,,7,0,Common Stock,I,4,0001209191-15-057375,,https://www.sec.gov/Archives/edgar/data/944809/000120919115057375/doc4.xml
OPK,944809,Phillip Frost,898860,2015-06-29,2015-06-26,P,open-market purchase,5400,86779.37,16.0703,,,,,unknown,,9,0,Common Stock,I,4,0001209191-15-056969,,https://www.sec.gov/Archives/edgar/data/944809/000120919115056969/doc4.xml
OPK,944809,Phillip Frost,898860,2015-06-26,2015-06-25,P,open-market purchase,7200,110774.00,15.3853,,,,,unknown,,5,0,Common Stock,I,4,0001209191-15-056630,,https://www.sec.gov/Archives/edgar/data/944809/000120919115056630/doc4.xml
OPK,944809,Phillip Frost,898860,2015-06-25,2015-06-24,P,open-market purchase,57200,876775.13,15.3282,,,,,unknown,,22,0,Common Stock,I,4,0001209191-15-056115,,https://www.sec.gov/Archives/edgar/data/944809/000120919115056115/doc4.xml
OPK,944809,Phillip Frost,898860,2015-06-24,2015-06-23,P,open-market purchase,9000,140428.00,15.6031,,,,,unknown,,5,0,Common Stock,I,4,0001209191-15-055800,,https://www.sec.gov/Archives/edgar/data/944809/000120919115055800/doc4.xml
OPK,944809,Phillip Frost,898860,2015-06-23,2015-06-22,P,open-market purchase,23400,363351.31,15.5278,,,,,unknown,,15,0,Common Stock,I,4,0001209191-15-055556,,https://www.sec.gov/Archives/edgar/data/944809/000120919115055556/doc4.xml
OPK,944809,Phillip Frost,898860,2015-06-22,2015-06-19,P,open-market purchase,7200,110363.00,15.3282,,,,,unknown,,6,0,Common Stock,I,4,0001209191-15-055232,,https://www.sec.gov/Archives/edgar/data/944809/000120919115055232/doc4.xml
OPK,944809,Phillip Frost,898860,2015-06-18,2015-06-17,P,open-market purchase,15400,236415.66,15.3517,,,,,unknown,,9,0,Common Stock,I,4,0001209191-15-054492,,https://www.sec.gov/Archives/edgar/data/944809/000120919115054492/doc4.xml
OPK,944809,Phillip Frost,898860,2015-06-17,2015-06-16,P,open-market purchase,10000,153628.08,15.3628,,,,,unknown,,4,0,Common Stock,I,4,0001209191-15-054041,,https://www.sec.gov/Archives/edgar/data/944809/000120919115054041/doc4.xml
OPK,944809,Phillip Frost,898860,2015-06-15,2015-06-12,P,open-market purchase,10000,155099.00,15.5099,,,,,unknown,,2,0,Common Stock,I,4,0001209191-15-053037,,https://www.sec.gov/Archives/edgar/data/944809/000120919115053037/doc4.xml
OPK,944809,Phillip Frost,898860,2015-06-10,2015-06-09,P,open-market purchase,15000,239279.65,15.9520,,,,,unknown,,5,0,Common Stock,I,4,0001209191-15-051683,,https://www.sec.gov/Archives/edgar/data/944809/000120919115051683/doc4.xml
OPK,944809,Phillip Frost,898860,2015-05-14,2015-05-13,P,open-market purchase,6000,93317.50,15.5529,,,,,unknown,,11,0,Common Stock,I,4,0001209191-15-042580,,https://www.sec.gov/Archives/edgar/data/944809/000120919115042580/doc4.xml
OPK,944809,Phillip Frost,898860,2015-05-13,2015-05-12,P,open-market purchase,6000,88534.50,14.7558,,,,,unknown,,10,0,Common Stock,I,4,0001209191-15-042030,,https://www.sec.gov/Archives/edgar/data/944809/000120919115042030/doc4.xml
OPK,944809,Phillip Frost,898860,2015-05-12,2015-05-11,P,open-market purchase,6000,85825.00,14.3042,,,,,unknown,,7,0,Common Stock,I,4,0001209191-15-041380,,https://www.sec.gov/Archives/edgar/data/944809/000120919115041380/doc4.xml
OPK,944809,Phillip Frost,898860,2015-05-11,2015-05-08,P,open-market purchase,9000,127268.26,14.1409,,,,,unknown,,9,0,Common Stock,I,4,0001209191-15-040866,,https://www.sec.gov/Archives/edgar/data/944809/000120919115040866/doc4.xml
OPK,944809,Phillip Frost,898860,2015-05-08,2015-05-07,P,open-market purchase,9000,126521.25,14.0579,,,,,unknown,,8,0,Common Stock,I,4,0001209191-15-040289,,https://www.sec.gov/Archives/edgar/data/944809/000120919115040289/doc4.xml
OPK,944809,Phillip Frost,898860,2015-05-07,2015-05-06,P,open-market purchase,12600,175463.25,13.9257,,,,,unknown,,8,0,Common Stock,I,4,0001209191-15-039724,,https://www.sec.gov/Archives/edgar/data/944809/000120919115039724/doc4.xml
OPK,944809,Phillip Frost,898860,2015-05-06,2015-05-05,P,open-market purchase,9000,125400.76,13.9334,,,,,unknown,,9,0,Common Stock,I,4,0001209191-15-039155,,https://www.sec.gov/Archives/edgar/data/944809/000120919115039155/doc4.xml
OPK,944809,Phillip Frost,898860,2015-05-05,2015-05-04,P,open-market purchase,7200,102776.75,14.2745,,,,,unknown,,3,0,Common Stock,I,4,0001209191-15-038670,,https://www.sec.gov/Archives/edgar/data/944809/000120919115038670/doc4.xml
OPK,944809,Phillip Frost,898860,2015-05-04,2015-05-01,P,open-market purchase,6700,94016.93,14.0324,,,,,unknown,,7,0,Common Stock,I,4,0001209191-15-038218,,https://www.sec.gov/Archives/edgar/data/944809/000120919115038218/doc4.xml
OPK,944809,Phillip Frost,898860,2015-05-01,2015-04-30,P,open-market purchase,31300,436669.43,13.9511,,,,,unknown,,1,0,Common Stock,I,4,0001209191-15-037661,,https://www.sec.gov/Archives/edgar/data/944809/000120919115037661/doc4.xml
OPK,944809,Phillip Frost,898860,2015-04-30,2015-04-29,P,open-market purchase,15500,222679.89,14.3664,,,,,unknown,,16,0,Common Stock,I,4,0001209191-15-037196,,https://www.sec.gov/Archives/edgar/data/944809/000120919115037196/doc4.xml
OPK,944809,Phillip Frost,898860,2015-04-29,2015-04-28,P,open-market purchase,8000,115637.36,14.4547,,,,,unknown,,9,0,Common Stock,I,4,0001209191-15-036841,,https://www.sec.gov/Archives/edgar/data/944809/000120919115036841/doc4.xml
OPK,944809,Phillip Frost,898860,2015-04-28,2015-04-27,P,open-market purchase,8800,127357.50,14.4724,,,,,unknown,,12,0,Common Stock,I,4,0001209191-15-036463,,https://www.sec.gov/Archives/edgar/data/944809/000120919115036463/doc4.xml
OPK,944809,Phillip Frost,898860,2015-04-27,2015-04-24,P,open-market purchase,4100,60695.73,14.8038,,,,,unknown,,4,0,Common Stock,I,4,0001209191-15-036254,,https://www.sec.gov/Archives/edgar/data/944809/000120919115036254/doc4.xml
OPK,944809,Phillip Frost,898860,2015-04-22,2015-04-21,P,open-market purchase,5700,81526.10,14.3028,,,,,unknown,,6,0,Common Stock,I,4,0001209191-15-035405,,https://www.sec.gov/Archives/edgar/data/944809/000120919115035405/doc4.xml
OPK,944809,Phillip Frost,898860,2015-04-20,2015-04-17,P,open-market purchase,19800,282973.44,14.2916,,,,,unknown,,17,0,Common Stock,I,4,0001209191-15-035107,,https://www.sec.gov/Archives/edgar/data/944809/000120919115035107/doc4.xml
OPK,944809,Phillip Frost,898860,2015-04-17,2015-04-16,P,open-market purchase,10800,158012.74,14.6308,,,,,unknown,,8,0,Common Stock,I,4,0001209191-15-034743,,https://www.sec.gov/Archives/edgar/data/944809/000120919115034743/doc4.xml
OPK,944809,Phillip Frost,898860,2015-04-13,2015-04-10,P,open-market purchase,7200,102391.66,14.2211,,,,,unknown,,10,0,Common Stock,I,4,0001209191-15-033660,,https://www.sec.gov/Archives/edgar/data/944809/000120919115033660/doc4.xml
OPK,944809,Phillip Frost,898860,2015-04-10,2015-04-09,P,open-market purchase,12600,179669.00,14.2594,,,,,unknown,,11,0,Common Stock,I,4,0001209191-15-033476,,https://www.sec.gov/Archives/edgar/data/944809/000120919115033476/doc4.xml
OPK,944809,Phillip Frost,898860,2015-04-09,2015-04-08,P,open-market purchase,10800,154016.00,14.2607,,,,,unknown,,8,0,Common Stock,I,4,0001209191-15-033313,,https://www.sec.gov/Archives/edgar/data/944809/000120919115033313/doc4.xml
OPK,944809,Phillip Frost,898860,2015-04-08,2015-04-07,P,open-market purchase,5400,77141.25,14.2854,,,,,unknown,,4,0,Common Stock,I,4,0001209191-15-032990,,https://www.sec.gov/Archives/edgar/data/944809/000120919115032990/doc4.xml
OPK,944809,Phillip Frost,898860,2015-04-07,2015-04-06,P,open-market purchase,10800,153498.40,14.2128,,,,,unknown,,6,0,Common Stock,I,4,0001209191-15-032782,,https://www.sec.gov/Archives/edgar/data/944809/000120919115032782/doc4.xml
OPK,944809,Phillip Frost,898860,2015-04-03,2015-04-02,P,open-market purchase,3600,51620.00,14.3389,,,,,unknown,,2,0,Common Stock,I,4,0001209191-15-032005,,https://www.sec.gov/Archives/edgar/data/944809/000120919115032005/doc4.xml
OPK,944809,Phillip Frost,898860,2015-04-02,2015-04-01,P,open-market purchase,9000,127295.44,14.1439,,,,,unknown,,6,0,Common Stock,I,4,0001209191-15-031010,,https://www.sec.gov/Archives/edgar/data/944809/000120919115031010/doc4.xml
OPK,944809,Phillip Frost,898860,2015-04-01,2015-03-31,P,open-market purchase,23400,334306.97,14.2866,,,,,unknown,,27,0,Common Stock,I,4,0001209191-15-030543,,https://www.sec.gov/Archives/edgar/data/944809/000120919115030543/doc4.xml
OPK,944809,Phillip Frost,898860,2015-03-26,2015-03-25,P,open-market purchase,32400,458366.04,14.1471,,,,,unknown,,1,0,Common Stock,I,4,0001209191-15-029421,,https://www.sec.gov/Archives/edgar/data/944809/000120919115029421/doc4.xml
OPK,944809,Phillip Frost,898860,2015-03-23,2015-03-20,P,open-market purchase,14400,208830.76,14.5021,,,,,unknown,,19,0,Common Stock,I,4,0001209191-15-028404,,https://www.sec.gov/Archives/edgar/data/944809/000120919115028404/doc4.xml
OPK,944809,Phillip Frost,898860,2015-03-11,2015-03-10,P,open-market purchase,5400,74827.80,13.8570,,,,,unknown,,5,0,Common Stock,I,4,0001209191-15-024959,,https://www.sec.gov/Archives/edgar/data/944809/000120919115024959/doc4.xml
OPK,944809,Phillip Frost,898860,2015-03-10,2015-03-09,P,open-market purchase,10800,151001.64,13.9816,,,,,unknown,,10,0,Common Stock,I,4,0001209191-15-024352,,https://www.sec.gov/Archives/edgar/data/944809/000120919115024352/doc4.xml
OPK,944809,Phillip Frost,898860,2015-03-09,2015-03-06,P,open-market purchase,12600,178502.83,14.1669,,,,,unknown,,11,0,Common Stock,I,4,0001209191-15-023799,,https://www.sec.gov/Archives/edgar/data/944809/000120919115023799/doc4.xml
OPK,944809,Phillip Frost,898860,2015-03-06,2015-03-05,P,open-market purchase,5400,77423.23,14.3376,,,,,unknown,,7,0,Common Stock,I,4,0001209191-15-023261,,https://www.sec.gov/Archives/edgar/data/944809/000120919115023261/doc4.xml
OPK,944809,Phillip Frost,898860,2015-03-05,2015-03-04,P,open-market purchase,10800,154931.53,14.3455,,,,,unknown,,9,0,Common Stock,I,4,0001209191-15-022727,,https://www.sec.gov/Archives/edgar/data/944809/000120919115022727/doc4.xml
OPK,944809,Phillip Frost,898860,2015-03-04,2015-03-03,P,open-market purchase,18200,256905.69,14.1157,,,,,unknown,,13,0,Common Stock,I,4,0001209191-15-021948,,https://www.sec.gov/Archives/edgar/data/944809/000120919115021948/doc4.xml
OPK,944809,Phillip Frost,898860,2015-03-03,2015-03-02,P,open-market purchase,44800,626480.55,13.9839,,,,,unknown,,27,0,Common Stock,I,4,0001209191-15-020639,,https://www.sec.gov/Archives/edgar/data/944809/000120919115020639/doc4.xml
OPK,944809,Phillip Frost,898860,2015-02-17,2015-02-13,P,open-market purchase,25000,340230.78,13.6092,,,,,unknown,,21,0,Common Stock,I,4,0001209191-15-014022,,https://www.sec.gov/Archives/edgar/data/944809/000120919115014022/doc4.xml
OPK,944809,Phillip Frost,898860,2015-02-04,2015-02-03,P,open-market purchase,25000,304082.04,12.1633,,,,,unknown,,19,0,Common Stock,I,4,0001209191-15-009236,,https://www.sec.gov/Archives/edgar/data/944809/000120919115009236/doc4.xml
OPK,944809,Phillip Frost,898860,2015-01-29,2015-01-28,P,open-market purchase,15000,169096.60,11.2731,,,,,unknown,,9,0,Common Stock,I,4,0001209191-15-007329,,https://www.sec.gov/Archives/edgar/data/944809/000120919115007329/doc4.xml
OPK,944809,Phillip Frost,898860,2015-01-26,2015-01-23,P,open-market purchase,10000,108396.50,10.8397,,,,,unknown,,3,0,Common Stock,I,4,0001209191-15-006354,,https://www.sec.gov/Archives/edgar/data/944809/000120919115006354/doc4.xml
OPK,944809,Phillip Frost,898860,2015-01-23,2015-01-22,P,open-market purchase,28000,294581.00,10.5207,,,,,unknown,,18,0,Common Stock,I,4,0001209191-15-006041,,https://www.sec.gov/Archives/edgar/data/944809/000120919115006041/doc4.xml
OPK,944809,Phillip Frost,898860,2015-01-22,2015-01-21,P,open-market purchase,41700,426665.52,10.2318,,,,,unknown,,22,0,Common Stock,I,4,0001209191-15-005666,,https://www.sec.gov/Archives/edgar/data/944809/000120919115005666/doc4.xml
OPK,944809,Phillip Frost,898860,2015-01-21,2015-01-20,P,open-market purchase,45000,455025.66,10.1117,,,,,unknown,,22,0,Common Stock,I,4,0001209191-15-005345,,https://www.sec.gov/Archives/edgar/data/944809/000120919115005345/doc4.xml
OPK,944809,Phillip Frost,898860,2015-01-20,2015-01-16,P,open-market purchase,25000,250192.86,10.0077,,,,,unknown,,11,0,Common Stock,I,4,0001209191-15-004776,,https://www.sec.gov/Archives/edgar/data/944809/000120919115004776/doc4.xml
OPK,944809,Phillip Frost,898860,2015-01-16,2015-01-15,P,open-market purchase,44000,439911.95,9.9980,,,,,unknown,,24,0,Common Stock,I,4,0001209191-15-004545,,https://www.sec.gov/Archives/edgar/data/944809/000120919115004545/doc4.xml
OPK,944809,Phillip Frost,898860,2015-01-14,2015-01-13,P,open-market purchase,25000,253713.60,10.1485,,,,,unknown,,19,0,Common Stock,I,4,0001209191-15-004074,,https://www.sec.gov/Archives/edgar/data/944809/000120919115004074/doc4.xml
OPK,944809,Phillip Frost,898860,2015-01-12,2015-01-09,P,open-market purchase,9200,92928.00,10.1009,,,,,unknown,,4,0,Common Stock,I,4,0001209191-15-003574,,https://www.sec.gov/Archives/edgar/data/944809/000120919115003574/doc4.xml
OPK,944809,Phillip Frost,898860,2015-01-09,2015-01-08,P,open-market purchase,22300,223717.88,10.0322,,,,,unknown,,9,0,Common Stock,I,4,0001209191-15-003298,,https://www.sec.gov/Archives/edgar/data/944809/000120919115003298/doc4.xml
OPK,944809,Phillip Frost,898860,2015-01-07,2015-01-06,P,open-market purchase,26000,257912.80,9.9197,,,,,unknown,,16,0,Common Stock,I,4,0001209191-15-002653,,https://www.sec.gov/Archives/edgar/data/944809/000120919115002653/doc4.xml
OPK,944809,Phillip Frost,898860,2015-01-05,2015-01-02,P,open-market purchase,28000,277714.50,9.9184,,,,,unknown,,12,0,Common Stock,I,4,0001209191-15-000428,,https://www.sec.gov/Archives/edgar/data/944809/000120919115000428/doc4.xml
OPK,944809,Phillip Frost,898860,2015-01-02,2014-12-31,P,open-market purchase,92500,924109.97,9.9904,,,,,unknown,,8,0,Common Stock,I,4,0001209191-15-000027,,https://www.sec.gov/Archives/edgar/data/944809/000120919115000027/doc4.xml
OPK,944809,Phillip Frost,898860,2014-12-24,2014-12-23,P,open-market purchase,40000,378252.64,9.4563,,,,,unknown,,13,0,Common Stock,I,4,0001209191-14-077909,,https://www.sec.gov/Archives/edgar/data/944809/000120919114077909/doc4.xml
OPK,944809,Phillip Frost,898860,2014-12-23,2014-12-22,P,open-market purchase,10000,97902.00,9.7902,,,,,unknown,,2,0,Common Stock,I,4,0001209191-14-077582,,https://www.sec.gov/Archives/edgar/data/944809/000120919114077582/doc4.xml
OPK,944809,Phillip Frost,898860,2014-12-18,2014-12-17,P,open-market purchase,15000,135957.00,9.0638,,,,,unknown,,5,0,Common Stock,I,4,0001209191-14-076488,,https://www.sec.gov/Archives/edgar/data/944809/000120919114076488/doc4.xml
OPK,944809,Phillip Frost,898860,2014-11-24,2014-11-21,P,open-market purchase,40000,325811.50,8.1453,,,,,unknown,,11,0,Common Stock,I,4,0001209191-14-070730,,https://www.sec.gov/Archives/edgar/data/944809/000120919114070730/doc4.xml
OPK,944809,Phillip Frost,898860,2014-11-21,2014-11-20,P,open-market purchase,62500,507112.23,8.1138,,,,,unknown,,14,0,Common Stock,I,4,0001209191-14-070518,,https://www.sec.gov/Archives/edgar/data/944809/000120919114070518/doc4.xml
OPK,944809,Phillip Frost,898860,2014-11-20,2014-11-19,P,open-market purchase,25000,204272.05,8.1709,,,,,unknown,,9,0,Common Stock,I,4,0001209191-14-070231,,https://www.sec.gov/Archives/edgar/data/944809/000120919114070231/doc4.xml
OPK,944809,Phillip Frost,898860,2014-11-18,2014-11-17,P,open-market purchase,22000,181099.90,8.2318,,,,,unknown,,7,0,Common Stock,I,4,0001209191-14-069432,,https://www.sec.gov/Archives/edgar/data/944809/000120919114069432/doc4.xml
OPK,944809,Phillip Frost,898860,2014-11-17,2014-11-14,P,open-market purchase,20000,165436.50,8.2718,,,,,unknown,,8,0,Common Stock,I,4,0001209191-14-069020,,https://www.sec.gov/Archives/edgar/data/944809/000120919114069020/doc4.xml
OPK,944809,Phillip Frost,898860,2014-11-14,2014-11-13,P,open-market purchase,12400,103507.50,8.3474,,,,,unknown,,4,0,Common Stock,I,4,0001209191-14-068706,,https://www.sec.gov/Archives/edgar/data/944809/000120919114068706/doc4.xml
OPK,944809,Phillip Frost,898860,2014-11-13,2014-11-12,P,open-market purchase,67800,568506.76,8.3851,,,,,unknown,M,22,0,Common Stock,I,4,0001209191-14-068420,,https://www.sec.gov/Archives/edgar/data/944809/000120919114068420/doc4.xml
OPK,944809,Phillip Frost,898860,2014-11-10,2014-11-07,P,open-market purchase,90000,745056.45,8.2784,,,,,unknown,,19,0,Common Stock,I,4,0001209191-14-067477,,https://www.sec.gov/Archives/edgar/data/944809/000120919114067477/doc4.xml
OPK,944809,Phillip Frost,898860,2014-11-07,2014-11-06,P,open-market purchase,28600,239596.69,8.3775,,,,,unknown,,14,0,Common Stock,I,4,0001209191-14-067185,,https://www.sec.gov/Archives/edgar/data/944809/000120919114067185/doc4.xml
OPK,944809,Phillip Frost,898860,2014-11-06,2014-11-05,P,open-market purchase,33200,277171.46,8.3485,,,,,unknown,,20,0,Common Stock,I,4,0001209191-14-066895,,https://www.sec.gov/Archives/edgar/data/944809/000120919114066895/doc4.xml
OPK,944809,Phillip Frost,898860,2014-11-05,2014-11-04,P,open-market purchase,33600,280654.51,8.3528,,,,,unknown,,13,0,Common Stock,I,4,0001209191-14-066488,,https://www.sec.gov/Archives/edgar/data/944809/000120919114066488/doc4.xml
OPK,944809,Phillip Frost,898860,2014-11-04,2014-11-03,P,open-market purchase,23600,197279.61,8.3593,,,,,unknown,,9,0,Common Stock,I,4,0001209191-14-066001,,https://www.sec.gov/Archives/edgar/data/944809/000120919114066001/doc4.xml
OPK,944809,Phillip Frost,898860,2014-11-03,2014-10-31,P,open-market purchase,20000,167679.65,8.3840,,,,,unknown,,9,0,Common Stock,I,4,0001209191-14-065656,,https://www.sec.gov/Archives/edgar/data/944809/000120919114065656/doc4.xml
OPK,944809,Phillip Frost,898860,2014-10-31,2014-10-30,P,open-market purchase,32500,270810.75,8.3326,,,,,unknown,,14,0,Common Stock,I,4,0001209191-14-065468,,https://www.sec.gov/Archives/edgar/data/944809/000120919114065468/doc4.xml
OPK,944809,Phillip Frost,898860,2014-10-30,2014-10-29,P,open-market purchase,35000,293474.42,8.3850,,,,,unknown,,12,0,Common Stock,I,4,0001209191-14-065335,,https://www.sec.gov/Archives/edgar/data/944809/000120919114065335/doc4.xml
OPK,944809,Phillip Frost,898860,2014-10-27,2014-10-24,P,open-market purchase,40000,336149.00,8.4037,,,,,unknown,,8,0,Common Stock,I,4,0001209191-14-064846,,https://www.sec.gov/Archives/edgar/data/944809/000120919114064846/doc4.xml
OPK,944809,Phillip Frost,898860,2014-10-23,2014-10-22,P,open-market purchase,64800,532953.49,8.2246,,,,,unknown,,11,0,Common Stock,I,4,0001209191-14-064403,,https://www.sec.gov/Archives/edgar/data/944809/000120919114064403/doc4.xml
OPK,944809,Phillip Frost,898860,2014-10-20,2014-10-17,P,open-market purchase,30000,247424.51,8.2475,,,,,unknown,,13,0,Common Stock,I,4,0001209191-14-063914,,https://www.sec.gov/Archives/edgar/data/944809/000120919114063914/doc4.xml
OPK,944809,Phillip Frost,898860,2014-10-17,2014-10-16,P,open-market purchase,20000,166523.67,8.3262,,,,,unknown,,12,0,Common Stock,I,4,0001209191-14-063625,,https://www.sec.gov/Archives/edgar/data/944809/000120919114063625/doc4.xml
OPK,944809,Phillip Frost,898860,2014-10-14,2014-10-13,P,open-market purchase,54000,442584.16,8.1960,,,,,unknown,,22,0,Common Stock,I,4,0001209191-14-063007,,https://www.sec.gov/Archives/edgar/data/944809/000120919114063007/doc4.xml
OPK,944809,Phillip Frost,898860,2014-10-14,2014-10-10,P,open-market purchase,82300,673362.93,8.1818,,,,,unknown,,23,0,Common Stock,I,4,0001209191-14-062977,,https://www.sec.gov/Archives/edgar/data/944809/000120919114062977/doc4.xml
OPK,944809,Phillip Frost,898860,2014-10-10,2014-10-09,P,open-market purchase,25000,210209.21,8.4084,,,,,unknown,,13,0,Common Stock,I,4,0001209191-14-062777,,https://www.sec.gov/Archives/edgar/data/944809/000120919114062777/doc4.xml
OPK,944809,Phillip Frost,898860,2014-10-09,2014-10-08,P,open-market purchase,20000,167889.09,8.3945,,,,,unknown,,8,0,Common Stock,I,4,0001209191-14-062552,,https://www.sec.gov/Archives/edgar/data/944809/000120919114062552/doc4.xml
OPK,944809,Phillip Frost,898860,2014-10-08,2014-10-07,P,open-market purchase,55000,456053.86,8.2919,,,,,unknown,,16,0,Common Stock,I,4,0001209191-14-062410,,https://www.sec.gov/Archives/edgar/data/944809/000120919114062410/doc4.xml
OPK,944809,Phillip Frost,898860,2014-10-07,2014-10-06,P,open-market purchase,10000,83601.00,8.3601,,,,,unknown,,2,0,Common Stock,I,4,0001209191-14-062255,,https://www.sec.gov/Archives/edgar/data/944809/000120919114062255/doc4.xml
OPK,944809,Phillip Frost,898860,2014-10-06,2014-10-03,P,open-market purchase,29400,247298.01,8.4115,,,,,unknown,,20,0,Common Stock,I,4,0001209191-14-062007,,https://www.sec.gov/Archives/edgar/data/944809/000120919114062007/doc4.xml
OPK,944809,Phillip Frost,898860,2014-10-03,2014-10-02,P,open-market purchase,35000,290944.76,8.3127,,,,,unknown,,17,0,Common Stock,I,4,0001209191-14-061308,,https://www.sec.gov/Archives/edgar/data/944809/000120919114061308/doc4.xml
OPK,944809,Phillip Frost,898860,2014-10-02,2014-10-01,P,open-market purchase,40000,335245.87,8.3811,,,,,unknown,,18,0,Common Stock,I,4,0001209191-14-060815,,https://www.sec.gov/Archives/edgar/data/944809/000120919114060815/doc4.xml
OPK,944809,Phillip Frost,898860,2014-10-01,2014-09-30,P,open-market purchase,25000,213961.00,8.5584,,,,,unknown,,6,0,Common Stock,I,4,0001209191-14-060343,,https://www.sec.gov/Archives/edgar/data/944809/000120919114060343/doc4.xml
OPK,944809,Phillip Frost,898860,2014-09-29,2014-09-26,P,open-market purchase,24000,205591.61,8.5663,,,,,unknown,,15,0,Common Stock,I,4,0001209191-14-060061,,https://www.sec.gov/Archives/edgar/data/944809/000120919114060061/doc4.xml
OPK,944809,Phillip Frost,898860,2014-09-26,2014-09-25,P,open-market purchase,10000,85150.00,8.5150,,,,,unknown,,2,0,Common Stock,I,4,0001209191-14-059874,,https://www.sec.gov/Archives/edgar/data/944809/000120919114059874/doc4.xml
OPK,944809,Phillip Frost,898860,2014-09-25,2014-09-24,P,open-market purchase,63000,518578.45,8.2314,,,,,unknown,,21,0,Common Stock,I,4,0001209191-14-059713,,https://www.sec.gov/Archives/edgar/data/944809/000120919114059713/doc4.xml
OPK,944809,Phillip Frost,898860,2014-09-24,2014-09-23,P,open-market purchase,70100,583083.90,8.3179,,,,,unknown,,24,0,Common Stock,I,4,0001209191-14-059532,,https://www.sec.gov/Archives/edgar/data/944809/000120919114059532/doc4.xml
OPK,944809,Phillip Frost,898860,2014-09-22,2014-09-19,P,open-market purchase,35000,294459.76,8.4131,,,,,unknown,,6,0,Common Stock,I,4,0001209191-14-058926,,https://www.sec.gov/Archives/edgar/data/944809/000120919114058926/doc4.xml
OPK,944809,Phillip Frost,898860,2014-09-19,2014-09-18,P,open-market purchase,40000,339418.04,8.4855,,,,,unknown,,11,0,Common Stock,I,4,0001209191-14-058659,,https://www.sec.gov/Archives/edgar/data/944809/000120919114058659/doc4.xml
OPK,944809,Phillip Frost,898860,2014-09-17,2014-09-16,P,open-market purchase,25000,212184.78,8.4874,,,,,unknown,,12,0,Common Stock,I,4,0001209191-14-058324,,https://www.sec.gov/Archives/edgar/data/944809/000120919114058324/doc4.xml
OPK,944809,Phillip Frost,898860,2014-09-16,2014-09-15,P,open-market purchase,20000,170338.13,8.5169,,,,,unknown,,8,0,Common Stock,I,4,0001209191-14-058036,,https://www.sec.gov/Archives/edgar/data/944809/000120919114058036/doc4.xml
OPK,944809,Phillip Frost,898860,2014-09-15,2014-09-12,P,open-market purchase,15000,128600.00,8.5733,,,,,unknown,,3,0,Common Stock,I,4,0001209191-14-057811,,https://www.sec.gov/Archives/edgar/data/944809/000120919114057811/doc4.xml
OPK,944809,Phillip Frost,898860,2014-09-12,2014-09-11,P,open-market purchase,20000,170843.79,8.5422,,,,,unknown,,12,0,Common Stock,I,4,0001209191-14-057599,,https://www.sec.gov/Archives/edgar/data/944809/000120919114057599/doc4.xml
OPK,944809,Phillip Frost,898860,2014-09-11,2014-09-10,P,open-market purchase,10000,85495.36,8.5495,,,,,unknown,,5,0,Common Stock,I,4,0001209191-14-057419,,https://www.sec.gov/Archives/edgar/data/944809/000120919114057419/doc4.xml
OPK,944809,Phillip Frost,898860,2014-09-10,2014-09-09,P,open-market purchase,35700,305128.55,8.5470,,,,,unknown,,11,0,Common Stock,I,4,0001209191-14-057196,,https://www.sec.gov/Archives/edgar/data/944809/000120919114057196/doc4.xml
OPK,944809,Phillip Frost,898860,2014-09-08,2014-09-05,P,open-market purchase,58000,492037.71,8.4834,,,,,unknown,,22,0,Common Stock,I,4,0001209191-14-056261,,https://www.sec.gov/Archives/edgar/data/944809/000120919114056261/doc4.xml
OPK,944809,Phillip Frost,898860,2014-09-05,2014-09-04,P,open-market purchase,35000,301115.92,8.6033,,,,,unknown,,13,0,Common Stock,I,4,0001209191-14-056037,,https://www.sec.gov/Archives/edgar/data/944809/000120919114056037/doc4.xml
OPK,944809,Phillip Frost,898860,2014-09-03,2014-09-02,P,open-market purchase,10000,87847.00,8.7847,,,,,unknown,,4,0,Common Stock,I,4,0001209191-14-055356,,https://www.sec.gov/Archives/edgar/data/944809/000120919114055356/doc4.xml
OPK,944809,Phillip Frost,898860,2014-09-02,2014-08-29,P,open-market purchase,20000,178259.67,8.9130,,,,,unknown,,11,0,Common Stock,I,4,0001209191-14-055122,,https://www.sec.gov/Archives/edgar/data/944809/000120919114055122/doc4.xml
OPK,944809,Phillip Frost,898860,2014-08-29,2014-08-28,P,open-market purchase,30000,265068.08,8.8356,,,,,unknown,,10,0,Common Stock,I,4,0001209191-14-054906,,https://www.sec.gov/Archives/edgar/data/944809/000120919114054906/doc4.xml
OPK,944809,Phillip Frost,898860,2014-08-28,2014-08-27,P,open-market purchase,35000,310845.14,8.8813,,,,,unknown,,10,0,Common Stock,I,4,0001209191-14-054754,,https://www.sec.gov/Archives/edgar/data/944809/000120919114054754/doc4.xml
OPK,944809,Phillip Frost,898860,2014-08-25,2014-08-22,P,open-market purchase,31000,272965.38,8.8053,,,,,unknown,,12,0,Common Stock,I,4,0001209191-14-054150,,https://www.sec.gov/Archives/edgar/data/944809/000120919114054150/doc4.xml
OPK,944809,Phillip Frost,898860,2014-08-22,2014-08-21,P,open-market purchase,25000,220223.50,8.8089,,,,,unknown,,8,0,Common Stock,I,4,0001209191-14-053953,,https://www.sec.gov/Archives/edgar/data/944809/000120919114053953/doc4.xml
OPK,944809,Phillip Frost,898860,2014-08-21,2014-08-20,P,open-market purchase,35000,311852.70,8.9101,,,,,unknown,,13,0,Common Stock,I,4,0001209191-14-053742,,https://www.sec.gov/Archives/edgar/data/944809/000120919114053742/doc4.xml
OPK,944809,Phillip Frost,898860,2014-08-20,2014-08-19,P,open-market purchase,10000,90593.90,9.0594,,,,,unknown,,4,0,Common Stock,I,4,0001209191-14-053595,,https://www.sec.gov/Archives/edgar/data/944809/000120919114053595/doc4.xml
OPK,944809,Phillip Frost,898860,2014-08-18,2014-08-15,P,open-market purchase,11400,103572.25,9.0853,,,,,unknown,,8,0,Common Stock,I,4,0001209191-14-052870,,https://www.sec.gov/Archives/edgar/data/944809/000120919114052870/doc4.xml
OPK,944809,Phillip Frost,898860,2014-08-15,2014-08-14,P,open-market purchase,19300,174508.50,9.0419,,,,,unknown,,8,0,Common Stock,I,4,0001209191-14-052544,,https://www.sec.gov/Archives/edgar/data/944809/000120919114052544/doc4.xml
OPK,944809,Phillip Frost,898860,2014-08-13,2014-08-12,P,open-market purchase,63000,565154.38,8.9707,,,,,unknown,,28,0,Common Stock,I,4,0001209191-14-052022,,https://www.sec.gov/Archives/edgar/data/944809/000120919114052022/doc4.xml
OPK,944809,Phillip Frost,898860,2014-08-05,2014-08-04,P,open-market purchase,5000,43755.60,8.7511,,,,,unknown,,3,0,Common Stock,I,4,0001209191-14-050445,,https://www.sec.gov/Archives/edgar/data/944809/000120919114050445/doc4.xml
OPK,944809,Phillip Frost,898860,2014-08-04,2014-08-01,P,open-market purchase,25000,216666.17,8.6666,,,,,unknown,,15,0,Common Stock,I,4,0001209191-14-050064,,https://www.sec.gov/Archives/edgar/data/944809/000120919114050064/doc4.xml
OPK,944809,Phillip Frost,898860,2014-07-31,2014-07-30,P,open-market purchase,25000,224330.25,8.9732,,,,,unknown,,8,0,Common Stock,I,4,0001209191-14-049635,,https://www.sec.gov/Archives/edgar/data/944809/000120919114049635/doc4.xml
OPK,944809,Phillip Frost,898860,2014-07-31,2014-07-29,P,open-market purchase,18500,167559.24,9.0573,,,,,unknown,,3,0,Common Stock,I,4,0001209191-14-049635,,https://www.sec.gov/Archives/edgar/data/944809/000120919114049635/doc4.xml
OPK,944809,Phillip Frost,898860,2014-07-28,2014-07-25,P,open-market purchase,36000,324521.42,9.0145,,,,,unknown,,10,0,Common Stock,I,4,0001209191-14-049148,,https://www.sec.gov/Archives/edgar/data/944809/000120919114049148/doc4.xml
OPK,944809,Phillip Frost,898860,2014-07-24,2014-07-23,P,open-market purchase,10000,88996.86,8.8997,,,,,unknown,,3,0,Common Stock,I,4,0001209191-14-048772,,https://www.sec.gov/Archives/edgar/data/944809/000120919114048772/doc4.xml
OPK,944809,Phillip Frost,898860,2014-07-23,2014-07-22,P,open-market purchase,30000,259884.50,8.6628,,,,,unknown,,7,0,Common Stock,I,4,0001209191-14-048506,,https://www.sec.gov/Archives/edgar/data/944809/000120919114048506/doc4.xml
OPK,944809,Phillip Frost,898860,2014-07-18,2014-07-17,P,open-market purchase,40000,345349.25,8.6337,,,,,unknown,,19,0,Common Stock,I,4,0001209191-14-048046,,https://www.sec.gov/Archives/edgar/data/944809/000120919114048046/doc4.xml
OPK,944809,Phillip Frost,898860,2014-07-17,2014-07-16,P,open-market purchase,20000,175234.15,8.7617,,,,,unknown,,12,0,Common Stock,I,4,0001209191-14-047557,,https://www.sec.gov/Archives/edgar/data/944809/000120919114047557/doc4.xml
OPK,944809,Phillip Frost,898860,2014-07-16,2014-07-15,P,open-market purchase,26000,227020.51,8.7316,,,,,unknown,,14,0,Common Stock,I,4,0001209191-14-047345,,https://www.sec.gov/Archives/edgar/data/944809/000120919114047345/doc4.xml
OPK,944809,Phillip Frost,898860,2014-07-15,2014-07-14,P,open-market purchase,20000,178136.67,8.9068,,,,,unknown,,9,0,Common Stock,I,4,0001209191-14-047046,,https://www.sec.gov/Archives/edgar/data/944809/000120919114047046/doc4.xml
OPK,944809,Phillip Frost,898860,2014-07-11,2014-07-10,P,open-market purchase,20000,175889.51,8.7945,,,,,unknown,,14,0,Common Stock,I,4,0001209191-14-046718,,https://www.sec.gov/Archives/edgar/data/944809/000120919114046718/doc4.xml
OPK,944809,Phillip Frost,898860,2014-07-09,2014-07-08,P,open-market purchase,30000,257503.12,8.5834,,,,,unknown,,17,0,Common Stock,I,4,0001209191-14-046496,,https://www.sec.gov/Archives/edgar/data/944809/000120919114046496/doc4.xml
OPK,944809,Phillip Frost,898860,2014-07-08,2014-07-07,P,open-market purchase,27000,237435.85,8.7939,,,,,unknown,,11,0,Common Stock,I,4,0001209191-14-046296,,https://www.sec.gov/Archives/edgar/data/944809/000120919114046296/doc4.xml
OPK,944809,Phillip Frost,898860,2014-07-07,2014-07-03,P,open-market purchase,45800,407773.70,8.9034,,,,,unknown,,19,0,Common Stock,I,4,0001209191-14-046139,,https://www.sec.gov/Archives/edgar/data/944809/000120919114046139/doc4.xml
OPK,944809,Phillip Frost,898860,2014-07-03,2014-07-02,P,open-market purchase,13000,114119.77,8.7784,,,,,unknown,,5,0,Common Stock,I,4,0001209191-14-045658,,https://www.sec.gov/Archives/edgar/data/944809/000120919114045658/doc4.xml
OPK,944809,Phillip Frost,898860,2014-07-02,2014-07-01,P,open-market purchase,15000,133535.42,8.9024,,,,,unknown,,7,0,Common Stock,I,4,0001209191-14-044893,,https://www.sec.gov/Archives/edgar/data/944809/000120919114044893/doc4.xml
OPK,944809,Phillip Frost,898860,2014-07-01,2014-06-30,P,open-market purchase,15000,134143.74,8.9429,,,,,unknown,,7,0,Common Stock,I,4,0001209191-14-044482,,https://www.sec.gov/Archives/edgar/data/944809/000120919114044482/doc4.xml
OPK,944809,Phillip Frost,898860,2014-06-30,2014-06-27,P,open-market purchase,20000,179228.80,8.9614,,,,,unknown,,5,0,Common Stock,I,4,0001209191-14-044255,,https://www.sec.gov/Archives/edgar/data/944809/000120919114044255/doc4.xml
OPK,944809,Phillip Frost,898860,2014-06-26,2014-06-25,P,open-market purchase,65000,562443.36,8.6530,,,,,unknown,,27,0,Common Stock,I,4,0001209191-14-043700,,https://www.sec.gov/Archives/edgar/data/944809/000120919114043700/doc4.xml
OPK,944809,Phillip Frost,898860,2014-06-25,2014-06-24,P,open-market purchase,40000,353856.52,8.8464,,,,,unknown,,25,0,Common Stock,I,4,0001209191-14-043432,,https://www.sec.gov/Archives/edgar/data/944809/000120919114043432/doc4.xml
OPK,944809,Phillip Frost,898860,2014-06-24,2014-06-23,P,open-market purchase,15000,135797.00,9.0531,,,,,unknown,,4,0,Common Stock,I,4,0001209191-14-043211,,https://www.sec.gov/Archives/edgar/data/944809/000120919114043211/doc4.xml
OPK,944809,Phillip Frost,898860,2014-06-23,2014-06-20,P,open-market purchase,45000,412736.73,9.1719,,,,,unknown,,23,0,Common Stock,I,4,0001209191-14-043013,,https://www.sec.gov/Archives/edgar/data/944809/000120919114043013/doc4.xml
OPK,944809,Phillip Frost,898860,2014-06-20,2014-06-19,P,open-market purchase,50000,462492.15,9.2498,,,,,unknown,,25,0,Common Stock,I,4,0001209191-14-042754,,https://www.sec.gov/Archives/edgar/data/944809/000120919114042754/doc4.xml
OPK,944809,Phillip Frost,898860,2014-06-19,2014-06-18,P,open-market purchase,20000,187063.90,9.3532,,,,,unknown,,8,0,Common Stock,I,4,0001209191-14-042473,,https://www.sec.gov/Archives/edgar/data/944809/000120919114042473/doc4.xml
OPK,944809,Phillip Frost,898860,2014-06-13,2014-06-12,P,open-market purchase,50000,451342.74,9.0269,,,,,unknown,,28,0,Common Stock,I,4,0001209191-14-041149,,https://www.sec.gov/Archives/edgar/data/944809/000120919114041149/doc4.xml
OPK,944809,Phillip Frost,898860,2014-06-12,2014-06-11,P,open-market purchase,50000,454628.15,9.0926,,,,,unknown,,20,0,Common Stock,I,4,0001209191-14-040772,,https://www.sec.gov/Archives/edgar/data/944809/000120919114040772/doc4.xml
OPK,944809,Phillip Frost,898860,2014-06-11,2014-06-10,P,open-market purchase,20500,187753.80,9.1587,,,,,unknown,,4,0,Common Stock,I,4,0001209191-14-040452,,https://www.sec.gov/Archives/edgar/data/944809/000120919114040452/doc4.xml
OPK,944809,Phillip Frost,898860,2014-06-09,2014-06-06,P,open-market purchase,10000,93015.26,9.3015,,,,,unknown,,5,0,Common Stock,I,4,0001209191-14-039751,,https://www.sec.gov/Archives/edgar/data/944809/000120919114039751/doc4.xml
OPK,944809,Phillip Frost,898860,2014-06-05,2014-06-04,P,open-market purchase,20000,175619.25,8.7810,,,,,unknown,,5,0,Common Stock,I,4,0001209191-14-039174,,https://www.sec.gov/Archives/edgar/data/944809/000120919114039174/doc4.xml
OPK,944809,Phillip Frost,898860,2014-06-02,2014-05-30,P,open-market purchase,36000,309758.30,8.6044,,,,,unknown,,23,0,Common Stock,I,4,0001209191-14-038152,,https://www.sec.gov/Archives/edgar/data/944809/000120919114038152/doc4.xml
OPK,944809,Phillip Frost,898860,2014-05-22,2014-05-21,P,open-market purchase,10000,83021.96,8.3022,,,,,unknown,,6,0,Common Stock,I,4,0001209191-14-036009,,https://www.sec.gov/Archives/edgar/data/944809/000120919114036009/doc4.xml
OPK,944809,Phillip Frost,898860,2014-05-21,2014-05-20,P,open-market purchase,26600,219703.28,8.2595,,,,,unknown,,13,0,Common Stock,I,4,0001209191-14-035709,,https://www.sec.gov/Archives/edgar/data/944809/000120919114035709/doc4.xml
OPK,944809,Phillip Frost,898860,2014-05-16,2014-05-15,P,open-market purchase,24400,197541.75,8.0960,,,,,unknown,,16,0,Common Stock,I,4,0001209191-14-034424,,https://www.sec.gov/Archives/edgar/data/944809/000120919114034424/doc4.xml
OPK,944809,Phillip Frost,898860,2014-05-15,2014-05-14,P,open-market purchase,25500,209142.00,8.2016,,,,,unknown,,5,0,Common Stock,I,4,0001209191-14-033940,,https://www.sec.gov/Archives/edgar/data/944809/000120919114033940/doc4.xml
OPK,944809,Phillip Frost,898860,2014-05-14,2014-05-13,P,open-market purchase,20400,170428.66,8.3543,,,,,unknown,,9,0,Common Stock,I,4,0001209191-14-033494,,https://www.sec.gov/Archives/edgar/data/944809/000120919114033494/doc4.xml
OPK,944809,Phillip Frost,898860,2014-05-13,2014-05-12,P,open-market purchase,10000,84600.00,8.4600,,,,,unknown,,1,0,Common Stock,I,4,0001209191-14-033159,,https://www.sec.gov/Archives/edgar/data/944809/000120919114033159/doc4.xml
OPK,944809,Phillip Frost,898860,2014-05-12,2014-05-09,P,open-market purchase,100000,816970.00,8.1697,,,,,unknown,,1,0,Common Stock,I,4,0001209191-14-032767,,https://www.sec.gov/Archives/edgar/data/944809/000120919114032767/doc4.xml
OPK,944809,Phillip Frost,898860,2014-05-09,2014-05-08,P,open-market purchase,73900,595971.30,8.0646,,,,,unknown,,26,0,Common Stock,I,4,0001209191-14-032458,,https://www.sec.gov/Archives/edgar/data/944809/000120919114032458/doc4.xml
OPK,944809,Phillip Frost,898860,2014-05-08,2014-05-07,P,open-market purchase,37500,306181.41,8.1648,,,,,unknown,,16,0,Common Stock,I,4,0001209191-14-032055,,https://www.sec.gov/Archives/edgar/data/944809/000120919114032055/doc4.xml
OPK,944809,Phillip Frost,898860,2014-05-07,2014-05-06,P,open-market purchase,33900,279407.45,8.2421,,,,,unknown,,18,0,Common Stock,I,4,0001209191-14-031694,,https://www.sec.gov/Archives/edgar/data/944809/000120919114031694/doc4.xml
OPK,944809,Phillip Frost,898860,2014-05-06,2014-05-05,P,open-market purchase,16500,137915.00,8.3585,,,,,unknown,,13,0,Common Stock,I,4,0001209191-14-031373,,https://www.sec.gov/Archives/edgar/data/944809/000120919114031373/doc4.xml
OPK,944809,Phillip Frost,898860,2014-05-05,2014-05-02,P,open-market purchase,26000,214858.46,8.2638,,,,,unknown,,5,0,Common Stock,I,4,0001209191-14-030954,,https://www.sec.gov/Archives/edgar/data/944809/000120919114030954/doc4.xml
OPK,944809,Phillip Frost,898860,2014-05-02,2014-05-01,P,open-market purchase,20000,167175.65,8.3588,,,,,unknown,,7,0,Common Stock,I,4,0001209191-14-030439,,https://www.sec.gov/Archives/edgar/data/944809/000120919114030439/doc4.xml
OPK,944809,Phillip Frost,898860,2014-05-01,2014-04-30,P,open-market purchase,25000,205593.00,8.2237,,,,,unknown,,9,0,Common Stock,I,4,0001209191-14-030030,,https://www.sec.gov/Archives/edgar/data/944809/000120919114030030/doc4.xml
OPK,944809,Phillip Frost,898860,2014-04-28,2014-04-25,P,open-market purchase,36200,291118.18,8.0419,,,,,unknown,,7,0,Common Stock,I,4,0001209191-14-029337,,https://www.sec.gov/Archives/edgar/data/944809/000120919114029337/doc4.xml
OPK,944809,Phillip Frost,898860,2014-04-25,2014-04-24,P,open-market purchase,12400,102329.00,8.2523,,,,,unknown,,5,0,Common Stock,I,4,0001209191-14-029160,,https://www.sec.gov/Archives/edgar/data/944809/000120919114029160/doc4.xml
OPK,944809,Phillip Frost,898860,2014-04-24,2014-04-23,P,open-market purchase,36300,296524.22,8.1687,,,,,unknown,,17,0,Common Stock,I,4,0001209191-14-028989,,https://www.sec.gov/Archives/edgar/data/944809/000120919114028989/doc4.xml
OPK,944809,Phillip Frost,898860,2014-04-23,2014-04-22,P,open-market purchase,89500,741716.66,8.2873,,,,,unknown,,25,0,Common Stock,I,4,0001209191-14-028748,,https://www.sec.gov/Archives/edgar/data/944809/000120919114028748/doc4.xml
OPK,944809,Phillip Frost,898860,2014-04-22,2014-04-21,P,open-market purchase,100000,832220.00,8.3222,,,,,unknown,,1,0,Common Stock,I,4,0001209191-14-028534,,https://www.sec.gov/Archives/edgar/data/944809/000120919114028534/doc4.xml
OPK,944809,Phillip Frost,898860,2014-04-21,2014-04-17,P,open-market purchase,51000,415667.79,8.1503,,,,,unknown,,27,0,Common Stock,I,4,0001209191-14-028379,,https://www.sec.gov/Archives/edgar/data/944809/000120919114028379/doc4.xml
OPK,944809,Phillip Frost,898860,2014-04-16,2014-04-15,P,open-market purchase,129800,1043617.96,8.0402,,,,,unknown,,1,0,Common Stock,I,4,0001209191-14-027804,,https://www.sec.gov/Archives/edgar/data/944809/000120919114027804/doc4.xml
OPK,944809,Phillip Frost,898860,2014-04-15,2014-04-14,P,open-market purchase,110600,935642.82,8.4597,,,,,unknown,,1,0,Common Stock,I,4,0001209191-14-027409,,https://www.sec.gov/Archives/edgar/data/944809/000120919114027409/doc4.xml
OPK,944809,Phillip Frost,898860,2014-04-14,2014-04-11,P,open-market purchase,63400,558740.68,8.8129,,,,,unknown,,25,0,Common Stock,I,4,0001209191-14-027235,,https://www.sec.gov/Archives/edgar/data/944809/000120919114027235/doc4.xml
OPK,944809,Phillip Frost,898860,2014-04-11,2014-04-10,P,open-market purchase,20400,189229.02,9.2759,,,,,unknown,,10,0,Common Stock,I,4,0001209191-14-027112,,https://www.sec.gov/Archives/edgar/data/944809/000120919114027112/doc4.xml
OPK,944809,Phillip Frost,898860,2014-04-08,2014-04-07,P,open-market purchase,28700,261617.55,9.1156,,,,,unknown,,20,0,Common Stock,I,4,0001209191-14-026288,,https://www.sec.gov/Archives/edgar/data/944809/000120919114026288/doc4.xml
OPK,944809,Phillip Frost,898860,2014-04-07,2014-04-04,P,open-market purchase,26900,247546.55,9.2025,,,,,unknown,,20,0,Common Stock,I,4,0001209191-14-026071,,https://www.sec.gov/Archives/edgar/data/944809/000120919114026071/doc4.xml
OPK,944809,Phillip Frost,898860,2014-04-04,2014-04-03,P,open-market purchase,28000,264719.78,9.4543,,,,,unknown,,22,0,Common Stock,I,4,0001209191-14-025848,,https://www.sec.gov/Archives/edgar/data/944809/000120919114025848/doc4.xml
OPK,944809,Phillip Frost,898860,2014-04-03,2014-04-02,P,open-market purchase,18200,174577.39,9.5922,,,,,unknown,,14,0,Common Stock,I,4,0001209191-14-024970,,https://www.sec.gov/Archives/edgar/data/944809/000120919114024970/doc4.xml
OPK,944809,Phillip Frost,898860,2014-03-31,2014-03-28,P,open-market purchase,37700,334826.90,8.8814,,,,,unknown,,14,0,Common Stock,I,4,0001209191-14-023814,,https://www.sec.gov/Archives/edgar/data/944809/000120919114023814/doc4.xml
OPK,944809,Phillip Frost,898860,2014-03-28,2014-03-27,P,open-market purchase,26800,241555.54,9.0133,,,,,unknown,,15,0,Common Stock,I,4,0001209191-14-023639,,https://www.sec.gov/Archives/edgar/data/944809/000120919114023639/doc4.xml
OPK,944809,Phillip Frost,898860,2014-03-27,2014-03-26,P,open-market purchase,52400,477649.69,9.1155,,,,,unknown,,22,0,Common Stock,I,4,0001209191-14-023351,,https://www.sec.gov/Archives/edgar/data/944809/000120919114023351/doc4.xml
OPK,944809,Phillip Frost,898860,2014-03-26,2014-03-25,P,open-market purchase,16500,152988.45,9.2720,,,,,unknown,,12,0,Common Stock,I,4,0001209191-14-023071,,https://www.sec.gov/Archives/edgar/data/944809/000120919114023071/doc4.xml
OPK,944809,Phillip Frost,898860,2014-03-25,2014-03-24,P,open-market purchase,21400,198675.75,9.2839,,,,,unknown,,9,0,Common Stock,I,4,0001209191-14-022859,,https://www.sec.gov/Archives/edgar/data/944809/000120919114022859/doc4.xml
OPK,944809,Phillip Frost,898860,2014-03-24,2014-03-21,P,open-market purchase,30800,291268.98,9.4568,,,,,unknown,,16,0,Common Stock,I,4,0001209191-14-022566,,https://www.sec.gov/Archives/edgar/data/944809/000120919114022566/doc4.xml
OPK,944809,Phillip Frost,898860,2014-03-21,2014-03-20,P,open-market purchase,34600,336984.05,9.7394,,,,,unknown,,12,0,Common Stock,I,4,0001209191-14-022354,,https://www.sec.gov/Archives/edgar/data/944809/000120919114022354/doc4.xml
OPK,944809,Phillip Frost,898860,2014-03-20,2014-03-19,P,open-market purchase,15000,146000.62,9.7334,,,,,unknown,,8,0,Common Stock,I,4,0001209191-14-022054,,https://www.sec.gov/Archives/edgar/data/944809/000120919114022054/doc4.xml
OPK,944809,Phillip Frost,898860,2014-03-19,2014-03-18,P,open-market purchase,20500,203978.40,9.9502,,,,,unknown,,8,0,Common Stock,I,4,0001209191-14-021677,,https://www.sec.gov/Archives/edgar/data/944809/000120919114021677/doc4.xml
OPK,944809,Phillip Frost,898860,2014-03-14,2014-03-13,P,open-market purchase,37000,344778.74,9.3183,,,,,unknown,,19,0,Common Stock,I,4,0001209191-14-020546,,https://www.sec.gov/Archives/edgar/data/944809/000120919114020546/doc4.xml
OPK,944809,Phillip Frost,898860,2014-03-13,2014-03-12,P,open-market purchase,6000,55503.50,9.2506,,,,,unknown,,5,0,Common Stock,I,4,0001209191-14-020109,,https://www.sec.gov/Archives/edgar/data/944809/000120919114020109/doc4.xml
OPK,944809,Phillip Frost,898860,2014-03-12,2014-03-11,P,open-market purchase,60900,555581.61,9.1229,,,,,unknown,,28,0,Common Stock,I,4,0001209191-14-019650,,https://www.sec.gov/Archives/edgar/data/944809/000120919114019650/doc4.xml
OPK,944809,Phillip Frost,898860,2014-03-11,2014-03-10,P,open-market purchase,9600,88428.67,9.2113,,,,,unknown,,7,0,Common Stock,I,4,0001209191-14-019092,,https://www.sec.gov/Archives/edgar/data/944809/000120919114019092/doc4.xml
OPK,944809,Phillip Frost,898860,2014-03-10,2014-03-07,P,open-market purchase,10000,92000.00,9.2000,,,,,unknown,,1,0,Common Stock,I,4,0001209191-14-018626,,https://www.sec.gov/Archives/edgar/data/944809/000120919114018626/doc4.xml
OPK,944809,Phillip Frost,898860,2014-03-07,2014-03-06,P,open-market purchase,41500,379532.17,9.1454,,,,,unknown,,27,0,Common Stock,I,4,0001209191-14-018121,,https://www.sec.gov/Archives/edgar/data/944809/000120919114018121/doc4.xml
OPK,944809,Phillip Frost,898860,2014-03-06,2014-03-05,P,open-market purchase,15000,140786.50,9.3858,,,,,unknown,,6,0,Common Stock,I,4,0001209191-14-017675,,https://www.sec.gov/Archives/edgar/data/944809/000120919114017675/doc4.xml
OPK,944809,Phillip Frost,898860,2014-03-03,2014-02-28,P,open-market purchase,15000,145976.42,9.7318,,,,,unknown,,16,0,Common Stock,I,4,0001209191-14-015556,,https://www.sec.gov/Archives/edgar/data/944809/000120919114015556/doc4.xml
OPK,944809,Phillip Frost,898860,2014-02-28,2014-02-27,P,open-market purchase,15000,136711.94,9.1141,,,,,unknown,,10,0,Common Stock,I,4,0001209191-14-015100,,https://www.sec.gov/Archives/edgar/data/944809/000120919114015100/doc4.xml
OPK,944809,Phillip Frost,898860,2014-02-27,2014-02-26,P,open-market purchase,15000,134644.45,8.9763,,,,,unknown,,9,0,Common Stock,I,4,0001209191-14-014703,,https://www.sec.gov/Archives/edgar/data/944809/000120919114014703/doc4.xml
OPK,944809,Phillip Frost,898860,2014-02-26,2014-02-25,P,open-market purchase,15000,135476.00,9.0317,,,,,unknown,,7,0,Common Stock,I,4,0001209191-14-014296,,https://www.sec.gov/Archives/edgar/data/944809/000120919114014296/doc4.xml
OPK,944809,Phillip Frost,898860,2014-02-25,2014-02-24,P,open-market purchase,15000,134409.50,8.9606,,,,,unknown,,17,0,Common Stock,I,4,0001209191-14-013718,,https://www.sec.gov/Archives/edgar/data/944809/000120919114013718/doc4.xml
OPK,944809,Phillip Frost,898860,2014-02-24,2014-02-21,P,open-market purchase,17200,154870.62,9.0041,,,,,unknown,,14,0,Common Stock,I,4,0001209191-14-013331,,https://www.sec.gov/Archives/edgar/data/944809/000120919114013331/doc4.xml
OPK,944809,Phillip Frost,898860,2014-02-21,2014-02-20,P,open-market purchase,27000,231083.00,8.5586,,,,,unknown,,13,0,Common Stock,I,4,0001209191-14-012770,,https://www.sec.gov/Archives/edgar/data/944809/000120919114012770/doc4.xml
OPK,944809,Phillip Frost,898860,2014-02-20,2014-02-19,P,open-market purchase,27600,235498.41,8.5326,,,,,unknown,,17,0,Common Stock,I,4,0001209191-14-012092,,https://www.sec.gov/Archives/edgar/data/944809/000120919114012092/doc4.xml
OPK,944809,Phillip Frost,898860,2014-02-19,2014-02-18,P,open-market purchase,20900,181489.35,8.6837,,,,,unknown,,16,0,Common Stock,I,4,0001209191-14-011560,,https://www.sec.gov/Archives/edgar/data/944809/000120919114011560/doc4.xml
OPK,944809,Phillip Frost,898860,2014-02-18,2014-02-14,P,open-market purchase,20500,177375.28,8.6525,,,,,unknown,,15,0,Common Stock,I,4,0001209191-14-011091,,https://www.sec.gov/Archives/edgar/data/944809/000120919114011091/doc4.xml
OPK,944809,Phillip Frost,898860,2014-02-13,2014-02-12,P,open-market purchase,21800,169146.79,7.7590,,,,,unknown,,9,0,Common Stock,I,4,0001209191-14-010059,,https://www.sec.gov/Archives/edgar/data/944809/000120919114010059/doc4.xml
OPK,944809,Phillip Frost,898860,2014-02-06,2014-02-05,P,open-market purchase,150260,1119692.31,7.4517,,,,,unknown,,28,0,Common Stock,I,4,0001209191-14-007831,,https://www.sec.gov/Archives/edgar/data/944809/000120919114007831/doc4.xml
OPK,944809,Phillip Frost,898860,2014-02-06,2014-02-05,P,open-market purchase,349740,2655932.15,7.5940,,,,,unknown,,28,0,Common Stock,I,4,0001209191-14-007832,,https://www.sec.gov/Archives/edgar/data/944809/000120919114007832/doc4.xml
OPK,944809,Phillip Frost,898860,2014-02-05,2014-02-04,P,open-market purchase,43400,330644.68,7.6185,,,,,unknown,,15,0,Common Stock,I,4,0001209191-14-007391,,https://www.sec.gov/Archives/edgar/data/944809/000120919114007391/doc4.xml
OPK,944809,Phillip Frost,898860,2014-02-04,2014-02-03,P,open-market purchase,28400,219707.19,7.7362,,,,,unknown,,14,0,Common Stock,I,4,0001209191-14-006695,,https://www.sec.gov/Archives/edgar/data/944809/000120919114006695/doc4.xml
OPK,944809,Phillip Frost,898860,2014-02-03,2014-01-31,P,open-market purchase,15000,118773.43,7.9182,,,,,unknown,,5,0,Common Stock,I,4,0001209191-14-006345,,https://www.sec.gov/Archives/edgar/data/944809/000120919114006345/doc4.xml
OPK,944809,Phillip Frost,898860,2014-01-30,2014-01-29,P,open-market purchase,42100,337082.67,8.0067,,,,,unknown,,16,0,Common Stock,I,4,0001209191-14-005726,,https://www.sec.gov/Archives/edgar/data/944809/000120919114005726/doc4.xml
OPK,944809,Phillip Frost,898860,2014-01-29,2014-01-28,P,open-market purchase,7500,61200.00,8.1600,,,,,unknown,,1,0,Common Stock,I,4,0001209191-14-005423,,https://www.sec.gov/Archives/edgar/data/944809/000120919114005423/doc4.xml
OPK,944809,Phillip Frost,898860,2014-01-28,2014-01-27,P,open-market purchase,259622,2058731.16,7.9297,,,,,unknown,,28,0,Common Stock,I,4,0001209191-14-005168,,https://www.sec.gov/Archives/edgar/data/944809/000120919114005168/doc4.xml
OPK,944809,Phillip Frost,898860,2014-01-28,2014-01-27,P,open-market purchase,147156,1190784.87,8.0920,,,,,unknown,,28,0,Common Stock,I,4,0001209191-14-005169,,https://www.sec.gov/Archives/edgar/data/944809/000120919114005169/doc4.xml
OPK,944809,Phillip Frost,898860,2014-01-28,2014-01-27,P,open-market purchase,177722,1460316.26,8.2169,,,,,unknown,,16,0,Common Stock,I,4,0001209191-14-005170,,https://www.sec.gov/Archives/edgar/data/944809/000120919114005170/doc4.xml
OPK,944809,Phillip Frost,898860,2014-01-27,2014-01-24,P,open-market purchase,37000,314812.18,8.5084,,,,,unknown,,25,0,Common Stock,I,4,0001209191-14-004978,,https://www.sec.gov/Archives/edgar/data/944809/000120919114004978/doc4.xml
OPK,944809,Phillip Frost,898860,2014-01-24,2014-01-23,P,open-market purchase,14900,131447.93,8.8220,,,,,unknown,,6,0,Common Stock,I,4,0001209191-14-004735,,https://www.sec.gov/Archives/edgar/data/944809/000120919114004735/doc4.xml
OPK,944809,Phillip Frost,898860,2014-01-23,2014-01-22,P,open-market purchase,17300,154297.80,8.9189,,,,,unknown,,18,0,Common Stock,I,4,0001209191-14-004484,,https://www.sec.gov/Archives/edgar/data/944809/000120919114004484/doc4.xml
OPK,944809,Phillip Frost,898860,2014-01-22,2014-01-21,P,open-market purchase,16700,147272.88,8.8187,,,,,unknown,,13,0,Common Stock,I,4,0001209191-14-004193,,https://www.sec.gov/Archives/edgar/data/944809/000120919114004193/doc4.xml
OPK,944809,Phillip Frost,898860,2014-01-21,2014-01-17,P,open-market purchase,31700,276303.29,8.7162,,,,,unknown,,13,0,Common Stock,I,4,0001209191-14-003912,,https://www.sec.gov/Archives/edgar/data/944809/000120919114003912/doc4.xml
OPK,944809,Phillip Frost,898860,2014-01-13,2014-01-10,P,open-market purchase,8200,70423.02,8.5882,,,,,unknown,,4,0,Common Stock,I,4,0001209191-14-002889,,https://www.sec.gov/Archives/edgar/data/944809/000120919114002889/doc4.xml
OPK,944809,Phillip Frost,898860,2014-01-10,2014-01-09,P,open-market purchase,9500,80408.22,8.4640,,,,,unknown,,7,0,Common Stock,I,4,0001209191-14-002751,,https://www.sec.gov/Archives/edgar/data/944809/000120919114002751/doc4.xml
OPK,944809,Phillip Frost,898860,2014-01-09,2014-01-08,P,open-market purchase,7400,62823.82,8.4897,,,,,unknown,,5,0,Common Stock,I,4,0001209191-14-002515,,https://www.sec.gov/Archives/edgar/data/944809/000120919114002515/doc4.xml
OPK,944809,Phillip Frost,898860,2014-01-08,2014-01-07,P,open-market purchase,14000,118522.98,8.4659,,,,,unknown,,5,0,Common Stock,I,4,0001209191-14-002323,,https://www.sec.gov/Archives/edgar/data/944809/000120919114002323/doc4.xml
OPK,944809,Phillip Frost,898860,2014-01-07,2014-01-06,P,open-market purchase,5000,41799.75,8.3599,,,,,unknown,,2,0,Common Stock,I,4,0001209191-14-002101,,https://www.sec.gov/Archives/edgar/data/944809/000120919114002101/doc4.xml
OPK,944809,Phillip Frost,898860,2014-01-03,2014-01-02,P,open-market purchase,51200,431520.67,8.4281,,,,,unknown,,12,0,Common Stock,I,4,0001209191-14-000417,,https://www.sec.gov/Archives/edgar/data/944809/000120919114000417/doc4.xml
OPK,944809,Phillip Frost,898860,2014-01-02,2013-12-31,P,open-market purchase,75800,639302.02,8.4341,,,,,unknown,,8,0,Common Stock,I,4,0001209191-14-000006,,https://www.sec.gov/Archives/edgar/data/944809/000120919114000006/doc4.xml
OPK,944809,Phillip Frost,898860,2013-12-30,2013-12-27,P,open-market purchase,64500,552845.16,8.5712,,,,,unknown,,10,0,Common Stock,I,4,0001209191-13-058768,,https://www.sec.gov/Archives/edgar/data/944809/000120919113058768/doc4.xml
OPK,944809,Phillip Frost,898860,2013-12-27,2013-12-26,P,open-market purchase,19400,171640.97,8.8475,,,,,unknown,,10,0,Common Stock,I,4,0001209191-13-058721,,https://www.sec.gov/Archives/edgar/data/944809/000120919113058721/doc4.xml
OPK,944809,Phillip Frost,898860,2013-12-26,2013-12-24,P,open-market purchase,13000,117251.00,9.0193,,,,,unknown,,5,0,Common Stock,I,4,0001209191-13-058619,,https://www.sec.gov/Archives/edgar/data/944809/000120919113058619/doc4.xml
OPK,944809,Phillip Frost,898860,2013-12-24,2013-12-23,P,open-market purchase,5500,49492.00,8.9985,,,,,unknown,,4,0,Common Stock,I,4,0001209191-13-058503,,https://www.sec.gov/Archives/edgar/data/944809/000120919113058503/doc4.xml
OPK,944809,Phillip Frost,898860,2013-12-23,2013-12-20,P,open-market purchase,3100,28148.00,9.0800,,,,,unknown,,1,0,Common Stock,I,4,0001209191-13-058335,,https://www.sec.gov/Archives/edgar/data/944809/000120919113058335/doc4.xml
OPK,944809,Phillip Frost,898860,2013-12-20,2013-12-19,P,open-market purchase,21100,185946.50,8.8126,,,,,unknown,,8,0,Common Stock,I,4,0001209191-13-058070,,https://www.sec.gov/Archives/edgar/data/944809/000120919113058070/doc4.xml
OPK,944809,Phillip Frost,898860,2013-12-18,2013-12-17,P,open-market purchase,56800,480575.40,8.4608,,,,,unknown,,28,0,Common Stock,I,4,0001209191-13-057598,,https://www.sec.gov/Archives/edgar/data/944809/000120919113057598/doc4.xml
OPK,944809,Phillip Frost,898860,2013-12-16,2013-12-13,P,open-market purchase,150000,1310291.89,8.7353,,,,,unknown,,29,0,Common Stock,I,4,0001209191-13-056995,,https://www.sec.gov/Archives/edgar/data/944809/000120919113056995/doc4.xml
OPK,944809,Phillip Frost,898860,2013-12-16,2013-12-13,P,open-market purchase,6000,55300.00,9.2167,,,,,unknown,M,3,0,Common Stock,I,4,0001209191-13-056996,,https://www.sec.gov/Archives/edgar/data/944809/000120919113056996/doc4.xml
OPK,944809,Phillip Frost,898860,2013-12-13,2013-12-12,P,open-market purchase,50000,472196.20,9.4439,,,,,unknown,,2,0,Common Stock,I,4,0001209191-13-056804,,https://www.sec.gov/Archives/edgar/data/944809/000120919113056804/doc4.xml
OPK,944809,Phillip Frost,898860,2013-12-12,2013-12-11,P,open-market purchase,72500,722759.16,9.9691,,,,,unknown,,21,0,Common Stock,I,4,0001209191-13-056478,,https://www.sec.gov/Archives/edgar/data/944809/000120919113056478/doc4.xml
OPK,944809,Phillip Frost,898860,2013-12-02,2013-11-29,P,open-market purchase,6000,63171.05,10.5285,,,,,unknown,,4,0,Common Stock,I,4,0001209191-13-054544,,https://www.sec.gov/Archives/edgar/data/944809/000120919113054544/doc4.xml
OPK,944809,Phillip Frost,898860,2013-11-29,2013-11-27,P,open-market purchase,10900,112395.99,10.3116,,,,,unknown,,8,0,Common Stock,I,4,0001209191-13-054486,,https://www.sec.gov/Archives/edgar/data/944809/000120919113054486/doc4.xml
OPK,944809,Phillip Frost,898860,2013-11-27,2013-11-26,P,open-market purchase,6500,67900.25,10.4462,,,,,unknown,,3,0,Common Stock,I,4,0001209191-13-054272,,https://www.sec.gov/Archives/edgar/data/944809/000120919113054272/doc4.xml
OPK,944809,Phillip Frost,898860,2013-11-26,2013-11-25,P,open-market purchase,14800,146985.79,9.9315,,,,,unknown,,8,0,Common Stock,I,4,0001209191-13-054071,,https://www.sec.gov/Archives/edgar/data/944809/000120919113054071/doc4.xml
OPK,944809,Phillip Frost,898860,2013-11-25,2013-11-22,P,open-market purchase,10500,104911.88,9.9916,,,,,unknown,,7,0,Common Stock,I,4,0001209191-13-053879,,https://www.sec.gov/Archives/edgar/data/944809/000120919113053879/doc4.xml
OPK,944809,Phillip Frost,898860,2013-11-22,2013-11-21,P,open-market purchase,33400,335213.01,10.0363,,,,,unknown,,19,0,Common Stock,I,4,0001209191-13-053656,,https://www.sec.gov/Archives/edgar/data/944809/000120919113053656/doc4.xml
OPK,944809,Phillip Frost,898860,2013-11-21,2013-11-20,P,open-market purchase,5600,57493.70,10.2667,,,,,unknown,,4,0,Common Stock,I,4,0001209191-13-053463,,https://www.sec.gov/Archives/edgar/data/944809/000120919113053463/doc4.xml
OPK,944809,Phillip Frost,898860,2013-11-20,2013-11-19,P,open-market purchase,19900,188985.83,9.4968,,,,,unknown,,10,0,Common Stock,I,4,0001209191-13-053245,,https://www.sec.gov/Archives/edgar/data/944809/000120919113053245/doc4.xml
OPK,944809,Phillip Frost,898860,2013-11-19,2013-11-18,P,open-market purchase,24800,246299.76,9.9314,,,,,unknown,,8,0,Common Stock,I,4,0001209191-13-052951,,https://www.sec.gov/Archives/edgar/data/944809/000120919113052951/doc4.xml
OPK,944809,Phillip Frost,898860,2013-11-18,2013-11-15,P,open-market purchase,16100,161565.78,10.0351,,,,,unknown,,9,0,Common Stock,I,4,0001209191-13-052692,,https://www.sec.gov/Archives/edgar/data/944809/000120919113052692/doc4.xml
OPK,944809,Phillip Frost,898860,2013-11-15,2013-11-14,P,open-market purchase,25600,258327.64,10.0909,,,,,unknown,,11,0,Common Stock,I,4,0001209191-13-052442,,https://www.sec.gov/Archives/edgar/data/944809/000120919113052442/doc4.xml
OPK,944809,Phillip Frost,898860,2013-11-14,2013-11-13,P,open-market purchase,14500,146082.48,10.0747,,,,,unknown,,8,0,Common Stock,I,4,0001209191-13-052121,,https://www.sec.gov/Archives/edgar/data/944809/000120919113052121/doc4.xml
OPK,944809,Phillip Frost,898860,2013-11-13,2013-11-12,P,open-market purchase,20800,211170.19,10.1524,,,,,unknown,,12,0,Common Stock,I,4,0001209191-13-051771,,https://www.sec.gov/Archives/edgar/data/944809/000120919113051771/doc4.xml
OPK,944809,Phillip Frost,898860,2013-11-12,2013-11-11,P,open-market purchase,26200,269044.37,10.2689,,,,,unknown,,10,0,Common Stock,I,4,0001209191-13-051495,,https://www.sec.gov/Archives/edgar/data/944809/000120919113051495/doc4.xml
OPK,944809,Phillip Frost,898860,2013-11-08,2013-11-08,P,open-market purchase,4300,44029.33,10.2394,,,,,unknown,,3,0,Common Stock,I,4,0001209191-13-051416,,https://www.sec.gov/Archives/edgar/data/944809/000120919113051416/doc4.xml
OPK,944809,Phillip Frost,898860,2013-11-08,2013-11-07,P,open-market purchase,33300,337568.62,10.1372,,,,,unknown,,21,0,Common Stock,I,4,0001209191-13-051299,,https://www.sec.gov/Archives/edgar/data/944809/000120919113051299/doc4.xml
OPK,944809,Phillip Frost,898860,2013-11-07,2013-11-06,P,open-market purchase,12300,126636.83,10.2957,,,,,unknown,,8,0,Common Stock,I,4,0001209191-13-051117,,https://www.sec.gov/Archives/edgar/data/944809/000120919113051117/doc4.xml
OPK,944809,Phillip Frost,898860,2013-11-04,2013-11-01,P,open-market purchase,31700,314657.91,9.9261,,,,,unknown,,18,0,Common Stock,I,4,0001209191-13-050298,,https://www.sec.gov/Archives/edgar/data/944809/000120919113050298/doc4.xml
OPK,944809,Phillip Frost,898860,2013-11-01,2013-10-31,P,open-market purchase,34600,345598.02,9.9884,,,,,unknown,,21,0,Common Stock,I,4,0001209191-13-050098,,https://www.sec.gov/Archives/edgar/data/944809/000120919113050098/doc4.xml
OPK,944809,Phillip Frost,898860,2013-10-22,2013-10-21,P,open-market purchase,20000,226800.00,11.3400,,,,,unknown,,1,0,Common Stock,I,4,0001209191-13-048879,,https://www.sec.gov/Archives/edgar/data/944809/000120919113048879/doc4.xml
OPK,944809,Phillip Frost,898860,2013-10-21,2013-10-18,P,open-market purchase,22700,269567.57,11.8752,,,,,unknown,,15,0,Common Stock,I,4,0001209191-13-048785,,https://www.sec.gov/Archives/edgar/data/944809/000120919113048785/doc4.xml
OPK,944809,Phillip Frost,898860,2013-10-15,2013-10-11,P,open-market purchase,7000,70235.00,10.0336,,,,,unknown,,4,0,Common Stock,I,4,0001209191-13-048264,,https://www.sec.gov/Archives/edgar/data/944809/000120919113048264/doc4.xml
OPK,944809,Phillip Frost,898860,2013-10-11,2013-10-10,P,open-market purchase,8500,84416.00,9.9313,,,,,unknown,,3,0,Common Stock,I,4,0001209191-13-048097,,https://www.sec.gov/Archives/edgar/data/944809/000120919113048097/doc4.xml
OPK,944809,Phillip Frost,898860,2013-10-10,2013-10-09,P,open-market purchase,21900,204931.36,9.3576,,,,,unknown,,14,0,Common Stock,I,4,0001209191-13-047971,,https://www.sec.gov/Archives/edgar/data/944809/000120919113047971/doc4.xml
OPK,944809,Phillip Frost,898860,2013-10-09,2013-10-08,P,open-market purchase,19000,181065.39,9.5298,,,,,unknown,,15,0,Common Stock,I,4,0001209191-13-047810,,https://www.sec.gov/Archives/edgar/data/944809/000120919113047810/doc4.xml
OPK,944809,Phillip Frost,898860,2013-09-26,2013-09-25,P,open-market purchase,15000,131015.00,8.7343,,,,,unknown,,2,0,Common Stock,I,4,0001209191-13-045698,,https://www.sec.gov/Archives/edgar/data/944809/000120919113045698/doc4.xml
OPK,944809,Phillip Frost,898860,2013-09-20,2013-09-19,P,open-market purchase,20000,165965.97,8.2983,,,,,unknown,,6,0,Common Stock,I,4,0001209191-13-044992,,https://www.sec.gov/Archives/edgar/data/944809/000120919113044992/doc4.xml
OPK,944809,Phillip Frost,898860,2013-07-25,2013-07-24,P,open-market purchase,64700,490981.84,7.5886,,,,,unknown,,12,0,Common Stock,I,4,0001209191-13-037832,,https://www.sec.gov/Archives/edgar/data/944809/000120919113037832/doc4.xml
OPK,944809,Phillip Frost,898860,2013-07-17,2013-07-16,P,open-market purchase,18100,133081.43,7.3526,,,,,unknown,,6,0,Common Stock,I,4,0001209191-13-036917,,https://www.sec.gov/Archives/edgar/data/944809/000120919113036917/doc4.xml
OPK,944809,Phillip Frost,898860,2013-07-16,2013-07-15,P,open-market purchase,36100,266627.93,7.3858,,,,,unknown,,7,0,Common Stock,I,4,0001209191-13-036731,,https://www.sec.gov/Archives/edgar/data/944809/000120919113036731/doc4.xml
OPK,944809,Phillip Frost,898860,2013-07-15,2013-07-12,P,open-market purchase,19500,143422.96,7.3550,,,,,unknown,,10,0,Common Stock,I,4,0001209191-13-036548,,https://www.sec.gov/Archives/edgar/data/944809/000120919113036548/doc4.xml
OPK,944809,Phillip Frost,898860,2013-07-11,2013-07-10,P,open-market purchase,10000,72088.02,7.2088,,,,,unknown,,6,0,Common Stock,I,4,0001209191-13-036157,,https://www.sec.gov/Archives/edgar/data/944809/000120919113036157/doc4.xml
OPK,944809,Phillip Frost,898860,2013-07-10,2013-07-09,P,open-market purchase,42100,303226.61,7.2025,,,,,unknown,,7,0,Common Stock,I,4,0001209191-13-036057,,https://www.sec.gov/Archives/edgar/data/944809/000120919113036057/doc4.xml
OPK,944809,Phillip Frost,898860,2013-07-08,2013-07-05,P,open-market purchase,15000,108278.00,7.2185,,,,,unknown,,7,0,Common Stock,I,4,0001209191-13-035813,,https://www.sec.gov/Archives/edgar/data/944809/000120919113035813/doc4.xml
OPK,944809,Phillip Frost,898860,2013-07-05,2013-07-03,P,open-market purchase,63000,454750.16,7.2183,,,,,unknown,,11,0,Common Stock,I,4,0001209191-13-035752,,https://www.sec.gov/Archives/edgar/data/944809/000120919113035752/doc4.xml
OPK,944809,Phillip Frost,898860,2013-07-03,2013-07-02,P,open-market purchase,28000,203902.08,7.2822,,,,,unknown,,7,0,Common Stock,I,4,0001209191-13-035220,,https://www.sec.gov/Archives/edgar/data/944809/000120919113035220/doc4.xml
OPK,944809,Phillip Frost,898860,2013-07-02,2013-07-01,P,open-market purchase,18000,130984.00,7.2769,,,,,unknown,,5,0,Common Stock,I,4,0001209191-13-034571,,https://www.sec.gov/Archives/edgar/data/944809/000120919113034571/doc4.xml
OPK,944809,Phillip Frost,898860,2013-07-01,2013-06-28,P,open-market purchase,14501,103662.96,7.1487,,,,,unknown,,5,0,Common Stock,I,4,0001209191-13-034170,,https://www.sec.gov/Archives/edgar/data/944809/000120919113034170/doc4.xml
OPK,944809,Phillip Frost,898860,2013-06-28,2013-06-27,P,open-market purchase,13000,92371.98,7.1055,,,,,unknown,,4,0,Common Stock,I,4,0001209191-13-034003,,https://www.sec.gov/Archives/edgar/data/944809/000120919113034003/doc4.xml
OPK,944809,Phillip Frost,898860,2013-06-27,2013-06-26,P,open-market purchase,10000,69850.00,6.9850,,,,,unknown,,2,0,Common Stock,I,4,0001209191-13-033862,,https://www.sec.gov/Archives/edgar/data/944809/000120919113033862/doc4.xml
OPK,944809,Phillip Frost,898860,2013-06-26,2013-06-25,P,open-market purchase,20000,138331.80,6.9166,,,,,unknown,,6,0,Common Stock,I,4,0001209191-13-033692,,https://www.sec.gov/Archives/edgar/data/944809/000120919113033692/doc4.xml
OPK,944809,Phillip Frost,898860,2013-06-25,2013-06-24,P,open-market purchase,38000,263043.89,6.9222,,,,,unknown,,10,0,Common Stock,I,4,0001209191-13-033476,,https://www.sec.gov/Archives/edgar/data/944809/000120919113033476/doc4.xml
OPK,944809,Phillip Frost,898860,2013-06-18,2013-06-17,P,open-market purchase,17000,118285.00,6.9579,,,,,unknown,,7,0,Common Stock,I,4,0001209191-13-032581,,https://www.sec.gov/Archives/edgar/data/944809/000120919113032581/doc4.xml
OPK,944809,Phillip Frost,898860,2013-06-17,2013-06-14,P,open-market purchase,47000,322233.92,6.8560,,,,,unknown,,6,0,Common Stock,I,4,0001209191-13-032362,,https://www.sec.gov/Archives/edgar/data/944809/000120919113032362/doc4.xml
OPK,944809,Phillip Frost,898860,2013-06-14,2013-06-13,P,open-market purchase,7000,47362.47,6.7661,,,,,unknown,,3,0,Common Stock,I,4,0001209191-13-032147,,https://www.sec.gov/Archives/edgar/data/944809/000120919113032147/doc4.xml
OPK,944809,Phillip Frost,898860,2013-06-10,2013-06-07,P,open-market purchase,100000,652648.80,6.5265,,,,,unknown,,11,0,Common Stock,I,4,0001209191-13-031281,,https://www.sec.gov/Archives/edgar/data/944809/000120919113031281/doc4.xml
OPK,944809,Phillip Frost,898860,2013-06-07,2013-06-06,P,open-market purchase,250000,1595959.62,6.3838,,,,,unknown,,22,0,Common Stock,I,4,0001209191-13-031131,,https://www.sec.gov/Archives/edgar/data/944809/000120919113031131/doc4.xml
OPK,944809,Phillip Frost,898860,2013-06-05,2013-06-04,P,open-market purchase,69900,449845.42,6.4356,,,,,unknown,,11,0,Common Stock,I,4,0001209191-13-030687,,https://www.sec.gov/Archives/edgar/data/944809/000120919113030687/doc4.xml
OPK,944809,Phillip Frost,898860,2013-06-04,2013-06-03,P,open-market purchase,60000,391807.58,6.5301,,,,,unknown,,10,0,Common Stock,I,4,0001209191-13-030324,,https://www.sec.gov/Archives/edgar/data/944809/000120919113030324/doc4.xml
OPK,944809,Phillip Frost,898860,2013-06-03,2013-05-31,P,open-market purchase,22600,150591.60,6.6633,,,,,unknown,,4,0,Common Stock,I,4,0001209191-13-029987,,https://www.sec.gov/Archives/edgar/data/944809/000120919113029987/doc4.xml
OPK,944809,Phillip Frost,898860,2013-05-31,2013-05-30,P,open-market purchase,23500,157715.00,6.7113,,,,,unknown,,3,0,Common Stock,I,4,0001209191-13-029783,,https://www.sec.gov/Archives/edgar/data/944809/000120919113029783/doc4.xml
OPK,944809,Phillip Frost,898860,2013-05-30,2013-05-29,P,open-market purchase,54000,364671.77,6.7532,,,,,unknown,,14,0,Common Stock,I,4,0001209191-13-029464,,https://www.sec.gov/Archives/edgar/data/944809/000120919113029464/doc4.xml
OPK,944809,Phillip Frost,898860,2013-05-28,2013-05-24,P,open-market purchase,97800,675560.82,6.9076,,,,,unknown,,13,0,Common Stock,I,4,0001209191-13-028918,,https://www.sec.gov/Archives/edgar/data/944809/000120919113028918/doc4.xml
OPK,944809,Phillip Frost,898860,2013-05-24,2013-05-23,P,open-market purchase,37000,257882.15,6.9698,,,,,unknown,,5,0,Common Stock,I,4,0001209191-13-028657,,https://www.sec.gov/Archives/edgar/data/944809/000120919113028657/doc4.xml
OPK,944809,Phillip Frost,898860,2013-05-23,2013-05-22,P,open-market purchase,42300,290910.34,6.8773,,,,,unknown,,9,0,Common Stock,I,4,0001209191-13-028295,,https://www.sec.gov/Archives/edgar/data/944809/000120919113028295/doc4.xml
OPK,944809,Phillip Frost,898860,2013-05-22,2013-05-21,P,open-market purchase,73500,514080.86,6.9943,,,,,unknown,,14,0,Common Stock,I,4,0001209191-13-027986,,https://www.sec.gov/Archives/edgar/data/944809/000120919113027986/doc4.xml
OPK,944809,Phillip Frost,898860,2013-05-21,2013-05-20,P,open-market purchase,54400,384811.00,7.0737,,,,,unknown,,17,0,Common Stock,I,4,0001209191-13-027708,,https://www.sec.gov/Archives/edgar/data/944809/000120919113027708/doc4.xml
OPK,944809,Phillip Frost,898860,2013-05-20,2013-05-17,P,open-market purchase,27200,193635.84,7.1190,,,,,unknown,,8,0,Common Stock,I,4,0001209191-13-027427,,https://www.sec.gov/Archives/edgar/data/944809/000120919113027427/doc4.xml
OPK,944809,Phillip Frost,898860,2013-05-17,2013-05-16,P,open-market purchase,59100,414986.65,7.0218,,,,,unknown,,7,0,Common Stock,I,4,0001209191-13-027075,,https://www.sec.gov/Archives/edgar/data/944809/000120919113027075/doc4.xml
OPK,944809,Phillip Frost,898860,2013-05-16,2013-05-15,P,open-market purchase,13300,94578.00,7.1111,,,,,unknown,,6,0,Common Stock,I,4,0001209191-13-026624,,https://www.sec.gov/Archives/edgar/data/944809/000120919113026624/doc4.xml
OPK,944809,Phillip Frost,898860,2013-05-15,2013-05-14,P,open-market purchase,35100,243339.28,6.9327,,,,,unknown,,6,0,Common Stock,I,4,0001209191-13-026366,,https://www.sec.gov/Archives/edgar/data/944809/000120919113026366/doc4.xml
OPK,944809,Phillip Frost,898860,2013-05-14,2013-05-13,P,open-market purchase,46900,321325.95,6.8513,,,,,unknown,,12,0,Common Stock,I,4,0001209191-13-026018,,https://www.sec.gov/Archives/edgar/data/944809/000120919113026018/doc4.xml
OPK,944809,Phillip Frost,898860,2013-05-13,2013-05-10,P,open-market purchase,10500,72038.84,6.8608,,,,,unknown,,5,0,Common Stock,I,4,0001209191-13-025702,,https://www.sec.gov/Archives/edgar/data/944809/000120919113025702/doc4.xml
OPK,944809,Phillip Frost,898860,2013-05-10,2013-05-09,P,open-market purchase,10700,72514.66,6.7771,,,,,unknown,,7,0,Common Stock,I,4,0001209191-13-025407,,https://www.sec.gov/Archives/edgar/data/944809/000120919113025407/doc4.xml
OPK,944809,Phillip Frost,898860,2013-05-09,2013-05-08,P,open-market purchase,42000,281029.72,6.6912,,,,,unknown,,10,0,Common Stock,I,4,0001209191-13-025065,,https://www.sec.gov/Archives/edgar/data/944809/000120919113025065/doc4.xml
OPK,944809,Phillip Frost,898860,2013-05-08,2013-05-07,P,open-market purchase,22500,152130.50,6.7614,,,,,unknown,,7,0,Common Stock,I,4,0001209191-13-024781,,https://www.sec.gov/Archives/edgar/data/944809/000120919113024781/doc4.xml
OPK,944809,Phillip Frost,898860,2013-05-07,2013-05-06,P,open-market purchase,23800,159250.33,6.6912,,,,,unknown,,7,0,Common Stock,I,4,0001209191-13-024376,,https://www.sec.gov/Archives/edgar/data/944809/000120919113024376/doc4.xml
OPK,944809,Phillip Frost,898860,2013-05-06,2013-05-03,P,open-market purchase,27500,183901.74,6.6873,,,,,unknown,,5,0,Common Stock,I,4,0001209191-13-024090,,https://www.sec.gov/Archives/edgar/data/944809/000120919113024090/doc4.xml
OPK,944809,Phillip Frost,898860,2013-05-03,2013-05-02,P,open-market purchase,80000,524887.52,6.5611,,,,,unknown,,13,0,Common Stock,I,4,0001209191-13-023838,,https://www.sec.gov/Archives/edgar/data/944809/000120919113023838/doc4.xml
OPK,944809,Phillip Frost,898860,2013-05-02,2013-05-01,P,open-market purchase,72500,465952.68,6.4269,,,,,unknown,,9,0,Common Stock,I,4,0001209191-13-023539,,https://www.sec.gov/Archives/edgar/data/944809/000120919113023539/doc4.xml
OPK,944809,Phillip Frost,898860,2013-05-01,2013-04-30,P,open-market purchase,45000,300954.76,6.6879,,,,,unknown,,11,0,Common Stock,I,4,0001209191-13-023231,,https://www.sec.gov/Archives/edgar/data/944809/000120919113023231/doc4.xml
OPK,944809,Phillip Frost,898860,2013-04-30,2013-04-29,P,open-market purchase,25000,171592.36,6.8637,,,,,unknown,,6,0,Common Stock,I,4,0001209191-13-023023,,https://www.sec.gov/Archives/edgar/data/944809/000120919113023023/doc4.xml
OPK,944809,Phillip Frost,898860,2013-04-29,2013-04-26,P,open-market purchase,50000,345963.59,6.9193,,,,,unknown,,5,0,Common Stock,I,4,0001209191-13-022843,,https://www.sec.gov/Archives/edgar/data/944809/000120919113022843/doc4.xml
OPK,944809,Phillip Frost,898860,2013-04-25,2013-04-24,P,open-market purchase,100000,692446.61,6.9245,,,,,unknown,,13,0,Common Stock,I,4,0001209191-13-022437,,https://www.sec.gov/Archives/edgar/data/944809/000120919113022437/doc4.xml
OPK,944809,Phillip Frost,898860,2013-04-11,2013-04-10,P,open-market purchase,20000,141910.00,7.0955,,,,,unknown,,3,0,Common Stock,I,4,0001209191-13-021122,,https://www.sec.gov/Archives/edgar/data/944809/000120919113021122/doc4.xml
OPK,944809,Phillip Frost,898860,2013-04-10,2013-04-09,P,open-market purchase,250600,1742005.42,6.9513,,,,,unknown,,26,0,Common Stock,I,4,0001209191-13-021014,,https://www.sec.gov/Archives/edgar/data/944809/000120919113021014/doc4.xml
OPK,944809,Phillip Frost,898860,2013-04-08,2013-04-05,P,open-market purchase,28000,200914.46,7.1755,,,,,unknown,,6,0,Common Stock,I,4,0001209191-13-020611,,https://www.sec.gov/Archives/edgar/data/944809/000120919113020611/doc4.xml
OPK,944809,Phillip Frost,898860,2013-04-05,2013-04-04,P,open-market purchase,22200,158728.00,7.1499,,,,,unknown,,7,0,Common Stock,I,4,0001209191-13-020472,,https://www.sec.gov/Archives/edgar/data/944809/000120919113020472/doc4.xml
OPK,944809,Phillip Frost,898860,2013-04-04,2013-04-03,P,open-market purchase,156500,1089197.22,6.9597,,,,,unknown,,28,0,Common Stock,I,4,0001209191-13-020368,,https://www.sec.gov/Archives/edgar/data/944809/000120919113020368/doc4.xml
OPK,944809,Phillip Frost,898860,2013-04-03,2013-04-02,P,open-market purchase,91900,681641.99,7.4172,,,,,unknown,,22,0,Common Stock,I,4,0001209191-13-019941,,https://www.sec.gov/Archives/edgar/data/944809/000120919113019941/doc4.xml
OPK,944809,Phillip Frost,898860,2013-04-02,2013-04-01,P,open-market purchase,66900,498607.06,7.4530,,,,,unknown,,11,0,Common Stock,I,4,0001209191-13-019334,,https://www.sec.gov/Archives/edgar/data/944809/000120919113019334/doc4.xml
OPK,944809,Phillip Frost,898860,2013-04-01,2013-03-28,P,open-market purchase,16500,125452.92,7.6032,,,,,unknown,,5,0,Common Stock,I,4,0001209191-13-019093,,https://www.sec.gov/Archives/edgar/data/944809/000120919113019093/doc4.xml
OPK,944809,Phillip Frost,898860,2013-03-28,2013-03-27,P,open-market purchase,22900,173855.85,7.5920,,,,,unknown,,8,0,Common Stock,I,4,0001209191-13-018710,,https://www.sec.gov/Archives/edgar/data/944809/000120919113018710/doc4.xml
OPK,944809,Phillip Frost,898860,2013-03-27,2013-03-26,P,open-market purchase,22500,171603.58,7.6268,,,,,unknown,,7,0,Common Stock,I,4,0001209191-13-018529,,https://www.sec.gov/Archives/edgar/data/944809/000120919113018529/doc4.xml
OPK,944809,Phillip Frost,898860,2013-03-26,2013-03-25,P,open-market purchase,31600,238424.03,7.5451,,,,,unknown,,10,0,Common Stock,I,4,0001209191-13-018307,,https://www.sec.gov/Archives/edgar/data/944809/000120919113018307/doc4.xml
OPK,944809,Phillip Frost,898860,2013-03-25,2013-03-22,P,open-market purchase,14500,110225.00,7.6017,,,,,unknown,,3,0,Common Stock,I,4,0001209191-13-018147,,https://www.sec.gov/Archives/edgar/data/944809/000120919113018147/doc4.xml
OPK,944809,Phillip Frost,898860,2013-03-22,2013-03-21,P,open-market purchase,68500,504752.24,7.3686,,,,,unknown,,12,0,Common Stock,I,4,0001209191-13-018012,,https://www.sec.gov/Archives/edgar/data/944809/000120919113018012/doc4.xml
OPK,944809,Phillip Frost,898860,2013-03-20,2013-03-19,P,open-market purchase,48300,363402.75,7.5239,,,,,unknown,,14,0,Common Stock,I,4,0001209191-13-017629,,https://www.sec.gov/Archives/edgar/data/944809/000120919113017629/doc4.xml
OPK,944809,Phillip Frost,898860,2013-03-19,2013-03-18,P,open-market purchase,42800,326478.94,7.6280,,,,,unknown,,8,0,Common Stock,I,4,0001209191-13-017348,,https://www.sec.gov/Archives/edgar/data/944809/000120919113017348/doc4.xml
OPK,944809,Phillip Frost,898860,2013-03-15,2013-03-14,P,open-market purchase,32700,246485.04,7.5378,,,,,unknown,,6,0,Common Stock,I,4,0001209191-13-016720,,https://www.sec.gov/Archives/edgar/data/944809/000120919113016720/doc4.xml
OPK,944809,Phillip Frost,898860,2013-03-14,2013-03-13,P,open-market purchase,37100,258312.76,6.9626,,,,,unknown,,9,0,Common Stock,I,4,0001209191-13-016419,,https://www.sec.gov/Archives/edgar/data/944809/000120919113016419/doc4.xml
OPK,944809,Phillip Frost,898860,2013-03-13,2013-03-12,P,open-market purchase,23500,175751.10,7.4788,,,,,unknown,,5,0,Common Stock,I,4,0001209191-13-016094,,https://www.sec.gov/Archives/edgar/data/944809/000120919113016094/doc4.xml
OPK,944809,Phillip Frost,898860,2013-03-12,2013-03-11,P,open-market purchase,38000,283117.05,7.4504,,,,,unknown,M,6,0,Common Stock,I,4,0001209191-13-015730,,https://www.sec.gov/Archives/edgar/data/944809/000120919113015730/doc4.xml
OPK,944809,Phillip Frost,898860,2013-03-11,2013-03-08,P,open-market purchase,43000,315263.87,7.3317,,,,,unknown,,12,0,Common Stock,I,4,0001209191-13-015451,,https://www.sec.gov/Archives/edgar/data/944809/000120919113015451/doc4.xml
OPK,944809,Phillip Frost,898860,2013-03-08,2013-03-07,P,open-market purchase,51500,378816.71,7.3557,,,,,unknown,,14,0,Common Stock,I,4,0001209191-13-015120,,https://www.sec.gov/Archives/edgar/data/944809/000120919113015120/doc4.xml
OPK,944809,Phillip Frost,898860,2013-03-07,2013-03-06,P,open-market purchase,44000,321359.84,7.3036,,,,,unknown,,8,0,Common Stock,I,4,0001209191-13-014745,,https://www.sec.gov/Archives/edgar/data/944809/000120919113014745/doc4.xml
OPK,944809,Phillip Frost,898860,2013-03-06,2013-03-05,P,open-market purchase,52000,378472.98,7.2783,,,,,unknown,,10,0,Common Stock,I,4,0001209191-13-014432,,https://www.sec.gov/Archives/edgar/data/944809/000120919113014432/doc4.xml
OPK,944809,Phillip Frost,898860,2013-03-05,2013-03-04,P,open-market purchase,35500,252058.40,7.1002,,,,,unknown,,10,0,Common Stock,I,4,0001209191-13-013725,,https://www.sec.gov/Archives/edgar/data/944809/000120919113013725/doc4.xml
OPK,944809,Phillip Frost,898860,2013-03-04,2013-03-01,P,open-market purchase,20000,140098.45,7.0049,,,,,unknown,,5,0,Common Stock,I,4,0001209191-13-013055,,https://www.sec.gov/Archives/edgar/data/944809/000120919113013055/doc4.xml
OPK,944809,Phillip Frost,898860,2013-03-01,2013-02-28,P,open-market purchase,72500,506834.53,6.9908,,,,,unknown,,12,0,Common Stock,I,4,0001209191-13-012597,,https://www.sec.gov/Archives/edgar/data/944809/000120919113012597/doc4.xml
OPK,944809,Phillip Frost,898860,2013-02-28,2013-02-27,P,open-market purchase,55000,388598.84,7.0654,,,,,unknown,,13,0,Common Stock,I,4,0001209191-13-012278,,https://www.sec.gov/Archives/edgar/data/944809/000120919113012278/doc4.xml
OPK,944809,Phillip Frost,898860,2013-02-27,2013-02-26,P,open-market purchase,65000,454329.07,6.9897,,,,,unknown,,15,0,Common Stock,I,4,0001209191-13-011928,,https://www.sec.gov/Archives/edgar/data/944809/000120919113011928/doc4.xml
OPK,944809,Phillip Frost,898860,2013-02-26,2013-02-25,P,open-market purchase,35000,248274.99,7.0936,,,,,unknown,,11,0,Common Stock,I,4,0001209191-13-011492,,https://www.sec.gov/Archives/edgar/data/944809/000120919113011492/doc4.xml
OPK,944809,Phillip Frost,898860,2013-02-25,2013-02-22,P,open-market purchase,45000,316538.80,7.0342,,,,,unknown,,11,0,Common Stock,I,4,0001209191-13-011126,,https://www.sec.gov/Archives/edgar/data/944809/000120919113011126/doc4.xml
OPK,944809,Phillip Frost,898860,2013-02-22,2013-02-21,P,open-market purchase,10000,66753.50,6.6753,,,,,unknown,,4,0,Common Stock,I,4,0001209191-13-010714,,https://www.sec.gov/Archives/edgar/data/944809/000120919113010714/doc4.xml
OPK,944809,Phillip Frost,898860,2013-02-21,2013-02-20,P,open-market purchase,88000,585483.66,6.6532,,,,,unknown,,15,0,Common Stock,I,4,0001209191-13-010428,,https://www.sec.gov/Archives/edgar/data/944809/000120919113010428/doc4.xml
OPK,944809,Phillip Frost,898860,2013-02-20,2013-02-19,P,open-market purchase,25000,168552.77,6.7421,,,,,unknown,,6,0,Common Stock,I,4,0001209191-13-009941,,https://www.sec.gov/Archives/edgar/data/944809/000120919113009941/doc4.xml
OPK,944809,Phillip Frost,898860,2013-02-19,2013-02-15,P,open-market purchase,57500,387392.61,6.7373,,,,,unknown,,6,0,Common Stock,I,4,0001209191-13-009488,,https://www.sec.gov/Archives/edgar/data/944809/000120919113009488/doc4.xml
OPK,944809,Phillip Frost,898860,2013-02-15,2013-02-14,P,open-market purchase,40000,273436.12,6.8359,,,,,unknown,,6,0,Common Stock,I,4,0001209191-13-009199,,https://www.sec.gov/Archives/edgar/data/944809/000120919113009199/doc4.xml
OPK,944809,Phillip Frost,898860,2013-02-14,2013-02-13,P,open-market purchase,20000,133335.18,6.6668,,,,,unknown,,4,0,Common Stock,I,4,0001209191-13-008661,,https://www.sec.gov/Archives/edgar/data/944809/000120919113008661/doc4.xml
OPK,944809,Phillip Frost,898860,2013-02-13,2013-02-12,P,open-market purchase,45000,301261.30,6.6947,,,,,unknown,,11,0,Common Stock,I,4,0001209191-13-008240,,https://www.sec.gov/Archives/edgar/data/944809/000120919113008240/doc4.xml
OPK,944809,Phillip Frost,898860,2013-02-11,2013-02-08,P,open-market purchase,110000,696818.38,6.3347,,,,,unknown,,23,0,Common Stock,I,4,0001209191-13-007575,,https://www.sec.gov/Archives/edgar/data/944809/000120919113007575/doc4.xml
OPK,944809,Phillip Frost,898860,2013-02-08,2013-02-07,P,open-market purchase,37500,256893.28,6.8505,,,,,unknown,,12,0,Common Stock,I,4,0001209191-13-007213,,https://www.sec.gov/Archives/edgar/data/944809/000120919113007213/doc4.xml
OPK,944809,Phillip Frost,898860,2013-02-07,2013-02-06,P,open-market purchase,30000,206952.98,6.8984,,,,,unknown,,7,0,Common Stock,I,4,0001209191-13-006951,,https://www.sec.gov/Archives/edgar/data/944809/000120919113006951/doc4.xml
OPK,944809,Phillip Frost,898860,2013-02-01,2013-01-31,P,open-market purchase,40000,258400.00,6.4600,,,,,unknown,,2,0,Common Stock,I,4,0001209191-13-005536,,https://www.sec.gov/Archives/edgar/data/944809/000120919113005536/doc4.xml
OPK,944809,Phillip Frost,898860,2013-01-16,2013-01-15,P,open-market purchase,35000,199642.48,5.7041,,,,,unknown,,10,0,Common Stock,I,4,0001209191-13-003222,,https://www.sec.gov/Archives/edgar/data/944809/000120919113003222/doc4.xml
OPK,944809,Phillip Frost,898860,2013-01-15,2013-01-14,P,open-market purchase,20000,112658.85,5.6329,,,,,unknown,,7,0,Common Stock,I,4,0001209191-13-003081,,https://www.sec.gov/Archives/edgar/data/944809/000120919113003081/doc4.xml
OPK,944809,Phillip Frost,898860,2013-01-14,2013-01-11,P,open-market purchase,30000,160585.50,5.3529,,,,,unknown,,11,0,Common Stock,I,4,0001209191-13-002947,,https://www.sec.gov/Archives/edgar/data/944809/000120919113002947/doc4.xml
OPK,944809,Phillip Frost,898860,2013-01-11,2013-01-10,P,open-market purchase,46000,242996.55,5.2825,,,,,unknown,,7,0,Common Stock,I,4,0001209191-13-002839,,https://www.sec.gov/Archives/edgar/data/944809/000120919113002839/doc4.xml
OPK,944809,Phillip Frost,898860,2013-01-10,2013-01-09,P,open-market purchase,50000,260214.51,5.2043,,,,,unknown,,12,0,Common Stock,I,4,0001209191-13-002741,,https://www.sec.gov/Archives/edgar/data/944809/000120919113002741/doc4.xml
OPK,944809,Phillip Frost,898860,2013-01-07,2013-01-04,P,open-market purchase,40000,206384.98,5.1596,,,,,unknown,,10,0,Common Stock,I,4,0001209191-13-002267,,https://www.sec.gov/Archives/edgar/data/944809/000120919113002267/doc4.xml
OPK,944809,Phillip Frost,898860,2013-01-04,2013-01-03,P,open-market purchase,25000,125765.75,5.0306,,,,,unknown,,5,0,Common Stock,I,4,0001209191-13-001766,,https://www.sec.gov/Archives/edgar/data/944809/000120919113001766/doc4.xml
OPK,944809,Phillip Frost,898860,2013-01-03,2013-01-02,P,open-market purchase,30000,149682.80,4.9894,,,,,unknown,,5,0,Common Stock,I,4,0001209191-13-000613,,https://www.sec.gov/Archives/edgar/data/944809/000120919113000613/doc4.xml
OPK,944809,Phillip Frost,898860,2013-01-02,2012-12-31,P,open-market purchase,100000,478224.45,4.7822,,,,,unknown,,8,0,Common Stock,I,4,0001209191-13-000002,,https://www.sec.gov/Archives/edgar/data/944809/000120919113000002/doc4.xml
OPK,944809,Phillip Frost,898860,2012-12-31,2012-12-28,P,open-market purchase,55000,261132.50,4.7479,,,,,unknown,,9,0,Common Stock,I,4,0001209191-12-059704,,https://www.sec.gov/Archives/edgar/data/944809/000120919112059704/doc4.xml
OPK,944809,Phillip Frost,898860,2012-12-28,2012-12-27,P,open-market purchase,25000,117889.46,4.7156,,,,,unknown,,8,0,Common Stock,I,4,0001209191-12-059538,,https://www.sec.gov/Archives/edgar/data/944809/000120919112059538/doc4.xml
OPK,944809,Phillip Frost,898860,2012-12-27,2012-12-26,P,open-market purchase,85000,397469.96,4.6761,,,,,unknown,,11,0,Common Stock,I,4,0001209191-12-059418,,https://www.sec.gov/Archives/edgar/data/944809/000120919112059418/doc4.xml
OPK,944809,Phillip Frost,898860,2012-12-26,2012-12-24,P,open-market purchase,30000,139011.71,4.6337,,,,,unknown,,9,0,Common Stock,I,4,0001209191-12-059209,,https://www.sec.gov/Archives/edgar/data/944809/000120919112059209/doc4.xml
OPK,944809,Phillip Frost,898860,2012-12-26,2012-12-21,P,open-market purchase,80000,372129.66,4.6516,,,,,unknown,,15,0,Common Stock,I,4,0001209191-12-059206,,https://www.sec.gov/Archives/edgar/data/944809/000120919112059206/doc4.xml
OPK,944809,Phillip Frost,898860,2012-12-21,2012-12-20,P,open-market purchase,62500,294938.35,4.7190,,,,,unknown,,7,0,Common Stock,I,4,0001209191-12-058940,,https://www.sec.gov/Archives/edgar/data/944809/000120919112058940/doc4.xml
OPK,944809,Phillip Frost,898860,2012-12-20,2012-12-19,P,open-market purchase,20000,95301.94,4.7651,,,,,unknown,,6,0,Common Stock,I,4,0001209191-12-058711,,https://www.sec.gov/Archives/edgar/data/944809/000120919112058711/doc4.xml
OPK,944809,Phillip Frost,898860,2012-12-19,2012-12-18,P,open-market purchase,35000,163821.87,4.6806,,,,,unknown,,9,0,Common Stock,I,4,0001209191-12-058505,,https://www.sec.gov/Archives/edgar/data/944809/000120919112058505/doc4.xml
OPK,944809,Phillip Frost,898860,2012-12-18,2012-12-17,P,open-market purchase,40000,184977.87,4.6244,,,,,unknown,,7,0,Common Stock,I,4,0001209191-12-058123,,https://www.sec.gov/Archives/edgar/data/944809/000120919112058123/doc4.xml
OPK,944809,Phillip Frost,898860,2012-12-17,2012-12-14,P,open-market purchase,40000,183450.50,4.5863,,,,,unknown,,10,0,Common Stock,I,4,0001209191-12-057939,,https://www.sec.gov/Archives/edgar/data/944809/000120919112057939/doc4.xml
OPK,944809,Phillip Frost,898860,2012-12-14,2012-12-13,P,open-market purchase,30000,136749.18,4.5583,,,,,unknown,,6,0,Common Stock,I,4,0001209191-12-057642,,https://www.sec.gov/Archives/edgar/data/944809/000120919112057642/doc4.xml
OPK,944809,Phillip Frost,898860,2012-12-13,2012-12-12,P,open-market purchase,30000,136184.15,4.5395,,,,,unknown,,4,0,Common Stock,I,4,0001209191-12-057317,,https://www.sec.gov/Archives/edgar/data/944809/000120919112057317/doc4.xml
OPK,944809,Phillip Frost,898860,2012-12-12,2012-12-11,P,open-market purchase,40000,179995.56,4.4999,,,,,unknown,,6,0,Common Stock,I,4,0001209191-12-056986,,https://www.sec.gov/Archives/edgar/data/944809/000120919112056986/doc4.xml
OPK,944809,Phillip Frost,898860,2012-12-11,2012-12-10,P,open-market purchase,30000,132692.35,4.4231,,,,,unknown,,4,0,Common Stock,I,4,0001209191-12-056770,,https://www.sec.gov/Archives/edgar/data/944809/000120919112056770/doc4.xml
OPK,944809,Phillip Frost,898860,2012-12-10,2012-12-07,P,open-market purchase,75000,326864.62,4.3582,,,,,unknown,,6,0,Common Stock,I,4,0001209191-12-056548,,https://www.sec.gov/Archives/edgar/data/944809/000120919112056548/doc4.xml
OPK,944809,Phillip Frost,898860,2012-12-07,2012-12-06,P,open-market purchase,35000,152957.04,4.3702,,,,,unknown,,6,0,Common Stock,I,4,0001209191-12-056258,,https://www.sec.gov/Archives/edgar/data/944809/000120919112056258/doc4.xml
OPK,944809,Phillip Frost,898860,2012-12-06,2012-12-05,P,open-market purchase,30000,131585.89,4.3862,,,,,unknown,,5,0,Common Stock,I,4,0001209191-12-056048,,https://www.sec.gov/Archives/edgar/data/944809/000120919112056048/doc4.xml
OPK,944809,Phillip Frost,898860,2012-12-05,2012-12-04,P,open-market purchase,32500,142620.28,4.3883,,,,,unknown,,5,0,Common Stock,I,4,0001209191-12-055811,,https://www.sec.gov/Archives/edgar/data/944809/000120919112055811/doc4.xml
OPK,944809,Phillip Frost,898860,2012-12-04,2012-12-03,P,open-market purchase,25000,109707.81,4.3883,,,,,unknown,,7,0,Common Stock,I,4,0001209191-12-055455,,https://www.sec.gov/Archives/edgar/data/944809/000120919112055455/doc4.xml
OPK,944809,Phillip Frost,898860,2012-12-03,2012-11-30,P,open-market purchase,20000,88872.66,4.4436,,,,,unknown,,4,0,Common Stock,I,4,0001209191-12-055218,,https://www.sec.gov/Archives/edgar/data/944809/000120919112055218/doc4.xml
OPK,944809,Phillip Frost,898860,2012-11-30,2012-11-29,P,open-market purchase,30000,133888.18,4.4629,,,,,unknown,,6,0,Common Stock,I,4,0001209191-12-055021,,https://www.sec.gov/Archives/edgar/data/944809/000120919112055021/doc4.xml
OPK,944809,Phillip Frost,898860,2012-11-29,2012-11-28,P,open-market purchase,85000,375041.42,4.4123,,,,,unknown,,6,0,Common Stock,I,4,0001209191-12-054868,,https://www.sec.gov/Archives/edgar/data/944809/000120919112054868/doc4.xml
OPK,944809,Phillip Frost,898860,2012-11-28,2012-11-27,P,open-market purchase,10000,44325.50,4.4325,,,,,unknown,,3,0,Common Stock,I,4,0001209191-12-054716,,https://www.sec.gov/Archives/edgar/data/944809/000120919112054716/doc4.xml
OPK,944809,Phillip Frost,898860,2012-11-27,2012-11-26,P,open-market purchase,65000,287949.99,4.4300,,,,,unknown,,5,0,Common Stock,I,4,0001209191-12-054563,,https://www.sec.gov/Archives/edgar/data/944809/000120919112054563/doc4.xml
OPK,944809,Phillip Frost,898860,2012-11-26,2012-11-23,P,open-market purchase,25000,111770.98,4.4708,,,,,unknown,,5,0,Common Stock,I,4,0001209191-12-054443,,https://www.sec.gov/Archives/edgar/data/944809/000120919112054443/doc4.xml
OPK,944809,Phillip Frost,898860,2012-11-23,2012-11-21,P,open-market purchase,45000,199681.04,4.4374,,,,,unknown,,5,0,Common Stock,I,4,0001209191-12-054400,,https://www.sec.gov/Archives/edgar/data/944809/000120919112054400/doc4.xml
OPK,944809,Phillip Frost,898860,2012-11-21,2012-11-20,P,open-market purchase,7500,33391.50,4.4522,,,,,unknown,,3,0,Common Stock,I,4,0001209191-12-054194,,https://www.sec.gov/Archives/edgar/data/944809/000120919112054194/doc4.xml
OPK,944809,Phillip Frost,898860,2012-11-20,2012-11-19,P,open-market purchase,10000,44100.00,4.4100,,,,,unknown,,1,0,Common Stock,I,4,0001209191-12-053921,,https://www.sec.gov/Archives/edgar/data/944809/000120919112053921/doc4.xml
OPK,944809,Phillip Frost,898860,2012-11-19,2012-11-16,P,open-market purchase,25000,109422.54,4.3769,,,,,unknown,,7,0,Common Stock,I,4,0001209191-12-053631,,https://www.sec.gov/Archives/edgar/data/944809/000120919112053631/doc4.xml
OPK,944809,Phillip Frost,898860,2012-11-16,2012-11-15,P,open-market purchase,25000,111065.96,4.4426,,,,,unknown,,3,0,Common Stock,I,4,0001209191-12-053388,,https://www.sec.gov/Archives/edgar/data/944809/000120919112053388/doc4.xml
OPK,944809,Phillip Frost,898860,2012-11-15,2012-11-14,P,open-market purchase,62500,274517.26,4.3923,,,,,unknown,,10,0,Common Stock,I,4,0001209191-12-053142,,https://www.sec.gov/Archives/edgar/data/944809/000120919112053142/doc4.xml
OPK,944809,Phillip Frost,898860,2012-11-14,2012-11-13,P,open-market purchase,15000,67407.86,4.4939,,,,,unknown,,7,0,Common Stock,I,4,0001209191-12-052909,,https://www.sec.gov/Archives/edgar/data/944809/000120919112052909/doc4.xml
OPK,944809,Phillip Frost,898860,2012-11-13,2012-11-12,P,open-market purchase,77500,342824.06,4.4235,,,,,unknown,,10,0,Common Stock,I,4,0001209191-12-052720,,https://www.sec.gov/Archives/edgar/data/944809/000120919112052720/doc4.xml
OPK,944809,Phillip Frost,898860,2012-11-13,2012-11-09,P,open-market purchase,25000,112413.11,4.4965,,,,,unknown,,6,0,Common Stock,I,4,0001209191-12-052580,,https://www.sec.gov/Archives/edgar/data/944809/000120919112052580/doc4.xml
OPK,944809,Phillip Frost,898860,2012-11-09,2012-11-08,P,open-market purchase,35000,159839.23,4.5668,,,,,unknown,,14,0,Common Stock,I,4,0001209191-12-052402,,https://www.sec.gov/Archives/edgar/data/944809/000120919112052402/doc4.xml
OPK,944809,Phillip Frost,898860,2012-11-08,2012-11-07,P,open-market purchase,50000,218122.25,4.3624,,,,,unknown,,9,0,Common Stock,I,4,0001209191-12-052231,,https://www.sec.gov/Archives/edgar/data/944809/000120919112052231/doc4.xml
OPK,944809,Phillip Frost,898860,2012-11-07,2012-11-06,P,open-market purchase,75000,317276.92,4.2304,,,,,unknown,,8,0,Common Stock,I,4,0001209191-12-052030,,https://www.sec.gov/Archives/edgar/data/944809/000120919112052030/doc4.xml
OPK,944809,Phillip Frost,898860,2012-11-06,2012-11-05,P,open-market purchase,65000,275627.36,4.2404,,,,,unknown,,9,0,Common Stock,I,4,0001209191-12-051829,,https://www.sec.gov/Archives/edgar/data/944809/000120919112051829/doc4.xml
OPK,944809,Phillip Frost,898860,2012-11-05,2012-11-02,P,open-market purchase,80000,340637.27,4.2580,,,,,unknown,,9,0,Common Stock,I,4,0001209191-12-051613,,https://www.sec.gov/Archives/edgar/data/944809/000120919112051613/doc4.xml
OPK,944809,Phillip Frost,898860,2012-11-02,2012-11-01,P,open-market purchase,75000,322536.37,4.3005,,,,,unknown,,8,0,Common Stock,I,4,0001209191-12-051232,,https://www.sec.gov/Archives/edgar/data/944809/000120919112051232/doc4.xml
OPK,944809,Phillip Frost,898860,2012-11-01,2012-10-31,P,open-market purchase,75000,320954.59,4.2794,,,,,unknown,,10,0,Common Stock,I,4,0001209191-12-051102,,https://www.sec.gov/Archives/edgar/data/944809/000120919112051102/doc4.xml
OPK,944809,Phillip Frost,898860,2012-10-29,2012-10-26,P,open-market purchase,75000,325062.90,4.3342,,,,,unknown,,9,0,Common Stock,I,4,0001209191-12-050748,,https://www.sec.gov/Archives/edgar/data/944809/000120919112050748/doc4.xml
OPK,944809,Phillip Frost,898860,2012-10-26,2012-10-25,P,open-market purchase,25000,110750.00,4.4300,,,,,unknown,,1,0,Common Stock,I,4,0001209191-12-050602,,https://www.sec.gov/Archives/edgar/data/944809/000120919112050602/doc4.xml
OPK,944809,Phillip Frost,898860,2012-10-25,2012-10-24,P,open-market purchase,42500,191233.55,4.4996,,,,,unknown,,9,0,Common Stock,I,4,0001209191-12-050520,,https://www.sec.gov/Archives/edgar/data/944809/000120919112050520/doc4.xml
OPK,944809,Phillip Frost,898860,2012-10-24,2012-10-23,P,open-market purchase,25000,111540.00,4.4616,,,,,unknown,,6,0,Common Stock,I,4,0001209191-12-050373,,https://www.sec.gov/Archives/edgar/data/944809/000120919112050373/doc4.xml
OPK,944809,Phillip Frost,898860,2012-10-23,2012-10-22,P,open-market purchase,25000,111383.32,4.4553,,,,,unknown,,6,0,Common Stock,I,4,0001209191-12-050205,,https://www.sec.gov/Archives/edgar/data/944809/000120919112050205/doc4.xml
OPK,944809,Phillip Frost,898860,2012-10-22,2012-10-19,P,open-market purchase,190000,861755.51,4.5356,,,,,unknown,,27,0,Common Stock,I,4,0001209191-12-050076,,https://www.sec.gov/Archives/edgar/data/944809/000120919112050076/doc4.xml
OPK,944809,Phillip Frost,898860,2012-10-12,2012-10-11,P,open-market purchase,105000,449706.54,4.2829,,,,,unknown,,21,0,Common Stock,I,4,0001209191-12-049223,,https://www.sec.gov/Archives/edgar/data/944809/000120919112049223/doc4.xml
OPK,944809,Phillip Frost,898860,2012-10-11,2012-10-10,P,open-market purchase,55000,235961.50,4.2902,,,,,unknown,,9,0,Common Stock,I,4,0001209191-12-049030,,https://www.sec.gov/Archives/edgar/data/944809/000120919112049030/doc4.xml
OPK,944809,Phillip Frost,898860,2012-10-10,2012-10-09,P,open-market purchase,95900,414907.42,4.3265,,,,,unknown,,17,0,Common Stock,I,4,0001209191-12-048871,,https://www.sec.gov/Archives/edgar/data/944809/000120919112048871/doc4.xml
OPK,944809,Phillip Frost,898860,2012-10-09,2012-10-08,P,open-market purchase,137500,607332.20,4.4170,,,,,unknown,,16,0,Common Stock,I,4,0001209191-12-048626,,https://www.sec.gov/Archives/edgar/data/944809/000120919112048626/doc4.xml
OPK,944809,Phillip Frost,898860,2012-10-09,2012-10-05,P,open-market purchase,60000,270220.38,4.5037,,,,,unknown,,8,0,Common Stock,I,4,0001209191-12-048617,,https://www.sec.gov/Archives/edgar/data/944809/000120919112048617/doc4.xml
OPK,944809,Phillip Frost,898860,2012-10-05,2012-10-04,P,open-market purchase,77500,342486.36,4.4192,,,,,unknown,,10,0,Common Stock,I,4,0001209191-12-048462,,https://www.sec.gov/Archives/edgar/data/944809/000120919112048462/doc4.xml
OPK,944809,Phillip Frost,898860,2012-10-04,2012-10-03,P,open-market purchase,65000,283650.21,4.3638,,,,,unknown,,10,0,Common Stock,I,4,0001209191-12-048312,,https://www.sec.gov/Archives/edgar/data/944809/000120919112048312/doc4.xml
OPK,944809,Phillip Frost,898860,2012-10-03,2012-10-02,P,open-market purchase,100000,417530.05,4.1753,,,,,unknown,,9,0,Common Stock,I,4,0001209191-12-047865,,https://www.sec.gov/Archives/edgar/data/944809/000120919112047865/doc4.xml
OPK,944809,Phillip Frost,898860,2012-10-02,2012-10-01,P,open-market purchase,212500,885114.99,4.1652,,,,,unknown,,12,0,Common Stock,I,4,0001209191-12-047244,,https://www.sec.gov/Archives/edgar/data/944809/000120919112047244/doc4.xml
OPK,944809,Phillip Frost,898860,2012-10-01,2012-09-28,P,open-market purchase,47500,199016.92,4.1898,,,,,unknown,,8,0,Common Stock,I,4,0001209191-12-046955,,https://www.sec.gov/Archives/edgar/data/944809/000120919112046955/doc4.xml
OPK,944809,Phillip Frost,898860,2012-09-28,2012-09-27,P,open-market purchase,62500,261140.44,4.1782,,,,,unknown,,13,0,Common Stock,I,4,0001209191-12-046862,,https://www.sec.gov/Archives/edgar/data/944809/000120919112046862/doc4.xml
OPK,944809,Phillip Frost,898860,2012-09-27,2012-09-26,P,open-market purchase,75000,309656.23,4.1287,,,,,unknown,,10,0,Common Stock,I,4,0001209191-12-046790,,https://www.sec.gov/Archives/edgar/data/944809/000120919112046790/doc4.xml
OPK,944809,Phillip Frost,898860,2012-09-26,2012-09-25,P,open-market purchase,40000,166097.76,4.1524,,,,,unknown,,7,0,Common Stock,I,4,0001209191-12-046707,,https://www.sec.gov/Archives/edgar/data/944809/000120919112046707/doc4.xml
OPK,944809,Phillip Frost,898860,2012-09-25,2012-09-24,P,open-market purchase,45000,186200.00,4.1378,,,,,unknown,,3,0,Common Stock,I,4,0001209191-12-046597,,https://www.sec.gov/Archives/edgar/data/944809/000120919112046597/doc4.xml
OPK,944809,Phillip Frost,898860,2012-09-24,2012-09-21,P,open-market purchase,150000,631012.90,4.2068,,,,,unknown,,10,0,Common Stock,I,4,0001209191-12-046453,,https://www.sec.gov/Archives/edgar/data/944809/000120919112046453/doc4.xml
OPK,944809,Phillip Frost,898860,2012-09-21,2012-09-20,P,open-market purchase,110000,472013.64,4.2910,,,,,unknown,,14,0,Common Stock,I,4,0001209191-12-046359,,https://www.sec.gov/Archives/edgar/data/944809/000120919112046359/doc4.xml
OPK,944809,Phillip Frost,898860,2012-09-20,2012-09-19,P,open-market purchase,45000,197922.24,4.3983,,,,,unknown,,5,0,Common Stock,I,4,0001209191-12-046265,,https://www.sec.gov/Archives/edgar/data/944809/000120919112046265/doc4.xml
OPK,944809,Phillip Frost,898860,2012-09-19,2012-09-18,P,open-market purchase,25000,110913.46,4.4365,,,,,unknown,,3,0,Common Stock,I,4,0001209191-12-046110,,https://www.sec.gov/Archives/edgar/data/944809/000120919112046110/doc4.xml
OPK,944809,Phillip Frost,898860,2012-09-18,2012-09-17,P,open-market purchase,40000,176609.19,4.4152,,,,,unknown,,9,0,Common Stock,I,4,0001209191-12-045868,,https://www.sec.gov/Archives/edgar/data/944809/000120919112045868/doc4.xml
OPK,944809,Phillip Frost,898860,2012-09-17,2012-09-14,P,open-market purchase,55000,245088.28,4.4562,,,,,unknown,,9,0,Common Stock,I,4,0001209191-12-045661,,https://www.sec.gov/Archives/edgar/data/944809/000120919112045661/doc4.xml
OPK,944809,Phillip Frost,898860,2012-09-14,2012-09-13,P,open-market purchase,30000,132922.86,4.4308,,,,,unknown,,5,0,Common Stock,I,4,0001209191-12-045499,,https://www.sec.gov/Archives/edgar/data/944809/000120919112045499/doc4.xml
OPK,944809,Phillip Frost,898860,2012-09-13,2012-09-12,P,open-market purchase,30000,131138.28,4.3713,,,,,unknown,,5,0,Common Stock,I,4,0001209191-12-045366,,https://www.sec.gov/Archives/edgar/data/944809/000120919112045366/doc4.xml
OPK,944809,Phillip Frost,898860,2012-09-12,2012-09-11,P,open-market purchase,60000,262937.60,4.3823,,,,,unknown,,6,0,Common Stock,I,4,0001209191-12-045185,,https://www.sec.gov/Archives/edgar/data/944809/000120919112045185/doc4.xml
OPK,944809,Phillip Frost,898860,2012-09-11,2012-09-10,P,open-market purchase,90000,394046.03,4.3783,,,,,unknown,,10,0,Common Stock,I,4,0001209191-12-044938,,https://www.sec.gov/Archives/edgar/data/944809/000120919112044938/doc4.xml
OPK,944809,Phillip Frost,898860,2012-09-10,2012-09-07,P,open-market purchase,50000,224097.79,4.4820,,,,,unknown,,6,0,Common Stock,I,4,0001209191-12-044804,,https://www.sec.gov/Archives/edgar/data/944809/000120919112044804/doc4.xml
OPK,944809,Phillip Frost,898860,2012-09-04,2012-08-31,P,open-market purchase,20000,89235.00,4.4618,,,,,unknown,,5,0,Common Stock,I,4,0001209191-12-043989,,https://www.sec.gov/Archives/edgar/data/944809/000120919112043989/doc4.xml
OPK,944809,Phillip Frost,898860,2012-08-31,2012-08-30,P,open-market purchase,22500,99906.71,4.4403,,,,,unknown,,9,0,Common Stock,I,4,0001209191-12-043811,,https://www.sec.gov/Archives/edgar/data/944809/000120919112043811/doc4.xml
OPK,944809,Phillip Frost,898860,2012-08-30,2012-08-29,P,open-market purchase,20000,89550.83,4.4775,,,,,unknown,,4,0,Common Stock,I,4,0001209191-12-043692,,https://www.sec.gov/Archives/edgar/data/944809/000120919112043692/doc4.xml
OPK,944809,Phillip Frost,898860,2012-08-29,2012-08-28,P,open-market purchase,45000,200621.83,4.4583,,,,,unknown,,8,0,Common Stock,I,4,0001209191-12-043551,,https://www.sec.gov/Archives/edgar/data/944809/000120919112043551/doc4.xml
OPK,944809,Phillip Frost,898860,2012-08-28,2012-08-27,P,open-market purchase,42500,190810.72,4.4897,,,,,unknown,,7,0,Common Stock,I,4,0001209191-12-043339,,https://www.sec.gov/Archives/edgar/data/944809/000120919112043339/doc4.xml
OPK,944809,Phillip Frost,898860,2012-08-27,2012-08-24,P,open-market purchase,47500,213384.66,4.4923,,,,,unknown,,8,0,Common Stock,I,4,0001209191-12-043176,,https://www.sec.gov/Archives/edgar/data/944809/000120919112043176/doc4.xml
OPK,944809,Phillip Frost,898860,2012-08-24,2012-08-23,P,open-market purchase,32500,144770.73,4.4545,,,,,unknown,,13,0,Common Stock,I,4,0001209191-12-043049,,https://www.sec.gov/Archives/edgar/data/944809/000120919112043049/doc4.xml
OPK,944809,Phillip Frost,898860,2012-08-23,2012-08-22,P,open-market purchase,35000,153401.63,4.3829,,,,,unknown,,7,0,Common Stock,I,4,0001209191-12-042933,,https://www.sec.gov/Archives/edgar/data/944809/000120919112042933/doc4.xml
OPK,944809,Phillip Frost,898860,2012-08-22,2012-08-21,P,open-market purchase,80000,344888.26,4.3111,,,,,unknown,,12,0,Common Stock,I,4,0001209191-12-042805,,https://www.sec.gov/Archives/edgar/data/944809/000120919112042805/doc4.xml
OPK,944809,Phillip Frost,898860,2012-08-21,2012-08-20,P,open-market purchase,65000,281264.66,4.3271,,,,,unknown,,9,0,Common Stock,I,4,0001209191-12-042692,,https://www.sec.gov/Archives/edgar/data/944809/000120919112042692/doc4.xml
OPK,944809,Phillip Frost,898860,2012-08-20,2012-08-17,P,open-market purchase,75000,320030.78,4.2671,,,,,unknown,,11,0,Common Stock,I,4,0001209191-12-042567,,https://www.sec.gov/Archives/edgar/data/944809/000120919112042567/doc4.xml
OPK,944809,Phillip Frost,898860,2012-08-17,2012-08-16,P,open-market purchase,60000,253758.92,4.2293,,,,,unknown,,13,0,Common Stock,I,4,0001209191-12-042363,,https://www.sec.gov/Archives/edgar/data/944809/000120919112042363/doc4.xml
OPK,944809,Phillip Frost,898860,2012-08-16,2012-08-15,P,open-market purchase,40000,167889.20,4.1972,,,,,unknown,,3,0,Common Stock,I,4,0001209191-12-042051,,https://www.sec.gov/Archives/edgar/data/944809/000120919112042051/doc4.xml
OPK,944809,Phillip Frost,898860,2012-08-15,2012-08-14,P,open-market purchase,45000,188185.79,4.1819,,,,,unknown,,7,0,Common Stock,I,4,0001209191-12-041744,,https://www.sec.gov/Archives/edgar/data/944809/000120919112041744/doc4.xml
OPK,944809,Phillip Frost,898860,2012-08-14,2012-08-13,P,open-market purchase,60000,253146.22,4.2191,,,,,unknown,,7,0,Common Stock,I,4,0001209191-12-041530,,https://www.sec.gov/Archives/edgar/data/944809/000120919112041530/doc4.xml
OPK,944809,Phillip Frost,898860,2012-08-13,2012-08-10,P,open-market purchase,100000,424085.10,4.2409,,,,,unknown,,8,0,Common Stock,I,4,0001209191-12-041374,,https://www.sec.gov/Archives/edgar/data/944809/000120919112041374/doc4.xml
OPK,944809,Phillip Frost,898860,2012-08-10,2012-08-09,P,open-market purchase,70000,297098.12,4.2443,,,,,unknown,,8,0,Common Stock,I,4,0001209191-12-041182,,https://www.sec.gov/Archives/edgar/data/944809/000120919112041182/doc4.xml
OPK,944809,Phillip Frost,898860,2012-08-09,2012-08-08,P,open-market purchase,47500,201918.41,4.2509,,,,,unknown,,5,0,Common Stock,I,4,0001209191-12-041046,,https://www.sec.gov/Archives/edgar/data/944809/000120919112041046/doc4.xml
OPK,944809,Phillip Frost,898860,2012-08-08,2012-08-07,P,open-market purchase,50000,213732.05,4.2746,,,,,unknown,,6,0,Common Stock,I,4,0001209191-12-040859,,https://www.sec.gov/Archives/edgar/data/944809/000120919112040859/doc4.xml
OPK,944809,Phillip Frost,898860,2012-08-07,2012-08-06,P,open-market purchase,115000,493168.02,4.2884,,,,,unknown,,5,0,Common Stock,I,4,0001209191-12-040619,,https://www.sec.gov/Archives/edgar/data/944809/000120919112040619/doc4.xml
OPK,944809,Phillip Frost,898860,2012-08-06,2012-08-03,P,open-market purchase,60000,256651.96,4.2775,,,,,unknown,,5,0,Common Stock,I,4,0001209191-12-040342,,https://www.sec.gov/Archives/edgar/data/944809/000120919112040342/doc4.xml
OPK,944809,Phillip Frost,898860,2012-08-03,2012-08-02,P,open-market purchase,100000,411641.83,4.1164,,,,,unknown,,8,0,Common Stock,I,4,0001209191-12-040136,,https://www.sec.gov/Archives/edgar/data/944809/000120919112040136/doc4.xml
OPK,944809,Phillip Frost,898860,2012-08-02,2012-08-01,P,open-market purchase,200000,820492.63,4.1025,,,,,unknown,,12,0,Common Stock,I,4,0001209191-12-039944,,https://www.sec.gov/Archives/edgar/data/944809/000120919112039944/doc4.xml
OPK,944809,Phillip Frost,898860,2012-08-01,2012-07-31,P,open-market purchase,100000,424008.32,4.2401,,,,,unknown,,5,0,Common Stock,I,4,0001209191-12-039767,,https://www.sec.gov/Archives/edgar/data/944809/000120919112039767/doc4.xml
OPK,944809,Phillip Frost,898860,2012-07-31,2012-07-30,P,open-market purchase,100000,429928.15,4.2993,,,,,unknown,,10,0,Common Stock,I,4,0001209191-12-039567,,https://www.sec.gov/Archives/edgar/data/944809/000120919112039567/doc4.xml
OPK,944809,Phillip Frost,898860,2012-07-30,2012-07-27,P,open-market purchase,100000,436935.18,4.3694,,,,,unknown,,13,0,Common Stock,I,4,0001209191-12-039453,,https://www.sec.gov/Archives/edgar/data/944809/000120919112039453/doc4.xml
OPK,944809,Phillip Frost,898860,2012-07-27,2012-07-26,P,open-market purchase,185000,801104.30,4.3303,,,,,unknown,,17,0,Common Stock,I,4,0001209191-12-039240,,https://www.sec.gov/Archives/edgar/data/944809/000120919112039240/doc4.xml
OPK,944809,Phillip Frost,898860,2012-07-26,2012-07-25,P,open-market purchase,65000,286032.52,4.4005,,,,,unknown,,10,0,Common Stock,I,4,0001209191-12-039118,,https://www.sec.gov/Archives/edgar/data/944809/000120919112039118/doc4.xml
OPK,944809,Phillip Frost,898860,2012-07-24,2012-07-23,P,open-market purchase,40000,178899.50,4.4725,,,,,unknown,,3,0,Common Stock,I,4,0001209191-12-038847,,https://www.sec.gov/Archives/edgar/data/944809/000120919112038847/doc4.xml
OPK,944809,Phillip Frost,898860,2012-07-23,2012-07-20,P,open-market purchase,30000,135000.00,4.5000,,,,,unknown,,1,0,Common Stock,I,4,0001209191-12-038777,,https://www.sec.gov/Archives/edgar/data/944809/000120919112038777/doc4.xml
OPK,944809,Phillip Frost,898860,2012-07-20,2012-07-19,P,open-market purchase,25000,115250.00,4.6100,,,,,unknown,,1,0,Common Stock,I,4,0001209191-12-038712,,https://www.sec.gov/Archives/edgar/data/944809/000120919112038712/doc4.xml
OPK,944809,Phillip Frost,898860,2012-07-19,2012-07-18,P,open-market purchase,32500,150719.32,4.6375,,,,,unknown,,6,0,Common Stock,I,4,0001209191-12-038617,,https://www.sec.gov/Archives/edgar/data/944809/000120919112038617/doc4.xml
OPK,944809,Phillip Frost,898860,2012-07-18,2012-07-17,P,open-market purchase,85000,388955.52,4.5759,,,,,unknown,,8,0,Common Stock,I,4,0001209191-12-038381,,https://www.sec.gov/Archives/edgar/data/944809/000120919112038381/doc4.xml
OPK,944809,Phillip Frost,898860,2012-07-16,2012-07-13,P,open-market purchase,45000,207517.61,4.6115,,,,,unknown,,3,0,Common Stock,I,4,0001209191-12-038084,,https://www.sec.gov/Archives/edgar/data/944809/000120919112038084/doc4.xml
OPK,944809,Phillip Frost,898860,2012-07-13,2012-07-12,P,open-market purchase,30000,138056.62,4.6019,,,,,unknown,,8,0,Common Stock,I,4,0001209191-12-037979,,https://www.sec.gov/Archives/edgar/data/944809/000120919112037979/doc4.xml
OPK,944809,Phillip Frost,898860,2012-07-12,2012-07-11,P,open-market purchase,92500,422041.91,4.5626,,,,,unknown,,17,0,Common Stock,I,4,0001209191-12-037900,,https://www.sec.gov/Archives/edgar/data/944809/000120919112037900/doc4.xml
OPK,944809,Phillip Frost,898860,2012-07-11,2012-07-10,P,open-market purchase,90000,414682.34,4.6076,,,,,unknown,,5,0,Common Stock,I,4,0001209191-12-037825,,https://www.sec.gov/Archives/edgar/data/944809/000120919112037825/doc4.xml
OPK,944809,Phillip Frost,898860,2012-07-10,2012-07-09,P,open-market purchase,45000,208775.53,4.6395,,,,,unknown,,5,0,Common Stock,I,4,0001209191-12-037690,,https://www.sec.gov/Archives/edgar/data/944809/000120919112037690/doc4.xml
OPK,944809,Phillip Frost,898860,2012-07-09,2012-07-06,P,open-market purchase,90000,422721.42,4.6969,,,,,unknown,,9,0,Common Stock,I,4,0001209191-12-037577,,https://www.sec.gov/Archives/edgar/data/944809/000120919112037577/doc4.xml
OPK,944809,Phillip Frost,898860,2012-07-06,2012-07-05,P,open-market purchase,50000,238174.15,4.7635,,,,,unknown,,8,0,Common Stock,I,4,0001209191-12-037474,,https://www.sec.gov/Archives/edgar/data/944809/000120919112037474/doc4.xml
OPK,944809,Phillip Frost,898860,2012-07-05,2012-07-03,P,open-market purchase,45000,212198.00,4.7155,,,,,unknown,,7,0,Common Stock,I,4,0001209191-12-037179,,https://www.sec.gov/Archives/edgar/data/944809/000120919112037179/doc4.xml
OPK,944809,Phillip Frost,898860,2012-07-03,2012-07-02,P,open-market purchase,50000,232406.31,4.6481,,,,,unknown,,9,0,Common Stock,I,4,0001209191-12-036377,,https://www.sec.gov/Archives/edgar/data/944809/000120919112036377/doc4.xml
OPK,944809,Phillip Frost,898860,2012-07-02,2012-06-29,P,open-market purchase,42500,195076.60,4.5900,,,,,unknown,,4,0,Common Stock,I,4,0001209191-12-035831,,https://www.sec.gov/Archives/edgar/data/944809/000120919112035831/doc4.xml
OPK,944809,Phillip Frost,898860,2012-06-29,2012-06-28,P,open-market purchase,77500,353399.50,4.5600,,,,,unknown,,11,0,Common Stock,I,4,0001209191-12-035693,,https://www.sec.gov/Archives/edgar/data/944809/000120919112035693/doc4.xml
OPK,944809,Phillip Frost,898860,2012-06-28,2012-06-27,P,open-market purchase,12500,57513.47,4.6011,,,,,unknown,,4,0,Common Stock,I,4,0001209191-12-035558,,https://www.sec.gov/Archives/edgar/data/944809/000120919112035558/doc4.xml
OPK,944809,Phillip Frost,898860,2012-06-27,2012-06-26,P,open-market purchase,17500,80769.23,4.6154,,,,,unknown,,4,0,Common Stock,I,4,0001209191-12-035482,,https://www.sec.gov/Archives/edgar/data/944809/000120919112035482/doc4.xml
OPK,944809,Phillip Frost,898860,2012-06-26,2012-06-25,P,open-market purchase,12500,57775.00,4.6220,,,,,unknown,,2,0,Common Stock,I,4,0001209191-12-035300,,https://www.sec.gov/Archives/edgar/data/944809/000120919112035300/doc4.xml
OPK,944809,Phillip Frost,898860,2012-06-25,2012-06-22,P,open-market purchase,30000,137414.80,4.5805,,,,,unknown,,7,0,Common Stock,I,4,0001209191-12-035140,,https://www.sec.gov/Archives/edgar/data/944809/000120919112035140/doc4.xml
OPK,944809,Phillip Frost,898860,2012-06-20,2012-06-19,P,open-market purchase,77500,344855.24,4.4497,,,,,unknown,,9,0,Common Stock,I,4,0001209191-12-034661,,https://www.sec.gov/Archives/edgar/data/944809/000120919112034661/doc4.xml
OPK,944809,Phillip Frost,898860,2012-06-19,2012-06-18,P,open-market purchase,65000,292496.69,4.4999,,,,,unknown,,7,0,Common Stock,I,4,0001209191-12-034382,,https://www.sec.gov/Archives/edgar/data/944809/000120919112034382/doc4.xml
OPK,944809,Phillip Frost,898860,2012-06-18,2012-06-15,P,open-market purchase,200000,917889.04,4.5894,,,,,unknown,,8,0,Common Stock,I,4,0001209191-12-034181,,https://www.sec.gov/Archives/edgar/data/944809/000120919112034181/doc4.xml
OPK,944809,Phillip Frost,898860,2012-06-15,2012-06-14,P,open-market purchase,85000,397669.19,4.6785,,,,,unknown,,10,0,Common Stock,I,4,0001209191-12-033960,,https://www.sec.gov/Archives/edgar/data/944809/000120919112033960/doc4.xml
OPK,944809,Phillip Frost,898860,2012-06-14,2012-06-13,P,open-market purchase,35000,167505.26,4.7859,,,,,unknown,,10,0,Common Stock,I,4,0001209191-12-033759,,https://www.sec.gov/Archives/edgar/data/944809/000120919112033759/doc4.xml
OPK,944809,Phillip Frost,898860,2012-06-13,2012-06-12,P,open-market purchase,5000,23768.00,4.7536,,,,,unknown,,3,0,Common Stock,I,4,0001209191-12-033610,,https://www.sec.gov/Archives/edgar/data/944809/000120919112033610/doc4.xml
OPK,944809,Phillip Frost,898860,2012-06-12,2012-06-11,P,open-market purchase,42500,202805.20,4.7719,,,,,unknown,,7,0,Common Stock,I,4,0001209191-12-033354,,https://www.sec.gov/Archives/edgar/data/944809/000120919112033354/doc4.xml
OPK,944809,Phillip Frost,898860,2012-06-11,2012-06-08,P,open-market purchase,25000,117720.90,4.7088,,,,,unknown,,7,0,Common Stock,I,4,0001209191-12-033132,,https://www.sec.gov/Archives/edgar/data/944809/000120919112033132/doc4.xml
OPK,944809,Phillip Frost,898860,2012-06-08,2012-06-07,P,open-market purchase,45000,206469.87,4.5882,,,,,unknown,,9,0,Common Stock,I,4,0001209191-12-032927,,https://www.sec.gov/Archives/edgar/data/944809/000120919112032927/doc4.xml
OPK,944809,Phillip Frost,898860,2012-06-06,2012-06-05,P,open-market purchase,27500,123664.61,4.4969,,,,,unknown,,4,0,Common Stock,I,4,0001209191-12-032502,,https://www.sec.gov/Archives/edgar/data/944809/000120919112032502/doc4.xml
OPK,944809,Phillip Frost,898860,2012-06-05,2012-06-04,P,open-market purchase,20000,89841.50,4.4921,,,,,unknown,,6,0,Common Stock,I,4,0001209191-12-032173,,https://www.sec.gov/Archives/edgar/data/944809/000120919112032173/doc4.xml
OPK,944809,Phillip Frost,898860,2012-06-04,2012-06-01,P,open-market purchase,30000,134826.48,4.4942,,,,,unknown,,4,0,Common Stock,I,4,0001209191-12-031774,,https://www.sec.gov/Archives/edgar/data/944809/000120919112031774/doc4.xml
OPK,944809,Phillip Frost,898860,2012-06-01,2012-05-31,P,open-market purchase,110000,507650.25,4.6150,,,,,unknown,,10,0,Common Stock,I,4,0001209191-12-031469,,https://www.sec.gov/Archives/edgar/data/944809/000120919112031469/doc4.xml
OPK,944809,Phillip Frost,898860,2012-05-31,2012-05-30,P,open-market purchase,35000,162840.50,4.6526,,,,,unknown,,5,0,Common Stock,I,4,0001209191-12-031288,,https://www.sec.gov/Archives/edgar/data/944809/000120919112031288/doc4.xml
OPK,944809,Phillip Frost,898860,2012-05-29,2012-05-25,P,open-market purchase,15000,71926.00,4.7951,,,,,unknown,,2,0,Common Stock,I,4,0001209191-12-030866,,https://www.sec.gov/Archives/edgar/data/944809/000120919112030866/doc4.xml
OPK,944809,Phillip Frost,898860,2012-05-25,2012-05-24,P,open-market purchase,25000,118299.76,4.7320,,,,,unknown,,4,0,Common Stock,I,4,0001209191-12-030407,,https://www.sec.gov/Archives/edgar/data/944809/000120919112030407/doc4.xml
OPK,944809,Phillip Frost,898860,2012-05-24,2012-05-23,P,open-market purchase,20000,91799.84,4.5900,,,,,unknown,,4,0,Common Stock,I,4,0001209191-12-030084,,https://www.sec.gov/Archives/edgar/data/944809/000120919112030084/doc4.xml
OPK,944809,Phillip Frost,898860,2012-05-23,2012-05-22,P,open-market purchase,20000,92116.40,4.6058,,,,,unknown,,3,0,Common Stock,I,4,0001209191-12-029874,,https://www.sec.gov/Archives/edgar/data/944809/000120919112029874/doc4.xml
OPK,944809,Phillip Frost,898860,2012-05-22,2012-05-21,P,open-market purchase,20000,90541.00,4.5271,,,,,unknown,,4,0,Common Stock,I,4,0001209191-12-029652,,https://www.sec.gov/Archives/edgar/data/944809/000120919112029652/doc4.xml
OPK,944809,Phillip Frost,898860,2012-05-21,2012-05-18,P,open-market purchase,40000,180196.27,4.5049,,,,,unknown,,4,0,Common Stock,I,4,0001209191-12-029344,,https://www.sec.gov/Archives/edgar/data/944809/000120919112029344/doc4.xml
OPK,944809,Phillip Frost,898860,2012-05-18,2012-05-17,P,open-market purchase,84500,379719.21,4.4937,,,,,unknown,,8,0,Common Stock,I,4,0001209191-12-029092,,https://www.sec.gov/Archives/edgar/data/944809/000120919112029092/doc4.xml
OPK,944809,Phillip Frost,898860,2012-05-17,2012-05-16,P,open-market purchase,30000,138254.29,4.6085,,,,,unknown,,6,0,Common Stock,I,4,0001209191-12-028694,,https://www.sec.gov/Archives/edgar/data/944809/000120919112028694/doc4.xml
OPK,944809,Phillip Frost,898860,2012-05-16,2012-05-15,P,open-market purchase,110000,505636.46,4.5967,,,,,unknown,,10,0,Common Stock,I,4,0001209191-12-028458,,https://www.sec.gov/Archives/edgar/data/944809/000120919112028458/doc4.xml
OPK,944809,Phillip Frost,898860,2012-05-15,2012-05-14,P,open-market purchase,100000,457546.12,4.5755,,,,,unknown,,7,0,Common Stock,I,4,0001209191-12-028121,,https://www.sec.gov/Archives/edgar/data/944809/000120919112028121/doc4.xml
OPK,944809,Phillip Frost,898860,2012-05-14,2012-05-11,P,open-market purchase,100000,452339.29,4.5234,,,,,unknown,,7,0,Common Stock,I,4,0001209191-12-027771,,https://www.sec.gov/Archives/edgar/data/944809/000120919112027771/doc4.xml
OPK,944809,Phillip Frost,898860,2012-05-11,2012-05-10,P,open-market purchase,100000,449683.81,4.4968,,,,,unknown,,4,0,Common Stock,I,4,0001209191-12-027528,,https://www.sec.gov/Archives/edgar/data/944809/000120919112027528/doc4.xml
OPK,944809,Phillip Frost,898860,2012-05-10,2012-05-09,P,open-market purchase,10000,44376.66,4.4377,,,,,unknown,,4,0,Common Stock,I,4,0001209191-12-027213,,https://www.sec.gov/Archives/edgar/data/944809/000120919112027213/doc4.xml
OPK,944809,Phillip Frost,898860,2012-05-09,2012-05-08,P,open-market purchase,30000,133111.56,4.4371,,,,,unknown,,6,0,Common Stock,I,4,0001209191-12-026829,,https://www.sec.gov/Archives/edgar/data/944809/000120919112026829/doc4.xml
OPK,944809,Phillip Frost,898860,2012-05-07,2012-05-04,P,open-market purchase,50000,225253.12,4.5051,,,,,unknown,,9,0,Common Stock,I,4,0001209191-12-026114,,https://www.sec.gov/Archives/edgar/data/944809/000120919112026114/doc4.xml
OPK,944809,Phillip Frost,898860,2012-05-03,2012-05-02,P,open-market purchase,80000,372965.19,4.6621,,,,,unknown,,6,0,Common Stock,I,4,0001209191-12-025627,,https://www.sec.gov/Archives/edgar/data/944809/000120919112025627/doc4.xml
OPK,944809,Phillip Frost,898860,2012-05-02,2012-05-01,P,open-market purchase,32000,149776.91,4.6805,,,,,unknown,,4,0,Common Stock,I,4,0001209191-12-025302,,https://www.sec.gov/Archives/edgar/data/944809/000120919112025302/doc4.xml
OPK,944809,Phillip Frost,898860,2012-05-01,2012-04-30,P,open-market purchase,45000,214592.38,4.7687,,,,,unknown,,7,0,Common Stock,I,4,0001209191-12-024986,,https://www.sec.gov/Archives/edgar/data/944809/000120919112024986/doc4.xml
OPK,944809,Phillip Frost,898860,2012-04-30,2012-04-27,P,open-market purchase,40000,192057.66,4.8014,,,,,unknown,,4,0,Common Stock,I,4/A,0001209191-12-024765,,https://www.sec.gov/Archives/edgar/data/944809/000120919112024765/doc4a.xml
OPK,944809,Phillip Frost,898860,2012-04-30,2012-04-26,P,open-market purchase,100000,482145.93,4.8215,,,,,unknown,,11,0,Common Stock,I,4,0001209191-12-024713,,https://www.sec.gov/Archives/edgar/data/944809/000120919112024713/doc4.xml
OPK,944809,Phillip Frost,898860,2012-04-27,2012-04-26,P,open-market purchase,100000,482145.93,4.8215,,,,,unknown,,11,0,Common Stock,I,4,0001209191-12-024516,,https://www.sec.gov/Archives/edgar/data/944809/000120919112024516/doc4.xml
OPK,944809,Phillip Frost,898860,2012-04-26,2012-04-25,P,open-market purchase,10000,48601.00,4.8601,,,,,unknown,,2,0,Common Stock,I,4,0001209191-12-024242,,https://www.sec.gov/Archives/edgar/data/944809/000120919112024242/doc4.xml
OPK,944809,Phillip Frost,898860,2012-04-25,2012-04-24,P,open-market purchase,20000,97050.76,4.8525,,,,,unknown,,3,0,Common Stock,I,4,0001209191-12-024139,,https://www.sec.gov/Archives/edgar/data/944809/000120919112024139/doc4.xml
OPK,944809,Phillip Frost,898860,2012-04-24,2012-04-23,P,open-market purchase,60000,293773.33,4.8962,,,,,unknown,,12,0,Common Stock,I,4,0001209191-12-023975,,https://www.sec.gov/Archives/edgar/data/944809/000120919112023975/doc4.xml
OPK,944809,Phillip Frost,898860,2012-04-23,2012-04-20,P,open-market purchase,10000,48699.98,4.8700,,,,,unknown,,2,0,Common Stock,I,4,0001209191-12-023830,,https://www.sec.gov/Archives/edgar/data/944809/000120919112023830/doc4.xml
OPK,944809,Phillip Frost,898860,2012-04-20,2012-04-19,P,open-market purchase,30000,143067.02,4.7689,,,,,unknown,,7,0,Common Stock,I,4,0001209191-12-023724,,https://www.sec.gov/Archives/edgar/data/944809/000120919112023724/doc4.xml
OPK,944809,Phillip Frost,898860,2012-04-19,2012-04-18,P,open-market purchase,10000,46363.55,4.6364,,,,,unknown,,2,0,Common Stock,I,4,0001209191-12-023581,,https://www.sec.gov/Archives/edgar/data/944809/000120919112023581/doc4.xml
OPK,944809,Phillip Frost,898860,2012-04-18,2012-04-17,P,open-market purchase,20000,92136.99,4.6068,,,,,unknown,,4,0,Common Stock,I,4,0001209191-12-023434,,https://www.sec.gov/Archives/edgar/data/944809/000120919112023434/doc4.xml
OPK,944809,Phillip Frost,898860,2012-04-16,2012-04-13,P,open-market purchase,100000,439846.53,4.3985,,,,,unknown,,10,0,Common Stock,I,4,0001209191-12-023077,,https://www.sec.gov/Archives/edgar/data/944809/000120919112023077/doc4.xml
OPK,944809,Phillip Frost,898860,2012-04-13,2012-04-12,P,open-market purchase,100000,450150.38,4.5015,,,,,unknown,,16,0,Common Stock,I,4,0001209191-12-022962,,https://www.sec.gov/Archives/edgar/data/944809/000120919112022962/doc4.xml
OPK,944809,Phillip Frost,898860,2012-04-12,2012-04-11,P,open-market purchase,100000,452131.60,4.5213,,,,,unknown,,11,0,Common Stock,I,4,0001209191-12-022825,,https://www.sec.gov/Archives/edgar/data/944809/000120919112022825/doc4.xml
OPK,944809,Phillip Frost,898860,2012-04-11,2012-04-10,P,open-market purchase,110000,490585.24,4.4599,,,,,unknown,,9,0,Common Stock,I,4,0001209191-12-022702,,https://www.sec.gov/Archives/edgar/data/944809/000120919112022702/doc4.xml
OPK,944809,Phillip Frost,898860,2012-04-10,2012-04-09,P,open-market purchase,50000,231831.80,4.6366,,,,,unknown,,4,0,Common Stock,I,4,0001209191-12-022577,,https://www.sec.gov/Archives/edgar/data/944809/000120919112022577/doc4.xml
OPK,944809,Phillip Frost,898860,2012-04-09,2012-04-05,P,open-market purchase,30000,143686.38,4.7895,,,,,unknown,,5,0,Common Stock,I,4,0001209191-12-022468,,https://www.sec.gov/Archives/edgar/data/944809/000120919112022468/doc4.xml
OPK,944809,Phillip Frost,898860,2012-04-05,2012-04-04,P,open-market purchase,10000,47000.00,4.7000,,,,,unknown,,1,0,Common Stock,I,4,0001209191-12-022221,,https://www.sec.gov/Archives/edgar/data/944809/000120919112022221/doc4.xml
OPK,944809,Phillip Frost,898860,2012-04-04,2012-04-03,P,open-market purchase,40000,192418.78,4.8105,,,,,unknown,,7,0,Common Stock,I,4,0001209191-12-021734,,https://www.sec.gov/Archives/edgar/data/944809/000120919112021734/doc4.xml
OPK,944809,Phillip Frost,898860,2012-04-03,2012-04-02,P,open-market purchase,45000,210634.86,4.6808,,,,,unknown,,5,0,Common Stock,I,4,0001209191-12-020999,,https://www.sec.gov/Archives/edgar/data/944809/000120919112020999/doc4.xml
OPK,944809,Phillip Frost,898860,2012-03-30,2012-03-29,P,open-market purchase,50000,235426.84,4.7085,,,,,unknown,,7,0,Common Stock,I,4,0001209191-12-020533,,https://www.sec.gov/Archives/edgar/data/944809/000120919112020533/doc4.xml
OPK,944809,Phillip Frost,898860,2012-03-29,2012-03-28,P,open-market purchase,20000,95049.90,4.7525,,,,,unknown,,2,0,Common Stock,I,4,0001209191-12-020325,,https://www.sec.gov/Archives/edgar/data/944809/000120919112020325/doc4.xml
OPK,944809,Phillip Frost,898860,2012-03-28,2012-03-27,P,open-market purchase,15000,72049.73,4.8033,,,,,unknown,,3,0,Common Stock,I,4,0001209191-12-020172,,https://www.sec.gov/Archives/edgar/data/944809/000120919112020172/doc4.xml
OPK,944809,Phillip Frost,898860,2012-03-27,2012-03-26,P,open-market purchase,13000,63119.00,4.8553,,,,,unknown,,3,0,Common Stock,I,4,0001209191-12-019978,,https://www.sec.gov/Archives/edgar/data/944809/000120919112019978/doc4.xml
OPK,944809,Phillip Frost,898860,2012-03-26,2012-03-23,P,open-market purchase,33000,159967.72,4.8475,,,,,unknown,,2,0,Common Stock,I,4,0001209191-12-019815,,https://www.sec.gov/Archives/edgar/data/944809/000120919112019815/doc4.xml
OPK,944809,Phillip Frost,898860,2012-03-23,2012-03-22,P,open-market purchase,15000,72200.00,4.8133,,,,,unknown,,2,0,Common Stock,I,4,0001209191-12-019689,,https://www.sec.gov/Archives/edgar/data/944809/000120919112019689/doc4.xml
OPK,944809,Phillip Frost,898860,2012-03-22,2012-03-21,P,open-market purchase,5000,24696.00,4.9392,,,,,unknown,,2,0,Common Stock,I,4,0001209191-12-019495,,https://www.sec.gov/Archives/edgar/data/944809/000120919112019495/doc4.xml
OPK,944809,Phillip Frost,898860,2012-03-21,2012-03-20,P,open-market purchase,16000,78065.98,4.8791,,,,,unknown,,5,0,Common Stock,I,4,0001209191-12-019289,,https://www.sec.gov/Archives/edgar/data/944809/000120919112019289/doc4.xml
OPK,944809,Phillip Frost,898860,2012-03-19,2012-03-16,P,open-market purchase,451011,2229376.50,4.9431,,,,,unknown,,25,0,Common Stock,I,4,0001209191-12-018857,,https://www.sec.gov/Archives/edgar/data/944809/000120919112018857/doc4.xml
OPK,944809,Phillip Frost,898860,2012-03-19,2012-03-16,P,open-market purchase,168989,853852.94,5.0527,,,,,unknown,,5,0,Common Stock,I,4,0001209191-12-018858,,https://www.sec.gov/Archives/edgar/data/944809/000120919112018858/doc4.xml
OPK,944809,Phillip Frost,898860,2012-03-13,2012-03-12,P,open-market purchase,20000,96428.00,4.8214,,,,,unknown,,2,0,Common Stock,I,4,0001209191-12-017604,,https://www.sec.gov/Archives/edgar/data/944809/000120919112017604/doc4.xml
OPK,944809,Phillip Frost,898860,2012-03-07,2012-03-06,P,open-market purchase,25000,118001.52,4.7201,,,,,unknown,,3,0,Common Stock,I,4,0001209191-12-016329,,https://www.sec.gov/Archives/edgar/data/944809/000120919112016329/doc4.xml
OPK,944809,Phillip Frost,898860,2012-03-06,2012-03-05,P,open-market purchase,25000,119819.00,4.7928,,,,,unknown,,3,0,Common Stock,I,4,0001209191-12-015949,,https://www.sec.gov/Archives/edgar/data/944809/000120919112015949/doc4.xml
OPK,944809,Phillip Frost,898860,2012-02-23,2012-02-22,P,open-market purchase,500000,2362395.10,4.7248,,,,,unknown,,8,0,Common Stock,I,4,0001209191-12-012311,,https://www.sec.gov/Archives/edgar/data/944809/000120919112012311/doc4.xml
OPK,944809,Phillip Frost,898860,2012-02-16,2012-02-15,P,open-market purchase,40000,205019.50,5.1255,,,,,unknown,,8,0,Common Stock,I,4,0001209191-12-010650,,https://www.sec.gov/Archives/edgar/data/944809/000120919112010650/doc4.xml
OPK,944809,Phillip Frost,898860,2012-02-14,2012-02-13,P,open-market purchase,10000,50950.00,5.0950,,,,,unknown,,2,0,Common Stock,I,4,0001209191-12-009695,,https://www.sec.gov/Archives/edgar/data/944809/000120919112009695/doc4.xml
OPK,944809,Phillip Frost,898860,2012-02-13,2012-02-10,P,open-market purchase,10000,51124.00,5.1124,,,,,unknown,,5,0,Common Stock,I,4,0001209191-12-009322,,https://www.sec.gov/Archives/edgar/data/944809/000120919112009322/doc4.xml
OPK,944809,Phillip Frost,898860,2012-02-10,2012-02-09,P,open-market purchase,11167,57881.34,5.1832,,,,,unknown,,3,0,Common Stock,I,4,0001209191-12-008850,,https://www.sec.gov/Archives/edgar/data/944809/000120919112008850/doc4.xml
OPK,944809,Phillip Frost,898860,2012-02-09,2012-02-08,P,open-market purchase,10000,52152.22,5.2152,,,,,unknown,,3,0,Common Stock,I,4,0001209191-12-008568,,https://www.sec.gov/Archives/edgar/data/944809/000120919112008568/doc4.xml
OPK,944809,Phillip Frost,898860,2012-02-07,2012-02-06,P,open-market purchase,5000,26200.00,5.2400,,,,,unknown,,1,0,Common Stock,I,4,0001209191-12-007971,,https://www.sec.gov/Archives/edgar/data/944809/000120919112007971/doc4.xml
OPK,944809,Phillip Frost,898860,2012-02-02,2012-02-01,P,open-market purchase,5000,26160.98,5.2322,,,,,unknown,,7,0,Common Stock,I,4,0001209191-12-006819,,https://www.sec.gov/Archives/edgar/data/944809/000120919112006819/doc4.xml
OPK,944809,Phillip Frost,898860,2012-02-01,2012-01-31,P,open-market purchase,5000,26275.00,5.2550,,,,,unknown,,2,0,Common Stock,I,4,0001209191-12-006517,,https://www.sec.gov/Archives/edgar/data/944809/000120919112006517/doc4.xml
OPK,944809,Phillip Frost,898860,2012-01-25,2012-01-24,P,open-market purchase,10000,51023.34,5.1023,,,,,unknown,,5,0,Common Stock,I,4,0001209191-12-005238,,https://www.sec.gov/Archives/edgar/data/944809/000120919112005238/doc4.xml
OPK,944809,Phillip Frost,898860,2012-01-17,2012-01-13,P,open-market purchase,10000,50341.50,5.0342,,,,,unknown,,7,0,Common Stock,I,4,0001209191-12-003708,,https://www.sec.gov/Archives/edgar/data/944809/000120919112003708/doc4.xml
OPK,944809,Phillip Frost,898860,2012-01-13,2012-01-12,P,open-market purchase,10000,49895.00,4.9895,,,,,unknown,,10,0,Common Stock,I,4,0001209191-12-003599,,https://www.sec.gov/Archives/edgar/data/944809/000120919112003599/doc4.xml
OPK,944809,Phillip Frost,898860,2012-01-12,2012-01-11,P,open-market purchase,10000,49408.50,4.9409,,,,,unknown,,10,0,Common Stock,I,4,0001209191-12-003400,,https://www.sec.gov/Archives/edgar/data/944809/000120919112003400/doc4.xml
OPK,944809,Phillip Frost,898860,2012-01-11,2012-01-10,P,open-market purchase,10000,49480.81,4.9481,,,,,unknown,,9,0,Common Stock,I,4,0001209191-12-003184,,https://www.sec.gov/Archives/edgar/data/944809/000120919112003184/doc4.xml
OPK,944809,Phillip Frost,898860,2012-01-10,2012-01-09,P,open-market purchase,10000,49404.00,4.9404,,,,,unknown,,6,0,Common Stock,I,4,0001209191-12-002893,,https://www.sec.gov/Archives/edgar/data/944809/000120919112002893/doc4.xml
OPK,944809,Phillip Frost,898860,2012-01-09,2012-01-06,P,open-market purchase,12500,61516.00,4.9213,,,,,unknown,,7,0,Common Stock,I,4,0001209191-12-002673,,https://www.sec.gov/Archives/edgar/data/944809/000120919112002673/doc4.xml
OPK,944809,Phillip Frost,898860,2012-01-06,2012-01-05,P,open-market purchase,20000,97861.32,4.8931,,,,,unknown,,7,0,Common Stock,I,4,0001209191-12-002433,,https://www.sec.gov/Archives/edgar/data/944809/000120919112002433/doc4.xml
OPK,944809,Phillip Frost,898860,2012-01-05,2012-01-04,P,open-market purchase,10000,47762.04,4.7762,,,,,unknown,,4,0,Common Stock,I,4,0001209191-12-001800,,https://www.sec.gov/Archives/edgar/data/944809/000120919112001800/doc4.xml
OPK,944809,Phillip Frost,898860,2012-01-04,2012-01-03,P,open-market purchase,10000,48775.68,4.8776,,,,,unknown,,3,0,Common Stock,I,4,0001209191-12-000716,,https://www.sec.gov/Archives/edgar/data/944809/000120919112000716/doc4.xml
OPK,944809,Phillip Frost,898860,2011-12-30,2011-12-29,P,open-market purchase,10000,47931.92,4.7932,,,,,unknown,,5,0,Common Stock,I,4,0001209191-11-063474,,https://www.sec.gov/Archives/edgar/data/944809/000120919111063474/doc4.xml
OPK,944809,Phillip Frost,898860,2011-12-29,2011-12-28,P,open-market purchase,10000,48309.96,4.8310,,,,,unknown,,4,0,Common Stock,I,4,0001209191-11-063369,,https://www.sec.gov/Archives/edgar/data/944809/000120919111063369/doc4.xml
OPK,944809,Phillip Frost,898860,2011-12-28,2011-12-27,P,open-market purchase,10000,48490.04,4.8490,,,,,unknown,,5,0,Common Stock,I,4,0001209191-11-063184,,https://www.sec.gov/Archives/edgar/data/944809/000120919111063184/doc4.xml
OPK,944809,Phillip Frost,898860,2011-12-27,2011-12-23,P,open-market purchase,10000,47865.78,4.7866,,,,,unknown,,4,0,Common Stock,I,4,0001209191-11-063093,,https://www.sec.gov/Archives/edgar/data/944809/000120919111063093/doc4.xml
OPK,944809,Phillip Frost,898860,2011-12-23,2011-12-22,P,open-market purchase,15000,71355.73,4.7570,,,,,unknown,,5,0,Common Stock,I,4,0001209191-11-062981,,https://www.sec.gov/Archives/edgar/data/944809/000120919111062981/doc4.xml
OPK,944809,Phillip Frost,898860,2011-12-22,2011-12-21,P,open-market purchase,20000,96335.00,4.8167,,,,,unknown,,5,0,Common Stock,I,4,0001209191-11-062725,,https://www.sec.gov/Archives/edgar/data/944809/000120919111062725/doc4.xml
OPK,944809,Phillip Frost,898860,2011-12-21,2011-12-20,P,open-market purchase,40000,191763.00,4.7941,,,,,unknown,,10,0,Common Stock,I,4,0001209191-11-062464,,https://www.sec.gov/Archives/edgar/data/944809/000120919111062464/doc4.xml
OPK,944809,Phillip Frost,898860,2011-12-15,2011-12-14,P,open-market purchase,20000,95038.94,4.7519,,,,,unknown,,7,0,Common Stock,I,4,0001209191-11-061386,,https://www.sec.gov/Archives/edgar/data/944809/000120919111061386/doc4.xml
OPK,944809,Phillip Frost,898860,2011-12-14,2011-12-13,P,open-market purchase,20000,96150.55,4.8075,,,,,unknown,,6,0,Common Stock,I,4,0001209191-11-061180,,https://www.sec.gov/Archives/edgar/data/944809/000120919111061180/doc4.xml
OPK,944809,Phillip Frost,898860,2011-12-13,2011-12-12,P,open-market purchase,10000,48200.00,4.8200,,,,,unknown,,6,0,Common Stock,I,4,0001209191-11-060924,,https://www.sec.gov/Archives/edgar/data/944809/000120919111060924/doc4.xml
OPK,944809,Phillip Frost,898860,2011-12-12,2011-12-09,P,open-market purchase,20000,96523.00,4.8262,,,,,unknown,,10,0,Common Stock,I,4,0001209191-11-060652,,https://www.sec.gov/Archives/edgar/data/944809/000120919111060652/doc4.xml
OPK,944809,Phillip Frost,898860,2011-12-08,2011-12-07,P,open-market purchase,50000,244193.00,4.8839,,,,,unknown,,7,0,Common Stock,I,4,0001209191-11-060191,,https://www.sec.gov/Archives/edgar/data/944809/000120919111060191/doc4.xml
OPK,944809,Phillip Frost,898860,2011-12-06,2011-12-05,P,open-market purchase,25000,125332.00,5.0133,,,,,unknown,,8,0,Common Stock,I,4,0001209191-11-059632,,https://www.sec.gov/Archives/edgar/data/944809/000120919111059632/doc4.xml
OPK,944809,Phillip Frost,898860,2011-11-30,2011-11-29,P,open-market purchase,25000,119439.57,4.7776,,,,,unknown,,9,0,Common Stock,I,4,0001209191-11-058421,,https://www.sec.gov/Archives/edgar/data/944809/000120919111058421/doc4.xml
OPK,944809,Phillip Frost,898860,2011-11-29,2011-11-28,P,open-market purchase,10000,50400.00,5.0400,,,,,unknown,,1,0,Common Stock,I,4,0001209191-11-058283,,https://www.sec.gov/Archives/edgar/data/944809/000120919111058283/doc4.xml
OPK,944809,Phillip Frost,898860,2011-11-25,2011-11-23,P,open-market purchase,15000,73431.04,4.8954,,,,,unknown,,6,0,Common Stock,I,4,0001209191-11-058026,,https://www.sec.gov/Archives/edgar/data/944809/000120919111058026/doc4.xml
OPK,944809,Phillip Frost,898860,2011-11-23,2011-11-22,P,open-market purchase,25000,124384.00,4.9754,,,,,unknown,,7,0,Common Stock,I,4,0001209191-11-057817,,https://www.sec.gov/Archives/edgar/data/944809/000120919111057817/doc4.xml
OPK,944809,Phillip Frost,898860,2011-11-22,2011-11-21,P,open-market purchase,15000,75114.17,5.0076,,,,,unknown,,3,0,Common Stock,I,4,0001209191-11-057477,,https://www.sec.gov/Archives/edgar/data/944809/000120919111057477/doc4.xml
OPK,944809,Phillip Frost,898860,2011-11-21,2011-11-18,P,open-market purchase,20000,100683.36,5.0342,,,,,unknown,,5,0,Common Stock,I,4,0001209191-11-057264,,https://www.sec.gov/Archives/edgar/data/944809/000120919111057264/doc4.xml
OPK,944809,Phillip Frost,898860,2011-11-17,2011-11-16,P,open-market purchase,30000,162037.47,5.4012,,,,,unknown,,12,0,Common Stock,I,4,0001209191-11-056597,,https://www.sec.gov/Archives/edgar/data/944809/000120919111056597/doc4.xml
OPK,944809,Phillip Frost,898860,2011-11-15,2011-11-11,P,open-market purchase,25000,133779.00,5.3512,,,,,unknown,,11,0,Common Stock,I,4,0001209191-11-055965,,https://www.sec.gov/Archives/edgar/data/944809/000120919111055965/doc4.xml
OPK,944809,Phillip Frost,898860,2011-11-14,2011-11-10,P,open-market purchase,25000,127938.22,5.1175,,,,,unknown,,7,0,Common Stock,I,4,0001209191-11-055519,,https://www.sec.gov/Archives/edgar/data/944809/000120919111055519/doc4.xml
OPK,944809,Phillip Frost,898860,2011-11-10,2011-11-09,P,open-market purchase,25000,129373.05,5.1749,,,,,unknown,,10,0,Common Stock,I,4,0001209191-11-055380,,https://www.sec.gov/Archives/edgar/data/944809/000120919111055380/doc4.xml
OPK,944809,Phillip Frost,898860,2011-11-09,2011-11-08,P,open-market purchase,25000,129725.00,5.1890,,,,,unknown,,12,0,Common Stock,I,4,0001209191-11-055106,,https://www.sec.gov/Archives/edgar/data/944809/000120919111055106/doc4.xml
OPK,944809,Phillip Frost,898860,2011-11-08,2011-11-07,P,open-market purchase,25000,129227.00,5.1691,,,,,unknown,,11,0,Common Stock,I,4,0001209191-11-054840,,https://www.sec.gov/Archives/edgar/data/944809/000120919111054840/doc4.xml
OPK,944809,Phillip Frost,898860,2011-11-07,2011-11-04,P,open-market purchase,25000,128339.54,5.1336,,,,,unknown,,8,0,Common Stock,I,4,0001209191-11-054649,,https://www.sec.gov/Archives/edgar/data/944809/000120919111054649/doc4.xml
OPK,944809,Phillip Frost,898860,2011-10-04,2011-10-04,P,open-market purchase,2452222,8827999.20,3.6000,,,,,unknown,,1,0,Common Stock,I,4,0001209191-11-050086,,https://www.sec.gov/Archives/edgar/data/944809/000120919111050086/doc4.xml
OPK,944809,Phillip Frost,898860,2011-09-29,2011-09-28,P,open-market purchase,15000,67687.50,4.5125,,,,,unknown,,5,0,Common Stock,I,4,0001209191-11-049340,,https://www.sec.gov/Archives/edgar/data/944809/000120919111049340/doc4.xml
OPK,944809,Phillip Frost,898860,2011-09-27,2011-09-26,P,open-market purchase,10000,43329.00,4.3329,,,,,unknown,,2,0,Common Stock,I,4,0001209191-11-049099,,https://www.sec.gov/Archives/edgar/data/944809/000120919111049099/doc4.xml
OPK,944809,Phillip Frost,898860,2011-09-26,2011-09-23,P,open-market purchase,15000,65358.36,4.3572,,,,,unknown,,7,0,Common Stock,I,4,0001209191-11-048956,,https://www.sec.gov/Archives/edgar/data/944809/000120919111048956/doc4.xml
OPK,944809,Phillip Frost,898860,2011-09-23,2011-09-22,P,open-market purchase,10000,44090.10,4.4090,,,,,unknown,,4,0,Common Stock,I,4,0001209191-11-048823,,https://www.sec.gov/Archives/edgar/data/944809/000120919111048823/doc4.xml
OPK,944809,Phillip Frost,898860,2011-09-22,2011-09-21,P,open-market purchase,20000,88299.00,4.4150,,,,,unknown,,5,0,Common Stock,I,4,0001209191-11-048694,,https://www.sec.gov/Archives/edgar/data/944809/000120919111048694/doc4.xml
OPK,944809,Phillip Frost,898860,2011-08-31,2011-08-30,P,open-market purchase,15000,62481.86,4.1655,,,,,unknown,,7,0,Common Stock,I,4,0001209191-11-046078,,https://www.sec.gov/Archives/edgar/data/944809/000120919111046078/doc4.xml
OPK,944809,Phillip Frost,898860,2011-08-30,2011-08-29,P,open-market purchase,20000,82079.14,4.1040,,,,,unknown,,6,0,Common Stock,I,4,0001209191-11-045921,,https://www.sec.gov/Archives/edgar/data/944809/000120919111045921/doc4.xml
OPK,944809,Phillip Frost,898860,2011-08-29,2011-08-26,P,open-market purchase,26000,104045.00,4.0017,,,,,unknown,,6,0,Common Stock,I,4,0001209191-11-045789,,https://www.sec.gov/Archives/edgar/data/944809/000120919111045789/doc4.xml
OPK,944809,Phillip Frost,898860,2011-08-26,2011-08-25,P,open-market purchase,25000,97457.00,3.8983,,,,,unknown,,8,0,Common Stock,I,4,0001209191-11-045678,,https://www.sec.gov/Archives/edgar/data/944809/000120919111045678/doc4.xml
OPK,944809,Phillip Frost,898860,2011-08-25,2011-08-24,P,open-market purchase,35000,134775.91,3.8507,,,,,unknown,,11,0,Common Stock,I,4,0001209191-11-045554,,https://www.sec.gov/Archives/edgar/data/944809/000120919111045554/doc4.xml
OPK,944809,Phillip Frost,898860,2011-08-24,2011-08-23,P,open-market purchase,62500,235908.08,3.7745,,,,,unknown,,12,0,Common Stock,I,4,0001209191-11-045346,,https://www.sec.gov/Archives/edgar/data/944809/000120919111045346/doc4.xml
OPK,944809,Phillip Frost,898860,2011-08-23,2011-08-22,P,open-market purchase,40000,144381.18,3.6095,,,,,unknown,,10,0,Common Stock,I,4,0001209191-11-045290,,https://www.sec.gov/Archives/edgar/data/944809/000120919111045290/doc4.xml
OPK,944809,Phillip Frost,898860,2011-08-19,2011-08-18,P,open-market purchase,25000,91783.00,3.6713,,,,,unknown,,10,0,Common Stock,I,4,0001209191-11-044976,,https://www.sec.gov/Archives/edgar/data/944809/000120919111044976/doc4.xml
OPK,944809,Phillip Frost,898860,2011-08-18,2011-08-17,P,open-market purchase,15000,57905.06,3.8603,,,,,unknown,,12,0,Common Stock,I,4,0001209191-11-044747,,https://www.sec.gov/Archives/edgar/data/944809/000120919111044747/doc4.xml
OPK,944809,Phillip Frost,898860,2011-08-17,2011-08-16,P,open-market purchase,23000,89876.69,3.9077,,,,,unknown,,6,0,Common Stock,I,4,0001209191-11-044537,,https://www.sec.gov/Archives/edgar/data/944809/000120919111044537/doc4.xml
OPK,944809,Phillip Frost,898860,2011-08-16,2011-08-15,P,open-market purchase,30000,118036.00,3.9345,,,,,unknown,,5,0,Common Stock,I,4,0001209191-11-044333,,https://www.sec.gov/Archives/edgar/data/944809/000120919111044333/doc4.xml
OPK,944809,Phillip Frost,898860,2011-08-15,2011-08-12,P,open-market purchase,50000,192381.07,3.8476,,,,,unknown,,9,0,Common Stock,I,4,0001209191-11-044109,,https://www.sec.gov/Archives/edgar/data/944809/000120919111044109/doc4.xml
OPK,944809,Phillip Frost,898860,2011-08-12,2011-08-11,P,open-market purchase,40000,151729.75,3.7932,,,,,unknown,,16,0,Common Stock,I,4,0001209191-11-043899,,https://www.sec.gov/Archives/edgar/data/944809/000120919111043899/doc4.xml
OPK,944809,Phillip Frost,898860,2011-08-11,2011-08-10,P,open-market purchase,50000,183759.00,3.6752,,,,,unknown,,6,0,Common Stock,I,4,0001209191-11-043594,,https://www.sec.gov/Archives/edgar/data/944809/000120919111043594/doc4.xml
OPK,944809,Phillip Frost,898860,2011-08-09,2011-08-08,P,open-market purchase,50000,181000.09,3.6200,,,,,unknown,,15,0,Common Stock,I,4,0001209191-11-042980,,https://www.sec.gov/Archives/edgar/data/944809/000120919111042980/doc4.xml
OPK,944809,Phillip Frost,898860,2011-08-08,2011-08-05,P,open-market purchase,125000,491677.76,3.9334,,,,,unknown,,13,0,Common Stock,I,4,0001209191-11-042780,,https://www.sec.gov/Archives/edgar/data/944809/000120919111042780/doc4.xml
OPK,944809,Phillip Frost,898860,2011-08-05,2011-08-04,P,open-market purchase,50000,196933.15,3.9387,,,,,unknown,,9,0,Common Stock,I,4,0001209191-11-042574,,https://www.sec.gov/Archives/edgar/data/944809/000120919111042574/doc4.xml
OPK,944809,Phillip Frost,898860,2011-08-04,2011-08-03,P,open-market purchase,50000,209505.00,4.1901,,,,,unknown,,14,0,Common Stock,I,4,0001209191-11-042420,,https://www.sec.gov/Archives/edgar/data/944809/000120919111042420/doc4.xml
OPK,944809,Phillip Frost,898860,2011-08-03,2011-08-02,P,open-market purchase,60000,256726.97,4.2788,,,,,unknown,,5,0,Common Stock,I,4,0001209191-11-042195,,https://www.sec.gov/Archives/edgar/data/944809/000120919111042195/doc4.xml
OPK,944809,Phillip Frost,898860,2011-07-28,2011-07-27,P,open-market purchase,100000,412063.80,4.1206,,,,,unknown,,6,0,Common Stock,I,4,0001209191-11-041220,,https://www.sec.gov/Archives/edgar/data/944809/000120919111041220/doc4.xml
OPK,944809,Phillip Frost,898860,2011-06-23,2011-06-22,P,open-market purchase,50000,170495.69,3.4099,,,,,unknown,,5,0,Common Stock,I,4,0001209191-11-036007,,https://www.sec.gov/Archives/edgar/data/944809/000120919111036007/doc4.xml
OPK,944809,Phillip Frost,898860,2011-06-20,2011-06-17,P,open-market purchase,50000,165079.75,3.3016,,,,,unknown,,3,0,Common Stock,I,4,0001209191-11-035451,,https://www.sec.gov/Archives/edgar/data/944809/000120919111035451/doc4.xml
OPK,944809,Phillip Frost,898860,2011-06-17,2011-06-16,P,open-market purchase,50000,171072.39,3.4214,,,,,unknown,,9,0,Common Stock,I,4,0001209191-11-035128,,https://www.sec.gov/Archives/edgar/data/944809/000120919111035128/doc4.xml
OPK,944809,Phillip Frost,898860,2011-06-16,2011-06-15,P,open-market purchase,50000,171253.99,3.4251,,,,,unknown,,5,0,Common Stock,I,4,0001209191-11-034876,,https://www.sec.gov/Archives/edgar/data/944809/000120919111034876/doc4.xml
OPK,944809,Phillip Frost,898860,2011-06-15,2011-06-14,P,open-market purchase,50000,173479.00,3.4696,,,,,unknown,,10,0,Common Stock,I,4,0001209191-11-034698,,https://www.sec.gov/Archives/edgar/data/944809/000120919111034698/doc4.xml
OPK,944809,Phillip Frost,898860,2011-06-14,2011-06-13,P,open-market purchase,50000,170460.09,3.4092,,,,,unknown,,12,0,Common Stock,I,4,0001209191-11-034409,,https://www.sec.gov/Archives/edgar/data/944809/000120919111034409/doc4.xml
OPK,944809,Phillip Frost,898860,2011-06-13,2011-06-10,P,open-market purchase,20000,68745.51,3.4373,,,,,unknown,,3,0,Common Stock,I,4,0001209191-11-034178,,https://www.sec.gov/Archives/edgar/data/944809/000120919111034178/doc4.xml
OPK,944809,Phillip Frost,898860,2011-06-10,2011-06-09,P,open-market purchase,88959,306100.74,3.4409,,,,,unknown,,7,0,Common Stock,I,4,0001209191-11-033969,,https://www.sec.gov/Archives/edgar/data/944809/000120919111033969/doc4.xml
OPK,944809,Phillip Frost,898860,2011-06-09,2011-06-08,P,open-market purchase,30000,105948.96,3.5316,,,,,unknown,,3,0,Common Stock,I,4,0001209191-11-033772,,https://www.sec.gov/Archives/edgar/data/944809/000120919111033772/doc4.xml
OPK,944809,Phillip Frost,898860,2011-06-06,2011-06-03,P,open-market purchase,15000,53431.00,3.5621,,,,,unknown,,4,0,Common Stock,I,4,0001209191-11-033089,,https://www.sec.gov/Archives/edgar/data/944809/000120919111033089/doc4.xml
OPK,944809,Phillip Frost,898860,2011-06-02,2011-06-01,P,open-market purchase,50000,182088.80,3.6418,,,,,unknown,,6,0,Common Stock,I,4,0001209191-11-032387,,https://www.sec.gov/Archives/edgar/data/944809/000120919111032387/doc4.xml
OPK,944809,Phillip Frost,898860,2011-06-01,2011-05-31,P,open-market purchase,50000,186373.61,3.7275,,,,,unknown,,8,0,Common Stock,I,4,0001209191-11-032021,,https://www.sec.gov/Archives/edgar/data/944809/000120919111032021/doc4.xml
OPK,944809,Phillip Frost,898860,2011-05-31,2011-05-27,P,open-market purchase,10000,37696.00,3.7696,,,,,unknown,,2,0,Common Stock,I,4,0001209191-11-031725,,https://www.sec.gov/Archives/edgar/data/944809/000120919111031725/doc4.xml
OPK,944809,Phillip Frost,898860,2011-05-25,2011-05-24,P,open-market purchase,10000,37140.49,3.7140,,,,,unknown,,3,0,Common Stock,I,4,0001209191-11-030828,,https://www.sec.gov/Archives/edgar/data/944809/000120919111030828/doc4.xml
OPK,944809,Phillip Frost,898860,2011-05-20,2011-05-19,P,open-market purchase,35454,134725.20,3.8000,,,,,unknown,,1,0,Common Stock,I,4,0001209191-11-029886,,https://www.sec.gov/Archives/edgar/data/944809/000120919111029886/doc4.xml
OPK,944809,Phillip Frost,898860,2011-05-18,2011-05-17,P,open-market purchase,15000,55101.00,3.6734,,,,,unknown,,3,0,Common Stock,I,4,0001209191-11-029175,,https://www.sec.gov/Archives/edgar/data/944809/000120919111029175/doc4.xml
OPK,944809,Phillip Frost,898860,2011-05-17,2011-05-16,P,open-market purchase,20000,73325.00,3.6662,,,,,unknown,,3,0,Common Stock,I,4,0001209191-11-028802,,https://www.sec.gov/Archives/edgar/data/944809/000120919111028802/doc4.xml
OPK,944809,Phillip Frost,898860,2011-05-16,2011-05-13,P,open-market purchase,15000,55985.00,3.7323,,,,,unknown,,5,0,Common Stock,I,4,0001209191-11-028510,,https://www.sec.gov/Archives/edgar/data/944809/000120919111028510/doc4.xml
OPK,944809,Phillip Frost,898860,2011-05-12,2011-05-11,P,open-market purchase,15000,56740.00,3.7827,,,,,unknown,,5,0,Common Stock,I,4,0001209191-11-027773,,https://www.sec.gov/Archives/edgar/data/944809/000120919111027773/doc4.xml
OPK,944809,Phillip Frost,898860,2011-05-09,2011-05-06,P,open-market purchase,15000,56106.12,3.7404,,,,,unknown,,4,0,Common Stock,I,4,0001209191-11-026799,,https://www.sec.gov/Archives/edgar/data/944809/000120919111026799/doc4.xml
OPK,944809,Phillip Frost,898860,2011-05-06,2011-05-05,P,open-market purchase,20000,74697.63,3.7349,,,,,unknown,,7,0,Common Stock,I,4,0001209191-11-026500,,https://www.sec.gov/Archives/edgar/data/944809/000120919111026500/doc4.xml
OPK,944809,Phillip Frost,898860,2011-05-05,2011-05-04,P,open-market purchase,20000,76000.00,3.8000,,,,,unknown,,4,0,Common Stock,I,4,0001209191-11-026222,,https://www.sec.gov/Archives/edgar/data/944809/000120919111026222/doc4.xml
OPK,944809,Phillip Frost,898860,2011-05-04,2011-05-03,P,open-market purchase,20000,76581.46,3.8291,,,,,unknown,,7,0,Common Stock,I,4,0001209191-11-025897,,https://www.sec.gov/Archives/edgar/data/944809/000120919111025897/doc4.xml
OPK,944809,Phillip Frost,898860,2011-04-25,2011-04-21,P,open-market purchase,20000,74804.21,3.7402,,,,,unknown,,3,0,Common Stock,I,4,0001209191-11-024166,,https://www.sec.gov/Archives/edgar/data/944809/000120919111024166/doc4.xml
OPK,944809,Phillip Frost,898860,2011-04-19,2011-04-18,P,open-market purchase,25000,94604.09,3.7842,,,,,unknown,,5,0,Common Stock,I,4,0001209191-11-023294,,https://www.sec.gov/Archives/edgar/data/944809/000120919111023294/doc4.xml
OPK,944809,Phillip Frost,898860,2011-04-14,2011-04-13,P,open-market purchase,10000,36515.00,3.6515,,,,,unknown,,3,0,Common Stock,I,4,0001209191-11-022857,,https://www.sec.gov/Archives/edgar/data/944809/000120919111022857/doc4.xml
OPK,944809,Phillip Frost,898860,2011-04-12,2011-04-11,P,open-market purchase,15000,55594.50,3.7063,,,,,unknown,,8,0,Common Stock,I,4,0001209191-11-022540,,https://www.sec.gov/Archives/edgar/data/944809/000120919111022540/doc4.xml
OPK,944809,Phillip Frost,898860,2011-04-11,2011-04-08,P,open-market purchase,10000,37680.00,3.7680,,,,,unknown,,3,0,Common Stock,I,4,0001209191-11-022451,,https://www.sec.gov/Archives/edgar/data/944809/000120919111022451/doc4.xml
OPK,944809,Phillip Frost,898860,2011-04-07,2011-04-06,P,open-market purchase,10000,37800.00,3.7800,,,,,unknown,,1,0,Common Stock,I,4,0001209191-11-022083,,https://www.sec.gov/Archives/edgar/data/944809/000120919111022083/doc4.xml
OPK,944809,Phillip Frost,898860,2011-04-04,2011-04-01,P,open-market purchase,15000,55930.00,3.7287,,,,,unknown,,4,0,Common Stock,I,4,0001209191-11-020762,,https://www.sec.gov/Archives/edgar/data/944809/000120919111020762/doc4.xml
OPK,944809,Phillip Frost,898860,2011-04-01,2011-03-31,P,open-market purchase,15000,56025.00,3.7350,,,,,unknown,,3,0,Common Stock,I,4,0001209191-11-020393,,https://www.sec.gov/Archives/edgar/data/944809/000120919111020393/doc4.xml
OPK,944809,Phillip Frost,898860,2011-03-31,2011-03-30,P,open-market purchase,10000,38025.00,3.8025,,,,,unknown,,4,0,Common Stock,I,4,0001209191-11-020226,,https://www.sec.gov/Archives/edgar/data/944809/000120919111020226/doc4.xml
OPK,944809,Phillip Frost,898860,2011-03-29,2011-03-28,P,open-market purchase,10000,37550.00,3.7550,,,,,unknown,,2,0,Common Stock,I,4,0001209191-11-019863,,https://www.sec.gov/Archives/edgar/data/944809/000120919111019863/doc4.xml
OPK,944809,Phillip Frost,898860,2011-03-24,2011-03-23,P,open-market purchase,15000,56475.00,3.7650,,,,,unknown,,8,0,Common Stock,I,4,0001209191-11-019467,,https://www.sec.gov/Archives/edgar/data/944809/000120919111019467/doc4.xml
OPK,944809,Phillip Frost,898860,2011-03-23,2011-03-22,P,open-market purchase,25000,91310.00,3.6524,,,,,unknown,,10,0,Common Stock,I,4,0001209191-11-019310,,https://www.sec.gov/Archives/edgar/data/944809/000120919111019310/doc4.xml
OPK,944809,Phillip Frost,898860,2011-03-21,2011-03-18,P,open-market purchase,25000,91505.00,3.6602,,,,,unknown,,3,0,Common Stock,I,4,0001209191-11-018942,,https://www.sec.gov/Archives/edgar/data/944809/000120919111018942/doc4.xml
OPK,944809,Phillip Frost,898860,2011-03-17,2011-03-16,P,open-market purchase,50000,183072.12,3.6614,,,,,unknown,,8,0,Common Stock,I,4,0001209191-11-018543,,https://www.sec.gov/Archives/edgar/data/944809/000120919111018543/doc4.xml
OPK,944809,Phillip Frost,898860,2011-03-16,2011-03-15,P,open-market purchase,50000,184716.00,3.6943,,,,,unknown,,8,0,Common Stock,I,4,0001209191-11-018246,,https://www.sec.gov/Archives/edgar/data/944809/000120919111018246/doc4.xml
OPK,944809,Phillip Frost,898860,2011-03-15,2011-03-14,P,open-market purchase,50000,186182.07,3.7236,,,,,unknown,,13,0,Common Stock,I,4,0001209191-11-017919,,https://www.sec.gov/Archives/edgar/data/944809/000120919111017919/doc4.xml
OPK,944809,Phillip Frost,898860,2011-03-14,2011-03-11,P,open-market purchase,100000,371436.80,3.7144,,,,,unknown,,10,0,Common Stock,I,4,0001209191-11-017533,,https://www.sec.gov/Archives/edgar/data/944809/000120919111017533/doc4.xml
OPK,944809,Phillip Frost,898860,2011-03-11,2011-03-10,P,open-market purchase,150000,527966.78,3.5198,,,,,unknown,,15,0,Common Stock,I,4,0001209191-11-017255,,https://www.sec.gov/Archives/edgar/data/944809/000120919111017255/doc4.xml
OPK,944809,Phillip Frost,898860,2011-03-09,2011-03-09,P,open-market purchase,900000,3240028.59,3.6000,,,,,unknown,,17,0,Common Stock,I,4,0001209191-11-016728,,https://www.sec.gov/Archives/edgar/data/944809/000120919111016728/doc4.xml
OPK,944809,Phillip Frost,898860,2011-02-23,2011-02-22,P,open-market purchase,30000,133147.24,4.4382,,,,,unknown,,10,0,Common Stock,I,4,0001209191-11-011803,,https://www.sec.gov/Archives/edgar/data/944809/000120919111011803/doc4.xml
OPK,944809,Phillip Frost,898860,2011-01-25,2011-01-21,P,open-market purchase,1158000,4109943.00,3.5492,,,,,unknown,,11,0,Common Stock,I,4,0001209191-11-004770,,https://www.sec.gov/Archives/edgar/data/944809/000120919111004770/doc4.xml
OPK,944809,Phillip Frost,898860,2011-01-20,2011-01-19,P,open-market purchase,20000,72804.00,3.6402,,,,,unknown,,17,0,Common Stock,I,4,0001209191-11-004051,,https://www.sec.gov/Archives/edgar/data/944809/000120919111004051/doc4.xml
OPK,944809,Phillip Frost,898860,2011-01-19,2011-01-18,P,open-market purchase,12500,48675.00,3.8940,,,,,unknown,,10,0,Common Stock,I,4,0001209191-11-003614,,https://www.sec.gov/Archives/edgar/data/944809/000120919111003614/doc4.xml
OPK,944809,Phillip Frost,898860,2011-01-04,2010-12-31,P,open-market purchase,7500,27402.00,3.6536,,,,,unknown,,7,0,Common Stock,I,4,0001209191-11-000360,,https://www.sec.gov/Archives/edgar/data/944809/000120919111000360/doc4.xml
OPK,944809,Phillip Frost,898860,2010-12-27,2010-12-23,P,open-market purchase,15000,56530.69,3.7687,,,,,unknown,,9,0,Common Stock,I,4,0001209191-10-062530,,https://www.sec.gov/Archives/edgar/data/944809/000120919110062530/doc4.xml
OPK,944809,Phillip Frost,898860,2010-12-20,2010-12-17,P,open-market purchase,20000,73454.21,3.6727,,,,,unknown,,14,0,Common Stock,I,4,0001209191-10-061541,,https://www.sec.gov/Archives/edgar/data/944809/000120919110061541/doc4.xml
OPK,944809,Phillip Frost,898860,2010-12-16,2010-12-15,P,open-market purchase,5000,18540.00,3.7080,,,,,unknown,,3,0,Common Stock,I,4,0001209191-10-060858,,https://www.sec.gov/Archives/edgar/data/944809/000120919110060858/doc4.xml
OPK,944809,Phillip Frost,898860,2010-12-15,2010-12-14,P,open-market purchase,15000,54610.00,3.6407,,,,,unknown,,7,0,Common Stock,I,4,0001209191-10-060486,,https://www.sec.gov/Archives/edgar/data/944809/000120919110060486/doc4.xml
OPK,944809,Phillip Frost,898860,2010-12-06,2010-12-03,P,open-market purchase,10000,30897.34,3.0897,,,,,unknown,,4,0,Common Stock,I,4,0001209191-10-058490,,https://www.sec.gov/Archives/edgar/data/944809/000120919110058490/doc4.xml
OPK,944809,Phillip Frost,898860,2010-12-03,2010-12-02,P,open-market purchase,10000,31069.00,3.1069,,,,,unknown,,5,0,Common Stock,I,4,0001209191-10-058145,,https://www.sec.gov/Archives/edgar/data/944809/000120919110058145/doc4.xml
OPK,944809,Phillip Frost,898860,2010-12-02,2010-12-01,P,open-market purchase,10000,31025.00,3.1025,,,,,unknown,,5,0,Common Stock,I,4,0001209191-10-057779,,https://www.sec.gov/Archives/edgar/data/944809/000120919110057779/doc4.xml
OPK,944809,Phillip Frost,898860,2010-12-01,2010-11-30,P,open-market purchase,20000,60503.00,3.0252,,,,,unknown,,9,0,Common Stock,I,4,0001209191-10-057413,,https://www.sec.gov/Archives/edgar/data/944809/000120919110057413/doc4.xml
OPK,944809,Phillip Frost,898860,2010-11-30,2010-11-29,P,open-market purchase,5000,15636.00,3.1272,,,,,unknown,,5,0,Common Stock,I,4,0001209191-10-057270,,https://www.sec.gov/Archives/edgar/data/944809/000120919110057270/doc4.xml
OPK,944809,Phillip Frost,898860,2010-11-29,2010-11-26,P,open-market purchase,5000,15697.00,3.1394,,,,,unknown,,5,0,Common Stock,I,4,0001209191-10-057059,,https://www.sec.gov/Archives/edgar/data/944809/000120919110057059/doc4.xml
OPK,944809,Phillip Frost,898860,2010-11-26,2010-11-24,P,open-market purchase,5000,15300.00,3.0600,,,,,unknown,,6,0,Common Stock,I,4,0001209191-10-056945,,https://www.sec.gov/Archives/edgar/data/944809/000120919110056945/doc4.xml
OPK,944809,Phillip Frost,898860,2010-11-24,2010-11-23,P,open-market purchase,5000,14629.28,2.9259,,,,,unknown,,4,0,Common Stock,I,4,0001209191-10-056735,,https://www.sec.gov/Archives/edgar/data/944809/000120919110056735/doc4.xml
OPK,944809,Phillip Frost,898860,2010-11-23,2010-11-22,P,open-market purchase,5000,14590.00,2.9180,,,,,unknown,,3,0,Common Stock,I,4,0001209191-10-056458,,https://www.sec.gov/Archives/edgar/data/944809/000120919110056458/doc4.xml
OPK,944809,Phillip Frost,898860,2010-11-19,2010-11-18,P,open-market purchase,7500,21784.00,2.9045,,,,,unknown,,4,0,Common Stock,I,4,0001209191-10-055978,,https://www.sec.gov/Archives/edgar/data/944809/000120919110055978/doc4.xml
OPK,944809,Phillip Frost,898860,2010-11-18,2010-11-17,P,open-market purchase,7500,21295.00,2.8393,,,,,unknown,,5,0,Common Stock,I,4,0001209191-10-055625,,https://www.sec.gov/Archives/edgar/data/944809/000120919110055625/doc4.xml
OPK,944809,Phillip Frost,898860,2010-11-17,2010-11-16,P,open-market purchase,10000,28858.00,2.8858,,,,,unknown,,8,0,Common Stock,I,4,0001209191-10-055354,,https://www.sec.gov/Archives/edgar/data/944809/000120919110055354/doc4.xml
OPK,944809,Phillip Frost,898860,2010-11-15,2010-11-12,P,open-market purchase,10000,28924.49,2.8924,,,,,unknown,,3,0,Common Stock,I,4,0001209191-10-054885,,https://www.sec.gov/Archives/edgar/data/944809/000120919110054885/doc4.xml
OPK,944809,Phillip Frost,898860,2010-11-12,2010-11-11,P,open-market purchase,7500,22367.00,2.9823,,,,,unknown,,3,0,Common Stock,I,4,0001209191-10-054416,,https://www.sec.gov/Archives/edgar/data/944809/000120919110054416/doc4.xml
OPK,944809,Phillip Frost,898860,2010-11-10,2010-11-09,P,open-market purchase,16000,47489.37,2.9681,,,,,unknown,,7,0,Common Stock,I,4,0001209191-10-054100,,https://www.sec.gov/Archives/edgar/data/944809/000120919110054100/doc4.xml
OPK,944809,Phillip Frost,898860,2010-11-08,2010-11-05,P,open-market purchase,7500,22452.11,2.9936,,,,,unknown,,3,0,Common Stock,I,4,0001209191-10-053516,,https://www.sec.gov/Archives/edgar/data/944809/000120919110053516/doc4.xml
OPK,944809,Phillip Frost,898860,2010-11-05,2010-11-04,P,open-market purchase,10000,30025.00,3.0025,,,,,unknown,,3,0,Common Stock,I,4,0001209191-10-053288,,https://www.sec.gov/Archives/edgar/data/944809/000120919110053288/doc4.xml
OPK,944809,Phillip Frost,898860,2010-11-04,2010-11-03,P,open-market purchase,15000,43555.00,2.9037,,,,,unknown,,4,0,Common Stock,I,4,0001209191-10-053064,,https://www.sec.gov/Archives/edgar/data/944809/000120919110053064/doc4.xml
OPK,944809,Phillip Frost,898860,2010-11-03,2010-11-02,P,open-market purchase,5000,13808.00,2.7616,,,,,unknown,,5,0,Common Stock,I,4,0001209191-10-052767,,https://www.sec.gov/Archives/edgar/data/944809/000120919110052767/doc4.xml
OPK,944809,Phillip Frost,898860,2010-11-02,2010-11-01,P,open-market purchase,10000,27059.00,2.7059,,,,,unknown,,6,0,Common Stock,I,4,0001209191-10-052445,,https://www.sec.gov/Archives/edgar/data/944809/000120919110052445/doc4.xml
OPK,944809,Phillip Frost,898860,2010-10-29,2010-10-28,P,open-market purchase,5000,13655.00,2.7310,,,,,unknown,,5,0,Common Stock,I,4,0001209191-10-052069,,https://www.sec.gov/Archives/edgar/data/944809/000120919110052069/doc4.xml
OPK,944809,Phillip Frost,898860,2010-10-25,2010-10-22,P,open-market purchase,5000,13560.00,2.7120,,,,,unknown,,3,0,Common Stock,I,4,0001209191-10-051430,,https://www.sec.gov/Archives/edgar/data/944809/000120919110051430/doc4.xml
OPK,944809,Phillip Frost,898860,2010-10-22,2010-10-21,P,open-market purchase,10000,26843.56,2.6844,,,,,unknown,,8,0,Common Stock,I,4,0001209191-10-051329,,https://www.sec.gov/Archives/edgar/data/944809/000120919110051329/doc4.xml
OPK,944809,Phillip Frost,898860,2010-10-20,2010-10-19,P,open-market purchase,5000,13065.00,2.6130,,,,,unknown,,3,0,Common Stock,I,4,0001209191-10-051109,,https://www.sec.gov/Archives/edgar/data/944809/000120919110051109/doc4.xml
OPK,944809,Phillip Frost,898860,2010-10-18,2010-10-15,P,open-market purchase,5000,12700.00,2.5400,,,,,unknown,,3,0,Common Stock,I,4,0001209191-10-050590,,https://www.sec.gov/Archives/edgar/data/944809/000120919110050590/doc4.xml
OPK,944809,Phillip Frost,898860,2010-10-15,2010-10-14,P,open-market purchase,5000,12610.00,2.5220,,,,,unknown,,3,0,Common Stock,I,4,0001209191-10-050468,,https://www.sec.gov/Archives/edgar/data/944809/000120919110050468/doc4.xml
OPK,944809,Phillip Frost,898860,2010-10-14,2010-10-13,P,open-market purchase,5000,12660.00,2.5320,,,,,unknown,,4,0,Common Stock,I,4,0001209191-10-050351,,https://www.sec.gov/Archives/edgar/data/944809/000120919110050351/doc4.xml
OPK,944809,Phillip Frost,898860,2010-10-13,2010-10-12,P,open-market purchase,5000,12095.00,2.4190,,,,,unknown,,4,0,Common Stock,I,4,0001209191-10-050206,,https://www.sec.gov/Archives/edgar/data/944809/000120919110050206/doc4.xml
OPK,944809,Phillip Frost,898860,2010-10-12,2010-10-11,P,open-market purchase,5000,12234.19,2.4468,,,,,unknown,,4,0,Common Stock,I,4,0001209191-10-050039,,https://www.sec.gov/Archives/edgar/data/944809/000120919110050039/doc4.xml
OPK,944809,Phillip Frost,898860,2010-10-12,2010-10-08,P,open-market purchase,10000,24010.00,2.4010,,,,,unknown,,7,0,Common Stock,I,4,0001209191-10-049930,,https://www.sec.gov/Archives/edgar/data/944809/000120919110049930/doc4.xml
OPK,944809,Phillip Frost,898860,2010-10-08,2010-10-07,P,open-market purchase,10000,23113.15,2.3113,,,,,unknown,,6,0,Common Stock,I,4,0001209191-10-049796,,https://www.sec.gov/Archives/edgar/data/944809/000120919110049796/doc4.xml
OPK,944809,Phillip Frost,898860,2010-09-23,2010-09-22,P,open-market purchase,15000,34961.25,2.3308,,,,,unknown,,7,0,Common Stock,I,4,0001209191-10-047317,,https://www.sec.gov/Archives/edgar/data/944809/000120919110047317/doc4.xml
OPK,944809,Phillip Frost,898860,2010-09-20,2010-09-17,P,open-market purchase,10000,22501.00,2.2501,,,,,unknown,,6,0,Common Stock,I,4,0001209191-10-046863,,https://www.sec.gov/Archives/edgar/data/944809/000120919110046863/doc4.xml
OPK,944809,Phillip Frost,898860,2010-09-16,2010-09-15,P,open-market purchase,10000,21695.00,2.1695,,,,,unknown,,7,0,Common Stock,I,4,0001209191-10-046423,,https://www.sec.gov/Archives/edgar/data/944809/000120919110046423/doc4.xml
OPK,944809,Phillip Frost,898860,2010-09-15,2010-09-14,P,open-market purchase,10000,20797.90,2.0798,,,,,unknown,,5,0,Common Stock,I,4,0001209191-10-046245,,https://www.sec.gov/Archives/edgar/data/944809/000120919110046245/doc4.xml
OPK,944809,Phillip Frost,898860,2010-09-14,2010-09-13,P,open-market purchase,7500,15666.46,2.0889,,,,,unknown,,2,0,Common Stock,I,4,0001209191-10-045999,,https://www.sec.gov/Archives/edgar/data/944809/000120919110045999/doc4.xml
OPK,944809,Phillip Frost,898860,2010-09-13,2010-09-10,P,open-market purchase,10000,20907.63,2.0908,,,,,unknown,,3,0,Common Stock,I,4,0001209191-10-045846,,https://www.sec.gov/Archives/edgar/data/944809/000120919110045846/doc4.xml
OPK,944809,Phillip Frost,898860,2010-09-08,2010-09-07,P,open-market purchase,10000,20940.00,2.0940,,,,,unknown,,2,0,Common Stock,I,4,0001209191-10-045360,,https://www.sec.gov/Archives/edgar/data/944809/000120919110045360/doc4.xml
OPK,944809,Phillip Frost,898860,2010-09-07,2010-09-03,P,open-market purchase,10000,21285.00,2.1285,,,,,unknown,,5,0,Common Stock,I,4,0001209191-10-045245,,https://www.sec.gov/Archives/edgar/data/944809/000120919110045245/doc4.xml
OPK,944809,Phillip Frost,898860,2010-09-03,2010-09-02,P,open-market purchase,5000,10700.00,2.1400,,,,,unknown,,1,0,Common Stock,I,4,0001209191-10-044975,,https://www.sec.gov/Archives/edgar/data/944809/000120919110044975/doc4.xml
OPK,944809,Phillip Frost,898860,2010-08-31,2010-08-30,P,open-market purchase,10000,21372.00,2.1372,,,,,unknown,,6,0,Common Stock,I,4,0001209191-10-044517,,https://www.sec.gov/Archives/edgar/data/944809/000120919110044517/doc4.xml
OPK,944809,Phillip Frost,898860,2010-08-30,2010-08-27,P,open-market purchase,12500,27021.00,2.1617,,,,,unknown,,3,0,Common Stock,I,4,0001209191-10-044306,,https://www.sec.gov/Archives/edgar/data/944809/000120919110044306/doc4.xml
OPK,944809,Phillip Frost,898860,2010-08-27,2010-08-26,P,open-market purchase,5000,10840.00,2.1680,,,,,unknown,,2,0,Common Stock,I,4,0001209191-10-044145,,https://www.sec.gov/Archives/edgar/data/944809/000120919110044145/doc4.xml
OPK,944809,Phillip Frost,898860,2010-08-26,2010-08-25,P,open-market purchase,10000,21321.68,2.1322,,,,,unknown,,4,0,Common Stock,I,4,0001209191-10-043960,,https://www.sec.gov/Archives/edgar/data/944809/000120919110043960/doc4.xml
OPK,944809,Phillip Frost,898860,2010-08-23,2010-08-20,P,open-market purchase,15000,33287.00,2.2191,,,,,unknown,,5,0,Common Stock,I,4,0001209191-10-043582,,https://www.sec.gov/Archives/edgar/data/944809/000120919110043582/doc4.xml
OPK,944809,Phillip Frost,898860,2010-08-19,2010-08-18,P,open-market purchase,10000,22581.00,2.2581,,,,,unknown,,4,0,Common Stock,I,4,0001209191-10-043276,,https://www.sec.gov/Archives/edgar/data/944809/000120919110043276/doc4.xml
OPK,944809,Phillip Frost,898860,2010-08-16,2010-08-13,P,open-market purchase,15000,32750.00,2.1833,,,,,unknown,,4,0,Common Stock,I,4,0001209191-10-042626,,https://www.sec.gov/Archives/edgar/data/944809/000120919110042626/doc4.xml
OPK,944809,Phillip Frost,898860,2010-08-13,2010-08-12,P,open-market purchase,7500,16932.12,2.2576,,,,,unknown,,3,0,Common Stock,I,4,0001209191-10-042543,,https://www.sec.gov/Archives/edgar/data/944809/000120919110042543/doc4.xml
OPK,944809,Phillip Frost,898860,2010-08-12,2010-08-11,P,open-market purchase,17500,41074.00,2.3471,,,,,unknown,,15,0,Common Stock,I,4,0001209191-10-042180,,https://www.sec.gov/Archives/edgar/data/944809/000120919110042180/doc4.xml
OPK,944809,Phillip Frost,898860,2010-08-11,2010-08-10,P,open-market purchase,10000,25495.00,2.5495,,,,,unknown,,4,0,Common Stock,I,4,0001209191-10-042017,,https://www.sec.gov/Archives/edgar/data/944809/000120919110042017/doc4.xml
OPK,944809,Phillip Frost,898860,2010-08-09,2010-08-06,P,open-market purchase,10000,24972.00,2.4972,,,,,unknown,,5,0,Common Stock,I,4,0001209191-10-041657,,https://www.sec.gov/Archives/edgar/data/944809/000120919110041657/doc4.xml
OPK,944809,Phillip Frost,898860,2010-08-06,2010-08-05,P,open-market purchase,5000,13117.00,2.6234,,,,,unknown,,3,0,Common Stock,I,4,0001209191-10-041516,,https://www.sec.gov/Archives/edgar/data/944809/000120919110041516/doc4.xml
OPK,944809,Phillip Frost,898860,2010-08-04,2010-08-03,P,open-market purchase,5000,12800.00,2.5600,,,,,unknown,,1,0,Common Stock,I,4,0001209191-10-041044,,https://www.sec.gov/Archives/edgar/data/944809/000120919110041044/doc4.xml
OPK,944809,Phillip Frost,898860,2010-08-02,2010-07-30,P,open-market purchase,5000,12299.00,2.4598,,,,,unknown,,2,0,Common Stock,I,4,0001209191-10-040368,,https://www.sec.gov/Archives/edgar/data/944809/000120919110040368/doc4.xml
OPK,944809,Phillip Frost,898860,2010-07-16,2010-07-15,P,open-market purchase,5000,12098.50,2.4197,,,,,unknown,,7,0,Common Stock,I,4,0001209191-10-038712,,https://www.sec.gov/Archives/edgar/data/944809/000120919110038712/doc4.xml
OPK,944809,Phillip Frost,898860,2010-07-08,2010-07-07,P,open-market purchase,6000,13665.00,2.2775,,,,,unknown,,4,0,Common Stock,I,4,0001209191-10-037784,,https://www.sec.gov/Archives/edgar/data/944809/000120919110037784/doc4.xml
OPK,944809,Phillip Frost,898860,2010-07-07,2010-07-06,P,open-market purchase,7500,16802.26,2.2403,,,,,unknown,,5,0,Common Stock,I,4,0001209191-10-037604,,https://www.sec.gov/Archives/edgar/data/944809/000120919110037604/doc4.xml
OPK,944809,Phillip Frost,898860,2010-07-06,2010-07-02,P,open-market purchase,12500,27350.00,2.1880,,,,,unknown,,9,0,Common Stock,I,4,0001209191-10-037248,,https://www.sec.gov/Archives/edgar/data/944809/000120919110037248/doc4.xml
OPK,944809,Phillip Frost,898860,2010-07-02,2010-07-01,P,open-market purchase,7500,16189.00,2.1585,,,,,unknown,,8,0,Common Stock,I,4,0001209191-10-036721,,https://www.sec.gov/Archives/edgar/data/944809/000120919110036721/doc4.xml
OPK,944809,Phillip Frost,898860,2010-07-01,2010-06-30,P,open-market purchase,7500,16951.45,2.2602,,,,,unknown,,4,0,Common Stock,I,4,0001209191-10-036333,,https://www.sec.gov/Archives/edgar/data/944809/000120919110036333/doc4.xml
OPK,944809,Phillip Frost,898860,2010-06-25,2010-06-24,P,open-market purchase,10000,21560.00,2.1560,,,,,unknown,,7,0,Common Stock,I,4,0001209191-10-035705,,https://www.sec.gov/Archives/edgar/data/944809/000120919110035705/doc4.xml
OPK,944809,Phillip Frost,898860,2010-06-24,2010-06-23,P,open-market purchase,10000,20765.43,2.0765,,,,,unknown,,7,0,Common Stock,I,4,0001209191-10-035509,,https://www.sec.gov/Archives/edgar/data/944809/000120919110035509/doc4.xml
OPK,944809,Phillip Frost,898860,2010-06-23,2010-06-22,P,open-market purchase,5000,10805.57,2.1611,,,,,unknown,,4,0,Common Stock,I,4,0001209191-10-035337,,https://www.sec.gov/Archives/edgar/data/944809/000120919110035337/doc4.xml
OPK,944809,Phillip Frost,898860,2010-06-21,2010-06-18,P,open-market purchase,5000,10788.00,2.1576,,,,,unknown,,3,0,Common Stock,I,4,0001209191-10-035051,,https://www.sec.gov/Archives/edgar/data/944809/000120919110035051/doc4.xml
OPK,944809,Phillip Frost,898860,2010-06-15,2010-06-14,P,open-market purchase,5000,10293.62,2.0587,,,,,unknown,,5,0,Common Stock,I,4,0001209191-10-034156,,https://www.sec.gov/Archives/edgar/data/944809/000120919110034156/doc4.xml
OPK,944809,Phillip Frost,898860,2010-06-14,2010-06-11,P,open-market purchase,5000,9968.00,1.9936,,,,,unknown,,3,0,Common Stock,I,4,0001209191-10-033942,,https://www.sec.gov/Archives/edgar/data/944809/000120919110033942/doc4.xml
OPK,944809,Phillip Frost,898860,2010-06-10,2010-06-09,P,open-market purchase,5000,9560.00,1.9120,,,,,unknown,,5,0,Common Stock,I,4,0001209191-10-033485,,https://www.sec.gov/Archives/edgar/data/944809/000120919110033485/doc4.xml
OPK,944809,Phillip Frost,898860,2010-06-08,2010-06-07,P,open-market purchase,15000,28733.04,1.9155,,,,,unknown,,8,0,Common Stock,I,4,0001209191-10-032850,,https://www.sec.gov/Archives/edgar/data/944809/000120919110032850/doc4.xml
OPK,944809,Phillip Frost,898860,2010-06-07,2010-06-04,P,open-market purchase,10000,19975.00,1.9975,,,,,unknown,,3,0,Common Stock,I,4,0001209191-10-032506,,https://www.sec.gov/Archives/edgar/data/944809/000120919110032506/doc4.xml
OPK,944809,Phillip Frost,898860,2010-06-01,2010-05-28,P,open-market purchase,5000,9999.00,1.9998,,,,,unknown,,2,0,Common Stock,I,4,0001209191-10-031197,,https://www.sec.gov/Archives/edgar/data/944809/000120919110031197/doc4.xml
OPK,944809,Phillip Frost,898860,2010-05-27,2010-05-26,P,open-market purchase,15000,29395.59,1.9597,,,,,unknown,,7,0,Common Stock,I,4,0001209191-10-030670,,https://www.sec.gov/Archives/edgar/data/944809/000120919110030670/doc4.xml
OPK,944809,Phillip Frost,898860,2010-05-26,2010-05-25,P,open-market purchase,10000,19970.00,1.9970,,,,,unknown,,4,0,Common Stock,I,4,0001209191-10-030421,,https://www.sec.gov/Archives/edgar/data/944809/000120919110030421/doc4.xml
OPK,944809,Phillip Frost,898860,2010-05-25,2010-05-24,P,open-market purchase,5000,10044.00,2.0088,,,,,unknown,,3,0,Common Stock,I,4,0001209191-10-030179,,https://www.sec.gov/Archives/edgar/data/944809/000120919110030179/doc4.xml
OPK,944809,Phillip Frost,898860,2010-05-24,2010-05-21,P,open-market purchase,7500,15307.22,2.0410,,,,,unknown,,9,0,Common Stock,I,4,0001209191-10-029834,,https://www.sec.gov/Archives/edgar/data/944809/000120919110029834/doc4.xml
OPK,944809,Phillip Frost,898860,2010-05-21,2010-05-20,P,open-market purchase,12000,24239.00,2.0199,,,,,unknown,,6,0,Common Stock,I,4,0001209191-10-029525,,https://www.sec.gov/Archives/edgar/data/944809/000120919110029525/doc4.xml
OPK,944809,Phillip Frost,898860,2010-05-20,2010-05-19,P,open-market purchase,7500,15997.00,2.1329,,,,,unknown,,2,0,Common Stock,I,4,0001209191-10-029154,,https://www.sec.gov/Archives/edgar/data/944809/000120919110029154/doc4.xml
OPK,944809,Phillip Frost,898860,2010-05-17,2010-05-14,P,open-market purchase,7500,15763.84,2.1018,,,,,unknown,,4,0,Common Stock,I,4,0001209191-10-028093,,https://www.sec.gov/Archives/edgar/data/944809/000120919110028093/doc4.xml
OPK,944809,Phillip Frost,898860,2010-05-14,2010-05-13,P,open-market purchase,7500,16034.12,2.1379,,,,,unknown,,4,0,Common Stock,I,4,0001209191-10-027809,,https://www.sec.gov/Archives/edgar/data/944809/000120919110027809/doc4.xml
OPK,944809,Phillip Frost,898860,2010-05-07,2010-05-06,P,open-market purchase,10000,20428.00,2.0428,,,,,unknown,,9,0,Common Stock,I,4,0001209191-10-025909,,https://www.sec.gov/Archives/edgar/data/944809/000120919110025909/doc4.xml
OPK,944809,Phillip Frost,898860,2010-05-06,2010-05-05,P,open-market purchase,5000,10766.00,2.1532,,,,,unknown,,6,0,Common Stock,I,4,0001209191-10-025611,,https://www.sec.gov/Archives/edgar/data/944809/000120919110025611/doc4.xml
OPK,944809,Phillip Frost,898860,2010-05-05,2010-05-04,P,open-market purchase,5000,11001.86,2.2004,,,,,unknown,,3,0,Common Stock,I,4,0001209191-10-025242,,https://www.sec.gov/Archives/edgar/data/944809/000120919110025242/doc4.xml
OPK,944809,Phillip Frost,898860,2010-05-04,2010-05-03,P,open-market purchase,5000,11018.00,2.2036,,,,,unknown,,4,0,Common Stock,I,4,0001209191-10-024909,,https://www.sec.gov/Archives/edgar/data/944809/000120919110024909/doc4.xml
OPK,944809,Phillip Frost,898860,2010-04-28,2010-04-27,P,open-market purchase,3000,6540.00,2.1800,,,,,unknown,,1,0,Common Stock,I,4,0001209191-10-023940,,https://www.sec.gov/Archives/edgar/data/944809/000120919110023940/doc4.xml
OPK,944809,Phillip Frost,898860,2010-04-23,2010-04-22,P,open-market purchase,5000,11195.00,2.2390,,,,,unknown,,2,0,Common Stock,I,4,0001209191-10-023448,,https://www.sec.gov/Archives/edgar/data/944809/000120919110023448/doc4.xml
OPK,944809,Phillip Frost,898860,2010-04-09,2010-04-08,P,open-market purchase,10000,20167.68,2.0168,,,,,unknown,,5,0,Common Stock,I,4,0001209191-10-021699,,https://www.sec.gov/Archives/edgar/data/944809/000120919110021699/doc4.xml
OPK,944809,Phillip Frost,898860,2010-03-25,2010-03-24,P,open-market purchase,10000,20205.00,2.0205,,,,,unknown,,3,0,Common Stock,I,4,0001209191-10-018643,,https://www.sec.gov/Archives/edgar/data/944809/000120919110018643/doc4.xml
OPK,944809,Phillip Frost,898860,2010-03-23,2010-03-22,P,open-market purchase,10000,20099.00,2.0099,,,,,unknown,,2,0,Common Stock,I,4,0001209191-10-018301,,https://www.sec.gov/Archives/edgar/data/944809/000120919110018301/doc4.xml
OPK,944809,Phillip Frost,898860,2010-03-22,2010-03-19,P,open-market purchase,15000,30372.00,2.0248,,,,,unknown,,5,0,Common Stock,I,4,0001209191-10-018097,,https://www.sec.gov/Archives/edgar/data/944809/000120919110018097/doc4.xml
OPK,944809,Phillip Frost,898860,2010-03-19,2010-03-18,P,open-market purchase,10000,19955.00,1.9955,,,,,unknown,,2,0,Common Stock,I,4,0001209191-10-017939,,https://www.sec.gov/Archives/edgar/data/944809/000120919110017939/doc4.xml
OPK,944809,Phillip Frost,898860,2010-03-15,2010-03-12,P,open-market purchase,7500,15176.00,2.0235,,,,,unknown,,4,0,Common Stock,I,4,0001209191-10-016814,,https://www.sec.gov/Archives/edgar/data/944809/000120919110016814/doc4.xml
OPK,944809,Phillip Frost,898860,2010-03-12,2010-03-11,P,open-market purchase,7500,15122.40,2.0163,,,,,unknown,,4,0,Common Stock,I,4,0001209191-10-016474,,https://www.sec.gov/Archives/edgar/data/944809/000120919110016474/doc4.xml
OPK,944809,Phillip Frost,898860,2010-03-11,2010-03-10,P,open-market purchase,7500,15060.00,2.0080,,,,,unknown,,3,0,Common Stock,I,4,0001209191-10-016186,,https://www.sec.gov/Archives/edgar/data/944809/000120919110016186/doc4.xml
OPK,944809,Phillip Frost,898860,2010-03-10,2010-03-09,P,open-market purchase,7500,15063.80,2.0085,,,,,unknown,,2,0,Common Stock,I,4,0001209191-10-015886,,https://www.sec.gov/Archives/edgar/data/944809/000120919110015886/doc4.xml
OPK,944809,Phillip Frost,898860,2010-03-09,2010-03-08,P,open-market purchase,7500,15058.00,2.0077,,,,,unknown,,2,0,Common Stock,I,4,0001209191-10-015437,,https://www.sec.gov/Archives/edgar/data/944809/000120919110015437/doc4.xml
OPK,944809,Phillip Frost,898860,2010-03-05,2010-03-04,P,open-market purchase,5000,10100.00,2.0200,,,,,unknown,,1,0,Common Stock,I,4,0001209191-10-014769,,https://www.sec.gov/Archives/edgar/data/944809/000120919110014769/doc4.xml
OPK,944809,Phillip Frost,898860,2010-03-03,2010-03-02,P,open-market purchase,10000,20379.49,2.0379,,,,,unknown,,4,0,Common Stock,I,4,0001209191-10-013825,,https://www.sec.gov/Archives/edgar/data/944809/000120919110013825/doc4.xml
OPK,944809,Phillip Frost,898860,2010-03-02,2010-03-01,P,open-market purchase,5000,10150.00,2.0300,,,,,unknown,,2,0,Common Stock,I,4,0001209191-10-013242,,https://www.sec.gov/Archives/edgar/data/944809/000120919110013242/doc4.xml
OPK,944809,Phillip Frost,898860,2010-03-01,2010-02-26,P,open-market purchase,10000,19998.10,1.9998,,,,,unknown,,2,0,Common Stock,I,4,0001209191-10-012853,,https://www.sec.gov/Archives/edgar/data/944809/000120919110012853/doc4.xml
OPK,944809,Phillip Frost,898860,2010-02-26,2010-02-25,P,open-market purchase,10000,19892.00,1.9892,,,,,unknown,,4,0,Common Stock,I,4,0001209191-10-012391,,https://www.sec.gov/Archives/edgar/data/944809/000120919110012391/doc4.xml
OPK,944809,Phillip Frost,898860,2010-02-25,2010-02-24,P,open-market purchase,10000,20000.00,2.0000,,,,,unknown,,1,0,Common Stock,I,4,0001209191-10-011960,,https://www.sec.gov/Archives/edgar/data/944809/000120919110011960/doc4.xml
OPK,944809,Phillip Frost,898860,2010-02-09,2010-02-05,P,open-market purchase,7500,12313.00,1.6417,,,,,unknown,,3,0,Common Stock,I,4,0001209191-10-007665,,https://www.sec.gov/Archives/edgar/data/944809/000120919110007665/doc4.xml
OPK,944809,Phillip Frost,898860,2010-02-05,2010-02-04,P,open-market purchase,10000,16627.00,1.6627,,,,,unknown,,4,0,Common Stock,I,4,0001209191-10-007069,,https://www.sec.gov/Archives/edgar/data/944809/000120919110007069/doc4.xml
OPK,944809,Phillip Frost,898860,2010-02-03,2010-02-02,P,open-market purchase,10000,16944.00,1.6944,,,,,unknown,,3,0,Common Stock,I,4,0001209191-10-006340,,https://www.sec.gov/Archives/edgar/data/944809/000120919110006340/doc4.xml
OPK,944809,Phillip Frost,898860,2010-02-02,2010-02-01,P,open-market purchase,10000,17224.35,1.7224,,,,,unknown,,4,0,Common Stock,I,4,0001209191-10-005989,,https://www.sec.gov/Archives/edgar/data/944809/000120919110005989/doc4.xml
OPK,944809,Phillip Frost,898860,2010-02-01,2010-01-29,P,open-market purchase,10000,17104.50,1.7105,,,,,unknown,,5,0,Common Stock,I,4,0001209191-10-005692,,https://www.sec.gov/Archives/edgar/data/944809/000120919110005692/doc4.xml
OPK,944809,Phillip Frost,898860,2010-01-22,2010-01-21,P,open-market purchase,10000,17768.20,1.7768,,,,,unknown,,7,0,Common Stock,I,4,0001209191-10-004423,,https://www.sec.gov/Archives/edgar/data/944809/000120919110004423/doc4.xml
OPK,944809,Phillip Frost,898860,2010-01-07,2010-01-06,P,open-market purchase,113671,183711.60,1.6162,,,,,unknown,,4,0,Common Stock,I,4,0001144204-10-000864,,https://www.sec.gov/Archives/edgar/data/944809/000114420410000864/v170820_ex.xml
OPK,944809,Phillip Frost,898860,2010-01-04,2009-12-31,P,open-market purchase,20000,33740.97,1.6870,,,,,unknown,,8,0,Common Stock,I,4,0001144204-10-000118,,https://www.sec.gov/Archives/edgar/data/944809/000114420410000118/v170421_ex.xml
OPK,944809,Phillip Frost,898860,2009-12-31,2009-12-30,P,open-market purchase,10000,16050.00,1.6050,,,,,unknown,,2,0,Common Stock,I,4,0001144204-09-066990,,https://www.sec.gov/Archives/edgar/data/944809/000114420409066990/v170272_ex.xml
OPK,944809,Phillip Frost,898860,2009-12-15,2009-12-14,P,open-market purchase,10000,16255.00,1.6255,,,,,unknown,,2,0,Common Stock,I,4,0001144204-09-064557,,https://www.sec.gov/Archives/edgar/data/944809/000114420409064557/v169018_ex.xml
OPK,944809,Phillip Frost,898860,2009-11-19,2009-11-18,P,open-market purchase,10000,20504.34,2.0504,,,,,unknown,,5,0,Common Stock,I,4,0001144204-09-060903,,https://www.sec.gov/Archives/edgar/data/944809/000114420409060903/v167113_ex.xml
OPK,944809,Phillip Frost,898860,2009-11-18,2009-11-17,P,open-market purchase,10000,20694.60,2.0695,,,,,unknown,,7,0,Common Stock,I,4,0001144204-09-060654,,https://www.sec.gov/Archives/edgar/data/944809/000114420409060654/v166996_ex.xml
OPK,944809,Phillip Frost,898860,2009-11-06,2009-11-05,P,open-market purchase,10000,21292.94,2.1293,,,,,unknown,,4,0,Common Stock,I,4,0001144204-09-057002,,https://www.sec.gov/Archives/edgar/data/944809/000114420409057002/v165114_ex.xml
OPK,944809,Phillip Frost,898860,2009-11-05,2009-11-04,P,open-market purchase,20000,41919.04,2.0960,,,,,unknown,,8,0,Common Stock,I,4,0001144204-09-056762,,https://www.sec.gov/Archives/edgar/data/944809/000114420409056762/v164922_ex.xml
OPK,944809,Phillip Frost,898860,2009-11-04,2009-11-03,P,open-market purchase,10000,21288.00,2.1288,,,,,unknown,,9,0,Common Stock,I,4,0001144204-09-056455,,https://www.sec.gov/Archives/edgar/data/944809/000114420409056455/v164757_ex.xml
OPK,944809,Phillip Frost,898860,2009-11-03,2009-11-02,P,open-market purchase,20000,41147.22,2.0574,,,,,unknown,,6,0,Common Stock,I,4,0001144204-09-056105,,https://www.sec.gov/Archives/edgar/data/944809/000114420409056105/v164550_ex.xml
OPK,944809,Phillip Frost,898860,2009-11-02,2009-10-30,P,open-market purchase,10000,21670.00,2.1670,,,,,unknown,,8,0,Common Stock,I,4,0001144204-09-055847,,https://www.sec.gov/Archives/edgar/data/944809/000114420409055847/v164414_ex.xml
OPK,944809,Phillip Frost,898860,2009-10-30,2009-10-29,P,open-market purchase,20000,41190.00,2.0595,,,,,unknown,,11,0,Common Stock,I,4,0001144204-09-055506,,https://www.sec.gov/Archives/edgar/data/944809/000114420409055506/v164253_ex.xml
OPK,944809,Phillip Frost,898860,2009-10-29,2009-10-28,P,open-market purchase,20000,41139.02,2.0570,,,,,unknown,,5,0,Common Stock,I,4,0001144204-09-055237,,https://www.sec.gov/Archives/edgar/data/944809/000114420409055237/v164114_ex.xml
OPK,944809,Phillip Frost,898860,2009-10-28,2009-10-27,P,open-market purchase,10000,21629.68,2.1630,,,,,unknown,,10,0,Common Stock,I,4,0001144204-09-055026,,https://www.sec.gov/Archives/edgar/data/944809/000114420409055026/v163970_ex.xml
OPK,944809,Phillip Frost,898860,2009-10-27,2009-10-26,P,open-market purchase,20000,43240.00,2.1620,,,,,unknown,,6,0,Common Stock,I,4,0001144204-09-054736,,https://www.sec.gov/Archives/edgar/data/944809/000114420409054736/v163837_ex.xml
OPK,944809,Phillip Frost,898860,2009-10-22,2009-10-21,P,open-market purchase,10000,22924.03,2.2924,,,,,unknown,,4,0,Common Stock,I,4,0001144204-09-054069,,https://www.sec.gov/Archives/edgar/data/944809/000114420409054069/v163443_ex.xml
OPK,944809,Phillip Frost,898860,2009-10-21,2009-10-20,P,open-market purchase,7500,17764.08,2.3685,,,,,unknown,,5,0,Common Stock,I,4,0001144204-09-053916,,https://www.sec.gov/Archives/edgar/data/944809/000114420409053916/v163366_ex.xml
OPK,944809,Phillip Frost,898860,2009-10-20,2009-10-19,P,open-market purchase,10000,23893.76,2.3894,,,,,unknown,,5,0,Common Stock,I,4,0001144204-09-053694,,https://www.sec.gov/Archives/edgar/data/944809/000114420409053694/v163260_ex.xml
OPK,944809,Phillip Frost,898860,2009-10-16,2009-10-15,P,open-market purchase,10000,23875.08,2.3875,,,,,unknown,,8,0,Common Stock,I,4,0001144204-09-053268,,https://www.sec.gov/Archives/edgar/data/944809/000114420409053268/v163038_ex.xml
OPK,944809,Phillip Frost,898860,2009-10-15,2009-10-14,P,open-market purchase,7500,17450.00,2.3267,,,,,unknown,,2,0,Common Stock,I,4,0001144204-09-053052,,https://www.sec.gov/Archives/edgar/data/944809/000114420409053052/v162917_ex.xml
OPK,944809,Phillip Frost,898860,2009-10-14,2009-10-13,P,open-market purchase,10000,23106.00,2.3106,,,,,unknown,,5,0,Common Stock,I,4,0001144204-09-052835,,https://www.sec.gov/Archives/edgar/data/944809/000114420409052835/v162806_ex.xml
OPK,944809,Phillip Frost,898860,2009-10-05,2009-10-02,P,open-market purchase,75000,169206.00,2.2561,,,,,unknown,,29,0,Common Stock,I,4,0001144204-09-051475,,https://www.sec.gov/Archives/edgar/data/944809/000114420409051475/v162074_ex.xml
OPK,944809,Phillip Frost,898860,2009-08-10,2009-08-07,P,open-market purchase,20000,43450.00,2.1725,,,,,unknown,,1,0,Common Stock,I,4,0001144204-09-041481,,https://www.sec.gov/Archives/edgar/data/944809/000114420409041481/v157019_ex.xml
OPK,944809,Phillip Frost,898860,2009-08-06,2009-08-06,P,open-market purchase,20000,38870.00,1.9435,,,,,unknown,,8,0,Common Stock,I,4,0001144204-09-041042,,https://www.sec.gov/Archives/edgar/data/944809/000114420409041042/v156780_ex.xml
OPK,944809,Phillip Frost,898860,2009-08-06,2009-08-05,P,open-market purchase,20000,39798.50,1.9899,,,,,unknown,,5,0,Common Stock,I,4,0001144204-09-041042,,https://www.sec.gov/Archives/edgar/data/944809/000114420409041042/v156780_ex.xml
OPK,944809,Phillip Frost,898860,2009-07-27,2009-07-27,P,open-market purchase,932734,1632284.50,1.7500,,,,,unknown,,1,0,Common Stock,I,4,0001144204-09-038850,,https://www.sec.gov/Archives/edgar/data/944809/000114420409038850/v155612_ex.xml
OPK,944809,Phillip Frost,898860,2009-07-13,2009-07-10,P,open-market purchase,5000,7830.00,1.5660,,,,,unknown,,4,0,Common Stock,I,4,0001144204-09-036961,,https://www.sec.gov/Archives/edgar/data/944809/000114420409036961/v154625_ex.xml
OPK,944809,Phillip Frost,898860,2009-07-10,2009-07-09,P,open-market purchase,4000,6315.00,1.5788,,,,,unknown,,4,0,Common Stock,I,4,0001144204-09-036792,,https://www.sec.gov/Archives/edgar/data/944809/000114420409036792/v154555_ex.xml
OPK,944809,Phillip Frost,898860,2009-07-09,2009-07-08,P,open-market purchase,8000,12931.70,1.6165,,,,,unknown,,7,0,Common Stock,I,4,0001144204-09-036642,,https://www.sec.gov/Archives/edgar/data/944809/000114420409036642/v154478_ex.xml
OPK,944809,Phillip Frost,898860,2009-07-09,2009-07-07,P,open-market purchase,12000,19817.00,1.6514,,,,,unknown,,5,0,Common Stock,I,4,0001144204-09-036642,,https://www.sec.gov/Archives/edgar/data/944809/000114420409036642/v154478_ex.xml
OPK,944809,Phillip Frost,898860,2009-07-07,2009-07-06,P,open-market purchase,6000,9990.00,1.6650,,,,,unknown,,7,0,Common Stock,I,4,0001144204-09-036247,,https://www.sec.gov/Archives/edgar/data/944809/000114420409036247/v154265_ex.xml
OPK,944809,Phillip Frost,898860,2009-07-02,2009-07-01,P,open-market purchase,7000,12180.00,1.7400,,,,,unknown,,4,0,Common Stock,I,4,0001144204-09-035649,,https://www.sec.gov/Archives/edgar/data/944809/000114420409035649/v154026_ex.xml
OPK,944809,Phillip Frost,898860,2009-06-30,2009-06-29,P,open-market purchase,8000,13954.60,1.7443,,,,,unknown,,7,0,Common Stock,I,4,0001144204-09-035177,,https://www.sec.gov/Archives/edgar/data/944809/000114420409035177/v153692_ex.xml
OPK,944809,Phillip Frost,898860,2009-06-29,2009-06-26,P,open-market purchase,6000,10256.00,1.7093,,,,,unknown,,3,0,Common Stock,I,4,0001144204-09-034779,,https://www.sec.gov/Archives/edgar/data/944809/000114420409034779/v153543_ex.xml
OPK,944809,Phillip Frost,898860,2009-06-25,2009-06-24,P,open-market purchase,10000,16977.00,1.6977,,,,,unknown,,10,0,Common Stock,I,4,0001144204-09-034303,,https://www.sec.gov/Archives/edgar/data/944809/000114420409034303/v153273_ex.xml
OPK,944809,Phillip Frost,898860,2009-06-19,2009-06-18,P,open-market purchase,1100,1694.00,1.5400,,,,,unknown,,1,0,Common Stock,I,4,0001144204-09-033467,,https://www.sec.gov/Archives/edgar/data/944809/000114420409033467/v152858_ex.xml
OPK,944809,Phillip Frost,898860,2009-06-16,2009-06-15,P,open-market purchase,15000,21920.00,1.4613,,,,,unknown,,7,0,Common Stock,I,4,0001144204-09-032793,,https://www.sec.gov/Archives/edgar/data/944809/000114420409032793/v152516_ex.xml
OPK,944809,Phillip Frost,898860,2009-06-12,2009-06-11,P,open-market purchase,10000,15311.36,1.5311,,,,,unknown,,7,0,Common Stock,I,4,0001144204-09-032290,,https://www.sec.gov/Archives/edgar/data/944809/000114420409032290/v152260_ex.xml
OPK,944809,Phillip Frost,898860,2009-06-11,2009-06-10,P,open-market purchase,15000,22806.00,1.5204,,,,,unknown,,8,0,Common Stock,I,4,0001144204-09-032022,,https://www.sec.gov/Archives/edgar/data/944809/000114420409032022/v152137_ex.xml
OPK,944809,Phillip Frost,898860,2009-05-28,2009-05-27,P,open-market purchase,10000,11752.29,1.1752,,,,,unknown,,5,0,Common Stock,I,4,0001144204-09-029793,,https://www.sec.gov/Archives/edgar/data/944809/000114420409029793/v151015_ex.xml
OPK,944809,Phillip Frost,898860,2009-05-27,2009-05-26,P,open-market purchase,10000,11703.82,1.1704,,,,,unknown,,8,0,Common Stock,I,4,0001144204-09-029534,,https://www.sec.gov/Archives/edgar/data/944809/000114420409029534/v150882_ex.xml
OPK,944809,Phillip Frost,898860,2009-05-26,2009-05-22,P,open-market purchase,8000,9466.17,1.1833,,,,,unknown,,6,0,Common Stock,I,4,0001144204-09-029414,,https://www.sec.gov/Archives/edgar/data/944809/000114420409029414/v150824_ex.xml
OPK,944809,Phillip Frost,898860,2009-05-22,2009-05-21,P,open-market purchase,8000,9370.35,1.1713,,,,,unknown,,3,0,Common Stock,I,4,0001144204-09-029082,,https://www.sec.gov/Archives/edgar/data/944809/000114420409029082/v150637_ex.xml
OPK,944809,Phillip Frost,898860,2009-05-18,2009-05-15,P,open-market purchase,4000,5042.00,1.2605,,,,,unknown,,4,0,Common Stock,I,4,0001144204-09-028081,,https://www.sec.gov/Archives/edgar/data/944809/000114420409028081/v150054_ex.xml
OPK,944809,Phillip Frost,898860,2009-05-18,2009-05-14,P,open-market purchase,166600,166600.00,1.0000,,,,,unknown,,1,0,Common Stock,I,4,0001144204-09-028081,,https://www.sec.gov/Archives/edgar/data/944809/000114420409028081/v150054_ex.xml
OPK,944809,Phillip Frost,898860,2009-05-14,2009-05-13,P,open-market purchase,4000,4290.00,1.0725,,,,,unknown,,2,0,Common Stock,I,4,0001144204-09-026379,,https://www.sec.gov/Archives/edgar/data/944809/000114420409026379/v149455_ex.xml
OPK,944809,Phillip Frost,898860,2009-05-13,2009-05-12,P,open-market purchase,7500,8526.00,1.1368,,,,,unknown,,3,0,Common Stock,I,4,0001144204-09-026040,,https://www.sec.gov/Archives/edgar/data/944809/000114420409026040/v149113_ex.xml
OPK,944809,Phillip Frost,898860,2009-05-12,2009-05-11,P,open-market purchase,4000,4572.50,1.1431,,,,,unknown,,4,0,Common Stock,I,4,0001144204-09-025689,,https://www.sec.gov/Archives/edgar/data/944809/000114420409025689/v148920_ex.xml
OPK,944809,Phillip Frost,898860,2009-05-11,2009-05-08,P,open-market purchase,4000,4461.50,1.1154,,,,,unknown,,6,0,Common Stock,I,4,0001144204-09-025248,,https://www.sec.gov/Archives/edgar/data/944809/000114420409025248/v148722_ex.xml
OPK,944809,Phillip Frost,898860,2009-05-07,2009-05-06,P,open-market purchase,7500,8642.00,1.1523,,,,,unknown,,4,0,Common Stock,I,4,0001144204-09-024602,,https://www.sec.gov/Archives/edgar/data/944809/000114420409024602/v148386_ex.xml
OPK,944809,Phillip Frost,898860,2009-05-06,2009-05-05,P,open-market purchase,5000,5769.37,1.1539,,,,,unknown,,3,0,Common Stock,I,4,0001144204-09-024432,,https://www.sec.gov/Archives/edgar/data/944809/000114420409024432/v148263_ex.xml
OPK,944809,Phillip Frost,898860,2009-05-04,2009-05-01,P,open-market purchase,5000,5839.39,1.1679,,,,,unknown,,3,0,Common Stock,I,4,0001144204-09-023766,,https://www.sec.gov/Archives/edgar/data/944809/000114420409023766/v147946_ex.xml
OPK,944809,Phillip Frost,898860,2009-04-29,2009-04-28,P,open-market purchase,5000,5808.00,1.1616,,,,,unknown,,5,0,Common Stock,I,4,0001144204-09-022826,,https://www.sec.gov/Archives/edgar/data/944809/000114420409022826/v147477_ex.xml
OPK,944809,Phillip Frost,898860,2009-04-27,2009-04-24,P,open-market purchase,5000,5740.00,1.1480,,,,,unknown,,3,0,Common Stock,I,4,0001144204-09-022342,,https://www.sec.gov/Archives/edgar/data/944809/000114420409022342/v147210_ex.xml
OPK,944809,Phillip Frost,898860,2009-04-24,2009-04-23,P,open-market purchase,5000,5900.00,1.1800,,,,,unknown,,1,0,Common Stock,I,4,0001144204-09-022175,,https://www.sec.gov/Archives/edgar/data/944809/000114420409022175/v147096_ex.xml
OPK,944809,Phillip Frost,898860,2009-04-16,2009-04-15,P,open-market purchase,5000,5138.34,1.0277,,,,,unknown,,3,0,Common Stock,I,4,0001144204-09-020958,,https://www.sec.gov/Archives/edgar/data/944809/000114420409020958/v146446_ex.xml
OPK,944809,Phillip Frost,898860,2009-04-15,2009-04-14,P,open-market purchase,3500,3696.00,1.0560,,,,,unknown,,5,0,Common Stock,I,4,0001144204-09-020611,,https://www.sec.gov/Archives/edgar/data/944809/000114420409020611/v146303_ex.xml
OPK,944809,Phillip Frost,898860,2009-04-09,2009-04-08,P,open-market purchase,3200,3183.50,0.9948,,,,,unknown,,4,0,Common Stock,I,4,0001144204-09-019824,,https://www.sec.gov/Archives/edgar/data/944809/000114420409019824/v145796_ex.xml
OPK,944809,Phillip Frost,898860,2009-04-08,2009-04-07,P,open-market purchase,3500,3532.83,1.0094,,,,,unknown,,3,0,Common Stock,I,4,0001144204-09-019549,,https://www.sec.gov/Archives/edgar/data/944809/000114420409019549/v145684_ex.xml
OPK,944809,Phillip Frost,898860,2009-04-07,2009-04-06,P,open-market purchase,5000,5131.00,1.0262,,,,,unknown,,3,0,Common Stock,I,4,0001144204-09-019273,,https://www.sec.gov/Archives/edgar/data/944809/000114420409019273/v145550_ex.xml
OPK,944809,Phillip Frost,898860,2009-04-02,2009-04-01,P,open-market purchase,8000,7838.00,0.9798,,,,,unknown,,2,0,Common Stock,I,4,0001144204-09-018455,,https://www.sec.gov/Archives/edgar/data/944809/000114420409018455/v145176_ex.xml
OPK,944809,Phillip Frost,898860,2009-03-31,2009-03-30,P,open-market purchase,3000,2940.00,0.9800,,,,,unknown,,1,0,Common Stock,I,4,0001144204-09-017413,,https://www.sec.gov/Archives/edgar/data/944809/000114420409017413/v144471_ex.xml
OPK,944809,Phillip Frost,898860,2009-03-31,2009-03-27,P,open-market purchase,5000,5100.00,1.0200,,,,,unknown,,1,0,Common Stock,I,4,0001144204-09-017413,,https://www.sec.gov/Archives/edgar/data/944809/000114420409017413/v144471_ex.xml
OPK,944809,Phillip Frost,898860,2009-03-26,2009-03-25,P,open-market purchase,13400,10814.00,0.8070,,,,,unknown,,2,0,Common Stock,I,4,0001144204-09-016242,,https://www.sec.gov/Archives/edgar/data/944809/000114420409016242/v144041_ex.xml
OPK,944809,Phillip Frost,898860,2009-03-23,2009-03-20,P,open-market purchase,45124,34433.09,0.7631,,,,,unknown,,6,0,Common Stock,I,4,0001144204-09-015526,,https://www.sec.gov/Archives/edgar/data/944809/000114420409015526/v143615_ex.xml
OPK,944809,Phillip Frost,898860,2009-03-20,2009-03-19,P,open-market purchase,5000,3992.00,0.7984,,,,,unknown,,2,0,Common Stock,I,4,0001144204-09-015356,,https://www.sec.gov/Archives/edgar/data/944809/000114420409015356/v143545_ex.xml
OPK,944809,Phillip Frost,898860,2009-03-17,2009-03-16,P,open-market purchase,2054710,1171184.70,0.5700,,,,,unknown,,1,0,Common Stock,I,4,0001144204-09-014490,,https://www.sec.gov/Archives/edgar/data/944809/000114420409014490/v143122_ex.xml
OPK,944809,Phillip Frost,898860,2009-03-13,2009-03-12,P,open-market purchase,28304,16942.22,0.5986,,,,,unknown,,5,0,Common Stock,I,4,0001144204-09-013775,,https://www.sec.gov/Archives/edgar/data/944809/000114420409013775/v142753_ex.xml
OPK,944809,Phillip Frost,898860,2009-03-12,2009-03-11,P,open-market purchase,50000,31214.36,0.6243,,,,,unknown,,9,0,Common Stock,I,4,0001144204-09-013554,,https://www.sec.gov/Archives/edgar/data/944809/000114420409013554/v142637_ex.xml
OPK,944809,Phillip Frost,898860,2009-03-11,2009-03-10,P,open-market purchase,40000,26257.99,0.6564,,,,,unknown,,6,0,Common Stock,I,4,0001144204-09-013239,,https://www.sec.gov/Archives/edgar/data/944809/000114420409013239/v142510_ex.xml
OPK,944809,Phillip Frost,898860,2009-03-10,2009-03-09,P,open-market purchase,150000,99427.99,0.6629,,,,,unknown,,8,0,Common Stock,I,4,0001144204-09-012985,,https://www.sec.gov/Archives/edgar/data/944809/000114420409012985/v142386_ex.xml
OPK,944809,Phillip Frost,898860,2009-03-09,2009-03-06,P,open-market purchase,652388,427454.07,0.6552,,,,,unknown,,29,0,Common Stock,I,4,0001144204-09-012788,,https://www.sec.gov/Archives/edgar/data/944809/000114420409012788/v142275_ex.xml
OPK,944809,Phillip Frost,898860,2009-03-09,2009-03-06,P,open-market purchase,104000,87214.03,0.8386,,,,,unknown,,8,0,Common Stock,I,4,0001144204-09-012789,,https://www.sec.gov/Archives/edgar/data/944809/000114420409012789/v142281_ex.xml
OPK,944809,Phillip Frost,898860,2009-03-06,2009-03-05,P,open-market purchase,46500,42437.00,0.9126,,,,,unknown,,7,0,Common Stock,I,4,0001144204-09-012527,,https://www.sec.gov/Archives/edgar/data/944809/000114420409012527/v142118_ex.xml
OPK,944809,Phillip Frost,898860,2009-03-06,2009-03-04,P,open-market purchase,40000,39420.85,0.9855,,,,,unknown,,7,0,Common Stock,I,4,0001144204-09-012527,,https://www.sec.gov/Archives/edgar/data/944809/000114420409012527/v142118_ex.xml
OPK,944809,Phillip Frost,898860,2009-03-04,2009-03-03,P,open-market purchase,47700,46604.54,0.9770,,,,,unknown,,9,0,Common Stock,I,4,0001144204-09-012030,,https://www.sec.gov/Archives/edgar/data/944809/000114420409012030/v141862_ex.xml
OPK,944809,Phillip Frost,898860,2009-03-03,2009-03-02,P,open-market purchase,13900,13900.00,1.0000,,,,,unknown,,1,0,Common Stock,I,4,0001144204-09-011808,,https://www.sec.gov/Archives/edgar/data/944809/000114420409011808/v141674_ex.xml
OPK,944809,Phillip Frost,898860,2009-03-03,2009-02-27,P,open-market purchase,30879,31147.42,1.0087,,,,,unknown,,8,0,Common Stock,I,4,0001144204-09-011808,,https://www.sec.gov/Archives/edgar/data/944809/000114420409011808/v141674_ex.xml
OPK,944809,Phillip Frost,898860,2009-02-25,2009-02-24,P,open-market purchase,30000,31332.00,1.0444,,,,,unknown,A,14,0,Common Stock,I,4,0001144204-09-010812,,https://www.sec.gov/Archives/edgar/data/944809/000114420409010812/v141253_ex.xml
OPK,944809,Phillip Frost,898860,2009-02-25,2009-02-23,P,open-market purchase,10000,10358.13,1.0358,,,,,unknown,A,2,0,Common Stock,I,4,0001144204-09-010812,,https://www.sec.gov/Archives/edgar/data/944809/000114420409010812/v141253_ex.xml
OPK,944809,Phillip Frost,898860,2009-02-17,2009-02-13,P,open-market purchase,5000,6249.00,1.2498,,,,,unknown,,5,0,Common Stock,I,4,0001144204-09-008641,,https://www.sec.gov/Archives/edgar/data/944809/000114420409008641/v140386_ex.xml
OPK,944809,Phillip Frost,898860,2009-02-11,2009-02-10,P,open-market purchase,5000,6200.00,1.2400,,,,,unknown,,1,0,Common Stock,I,4,0001144204-09-006800,,https://www.sec.gov/Archives/edgar/data/944809/000114420409006800/v139546_ex.xml
OPK,944809,Phillip Frost,898860,2009-02-10,2009-02-09,P,open-market purchase,4000,5040.40,1.2601,,,,,unknown,,2,0,Common Stock,I,4,0001144204-09-006605,,https://www.sec.gov/Archives/edgar/data/944809/000114420409006605/v139394_ex.xml
OPK,944809,Phillip Frost,898860,2009-02-09,2009-02-06,P,open-market purchase,958390,958390.00,1.0000,,,,,unknown,,1,0,Common Stock,I,4,0001144204-09-005969,,https://www.sec.gov/Archives/edgar/data/944809/000114420409005969/v139222_ex.xml
OPK,944809,Phillip Frost,898860,2008-12-15,2008-12-12,P,open-market purchase,10000,14020.44,1.4020,,,,,unknown,,5,0,Common Stock,I,4,0001144204-08-069282,,https://www.sec.gov/Archives/edgar/data/944809/000114420408069282/v134805_ex.xml
OPK,944809,Phillip Frost,898860,2008-12-12,2008-12-11,P,open-market purchase,10000,13955.00,1.3955,,,,,unknown,,7,0,Common Stock,I,4,0001144204-08-068994,,https://www.sec.gov/Archives/edgar/data/944809/000114420408068994/v134672_ex.xml
OPK,944809,Phillip Frost,898860,2008-11-17,2008-11-14,P,open-market purchase,600000,630000.00,1.0500,,,,,unknown,,1,0,Common Stock,I,4,0001144204-08-064870,,https://www.sec.gov/Archives/edgar/data/944809/000114420408064870/v132606_ex.xml
OPK,944809,Phillip Frost,898860,2008-11-12,2008-11-10,P,open-market purchase,5000,6288.00,1.2576,,,,,unknown,,2,0,Common Stock,I,4,0001144204-08-062846,,https://www.sec.gov/Archives/edgar/data/944809/000114420408062846/v131665_ex.xml
OPK,944809,Phillip Frost,898860,2008-10-24,2008-10-22,P,open-market purchase,10000,12976.00,1.2976,,,,,unknown,,3,0,Common Stock,I,4,0001144204-08-059232,,https://www.sec.gov/Archives/edgar/data/944809/000114420408059232/v129661_ex.xml
OPK,944809,Phillip Frost,898860,2008-10-17,2008-10-15,P,open-market purchase,15000,21041.00,1.4027,,,,,unknown,,7,0,Common Stock,I,4,0001144204-08-058193,,https://www.sec.gov/Archives/edgar/data/944809/000114420408058193/v129145_ex.xml
OPK,944809,Phillip Frost,898860,2008-10-14,2008-10-10,P,open-market purchase,10000,12860.00,1.2860,,,,,unknown,,4,0,Common Stock,I,4,0001144204-08-057468,,https://www.sec.gov/Archives/edgar/data/944809/000114420408057468/v128808_ex.xml
OPK,944809,Phillip Frost,898860,2008-10-14,2008-10-09,P,open-market purchase,8000,10859.00,1.3574,,,,,unknown,,3,0,Common Stock,I,4,0001144204-08-057468,,https://www.sec.gov/Archives/edgar/data/944809/000114420408057468/v128808_ex.xml
OPK,944809,Phillip Frost,898860,2008-10-08,2008-10-07,P,open-market purchase,10000,14198.00,1.4198,,,,,unknown,,4,0,Common Stock,I,4,0001144204-08-056598,,https://www.sec.gov/Archives/edgar/data/944809/000114420408056598/v128311_ex.xml
OPK,944809,Phillip Frost,898860,2008-10-08,2008-10-06,P,open-market purchase,10000,14175.00,1.4175,,,,,unknown,,4,0,Common Stock,I,4,0001144204-08-056598,,https://www.sec.gov/Archives/edgar/data/944809/000114420408056598/v128311_ex.xml
OPK,944809,Phillip Frost,898860,2008-10-03,2008-10-02,P,open-market purchase,10000,15758.00,1.5758,,,,,unknown,,4,0,Common Stock,I,4,0001144204-08-055967,,https://www.sec.gov/Archives/edgar/data/944809/000114420408055967/v128023_ex.xml
OPK,944809,Phillip Frost,898860,2008-10-01,2008-09-29,P,open-market purchase,10000,15564.00,1.5564,,,,,unknown,,4,0,Common Stock,I,4,0001144204-08-055565,,https://www.sec.gov/Archives/edgar/data/944809/000114420408055565/v127794_ex.xml
OPK,944809,Phillip Frost,898860,2008-09-29,2008-09-26,P,open-market purchase,15000,23686.00,1.5791,,,,,unknown,,7,0,Common Stock,I,4,0001144204-08-054991,,https://www.sec.gov/Archives/edgar/data/944809/000114420408054991/v127573_ex.xml
OPK,944809,Phillip Frost,898860,2008-09-22,2008-09-18,P,open-market purchase,34100,51357.51,1.5061,,,,,unknown,,12,0,Common Stock,I,4,0001144204-08-053862,,https://www.sec.gov/Archives/edgar/data/944809/000114420408053862/v126957_ex.xml
OPK,944809,Phillip Frost,898860,2008-08-01,2008-07-30,P,open-market purchase,786224,1100713.60,1.4000,,,,,unknown,,1,0,Common Stock,I,4,0001144204-08-043283,,https://www.sec.gov/Archives/edgar/data/944809/000114420408043283/v121408_ex.xml
OPK,944809,Phillip Frost,898860,2008-07-14,2008-07-11,P,open-market purchase,10000,14131.00,1.4131,,,,,unknown,,6,0,Common Stock,I,4,0001144204-08-039753,,https://www.sec.gov/Archives/edgar/data/944809/000114420408039753/v119805_ex.xml
OPK,944809,Phillip Frost,898860,2008-07-11,2008-07-10,P,open-market purchase,20000,27338.00,1.3669,,,,,unknown,,3,0,Common Stock,I,4,0001144204-08-039582,,https://www.sec.gov/Archives/edgar/data/944809/000114420408039582/v119717_ex.xml
OPK,944809,Phillip Frost,898860,2008-07-03,2008-07-02,P,open-market purchase,40000,47100.00,1.1775,,,,,unknown,,2,0,Common Stock,I,4,0001144204-08-038370,,https://www.sec.gov/Archives/edgar/data/944809/000114420408038370/v119057_ex.xml
OPK,944809,Phillip Frost,898860,2008-07-03,2008-07-02,P,open-market purchase,34379,46411.65,1.3500,,,,,unknown,,1,0,Common Stock,I,4,0001144204-08-038420,,https://www.sec.gov/Archives/edgar/data/944809/000114420408038420/v119075_ex.xml
OPK,944809,Phillip Frost,898860,2008-07-03,2008-07-01,P,open-market purchase,132000,178200.00,1.3500,,,,,unknown,,1,0,Common Stock,I,4,0001144204-08-038370,,https://www.sec.gov/Archives/edgar/data/944809/000114420408038370/v119057_ex.xml
OPK,944809,Phillip Frost,898860,2008-07-02,2008-07-02,P,open-market purchase,40000,47100.00,1.1775,,,,,unknown,,2,0,Common Stock,I,4,0001144204-08-038288,,https://www.sec.gov/Archives/edgar/data/944809/000114420408038288/v119057_ex.xml
OPK,944809,Phillip Frost,898860,2008-07-02,2008-07-01,P,open-market purchase,132000,178200.00,1.3500,,,,,unknown,,1,0,Common Stock,I,4,0001144204-08-038288,,https://www.sec.gov/Archives/edgar/data/944809/000114420408038288/v119057_ex.xml
OPK,944809,Phillip Frost,898860,2008-06-27,2008-06-27,P,open-market purchase,20000,31772.00,1.5886,,,,,unknown,,10,0,Common Stock,I,4,0001144204-08-037283,,https://www.sec.gov/Archives/edgar/data/944809/000114420408037283/v118543_ex.xml
OPK,944809,Phillip Frost,898860,2008-06-27,2008-06-26,P,open-market purchase,10000,16250.00,1.6250,,,,,unknown,,2,0,Common Stock,I,4,0001144204-08-037283,,https://www.sec.gov/Archives/edgar/data/944809/000114420408037283/v118543_ex.xml
OPK,944809,Phillip Frost,898860,2008-06-27,2008-06-25,P,open-market purchase,40000,61878.42,1.5470,,,,,unknown,,11,0,Common Stock,I,4,0001144204-08-037283,,https://www.sec.gov/Archives/edgar/data/944809/000114420408037283/v118543_ex.xml
OPK,944809,Phillip Frost,898860,2008-06-23,2008-06-20,P,open-market purchase,10000,17308.00,1.7308,,,,,unknown,,2,0,Common Stock,I,4,0001144204-08-036403,,https://www.sec.gov/Archives/edgar/data/944809/000114420408036403/v118033_ex.xml
OPK,944809,Phillip Frost,898860,2008-06-23,2008-06-19,P,open-market purchase,10000,17732.00,1.7732,,,,,unknown,,4,0,Common Stock,I,4,0001144204-08-036403,,https://www.sec.gov/Archives/edgar/data/944809/000114420408036403/v118033_ex.xml
OPK,944809,Phillip Frost,898860,2008-06-13,2008-06-12,P,open-market purchase,15000,26780.42,1.7854,,,,,unknown,,5,0,Common Stock,I,4,0001144204-08-035179,,https://www.sec.gov/Archives/edgar/data/944809/000114420408035179/v117330_ex.xml
OPK,944809,Phillip Frost,898860,2008-06-13,2008-06-11,P,open-market purchase,10000,17885.00,1.7885,,,,,unknown,,3,0,Common Stock,I,4,0001144204-08-035179,,https://www.sec.gov/Archives/edgar/data/944809/000114420408035179/v117330_ex.xml
OPK,944809,Phillip Frost,898860,2008-06-09,2008-06-09,P,open-market purchase,10000,17939.00,1.7939,,,,,unknown,,2,0,Common Stock,I,4,0001144204-08-034284,,https://www.sec.gov/Archives/edgar/data/944809/000114420408034284/v116920_ex.xml
OPK,944809,Phillip Frost,898860,2008-06-09,2008-06-06,P,open-market purchase,20000,38598.50,1.9299,,,,,unknown,,4,0,Common Stock,I,4,0001144204-08-034284,,https://www.sec.gov/Archives/edgar/data/944809/000114420408034284/v116920_ex.xml
OPK,944809,Phillip Frost,898860,2008-06-09,2008-06-05,P,open-market purchase,15000,29513.00,1.9675,,,,,unknown,,6,0,Common Stock,I,4,0001144204-08-034284,,https://www.sec.gov/Archives/edgar/data/944809/000114420408034284/v116920_ex.xml
OPK,944809,Phillip Frost,898860,2008-06-05,2008-06-04,P,open-market purchase,25000,49246.00,1.9698,,,,,unknown,,5,0,Common Stock,I,4,0001144204-08-033809,,https://www.sec.gov/Archives/edgar/data/944809/000114420408033809/v116649_ex.xml
OPK,944809,Phillip Frost,898860,2008-06-05,2008-06-03,P,open-market purchase,15000,33852.00,2.2568,,,,,unknown,,8,0,Common Stock,I,4,0001144204-08-033809,,https://www.sec.gov/Archives/edgar/data/944809/000114420408033809/v116649_ex.xml
OPK,944809,Phillip Frost,898860,2008-05-30,2008-05-29,P,open-market purchase,10000,23758.00,2.3758,,,,,unknown,,8,0,Common Stock,I,4,0001144204-08-033062,,https://www.sec.gov/Archives/edgar/data/944809/000114420408033062/v116139_ex.xml
OPK,944809,Phillip Frost,898860,2008-05-30,2008-05-28,P,open-market purchase,5000,12079.00,2.4158,,,,,unknown,,4,0,Common Stock,I,4,0001144204-08-033062,,https://www.sec.gov/Archives/edgar/data/944809/000114420408033062/v116139_ex.xml
OPK,944809,Phillip Frost,898860,2008-05-22,2008-05-20,P,open-market purchase,20000,43977.00,2.1989,,,,,unknown,,6,0,Common Stock,I,4,0001144204-08-031830,,https://www.sec.gov/Archives/edgar/data/944809/000114420408031830/v115569_ex.xml
OPK,944809,Phillip Frost,898860,2008-05-14,2008-05-13,P,open-market purchase,5000,9654.00,1.9308,,,,,unknown,,5,0,Common Stock,I,4,0001144204-08-028448,,https://www.sec.gov/Archives/edgar/data/944809/000114420408028448/v114091_ex.xml
OPK,944809,Phillip Frost,898860,2008-05-14,2008-05-12,P,open-market purchase,6000,10739.00,1.7898,,,,,unknown,,2,0,Common Stock,I,4,0001144204-08-028448,,https://www.sec.gov/Archives/edgar/data/944809/000114420408028448/v114091_ex.xml
OPK,944809,Phillip Frost,898860,2008-05-12,2008-05-09,P,open-market purchase,6000,11169.00,1.8615,,,,,unknown,,6,0,Common Stock,I,4,0001144204-08-027904,,https://www.sec.gov/Archives/edgar/data/944809/000114420408027904/v113701_ex.xml
OPK,944809,Phillip Frost,898860,2008-05-12,2008-05-08,P,open-market purchase,2633200,3291500.00,1.2500,,,,,unknown,,1,0,Common Stock,I,4,0001144204-08-027904,,https://www.sec.gov/Archives/edgar/data/944809/000114420408027904/v113701_ex.xml
OPK,944809,Phillip Frost,898860,2008-05-01,2008-04-30,P,open-market purchase,5000,8370.00,1.6740,,,,,unknown,,2,0,Common Stock,I,4,0001144204-08-025589,,https://www.sec.gov/Archives/edgar/data/944809/000114420408025589/v112478_ex.xml
OPK,944809,Phillip Frost,898860,2008-05-01,2008-04-29,P,open-market purchase,5000,8028.28,1.6057,,,,,unknown,,3,0,Common Stock,I,4,0001144204-08-025589,,https://www.sec.gov/Archives/edgar/data/944809/000114420408025589/v112478_ex.xml
OPK,944809,Phillip Frost,898860,2008-04-15,2008-04-14,P,open-market purchase,98200,165241.30,1.6827,,,,,unknown,,16,0,Common Stock,I,4,0001144204-08-022685,,https://www.sec.gov/Archives/edgar/data/944809/000114420408022685/v110708_ex.xml
OPK,944809,Phillip Frost,898860,2008-04-15,2008-04-11,P,open-market purchase,50000,82767.00,1.6553,,,,,unknown,,10,0,Common Stock,I,4,0001144204-08-022685,,https://www.sec.gov/Archives/edgar/data/944809/000114420408022685/v110708_ex.xml
OPK,944809,Phillip Frost,898860,2008-04-11,2008-04-10,P,open-market purchase,7000,12700.00,1.8143,,,,,unknown,,5,0,Common Stock,I,4,0001144204-08-021889,,https://www.sec.gov/Archives/edgar/data/944809/000114420408021889/v110434_ex.xml
OPK,944809,Phillip Frost,898860,2008-04-11,2008-04-09,P,open-market purchase,20000,37124.00,1.8562,,,,,unknown,,11,0,Common Stock,I,4,0001144204-08-021889,,https://www.sec.gov/Archives/edgar/data/944809/000114420408021889/v110434_ex.xml
OPK,944809,Phillip Frost,898860,2008-04-08,2008-04-08,P,open-market purchase,28000,54950.37,1.9625,,,,,unknown,,5,0,Common Stock,I,4,0001144204-08-021309,,https://www.sec.gov/Archives/edgar/data/944809/000114420408021309/v109996_ex.xml
OPK,944809,Phillip Frost,898860,2008-04-08,2008-04-07,P,open-market purchase,13000,26044.83,2.0034,,,,,unknown,,8,0,Common Stock,I,4,0001144204-08-021309,,https://www.sec.gov/Archives/edgar/data/944809/000114420408021309/v109996_ex.xml
OPK,944809,Phillip Frost,898860,2008-04-08,2008-04-04,P,open-market purchase,58000,112672.70,1.9426,,,,,unknown,,14,0,Common Stock,I,4,0001144204-08-021309,,https://www.sec.gov/Archives/edgar/data/944809/000114420408021309/v109996_ex.xml
OPK,944809,Phillip Frost,898860,2008-04-03,2008-04-03,P,open-market purchase,10000,20017.00,2.0017,,,,,unknown,,5,0,Common Stock,I,4,0001144204-08-020538,,https://www.sec.gov/Archives/edgar/data/944809/000114420408020538/v109595_ex.xml
OPK,944809,Phillip Frost,898860,2008-04-03,2008-04-01,P,open-market purchase,25000,52932.00,2.1173,,,,,unknown,,7,0,Common Stock,I,4,0001144204-08-020538,,https://www.sec.gov/Archives/edgar/data/944809/000114420408020538/v109595_ex.xml
OPK,944809,Phillip Frost,898860,2008-04-01,2008-03-31,P,open-market purchase,10000,20517.00,2.0517,,,,,unknown,,5,0,Common Stock,I,4,0001144204-08-019983,,https://www.sec.gov/Archives/edgar/data/944809/000114420408019983/v109290_ex.xml
OPK,944809,Phillip Frost,898860,2008-04-01,2008-03-28,P,open-market purchase,10000,21316.00,2.1316,,,,,unknown,,5,0,Common Stock,I,4,0001144204-08-019983,,https://www.sec.gov/Archives/edgar/data/944809/000114420408019983/v109290_ex.xml
OPK,944809,Phillip Frost,898860,2008-03-24,2008-03-20,P,open-market purchase,10000,21270.01,2.1270,,,,,unknown,,5,0,Common Stock,I,4,0001144204-08-017024,,https://www.sec.gov/Archives/edgar/data/944809/000114420408017024/v107873_ex.xml
OPK,944809,Phillip Frost,898860,2008-03-20,2008-03-18,P,open-market purchase,10000,22622.00,2.2622,,,,,unknown,,6,0,Common Stock,I,4,0001144204-08-016578,,https://www.sec.gov/Archives/edgar/data/944809/000114420408016578/v107598_ex.xml
OPK,944809,Phillip Frost,898860,2008-03-18,2008-03-17,P,open-market purchase,10000,22304.00,2.2304,,,,,unknown,,6,0,Common Stock,I,4,0001144204-08-016100,,https://www.sec.gov/Archives/edgar/data/944809/000114420408016100/v107314_ex.xml
OPK,944809,Phillip Frost,898860,2008-03-18,2008-03-14,P,open-market purchase,6000,14454.00,2.4090,,,,,unknown,,3,0,Common Stock,I,4,0001144204-08-016100,,https://www.sec.gov/Archives/edgar/data/944809/000114420408016100/v107314_ex.xml
OPK,944809,Phillip Frost,898860,2008-03-14,2008-03-13,P,open-market purchase,5000,12232.15,2.4464,,,,,unknown,,2,0,Common Stock,I,4,0001144204-08-015277,,https://www.sec.gov/Archives/edgar/data/944809/000114420408015277/v106994_ex.xml
OPK,944809,Phillip Frost,898860,2008-03-14,2008-03-12,P,open-market purchase,45000,110959.00,2.4658,,,,,unknown,,10,0,Common Stock,I,4,0001144204-08-015277,,https://www.sec.gov/Archives/edgar/data/944809/000114420408015277/v106994_ex.xml
OPK,944809,Phillip Frost,898860,2008-03-12,2008-03-12,P,open-market purchase,200000,400000.00,2.0000,,,,,unknown,,1,0,Common Stock,I,4,0001144204-08-014794,,https://www.sec.gov/Archives/edgar/data/944809/000114420408014794/v106658_ex.xml
OPK,944809,Phillip Frost,898860,2008-03-12,2008-03-11,P,open-market purchase,51450,118548.00,2.3041,,,,,unknown,,19,0,Common Stock,I,4,0001144204-08-014794,,https://www.sec.gov/Archives/edgar/data/944809/000114420408014794/v106658_ex.xml
OPK,944809,Phillip Frost,898860,2008-03-12,2008-03-10,P,open-market purchase,10000,22900.00,2.2900,,,,,unknown,,4,0,Common Stock,I,4,0001144204-08-014794,,https://www.sec.gov/Archives/edgar/data/944809/000114420408014794/v106658_ex.xml
OPK,944809,Phillip Frost,898860,2008-03-07,2008-03-06,P,open-market purchase,82748,165496.00,2.0000,,,,,unknown,,1,0,Common Stock,I,4,0001144204-08-013914,,https://www.sec.gov/Archives/edgar/data/944809/000114420408013914/v106226_ex.xml
OPK,944809,Phillip Frost,898860,2008-02-29,2008-02-29,P,open-market purchase,188150,423337.50,2.2500,,,,,unknown,,1,0,Common Stock,I,4,0001144204-08-012759,,https://www.sec.gov/Archives/edgar/data/944809/000114420408012759/v105541_ex.xml
OPK,944809,Phillip Frost,898860,2008-02-28,2008-02-27,P,open-market purchase,10000,25709.00,2.5709,,,,,unknown,,7,0,Common Stock,I,4,0001144204-08-012253,,https://www.sec.gov/Archives/edgar/data/944809/000114420408012253/v105271_ex.xml
OPK,944809,Phillip Frost,898860,2008-02-28,2008-02-26,P,open-market purchase,10000,26345.00,2.6345,,,,,unknown,,3,0,Common Stock,I,4,0001144204-08-012253,,https://www.sec.gov/Archives/edgar/data/944809/000114420408012253/v105271_ex.xml
OPK,944809,Phillip Frost,898860,2008-02-22,2008-02-21,P,open-market purchase,5000,13130.00,2.6260,,,,,unknown,,2,0,Common Stock,I,4,0001144204-08-011339,,https://www.sec.gov/Archives/edgar/data/944809/000114420408011339/v104721_ex.xml
OPK,944809,Phillip Frost,898860,2008-02-22,2008-02-20,P,open-market purchase,20000,51103.00,2.5551,,,,,unknown,,12,0,Common Stock,I,4,0001144204-08-011339,,https://www.sec.gov/Archives/edgar/data/944809/000114420408011339/v104721_ex.xml
OPK,944809,Phillip Frost,898860,2008-02-14,2008-02-13,P,open-market purchase,3814000,6865200.00,1.8000,,,,,unknown,,1,0,Common Stock,I,4,0001144204-08-009811,,https://www.sec.gov/Archives/edgar/data/944809/000114420408009811/v103374_ex.xml
OPK,944809,Phillip Frost,898860,2008-02-11,2008-02-11,P,open-market purchase,2948139,5306650.20,1.8000,,,,,unknown,,1,0,Common Stock,I,4,0001144204-08-007568,,https://www.sec.gov/Archives/edgar/data/944809/000114420408007568/v102846_ex.xml
OPK,944809,Phillip Frost,898860,2008-02-11,2008-02-08,P,open-market purchase,3000,8468.00,2.8227,,,,,unknown,,3,0,Common Stock,I,4,0001144204-08-007568,,https://www.sec.gov/Archives/edgar/data/944809/000114420408007568/v102846_ex.xml
OPK,944809,Phillip Frost,898860,2008-02-11,2008-02-07,P,open-market purchase,5000,14238.00,2.8476,,,,,unknown,,3,0,Common Stock,I,4,0001144204-08-007568,,https://www.sec.gov/Archives/edgar/data/944809/000114420408007568/v102846_ex.xml
OPK,944809,Phillip Frost,898860,2008-02-07,2008-02-05,P,open-market purchase,10000,28869.00,2.8869,,,,,unknown,,6,0,Common Stock,I,4,0001144204-08-006890,,https://www.sec.gov/Archives/edgar/data/944809/000114420408006890/v102386_ex.xml
OPK,944809,Phillip Frost,898860,2008-02-04,2008-02-01,P,open-market purchase,10000,28347.00,2.8347,,,,,unknown,,4,0,Common Stock,I,4,0001144204-08-005947,,https://www.sec.gov/Archives/edgar/data/944809/000114420408005947/v101846_ex.xml
OPK,944809,Phillip Frost,898860,2008-02-04,2008-01-31,P,open-market purchase,10000,28004.00,2.8004,,,,,unknown,,5,0,Common Stock,I,4,0001144204-08-005947,,https://www.sec.gov/Archives/edgar/data/944809/000114420408005947/v101846_ex.xml
OPK,944809,Phillip Frost,898860,2008-01-30,2008-01-28,P,open-market purchase,10000,28539.00,2.8539,,,,,unknown,,7,0,Common Stock,I,4,0001144204-08-005183,,https://www.sec.gov/Archives/edgar/data/944809/000114420408005183/v101306_ex.xml
OPK,944809,Phillip Frost,898860,2008-01-03,2008-01-02,P,open-market purchase,8000,22511.00,2.8139,,,,,unknown,,6,0,Common Stock,I,4,0001181431-08-000550,,https://www.sec.gov/Archives/edgar/data/944809/000118143108000550/rrd186643.xml
OPK,944809,Phillip Frost,898860,2008-01-03,2007-12-31,P,open-market purchase,10000,27961.00,2.7961,,,,,unknown,,8,0,Common Stock,I,4,0001181431-08-000550,,https://www.sec.gov/Archives/edgar/data/944809/000118143108000550/rrd186643.xml
OPK,944809,Phillip Frost,898860,2007-12-28,2007-12-27,P,open-market purchase,3000,8995.00,2.9983,,,,,unknown,,2,0,Common Stock,I,4,0001181431-07-077925,,https://www.sec.gov/Archives/edgar/data/944809/000118143107077925/rrd184960.xml
OPK,944809,Phillip Frost,898860,2007-12-28,2007-12-26,P,open-market purchase,5000,15424.00,3.0848,,,,,unknown,,3,0,Common Stock,I,4,0001181431-07-077925,,https://www.sec.gov/Archives/edgar/data/944809/000118143107077925/rrd184960.xml
OPK,944809,Phillip Frost,898860,2007-12-20,2007-12-18,P,open-market purchase,10000,30105.00,3.0105,,,,,unknown,,7,0,Common Stock,I,4,0001181431-07-076922,,https://www.sec.gov/Archives/edgar/data/944809/000118143107076922/rrd183584.xml
OPK,944809,Phillip Frost,898860,2007-12-17,2007-12-14,P,open-market purchase,8100,26579.00,3.2814,,,,,unknown,,11,0,Common Stock,I,4,0001181431-07-075990,,https://www.sec.gov/Archives/edgar/data/944809/000118143107075990/rrd182684.xml
OPK,944809,Phillip Frost,898860,2007-12-17,2007-12-13,P,open-market purchase,13300,42262.00,3.1776,,,,,unknown,,7,0,Common Stock,I,4,0001181431-07-075990,,https://www.sec.gov/Archives/edgar/data/944809/000118143107075990/rrd182684.xml
OPK,944809,Phillip Frost,898860,2007-12-10,2007-12-07,P,open-market purchase,5000,16204.00,3.2408,,,,,unknown,,4,0,Common Stock,I,4,0001181431-07-074318,,https://www.sec.gov/Archives/edgar/data/944809/000118143107074318/rrd181254.xml
OPK,944809,Phillip Frost,898860,2007-12-10,2007-12-06,P,open-market purchase,10000,32380.00,3.2380,,,,,unknown,,2,0,Common Stock,I,4,0001181431-07-074318,,https://www.sec.gov/Archives/edgar/data/944809/000118143107074318/rrd181254.xml
OPK,944809,Phillip Frost,898860,2007-12-06,2007-12-05,P,open-market purchase,30600,91682.00,2.9961,,,,,unknown,,9,0,Common Stock,I,4,0001181431-07-073653,,https://www.sec.gov/Archives/edgar/data/944809/000118143107073653/rrd181088.xml
OPK,944809,Phillip Frost,898860,2007-12-06,2007-12-04,P,open-market purchase,6766304,12449999.36,1.8400,,,,,unknown,,1,0,Common Stock,I,4,0001181431-07-073653,,https://www.sec.gov/Archives/edgar/data/944809/000118143107073653/rrd181088.xml
OPK,944809,Phillip Frost,898860,2007-11-20,2007-11-16,P,open-market purchase,10000,37035.00,3.7035,,,,,unknown,,8,0,Common Stock,I,4,0001181431-07-070955,,https://www.sec.gov/Archives/edgar/data/944809/000118143107070955/rrd179257.xml
OPK,944809,Phillip Frost,898860,2007-11-14,2007-11-13,P,open-market purchase,20000,74226.00,3.7113,,,,,unknown,,11,0,Common Stock,I,4,0001181431-07-069068,,https://www.sec.gov/Archives/edgar/data/944809/000118143107069068/rrd178215.xml
OPK,944809,Phillip Frost,898860,2007-11-14,2007-11-12,P,open-market purchase,20000,74376.00,3.7188,,,,,unknown,,6,0,Common Stock,I,4,0001181431-07-069068,,https://www.sec.gov/Archives/edgar/data/944809/000118143107069068/rrd178215.xml
OPK,944809,Phillip Frost,898860,2007-11-13,2007-11-08,P,open-market purchase,5000,20000.00,4.0000,,,,,unknown,,1,0,Common Stock,I,4,0001181431-07-068162,,https://www.sec.gov/Archives/edgar/data/944809/000118143107068162/rrd177930.xml
OPK,944809,Phillip Frost,898860,2007-10-18,2007-10-16,P,open-market purchase,1000,4162.00,4.1620,,,,,unknown,,2,0,Common Stock,I,4,0001181431-07-062889,,https://www.sec.gov/Archives/edgar/data/944809/000118143107062889/rrd175484.xml
OPK,944809,Phillip Frost,898860,2007-10-15,2007-10-12,P,open-market purchase,5000,20971.00,4.1942,,,,,unknown,,4,0,Common Stock,I,4,0001181431-07-062204,,https://www.sec.gov/Archives/edgar/data/944809/000118143107062204/rrd175081.xml
OPK,944809,Phillip Frost,898860,2007-10-15,2007-10-11,P,open-market purchase,21000,88911.00,4.2339,,,,,unknown,,7,0,Common Stock,I,4,0001181431-07-062204,,https://www.sec.gov/Archives/edgar/data/944809/000118143107062204/rrd175081.xml
OPK,944809,Phillip Frost,898860,2007-10-10,2007-10-10,P,open-market purchase,5000,20000.00,4.0000,,,,,unknown,,3,0,Common Stock,I,4,0001181431-07-061769,,https://www.sec.gov/Archives/edgar/data/944809/000118143107061769/rrd174815.xml
OPK,944809,Phillip Frost,898860,2007-10-10,2007-10-08,P,open-market purchase,8000,32135.00,4.0169,,,,,unknown,,3,0,Common Stock,I,4,0001181431-07-061769,,https://www.sec.gov/Archives/edgar/data/944809/000118143107061769/rrd174815.xml
OPK,944809,Phillip Frost,898860,2007-10-05,2007-10-04,P,open-market purchase,5000,19993.00,3.9986,,,,,unknown,,3,0,Common Stock,I,4,0001181431-07-061115,,https://www.sec.gov/Archives/edgar/data/944809/000118143107061115/rrd174466.xml
OPK,944809,Phillip Frost,898860,2007-10-05,2007-10-03,P,open-market purchase,6500,26120.00,4.0185,,,,,unknown,,5,0,Common Stock,I,4,0001181431-07-061115,,https://www.sec.gov/Archives/edgar/data/944809/000118143107061115/rrd174466.xml
OPK,944809,Phillip Frost,898860,2007-10-02,2007-10-02,P,open-market purchase,10000,39999.00,3.9999,,,,,unknown,,6,0,Common Stock,I,4,0001181431-07-060106,,https://www.sec.gov/Archives/edgar/data/944809/000118143107060106/rrd173884.xml
OPK,944809,Phillip Frost,898860,2007-10-02,2007-10-01,P,open-market purchase,5000,20155.00,4.0310,,,,,unknown,,5,0,Common Stock,I,4,0001181431-07-060106,,https://www.sec.gov/Archives/edgar/data/944809/000118143107060106/rrd173884.xml
OPK,944809,Phillip Frost,898860,2007-10-02,2007-09-28,P,open-market purchase,6000,24163.00,4.0272,,,,,unknown,,5,0,Common Stock,I,4,0001181431-07-060106,,https://www.sec.gov/Archives/edgar/data/944809/000118143107060106/rrd173884.xml
OPK,944809,Phillip Frost,898860,2007-09-25,2007-09-25,P,open-market purchase,10000,41097.13,4.1097,,,,,unknown,,7,0,Common Stock,I,4,0001181431-07-058833,,https://www.sec.gov/Archives/edgar/data/944809/000118143107058833/rrd173274.xml
OPK,944809,Phillip Frost,898860,2007-09-25,2007-09-21,P,open-market purchase,10000,40848.00,4.0848,,,,,unknown,,6,0,Common Stock,I,4,0001181431-07-058833,,https://www.sec.gov/Archives/edgar/data/944809/000118143107058833/rrd173274.xml
OPK,944809,Phillip Frost,898860,2007-09-19,2007-09-18,P,open-market purchase,4570,18417.10,4.0300,,,,,unknown,,1,0,Common Stock,I,4,0001181431-07-058204,,https://www.sec.gov/Archives/edgar/data/944809/000118143107058204/rrd173017.xml
OPK,944809,Phillip Frost,898860,2007-09-19,2007-09-17,P,open-market purchase,12700,50932.00,4.0104,,,,,unknown,,6,0,Common Stock,I,4,0001181431-07-058204,,https://www.sec.gov/Archives/edgar/data/944809/000118143107058204/rrd173017.xml
OPK,944809,Phillip Frost,898860,2007-09-13,2007-09-13,P,open-market purchase,6000,24581.00,4.0968,,,,,unknown,,3,0,Common Stock,I,4,0001144204-07-049328,,https://www.sec.gov/Archives/edgar/data/944809/000114420407049328/v087704_ex.xml
OPK,944809,Phillip Frost,898860,2007-09-13,2007-09-12,P,open-market purchase,2000,8020.00,4.0100,,,,,unknown,,2,0,Common Stock,I,4,0001144204-07-049328,,https://www.sec.gov/Archives/edgar/data/944809/000114420407049328/v087704_ex.xml
OPK,944809,Phillip Frost,898860,2007-09-13,2007-09-11,P,open-market purchase,18000,71936.00,3.9964,,,,,unknown,,4,0,Common Stock,I,4,0001144204-07-049328,,https://www.sec.gov/Archives/edgar/data/944809/000114420407049328/v087704_ex.xml
OPK,944809,Phillip Frost,898860,2007-09-10,2007-09-10,P,open-market purchase,5000,20269.00,4.0538,,,,,unknown,,2,0,Common Stock,I,4,0001144204-07-048777,,https://www.sec.gov/Archives/edgar/data/944809/000114420407048777/v087306_ex.xml
OPK,944809,Phillip Frost,898860,2007-09-10,2007-09-07,P,open-market purchase,15700,62648.00,3.9903,,,,,unknown,,17,0,Common Stock,I,4,0001144204-07-048777,,https://www.sec.gov/Archives/edgar/data/944809/000114420407048777/v087306_ex.xml
OPK,944809,Phillip Frost,898860,2007-09-10,2007-09-06,P,open-market purchase,5000,20808.00,4.1616,,,,,unknown,,4,0,Common Stock,I,4,0001144204-07-048777,,https://www.sec.gov/Archives/edgar/data/944809/000114420407048777/v087306_ex.xml
OPK,944809,Phillip Frost,898860,2007-09-05,2007-09-05,P,open-market purchase,5000,20626.00,4.1252,,,,,unknown,,5,0,Common Stock,I,4,0001144204-07-048077,,https://www.sec.gov/Archives/edgar/data/944809/000114420407048077/v087067_ex.xml
OPK,944809,Phillip Frost,898860,2007-09-05,2007-09-04,P,open-market purchase,4000,16427.00,4.1067,,,,,unknown,,7,0,Common Stock,I,4,0001144204-07-048077,,https://www.sec.gov/Archives/edgar/data/944809/000114420407048077/v087067_ex.xml
OPK,944809,Phillip Frost,898860,2007-09-05,2007-08-31,P,open-market purchase,5000,20306.00,4.0612,,,,,unknown,,3,0,Common Stock,I,4,0001144204-07-048077,,https://www.sec.gov/Archives/edgar/data/944809/000114420407048077/v087067_ex.xml
OPK,944809,Phillip Frost,898860,2007-08-30,2007-08-30,P,open-market purchase,10000,41165.00,4.1165,,,,,unknown,,7,0,Common Stock,I,4,0001144204-07-047362,,https://www.sec.gov/Archives/edgar/data/944809/000114420407047362/v086620_ex.xml
OPK,944809,Phillip Frost,898860,2007-08-30,2007-08-29,P,open-market purchase,10000,41302.00,4.1302,,,,,unknown,,6,0,Common Stock,I,4,0001144204-07-047362,,https://www.sec.gov/Archives/edgar/data/944809/000114420407047362/v086620_ex.xml
OPK,944809,Phillip Frost,898860,2007-08-30,2007-08-28,P,open-market purchase,10000,41235.00,4.1235,,,,,unknown,,6,0,Common Stock,I,4,0001144204-07-047362,,https://www.sec.gov/Archives/edgar/data/944809/000114420407047362/v086620_ex.xml
OPK,944809,Phillip Frost,898860,2007-08-20,2007-08-17,P,open-market purchase,15000,58534.00,3.9023,,,,,unknown,,7,0,Common Stock,I,4,0001144204-07-045453,,https://www.sec.gov/Archives/edgar/data/944809/000114420407045453/v085697_ex.xml
OPK,944809,Phillip Frost,898860,2007-08-20,2007-08-16,P,open-market purchase,9000,33153.00,3.6837,,,,,unknown,,11,0,Common Stock,I,4,0001144204-07-045453,,https://www.sec.gov/Archives/edgar/data/944809/000114420407045453/v085697_ex.xml
OPK,944809,Phillip Frost,898860,2007-08-15,2007-08-15,P,open-market purchase,15000,57491.00,3.8327,,,,,unknown,,8,0,Common Stock,I,4,0001144204-07-044401,,https://www.sec.gov/Archives/edgar/data/944809/000114420407044401/v085115_ex.xml
OPK,944809,Phillip Frost,898860,2007-08-15,2007-08-14,P,open-market purchase,10000,39697.00,3.9697,,,,,unknown,,6,0,Common Stock,I,4,0001144204-07-044401,,https://www.sec.gov/Archives/edgar/data/944809/000114420407044401/v085115_ex.xml
OPK,944809,Phillip Frost,898860,2007-08-15,2007-08-13,P,open-market purchase,10000,39449.00,3.9449,,,,,unknown,,5,0,Common Stock,I,4,0001144204-07-044401,,https://www.sec.gov/Archives/edgar/data/944809/000114420407044401/v085115_ex.xml
OPK,944809,Phillip Frost,898860,2007-08-10,2007-08-10,P,open-market purchase,13000,51233.00,3.9410,,,,,unknown,,6,0,Common Stock,I,4,0001144204-07-042162,,https://www.sec.gov/Archives/edgar/data/944809/000114420407042162/v084217_ex.xml
OPK,944809,Phillip Frost,898860,2007-08-10,2007-08-09,P,open-market purchase,10000,39949.00,3.9949,,,,,unknown,,3,0,Common Stock,I,4,0001144204-07-042162,,https://www.sec.gov/Archives/edgar/data/944809/000114420407042162/v084217_ex.xml
OPK,944809,Phillip Frost,898860,2007-08-10,2007-08-08,P,open-market purchase,10000,40529.00,4.0529,,,,,unknown,,6,0,Common Stock,I,4,0001144204-07-042162,,https://www.sec.gov/Archives/edgar/data/944809/000114420407042162/v084217_ex.xml
OPK,944809,Phillip Frost,898860,2007-08-07,2007-08-07,P,open-market purchase,10000,40251.82,4.0252,,,,,unknown,,6,0,Common Stock,I,4,0001144204-07-040922,,https://www.sec.gov/Archives/edgar/data/944809/000114420407040922/v083446_ex.xml
OPK,944809,Phillip Frost,898860,2007-08-07,2007-08-06,P,open-market purchase,35000,133858.00,3.8245,,,,,unknown,,12,0,Common Stock,I,4,0001144204-07-040922,,https://www.sec.gov/Archives/edgar/data/944809/000114420407040922/v083446_ex.xml
OPK,944809,Phillip Frost,898860,2007-08-07,2007-08-03,P,open-market purchase,20000,80121.00,4.0061,,,,,unknown,,10,0,Common Stock,I,4,0001144204-07-040922,,https://www.sec.gov/Archives/edgar/data/944809/000114420407040922/v083446_ex.xml
OPK,944809,Phillip Frost,898860,2007-07-24,2007-07-20,P,open-market purchase,28200,112166.00,3.9775,,,,,unknown,,5,0,Common Stock,I,4,0001144204-07-038101,,https://www.sec.gov/Archives/edgar/data/944809/000114420407038101/v081838_ex.xml
OPK,944809,Phillip Frost,898860,2007-07-16,2007-07-13,P,open-market purchase,4042060,7291452.00,1.8039,,,,,unknown,,4,0,Common Stock,I,4,0001209191-07-042732,,https://www.sec.gov/Archives/edgar/data/944809/000120919107042732/doc4.xml
OPK,944809,Phillip Frost,898860,2007-07-16,2007-07-12,P,open-market purchase,28200,104315.00,3.6991,,,,,unknown,,2,0,Common Stock,I,4,0001209191-07-042732,,https://www.sec.gov/Archives/edgar/data/944809/000120919107042732/doc4.xml
