ticker,cik,ceo,owner_cik,filed,traded,code,label,shares,value,avg_price,pct_of_holding,net_change,holding_after,residue,plan,other_codes,rows,unpriced_rows,securities,direct,form,accession,price_flag,url
SAM,949870,C. James Koch,1008079,2021-07-09,2021-07-08,S,sale,2500,2400650.41,960.2602,0.0541,-2500,4617418,0,unknown,,17,0,Class A Common,D,4,0001562180-21-004869,,https://www.sec.gov/Archives/edgar/data/949870/000156218021004869/primarydocument.xml
SAM,949870,C. James Koch,1008079,2021-07-08,2021-07-07,S,sale,2500,2385735.68,954.2943,0.0541,-2500,4619918,0,unknown,,12,0,Class A Common,D,4,0001562180-21-004854,,https://www.sec.gov/Archives/edgar/data/949870/000156218021004854/primarydocument.xml
SAM,949870,C. James Koch,1008079,2021-07-07,2021-07-06,S,sale,2500,2333463.00,933.3852,0.0541,-2500,4622418,0,unknown,,11,0,Class A Common,D,4,0001562180-21-004824,,https://www.sec.gov/Archives/edgar/data/949870/000156218021004824/primarydocument.xml
SAM,949870,C. James Koch,1008079,2021-07-06,2021-07-02,S,sale,2500,2382262.00,952.9048,0.0540,-2500,4624918,0,unknown,,16,0,Class A Common,D,4,0001562180-21-004761,,https://www.sec.gov/Archives/edgar/data/949870/000156218021004761/primarydocument.xml
SAM,949870,C. James Koch,1008079,2021-07-02,2021-07-01,S,sale,2500,2454416.73,981.7667,0.0540,-2500,4627418,0,unknown,,16,0,Class A Common,D,4,0001562180-21-004658,,https://www.sec.gov/Archives/edgar/data/949870/000156218021004658/primarydocument.xml
SAM,949870,C. James Koch,1008079,2021-07-01,2021-06-30,S,sale,2500,2564582.98,1025.8332,0.0540,-2500,4629918,0,unknown,,14,0,Class A Common,D,4,0001562180-21-004604,,https://www.sec.gov/Archives/edgar/data/949870/000156218021004604/primarydocument.xml
SAM,949870,C. James Koch,1008079,2021-06-30,2021-06-29,S,sale,2500,2574246.02,1029.6984,0.0539,-2500,4632418,0,unknown,,12,0,Class A Common,D,4,0001562180-21-004585,,https://www.sec.gov/Archives/edgar/data/949870/000156218021004585/primarydocument.xml
SAM,949870,C. James Koch,1008079,2021-06-29,2021-06-28,S,sale,2500,2600582.25,1040.2329,0.0539,-2500,4634918,0,unknown,,14,0,Class A Common,D,4,0001562180-21-004554,,https://www.sec.gov/Archives/edgar/data/949870/000156218021004554/primarydocument.xml
SAM,949870,C. James Koch,1008079,2021-06-28,2021-06-25,S,sale,2500,2564597.97,1025.8392,0.0539,-2500,4637418,0,unknown,,11,0,Class A Common,D,4,0001562180-21-004508,,https://www.sec.gov/Archives/edgar/data/949870/000156218021004508/primarydocument.xml
SAM,949870,C. James Koch,1008079,2021-06-25,2021-06-24,S,sale,2500,2535699.13,1014.2797,0.0539,-2500,4639918,0,unknown,,8,0,Class A Common,D,4,0001562180-21-004496,,https://www.sec.gov/Archives/edgar/data/949870/000156218021004496/primarydocument.xml
SAM,949870,C. James Koch,1008079,2021-06-24,2021-06-23,S,sale,2500,2518981.00,1007.5924,0.0538,-2500,4642418,0,unknown,,10,0,Class A Common,D,4,0001562180-21-004465,,https://www.sec.gov/Archives/edgar/data/949870/000156218021004465/primarydocument.xml
SAM,949870,C. James Koch,1008079,2021-06-23,2021-06-22,S,sale,2500,2494741.62,997.8966,0.0538,-2500,4644918,0,unknown,,11,0,Class A Common,D,4,0001562180-21-004447,,https://www.sec.gov/Archives/edgar/data/949870/000156218021004447/primarydocument.xml
SAM,949870,C. James Koch,1008079,2021-06-22,2021-06-21,S,sale,2500,2467549.61,987.0198,0.0538,-2500,4647418,0,unknown,,10,0,Class A Common,D,4,0001562180-21-004420,,https://www.sec.gov/Archives/edgar/data/949870/000156218021004420/primarydocument.xml
SAM,949870,C. James Koch,1008079,2021-06-21,2021-06-18,S,sale,2500,2433955.00,973.5820,0.0537,-2500,4649918,0,unknown,,8,0,Class A Common,D,4,0001562180-21-004385,,https://www.sec.gov/Archives/edgar/data/949870/000156218021004385/primarydocument.xml
SAM,949870,C. James Koch,1008079,2021-06-21,2021-06-17,S,sale,2500,2451263.00,980.5052,0.0537,-2500,4652418,0,unknown,,12,0,Class A Common,D,4,0001562180-21-004384,,https://www.sec.gov/Archives/edgar/data/949870/000156218021004384/primarydocument.xml
SAM,949870,C. James Koch,1008079,2021-06-17,2021-06-16,S,sale,2500,2508356.72,1003.3427,0.0537,-2500,4654918,0,unknown,,13,0,Class A Common,D,4,0001562180-21-004335,,https://www.sec.gov/Archives/edgar/data/949870/000156218021004335/primarydocument.xml
SAM,949870,C. James Koch,1008079,2021-06-16,2021-06-15,S,sale,2500,2533222.12,1013.2888,0.0536,-2500,4657418,0,unknown,,11,0,Class A Common,D,4,0001562180-21-004281,,https://www.sec.gov/Archives/edgar/data/949870/000156218021004281/primarydocument.xml
SAM,949870,C. James Koch,1008079,2021-06-15,2021-06-14,S,sale,2500,2560431.04,1024.1724,0.0536,-2500,4659918,0,unknown,,10,0,Class A Common,D,4,0001562180-21-004261,,https://www.sec.gov/Archives/edgar/data/949870/000156218021004261/primarydocument.xml
SAM,949870,C. James Koch,1008079,2021-06-14,2021-06-11,S,sale,2500,2583269.90,1033.3080,0.0536,-2500,4662418,0,unknown,,10,0,Class A Common,D,4,0001562180-21-004224,,https://www.sec.gov/Archives/edgar/data/949870/000156218021004224/primarydocument.xml
SAM,949870,C. James Koch,1008079,2021-06-11,2021-06-10,S,sale,2500,2594345.76,1037.7383,0.0536,-2500,4664918,0,unknown,,11,0,Class A Common,D,4,0001562180-21-004199,,https://www.sec.gov/Archives/edgar/data/949870/000156218021004199/primarydocument.xml
SAM,949870,C. James Koch,1008079,2021-06-10,2021-06-09,S,sale,2500,2634865.23,1053.9461,0.0535,-2500,4667418,0,unknown,,15,0,Class A Common,D,4,0001562180-21-004173,,https://www.sec.gov/Archives/edgar/data/949870/000156218021004173/primarydocument.xml
SAM,949870,C. James Koch,1008079,2021-06-09,2021-06-08,S,sale,2500,2732820.02,1093.1280,0.0535,-2500,4669918,0,unknown,,9,0,Class A Common,D,4,0001562180-21-004149,,https://www.sec.gov/Archives/edgar/data/949870/000156218021004149/primarydocument.xml
SAM,949870,C. James Koch,1008079,2021-06-08,2021-06-07,S,sale,2500,2704646.23,1081.8585,0.0535,-2500,4672418,0,unknown,,11,0,Class A Common,D,4,0001562180-21-004120,,https://www.sec.gov/Archives/edgar/data/949870/000156218021004120/primarydocument.xml
SAM,949870,C. James Koch,1008079,2021-06-07,2021-06-04,S,sale,2500,2761013.74,1104.4055,0.0534,-2500,4674918,0,unknown,,12,0,Class A Common,D,4,0001562180-21-004094,,https://www.sec.gov/Archives/edgar/data/949870/000156218021004094/primarydocument.xml
SAM,949870,C. James Koch,1008079,2021-06-04,2021-06-03,S,sale,2500,2701143.50,1080.4574,0.0534,-2500,4677418,0,unknown,,15,0,Class A Common,D,4,0001562180-21-004063,,https://www.sec.gov/Archives/edgar/data/949870/000156218021004063/primarydocument.xml
SAM,949870,C. James Koch,1008079,2021-06-03,2021-06-02,S,sale,2500,2639127.49,1055.6510,0.0534,-2500,4679918,0,unknown,,15,0,Class A Common,D,4,0001562180-21-003997,,https://www.sec.gov/Archives/edgar/data/949870/000156218021003997/primarydocument.xml
SAM,949870,C. James Koch,1008079,2021-06-02,2021-06-01,S,sale,2500,2630754.00,1052.3016,0.0534,-2500,4682418,0,unknown,,13,0,Class A Common,D,4,0001562180-21-003896,,https://www.sec.gov/Archives/edgar/data/949870/000156218021003896/primarydocument.xml
SAM,949870,C. James Koch,1008079,2021-06-01,2021-05-28,S,sale,2500,2643023.70,1057.2095,0.0533,-2500,4684918,0,unknown,,13,0,Class A Common,D,4,0001562180-21-003853,,https://www.sec.gov/Archives/edgar/data/949870/000156218021003853/primarydocument.xml
SAM,949870,C. James Koch,1008079,2021-05-27,2021-05-27,S,sale,2500,2716003.59,1086.4014,0.0533,-2500,4687418,0,unknown,,23,0,Class A Common,D,4,0001562180-21-003785,,https://www.sec.gov/Archives/edgar/data/949870/000156218021003785/primarydocument.xml
SAM,949870,C. James Koch,1008079,2021-05-27,2021-05-26,S,sale,2500,2755009.10,1102.0036,0.0533,-2500,4689918,0,unknown,,14,0,Class A Common,D,4,0001562180-21-003776,,https://www.sec.gov/Archives/edgar/data/949870/000156218021003776/primarydocument.xml
SAM,949870,C. James Koch,1008079,2021-05-26,2021-05-25,S,sale,2500,2722531.00,1089.0124,0.0532,-2500,4692418,0,unknown,,16,0,Class A Common,D,4,0001562180-21-003744,,https://www.sec.gov/Archives/edgar/data/949870/000156218021003744/primarydocument.xml
SAM,949870,C. James Koch,1008079,2021-05-25,2021-05-24,S,sale,2500,2636549.00,1054.6196,0.0532,-2500,4694918,0,unknown,,9,0,Class A Common,D,4,0001562180-21-003727,,https://www.sec.gov/Archives/edgar/data/949870/000156218021003727/primarydocument.xml
SAM,949870,C. James Koch,1008079,2021-05-24,2021-05-21,S,sale,2500,2621366.33,1048.5465,0.0532,-2500,4697418,0,unknown,,12,0,Class A Common,D,4,0001562180-21-003693,,https://www.sec.gov/Archives/edgar/data/949870/000156218021003693/primarydocument.xml
SAM,949870,C. James Koch,1008079,2021-05-21,2021-05-20,S,sale,2500,2646776.47,1058.7106,,-3624,4699918,-1124,unknown,,13,0,Class A Common,D,4,0001562180-21-003685,,https://www.sec.gov/Archives/edgar/data/949870/000156218021003685/primarydocument.xml
SAM,949870,C. James Koch,1008079,2021-05-20,2021-05-19,S,sale,2500,2605812.01,1042.3248,0.0531,-2500,4703542,0,unknown,,12,0,Class A Common,D,4,0001562180-21-003644,,https://www.sec.gov/Archives/edgar/data/949870/000156218021003644/primarydocument.xml
SAM,949870,C. James Koch,1008079,2021-05-19,2021-05-18,S,sale,2500,2681796.89,1072.7188,,-1376,4706042,1124,unknown,,15,0,Class A Common,D,4,0001562180-21-003587,,https://www.sec.gov/Archives/edgar/data/949870/000156218021003587/primarydocument.xml
SAM,949870,C. James Koch,1008079,2021-05-18,2021-05-17,S,sale,2500,2791202.00,1116.4808,0.0531,-2500,4707418,0,unknown,,10,0,Class A Common,D,4,0001562180-21-003500,,https://www.sec.gov/Archives/edgar/data/949870/000156218021003500/primarydocument.xml
SAM,949870,C. James Koch,1008079,2021-05-17,2021-05-14,S,sale,2500,2752665.96,1101.0664,0.0531,97483,4709918,0,unknown,C,14,0,Class A Common,D,4,0001562180-21-003488,,https://www.sec.gov/Archives/edgar/data/949870/000156218021003488/primarydocument.xml
SAM,949870,C. James Koch,1008079,2021-05-14,2021-05-13,S,sale,2500,2668396.88,1067.3588,0.0542,-2500,4612435,0,unknown,,14,0,Class A Common,D,4,0001562180-21-003469,,https://www.sec.gov/Archives/edgar/data/949870/000156218021003469/primarydocument.xml
SAM,949870,C. James Koch,1008079,2021-05-13,2021-05-12,S,sale,2500,2671188.00,1068.4752,,30748,4614935,33248,unknown,,19,0,Class A Common,D,4,0001562180-21-003445,,https://www.sec.gov/Archives/edgar/data/949870/000156218021003445/primarydocument.xml
SAM,949870,C. James Koch,1008079,2020-12-14,2020-12-11,S,sale,10000,9404248.05,940.4248,0.2152,-10000,4635983,0,unknown,,11,0,Class A Common,D,4,0001562180-20-007244,,https://www.sec.gov/Archives/edgar/data/949870/000156218020007244/primarydocument.xml
SAM,949870,C. James Koch,1008079,2020-12-11,2020-12-10,S,sale,10000,9332956.04,933.2956,0.2148,-10000,4645983,0,unknown,,10,0,Class A Common,D,4,0001562180-20-007197,,https://www.sec.gov/Archives/edgar/data/949870/000156218020007197/primarydocument.xml
SAM,949870,C. James Koch,1008079,2020-12-10,2020-12-09,S,sale,10000,9363757.35,936.3757,0.2143,-10000,4655983,0,unknown,,16,0,Class A Common,D,4,0001562180-20-007150,,https://www.sec.gov/Archives/edgar/data/949870/000156218020007150/primarydocument.xml
SAM,949870,C. James Koch,1008079,2020-12-09,2020-12-08,S,sale,10000,9374539.08,937.4539,0.2139,-10000,4665983,0,unknown,,17,0,Class A Common,D,4,0001562180-20-007123,,https://www.sec.gov/Archives/edgar/data/949870/000156218020007123/primarydocument.xml
SAM,949870,C. James Koch,1008079,2020-12-08,2020-12-07,S,sale,10000,9363170.84,936.3171,0.2134,-10000,4675983,0,unknown,,16,0,Class A Common,D,4,0001562180-20-007105,,https://www.sec.gov/Archives/edgar/data/949870/000156218020007105/primarydocument.xml
SAM,949870,C. James Koch,1008079,2020-12-07,2020-12-04,S,sale,10000,9295897.15,929.5897,0.2129,-10000,4685983,0,unknown,,15,0,Class A Common,D,4,0001562180-20-007093,,https://www.sec.gov/Archives/edgar/data/949870/000156218020007093/primarydocument.xml
SAM,949870,C. James Koch,1008079,2020-12-04,2020-12-03,S,sale,10000,9329207.65,932.9208,0.2125,-10000,4695983,0,unknown,,22,0,Class A Common,D,4,0001562180-20-007076,,https://www.sec.gov/Archives/edgar/data/949870/000156218020007076/primarydocument.xml
SAM,949870,C. James Koch,1008079,2020-12-03,2020-12-02,S,sale,9347,8630484.08,923.3427,0.1982,-10000,4705983,0,unknown,,22,0,Class A Common,D,4,0001562180-20-007040,,https://www.sec.gov/Archives/edgar/data/949870/000156218020007040/primarydocument.xml
SAM,949870,C. James Koch,1008079,2020-12-03,2020-12-02,S,sale,653,619013.59,947.9534,0.0139,-10000,4705983,0,unknown,,4,0,Class A Common,D,4,0001562180-20-007041,,https://www.sec.gov/Archives/edgar/data/949870/000156218020007041/primarydocument.xml
SAM,949870,C. James Koch,1008079,2020-12-02,2020-12-01,S,sale,10000,9397647.63,939.7648,0.2116,-10000,4715983,0,unknown,,20,0,Class A Common,D,4,0001562180-20-007021,,https://www.sec.gov/Archives/edgar/data/949870/000156218020007021/primarydocument.xml
SAM,949870,C. James Koch,1008079,2020-12-01,2020-11-30,S,sale,7834,7022482.51,896.4108,0.1655,-10000,4725983,0,unknown,,24,0,Class A Common,D,4,0001562180-20-006982,,https://www.sec.gov/Archives/edgar/data/949870/000156218020006982/primarydocument.xml
SAM,949870,C. James Koch,1008079,2020-12-01,2020-11-30,S,sale,2166,1984446.79,916.1804,0.0458,-10000,4725983,0,unknown,,5,0,Class A Common,D,4,0001562180-20-006983,,https://www.sec.gov/Archives/edgar/data/949870/000156218020006983/primarydocument.xml
SAM,949870,C. James Koch,1008079,2020-11-30,2020-11-27,S,exercise and sell,2500,2250025.00,900.0100,,0,4735983,0,unknown,M,1,0,Class A Common,D,4,0001562180-20-006943,,https://www.sec.gov/Archives/edgar/data/949870/000156218020006943/primarydocument.xml
SAM,949870,C. James Koch,1008079,2020-11-09,2020-11-06,S,sale,2000,2100500.00,1050.2500,,-3499,4605982,1,unknown,,5,0,Class A Common,I,4,0001562180-20-006594,,https://www.sec.gov/Archives/edgar/data/949870/000156218020006594/primarydocument.xml
SAM,949870,C. James Koch,1008079,2020-11-06,2020-11-06,S,sale,1500,1580052.06,1053.3680,,-3499,4605982,1,unknown,,4,0,Class A Common,I,4,0001562180-20-006578,,https://www.sec.gov/Archives/edgar/data/949870/000156218020006578/primarydocument.xml
SAM,949870,C. James Koch,1008079,2020-11-06,2020-11-05,S,sale,2000,2077543.64,1038.7718,,5500,4609481,7500,unknown,,6,0,Class A Common,I,4,0001562180-20-006576,,https://www.sec.gov/Archives/edgar/data/949870/000156218020006576/primarydocument.xml
SAM,949870,C. James Koch,1008079,2020-11-05,2020-11-04,S,sale,7500,7740344.03,1032.0459,,-23500,4603981,-7500,unknown,,20,0,Class A Common,I,4,0001562180-20-006563,,https://www.sec.gov/Archives/edgar/data/949870/000156218020006563/primarydocument.xml
SAM,949870,C. James Koch,1008079,2020-11-05,2020-11-04,S,sale,8500,8748262.47,1029.2073,,-23500,4603981,-7500,unknown,,11,0,Class A Common,I,4,0001562180-20-006564,,https://www.sec.gov/Archives/edgar/data/949870/000156218020006564/primarydocument.xml
SAM,949870,C. James Koch,1008079,2020-11-04,2020-11-03,S,sale,3000,3041001.51,1013.6672,0.0648,-3000,4627481,0,unknown,,11,0,Class A Common,I,4,0001562180-20-006542,,https://www.sec.gov/Archives/edgar/data/949870/000156218020006542/primarydocument.xml
SAM,949870,C. James Koch,1008079,2020-10-08,2020-10-07,S,sale,2660,2448530.00,920.5000,0.0574,-2660,4630481,0,unknown,,1,0,Class A Common,I,4,0001562180-20-006321,,https://www.sec.gov/Archives/edgar/data/949870/000156218020006321/primarydocument.xml
SAM,949870,C. James Koch,1008079,2020-09-24,2020-09-23,S,sale,600,557159.00,928.5983,0.0129,-600,4633141,0,unknown,,4,0,Class A Common,I,4,0001562180-20-006090,,https://www.sec.gov/Archives/edgar/data/949870/000156218020006090/primarydocument.xml
SAM,949870,C. James Koch,1008079,2020-09-23,2020-09-22,S,sale,3350,3016845.50,900.5509,0.0722,-3350,4633741,0,unknown,,7,0,Class A Common,I,4,0001562180-20-006082,,https://www.sec.gov/Archives/edgar/data/949870/000156218020006082/primarydocument.xml
SAM,949870,C. James Koch,1008079,2020-09-15,2020-09-14,S,sale,10000,8673348.45,867.3348,0.2152,-13490,4637091,0,unknown,,22,0,Class A Common,D,4,0001562180-20-005990,,https://www.sec.gov/Archives/edgar/data/949870/000156218020005990/primarydocument.xml
SAM,949870,C. James Koch,1008079,2020-09-15,2020-09-14,S,sale,3490,3031069.42,868.5013,0.0752,-13490,4637091,0,unknown,,11,0,Class A Common,I,4,0001562180-20-005991,,https://www.sec.gov/Archives/edgar/data/949870/000156218020005991/primarydocument.xml
SAM,949870,C. James Koch,1008079,2020-09-14,2020-09-11,S,sale,10000,8266763.70,826.6764,0.2146,-10000,4650581,0,unknown,,14,0,Class A Common,D,4,0001562180-20-005981,,https://www.sec.gov/Archives/edgar/data/949870/000156218020005981/primarydocument.xml
SAM,949870,C. James Koch,1008079,2020-09-11,2020-09-10,S,sale,7745,6407151.59,827.2630,0.1659,-13615,4660581,0,unknown,,21,0,Class A Common,D,4,0001562180-20-005965,,https://www.sec.gov/Archives/edgar/data/949870/000156218020005965/primarydocument.xml
SAM,949870,C. James Koch,1008079,2020-09-11,2020-09-10,S,sale,5870,4906157.73,835.8020,0.1258,-13615,4660581,0,unknown,,11,0,Class A Common,DI,4,0001562180-20-005966,,https://www.sec.gov/Archives/edgar/data/949870/000156218020005966/primarydocument.xml
SAM,949870,C. James Koch,1008079,2020-09-10,2020-09-09,S,sale,12750,10213337.66,801.0461,,-56655,4674196,-43905,unknown,,15,0,Class A Common,DI,4,0001562180-20-005943,,https://www.sec.gov/Archives/edgar/data/949870/000156218020005943/primarydocument.xml
SAM,949870,C. James Koch,1008079,2020-09-09,2020-09-08,S,sale,10000,7891067.96,789.1068,,32905,4730851,43905,unknown,,20,0,Class A Common,D,4,0001562180-20-005934,,https://www.sec.gov/Archives/edgar/data/949870/000156218020005934/primarydocument.xml
SAM,949870,C. James Koch,1008079,2020-09-09,2020-09-08,S,sale,1000,800430.00,800.4300,,32905,4730851,43905,unknown,,3,0,Class A Common,I,4,0001562180-20-005935,,https://www.sec.gov/Archives/edgar/data/949870/000156218020005935/primarydocument.xml
SAM,949870,C. James Koch,1008079,2020-09-08,2020-09-04,S,sale,6090,4739036.69,778.1669,0.1295,-10000,4697946,0,unknown,,24,0,Class A Common,D,4,0001562180-20-005916,,https://www.sec.gov/Archives/edgar/data/949870/000156218020005916/primarydocument.xml
SAM,949870,C. James Koch,1008079,2020-09-08,2020-09-04,S,sale,3910,3149115.87,805.4005,0.0832,-10000,4697946,0,unknown,,11,0,Class A Common,D,4,0001562180-20-005917,,https://www.sec.gov/Archives/edgar/data/949870/000156218020005917/primarydocument.xml
SAM,949870,C. James Koch,1008079,2020-09-04,2020-09-03,S,sale,9348,7679136.28,821.4737,0.1982,-10000,4707946,0,unknown,,18,0,Class A Common,D,4,0001562180-20-005888,,https://www.sec.gov/Archives/edgar/data/949870/000156218020005888/primarydocument.xml
SAM,949870,C. James Koch,1008079,2020-09-04,2020-09-03,S,sale,652,554457.88,850.3955,0.0138,-10000,4707946,0,unknown,,5,0,Class A Common,D,4,0001562180-20-005889,,https://www.sec.gov/Archives/edgar/data/949870/000156218020005889/primarydocument.xml
SAM,949870,C. James Koch,1008079,2020-09-03,2020-09-02,S,sale,8545,7376138.70,863.2111,0.1808,-10000,4717946,0,unknown,,18,0,Class A Common,D,4,0001562180-20-005783,,https://www.sec.gov/Archives/edgar/data/949870/000156218020005783/primarydocument.xml
SAM,949870,C. James Koch,1008079,2020-09-03,2020-09-02,S,sale,1455,1281184.10,880.5389,0.0308,-10000,4717946,0,unknown,,4,0,Class A Common,D,4,0001562180-20-005784,,https://www.sec.gov/Archives/edgar/data/949870/000156218020005784/primarydocument.xml
SAM,949870,C. James Koch,1008079,2020-09-02,2020-09-01,S,sale,10000,8837989.13,883.7989,0.2111,-10000,4727946,0,unknown,,8,0,Class A Common,D,4,0001562180-20-005762,,https://www.sec.gov/Archives/edgar/data/949870/000156218020005762/primarydocument.xml
SAM,949870,C. James Koch,1008079,2020-09-01,2020-08-31,S,sale,10000,8793600.59,879.3601,0.2106,-10000,4737946,0,unknown,,16,0,Class A Common,D,4,0001562180-20-005721,,https://www.sec.gov/Archives/edgar/data/949870/000156218020005721/primarydocument.xml
SAM,949870,C. James Koch,1008079,2020-07-07,2020-07-07,S,sale,240,136800.00,570.0000,0.0050,-240,4762256,0,unknown,,1,0,Class A Common,I,4,0001562180-20-005047,,https://www.sec.gov/Archives/edgar/data/949870/000156218020005047/primarydocument.xml
SAM,949870,C. James Koch,1008079,2020-06-30,2020-06-26,S,sale,1116,632715.00,566.9489,0.0234,-1116,4762496,0,unknown,,2,0,Class A Common,I,4,0001008079-20-000001,,https://www.sec.gov/Archives/edgar/data/949870/000100807920000001/primary_doc.xml
SAM,949870,C. James Koch,1008079,2020-06-17,2020-06-16,S,sale,687,384864.27,560.2100,0.0144,-687,4763612,0,unknown,,1,0,Class A Common,I,4,0001562180-20-004526,,https://www.sec.gov/Archives/edgar/data/949870/000156218020004526/primarydocument.xml
SAM,949870,C. James Koch,1008079,2020-06-16,2020-06-15,S,sale,2810,1539045.19,547.7029,0.0589,-2810,4764299,0,unknown,,6,0,Class A Common,I,4,0001562180-20-004492,,https://www.sec.gov/Archives/edgar/data/949870/000156218020004492/primarydocument.xml
SAM,949870,C. James Koch,1008079,2020-06-15,2020-06-12,S,sale,10000,5103903.20,510.3903,0.2093,-10000,4767109,0,unknown,,16,0,Class A Common,D,4,0001562180-20-004474,,https://www.sec.gov/Archives/edgar/data/949870/000156218020004474/primarydocument.xml
SAM,949870,C. James Koch,1008079,2020-06-12,2020-06-11,S,sale,10000,5177724.83,517.7725,0.2089,-10000,4777109,0,unknown,,17,0,Class A Common,D,4,0001562180-20-004444,,https://www.sec.gov/Archives/edgar/data/949870/000156218020004444/primarydocument.xml
SAM,949870,C. James Koch,1008079,2020-06-11,2020-06-10,S,sale,10000,5276805.81,527.6806,0.2085,-20000,4787109,0,unknown,,16,0,Class A Common,D,4,0001562180-20-004421,,https://www.sec.gov/Archives/edgar/data/949870/000156218020004421/primarydocument.xml
SAM,949870,C. James Koch,1008079,2020-06-11,2020-06-10,S,sale,10000,5276479.29,527.6479,0.2085,-20000,4787109,0,unknown,,15,0,Class A Common,D,4,0001562180-20-004422,,https://www.sec.gov/Archives/edgar/data/949870/000156218020004422/primarydocument.xml
SAM,949870,C. James Koch,1008079,2020-06-10,2020-06-09,S,sale,20000,10664309.73,533.2155,0.4143,-32818,4807109,0,unknown,,18,0,Class A Common,D,4,0001562180-20-004405,,https://www.sec.gov/Archives/edgar/data/949870/000156218020004405/primarydocument.xml
SAM,949870,C. James Koch,1008079,2020-06-10,2020-06-09,S,sale,12818,6827047.42,532.6141,0.2659,-32818,4807109,0,unknown,,18,0,Class A Common,DI,4,0001562180-20-004406,,https://www.sec.gov/Archives/edgar/data/949870/000156218020004406/primarydocument.xml
SAM,949870,C. James Koch,1008079,2020-06-09,2020-06-08,S,sale,10000,5078278.58,507.8279,0.2062,-31602,4839927,0,unknown,,7,0,Class A Common,D,4,0001562180-20-004348,,https://www.sec.gov/Archives/edgar/data/949870/000156218020004348/primarydocument.xml
SAM,949870,C. James Koch,1008079,2020-06-09,2020-06-08,S,sale,10000,5137123.70,513.7124,0.2062,-31602,4839927,0,unknown,,12,0,Class A Common,D,4,0001562180-20-004349,,https://www.sec.gov/Archives/edgar/data/949870/000156218020004349/primarydocument.xml
SAM,949870,C. James Koch,1008079,2020-06-09,2020-06-08,S,sale,10000,5137421.71,513.7422,0.2062,-31602,4839927,0,unknown,,13,0,Class A Common,D,4,0001562180-20-004350,,https://www.sec.gov/Archives/edgar/data/949870/000156218020004350/primarydocument.xml
SAM,949870,C. James Koch,1008079,2020-06-09,2020-06-08,S,sale,1602,823251.64,513.8899,0.0331,-31602,4839927,0,unknown,,5,0,Class A Common,I,4,0001562180-20-004351,,https://www.sec.gov/Archives/edgar/data/949870/000156218020004351/primarydocument.xml
SAM,949870,C. James Koch,1008079,2020-05-11,2020-05-08,S,sale,2000,967680.00,483.8400,,213343,4871529,343,unknown,C,1,0,Class A Common,I,4,0001562180-20-003511,,https://www.sec.gov/Archives/edgar/data/949870/000156218020003511/primarydocument.xml
SAM,949870,C. James Koch,1008079,2020-05-08,2020-05-01,S,sale,11000,5107300.00,464.3000,,-11343,4658186,-343,unknown,,1,0,Class A Common,I,4,0001562180-20-003480,,https://www.sec.gov/Archives/edgar/data/949870/000156218020003480/primarydocument.xml
SAM,949870,C. James Koch,1008079,2020-04-30,2020-04-29,S,sale,10000,4664306.55,466.4307,0.2137,-10000,4669529,0,unknown,,15,0,Class A Common,D,4,0001562180-20-003216,,https://www.sec.gov/Archives/edgar/data/949870/000156218020003216/primarydocument.xml
SAM,949870,C. James Koch,1008079,2020-04-29,2020-04-28,S,sale,20000,9182233.96,459.1117,0.4256,-20000,4679529,0,unknown,,17,0,Class A Common,D,4,0001562180-20-003203,,https://www.sec.gov/Archives/edgar/data/949870/000156218020003203/primarydocument.xml
SAM,949870,C. James Koch,1008079,2020-04-28,2020-04-27,S,sale,10000,4540485.86,454.0486,0.2123,-20000,4699529,0,unknown,,20,0,Class A Common,D,4,0001562180-20-003189,,https://www.sec.gov/Archives/edgar/data/949870/000156218020003189/primarydocument.xml
SAM,949870,C. James Koch,1008079,2020-04-28,2020-04-27,S,sale,10000,4541321.25,454.1321,0.2123,-20000,4699529,0,unknown,,21,0,Class A Common,D,4,0001562180-20-003190,,https://www.sec.gov/Archives/edgar/data/949870/000156218020003190/primarydocument.xml
SAM,949870,C. James Koch,1008079,2020-04-27,2020-04-24,S,sale,20000,8662822.95,433.1411,0.4220,-20000,4719529,0,unknown,,18,0,Class A Common,D,4,0001562180-20-003174,,https://www.sec.gov/Archives/edgar/data/949870/000156218020003174/primarydocument.xml
SAM,949870,C. James Koch,1008079,2020-04-24,2020-04-23,S,sale,19300,8244643.00,427.1836,0.4056,-19300,4739529,0,unknown,,14,0,Class A Common,D,4,0001562180-20-003129,,https://www.sec.gov/Archives/edgar/data/949870/000156218020003129/primarydocument.xml
SAM,949870,C. James Koch,1008079,2020-04-23,2020-04-22,S,sale,4218,1798493.68,426.3854,0.0886,-4218,4758829,0,unknown,,10,0,Class A Common,D,4,0001562180-20-003104,,https://www.sec.gov/Archives/edgar/data/949870/000156218020003104/primarydocument.xml
SAM,949870,C. James Koch,1008079,2020-04-22,2020-04-21,S,sale,1600,673272.00,420.7950,0.0336,-1600,4763047,0,unknown,,2,0,Class A Common,D,4,0001562180-20-003074,,https://www.sec.gov/Archives/edgar/data/949870/000156218020003074/primarydocument.xml
SAM,949870,C. James Koch,1008079,2020-04-21,2020-04-20,S,sale,300,126147.00,420.4900,0.0063,-300,4764647,0,unknown,,1,0,Class A Common,D,4,0001562180-20-003070,,https://www.sec.gov/Archives/edgar/data/949870/000156218020003070/primarydocument.xml
SAM,949870,C. James Koch,1008079,2020-04-17,2020-04-17,S,sale,100,42200.00,422.0000,,-44348,4764947,-44248,unknown,,1,0,Class A Common,D,4,0001562180-20-003042,,https://www.sec.gov/Archives/edgar/data/949870/000156218020003042/primarydocument.xml
SAM,949870,C. James Koch,1008079,2020-04-17,2020-04-16,S,sale,1500,637086.00,424.7240,0.0312,-1500,4809295,0,unknown,,6,0,Class A Common,D,4,0001562180-20-003037,,https://www.sec.gov/Archives/edgar/data/949870/000156218020003037/primarydocument.xml
SAM,949870,C. James Koch,1008079,2020-04-16,2020-04-15,S,sale,2982,1255335.47,420.9710,0.0619,-2982,4810795,0,unknown,,4,0,Class A Common,D,4,0001562180-20-003032,,https://www.sec.gov/Archives/edgar/data/949870/000156218020003032/primarydocument.xml
SAM,949870,C. James Koch,1008079,2020-03-02,2020-03-02,S,sale,4000,1443933.56,360.9834,0.0857,-4000,4663777,,unknown,,2,0,Class A Common,I,4,0001562180-20-001875,,https://www.sec.gov/Archives/edgar/data/949870/000156218020001875/primarydocument.xml
SAM,949870,C. James Koch,1008079,2020-02-21,2020-02-20,S,sale,3170,1315613.40,415.0200,0.0679,-3170,4667777,0,unknown,,1,0,Class A Common,D,4,0001562180-20-001441,,https://www.sec.gov/Archives/edgar/data/949870/000156218020001441/primarydocument.xml
SAM,949870,C. James Koch,1008079,2020-02-19,2020-02-19,S,sale,10000,4205037.84,420.5038,0.2136,-10000,4670947,0,unknown,,9,0,Class A Common,D,4,0001562180-20-001358,,https://www.sec.gov/Archives/edgar/data/949870/000156218020001358/primarydocument.xml
SAM,949870,C. James Koch,1008079,2020-02-19,2020-02-18,S,sale,10000,4153299.38,415.3299,0.2132,-10000,4680947,0,unknown,,2,0,Class A Common,D,4,0001562180-20-001322,,https://www.sec.gov/Archives/edgar/data/949870/000156218020001322/primarydocument.xml
SAM,949870,C. James Koch,1008079,2020-02-12,2020-02-12,S,sale,10000,4153300.00,415.3300,0.2127,-10000,4690947,0,unknown,,1,0,Class A Common,D,4,0001562180-20-001093,,https://www.sec.gov/Archives/edgar/data/949870/000156218020001093/primarydocument.xml
SAM,949870,C. James Koch,1008079,2020-01-22,2020-01-21,S,sale,20000,7661346.50,383.0673,0.4236,-20000,4700947,0,unknown,,2,0,Class A Common,D,4,0001562180-20-000467,,https://www.sec.gov/Archives/edgar/data/949870/000156218020000467/primarydocument.xml
SAM,949870,C. James Koch,1008079,2020-01-16,2020-01-16,S,sale,7431,2841736.50,382.4164,0.1572,-7431,4720947,0,unknown,,5,0,Class A Common,D,4,0001562180-20-000390,,https://www.sec.gov/Archives/edgar/data/949870/000156218020000390/primarydocument.xml
SAM,949870,C. James Koch,1008079,2020-01-02,2019-12-31,S,sale,2569,976348.45,380.0500,0.0543,-2569,4728424,0,unknown,,1,0,Class A Common,D,4,0001562180-20-000015,,https://www.sec.gov/Archives/edgar/data/949870/000156218020000015/primarydocument.xml
SAM,949870,C. James Koch,1008079,2019-12-30,2019-12-30,S,sale,4495,1708189.90,380.0200,0.0949,-4495,4730993,0,unknown,,1,0,Class A Common,D,4,0001562180-19-006290,,https://www.sec.gov/Archives/edgar/data/949870/000156218019006290/primarydocument.xml
SAM,949870,C. James Koch,1008079,2019-12-30,2019-12-27,S,sale,5505,2094385.35,380.4515,0.1161,-31840,4735488,,unknown,G,2,0,Class A Common,D,4,0001562180-19-006284,,https://www.sec.gov/Archives/edgar/data/949870/000156218019006284/primarydocument.xml
SAM,949870,C. James Koch,1008079,2019-12-30,2019-12-26,S,sale,10000,3800700.00,380.0700,0.2107,-31840,4735488,0,unknown,G,1,0,Class A Common,D,4,0001562180-19-006284,,https://www.sec.gov/Archives/edgar/data/949870/000156218019006284/primarydocument.xml
SAM,949870,C. James Koch,1008079,2019-12-20,2019-12-20,S,sale,10000,3684845.03,368.4845,0.2093,-10000,4767328,0,unknown,,5,0,Class A Common,D,4,0001562180-19-006207,,https://www.sec.gov/Archives/edgar/data/949870/000156218019006207/primarydocument.xml
SAM,949870,C. James Koch,1008079,2019-12-19,2019-12-19,S,sale,10000,3651637.98,365.1638,0.2089,-10000,4777328,0,unknown,,5,0,Class A Common,D,4,0001562180-19-006190,,https://www.sec.gov/Archives/edgar/data/949870/000156218019006190/primarydocument.xml
SAM,949870,C. James Koch,1008079,2019-12-18,2019-12-18,S,sale,10000,3677675.61,367.7676,0.2084,-10000,4787328,0,unknown,,7,0,Class A Common,D,4,0001562180-19-006174,,https://www.sec.gov/Archives/edgar/data/949870/000156218019006174/primarydocument.xml
SAM,949870,C. James Koch,1008079,2019-12-17,2019-12-17,S,sale,10000,3748308.00,374.8308,0.2080,-10000,4797328,0,unknown,,2,0,Class A Common,D,4,0001562180-19-006153,,https://www.sec.gov/Archives/edgar/data/949870/000156218019006153/primarydocument.xml
SAM,949870,C. James Koch,1008079,2019-12-16,2019-12-16,S,sale,10000,3713200.00,371.3200,0.2076,-10000,4807328,0,unknown,,1,0,Class A Common,D,4,0001562180-19-006093,,https://www.sec.gov/Archives/edgar/data/949870/000156218019006093/primarydocument.xml
SAM,949870,C. James Koch,1008079,2019-12-12,2019-12-12,S,exercise and sell,500,187395.00,374.7900,,0,4672328,0,unknown,M,1,0,Class A Common,D,4,0001562180-19-006041,,https://www.sec.gov/Archives/edgar/data/949870/000156218019006041/primarydocument.xml
SAM,949870,C. James Koch,1008079,2019-12-11,2019-12-11,S,exercise and sell,3000,1112736.13,370.9120,,0,4672328,0,unknown,M,4,0,Class A Common,D,4,0001562180-19-006007,,https://www.sec.gov/Archives/edgar/data/949870/000156218019006007/primarydocument.xml
SAM,949870,C. James Koch,1008079,2019-12-10,2019-12-10,S,exercise and sell,3000,1124119.14,374.7064,,0,4672328,0,unknown,M,3,0,Class A Common,D,4,0001562180-19-005962,,https://www.sec.gov/Archives/edgar/data/949870/000156218019005962/primarydocument.xml
SAM,949870,C. James Koch,1008079,2019-12-09,2019-12-09,S,exercise and sell,3000,1138682.75,379.5609,,0,4672328,0,unknown,M,4,0,Class A Common,D,4,0001562180-19-005942,,https://www.sec.gov/Archives/edgar/data/949870/000156218019005942/primarydocument.xml
SAM,949870,C. James Koch,1008079,2019-10-22,2019-10-22,S,sale,7000,2800000.00,400.0000,0.1496,-7000,4672328,0,unknown,,1,0,Class A Common,D,4,0001562180-19-005209,,https://www.sec.gov/Archives/edgar/data/949870/000156218019005209/primarydocument.xml
SAM,949870,C. James Koch,1008079,2019-10-21,2019-10-18,S,sale,7000,2801610.00,400.2300,,-7000,4679328,7000,unknown,,1,0,Class A Common,D,4,0001562180-19-005198,,https://www.sec.gov/Archives/edgar/data/949870/000156218019005198/primarydocument.xml
SAM,949870,C. James Koch,1008079,2019-10-21,2019-10-18,S,sale,7000,2801610.00,400.2300,,-7000,4679328,7000,unknown,,1,0,Class A Common,D,4,0001562180-19-005199,,https://www.sec.gov/Archives/edgar/data/949870/000156218019005199/primarydocument.xml
SAM,949870,C. James Koch,1008079,2019-10-17,2019-10-16,S,sale,4481,1792400.00,400.0000,0.0955,-4481,4686328,0,unknown,,1,0,Class A Common,D,4,0001562180-19-005175,,https://www.sec.gov/Archives/edgar/data/949870/000156218019005175/primarydocument.xml
SAM,949870,C. James Koch,1008079,2019-10-15,2019-10-14,S,sale,2519,1007600.00,400.0000,0.0537,-2519,4690809,0,unknown,,1,0,Class A Common,D,4,0001562180-19-005158,,https://www.sec.gov/Archives/edgar/data/949870/000156218019005158/primarydocument.xml
SAM,949870,C. James Koch,1008079,2019-10-11,2019-10-11,S,sale,7000,2800420.00,400.0600,0.1489,-7000,4693328,0,unknown,,1,0,Class A Common,D,4,0001562180-19-005147,,https://www.sec.gov/Archives/edgar/data/949870/000156218019005147/primarydocument.xml
SAM,949870,C. James Koch,1008079,2019-10-08,2019-10-07,S,sale,1000,383451.08,383.4511,0.0213,-1000,4700328,0,unknown,,2,0,Class A Common,D,4,0001562180-19-005123,,https://www.sec.gov/Archives/edgar/data/949870/000156218019005123/primarydocument.xml
SAM,949870,C. James Koch,1008079,2019-10-04,2019-10-04,S,sale,7000,2628850.00,375.5500,0.1487,-7000,4701328,0,unknown,,1,0,Class A Common,D,4,0001562180-19-005119,,https://www.sec.gov/Archives/edgar/data/949870/000156218019005119/primarydocument.xml
SAM,949870,C. James Koch,1008079,2019-09-17,2019-09-16,S,sale,7000,2717052.20,388.1503,0.1485,-7000,4708328,0,unknown,,3,0,Class A Common,D,4,0001562180-19-004831,,https://www.sec.gov/Archives/edgar/data/949870/000156218019004831/primarydocument.xml
SAM,949870,C. James Koch,1008079,2019-09-16,2019-09-13,S,sale,7000,2723815.40,389.1165,0.1482,-7000,4715328,0,unknown,,4,0,Class A Common,D,4,0001562180-19-004817,,https://www.sec.gov/Archives/edgar/data/949870/000156218019004817/primarydocument.xml
SAM,949870,C. James Koch,1008079,2019-09-12,2019-09-12,S,sale,7000,2703933.49,386.2762,0.1480,-7000,4722328,0,unknown,,5,0,Class A Common,D,4,0001562180-19-004762,,https://www.sec.gov/Archives/edgar/data/949870/000156218019004762/primarydocument.xml
SAM,949870,C. James Koch,1008079,2019-09-11,2019-09-11,S,sale,7000,2649610.16,378.5157,0.1478,-7000,4729328,0,unknown,,2,0,Class A Common,D,4,0001562180-19-004735,,https://www.sec.gov/Archives/edgar/data/949870/000156218019004735/primarydocument.xml
SAM,949870,C. James Koch,1008079,2019-09-11,2019-09-10,S,sale,7000,2729220.78,389.8887,0.1476,-7000,4736328,0,unknown,,7,0,Class A Common,D,4,0001562180-19-004734,,https://www.sec.gov/Archives/edgar/data/949870/000156218019004734/primarydocument.xml
SAM,949870,C. James Koch,1008079,2019-09-10,2019-09-09,S,sale,14000,5596974.53,399.7839,0.2943,-14000,4743328,0,unknown,,9,0,Class A Common,D,4,0001562180-19-004714,,https://www.sec.gov/Archives/edgar/data/949870/000156218019004714/primarydocument.xml
SAM,949870,C. James Koch,1008079,2018-12-17,2018-12-14,S,sale,2909,800004.09,275.0100,0.0624,-2909,4659178,0,unknown,,1,0,Class A Common,D,4,0001562180-18-004973,,https://www.sec.gov/Archives/edgar/data/949870/000156218018004973/primarydocument.xml
SAM,949870,C. James Koch,1008079,2018-12-12,2018-12-12,S,sale,3566,980650.00,275.0000,0.0764,-3566,4662087,0,unknown,,1,0,Class A Common,D,4,0001562180-18-004929,,https://www.sec.gov/Archives/edgar/data/949870/000156218018004929/primarydocument.xml
SAM,949870,C. James Koch,1008079,2018-12-11,2018-12-11,S,sale,183,50325.00,275.0000,0.0039,-183,4665653,0,unknown,,1,0,Class A Common,D,4,0001562180-18-004907,,https://www.sec.gov/Archives/edgar/data/949870/000156218018004907/primarydocument.xml
SAM,949870,C. James Koch,1008079,2018-12-07,2018-12-06,S,sale,525,144375.00,275.0000,0.0113,-525,4665836,0,unknown,,1,0,Class A Common,D,4,0001562180-18-004885,,https://www.sec.gov/Archives/edgar/data/949870/000156218018004885/primarydocument.xml
SAM,949870,C. James Koch,1008079,2018-12-06,2018-12-04,S,sale,5726,1590646.92,277.7937,0.1226,-5726,4666361,0,unknown,,5,0,Class A Common,D,4,0001562180-18-004824,,https://www.sec.gov/Archives/edgar/data/949870/000156218018004824/primarydocument.xml
SAM,949870,C. James Koch,1008079,2018-12-04,2018-12-03,S,sale,683,187825.00,275.0000,,-29,4672087,654,unknown,,1,0,Class A Common,D,4,0001562180-18-004808,,https://www.sec.gov/Archives/edgar/data/949870/000156218018004808/primarydocument.xml
SAM,949870,C. James Koch,1008079,2018-12-03,2018-11-30,S,sale,9317,2595237.54,278.5486,,34931,4672116,44248,unknown,,7,0,Class A Common,D,4,0001562180-18-004773,,https://www.sec.gov/Archives/edgar/data/949870/000156218018004773/primarydocument.xml
SAM,949870,C. James Koch,1008079,2018-09-21,2018-09-21,S,sale,5000,1486448.33,297.2897,0.1100,-5000,4542305,0,unknown,,3,0,Class A Common,D,4,0001562180-18-003996,,https://www.sec.gov/Archives/edgar/data/949870/000156218018003996/primarydocument.xml
SAM,949870,C. James Koch,1008079,2018-09-20,2018-09-20,S,sale,5000,1453320.68,290.6641,,-4909,4547305,91,unknown,,7,0,Class A Common,D,4,0001562180-18-003992,,https://www.sec.gov/Archives/edgar/data/949870/000156218018003992/primarydocument.xml
SAM,949870,C. James Koch,1008079,2018-09-19,2018-09-19,S,sale,5000,1554392.71,310.8785,,-5091,4552214,-91,unknown,,9,0,Class A Common,D,4,0001562180-18-003985,,https://www.sec.gov/Archives/edgar/data/949870/000156218018003985/primarydocument.xml
SAM,949870,C. James Koch,1008079,2018-09-18,2018-09-18,S,sale,5000,1582046.00,316.4092,0.1096,-5000,4557305,0,unknown,,3,0,Class A Common,D,4,0001562180-18-003962,,https://www.sec.gov/Archives/edgar/data/949870/000156218018003962/primarydocument.xml
SAM,949870,C. James Koch,1008079,2018-09-17,2018-09-17,S,sale,5000,1581956.48,316.3913,0.1095,-5000,4562305,0,unknown,,4,0,Class A Common,D,4,0001562180-18-003948,,https://www.sec.gov/Archives/edgar/data/949870/000156218018003948/primarydocument.xml
SAM,949870,C. James Koch,1008079,2018-09-14,2018-09-14,S,sale,10000,3138255.90,313.8256,0.2185,-10000,4567305,0,unknown,,3,0,Class A Common,D,4,0001562180-18-003935,,https://www.sec.gov/Archives/edgar/data/949870/000156218018003935/primarydocument.xml
SAM,949870,C. James Koch,1008079,2018-09-13,2018-09-13,S,sale,10000,3186781.81,318.6782,,-10654,4577305,-654,unknown,,5,0,Class A Common,D,4,0001562180-18-003929,,https://www.sec.gov/Archives/edgar/data/949870/000156218018003929/primarydocument.xml
SAM,949870,C. James Koch,1008079,2017-04-26,2017-04-24,S,sale,7500,1057402.24,140.9870,0.1657,-7500,4517933,0,unknown,,3,0,Class A Common,D,4,0001140361-17-016795,,https://www.sec.gov/Archives/edgar/data/949870/000114036117016795/doc1.xml
SAM,949870,C. James Koch,1008079,2017-04-25,2017-04-21,S,sale,7500,1043789.84,139.1720,0.1655,-7500,4525433,0,unknown,,3,0,Class A Common,D,4,0001140361-17-016674,,https://www.sec.gov/Archives/edgar/data/949870/000114036117016674/doc1.xml
SAM,949870,C. James Koch,1008079,2017-04-21,2017-04-20,S,sale,7500,1041865.61,138.9154,0.1652,-7500,4532933,0,unknown,,4,0,Class A Common,D,4,0001140361-17-016444,,https://www.sec.gov/Archives/edgar/data/949870/000114036117016444/doc1.xml
SAM,949870,C. James Koch,1008079,2017-04-20,2017-04-19,S,sale,7500,1050944.00,140.1259,0.1649,-7500,4540433,0,unknown,,3,0,Class A Common,D,4,0001140361-17-016282,,https://www.sec.gov/Archives/edgar/data/949870/000114036117016282/doc1.xml
SAM,949870,C. James Koch,1008079,2017-04-19,2017-04-18,S,sale,7500,1048071.68,139.7429,0.1646,-7500,4547933,0,unknown,,3,0,Class A Common,D,4,0001140361-17-016185,,https://www.sec.gov/Archives/edgar/data/949870/000114036117016185/doc1.xml
SAM,949870,C. James Koch,1008079,2017-04-18,2017-04-17,S,sale,7500,1043129.28,139.0839,0.1644,-7500,4555433,0,unknown,,2,0,Class A Common,D,4,0001140361-17-016102,,https://www.sec.gov/Archives/edgar/data/949870/000114036117016102/doc1.xml
SAM,949870,C. James Koch,1008079,2017-04-14,2017-04-13,S,sale,7500,1039912.35,138.6550,0.1641,-7500,4562933,0,unknown,,4,0,Class A Common,D,4,0001140361-17-015849,,https://www.sec.gov/Archives/edgar/data/949870/000114036117015849/doc1.xml
SAM,949870,C. James Koch,1008079,2017-04-14,2017-04-12,S,sale,7500,1045802.67,139.4404,0.1638,-7500,4570433,0,unknown,,4,0,Class A Common,D,4,0001140361-17-015848,,https://www.sec.gov/Archives/edgar/data/949870/000114036117015848/doc1.xml
SAM,949870,C. James Koch,1008079,2017-04-12,2017-04-11,S,sale,7500,1055360.54,140.7147,0.1636,-7500,4577933,0,unknown,,3,0,Class A Common,D,4,0001140361-17-015669,,https://www.sec.gov/Archives/edgar/data/949870/000114036117015669/doc1.xml
SAM,949870,C. James Koch,1008079,2017-04-11,2017-04-10,S,sale,7500,1064341.85,141.9122,0.1633,-7500,4585433,0,unknown,,4,0,Class A Common,D,4,0001140361-17-015552,,https://www.sec.gov/Archives/edgar/data/949870/000114036117015552/doc1.xml
SAM,949870,C. James Koch,1008079,2017-03-13,2017-03-10,S,sale,12500,1854985.38,148.3988,0.2714,-12500,4592933,0,unknown,,11,0,Class A Common,DI,4,0001140361-17-011753,,https://www.sec.gov/Archives/edgar/data/949870/000114036117011753/doc1.xml
SAM,949870,C. James Koch,1008079,2017-03-10,2017-03-09,S,sale,13690,2077243.68,151.7344,0.2964,86310,4605433,0,unknown,C,6,0,Class A Common,DI,4,0001140361-17-011581,,https://www.sec.gov/Archives/edgar/data/949870/000114036117011581/doc1.xml
SAM,949870,C. James Koch,1008079,2017-03-09,2017-03-08,S,sale,12810,1974884.27,154.1674,0.2827,-12810,4519123,0,unknown,,4,0,Class A Common,DI,4,0001140361-17-011207,,https://www.sec.gov/Archives/edgar/data/949870/000114036117011207/doc1.xml
SAM,949870,C. James Koch,1008079,2017-03-08,2017-03-07,S,sale,6500,1006720.00,154.8800,0.1432,-6500,4531933,0,unknown,,1,0,Class A Common,D,4,0001140361-17-011006,,https://www.sec.gov/Archives/edgar/data/949870/000114036117011006/doc1.xml
SAM,949870,C. James Koch,1008079,2016-12-19,2016-12-16,S,sale,10000,1683896.06,168.3896,0.2199,-10000,4538433,0,unknown,,6,0,Class A Common,D,4,0001140361-16-090155,,https://www.sec.gov/Archives/edgar/data/949870/000114036116090155/doc1.xml
SAM,949870,C. James Koch,1008079,2016-12-16,2016-12-15,S,sale,15000,2529836.30,168.6558,0.3287,-15000,4548433,0,unknown,,3,0,Class A Common,D,4,0001140361-16-090002,,https://www.sec.gov/Archives/edgar/data/949870/000114036116090002/doc1.xml
SAM,949870,C. James Koch,1008079,2016-12-15,2016-12-14,S,sale,15000,2548646.60,169.9098,0.3276,-15000,4563433,0,unknown,,5,0,Class A Common,D,4,0001140361-16-089863,,https://www.sec.gov/Archives/edgar/data/949870/000114036116089863/doc1.xml
SAM,949870,C. James Koch,1008079,2016-12-14,2016-12-13,S,sale,15000,2562652.73,170.8435,0.3266,-15000,4578433,0,unknown,,4,0,Class A Common,D,4,0001140361-16-089665,,https://www.sec.gov/Archives/edgar/data/949870/000114036116089665/doc1.xml
SAM,949870,C. James Koch,1008079,2016-12-13,2016-12-12,S,sale,15000,2564800.82,170.9867,0.3255,-15000,4593433,0,unknown,,6,0,Class A Common,D,4,0001140361-16-089534,,https://www.sec.gov/Archives/edgar/data/949870/000114036116089534/doc1.xml
SAM,949870,C. James Koch,1008079,2016-12-12,2016-12-09,S,sale,15000,2612593.65,174.1729,0.3244,-15000,4608433,0,unknown,,4,0,Class A Common,D,4,0001140361-16-089373,,https://www.sec.gov/Archives/edgar/data/949870/000114036116089373/doc1.xml
SAM,949870,C. James Koch,1008079,2016-12-09,2016-12-08,S,sale,15000,2608889.70,173.9260,0.3234,-15000,4623433,0,unknown,,5,0,Class A Common,D,4,0001140361-16-089199,,https://www.sec.gov/Archives/edgar/data/949870/000114036116089199/doc1.xml
SAM,949870,C. James Koch,1008079,2016-12-08,2016-12-07,S,sale,15000,2612190.00,174.1460,0.3223,-22500,4638433,0,unknown,G,4,0,Class A Common,D,4,0001140361-16-089103,,https://www.sec.gov/Archives/edgar/data/949870/000114036116089103/doc1.xml
SAM,949870,C. James Koch,1008079,2016-11-04,2016-11-04,S,sale,432,68217.12,157.9100,0.0094,124568,4615933,0,unknown,,1,0,Class A Common,D,4,0001140361-16-084927,,https://www.sec.gov/Archives/edgar/data/949870/000114036116084927/doc1.xml
SAM,949870,C. James Koch,1008079,2016-10-31,2016-10-28,S,exercise and sell,5000,788062.99,157.6126,,0,4491365,0,unknown,M,4,0,Class A Common,D,4,0001140361-16-084140,,https://www.sec.gov/Archives/edgar/data/949870/000114036116084140/doc1.xml
SAM,949870,C. James Koch,1008079,2016-10-28,2016-10-27,S,sale,7000,1089724.00,155.6749,0.1556,,4491365,0,unknown,M,2,0,Class A Common,D,4,0001140361-16-083891,,https://www.sec.gov/Archives/edgar/data/949870/000114036116083891/doc1.xml
SAM,949870,C. James Koch,1008079,2015-12-29,2015-12-28,S,sale,5000,1017620.00,203.5240,,,,,unknown,,2,0,Class A Common,D,4,0001140361-15-045761,,https://www.sec.gov/Archives/edgar/data/949870/000114036115045761/doc1.xml
SAM,949870,C. James Koch,1008079,2015-12-28,2015-12-24,S,sale,5000,1020105.00,204.0210,,,,,unknown,,2,0,Class A Common,D,4,0001140361-15-045615,,https://www.sec.gov/Archives/edgar/data/949870/000114036115045615/doc1.xml
SAM,949870,C. James Koch,1008079,2015-12-23,2015-12-23,S,sale,5000,1022300.00,204.4600,,,,,unknown,,3,0,Class A Common,D,4,0001140361-15-045528,,https://www.sec.gov/Archives/edgar/data/949870/000114036115045528/doc1.xml
SAM,949870,C. James Koch,1008079,2015-12-23,2015-12-22,S,sale,5000,1025750.00,205.1500,,,,,unknown,,2,0,Class A Common,D,4,0001140361-15-045432,,https://www.sec.gov/Archives/edgar/data/949870/000114036115045432/doc1.xml
SAM,949870,C. James Koch,1008079,2015-12-22,2015-12-21,S,sale,5000,1025665.00,205.1330,,,,,unknown,,3,0,Class A Common,D,4,0001140361-15-045282,,https://www.sec.gov/Archives/edgar/data/949870/000114036115045282/doc1.xml
SAM,949870,C. James Koch,1008079,2015-12-18,2015-12-18,S,sale,5000,1029802.00,205.9604,,,,,unknown,,2,0,Class A Common,D,4,0001140361-15-045102,,https://www.sec.gov/Archives/edgar/data/949870/000114036115045102/doc1.xml
SAM,949870,C. James Koch,1008079,2015-12-17,2015-12-17,S,sale,5000,1038584.00,207.7168,,,,,unknown,,2,0,Class A Common,D,4,0001140361-15-044979,,https://www.sec.gov/Archives/edgar/data/949870/000114036115044979/doc1.xml
SAM,949870,C. James Koch,1008079,2015-12-07,2015-11-11,S,sale,12010,2516148.62,209.5045,,,,,unknown,,3,0,Class A Common,D,4,0001140361-15-043789,,https://www.sec.gov/Archives/edgar/data/949870/000114036115043789/doc1.xml
SAM,949870,C. James Koch,1008079,2015-11-16,2015-11-16,S,sale,12000,2501781.33,208.4818,,,,,unknown,M,8,0,Class A Common,D,4,0001140361-15-041840,,https://www.sec.gov/Archives/edgar/data/949870/000114036115041840/doc1.xml
SAM,949870,C. James Koch,1008079,2015-11-16,2015-11-13,S,sale,12000,2437147.00,203.0956,,,,,unknown,M,4,0,Class A Common,D,4,0001140361-15-041329,,https://www.sec.gov/Archives/edgar/data/949870/000114036115041329/doc1.xml
SAM,949870,C. James Koch,1008079,2015-11-12,2015-11-12,S,sale,12000,2490245.00,207.5204,,,,,unknown,,4,0,Class A Common,D,4,0001140361-15-040906,,https://www.sec.gov/Archives/edgar/data/949870/000114036115040906/doc1.xml
SAM,949870,C. James Koch,1008079,2015-11-10,2015-11-10,S,sale,12000,2522305.40,210.1921,,,,,unknown,,5,0,Class A Common,D,4,0001140361-15-040536,,https://www.sec.gov/Archives/edgar/data/949870/000114036115040536/doc1.xml
SAM,949870,C. James Koch,1008079,2015-11-09,2015-11-09,S,sale,11000,2326282.00,211.4802,,,,,unknown,,5,0,Class A Common,D,4,0001140361-15-040257,,https://www.sec.gov/Archives/edgar/data/949870/000114036115040257/doc1.xml
SAM,949870,C. James Koch,1008079,2015-11-09,2015-11-06,S,sale,11000,2298601.00,208.9637,,,,,unknown,,7,0,Class A Common,D,4,0001140361-15-040078,,https://www.sec.gov/Archives/edgar/data/949870/000114036115040078/doc1.xml
SAM,949870,C. James Koch,1008079,2015-11-06,2015-11-05,S,sale,11000,2335819.00,212.3472,,,,,unknown,,5,0,Class A Common,D,4,0001140361-15-039914,,https://www.sec.gov/Archives/edgar/data/949870/000114036115039914/doc1.xml
SAM,949870,C. James Koch,1008079,2015-11-05,2015-11-04,S,sale,11000,2376721.20,216.0656,,,,,unknown,,5,0,Class A Common,D,4,0001140361-15-039741,,https://www.sec.gov/Archives/edgar/data/949870/000114036115039741/doc1.xml
SAM,949870,C. James Koch,1008079,2015-11-04,2015-11-03,S,sale,11000,2413601.00,219.4183,,,,,unknown,,5,0,Class A Common,D,4,0001140361-15-039665,,https://www.sec.gov/Archives/edgar/data/949870/000114036115039665/doc1.xml
SAM,949870,C. James Koch,1008079,2015-08-18,2015-08-17,S,sale,8000,1875319.69,234.4150,,,,,unknown,,5,0,Class A Common,D,4,0001140361-15-032672,,https://www.sec.gov/Archives/edgar/data/949870/000114036115032672/doc1.xml
SAM,949870,C. James Koch,1008079,2015-08-17,2015-08-14,S,sale,8000,1884800.00,235.6000,,,,,unknown,,5,0,Class A Common,D,4,0001140361-15-032485,,https://www.sec.gov/Archives/edgar/data/949870/000114036115032485/doc1.xml
SAM,949870,C. James Koch,1008079,2015-08-14,2015-08-13,S,sale,8000,1891410.00,236.4263,,,,,unknown,,3,0,Class A Common,D,4,0001140361-15-032205,,https://www.sec.gov/Archives/edgar/data/949870/000114036115032205/doc1.xml
SAM,949870,C. James Koch,1008079,2015-08-13,2015-08-12,S,sale,8000,1862059.47,232.7574,,,,,unknown,,4,0,Class A Common,D,4,0001140361-15-031648,,https://www.sec.gov/Archives/edgar/data/949870/000114036115031648/doc1.xml
SAM,949870,C. James Koch,1008079,2015-08-12,2015-08-11,S,sale,8000,1863816.00,232.9770,,,,,unknown,,4,0,Class A Common,D,4,0001140361-15-031334,,https://www.sec.gov/Archives/edgar/data/949870/000114036115031334/doc1.xml
SAM,949870,C. James Koch,1008079,2015-08-11,2015-08-10,S,sale,8000,1887547.20,235.9434,,,,,unknown,,4,0,Class A Common,D,4,0001140361-15-030972,,https://www.sec.gov/Archives/edgar/data/949870/000114036115030972/doc1.xml
SAM,949870,C. James Koch,1008079,2015-08-10,2015-08-07,S,sale,8000,1870808.00,233.8510,,,,,unknown,,4,0,Class A Common,D,4,0001140361-15-030729,,https://www.sec.gov/Archives/edgar/data/949870/000114036115030729/doc1.xml
SAM,949870,C. James Koch,1008079,2015-08-10,2015-08-06,S,sale,8000,1869078.00,233.6347,,,,,unknown,,3,0,Class A Common,D,4,0001140361-15-030728,,https://www.sec.gov/Archives/edgar/data/949870/000114036115030728/doc1.xml
SAM,949870,C. James Koch,1008079,2015-06-29,2015-06-26,S,sale,2800,672280.00,240.1000,,,,,unknown,,1,0,Class A Common,D,4,0001140361-15-025781,,https://www.sec.gov/Archives/edgar/data/949870/000114036115025781/doc1.xml
SAM,949870,C. James Koch,1008079,2015-06-26,2015-06-25,S,sale,500,120000.00,240.0000,,,,,unknown,,1,0,Class A Common,D,4,0001140361-15-025526,,https://www.sec.gov/Archives/edgar/data/949870/000114036115025526/doc1.xml
SAM,949870,C. James Koch,1008079,2015-06-25,2015-06-24,S,sale,4400,1061970.00,241.3568,,,,,unknown,,4,0,Class A Common,D,4,0001140361-15-025379,,https://www.sec.gov/Archives/edgar/data/949870/000114036115025379/doc1.xml
SAM,949870,C. James Koch,1008079,2015-06-24,2015-06-23,S,sale,5000,1231476.00,246.2952,,,,,unknown,,4,0,Class A Common,D,4,0001140361-15-025290,,https://www.sec.gov/Archives/edgar/data/949870/000114036115025290/doc1.xml
SAM,949870,C. James Koch,1008079,2015-06-23,2015-06-22,S,sale,5000,1241771.82,248.3544,,,,,unknown,,4,0,Class A Common,D,4,0001140361-15-025148,,https://www.sec.gov/Archives/edgar/data/949870/000114036115025148/doc1.xml
SAM,949870,C. James Koch,1008079,2015-06-22,2015-06-19,S,sale,5000,1254921.31,250.9843,,,,,unknown,,5,0,Class A Common,D,4,0001140361-15-025054,,https://www.sec.gov/Archives/edgar/data/949870/000114036115025054/doc1.xml
SAM,949870,C. James Koch,1008079,2015-06-19,2015-06-18,S,sale,5000,1274049.87,254.8100,,,,,unknown,,5,0,Class A Common,D,4,0001140361-15-024920,,https://www.sec.gov/Archives/edgar/data/949870/000114036115024920/doc1.xml
SAM,949870,C. James Koch,1008079,2015-06-18,2015-06-17,S,sale,5000,1258132.45,251.6265,,,,,unknown,,4,0,Class A Common,D,4,0001140361-15-024802,,https://www.sec.gov/Archives/edgar/data/949870/000114036115024802/doc1.xml
SAM,949870,C. James Koch,1008079,2015-06-17,2015-06-16,S,sale,5000,1251724.66,250.3449,,,,,unknown,,7,0,Class A Common,D,4,0001140361-15-024600,,https://www.sec.gov/Archives/edgar/data/949870/000114036115024600/doc1.xml
SAM,949870,C. James Koch,1008079,2015-06-16,2015-06-15,S,sale,5000,1247030.00,249.4060,,,,,unknown,,3,0,Class A Common,D,4,0001140361-15-024415,,https://www.sec.gov/Archives/edgar/data/949870/000114036115024415/doc1.xml
SAM,949870,C. James Koch,1008079,2015-05-15,2015-05-14,S,sale,2000,505205.00,252.6025,,,,,unknown,,3,0,Class A Common,D,4,0001140361-15-020342,,https://www.sec.gov/Archives/edgar/data/949870/000114036115020342/doc1.xml
SAM,949870,C. James Koch,1008079,2015-05-14,2015-05-13,S,sale,8000,2002021.80,250.2527,,,,,unknown,,4,0,Class A Common,D,4,0001140361-15-019683,,https://www.sec.gov/Archives/edgar/data/949870/000114036115019683/doc1.xml
SAM,949870,C. James Koch,1008079,2015-05-13,2015-05-12,S,sale,8000,1989899.80,248.7375,,,,,unknown,,5,0,Class A Common,D,4,0001140361-15-019393,,https://www.sec.gov/Archives/edgar/data/949870/000114036115019393/doc1.xml
SAM,949870,C. James Koch,1008079,2015-05-12,2015-05-11,S,sale,8000,2018965.00,252.3706,,,,,unknown,,6,0,Class A Common,D,4,0001140361-15-019066,,https://www.sec.gov/Archives/edgar/data/949870/000114036115019066/doc1.xml
SAM,949870,C. James Koch,1008079,2015-05-11,2015-05-08,S,sale,8000,2000911.93,250.1140,,,,,unknown,,4,0,Class A Common,D,4,0001140361-15-018776,,https://www.sec.gov/Archives/edgar/data/949870/000114036115018776/doc1.xml
SAM,949870,C. James Koch,1008079,2015-05-08,2015-05-07,S,sale,8000,1991190.00,248.8988,,,,,unknown,,5,0,Class A Common,D,4,0001140361-15-018467,,https://www.sec.gov/Archives/edgar/data/949870/000114036115018467/doc1.xml
SAM,949870,C. James Koch,1008079,2015-05-07,2015-05-06,S,sale,8000,2037431.09,254.6789,,,,,unknown,C,5,0,Class A Common,D,4,0001140361-15-018204,,https://www.sec.gov/Archives/edgar/data/949870/000114036115018204/doc1.xml
SAM,949870,C. James Koch,1008079,2015-04-23,2015-04-22,S,sale,5000,1304306.34,260.8613,,,,,unknown,,4,0,Class A Common,D,4,0001140361-15-016229,,https://www.sec.gov/Archives/edgar/data/949870/000114036115016229/doc1.xml
SAM,949870,C. James Koch,1008079,2015-04-22,2015-04-21,S,sale,5000,1317371.25,263.4742,,,,,unknown,,3,0,Class A Common,D,4,0001140361-15-016121,,https://www.sec.gov/Archives/edgar/data/949870/000114036115016121/doc1.xml
SAM,949870,C. James Koch,1008079,2015-04-21,2015-04-20,S,sale,5000,1305082.16,261.0164,,,,,unknown,,3,0,Class A Common,D,4,0001140361-15-015976,,https://www.sec.gov/Archives/edgar/data/949870/000114036115015976/doc1.xml
SAM,949870,C. James Koch,1008079,2015-04-21,2015-04-17,S,sale,5000,1296878.00,259.3756,,,,,unknown,,3,0,Class A Common,D,4,0001140361-15-015975,,https://www.sec.gov/Archives/edgar/data/949870/000114036115015975/doc1.xml
SAM,949870,C. James Koch,1008079,2015-04-17,2015-04-16,S,sale,5000,1314264.00,262.8528,,,,,unknown,,3,0,Class A Common,D,4,0001140361-15-015721,,https://www.sec.gov/Archives/edgar/data/949870/000114036115015721/doc1.xml
SAM,949870,C. James Koch,1008079,2015-04-16,2015-04-15,S,sale,5000,1321073.85,264.2148,,,,,unknown,,3,0,Class A Common,D,4,0001140361-15-015606,,https://www.sec.gov/Archives/edgar/data/949870/000114036115015606/doc1.xml
SAM,949870,C. James Koch,1008079,2015-04-15,2015-04-14,S,sale,5000,1322893.70,264.5787,,,,,unknown,,4,0,Class A Common,D,4,0001140361-15-015518,,https://www.sec.gov/Archives/edgar/data/949870/000114036115015518/doc1.xml
SAM,949870,C. James Koch,1008079,2015-04-14,2015-04-13,S,sale,5000,1337629.00,267.5258,,,,,unknown,,4,0,Class A Common,D,4,0001140361-15-015331,,https://www.sec.gov/Archives/edgar/data/949870/000114036115015331/doc1.xml
SAM,949870,C. James Koch,1008079,2015-04-13,2015-04-10,S,sale,5000,1354230.00,270.8460,,,,,unknown,,3,0,Class A Common,D,4,0001140361-15-015181,,https://www.sec.gov/Archives/edgar/data/949870/000114036115015181/doc1.xml
SAM,949870,C. James Koch,1008079,2015-04-10,2015-04-09,S,sale,5000,1362520.00,272.5040,,,,,unknown,,2,0,Class A Common,D,4,0001140361-15-015067,,https://www.sec.gov/Archives/edgar/data/949870/000114036115015067/doc1.xml
SAM,949870,C. James Koch,1008079,2015-04-08,2015-03-09,S,sale,9000,2334198.00,259.3553,,,,,unknown,,4,0,Class A Common,D,4/A,0001140361-15-014754,,https://www.sec.gov/Archives/edgar/data/949870/000114036115014754/doc1.xml
SAM,949870,C. James Koch,1008079,2015-03-13,2015-03-12,S,sale,9000,2418263.76,268.6960,,,,,unknown,,12,0,Class A Common,D,4,0001140361-15-011692,,https://www.sec.gov/Archives/edgar/data/949870/000114036115011692/doc1.xml
SAM,949870,C. James Koch,1008079,2015-03-13,2015-03-11,S,sale,9000,2341800.00,260.2000,,,,,unknown,,1,0,Class A Common,D,4,0001140361-15-011626,,https://www.sec.gov/Archives/edgar/data/949870/000114036115011626/doc1.xml
SAM,949870,C. James Koch,1008079,2015-03-12,2015-03-10,S,sale,9000,2317597.00,257.5108,,,,,unknown,,4,0,Class A Common,D,4,0001140361-15-011424,,https://www.sec.gov/Archives/edgar/data/949870/000114036115011424/doc1.xml
SAM,949870,C. James Koch,1008079,2015-03-09,2015-03-06,S,sale,9000,2327441.95,258.6047,,,,,unknown,,5,0,Class A Common,D,4,0001140361-15-010941,,https://www.sec.gov/Archives/edgar/data/949870/000114036115010941/doc1.xml
SAM,949870,C. James Koch,1008079,2015-03-06,2015-03-05,S,sale,9000,2339401.51,259.9335,,,,,unknown,,6,0,Class A Common,D,4,0001140361-15-010725,,https://www.sec.gov/Archives/edgar/data/949870/000114036115010725/doc1.xml
SAM,949870,C. James Koch,1008079,2015-03-05,2015-03-04,S,sale,9000,2353675.51,261.5195,,,,,unknown,,7,0,Class A Common,D,4,0001140361-15-010479,,https://www.sec.gov/Archives/edgar/data/949870/000114036115010479/doc1.xml
SAM,949870,C. James Koch,1008079,2015-03-04,2015-03-03,S,sale,9000,2331480.00,259.0533,,,,,unknown,,4,0,Class A Common,D,4,0001140361-15-010199,,https://www.sec.gov/Archives/edgar/data/949870/000114036115010199/doc1.xml
SAM,949870,C. James Koch,1008079,2014-12-30,2014-12-29,S,sale,4000,1171567.20,292.8918,,,,,unknown,,5,0,Class A Common,D,4,0001140361-14-046702,,https://www.sec.gov/Archives/edgar/data/949870/000114036114046702/doc1.xml
SAM,949870,C. James Koch,1008079,2014-12-29,2014-12-26,S,sale,4000,1175728.00,293.9320,,,,,unknown,,4,0,Class A Common,D,4,0001140361-14-046570,,https://www.sec.gov/Archives/edgar/data/949870/000114036114046570/doc1.xml
SAM,949870,C. James Koch,1008079,2014-12-24,2014-12-24,S,sale,4000,1165430.00,291.3575,,,,,unknown,,4,0,Class A Common,D,4,0001140361-14-046471,,https://www.sec.gov/Archives/edgar/data/949870/000114036114046471/doc1.xml
SAM,949870,C. James Koch,1008079,2014-12-24,2014-12-23,S,sale,4000,1163718.00,290.9295,,,,,unknown,,3,0,Class A Common,D,4,0001140361-14-046401,,https://www.sec.gov/Archives/edgar/data/949870/000114036114046401/doc1.xml
SAM,949870,C. James Koch,1008079,2014-12-23,2014-12-22,S,sale,4000,1163874.59,290.9686,,,,,unknown,,6,0,Class A Common,D,4,0001140361-14-046210,,https://www.sec.gov/Archives/edgar/data/949870/000114036114046210/doc1.xml
SAM,949870,C. James Koch,1008079,2014-12-22,2014-12-19,S,sale,4000,1165258.67,291.3147,,,,,unknown,,6,0,Class A Common,D,4,0001140361-14-046074,,https://www.sec.gov/Archives/edgar/data/949870/000114036114046074/doc1.xml
SAM,949870,C. James Koch,1008079,2014-12-19,2014-12-18,S,sale,4000,1163186.20,290.7965,,,,,unknown,,10,0,Class A Common,D,4,0001140361-14-045901,,https://www.sec.gov/Archives/edgar/data/949870/000114036114045901/doc1.xml
SAM,949870,C. James Koch,1008079,2014-12-18,2014-12-17,S,sale,4000,1140172.00,285.0430,,,,,unknown,,4,0,Class A Common,D,4,0001140361-14-045782,,https://www.sec.gov/Archives/edgar/data/949870/000114036114045782/doc1.xml
SAM,949870,C. James Koch,1008079,2014-12-17,2014-12-16,S,sale,4000,1137895.00,284.4737,,,,,unknown,,7,0,Class A Common,D,4,0001140361-14-045646,,https://www.sec.gov/Archives/edgar/data/949870/000114036114045646/doc1.xml
SAM,949870,C. James Koch,1008079,2014-12-16,2014-12-15,S,sale,4000,1109641.00,277.4103,,,,,unknown,,5,0,Class A Common,D,4,0001140361-14-045482,,https://www.sec.gov/Archives/edgar/data/949870/000114036114045482/doc1.xml
SAM,949870,C. James Koch,1008079,2014-11-18,2014-11-17,S,sale,9000,2339148.48,259.9054,,,,,unknown,,6,0,Class A Common,D,4,0001140361-14-042647,,https://www.sec.gov/Archives/edgar/data/949870/000114036114042647/doc1.xml
SAM,949870,C. James Koch,1008079,2014-11-17,2014-11-14,S,sale,9000,2364321.96,262.7024,,,,,unknown,,2,0,Class A Common,D,4,0001140361-14-042500,,https://www.sec.gov/Archives/edgar/data/949870/000114036114042500/doc1.xml
SAM,949870,C. James Koch,1008079,2014-11-17,2014-11-13,S,sale,9000,2369999.09,263.3332,,,,,unknown,,4,0,Class A Common,D,4,0001140361-14-042398,,https://www.sec.gov/Archives/edgar/data/949870/000114036114042398/doc1.xml
SAM,949870,C. James Koch,1008079,2014-11-13,2014-11-12,S,sale,9000,2395261.54,266.1402,,,,,unknown,,4,0,Class A Common,D,4,0001140361-14-041610,,https://www.sec.gov/Archives/edgar/data/949870/000114036114041610/doc1.xml
SAM,949870,C. James Koch,1008079,2014-11-12,2014-11-11,S,sale,9000,2375865.21,263.9850,,,,,unknown,,3,0,Class A Common,D,4,0001140361-14-041298,,https://www.sec.gov/Archives/edgar/data/949870/000114036114041298/doc1.xml
SAM,949870,C. James Koch,1008079,2014-11-12,2014-11-10,S,sale,9000,2334224.00,259.3582,,,,,unknown,,3,0,Class A Common,D,4,0001140361-14-041297,,https://www.sec.gov/Archives/edgar/data/949870/000114036114041297/doc1.xml
SAM,949870,C. James Koch,1008079,2014-11-10,2014-11-07,S,sale,9000,2320131.00,257.7923,,,,,unknown,,3,0,Class A Common,D,4,0001140361-14-040966,,https://www.sec.gov/Archives/edgar/data/949870/000114036114040966/doc1.xml
SAM,949870,C. James Koch,1008079,2014-11-07,2014-11-06,S,sale,9000,2303420.00,255.9356,,,,,unknown,,8,0,Class A Common,D,4,0001140361-14-040721,,https://www.sec.gov/Archives/edgar/data/949870/000114036114040721/doc1.xml
SAM,949870,C. James Koch,1008079,2014-11-06,2014-11-05,S,sale,7000,1745410.00,249.3443,,,,,unknown,,3,0,Class A Common,D,4,0001140361-14-040479,,https://www.sec.gov/Archives/edgar/data/949870/000114036114040479/doc1.xml
SAM,949870,C. James Koch,1008079,2014-11-05,2014-11-04,S,sale,5000,1231242.00,246.2484,,,,,unknown,CG,6,0,Class A Common,D,4,0001140361-14-040269,,https://www.sec.gov/Archives/edgar/data/949870/000114036114040269/doc1.xml
SAM,949870,C. James Koch,1008079,2014-08-15,2014-08-15,S,sale,2000,457468.19,228.7341,,,,,unknown,,4,0,Class A Common,D,4,0001140361-14-033128,,https://www.sec.gov/Archives/edgar/data/949870/000114036114033128/doc1.xml
SAM,949870,C. James Koch,1008079,2014-08-15,2014-08-14,S,sale,4000,911935.52,227.9839,,,,,unknown,,3,0,Class A Common,D,4,0001140361-14-033054,,https://www.sec.gov/Archives/edgar/data/949870/000114036114033054/doc1.xml
SAM,949870,C. James Koch,1008079,2014-08-14,2014-08-13,S,sale,4000,910240.00,227.5600,,,,,unknown,,2,0,Class A Common,D,4,0001140361-14-032658,,https://www.sec.gov/Archives/edgar/data/949870/000114036114032658/doc1.xml
SAM,949870,C. James Koch,1008079,2014-08-13,2014-08-12,S,sale,4000,909331.28,227.3328,,,,,unknown,,4,0,Class A Common,D,4,0001140361-14-032120,,https://www.sec.gov/Archives/edgar/data/949870/000114036114032120/doc1.xml
SAM,949870,C. James Koch,1008079,2014-08-12,2014-08-11,S,sale,4000,927366.39,231.8416,,,,,unknown,,3,0,Class A Common,D,4,0001140361-14-031863,,https://www.sec.gov/Archives/edgar/data/949870/000114036114031863/doc1.xml
SAM,949870,C. James Koch,1008079,2014-08-11,2014-08-08,S,sale,4000,919059.00,229.7647,,,,,unknown,,4,0,Class A Common,D,4,0001140361-14-031663,,https://www.sec.gov/Archives/edgar/data/949870/000114036114031663/doc1.xml
SAM,949870,C. James Koch,1008079,2014-07-01,2014-06-30,S,sale,2800,622371.40,222.2755,,,,,unknown,,2,0,Class A Common,D,4,0001140361-14-027179,,https://www.sec.gov/Archives/edgar/data/949870/000114036114027179/doc1.xml
SAM,949870,C. James Koch,1008079,2014-06-30,2014-06-27,S,sale,4000,890149.44,222.5374,,,,,unknown,,4,0,Class A Common,D,4,0001140361-14-026933,,https://www.sec.gov/Archives/edgar/data/949870/000114036114026933/doc1.xml
SAM,949870,C. James Koch,1008079,2014-06-30,2014-06-26,S,sale,4000,885258.47,221.3146,,,,,unknown,,3,0,Class A Common,D,4,0001140361-14-026934,,https://www.sec.gov/Archives/edgar/data/949870/000114036114026934/doc1.xml
SAM,949870,C. James Koch,1008079,2014-06-26,2014-06-25,S,sale,4000,888115.00,222.0288,,,,,unknown,,4,0,Class A Common,D,4,0001140361-14-026675,,https://www.sec.gov/Archives/edgar/data/949870/000114036114026675/doc1.xml
SAM,949870,C. James Koch,1008079,2014-06-25,2014-06-24,S,sale,3600,795696.05,221.0267,,,,,unknown,,3,0,Class A Common,D,4,0001140361-14-026608,,https://www.sec.gov/Archives/edgar/data/949870/000114036114026608/doc1.xml
SAM,949870,C. James Koch,1008079,2014-06-24,2014-06-23,S,sale,4000,893510.00,223.3775,,,,,unknown,,4,0,Class A Common,D,4,0001140361-14-026481,,https://www.sec.gov/Archives/edgar/data/949870/000114036114026481/doc1.xml
SAM,949870,C. James Koch,1008079,2014-06-23,2014-06-20,S,sale,4000,905360.00,226.3400,,,,,unknown,,1,0,Class A Common,D,4,0001140361-14-026341,,https://www.sec.gov/Archives/edgar/data/949870/000114036114026341/doc1.xml
SAM,949870,C. James Koch,1008079,2014-06-20,2014-06-19,S,sale,4000,902844.00,225.7110,,,,,unknown,,3,0,Class A Common,D,4,0001140361-14-026202,,https://www.sec.gov/Archives/edgar/data/949870/000114036114026202/doc1.xml
SAM,949870,C. James Koch,1008079,2014-06-19,2014-06-18,S,sale,4000,889119.00,222.2798,,,,,unknown,,2,0,Class A Common,D,4,0001140361-14-026128,,https://www.sec.gov/Archives/edgar/data/949870/000114036114026128/doc1.xml
SAM,949870,C. James Koch,1008079,2014-06-18,2014-06-17,S,sale,4000,885862.00,221.4655,,,,,unknown,,3,0,Class A Common,D,4,0001140361-14-026048,,https://www.sec.gov/Archives/edgar/data/949870/000114036114026048/doc1.xml
SAM,949870,C. James Koch,1008079,2014-06-17,2014-06-16,S,sale,4000,880000.00,220.0000,,,,,unknown,,1,0,Class A Common,D,4,0001140361-14-025845,,https://www.sec.gov/Archives/edgar/data/949870/000114036114025845/doc1.xml
SAM,949870,C. James Koch,1008079,2014-05-19,2014-05-16,S,sale,3000,663862.31,221.2874,,,,,unknown,,4,0,Class A Common,D,4,0001140361-14-022071,,https://www.sec.gov/Archives/edgar/data/949870/000114036114022071/doc1.xml
SAM,949870,C. James Koch,1008079,2014-05-16,2014-05-15,S,sale,2000,440000.00,220.0000,,,,,unknown,,1,0,Class A Common,D,4,0001140361-14-021880,,https://www.sec.gov/Archives/edgar/data/949870/000114036114021880/doc1.xml
SAM,949870,C. James Koch,1008079,2014-05-15,2014-05-14,S,sale,300,68100.00,227.0000,,,,,unknown,,1,0,Class A Common,D,4,0001140361-14-021202,,https://www.sec.gov/Archives/edgar/data/949870/000114036114021202/doc1.xml
SAM,949870,C. James Koch,1008079,2014-05-14,2014-05-13,S,sale,3000,688620.00,229.5400,,,,,unknown,,5,0,Class A Common,D,4,0001140361-14-020642,,https://www.sec.gov/Archives/edgar/data/949870/000114036114020642/doc1.xml
SAM,949870,C. James Koch,1008079,2014-05-13,2014-05-12,S,sale,3000,689727.00,229.9090,,,,,unknown,,7,0,Class A Common,D,4,0001140361-14-020365,,https://www.sec.gov/Archives/edgar/data/949870/000114036114020365/doc1.xml
SAM,949870,C. James Koch,1008079,2014-05-12,2014-05-09,S,sale,300,69000.00,230.0000,,,,,unknown,,1,0,Class A Common,D,4,0001140361-14-020078,,https://www.sec.gov/Archives/edgar/data/949870/000114036114020078/doc1.xml
SAM,949870,C. James Koch,1008079,2014-05-12,2014-05-08,S,sale,3000,702183.00,234.0610,,,,,unknown,,6,0,Class A Common,D,4/A,0001140361-14-020077,,https://www.sec.gov/Archives/edgar/data/949870/000114036114020077/doc1.xml
SAM,949870,C. James Koch,1008079,2014-05-12,2014-05-07,S,sale,3000,700943.00,233.6477,,,,,unknown,C,4,0,Class A Common,D,4/A,0001140361-14-020076,,https://www.sec.gov/Archives/edgar/data/949870/000114036114020076/doc1.xml
SAM,949870,C. James Koch,1008079,2014-03-06,2014-03-05,S,sale,534,129635.02,242.7622,,,,,unknown,,3,0,Class A Common,D,4,0001140361-14-011366,,https://www.sec.gov/Archives/edgar/data/949870/000114036114011366/doc1.xml
SAM,949870,C. James Koch,1008079,2014-03-05,2014-03-04,S,sale,1000,240050.00,240.0500,,,,,unknown,,8,0,Class A Common,D,4,0001140361-14-011073,,https://www.sec.gov/Archives/edgar/data/949870/000114036114011073/doc1.xml
SAM,949870,C. James Koch,1008079,2014-03-04,2014-03-03,S,sale,1000,230873.00,230.8730,,,,,unknown,,3,0,Class A Common,D,4,0001140361-14-010731,,https://www.sec.gov/Archives/edgar/data/949870/000114036114010731/doc1.xml
SAM,949870,C. James Koch,1008079,2014-03-03,2014-02-28,S,sale,1000,235431.00,235.4310,,,,,unknown,,4,0,Class A Common,D,4,0001140361-14-010426,,https://www.sec.gov/Archives/edgar/data/949870/000114036114010426/doc1.xml
SAM,949870,C. James Koch,1008079,2014-02-28,2014-02-27,S,sale,1000,235794.00,235.7940,,,,,unknown,,3,0,Class A Common,D,4,0001140361-14-010119,,https://www.sec.gov/Archives/edgar/data/949870/000114036114010119/doc1.xml
SAM,949870,C. James Koch,1008079,2014-02-27,2014-02-26,S,sale,1000,230916.00,230.9160,,,,,unknown,,3,0,Class A Common,D,4,0001140361-14-009909,,https://www.sec.gov/Archives/edgar/data/949870/000114036114009909/doc1.xml
SAM,949870,C. James Koch,1008079,2014-02-26,2014-02-25,S,sale,1000,231808.34,231.8083,,,,,unknown,,2,0,Class A Common,D,4,0001140361-14-009746,,https://www.sec.gov/Archives/edgar/data/949870/000114036114009746/doc1.xml
SAM,949870,C. James Koch,1008079,2014-02-25,2014-02-24,S,sale,1000,230000.00,230.0000,,,,,unknown,,1,0,Class A Common,D,4,0001140361-14-009472,,https://www.sec.gov/Archives/edgar/data/949870/000114036114009472/doc1.xml
SAM,949870,C. James Koch,1008079,2014-01-09,2014-01-08,S,sale,100,23203.00,232.0300,,,,,unknown,,1,0,Class A Common,D,4,0001140361-14-001542,,https://www.sec.gov/Archives/edgar/data/949870/000114036114001542/doc1.xml
SAM,949870,C. James Koch,1008079,2014-01-09,2014-01-07,S,sale,1000,230424.00,230.4240,,,,,unknown,,2,0,Class A Common,D,4,0001140361-14-001539,,https://www.sec.gov/Archives/edgar/data/949870/000114036114001539/doc1.xml
SAM,949870,C. James Koch,1008079,2014-01-03,2014-01-02,S,sale,500,117477.00,234.9540,,,,,unknown,,4,0,Class A Common,D,4,0001140361-14-000269,,https://www.sec.gov/Archives/edgar/data/949870/000114036114000269/doc1.xml
SAM,949870,C. James Koch,1008079,2014-01-02,2013-12-31,S,sale,1000,241063.26,241.0633,,,,,unknown,,4,0,Class A Common,D,4,0001140361-14-000002,,https://www.sec.gov/Archives/edgar/data/949870/000114036114000002/doc1.xml
SAM,949870,C. James Koch,1008079,2013-12-31,2013-12-30,S,sale,1000,239056.00,239.0560,,,,,unknown,,3,0,Class A Common,D,4,0001140361-13-047755,,https://www.sec.gov/Archives/edgar/data/949870/000114036113047755/doc1.xml
SAM,949870,C. James Koch,1008079,2013-12-31,2013-12-27,S,sale,1000,242628.81,242.6288,,,,,unknown,,2,0,Class A Common,D,4,0001140361-13-047754,,https://www.sec.gov/Archives/edgar/data/949870/000114036113047754/doc1.xml
SAM,949870,C. James Koch,1008079,2013-12-30,2013-12-26,S,sale,1000,241850.00,241.8500,,,,,unknown,,5,0,Class A Common,D,4,0001140361-13-047664,,https://www.sec.gov/Archives/edgar/data/949870/000114036113047664/doc1.xml
SAM,949870,C. James Koch,1008079,2013-12-26,2013-12-24,S,sale,1000,240071.82,240.0718,,,,,unknown,,5,0,Class A Common,D,4,0001140361-13-047493,,https://www.sec.gov/Archives/edgar/data/949870/000114036113047493/doc1.xml
SAM,949870,C. James Koch,1008079,2013-12-26,2013-12-23,S,sale,1000,239143.00,239.1430,,,,,unknown,,5,0,Class A Common,D,4,0001140361-13-047492,,https://www.sec.gov/Archives/edgar/data/949870/000114036113047492/doc1.xml
SAM,949870,C. James Koch,1008079,2013-12-23,2013-12-20,S,sale,1000,234254.00,234.2540,,,,,unknown,,4,0,Class A Common,D,4,0001140361-13-047307,,https://www.sec.gov/Archives/edgar/data/949870/000114036113047307/doc1.xml
SAM,949870,C. James Koch,1008079,2013-12-20,2013-12-19,S,sale,1000,231898.00,231.8980,,,,,unknown,,2,0,Class A Common,D,4,0001140361-13-047139,,https://www.sec.gov/Archives/edgar/data/949870/000114036113047139/doc1.xml
SAM,949870,C. James Koch,1008079,2013-12-19,2013-12-18,S,sale,1000,230320.00,230.3200,,,,,unknown,,2,0,Class A Common,D,4,0001140361-13-046886,,https://www.sec.gov/Archives/edgar/data/949870/000114036113046886/doc1.xml
SAM,949870,C. James Koch,1008079,2013-12-18,2013-12-17,S,sale,730,167921.90,230.0300,,,,,unknown,,1,0,Class A Common,D,4,0001140361-13-046680,,https://www.sec.gov/Archives/edgar/data/949870/000114036113046680/doc1.xml
SAM,949870,C. James Koch,1008079,2013-11-18,2013-11-15,S,sale,1000,241392.00,241.3920,,,,,unknown,,2,0,Class A Common,D,4,0001140361-13-043300,,https://www.sec.gov/Archives/edgar/data/949870/000114036113043300/doc1.xml
SAM,949870,C. James Koch,1008079,2013-11-15,2013-11-14,S,sale,2000,483097.00,241.5485,,,,,unknown,,3,0,Class A Common,D,4,0001140361-13-043108,,https://www.sec.gov/Archives/edgar/data/949870/000114036113043108/doc1.xml
SAM,949870,C. James Koch,1008079,2013-11-14,2013-11-13,S,sale,2000,484059.00,242.0295,,,,,unknown,,5,0,Class A Common,D,4,0001140361-13-042548,,https://www.sec.gov/Archives/edgar/data/949870/000114036113042548/doc1.xml
SAM,949870,C. James Koch,1008079,2013-11-13,2013-11-12,S,sale,2000,482247.95,241.1240,,,,,unknown,,3,0,Class A Common,D,4,0001140361-13-042033,,https://www.sec.gov/Archives/edgar/data/949870/000114036113042033/doc1.xml
SAM,949870,C. James Koch,1008079,2013-11-12,2013-11-11,S,sale,2000,480840.86,240.4204,,,,,unknown,,3,0,Class A Common,D,4,0001140361-13-041711,,https://www.sec.gov/Archives/edgar/data/949870/000114036113041711/doc1.xml
SAM,949870,C. James Koch,1008079,2013-11-12,2013-11-08,S,sale,1000,240958.00,240.9580,,,,,unknown,,2,0,Class A Common,D,4,0001140361-13-041710,,https://www.sec.gov/Archives/edgar/data/949870/000114036113041710/doc1.xml
SAM,949870,C. James Koch,1008079,2013-08-19,2013-08-16,S,sale,5000,1021746.20,204.3492,,,,,unknown,,3,0,Class A Common,D,4,0001140361-13-033442,,https://www.sec.gov/Archives/edgar/data/949870/000114036113033442/doc1.xml
SAM,949870,C. James Koch,1008079,2013-08-16,2013-08-15,S,sale,5000,1030913.10,206.1826,,,,,unknown,,4,0,Class A Common,D,4,0001140361-13-033329,,https://www.sec.gov/Archives/edgar/data/949870/000114036113033329/doc1.xml
SAM,949870,C. James Koch,1008079,2013-08-15,2013-08-14,S,sale,5000,1062962.00,212.5924,,,,,unknown,,2,0,Class A Common,D,4,0001140361-13-033148,,https://www.sec.gov/Archives/edgar/data/949870/000114036113033148/doc1.xml
SAM,949870,C. James Koch,1008079,2013-04-18,2013-04-17,S,sale,3000,478210.00,159.4033,,,,,unknown,,2,0,Class A Common,D,4,0001140361-13-016812,,https://www.sec.gov/Archives/edgar/data/949870/000114036113016812/doc1.xml
SAM,949870,C. James Koch,1008079,2013-04-18,2013-04-16,S,sale,6000,965830.00,160.9717,,,,,unknown,,2,0,Class A Common,D,4,0001140361-13-016746,,https://www.sec.gov/Archives/edgar/data/949870/000114036113016746/doc1.xml
SAM,949870,C. James Koch,1008079,2013-04-16,2013-04-15,S,sale,6000,950109.00,158.3515,,,,,unknown,,4,0,Class A Common,D,4,0001140361-13-016518,,https://www.sec.gov/Archives/edgar/data/949870/000114036113016518/doc1.xml
SAM,949870,C. James Koch,1008079,2013-04-16,2013-04-12,S,sale,6000,934310.00,155.7183,,,,,unknown,,4,0,Class A Common,D,4,0001140361-13-016517,,https://www.sec.gov/Archives/edgar/data/949870/000114036113016517/doc1.xml
SAM,949870,C. James Koch,1008079,2013-04-12,2013-04-11,S,sale,6000,927176.00,154.5293,,,,,unknown,,3,0,Class A Common,D,4,0001140361-13-016322,,https://www.sec.gov/Archives/edgar/data/949870/000114036113016322/doc1.xml
SAM,949870,C. James Koch,1008079,2013-04-11,2013-04-10,S,sale,6000,924360.96,154.0602,,,,,unknown,,3,0,Class A Common,D,4,0001140361-13-016202,,https://www.sec.gov/Archives/edgar/data/949870/000114036113016202/doc1.xml
SAM,949870,C. James Koch,1008079,2013-04-10,2013-04-09,S,sale,6000,921179.00,153.5298,,,,,unknown,,3,0,Class A Common,D,4,0001140361-13-016056,,https://www.sec.gov/Archives/edgar/data/949870/000114036113016056/doc1.xml
SAM,949870,C. James Koch,1008079,2013-04-10,2013-04-08,S,sale,6000,929310.00,154.8850,,,,,unknown,,3,0,Class A Common,D,4,0001140361-13-016055,,https://www.sec.gov/Archives/edgar/data/949870/000114036113016055/doc1.xml
SAM,949870,C. James Koch,1008079,2013-04-08,2013-04-05,S,sale,6000,927168.00,154.5280,,,,,unknown,,3,0,Class A Common,D,4,0001140361-13-015851,,https://www.sec.gov/Archives/edgar/data/949870/000114036113015851/doc1.xml
SAM,949870,C. James Koch,1008079,2013-04-05,2013-04-04,S,sale,6000,936959.00,156.1598,,,,,unknown,,2,0,Class A Common,D,4,0001140361-13-015732,,https://www.sec.gov/Archives/edgar/data/949870/000114036113015732/doc1.xml
SAM,949870,C. James Koch,1008079,2013-04-04,2013-04-03,S,sale,6000,948517.44,158.0862,,,,,unknown,,4,0,Class A Common,D,4,0001140361-13-015616,,https://www.sec.gov/Archives/edgar/data/949870/000114036113015616/doc1.xml
SAM,949870,C. James Koch,1008079,2013-04-03,2013-04-02,S,sale,6000,967805.00,161.3008,,,,,unknown,,4,0,Class A Common,D,4,0001140361-13-015397,,https://www.sec.gov/Archives/edgar/data/949870/000114036113015397/doc1.xml
SAM,949870,C. James Koch,1008079,2013-04-02,2013-04-01,S,sale,6000,955032.96,159.1722,,,,,unknown,,2,0,Class A Common,D,4,0001140361-13-015014,,https://www.sec.gov/Archives/edgar/data/949870/000114036113015014/doc1.xml
SAM,949870,C. James Koch,1008079,2012-12-03,2012-11-30,S,sale,7500,847050.00,112.9400,,,,,unknown,,1,0,Class A Common,D,4,0001140361-12-049382,,https://www.sec.gov/Archives/edgar/data/949870/000114036112049382/doc1.xml
SAM,949870,C. James Koch,1008079,2012-11-30,2012-11-29,S,sale,7500,853212.00,113.7616,,,,,unknown,,2,0,Class A Common,D,4,0001140361-12-049146,,https://www.sec.gov/Archives/edgar/data/949870/000114036112049146/doc1.xml
SAM,949870,C. James Koch,1008079,2012-11-29,2012-11-28,S,sale,7500,846000.00,112.8000,,,,,unknown,,3,0,Class A Common,D,4,0001140361-12-049023,,https://www.sec.gov/Archives/edgar/data/949870/000114036112049023/doc1.xml
SAM,949870,C. James Koch,1008079,2012-11-29,2012-11-27,S,sale,7500,847200.00,112.9600,,,,,unknown,,1,0,Class A Common,D,4,0001140361-12-049022,,https://www.sec.gov/Archives/edgar/data/949870/000114036112049022/doc1.xml
SAM,949870,C. James Koch,1008079,2012-11-28,2012-11-26,S,sale,7500,856461.96,114.1949,,,,,unknown,,3,0,Class A Common,D,4,0001140361-12-048869,,https://www.sec.gov/Archives/edgar/data/949870/000114036112048869/doc1.xml
SAM,949870,C. James Koch,1008079,2012-11-26,2012-11-23,S,sale,3000,344295.00,114.7650,,,,,unknown,,2,0,Class A Common,D,4,0001140361-12-048661,,https://www.sec.gov/Archives/edgar/data/949870/000114036112048661/doc1.xml
SAM,949870,C. James Koch,1008079,2012-11-26,2012-11-21,S,sale,7500,850995.00,113.4660,,,,,unknown,,2,0,Class A Common,D,4,0001140361-12-048660,,https://www.sec.gov/Archives/edgar/data/949870/000114036112048660/doc1.xml
SAM,949870,C. James Koch,1008079,2012-11-21,2012-11-20,S,sale,7500,861546.00,114.8728,,,,,unknown,,3,0,Class A Common,D,4,0001140361-12-048377,,https://www.sec.gov/Archives/edgar/data/949870/000114036112048377/doc1.xml
SAM,949870,C. James Koch,1008079,2012-11-20,2012-11-19,S,sale,7500,845268.00,112.7024,,,,,unknown,,3,0,Class A Common,D,4,0001140361-12-048192,,https://www.sec.gov/Archives/edgar/data/949870/000114036112048192/doc1.xml
SAM,949870,C. James Koch,1008079,2012-11-19,2012-11-16,S,sale,9000,1009672.00,112.1858,,,,,unknown,,2,0,Class A Common,D,4,0001140361-12-047876,,https://www.sec.gov/Archives/edgar/data/949870/000114036112047876/doc1.xml
SAM,949870,C. James Koch,1008079,2012-11-16,2012-11-15,S,sale,9000,999748.00,111.0831,,,,,unknown,,3,0,Class A Common,D,4,0001140361-12-047683,,https://www.sec.gov/Archives/edgar/data/949870/000114036112047683/doc1.xml
SAM,949870,C. James Koch,1008079,2012-11-15,2012-11-14,S,sale,9000,1010276.00,112.2529,,,,,unknown,,2,0,Class A Common,D,4,0001140361-12-047483,,https://www.sec.gov/Archives/edgar/data/949870/000114036112047483/doc1.xml
SAM,949870,C. James Koch,1008079,2012-11-14,2012-11-13,S,sale,6000,672649.20,112.1082,,,,,unknown,,1,0,Class A Common,D,4,0001140361-12-047174,,https://www.sec.gov/Archives/edgar/data/949870/000114036112047174/doc1.xml
SAM,949870,C. James Koch,1008079,2012-09-12,2012-09-12,S,sale,5900,617706.00,104.6959,,,,,unknown,,2,0,Class A Common,D,4,0001140361-12-040179,,https://www.sec.gov/Archives/edgar/data/949870/000114036112040179/doc1.xml
SAM,949870,C. James Koch,1008079,2012-09-12,2012-09-11,S,sale,3100,322230.00,103.9452,,,,,unknown,,2,0,Class A Common,D,4,0001140361-12-040143,,https://www.sec.gov/Archives/edgar/data/949870/000114036112040143/doc1.xml
SAM,949870,C. James Koch,1008079,2012-09-11,2012-09-10,S,sale,3000,307148.40,102.3828,,,,,unknown,,1,0,Class A Common,D,4,0001140361-12-040012,,https://www.sec.gov/Archives/edgar/data/949870/000114036112040012/doc1.xml
SAM,949870,C. James Koch,1008079,2012-09-10,2012-09-07,S,sale,3000,304674.00,101.5580,,,,,unknown,,2,0,Class A Common,D,4,0001140361-12-039868,,https://www.sec.gov/Archives/edgar/data/949870/000114036112039868/doc1.xml
SAM,949870,C. James Koch,1008079,2012-09-07,2012-09-06,S,sale,3000,309528.00,103.1760,,,,,unknown,,2,0,Class A Common,D,4,0001140361-12-039757,,https://www.sec.gov/Archives/edgar/data/949870/000114036112039757/doc1.xml
SAM,949870,C. James Koch,1008079,2012-09-06,2012-09-05,S,sale,3000,306513.00,102.1710,,,,,unknown,,2,0,Class A Common,D,4,0001140361-12-039586,,https://www.sec.gov/Archives/edgar/data/949870/000114036112039586/doc1.xml
SAM,949870,C. James Koch,1008079,2012-09-05,2012-09-04,S,sale,3000,307726.00,102.5753,,,,,unknown,,2,0,Class A Common,D,4,0001140361-12-039472,,https://www.sec.gov/Archives/edgar/data/949870/000114036112039472/doc1.xml
SAM,949870,C. James Koch,1008079,2012-09-04,2012-08-31,S,sale,3000,309488.00,103.1627,,,,,unknown,,2,0,Class A Common,D,4,0001140361-12-039150,,https://www.sec.gov/Archives/edgar/data/949870/000114036112039150/doc1.xml
SAM,949870,C. James Koch,1008079,2012-08-31,2012-08-30,S,sale,3000,307059.00,102.3530,,,,,unknown,,2,0,Class A Common,D,4,0001140361-12-038995,,https://www.sec.gov/Archives/edgar/data/949870/000114036112038995/doc1.xml
SAM,949870,C. James Koch,1008079,2012-08-29,2012-08-29,S,sale,3000,302076.90,100.6923,,,,,unknown,,1,0,Class A Common,D,4,0001140361-12-038818,,https://www.sec.gov/Archives/edgar/data/949870/000114036112038818/doc1.xml
SAM,949870,C. James Koch,1008079,2012-08-29,2012-08-28,S,sale,3000,302660.00,100.8867,,,,,unknown,,2,0,Class A Common,D,4,0001140361-12-038758,,https://www.sec.gov/Archives/edgar/data/949870/000114036112038758/doc1.xml
SAM,949870,C. James Koch,1008079,2012-08-28,2012-08-27,S,sale,3000,299097.44,99.6991,,,,,unknown,,2,0,Class A Common,D,4,0001140361-12-038610,,https://www.sec.gov/Archives/edgar/data/949870/000114036112038610/doc1.xml
SAM,949870,C. James Koch,1008079,2012-08-27,2012-08-24,S,sale,3000,301514.00,100.5047,,,,,unknown,,2,0,Class A Common,D,4,0001140361-12-038523,,https://www.sec.gov/Archives/edgar/data/949870/000114036112038523/doc1.xml
SAM,949870,C. James Koch,1008079,2012-08-24,2012-08-23,S,sale,3000,303882.00,101.2940,,,,,unknown,,2,0,Class A Common,D,4,0001140361-12-038365,,https://www.sec.gov/Archives/edgar/data/949870/000114036112038365/doc1.xml
SAM,949870,C. James Koch,1008079,2012-08-23,2012-08-22,S,sale,3000,312054.00,104.0180,,,,,unknown,,3,0,Class A Common,D,4,0001140361-12-038285,,https://www.sec.gov/Archives/edgar/data/949870/000114036112038285/doc1.xml
SAM,949870,C. James Koch,1008079,2012-08-23,2012-08-21,S,sale,6000,641662.00,106.9437,,,,,unknown,,3,0,Class A Common,D,4,0001140361-12-038272,,https://www.sec.gov/Archives/edgar/data/949870/000114036112038272/doc1.xml
SAM,949870,C. James Koch,1008079,2012-08-21,2012-08-20,S,sale,6000,635220.00,105.8700,,,,,unknown,,4,0,Class A Common,D,4,0001140361-12-037981,,https://www.sec.gov/Archives/edgar/data/949870/000114036112037981/doc1.xml
SAM,949870,C. James Koch,1008079,2012-06-05,2012-06-04,S,sale,5000,521018.00,104.2036,,,,,unknown,,4,0,Class A Common,D,4,0001140361-12-028779,,https://www.sec.gov/Archives/edgar/data/949870/000114036112028779/doc1.xml
SAM,949870,C. James Koch,1008079,2012-06-04,2012-06-01,S,sale,5000,523884.50,104.7769,,,,,unknown,,1,0,Class A Common,D,4,0001140361-12-028418,,https://www.sec.gov/Archives/edgar/data/949870/000114036112028418/doc1.xml
SAM,949870,C. James Koch,1008079,2012-06-01,2012-05-31,S,sale,5000,523736.00,104.7472,,,,,unknown,,2,0,Class A Common,D,4,0001140361-12-028148,,https://www.sec.gov/Archives/edgar/data/949870/000114036112028148/doc1.xml
SAM,949870,C. James Koch,1008079,2012-05-31,2012-05-30,S,sale,5000,529051.20,105.8102,,,,,unknown,,2,0,Class A Common,D,4,0001140361-12-027935,,https://www.sec.gov/Archives/edgar/data/949870/000114036112027935/doc1.xml
SAM,949870,C. James Koch,1008079,2012-05-30,2012-05-29,S,sale,5000,536238.00,107.2476,,,,,unknown,,3,0,Class A Common,D,4,0001140361-12-027847,,https://www.sec.gov/Archives/edgar/data/949870/000114036112027847/doc1.xml
SAM,949870,C. James Koch,1008079,2012-05-29,2012-05-25,S,sale,5000,527258.00,105.4516,,,,,unknown,,2,0,Class A Common,D,4,0001140361-12-027525,,https://www.sec.gov/Archives/edgar/data/949870/000114036112027525/doc1.xml
SAM,949870,C. James Koch,1008079,2012-05-25,2012-05-24,S,sale,5000,532160.00,106.4320,,,,,unknown,,2,0,Class A Common,D,4,0001140361-12-027392,,https://www.sec.gov/Archives/edgar/data/949870/000114036112027392/doc1.xml
SAM,949870,C. James Koch,1008079,2012-05-24,2012-05-23,S,sale,5000,522225.00,104.4450,,,,,unknown,,3,0,Class A Common,D,4,0001140361-12-027194,,https://www.sec.gov/Archives/edgar/data/949870/000114036112027194/doc1.xml
SAM,949870,C. James Koch,1008079,2012-05-24,2012-05-22,S,sale,5000,529109.94,105.8220,,,,,unknown,,4,0,Class A Common,D,4,0001140361-12-027187,,https://www.sec.gov/Archives/edgar/data/949870/000114036112027187/doc1.xml
SAM,949870,C. James Koch,1008079,2012-05-22,2012-05-21,S,sale,5000,524707.00,104.9414,,,,,unknown,,3,0,Class A Common,D,4,0001140361-12-026719,,https://www.sec.gov/Archives/edgar/data/949870/000114036112026719/doc1.xml
SAM,949870,C. James Koch,1008079,2012-04-13,2012-04-13,S,sale,2339,239003.23,102.1818,,,,,unknown,,1,0,Class A Common,D,4,0001140361-12-020369,,https://www.sec.gov/Archives/edgar/data/949870/000114036112020369/doc1.xml
SAM,949870,C. James Koch,1008079,2012-04-12,2012-04-12,S,sale,3000,307900.74,102.6336,,,,,unknown,,2,0,Class A Common,D,4,0001140361-12-020267,,https://www.sec.gov/Archives/edgar/data/949870/000114036112020267/doc1.xml
SAM,949870,C. James Koch,1008079,2012-04-11,2012-04-11,S,sale,3000,306645.60,102.2152,,,,,unknown,,1,0,Class A Common,D,4,0001140361-12-020108,,https://www.sec.gov/Archives/edgar/data/949870/000114036112020108/doc1.xml
SAM,949870,C. James Koch,1008079,2012-04-10,2012-04-10,S,sale,3000,306463.96,102.1547,,,,,unknown,,2,0,Class A Common,D,4,0001140361-12-019892,,https://www.sec.gov/Archives/edgar/data/949870/000114036112019892/doc1.xml
SAM,949870,C. James Koch,1008079,2012-04-09,2012-04-09,S,sale,3000,305531.70,101.8439,,,,,unknown,,1,0,Class A Common,D,4,0001140361-12-019795,,https://www.sec.gov/Archives/edgar/data/949870/000114036112019795/doc1.xml
SAM,949870,C. James Koch,1008079,2012-04-05,2012-04-05,S,sale,3000,307027.07,102.3424,,,,,unknown,,2,0,Class A Common,D,4,0001140361-12-019519,,https://www.sec.gov/Archives/edgar/data/949870/000114036112019519/doc1.xml
SAM,949870,C. James Koch,1008079,2012-04-04,2012-04-04,S,sale,3000,313150.63,104.3835,,,,,unknown,,2,0,Class A Common,D,4,0001140361-12-019183,,https://www.sec.gov/Archives/edgar/data/949870/000114036112019183/doc1.xml
SAM,949870,C. James Koch,1008079,2012-04-03,2012-04-03,S,sale,3000,319391.10,106.4637,,,,,unknown,,1,0,Class A Common,D,4,0001140361-12-018780,,https://www.sec.gov/Archives/edgar/data/949870/000114036112018780/doc1.xml
SAM,949870,C. James Koch,1008079,2012-04-03,2012-04-02,S,sale,3000,319290.90,106.4303,,,,,unknown,,1,0,Class A Common,D,4,0001140361-12-018699,,https://www.sec.gov/Archives/edgar/data/949870/000114036112018699/doc1.xml
SAM,949870,C. James Koch,1008079,2012-04-02,2012-03-30,S,sale,3000,320351.70,106.7839,,,,,unknown,,1,0,Class A Common,D,4,0001140361-12-018488,,https://www.sec.gov/Archives/edgar/data/949870/000114036112018488/doc1.xml
SAM,949870,C. James Koch,1008079,2012-03-29,2012-03-29,S,sale,3000,313044.90,104.3483,,,,,unknown,,1,0,Class A Common,D,4,0001140361-12-018025,,https://www.sec.gov/Archives/edgar/data/949870/000114036112018025/doc1.xml
SAM,949870,C. James Koch,1008079,2012-03-29,2012-03-28,S,sale,3000,312748.15,104.2494,,,,,unknown,,2,0,Class A Common,D,4,0001140361-12-017982,,https://www.sec.gov/Archives/edgar/data/949870/000114036112017982/doc1.xml
SAM,949870,C. James Koch,1008079,2012-03-27,2012-03-27,S,sale,3000,317784.00,105.9280,,,,,unknown,,1,0,Class A Common,D,4,0001140361-12-017542,,https://www.sec.gov/Archives/edgar/data/949870/000114036112017542/doc1.xml
SAM,949870,C. James Koch,1008079,2012-03-26,2012-03-26,S,sale,3000,312273.30,104.0911,,,,,unknown,,1,0,Class A Common,D,4,0001140361-12-017366,,https://www.sec.gov/Archives/edgar/data/949870/000114036112017366/doc1.xml
SAM,949870,C. James Koch,1008079,2012-03-26,2012-03-23,S,sale,3000,302089.20,100.6964,,,,,unknown,,1,0,Class A Common,D,4,0001140361-12-017365,,https://www.sec.gov/Archives/edgar/data/949870/000114036112017365/doc1.xml
SAM,949870,C. James Koch,1008079,2012-03-23,2012-03-22,S,sale,3000,300074.10,100.0247,,,,,unknown,,1,0,Class A Common,D,4,0001140361-12-017242,,https://www.sec.gov/Archives/edgar/data/949870/000114036112017242/doc1.xml
SAM,949870,C. James Koch,1008079,2012-03-22,2012-03-21,S,sale,1152,115206.57,100.0057,,,,,unknown,,1,0,Class A Common,D,4,0001140361-12-017076,,https://www.sec.gov/Archives/edgar/data/949870/000114036112017076/doc1.xml
SAM,949870,C. James Koch,1008079,2012-03-21,2012-03-20,S,sale,1009,100904.04,100.0040,,,,,unknown,,1,0,Class A Common,D,4,0001140361-12-016906,,https://www.sec.gov/Archives/edgar/data/949870/000114036112016906/doc1.xml
SAM,949870,C. James Koch,1008079,2012-03-21,2012-03-19,S,sale,500,50116.10,100.2322,,,,,unknown,,1,0,Class A Common,D,4,0001140361-12-016895,,https://www.sec.gov/Archives/edgar/data/949870/000114036112016895/doc1.xml
SAM,949870,C. James Koch,1008079,2010-10-12,2010-10-11,S,sale,2000,133458.00,66.7290,,,,,unknown,,1,0,Class A Common,D,4,0001140361-10-040721,,https://www.sec.gov/Archives/edgar/data/949870/000114036110040721/doc1.xml
SAM,949870,C. James Koch,1008079,2010-10-12,2010-10-08,S,sale,2000,133211.40,66.6057,,,,,unknown,,1,0,Class A Common,D,4,0001140361-10-040708,,https://www.sec.gov/Archives/edgar/data/949870/000114036110040708/doc1.xml
SAM,949870,C. James Koch,1008079,2010-10-08,2010-10-07,S,sale,2000,132604.00,66.3020,,,,,unknown,,1,0,Class A Common,D,4,0001140361-10-040521,,https://www.sec.gov/Archives/edgar/data/949870/000114036110040521/doc1.xml
SAM,949870,C. James Koch,1008079,2010-10-07,2010-10-06,S,sale,2000,133440.60,66.7203,,,,,unknown,,1,0,Class A Common,D,4,0001140361-10-040351,,https://www.sec.gov/Archives/edgar/data/949870/000114036110040351/doc1.xml
SAM,949870,C. James Koch,1008079,2010-10-05,2010-10-05,S,sale,2000,133967.80,66.9839,,,,,unknown,,1,0,Class A Common,D,4,0001140361-10-040065,,https://www.sec.gov/Archives/edgar/data/949870/000114036110040065/doc1.xml
SAM,949870,C. James Koch,1008079,2010-10-05,2010-10-04,S,sale,2000,132467.00,66.2335,,,,,unknown,,1,0,Class A Common,D,4,0001140361-10-039819,,https://www.sec.gov/Archives/edgar/data/949870/000114036110039819/doc1.xml
SAM,949870,C. James Koch,1008079,2010-10-04,2010-10-01,S,sale,2000,134005.00,67.0025,,,,,unknown,,1,0,Class A Common,D,4,0001140361-10-039572,,https://www.sec.gov/Archives/edgar/data/949870/000114036110039572/doc1.xml
SAM,949870,C. James Koch,1008079,2010-09-30,2010-09-30,S,sale,2000,134005.00,67.0025,,,,,unknown,,1,0,Class A Common,D,4,0001140361-10-039143,,https://www.sec.gov/Archives/edgar/data/949870/000114036110039143/doc1.xml
SAM,949870,C. James Koch,1008079,2010-09-30,2010-09-29,S,sale,2000,135126.00,67.5630,,,,,unknown,,1,0,Class A Common,D,4,0001140361-10-039027,,https://www.sec.gov/Archives/edgar/data/949870/000114036110039027/doc1.xml
SAM,949870,C. James Koch,1008079,2010-09-29,2010-09-28,S,sale,2000,135072.60,67.5363,,,,,unknown,,1,0,Class A Common,D,4,0001140361-10-038862,,https://www.sec.gov/Archives/edgar/data/949870/000114036110038862/doc1.xml
SAM,949870,C. James Koch,1008079,2010-09-28,2010-09-27,S,sale,2000,136361.00,68.1805,,,,,unknown,,1,0,Class A Common,D,4,0001140361-10-038715,,https://www.sec.gov/Archives/edgar/data/949870/000114036110038715/doc1.xml
SAM,949870,C. James Koch,1008079,2010-09-27,2010-09-24,S,sale,2000,136290.80,68.1454,,,,,unknown,,1,0,Class A Common,D,4,0001140361-10-038568,,https://www.sec.gov/Archives/edgar/data/949870/000114036110038568/doc1.xml
SAM,949870,C. James Koch,1008079,2010-09-24,2010-09-23,S,sale,2000,134235.80,67.1179,,,,,unknown,,1,0,Class A Common,D,4,0001140361-10-038455,,https://www.sec.gov/Archives/edgar/data/949870/000114036110038455/doc1.xml
SAM,949870,C. James Koch,1008079,2010-09-22,2010-09-22,S,sale,2000,135249.00,67.6245,,,,,unknown,,1,0,Class A Common,D,4,0001140361-10-038275,,https://www.sec.gov/Archives/edgar/data/949870/000114036110038275/doc1.xml
SAM,949870,C. James Koch,1008079,2010-09-22,2010-09-21,S,sale,2000,137408.60,68.7043,,,,,unknown,,1,0,Class A Common,D,4,0001140361-10-038232,,https://www.sec.gov/Archives/edgar/data/949870/000114036110038232/doc1.xml
SAM,949870,C. James Koch,1008079,2010-09-22,2010-09-20,S,sale,2000,138210.60,69.1053,,,,,unknown,,1,0,Class A Common,D,4,0001140361-10-038230,,https://www.sec.gov/Archives/edgar/data/949870/000114036110038230/doc1.xml
SAM,949870,C. James Koch,1008079,2010-09-17,2010-09-17,S,sale,2000,136920.00,68.4600,,,,,unknown,,1,0,Class A Common,D,4,0001140361-10-037775,,https://www.sec.gov/Archives/edgar/data/949870/000114036110037775/doc1.xml
SAM,949870,C. James Koch,1008079,2010-09-17,2010-09-16,S,sale,2000,136641.00,68.3205,,,,,unknown,,1,0,Class A Common,D,4,0001140361-10-037700,,https://www.sec.gov/Archives/edgar/data/949870/000114036110037700/doc1.xml
SAM,949870,C. James Koch,1008079,2010-09-16,2010-09-15,S,sale,2000,136185.40,68.0927,,,,,unknown,,1,0,Class A Common,D,4,0001140361-10-037494,,https://www.sec.gov/Archives/edgar/data/949870/000114036110037494/doc1.xml
SAM,949870,C. James Koch,1008079,2010-09-15,2010-09-14,S,sale,2000,135136.00,67.5680,,,,,unknown,,1,0,Class A Common,D,4,0001140361-10-037304,,https://www.sec.gov/Archives/edgar/data/949870/000114036110037304/doc1.xml
SAM,949870,C. James Koch,1008079,2010-09-13,2010-09-13,S,sale,2000,135963.40,67.9817,,,,,unknown,,1,0,Class A Common,D,4,0001140361-10-036993,,https://www.sec.gov/Archives/edgar/data/949870/000114036110036993/doc1.xml
SAM,949870,C. James Koch,1008079,2010-09-13,2010-09-10,S,sale,2000,134861.40,67.4307,,,,,unknown,,1,0,Class A Common,D,4,0001140361-10-036935,,https://www.sec.gov/Archives/edgar/data/949870/000114036110036935/doc1.xml
SAM,949870,C. James Koch,1008079,2010-09-10,2010-09-09,S,sale,2000,135284.40,67.6422,,,,,unknown,,1,0,Class A Common,D,4,0001140361-10-036788,,https://www.sec.gov/Archives/edgar/data/949870/000114036110036788/doc1.xml
SAM,949870,C. James Koch,1008079,2010-09-09,2010-09-08,S,sale,2000,135805.00,67.9025,,,,,unknown,,1,0,Class A Common,D,4,0001140361-10-036654,,https://www.sec.gov/Archives/edgar/data/949870/000114036110036654/doc1.xml
SAM,949870,C. James Koch,1008079,2010-09-08,2010-09-07,S,sale,2000,135059.00,67.5295,,,,,unknown,,1,0,Class A Common,D,4,0001140361-10-036398,,https://www.sec.gov/Archives/edgar/data/949870/000114036110036398/doc1.xml
SAM,949870,C. James Koch,1008079,2010-09-07,2010-09-03,S,sale,2000,137134.60,68.5673,,,,,unknown,,1,0,Class A Common,D,4,0001140361-10-036259,,https://www.sec.gov/Archives/edgar/data/949870/000114036110036259/doc1.xml
SAM,949870,C. James Koch,1008079,2010-09-07,2010-09-02,S,sale,2000,135031.60,67.5158,,,,,unknown,,1,0,Class A Common,D,4,0001140361-10-036257,,https://www.sec.gov/Archives/edgar/data/949870/000114036110036257/doc1.xml
SAM,949870,C. James Koch,1008079,2010-09-01,2010-09-01,S,sale,2000,133027.00,66.5135,,,,,unknown,,1,0,Class A Common,D,4,0001140361-10-035822,,https://www.sec.gov/Archives/edgar/data/949870/000114036110035822/doc1.xml
SAM,949870,C. James Koch,1008079,2010-08-31,2010-08-31,S,sale,2000,131817.00,65.9085,,,,,unknown,,1,0,Class A Common,D,4,0001140361-10-035645,,https://www.sec.gov/Archives/edgar/data/949870/000114036110035645/doc1.xml
SAM,949870,C. James Koch,1008079,2010-08-31,2010-08-30,S,sale,2000,132381.00,66.1905,,,,,unknown,,1,0,Class A Common,D,4,0001140361-10-035607,,https://www.sec.gov/Archives/edgar/data/949870/000114036110035607/doc1.xml
SAM,949870,C. James Koch,1008079,2008-08-19,2008-06-30,P,open-market purchase,8199,333535.32,40.6800,,,,,unknown,,1,0,Class A Common,D,4,0001140361-08-019787,,https://www.sec.gov/Archives/edgar/data/949870/000114036108019787/doc1.xml
SAM,949870,C. James Koch,1008079,2008-03-21,2008-03-20,S,sale,4400,210367.00,47.8107,,,,,unknown,M,26,0,Class A Common,D,4,0001140361-08-007434,,https://www.sec.gov/Archives/edgar/data/949870/000114036108007434/doc1.xml
SAM,949870,C. James Koch,1008079,2008-03-21,2008-03-20,S,sale,5600,261054.00,46.6168,,,,,unknown,,21,0,Class A Common,D,4,0001140361-08-007435,,https://www.sec.gov/Archives/edgar/data/949870/000114036108007435/doc1.xml
SAM,949870,C. James Koch,1008079,2007-03-26,2007-03-26,S,sale,3700,124954.92,33.7716,,,,,unknown,M,1,0,Class A Common,D,4,0001140361-07-006305,,https://www.sec.gov/Archives/edgar/data/949870/000114036107006305/doc1.xml
SAM,949870,C. James Koch,1008079,2007-03-26,2007-03-26,S,sale,3700,124954.92,33.7716,,,,,unknown,M,1,0,Class A Common,D,4,0001140361-07-006306,,https://www.sec.gov/Archives/edgar/data/949870/000114036107006306/doc1.xml
SAM,949870,C. James Koch,1008079,2007-03-26,2007-03-26,S,sale,3700,124954.92,33.7716,,,,,unknown,M,1,0,Class A Common,D,4,0001140361-07-006307,,https://www.sec.gov/Archives/edgar/data/949870/000114036107006307/doc1.xml
SAM,949870,C. James Koch,1008079,2007-03-26,2007-03-23,S,sale,3300,112525.05,34.0985,,,,,unknown,M,1,0,Class A Common,D,4,0001140361-07-006304,,https://www.sec.gov/Archives/edgar/data/949870/000114036107006304/doc1.xml
SAM,949870,C. James Koch,1008079,2007-03-26,2007-03-23,S,sale,3300,112525.05,34.0985,,,,,unknown,M,1,0,Class A Common,D,4,0001140361-07-006314,,https://www.sec.gov/Archives/edgar/data/949870/000114036107006314/doc1.xml
SAM,949870,C. James Koch,1008079,2006-03-30,2006-03-28,S,sale,3900,103389.00,26.5100,,,,,unknown,M,29,0,Class A Common,D,4,0001140361-06-004787,,https://www.sec.gov/Archives/edgar/data/949870/000114036106004787/doc1.xml
SAM,949870,C. James Koch,1008079,2006-03-30,2006-03-28,S,sale,1100,28639.00,26.0355,,,,,unknown,,6,0,Class A Common,D,4,0001140361-06-004788,,https://www.sec.gov/Archives/edgar/data/949870/000114036106004788/doc1.xml
SAM,949870,C. James Koch,1008079,2006-03-29,2006-03-27,S,sale,5000,133467.00,26.6934,,,,,unknown,M,20,0,Class A Common,D,4,0001140361-06-004735,,https://www.sec.gov/Archives/edgar/data/949870/000114036106004735/doc1.xml
SAM,949870,C. James Koch,1008079,2006-03-27,2006-03-24,S,sale,5000,135428.00,27.0856,,,,,unknown,M,11,0,Class A Common,D,4,0001140361-06-004588,,https://www.sec.gov/Archives/edgar/data/949870/000114036106004588/doc1.xml
SAM,949870,C. James Koch,1008079,2006-03-27,2006-03-23,S,sale,5000,134968.00,26.9936,,,,,unknown,M,13,0,Class A Common,D,4,0001140361-06-004587,,https://www.sec.gov/Archives/edgar/data/949870/000114036106004587/doc1.xml
SAM,949870,C. James Koch,1008079,2006-03-20,2006-03-17,S,sale,650,17200.00,26.4615,,,,,unknown,,2,0,Class A Common,I,4,0001140361-06-004188,,https://www.sec.gov/Archives/edgar/data/949870/000114036106004188/doc1.xml
SAM,949870,C. James Koch,1008079,2006-03-07,2006-03-06,S,sale,650,17010.50,26.1700,,,,,unknown,,6,0,Class A Common,I,4,0001140361-06-003491,,https://www.sec.gov/Archives/edgar/data/949870/000114036106003491/doc1.xml
SAM,949870,C. James Koch,1008079,2006-03-02,2006-03-01,S,sale,650,17293.00,26.6046,,,,,unknown,,5,0,Class A Common,I,4,0001140361-06-003293,,https://www.sec.gov/Archives/edgar/data/949870/000114036106003293/doc1.xml
SAM,949870,C. James Koch,1008079,2006-02-28,2006-02-24,S,sale,650,16557.50,25.4731,,,,,unknown,,5,0,Class A Common,I,4,0001140361-06-003081,,https://www.sec.gov/Archives/edgar/data/949870/000114036106003081/doc1.xml
SAM,949870,C. James Koch,1008079,2006-02-22,2006-02-17,S,sale,650,16904.50,26.0069,,,,,unknown,,6,0,CLass A Common | Class A Common,I,4/A,0001140361-06-002829,,https://www.sec.gov/Archives/edgar/data/949870/000114036106002829/doc1.xml
SAM,949870,C. James Koch,1008079,2006-02-09,2006-02-08,S,sale,650,16672.00,25.6492,,,,,unknown,,5,0,Class A Common,I,4,0001140361-06-001901,,https://www.sec.gov/Archives/edgar/data/949870/000114036106001901/doc1.xml
SAM,949870,C. James Koch,1008079,2006-02-06,2006-02-03,S,sale,650,16250.00,25.0000,,,,,unknown,,1,0,Class A Common,I,4,0001140361-06-001653,,https://www.sec.gov/Archives/edgar/data/949870/000114036106001653/doc1.xml
SAM,949870,C. James Koch,1008079,2006-01-25,2006-01-24,S,sale,650,17016.50,26.1792,,,,,unknown,,5,0,Class A Common,I,4,0001140361-06-001049,,https://www.sec.gov/Archives/edgar/data/949870/000114036106001049/doc1.xml
SAM,949870,C. James Koch,1008079,2006-01-20,2006-01-19,S,sale,650,16956.00,26.0862,,,,,unknown,,6,0,Class A Common,I,4,0001140361-06-000900,,https://www.sec.gov/Archives/edgar/data/949870/000114036106000900/doc1.xml
SAM,949870,C. James Koch,1008079,2006-01-10,2006-01-09,S,sale,650,16422.50,25.2654,,,,,unknown,,6,0,Class A Common,I,4,0001140361-06-000475,,https://www.sec.gov/Archives/edgar/data/949870/000114036106000475/doc1.xml
SAM,949870,C. James Koch,1008079,2006-01-06,2006-01-05,S,sale,650,16296.99,25.0723,,,,,unknown,,1,0,Class A Common,I,4,0001140361-06-000387,,https://www.sec.gov/Archives/edgar/data/949870/000114036106000387/doc1.xml
SAM,949870,C. James Koch,1008079,2005-12-30,2005-12-29,S,sale,650,16265.00,25.0231,,,,,unknown,,6,0,Class A Common,DI,4,0001140361-05-011563,,https://www.sec.gov/Archives/edgar/data/949870/000114036105011563/doc1.xml
SAM,949870,C. James Koch,1008079,2005-12-30,2005-12-29,S,sale,650,16265.00,25.0231,,,,,unknown,,6,0,Class A Common,I,4/A,0001140361-05-011574,,https://www.sec.gov/Archives/edgar/data/949870/000114036105011574/doc1.xml
SAM,949870,C. James Koch,1008079,2005-12-21,2005-12-20,S,sale,650,16568.50,25.4900,,,,,unknown,,1,0,Class A Common,I,4,0001140361-05-011254,,https://www.sec.gov/Archives/edgar/data/949870/000114036105011254/doc1.xml
SAM,949870,C. James Koch,1008079,2005-12-14,2005-12-12,S,sale,650,16793.00,25.8354,,,,,unknown,,6,0,Class A Common,I,4,0001140361-05-010861,,https://www.sec.gov/Archives/edgar/data/949870/000114036105010861/doc1.xml
SAM,949870,C. James Koch,1008079,2005-12-12,2005-12-09,S,sale,650,16727.00,25.7338,,,,,unknown,,6,0,Class A Common,I,4,0001140361-05-010781,,https://www.sec.gov/Archives/edgar/data/949870/000114036105010781/doc1.xml
SAM,949870,C. James Koch,1008079,2005-12-05,2005-12-02,S,sale,650,17425.00,26.8077,,,,,unknown,,6,0,Class A Common,I,4,0001140361-05-010538,,https://www.sec.gov/Archives/edgar/data/949870/000114036105010538/doc1.xml
SAM,949870,C. James Koch,1008079,2005-07-28,2005-07-27,S,sale,5000,110650.00,22.1300,,,,,unknown,,1,0,Class A Common,I,4,0001140361-05-005462,,https://www.sec.gov/Archives/edgar/data/949870/000114036105005462/doc1.xml
SAM,949870,C. James Koch,1008079,2005-07-19,2005-07-18,S,sale,5000,111750.00,22.3500,,,,,unknown,,1,0,Class A Common,I,4,0001140361-05-005313,,https://www.sec.gov/Archives/edgar/data/949870/000114036105005313/doc1.xml
SAM,949870,C. James Koch,1008079,2005-07-15,2005-07-13,S,sale,5000,112525.00,22.5050,,,,,unknown,,1,0,Class A Common,I,4,0001140361-05-005243,,https://www.sec.gov/Archives/edgar/data/949870/000114036105005243/doc1.xml
SAM,949870,C. James Koch,1008079,2005-07-06,2005-07-05,S,sale,5000,113000.00,22.6000,,,,,unknown,,1,0,Class A Common,I,4,0001140361-05-005054,,https://www.sec.gov/Archives/edgar/data/949870/000114036105005054/doc1.xml
SAM,949870,C. James Koch,1008079,2005-07-05,2005-07-01,S,sale,5000,112590.00,22.5180,,,,,unknown,,1,0,Class A Common,I,4,0001140361-05-004953,,https://www.sec.gov/Archives/edgar/data/949870/000114036105004953/doc1.xml
SAM,949870,C. James Koch,1008079,2005-06-23,2005-06-22,S,sale,5000,115000.00,23.0000,,,,,unknown,,1,0,Class A Common,I,4,0001140361-05-004711,,https://www.sec.gov/Archives/edgar/data/949870/000114036105004711/doc1.xml
SAM,949870,C. James Koch,1008079,2005-06-15,2005-06-14,S,sale,5000,112900.00,22.5800,,,,,unknown,,2,0,Class A Common,I,4,0001140361-05-004514,,https://www.sec.gov/Archives/edgar/data/949870/000114036105004514/doc1.xml
SAM,949870,C. James Koch,1008079,2005-06-10,2005-06-09,S,sale,5000,107500.00,21.5000,,,,,unknown,,1,0,Class A Common,I,4,0001140361-05-004424,,https://www.sec.gov/Archives/edgar/data/949870/000114036105004424/doc1.xml
SAM,949870,C. James Koch,1008079,2005-06-02,2005-06-01,S,sale,5000,105550.00,21.1100,,,,,unknown,,1,0,Class A Common,I,4,0001140361-05-004239,,https://www.sec.gov/Archives/edgar/data/949870/000114036105004239/doc1.xml
SAM,949870,C. James Koch,1008079,2005-05-24,2005-05-23,S,sale,5000,103943.00,20.7886,,,,,unknown,,5,0,Class A Common,I,4,0001140361-05-003920,,https://www.sec.gov/Archives/edgar/data/949870/000114036105003920/doc1.xml
SAM,949870,C. James Koch,1008079,2005-05-19,2005-05-18,S,sale,5000,105027.00,21.0054,,,,,unknown,,5,0,Class A Common,I,4,0001140361-05-003792,,https://www.sec.gov/Archives/edgar/data/949870/000114036105003792/doc1.xml
SAM,949870,C. James Koch,1008079,2005-05-16,2005-05-13,S,sale,5000,104528.00,20.9056,,,,,unknown,,4,0,Class A Common,I,4,0001140361-05-003663,,https://www.sec.gov/Archives/edgar/data/949870/000114036105003663/doc1.xml
SAM,949870,C. James Koch,1008079,2005-05-04,2005-05-03,S,sale,5000,100945.00,20.1890,,,,,unknown,,5,0,Class A Common,I,4,0001140361-05-003394,,https://www.sec.gov/Archives/edgar/data/949870/000114036105003394/doc1.xml
SAM,949870,C. James Koch,1008079,2005-04-28,2005-04-27,S,sale,5000,106500.00,21.3000,,,,,unknown,,1,0,Class A Common,I,4,0001140361-05-003150,,https://www.sec.gov/Archives/edgar/data/949870/000114036105003150/doc1.xml
SAM,949870,C. James Koch,1008079,2005-04-19,2005-04-18,S,sale,5000,107009.00,21.4018,,,,,unknown,,6,0,Class A Common,I,4,0001140361-05-002929,,https://www.sec.gov/Archives/edgar/data/949870/000114036105002929/doc1.xml
SAM,949870,C. James Koch,1008079,2005-04-15,2005-04-15,S,sale,1000,21550.00,21.5500,,,,,unknown,,1,0,Class A Common,I,4,0001140361-05-002904,,https://www.sec.gov/Archives/edgar/data/949870/000114036105002904/doc1.xml
SAM,949870,C. James Koch,1008079,2005-04-15,2005-04-14,S,sale,4000,85701.00,21.4252,,,,,unknown,,3,0,Class A Common,I,4,0001140361-05-002904,,https://www.sec.gov/Archives/edgar/data/949870/000114036105002904/doc1.xml
SAM,949870,C. James Koch,1008079,2005-04-06,2005-04-05,S,sale,5000,109623.00,21.9246,,,,,unknown,,4,0,Class A Common,I,4,0001140361-05-002758,,https://www.sec.gov/Archives/edgar/data/949870/000114036105002758/doc1.xml
SAM,949870,C. James Koch,1008079,2005-04-04,2005-04-01,S,sale,5000,107256.00,21.4512,,,,,unknown,,1,0,Class A Common,I,4,0001140361-05-002628,,https://www.sec.gov/Archives/edgar/data/949870/000114036105002628/doc1.xml
SAM,949870,C. James Koch,1008079,2005-03-23,2005-03-22,S,sale,5000,112335.00,22.4670,,,,,unknown,,1,0,Class A Common,I,4,0001140361-05-002308,,https://www.sec.gov/Archives/edgar/data/949870/000114036105002308/doc1.xml
SAM,949870,C. James Koch,1008079,2005-03-18,2005-03-17,S,sale,5000,116070.00,23.2140,,,,,unknown,,2,0,Class A Common,I,4,0001140361-05-002210,,https://www.sec.gov/Archives/edgar/data/949870/000114036105002210/doc1.xml
SAM,949870,C. James Koch,1008079,2005-03-11,2005-03-09,S,sale,5000,119993.00,23.9986,,,,,unknown,,11,0,Class A Common,I,4,0001140361-05-002022,,https://www.sec.gov/Archives/edgar/data/949870/000114036105002022/doc1.xml
SAM,949870,C. James Koch,1008079,2005-03-02,2005-02-28,S,sale,4900,116463.00,23.7680,,,,,unknown,,18,0,Class A Common,I,4,0001140361-05-001846,,https://www.sec.gov/Archives/edgar/data/949870/000114036105001846/doc1.xml
SAM,949870,C. James Koch,1008079,2005-03-02,2005-02-23,S,sale,100,2385.00,23.8500,,,,,unknown,,1,0,Class A Common,I,4,0001140361-05-001846,,https://www.sec.gov/Archives/edgar/data/949870/000114036105001846/doc1.xml
SAM,949870,C. James Koch,1008079,2005-02-24,2005-02-23,S,sale,5000,120626.00,24.1252,,,,,unknown,,22,0,Class A Common,I,4,0001140361-05-001638,,https://www.sec.gov/Archives/edgar/data/949870/000114036105001638/doc1.xml
SAM,949870,C. James Koch,1008079,2005-02-16,2005-02-15,S,sale,5000,120655.00,24.1310,,,,,unknown,,16,0,Class A Common,I,4,0001140361-05-001396,,https://www.sec.gov/Archives/edgar/data/949870/000114036105001396/doc1.xml
SAM,949870,C. James Koch,1008079,2005-02-15,2005-02-11,S,sale,5000,118930.00,23.7860,,,,,unknown,,4,0,Class A Common,I,4,0001140361-05-001342,,https://www.sec.gov/Archives/edgar/data/949870/000114036105001342/doc1.xml
SAM,949870,C. James Koch,1008079,2005-02-02,2005-02-01,S,sale,5000,116325.00,23.2650,,,,,unknown,,6,0,Class A Common,I,4,0001140361-05-000858,,https://www.sec.gov/Archives/edgar/data/949870/000114036105000858/doc1.xml
SAM,949870,C. James Koch,1008079,2005-01-25,2005-01-24,S,sale,5000,117555.00,23.5110,,,,,unknown,,4,0,Class A Common,I,4,0001140361-05-000633,,https://www.sec.gov/Archives/edgar/data/949870/000114036105000633/doc1.xml
SAM,949870,C. James Koch,1008079,2005-01-20,2005-01-19,S,sale,5000,119975.00,23.9950,,,,,unknown,,5,0,Class A Common,I,4,0001140361-05-000515,,https://www.sec.gov/Archives/edgar/data/949870/000114036105000515/doc1.xml
SAM,949870,C. James Koch,1008079,2005-01-12,2005-01-11,S,sale,5000,104653.00,20.9306,,,,,unknown,,4,0,Class A Common,I,4,0001140361-05-000296,,https://www.sec.gov/Archives/edgar/data/949870/000114036105000296/doc1.xml
SAM,949870,C. James Koch,1008079,2005-01-06,2005-01-05,S,sale,5000,106515.00,21.3030,,,,,unknown,,5,0,Class A Common,I,4,0001140361-05-000217,,https://www.sec.gov/Archives/edgar/data/949870/000114036105000217/doc1.xml
SAM,949870,C. James Koch,1008079,2004-12-30,2004-12-29,S,sale,5000,104873.00,20.9746,,,,,unknown,,11,0,Class A Common,I,4,0001140361-04-007176,,https://www.sec.gov/Archives/edgar/data/949870/000114036104007176/doc1.xml
SAM,949870,C. James Koch,1008079,2004-12-30,2004-12-29,S,sale,5000,104873.00,20.9746,,,,,unknown,,11,0,Class A Common,I,4/A,0001140361-04-007177,,https://www.sec.gov/Archives/edgar/data/949870/000114036104007177/doc1.xml
SAM,949870,C. James Koch,1008079,2004-12-22,2004-12-21,S,sale,5000,106500.00,21.3000,,,,,unknown,,1,0,Class A Common,I,4,0001140361-04-007121,,https://www.sec.gov/Archives/edgar/data/949870/000114036104007121/doc1.xml
SAM,949870,C. James Koch,1008079,2004-12-16,2004-12-15,S,sale,5000,106007.00,21.2014,,,,,unknown,,28,0,Class A Common,I,4,0001140361-04-007024,,https://www.sec.gov/Archives/edgar/data/949870/000114036104007024/doc1.xml
SAM,949870,C. James Koch,1008079,2004-12-10,2004-12-09,S,sale,5000,108067.00,21.6134,,,,,unknown,,5,0,Class A Common,I,4,0001140361-04-006902,,https://www.sec.gov/Archives/edgar/data/949870/000114036104006902/doc1.xml
SAM,949870,C. James Koch,1008079,2004-11-04,2004-11-04,S,sale,5000,115466.00,23.0932,,,,,unknown,,1,0,Class A Common,D,4,0001140361-04-006191,,https://www.sec.gov/Archives/edgar/data/949870/000114036104006191/doc1.xml
SAM,949870,C. James Koch,1008079,2004-07-13,2004-07-12,S,sale,15000,297739.50,19.8493,,,,,unknown,,1,0,Class A Common,D,4,0001140361-04-004080,,https://www.sec.gov/Archives/edgar/data/949870/000114036104004080/doc1.xml
SAM,949870,C. James Koch,1008079,2004-07-12,2004-07-09,S,sale,7900,156571.68,19.8192,,,,,unknown,,1,0,Class A Common,D,4,0001140361-04-004075,,https://www.sec.gov/Archives/edgar/data/949870/000114036104004075/doc1.xml
SAM,949870,C. James Koch,1008079,2004-07-08,2004-07-08,S,sale,22600,447145.52,19.7852,,,,,unknown,,1,0,Class A Common,D,4,0001140361-04-004039,,https://www.sec.gov/Archives/edgar/data/949870/000114036104004039/doc1.xml
SAM,949870,C. James Koch,1008079,2004-07-08,2004-07-07,S,sale,14200,284285.42,20.0201,,,,,unknown,,1,0,Class A Common,D,4,0001140361-04-004037,,https://www.sec.gov/Archives/edgar/data/949870/000114036104004037/doc1.xml
SAM,949870,C. James Koch,1008079,2004-07-06,2004-07-06,S,sale,9800,196644.84,20.0658,,,,,unknown,,1,0,Class A Common,D,4,0001140361-04-003995,,https://www.sec.gov/Archives/edgar/data/949870/000114036104003995/doc1.xml
SAM,949870,C. James Koch,1008079,2004-07-06,2004-07-02,S,sale,25700,516613.69,20.1017,,,,,unknown,,1,0,Class A Common,D,4,0001140361-04-003988,,https://www.sec.gov/Archives/edgar/data/949870/000114036104003988/doc1.xml
SAM,949870,C. James Koch,1008079,2004-07-02,2004-07-01,S,sale,46700,937367.07,20.0721,,,,,unknown,,1,0,Class A Common,D,4,0001140361-04-003967,,https://www.sec.gov/Archives/edgar/data/949870/000114036104003967/doc1.xml
SAM,949870,C. James Koch,1008079,2004-06-30,2004-06-30,S,sale,29925,601905.47,20.1138,,,,,unknown,,1,0,Class A Common,D,4,0001140361-04-003863,,https://www.sec.gov/Archives/edgar/data/949870/000114036104003863/doc1.xml
SAM,949870,C. James Koch,1008079,2004-06-29,2004-06-29,S,sale,23175,474686.57,20.4827,,,,,unknown,,1,0,Class A Common,D,4,0001140361-04-003844,,https://www.sec.gov/Archives/edgar/data/949870/000114036104003844/doc1.xml
SAM,949870,C. James Koch,1008079,2004-05-28,2004-05-27,S,sale,125000,2428750.00,19.4300,,,,,unknown,,1,0,Class A Common,I,4,0001140361-04-003336,,https://www.sec.gov/Archives/edgar/data/949870/000114036104003336/doc1.xml
SAM,949870,C. James Koch,1008079,2004-04-01,2004-03-31,S,sale,59100,1075614.09,18.1999,,,,,unknown,,1,0,Class A Common,D,4,0001140361-04-002171,,https://www.sec.gov/Archives/edgar/data/949870/000114036104002171/doc1.xml
SAM,949870,C. James Koch,1008079,2004-03-31,2004-03-30,S,sale,40900,746412.73,18.2497,,,,,unknown,,1,0,Class A Common,D,4,0001140361-04-002099,,https://www.sec.gov/Archives/edgar/data/949870/000114036104002099/doc1.xml
SAM,949870,C. James Koch,1008079,2004-03-29,2004-03-26,S,sale,1000,17800.00,17.8000,,,,,unknown,,1,0,Class A Common,D,4,0001140361-04-002051,,https://www.sec.gov/Archives/edgar/data/949870/000114036104002051/doc1.xml
SAM,949870,C. James Koch,1008079,2004-03-25,2004-03-24,S,sale,1927,34570.38,17.9400,,,,,unknown,M,1,0,Class A Common,D,4,0001140361-04-002029,,https://www.sec.gov/Archives/edgar/data/949870/000114036104002029/doc1.xml
SAM,949870,C. James Koch,1008079,2004-03-16,2004-03-16,S,sale,16472,308180.22,18.7093,,,,,unknown,M,2,0,Class A Common,DI,4,0001140361-04-001918,,https://www.sec.gov/Archives/edgar/data/949870/000114036104001918/doc1.xml
SAM,949870,C. James Koch,1008079,2004-02-04,2002-01-15,P,open-market purchase,1416,21877.20,15.4500,,,,,unknown,,1,0,Class A Common,D,5,0001140361-04-000817,,https://www.sec.gov/Archives/edgar/data/949870/000114036104000817/doc1.xml
