ticker,cik,ceo,owner_cik,filed,traded,code,label,shares,value,avg_price,pct_of_holding,net_change,holding_after,residue,plan,other_codes,rows,unpriced_rows,securities,direct,form,accession,price_flag,url
BX,1393818,Stephen A. Schwarzman,1070844,2026-08-26,2026-08-25,S,exercise and sell,2572560,56210436.00,21.8500,,0,0,,discretionary,C,2,0,Class A Common Stock,I,4,0001193125-26-368713,,https://www.sec.gov/Archives/edgar/data/1393818/000119312526368713/ownership.xml
BX,1393818,Stephen A. Schwarzman,1070844,2026-08-24,2026-08-21,P,open-market purchase,272642,7126859.68,26.1400,,0,0,,discretionary,,2,0,Common Shares of Beneficial Interest,I,4,0001213900-26-093085,,https://www.sec.gov/Archives/edgar/data/1393818/000121390026093085/ownership.xml
BX,1393818,Stephen A. Schwarzman,1070844,2026-08-24,2026-06-23,P,open-market purchase,769893,20124999.99,26.1400,,0,0,,discretionary,,2,0,Common Shares of Beneficial Interest,I,4/A,0001213900-26-093080,,https://www.sec.gov/Archives/edgar/data/1393818/000121390026093080/ownership.xml
BX,1393818,Stephen A. Schwarzman,1070844,2026-08-13,2026-08-11,S,exercise and sell,2778124,2890638.02,1.0405,,0,0,,discretionary,,3,0,Common Stock,I,4,0001193125-26-349583,price 1.04 vs 21.85 median,https://www.sec.gov/Archives/edgar/data/1393818/000119312526349583/ownership.xml
BX,1393818,Stephen A. Schwarzman,1070844,2026-08-12,2026-08-10,S,exercise and sell,14500000,491115000.00,33.8700,,0,0,,discretionary,,1,0,"Common stock, par value $0.01 per share",I,4,0001193125-26-347014,,https://www.sec.gov/Archives/edgar/data/1393818/000119312526347014/ownership.xml
BX,1393818,Stephen A. Schwarzman,1070844,2026-08-06,2026-08-04,S,exercise and sell,1900000,3230000.00,1.7000,,0,0,,discretionary,,3,0,Common Stock,I,4,0001193125-26-338213,price 1.70 vs 21.85 median,https://www.sec.gov/Archives/edgar/data/1393818/000119312526338213/ownership.xml
BX,1393818,Stephen A. Schwarzman,1070844,2026-08-04,2026-07-31,S,exercise and sell,29695652,648849996.20,21.8500,,0,0,,discretionary,C,2,0,Class A Common Stock,I,4,0001193125-26-332966,,https://www.sec.gov/Archives/edgar/data/1393818/000119312526332966/ownership.xml
BX,1393818,Stephen A. Schwarzman,1070844,2026-07-24,2026-07-23,P,open-market purchase,573614,15000000.01,26.1500,,0,0,,discretionary,,1,0,Common Shares of Beneficial Interest,I,4,0001213900-26-081436,,https://www.sec.gov/Archives/edgar/data/1393818/000121390026081436/ownership.xml
BX,1393818,Stephen A. Schwarzman,1070844,2026-06-18,2026-06-16,S,exercise and sell,7477500,28228310.25,3.7751,,0,0,,discretionary,,7,0,Class A Common Stock,I,4,0001193125-26-276294,,https://www.sec.gov/Archives/edgar/data/1393818/000119312526276294/ownership.xml
BX,1393818,Stephen A. Schwarzman,1070844,2026-06-01,2026-05-28,S,exercise and sell,33317824,1217349994.40,36.5375,,0,0,,discretionary,,4,0,Class A Common Stock,I,4,0001193125-26-251451,,https://www.sec.gov/Archives/edgar/data/1393818/000119312526251451/ownership.xml
BX,1393818,Stephen A. Schwarzman,1070844,2026-05-19,2026-05-15,P,open-market purchase,9486795,189735900.00,20.0000,,0,0,,discretionary,,2,0,Common Stock,I,4,0001193125-26-230882,,https://www.sec.gov/Archives/edgar/data/1393818/000119312526230882/ownership.xml
BX,1393818,Stephen A. Schwarzman,1070844,2026-05-12,2026-03-03,S,exercise and sell,25000,475000.00,19.0000,,0,0,,discretionary,,1,0,Class A Common Stock,I,4,0001193125-26-220232,,https://www.sec.gov/Archives/edgar/data/1393818/000119312526220232/ownership.xml
BX,1393818,Stephen A. Schwarzman,1070844,2026-05-12,2026-02-12,P,open-market purchase,100000,1766000.00,17.6600,,0,0,,discretionary,,1,0,Class A Common Stock,I,4,0001193125-26-220232,,https://www.sec.gov/Archives/edgar/data/1393818/000119312526220232/ownership.xml
BX,1393818,Stephen A. Schwarzman,1070844,2026-04-09,2026-04-09,S,exercise and sell,15394112,831282048.00,54.0000,,0,0,,discretionary,C,2,0,Class A Common Stock,I,4,0001193125-26-149867,,https://www.sec.gov/Archives/edgar/data/1393818/000119312526149867/ownership.xml
BX,1393818,Stephen A. Schwarzman,1070844,2026-03-23,2026-03-20,P,open-market purchase,2868069,75000000.01,26.1500,,0,0,,discretionary,,2,0,Common Shares of Beneficial Interest,I,4,0001213900-26-032972,,https://www.sec.gov/Archives/edgar/data/1393818/000121390026032972/ownership.xml
BX,1393818,Stephen A. Schwarzman,1070844,2026-03-19,2026-03-17,S,exercise and sell,7477504,26246039.04,3.5100,,0,0,,discretionary,,7,0,Class A Common Stock,I,4,0001193125-26-116399,,https://www.sec.gov/Archives/edgar/data/1393818/000119312526116399/ownership.xml
BX,1393818,Stephen A. Schwarzman,1070844,2026-03-12,2026-03-10,S,exercise and sell,27852986,1128268756.89,40.5080,,0,0,,discretionary,,4,0,Class A Common Stock,I,4,0001193125-26-104180,,https://www.sec.gov/Archives/edgar/data/1393818/000119312526104180/ownership.xml
BX,1393818,Stephen A. Schwarzman,1070844,2026-03-03,2026-02-27,S,exercise and sell,1596144,15961420.00,10.0000,,0,0,,discretionary,,5,2,Class A Common Stock | Class B Common Stock,I,4,0001193125-26-089103,,https://www.sec.gov/Archives/edgar/data/1393818/000119312526089103/ownership.xml
BX,1393818,Stephen A. Schwarzman,1070844,2026-02-24,2026-02-23,P,open-market purchase,1146789,29999999.98,26.1600,,0,0,,discretionary,,2,0,Common Shares of Beneficial Interest,I,4,0001213900-26-020011,,https://www.sec.gov/Archives/edgar/data/1393818/000121390026020011/ownership.xml
BX,1393818,Stephen A. Schwarzman,1070844,2026-01-08,2026-01-08,S,exercise and sell,1260326,56714670.00,45.0000,,0,0,,discretionary,C,2,0,Class A Common Stock,I,4,0001193125-26-007718,,https://www.sec.gov/Archives/edgar/data/1393818/000119312526007718/ownership.xml
BX,1393818,Stephen A. Schwarzman,1070844,2025-12-22,2025-12-19,P,open-market purchase,384468,9999999.99,26.0100,,0,0,,discretionary,,2,0,Common Shares of Beneficial Interest,I,4,0001213900-25-124629,,https://www.sec.gov/Archives/edgar/data/1393818/000121390025124629/ownership.xml
BX,1393818,Stephen A. Schwarzman,1070844,2025-12-22,2025-12-18,S,exercise and sell,13462600,381911075.58,28.3683,,0,0,,discretionary,,1,0,Class A Common Stock,I,4,0001193125-25-328815,,https://www.sec.gov/Archives/edgar/data/1393818/000119312525328815/ownership.xml
BX,1393818,Stephen A. Schwarzman,1070844,2025-12-16,2025-12-16,S,exercise and sell,8402178,378098010.00,45.0000,,0,0,,discretionary,C,2,0,Class A Common Stock,I,4,0001193125-25-320840,,https://www.sec.gov/Archives/edgar/data/1393818/000119312525320840/ownership.xml
BX,1393818,Stephen A. Schwarzman,1070844,2025-12-08,2025-12-04,S,exercise and sell,1596142,15961420.00,10.0000,,0,0,,discretionary,,3,0,Class A Common Stock,I,4,0001193125-25-311548,,https://www.sec.gov/Archives/edgar/data/1393818/000119312525311548/ownership.xml
BX,1393818,Stephen A. Schwarzman,1070844,2025-11-24,2025-11-21,P,open-market purchase,385208,9999999.99,25.9600,,0,0,,discretionary,,2,0,Common Shares of Beneficial Interest,I,4,0001213900-25-114198,,https://www.sec.gov/Archives/edgar/data/1393818/000121390025114198/ownership.xml
BX,1393818,Stephen A. Schwarzman,1070844,2025-10-21,2025-10-21,P,open-market purchase,9313155,239999999.99,25.7700,,0,0,,discretionary,,2,0,Common Shares of Beneficial Interest,I,4,0001213900-25-100922,,https://www.sec.gov/Archives/edgar/data/1393818/000121390025100922/ownership.xml
BX,1393818,Stephen A. Schwarzman,1070844,2025-09-22,2025-09-22,P,open-market purchase,2538071,65000000.00,25.6100,,0,0,,discretionary,,2,0,Common Shares of Beneficial Interest,I,4,0001213900-25-090224,,https://www.sec.gov/Archives/edgar/data/1393818/000121390025090224/ownership.xml
BX,1393818,Stephen A. Schwarzman,1070844,2025-08-22,2025-08-21,P,open-market purchase,3137255,80000000.00,25.5000,,0,0,,discretionary,,2,0,Common Shares of Beneficial Interest,I,4,0001213900-25-079912,,https://www.sec.gov/Archives/edgar/data/1393818/000121390025079912/ownership.xml
BX,1393818,Stephen A. Schwarzman,1070844,2025-08-15,2025-08-13,S,exercise and sell,16689884,104478673.84,6.2600,,0,0,,discretionary,C,7,0,Class A Common Stock,I,4,0000950170-25-109496,,https://www.sec.gov/Archives/edgar/data/1393818/000095017025109496/ownership.xml
BX,1393818,Stephen A. Schwarzman,1070844,2025-07-18,2025-07-18,P,open-market purchase,1189532,29999999.99,25.2200,,0,0,,discretionary,,1,0,Common Shares of Beneficial Interest,I,4,0001213900-25-065794,,https://www.sec.gov/Archives/edgar/data/1393818/000121390025065794/ownership.xml
BX,1393818,Stephen A. Schwarzman,1070844,2025-06-11,2025-06-09,S,exercise and sell,3000000,247830000.00,82.6100,,0,0,,discretionary,,5,0,"Common Stock, par value $0.01 per share",I,4,0000950170-25-084864,,https://www.sec.gov/Archives/edgar/data/1393818/000095017025084864/ownership.xml
BX,1393818,Stephen A. Schwarzman,1070844,2025-05-20,2025-05-19,S,exercise and sell,234563,18977952.84,80.9077,,0,0,,discretionary,,5,0,"Common Stock, par value $0.01 per share",I,4,0000950170-25-075247,,https://www.sec.gov/Archives/edgar/data/1393818/000095017025075247/ownership.xml
BX,1393818,Stephen A. Schwarzman,1070844,2025-05-20,2025-05-16,S,exercise and sell,1557994,126053711.15,80.9077,,0,0,,discretionary,,5,0,"Common Stock, par value $0.01 per share",I,4,0000950170-25-075247,,https://www.sec.gov/Archives/edgar/data/1393818/000095017025075247/ownership.xml
BX,1393818,Stephen A. Schwarzman,1070844,2025-05-02,2025-05-01,P,open-market purchase,1660000,24900000.00,15.0000,,0,0,,discretionary,,1,0,Class I Common Shares of Beneficial Interest,I,4,0000950170-25-062838,,https://www.sec.gov/Archives/edgar/data/1393818/000095017025062838/ownership.xml
BX,1393818,Stephen A. Schwarzman,1070844,2024-12-16,2024-12-12,S,exercise and sell,335487,27233157.22,81.1750,,0,0,,discretionary,,5,0,"Common Stock, par value $0.01 per share",I,4,0000950170-24-136679,,https://www.sec.gov/Archives/edgar/data/1393818/000095017024136679/ownership.xml
BX,1393818,Stephen A. Schwarzman,1070844,2024-08-23,2024-08-21,S,exercise and sell,30539203,506339985.74,16.5800,,0,0,,discretionary,,5,0,Ordinary Shares,I,4,0000950170-24-100224,,https://www.sec.gov/Archives/edgar/data/1393818/000095017024100224/ownership.xml
BX,1393818,Stephen A. Schwarzman,1070844,2024-05-23,2024-05-21,S,exercise and sell,20125000,328641250.00,16.3300,,0,0,,discretionary,,5,0,Ordinary Shares,I,4,0000950170-24-064090,,https://www.sec.gov/Archives/edgar/data/1393818/000095017024064090/ownership.xml
BX,1393818,Stephen A. Schwarzman,1070844,2024-05-10,2024-05-08,S,exercise and sell,9124729,109496748.00,12.0000,,0,0,,discretionary,,2,0,Class A Common Stock,I,4,0000950170-24-057877,,https://www.sec.gov/Archives/edgar/data/1393818/000095017024057877/ownership.xml
BX,1393818,Stephen A. Schwarzman,1070844,2024-03-05,2024-03-03,S,exercise and sell,2509316,27845377.79,11.0968,,0,0,,discretionary,,5,0,Class A Common Stock,I,4,0000950170-24-026500,,https://www.sec.gov/Archives/edgar/data/1393818/000095017024026500/ownership.xml
BX,1393818,Stephen A. Schwarzman,1070844,2024-02-21,2024-02-16,S,exercise and sell,24276100,292405624.50,12.0450,,0,0,,discretionary,,5,0,Ordinary Shares,I,4,0000950170-24-017998,,https://www.sec.gov/Archives/edgar/data/1393818/000095017024017998/ownership.xml
BX,1393818,Stephen A. Schwarzman,1070844,2023-12-15,2023-12-13,S,exercise and sell,17250000,192337500.00,11.1500,,0,0,,discretionary,,5,0,Ordinary Shares,I,4,0000899243-23-020643,,https://www.sec.gov/Archives/edgar/data/1393818/000089924323020643/doc4.xml
BX,1393818,Stephen A. Schwarzman,1070844,2023-12-05,2023-12-03,S,exercise and sell,4012101,55690770.35,13.8807,,0,0,,discretionary,,5,0,Class A Common Stock,I,4,0000899243-23-020549,,https://www.sec.gov/Archives/edgar/data/1393818/000089924323020549/doc4.xml
BX,1393818,Stephen A. Schwarzman,1070844,2023-11-27,2023-11-22,S,exercise and sell,416670,5859421.88,14.0625,,0,0,,discretionary,,2,0,Class A Common Stock,I,4,0000899243-23-020504,,https://www.sec.gov/Archives/edgar/data/1393818/000089924323020504/doc4.xml
BX,1393818,Stephen A. Schwarzman,1070844,2023-11-16,2023-11-14,S,exercise and sell,2430572,34179918.75,14.0625,,0,0,,discretionary,,4,0,Class A Common Stock | Class B Common Stock,I,4,0000899243-23-020408,,https://www.sec.gov/Archives/edgar/data/1393818/000089924323020408/doc4.xml
BX,1393818,Stephen A. Schwarzman,1070844,2023-08-22,2023-08-22,S,exercise and sell,14704603,117342731.94,7.9800,,0,0,,discretionary,C,4,0,Class A common stock,I,4,0000899243-23-018353,,https://www.sec.gov/Archives/edgar/data/1393818/000089924323018353/doc4.xml
BX,1393818,Stephen A. Schwarzman,1070844,2023-08-16,2023-08-14,S,exercise and sell,17250000,199582500.00,11.5700,,0,0,,discretionary,,4,0,Ordinary Shares,I,4,0000899243-23-018176,,https://www.sec.gov/Archives/edgar/data/1393818/000089924323018176/doc4.xml
BX,1393818,Stephen A. Schwarzman,1070844,2023-06-16,2023-06-14,P,open-market purchase,45000,246177.00,5.4706,,0,0,,discretionary,,1,0,Class A Common Stock,I,4,0000899243-23-015774,,https://www.sec.gov/Archives/edgar/data/1393818/000089924323015774/doc4.xml
BX,1393818,Stephen A. Schwarzman,1070844,2023-06-15,2023-06-15,S,exercise and sell,3000000,25500000.00,8.5000,,0,0,,discretionary,,1,0,Common Stock,I,4,0000899243-23-015616,,https://www.sec.gov/Archives/edgar/data/1393818/000089924323015616/doc4.xml
BX,1393818,Stephen A. Schwarzman,1070844,2023-06-12,2023-06-08,P,open-market purchase,57000,299301.30,5.2509,,0,0,,discretionary,,1,0,Class A Common Stock,I,4,0000899243-23-015401,,https://www.sec.gov/Archives/edgar/data/1393818/000089924323015401/doc4.xml
BX,1393818,Stephen A. Schwarzman,1070844,2023-06-08,2023-06-07,P,open-market purchase,224000,1237868.80,5.5262,,0,0,,discretionary,,1,0,Class A Common Stock,I,4,0000899243-23-014948,,https://www.sec.gov/Archives/edgar/data/1393818/000089924323014948/doc4.xml
BX,1393818,Stephen A. Schwarzman,1070844,2023-06-08,2023-06-06,P,open-market purchase,15000,77548.50,5.1699,,0,0,,discretionary,,1,0,Class A Common Stock,I,4,0000899243-23-014948,,https://www.sec.gov/Archives/edgar/data/1393818/000089924323014948/doc4.xml
BX,1393818,Stephen A. Schwarzman,1070844,2023-05-25,2023-05-23,S,exercise and sell,47809634,544910303.51,11.3975,,0,0,,discretionary,,4,0,Ordinary Shares,I,4,0000899243-23-013897,,https://www.sec.gov/Archives/edgar/data/1393818/000089924323013897/doc4.xml
BX,1393818,Stephen A. Schwarzman,1070844,2023-04-20,2023-04-18,S,exercise and sell,1810400,54360012.96,30.0265,,0,0,,discretionary,,2,0,Common Units,I,4,0000899243-23-011484,,https://www.sec.gov/Archives/edgar/data/1393818/000089924323011484/doc4.xml
BX,1393818,Stephen A. Schwarzman,1070844,2023-04-18,2023-04-17,S,exercise and sell,180000,5512752.00,30.6264,,0,0,,discretionary,,1,0,Common Units,I,4,0000899243-23-011395,,https://www.sec.gov/Archives/edgar/data/1393818/000089924323011395/doc4.xml
BX,1393818,Stephen A. Schwarzman,1070844,2023-04-18,2023-04-14,S,exercise and sell,91100,2781046.14,30.5274,,0,0,,discretionary,,1,0,Common Units,I,4,0000899243-23-011395,,https://www.sec.gov/Archives/edgar/data/1393818/000089924323011395/doc4.xml
BX,1393818,Stephen A. Schwarzman,1070844,2023-04-14,2023-04-13,S,exercise and sell,656381,20107050.45,30.6332,,0,0,,discretionary,,1,0,Common Units,I,4,0000899243-23-011287,,https://www.sec.gov/Archives/edgar/data/1393818/000089924323011287/doc4.xml
BX,1393818,Stephen A. Schwarzman,1070844,2023-04-14,2023-04-12,S,exercise and sell,40000,1223152.00,30.5788,,0,0,,discretionary,,1,0,Common Units,I,4,0000899243-23-011287,,https://www.sec.gov/Archives/edgar/data/1393818/000089924323011287/doc4.xml
BX,1393818,Stephen A. Schwarzman,1070844,2023-04-12,2023-04-11,S,exercise and sell,28000,851838.40,30.4228,,0,0,,discretionary,,1,0,Common Units,I,4,0000899243-23-011202,,https://www.sec.gov/Archives/edgar/data/1393818/000089924323011202/doc4.xml
BX,1393818,Stephen A. Schwarzman,1070844,2023-04-12,2023-04-10,S,exercise and sell,34000,1025018.40,30.1476,,0,0,,discretionary,,1,0,Common Units,I,4,0000899243-23-011202,,https://www.sec.gov/Archives/edgar/data/1393818/000089924323011202/doc4.xml
BX,1393818,Stephen A. Schwarzman,1070844,2023-04-04,2023-04-03,P,open-market purchase,8772,416296.31,47.4574,,0,0,,discretionary,,2,0,Common Units,I,4,0000899243-23-010437,,https://www.sec.gov/Archives/edgar/data/1393818/000089924323010437/doc4.xml
BX,1393818,Stephen A. Schwarzman,1070844,2023-04-04,2023-03-31,P,open-market purchase,18934,894807.59,47.2593,,0,0,,discretionary,,2,0,Common Units,I,4,0000899243-23-010437,,https://www.sec.gov/Archives/edgar/data/1393818/000089924323010437/doc4.xml
BX,1393818,Stephen A. Schwarzman,1070844,2023-04-04,2023-03-31,P,open-market purchase,10869566,15000001.08,1.3800,,0,0,,discretionary,C,3,0,Class A Common Stock,I,4,0000899243-23-010456,price 1.38 vs 32.62 median,https://www.sec.gov/Archives/edgar/data/1393818/000089924323010456/doc4.xml
BX,1393818,Stephen A. Schwarzman,1070844,2023-03-31,2023-03-30,P,open-market purchase,69388,3270728.28,47.1368,,0,0,,discretionary,,2,0,Common Units,I,4,0000899243-23-010097,,https://www.sec.gov/Archives/edgar/data/1393818/000089924323010097/doc4.xml
BX,1393818,Stephen A. Schwarzman,1070844,2023-03-31,2023-03-29,P,open-market purchase,27082,1275833.02,47.1100,,0,0,,discretionary,,2,0,Common Units,I,4,0000899243-23-010097,,https://www.sec.gov/Archives/edgar/data/1393818/000089924323010097/doc4.xml
BX,1393818,Stephen A. Schwarzman,1070844,2023-03-29,2023-03-28,P,open-market purchase,22346,1047582.82,46.8801,,0,0,,discretionary,,4,0,Common Units,I,4,0000899243-23-009999,,https://www.sec.gov/Archives/edgar/data/1393818/000089924323009999/doc4.xml
BX,1393818,Stephen A. Schwarzman,1070844,2023-03-29,2023-03-27,P,open-market purchase,53413,2442520.35,45.7289,,0,0,,discretionary,,4,0,Common Units,I,4,0000899243-23-009999,,https://www.sec.gov/Archives/edgar/data/1393818/000089924323009999/doc4.xml
BX,1393818,Stephen A. Schwarzman,1070844,2023-03-14,2023-03-10,S,exercise and sell,99889464,1198673568.00,12.0000,,0,0,,unknown,,3,0,Class A Common Stock,I,4,0000899243-23-008352,,https://www.sec.gov/Archives/edgar/data/1393818/000089924323008352/doc4.xml
BX,1393818,Stephen A. Schwarzman,1070844,2023-03-08,2023-03-08,S,exercise and sell,11750000,260532750.00,22.1730,,0,0,,unknown,C,7,0,Class A Common Stock,I,4,0000899243-23-007539,,https://www.sec.gov/Archives/edgar/data/1393818/000089924323007539/doc4.xml
BX,1393818,Stephen A. Schwarzman,1070844,2023-03-06,2023-03-06,S,exercise and sell,28562652,248780698.92,8.7100,,0,0,,unknown,C,4,0,Class A common stock,I,4,0000899243-23-007245,,https://www.sec.gov/Archives/edgar/data/1393818/000089924323007245/doc4.xml
BX,1393818,Stephen A. Schwarzman,1070844,2023-01-30,2023-01-27,S,exercise and sell,2000,66094.20,33.0471,,0,0,,unknown,,1,0,Common Units,I,4,0000899243-23-002983,,https://www.sec.gov/Archives/edgar/data/1393818/000089924323002983/doc4.xml
BX,1393818,Stephen A. Schwarzman,1070844,2023-01-30,2023-01-26,S,exercise and sell,205500,6781952.10,33.0022,,0,0,,unknown,,1,0,Common Units,I,4,0000899243-23-002983,,https://www.sec.gov/Archives/edgar/data/1393818/000089924323002983/doc4.xml
BX,1393818,Stephen A. Schwarzman,1070844,2022-12-16,2022-12-14,S,exercise and sell,6341568,50732544.00,8.0000,,0,0,,unknown,C,2,0,Class A common stock,I,4,0000899243-22-038921,,https://www.sec.gov/Archives/edgar/data/1393818/000089924322038921/doc4.xml
BX,1393818,Stephen A. Schwarzman,1070844,2022-11-17,2022-11-17,S,exercise and sell,12154671,90673845.66,7.4600,,0,0,,unknown,C,5,0,Class A Common Stock,I,4,0000899243-22-036217,,https://www.sec.gov/Archives/edgar/data/1393818/000089924322036217/doc4.xml
BX,1393818,Stephen A. Schwarzman,1070844,2022-11-16,2022-11-15,S,exercise and sell,85000,2842978.00,33.4468,,0,0,,unknown,,1,0,Common Units,I,4,0000899243-22-036052,,https://www.sec.gov/Archives/edgar/data/1393818/000089924322036052/doc4.xml
BX,1393818,Stephen A. Schwarzman,1070844,2022-11-16,2022-11-14,S,exercise and sell,128200,4337172.66,33.8313,,0,0,,unknown,,1,0,Common Units,I,4,0000899243-22-036052,,https://www.sec.gov/Archives/edgar/data/1393818/000089924322036052/doc4.xml
BX,1393818,Stephen A. Schwarzman,1070844,2022-11-10,2022-11-08,S,exercise and sell,32072,1139287.24,35.5228,,0,0,,unknown,,1,0,Common Units,I,4,0000899243-22-035518,,https://www.sec.gov/Archives/edgar/data/1393818/000089924322035518/doc4.xml
BX,1393818,Stephen A. Schwarzman,1070844,2022-11-07,2022-11-07,S,exercise and sell,180000,6385790.66,35.4766,,0,0,,unknown,,2,0,Common Units,I,4,0000899243-22-035332,,https://www.sec.gov/Archives/edgar/data/1393818/000089924322035332/doc4.xml
BX,1393818,Stephen A. Schwarzman,1070844,2022-11-07,2022-11-04,S,exercise and sell,205000,7044784.00,34.3648,,0,0,,unknown,,1,0,Common Units,I,4,0000899243-22-035332,,https://www.sec.gov/Archives/edgar/data/1393818/000089924322035332/doc4.xml
BX,1393818,Stephen A. Schwarzman,1070844,2022-11-07,2022-11-03,S,exercise and sell,340000,11635106.93,34.2209,,0,0,,unknown,,2,0,Common Units,I,4,0000899243-22-035332,,https://www.sec.gov/Archives/edgar/data/1393818/000089924322035332/doc4.xml
BX,1393818,Stephen A. Schwarzman,1070844,2022-11-03,2022-11-02,S,exercise and sell,125000,4216619.19,33.7330,,0,0,,unknown,,2,0,Common Units,I,4,0000899243-22-034936,,https://www.sec.gov/Archives/edgar/data/1393818/000089924322034936/doc4.xml
BX,1393818,Stephen A. Schwarzman,1070844,2022-11-03,2022-11-01,S,exercise and sell,60000,2015370.00,33.5895,,0,0,,unknown,,1,0,Common Units,I,4,0000899243-22-034936,,https://www.sec.gov/Archives/edgar/data/1393818/000089924322034936/doc4.xml
BX,1393818,Stephen A. Schwarzman,1070844,2022-11-01,2022-10-31,S,exercise and sell,65000,2172521.00,33.4234,,0,0,,unknown,,1,0,Common Units,I,4,0000899243-22-034693,,https://www.sec.gov/Archives/edgar/data/1393818/000089924322034693/doc4.xml
BX,1393818,Stephen A. Schwarzman,1070844,2022-11-01,2022-10-28,S,exercise and sell,47846,1585543.10,33.1385,,0,0,,unknown,,2,0,Common Units,I,4,0000899243-22-034693,,https://www.sec.gov/Archives/edgar/data/1393818/000089924322034693/doc4.xml
BX,1393818,Stephen A. Schwarzman,1070844,2022-10-28,2022-10-27,S,exercise and sell,66000,2221383.63,33.6573,,0,0,,unknown,,2,0,Common Units,I,4,0000899243-22-034489,,https://www.sec.gov/Archives/edgar/data/1393818/000089924322034489/doc4.xml
BX,1393818,Stephen A. Schwarzman,1070844,2022-10-28,2022-10-26,S,exercise and sell,85000,2863250.50,33.6853,,0,0,,unknown,,1,0,Common Units,I,4,0000899243-22-034489,,https://www.sec.gov/Archives/edgar/data/1393818/000089924322034489/doc4.xml
BX,1393818,Stephen A. Schwarzman,1070844,2022-10-26,2022-10-25,S,exercise and sell,15000,495601.50,33.0401,,0,0,,unknown,,1,0,Common Units,I,4,0000899243-22-034275,,https://www.sec.gov/Archives/edgar/data/1393818/000089924322034275/doc4.xml
BX,1393818,Stephen A. Schwarzman,1070844,2022-10-26,2022-10-24,S,exercise and sell,45000,1488208.50,33.0713,,0,0,,unknown,,1,0,Common Units,I,4,0000899243-22-034275,,https://www.sec.gov/Archives/edgar/data/1393818/000089924322034275/doc4.xml
BX,1393818,Stephen A. Schwarzman,1070844,2022-10-24,2022-10-21,S,exercise and sell,47000,1551056.40,33.0012,,0,0,,unknown,,1,0,Common Units,I,4,0000899243-22-034064,,https://www.sec.gov/Archives/edgar/data/1393818/000089924322034064/doc4.xml
BX,1393818,Stephen A. Schwarzman,1070844,2022-10-24,2022-10-20,S,exercise and sell,104600,3415022.64,32.6484,,0,0,,unknown,,1,0,Common Units,I,4,0000899243-22-034064,,https://www.sec.gov/Archives/edgar/data/1393818/000089924322034064/doc4.xml
BX,1393818,Stephen A. Schwarzman,1070844,2022-10-20,2022-10-19,S,exercise and sell,315000,10313824.50,32.7423,,0,0,,unknown,,1,0,Common Units,I,4,0000899243-22-033893,,https://www.sec.gov/Archives/edgar/data/1393818/000089924322033893/doc4.xml
BX,1393818,Stephen A. Schwarzman,1070844,2022-10-20,2022-10-18,S,exercise and sell,4200,137011.14,32.6217,,0,0,,unknown,,1,0,Common Units,I,4,0000899243-22-033893,,https://www.sec.gov/Archives/edgar/data/1393818/000089924322033893/doc4.xml
BX,1393818,Stephen A. Schwarzman,1070844,2022-10-14,2022-10-13,S,exercise and sell,122500,4013896.25,32.7665,,0,0,,unknown,,1,0,Common Units,I,4,0000899243-22-033671,,https://www.sec.gov/Archives/edgar/data/1393818/000089924322033671/doc4.xml
BX,1393818,Stephen A. Schwarzman,1070844,2022-10-14,2022-10-12,S,exercise and sell,4410,143481.11,32.5354,,0,0,,unknown,,1,0,Common Units,I,4,0000899243-22-033671,,https://www.sec.gov/Archives/edgar/data/1393818/000089924322033671/doc4.xml
BX,1393818,Stephen A. Schwarzman,1070844,2022-10-12,2022-10-11,S,exercise and sell,31500,1025983.35,32.5709,,0,0,,unknown,,1,0,Common Units,I,4,0000899243-22-033516,,https://www.sec.gov/Archives/edgar/data/1393818/000089924322033516/doc4.xml
BX,1393818,Stephen A. Schwarzman,1070844,2022-10-12,2022-10-10,S,exercise and sell,4744,154334.18,32.5325,,0,0,,unknown,,1,0,Common Units,I,4,0000899243-22-033516,,https://www.sec.gov/Archives/edgar/data/1393818/000089924322033516/doc4.xml
BX,1393818,Stephen A. Schwarzman,1070844,2022-10-12,2022-10-03,S,exercise and sell,1050000,11560500.00,11.0100,,0,0,,unknown,,1,0,Class A Common Stock,I,4,0000899243-22-033485,,https://www.sec.gov/Archives/edgar/data/1393818/000089924322033485/doc4.xml
BX,1393818,Stephen A. Schwarzman,1070844,2022-10-03,2022-10-03,S,exercise and sell,7000000,77070000.00,11.0100,,0,0,,unknown,,1,0,Class A Common Stock,I,4,0000899243-22-032443,,https://www.sec.gov/Archives/edgar/data/1393818/000089924322032443/doc4.xml
BX,1393818,Stephen A. Schwarzman,1070844,2022-08-29,2022-08-25,S,exercise and sell,7200,235321.20,32.6835,,0,0,,unknown,,1,0,Common Units,I,4,0000899243-22-030010,,https://www.sec.gov/Archives/edgar/data/1393818/000089924322030010/doc4.xml
BX,1393818,Stephen A. Schwarzman,1070844,2022-08-25,2022-08-24,S,exercise and sell,28993,946015.50,32.6291,,0,0,,unknown,,1,0,Common Units,I,4,0000899243-22-029786,,https://www.sec.gov/Archives/edgar/data/1393818/000089924322029786/doc4.xml
BX,1393818,Stephen A. Schwarzman,1070844,2022-08-25,2022-08-23,S,exercise and sell,41500,1367110.44,32.9424,,0,0,,unknown,,2,0,Common Units,I,4,0000899243-22-029786,,https://www.sec.gov/Archives/edgar/data/1393818/000089924322029786/doc4.xml
BX,1393818,Stephen A. Schwarzman,1070844,2022-06-10,2022-06-08,S,exercise and sell,50000,1769360.00,35.3872,,0,0,,unknown,,1,0,Common Units,I,4,0000899243-22-022017,,https://www.sec.gov/Archives/edgar/data/1393818/000089924322022017/doc4.xml
BX,1393818,Stephen A. Schwarzman,1070844,2022-06-08,2022-06-07,S,exercise and sell,80000,2825528.00,35.3191,,0,0,,unknown,,1,0,Common Units,I,4,0000899243-22-021544,,https://www.sec.gov/Archives/edgar/data/1393818/000089924322021544/doc4.xml
BX,1393818,Stephen A. Schwarzman,1070844,2022-06-08,2022-06-06,S,exercise and sell,6692,234537.87,35.0475,,0,0,,unknown,,1,0,Common Units,I,4,0000899243-22-021544,,https://www.sec.gov/Archives/edgar/data/1393818/000089924322021544/doc4.xml
BX,1393818,Stephen A. Schwarzman,1070844,2022-06-06,2022-06-03,S,exercise and sell,75000,2580525.00,34.4070,,0,0,,unknown,,1,0,Common Units,I,4,0000899243-22-021290,,https://www.sec.gov/Archives/edgar/data/1393818/000089924322021290/doc4.xml
BX,1393818,Stephen A. Schwarzman,1070844,2022-06-06,2022-06-02,S,exercise and sell,9550,324847.07,34.0154,,0,0,,unknown,,1,0,Common Units,I,4,0000899243-22-021290,,https://www.sec.gov/Archives/edgar/data/1393818/000089924322021290/doc4.xml
BX,1393818,Stephen A. Schwarzman,1070844,2022-06-02,2022-05-31,S,exercise and sell,64253,2133983.49,33.2122,,0,0,,unknown,,1,0,Common Units,I,4,0000899243-22-020828,,https://www.sec.gov/Archives/edgar/data/1393818/000089924322020828/doc4.xml
BX,1393818,Stephen A. Schwarzman,1070844,2022-05-27,2022-05-26,S,exercise and sell,145764,14655751.46,100.5444,,0,0,,unknown,,2,0,Common Stock,I,4,0000899243-22-020007,,https://www.sec.gov/Archives/edgar/data/1393818/000089924322020007/doc4.xml
BX,1393818,Stephen A. Schwarzman,1070844,2022-05-27,2022-05-25,S,exercise and sell,4236,424053.68,100.1071,,0,0,,unknown,,1,0,Common Stock,I,4,0000899243-22-020007,,https://www.sec.gov/Archives/edgar/data/1393818/000089924322020007/doc4.xml
BX,1393818,Stephen A. Schwarzman,1070844,2022-05-09,2022-05-05,S,exercise and sell,8700,827181.21,95.0783,,0,0,,unknown,,1,0,Common Stock,I,4,0000899243-22-017367,,https://www.sec.gov/Archives/edgar/data/1393818/000089924322017367/doc4.xml
BX,1393818,Stephen A. Schwarzman,1070844,2022-05-03,2022-04-29,P,open-market purchase,2500000,10000000.00,4.0000,,0,0,,unknown,,3,0,Class A Common Stock,I,4,0000899243-22-016476,,https://www.sec.gov/Archives/edgar/data/1393818/000089924322016476/doc4.xml
BX,1393818,Stephen A. Schwarzman,1070844,2022-04-22,2022-04-21,S,exercise and sell,5643,181321.44,32.1321,,0,0,,unknown,,1,0,Common Units,I,4,0000899243-22-015510,,https://www.sec.gov/Archives/edgar/data/1393818/000089924322015510/doc4.xml
BX,1393818,Stephen A. Schwarzman,1070844,2022-04-22,2022-04-20,S,exercise and sell,33000,1054699.80,31.9606,,0,0,,unknown,,1,0,Common Units,I,4,0000899243-22-015510,,https://www.sec.gov/Archives/edgar/data/1393818/000089924322015510/doc4.xml
BX,1393818,Stephen A. Schwarzman,1070844,2022-04-20,2022-04-19,S,exercise and sell,20000,627498.00,31.3749,,0,0,,unknown,,1,0,Common Units,I,4,0000899243-22-015259,,https://www.sec.gov/Archives/edgar/data/1393818/000089924322015259/doc4.xml
BX,1393818,Stephen A. Schwarzman,1070844,2022-04-20,2022-04-18,S,exercise and sell,186085,17911349.60,96.2536,,0,0,,unknown,,6,0,Common Stock,I,4,0000899243-22-015254,,https://www.sec.gov/Archives/edgar/data/1393818/000089924322015254/doc4.xml
BX,1393818,Stephen A. Schwarzman,1070844,2022-04-20,2022-04-18,S,exercise and sell,38000,1210110.00,31.8450,,0,0,,unknown,,1,0,Common Units,I,4,0000899243-22-015259,,https://www.sec.gov/Archives/edgar/data/1393818/000089924322015259/doc4.xml
BX,1393818,Stephen A. Schwarzman,1070844,2022-04-19,2022-04-18,S,exercise and sell,200000,12399037.47,61.9952,,0,0,,unknown,,3,0,Common Stock,I,4,0000899243-22-015133,,https://www.sec.gov/Archives/edgar/data/1393818/000089924322015133/doc4.xml
BX,1393818,Stephen A. Schwarzman,1070844,2022-04-18,2022-04-14,S,exercise and sell,32000,1009715.20,31.5536,,0,0,,unknown,,1,0,Common Units,I,4,0000899243-22-015009,,https://www.sec.gov/Archives/edgar/data/1393818/000089924322015009/doc4.xml
BX,1393818,Stephen A. Schwarzman,1070844,2022-04-18,2022-04-14,S,exercise and sell,193099,11895862.56,61.6050,,0,0,,unknown,,2,0,Common Stock,I,4,0000899243-22-015012,,https://www.sec.gov/Archives/edgar/data/1393818/000089924322015012/doc4.xml
BX,1393818,Stephen A. Schwarzman,1070844,2022-04-18,2022-04-14,S,exercise and sell,6965,662042.06,95.0527,,0,0,,unknown,,2,0,Common Stock,I,4,0000899243-22-015029,,https://www.sec.gov/Archives/edgar/data/1393818/000089924322015029/doc4.xml
BX,1393818,Stephen A. Schwarzman,1070844,2022-04-14,2022-04-13,S,exercise and sell,32000,999664.00,31.2395,,0,0,,unknown,,1,0,Common Units,I,4,0000899243-22-014816,,https://www.sec.gov/Archives/edgar/data/1393818/000089924322014816/doc4.xml
BX,1393818,Stephen A. Schwarzman,1070844,2022-04-14,2022-04-13,S,exercise and sell,152375,9355265.97,61.3963,,0,0,,unknown,,2,0,Common Stock,I,4,0000899243-22-014818,,https://www.sec.gov/Archives/edgar/data/1393818/000089924322014818/doc4.xml
BX,1393818,Stephen A. Schwarzman,1070844,2022-04-14,2022-04-12,S,exercise and sell,2168,67412.88,31.0945,,0,0,,unknown,,1,0,Common Units,I,4,0000899243-22-014816,,https://www.sec.gov/Archives/edgar/data/1393818/000089924322014816/doc4.xml
BX,1393818,Stephen A. Schwarzman,1070844,2022-04-14,2022-04-12,S,exercise and sell,97625,6105129.82,62.5365,,0,0,,unknown,,2,0,Common Stock,I,4,0000899243-22-014818,,https://www.sec.gov/Archives/edgar/data/1393818/000089924322014818/doc4.xml
BX,1393818,Stephen A. Schwarzman,1070844,2022-04-11,2022-04-08,S,exercise and sell,209511,13012131.86,62.1072,,0,0,,unknown,,2,0,Common Stock,I,4,0000899243-22-014452,,https://www.sec.gov/Archives/edgar/data/1393818/000089924322014452/doc4.xml
BX,1393818,Stephen A. Schwarzman,1070844,2022-04-11,2022-04-08,S,exercise and sell,40000,1255188.00,31.3797,,0,0,,unknown,,1,0,Common Units,I,4,0000899243-22-014454,,https://www.sec.gov/Archives/edgar/data/1393818/000089924322014454/doc4.xml
BX,1393818,Stephen A. Schwarzman,1070844,2022-04-11,2022-04-07,S,exercise and sell,13353,821776.27,61.5424,,0,0,,unknown,,2,0,Common Stock,I,4,0000899243-22-014452,,https://www.sec.gov/Archives/edgar/data/1393818/000089924322014452/doc4.xml
BX,1393818,Stephen A. Schwarzman,1070844,2022-04-11,2022-04-07,S,exercise and sell,15000,468648.00,31.2432,,0,0,,unknown,,1,0,Common Units,I,4,0000899243-22-014454,,https://www.sec.gov/Archives/edgar/data/1393818/000089924322014454/doc4.xml
BX,1393818,Stephen A. Schwarzman,1070844,2022-04-07,2022-04-06,S,exercise and sell,75000,2339167.50,31.1889,,0,0,,unknown,,1,0,Common Units,I,4,0000899243-22-014302,,https://www.sec.gov/Archives/edgar/data/1393818/000089924322014302/doc4.xml
BX,1393818,Stephen A. Schwarzman,1070844,2022-04-07,2022-04-06,S,exercise and sell,300,18600.99,62.0033,,0,0,,unknown,,1,0,Common Stock,I,4,0000899243-22-014305,,https://www.sec.gov/Archives/edgar/data/1393818/000089924322014305/doc4.xml
BX,1393818,Stephen A. Schwarzman,1070844,2022-04-07,2022-04-05,S,exercise and sell,48000,1478184.00,30.7955,,0,0,,unknown,,1,0,Common Units,I,4,0000899243-22-014302,,https://www.sec.gov/Archives/edgar/data/1393818/000089924322014302/doc4.xml
BX,1393818,Stephen A. Schwarzman,1070844,2022-04-07,2022-04-05,S,exercise and sell,18429,1171678.06,63.5780,,0,0,,unknown,,2,0,Common Stock,I,4,0000899243-22-014305,,https://www.sec.gov/Archives/edgar/data/1393818/000089924322014305/doc4.xml
BX,1393818,Stephen A. Schwarzman,1070844,2022-04-05,2022-04-01,S,exercise and sell,6200,186376.34,30.0607,,0,0,,unknown,,1,0,Common Units,I,4,0000899243-22-013899,,https://www.sec.gov/Archives/edgar/data/1393818/000089924322013899/doc4.xml
BX,1393818,Stephen A. Schwarzman,1070844,2022-04-05,2022-04-01,S,exercise and sell,25200,1546896.96,61.3848,,0,0,,unknown,,2,0,Common Stock,I,4,0000899243-22-013983,,https://www.sec.gov/Archives/edgar/data/1393818/000089924322013983/doc4.xml
BX,1393818,Stephen A. Schwarzman,1070844,2022-04-01,2022-03-30,S,exercise and sell,13750000,208175000.00,15.1400,,0,0,,unknown,,4,0,Ordinary Shares,I,4,0000899243-22-013152,,https://www.sec.gov/Archives/edgar/data/1393818/000089924322013152/doc4.xml
BX,1393818,Stephen A. Schwarzman,1070844,2022-03-29,2022-03-29,S,exercise and sell,14187515,532031812.50,37.5000,,0,0,,unknown,,1,0,Common Stock,I,4,0000899243-22-012670,,https://www.sec.gov/Archives/edgar/data/1393818/000089924322012670/doc4.xml
BX,1393818,Stephen A. Schwarzman,1070844,2022-03-29,2022-03-25,S,exercise and sell,45000,1408774.50,31.3061,,0,0,,unknown,,1,0,Common Units,I,4,0000899243-22-012721,,https://www.sec.gov/Archives/edgar/data/1393818/000089924322012721/doc4.xml
BX,1393818,Stephen A. Schwarzman,1070844,2022-03-29,2022-03-25,S,exercise and sell,130000,8045168.14,61.8859,,0,0,,unknown,,4,0,Common Stock,I,4,0000899243-22-012734,,https://www.sec.gov/Archives/edgar/data/1393818/000089924322012734/doc4.xml
BX,1393818,Stephen A. Schwarzman,1070844,2022-03-23,2022-03-21,S,exercise and sell,16496,496087.51,30.0732,,0,0,,unknown,,1,0,Common Units,I,4,0000899243-22-011956,,https://www.sec.gov/Archives/edgar/data/1393818/000089924322011956/doc4.xml
BX,1393818,Stephen A. Schwarzman,1070844,2022-03-21,2022-03-17,S,exercise and sell,20000,593402.00,29.6701,,0,0,,unknown,,1,0,Common Units,I,4,0000899243-22-011755,,https://www.sec.gov/Archives/edgar/data/1393818/000089924322011755/doc4.xml
BX,1393818,Stephen A. Schwarzman,1070844,2022-03-14,2022-03-11,S,exercise and sell,9629,579780.39,60.2119,,0,0,,unknown,,2,0,Common Stock,I,4,0000899243-22-010915,,https://www.sec.gov/Archives/edgar/data/1393818/000089924322010915/doc4.xml
BX,1393818,Stephen A. Schwarzman,1070844,2022-03-14,2022-03-10,S,exercise and sell,45000,2714269.50,60.3171,,0,0,,unknown,,2,0,Common Stock,I,4,0000899243-22-010915,,https://www.sec.gov/Archives/edgar/data/1393818/000089924322010915/doc4.xml
BX,1393818,Stephen A. Schwarzman,1070844,2022-03-10,2022-03-09,S,exercise and sell,12479,750641.80,60.1524,,0,0,,unknown,,2,0,Common Stock,I,4,0000899243-22-010471,,https://www.sec.gov/Archives/edgar/data/1393818/000089924322010471/doc4.xml
BX,1393818,Stephen A. Schwarzman,1070844,2022-03-10,2022-03-08,S,exercise and sell,515000,33096805.51,64.2656,,0,0,,unknown,,14,0,Common Stock,I,4,0000899243-22-010471,,https://www.sec.gov/Archives/edgar/data/1393818/000089924322010471/doc4.xml
BX,1393818,Stephen A. Schwarzman,1070844,2022-03-10,2022-03-08,S,exercise and sell,13139,395047.69,30.0668,,0,0,,unknown,,1,0,Common Units,I,4,0000899243-22-010557,,https://www.sec.gov/Archives/edgar/data/1393818/000089924322010557/doc4.xml
BX,1393818,Stephen A. Schwarzman,1070844,2022-03-08,2022-03-07,S,exercise and sell,475000,28875819.87,60.7912,,0,0,,unknown,,4,0,Common Stock,I,4,0000899243-22-010053,,https://www.sec.gov/Archives/edgar/data/1393818/000089924322010053/doc4.xml
BX,1393818,Stephen A. Schwarzman,1070844,2022-03-08,2022-03-07,S,exercise and sell,22593,680547.98,30.1221,,0,0,,unknown,,2,0,Common Units,I,4,0000899243-22-010055,,https://www.sec.gov/Archives/edgar/data/1393818/000089924322010055/doc4.xml
BX,1393818,Stephen A. Schwarzman,1070844,2022-03-08,2022-03-04,S,exercise and sell,5225,313602.93,60.0197,,0,0,,unknown,,2,0,Common Stock,I,4,0000899243-22-010053,,https://www.sec.gov/Archives/edgar/data/1393818/000089924322010053/doc4.xml
BX,1393818,Stephen A. Schwarzman,1070844,2022-03-08,2022-03-04,S,exercise and sell,125336,3750165.92,29.9209,,0,0,,unknown,,1,0,Common Units,I,4,0000899243-22-010055,,https://www.sec.gov/Archives/edgar/data/1393818/000089924322010055/doc4.xml
BX,1393818,Stephen A. Schwarzman,1070844,2022-03-07,2022-03-03,S,exercise and sell,17586538,281208742.62,15.9900,,0,0,,unknown,,15,0,Common Stock,I,4,0000899243-22-009675,,https://www.sec.gov/Archives/edgar/data/1393818/000089924322009675/doc4.xml
BX,1393818,Stephen A. Schwarzman,1070844,2022-03-04,2022-03-03,S,exercise and sell,8664,256010.80,29.5488,,0,0,,unknown,,1,0,Common Units,I,4,0000899243-22-009471,,https://www.sec.gov/Archives/edgar/data/1393818/000089924322009471/doc4.xml
BX,1393818,Stephen A. Schwarzman,1070844,2022-03-04,2022-03-02,S,exercise and sell,80000,2391480.00,29.8935,,0,0,,unknown,,1,0,Common Units,I,4,0000899243-22-009471,,https://www.sec.gov/Archives/edgar/data/1393818/000089924322009471/doc4.xml
BX,1393818,Stephen A. Schwarzman,1070844,2022-03-03,2022-03-02,S,exercise and sell,81357,4914133.65,60.4021,,0,0,,unknown,,2,0,Common Stock,I,4,0000899243-22-009257,,https://www.sec.gov/Archives/edgar/data/1393818/000089924322009257/doc4.xml
BX,1393818,Stephen A. Schwarzman,1070844,2022-03-03,2022-03-01,S,exercise and sell,52900,3239261.89,61.2337,,0,0,,unknown,,4,0,Common Stock,I,4,0000899243-22-009257,,https://www.sec.gov/Archives/edgar/data/1393818/000089924322009257/doc4.xml
BX,1393818,Stephen A. Schwarzman,1070844,2022-03-02,2022-03-01,S,exercise and sell,65000,1930311.50,29.6971,,0,0,,unknown,,1,0,Common Units,I,4,0000899243-22-008736,,https://www.sec.gov/Archives/edgar/data/1393818/000089924322008736/doc4.xml
BX,1393818,Stephen A. Schwarzman,1070844,2022-03-02,2022-02-28,S,exercise and sell,210000,6170055.89,29.3812,,0,0,,unknown,,2,0,Common Units,I,4,0000899243-22-008736,,https://www.sec.gov/Archives/edgar/data/1393818/000089924322008736/doc4.xml
BX,1393818,Stephen A. Schwarzman,1070844,2022-02-28,2022-02-25,S,exercise and sell,105000,2994039.54,28.5147,,0,0,,unknown,,2,0,Common Units,I,4,0000899243-22-008104,,https://www.sec.gov/Archives/edgar/data/1393818/000089924322008104/doc4.xml
BX,1393818,Stephen A. Schwarzman,1070844,2022-02-28,2022-02-24,S,exercise and sell,123000,3490653.90,28.3793,,0,0,,unknown,,1,0,Common Units,I,4,0000899243-22-008104,,https://www.sec.gov/Archives/edgar/data/1393818/000089924322008104/doc4.xml
BX,1393818,Stephen A. Schwarzman,1070844,2022-02-18,2022-02-16,S,exercise and sell,1848446,14916959.22,8.0700,,0,0,,unknown,,7,0,Common Stock,I,4,0000899243-22-007083,,https://www.sec.gov/Archives/edgar/data/1393818/000089924322007083/doc4.xml
BX,1393818,Stephen A. Schwarzman,1070844,2022-01-11,2022-01-09,S,exercise and sell,1500000,37320000.00,24.8800,,0,0,,unknown,,1,0,Common Units,I,4,0000899243-22-001604,,https://www.sec.gov/Archives/edgar/data/1393818/000089924322001604/doc4.xml
BX,1393818,Stephen A. Schwarzman,1070844,2021-12-14,2021-12-14,S,exercise and sell,349527,10459595.47,29.9250,,0,0,,unknown,,1,0,Common Stock,I,4,0000899243-21-048176,,https://www.sec.gov/Archives/edgar/data/1393818/000089924321048176/doc4.xml
BX,1393818,Stephen A. Schwarzman,1070844,2021-11-22,2021-11-22,S,exercise and sell,12322975,101079202.44,8.2025,,0,0,,unknown,,7,0,Common Stock,I,4,0000899243-21-045659,,https://www.sec.gov/Archives/edgar/data/1393818/000089924321045659/doc4.xml
BX,1393818,Stephen A. Schwarzman,1070844,2021-11-18,2021-11-16,S,exercise and sell,500000,38000000.00,76.0000,,0,0,,unknown,,2,0,Common Stock,I,4,0000899243-21-045284,,https://www.sec.gov/Archives/edgar/data/1393818/000089924321045284/doc4.xml
BX,1393818,Stephen A. Schwarzman,1070844,2021-11-17,2021-11-15,S,exercise and sell,4500000,134662500.00,29.9250,,0,0,,unknown,,1,0,Common Stock,I,4,0000899243-21-045073,,https://www.sec.gov/Archives/edgar/data/1393818/000089924321045073/doc4.xml
BX,1393818,Stephen A. Schwarzman,1070844,2021-10-27,2021-10-25,S,exercise and sell,8127882,499346996.92,61.4363,,0,0,,unknown,C,1,0,Class A Common Stock,I,4,0000899243-21-041722,,https://www.sec.gov/Archives/edgar/data/1393818/000089924321041722/doc4.xml
BX,1393818,Stephen A. Schwarzman,1070844,2021-10-25,2021-10-21,S,exercise and sell,45866,323283.51,7.0484,,0,0,,unknown,,3,0,Class A Common Stock,I,4,0000899243-21-041469,,https://www.sec.gov/Archives/edgar/data/1393818/000089924321041469/doc4.xml
BX,1393818,Stephen A. Schwarzman,1070844,2021-10-08,2021-10-06,S,exercise and sell,400000,7000000.00,17.5000,,0,0,,unknown,,1,0,Common Stock,I,4,0000899243-21-039704,,https://www.sec.gov/Archives/edgar/data/1393818/000089924321039704/doc4.xml
BX,1393818,Stephen A. Schwarzman,1070844,2021-10-05,2021-10-05,S,exercise and sell,23946,458565.90,19.1500,,0,0,,unknown,,1,0,Common Stock,I,4,0000899243-21-039264,,https://www.sec.gov/Archives/edgar/data/1393818/000089924321039264/doc4.xml
BX,1393818,Stephen A. Schwarzman,1070844,2021-10-05,2021-10-01,S,exercise and sell,22600,432338.00,19.1300,,0,0,,unknown,,1,0,Common Stock,I,4,0000899243-21-039264,,https://www.sec.gov/Archives/edgar/data/1393818/000089924321039264/doc4.xml
BX,1393818,Stephen A. Schwarzman,1070844,2021-10-04,2021-10-01,P,open-market purchase,9473,387985.66,40.9570,,0,0,,unknown,,1,0,Common Units,I,4,0000899243-21-038854,,https://www.sec.gov/Archives/edgar/data/1393818/000089924321038854/doc4.xml
BX,1393818,Stephen A. Schwarzman,1070844,2021-10-04,2021-09-30,P,open-market purchase,35044,1434350.92,40.9300,,0,0,,unknown,,1,0,Common Units,I,4,0000899243-21-038854,,https://www.sec.gov/Archives/edgar/data/1393818/000089924321038854/doc4.xml
BX,1393818,Stephen A. Schwarzman,1070844,2021-09-28,2021-09-27,P,open-market purchase,100,4090.00,40.9000,,0,0,,unknown,,1,0,Common Units,I,4,0000899243-21-038096,,https://www.sec.gov/Archives/edgar/data/1393818/000089924321038096/doc4.xml
BX,1393818,Stephen A. Schwarzman,1070844,2021-09-28,2021-09-24,P,open-market purchase,113,4520.00,40.0000,,0,0,,unknown,,1,0,Common Units,I,4,0000899243-21-038096,,https://www.sec.gov/Archives/edgar/data/1393818/000089924321038096/doc4.xml
BX,1393818,Stephen A. Schwarzman,1070844,2021-09-24,2021-09-22,P,open-market purchase,30400,1203937.28,39.6032,,0,0,,unknown,,1,0,Common Units,I,4,0000899243-21-037634,,https://www.sec.gov/Archives/edgar/data/1393818/000089924321037634/doc4.xml
BX,1393818,Stephen A. Schwarzman,1070844,2021-08-26,2021-08-24,S,exercise and sell,335000,20100000.00,60.0000,,0,0,,unknown,,2,0,Common Stock,I,4,0000899243-21-034284,,https://www.sec.gov/Archives/edgar/data/1393818/000089924321034284/doc4.xml
BX,1393818,Stephen A. Schwarzman,1070844,2021-08-25,2021-08-23,S,exercise and sell,352396,6696325.84,19.0023,,0,0,,unknown,,2,0,Common Stock,I,4,0000899243-21-034149,,https://www.sec.gov/Archives/edgar/data/1393818/000089924321034149/doc4.xml
BX,1393818,Stephen A. Schwarzman,1070844,2021-08-20,2021-08-18,S,exercise and sell,3000,47640.00,15.8800,,0,0,,unknown,,1,0,Common Stock,I,4,0000899243-21-033841,,https://www.sec.gov/Archives/edgar/data/1393818/000089924321033841/doc4.xml
BX,1393818,Stephen A. Schwarzman,1070844,2021-08-18,2021-08-16,S,exercise and sell,28750000,441600000.00,15.3600,,0,0,,unknown,,4,0,Ordinary Shares,I,4,0000899243-21-033478,,https://www.sec.gov/Archives/edgar/data/1393818/000089924321033478/doc4.xml
BX,1393818,Stephen A. Schwarzman,1070844,2021-08-13,2021-08-12,S,exercise and sell,10060,140035.20,13.9200,,0,0,,unknown,,1,0,Common Stock,I,4,0000899243-21-032969,,https://www.sec.gov/Archives/edgar/data/1393818/000089924321032969/doc4.xml
BX,1393818,Stephen A. Schwarzman,1070844,2021-08-13,2021-08-11,S,exercise and sell,17222,258846.66,15.0300,,0,0,,unknown,,1,0,Common Stock,I,4,0000899243-21-032969,,https://www.sec.gov/Archives/edgar/data/1393818/000089924321032969/doc4.xml
BX,1393818,Stephen A. Schwarzman,1070844,2021-08-05,2021-08-03,S,exercise and sell,22300,334277.00,14.9900,,0,0,,unknown,,1,0,Common Stock,I,4,0000899243-21-031824,,https://www.sec.gov/Archives/edgar/data/1393818/000089924321031824/doc4.xml
BX,1393818,Stephen A. Schwarzman,1070844,2021-08-03,2021-08-02,S,exercise and sell,40000,631200.00,15.7800,,0,0,,unknown,,1,0,Common Stock,I,4,0000899243-21-031302,,https://www.sec.gov/Archives/edgar/data/1393818/000089924321031302/doc4.xml
BX,1393818,Stephen A. Schwarzman,1070844,2021-08-03,2021-07-30,S,exercise and sell,15854,248590.72,15.6800,,0,0,,unknown,,1,0,Common Stock,I,4,0000899243-21-031302,,https://www.sec.gov/Archives/edgar/data/1393818/000089924321031302/doc4.xml
BX,1393818,Stephen A. Schwarzman,1070844,2021-07-20,2021-07-20,P,open-market purchase,150000,2400000.00,16.0000,,0,0,,unknown,C,1,0,Common Stock,I,4,0001567619-21-013733,,https://www.sec.gov/Archives/edgar/data/1393818/000156761921013733/doc1.xml
BX,1393818,Stephen A. Schwarzman,1070844,2021-06-21,2021-06-17,S,exercise and sell,2675000,34240000.00,12.8000,,0,0,,unknown,,1,0,Common Stock,I,4,0000899243-21-025106,,https://www.sec.gov/Archives/edgar/data/1393818/000089924321025106/doc4.xml
BX,1393818,Stephen A. Schwarzman,1070844,2021-06-17,2021-06-15,S,exercise and sell,200000,12000000.00,60.0000,,0,0,,unknown,,2,0,Common Stock,I,4,0000899243-21-024555,,https://www.sec.gov/Archives/edgar/data/1393818/000089924321024555/doc4.xml
BX,1393818,Stephen A. Schwarzman,1070844,2021-06-17,2021-06-15,S,exercise and sell,6478658,140813631.63,21.7350,,0,0,,unknown,C,1,0,Class A Common Stock,I,4,0000899243-21-024566,,https://www.sec.gov/Archives/edgar/data/1393818/000089924321024566/doc4.xml
BX,1393818,Stephen A. Schwarzman,1070844,2021-06-16,2021-06-14,S,exercise and sell,5175000,131341500.00,25.3800,,0,0,,unknown,,1,0,Common Stock,I,4,0000899243-21-024333,,https://www.sec.gov/Archives/edgar/data/1393818/000089924321024333/doc4.xml
BX,1393818,Stephen A. Schwarzman,1070844,2021-06-11,2021-06-09,S,exercise and sell,500000,30000000.00,60.0000,,0,0,,unknown,,2,0,Common Stock,I,4,0000899243-21-023351,,https://www.sec.gov/Archives/edgar/data/1393818/000089924321023351/doc4.xml
BX,1393818,Stephen A. Schwarzman,1070844,2021-05-14,2021-05-11,P,open-market purchase,30000,510000.00,17.0000,,0,0,,unknown,C,7,0,Common Stock,I,4,0000899243-21-019456,,https://www.sec.gov/Archives/edgar/data/1393818/000089924321019456/doc4.xml
BX,1393818,Stephen A. Schwarzman,1070844,2021-04-28,2021-02-16,S,exercise and sell,26998542,1108695127.23,41.0650,,0,0,,unknown,,4,0,Class A Common Stock,I,4/A,0000899243-21-017223,,https://www.sec.gov/Archives/edgar/data/1393818/000089924321017223/doc4a.xml
BX,1393818,Stephen A. Schwarzman,1070844,2021-04-05,2020-06-01,S,exercise and sell,316750,2347684.33,7.4118,,0,0,,unknown,,2,0,Class A Common Stock,I,4,0000899243-21-014782,,https://www.sec.gov/Archives/edgar/data/1393818/000089924321014782/doc4.xml
BX,1393818,Stephen A. Schwarzman,1070844,2021-04-05,2020-06-01,P,open-market purchase,316750,2347684.33,7.4118,,0,0,,unknown,,2,0,Class A Common Stock,I,4,0000899243-21-014782,,https://www.sec.gov/Archives/edgar/data/1393818/000089924321014782/doc4.xml
BX,1393818,Stephen A. Schwarzman,1070844,2021-03-26,2021-03-24,S,exercise and sell,2370632,87713384.00,37.0000,,0,0,,unknown,,3,0,Common Units,I,4,0000899243-21-013735,,https://www.sec.gov/Archives/edgar/data/1393818/000089924321013735/doc4.xml
BX,1393818,Stephen A. Schwarzman,1070844,2021-03-24,2021-03-22,P,open-market purchase,4285000,56990500.00,13.3000,,0,0,,unknown,,6,0,Class A Common Stock,I,4,0000899243-21-013339,,https://www.sec.gov/Archives/edgar/data/1393818/000089924321013339/doc4.xml
BX,1393818,Stephen A. Schwarzman,1070844,2021-03-04,2021-03-02,S,exercise and sell,25300000,364320000.00,14.4000,,0,0,,unknown,,4,0,Ordinary Shares,I,4,0000899243-21-010069,,https://www.sec.gov/Archives/edgar/data/1393818/000089924321010069/doc4.xml
BX,1393818,Stephen A. Schwarzman,1070844,2021-02-18,2021-02-16,S,exercise and sell,24798848,1018364693.12,41.0650,,0,0,,unknown,,4,0,Class A Common Stock,I,4,0000899243-21-007222,,https://www.sec.gov/Archives/edgar/data/1393818/000089924321007222/doc4.xml
BX,1393818,Stephen A. Schwarzman,1070844,2021-02-18,2021-02-16,S,exercise and sell,8625000,160425000.00,18.6000,,0,0,,unknown,,1,0,Common Stock,I,4,0000899243-21-007263,,https://www.sec.gov/Archives/edgar/data/1393818/000089924321007263/doc4.xml
BX,1393818,Stephen A. Schwarzman,1070844,2021-02-02,2021-01-29,S,exercise and sell,119921521,,,,0,0,,unknown,,2,2,Class B Common Stock | Class D Common Stock,I,4,0000899243-21-004368,,https://www.sec.gov/Archives/edgar/data/1393818/000089924321004368/doc4.xml
BX,1393818,Stephen A. Schwarzman,1070844,2021-01-11,2021-01-07,P,open-market purchase,997940,24948500.00,25.0000,,0,0,,unknown,,1,0,Class I Common Shares of Beneficial Interest,I,4,0000899243-21-001413,,https://www.sec.gov/Archives/edgar/data/1393818/000089924321001413/doc4.xml
BX,1393818,Stephen A. Schwarzman,1070844,2021-01-06,2021-01-04,P,open-market purchase,42425,1481905.25,34.9300,,0,0,,unknown,,1,0,Common Units,I,4,0000899243-21-000779,,https://www.sec.gov/Archives/edgar/data/1393818/000089924321000779/doc4.xml
BX,1393818,Stephen A. Schwarzman,1070844,2021-01-05,2020-12-31,P,open-market purchase,71532,2500605.24,34.9579,,0,0,0,unknown,,2,0,Common Units,I,4,0000899243-21-000501,,https://www.sec.gov/Archives/edgar/data/1393818/000089924321000501/doc4.xml
BX,1393818,Stephen A. Schwarzman,1070844,2020-12-31,2020-12-30,P,open-market purchase,73359,2492755.32,33.9802,,0,0,,unknown,,2,0,Common Units,I,4,0000899243-20-035568,,https://www.sec.gov/Archives/edgar/data/1393818/000089924320035568/doc4.xml
BX,1393818,Stephen A. Schwarzman,1070844,2020-10-23,2020-10-21,P,open-market purchase,2000,50000.00,25.0000,,0,0,,unknown,,1,0,Class I Common Shares of Beneficial Interest,I,4,0000899243-20-029157,,https://www.sec.gov/Archives/edgar/data/1393818/000089924320029157/doc4.xml
BX,1393818,Stephen A. Schwarzman,1070844,2020-10-14,2020-10-12,S,exercise and sell,8000000,482000000.00,60.2500,,0,0,,unknown,,4,0,Common Stock,I,4,0000899243-20-028234,,https://www.sec.gov/Archives/edgar/data/1393818/000089924320028234/doc4.xml
BX,1393818,Stephen A. Schwarzman,1070844,2020-10-05,2020-10-01,S,exercise and sell,10000000,100200000.00,10.0200,,0,0,,unknown,,6,0,Common Stock,I,4,0000899243-20-027349,,https://www.sec.gov/Archives/edgar/data/1393818/000089924320027349/doc4.xml
BX,1393818,Stephen A. Schwarzman,1070844,2020-10-01,2020-09-29,P,open-market purchase,250000,4000000.00,16.0000,,0,0,,unknown,C,1,0,Common Stock,I,4,0000899243-20-026702,,https://www.sec.gov/Archives/edgar/data/1393818/000089924320026702/doc4.xml
BX,1393818,Stephen A. Schwarzman,1070844,2020-08-24,2020-08-21,S,exercise and sell,11627907,250000000.50,21.5000,,0,0,,unknown,,1,0,Common Stock,I,4,0000899243-20-023297,,https://www.sec.gov/Archives/edgar/data/1393818/000089924320023297/doc4.xml
BX,1393818,Stephen A. Schwarzman,1070844,2020-07-30,2020-07-28,P,open-market purchase,200000,3400000.00,17.0000,,0,0,,unknown,C,1,0,Common Stock,I,4,0000899243-20-020805,,https://www.sec.gov/Archives/edgar/data/1393818/000089924320020805/doc4.xml
BX,1393818,Stephen A. Schwarzman,1070844,2020-06-15,2020-06-15,P,open-market purchase,200,2018.00,10.0900,,0,0,,unknown,,1,0,Common Stock,I,4,0000899243-20-016601,,https://www.sec.gov/Archives/edgar/data/1393818/000089924320016601/doc4.xml
BX,1393818,Stephen A. Schwarzman,1070844,2020-06-15,2020-06-12,P,open-market purchase,14633,149695.59,10.2300,,0,0,,unknown,,1,0,Common Stock,I,4,0000899243-20-016601,,https://www.sec.gov/Archives/edgar/data/1393818/000089924320016601/doc4.xml
BX,1393818,Stephen A. Schwarzman,1070844,2020-06-15,2020-06-11,P,open-market purchase,32179,320181.05,9.9500,,0,0,,unknown,,1,0,Common Stock,I,4,0000899243-20-016601,,https://www.sec.gov/Archives/edgar/data/1393818/000089924320016601/doc4.xml
BX,1393818,Stephen A. Schwarzman,1070844,2020-06-04,2020-06-04,P,open-market purchase,2703,26786.73,9.9100,,0,0,,unknown,,1,0,Common Stock,I,4,0000899243-20-015349,,https://www.sec.gov/Archives/edgar/data/1393818/000089924320015349/doc4.xml
BX,1393818,Stephen A. Schwarzman,1070844,2020-06-04,2020-06-03,P,open-market purchase,17637,174429.93,9.8900,,0,0,,unknown,,1,0,Common Stock,I,4,0000899243-20-015349,,https://www.sec.gov/Archives/edgar/data/1393818/000089924320015349/doc4.xml
BX,1393818,Stephen A. Schwarzman,1070844,2020-06-04,2020-06-02,P,open-market purchase,26331,256727.25,9.7500,,0,0,,unknown,,1,0,Common Stock,I,4,0000899243-20-015349,,https://www.sec.gov/Archives/edgar/data/1393818/000089924320015349/doc4.xml
BX,1393818,Stephen A. Schwarzman,1070844,2020-06-03,2020-06-01,S,exercise and sell,45301593,,,,0,0,,unknown,,11,11,Ordinary Shares,I,4,0000899243-20-015124,,https://www.sec.gov/Archives/edgar/data/1393818/000089924320015124/doc4.xml
BX,1393818,Stephen A. Schwarzman,1070844,2020-06-01,2020-06-01,P,open-market purchase,19700,192469.00,9.7700,,0,0,,unknown,,1,0,Common Stock,I,4,0000899243-20-014776,,https://www.sec.gov/Archives/edgar/data/1393818/000089924320014776/doc4.xml
BX,1393818,Stephen A. Schwarzman,1070844,2020-06-01,2020-05-29,P,open-market purchase,23569,225083.95,9.5500,,0,0,,unknown,,1,0,Common Stock,I,4,0000899243-20-014776,,https://www.sec.gov/Archives/edgar/data/1393818/000089924320014776/doc4.xml
BX,1393818,Stephen A. Schwarzman,1070844,2020-06-01,2020-05-28,P,open-market purchase,23569,228147.92,9.6800,,0,0,,unknown,,1,0,Common Stock,I,4,0000899243-20-014776,,https://www.sec.gov/Archives/edgar/data/1393818/000089924320014776/doc4.xml
BX,1393818,Stephen A. Schwarzman,1070844,2020-05-27,2020-05-27,P,open-market purchase,15200,147288.00,9.6900,,0,0,,unknown,,1,0,Common Stock,I,4,0000899243-20-014354,,https://www.sec.gov/Archives/edgar/data/1393818/000089924320014354/doc4.xml
BX,1393818,Stephen A. Schwarzman,1070844,2020-05-27,2020-05-26,P,open-market purchase,12300,119679.00,9.7300,,0,0,,unknown,,1,0,Common Stock,I,4,0000899243-20-014354,,https://www.sec.gov/Archives/edgar/data/1393818/000089924320014354/doc4.xml
BX,1393818,Stephen A. Schwarzman,1070844,2020-05-27,2020-05-22,P,open-market purchase,12300,115866.00,9.4200,,0,0,,unknown,,1,0,Common Stock,I,4,0000899243-20-014354,,https://www.sec.gov/Archives/edgar/data/1393818/000089924320014354/doc4.xml
BX,1393818,Stephen A. Schwarzman,1070844,2020-05-26,2020-05-22,P,open-market purchase,13000,124280.00,9.5600,,0,0,,unknown,,1,0,Ordinary Shares,I,4,0000899243-20-014233,,https://www.sec.gov/Archives/edgar/data/1393818/000089924320014233/doc4.xml
BX,1393818,Stephen A. Schwarzman,1070844,2020-05-26,2020-05-21,P,open-market purchase,700,6811.00,9.7300,,0,0,,unknown,,1,0,Ordinary Shares,I,4,0000899243-20-014233,,https://www.sec.gov/Archives/edgar/data/1393818/000089924320014233/doc4.xml
BX,1393818,Stephen A. Schwarzman,1070844,2020-05-20,2020-05-20,P,open-market purchase,12500,120625.00,9.6500,,0,0,,unknown,,1,0,Ordinary Shares,I,4,0000899243-20-013785,,https://www.sec.gov/Archives/edgar/data/1393818/000089924320013785/doc4.xml
BX,1393818,Stephen A. Schwarzman,1070844,2020-05-20,2020-05-18,P,open-market purchase,100300,956862.00,9.5400,,0,0,,unknown,,1,0,Ordinary Shares,I,4,0000899243-20-013785,,https://www.sec.gov/Archives/edgar/data/1393818/000089924320013785/doc4.xml
BX,1393818,Stephen A. Schwarzman,1070844,2020-05-15,2020-05-15,P,open-market purchase,81500,707420.00,8.6800,,0,0,,unknown,,1,0,Ordinary Shares,I,4,0000899243-20-013318,,https://www.sec.gov/Archives/edgar/data/1393818/000089924320013318/doc4.xml
BX,1393818,Stephen A. Schwarzman,1070844,2020-05-15,2020-05-14,P,open-market purchase,81500,703345.00,8.6300,,0,0,,unknown,,1,0,Ordinary Shares,I,4,0000899243-20-013318,,https://www.sec.gov/Archives/edgar/data/1393818/000089924320013318/doc4.xml
BX,1393818,Stephen A. Schwarzman,1070844,2020-05-15,2020-05-13,P,open-market purchase,81500,721275.00,8.8500,,0,0,,unknown,,1,0,Ordinary Shares,I,4,0000899243-20-013318,,https://www.sec.gov/Archives/edgar/data/1393818/000089924320013318/doc4.xml
BX,1393818,Stephen A. Schwarzman,1070844,2020-05-12,2020-05-12,P,open-market purchase,81500,738390.00,9.0600,,0,0,,unknown,,1,0,Ordinary Shares,I,4,0000899243-20-012904,,https://www.sec.gov/Archives/edgar/data/1393818/000089924320012904/doc4.xml
BX,1393818,Stephen A. Schwarzman,1070844,2020-05-12,2020-05-11,P,open-market purchase,81500,731870.00,8.9800,,0,0,,unknown,,1,0,Ordinary Shares,I,4,0000899243-20-012904,,https://www.sec.gov/Archives/edgar/data/1393818/000089924320012904/doc4.xml
BX,1393818,Stephen A. Schwarzman,1070844,2020-05-12,2020-05-08,P,open-market purchase,69000,598230.00,8.6700,,0,0,,unknown,,1,0,Ordinary Shares,I,4,0000899243-20-012904,,https://www.sec.gov/Archives/edgar/data/1393818/000089924320012904/doc4.xml
BX,1393818,Stephen A. Schwarzman,1070844,2020-04-17,2020-04-17,P,open-market purchase,152770061,3429687869.45,22.4500,,0,0,,unknown,,1,0,Class A shares,I,4,0000899243-20-010891,,https://www.sec.gov/Archives/edgar/data/1393818/000089924320010891/doc4.xml
BX,1393818,Stephen A. Schwarzman,1070844,2020-03-25,2020-03-23,P,open-market purchase,156792,3426406.93,21.8532,,0,0,,unknown,,1,0,Common Units,I,4,0000899243-20-009405,,https://www.sec.gov/Archives/edgar/data/1393818/000089924320009405/doc4.xml
BX,1393818,Stephen A. Schwarzman,1070844,2020-03-23,2020-03-20,P,open-market purchase,166310,3601443.05,21.6550,,0,0,,unknown,,1,0,Common Units,I,4,0000899243-20-009298,,https://www.sec.gov/Archives/edgar/data/1393818/000089924320009298/doc4.xml
BX,1393818,Stephen A. Schwarzman,1070844,2020-03-23,2020-03-19,P,open-market purchase,236157,4802218.01,20.3349,,0,0,,unknown,,2,0,Common Units,I,4,0000899243-20-009298,,https://www.sec.gov/Archives/edgar/data/1393818/000089924320009298/doc4.xml
BX,1393818,Stephen A. Schwarzman,1070844,2020-03-18,2020-03-17,P,open-market purchase,335706,8447216.19,25.1625,,0,0,,unknown,,2,0,Common Units,I,4,0000899243-20-008857,,https://www.sec.gov/Archives/edgar/data/1393818/000089924320008857/doc4.xml
BX,1393818,Stephen A. Schwarzman,1070844,2020-03-18,2020-03-16,P,open-market purchase,610409,16017362.81,26.2404,,0,0,,unknown,,2,0,Common Units,I,4,0000899243-20-008857,,https://www.sec.gov/Archives/edgar/data/1393818/000089924320008857/doc4.xml
BX,1393818,Stephen A. Schwarzman,1070844,2020-03-16,2020-03-13,P,open-market purchase,68987,1815359.39,26.3145,,0,0,,unknown,,2,0,Common Units,I,4,0000899243-20-008513,,https://www.sec.gov/Archives/edgar/data/1393818/000089924320008513/doc4.xml
BX,1393818,Stephen A. Schwarzman,1070844,2020-03-16,2020-03-12,P,open-market purchase,333965,8688692.42,26.0168,,0,0,,unknown,,2,0,Common Units,I,4,0000899243-20-008513,,https://www.sec.gov/Archives/edgar/data/1393818/000089924320008513/doc4.xml
BX,1393818,Stephen A. Schwarzman,1070844,2020-03-13,2020-03-13,P,open-market purchase,90000,703961.75,7.8218,,0,0,,unknown,,2,0,Ordinary Shares,I,4,0000899243-20-008316,,https://www.sec.gov/Archives/edgar/data/1393818/000089924320008316/doc4.xml
BX,1393818,Stephen A. Schwarzman,1070844,2020-03-13,2020-03-12,P,open-market purchase,90000,735300.00,8.1700,,0,0,,unknown,,1,0,Ordinary Shares,I,4,0000899243-20-008316,,https://www.sec.gov/Archives/edgar/data/1393818/000089924320008316/doc4.xml
BX,1393818,Stephen A. Schwarzman,1070844,2020-03-13,2020-03-11,P,open-market purchase,90000,807300.00,8.9700,,0,0,,unknown,,1,0,Ordinary Shares,I,4,0000899243-20-008316,,https://www.sec.gov/Archives/edgar/data/1393818/000089924320008316/doc4.xml
BX,1393818,Stephen A. Schwarzman,1070844,2020-03-12,2020-03-11,P,open-market purchase,14331,395101.15,27.5697,,0,0,,unknown,,2,0,Common Units,I,4,0000899243-20-008128,,https://www.sec.gov/Archives/edgar/data/1393818/000089924320008128/doc4.xml
BX,1393818,Stephen A. Schwarzman,1070844,2020-03-12,2020-03-10,P,open-market purchase,327762,8448851.06,25.7774,,0,0,,unknown,,3,0,Common Units,I,4,0000899243-20-008128,,https://www.sec.gov/Archives/edgar/data/1393818/000089924320008128/doc4.xml
BX,1393818,Stephen A. Schwarzman,1070844,2020-03-10,2020-03-10,P,open-market purchase,90000,831600.00,9.2400,,0,0,,unknown,,1,0,Ordinary Shares,I,4,0000899243-20-007795,,https://www.sec.gov/Archives/edgar/data/1393818/000089924320007795/doc4.xml
BX,1393818,Stephen A. Schwarzman,1070844,2020-03-10,2020-03-09,P,open-market purchase,85000,769250.00,9.0500,,0,0,,unknown,,1,0,Ordinary Shares,I,4,0000899243-20-007795,,https://www.sec.gov/Archives/edgar/data/1393818/000089924320007795/doc4.xml
BX,1393818,Stephen A. Schwarzman,1070844,2020-03-10,2020-03-06,P,open-market purchase,75400,714038.00,9.4700,,0,0,,unknown,,1,0,Ordinary Shares,I,4,0000899243-20-007795,,https://www.sec.gov/Archives/edgar/data/1393818/000089924320007795/doc4.xml
BX,1393818,Stephen A. Schwarzman,1070844,2019-12-04,2019-12-03,S,exercise and sell,8875211,22188027.50,2.5000,,0,0,,unknown,,5,0,Common Stock,I,4,0000899243-19-028449,,https://www.sec.gov/Archives/edgar/data/1393818/000089924319028449/doc4.xml
BX,1393818,Stephen A. Schwarzman,1070844,2019-11-27,2019-11-26,S,exercise and sell,57600000,1730880000.00,30.0500,,0,0,,unknown,,7,0,Common Stock,I,4,0000899243-19-028249,,https://www.sec.gov/Archives/edgar/data/1393818/000089924319028249/doc4.xml
BX,1393818,Stephen A. Schwarzman,1070844,2019-11-14,2019-11-12,P,open-market purchase,250000,3000000.00,12.0000,,0,0,,unknown,C,4,0,Common Stock,I,4,0000899243-19-027289,,https://www.sec.gov/Archives/edgar/data/1393818/000089924319027289/doc4.xml
BX,1393818,Stephen A. Schwarzman,1070844,2019-11-04,2019-11-04,S,exercise and sell,6864545,243965929.30,35.5400,,0,0,,unknown,,3,0,Common Stock,I,4,0000899243-19-026565,,https://www.sec.gov/Archives/edgar/data/1393818/000089924319026565/doc4.xml
BX,1393818,Stephen A. Schwarzman,1070844,2019-09-25,2019-09-23,S,exercise and sell,44000000,1239920000.00,28.1800,,0,0,,unknown,,7,0,Common Stock,I,4,0000899243-19-024261,,https://www.sec.gov/Archives/edgar/data/1393818/000089924319024261/doc4.xml
BX,1393818,Stephen A. Schwarzman,1070844,2019-09-23,2019-09-20,S,exercise and sell,9129966,299006386.50,32.7500,,0,0,,unknown,C,4,0,Common Stock,I,4,0000899243-19-024060,,https://www.sec.gov/Archives/edgar/data/1393818/000089924319024060/doc4.xml
BX,1393818,Stephen A. Schwarzman,1070844,2019-09-05,2019-09-03,P,open-market purchase,78266,620649.38,7.9300,,0,0,,unknown,,1,0,Ordinary Shares,I,4,0000899243-19-022871,,https://www.sec.gov/Archives/edgar/data/1393818/000089924319022871/doc4.xml
BX,1393818,Stephen A. Schwarzman,1070844,2019-09-04,2019-09-04,P,open-market purchase,45100,401841.00,8.9100,,0,0,,unknown,,1,0,Ordinary Shares,I,4,0000899243-19-022764,,https://www.sec.gov/Archives/edgar/data/1393818/000089924319022764/doc4.xml
BX,1393818,Stephen A. Schwarzman,1070844,2019-09-04,2019-09-03,P,open-market purchase,72000,611280.00,8.4900,,0,0,,unknown,,1,0,Ordinary Shares,I,4,0000899243-19-022764,,https://www.sec.gov/Archives/edgar/data/1393818/000089924319022764/doc4.xml
BX,1393818,Stephen A. Schwarzman,1070844,2019-09-04,2019-08-30,P,open-market purchase,45000,393750.00,8.7500,,0,0,,unknown,,1,0,Ordinary Shares,I,4,0000899243-19-022764,,https://www.sec.gov/Archives/edgar/data/1393818/000089924319022764/doc4.xml
BX,1393818,Stephen A. Schwarzman,1070844,2019-08-30,2019-08-30,P,open-market purchase,37898,303562.98,8.0100,,0,0,,unknown,,1,0,Ordinary Shares,I,4,0000899243-19-022630,,https://www.sec.gov/Archives/edgar/data/1393818/000089924319022630/doc4.xml
BX,1393818,Stephen A. Schwarzman,1070844,2019-08-30,2019-08-29,P,open-market purchase,45043,361695.29,8.0300,,0,0,,unknown,,1,0,Ordinary Shares,I,4,0000899243-19-022630,,https://www.sec.gov/Archives/edgar/data/1393818/000089924319022630/doc4.xml
BX,1393818,Stephen A. Schwarzman,1070844,2019-08-30,2019-08-28,P,open-market purchase,84107,666968.51,7.9300,,0,0,,unknown,,1,0,Ordinary Shares,I,4,0000899243-19-022630,,https://www.sec.gov/Archives/edgar/data/1393818/000089924319022630/doc4.xml
BX,1393818,Stephen A. Schwarzman,1070844,2019-08-29,2019-08-29,P,open-market purchase,52600,450256.00,8.5600,,0,0,,unknown,,1,0,Ordinary Shares,I,4,0000899243-19-022598,,https://www.sec.gov/Archives/edgar/data/1393818/000089924319022598/doc4.xml
BX,1393818,Stephen A. Schwarzman,1070844,2019-08-29,2019-08-28,P,open-market purchase,24700,205257.00,8.3100,,0,0,,unknown,,1,0,Ordinary Shares,I,4,0000899243-19-022598,,https://www.sec.gov/Archives/edgar/data/1393818/000089924319022598/doc4.xml
BX,1393818,Stephen A. Schwarzman,1070844,2019-08-29,2019-08-27,P,open-market purchase,36700,304977.00,8.3100,,0,0,,unknown,,1,0,Ordinary Shares,I,4,0000899243-19-022598,,https://www.sec.gov/Archives/edgar/data/1393818/000089924319022598/doc4.xml
BX,1393818,Stephen A. Schwarzman,1070844,2019-08-27,2019-08-27,P,open-market purchase,103585,821429.05,7.9300,,0,0,,unknown,,1,0,Ordinary Shares,I,4,0000899243-19-022537,,https://www.sec.gov/Archives/edgar/data/1393818/000089924319022537/doc4.xml
BX,1393818,Stephen A. Schwarzman,1070844,2019-08-27,2019-08-26,P,open-market purchase,73503,588024.00,8.0000,,0,0,,unknown,,1,0,Ordinary Shares,I,4,0000899243-19-022537,,https://www.sec.gov/Archives/edgar/data/1393818/000089924319022537/doc4.xml
BX,1393818,Stephen A. Schwarzman,1070844,2019-08-27,2019-08-23,P,open-market purchase,112065,887554.80,7.9200,,0,0,0,unknown,,1,0,Ordinary Shares,I,4,0000899243-19-022537,,https://www.sec.gov/Archives/edgar/data/1393818/000089924319022537/doc4.xml
BX,1393818,Stephen A. Schwarzman,1070844,2019-08-26,2019-08-26,P,open-market purchase,49000,396900.00,8.1000,,0,0,,unknown,,1,0,Ordinary Shares,I,4,0000899243-19-022475,,https://www.sec.gov/Archives/edgar/data/1393818/000089924319022475/doc4.xml
BX,1393818,Stephen A. Schwarzman,1070844,2019-08-26,2019-08-23,P,open-market purchase,60000,504000.00,8.4000,,0,0,0,unknown,,1,0,Ordinary Shares,I,4,0000899243-19-022475,,https://www.sec.gov/Archives/edgar/data/1393818/000089924319022475/doc4.xml
BX,1393818,Stephen A. Schwarzman,1070844,2019-08-26,2019-08-22,P,open-market purchase,100000,866000.00,8.6600,,0,0,,unknown,,1,0,Ordinary Shares,I,4,0000899243-19-022475,,https://www.sec.gov/Archives/edgar/data/1393818/000089924319022475/doc4.xml
BX,1393818,Stephen A. Schwarzman,1070844,2019-08-22,2019-08-22,P,open-market purchase,119339,953518.61,7.9900,,0,0,,unknown,,1,0,Ordinary Shares,I,4,0000899243-19-022337,,https://www.sec.gov/Archives/edgar/data/1393818/000089924319022337/doc4.xml
BX,1393818,Stephen A. Schwarzman,1070844,2019-08-22,2019-08-21,P,open-market purchase,76432,596169.60,7.8000,,0,0,,unknown,,1,0,Ordinary Shares,I,4,0000899243-19-022337,,https://www.sec.gov/Archives/edgar/data/1393818/000089924319022337/doc4.xml
BX,1393818,Stephen A. Schwarzman,1070844,2019-08-22,2019-08-20,P,open-market purchase,134118,1013932.08,7.5600,,0,0,,unknown,,1,0,Ordinary Shares,I,4,0000899243-19-022337,,https://www.sec.gov/Archives/edgar/data/1393818/000089924319022337/doc4.xml
BX,1393818,Stephen A. Schwarzman,1070844,2019-08-21,2019-08-21,P,open-market purchase,100000,837000.00,8.3700,,0,0,,unknown,,1,0,Ordinary Shares,I,4,0000899243-19-022236,,https://www.sec.gov/Archives/edgar/data/1393818/000089924319022236/doc4.xml
BX,1393818,Stephen A. Schwarzman,1070844,2019-08-21,2019-08-20,P,open-market purchase,100000,814000.00,8.1400,,0,0,,unknown,,1,0,Ordinary Shares,I,4,0000899243-19-022236,,https://www.sec.gov/Archives/edgar/data/1393818/000089924319022236/doc4.xml
BX,1393818,Stephen A. Schwarzman,1070844,2019-08-21,2019-08-19,P,open-market purchase,82500,671550.00,8.1400,,0,0,,unknown,,1,0,Ordinary Shares,I,4,0000899243-19-022236,,https://www.sec.gov/Archives/edgar/data/1393818/000089924319022236/doc4.xml
BX,1393818,Stephen A. Schwarzman,1070844,2019-08-19,2019-08-19,P,open-market purchase,77743,606395.40,7.8000,,0,0,,unknown,,1,0,Ordinary Shares,I,4,0000899243-19-022066,,https://www.sec.gov/Archives/edgar/data/1393818/000089924319022066/doc4.xml
BX,1393818,Stephen A. Schwarzman,1070844,2019-08-19,2019-08-16,P,open-market purchase,72894,559096.98,7.6700,,0,0,,unknown,,1,0,Ordinary Shares,I,4,0000899243-19-022066,,https://www.sec.gov/Archives/edgar/data/1393818/000089924319022066/doc4.xml
BX,1393818,Stephen A. Schwarzman,1070844,2019-08-19,2019-08-15,P,open-market purchase,91977,675111.18,7.3400,,0,0,,unknown,,1,0,Ordinary Shares,I,4,0000899243-19-022066,,https://www.sec.gov/Archives/edgar/data/1393818/000089924319022066/doc4.xml
BX,1393818,Stephen A. Schwarzman,1070844,2019-08-16,2019-08-16,P,open-market purchase,46500,371070.00,7.9800,,0,0,,unknown,,1,0,Ordinary Shares,I,4,0000899243-19-022000,,https://www.sec.gov/Archives/edgar/data/1393818/000089924319022000/doc4.xml
BX,1393818,Stephen A. Schwarzman,1070844,2019-08-16,2019-08-15,P,open-market purchase,100000,795000.00,7.9500,,0,0,,unknown,,1,0,Ordinary Shares,I,4,0000899243-19-022000,,https://www.sec.gov/Archives/edgar/data/1393818/000089924319022000/doc4.xml
BX,1393818,Stephen A. Schwarzman,1070844,2019-08-16,2019-08-14,P,open-market purchase,100000,789000.00,7.8900,,0,0,,unknown,,1,0,Ordinary Shares,I,4,0000899243-19-022000,,https://www.sec.gov/Archives/edgar/data/1393818/000089924319022000/doc4.xml
BX,1393818,Stephen A. Schwarzman,1070844,2019-08-14,2019-08-14,P,open-market purchase,79368,561131.76,7.0700,,0,0,,unknown,,1,0,Ordinary Shares,I,4,0000899243-19-021747,,https://www.sec.gov/Archives/edgar/data/1393818/000089924319021747/doc4.xml
BX,1393818,Stephen A. Schwarzman,1070844,2019-08-14,2019-08-13,P,open-market purchase,57712,423606.08,7.3400,,0,0,,unknown,,1,0,Ordinary Shares,I,4,0000899243-19-021747,,https://www.sec.gov/Archives/edgar/data/1393818/000089924319021747/doc4.xml
BX,1393818,Stephen A. Schwarzman,1070844,2019-08-14,2019-08-12,P,open-market purchase,60394,446915.60,7.4000,,0,0,,unknown,,1,0,Ordinary Shares,I,4,0000899243-19-021747,,https://www.sec.gov/Archives/edgar/data/1393818/000089924319021747/doc4.xml
BX,1393818,Stephen A. Schwarzman,1070844,2019-08-13,2019-08-13,P,open-market purchase,100000,801000.00,8.0100,,0,0,,unknown,,1,0,Ordinary Shares,I,4,0000899243-19-021666,,https://www.sec.gov/Archives/edgar/data/1393818/000089924319021666/doc4.xml
BX,1393818,Stephen A. Schwarzman,1070844,2019-08-13,2019-08-12,P,open-market purchase,100000,794000.00,7.9400,,0,0,,unknown,,1,0,Ordinary Shares,I,4,0000899243-19-021666,,https://www.sec.gov/Archives/edgar/data/1393818/000089924319021666/doc4.xml
BX,1393818,Stephen A. Schwarzman,1070844,2019-08-13,2019-08-09,P,open-market purchase,64708,506016.56,7.8200,,0,0,,unknown,,1,0,Ordinary Shares,I,4,0000899243-19-021666,,https://www.sec.gov/Archives/edgar/data/1393818/000089924319021666/doc4.xml
BX,1393818,Stephen A. Schwarzman,1070844,2019-06-28,2019-06-26,S,exercise and sell,37500000,1028625000.00,27.4300,,0,0,,unknown,,7,0,Common Stock,I,4,0000899243-19-018525,,https://www.sec.gov/Archives/edgar/data/1393818/000089924319018525/doc4.xml
BX,1393818,Stephen A. Schwarzman,1070844,2019-06-05,2019-06-03,S,exercise and sell,40000000,1008400000.00,25.2100,,0,0,,unknown,,7,0,Common Stock,I,4,0000899243-19-015634,,https://www.sec.gov/Archives/edgar/data/1393818/000089924319015634/doc4.xml
BX,1393818,Stephen A. Schwarzman,1070844,2019-05-10,2019-05-08,P,open-market purchase,120000,2906400.00,24.2200,,0,0,,unknown,,2,0,Class A Shares,I,4,0000899243-19-013126,,https://www.sec.gov/Archives/edgar/data/1393818/000089924319013126/doc4.xml
BX,1393818,Stephen A. Schwarzman,1070844,2019-05-07,2019-05-07,P,open-market purchase,72500,1759575.00,24.2700,,0,0,,unknown,,2,0,Class A Shares,I,4,0000899243-19-012584,,https://www.sec.gov/Archives/edgar/data/1393818/000089924319012584/doc4.xml
BX,1393818,Stephen A. Schwarzman,1070844,2019-05-07,2019-05-06,P,open-market purchase,66000,1593900.00,24.1500,,0,0,,unknown,,2,0,Class A Shares,I,4,0000899243-19-012584,,https://www.sec.gov/Archives/edgar/data/1393818/000089924319012584/doc4.xml
BX,1393818,Stephen A. Schwarzman,1070844,2019-05-07,2019-05-03,P,open-market purchase,85400,2046184.00,23.9600,,0,0,,unknown,,2,0,Class A Shares,I,4,0000899243-19-012584,,https://www.sec.gov/Archives/edgar/data/1393818/000089924319012584/doc4.xml
BX,1393818,Stephen A. Schwarzman,1070844,2019-05-02,2019-05-02,P,open-market purchase,145000,3446650.00,23.7700,,0,0,,unknown,,2,0,Class A Shares,I,4,0000899243-19-011915,,https://www.sec.gov/Archives/edgar/data/1393818/000089924319011915/doc4.xml
BX,1393818,Stephen A. Schwarzman,1070844,2019-05-02,2019-05-01,P,open-market purchase,120358,2878963.36,23.9200,,0,0,,unknown,,2,0,Class A Shares,I,4,0000899243-19-011915,,https://www.sec.gov/Archives/edgar/data/1393818/000089924319011915/doc4.xml
BX,1393818,Stephen A. Schwarzman,1070844,2019-05-02,2019-04-30,P,open-market purchase,110000,2656500.00,24.1500,,0,0,,unknown,,2,0,Class A Shares,I,4,0000899243-19-011915,,https://www.sec.gov/Archives/edgar/data/1393818/000089924319011915/doc4.xml
BX,1393818,Stephen A. Schwarzman,1070844,2019-04-29,2019-04-29,P,open-market purchase,111000,2686200.00,24.2000,,0,0,,unknown,,2,0,Class A Shares,I,4,0000899243-19-011349,,https://www.sec.gov/Archives/edgar/data/1393818/000089924319011349/doc4.xml
BX,1393818,Stephen A. Schwarzman,1070844,2019-04-29,2019-04-26,P,open-market purchase,150100,3672947.00,24.4700,,0,0,,unknown,,2,0,Class A Shares,I,4,0000899243-19-011349,,https://www.sec.gov/Archives/edgar/data/1393818/000089924319011349/doc4.xml
BX,1393818,Stephen A. Schwarzman,1070844,2019-04-29,2019-04-25,P,open-market purchase,71100,1738395.00,24.4500,,0,0,,unknown,,2,0,Class A Shares,I,4,0000899243-19-011349,,https://www.sec.gov/Archives/edgar/data/1393818/000089924319011349/doc4.xml
BX,1393818,Stephen A. Schwarzman,1070844,2019-04-24,2019-04-24,P,open-market purchase,30894,756594.06,24.4900,,0,0,,unknown,,2,0,Class A Shares,I,4,0000899243-19-011070,,https://www.sec.gov/Archives/edgar/data/1393818/000089924319011070/doc4.xml
BX,1393818,Stephen A. Schwarzman,1070844,2019-04-24,2019-04-23,P,open-market purchase,13064,319937.36,24.4900,,0,0,,unknown,,2,0,Class A Shares,I,4,0000899243-19-011070,,https://www.sec.gov/Archives/edgar/data/1393818/000089924319011070/doc4.xml
BX,1393818,Stephen A. Schwarzman,1070844,2019-04-24,2019-04-22,P,open-market purchase,400,9796.00,24.4900,,0,0,,unknown,,2,0,Class A Shares,I,4,0000899243-19-011070,,https://www.sec.gov/Archives/edgar/data/1393818/000089924319011070/doc4.xml
BX,1393818,Stephen A. Schwarzman,1070844,2019-04-19,2019-04-18,P,open-market purchase,127600,3113440.00,24.4000,,0,0,,unknown,,2,0,Class A Shares,I,4,0000899243-19-010932,,https://www.sec.gov/Archives/edgar/data/1393818/000089924319010932/doc4.xml
BX,1393818,Stephen A. Schwarzman,1070844,2019-04-19,2019-04-17,P,open-market purchase,2720,66612.80,24.4900,,0,0,,unknown,,2,0,Class A Shares,I,4,0000899243-19-010932,,https://www.sec.gov/Archives/edgar/data/1393818/000089924319010932/doc4.xml
BX,1393818,Stephen A. Schwarzman,1070844,2019-04-11,2019-04-11,P,open-market purchase,26823,657163.50,24.5000,,0,0,,unknown,,2,0,Class A Shares,I,4,0000899243-19-010531,,https://www.sec.gov/Archives/edgar/data/1393818/000089924319010531/doc4.xml
BX,1393818,Stephen A. Schwarzman,1070844,2019-04-11,2019-04-10,P,open-market purchase,6410,156980.90,24.4900,,0,0,,unknown,,2,0,Class A Shares,I,4,0000899243-19-010531,,https://www.sec.gov/Archives/edgar/data/1393818/000089924319010531/doc4.xml
BX,1393818,Stephen A. Schwarzman,1070844,2019-04-11,2019-04-09,P,open-market purchase,46301,1133448.48,24.4800,,0,0,,unknown,,2,0,Class A Shares,I,4,0000899243-19-010531,,https://www.sec.gov/Archives/edgar/data/1393818/000089924319010531/doc4.xml
BX,1393818,Stephen A. Schwarzman,1070844,2019-03-29,2019-03-27,P,open-market purchase,308992,7341649.92,23.7600,,0,0,,unknown,,2,0,Class A Shares,I,4,0000899243-19-009270,,https://www.sec.gov/Archives/edgar/data/1393818/000089924319009270/doc4.xml
BX,1393818,Stephen A. Schwarzman,1070844,2019-03-27,2019-03-25,S,exercise and sell,40000000,928800000.00,23.2200,,0,0,,unknown,,7,0,Common Stock,I,4,0000899243-19-009048,,https://www.sec.gov/Archives/edgar/data/1393818/000089924319009048/doc4.xml
BX,1393818,Stephen A. Schwarzman,1070844,2019-03-27,2019-03-25,P,open-market purchase,700,17150.00,24.5000,,0,0,,unknown,,2,0,Class A Shares,I,4,0000899243-19-009067,,https://www.sec.gov/Archives/edgar/data/1393818/000089924319009067/doc4.xml
BX,1393818,Stephen A. Schwarzman,1070844,2019-03-22,2019-03-22,S,exercise and sell,2000000,43240000.00,21.6200,,0,0,,unknown,,1,0,Common Stock,I,4,0000899243-19-008806,,https://www.sec.gov/Archives/edgar/data/1393818/000089924319008806/doc4.xml
BX,1393818,Stephen A. Schwarzman,1070844,2019-03-21,2019-03-19,P,open-market purchase,1583,38767.67,24.4900,,0,0,,unknown,,2,0,Class A Shares,I,4,0000899243-19-008734,,https://www.sec.gov/Archives/edgar/data/1393818/000089924319008734/doc4.xml
BX,1393818,Stephen A. Schwarzman,1070844,2019-03-18,2019-03-18,P,open-market purchase,75000,1812000.00,24.1600,,0,0,,unknown,,2,0,Class A Shares,I,4,0000899243-19-008265,,https://www.sec.gov/Archives/edgar/data/1393818/000089924319008265/doc4.xml
BX,1393818,Stephen A. Schwarzman,1070844,2019-03-18,2019-03-15,P,open-market purchase,100000,2414000.00,24.1400,,0,0,,unknown,,2,0,Class A Shares,I,4,0000899243-19-008265,,https://www.sec.gov/Archives/edgar/data/1393818/000089924319008265/doc4.xml
BX,1393818,Stephen A. Schwarzman,1070844,2019-03-18,2019-03-14,P,open-market purchase,109500,2622525.00,23.9500,,0,0,,unknown,,2,0,Class A Shares,I,4,0000899243-19-008265,,https://www.sec.gov/Archives/edgar/data/1393818/000089924319008265/doc4.xml
BX,1393818,Stephen A. Schwarzman,1070844,2019-03-01,2019-02-27,S,exercise and sell,22500000,146475000.00,6.5100,,0,0,,unknown,,5,0,Common Shares,I,4,0000899243-19-005475,,https://www.sec.gov/Archives/edgar/data/1393818/000089924319005475/doc4.xml
BX,1393818,Stephen A. Schwarzman,1070844,2018-12-06,2018-12-04,S,exercise and sell,8000000,41580000.00,5.1975,,0,0,,unknown,,1,0,Common Stock,I,4,0000899243-18-030301,,https://www.sec.gov/Archives/edgar/data/1393818/000089924318030301/doc4.xml
BX,1393818,Stephen A. Schwarzman,1070844,2018-11-26,2018-11-26,P,open-market purchase,4421,48896.26,11.0600,,0,0,,unknown,,1,0,Common Stock,I,4,0000899243-18-029658,,https://www.sec.gov/Archives/edgar/data/1393818/000089924318029658/doc4.xml
BX,1393818,Stephen A. Schwarzman,1070844,2018-11-26,2018-11-21,P,open-market purchase,5810,64142.40,11.0400,,0,0,,unknown,,1,0,Common Stock,I,4,0000899243-18-029658,,https://www.sec.gov/Archives/edgar/data/1393818/000089924318029658/doc4.xml
BX,1393818,Stephen A. Schwarzman,1070844,2018-11-20,2018-11-20,P,open-market purchase,45126,491873.40,10.9000,,0,0,,unknown,,1,0,Common Stock,I,4,0000899243-18-029516,,https://www.sec.gov/Archives/edgar/data/1393818/000089924318029516/doc4.xml
BX,1393818,Stephen A. Schwarzman,1070844,2018-11-20,2018-11-19,P,open-market purchase,6399,69877.08,10.9200,,0,0,,unknown,,1,0,Common Stock,I,4,0000899243-18-029516,,https://www.sec.gov/Archives/edgar/data/1393818/000089924318029516/doc4.xml
BX,1393818,Stephen A. Schwarzman,1070844,2018-11-20,2018-11-16,P,open-market purchase,9760,106188.80,10.8800,,0,0,,unknown,,1,0,Common Stock,I,4,0000899243-18-029516,,https://www.sec.gov/Archives/edgar/data/1393818/000089924318029516/doc4.xml
BX,1393818,Stephen A. Schwarzman,1070844,2018-11-15,2018-11-15,P,open-market purchase,4001,43130.78,10.7800,,0,0,,unknown,,1,0,Common Stock,I,4,0000899243-18-029058,,https://www.sec.gov/Archives/edgar/data/1393818/000089924318029058/doc4.xml
BX,1393818,Stephen A. Schwarzman,1070844,2018-11-15,2018-11-14,P,open-market purchase,14911,161635.24,10.8400,,0,0,,unknown,,1,0,Common Stock,I,4,0000899243-18-029058,,https://www.sec.gov/Archives/edgar/data/1393818/000089924318029058/doc4.xml
BX,1393818,Stephen A. Schwarzman,1070844,2018-11-15,2018-11-13,P,open-market purchase,7000,75530.00,10.7900,,0,0,,unknown,,1,0,Common Stock,I,4,0000899243-18-029058,,https://www.sec.gov/Archives/edgar/data/1393818/000089924318029058/doc4.xml
BX,1393818,Stephen A. Schwarzman,1070844,2018-11-14,2018-11-06,P,open-market purchase,192000,4800000.00,25.0000,,0,0,,unknown,,1,0,Common Shares of Beneficial Interest,I,4,0000899243-18-028856,,https://www.sec.gov/Archives/edgar/data/1393818/000089924318028856/doc4.xml
BX,1393818,Stephen A. Schwarzman,1070844,2018-10-09,2018-10-05,P,open-market purchase,687500,,,,0,0,,unknown,,1,1,Ordinary Shares,I,4,0000899243-18-026460,,https://www.sec.gov/Archives/edgar/data/1393818/000089924318026460/doc4.xml
BX,1393818,Stephen A. Schwarzman,1070844,2018-09-21,2018-09-19,S,exercise and sell,3295571,29462404.74,8.9400,,0,0,,unknown,,5,0,Common Shares,I,4,0000899243-18-025011,,https://www.sec.gov/Archives/edgar/data/1393818/000089924318025011/doc4.xml
BX,1393818,Stephen A. Schwarzman,1070844,2018-08-22,2018-08-20,P,open-market purchase,7603,88727.01,11.6700,,0,0,,unknown,,1,0,Common Stock,I,4,0000899243-18-023089,,https://www.sec.gov/Archives/edgar/data/1393818/000089924318023089/doc4.xml
BX,1393818,Stephen A. Schwarzman,1070844,2018-08-17,2018-08-17,P,open-market purchase,1297,14915.50,11.5000,,0,0,,unknown,,1,0,Common Stock,I,4,0000899243-18-022735,,https://www.sec.gov/Archives/edgar/data/1393818/000089924318022735/doc4.xml
BX,1393818,Stephen A. Schwarzman,1070844,2018-08-17,2018-08-16,P,open-market purchase,17799,203620.56,11.4400,,0,0,,unknown,,1,0,Common Stock,I,4,0000899243-18-022735,,https://www.sec.gov/Archives/edgar/data/1393818/000089924318022735/doc4.xml
BX,1393818,Stephen A. Schwarzman,1070844,2018-08-17,2018-08-15,P,open-market purchase,14725,166981.50,11.3400,,0,0,,unknown,,1,0,Common Stock,I,4,0000899243-18-022735,,https://www.sec.gov/Archives/edgar/data/1393818/000089924318022735/doc4.xml
BX,1393818,Stephen A. Schwarzman,1070844,2018-08-14,2018-08-14,P,open-market purchase,12724,143145.00,11.2500,,0,0,,unknown,,1,0,Common Stock,I,4,0000899243-18-022375,,https://www.sec.gov/Archives/edgar/data/1393818/000089924318022375/doc4.xml
BX,1393818,Stephen A. Schwarzman,1070844,2018-08-14,2018-08-13,P,open-market purchase,16468,184935.64,11.2300,,0,0,,unknown,,1,0,Common Stock,I,4,0000899243-18-022375,,https://www.sec.gov/Archives/edgar/data/1393818/000089924318022375/doc4.xml
BX,1393818,Stephen A. Schwarzman,1070844,2018-08-14,2018-08-10,P,open-market purchase,10690,119834.90,11.2100,,0,0,,unknown,,1,0,Common Stock,I,4,0000899243-18-022375,,https://www.sec.gov/Archives/edgar/data/1393818/000089924318022375/doc4.xml
BX,1393818,Stephen A. Schwarzman,1070844,2018-06-01,2018-06-01,P,open-market purchase,6939,79590.33,11.4700,,0,0,,unknown,,1,0,Common Stock,I,4,0000899243-18-014725,,https://www.sec.gov/Archives/edgar/data/1393818/000089924318014725/doc4.xml
BX,1393818,Stephen A. Schwarzman,1070844,2018-06-01,2018-05-31,P,open-market purchase,7905,91618.95,11.5900,,0,0,,unknown,,1,0,Common Stock,I,4,0000899243-18-014725,,https://www.sec.gov/Archives/edgar/data/1393818/000089924318014725/doc4.xml
BX,1393818,Stephen A. Schwarzman,1070844,2018-06-01,2018-05-30,P,open-market purchase,4600,53406.00,11.6100,,0,0,,unknown,,1,0,Common Stock,I,4,0000899243-18-014725,,https://www.sec.gov/Archives/edgar/data/1393818/000089924318014725/doc4.xml
BX,1393818,Stephen A. Schwarzman,1070844,2018-05-29,2018-05-29,P,open-market purchase,4830,55834.80,11.5600,,0,0,,unknown,,1,0,Common Stock,I,4,0000899243-18-014301,,https://www.sec.gov/Archives/edgar/data/1393818/000089924318014301/doc4.xml
BX,1393818,Stephen A. Schwarzman,1070844,2018-05-29,2018-05-25,P,open-market purchase,10811,124542.72,11.5200,,0,0,,unknown,,1,0,Common Stock,I,4,0000899243-18-014301,,https://www.sec.gov/Archives/edgar/data/1393818/000089924318014301/doc4.xml
BX,1393818,Stephen A. Schwarzman,1070844,2018-05-29,2018-05-24,P,open-market purchase,11515,131501.30,11.4200,,0,0,,unknown,,1,0,Common Stock,I,4,0000899243-18-014301,,https://www.sec.gov/Archives/edgar/data/1393818/000089924318014301/doc4.xml
BX,1393818,Stephen A. Schwarzman,1070844,2018-05-23,2018-05-23,P,open-market purchase,7254,83203.38,11.4700,,0,0,,unknown,,1,0,Common Stock,I,4,0000899243-18-013841,,https://www.sec.gov/Archives/edgar/data/1393818/000089924318013841/doc4.xml
BX,1393818,Stephen A. Schwarzman,1070844,2018-05-23,2018-05-22,P,open-market purchase,8616,97360.80,11.3000,,0,0,,unknown,,1,0,Common Stock,I,4,0000899243-18-013841,,https://www.sec.gov/Archives/edgar/data/1393818/000089924318013841/doc4.xml
BX,1393818,Stephen A. Schwarzman,1070844,2018-05-23,2018-05-21,P,open-market purchase,14132,158985.00,11.2500,,0,0,,unknown,,1,0,Common Stock,I,4,0000899243-18-013841,,https://www.sec.gov/Archives/edgar/data/1393818/000089924318013841/doc4.xml
BX,1393818,Stephen A. Schwarzman,1070844,2018-05-18,2018-05-18,P,open-market purchase,8820,98343.00,11.1500,,0,0,,unknown,,1,0,Common Stock,I,4,0000899243-18-013443,,https://www.sec.gov/Archives/edgar/data/1393818/000089924318013443/doc4.xml
BX,1393818,Stephen A. Schwarzman,1070844,2018-05-18,2018-05-17,P,open-market purchase,8100,90477.00,11.1700,,0,0,,unknown,,1,0,Common Stock,I,4,0000899243-18-013443,,https://www.sec.gov/Archives/edgar/data/1393818/000089924318013443/doc4.xml
BX,1393818,Stephen A. Schwarzman,1070844,2018-05-18,2018-05-16,P,open-market purchase,15494,173687.74,11.2100,,0,0,,unknown,,1,0,Common Stock,I,4,0000899243-18-013443,,https://www.sec.gov/Archives/edgar/data/1393818/000089924318013443/doc4.xml
BX,1393818,Stephen A. Schwarzman,1070844,2018-05-15,2018-05-15,P,open-market purchase,9600,107904.00,11.2400,,0,0,,unknown,,1,0,Common Stock,I,4,0000899243-18-012985,,https://www.sec.gov/Archives/edgar/data/1393818/000089924318012985/doc4.xml
BX,1393818,Stephen A. Schwarzman,1070844,2018-05-15,2018-05-14,P,open-market purchase,11909,134095.34,11.2600,,0,0,,unknown,,1,0,Common Stock,I,4,0000899243-18-012985,,https://www.sec.gov/Archives/edgar/data/1393818/000089924318012985/doc4.xml
BX,1393818,Stephen A. Schwarzman,1070844,2018-05-15,2018-05-11,P,open-market purchase,19475,216367.25,11.1100,,0,0,,unknown,,1,0,Common Stock,I,4,0000899243-18-012985,,https://www.sec.gov/Archives/edgar/data/1393818/000089924318012985/doc4.xml
BX,1393818,Stephen A. Schwarzman,1070844,2018-05-14,2018-05-10,S,exercise and sell,1869679,45246231.80,24.2000,,0,0,,unknown,,10,0,Common Stock,I,4,0000899243-18-012713,,https://www.sec.gov/Archives/edgar/data/1393818/000089924318012713/doc4.xml
BX,1393818,Stephen A. Schwarzman,1070844,2018-03-19,2018-03-16,P,open-market purchase,2700,30861.00,11.4300,,0,0,,unknown,,1,0,Common Stock,I,4,0000899243-18-008067,,https://www.sec.gov/Archives/edgar/data/1393818/000089924318008067/doc4.xml
BX,1393818,Stephen A. Schwarzman,1070844,2018-03-19,2018-03-15,P,open-market purchase,11278,128794.76,11.4200,,0,0,,unknown,,1,0,Common Stock,I,4,0000899243-18-008067,,https://www.sec.gov/Archives/edgar/data/1393818/000089924318008067/doc4.xml
BX,1393818,Stephen A. Schwarzman,1070844,2018-03-13,2018-03-12,P,open-market purchase,7841,89622.63,11.4300,,0,0,,unknown,,1,0,Common Stock,I,4,0000899243-18-007331,,https://www.sec.gov/Archives/edgar/data/1393818/000089924318007331/doc4.xml
BX,1393818,Stephen A. Schwarzman,1070844,2018-03-13,2018-03-09,P,open-market purchase,20536,230003.20,11.2000,,0,0,,unknown,,1,0,Common Stock,I,4,0000899243-18-007331,,https://www.sec.gov/Archives/edgar/data/1393818/000089924318007331/doc4.xml
BX,1393818,Stephen A. Schwarzman,1070844,2018-03-08,2018-03-08,P,open-market purchase,10855,119513.55,11.0100,,0,0,,unknown,,1,0,Common Stock,I,4,0000899243-18-006878,,https://www.sec.gov/Archives/edgar/data/1393818/000089924318006878/doc4.xml
BX,1393818,Stephen A. Schwarzman,1070844,2018-03-08,2018-03-07,P,open-market purchase,13609,148338.10,10.9000,,0,0,,unknown,,1,0,Common Stock,I,4,0000899243-18-006878,,https://www.sec.gov/Archives/edgar/data/1393818/000089924318006878/doc4.xml
BX,1393818,Stephen A. Schwarzman,1070844,2018-03-08,2018-03-06,P,open-market purchase,18002,194601.62,10.8100,,0,0,,unknown,,1,0,Common Stock,I,4,0000899243-18-006878,,https://www.sec.gov/Archives/edgar/data/1393818/000089924318006878/doc4.xml
BX,1393818,Stephen A. Schwarzman,1070844,2018-01-02,2017-12-29,P,open-market purchase,231288,6820197.42,29.4879,,0,0,,unknown,,1,0,Common Units,I,4,0000899243-18-000077,,https://www.sec.gov/Archives/edgar/data/1393818/000089924318000077/doc4.xml
BX,1393818,Stephen A. Schwarzman,1070844,2018-01-02,2017-12-28,P,open-market purchase,228535,6772543.31,29.6346,,0,0,,unknown,,1,0,Common Units,I,4,0000899243-18-000077,,https://www.sec.gov/Archives/edgar/data/1393818/000089924318000077/doc4.xml
BX,1393818,Stephen A. Schwarzman,1070844,2017-12-28,2017-12-27,P,open-market purchase,308766,8982898.36,29.0929,,0,0,,unknown,,1,0,Common Units,I,4,0000899243-17-029686,,https://www.sec.gov/Archives/edgar/data/1393818/000089924317029686/doc4.xml
BX,1393818,Stephen A. Schwarzman,1070844,2017-12-28,2017-12-26,P,open-market purchase,25466,728679.03,28.6138,,0,0,,unknown,,1,0,Common Units,I,4,0000899243-17-029686,,https://www.sec.gov/Archives/edgar/data/1393818/000089924317029686/doc4.xml
BX,1393818,Stephen A. Schwarzman,1070844,2017-12-26,2017-12-22,P,open-market purchase,73247,2054190.14,28.0447,,0,0,,unknown,,1,0,Common Units,I,4,0000899243-17-029553,,https://www.sec.gov/Archives/edgar/data/1393818/000089924317029553/doc4.xml
BX,1393818,Stephen A. Schwarzman,1070844,2017-12-26,2017-12-21,P,open-market purchase,42976,1196933.17,27.8512,,0,0,,unknown,,1,0,Common Units,I,4,0000899243-17-029553,,https://www.sec.gov/Archives/edgar/data/1393818/000089924317029553/doc4.xml
BX,1393818,Stephen A. Schwarzman,1070844,2017-12-11,2017-12-07,S,sale,1900000,5700190.00,3.0001,100.0000,,0,,unknown,,6,0,Common Units representing Limited Partner Interests,I,4,0000899243-17-028447,,https://www.sec.gov/Archives/edgar/data/1393818/000089924317028447/doc4.xml
BX,1393818,Stephen A. Schwarzman,1070844,2017-10-06,2017-10-04,S,sale,15596175,1077773673.38,69.1050,100.0000,,0,,unknown,,6,0,Common Stock,I,4,0000899243-17-023785,,https://www.sec.gov/Archives/edgar/data/1393818/000089924317023785/doc4.xml
BX,1393818,Stephen A. Schwarzman,1070844,2017-09-11,2017-09-07,S,sale,1500000,40665000.00,27.1100,100.0000,,0,,unknown,,1,0,Common Stock,I,4,0000899243-17-021829,,https://www.sec.gov/Archives/edgar/data/1393818/000089924317021829/doc4.xml
BX,1393818,Stephen A. Schwarzman,1070844,2017-06-20,2017-06-20,S,sale,9650000,341610000.00,35.4000,100.0000,,0,,unknown,,6,0,Common Stock,I,4,0000899243-17-016772,,https://www.sec.gov/Archives/edgar/data/1393818/000089924317016772/doc4.xml
BX,1393818,Stephen A. Schwarzman,1070844,2017-06-15,2017-06-13,S,sale,16500000,1086030000.00,65.8200,100.0000,,0,,unknown,,6,0,Common Stock,I,4,0000899243-17-016487,,https://www.sec.gov/Archives/edgar/data/1393818/000089924317016487/doc4.xml
BX,1393818,Stephen A. Schwarzman,1070844,2017-06-07,2017-06-07,S,sale,15000000,390750000.00,26.0500,100.0000,,0,,unknown,,6,0,Common Stock,I,4,0000899243-17-015666,,https://www.sec.gov/Archives/edgar/data/1393818/000089924317015666/doc4.xml
BX,1393818,Stephen A. Schwarzman,1070844,2017-05-31,2017-05-26,S,sale,30000000,214500000.00,7.1500,100.0000,,0,,unknown,,5,0,Common Shares,I,4,0000899243-17-014854,,https://www.sec.gov/Archives/edgar/data/1393818/000089924317014854/doc4.xml
BX,1393818,Stephen A. Schwarzman,1070844,2017-05-22,2017-05-18,S,sale,13700465,375529745.65,27.4100,100.0000,,0,,unknown,,5,0,Common Stock,I,4,0000899243-17-014076,,https://www.sec.gov/Archives/edgar/data/1393818/000089924317014076/doc4.xml
BX,1393818,Stephen A. Schwarzman,1070844,2017-05-10,2017-05-08,S,sale,19452063,447397449.00,23.0000,100.0000,,0,,unknown,,9,0,Common Stock,I,4,0000899243-17-012674,,https://www.sec.gov/Archives/edgar/data/1393818/000089924317012674/doc4.xml
BX,1393818,Stephen A. Schwarzman,1070844,2017-05-05,2017-05-03,S,sale,10250000,176596649.14,17.2289,100.0000,,0,,unknown,,8,0,Paired Shares,I,4,0000899243-17-012002,,https://www.sec.gov/Archives/edgar/data/1393818/000089924317012002/doc4.xml
BX,1393818,Stephen A. Schwarzman,1070844,2017-05-05,2017-05-03,S,sale,10250000,176607500.00,17.2300,100.0000,,0,,unknown,,8,0,Paired Shares,I,4,0000899243-17-012006,,https://www.sec.gov/Archives/edgar/data/1393818/000089924317012006/doc4.xml
BX,1393818,Stephen A. Schwarzman,1070844,2017-04-21,2017-04-19,S,sale,3829311,68209602.19,17.8125,100.0000,,0,,unknown,,11,0,Common Stock,I,4,0000899243-17-010750,,https://www.sec.gov/Archives/edgar/data/1393818/000089924317010750/doc4.xml
BX,1393818,Stephen A. Schwarzman,1070844,2017-04-14,2017-04-12,S,sale,1000000,30875000.00,30.8750,100.0000,,0,,unknown,,1,0,Common Stock,I,4,0000899243-17-010321,,https://www.sec.gov/Archives/edgar/data/1393818/000089924317010321/doc4.xml
BX,1393818,Stephen A. Schwarzman,1070844,2017-03-20,2017-03-17,S,sale,3002753,145543437.91,48.4700,100.0000,,0,,unknown,C,4,0,Common Stock,I,4,0000899243-17-008205,,https://www.sec.gov/Archives/edgar/data/1393818/000089924317008205/doc4.xml
BX,1393818,Stephen A. Schwarzman,1070844,2017-03-17,2017-03-15,S,sale,82500000,4502025000.00,54.5700,100.0000,,0,,unknown,,6,0,Common Stock,I,4,0000899243-17-008105,,https://www.sec.gov/Archives/edgar/data/1393818/000089924317008105/doc4.xml
BX,1393818,Stephen A. Schwarzman,1070844,2017-03-17,2017-03-15,S,sale,53651453,1365429478.85,25.4500,100.0000,,0,,unknown,,6,0,Common Stock,I,4,0000899243-17-008106,,https://www.sec.gov/Archives/edgar/data/1393818/000089924317008106/doc4.xml
BX,1393818,Stephen A. Schwarzman,1070844,2017-03-17,2017-03-15,S,sale,24750000,601920000.00,24.3200,100.0000,,0,,unknown,,6,0,Common Stock,I,4,0000899243-17-008115,,https://www.sec.gov/Archives/edgar/data/1393818/000089924317008115/doc4.xml
BX,1393818,Stephen A. Schwarzman,1070844,2017-03-14,2017-03-10,S,sale,8541666,142645822.20,16.7000,100.0000,,0,,unknown,,8,0,Paired Shares,I,4,0000899243-17-007456,,https://www.sec.gov/Archives/edgar/data/1393818/000089924317007456/doc4.xml
BX,1393818,Stephen A. Schwarzman,1070844,2017-03-14,2017-03-10,S,sale,8541666,142645822.20,16.7000,100.0000,,0,,unknown,,8,0,Paired Shares,I,4,0000899243-17-007457,,https://www.sec.gov/Archives/edgar/data/1393818/000089924317007457/doc4.xml
BX,1393818,Stephen A. Schwarzman,1070844,2017-03-03,2017-03-01,S,sale,13133201,306003583.30,23.3000,100.0000,,0,,unknown,,5,0,Common Stock,I,4,0000899243-17-006460,,https://www.sec.gov/Archives/edgar/data/1393818/000089924317006460/doc4.xml
BX,1393818,Stephen A. Schwarzman,1070844,2017-02-15,2017-02-13,S,sale,989000,6032900.00,6.1000,100.0000,,0,,unknown,,3,0,Common Units representing Limited Partner Interests,I,4,0000899243-17-004240,,https://www.sec.gov/Archives/edgar/data/1393818/000089924317004240/doc4.xml
BX,1393818,Stephen A. Schwarzman,1070844,2017-02-13,2017-02-09,S,sale,2012202,12275652.40,6.1006,100.0000,,0,,unknown,,6,0,Common Units representing Limited Partner Interests,I,4,0000899243-17-003809,,https://www.sec.gov/Archives/edgar/data/1393818/000089924317003809/doc4.xml
BX,1393818,Stephen A. Schwarzman,1070844,2017-02-08,2017-02-07,S,sale,31902,197792.40,6.2000,100.0000,,0,,unknown,,3,0,Common Units representing Limited Partner Interests,I,4,0000899243-17-003179,,https://www.sec.gov/Archives/edgar/data/1393818/000089924317003179/doc4.xml
BX,1393818,Stephen A. Schwarzman,1070844,2017-02-08,2017-02-06,S,sale,17118,106258.27,6.2074,100.0000,,0,,unknown,,3,0,Common Units representing Limited Partner Interests,I,4,0000899243-17-003179,,https://www.sec.gov/Archives/edgar/data/1393818/000089924317003179/doc4.xml
BX,1393818,Stephen A. Schwarzman,1070844,2017-02-02,2017-02-01,S,sale,2000000,12702200.00,6.3511,100.0000,,0,,unknown,,3,0,Common Units representing Limited Partner Interests,I,4,0000899243-17-002594,,https://www.sec.gov/Archives/edgar/data/1393818/000089924317002594/doc4.xml
BX,1393818,Stephen A. Schwarzman,1070844,2017-02-02,2017-01-31,S,sale,15000,96138.00,6.4092,100.0000,,0,,unknown,,3,0,Common Units representing Limited Partner Interests,I,4,0000899243-17-002594,,https://www.sec.gov/Archives/edgar/data/1393818/000089924317002594/doc4.xml
BX,1393818,Stephen A. Schwarzman,1070844,2017-01-31,2017-01-27,S,sale,16105,105101.23,6.5260,100.0000,,0,,unknown,,3,0,Common Units representing Limited Partner Interests,I,4,0000899243-17-002296,,https://www.sec.gov/Archives/edgar/data/1393818/000089924317002296/doc4.xml
BX,1393818,Stephen A. Schwarzman,1070844,2017-01-31,2017-01-27,S,sale,18000000,383040000.00,21.2800,100.0000,,0,,unknown,,6,0,Common Stock,I,4,0001104659-17-005550,,https://www.sec.gov/Archives/edgar/data/1393818/000110465917005550/a4.xml
BX,1393818,Stephen A. Schwarzman,1070844,2017-01-27,2017-01-26,S,sale,84835,551054.23,6.4956,100.0000,,0,,unknown,,3,0,Common Units representing Limited Partner Interests,I,4,0000899243-17-002131,,https://www.sec.gov/Archives/edgar/data/1393818/000089924317002131/doc4.xml
BX,1393818,Stephen A. Schwarzman,1070844,2017-01-27,2017-01-25,S,sale,44331,301371.00,6.7982,100.0000,,0,,unknown,,3,0,Common Units representing Limited Partner Interests,I,4,0000899243-17-002131,,https://www.sec.gov/Archives/edgar/data/1393818/000089924317002131/doc4.xml
BX,1393818,Stephen A. Schwarzman,1070844,2017-01-25,2017-01-24,S,sale,90000,605835.00,6.7315,100.0000,,0,,unknown,,3,0,Common Units representing Limited Partner Interests,I,4,0000899243-17-001966,,https://www.sec.gov/Archives/edgar/data/1393818/000089924317001966/doc4.xml
BX,1393818,Stephen A. Schwarzman,1070844,2017-01-25,2017-01-23,S,sale,110000,706332.00,6.4212,100.0000,,0,,unknown,,3,0,Common Units representing Limited Partner Interests,I,4,0000899243-17-001966,,https://www.sec.gov/Archives/edgar/data/1393818/000089924317001966/doc4.xml
BX,1393818,Stephen A. Schwarzman,1070844,2017-01-23,2017-01-20,S,sale,145599,932212.16,6.4026,100.0000,,0,,unknown,,3,0,Common Units representing Limited Partner Interests,I,4,0000899243-17-001763,,https://www.sec.gov/Archives/edgar/data/1393818/000089924317001763/doc4.xml
BX,1393818,Stephen A. Schwarzman,1070844,2017-01-23,2017-01-19,S,sale,54401,341175.87,6.2715,100.0000,,0,,unknown,,3,0,Common Units representing Limited Partner Interests,I,4,0000899243-17-001763,,https://www.sec.gov/Archives/edgar/data/1393818/000089924317001763/doc4.xml
BX,1393818,Stephen A. Schwarzman,1070844,2017-01-20,2017-01-18,S,sale,13500000,88830000.00,6.5800,100.0000,,0,,unknown,,5,0,Common Shares,I,4,0000899243-17-001679,,https://www.sec.gov/Archives/edgar/data/1393818/000089924317001679/doc4.xml
BX,1393818,Stephen A. Schwarzman,1070844,2017-01-19,2017-01-18,S,sale,100000,654100.00,6.5410,100.0000,,0,,unknown,,3,0,Common Units representing Limited Partner Interests,I,4,0000899243-17-001596,,https://www.sec.gov/Archives/edgar/data/1393818/000089924317001596/doc4.xml
BX,1393818,Stephen A. Schwarzman,1070844,2017-01-19,2017-01-17,S,sale,615000,3972900.00,6.4600,100.0000,,0,,unknown,,3,0,Common Units representing Limited Partner Interests,I,4,0000899243-17-001596,,https://www.sec.gov/Archives/edgar/data/1393818/000089924317001596/doc4.xml
BX,1393818,Stephen A. Schwarzman,1070844,2017-01-18,2017-01-13,S,sale,9728297,220540492.99,22.6700,100.0000,,0,,unknown,,5,0,Common Stock,I,4,0000899243-17-001475,,https://www.sec.gov/Archives/edgar/data/1393818/000089924317001475/doc4.xml
BX,1393818,Stephen A. Schwarzman,1070844,2017-01-13,2017-01-12,S,sale,31536,200253.60,6.3500,100.0000,,0,,unknown,,3,0,Common Units representing Limited Partner Interests,I,4,0000899243-17-001284,,https://www.sec.gov/Archives/edgar/data/1393818/000089924317001284/doc4.xml
BX,1393818,Stephen A. Schwarzman,1070844,2017-01-13,2017-01-11,S,sale,40708,259476.86,6.3741,100.0000,,0,,unknown,,3,0,Common Units representing Limited Partner Interests,I,4,0000899243-17-001284,,https://www.sec.gov/Archives/edgar/data/1393818/000089924317001284/doc4.xml
BX,1393818,Stephen A. Schwarzman,1070844,2017-01-12,2017-01-10,S,sale,8626311,301920885.00,35.0000,100.0000,,0,,unknown,,14,0,Common Stock,I,4,0000899243-17-001194,,https://www.sec.gov/Archives/edgar/data/1393818/000089924317001194/doc4.xml
BX,1393818,Stephen A. Schwarzman,1070844,2016-12-20,2016-12-16,S,sale,4375000,71793750.00,16.4100,100.0000,,0,,unknown,,8,0,Paired Shares,I,4,0000899243-16-036041,,https://www.sec.gov/Archives/edgar/data/1393818/000089924316036041/doc4.xml
BX,1393818,Stephen A. Schwarzman,1070844,2016-12-20,2016-12-16,S,sale,4375000,71793750.00,16.4100,100.0000,,0,,unknown,,8,0,Paired Shares,I,4,0000899243-16-036042,,https://www.sec.gov/Archives/edgar/data/1393818/000089924316036042/doc4.xml
BX,1393818,Stephen A. Schwarzman,1070844,2016-12-20,2016-12-16,S,sale,12000000,264480000.00,22.0400,100.0000,,0,,unknown,,6,0,Common Stock,I,4,0001104659-16-163037,,https://www.sec.gov/Archives/edgar/data/1393818/000110465916163037/a4.xml
BX,1393818,Stephen A. Schwarzman,1070844,2016-12-13,2016-12-12,S,sale,50000,280765.00,5.6153,100.0000,,0,,unknown,,2,0,Common Units representing Limited Partner Interests,I,4,0000899243-16-035457,,https://www.sec.gov/Archives/edgar/data/1393818/000089924316035457/doc4.xml
BX,1393818,Stephen A. Schwarzman,1070844,2016-12-13,2016-12-09,S,sale,50000,287585.00,5.7517,100.0000,,0,,unknown,,2,0,Common Units representing Limited Partner Interests,I,4,0000899243-16-035457,,https://www.sec.gov/Archives/edgar/data/1393818/000089924316035457/doc4.xml
BX,1393818,Stephen A. Schwarzman,1070844,2016-11-23,2016-11-21,S,sale,9728297,220443210.02,22.6600,100.0000,,0,,unknown,,5,0,Common Stock,I,4,0000899243-16-034366,,https://www.sec.gov/Archives/edgar/data/1393818/000089924316034366/doc4.xml
BX,1393818,Stephen A. Schwarzman,1070844,2016-11-22,2016-11-18,S,sale,4675000,69003000.00,14.7600,100.0000,,0,,unknown,,8,0,Paired Shares,I,4,0000899243-16-034133,,https://www.sec.gov/Archives/edgar/data/1393818/000089924316034133/doc4.xml
BX,1393818,Stephen A. Schwarzman,1070844,2016-11-22,2016-11-18,S,sale,4675000,69003000.00,14.7600,100.0000,,0,,unknown,,8,0,Paired Shares,I,4,0000899243-16-034141,,https://www.sec.gov/Archives/edgar/data/1393818/000089924316034141/doc4.xml
BX,1393818,Stephen A. Schwarzman,1070844,2016-11-18,2016-11-16,S,sale,16451722,359799160.14,21.8700,100.0000,,0,,unknown,C,5,0,Class A Common Stock,I,4,0000899243-16-033931,,https://www.sec.gov/Archives/edgar/data/1393818/000089924316033931/doc4.xml
BX,1393818,Stephen A. Schwarzman,1070844,2016-11-17,2016-11-15,S,sale,55000000,1285350000.00,23.3700,100.0000,,0,,unknown,,7,0,Common Stock,I,4,0000899243-16-033809,,https://www.sec.gov/Archives/edgar/data/1393818/000089924316033809/doc4.xml
BX,1393818,Stephen A. Schwarzman,1070844,2016-10-06,2016-10-04,S,sale,4983334,70564009.44,14.1600,100.0000,,0,,unknown,,8,0,Paired Shares,I,4,0000899243-16-031424,,https://www.sec.gov/Archives/edgar/data/1393818/000089924316031424/doc4.xml
BX,1393818,Stephen A. Schwarzman,1070844,2016-10-06,2016-10-04,S,sale,4983334,70564009.44,14.1600,100.0000,,0,,unknown,,8,0,Paired Shares,I,4,0000899243-16-031425,,https://www.sec.gov/Archives/edgar/data/1393818/000089924316031425/doc4.xml
BX,1393818,Stephen A. Schwarzman,1070844,2016-09-13,2016-09-09,S,sale,17100705,403234623.90,23.5800,100.0000,,0,,unknown,,1,0,Common Stock,I,4,0000899243-16-028895,,https://www.sec.gov/Archives/edgar/data/1393818/000089924316028895/doc4.xml
BX,1393818,Stephen A. Schwarzman,1070844,2016-08-18,2016-08-16,S,sale,42400000,1157520000.00,27.3000,100.0000,,0,,unknown,C,13,0,Common Stock,I,4,0000899243-16-027640,,https://www.sec.gov/Archives/edgar/data/1393818/000089924316027640/doc4.xml
BX,1393818,Stephen A. Schwarzman,1070844,2016-08-18,2016-08-04,P,open-market purchase,426960,12082968.00,28.3000,,,0,,unknown,,1,0,Common Stock,I,4,0000899243-16-027633,,https://www.sec.gov/Archives/edgar/data/1393818/000089924316027633/doc4.xml
BX,1393818,Stephen A. Schwarzman,1070844,2016-08-18,2016-06-15,S,sale,31800,825210.00,25.9500,,,,,unknown,,1,0,Common Stock,I,4,0000899243-16-027633,,https://www.sec.gov/Archives/edgar/data/1393818/000089924316027633/doc4.xml
BX,1393818,Stephen A. Schwarzman,1070844,2016-08-18,2016-06-14,S,sale,66037,1699132.01,25.7300,,,,,unknown,,1,0,Common Stock,I,4,0000899243-16-027633,,https://www.sec.gov/Archives/edgar/data/1393818/000089924316027633/doc4.xml
BX,1393818,Stephen A. Schwarzman,1070844,2016-08-18,2016-05-25,S,sale,23275,575823.50,24.7400,,,,,unknown,,1,0,Common Stock,I,4,0000899243-16-027633,,https://www.sec.gov/Archives/edgar/data/1393818/000089924316027633/doc4.xml
BX,1393818,Stephen A. Schwarzman,1070844,2016-08-18,2016-05-24,S,sale,63325,1587557.75,25.0700,,,,,unknown,,1,0,Common Stock,I,4,0000899243-16-027633,,https://www.sec.gov/Archives/edgar/data/1393818/000089924316027633/doc4.xml
BX,1393818,Stephen A. Schwarzman,1070844,2016-08-18,2016-05-09,P,open-market purchase,62221,1653211.97,26.5700,,,,,unknown,,1,0,Common Stock,I,4,0000899243-16-027633,,https://www.sec.gov/Archives/edgar/data/1393818/000089924316027633/doc4.xml
BX,1393818,Stephen A. Schwarzman,1070844,2016-08-18,2016-05-04,S,sale,46972,1200604.32,25.5600,,,,,unknown,,1,0,Common Stock,I,4,0000899243-16-027633,,https://www.sec.gov/Archives/edgar/data/1393818/000089924316027633/doc4.xml
BX,1393818,Stephen A. Schwarzman,1070844,2016-08-18,2016-05-03,S,sale,104228,2638010.68,25.3100,,,,,unknown,,1,0,Common Stock,I,4,0000899243-16-027633,,https://www.sec.gov/Archives/edgar/data/1393818/000089924316027633/doc4.xml
BX,1393818,Stephen A. Schwarzman,1070844,2016-08-18,2016-05-02,S,sale,153544,3896946.72,25.3800,,,,,unknown,,1,0,Common Stock,I,4,0000899243-16-027633,,https://www.sec.gov/Archives/edgar/data/1393818/000089924316027633/doc4.xml
BX,1393818,Stephen A. Schwarzman,1070844,2016-08-09,2016-08-05,S,sale,30000000,822900000.00,27.4300,100.0000,,0,,unknown,CG,11,0,Common Stock,I,4,0000899243-16-026621,,https://www.sec.gov/Archives/edgar/data/1393818/000089924316026621/doc4.xml
BX,1393818,Stephen A. Schwarzman,1070844,2016-07-21,2016-07-19,S,sale,12209704,252374581.68,20.6700,,,,,unknown,C,5,0,Class A Common Stock,I,4,0000899243-16-025448,,https://www.sec.gov/Archives/edgar/data/1393818/000089924316025448/doc4.xml
BX,1393818,Stephen A. Schwarzman,1070844,2016-07-20,2016-07-18,S,sale,5500000,152405000.00,27.7100,,,,,unknown,,6,0,Common Stock,I,4,0001104659-16-133535,,https://www.sec.gov/Archives/edgar/data/1393818/000110465916133535/a4.xml
BX,1393818,Stephen A. Schwarzman,1070844,2016-07-08,2016-07-06,S,sale,20000000,520200000.00,26.0100,,,,,unknown,C,11,0,Common Stock,I,4,0000899243-16-024806,,https://www.sec.gov/Archives/edgar/data/1393818/000089924316024806/doc4.xml
BX,1393818,Stephen A. Schwarzman,1070844,2016-06-13,2016-06-09,S,sale,8785539,215333560.89,24.5100,,,,,unknown,,1,0,Common Stock,I,4,0000899243-16-022608,,https://www.sec.gov/Archives/edgar/data/1393818/000089924316022608/doc4.xml
BX,1393818,Stephen A. Schwarzman,1070844,2016-06-01,2016-05-27,S,sale,1751094,40871584.62,23.3406,,,,,unknown,,5,0,Common Stock,I,4,0000899243-16-021317,,https://www.sec.gov/Archives/edgar/data/1393818/000089924316021317/doc4.xml
BX,1393818,Stephen A. Schwarzman,1070844,2016-05-26,2016-05-24,S,sale,11673956,272477137.41,23.3406,,,,,unknown,,5,0,Common Stock,I,4,0000899243-16-021075,,https://www.sec.gov/Archives/edgar/data/1393818/000089924316021075/doc4.xml
BX,1393818,Stephen A. Schwarzman,1070844,2016-05-06,2016-05-04,S,sale,20000000,502600000.00,25.1300,,,,,unknown,CG,11,0,Common Stock,I,4,0000899243-16-019425,,https://www.sec.gov/Archives/edgar/data/1393818/000089924316019425/doc4.xml
BX,1393818,Stephen A. Schwarzman,1070844,2016-04-21,2016-04-19,S,sale,9272378,185447560.00,20.0000,,,,,unknown,C,5,0,Class A Common Stock,I,4,0000899243-16-018402,,https://www.sec.gov/Archives/edgar/data/1393818/000089924316018402/doc4.xml
BX,1393818,Stephen A. Schwarzman,1070844,2016-03-31,2016-03-29,S,sale,8320952,217010428.16,26.0800,,,,,unknown,,6,0,Common Stock,I,4,0001104659-16-109025,,https://www.sec.gov/Archives/edgar/data/1393818/000110465916109025/a4.xml
BX,1393818,Stephen A. Schwarzman,1070844,2016-02-18,2016-02-18,P,open-market purchase,2938,34668.40,11.8000,,,,,unknown,,1,0,Common Stock,I,4,0000899243-16-013735,,https://www.sec.gov/Archives/edgar/data/1393818/000089924316013735/doc4.xml
BX,1393818,Stephen A. Schwarzman,1070844,2016-02-18,2016-02-17,P,open-market purchase,2527,29565.90,11.7000,,,,,unknown,,1,0,Common Stock,I,4,0000899243-16-013735,,https://www.sec.gov/Archives/edgar/data/1393818/000089924316013735/doc4.xml
BX,1393818,Stephen A. Schwarzman,1070844,2016-02-18,2016-02-16,P,open-market purchase,2140,24481.60,11.4400,,,,,unknown,,1,0,Common Stock,I,4,0000899243-16-013735,,https://www.sec.gov/Archives/edgar/data/1393818/000089924316013735/doc4.xml
BX,1393818,Stephen A. Schwarzman,1070844,2016-02-12,2016-02-10,S,sale,7351708,705102314.28,95.9100,,,,,unknown,,7,0,Common Stock,I,4,0000899243-16-013237,,https://www.sec.gov/Archives/edgar/data/1393818/000089924316013237/doc4.xml
