ticker,cik,ceo,owner_cik,filed,traded,code,label,shares,value,avg_price,pct_of_holding,net_change,holding_after,residue,plan,other_codes,rows,unpriced_rows,securities,direct,form,accession,price_flag,url
CIEN,936395,Gary B. Smith,1032553,2026-08-18,2026-08-17,S,scheduled sale,2952,1321840.36,447.7779,1.1856,-2952,246030,0,plan,,1,0,Common Stock,D,4,0001032553-26-000035,,https://www.sec.gov/Archives/edgar/data/936395/000103255326000035/edgardoc.xml
CIEN,936395,Gary B. Smith,1032553,2026-08-04,2026-08-03,S,scheduled sale,2952,1121212.11,379.8144,1.1717,-2952,248982,0,plan,,1,0,Common Stock,D,4,0001032553-26-000033,,https://www.sec.gov/Archives/edgar/data/936395/000103255326000033/edgardoc.xml
CIEN,936395,Gary B. Smith,1032553,2026-07-17,2026-07-15,S,scheduled sale,2952,1243097.83,421.1036,1.1582,-2952,251934,0,plan,,1,0,Common Stock,D,4,0001032553-26-000031,,https://www.sec.gov/Archives/edgar/data/936395/000103255326000031/edgardoc.xml
CIEN,936395,Gary B. Smith,1032553,2026-07-06,2026-07-01,S,scheduled sale,2952,1383971.99,468.8252,1.1449,-2952,254886,0,plan,,1,0,Common Stock,D,4,0001032553-26-000029,,https://www.sec.gov/Archives/edgar/data/936395/000103255326000029/edgardoc.xml
CIEN,936395,Gary B. Smith,1032553,2026-06-17,2026-06-15,S,scheduled sale,2952,1349129.53,457.0222,1.0951,-2952,266605,0,plan,,1,0,Common Stock,D,4,0001032553-26-000025,,https://www.sec.gov/Archives/edgar/data/936395/000103255326000025/edgardoc.xml
CIEN,936395,Gary B. Smith,1032553,2026-06-02,2026-06-01,S,scheduled sale,2952,1670596.73,565.9203,1.0833,-2952,269557,0,plan,,1,0,Common Stock,D,4,0001032553-26-000023,,https://www.sec.gov/Archives/edgar/data/936395/000103255326000023/edgardoc.xml
CIEN,936395,Gary B. Smith,1032553,2026-05-19,2026-05-15,S,scheduled sale,2952,1659175.44,562.0513,1.0717,-2952,272509,0,plan,,1,0,Common Stock,D,4,0001032553-26-000021,,https://www.sec.gov/Archives/edgar/data/936395/000103255326000021/edgardoc.xml
CIEN,936395,Gary B. Smith,1032553,2026-05-04,2026-05-01,S,scheduled sale,2952,1587414.68,537.7421,1.0603,-2952,275461,0,plan,,1,0,Common Stock,D,4,0001032553-26-000019,,https://www.sec.gov/Archives/edgar/data/936395/000103255326000019/edgardoc.xml
CIEN,936395,Gary B. Smith,1032553,2026-04-17,2026-04-15,S,scheduled sale,2952,1379975.87,467.4715,1.0492,-2952,278413,0,plan,,1,0,Common Stock,D,4,0001032553-26-000017,,https://www.sec.gov/Archives/edgar/data/936395/000103255326000017/edgardoc.xml
CIEN,936395,Gary B. Smith,1032553,2026-04-03,2026-04-01,S,scheduled sale,2952,1226590.24,415.5116,1.0383,-2952,281365,0,plan,,1,0,Common Stock,D,4,0001032553-26-000015,,https://www.sec.gov/Archives/edgar/data/936395/000103255326000015/edgardoc.xml
CIEN,936395,Gary B. Smith,1032553,2026-03-18,2026-03-16,S,scheduled sale,2952,1061324.59,359.5273,0.9972,-2952,293084,0,plan,,1,0,Common Stock,D,4,0001032553-26-000013,,https://www.sec.gov/Archives/edgar/data/936395/000103255326000013/edgardoc.xml
CIEN,936395,Gary B. Smith,1032553,2026-03-04,2026-03-02,S,scheduled sale,2952,1046893.15,354.6386,0.9873,-2952,296036,0,plan,,1,0,Common Stock,D,4,0001032553-26-000010,,https://www.sec.gov/Archives/edgar/data/936395/000103255326000010/edgardoc.xml
CIEN,936395,Gary B. Smith,1032553,2026-02-19,2026-02-17,S,scheduled sale,2952,884157.36,299.5113,0.9777,-2952,298988,0,plan,,1,0,Common Stock,D,4,0001032553-26-000008,,https://www.sec.gov/Archives/edgar/data/936395/000103255326000008/edgardoc.xml
CIEN,936395,Gary B. Smith,1032553,2026-02-04,2026-02-02,S,scheduled sale,2952,784056.51,265.6018,0.9682,-2952,301940,0,plan,,1,0,Common Stock,D,4,0001032553-26-000006,,https://www.sec.gov/Archives/edgar/data/936395/000103255326000006/edgardoc.xml
CIEN,936395,Gary B. Smith,1032553,2026-01-20,2026-01-15,S,scheduled sale,2993,741208.97,247.6475,0.9721,-2993,304892,0,plan,,1,0,Common Stock,D,4,0001032553-26-000004,,https://www.sec.gov/Archives/edgar/data/936395/000103255326000004/edgardoc.xml
CIEN,936395,Gary B. Smith,1032553,2026-01-06,2026-01-05,S,scheduled sale,83552,19170162.52,229.4399,21.3449,-83552,307885,0,plan,,1,0,Common Stock,D,4,0001032553-26-000002,,https://www.sec.gov/Archives/edgar/data/936395/000103255326000002/edgardoc.xml
CIEN,936395,Gary B. Smith,1032553,2025-12-29,2025-12-22,S,scheduled sale,6800,1587542.96,233.4622,1.7075,-6800,391437,0,plan,,1,0,Common Stock,D,4,0001032553-25-000060,,https://www.sec.gov/Archives/edgar/data/936395/000103255325000060/edgardoc.xml
CIEN,936395,Gary B. Smith,1032553,2025-12-05,2025-12-03,S,scheduled sale,6800,1309752.08,192.6106,2.5987,-6800,254870,0,plan,,1,0,Common Stock,D,4,0001032553-25-000054,,https://www.sec.gov/Archives/edgar/data/936395/000103255325000054/edgardoc.xml
CIEN,936395,Gary B. Smith,1032553,2025-11-12,2025-11-10,S,scheduled sale,6800,1424274.28,209.4521,2.5329,-6800,261670,0,plan,,1,0,Common Stock,D,4,0001032553-25-000051,,https://www.sec.gov/Archives/edgar/data/936395/000103255325000051/edgardoc.xml
CIEN,936395,Gary B. Smith,1032553,2025-11-05,2025-11-03,S,scheduled sale,6800,1295066.80,190.4510,2.4703,-6800,268470,0,plan,,1,0,Common Stock,D,4,0001032553-25-000049,,https://www.sec.gov/Archives/edgar/data/936395/000103255325000049/edgardoc.xml
CIEN,936395,Gary B. Smith,1032553,2025-10-17,2025-10-15,S,scheduled sale,6800,1157706.12,170.2509,2.4107,-6800,275270,0,plan,,1,0,Common Stock,D,4,0001032553-25-000047,,https://www.sec.gov/Archives/edgar/data/936395/000103255325000047/edgardoc.xml
CIEN,936395,Gary B. Smith,1032553,2025-10-02,2025-10-01,S,scheduled sale,6800,1019159.52,149.8764,2.3540,-6800,282070,0,plan,,1,0,Common Stock,D,4,0001032553-25-000045,,https://www.sec.gov/Archives/edgar/data/936395/000103255325000045/edgardoc.xml
CIEN,936395,Gary B. Smith,1032553,2025-09-17,2025-09-15,S,scheduled sale,6800,926177.68,136.2026,2.2284,-6800,298357,0,plan,,1,0,Common Stock,D,4,0001032553-25-000041,,https://www.sec.gov/Archives/edgar/data/936395/000103255325000041/edgardoc.xml
CIEN,936395,Gary B. Smith,1032553,2025-09-03,2025-09-02,S,scheduled sale,6800,631954.60,92.9345,2.1798,-6800,305157,0,plan,,1,0,Common Stock,D,4,0001032553-25-000039,,https://www.sec.gov/Archives/edgar/data/936395/000103255325000039/edgardoc.xml
CIEN,936395,Gary B. Smith,1032553,2025-08-18,2025-08-15,S,scheduled sale,6800,615638.68,90.5351,2.1333,-6800,311957,0,plan,,1,0,Common Stock,D,4,0001032553-25-000037,,https://www.sec.gov/Archives/edgar/data/936395/000103255325000037/edgardoc.xml
CIEN,936395,Gary B. Smith,1032553,2025-08-05,2025-08-01,S,scheduled sale,6800,603972.60,88.8195,2.0887,-6800,318757,0,plan,,1,0,Common Stock,D,4,0001032553-25-000034,,https://www.sec.gov/Archives/edgar/data/936395/000103255325000034/edgardoc.xml
CIEN,936395,Gary B. Smith,1032553,2025-07-17,2025-07-15,S,scheduled sale,6800,559149.72,82.2279,2.0460,-6800,325557,0,plan,,1,0,Common Stock,D,4,0001032553-25-000032,,https://www.sec.gov/Archives/edgar/data/936395/000103255325000032/edgardoc.xml
CIEN,936395,Gary B. Smith,1032553,2025-07-03,2025-07-01,S,scheduled sale,6800,546408.56,80.3542,2.0050,-6800,332357,0,plan,,1,0,Common Stock,D,4,0001032553-25-000030,,https://www.sec.gov/Archives/edgar/data/936395/000103255325000030/edgardoc.xml
CIEN,936395,Gary B. Smith,1032553,2025-06-18,2025-06-16,S,scheduled sale,6800,504458.00,74.1850,1.9140,-6800,348480,0,plan,,1,0,Common Stock,D,4,0000936395-25-000031,,https://www.sec.gov/Archives/edgar/data/936395/000093639525000031/edgardoc.xml
CIEN,936395,Gary B. Smith,1032553,2025-06-04,2025-06-02,S,scheduled sale,6800,548203.08,80.6181,1.8780,-6800,355280,0,plan,,1,0,Common Stock,D,4,0001032553-25-000026,,https://www.sec.gov/Archives/edgar/data/936395/000103255325000026/edgardoc.xml
CIEN,936395,Gary B. Smith,1032553,2025-05-19,2025-05-15,S,scheduled sale,6800,543252.00,79.8900,1.8434,-6800,362080,0,plan,,1,0,Common Stock,D,4,0001032553-25-000024,,https://www.sec.gov/Archives/edgar/data/936395/000103255325000024/edgardoc.xml
CIEN,936395,Gary B. Smith,1032553,2025-05-05,2025-05-01,S,scheduled sale,6800,488937.00,71.9025,1.8101,-6800,368880,0,plan,,1,0,Common Stock,D,4,0001032553-25-000022,,https://www.sec.gov/Archives/edgar/data/936395/000103255325000022/edgardoc.xml
CIEN,936395,Gary B. Smith,1032553,2025-04-17,2025-04-15,S,scheduled sale,6800,404871.32,59.5399,1.7779,-6800,375680,0,plan,,1,0,Common Stock,D,4,0001032553-25-000020,,https://www.sec.gov/Archives/edgar/data/936395/000103255325000020/edgardoc.xml
CIEN,936395,Gary B. Smith,1032553,2025-03-19,2025-03-17,S,scheduled sale,6800,443207.68,65.1776,1.7062,-6800,391749,0,plan,,1,0,Common Stock,D,4,0001032553-25-000013,,https://www.sec.gov/Archives/edgar/data/936395/000103255325000013/edgardoc.xml
CIEN,936395,Gary B. Smith,1032553,2025-03-05,2025-03-03,S,scheduled sale,6800,519556.72,76.4054,1.6776,-6800,398549,0,plan,,1,0,Common Stock,D,4,0001032553-25-000011,,https://www.sec.gov/Archives/edgar/data/936395/000103255325000011/edgardoc.xml
CIEN,936395,Gary B. Smith,1032553,2025-02-20,2025-02-18,S,scheduled sale,6800,607869.68,89.3926,1.6499,-6800,405349,0,plan,,2,0,Common Stock,D,4,0001032553-25-000009,,https://www.sec.gov/Archives/edgar/data/936395/000103255325000009/edgardoc.xml
CIEN,936395,Gary B. Smith,1032553,2025-02-04,2025-02-03,S,scheduled sale,6800,577070.78,84.8634,1.6231,-6800,412149,0,plan,,2,0,Common Stock,D,4,0001032553-25-000007,,https://www.sec.gov/Archives/edgar/data/936395/000103255325000007/edgardoc.xml
CIEN,936395,Gary B. Smith,1032553,2025-01-17,2025-01-15,S,scheduled sale,6800,579982.20,85.2915,1.5972,-6800,418949,0,plan,,2,0,Common Stock,D,4,0001032553-25-000004,,https://www.sec.gov/Archives/edgar/data/936395/000103255325000004/edgardoc.xml
CIEN,936395,Gary B. Smith,1032553,2025-01-06,2025-01-02,S,scheduled sale,13600,1137773.96,83.6598,3.0955,-13600,425749,0,plan,,2,0,Common Stock,D,4,0001032553-25-000002,,https://www.sec.gov/Archives/edgar/data/936395/000103255325000002/edgardoc.xml
CIEN,936395,Gary B. Smith,1032553,2024-06-05,2024-06-03,S,scheduled sale,4166,199926.76,47.9901,1.1057,-4166,372611,0,plan,,1,0,Common Stock,D,4,0001032553-24-000024,,https://www.sec.gov/Archives/edgar/data/936395/000103255324000024/edgardoc.xml
CIEN,936395,Gary B. Smith,1032553,2024-05-17,2024-05-15,S,scheduled sale,4166,204809.31,49.1621,1.0936,-4166,376777,0,plan,,1,0,Common Stock,D,4,0001032553-24-000022,,https://www.sec.gov/Archives/edgar/data/936395/000103255324000022/edgardoc.xml
CIEN,936395,Gary B. Smith,1032553,2024-05-03,2024-05-01,S,scheduled sale,4166,194365.56,46.6552,1.0818,-4166,380943,0,plan,,1,0,Common Stock,D,4,0001032553-24-000020,,https://www.sec.gov/Archives/edgar/data/936395/000103255324000020/edgardoc.xml
CIEN,936395,Gary B. Smith,1032553,2024-04-17,2024-04-15,S,scheduled sale,4166,186626.80,44.7976,1.0702,-4166,385109,0,plan,,1,0,Common Stock,D,4,0001032553-24-000018,,https://www.sec.gov/Archives/edgar/data/936395/000103255324000018/edgardoc.xml
CIEN,936395,Gary B. Smith,1032553,2024-04-03,2024-04-01,S,scheduled sale,4166,205767.49,49.3921,1.0589,-4166,389275,0,plan,,1,0,Common Stock,D,4,0001032553-24-000016,,https://www.sec.gov/Archives/edgar/data/936395/000103255324000016/edgardoc.xml
CIEN,936395,Gary B. Smith,1032553,2024-03-19,2024-03-15,S,scheduled sale,4166,207627.61,49.8386,1.0227,-4166,403176,0,plan,,1,0,Common Stock,D,4,0001032553-24-000012,,https://www.sec.gov/Archives/edgar/data/936395/000103255324000012/edgardoc.xml
CIEN,936395,Gary B. Smith,1032553,2024-03-05,2024-03-01,S,scheduled sale,8332,501600.98,60.2017,2.0045,-8332,407342,0,plan,,2,0,Common Stock,D,4,0001032553-24-000010,,https://www.sec.gov/Archives/edgar/data/936395/000103255324000010/edgardoc.xml
CIEN,936395,Gary B. Smith,1032553,2024-02-16,2024-02-15,S,scheduled sale,8332,473781.68,56.8629,1.9651,-8332,415674,0,plan,,2,0,Common Stock,D,4,0001032553-24-000008,,https://www.sec.gov/Archives/edgar/data/936395/000103255324000008/edgardoc.xml
CIEN,936395,Gary B. Smith,1032553,2024-02-05,2024-02-01,S,scheduled sale,70838,3832807.91,54.1067,14.3152,-70838,424006,0,plan,,2,0,Common Stock,D,4,0001032553-24-000006,,https://www.sec.gov/Archives/edgar/data/936395/000103255324000006/edgardoc.xml
CIEN,936395,Gary B. Smith,1032553,2024-01-17,2024-01-16,S,scheduled sale,4166,210640.46,50.5618,0.8349,-4166,494844,0,plan,,1,0,Common Stock,D,4,0001032553-24-000004,,https://www.sec.gov/Archives/edgar/data/936395/000103255324000004/edgardoc.xml
CIEN,936395,Gary B. Smith,1032553,2024-01-04,2024-01-02,S,scheduled sale,4166,187647.05,45.0425,0.8279,-4166,499010,0,plan,,1,0,Common Stock,D,4,0001032553-24-000002,,https://www.sec.gov/Archives/edgar/data/936395/000103255324000002/edgardoc.xml
CIEN,936395,Gary B. Smith,1032553,2023-12-18,2023-12-15,S,scheduled sale,4166,181984.63,43.6833,0.7683,-4166,538067,0,plan,,1,0,Common Stock,D,4,0001032553-23-000044,,https://www.sec.gov/Archives/edgar/data/936395/000103255323000044/edgardoc.xml
CIEN,936395,Gary B. Smith,1032553,2023-12-05,2023-12-01,S,scheduled sale,4166,194403.06,46.6642,1.0346,-4166,398510,0,plan,,1,0,Common Stock,D,4,0001032553-23-000040,,https://www.sec.gov/Archives/edgar/data/936395/000103255323000040/edgardoc.xml
CIEN,936395,Gary B. Smith,1032553,2023-11-20,2023-11-15,S,scheduled sale,4166,193080.77,46.3468,1.0240,-4166,402676,0,plan,,1,0,Common Stock,D,4,0001032553-23-000038,,https://www.sec.gov/Archives/edgar/data/936395/000103255323000038/edgardoc.xml
CIEN,936395,Gary B. Smith,1032553,2023-11-03,2023-11-01,S,scheduled sale,4166,175613.56,42.1540,1.0136,-4166,406842,0,plan,,1,0,Common Stock,D,4,0001032553-23-000036,,https://www.sec.gov/Archives/edgar/data/936395/000103255323000036/edgardoc.xml
CIEN,936395,Gary B. Smith,1032553,2023-10-17,2023-10-16,S,scheduled sale,4166,181498.46,43.5666,1.0034,-4166,411008,0,plan,,1,0,Common Stock,D,4,0001032553-23-000034,,https://www.sec.gov/Archives/edgar/data/936395/000103255323000034/edgardoc.xml
CIEN,936395,Gary B. Smith,1032553,2023-10-04,2023-10-02,S,scheduled sale,4166,197135.12,47.3200,0.9935,-4166,415174,0,plan,,1,0,Common Stock,D,4,0001032553-23-000032,,https://www.sec.gov/Archives/edgar/data/936395/000103255323000032/edgardoc.xml
CIEN,936395,Gary B. Smith,1032553,2023-09-19,2023-09-15,S,scheduled sale,4166,203262.47,48.7908,0.9626,-4166,428609,0,plan,,1,0,Common Stock,D,4,0001032553-23-000028,,https://www.sec.gov/Archives/edgar/data/936395/000103255323000028/edgardoc.xml
CIEN,936395,Gary B. Smith,1032553,2023-09-05,2023-09-01,S,scheduled sale,4166,203239.98,48.7854,0.9534,-4166,432775,0,plan,,1,0,Common Stock,D,4,0001032553-23-000026,,https://www.sec.gov/Archives/edgar/data/936395/000103255323000026/edgardoc.xml
CIEN,936395,Gary B. Smith,1032553,2023-08-17,2023-08-15,S,scheduled sale,4166,174644.55,41.9214,0.9444,-4166,436941,0,plan,,1,0,Common Stock,D,4,0001032553-23-000024,,https://www.sec.gov/Archives/edgar/data/936395/000103255323000024/edgardoc.xml
CIEN,936395,Gary B. Smith,1032553,2023-08-03,2023-08-01,S,scheduled sale,4166,175436.09,42.1114,0.9356,-4166,441107,0,plan,,1,0,Common Stock,D,4,0001032553-23-000022,,https://www.sec.gov/Archives/edgar/data/936395/000103255323000022/edgardoc.xml
CIEN,936395,Gary B. Smith,1032553,2023-07-19,2023-07-17,S,scheduled sale,4166,173620.97,41.6757,0.9269,-4166,445273,0,plan,,1,0,Common Stock,D,4,0001032553-23-000020,,https://www.sec.gov/Archives/edgar/data/936395/000103255323000020/edgardoc.xml
CIEN,936395,Gary B. Smith,1032553,2023-07-05,2023-07-03,S,scheduled sale,4174,177315.69,42.4810,0.9202,-4174,449439,0,plan,,1,0,Common Stock,D,4,0001032553-23-000018,,https://www.sec.gov/Archives/edgar/data/936395/000103255323000018/edgardoc.xml
CIEN,936395,Gary B. Smith,1032553,2023-06-20,2023-06-15,S,scheduled sale,4174,184865.21,44.2897,0.8939,-4174,462759,0,plan,,1,0,Common Stock,D,4,0001032553-23-000014,,https://www.sec.gov/Archives/edgar/data/936395/000103255323000014/edgardoc.xml
CIEN,936395,Gary B. Smith,1032553,2023-03-27,2023-03-23,S,scheduled sale,3541,174832.98,49.3739,0.7526,-3541,466933,0,plan,,1,0,Common Stock,D,4,0001032553-23-000012,,https://www.sec.gov/Archives/edgar/data/936395/000103255323000012/edgardoc.xml
CIEN,936395,Gary B. Smith,1032553,2023-03-07,2023-03-06,S,sale,3541,181169.25,51.1633,0.7371,-3541,476864,0,unknown,,1,0,Common Stock,D,4,0001032553-23-000010,,https://www.sec.gov/Archives/edgar/data/936395/000103255323000010/edgardoc.xml
CIEN,936395,Gary B. Smith,1032553,2023-02-27,2023-02-23,S,sale,3541,169125.24,47.7620,0.7317,-3541,480405,0,unknown,,1,0,Common Stock,D,4,0001032553-23-000008,,https://www.sec.gov/Archives/edgar/data/936395/000103255323000008/edgardoc.xml
CIEN,936395,Gary B. Smith,1032553,2023-02-07,2023-02-06,S,sale,3541,175239.13,49.4886,0.7264,-3541,483946,0,unknown,,1,0,Common Stock,D,4,0001032553-23-000006,,https://www.sec.gov/Archives/edgar/data/936395/000103255323000006/edgardoc.xml
CIEN,936395,Gary B. Smith,1032553,2023-01-25,2023-01-23,S,sale,3541,180845.24,51.0718,0.7211,-3541,487487,0,unknown,,1,0,Common Stock,D,4,0001032553-23-000004,,https://www.sec.gov/Archives/edgar/data/936395/000103255323000004/edgardoc.xml
CIEN,936395,Gary B. Smith,1032553,2023-01-11,2023-01-09,S,sale,3541,185859.30,52.4878,0.7160,-3541,491028,0,unknown,,1,0,Common Stock,D,4,0001032553-23-000002,,https://www.sec.gov/Archives/edgar/data/936395/000103255323000002/edgardoc.xml
CIEN,936395,Gary B. Smith,1032553,2022-12-30,2022-12-28,S,sale,3541,174544.39,49.2924,0.7109,-3541,494569,0,unknown,,1,0,Common Stock,D,4,0001032553-22-000046,,https://www.sec.gov/Archives/edgar/data/936395/000103255322000046/edgardoc.xml
CIEN,936395,Gary B. Smith,1032553,2022-12-15,2022-12-13,S,sale,3541,179710.71,50.7514,0.6272,177562,561060,0,unknown,,1,0,Common Stock,D,4,0001032553-22-000040,,https://www.sec.gov/Archives/edgar/data/936395/000103255322000040/edgardoc.xml
CIEN,936395,Gary B. Smith,1032553,2022-11-18,2022-11-16,S,sale,3542,156166.78,44.0900,0.9152,-3542,383498,0,unknown,,1,0,Common Stock,D,4,0001032553-22-000038,,https://www.sec.gov/Archives/edgar/data/936395/000103255322000038/edgardoc.xml
CIEN,936395,Gary B. Smith,1032553,2022-11-04,2022-11-02,S,sale,3542,166651.10,47.0500,0.9069,-3542,387040,0,unknown,,1,0,Common Stock,D,4,0001032553-22-000036,,https://www.sec.gov/Archives/edgar/data/936395/000103255322000036/edgardoc.xml
CIEN,936395,Gary B. Smith,1032553,2022-10-19,2022-10-17,S,sale,3542,143242.02,40.4410,0.8987,-3542,390582,0,unknown,,1,0,Common Stock,D,4,0001032553-22-000034,,https://www.sec.gov/Archives/edgar/data/936395/000103255322000034/edgardoc.xml
CIEN,936395,Gary B. Smith,1032553,2022-10-06,2022-10-04,S,sale,3542,151257.92,42.7041,0.8907,-3542,394124,0,unknown,,1,0,Common Stock,D,4,0001032553-22-000032,,https://www.sec.gov/Archives/edgar/data/936395/000103255322000032/edgardoc.xml
CIEN,936395,Gary B. Smith,1032553,2022-09-21,2022-09-19,S,sale,3542,146450.37,41.3468,0.8635,-3542,406627,0,unknown,,1,0,Common Stock,D,4,0001032553-22-000028,,https://www.sec.gov/Archives/edgar/data/936395/000103255322000028/edgardoc.xml
CIEN,936395,Gary B. Smith,1032553,2022-09-08,2022-09-06,S,sale,3542,152382.15,43.0215,0.8562,-3542,410169,0,unknown,,1,0,Common Stock,D,4,0001032553-22-000026,,https://www.sec.gov/Archives/edgar/data/936395/000103255322000026/edgardoc.xml
CIEN,936395,Gary B. Smith,1032553,2022-08-24,2022-08-22,S,sale,3542,193515.40,54.6345,0.8489,-3542,413711,0,unknown,,1,0,Common Stock,D,4,0001032553-22-000024,,https://www.sec.gov/Archives/edgar/data/936395/000103255322000024/edgardoc.xml
CIEN,936395,Gary B. Smith,1032553,2022-08-10,2022-08-08,S,sale,3542,187283.25,52.8750,0.8417,-3542,417253,0,unknown,,1,0,Common Stock,D,4,0001032553-22-000022,,https://www.sec.gov/Archives/edgar/data/936395/000103255322000022/edgardoc.xml
CIEN,936395,Gary B. Smith,1032553,2022-07-25,2022-07-20,S,sale,3542,174300.40,49.2096,0.8347,-3542,420795,0,unknown,,1,0,Common Stock,D,4,0001032553-22-000020,,https://www.sec.gov/Archives/edgar/data/936395/000103255322000020/edgardoc.xml
CIEN,936395,Gary B. Smith,1032553,2022-07-07,2022-07-05,S,sale,3542,158858.35,44.8499,0.8278,-3542,424337,0,unknown,,1,0,Common Stock,D,4,0001032553-22-000018,,https://www.sec.gov/Archives/edgar/data/936395/000103255322000018/edgardoc.xml
CIEN,936395,Gary B. Smith,1032553,2022-06-23,2022-06-21,S,sale,3542,158272.85,44.6846,0.8210,-3542,427879,0,unknown,,1,0,Common Stock,D,4,0001032553-22-000016,,https://www.sec.gov/Archives/edgar/data/936395/000103255322000016/edgardoc.xml
CIEN,936395,Gary B. Smith,1032553,2022-06-09,2022-06-07,S,sale,3542,172433.77,48.6826,0.7979,-3542,440382,0,unknown,,1,0,Common Stock,D,4,0001032553-22-000012,,https://www.sec.gov/Archives/edgar/data/936395/000103255322000012/edgardoc.xml
CIEN,936395,Gary B. Smith,1032553,2022-05-25,2022-05-23,S,sale,3542,177777.23,50.1912,0.7916,-3542,443924,0,unknown,,1,0,Common Stock,D,4,0001032553-22-000010,,https://www.sec.gov/Archives/edgar/data/936395/000103255322000010/edgardoc.xml
CIEN,936395,Gary B. Smith,1032553,2022-05-12,2022-05-10,S,sale,3542,182849.02,51.6231,0.7854,-3542,447466,0,unknown,,1,0,Common Stock,D,4,0001032553-22-000008,,https://www.sec.gov/Archives/edgar/data/936395/000103255322000008/edgardoc.xml
CIEN,936395,Gary B. Smith,1032553,2022-04-27,2022-04-25,S,sale,3542,201054.90,56.7631,0.7792,-3542,451008,0,unknown,,1,0,Common Stock,D,4,0001032553-22-000006,,https://www.sec.gov/Archives/edgar/data/936395/000103255322000006/edgardoc.xml
CIEN,936395,Gary B. Smith,1032553,2022-04-14,2022-04-11,S,sale,3542,204194.88,57.6496,0.7732,-3542,454550,0,unknown,,1,0,Common Stock,D,4,0001032553-22-000004,,https://www.sec.gov/Archives/edgar/data/936395/000103255322000004/edgardoc.xml
CIEN,936395,Gary B. Smith,1032553,2021-09-16,2021-09-15,S,sale,6550,347962.85,53.1241,2.0099,-13100,319330,,unknown,,1,0,Common Stock,D,4,0001032553-21-000043,,https://www.sec.gov/Archives/edgar/data/936395/000103255321000043/edgardoc.xml
CIEN,936395,Gary B. Smith,1032553,2021-09-16,2021-09-14,S,sale,6550,348782.91,53.2493,2.0099,-13100,319330,0,unknown,,1,0,Common Stock,D,4,0001032553-21-000043,,https://www.sec.gov/Archives/edgar/data/936395/000103255321000043/edgardoc.xml
CIEN,936395,Gary B. Smith,1032553,2021-09-07,2021-09-03,S,sale,6550,373339.52,56.9984,1.9323,-13100,332430,,unknown,,1,0,Common Stock,D,4,0001032553-21-000041,,https://www.sec.gov/Archives/edgar/data/936395/000103255321000041/edgardoc.xml
CIEN,936395,Gary B. Smith,1032553,2021-09-07,2021-09-02,S,sale,6550,377280.65,57.6001,1.9323,-13100,332430,0,unknown,,1,0,Common Stock,D,4,0001032553-21-000041,,https://www.sec.gov/Archives/edgar/data/936395/000103255321000041/edgardoc.xml
CIEN,936395,Gary B. Smith,1032553,2021-08-19,2021-08-18,S,sale,5000,276335.50,55.2671,1.4264,-10000,345530,,unknown,,1,0,Common Stock,D,4,0001032553-21-000039,,https://www.sec.gov/Archives/edgar/data/936395/000103255321000039/edgardoc.xml
CIEN,936395,Gary B. Smith,1032553,2021-08-19,2021-08-17,S,sale,5000,276875.00,55.3750,1.4264,-10000,345530,0,unknown,,1,0,Common Stock,D,4,0001032553-21-000039,,https://www.sec.gov/Archives/edgar/data/936395/000103255321000039/edgardoc.xml
CIEN,936395,Gary B. Smith,1032553,2021-08-05,2021-08-03,S,sale,5000,290200.50,58.0401,1.3868,-10000,355530,,unknown,,1,0,Common Stock,D,4,0001032553-21-000037,,https://www.sec.gov/Archives/edgar/data/936395/000103255321000037/edgardoc.xml
CIEN,936395,Gary B. Smith,1032553,2021-08-05,2021-08-02,S,sale,5000,291274.50,58.2549,1.3868,-10000,355530,0,unknown,,1,0,Common Stock,D,4,0001032553-21-000037,,https://www.sec.gov/Archives/edgar/data/936395/000103255321000037/edgardoc.xml
CIEN,936395,Gary B. Smith,1032553,2021-07-23,2021-07-22,S,sale,5000,276033.50,55.2067,1.3494,-10000,365530,,unknown,,1,0,Common Stock,D,4,0001032553-21-000035,,https://www.sec.gov/Archives/edgar/data/936395/000103255321000035/edgardoc.xml
CIEN,936395,Gary B. Smith,1032553,2021-07-23,2021-07-21,S,sale,5000,276353.50,55.2707,1.3494,-10000,365530,0,unknown,,1,0,Common Stock,D,4,0001032553-21-000035,,https://www.sec.gov/Archives/edgar/data/936395/000103255321000035/edgardoc.xml
CIEN,936395,Gary B. Smith,1032553,2021-07-09,2021-07-08,S,sale,5000,283040.00,56.6080,1.3140,-10000,375530,,unknown,,1,0,Common Stock,D,4,0001032553-21-000033,,https://www.sec.gov/Archives/edgar/data/936395/000103255321000033/edgardoc.xml
CIEN,936395,Gary B. Smith,1032553,2021-07-09,2021-07-07,S,sale,5000,284255.00,56.8510,1.3140,-10000,375530,0,unknown,,1,0,Common Stock,D,4,0001032553-21-000033,,https://www.sec.gov/Archives/edgar/data/936395/000103255321000033/edgardoc.xml
CIEN,936395,Gary B. Smith,1032553,2021-06-24,2021-06-23,S,sale,3750,215707.12,57.5219,0.9633,-7500,385530,,unknown,,1,0,Common Stock,D,4,0001032553-21-000031,,https://www.sec.gov/Archives/edgar/data/936395/000103255321000031/edgardoc.xml
CIEN,936395,Gary B. Smith,1032553,2021-06-24,2021-06-22,S,sale,3750,216136.12,57.6363,0.9633,-7500,385530,0,unknown,,1,0,Common Stock,D,4,0001032553-21-000031,,https://www.sec.gov/Archives/edgar/data/936395/000103255321000031/edgardoc.xml
CIEN,936395,Gary B. Smith,1032553,2021-06-11,2021-06-10,S,sale,3750,221544.38,59.0785,0.9194,-7500,404116,,unknown,,1,0,Common Stock,D,4,0001032553-21-000027,,https://www.sec.gov/Archives/edgar/data/936395/000103255321000027/edgardoc.xml
CIEN,936395,Gary B. Smith,1032553,2021-06-11,2021-06-09,S,sale,3750,226603.88,60.4277,0.9194,-7500,404116,0,unknown,,1,0,Common Stock,D,4,0001032553-21-000027,,https://www.sec.gov/Archives/edgar/data/936395/000103255321000027/edgardoc.xml
CIEN,936395,Gary B. Smith,1032553,2021-06-01,2021-05-28,S,sale,3750,198010.12,52.8027,0.9028,-7500,411616,,unknown,,1,0,Common Stock,D,4,0001032553-21-000025,,https://www.sec.gov/Archives/edgar/data/936395/000103255321000025/edgardoc.xml
CIEN,936395,Gary B. Smith,1032553,2021-06-01,2021-05-27,S,sale,3750,199571.25,53.2190,0.9028,-7500,411616,0,unknown,,1,0,Common Stock,D,4,0001032553-21-000025,,https://www.sec.gov/Archives/edgar/data/936395/000103255321000025/edgardoc.xml
CIEN,936395,Gary B. Smith,1032553,2021-05-13,2021-05-12,S,sale,3750,189813.38,50.6169,0.8868,-7500,419116,,unknown,,1,0,Common Stock,D,4,0001032553-21-000023,,https://www.sec.gov/Archives/edgar/data/936395/000103255321000023/edgardoc.xml
CIEN,936395,Gary B. Smith,1032553,2021-05-13,2021-05-11,S,sale,3750,200545.50,53.4788,0.8868,-7500,419116,0,unknown,,1,0,Common Stock,D,4,0001032553-21-000023,,https://www.sec.gov/Archives/edgar/data/936395/000103255321000023/edgardoc.xml
CIEN,936395,Gary B. Smith,1032553,2021-04-30,2021-04-29,S,sale,3125,164044.38,52.4942,0.7272,-6250,426616,,unknown,,1,0,Common Stock,D,4,0001032553-21-000021,,https://www.sec.gov/Archives/edgar/data/936395/000103255321000021/edgardoc.xml
CIEN,936395,Gary B. Smith,1032553,2021-04-30,2021-04-28,S,sale,3125,162935.94,52.1395,0.7272,-6250,426616,0,unknown,,1,0,Common Stock,D,4,0001032553-21-000021,,https://www.sec.gov/Archives/edgar/data/936395/000103255321000021/edgardoc.xml
CIEN,936395,Gary B. Smith,1032553,2021-04-14,2021-04-13,S,sale,3125,174851.56,55.9525,0.7168,-6250,432866,,unknown,,1,0,Common Stock,D,4,0001032553-21-000019,,https://www.sec.gov/Archives/edgar/data/936395/000103255321000019/edgardoc.xml
CIEN,936395,Gary B. Smith,1032553,2021-04-14,2021-04-12,S,sale,3125,175537.19,56.1719,0.7168,-6250,432866,0,unknown,,1,0,Common Stock,D,4,0001032553-21-000019,,https://www.sec.gov/Archives/edgar/data/936395/000103255321000019/edgardoc.xml
CIEN,936395,Gary B. Smith,1032553,2021-03-25,2021-03-24,S,sale,3125,166083.75,53.1468,0.7066,-6250,439116,,unknown,,1,0,Common Stock,D,4,0001032553-21-000017,,https://www.sec.gov/Archives/edgar/data/936395/000103255321000017/edgardoc.xml
CIEN,936395,Gary B. Smith,1032553,2021-03-25,2021-03-23,S,sale,3125,170907.50,54.6904,0.7066,-6250,439116,0,unknown,,1,0,Common Stock,D,4,0001032553-21-000017,,https://www.sec.gov/Archives/edgar/data/936395/000103255321000017/edgardoc.xml
CIEN,936395,Gary B. Smith,1032553,2021-03-09,2021-03-08,S,sale,3125,154857.50,49.5544,0.6800,-6250,456452,,unknown,,1,0,Common Stock,D,4,0001032553-21-000011,,https://www.sec.gov/Archives/edgar/data/936395/000103255321000011/edgardoc.xml
CIEN,936395,Gary B. Smith,1032553,2021-03-09,2021-03-05,S,sale,3125,153817.19,49.2215,0.6800,-6250,456452,0,unknown,,1,0,Common Stock,D,4,0001032553-21-000011,,https://www.sec.gov/Archives/edgar/data/936395/000103255321000011/edgardoc.xml
CIEN,936395,Gary B. Smith,1032553,2021-02-19,2021-02-18,S,sale,2500,136031.25,54.4125,0.5374,-5000,462702,,unknown,,1,0,Common Stock,D,4,0001032553-21-000009,,https://www.sec.gov/Archives/edgar/data/936395/000103255321000009/edgardoc.xml
CIEN,936395,Gary B. Smith,1032553,2021-02-19,2021-02-17,S,sale,2500,137733.75,55.0935,0.5374,-5000,462702,0,unknown,,1,0,Common Stock,D,4,0001032553-21-000009,,https://www.sec.gov/Archives/edgar/data/936395/000103255321000009/edgardoc.xml
CIEN,936395,Gary B. Smith,1032553,2021-02-08,2021-02-05,S,sale,2500,137991.00,55.1964,0.5317,-5000,467702,,unknown,,1,0,Common Stock,D,4,0001032553-21-000006,,https://www.sec.gov/Archives/edgar/data/936395/000103255321000006/edgardoc.xml
CIEN,936395,Gary B. Smith,1032553,2021-02-08,2021-02-04,S,sale,2500,137333.50,54.9334,0.5317,-5000,467702,0,unknown,,1,0,Common Stock,D,4,0001032553-21-000006,,https://www.sec.gov/Archives/edgar/data/936395/000103255321000006/edgardoc.xml
CIEN,936395,Gary B. Smith,1032553,2021-01-25,2021-01-22,S,sale,2500,137683.00,55.0732,0.5261,-5000,472702,,unknown,,1,0,Common Stock,D,4,0001032553-21-000004,,https://www.sec.gov/Archives/edgar/data/936395/000103255321000004/edgardoc.xml
CIEN,936395,Gary B. Smith,1032553,2021-01-25,2021-01-21,S,sale,2500,136106.25,54.4425,0.5261,-5000,472702,0,unknown,,1,0,Common Stock,D,4,0001032553-21-000004,,https://www.sec.gov/Archives/edgar/data/936395/000103255321000004/edgardoc.xml
CIEN,936395,Gary B. Smith,1032553,2021-01-07,2021-01-06,S,sale,2500,128923.50,51.5694,0.5206,-5000,477702,,unknown,,1,0,Common Stock,D,4,0001032553-21-000002,,https://www.sec.gov/Archives/edgar/data/936395/000103255321000002/edgardoc.xml
CIEN,936395,Gary B. Smith,1032553,2021-01-07,2021-01-05,S,sale,2500,128016.50,51.2066,0.5206,-5000,477702,0,unknown,,1,0,Common Stock,D,4,0001032553-21-000002,,https://www.sec.gov/Archives/edgar/data/936395/000103255321000002/edgardoc.xml
CIEN,936395,Gary B. Smith,1032553,2020-12-23,2020-12-22,S,sale,750,39040.65,52.0542,0.1551,-1500,482702,,unknown,,1,0,Common Stock,D,4,0001032553-20-000042,,https://www.sec.gov/Archives/edgar/data/936395/000103255320000042/edgardoc.xml
CIEN,936395,Gary B. Smith,1032553,2020-12-23,2020-12-21,S,sale,750,38349.75,51.1330,0.1551,-1500,482702,0,unknown,,1,0,Common Stock,D,4,0001032553-20-000042,,https://www.sec.gov/Archives/edgar/data/936395/000103255320000042/edgardoc.xml
CIEN,936395,Gary B. Smith,1032553,2020-12-11,2020-12-10,S,sale,750,34348.05,45.7974,0.2346,-3300,318890,,unknown,,1,0,Common Stock,D,4,0001032553-20-000036,,https://www.sec.gov/Archives/edgar/data/936395/000103255320000036/edgardoc.xml
CIEN,936395,Gary B. Smith,1032553,2020-12-11,2020-12-09,S,sale,2550,120785.60,47.3669,0.7933,-3300,318890,0,unknown,,1,0,Common Stock,D,4,0001032553-20-000036,,https://www.sec.gov/Archives/edgar/data/936395/000103255320000036/edgardoc.xml
CIEN,936395,Gary B. Smith,1032553,2020-11-27,2020-11-24,S,sale,1200,52829.52,44.0246,0.3711,-1200,322190,0,unknown,,1,0,Common Stock,D,4,0001032553-20-000034,,https://www.sec.gov/Archives/edgar/data/936395/000103255320000034/edgardoc.xml
CIEN,936395,Gary B. Smith,1032553,2020-10-01,2020-09-30,S,sale,4250,169681.67,39.9251,1.2972,-8500,323390,,unknown,,1,0,Common Stock,D,4,0001032553-20-000032,,https://www.sec.gov/Archives/edgar/data/936395/000103255320000032/edgardoc.xml
CIEN,936395,Gary B. Smith,1032553,2020-10-01,2020-09-29,S,sale,4250,170305.58,40.0719,1.2972,-8500,323390,0,unknown,,1,0,Common Stock,D,4,0001032553-20-000032,,https://www.sec.gov/Archives/edgar/data/936395/000103255320000032/edgardoc.xml
CIEN,936395,Gary B. Smith,1032553,2020-09-14,2020-09-11,S,sale,4250,175976.77,41.4063,1.2214,-8500,343702,,unknown,,1,0,Common Stock,D,4,0001032553-20-000028,,https://www.sec.gov/Archives/edgar/data/936395/000103255320000028/edgardoc.xml
CIEN,936395,Gary B. Smith,1032553,2020-09-14,2020-09-10,S,sale,4250,177247.10,41.7052,1.2214,-8500,343702,0,unknown,,1,0,Common Stock,D,4,0001032553-20-000028,,https://www.sec.gov/Archives/edgar/data/936395/000103255320000028/edgardoc.xml
CIEN,936395,Gary B. Smith,1032553,2020-08-21,2020-08-20,S,sale,4250,254988.95,59.9974,1.1923,-8500,352202,,unknown,,1,0,Common Stock,D,4,0001032553-20-000026,,https://www.sec.gov/Archives/edgar/data/936395/000103255320000026/edgardoc.xml
CIEN,936395,Gary B. Smith,1032553,2020-08-21,2020-08-19,S,sale,4250,254813.42,59.9561,1.1923,-8500,352202,0,unknown,,1,0,Common Stock,D,4,0001032553-20-000026,,https://www.sec.gov/Archives/edgar/data/936395/000103255320000026/edgardoc.xml
CIEN,936395,Gary B. Smith,1032553,2020-08-06,2020-08-05,S,sale,4250,255086.27,60.0203,1.1645,-8500,360702,,unknown,,1,0,Common Stock,D,4,0001032553-20-000024,,https://www.sec.gov/Archives/edgar/data/936395/000103255320000024/edgardoc.xml
CIEN,936395,Gary B. Smith,1032553,2020-08-06,2020-08-04,S,sale,4250,254818.52,59.9573,1.1645,-8500,360702,0,unknown,,1,0,Common Stock,D,4,0001032553-20-000024,,https://www.sec.gov/Archives/edgar/data/936395/000103255320000024/edgardoc.xml
CIEN,936395,Gary B. Smith,1032553,2020-07-24,2020-07-23,S,sale,4250,235362.88,55.3795,1.1380,-8500,369202,,unknown,,1,0,Common Stock,D,4,0001032553-20-000022,,https://www.sec.gov/Archives/edgar/data/936395/000103255320000022/edgardoc.xml
CIEN,936395,Gary B. Smith,1032553,2020-07-24,2020-07-22,S,sale,4250,231258.23,54.4137,1.1380,-8500,369202,0,unknown,,1,0,Common Stock,D,4,0001032553-20-000022,,https://www.sec.gov/Archives/edgar/data/936395/000103255320000022/edgardoc.xml
CIEN,936395,Gary B. Smith,1032553,2020-07-08,2020-07-07,S,sale,4250,239462.00,56.3440,1.1127,-8500,377702,,unknown,,1,0,Common Stock,D,4,0001032553-20-000020,,https://www.sec.gov/Archives/edgar/data/936395/000103255320000020/edgardoc.xml
CIEN,936395,Gary B. Smith,1032553,2020-07-08,2020-07-06,S,sale,4250,240767.60,56.6512,1.1127,-8500,377702,0,unknown,,1,0,Common Stock,D,4,0001032553-20-000020,,https://www.sec.gov/Archives/edgar/data/936395/000103255320000020/edgardoc.xml
CIEN,936395,Gary B. Smith,1032553,2020-06-24,2020-06-23,S,sale,4250,230359.35,54.2022,1.0885,-8500,386202,,unknown,,1,0,Common Stock,D,4,0001699193-20-000010,,https://www.sec.gov/Archives/edgar/data/936395/000169919320000010/edgardoc.xml
CIEN,936395,Gary B. Smith,1032553,2020-06-24,2020-06-22,S,sale,4250,229588.40,54.0208,1.0885,-8500,386202,0,unknown,,1,0,Common Stock,D,4,0001699193-20-000010,,https://www.sec.gov/Archives/edgar/data/936395/000169919320000010/edgardoc.xml
CIEN,936395,Gary B. Smith,1032553,2020-06-12,2020-06-11,S,sale,4250,225770.20,53.1224,1.0347,-8500,406514,,unknown,,1,0,Common Stock,D,4,0001177269-20-000004,,https://www.sec.gov/Archives/edgar/data/936395/000117726920000004/edgardoc.xml
CIEN,936395,Gary B. Smith,1032553,2020-06-12,2020-06-10,S,sale,4250,233144.80,54.8576,1.0347,-8500,406514,0,unknown,,1,0,Common Stock,D,4,0001177269-20-000004,,https://www.sec.gov/Archives/edgar/data/936395/000117726920000004/edgardoc.xml
CIEN,936395,Gary B. Smith,1032553,2020-05-22,2020-05-21,S,sale,4250,220668.92,51.9221,1.0137,-8500,415014,,unknown,,1,0,Common Stock,D,4,0001032553-20-000018,,https://www.sec.gov/Archives/edgar/data/936395/000103255320000018/edgardoc.xml
CIEN,936395,Gary B. Smith,1032553,2020-05-22,2020-05-20,S,sale,4250,224238.50,52.7620,1.0137,-8500,415014,0,unknown,,1,0,Common Stock,D,4,0001032553-20-000018,,https://www.sec.gov/Archives/edgar/data/936395/000103255320000018/edgardoc.xml
CIEN,936395,Gary B. Smith,1032553,2020-05-11,2020-05-08,S,sale,4250,201583.88,47.4315,0.9935,-8500,423514,,unknown,,1,0,Common Stock,D,4,0001032553-20-000016,,https://www.sec.gov/Archives/edgar/data/936395/000103255320000016/edgardoc.xml
CIEN,936395,Gary B. Smith,1032553,2020-05-11,2020-05-07,S,sale,4250,198562.12,46.7205,0.9935,-8500,423514,0,unknown,,1,0,Common Stock,D,4,0001032553-20-000016,,https://www.sec.gov/Archives/edgar/data/936395/000103255320000016/edgardoc.xml
CIEN,936395,Gary B. Smith,1032553,2020-04-24,2020-04-23,S,sale,4250,191905.77,45.1543,0.9742,-8500,432014,,unknown,,1,0,Common Stock,D,4,0001032553-20-000014,,https://www.sec.gov/Archives/edgar/data/936395/000103255320000014/edgardoc.xml
CIEN,936395,Gary B. Smith,1032553,2020-04-24,2020-04-22,S,sale,4250,190362.60,44.7912,0.9742,-8500,432014,0,unknown,,1,0,Common Stock,D,4,0001032553-20-000014,,https://www.sec.gov/Archives/edgar/data/936395/000103255320000014/edgardoc.xml
CIEN,936395,Gary B. Smith,1032553,2020-04-08,2020-04-07,S,sale,4250,194585.40,45.7848,0.9556,-8500,440514,,unknown,,1,0,Common Stock,D,4,0001032553-20-000012,,https://www.sec.gov/Archives/edgar/data/936395/000103255320000012/edgardoc.xml
CIEN,936395,Gary B. Smith,1032553,2020-04-08,2020-04-06,S,sale,4250,187216.75,44.0510,0.9556,-8500,440514,0,unknown,,1,0,Common Stock,D,4,0001032553-20-000012,,https://www.sec.gov/Archives/edgar/data/936395/000103255320000012/edgardoc.xml
CIEN,936395,Gary B. Smith,1032553,2020-03-27,2020-03-26,S,sale,4250,168837.62,39.7265,0.9376,-8500,449014,,unknown,,1,0,Common Stock,D,4,0001699192-20-000008,,https://www.sec.gov/Archives/edgar/data/936395/000169919220000008/edgardoc.xml
CIEN,936395,Gary B. Smith,1032553,2020-03-27,2020-03-25,S,sale,4250,165001.58,38.8239,0.9376,-8500,449014,0,unknown,,1,0,Common Stock,D,4,0001699192-20-000008,,https://www.sec.gov/Archives/edgar/data/936395/000169919220000008/edgardoc.xml
CIEN,936395,Gary B. Smith,1032553,2020-03-12,2020-03-11,S,sale,4250,165824.80,39.0176,0.8974,-8500,469326,,unknown,,1,0,Common Stock,D,4,0001032553-20-000010,,https://www.sec.gov/Archives/edgar/data/936395/000103255320000010/edgardoc.xml
CIEN,936395,Gary B. Smith,1032553,2020-03-12,2020-03-10,S,sale,4250,167754.30,39.4716,0.8974,-8500,469326,0,unknown,,1,0,Common Stock,D,4,0001032553-20-000010,,https://www.sec.gov/Archives/edgar/data/936395/000103255320000010/edgardoc.xml
CIEN,936395,Gary B. Smith,1032553,2020-02-21,2020-02-20,S,sale,4250,186988.53,43.9973,0.8816,-8500,477826,,unknown,,1,0,Common Stock,D,4,0001032553-20-000008,,https://www.sec.gov/Archives/edgar/data/936395/000103255320000008/edgardoc.xml
CIEN,936395,Gary B. Smith,1032553,2020-02-21,2020-02-19,S,sale,4250,186557.15,43.8958,0.8816,-8500,477826,0,unknown,,1,0,Common Stock,D,4,0001032553-20-000008,,https://www.sec.gov/Archives/edgar/data/936395/000103255320000008/edgardoc.xml
CIEN,936395,Gary B. Smith,1032553,2020-02-07,2020-02-06,S,sale,4250,183849.47,43.2587,0.8663,-8500,486326,,unknown,,1,0,Common Stock,D,4,0001032553-20-000006,,https://www.sec.gov/Archives/edgar/data/936395/000103255320000006/edgardoc.xml
CIEN,936395,Gary B. Smith,1032553,2020-02-07,2020-02-05,S,sale,4250,181935.28,42.8083,0.8663,-8500,486326,0,unknown,,1,0,Common Stock,D,4,0001032553-20-000006,,https://www.sec.gov/Archives/edgar/data/936395/000103255320000006/edgardoc.xml
CIEN,936395,Gary B. Smith,1032553,2020-01-27,2020-01-24,S,sale,4250,183645.48,43.2107,0.8516,-8500,494826,,unknown,,1,0,Common Stock,D,4,0001032553-20-000004,,https://www.sec.gov/Archives/edgar/data/936395/000103255320000004/edgardoc.xml
CIEN,936395,Gary B. Smith,1032553,2020-01-27,2020-01-23,S,sale,4250,180857.05,42.5546,0.8516,-8500,494826,0,unknown,,1,0,Common Stock,D,4,0001032553-20-000004,,https://www.sec.gov/Archives/edgar/data/936395/000103255320000004/edgardoc.xml
CIEN,936395,Gary B. Smith,1032553,2020-01-07,2020-01-06,S,sale,4250,178315.55,41.9566,0.8373,-8500,503326,,unknown,,1,0,Common Stock,D,4,0001032553-20-000002,,https://www.sec.gov/Archives/edgar/data/936395/000103255320000002/edgardoc.xml
CIEN,936395,Gary B. Smith,1032553,2020-01-07,2020-01-03,S,sale,4250,178992.15,42.1158,0.8373,-8500,503326,0,unknown,,1,0,Common Stock,D,4,0001032553-20-000002,,https://www.sec.gov/Archives/edgar/data/936395/000103255320000002/edgardoc.xml
CIEN,936395,Gary B. Smith,1032553,2019-12-20,2019-12-19,S,sale,1875,77926.88,41.5610,0.3115,-3750,600064,,unknown,,1,0,Common Stock,D,4,0001032553-19-000040,,https://www.sec.gov/Archives/edgar/data/936395/000103255319000040/edgardoc.xml
CIEN,936395,Gary B. Smith,1032553,2019-12-20,2019-12-18,S,sale,1875,76779.38,40.9490,0.3115,-3750,600064,0,unknown,,1,0,Common Stock,D,4,0001032553-19-000040,,https://www.sec.gov/Archives/edgar/data/936395/000103255319000040/edgardoc.xml
CIEN,936395,Gary B. Smith,1032553,2019-12-05,2019-12-04,S,sale,1875,69221.44,36.9181,0.4447,-3750,419721,,unknown,,1,0,Common Stock,D,4,0001032553-19-000038,,https://www.sec.gov/Archives/edgar/data/936395/000103255319000038/edgardoc.xml
CIEN,936395,Gary B. Smith,1032553,2019-12-05,2019-12-03,S,sale,1875,68253.56,36.4019,0.4447,-3750,419721,0,unknown,,1,0,Common Stock,D,4,0001032553-19-000038,,https://www.sec.gov/Archives/edgar/data/936395/000103255319000038/edgardoc.xml
CIEN,936395,Gary B. Smith,1032553,2019-11-26,2019-11-25,S,sale,1875,70096.69,37.3849,0.4408,-3750,423471,,unknown,,1,0,Common Stock,D,4,0001032553-19-000036,,https://www.sec.gov/Archives/edgar/data/936395/000103255319000036/edgardoc.xml
CIEN,936395,Gary B. Smith,1032553,2019-11-26,2019-11-22,S,sale,1875,69337.88,36.9802,0.4408,-3750,423471,0,unknown,,1,0,Common Stock,D,4,0001032553-19-000036,,https://www.sec.gov/Archives/edgar/data/936395/000103255319000036/edgardoc.xml
CIEN,936395,Gary B. Smith,1032553,2019-11-14,2019-11-13,S,sale,1875,71255.62,38.0030,0.4370,-3750,427221,,unknown,,1,0,Common Stock,D,4,0001032553-19-000034,,https://www.sec.gov/Archives/edgar/data/936395/000103255319000034/edgardoc.xml
CIEN,936395,Gary B. Smith,1032553,2019-11-14,2019-11-12,S,sale,1875,71262.19,38.0065,0.4370,-3750,427221,0,unknown,,1,0,Common Stock,D,4,0001032553-19-000034,,https://www.sec.gov/Archives/edgar/data/936395/000103255319000034/edgardoc.xml
CIEN,936395,Gary B. Smith,1032553,2019-10-30,2019-10-29,S,sale,1750,63526.05,36.3006,0.4044,-3500,430971,,unknown,,1,0,Common Stock,D,4,0001215181-19-000044,,https://www.sec.gov/Archives/edgar/data/936395/000121518119000044/edgardoc.xml
CIEN,936395,Gary B. Smith,1032553,2019-10-30,2019-10-28,S,sale,1750,64954.93,37.1171,0.4044,-3500,430971,0,unknown,,1,0,Common Stock,D,4,0001215181-19-000044,,https://www.sec.gov/Archives/edgar/data/936395/000121518119000044/edgardoc.xml
CIEN,936395,Gary B. Smith,1032553,2019-10-17,2019-10-16,S,sale,1750,65326.63,37.3295,0.4012,-3500,434471,,unknown,,1,0,Common Stock,D,4,0001699192-19-000040,,https://www.sec.gov/Archives/edgar/data/936395/000169919219000040/edgardoc.xml
CIEN,936395,Gary B. Smith,1032553,2019-10-17,2019-10-15,S,sale,1750,66031.88,37.7325,0.4012,-3500,434471,0,unknown,,1,0,Common Stock,D,4,0001699192-19-000040,,https://www.sec.gov/Archives/edgar/data/936395/000169919219000040/edgardoc.xml
CIEN,936395,Gary B. Smith,1032553,2019-08-07,2019-08-06,S,sale,4800,202478.40,42.1830,1.0558,-9600,449852,,unknown,,2,0,Common Stock,D,4,0001032553-19-000029,,https://www.sec.gov/Archives/edgar/data/936395/000103255319000029/edgardoc.xml
CIEN,936395,Gary B. Smith,1032553,2019-08-07,2019-08-05,S,sale,4800,198604.08,41.3759,1.0558,-9600,449852,0,unknown,,2,0,Common Stock,D,4,0001032553-19-000029,,https://www.sec.gov/Archives/edgar/data/936395/000103255319000029/edgardoc.xml
CIEN,936395,Gary B. Smith,1032553,2019-07-25,2019-07-24,S,sale,4800,212801.28,44.3336,1.0339,-9600,459452,,unknown,,2,0,Common Stock,D,4,0001215181-19-000034,,https://www.sec.gov/Archives/edgar/data/936395/000121518119000034/edgardoc.xml
CIEN,936395,Gary B. Smith,1032553,2019-07-25,2019-07-23,S,sale,4800,208228.08,43.3809,1.0339,-9600,459452,0,unknown,,2,0,Common Stock,D,4,0001215181-19-000034,,https://www.sec.gov/Archives/edgar/data/936395/000121518119000034/edgardoc.xml
CIEN,936395,Gary B. Smith,1032553,2019-07-15,2019-07-12,S,sale,4800,212638.56,44.2997,1.0130,-9600,469052,,unknown,,2,0,Common Stock,D,4,0001032553-19-000027,,https://www.sec.gov/Archives/edgar/data/936395/000103255319000027/edgardoc.xml
CIEN,936395,Gary B. Smith,1032553,2019-07-15,2019-07-11,S,sale,4800,210336.48,43.8201,1.0130,-9600,469052,0,unknown,,2,0,Common Stock,D,4,0001032553-19-000027,,https://www.sec.gov/Archives/edgar/data/936395/000103255319000027/edgardoc.xml
CIEN,936395,Gary B. Smith,1032553,2019-06-27,2019-06-26,S,sale,4800,202067.04,42.0973,0.9929,-9600,478652,,unknown,,2,0,Common Stock,D,4,0001215181-19-000028,,https://www.sec.gov/Archives/edgar/data/936395/000121518119000028/edgardoc.xml
CIEN,936395,Gary B. Smith,1032553,2019-06-27,2019-06-25,S,sale,4800,204010.32,42.5022,0.9929,-9600,478652,0,unknown,,2,0,Common Stock,D,4,0001215181-19-000028,,https://www.sec.gov/Archives/edgar/data/936395/000121518119000028/edgardoc.xml
CIEN,936395,Gary B. Smith,1032553,2019-06-12,2019-06-11,S,sale,4800,212637.60,44.2995,0.9506,-9600,500133,,unknown,,2,0,Common Stock,D,4,0001032553-19-000025,,https://www.sec.gov/Archives/edgar/data/936395/000103255319000025/edgardoc.xml
CIEN,936395,Gary B. Smith,1032553,2019-06-12,2019-06-10,S,sale,4800,213379.20,44.4540,0.9506,-9600,500133,0,unknown,,2,0,Common Stock,D,4,0001032553-19-000025,,https://www.sec.gov/Archives/edgar/data/936395/000103255319000025/edgardoc.xml
CIEN,936395,Gary B. Smith,1032553,2019-05-28,2019-05-24,S,sale,4800,169329.36,35.2769,0.9329,-9600,509733,,unknown,,2,0,Common Stock,D,4,0001032553-19-000023,,https://www.sec.gov/Archives/edgar/data/936395/000103255319000023/edgardoc.xml
CIEN,936395,Gary B. Smith,1032553,2019-05-28,2019-05-23,S,sale,4800,168168.72,35.0352,0.9329,-9600,509733,0,unknown,,2,0,Common Stock,D,4,0001032553-19-000023,,https://www.sec.gov/Archives/edgar/data/936395/000103255319000023/edgardoc.xml
CIEN,936395,Gary B. Smith,1032553,2019-05-15,2019-05-14,S,sale,4800,160178.40,33.3705,0.9158,-9600,519333,,unknown,,2,0,Common Stock,D,4,0001285617-19-000016,,https://www.sec.gov/Archives/edgar/data/936395/000128561719000016/edgardoc.xml
CIEN,936395,Gary B. Smith,1032553,2019-05-15,2019-05-13,S,sale,4800,160584.24,33.4550,0.9158,-9600,519333,0,unknown,,2,0,Common Stock,D,4,0001285617-19-000016,,https://www.sec.gov/Archives/edgar/data/936395/000128561719000016/edgardoc.xml
CIEN,936395,Gary B. Smith,1032553,2019-05-06,2019-05-03,S,sale,4800,185521.68,38.6503,0.8993,-9600,528933,,unknown,,2,0,Common Stock,D,4,0001032553-19-000021,,https://www.sec.gov/Archives/edgar/data/936395/000103255319000021/edgardoc.xml
CIEN,936395,Gary B. Smith,1032553,2019-05-06,2019-05-02,S,sale,4800,186123.12,38.7756,0.8993,-9600,528933,0,unknown,,2,0,Common Stock,D,4,0001032553-19-000021,,https://www.sec.gov/Archives/edgar/data/936395/000103255319000021/edgardoc.xml
CIEN,936395,Gary B. Smith,1032553,2019-04-26,2019-04-25,S,sale,4800,187785.36,39.1220,0.8834,-9600,538533,,unknown,,2,0,Common Stock,D,4,0001032553-19-000019,,https://www.sec.gov/Archives/edgar/data/936395/000103255319000019/edgardoc.xml
CIEN,936395,Gary B. Smith,1032553,2019-04-26,2019-04-24,S,sale,4800,192713.04,40.1486,0.8834,-9600,538533,0,unknown,,2,0,Common Stock,D,4,0001032553-19-000019,,https://www.sec.gov/Archives/edgar/data/936395/000103255319000019/edgardoc.xml
CIEN,936395,Gary B. Smith,1032553,2019-04-10,2019-04-09,S,sale,4800,178844.16,37.2592,0.8681,-9600,548133,,unknown,,2,0,Common Stock,D,4,0001032553-19-000017,,https://www.sec.gov/Archives/edgar/data/936395/000103255319000017/edgardoc.xml
CIEN,936395,Gary B. Smith,1032553,2019-04-10,2019-04-08,S,sale,4800,178382.16,37.1630,0.8681,-9600,548133,0,unknown,,2,0,Common Stock,D,4,0001032553-19-000017,,https://www.sec.gov/Archives/edgar/data/936395/000103255319000017/edgardoc.xml
CIEN,936395,Gary B. Smith,1032553,2019-03-27,2019-03-26,S,sale,4800,179674.56,37.4322,0.8533,-9600,557733,,unknown,,2,0,Common Stock,D,4,0001032553-19-000015,,https://www.sec.gov/Archives/edgar/data/936395/000103255319000015/edgardoc.xml
CIEN,936395,Gary B. Smith,1032553,2019-03-27,2019-03-25,S,sale,4800,177882.48,37.0588,0.8533,-9600,557733,0,unknown,,2,0,Common Stock,D,4,0001032553-19-000015,,https://www.sec.gov/Archives/edgar/data/936395/000103255319000015/edgardoc.xml
CIEN,936395,Gary B. Smith,1032553,2019-03-18,2019-03-15,S,sale,4800,189944.40,39.5718,0.8219,-9600,579214,,unknown,,2,0,Common Stock,D,4,0001032553-19-000011,,https://www.sec.gov/Archives/edgar/data/936395/000103255319000011/edgardoc.xml
CIEN,936395,Gary B. Smith,1032553,2019-03-18,2019-03-14,S,sale,4800,189172.32,39.4109,0.8219,-9600,579214,0,unknown,,2,0,Common Stock,D,4,0001032553-19-000011,,https://www.sec.gov/Archives/edgar/data/936395/000103255319000011/edgardoc.xml
CIEN,936395,Gary B. Smith,1032553,2019-02-21,2019-02-20,S,sale,4800,202702.08,42.2296,0.8086,-9600,588814,,unknown,,2,0,Common Stock,D,4,0001032553-19-000008,,https://www.sec.gov/Archives/edgar/data/936395/000103255319000008/edgardoc.xml
CIEN,936395,Gary B. Smith,1032553,2019-02-21,2019-02-19,S,sale,4800,201907.68,42.0641,0.8086,-9600,588814,0,unknown,,2,0,Common Stock,D,4,0001032553-19-000008,,https://www.sec.gov/Archives/edgar/data/936395/000103255319000008/edgardoc.xml
CIEN,936395,Gary B. Smith,1032553,2019-02-11,2019-02-08,S,sale,4800,180766.80,37.6598,0.7957,-9600,598414,,unknown,,2,0,Common Stock,D,4,0001032553-19-000006,,https://www.sec.gov/Archives/edgar/data/936395/000103255319000006/edgardoc.xml
CIEN,936395,Gary B. Smith,1032553,2019-02-11,2019-02-07,S,sale,4800,179454.72,37.3864,0.7957,-9600,598414,0,unknown,,2,0,Common Stock,D,4,0001032553-19-000006,,https://www.sec.gov/Archives/edgar/data/936395/000103255319000006/edgardoc.xml
CIEN,936395,Gary B. Smith,1032553,2019-01-25,2019-01-24,S,sale,4800,188156.88,39.1994,0.7833,-9600,608014,,unknown,,2,0,Common Stock,D,4,0001032553-19-000004,,https://www.sec.gov/Archives/edgar/data/936395/000103255319000004/edgardoc.xml
CIEN,936395,Gary B. Smith,1032553,2019-01-25,2019-01-23,S,sale,4800,183675.84,38.2658,0.7833,-9600,608014,0,unknown,,2,0,Common Stock,D,4,0001032553-19-000004,,https://www.sec.gov/Archives/edgar/data/936395/000103255319000004/edgardoc.xml
CIEN,936395,Gary B. Smith,1032553,2019-01-14,2019-01-11,S,sale,4800,176832.96,36.8402,0.7712,-9600,617614,,unknown,,2,0,Common Stock,D,4,0001032553-19-000002,,https://www.sec.gov/Archives/edgar/data/936395/000103255319000002/edgardoc.xml
CIEN,936395,Gary B. Smith,1032553,2019-01-14,2019-01-10,S,sale,4800,176650.08,36.8021,0.7712,-9600,617614,0,unknown,,2,0,Common Stock,D,4,0001032553-19-000002,,https://www.sec.gov/Archives/edgar/data/936395/000103255319000002/edgardoc.xml
CIEN,936395,Gary B. Smith,1032553,2018-12-31,2018-12-28,S,sale,4800,158047.44,32.9265,0.7595,-9600,627214,,unknown,,2,0,Common Stock,D,4,0001032553-18-000047,,https://www.sec.gov/Archives/edgar/data/936395/000103255318000047/edgardoc.xml
CIEN,936395,Gary B. Smith,1032553,2018-12-31,2018-12-27,S,sale,4800,152300.16,31.7292,0.7595,-9600,627214,0,unknown,,2,0,Common Stock,D,4,0001032553-18-000047,,https://www.sec.gov/Archives/edgar/data/936395/000103255318000047/edgardoc.xml
CIEN,936395,Gary B. Smith,1032553,2018-12-03,2018-11-30,S,sale,4800,155651.04,32.4273,0.9390,-9600,506358,,unknown,,2,0,Common Stock,D,4,0001032553-18-000045,,https://www.sec.gov/Archives/edgar/data/936395/000103255318000045/edgardoc.xml
CIEN,936395,Gary B. Smith,1032553,2018-12-03,2018-11-29,S,sale,4800,156096.24,32.5200,0.9390,-9600,506358,0,unknown,,2,0,Common Stock,D,4,0001032553-18-000045,,https://www.sec.gov/Archives/edgar/data/936395/000103255318000045/edgardoc.xml
CIEN,936395,Gary B. Smith,1032553,2018-11-15,2018-11-14,S,sale,4800,158217.12,32.9619,0.9217,-9600,515958,,unknown,,2,0,Common Stock,D,4,0001032553-18-000041,,https://www.sec.gov/Archives/edgar/data/936395/000103255318000041/edgardoc.xml
CIEN,936395,Gary B. Smith,1032553,2018-11-15,2018-11-13,S,sale,4800,156072.48,32.5151,0.9217,-9600,515958,0,unknown,,2,0,Common Stock,D,4,0001032553-18-000041,,https://www.sec.gov/Archives/edgar/data/936395/000103255318000041/edgardoc.xml
CIEN,936395,Gary B. Smith,1032553,2018-11-05,2018-11-02,S,sale,4800,152496.48,31.7701,0.9050,-9600,525558,,unknown,,2,0,Common Stock,D,4,0001742169-18-000004,,https://www.sec.gov/Archives/edgar/data/936395/000174216918000004/edgardoc.xml
CIEN,936395,Gary B. Smith,1032553,2018-11-05,2018-11-01,S,sale,4800,151315.92,31.5242,0.9050,-9600,525558,0,unknown,,2,0,Common Stock,D,4,0001742169-18-000004,,https://www.sec.gov/Archives/edgar/data/936395/000174216918000004/edgardoc.xml
CIEN,936395,Gary B. Smith,1032553,2018-10-22,2018-10-19,S,sale,4800,148311.12,30.8981,0.8890,-9600,535158,,unknown,,2,0,Common Stock,D,4,0001032553-18-000039,,https://www.sec.gov/Archives/edgar/data/936395/000103255318000039/edgardoc.xml
CIEN,936395,Gary B. Smith,1032553,2018-10-22,2018-10-18,S,sale,4800,149307.36,31.1057,0.8890,-9600,535158,0,unknown,,2,0,Common Stock,D,4,0001032553-18-000039,,https://www.sec.gov/Archives/edgar/data/936395/000103255318000039/edgardoc.xml
CIEN,936395,Gary B. Smith,1032553,2018-10-05,2018-10-04,S,sale,4800,143520.96,29.9002,0.8734,-9600,544758,,unknown,,2,0,Common Stock,D,4,0001032553-18-000037,,https://www.sec.gov/Archives/edgar/data/936395/000103255318000037/edgardoc.xml
CIEN,936395,Gary B. Smith,1032553,2018-10-05,2018-10-03,S,sale,4800,144864.00,30.1800,0.8734,-9600,544758,0,unknown,,2,0,Common Stock,D,4,0001032553-18-000037,,https://www.sec.gov/Archives/edgar/data/936395/000103255318000037/edgardoc.xml
CIEN,936395,Gary B. Smith,1032553,2018-09-20,2018-09-19,S,sale,4800,146260.56,30.4709,0.8391,-9600,567227,,unknown,,2,0,Common Stock,D,4,0001032553-18-000033,,https://www.sec.gov/Archives/edgar/data/936395/000103255318000033/edgardoc.xml
CIEN,936395,Gary B. Smith,1032553,2018-09-20,2018-09-18,S,sale,4800,147195.36,30.6657,0.8391,-9600,567227,0,unknown,,2,0,Common Stock,D,4,0001032553-18-000033,,https://www.sec.gov/Archives/edgar/data/936395/000103255318000033/edgardoc.xml
CIEN,936395,Gary B. Smith,1032553,2018-09-10,2018-09-07,S,sale,4800,149309.52,31.1061,0.8253,-9600,576827,,unknown,,2,0,Common Stock,D,4,0001032553-18-000030,,https://www.sec.gov/Archives/edgar/data/936395/000103255318000030/edgardoc.xml
CIEN,936395,Gary B. Smith,1032553,2018-09-10,2018-09-06,S,sale,4800,149604.96,31.1677,0.8253,-9600,576827,0,unknown,,2,0,Common Stock,D,4,0001032553-18-000030,,https://www.sec.gov/Archives/edgar/data/936395/000103255318000030/edgardoc.xml
CIEN,936395,Gary B. Smith,1032553,2018-08-23,2018-08-22,S,sale,4800,130501.92,27.1879,0.8119,-9600,586427,,unknown,,2,0,Common Stock,D,4,0001032553-18-000028,,https://www.sec.gov/Archives/edgar/data/936395/000103255318000028/edgardoc.xml
CIEN,936395,Gary B. Smith,1032553,2018-08-23,2018-08-21,S,sale,4800,130298.64,27.1456,0.8119,-9600,586427,0,unknown,,2,0,Common Stock,D,4,0001032553-18-000028,,https://www.sec.gov/Archives/edgar/data/936395/000103255318000028/edgardoc.xml
CIEN,936395,Gary B. Smith,1032553,2018-07-13,2018-07-12,S,sale,4000,109784.60,27.4462,0.6666,-8000,596027,,unknown,,2,0,Common Stock,D,4,0001032553-18-000026,,https://www.sec.gov/Archives/edgar/data/936395/000103255318000026/edgardoc.xml
CIEN,936395,Gary B. Smith,1032553,2018-07-13,2018-07-11,S,sale,4000,108592.00,27.1480,0.6666,-8000,596027,0,unknown,,1,0,Common Stock,D,4,0001032553-18-000026,,https://www.sec.gov/Archives/edgar/data/936395/000103255318000026/edgardoc.xml
CIEN,936395,Gary B. Smith,1032553,2018-06-29,2018-06-28,S,sale,4000,103487.00,25.8717,0.6579,-8000,604027,,unknown,,2,0,Common Stock,D,4,0001032553-18-000024,,https://www.sec.gov/Archives/edgar/data/936395/000103255318000024/edgardoc.xml
CIEN,936395,Gary B. Smith,1032553,2018-06-29,2018-06-27,S,sale,4000,103218.20,25.8045,0.6579,-8000,604027,0,unknown,,2,0,Common Stock,D,4,0001032553-18-000024,,https://www.sec.gov/Archives/edgar/data/936395/000103255318000024/edgardoc.xml
CIEN,936395,Gary B. Smith,1032553,2018-06-22,2018-06-21,S,sale,12948,330821.40,25.5500,2.0718,-12948,612027,0,unknown,,4,0,Common Stock,D,4,0001177261-18-000054,,https://www.sec.gov/Archives/edgar/data/936395/000117726118000054/edgardoc.xml
CIEN,936395,Gary B. Smith,1032553,2018-06-13,2018-06-12,S,sale,4000,99058.20,24.7645,0.6360,-8000,624975,,unknown,,2,0,Common Stock,D,4,0001032553-18-000022,,https://www.sec.gov/Archives/edgar/data/936395/000103255318000022/edgardoc.xml
CIEN,936395,Gary B. Smith,1032553,2018-06-13,2018-06-11,S,sale,4000,97686.60,24.4217,0.6360,-8000,624975,0,unknown,,2,0,Common Stock,D,4,0001032553-18-000022,,https://www.sec.gov/Archives/edgar/data/936395/000103255318000022/edgardoc.xml
CIEN,936395,Gary B. Smith,1032553,2018-05-25,2018-05-24,S,sale,4000,98830.60,24.7077,0.6280,-8000,632975,,unknown,,2,0,Common Stock,D,4,0001215181-18-000036,,https://www.sec.gov/Archives/edgar/data/936395/000121518118000036/edgardoc.xml
CIEN,936395,Gary B. Smith,1032553,2018-05-25,2018-05-23,S,sale,4000,98085.20,24.5213,0.6280,-8000,632975,0,unknown,,2,0,Common Stock,D,4,0001215181-18-000036,,https://www.sec.gov/Archives/edgar/data/936395/000121518118000036/edgardoc.xml
CIEN,936395,Gary B. Smith,1032553,2018-05-10,2018-05-09,S,sale,4000,107128.60,26.7822,0.6202,-8000,640975,,unknown,,2,0,Common Stock,D,4,0001032553-18-000020,,https://www.sec.gov/Archives/edgar/data/936395/000103255318000020/edgardoc.xml
CIEN,936395,Gary B. Smith,1032553,2018-05-10,2018-05-08,S,sale,4000,106939.60,26.7349,0.6202,-8000,640975,0,unknown,,2,0,Common Stock,D,4,0001032553-18-000020,,https://www.sec.gov/Archives/edgar/data/936395/000103255318000020/edgardoc.xml
CIEN,936395,Gary B. Smith,1032553,2018-04-30,2018-04-27,S,sale,4000,104191.60,26.0479,0.6126,-8000,648975,,unknown,,2,0,Common Stock,D,4,0001032553-18-000018,,https://www.sec.gov/Archives/edgar/data/936395/000103255318000018/edgardoc.xml
CIEN,936395,Gary B. Smith,1032553,2018-04-30,2018-04-26,S,sale,4000,102399.60,25.5999,0.6126,-8000,648975,0,unknown,,2,0,Common Stock,D,4,0001032553-18-000018,,https://www.sec.gov/Archives/edgar/data/936395/000103255318000018/edgardoc.xml
CIEN,936395,Gary B. Smith,1032553,2018-04-12,2018-04-11,S,sale,4000,103510.60,25.8777,0.6052,-8000,656975,,unknown,,2,0,Common Stock,D,4,0001032553-18-000016,,https://www.sec.gov/Archives/edgar/data/936395/000103255318000016/edgardoc.xml
CIEN,936395,Gary B. Smith,1032553,2018-04-12,2018-04-10,S,sale,4000,102311.60,25.5779,0.6052,-8000,656975,0,unknown,,2,0,Common Stock,D,4,0001032553-18-000016,,https://www.sec.gov/Archives/edgar/data/936395/000103255318000016/edgardoc.xml
CIEN,936395,Gary B. Smith,1032553,2018-03-29,2018-03-28,S,sale,4000,101662.60,25.4157,0.5979,-8000,664975,,unknown,,2,0,Common Stock,D,4,0001032553-18-000014,,https://www.sec.gov/Archives/edgar/data/936395/000103255318000014/edgardoc.xml
CIEN,936395,Gary B. Smith,1032553,2018-03-29,2018-03-27,S,sale,4000,104672.60,26.1682,0.5979,-8000,664975,0,unknown,,2,0,Common Stock,D,4,0001032553-18-000014,,https://www.sec.gov/Archives/edgar/data/936395/000103255318000014/edgardoc.xml
CIEN,936395,Gary B. Smith,1032553,2018-03-23,2018-03-21,S,sale,12948,344157.84,26.5800,1.8877,-12948,672975,0,unknown,,4,0,Common Stock,D,4,0001177261-18-000019,,https://www.sec.gov/Archives/edgar/data/936395/000117726118000019/edgardoc.xml
CIEN,936395,Gary B. Smith,1032553,2018-03-16,2018-03-15,S,sale,4000,108653.20,27.1633,0.5798,-8000,685923,,unknown,,2,0,Common Stock,D,4,0001032553-18-000012,,https://www.sec.gov/Archives/edgar/data/936395/000103255318000012/edgardoc.xml
CIEN,936395,Gary B. Smith,1032553,2018-03-16,2018-03-14,S,sale,4000,108594.20,27.1486,0.5798,-8000,685923,0,unknown,,2,0,Common Stock,D,4,0001032553-18-000012,,https://www.sec.gov/Archives/edgar/data/936395/000103255318000012/edgardoc.xml
CIEN,936395,Gary B. Smith,1032553,2018-02-23,2018-02-22,S,sale,4000,92451.60,23.1129,0.5731,-8000,693923,,unknown,,2,0,Common Stock,D,4,0001032553-18-000010,,https://www.sec.gov/Archives/edgar/data/936395/000103255318000010/edgardoc.xml
CIEN,936395,Gary B. Smith,1032553,2018-02-23,2018-02-21,S,sale,4000,93358.60,23.3397,0.5731,-8000,693923,0,unknown,,2,0,Common Stock,D,4,0001032553-18-000010,,https://www.sec.gov/Archives/edgar/data/936395/000103255318000010/edgardoc.xml
CIEN,936395,Gary B. Smith,1032553,2018-02-12,2018-02-09,S,sale,4000,88896.60,22.2242,0.5666,-8000,701923,,unknown,,2,0,Common Stock,D,4,0001032553-18-000006,,https://www.sec.gov/Archives/edgar/data/936395/000103255318000006/edgardoc.xml
CIEN,936395,Gary B. Smith,1032553,2018-02-12,2018-02-08,S,sale,4000,90775.60,22.6939,0.5666,-8000,701923,0,unknown,,2,0,Common Stock,D,4,0001032553-18-000006,,https://www.sec.gov/Archives/edgar/data/936395/000103255318000006/edgardoc.xml
CIEN,936395,Gary B. Smith,1032553,2018-01-25,2018-01-24,S,sale,4000,86402.20,21.6005,0.5603,-8000,709923,,unknown,,2,0,Common Stock,D,4,0001032553-18-000004,,https://www.sec.gov/Archives/edgar/data/936395/000103255318000004/edgardoc.xml
CIEN,936395,Gary B. Smith,1032553,2018-01-25,2018-01-23,S,sale,4000,88374.00,22.0935,0.5603,-8000,709923,0,unknown,,2,0,Common Stock,D,4,0001032553-18-000004,,https://www.sec.gov/Archives/edgar/data/936395/000103255318000004/edgardoc.xml
CIEN,936395,Gary B. Smith,1032553,2018-01-16,2018-01-12,S,sale,4000,87613.60,21.9034,0.5541,-8000,717923,,unknown,,2,0,Common Stock,D,4,0001032553-18-000002,,https://www.sec.gov/Archives/edgar/data/936395/000103255318000002/edgardoc.xml
CIEN,936395,Gary B. Smith,1032553,2018-01-16,2018-01-11,S,sale,4000,87289.60,21.8224,0.5541,-8000,717923,0,unknown,,2,0,Common Stock,D,4,0001032553-18-000002,,https://www.sec.gov/Archives/edgar/data/936395/000103255318000002/edgardoc.xml
CIEN,936395,Gary B. Smith,1032553,2017-12-29,2017-12-28,S,sale,4000,85128.60,21.2822,0.5480,-8000,725923,,unknown,,2,0,Common Stock,D,4,0001032553-17-000035,,https://www.sec.gov/Archives/edgar/data/936395/000103255317000035/edgardoc.xml
CIEN,936395,Gary B. Smith,1032553,2017-12-29,2017-12-27,S,sale,4000,86647.20,21.6618,0.5480,-8000,725923,0,unknown,,2,0,Common Stock,D,4,0001032553-17-000035,,https://www.sec.gov/Archives/edgar/data/936395/000103255317000035/edgardoc.xml
CIEN,936395,Gary B. Smith,1032553,2017-12-26,2017-12-21,S,sale,113735,2413456.70,21.2200,13.4176,-113735,733923,0,unknown,,10,0,Common Stock,D,4,0001275606-17-000028,,https://www.sec.gov/Archives/edgar/data/936395/000127560617000028/edgardoc.xml
CIEN,936395,Gary B. Smith,1032553,2017-12-18,2017-12-15,S,sale,4000,85700.60,21.4252,0.4697,-8000,847658,,unknown,,2,0,Common Stock,D,4,0001032553-17-000033,,https://www.sec.gov/Archives/edgar/data/936395/000103255317000033/edgardoc.xml
CIEN,936395,Gary B. Smith,1032553,2017-12-18,2017-12-14,S,sale,4000,85361.20,21.3403,0.4697,-8000,847658,0,unknown,,2,0,Common Stock,D,4,0001032553-17-000033,,https://www.sec.gov/Archives/edgar/data/936395/000103255317000033/edgardoc.xml
CIEN,936395,Gary B. Smith,1032553,2017-11-22,2017-11-21,S,sale,4000,82413.20,20.6033,0.6581,-10000,603840,,unknown,,2,0,Common Stock,D,4,0001032553-17-000031,,https://www.sec.gov/Archives/edgar/data/936395/000103255317000031/edgardoc.xml
CIEN,936395,Gary B. Smith,1032553,2017-11-22,2017-11-20,S,sale,6000,123098.00,20.5163,0.9839,-10000,603840,0,unknown,,2,0,Common Stock,D,4,0001032553-17-000031,,https://www.sec.gov/Archives/edgar/data/936395/000103255317000031/edgardoc.xml
CIEN,936395,Gary B. Smith,1032553,2017-11-13,2017-11-09,S,sale,2000,39470.00,19.7350,0.3248,-6000,613840,,unknown,,1,0,Common Stock,D,4,0001032553-17-000029,,https://www.sec.gov/Archives/edgar/data/936395/000103255317000029/edgardoc.xml
CIEN,936395,Gary B. Smith,1032553,2017-11-13,2017-11-08,S,sale,4000,81091.60,20.2729,0.6474,-6000,613840,0,unknown,,2,0,Common Stock,D,4,0001032553-17-000029,,https://www.sec.gov/Archives/edgar/data/936395/000103255317000029/edgardoc.xml
CIEN,936395,Gary B. Smith,1032553,2017-10-25,2017-10-24,S,sale,4000,89002.00,22.2505,0.6412,-8000,619840,,unknown,,2,0,Common Stock,D,4,0001032553-17-000027,,https://www.sec.gov/Archives/edgar/data/936395/000103255317000027/edgardoc.xml
CIEN,936395,Gary B. Smith,1032553,2017-10-25,2017-10-23,S,sale,4000,87978.80,21.9947,0.6412,-8000,619840,0,unknown,,2,0,Common Stock,D,4,0001032553-17-000027,,https://www.sec.gov/Archives/edgar/data/936395/000103255317000027/edgardoc.xml
CIEN,936395,Gary B. Smith,1032553,2017-10-13,2017-10-12,S,sale,4000,87341.20,21.8353,0.6331,-8000,627840,,unknown,,2,0,Common Stock,D,4,0001032553-17-000025,,https://www.sec.gov/Archives/edgar/data/936395/000103255317000025/edgardoc.xml
CIEN,936395,Gary B. Smith,1032553,2017-10-13,2017-10-11,S,sale,4000,86565.00,21.6412,0.6331,-8000,627840,0,unknown,,2,0,Common Stock,D,4,0001032553-17-000025,,https://www.sec.gov/Archives/edgar/data/936395/000103255317000025/edgardoc.xml
CIEN,936395,Gary B. Smith,1032553,2017-09-29,2017-09-28,S,sale,4000,88245.00,22.0613,0.6252,-8000,635840,,unknown,,2,0,Common Stock,D,4,0001032553-17-000023,,https://www.sec.gov/Archives/edgar/data/936395/000103255317000023/edgardoc.xml
CIEN,936395,Gary B. Smith,1032553,2017-09-29,2017-09-27,S,sale,4000,87978.60,21.9947,0.6252,-8000,635840,0,unknown,,2,0,Common Stock,D,4,0001032553-17-000023,,https://www.sec.gov/Archives/edgar/data/936395/000103255317000023/edgardoc.xml
CIEN,936395,Gary B. Smith,1032553,2017-09-22,2017-09-21,S,sale,12634,268472.50,21.2500,1.9245,-12634,643840,0,unknown,,4,0,Common Stock,D,4,0001215181-17-000041,,https://www.sec.gov/Archives/edgar/data/936395/000121518117000041/edgardoc.xml
CIEN,936395,Gary B. Smith,1032553,2017-09-14,2017-09-13,S,sale,4000,84058.60,21.0147,0.6056,-8000,656474,,unknown,,2,0,Common Stock,D,4,0001032553-17-000021,,https://www.sec.gov/Archives/edgar/data/936395/000103255317000021/edgardoc.xml
CIEN,936395,Gary B. Smith,1032553,2017-09-14,2017-09-12,S,sale,4000,87980.20,21.9951,0.6056,-8000,656474,0,unknown,,2,0,Common Stock,D,4,0001032553-17-000021,,https://www.sec.gov/Archives/edgar/data/936395/000103255317000021/edgardoc.xml
CIEN,936395,Gary B. Smith,1032553,2017-08-23,2017-08-22,S,sale,4000,93366.00,23.3415,0.5984,-8000,664474,,unknown,,1,0,Common Stock,D,4,0001032553-17-000019,,https://www.sec.gov/Archives/edgar/data/936395/000103255317000019/edgardoc.xml
CIEN,936395,Gary B. Smith,1032553,2017-08-23,2017-08-21,S,sale,4000,92759.60,23.1899,0.5984,-8000,664474,0,unknown,,1,0,Common Stock,D,4,0001032553-17-000019,,https://www.sec.gov/Archives/edgar/data/936395/000103255317000019/edgardoc.xml
CIEN,936395,Gary B. Smith,1032553,2017-08-14,2017-08-11,S,sale,4000,96345.20,24.0863,0.5913,-8000,672474,,unknown,,1,0,Common Stock,D,4,0001032553-17-000017,,https://www.sec.gov/Archives/edgar/data/936395/000103255317000017/edgardoc.xml
CIEN,936395,Gary B. Smith,1032553,2017-08-14,2017-08-10,S,sale,4000,97283.20,24.3208,0.5913,-8000,672474,0,unknown,,1,0,Common Stock,D,4,0001032553-17-000017,,https://www.sec.gov/Archives/edgar/data/936395/000103255317000017/edgardoc.xml
CIEN,936395,Gary B. Smith,1032553,2017-07-28,2017-07-27,S,sale,4000,103522.00,25.8805,0.5844,-8000,680474,,unknown,,1,0,Common Stock,D,4,0001032553-17-000015,,https://www.sec.gov/Archives/edgar/data/936395/000103255317000015/edgardoc.xml
CIEN,936395,Gary B. Smith,1032553,2017-07-28,2017-07-26,S,sale,4000,105006.00,26.2515,0.5844,-8000,680474,0,unknown,,1,0,Common Stock,D,4,0001032553-17-000015,,https://www.sec.gov/Archives/edgar/data/936395/000103255317000015/edgardoc.xml
CIEN,936395,Gary B. Smith,1032553,2017-07-12,2017-07-11,S,sale,4000,103628.00,25.9070,0.5776,-8000,688474,,unknown,,1,0,Common Stock,D,4,0001215181-17-000025,,https://www.sec.gov/Archives/edgar/data/936395/000121518117000025/edgardoc.xml
CIEN,936395,Gary B. Smith,1032553,2017-07-12,2017-07-10,S,sale,4000,103360.00,25.8400,0.5776,-8000,688474,0,unknown,,1,0,Common Stock,D,4,0001215181-17-000025,,https://www.sec.gov/Archives/edgar/data/936395/000121518117000025/edgardoc.xml
CIEN,936395,Gary B. Smith,1032553,2017-06-23,2017-06-21,S,sale,12558,317842.01,25.3099,1.7711,-12558,696474,0,unknown,,4,0,Common Stock,D,4,0001177261-17-000033,,https://www.sec.gov/Archives/edgar/data/936395/000117726117000033/edgardoc.xml
CIEN,936395,Gary B. Smith,1032553,2017-05-05,2017-05-04,S,sale,4000,90560.00,22.6400,0.5610,-8000,709032,,unknown,,1,0,Common Stock,D,4,0001215181-17-000014,,https://www.sec.gov/Archives/edgar/data/936395/000121518117000014/edgardoc.xml
CIEN,936395,Gary B. Smith,1032553,2017-05-05,2017-05-03,S,sale,4000,90360.00,22.5900,0.5610,-8000,709032,0,unknown,,1,0,Common Stock,D,4,0001215181-17-000014,,https://www.sec.gov/Archives/edgar/data/936395/000121518117000014/edgardoc.xml
CIEN,936395,Gary B. Smith,1032553,2017-04-21,2017-04-20,S,sale,4000,87600.00,21.9000,0.5548,-8000,717032,,unknown,,1,0,Common Stock,D,4,0001032553-17-000013,,https://www.sec.gov/Archives/edgar/data/936395/000103255317000013/edgardoc.xml
CIEN,936395,Gary B. Smith,1032553,2017-04-21,2017-04-19,S,sale,4000,87520.00,21.8800,0.5548,-8000,717032,0,unknown,,1,0,Common Stock,D,4,0001032553-17-000013,,https://www.sec.gov/Archives/edgar/data/936395/000103255317000013/edgardoc.xml
CIEN,936395,Gary B. Smith,1032553,2017-04-07,2017-04-06,S,sale,4000,88880.00,22.2200,0.5487,-8000,725032,,unknown,,1,0,Common Stock,D,4,0001032553-17-000010,,https://www.sec.gov/Archives/edgar/data/936395/000103255317000010/edgardoc.xml
CIEN,936395,Gary B. Smith,1032553,2017-04-07,2017-04-05,S,sale,4000,89640.00,22.4100,0.5487,-8000,725032,0,unknown,,1,0,Common Stock,D,4,0001032553-17-000010,,https://www.sec.gov/Archives/edgar/data/936395/000103255317000010/edgardoc.xml
CIEN,936395,Gary B. Smith,1032553,2017-03-22,2017-03-21,S,sale,4000,94813.60,23.7034,0.5427,-12547,733032,0,unknown,,1,0,Common Stock,D,4,0001032553-17-000009,,https://www.sec.gov/Archives/edgar/data/936395/000103255317000009/edgardoc.xml
CIEN,936395,Gary B. Smith,1032553,2017-03-22,2017-03-21,S,sale,12547,300500.65,23.9500,1.6829,-12547,733032,0,unknown,,4,0,Common Stock,D,4,0001177265-17-000009,,https://www.sec.gov/Archives/edgar/data/936395/000117726517000009/edgardoc.xml
CIEN,936395,Gary B. Smith,1032553,2017-03-22,2017-03-20,S,sale,4000,94700.40,23.6751,0.5336,-8000,745579,0,unknown,,1,0,Common Stock,D,4,0001032553-17-000009,,https://www.sec.gov/Archives/edgar/data/936395/000103255317000009/edgardoc.xml
CIEN,936395,Gary B. Smith,1032553,2017-02-24,2017-02-23,S,sale,4000,102151.20,25.5378,0.5280,-8000,753579,,unknown,,1,0,Common Stock,D,4,0001215181-17-000008,,https://www.sec.gov/Archives/edgar/data/936395/000121518117000008/edgardoc.xml
CIEN,936395,Gary B. Smith,1032553,2017-02-24,2017-02-22,S,sale,4000,103237.20,25.8093,0.5280,-8000,753579,0,unknown,,1,0,Common Stock,D,4,0001215181-17-000008,,https://www.sec.gov/Archives/edgar/data/936395/000121518117000008/edgardoc.xml
CIEN,936395,Gary B. Smith,1032553,2017-02-09,2017-02-07,S,sale,4000,96561.60,24.1404,0.5225,-8000,761579,,unknown,,1,0,Common Stock,D,4,0001032553-17-000007,,https://www.sec.gov/Archives/edgar/data/936395/000103255317000007/edgardoc.xml
CIEN,936395,Gary B. Smith,1032553,2017-02-09,2017-02-06,S,sale,4000,96701.60,24.1754,0.5225,-8000,761579,0,unknown,,1,0,Common Stock,D,4,0001032553-17-000007,,https://www.sec.gov/Archives/edgar/data/936395/000103255317000007/edgardoc.xml
CIEN,936395,Gary B. Smith,1032553,2017-01-30,2017-01-27,S,sale,4000,98565.20,24.6413,0.5171,-8000,769579,,unknown,,1,0,Common Stock,D,4,0001032553-17-000006,,https://www.sec.gov/Archives/edgar/data/936395/000103255317000006/edgardoc.xml
CIEN,936395,Gary B. Smith,1032553,2017-01-30,2017-01-26,S,sale,4000,99198.00,24.7995,0.5171,-8000,769579,0,unknown,,1,0,Common Stock,D,4,0001032553-17-000006,,https://www.sec.gov/Archives/edgar/data/936395/000103255317000006/edgardoc.xml
CIEN,936395,Gary B. Smith,1032553,2017-01-17,2017-01-13,S,sale,4000,98651.20,24.6628,0.5118,-8000,777579,,unknown,,1,0,Common Stock,D,4,0001032553-17-000004,,https://www.sec.gov/Archives/edgar/data/936395/000103255317000004/edgardoc.xml
CIEN,936395,Gary B. Smith,1032553,2017-01-17,2017-01-12,S,sale,4000,95978.00,23.9945,0.5118,-8000,777579,0,unknown,,1,0,Common Stock,D,4,0001032553-17-000004,,https://www.sec.gov/Archives/edgar/data/936395/000103255317000004/edgardoc.xml
CIEN,936395,Gary B. Smith,1032553,2017-01-03,2016-12-30,S,sale,4000,97472.40,24.3681,0.5066,-8000,785579,,unknown,,1,0,Common Stock,D,4,0001032553-17-000002,,https://www.sec.gov/Archives/edgar/data/936395/000103255317000002/edgardoc.xml
CIEN,936395,Gary B. Smith,1032553,2017-01-03,2016-12-29,S,sale,4000,97663.20,24.4158,0.5066,-8000,785579,0,unknown,,1,0,Common Stock,D,4,0001032553-17-000002,,https://www.sec.gov/Archives/edgar/data/936395/000103255317000002/edgardoc.xml
CIEN,936395,Gary B. Smith,1032553,2016-12-23,2016-12-21,S,sale,114318,2820225.06,24.6700,12.5915,-114318,793579,0,unknown,,10,0,Common Stock,D,4,0001177269-16-000023,,https://www.sec.gov/Archives/edgar/data/936395/000117726916000023/edgardoc.xml
CIEN,936395,Gary B. Smith,1032553,2016-12-16,2016-12-15,S,sale,4000,96056.00,24.0140,0.4386,233373,907897,,unknown,,1,0,Common Stock,D,4,0001301541-16-000018,,https://www.sec.gov/Archives/edgar/data/936395/000130154116000018/edgardoc.xml
CIEN,936395,Gary B. Smith,1032553,2016-12-16,2016-12-14,S,sale,4000,95482.80,23.8707,0.4386,233373,907897,0,unknown,,1,0,Common Stock,D,4,0001301541-16-000018,,https://www.sec.gov/Archives/edgar/data/936395/000130154116000018/edgardoc.xml
CIEN,936395,Gary B. Smith,1032553,2016-11-30,2016-11-29,S,sale,4000,87196.00,21.7990,0.5895,-8000,674524,,unknown,,1,0,Common Stock,D,4,0001032553-16-000074,,https://www.sec.gov/Archives/edgar/data/936395/000103255316000074/edgardoc.xml
CIEN,936395,Gary B. Smith,1032553,2016-11-30,2016-11-28,S,sale,4000,86206.40,21.5516,0.5895,-8000,674524,0,unknown,,1,0,Common Stock,D,4,0001032553-16-000074,,https://www.sec.gov/Archives/edgar/data/936395/000103255316000074/edgardoc.xml
CIEN,936395,Gary B. Smith,1032553,2016-11-21,2016-11-18,S,sale,4000,87751.60,21.9379,0.5826,-8000,682524,,unknown,,1,0,Common Stock,D,4,0001032553-16-000070,,https://www.sec.gov/Archives/edgar/data/936395/000103255316000070/edgardoc.xml
CIEN,936395,Gary B. Smith,1032553,2016-11-21,2016-11-17,S,sale,4000,87770.00,21.9425,0.5826,-8000,682524,0,unknown,,1,0,Common Stock,D,4,0001032553-16-000070,,https://www.sec.gov/Archives/edgar/data/936395/000103255316000070/edgardoc.xml
CIEN,936395,Gary B. Smith,1032553,2016-11-04,2016-11-03,S,sale,4000,77054.00,19.2635,0.5759,-8000,690524,,unknown,,1,0,Common Stock,D,4,0001032553-16-000068,,https://www.sec.gov/Archives/edgar/data/936395/000103255316000068/edgardoc.xml
CIEN,936395,Gary B. Smith,1032553,2016-11-04,2016-11-02,S,sale,4000,77544.00,19.3860,0.5759,-8000,690524,0,unknown,,1,0,Common Stock,D,4,0001032553-16-000068,,https://www.sec.gov/Archives/edgar/data/936395/000103255316000068/edgardoc.xml
CIEN,936395,Gary B. Smith,1032553,2016-10-21,2016-10-20,S,sale,4000,80541.20,20.1353,0.5694,-8000,698524,,unknown,,1,0,Common Stock,D,4,0001032553-16-000066,,https://www.sec.gov/Archives/edgar/data/936395/000103255316000066/edgardoc.xml
CIEN,936395,Gary B. Smith,1032553,2016-10-21,2016-10-19,S,sale,4000,82253.60,20.5634,0.5694,-8000,698524,0,unknown,,1,0,Common Stock,D,4,0001032553-16-000066,,https://www.sec.gov/Archives/edgar/data/936395/000103255316000066/edgardoc.xml
CIEN,936395,Gary B. Smith,1032553,2016-10-06,2016-10-05,S,sale,4000,88430.00,22.1075,0.5630,-8000,706524,,unknown,,1,0,Common Stock,D,4,0001032553-16-000064,,https://www.sec.gov/Archives/edgar/data/936395/000103255316000064/edgardoc.xml
CIEN,936395,Gary B. Smith,1032553,2016-10-06,2016-10-04,S,sale,4000,85054.40,21.2636,0.5630,-8000,706524,0,unknown,,1,0,Common Stock,D,4,0001032553-16-000064,,https://www.sec.gov/Archives/edgar/data/936395/000103255316000064/edgardoc.xml
CIEN,936395,Gary B. Smith,1032553,2016-09-23,2016-09-21,S,sale,13360,286572.00,21.4500,,0,714524,13360,unknown,,4,0,Common Stock,D,4,0001177261-16-000186,,https://www.sec.gov/Archives/edgar/data/936395/000117726116000186/edgardoc.xml
CIEN,936395,Gary B. Smith,1032553,2016-09-22,2016-09-21,S,sale,4000,86863.20,21.7158,,0,714524,13360,unknown,,1,0,Common Stock,D,4,0001032553-16-000062,,https://www.sec.gov/Archives/edgar/data/936395/000103255316000062/edgardoc.xml
CIEN,936395,Gary B. Smith,1032553,2016-09-22,2016-09-20,S,sale,4000,86298.00,21.5745,,-21360,714524,-13360,unknown,,1,0,Common Stock,D,4,0001032553-16-000062,,https://www.sec.gov/Archives/edgar/data/936395/000103255316000062/edgardoc.xml
CIEN,936395,Gary B. Smith,1032553,2016-09-12,2016-09-09,S,sale,4000,87535.60,21.8839,0.5406,-8000,735884,,unknown,,1,0,Common Stock,D,4,0001032553-16-000058,,https://www.sec.gov/Archives/edgar/data/936395/000103255316000058/edgardoc.xml
CIEN,936395,Gary B. Smith,1032553,2016-09-12,2016-09-08,S,sale,4000,89248.00,22.3120,0.5406,-8000,735884,0,unknown,,1,0,Common Stock,D,4,0001032553-16-000058,,https://www.sec.gov/Archives/edgar/data/936395/000103255316000058/edgardoc.xml
CIEN,936395,Gary B. Smith,1032553,2016-08-26,2016-08-25,S,sale,4000,87057.60,21.7644,0.5348,-8000,743884,,unknown,,1,0,Common Stock,D,4,0001032553-16-000056,,https://www.sec.gov/Archives/edgar/data/936395/000103255316000056/edgardoc.xml
CIEN,936395,Gary B. Smith,1032553,2016-08-26,2016-08-24,S,sale,4000,87931.60,21.9829,0.5348,-8000,743884,0,unknown,,1,0,Common Stock,D,4,0001032553-16-000056,,https://www.sec.gov/Archives/edgar/data/936395/000103255316000056/edgardoc.xml
CIEN,936395,Gary B. Smith,1032553,2016-08-12,2016-08-11,S,sale,4000,82312.60,20.5782,0.5292,-8000,751884,,unknown,,2,0,Common Stock,D,4,0001215181-16-000097,,https://www.sec.gov/Archives/edgar/data/936395/000121518116000097/edgardoc.xml
CIEN,936395,Gary B. Smith,1032553,2016-08-12,2016-08-10,S,sale,4000,81438.60,20.3597,0.5292,-8000,751884,0,unknown,,2,0,Common Stock,D,4,0001215181-16-000097,,https://www.sec.gov/Archives/edgar/data/936395/000121518116000097/edgardoc.xml
CIEN,936395,Gary B. Smith,1032553,2016-07-29,2016-07-28,S,sale,4000,76108.80,19.0272,0.5236,-8000,759884,,unknown,,1,0,Common Stock,D,4,0001032553-16-000054,,https://www.sec.gov/Archives/edgar/data/936395/000103255316000054/edgardoc.xml
CIEN,936395,Gary B. Smith,1032553,2016-07-29,2016-07-27,S,sale,4000,81471.20,20.3678,0.5236,-8000,759884,0,unknown,,1,0,Common Stock,D,4,0001032553-16-000054,,https://www.sec.gov/Archives/edgar/data/936395/000103255316000054/edgardoc.xml
CIEN,936395,Gary B. Smith,1032553,2016-07-15,2016-07-14,S,sale,4000,78350.00,19.5875,0.5182,-8000,767884,,unknown,,1,0,Common Stock,D,4,0001032553-16-000052,,https://www.sec.gov/Archives/edgar/data/936395/000103255316000052/edgardoc.xml
CIEN,936395,Gary B. Smith,1032553,2016-07-15,2016-07-13,S,sale,4000,78857.60,19.7144,0.5182,-8000,767884,0,unknown,,1,0,Common Stock,D,4,0001032553-16-000052,,https://www.sec.gov/Archives/edgar/data/936395/000103255316000052/edgardoc.xml
CIEN,936395,Gary B. Smith,1032553,2016-06-29,2016-06-28,S,sale,4000,72198.40,18.0496,0.5129,-8000,775884,,unknown,,1,0,Common Stock,D,4,0001032553-16-000050,,https://www.sec.gov/Archives/edgar/data/936395/000103255316000050/edgardoc.xml
CIEN,936395,Gary B. Smith,1032553,2016-06-29,2016-06-27,S,sale,4000,72332.40,18.0831,0.5129,-8000,775884,0,unknown,,1,0,Common Stock,D,4,0001032553-16-000050,,https://www.sec.gov/Archives/edgar/data/936395/000103255316000050/edgardoc.xml
CIEN,936395,Gary B. Smith,1032553,2016-06-22,2016-06-21,S,sale,13451,274400.40,20.4000,1.6870,-13451,783884,0,unknown,,4,0,Common Stock,D,4,0001177261-16-000162,,https://www.sec.gov/Archives/edgar/data/936395/000117726116000162/edgardoc.xml
CIEN,936395,Gary B. Smith,1032553,2016-06-16,2016-06-15,S,sale,4000,84232.00,21.0580,0.4992,-16000,797335,,unknown,,1,0,Common Stock,D,4,0001032553-16-000048,,https://www.sec.gov/Archives/edgar/data/936395/000103255316000048/edgardoc.xml
CIEN,936395,Gary B. Smith,1032553,2016-06-16,2016-06-14,S,sale,12000,251268.00,20.9390,1.4827,-16000,797335,0,unknown,,1,0,Common Stock,D,4,0001032553-16-000048,,https://www.sec.gov/Archives/edgar/data/936395/000103255316000048/edgardoc.xml
CIEN,936395,Gary B. Smith,1032553,2016-05-20,2016-05-19,S,sale,2000,31778.00,15.8890,0.2453,-4000,813335,,unknown,,1,0,Common Stock,D,4,0001215181-16-000081,,https://www.sec.gov/Archives/edgar/data/936395/000121518116000081/edgardoc.xml
CIEN,936395,Gary B. Smith,1032553,2016-05-20,2016-05-18,S,sale,2000,32741.60,16.3708,0.2453,-4000,813335,0,unknown,,1,0,Common Stock,D,4,0001215181-16-000081,,https://www.sec.gov/Archives/edgar/data/936395/000121518116000081/edgardoc.xml
CIEN,936395,Gary B. Smith,1032553,2016-05-09,2016-05-06,S,sale,2000,32068.60,16.0343,0.2441,-4000,817335,,unknown,,1,0,Common Stock,D,4,0001032553-16-000046,,https://www.sec.gov/Archives/edgar/data/936395/000103255316000046/edgardoc.xml
CIEN,936395,Gary B. Smith,1032553,2016-05-09,2016-05-05,S,sale,2000,32254.40,16.1272,0.2441,-4000,817335,0,unknown,,1,0,Common Stock,D,4,0001032553-16-000046,,https://www.sec.gov/Archives/edgar/data/936395/000103255316000046/edgardoc.xml
CIEN,936395,Gary B. Smith,1032553,2015-12-23,2015-12-21,S,sale,114860,2285714.00,19.9000,,,,,unknown,,10,0,Common Stock,D,4,0001177261-15-000131,,https://www.sec.gov/Archives/edgar/data/936395/000117726115000131/edgardoc.xml
CIEN,936395,Gary B. Smith,1032553,2015-11-04,2015-11-02,S,sale,4537,110428.31,24.3395,,,,,unknown,M,1,0,Common Stock,D,4,0001032553-15-000028,,https://www.sec.gov/Archives/edgar/data/936395/000103255315000028/edgardoc.xml
CIEN,936395,Gary B. Smith,1032553,2015-10-26,2015-10-22,S,sale,4500,106263.90,23.6142,,,,,unknown,M,1,0,Common Stock,D,4,0001032553-15-000024,,https://www.sec.gov/Archives/edgar/data/936395/000103255315000024/edgardoc.xml
CIEN,936395,Gary B. Smith,1032553,2015-09-30,2015-09-29,S,sale,4800,97550.40,20.3230,,,,,unknown,M,1,0,Common Stock,D,4,0001032553-15-000022,,https://www.sec.gov/Archives/edgar/data/936395/000103255315000022/edgardoc.xml
CIEN,936395,Gary B. Smith,1032553,2015-09-30,2015-09-28,S,sale,4800,98017.92,20.4204,,,,,unknown,M,1,0,Common Stock,D,4,0001032553-15-000022,,https://www.sec.gov/Archives/edgar/data/936395/000103255315000022/edgardoc.xml
CIEN,936395,Gary B. Smith,1032553,2015-09-23,2015-09-21,S,sale,13608,300192.48,22.0600,,,,,unknown,,4,0,Common Stock,D,4,0001177261-15-000088,,https://www.sec.gov/Archives/edgar/data/936395/000117726115000088/edgardoc.xml
CIEN,936395,Gary B. Smith,1032553,2015-08-17,2015-08-14,S,sale,4800,112600.32,23.4584,,,,,unknown,M,1,0,Common Stock,D,4,0001032553-15-000020,,https://www.sec.gov/Archives/edgar/data/936395/000103255315000020/edgardoc.xml
CIEN,936395,Gary B. Smith,1032553,2015-08-17,2015-08-13,S,sale,4800,114926.88,23.9431,,,,,unknown,M,1,0,Common Stock,D,4,0001032553-15-000020,,https://www.sec.gov/Archives/edgar/data/936395/000103255315000020/edgardoc.xml
CIEN,936395,Gary B. Smith,1032553,2015-07-20,2015-07-17,S,sale,4800,123243.84,25.6758,,,,,unknown,M,1,0,Common Stock,D,4,0001032553-15-000016,,https://www.sec.gov/Archives/edgar/data/936395/000103255315000016/edgardoc.xml
CIEN,936395,Gary B. Smith,1032553,2015-07-20,2015-07-16,S,sale,4800,120880.80,25.1835,,,,,unknown,M,1,0,Common Stock,D,4,0001032553-15-000016,,https://www.sec.gov/Archives/edgar/data/936395/000103255315000016/edgardoc.xml
CIEN,936395,Gary B. Smith,1032553,2015-06-26,2015-06-25,S,sale,4800,120613.44,25.1278,,,,,unknown,M,1,0,Common Stock,D,4,0001032553-15-000014,,https://www.sec.gov/Archives/edgar/data/936395/000103255315000014/edgardoc.xml
CIEN,936395,Gary B. Smith,1032553,2015-06-26,2015-06-24,S,sale,4800,120523.20,25.1090,,,,,unknown,M,1,0,Common Stock,D,4,0001032553-15-000014,,https://www.sec.gov/Archives/edgar/data/936395/000103255315000014/edgardoc.xml
CIEN,936395,Gary B. Smith,1032553,2015-06-24,2015-06-22,S,sale,13612,347378.24,25.5200,,,,,unknown,,4,0,Common Stock,D,4,0001177261-15-000062,,https://www.sec.gov/Archives/edgar/data/936395/000117726115000062/edgardoc.xml
CIEN,936395,Gary B. Smith,1032553,2015-05-22,2015-05-21,S,sale,4800,110627.04,23.0473,,,,,unknown,M,1,0,Common Stock,D,4,0001032553-15-000012,,https://www.sec.gov/Archives/edgar/data/936395/000103255315000012/edgardoc.xml
CIEN,936395,Gary B. Smith,1032553,2015-05-22,2015-05-20,S,sale,4800,110941.92,23.1129,,,,,unknown,M,1,0,Common Stock,D,4,0001032553-15-000010,,https://www.sec.gov/Archives/edgar/data/936395/000103255315000010/edgardoc.xml
CIEN,936395,Gary B. Smith,1032553,2014-09-24,2014-09-22,S,sale,14068,259849.74,18.4710,,,,,unknown,,4,0,Common Stock,D,4,0001032553-14-000024,,https://www.sec.gov/Archives/edgar/data/936395/000103255314000024/edgardoc.xml
CIEN,936395,Gary B. Smith,1032553,2014-06-25,2014-06-23,S,sale,13937,307307.00,22.0497,,,,,unknown,,4,0,Common Stock,D,4,0001285617-14-000021,,https://www.sec.gov/Archives/edgar/data/936395/000128561714000021/edgardoc.xml
CIEN,936395,Gary B. Smith,1032553,2014-03-25,2014-03-21,S,sale,13462,325645.78,24.1900,,,,,unknown,,4,0,Common Stock,D,4,0001032553-14-000014,,https://www.sec.gov/Archives/edgar/data/936395/000103255314000014/edgardoc.xml
CIEN,936395,Gary B. Smith,1032553,2014-03-07,2014-03-05,S,sale,2672,67010.29,25.0787,,,,,unknown,,1,0,Common Stock,D,4,0001032553-14-000010,,https://www.sec.gov/Archives/edgar/data/936395/000103255314000010/edgardoc.xml
CIEN,936395,Gary B. Smith,1032553,2014-03-07,2014-03-05,S,sale,2672,67010.29,25.0787,,,,,unknown,,1,0,Common Stock,D,4,0001032553-14-000011,,https://www.sec.gov/Archives/edgar/data/936395/000103255314000011/edgardoc.xml
CIEN,936395,Gary B. Smith,1032553,2014-02-20,2014-02-18,S,sale,2900,75350.41,25.9829,,,,,unknown,,1,0,Common Stock,D,4,0001032553-14-000008,,https://www.sec.gov/Archives/edgar/data/936395/000103255314000008/edgardoc.xml
CIEN,936395,Gary B. Smith,1032553,2014-02-10,2014-02-06,S,sale,2900,64957.97,22.3993,,,,,unknown,,1,0,Common Stock,D,4,0001032553-14-000007,,https://www.sec.gov/Archives/edgar/data/936395/000103255314000007/edgardoc.xml
CIEN,936395,Gary B. Smith,1032553,2014-01-24,2014-01-22,S,sale,2900,68257.59,23.5371,,,,,unknown,,1,0,Common Stock,D,4,0001032553-14-000005,,https://www.sec.gov/Archives/edgar/data/936395/000103255314000005/edgardoc.xml
CIEN,936395,Gary B. Smith,1032553,2014-01-08,2014-01-07,S,sale,2900,67392.52,23.2388,,,,,unknown,,1,0,Common Stock,D,4,0001032553-14-000003,,https://www.sec.gov/Archives/edgar/data/936395/000103255314000003/edgardoc.xml
CIEN,936395,Gary B. Smith,1032553,2013-12-30,2013-12-27,S,sale,2900,68288.04,23.5476,,,,,unknown,,1,0,Common Stock,D,4,0001032553-13-000042,,https://www.sec.gov/Archives/edgar/data/936395/000103255313000042/edgardoc.xml
CIEN,936395,Gary B. Smith,1032553,2013-12-26,2013-12-23,S,sale,41528,922794.48,22.2210,,,,,unknown,,5,0,Common Stock,D,4,0001032553-13-000040,,https://www.sec.gov/Archives/edgar/data/936395/000103255313000040/edgardoc.xml
CIEN,936395,Gary B. Smith,1032553,2013-12-11,2013-12-09,S,sale,2900,67016.68,23.1092,,,,,unknown,,1,0,Common Stock,D,4,0001032553-13-000037,,https://www.sec.gov/Archives/edgar/data/936395/000103255313000037/edgardoc.xml
CIEN,936395,Gary B. Smith,1032553,2013-11-29,2013-11-26,S,sale,2900,62601.43,21.5867,,,,,unknown,,1,0,Common Stock,D,4,0001032553-13-000034,,https://www.sec.gov/Archives/edgar/data/936395/000103255313000034/edgardoc.xml
CIEN,936395,Gary B. Smith,1032553,2013-11-18,2013-11-15,S,sale,2900,63941.23,22.0487,,,,,unknown,,1,0,Common Stock,D,4,0001032553-13-000033,,https://www.sec.gov/Archives/edgar/data/936395/000103255313000033/edgardoc.xml
CIEN,936395,Gary B. Smith,1032553,2013-10-31,2013-10-29,S,sale,2900,69680.62,24.0278,,,,,unknown,,1,0,Common Stock,D,4,0001032553-13-000029,,https://www.sec.gov/Archives/edgar/data/936395/000103255313000029/edgardoc.xml
CIEN,936395,Gary B. Smith,1032553,2013-10-18,2013-10-17,S,sale,2900,77531.79,26.7351,,,,,unknown,,1,0,Common Stock,D,4,0001032553-13-000027,,https://www.sec.gov/Archives/edgar/data/936395/000103255313000027/edgardoc.xml
CIEN,936395,Gary B. Smith,1032553,2013-10-07,2013-10-04,S,sale,2900,77707.53,26.7957,,,,,unknown,,1,0,Common Stock,D,4,0001032553-13-000026,,https://www.sec.gov/Archives/edgar/data/936395/000103255313000026/edgardoc.xml
CIEN,936395,Gary B. Smith,1032553,2013-09-25,2013-09-23,S,sale,15557,385207.46,24.7610,,,,,unknown,,4,0,Common Stock,D,4,0001032553-13-000025,,https://www.sec.gov/Archives/edgar/data/936395/000103255313000025/edgardoc.xml
CIEN,936395,Gary B. Smith,1032553,2013-09-17,2013-09-16,S,sale,2900,73996.98,25.5162,,,,,unknown,,1,0,Common Stock,D,4,0001032553-13-000024,,https://www.sec.gov/Archives/edgar/data/936395/000103255313000024/edgardoc.xml
CIEN,936395,Gary B. Smith,1032553,2013-09-05,2013-09-04,S,sale,2900,64792.38,22.3422,,,,,unknown,,1,0,Common Stock,D,4,0001032553-13-000023,,https://www.sec.gov/Archives/edgar/data/936395/000103255313000023/edgardoc.xml
CIEN,936395,Gary B. Smith,1032553,2013-08-23,2013-08-22,S,sale,2900,61001.50,21.0350,,,,,unknown,,1,0,Common Stock,D,4,0001032553-13-000022,,https://www.sec.gov/Archives/edgar/data/936395/000103255313000022/edgardoc.xml
CIEN,936395,Gary B. Smith,1032553,2013-08-12,2013-08-09,S,sale,2900,65472.14,22.5766,,,,,unknown,,1,0,Common Stock,D,4,0001032553-13-000020,,https://www.sec.gov/Archives/edgar/data/936395/000103255313000020/edgardoc.xml
CIEN,936395,Gary B. Smith,1032553,2013-07-26,2013-07-25,S,sale,2900,65729.95,22.6655,,,,,unknown,,1,0,Common Stock,D,4,0001032553-13-000019,,https://www.sec.gov/Archives/edgar/data/936395/000103255313000019/edgardoc.xml
CIEN,936395,Gary B. Smith,1032553,2013-07-09,2013-07-08,S,sale,2900,58130.21,20.0449,,,,,unknown,,1,0,Common Stock,D,4,0001032553-13-000018,,https://www.sec.gov/Archives/edgar/data/936395/000103255313000018/edgardoc.xml
CIEN,936395,Gary B. Smith,1032553,2013-07-01,2013-06-27,S,sale,2900,56266.96,19.4024,,,,,unknown,,1,0,Common Stock,D,4,0001032553-13-000016,,https://www.sec.gov/Archives/edgar/data/936395/000103255313000016/edgardoc.xml
CIEN,936395,Gary B. Smith,1032553,2013-06-25,2013-06-21,S,sale,13617,269752.77,19.8100,,,,,unknown,,4,0,Common Stock,D,4,0001032553-13-000014,,https://www.sec.gov/Archives/edgar/data/936395/000103255313000014/edgardoc.xml
CIEN,936395,Gary B. Smith,1032553,2013-06-12,2013-06-11,S,sale,2900,58564.05,20.1945,,,,,unknown,,1,0,Common Stock,D,4,0001032553-13-000013,,https://www.sec.gov/Archives/edgar/data/936395/000103255313000013/edgardoc.xml
CIEN,936395,Gary B. Smith,1032553,2013-05-30,2013-05-28,S,sale,2900,46192.07,15.9283,,,,,unknown,,1,0,Common Stock,D,4,0001032553-13-000012,,https://www.sec.gov/Archives/edgar/data/936395/000103255313000012/edgardoc.xml
CIEN,936395,Gary B. Smith,1032553,2013-05-20,2013-05-16,S,sale,5800,90390.10,15.5845,,,,,unknown,,1,0,Common Stock,D,4,0001032553-13-000010,,https://www.sec.gov/Archives/edgar/data/936395/000103255313000010/edgardoc.xml
CIEN,936395,Gary B. Smith,1032553,2013-04-16,2013-04-15,S,sale,2900,45840.59,15.8071,,,,,unknown,,1,0,Common Stock,D,4,0001032553-13-000008,,https://www.sec.gov/Archives/edgar/data/936395/000103255313000008/edgardoc.xml
CIEN,936395,Gary B. Smith,1032553,2013-03-25,2013-03-21,S,sale,11245,184250.45,16.3851,,,,,unknown,,4,0,Common Stock,D,4,0001032553-13-000007,,https://www.sec.gov/Archives/edgar/data/936395/000103255313000007/edgardoc.xml
CIEN,936395,Gary B. Smith,1032553,2013-03-14,2013-03-12,S,sale,5889,101173.61,17.1801,,,,,unknown,,1,0,Common Stock,D,4,0001032553-13-000006,,https://www.sec.gov/Archives/edgar/data/936395/000103255313000006/edgardoc.xml
CIEN,936395,Gary B. Smith,1032553,2013-02-27,2013-02-26,S,sale,6200,95103.04,15.3392,,,,,unknown,,1,0,Common Stock,D,4,0001032553-13-000005,,https://www.sec.gov/Archives/edgar/data/936395/000103255313000005/edgardoc.xml
CIEN,936395,Gary B. Smith,1032553,2013-02-15,2013-02-13,S,sale,6200,98623.40,15.9070,,,,,unknown,,1,0,Common Stock,D,4,0001032553-13-000004,,https://www.sec.gov/Archives/edgar/data/936395/000103255313000004/edgardoc.xml
CIEN,936395,Gary B. Smith,1032553,2013-01-31,2013-01-29,S,sale,6200,94922.00,15.3100,,,,,unknown,,1,0,Common Stock,D,4,0001032553-13-000003,,https://www.sec.gov/Archives/edgar/data/936395/000103255313000003/edgardoc.xml
CIEN,936395,Gary B. Smith,1032553,2013-01-22,2013-01-17,S,sale,6200,97271.18,15.6889,,,,,unknown,,1,0,Common Stock,D,4,0001032553-13-000002,,https://www.sec.gov/Archives/edgar/data/936395/000103255313000002/edgardoc.xml
CIEN,936395,Gary B. Smith,1032553,2013-01-03,2012-12-31,S,sale,6200,95881.14,15.4647,,,,,unknown,,1,0,Common Stock,D,4,0001032553-13-000001,,https://www.sec.gov/Archives/edgar/data/936395/000103255313000001/edgardoc.xml
CIEN,936395,Gary B. Smith,1032553,2012-12-26,2012-12-21,S,sale,23347,355700.31,15.2354,,,,,unknown,A,4,0,Common Stock,D,4,0001032553-12-000020,,https://www.sec.gov/Archives/edgar/data/936395/000103255312000020/edgardoc.xml
CIEN,936395,Gary B. Smith,1032553,2012-12-21,2012-12-19,S,sale,6200,97883.74,15.7877,,,,,unknown,,1,0,Common Stock,D,4,0001032553-12-000019,,https://www.sec.gov/Archives/edgar/data/936395/000103255312000019/edgardoc.xml
CIEN,936395,Gary B. Smith,1032553,2012-12-05,2012-12-03,S,sale,49600,754753.28,15.2168,,,,,unknown,,1,0,Common Stock,D,4,0001032553-12-000017,,https://www.sec.gov/Archives/edgar/data/936395/000103255312000017/edgardoc.xml
CIEN,936395,Gary B. Smith,1032553,2012-09-25,2012-09-21,S,sale,8162,114842.37,14.0704,,,,,unknown,,3,0,Common Stock,D,4,0001032553-12-000016,,https://www.sec.gov/Archives/edgar/data/936395/000103255312000016/edgardoc.xml
CIEN,936395,Gary B. Smith,1032553,2012-08-14,2012-08-13,S,sale,6200,111077.34,17.9157,,,,,unknown,,1,0,Common Stock,D,4,0001032553-12-000014,,https://www.sec.gov/Archives/edgar/data/936395/000103255312000014/edgardoc.xml
CIEN,936395,Gary B. Smith,1032553,2012-08-03,2012-08-02,S,sale,12400,192925.40,15.5585,,,,,unknown,,1,0,Common Stock,D,4,0001032553-12-000013,,https://www.sec.gov/Archives/edgar/data/936395/000103255312000013/edgardoc.xml
CIEN,936395,Gary B. Smith,1032553,2012-07-10,2012-07-06,S,sale,6200,97312.72,15.6956,,,,,unknown,,1,0,Common Stock,D,4,0001032553-12-000012,,https://www.sec.gov/Archives/edgar/data/936395/000103255312000012/edgardoc.xml
CIEN,936395,Gary B. Smith,1032553,2012-06-22,2012-06-21,S,sale,8021,125371.02,15.6303,,,,,unknown,,3,0,Common Stock,D,4,0001032553-12-000011,,https://www.sec.gov/Archives/edgar/data/936395/000103255312000011/edgardoc.xml
CIEN,936395,Gary B. Smith,1032553,2012-06-21,2012-06-19,S,sale,24800,392135.12,15.8119,,,,,unknown,,1,0,Common Stock,D,4,0001032553-12-000010,,https://www.sec.gov/Archives/edgar/data/936395/000103255312000010/edgardoc.xml
CIEN,936395,Gary B. Smith,1032553,2012-04-26,2012-04-24,S,sale,6200,95866.88,15.4624,,,,,unknown,,1,0,Common Stock,D,4,0001032553-12-000009,,https://www.sec.gov/Archives/edgar/data/936395/000103255312000009/edgardoc.xml
CIEN,936395,Gary B. Smith,1032553,2012-03-23,2012-03-21,S,sale,8693,136145.99,15.6616,,,,,unknown,,3,0,Common Stock,D,4,0001032553-12-000007,,https://www.sec.gov/Archives/edgar/data/936395/000103255312000007/edgardoc.xml
CIEN,936395,Gary B. Smith,1032553,2012-03-21,2012-03-19,S,sale,7289,116995.74,16.0510,,,,,unknown,,1,0,Common Stock,D,4,0001032553-12-000006,,https://www.sec.gov/Archives/edgar/data/936395/000103255312000006/edgardoc.xml
CIEN,936395,Gary B. Smith,1032553,2012-03-12,2012-03-09,S,sale,4800,72334.08,15.0696,,,,,unknown,,1,0,Common Stock,D,4,0001032553-12-000005,,https://www.sec.gov/Archives/edgar/data/936395/000103255312000005/edgardoc.xml
CIEN,936395,Gary B. Smith,1032553,2012-02-23,2012-02-21,S,sale,4800,76162.08,15.8671,,,,,unknown,,1,0,Common Stock,D,4,0001032553-12-000004,,https://www.sec.gov/Archives/edgar/data/936395/000103255312000004/edgardoc.xml
CIEN,936395,Gary B. Smith,1032553,2012-02-14,2012-02-10,S,sale,4800,78602.40,16.3755,,,,,unknown,,1,0,Common Stock,D,4,0001032553-12-000003,,https://www.sec.gov/Archives/edgar/data/936395/000103255312000003/edgardoc.xml
CIEN,936395,Gary B. Smith,1032553,2012-01-30,2012-01-27,S,sale,4800,72055.68,15.0116,,,,,unknown,,1,0,Common Stock,D,4,0001032553-12-000002,,https://www.sec.gov/Archives/edgar/data/936395/000103255312000002/edgardoc.xml
CIEN,936395,Gary B. Smith,1032553,2012-01-13,2012-01-11,S,sale,19200,271299.84,14.1302,,,,,unknown,,1,0,Common Stock,D,4,0001032553-12-000001,,https://www.sec.gov/Archives/edgar/data/936395/000103255312000001/edgardoc.xml
CIEN,936395,Gary B. Smith,1032553,2011-12-23,2011-12-21,S,sale,39800,451643.59,11.3478,,,,,unknown,,6,0,Common Stock,D,4,0001032553-11-000029,,https://www.sec.gov/Archives/edgar/data/936395/000103255311000029/edgardoc.xml
CIEN,936395,Gary B. Smith,1032553,2011-11-21,2011-11-17,S,sale,4800,63395.04,13.2073,,,,,unknown,,1,0,Common Stock,D,4,0001032553-11-000027,,https://www.sec.gov/Archives/edgar/data/936395/000103255311000027/edgardoc.xml
CIEN,936395,Gary B. Smith,1032553,2011-11-04,2011-11-03,S,sale,19200,265328.64,13.8192,,,,,unknown,,1,0,Common Stock,D,4,0001032553-11-000026,,https://www.sec.gov/Archives/edgar/data/936395/000103255311000026/edgardoc.xml
CIEN,936395,Gary B. Smith,1032553,2011-09-26,2011-09-22,S,sale,30230,334744.52,11.0733,,,,,unknown,,4,0,Common Stock,D,4,0001032553-11-000025,,https://www.sec.gov/Archives/edgar/data/936395/000103255311000025/edgardoc.xml
CIEN,936395,Gary B. Smith,1032553,2011-09-14,2011-09-13,S,sale,14400,187678.08,13.0332,,,,,unknown,,1,0,Common Stock,D,4,0001032553-11-000024,,https://www.sec.gov/Archives/edgar/data/936395/000103255311000024/edgardoc.xml
CIEN,936395,Gary B. Smith,1032553,2011-07-27,2011-07-26,S,sale,4800,84831.84,17.6733,,,,,unknown,,1,0,Common Stock,D,4,0001032553-11-000023,,https://www.sec.gov/Archives/edgar/data/936395/000103255311000023/edgardoc.xml
CIEN,936395,Gary B. Smith,1032553,2011-07-15,2011-07-12,S,sale,4800,81544.80,16.9885,,,,,unknown,,1,0,Common Stock,D,4,0001032553-11-000022,,https://www.sec.gov/Archives/edgar/data/936395/000103255311000022/edgardoc.xml
CIEN,936395,Gary B. Smith,1032553,2011-06-28,2011-06-27,S,sale,4800,86102.40,17.9380,,,,,unknown,,1,0,Common Stock,D,4,0001032553-11-000021,,https://www.sec.gov/Archives/edgar/data/936395/000103255311000021/edgardoc.xml
CIEN,936395,Gary B. Smith,1032553,2011-06-23,2011-06-21,S,sale,26595,444678.60,16.7204,,,,,unknown,,4,0,Common Stock,D,4,0001032553-11-000020,,https://www.sec.gov/Archives/edgar/data/936395/000103255311000020/edgardoc.xml
CIEN,936395,Gary B. Smith,1032553,2011-06-15,2011-06-13,S,sale,4800,80100.96,16.6877,,,,,unknown,,1,0,Common Stock,D,4,0001032553-11-000018,,https://www.sec.gov/Archives/edgar/data/936395/000103255311000018/edgardoc.xml
CIEN,936395,Gary B. Smith,1032553,2011-06-02,2011-05-31,S,sale,4800,127486.08,26.5596,,,,,unknown,,1,0,Common Stock,D,4,0001032553-11-000016,,https://www.sec.gov/Archives/edgar/data/936395/000103255311000016/edgardoc.xml
CIEN,936395,Gary B. Smith,1032553,2011-05-24,2011-05-20,S,sale,4800,126052.32,26.2609,,,,,unknown,,1,0,Common Stock,D,4,0001032553-11-000014,,https://www.sec.gov/Archives/edgar/data/936395/000103255311000014/edgardoc.xml
CIEN,936395,Gary B. Smith,1032553,2011-05-06,2011-05-04,S,sale,4800,129170.88,26.9106,,,,,unknown,,1,0,Common Stock,D,4,0001032553-11-000013,,https://www.sec.gov/Archives/edgar/data/936395/000103255311000013/edgardoc.xml
CIEN,936395,Gary B. Smith,1032553,2011-04-19,2011-04-18,S,sale,4800,123943.68,25.8216,,,,,unknown,,1,0,Common Stock,D,4,0001032553-11-000011,,https://www.sec.gov/Archives/edgar/data/936395/000103255311000011/edgardoc.xml
CIEN,936395,Gary B. Smith,1032553,2011-04-11,2011-04-08,S,sale,4800,125159.52,26.0749,,,,,unknown,,1,0,Common Stock,D,4,0001032553-11-000009,,https://www.sec.gov/Archives/edgar/data/936395/000103255311000009/edgardoc.xml
CIEN,936395,Gary B. Smith,1032553,2011-03-28,2011-03-22,S,sale,21567,505262.88,23.4276,,,,,unknown,,4,0,Common Stock,D,4,0001032553-11-000007,,https://www.sec.gov/Archives/edgar/data/936395/000103255311000007/edgardoc.xml
CIEN,936395,Gary B. Smith,1032553,2011-03-24,2011-03-22,S,sale,4800,108739.20,22.6540,,,,,unknown,,1,0,Common Stock,D,4,0001032553-11-000006,,https://www.sec.gov/Archives/edgar/data/936395/000103255311000006/edgardoc.xml
CIEN,936395,Gary B. Smith,1032553,2011-03-14,2011-03-11,S,sale,4800,117042.24,24.3838,,,,,unknown,,1,0,Common Stock,D,4,0001032553-11-000005,,https://www.sec.gov/Archives/edgar/data/936395/000103255311000005/edgardoc.xml
CIEN,936395,Gary B. Smith,1032553,2011-02-24,2011-02-23,S,sale,6244,159379.97,25.5253,,,,,unknown,,1,0,Common Stock,D,4,0001032553-11-000004,,https://www.sec.gov/Archives/edgar/data/936395/000103255311000004/edgardoc.xml
CIEN,936395,Gary B. Smith,1032553,2011-02-11,2011-02-10,S,sale,6250,169938.75,27.1902,,,,,unknown,,1,0,Common Stock,D,4,0001032553-11-000003,,https://www.sec.gov/Archives/edgar/data/936395/000103255311000003/edgardoc.xml
CIEN,936395,Gary B. Smith,1032553,2011-01-26,2011-01-25,S,sale,6250,150853.12,24.1365,,,,,unknown,,1,0,Common Stock,D,4,0001032553-11-000002,,https://www.sec.gov/Archives/edgar/data/936395/000103255311000002/edgardoc.xml
CIEN,936395,Gary B. Smith,1032553,2011-01-18,2011-01-14,S,sale,6250,156450.62,25.0321,,,,,unknown,,1,0,Common Stock,D,4,0001032553-11-000001,,https://www.sec.gov/Archives/edgar/data/936395/000103255311000001/edgardoc.xml
CIEN,936395,Gary B. Smith,1032553,2010-12-30,2010-12-29,S,sale,6250,131395.00,21.0232,,,,,unknown,,1,0,Common Stock,D,4,0001032553-10-000038,,https://www.sec.gov/Archives/edgar/data/936395/000103255310000038/edgardoc.xml
CIEN,936395,Gary B. Smith,1032553,2010-12-23,2010-12-21,S,sale,31984,670742.91,20.9712,,,,,unknown,,4,0,Common Stock,D,4,0001032553-10-000037,,https://www.sec.gov/Archives/edgar/data/936395/000103255310000037/edgardoc.xml
CIEN,936395,Gary B. Smith,1032553,2010-12-16,2010-12-15,S,sale,6250,120953.75,19.3526,,,,,unknown,,1,0,Common Stock,D,4,0001032553-10-000036,,https://www.sec.gov/Archives/edgar/data/936395/000103255310000036/edgardoc.xml
CIEN,936395,Gary B. Smith,1032553,2010-12-03,2010-12-01,S,sale,6250,95691.88,15.3107,,,,,unknown,,1,0,Common Stock,D,4,0001032553-10-000035,,https://www.sec.gov/Archives/edgar/data/936395/000103255310000035/edgardoc.xml
CIEN,936395,Gary B. Smith,1032553,2010-11-22,2010-11-18,S,sale,6250,90498.12,14.4797,,,,,unknown,,1,0,Common Stock,D,4,0001032553-10-000034,,https://www.sec.gov/Archives/edgar/data/936395/000103255310000034/edgardoc.xml
CIEN,936395,Gary B. Smith,1032553,2010-11-03,2010-11-02,S,sale,6250,84412.50,13.5060,,,,,unknown,,1,0,Common Stock,D,4,0001032553-10-000033,,https://www.sec.gov/Archives/edgar/data/936395/000103255310000033/edgardoc.xml
CIEN,936395,Gary B. Smith,1032553,2010-10-22,2010-10-21,S,sale,6250,84840.62,13.5745,,,,,unknown,,1,0,Common Stock,D,4,0001032553-10-000032,,https://www.sec.gov/Archives/edgar/data/936395/000103255310000032/edgardoc.xml
CIEN,936395,Gary B. Smith,1032553,2010-10-08,2010-10-07,S,sale,6250,96701.25,15.4722,,,,,unknown,,1,0,Common Stock,D,4,0001032553-10-000031,,https://www.sec.gov/Archives/edgar/data/936395/000103255310000031/edgardoc.xml
CIEN,936395,Gary B. Smith,1032553,2010-09-23,2010-09-21,S,sale,6250,94936.25,15.1898,,,,,unknown,,1,0,Common Stock,D,4,0001032553-10-000029,,https://www.sec.gov/Archives/edgar/data/936395/000103255310000029/edgardoc.xml
CIEN,936395,Gary B. Smith,1032553,2010-09-23,2010-09-20,S,sale,23149,349343.55,15.0911,,,,,unknown,,3,0,Common Stock,D,4,0001032553-10-000030,,https://www.sec.gov/Archives/edgar/data/936395/000103255310000030/edgardoc.xml
CIEN,936395,Gary B. Smith,1032553,2010-09-08,2010-09-07,S,sale,6250,83625.00,13.3800,,,,,unknown,,1,0,Common Stock,D,4,0001032553-10-000028,,https://www.sec.gov/Archives/edgar/data/936395/000103255310000028/edgardoc.xml
CIEN,936395,Gary B. Smith,1032553,2010-08-25,2010-08-24,S,sale,6250,76287.50,12.2060,,,,,unknown,,1,0,Common Stock,D,4,0001032553-10-000027,,https://www.sec.gov/Archives/edgar/data/936395/000103255310000027/edgardoc.xml
CIEN,936395,Gary B. Smith,1032553,2010-08-11,2010-08-09,S,sale,6250,85256.25,13.6410,,,,,unknown,,1,0,Common Stock,D,4,0001032553-10-000026,,https://www.sec.gov/Archives/edgar/data/936395/000103255310000026/edgardoc.xml
CIEN,936395,Gary B. Smith,1032553,2010-07-28,2010-07-26,S,sale,6250,85681.25,13.7090,,,,,unknown,,1,0,Common Stock,D,4,0001032553-10-000024,,https://www.sec.gov/Archives/edgar/data/936395/000103255310000024/edgardoc.xml
CIEN,936395,Gary B. Smith,1032553,2010-07-16,2010-07-15,S,sale,6250,83127.50,13.3004,,,,,unknown,,1,0,Common Stock,D,4,0001032553-10-000022,,https://www.sec.gov/Archives/edgar/data/936395/000103255310000022/edgardoc.xml
CIEN,936395,Gary B. Smith,1032553,2010-06-29,2010-06-28,S,sale,6250,84181.25,13.4690,,,,,unknown,,1,0,Common Stock,D,4,0001032553-10-000020,,https://www.sec.gov/Archives/edgar/data/936395/000103255310000020/edgardoc.xml
CIEN,936395,Gary B. Smith,1032553,2010-06-24,2010-06-22,S,sale,25780,370731.82,14.3806,,,,,unknown,,4,0,Common Stock,D,4,0001032553-10-000019,,https://www.sec.gov/Archives/edgar/data/936395/000103255310000019/edgardoc.xml
CIEN,936395,Gary B. Smith,1032553,2010-06-15,2010-06-14,S,sale,6250,90847.50,14.5356,,,,,unknown,,1,0,Common Stock,D,4,0001032553-10-000017,,https://www.sec.gov/Archives/edgar/data/936395/000103255310000017/edgardoc.xml
CIEN,936395,Gary B. Smith,1032553,2010-06-08,2010-06-07,S,sale,6250,88128.75,14.1006,,,,,unknown,,1,0,Common Stock,D,4,0001032553-10-000015,,https://www.sec.gov/Archives/edgar/data/936395/000103255310000015/edgardoc.xml
CIEN,936395,Gary B. Smith,1032553,2010-05-24,2010-05-20,S,sale,6250,94252.50,15.0804,,,,,unknown,,1,0,Common Stock,D,4,0001032553-10-000013,,https://www.sec.gov/Archives/edgar/data/936395/000103255310000013/edgardoc.xml
CIEN,936395,Gary B. Smith,1032553,2010-05-04,2010-05-03,S,sale,6250,119606.25,19.1370,,,,,unknown,,1,0,Common Stock,D,4,0001032553-10-000012,,https://www.sec.gov/Archives/edgar/data/936395/000103255310000012/edgardoc.xml
CIEN,936395,Gary B. Smith,1032553,2010-04-20,2010-04-19,S,sale,6250,107842.50,17.2548,,,,,unknown,,1,0,Common Stock,D,4,0001032553-10-000011,,https://www.sec.gov/Archives/edgar/data/936395/000103255310000011/edgardoc.xml
CIEN,936395,Gary B. Smith,1032553,2010-04-09,2010-04-08,S,sale,6250,99888.75,15.9822,,,,,unknown,,1,0,Common Stock,D,4,0001032553-10-000010,,https://www.sec.gov/Archives/edgar/data/936395/000103255310000010/edgardoc.xml
CIEN,936395,Gary B. Smith,1032553,2010-03-29,2010-03-25,S,sale,6250,97396.25,15.5834,,,,,unknown,,1,0,Common Stock,D,4,0001032553-10-000008,,https://www.sec.gov/Archives/edgar/data/936395/000103255310000008/edgardoc.xml
CIEN,936395,Gary B. Smith,1032553,2010-03-24,2010-03-22,S,sale,18115,262172.29,14.4727,,,,,unknown,,3,0,Common Stock,D,4,0001032553-10-000006,,https://www.sec.gov/Archives/edgar/data/936395/000103255310000006/edgardoc.xml
CIEN,936395,Gary B. Smith,1032553,2010-03-09,2010-03-08,S,sale,6250,96023.12,15.3637,,,,,unknown,,1,0,Common Stock,D,4,0001032553-10-000005,,https://www.sec.gov/Archives/edgar/data/936395/000103255310000005/edgardoc.xml
CIEN,936395,Gary B. Smith,1032553,2010-02-26,2010-02-24,S,sale,6250,89295.62,14.2873,,,,,unknown,,1,0,Common Stock,D,4,0001032553-10-000004,,https://www.sec.gov/Archives/edgar/data/936395/000103255310000004/edgardoc.xml
CIEN,936395,Gary B. Smith,1032553,2010-02-12,2010-02-11,S,sale,6250,86435.62,13.8297,,,,,unknown,,1,0,Common Stock,D,4,0001032553-10-000002,,https://www.sec.gov/Archives/edgar/data/936395/000103255310000002/edgardoc.xml
CIEN,936395,Gary B. Smith,1032553,2009-12-23,2009-12-21,S,sale,36649,399858.85,10.9105,,,,,unknown,,4,0,Common Stock,D,4,0001032553-09-000009,,https://www.sec.gov/Archives/edgar/data/936395/000103255309000009/edgardoc.xml
CIEN,936395,Gary B. Smith,1032553,2009-09-23,2009-09-21,S,sale,18756,290181.13,15.4714,,,,,unknown,,2,0,Common Stock,D,4,0001032553-09-000006,,https://www.sec.gov/Archives/edgar/data/936395/000103255309000006/edgardoc.xml
CIEN,936395,Gary B. Smith,1032553,2009-06-23,2009-06-22,S,sale,15320,155724.74,10.1648,,,,,unknown,,2,0,Common Stock,D,4,0001032553-09-000004,,https://www.sec.gov/Archives/edgar/data/936395/000103255309000004/edgardoc.xml
CIEN,936395,Gary B. Smith,1032553,2009-03-23,2009-03-20,S,sale,14636,102620.31,7.0115,,,,,unknown,,2,0,Common Stock,D,4,0001032553-09-000002,,https://www.sec.gov/Archives/edgar/data/936395/000103255309000002/edgardoc.xml
CIEN,936395,Gary B. Smith,1032553,2008-12-23,2008-12-22,S,sale,633,4116.34,6.5029,,,,,unknown,,1,0,Common Stock,D,4,0001032553-08-000017,,https://www.sec.gov/Archives/edgar/data/936395/000103255308000017/edgardoc.xml
CIEN,936395,Gary B. Smith,1032553,2008-09-23,2008-09-22,S,sale,633,7383.76,11.6647,,,,,unknown,,1,0,Common Stock,D,4,0001032553-08-000014,,https://www.sec.gov/Archives/edgar/data/936395/000103255308000014/edgardoc.xml
CIEN,936395,Gary B. Smith,1032553,2008-06-24,2008-06-20,S,sale,632,16335.56,25.8474,,,,,unknown,,1,0,Common Stock,D,4,0001032553-08-000012,,https://www.sec.gov/Archives/edgar/data/936395/000103255308000012/edgardoc.xml
CIEN,936395,Gary B. Smith,1032553,2008-06-05,2008-06-04,S,sale,3840,115490.80,30.0757,,,,,unknown,M,2,0,Common Stock,D,4,0001032553-08-000011,,https://www.sec.gov/Archives/edgar/data/936395/000103255308000011/edgardoc.xml
CIEN,936395,Gary B. Smith,1032553,2008-05-20,2008-05-19,S,sale,3840,128476.42,33.4574,,,,,unknown,M,1,0,Common Stock,D,4,0001032553-08-000010,,https://www.sec.gov/Archives/edgar/data/936395/000103255308000010/edgardoc.xml
CIEN,936395,Gary B. Smith,1032553,2008-05-13,2008-05-09,S,sale,3840,125040.38,32.5626,,,,,unknown,M,1,0,Common Stock,D,4,0001032553-08-000009,,https://www.sec.gov/Archives/edgar/data/936395/000103255308000009/edgardoc.xml
CIEN,936395,Gary B. Smith,1032553,2008-04-24,2008-04-23,S,sale,3840,129584.64,33.7460,,,,,unknown,M,1,0,Common Stock,D,4,0001032553-08-000007,,https://www.sec.gov/Archives/edgar/data/936395/000103255308000007/edgardoc.xml
CIEN,936395,Gary B. Smith,1032553,2008-04-14,2008-04-11,S,sale,3840,117964.42,30.7199,,,,,unknown,M,1,0,Common Stock,D,4,0001032553-08-000006,,https://www.sec.gov/Archives/edgar/data/936395/000103255308000006/edgardoc.xml
CIEN,936395,Gary B. Smith,1032553,2008-03-28,2008-03-27,S,sale,19200,597667.20,31.1285,,,,,unknown,M,1,0,Common Stock,D,4,0001032553-08-000005,,https://www.sec.gov/Archives/edgar/data/936395/000103255308000005/edgardoc.xml
CIEN,936395,Gary B. Smith,1032553,2008-03-25,2008-03-24,S,sale,3840,116244.48,30.2720,,,,,unknown,,1,0,Common Stock,D,4,0001032553-08-000004,,https://www.sec.gov/Archives/edgar/data/936395/000103255308000004/edgardoc.xml
CIEN,936395,Gary B. Smith,1032553,2008-03-24,2008-03-20,S,sale,489,14278.80,29.2000,,,,,unknown,,1,0,Common Stock,D,4,0001032553-08-000003,,https://www.sec.gov/Archives/edgar/data/936395/000103255308000003/edgardoc.xml
CIEN,936395,Gary B. Smith,1032553,2008-01-07,2008-01-03,S,sale,3840,121118.98,31.5414,,,,,unknown,M,1,0,Common Stock,D,4,0001032553-08-000001,,https://www.sec.gov/Archives/edgar/data/936395/000103255308000001/edgardoc.xml
CIEN,936395,Gary B. Smith,1032553,2007-12-21,2007-12-20,S,sale,17582,602285.48,34.2558,,,,,unknown,A,2,0,Common Stock,D,4,0001032553-07-000018,,https://www.sec.gov/Archives/edgar/data/936395/000103255307000018/edgardoc.xml
CIEN,936395,Gary B. Smith,1032553,2007-12-18,2007-12-17,S,sale,3840,133062.91,34.6518,,,,,unknown,M,1,0,Common Stock,D,4,0001032553-07-000016,,https://www.sec.gov/Archives/edgar/data/936395/000103255307000016/edgardoc.xml
CIEN,936395,Gary B. Smith,1032553,2007-12-04,2007-12-03,S,sale,3840,167833.34,43.7066,,,,,unknown,M,1,0,Common Stock,D,4,0001032553-07-000014,,https://www.sec.gov/Archives/edgar/data/936395/000103255307000014/edgardoc.xml
CIEN,936395,Gary B. Smith,1032553,2007-11-21,2007-11-20,S,sale,3840,160185.22,41.7149,,,,,unknown,M,1,0,Common Stock,D,4,0001032553-07-000013,,https://www.sec.gov/Archives/edgar/data/936395/000103255307000013/edgardoc.xml
CIEN,936395,Gary B. Smith,1032553,2007-11-21,2007-11-05,S,sale,3840,178397.18,46.4576,,,,,unknown,FM,1,0,Common Stock,D,4/A,0001209191-07-065630,,https://www.sec.gov/Archives/edgar/data/936395/000120919107065630/doc4a.xml
CIEN,936395,Gary B. Smith,1032553,2007-11-06,2007-11-05,S,sale,3840,178397.18,46.4576,,,,,unknown,M,1,0,Common Stock,D,4,0001032553-07-000012,,https://www.sec.gov/Archives/edgar/data/936395/000103255307000012/edgardoc.xml
CIEN,936395,Gary B. Smith,1032553,2007-10-26,2007-10-25,S,sale,3840,176721.02,46.0211,,,,,unknown,M,1,0,Common Stock,D,4,0001032553-07-000011,,https://www.sec.gov/Archives/edgar/data/936395/000103255307000011/edgardoc.xml
CIEN,936395,Gary B. Smith,1032553,2007-10-11,2007-10-09,S,sale,3840,177625.34,46.2566,,,,,unknown,M,1,0,Common Stock,D,4,0001032553-07-000010,,https://www.sec.gov/Archives/edgar/data/936395/000103255307000010/edgardoc.xml
CIEN,936395,Gary B. Smith,1032553,2007-10-11,2007-09-25,S,sale,3840,143117.57,37.2702,,,,,unknown,M,1,0,Common Stock,D,4,0001032553-07-000010,,https://www.sec.gov/Archives/edgar/data/936395/000103255307000010/edgardoc.xml
CIEN,936395,Gary B. Smith,1032553,2007-10-05,2007-10-04,S,sale,2858,129578.72,45.3390,,,,,unknown,M,2,0,Common Stock,D,4,0001032553-07-000009,,https://www.sec.gov/Archives/edgar/data/936395/000103255307000009/edgardoc.xml
CIEN,936395,Gary B. Smith,1032553,2007-09-13,2007-09-12,S,sale,3840,144070.27,37.5183,,,,,unknown,M,1,0,Common Stock,D,4,0001032553-07-000008,,https://www.sec.gov/Archives/edgar/data/936395/000103255307000008/edgardoc.xml
CIEN,936395,Gary B. Smith,1032553,2007-08-31,2007-08-29,S,sale,3840,144895.49,37.7332,,,,,unknown,M,1,0,Common Stock,D,4,0001032553-07-000007,,https://www.sec.gov/Archives/edgar/data/936395/000103255307000007/edgardoc.xml
CIEN,936395,Gary B. Smith,1032553,2007-08-17,2007-08-16,S,sale,3840,129511.30,33.7269,,,,,unknown,M,1,0,Common Stock,D,4,0001032553-07-000006,,https://www.sec.gov/Archives/edgar/data/936395/000103255307000006/edgardoc.xml
CIEN,936395,Gary B. Smith,1032553,2006-12-21,2006-12-19,S,sale,25976,729056.63,28.0665,,,,,unknown,,5,0,Common Stock,D,4,0001032553-06-000018,,https://www.sec.gov/Archives/edgar/data/936395/000103255306000018/edgardoc.xml
CIEN,936395,Gary B. Smith,1032553,2006-06-09,2006-06-07,S,sale,139167,638862.79,4.5906,,,,,unknown,M,2,0,Common Stock,D,4,0001032553-06-000005,,https://www.sec.gov/Archives/edgar/data/936395/000103255306000005/primary_doc.xml
CIEN,936395,Gary B. Smith,1032553,2004-05-28,2004-05-27,P,open-market purchase,10000,33800.00,3.3800,,,,,unknown,,1,0,Common Stock,D,4,0001032553-04-000001,,https://www.sec.gov/Archives/edgar/data/936395/000103255304000001/primary_doc.xml
