ticker,cik,ceo,owner_cik,filed,traded,code,label,shares,value,avg_price,pct_of_holding,net_change,holding_after,residue,plan,other_codes,rows,unpriced_rows,securities,direct,form,accession,price_flag,url
COF,927628,Richard D. Fairbank,1238032,2025-11-06,2025-11-04,S,scheduled sale,103487,22837981.82,220.6845,2.5212,-50000,4001228,0,plan,M,9,0,Common Stock,D,4,0001238032-25-000008,,https://www.sec.gov/Archives/edgar/data/927628/000123803225000008/wk-form4_1762466621.xml
COF,927628,Richard D. Fairbank,1238032,2025-10-29,2025-10-27,S,scheduled sale,103486,23354788.27,225.6807,,-49993,4051228,7,plan,M,8,0,Common Stock,D,4,0001238032-25-000006,,https://www.sec.gov/Archives/edgar/data/927628/000123803225000006/wk-form4_1761773734.xml
COF,927628,Richard D. Fairbank,1238032,2023-11-14,2023-11-14,S,exercise and sell,3890,415957.70,106.9300,,0,3848412,,plan,M,1,0,Common Stock,D,4,0000927628-23-000306,,https://www.sec.gov/Archives/edgar/data/927628/000092762823000306/wk-form4_1700000264.xml
COF,927628,Richard D. Fairbank,1238032,2023-11-14,2023-11-13,S,exercise and sell,3890,404715.60,104.0400,,0,3848412,,plan,M,1,0,Common Stock,D,4,0000927628-23-000306,,https://www.sec.gov/Archives/edgar/data/927628/000092762823000306/wk-form4_1700000264.xml
COF,927628,Richard D. Fairbank,1238032,2023-11-14,2023-11-10,S,exercise and sell,3890,404560.00,104.0000,,0,3848412,0,plan,M,1,0,Common Stock,D,4,0000927628-23-000306,,https://www.sec.gov/Archives/edgar/data/927628/000092762823000306/wk-form4_1700000264.xml
COF,927628,Richard D. Fairbank,1238032,2023-11-09,2023-11-09,S,exercise and sell,3890,411406.40,105.7600,,0,3848412,,plan,M,1,0,Common Stock,D,4,0000927628-23-000302,,https://www.sec.gov/Archives/edgar/data/927628/000092762823000302/wk-form4_1699566660.xml
COF,927628,Richard D. Fairbank,1238032,2023-11-09,2023-11-08,S,exercise and sell,3891,408555.00,105.0000,,0,3848412,0,plan,M,1,0,Common Stock,D,4,0000927628-23-000302,,https://www.sec.gov/Archives/edgar/data/927628/000092762823000302/wk-form4_1699566660.xml
COF,927628,Richard D. Fairbank,1238032,2023-11-07,2023-11-07,S,exercise and sell,3891,407932.44,104.8400,,0,3848412,,plan,M,1,0,Common Stock,D,4,0000927628-23-000300,,https://www.sec.gov/Archives/edgar/data/927628/000092762823000300/wk-form4_1699392764.xml
COF,927628,Richard D. Fairbank,1238032,2023-11-07,2023-11-06,S,exercise and sell,3891,412835.10,106.1000,,0,3848412,,plan,M,1,0,Common Stock,D,4,0000927628-23-000300,,https://www.sec.gov/Archives/edgar/data/927628/000092762823000300/wk-form4_1699392764.xml
COF,927628,Richard D. Fairbank,1238032,2023-11-07,2023-11-03,S,exercise and sell,3891,411940.17,105.8700,,0,3848412,0,plan,M,1,0,Common Stock,D,4,0000927628-23-000300,,https://www.sec.gov/Archives/edgar/data/927628/000092762823000300/wk-form4_1699392764.xml
COF,927628,Richard D. Fairbank,1238032,2023-11-03,2023-11-02,S,exercise and sell,3891,396882.00,102.0000,,0,3848412,,plan,M,1,0,Common Stock,D,4,0000927628-23-000298,,https://www.sec.gov/Archives/edgar/data/927628/000092762823000298/wk-form4_1699042951.xml
COF,927628,Richard D. Fairbank,1238032,2023-11-03,2023-11-01,S,exercise and sell,3891,395520.15,101.6500,,0,3848412,0,plan,M,1,0,Common Stock,D,4,0000927628-23-000298,,https://www.sec.gov/Archives/edgar/data/927628/000092762823000298/wk-form4_1699042951.xml
COF,927628,Richard D. Fairbank,1238032,2023-11-01,2023-10-31,S,scheduled sale,3891,392524.08,100.8800,0.1010,6,3848412,,plan,M,1,0,Common Stock,D,4,0000927628-23-000291,,https://www.sec.gov/Archives/edgar/data/927628/000092762823000291/wk-form4_1698879115.xml
COF,927628,Richard D. Fairbank,1238032,2023-11-01,2023-10-30,S,scheduled sale,3891,383730.42,98.6200,,6,3848412,6,plan,M,1,0,Common Stock,D,4,0000927628-23-000291,,https://www.sec.gov/Archives/edgar/data/927628/000092762823000291/wk-form4_1698879115.xml
COF,927628,Richard D. Fairbank,1238032,2023-08-15,2023-08-14,S,exercise and sell,3891,425986.68,109.4800,,0,3848406,0,plan,M,1,0,Common Stock,D,4,0000927628-23-000271,,https://www.sec.gov/Archives/edgar/data/927628/000092762823000271/wk-form4_1692131914.xml
COF,927628,Richard D. Fairbank,1238032,2023-08-11,2023-08-11,S,exercise and sell,3891,428010.00,110.0000,,0,3848406,,discretionary,M,1,0,Common Stock,D,4,0000927628-23-000267,,https://www.sec.gov/Archives/edgar/data/927628/000092762823000267/wk-form4_1691789497.xml
COF,927628,Richard D. Fairbank,1238032,2023-08-11,2023-08-10,S,exercise and sell,3891,438282.24,112.6400,,0,3848406,,discretionary,M,1,0,Common Stock,D,4,0000927628-23-000267,,https://www.sec.gov/Archives/edgar/data/927628/000092762823000267/wk-form4_1691789497.xml
COF,927628,Richard D. Fairbank,1238032,2023-08-11,2023-08-09,S,exercise and sell,3891,443885.28,114.0800,,0,3848406,0,discretionary,M,1,0,Common Stock,D,4,0000927628-23-000267,,https://www.sec.gov/Archives/edgar/data/927628/000092762823000267/wk-form4_1691789497.xml
COF,927628,Richard D. Fairbank,1238032,2023-08-08,2023-08-08,S,exercise and sell,3891,437076.03,112.3300,,0,3848406,,plan,M,1,0,Common Stock,D,4,0000927628-23-000265,,https://www.sec.gov/Archives/edgar/data/927628/000092762823000265/wk-form4_1691537032.xml
COF,927628,Richard D. Fairbank,1238032,2023-08-08,2023-08-07,S,exercise and sell,3891,443963.10,114.1000,,0,3848406,,plan,M,1,0,Common Stock,D,4,0000927628-23-000265,,https://www.sec.gov/Archives/edgar/data/927628/000092762823000265/wk-form4_1691537032.xml
COF,927628,Richard D. Fairbank,1238032,2023-08-08,2023-08-04,S,exercise and sell,3891,438048.78,112.5800,,0,3848406,0,plan,M,1,0,Common Stock,D,4,0000927628-23-000265,,https://www.sec.gov/Archives/edgar/data/927628/000092762823000265/wk-form4_1691537032.xml
COF,927628,Richard D. Fairbank,1238032,2023-08-03,2023-08-03,S,exercise and sell,3891,438943.71,112.8100,,0,3848406,,plan,M,1,0,Common Stock,D,4,0000927628-23-000262,,https://www.sec.gov/Archives/edgar/data/927628/000092762823000262/wk-form4_1691103636.xml
COF,927628,Richard D. Fairbank,1238032,2023-08-03,2023-08-02,S,exercise and sell,3891,446453.34,114.7400,,0,3848406,,plan,M,1,0,Common Stock,D,4,0000927628-23-000262,,https://www.sec.gov/Archives/edgar/data/927628/000092762823000262/wk-form4_1691103636.xml
COF,927628,Richard D. Fairbank,1238032,2023-08-03,2023-08-01,S,exercise and sell,3891,452134.20,116.2000,,0,3848406,0,plan,M,1,0,Common Stock,D,4,0000927628-23-000262,,https://www.sec.gov/Archives/edgar/data/927628/000092762823000262/wk-form4_1691103636.xml
COF,927628,Richard D. Fairbank,1238032,2023-08-01,2023-07-31,S,exercise and sell,3891,448126.47,115.1700,,0,3848406,,plan,M,1,0,Common Stock,D,4,0000927628-23-000258,,https://www.sec.gov/Archives/edgar/data/927628/000092762823000258/wk-form4_1690924442.xml
COF,927628,Richard D. Fairbank,1238032,2023-08-01,2023-07-28,S,exercise and sell,3891,452095.29,116.1900,,0,3848406,0,plan,M,1,0,Common Stock,D,4,0000927628-23-000258,,https://www.sec.gov/Archives/edgar/data/927628/000092762823000258/wk-form4_1690924442.xml
COF,927628,Richard D. Fairbank,1238032,2023-07-28,2023-07-27,S,exercise and sell,3891,447931.92,115.1200,,0,3848406,,plan,M,1,0,Common Stock,D,4,0000927628-23-000256,,https://www.sec.gov/Archives/edgar/data/927628/000092762823000256/wk-form4_1690573681.xml
COF,927628,Richard D. Fairbank,1238032,2023-07-28,2023-07-26,S,exercise and sell,3891,447698.46,115.0600,,0,3848406,0,plan,M,1,0,Common Stock,D,4,0000927628-23-000256,,https://www.sec.gov/Archives/edgar/data/927628/000092762823000256/wk-form4_1690573681.xml
COF,927628,Richard D. Fairbank,1238032,2023-07-26,2023-07-25,S,scheduled sale,3891,456569.94,117.3400,0.1010,7,3848406,,plan,M,1,0,Common Stock,D,4,0000927628-23-000243,,https://www.sec.gov/Archives/edgar/data/927628/000092762823000243/wk-form4_1690418417.xml
COF,927628,Richard D. Fairbank,1238032,2023-07-26,2023-07-24,S,scheduled sale,3891,449527.23,115.5300,,7,3848406,7,plan,M,1,0,Common Stock,D,4,0000927628-23-000243,,https://www.sec.gov/Archives/edgar/data/927628/000092762823000243/wk-form4_1690418417.xml
COF,927628,Richard D. Fairbank,1238032,2022-11-15,2022-11-14,S,exercise and sell,12537,1438871.49,114.7700,,0,3757022,,unknown,M,1,0,Common Stock,D,4,0000927628-22-000322,,https://www.sec.gov/Archives/edgar/data/927628/000092762822000322/wf-form4_166854637815466.xml
COF,927628,Richard D. Fairbank,1238032,2022-11-15,2022-11-11,S,exercise and sell,12537,1450183.73,115.6723,,0,3757022,,unknown,M,3,0,Common Stock,D,4,0000927628-22-000322,,https://www.sec.gov/Archives/edgar/data/927628/000092762822000322/wf-form4_166854637815466.xml
COF,927628,Richard D. Fairbank,1238032,2022-11-15,2022-11-10,S,exercise and sell,12537,1357846.80,108.3072,,0,3757022,0,unknown,M,2,0,Common Stock,D,4,0000927628-22-000322,,https://www.sec.gov/Archives/edgar/data/927628/000092762822000322/wf-form4_166854637815466.xml
COF,927628,Richard D. Fairbank,1238032,2022-11-10,2022-11-09,S,exercise and sell,12538,1295425.18,103.3199,,0,3757022,,unknown,M,2,0,Common Stock,D,4,0000927628-22-000317,,https://www.sec.gov/Archives/edgar/data/927628/000092762822000317/wf-form4_166811438763088.xml
COF,927628,Richard D. Fairbank,1238032,2022-11-10,2022-11-08,S,exercise and sell,12538,1312945.98,104.7173,,0,3757022,0,unknown,M,2,0,Common Stock,D,4,0000927628-22-000317,,https://www.sec.gov/Archives/edgar/data/927628/000092762822000317/wf-form4_166811438763088.xml
COF,927628,Richard D. Fairbank,1238032,2022-11-08,2022-11-07,S,exercise and sell,12538,1294094.00,103.2138,,0,3757022,,unknown,M,2,0,Common Stock,D,4,0000927628-22-000315,,https://www.sec.gov/Archives/edgar/data/927628/000092762822000315/wf-form4_166794187173362.xml
COF,927628,Richard D. Fairbank,1238032,2022-11-08,2022-11-04,S,exercise and sell,12538,1264582.68,100.8600,,0,3757022,0,unknown,M,1,0,Common Stock,D,4,0000927628-22-000315,,https://www.sec.gov/Archives/edgar/data/927628/000092762822000315/wf-form4_166794187173362.xml
COF,927628,Richard D. Fairbank,1238032,2022-11-04,2022-11-03,S,exercise and sell,12538,1255143.38,100.1071,,0,3757022,,unknown,M,2,0,Common Stock,D,4,0000927628-22-000307,,https://www.sec.gov/Archives/edgar/data/927628/000092762822000307/wf-form4_166759234920972.xml
COF,927628,Richard D. Fairbank,1238032,2022-11-04,2022-11-02,S,exercise and sell,12538,1330532.56,106.1200,,0,3757022,0,unknown,M,1,0,Common Stock,D,4,0000927628-22-000307,,https://www.sec.gov/Archives/edgar/data/927628/000092762822000307/wf-form4_166759234920972.xml
COF,927628,Richard D. Fairbank,1238032,2022-11-02,2022-11-01,S,sale,12538,1343843.43,107.1816,0.3326,6,3757022,,unknown,M,2,0,Common Stock,D,4,0000927628-22-000297,,https://www.sec.gov/Archives/edgar/data/927628/000092762822000297/wf-form4_166741964872749.xml
COF,927628,Richard D. Fairbank,1238032,2022-11-02,2022-10-31,S,sale,12538,1332073.20,106.2429,,6,3757022,6,unknown,M,2,0,Common Stock,D,4,0000927628-22-000297,,https://www.sec.gov/Archives/edgar/data/927628/000092762822000297/wf-form4_166741964872749.xml
COF,927628,Richard D. Fairbank,1238032,2022-08-12,2022-08-12,S,exercise and sell,12538,1451433.48,115.7628,,0,3757016,,unknown,M,2,0,Common Stock,D,4,0000927628-22-000263,,https://www.sec.gov/Archives/edgar/data/927628/000092762822000263/wf-form4_166033600851160.xml
COF,927628,Richard D. Fairbank,1238032,2022-08-12,2022-08-11,S,exercise and sell,12538,1447244.06,115.4286,,0,3757016,,unknown,M,2,0,Common Stock,D,4,0000927628-22-000263,,https://www.sec.gov/Archives/edgar/data/927628/000092762822000263/wf-form4_166033600851160.xml
COF,927628,Richard D. Fairbank,1238032,2022-08-12,2022-08-10,S,exercise and sell,12538,1391561.22,110.9875,,0,3757016,0,unknown,M,4,0,Common Stock,D,4,0000927628-22-000263,,https://www.sec.gov/Archives/edgar/data/927628/000092762822000263/wf-form4_166033600851160.xml
COF,927628,Richard D. Fairbank,1238032,2022-08-10,2022-08-09,S,sale,12538,1345412.78,107.3068,0.3326,-1847,3757016,,unknown,GM,2,0,Common Stock,D,4,0000927628-22-000261,,https://www.sec.gov/Archives/edgar/data/927628/000092762822000261/wf-form4_166016198994180.xml
COF,927628,Richard D. Fairbank,1238032,2022-08-10,2022-08-08,S,sale,12538,1353602.00,107.9600,0.3326,-1847,3757016,0,unknown,GM,2,0,Common Stock,D,4,0000927628-22-000261,,https://www.sec.gov/Archives/edgar/data/927628/000092762822000261/wf-form4_166016198994180.xml
COF,927628,Richard D. Fairbank,1238032,2022-08-08,2022-08-05,S,exercise and sell,12538,1325940.58,105.7538,,0,3758863,,unknown,M,2,0,Common Stock,D,4,0000927628-22-000259,,https://www.sec.gov/Archives/edgar/data/927628/000092762822000259/wf-form4_165998944336569.xml
COF,927628,Richard D. Fairbank,1238032,2022-08-08,2022-08-04,S,exercise and sell,12538,1345308.64,107.2985,,0,3758863,0,unknown,M,2,0,Common Stock,D,4,0000927628-22-000259,,https://www.sec.gov/Archives/edgar/data/927628/000092762822000259/wf-form4_165998944336569.xml
COF,927628,Richard D. Fairbank,1238032,2022-08-04,2022-08-03,S,exercise and sell,12538,1358635.52,108.3614,,0,3758863,,unknown,M,2,0,Common Stock,D,4,0000927628-22-000257,,https://www.sec.gov/Archives/edgar/data/927628/000092762822000257/wf-form4_165964376440890.xml
COF,927628,Richard D. Fairbank,1238032,2022-08-04,2022-08-02,S,exercise and sell,12538,1356065.50,108.1564,,0,3758863,0,unknown,M,2,0,Common Stock,D,4,0000927628-22-000257,,https://www.sec.gov/Archives/edgar/data/927628/000092762822000257/wf-form4_165964376440890.xml
COF,927628,Richard D. Fairbank,1238032,2022-08-02,2022-08-01,S,exercise and sell,12538,1344001.75,107.1943,,0,3758863,,unknown,M,3,0,Common Stock,D,4,0000927628-22-000255,,https://www.sec.gov/Archives/edgar/data/927628/000092762822000255/wf-form4_165947089484784.xml
COF,927628,Richard D. Fairbank,1238032,2022-08-02,2022-07-29,S,exercise and sell,12538,1361129.60,108.5603,,0,3758863,0,unknown,M,2,0,Common Stock,D,4,0000927628-22-000255,,https://www.sec.gov/Archives/edgar/data/927628/000092762822000255/wf-form4_165947089484784.xml
COF,927628,Richard D. Fairbank,1238032,2022-07-29,2022-07-28,S,exercise and sell,12538,1360394.04,108.5017,,0,3758863,,unknown,M,3,0,Common Stock,D,4,0000927628-22-000248,,https://www.sec.gov/Archives/edgar/data/927628/000092762822000248/wf-form4_165912545445463.xml
COF,927628,Richard D. Fairbank,1238032,2022-07-29,2022-07-27,S,exercise and sell,12538,1348336.52,107.5400,,0,3758863,0,unknown,M,1,0,Common Stock,D,4,0000927628-22-000248,,https://www.sec.gov/Archives/edgar/data/927628/000092762822000248/wf-form4_165912545445463.xml
COF,927628,Richard D. Fairbank,1238032,2022-07-27,2022-07-26,S,sale,12538,1371708.06,109.4041,0.3324,10,3758863,,unknown,M,2,0,Common Stock,D,4,0000927628-22-000239,,https://www.sec.gov/Archives/edgar/data/927628/000092762822000239/wf-form4_165895259387859.xml
COF,927628,Richard D. Fairbank,1238032,2022-07-27,2022-07-25,S,sale,12538,1364017.14,108.7906,,10,3758863,10,unknown,M,3,0,Common Stock,D,4,0000927628-22-000239,,https://www.sec.gov/Archives/edgar/data/927628/000092762822000239/wf-form4_165895259387859.xml
COF,927628,Richard D. Fairbank,1238032,2022-01-31,2022-01-27,S,sale,57,8368.74,146.8200,,55,3758853,12,unknown,M,1,0,Common Stock,D,4,0000927628-22-000013,,https://www.sec.gov/Archives/edgar/data/927628/000092762822000013/wf-form4_164366361944226.xml
COF,927628,Richard D. Fairbank,1238032,2021-07-29,2021-07-27,S,sale,218989,35435151.19,161.8125,,140923,3758798,3,unknown,M,5,0,Common Stock,D,4,0000927628-21-000250,,https://www.sec.gov/Archives/edgar/data/927628/000092762821000250/wf-form4_162758999805261.xml
COF,927628,Richard D. Fairbank,1238032,2020-11-16,2020-11-13,S,sale,31050,2641012.50,85.0568,0.8500,18861,3622086,,unknown,M,3,0,Common Stock,D,4,0000927628-20-000308,,https://www.sec.gov/Archives/edgar/data/927628/000092762820000308/wf-form4_160556101193890.xml
COF,927628,Richard D. Fairbank,1238032,2020-11-16,2020-11-12,S,sale,31205,2604340.10,83.4591,0.8542,18861,3622086,0,unknown,M,2,0,Common Stock,D,4,0000927628-20-000308,,https://www.sec.gov/Archives/edgar/data/927628/000092762820000308/wf-form4_160556101193890.xml
COF,927628,Richard D. Fairbank,1238032,2020-11-12,2020-11-11,S,sale,30940,2629969.42,85.0022,0.8514,29829,3603225,,unknown,M,3,0,Common Stock,D,4,0000927628-20-000303,,https://www.sec.gov/Archives/edgar/data/927628/000092762820000303/wf-form4_160521587726589.xml
COF,927628,Richard D. Fairbank,1238032,2020-11-12,2020-11-10,S,sale,30560,2675458.10,87.5477,0.8410,29829,3603225,,unknown,M,3,0,Common Stock,D,4,0000927628-20-000303,,https://www.sec.gov/Archives/edgar/data/927628/000092762820000303/wf-form4_160521587726589.xml
COF,927628,Richard D. Fairbank,1238032,2020-11-12,2020-11-09,S,sale,30345,2693198.54,88.7526,0.8351,29829,3603225,0,unknown,M,3,0,Common Stock,D,4,0000927628-20-000303,,https://www.sec.gov/Archives/edgar/data/927628/000092762820000303/wf-form4_160521587726589.xml
COF,927628,Richard D. Fairbank,1238032,2020-11-09,2020-11-06,S,sale,31910,2514838.20,78.8103,0.8851,16951,3573396,,unknown,M,3,0,Common Stock,D,4,0000927628-20-000299,,https://www.sec.gov/Archives/edgar/data/927628/000092762820000299/wf-form4_160495619012784.xml
COF,927628,Richard D. Fairbank,1238032,2020-11-09,2020-11-05,S,sale,32255,2498794.48,77.4700,0.8946,16951,3573396,0,unknown,M,3,0,Common Stock,D,4,0000927628-20-000299,,https://www.sec.gov/Archives/edgar/data/927628/000092762820000299/wf-form4_160495619012784.xml
COF,927628,Richard D. Fairbank,1238032,2020-11-05,2020-11-04,S,sale,32490,2462652.40,75.7972,0.9053,6206,3556445,,unknown,GM,4,0,Common Stock,D,4,0000927628-20-000297,,https://www.sec.gov/Archives/edgar/data/927628/000092762820000297/wf-form4_160461128083518.xml
COF,927628,Richard D. Fairbank,1238032,2020-11-05,2020-11-03,S,sale,32060,2503329.76,78.0827,0.8934,6206,3556445,0,unknown,GM,2,0,Common Stock,D,4,0000927628-20-000297,,https://www.sec.gov/Archives/edgar/data/927628/000092762820000297/wf-form4_160461128083518.xml
COF,927628,Richard D. Fairbank,1238032,2020-11-03,2020-11-02,S,sale,32728,2448982.93,74.8284,0.9134,15171,3550239,,unknown,M,2,0,Common Stock,D,4,0000927628-20-000292,,https://www.sec.gov/Archives/edgar/data/927628/000092762820000292/wf-form4_160443754399236.xml
COF,927628,Richard D. Fairbank,1238032,2020-11-03,2020-10-30,S,sale,33217,2401824.62,72.3071,0.9270,15171,3550239,0,unknown,M,2,0,Common Stock,D,4,0000927628-20-000292,,https://www.sec.gov/Archives/edgar/data/927628/000092762820000292/wf-form4_160443754399236.xml
COF,927628,Richard D. Fairbank,1238032,2020-10-30,2020-10-29,S,sale,33275,2400547.38,72.1427,0.9325,14684,3535068,,unknown,M,3,0,Common Stock,D,4,0000927628-20-000281,,https://www.sec.gov/Archives/edgar/data/927628/000092762820000281/wf-form4_160409024157952.xml
COF,927628,Richard D. Fairbank,1238032,2020-10-30,2020-10-28,S,sale,33155,2400845.83,72.4128,0.9292,14684,3535068,0,unknown,M,3,0,Common Stock,D,4,0000927628-20-000281,,https://www.sec.gov/Archives/edgar/data/927628/000092762820000281/wf-form4_160409024157952.xml
COF,927628,Richard D. Fairbank,1238032,2020-10-28,2020-10-27,S,sale,32796,2434005.81,74.2165,0.9230,15712,3520384,,unknown,M,2,0,Common Stock,D,4,0000927628-20-000278,,https://www.sec.gov/Archives/edgar/data/927628/000092762820000278/wf-form4_160391747253307.xml
COF,927628,Richard D. Fairbank,1238032,2020-10-28,2020-10-26,S,sale,32615,2452890.72,75.2074,,15712,3520384,9,unknown,M,3,0,Common Stock,D,4,0000927628-20-000278,,https://www.sec.gov/Archives/edgar/data/927628/000092762820000278/wf-form4_160391747253307.xml
COF,927628,Richard D. Fairbank,1238032,2018-07-25,2018-07-24,S,sale,242090,24046555.10,99.3290,,4,2769142,4,unknown,M,2,0,Common Stock,D,4,0000927628-18-000273,,https://www.sec.gov/Archives/edgar/data/927628/000092762818000273/wf-form4_153255375415826.xml
COF,927628,Richard D. Fairbank,1238032,2018-05-10,2018-05-08,S,exercise and sell,511,48545.00,95.0000,,0,2769138,0,unknown,M,1,0,Common Stock,D,4,0000927628-18-000210,,https://www.sec.gov/Archives/edgar/data/927628/000092762818000210/wf-form4_152599259262973.xml
COF,927628,Richard D. Fairbank,1238032,2018-04-27,2018-04-25,S,exercise and sell,242600,22594332.53,93.1341,,0,2769138,0,unknown,M,4,0,Common Stock,D,4,0000927628-18-000168,,https://www.sec.gov/Archives/edgar/data/927628/000092762818000168/wf-form4_152486277846711.xml
COF,927628,Richard D. Fairbank,1238032,2018-01-26,2018-01-25,S,sale,185202,19373740.86,104.6087,6.4677,5,2678270,,unknown,M,3,0,Common Stock,D,4,0000927628-18-000020,,https://www.sec.gov/Archives/edgar/data/927628/000092762818000020/wf-form4_151700710737259.xml
COF,927628,Richard D. Fairbank,1238032,2018-01-26,2018-01-24,S,sale,300000,31616419.40,105.3881,,5,2678270,5,unknown,M,3,0,Common Stock,D,4,0000927628-18-000020,,https://www.sec.gov/Archives/edgar/data/927628/000092762818000020/wf-form4_151700710737259.xml
COF,927628,Richard D. Fairbank,1238032,2017-07-27,2017-07-26,S,sale,67419,5816128.74,86.2684,2.4534,5,2680556,,unknown,M,2,0,Common Stock,D,4,0000927628-17-000240,,https://www.sec.gov/Archives/edgar/data/927628/000092762817000240/wf-form4_150119280973320.xml
COF,927628,Richard D. Fairbank,1238032,2017-07-27,2017-07-25,S,sale,300000,26156887.20,87.1896,,5,2680556,5,unknown,M,2,0,Common Stock,D,4,0000927628-17-000240,,https://www.sec.gov/Archives/edgar/data/927628/000092762817000240/wf-form4_150119280973320.xml
COF,927628,Richard D. Fairbank,1238032,2017-02-01,2017-01-30,S,exercise and sell,145974,12876539.19,88.2112,,0,2593021,0,unknown,M,2,0,Common Stock,D,4,0000927628-17-000014,,https://www.sec.gov/Archives/edgar/data/927628/000092762817000014/wf-form4_148598430132981.xml
COF,927628,Richard D. Fairbank,1238032,2017-01-30,2017-01-27,S,sale,300000,26795080.00,89.3169,10.3698,5,2593021,,unknown,M,2,0,Common Stock,D,4,0000927628-17-000011,,https://www.sec.gov/Archives/edgar/data/927628/000092762817000011/wf-form4_148581249071371.xml
COF,927628,Richard D. Fairbank,1238032,2017-01-30,2017-01-26,S,sale,300000,26674177.41,88.9139,,5,2593021,5,unknown,M,2,0,Common Stock,D,4,0000927628-17-000011,,https://www.sec.gov/Archives/edgar/data/927628/000092762817000011/wf-form4_148581249071371.xml
COF,927628,Richard D. Fairbank,1238032,2016-11-14,2016-11-11,S,exercise and sell,132942,10648654.20,80.1000,,0,2593016,,unknown,M,1,0,Common Stock,D,4,0001225208-16-041701,,https://www.sec.gov/Archives/edgar/data/927628/000122520816041701/doc4.xml
COF,927628,Richard D. Fairbank,1238032,2016-11-14,2016-11-10,S,exercise and sell,378100,29624399.69,78.3507,,0,2593016,,unknown,M,3,0,Common Stock,D,4,0001225208-16-041701,,https://www.sec.gov/Archives/edgar/data/927628/000122520816041701/doc4.xml
COF,927628,Richard D. Fairbank,1238032,2016-11-14,2016-11-09,S,exercise and sell,361982,27502019.86,75.9762,,0,2593016,0,unknown,M,2,0,Common Stock,D,4,0001225208-16-041701,,https://www.sec.gov/Archives/edgar/data/927628/000122520816041701/doc4.xml
COF,927628,Richard D. Fairbank,1238032,2016-11-02,2016-10-31,S,exercise and sell,4300,323016.00,75.1200,,0,2593016,0,unknown,M,1,0,Common Stock,D,4,0001225208-16-041011,,https://www.sec.gov/Archives/edgar/data/927628/000122520816041011/doc4.xml
COF,927628,Richard D. Fairbank,1238032,2016-10-31,2016-10-28,S,sale,6800,510204.00,75.0300,0.2616,11,2593016,,unknown,M,1,0,Common Stock,D,4,0001225208-16-040864,,https://www.sec.gov/Archives/edgar/data/927628/000122520816040864/doc4.xml
COF,927628,Richard D. Fairbank,1238032,2016-10-31,2016-10-27,S,sale,259114,19475008.24,75.1600,,11,2593016,11,unknown,M,1,0,Common Stock,D,4,0001225208-16-040864,,https://www.sec.gov/Archives/edgar/data/927628/000122520816040864/doc4.xml
COF,927628,Richard D. Fairbank,1238032,2014-12-09,2014-12-05,S,sale,272562,22576310.46,82.8300,,,,,unknown,M,1,0,Common Stock,D,4,0001225208-14-024640,,https://www.sec.gov/Archives/edgar/data/927628/000122520814024640/doc4.xml
COF,927628,Richard D. Fairbank,1238032,2014-12-05,2014-12-03,S,sale,16517,1362156.99,82.4700,,,,,unknown,M,1,0,Common Stock,D,4,0001225208-14-024479,,https://www.sec.gov/Archives/edgar/data/927628/000122520814024479/doc4.xml
COF,927628,Richard D. Fairbank,1238032,2014-12-03,2014-12-02,S,sale,115828,9556968.28,82.5100,,,,,unknown,M,1,0,Common Stock,D,4,0001225208-14-024355,,https://www.sec.gov/Archives/edgar/data/927628/000122520814024355/doc4.xml
COF,927628,Richard D. Fairbank,1238032,2014-12-03,2014-12-01,S,sale,161093,13296616.22,82.5400,,,,,unknown,M,1,0,Common Stock,D,4,0001225208-14-024355,,https://www.sec.gov/Archives/edgar/data/927628/000122520814024355/doc4.xml
COF,927628,Richard D. Fairbank,1238032,2013-11-20,2013-11-18,S,sale,108338,7595577.18,70.1100,,,,,unknown,,1,0,Common Stock,D,4,0001225208-13-023969,,https://www.sec.gov/Archives/edgar/data/927628/000122520813023969/doc4.xml
COF,927628,Richard D. Fairbank,1238032,2013-11-15,2013-11-15,S,sale,300000,21135000.00,70.4500,,,,,unknown,M,1,0,Common Stock,D,4,0001225208-13-023646,,https://www.sec.gov/Archives/edgar/data/927628/000122520813023646/doc4.xml
COF,927628,Richard D. Fairbank,1238032,2013-11-15,2013-11-14,S,sale,501662,35376086.78,70.5178,,,,,unknown,M,2,0,Common Stock,D,4,0001225208-13-023646,,https://www.sec.gov/Archives/edgar/data/927628/000122520813023646/doc4.xml
COF,927628,Richard D. Fairbank,1238032,2008-05-29,2008-05-29,S,sale,4600,222248.00,48.3148,,,,,unknown,M,27,0,Common Stock,D,4,0001181431-08-035343,,https://www.sec.gov/Archives/edgar/data/927628/000118143108035343/rrd209055.xml
COF,927628,Richard D. Fairbank,1238032,2008-05-29,2008-05-29,S,sale,7046,342705.90,48.6384,,,,,unknown,,29,0,Common Stock,D,4,0001181431-08-035345,,https://www.sec.gov/Archives/edgar/data/927628/000118143108035345/rrd209058.xml
COF,927628,Richard D. Fairbank,1238032,2008-05-29,2008-05-29,S,sale,3000,146862.00,48.9540,,,,,unknown,,18,0,Common Stock,D,4,0001181431-08-035347,,https://www.sec.gov/Archives/edgar/data/927628/000118143108035347/rrd209053.xml
COF,927628,Richard D. Fairbank,1238032,2008-05-29,2008-05-28,S,sale,6300,300420.00,47.6857,,,,,unknown,M,27,0,Common Stock,D,4,0001181431-08-035339,,https://www.sec.gov/Archives/edgar/data/927628/000118143108035339/rrd208908.xml
COF,927628,Richard D. Fairbank,1238032,2008-05-29,2008-05-28,S,sale,5700,273476.00,47.9782,,,,,unknown,,29,0,Common Stock,D,4,0001181431-08-035340,,https://www.sec.gov/Archives/edgar/data/927628/000118143108035340/rrd208921.xml
COF,927628,Richard D. Fairbank,1238032,2008-05-29,2008-05-28,S,sale,2634,127843.00,48.5357,,,,,unknown,,22,0,Common Stock,D,4,0001181431-08-035341,,https://www.sec.gov/Archives/edgar/data/927628/000118143108035341/rrd208927.xml
COF,927628,Richard D. Fairbank,1238032,2008-05-29,2008-05-27,S,sale,5800,278955.00,48.0957,,,,,unknown,M,27,0,Common Stock,D,4,0001181431-08-035336,,https://www.sec.gov/Archives/edgar/data/927628/000118143108035336/rrd208886.xml
COF,927628,Richard D. Fairbank,1238032,2008-05-29,2008-05-27,S,sale,6434,311776.72,48.4577,,,,,unknown,,29,0,Common Stock,D,4,0001181431-08-035337,,https://www.sec.gov/Archives/edgar/data/927628/000118143108035337/rrd208890.xml
COF,927628,Richard D. Fairbank,1238032,2008-05-29,2008-05-27,S,sale,2400,116932.00,48.7217,,,,,unknown,,17,0,Common Stock,D,4,0001181431-08-035338,,https://www.sec.gov/Archives/edgar/data/927628/000118143108035338/rrd208901.xml
COF,927628,Richard D. Fairbank,1238032,2008-05-27,2008-05-23,S,sale,6234,295828.98,47.4541,,,,,unknown,M,27,0,Common Stock,D,4,0001181431-08-034673,,https://www.sec.gov/Archives/edgar/data/927628/000118143108034673/rrd208475.xml
COF,927628,Richard D. Fairbank,1238032,2008-05-27,2008-05-23,S,sale,6500,310287.00,47.7365,,,,,unknown,,29,0,Common Stock,D,4,0001181431-08-034674,,https://www.sec.gov/Archives/edgar/data/927628/000118143108034674/rrd208478.xml
COF,927628,Richard D. Fairbank,1238032,2008-05-27,2008-05-23,S,sale,1900,91515.00,48.1658,,,,,unknown,,10,0,Common Stock,D,4,0001181431-08-034675,,https://www.sec.gov/Archives/edgar/data/927628/000118143108034675/rrd208481.xml
COF,927628,Richard D. Fairbank,1238032,2008-05-27,2008-05-22,S,sale,3600,172701.00,47.9725,,,,,unknown,M,27,0,Common Stock,D,4,0001181431-08-034670,,https://www.sec.gov/Archives/edgar/data/927628/000118143108034670/rrd208467.xml
COF,927628,Richard D. Fairbank,1238032,2008-05-27,2008-05-22,S,sale,5934,289545.56,48.7943,,,,,unknown,,29,0,Common Stock,D,4,0001181431-08-034671,,https://www.sec.gov/Archives/edgar/data/927628/000118143108034671/rrd208469.xml
COF,927628,Richard D. Fairbank,1238032,2008-05-27,2008-05-22,S,sale,5100,250600.00,49.1373,,,,,unknown,,28,0,Common Stock,D,4,0001181431-08-034672,,https://www.sec.gov/Archives/edgar/data/927628/000118143108034672/rrd208468.xml
COF,927628,Richard D. Fairbank,1238032,2008-05-22,2008-05-21,S,sale,4034,193931.34,48.0742,,,,,unknown,M,27,0,Common Stock,D,4,0001181431-08-033881,,https://www.sec.gov/Archives/edgar/data/927628/000118143108033881/rrd208023.xml
COF,927628,Richard D. Fairbank,1238032,2008-05-22,2008-05-21,S,sale,4700,229973.96,48.9306,,,,,unknown,,29,0,Common Stock,D,4,0001181431-08-033883,,https://www.sec.gov/Archives/edgar/data/927628/000118143108033883/rrd208038.xml
COF,927628,Richard D. Fairbank,1238032,2008-05-22,2008-05-21,S,sale,4000,198281.00,49.5703,,,,,unknown,,29,0,Common Stock,D,4,0001181431-08-033884,,https://www.sec.gov/Archives/edgar/data/927628/000118143108033884/rrd208042.xml
COF,927628,Richard D. Fairbank,1238032,2008-05-22,2008-05-21,S,sale,1900,95015.00,50.0079,,,,,unknown,,12,0,Common Stock,D,4,0001181431-08-033885,,https://www.sec.gov/Archives/edgar/data/927628/000118143108033885/rrd208048.xml
COF,927628,Richard D. Fairbank,1238032,2008-05-22,2008-05-20,S,sale,4300,213147.00,49.5691,,,,,unknown,M,26,0,Common Stock,D,4,0001181431-08-033877,,https://www.sec.gov/Archives/edgar/data/927628/000118143108033877/rrd208022.xml
COF,927628,Richard D. Fairbank,1238032,2008-05-22,2008-05-20,S,sale,8134,405704.69,49.8776,,,,,unknown,,29,0,Common Stock,D,4,0001181431-08-033878,,https://www.sec.gov/Archives/edgar/data/927628/000118143108033878/rrd208032.xml
COF,927628,Richard D. Fairbank,1238032,2008-05-22,2008-05-20,S,sale,1500,75191.00,50.1273,,,,,unknown,,8,0,Common Stock,D,4,0001181431-08-033879,,https://www.sec.gov/Archives/edgar/data/927628/000118143108033879/rrd208046.xml
COF,927628,Richard D. Fairbank,1238032,2008-05-22,2008-05-19,S,sale,700,34755.00,49.6500,,,,,unknown,M,1,0,Common Stock,D,4,0001181431-08-033877,,https://www.sec.gov/Archives/edgar/data/927628/000118143108033877/rrd208022.xml
COF,927628,Richard D. Fairbank,1238032,2008-05-20,2008-05-19,S,sale,3834,198330.46,51.7294,,,,,unknown,M,27,0,Common Stock,D,4,0001181431-08-033045,,https://www.sec.gov/Archives/edgar/data/927628/000118143108033045/rrd207541.xml
COF,927628,Richard D. Fairbank,1238032,2008-05-20,2008-05-19,S,sale,4600,240503.00,52.2833,,,,,unknown,,29,0,Common Stock,D,4,0001181431-08-033046,,https://www.sec.gov/Archives/edgar/data/927628/000118143108033046/rrd207545.xml
COF,927628,Richard D. Fairbank,1238032,2008-05-20,2008-05-19,S,sale,4400,233716.00,53.1173,,,,,unknown,,28,0,Common Stock,D,4,0001181431-08-033047,,https://www.sec.gov/Archives/edgar/data/927628/000118143108033047/rrd207547.xml
COF,927628,Richard D. Fairbank,1238032,2008-05-20,2008-05-19,S,sale,1700,90813.00,53.4194,,,,,unknown,,15,0,Common Stock,D,4,0001181431-08-033048,,https://www.sec.gov/Archives/edgar/data/927628/000118143108033048/rrd207538.xml
COF,927628,Richard D. Fairbank,1238032,2008-05-20,2008-05-16,S,sale,4800,245681.00,51.1835,,,,,unknown,M,27,0,Common Stock,D,4,0001181431-08-033042,,https://www.sec.gov/Archives/edgar/data/927628/000118143108033042/rrd207535.xml
COF,927628,Richard D. Fairbank,1238032,2008-05-20,2008-05-16,S,sale,4534,233873.46,51.5821,,,,,unknown,,29,0,Common Stock,D,4,0001181431-08-033043,,https://www.sec.gov/Archives/edgar/data/927628/000118143108033043/rrd207536.xml
COF,927628,Richard D. Fairbank,1238032,2008-05-20,2008-05-16,S,sale,5300,276424.00,52.1555,,,,,unknown,,27,0,Common Stock,D,4,0001181431-08-033044,,https://www.sec.gov/Archives/edgar/data/927628/000118143108033044/rrd207539.xml
COF,927628,Richard D. Fairbank,1238032,2008-05-20,2008-05-16,S,sale,100,5322.00,53.2200,,,,,unknown,,1,0,Common Stock,D,4,0001181431-08-033047,,https://www.sec.gov/Archives/edgar/data/927628/000118143108033047/rrd207547.xml
COF,927628,Richard D. Fairbank,1238032,2008-05-15,2008-05-15,S,sale,4700,243041.00,51.7109,,,,,unknown,M,27,0,Common Stock,D,4,0001181431-08-031874,,https://www.sec.gov/Archives/edgar/data/927628/000118143108031874/rrd207115.xml
COF,927628,Richard D. Fairbank,1238032,2008-05-15,2008-05-15,S,sale,5300,276226.00,52.1181,,,,,unknown,,29,0,Common Stock,D,4,0001181431-08-031875,,https://www.sec.gov/Archives/edgar/data/927628/000118143108031875/rrd207117.xml
COF,927628,Richard D. Fairbank,1238032,2008-05-15,2008-05-15,S,sale,4134,217134.16,52.5240,,,,,unknown,,29,0,Common Stock,D,4,0001181431-08-031876,,https://www.sec.gov/Archives/edgar/data/927628/000118143108031876/rrd207121.xml
COF,927628,Richard D. Fairbank,1238032,2008-05-15,2008-05-15,S,sale,500,26394.00,52.7880,,,,,unknown,,4,0,Common Stock,D,4,0001181431-08-031877,,https://www.sec.gov/Archives/edgar/data/927628/000118143108031877/rrd207125.xml
COF,927628,Richard D. Fairbank,1238032,2008-05-15,2008-05-14,S,sale,3834,197135.72,51.4178,,,,,unknown,M,27,0,Common Stock,D,4,0001181431-08-031870,,https://www.sec.gov/Archives/edgar/data/927628/000118143108031870/rrd206884.xml
COF,927628,Richard D. Fairbank,1238032,2008-05-15,2008-05-14,S,sale,7600,394409.00,51.8959,,,,,unknown,,29,0,Common Stock,D,4,0001181431-08-031871,,https://www.sec.gov/Archives/edgar/data/927628/000118143108031871/rrd206885.xml
COF,927628,Richard D. Fairbank,1238032,2008-05-15,2008-05-14,S,sale,3200,166794.00,52.1231,,,,,unknown,,19,0,Common Stock,D,4,0001181431-08-031873,,https://www.sec.gov/Archives/edgar/data/927628/000118143108031873/rrd206886.xml
COF,927628,Richard D. Fairbank,1238032,2008-05-15,2008-05-13,S,sale,4234,219490.22,51.8399,,,,,unknown,M,27,0,Common Stock,D,4,0001181431-08-031866,,https://www.sec.gov/Archives/edgar/data/927628/000118143108031866/rrd206623.xml
COF,927628,Richard D. Fairbank,1238032,2008-05-15,2008-05-13,S,sale,6000,312995.00,52.1658,,,,,unknown,,29,0,Common Stock,D,4,0001181431-08-031867,,https://www.sec.gov/Archives/edgar/data/927628/000118143108031867/rrd206628.xml
COF,927628,Richard D. Fairbank,1238032,2008-05-15,2008-05-13,S,sale,3500,184580.00,52.7371,,,,,unknown,,29,0,Common Stock,D,4,0001181431-08-031868,,https://www.sec.gov/Archives/edgar/data/927628/000118143108031868/rrd206629.xml
COF,927628,Richard D. Fairbank,1238032,2008-05-15,2008-05-13,S,sale,900,48230.00,53.5889,,,,,unknown,,5,0,Common Stock,D,4,0001181431-08-031869,,https://www.sec.gov/Archives/edgar/data/927628/000118143108031869/rrd206626.xml
COF,927628,Richard D. Fairbank,1238032,2008-05-13,2008-05-12,S,sale,13100,701941.00,53.5833,,,,,unknown,M,27,0,Common Stock,D,4,0001181431-08-030958,,https://www.sec.gov/Archives/edgar/data/927628/000118143108030958/rrd206560.xml
COF,927628,Richard D. Fairbank,1238032,2008-05-13,2008-05-12,S,sale,1534,82726.28,53.9285,,,,,unknown,,6,0,Common Stock,D,4,0001181431-08-030959,,https://www.sec.gov/Archives/edgar/data/927628/000118143108030959/rrd206564.xml
COF,927628,Richard D. Fairbank,1238032,2008-05-12,2008-05-09,S,sale,7700,407904.00,52.9745,,,,,unknown,M,27,0,Common Stock,D,4,0001181431-08-030684,,https://www.sec.gov/Archives/edgar/data/927628/000118143108030684/rrd206368.xml
COF,927628,Richard D. Fairbank,1238032,2008-05-12,2008-05-09,S,sale,4134,220407.76,53.3159,,,,,unknown,,29,0,Common Stock,D,4,0001181431-08-030685,,https://www.sec.gov/Archives/edgar/data/927628/000118143108030685/rrd206370.xml
COF,927628,Richard D. Fairbank,1238032,2008-05-12,2008-05-09,S,sale,2800,150959.00,53.9139,,,,,unknown,,23,0,Common Stock,D,4,0001181431-08-030686,,https://www.sec.gov/Archives/edgar/data/927628/000118143108030686/rrd206374.xml
COF,927628,Richard D. Fairbank,1238032,2008-05-12,2008-05-08,S,sale,5700,304447.00,53.4118,,,,,unknown,M,27,0,Common Stock,D,4,0001181431-08-030673,,https://www.sec.gov/Archives/edgar/data/927628/000118143108030673/rrd206348.xml
COF,927628,Richard D. Fairbank,1238032,2008-05-12,2008-05-08,S,sale,7834,420662.52,53.6970,,,,,unknown,,29,0,Common Stock,D,4,0001181431-08-030674,,https://www.sec.gov/Archives/edgar/data/927628/000118143108030674/rrd206352.xml
COF,927628,Richard D. Fairbank,1238032,2008-05-12,2008-05-08,S,sale,1100,59504.00,54.0945,,,,,unknown,,7,0,Common Stock,D,4,0001181431-08-030681,,https://www.sec.gov/Archives/edgar/data/927628/000118143108030681/rrd206366.xml
COF,927628,Richard D. Fairbank,1238032,2008-05-08,2008-05-07,S,sale,3834,208431.78,54.3641,,,,,unknown,M,27,0,Common Stock,D,4,0001181431-08-029931,,https://www.sec.gov/Archives/edgar/data/927628/000118143108029931/rrd205840.xml
COF,927628,Richard D. Fairbank,1238032,2008-05-08,2008-05-07,S,sale,3800,210469.00,55.3866,,,,,unknown,,29,0,Common Stock,D,4,0001181431-08-029933,,https://www.sec.gov/Archives/edgar/data/927628/000118143108029933/rrd205842.xml
COF,927628,Richard D. Fairbank,1238032,2008-05-08,2008-05-07,S,sale,5000,279953.00,55.9906,,,,,unknown,,29,0,Common Stock,D,4,0001181431-08-029934,,https://www.sec.gov/Archives/edgar/data/927628/000118143108029934/rrd205845.xml
COF,927628,Richard D. Fairbank,1238032,2008-05-08,2008-05-07,S,sale,2000,112664.00,56.3320,,,,,unknown,,12,0,Common Stock,D,4,0001181431-08-029935,,https://www.sec.gov/Archives/edgar/data/927628/000118143108029935/rrd205846.xml
COF,927628,Richard D. Fairbank,1238032,2008-05-08,2008-05-06,S,sale,3600,195706.00,54.3628,,,,,unknown,M,27,0,Common Stock,D,4,0001181431-08-029921,,https://www.sec.gov/Archives/edgar/data/927628/000118143108029921/rrd205833.xml
COF,927628,Richard D. Fairbank,1238032,2008-05-08,2008-05-06,S,sale,3700,205374.00,55.5065,,,,,unknown,,29,0,Common Stock,D,4,0001181431-08-029924,,https://www.sec.gov/Archives/edgar/data/927628/000118143108029924/rrd205836.xml
COF,927628,Richard D. Fairbank,1238032,2008-05-08,2008-05-06,S,sale,5234,293270.08,56.0317,,,,,unknown,,29,0,Common Stock,D,4,0001181431-08-029926,,https://www.sec.gov/Archives/edgar/data/927628/000118143108029926/rrd205837.xml
COF,927628,Richard D. Fairbank,1238032,2008-05-08,2008-05-06,S,sale,2100,118955.00,56.6452,,,,,unknown,,16,0,Common Stock,D,4,0001181431-08-029929,,https://www.sec.gov/Archives/edgar/data/927628/000118143108029929/rrd205838.xml
COF,927628,Richard D. Fairbank,1238032,2008-05-06,2008-05-05,S,sale,4400,242121.00,55.0275,,,,,unknown,M,27,0,Common Stock,D,4,0001181431-08-029268,,https://www.sec.gov/Archives/edgar/data/927628/000118143108029268/rrd205576.xml
COF,927628,Richard D. Fairbank,1238032,2008-05-06,2008-05-05,S,sale,7134,395751.96,55.4741,,,,,unknown,,29,0,Common Stock,D,4,0001181431-08-029270,,https://www.sec.gov/Archives/edgar/data/927628/000118143108029270/rrd205577.xml
COF,927628,Richard D. Fairbank,1238032,2008-05-06,2008-05-05,S,sale,3100,173314.00,55.9077,,,,,unknown,,23,0,Common Stock,D,4,0001181431-08-029274,,https://www.sec.gov/Archives/edgar/data/927628/000118143108029274/rrd205585.xml
COF,927628,Richard D. Fairbank,1238032,2008-05-06,2008-05-02,S,sale,4034,222302.04,55.1071,,,,,unknown,GM,26,0,Common Stock,D,4,0001181431-08-029257,,https://www.sec.gov/Archives/edgar/data/927628/000118143108029257/rrd205567.xml
COF,927628,Richard D. Fairbank,1238032,2008-05-06,2008-05-02,S,sale,4700,260998.00,55.5315,,,,,unknown,,29,0,Common Stock,D,4,0001181431-08-029259,,https://www.sec.gov/Archives/edgar/data/927628/000118143108029259/rrd205568.xml
COF,927628,Richard D. Fairbank,1238032,2008-05-06,2008-05-02,S,sale,4100,230622.00,56.2493,,,,,unknown,,29,0,Common Stock,D,4,0001181431-08-029260,,https://www.sec.gov/Archives/edgar/data/927628/000118143108029260/rrd205573.xml
COF,927628,Richard D. Fairbank,1238032,2008-05-06,2008-05-02,S,sale,1800,102956.00,57.1978,,,,,unknown,,16,0,Common Stock,D,4,0001181431-08-029267,,https://www.sec.gov/Archives/edgar/data/927628/000118143108029267/rrd205574.xml
COF,927628,Richard D. Fairbank,1238032,2008-05-02,2008-05-01,S,sale,3700,196810.00,53.1919,,,,,unknown,M,27,0,Common Stock,D,4,0001181431-08-028591,,https://www.sec.gov/Archives/edgar/data/927628/000118143108028591/rrd205028.xml
COF,927628,Richard D. Fairbank,1238032,2008-05-02,2008-05-01,S,sale,3400,184942.00,54.3947,,,,,unknown,,29,0,Common Stock,D,4,0001181431-08-028592,,https://www.sec.gov/Archives/edgar/data/927628/000118143108028592/rrd205016.xml
COF,927628,Richard D. Fairbank,1238032,2008-05-02,2008-05-01,S,sale,4400,243300.00,55.2955,,,,,unknown,,28,0,Common Stock,D,4,0001181431-08-028593,,https://www.sec.gov/Archives/edgar/data/927628/000118143108028593/rrd205031.xml
COF,927628,Richard D. Fairbank,1238032,2008-05-02,2008-05-01,S,sale,3134,174398.24,55.6472,,,,,unknown,,21,0,Common Stock,D,4,0001181431-08-028594,,https://www.sec.gov/Archives/edgar/data/927628/000118143108028594/rrd205035.xml
COF,927628,Richard D. Fairbank,1238032,2008-05-02,2008-04-30,S,sale,7434,393862.98,52.9813,,,,,unknown,M,27,0,Common Stock,D,4,0001181431-08-028584,,https://www.sec.gov/Archives/edgar/data/927628/000118143108028584/rrd204992.xml
COF,927628,Richard D. Fairbank,1238032,2008-05-02,2008-04-30,S,sale,6300,335557.00,53.2630,,,,,unknown,,29,0,Common Stock,D,4,0001181431-08-028585,,https://www.sec.gov/Archives/edgar/data/927628/000118143108028585/rrd204998.xml
COF,927628,Richard D. Fairbank,1238032,2008-05-02,2008-04-30,S,sale,900,48385.00,53.7611,,,,,unknown,,8,0,Common Stock,D,4,0001181431-08-028586,,https://www.sec.gov/Archives/edgar/data/927628/000118143108028586/rrd205006.xml
COF,927628,Richard D. Fairbank,1238032,2008-04-30,2008-04-29,S,sale,4000,212808.00,53.2020,,,,,unknown,M,27,0,Common Stock,D,4,0001181431-08-027644,,https://www.sec.gov/Archives/edgar/data/927628/000118143108027644/rrd204602.xml
COF,927628,Richard D. Fairbank,1238032,2008-04-30,2008-04-29,S,sale,7834,419848.14,53.5931,,,,,unknown,,29,0,Common Stock,D,4,0001181431-08-027645,,https://www.sec.gov/Archives/edgar/data/927628/000118143108027645/rrd204603.xml
COF,927628,Richard D. Fairbank,1238032,2008-04-30,2008-04-29,S,sale,2800,151145.00,53.9804,,,,,unknown,,20,0,Common Stock,D,4,0001181431-08-027646,,https://www.sec.gov/Archives/edgar/data/927628/000118143108027646/rrd204604.xml
COF,927628,Richard D. Fairbank,1238032,2008-04-30,2008-04-28,S,sale,3500,178375.00,50.9643,,,,,unknown,M,27,0,Common Stock,D,4,0001181431-08-027639,,https://www.sec.gov/Archives/edgar/data/927628/000118143108027639/rrd204593.xml
COF,927628,Richard D. Fairbank,1238032,2008-04-30,2008-04-28,S,sale,4300,226151.00,52.5933,,,,,unknown,,29,0,Common Stock,D,4,0001181431-08-027640,,https://www.sec.gov/Archives/edgar/data/927628/000118143108027640/rrd204601.xml
COF,927628,Richard D. Fairbank,1238032,2008-04-30,2008-04-28,S,sale,4534,243551.10,53.7166,,,,,unknown,,29,0,Common Stock,D,4,0001181431-08-027641,,https://www.sec.gov/Archives/edgar/data/927628/000118143108027641/rrd204597.xml
COF,927628,Richard D. Fairbank,1238032,2008-04-30,2008-04-28,S,sale,2300,124772.00,54.2487,,,,,unknown,,19,0,Common Stock,D,4,0001181431-08-027642,,https://www.sec.gov/Archives/edgar/data/927628/000118143108027642/rrd204596.xml
COF,927628,Richard D. Fairbank,1238032,2008-04-28,2008-04-25,S,sale,4100,201592.00,49.1688,,,,,unknown,M,27,0,Common Stock,D,4,0001181431-08-026948,,https://www.sec.gov/Archives/edgar/data/927628/000118143108026948/rrd204115.xml
COF,927628,Richard D. Fairbank,1238032,2008-04-28,2008-04-25,S,sale,4200,208367.44,49.6113,,,,,unknown,,29,0,Common Stock,D,4,0001181431-08-026950,,https://www.sec.gov/Archives/edgar/data/927628/000118143108026950/rrd204114.xml
COF,927628,Richard D. Fairbank,1238032,2008-04-28,2008-04-25,S,sale,3800,190783.00,50.2061,,,,,unknown,,29,0,Common Stock,D,4,0001181431-08-026951,,https://www.sec.gov/Archives/edgar/data/927628/000118143108026951/rrd204119.xml
COF,927628,Richard D. Fairbank,1238032,2008-04-28,2008-04-25,S,sale,2534,128854.54,50.8503,,,,,unknown,,17,0,Common Stock,D,4,0001181431-08-026952,,https://www.sec.gov/Archives/edgar/data/927628/000118143108026952/rrd204116.xml
COF,927628,Richard D. Fairbank,1238032,2008-04-28,2008-04-24,S,sale,3800,176184.00,46.3642,,,,,unknown,M,27,0,Common Stock,D,4,0001181431-08-026942,,https://www.sec.gov/Archives/edgar/data/927628/000118143108026942/rrd204107.xml
COF,927628,Richard D. Fairbank,1238032,2008-04-28,2008-04-24,S,sale,3300,156533.00,47.4342,,,,,unknown,,29,0,Common Stock,D,4,0001181431-08-026944,,https://www.sec.gov/Archives/edgar/data/927628/000118143108026944/rrd204106.xml
COF,927628,Richard D. Fairbank,1238032,2008-04-28,2008-04-24,S,sale,5700,275433.10,48.3216,,,,,unknown,,28,0,Common Stock,D,4,0001181431-08-026945,,https://www.sec.gov/Archives/edgar/data/927628/000118143108026945/rrd204110.xml
COF,927628,Richard D. Fairbank,1238032,2008-04-28,2008-04-24,S,sale,1534,74510.34,48.5726,,,,,unknown,,12,0,Common Stock,D,4,0001181431-08-026947,,https://www.sec.gov/Archives/edgar/data/927628/000118143108026947/rrd204108.xml
COF,927628,Richard D. Fairbank,1238032,2008-04-28,2008-04-23,S,sale,300,14508.00,48.3600,,,,,unknown,,1,0,Common Stock,D,4,0001181431-08-026945,,https://www.sec.gov/Archives/edgar/data/927628/000118143108026945/rrd204110.xml
COF,927628,Richard D. Fairbank,1238032,2008-04-24,2008-04-23,S,sale,4400,200634.00,45.5986,,,,,unknown,M,27,0,Common Stock,D,4,0001181431-08-026553,,https://www.sec.gov/Archives/edgar/data/927628/000118143108026553/rrd203808.xml
COF,927628,Richard D. Fairbank,1238032,2008-04-24,2008-04-23,S,sale,8134,373881.64,45.9653,,,,,unknown,,29,0,Common Stock,D,4,0001181431-08-026554,,https://www.sec.gov/Archives/edgar/data/927628/000118143108026554/rrd203804.xml
COF,927628,Richard D. Fairbank,1238032,2008-04-24,2008-04-23,S,sale,2100,97399.00,46.3805,,,,,unknown,,17,0,Common Stock,D,4,0001181431-08-026555,,https://www.sec.gov/Archives/edgar/data/927628/000118143108026555/rrd203803.xml
COF,927628,Richard D. Fairbank,1238032,2008-04-24,2008-04-22,S,sale,7334,339863.92,46.3409,,,,,unknown,M,27,0,Common Stock,D,4,0001181431-08-026550,,https://www.sec.gov/Archives/edgar/data/927628/000118143108026550/rrd203805.xml
COF,927628,Richard D. Fairbank,1238032,2008-04-24,2008-04-22,S,sale,3800,177414.42,46.6880,,,,,unknown,,29,0,Common Stock,D,4,0001181431-08-026551,,https://www.sec.gov/Archives/edgar/data/927628/000118143108026551/rrd203806.xml
COF,927628,Richard D. Fairbank,1238032,2008-04-24,2008-04-22,S,sale,3500,165513.00,47.2894,,,,,unknown,,23,0,Common Stock,D,4,0001181431-08-026552,,https://www.sec.gov/Archives/edgar/data/927628/000118143108026552/rrd203807.xml
COF,927628,Richard D. Fairbank,1238032,2008-04-22,2008-04-21,S,sale,4100,194118.00,47.3459,,,,,unknown,M,27,0,Common Stock,D,4,0001181431-08-026100,,https://www.sec.gov/Archives/edgar/data/927628/000118143108026100/rrd203557.xml
COF,927628,Richard D. Fairbank,1238032,2008-04-22,2008-04-21,S,sale,7534,360735.00,47.8809,,,,,unknown,,29,0,Common Stock,D,4,0001181431-08-026102,,https://www.sec.gov/Archives/edgar/data/927628/000118143108026102/rrd203556.xml
COF,927628,Richard D. Fairbank,1238032,2008-04-22,2008-04-21,S,sale,3000,144458.00,48.1527,,,,,unknown,,19,0,Common Stock,D,4,0001181431-08-026103,,https://www.sec.gov/Archives/edgar/data/927628/000118143108026103/rrd203555.xml
COF,927628,Richard D. Fairbank,1238032,2008-04-22,2008-04-18,S,sale,3234,152704.96,47.2186,,,,,unknown,M,27,0,Common Stock,D,4,0001181431-08-026095,,https://www.sec.gov/Archives/edgar/data/927628/000118143108026095/rrd203551.xml
COF,927628,Richard D. Fairbank,1238032,2008-04-22,2008-04-18,S,sale,4300,206951.00,48.1281,,,,,unknown,,29,0,Common Stock,D,4,0001181431-08-026097,,https://www.sec.gov/Archives/edgar/data/927628/000118143108026097/rrd203552.xml
COF,927628,Richard D. Fairbank,1238032,2008-04-22,2008-04-18,S,sale,4400,214061.00,48.6502,,,,,unknown,,28,0,Common Stock,D,4,0001181431-08-026098,,https://www.sec.gov/Archives/edgar/data/927628/000118143108026098/rrd203554.xml
COF,927628,Richard D. Fairbank,1238032,2008-04-22,2008-04-18,S,sale,2700,135491.31,50.1820,,,,,unknown,,12,0,Common Stock,D,4,0001181431-08-026099,,https://www.sec.gov/Archives/edgar/data/927628/000118143108026099/rrd203553.xml
COF,927628,Richard D. Fairbank,1238032,2008-04-18,2008-04-17,S,sale,3500,162793.00,46.5123,,,,,unknown,M,27,0,Common Stock,D,4,0001181431-08-025761,,https://www.sec.gov/Archives/edgar/data/927628/000118143108025761/rrd203388.xml
COF,927628,Richard D. Fairbank,1238032,2008-04-18,2008-04-17,S,sale,3900,187011.00,47.9515,,,,,unknown,,29,0,Common Stock,D,4,0001181431-08-025762,,https://www.sec.gov/Archives/edgar/data/927628/000118143108025762/rrd203389.xml
COF,927628,Richard D. Fairbank,1238032,2008-04-18,2008-04-17,S,sale,4034,195874.46,48.5559,,,,,unknown,,28,0,Common Stock,D,4,0001181431-08-025763,,https://www.sec.gov/Archives/edgar/data/927628/000118143108025763/rrd203390.xml
COF,927628,Richard D. Fairbank,1238032,2008-04-18,2008-04-17,S,sale,3200,156531.00,48.9159,,,,,unknown,,22,0,Common Stock,D,4,0001181431-08-025764,,https://www.sec.gov/Archives/edgar/data/927628/000118143108025764/rrd203391.xml
COF,927628,Richard D. Fairbank,1238032,2008-04-18,2008-04-16,S,sale,5534,255906.20,46.2425,,,,,unknown,M,27,0,Common Stock,D,4,0001181431-08-025758,,https://www.sec.gov/Archives/edgar/data/927628/000118143108025758/rrd203385.xml
COF,927628,Richard D. Fairbank,1238032,2008-04-18,2008-04-16,S,sale,4700,219131.00,46.6236,,,,,unknown,,29,0,Common Stock,D,4,0001181431-08-025759,,https://www.sec.gov/Archives/edgar/data/927628/000118143108025759/rrd203386.xml
COF,927628,Richard D. Fairbank,1238032,2008-04-18,2008-04-16,S,sale,4400,206693.00,46.9757,,,,,unknown,,19,0,Common Stock,D,4,0001181431-08-025760,,https://www.sec.gov/Archives/edgar/data/927628/000118143108025760/rrd203387.xml
COF,927628,Richard D. Fairbank,1238032,2008-04-16,2008-04-15,S,sale,6334,291738.10,46.0591,,,,,unknown,M,27,0,Common Stock,D,4,0001181431-08-025293,,https://www.sec.gov/Archives/edgar/data/927628/000118143108025293/rrd203053.xml
COF,927628,Richard D. Fairbank,1238032,2008-04-16,2008-04-15,S,sale,6100,282812.00,46.3626,,,,,unknown,,29,0,Common Stock,D,4,0001181431-08-025294,,https://www.sec.gov/Archives/edgar/data/927628/000118143108025294/rrd203054.xml
COF,927628,Richard D. Fairbank,1238032,2008-04-16,2008-04-15,S,sale,2200,104421.00,47.4641,,,,,unknown,,16,0,Common Stock,D,4,0001181431-08-025295,,https://www.sec.gov/Archives/edgar/data/927628/000118143108025295/rrd203055.xml
COF,927628,Richard D. Fairbank,1238032,2008-04-16,2008-04-14,S,sale,5000,235068.00,47.0136,,,,,unknown,M,27,0,Common Stock,D,4,0001181431-08-025290,,https://www.sec.gov/Archives/edgar/data/927628/000118143108025290/rrd203050.xml
COF,927628,Richard D. Fairbank,1238032,2008-04-16,2008-04-14,S,sale,7934,375377.80,47.3126,,,,,unknown,,29,0,Common Stock,D,4,0001181431-08-025291,,https://www.sec.gov/Archives/edgar/data/927628/000118143108025291/rrd203051.xml
COF,927628,Richard D. Fairbank,1238032,2008-04-16,2008-04-14,S,sale,1700,81146.00,47.7329,,,,,unknown,,11,0,Common Stock,D,4,0001181431-08-025292,,https://www.sec.gov/Archives/edgar/data/927628/000118143108025292/rrd203052.xml
COF,927628,Richard D. Fairbank,1238032,2008-04-14,2008-04-11,S,sale,5034,243097.48,48.2911,,,,,unknown,M,27,0,Common Stock,D,4,0001181431-08-024923,,https://www.sec.gov/Archives/edgar/data/927628/000118143108024923/rrd202842.xml
COF,927628,Richard D. Fairbank,1238032,2008-04-14,2008-04-11,S,sale,4100,199998.00,48.7800,,,,,unknown,,29,0,Common Stock,D,4,0001181431-08-024924,,https://www.sec.gov/Archives/edgar/data/927628/000118143108024924/rrd202844.xml
COF,927628,Richard D. Fairbank,1238032,2008-04-14,2008-04-11,S,sale,3800,187835.00,49.4303,,,,,unknown,,29,0,Common Stock,D,4,0001181431-08-024925,,https://www.sec.gov/Archives/edgar/data/927628/000118143108024925/rrd202846.xml
COF,927628,Richard D. Fairbank,1238032,2008-04-14,2008-04-11,S,sale,1700,84748.00,49.8518,,,,,unknown,,12,0,Common Stock,D,4,0001181431-08-024926,,https://www.sec.gov/Archives/edgar/data/927628/000118143108024926/rrd202845.xml
COF,927628,Richard D. Fairbank,1238032,2008-04-14,2008-04-10,S,sale,4100,202650.00,49.4268,,,,,unknown,M,27,0,Common Stock,D,4,0001181431-08-024919,,https://www.sec.gov/Archives/edgar/data/927628/000118143108024919/rrd202840.xml
COF,927628,Richard D. Fairbank,1238032,2008-04-14,2008-04-10,S,sale,6148,307301.96,49.9841,,,,,unknown,,29,0,Common Stock,D,4,0001181431-08-024920,,https://www.sec.gov/Archives/edgar/data/927628/000118143108024920/rrd202841.xml
COF,927628,Richard D. Fairbank,1238032,2008-04-14,2008-04-10,S,sale,4386,221004.06,50.3885,,,,,unknown,,29,0,Common Stock,D,4,0001181431-08-024922,,https://www.sec.gov/Archives/edgar/data/927628/000118143108024922/rrd202843.xml
COF,927628,Richard D. Fairbank,1238032,2008-04-10,2008-04-09,S,sale,3934,198054.64,50.3443,,,,,unknown,M,27,0,Common Stock,D,4,0001181431-08-024652,,https://www.sec.gov/Archives/edgar/data/927628/000118143108024652/rrd202699.xml
COF,927628,Richard D. Fairbank,1238032,2008-04-10,2008-04-09,S,sale,4000,204245.00,51.0613,,,,,unknown,,28,0,Common Stock,D,4,0001181431-08-024654,,https://www.sec.gov/Archives/edgar/data/927628/000118143108024654/rrd202697.xml
COF,927628,Richard D. Fairbank,1238032,2008-04-10,2008-04-09,S,sale,4000,208982.00,52.2455,,,,,unknown,,29,0,Common Stock,D,4,0001181431-08-024655,,https://www.sec.gov/Archives/edgar/data/927628/000118143108024655/rrd202698.xml
COF,927628,Richard D. Fairbank,1238032,2008-04-10,2008-04-09,S,sale,2700,142855.00,52.9093,,,,,unknown,,17,0,Common Stock,D,4,0001181431-08-024656,,https://www.sec.gov/Archives/edgar/data/927628/000118143108024656/rrd202700.xml
COF,927628,Richard D. Fairbank,1238032,2008-04-10,2008-04-08,S,sale,3800,199717.00,52.5571,,,,,unknown,M,27,0,Common Stock,D,4,0001181431-08-024646,,https://www.sec.gov/Archives/edgar/data/927628/000118143108024646/rrd202695.xml
COF,927628,Richard D. Fairbank,1238032,2008-04-10,2008-04-08,S,sale,4500,239178.00,53.1507,,,,,unknown,,28,0,Common Stock,D,4,0001181431-08-024649,,https://www.sec.gov/Archives/edgar/data/927628/000118143108024649/rrd202693.xml
COF,927628,Richard D. Fairbank,1238032,2008-04-10,2008-04-08,S,sale,5434,290551.98,53.4693,,,,,unknown,,29,0,Common Stock,D,4,0001181431-08-024650,,https://www.sec.gov/Archives/edgar/data/927628/000118143108024650/rrd202694.xml
COF,927628,Richard D. Fairbank,1238032,2008-04-10,2008-04-08,S,sale,900,48449.00,53.8322,,,,,unknown,,6,0,Common Stock,D,4,0001181431-08-024651,,https://www.sec.gov/Archives/edgar/data/927628/000118143108024651/rrd202696.xml
COF,927628,Richard D. Fairbank,1238032,2008-04-08,2008-04-07,S,sale,4500,235216.00,52.2702,,,,,unknown,M,27,0,Common Stock,D,4,0001181431-08-024348,,https://www.sec.gov/Archives/edgar/data/927628/000118143108024348/rrd202532.xml
COF,927628,Richard D. Fairbank,1238032,2008-04-08,2008-04-07,S,sale,4134,218779.66,52.9220,,,,,unknown,,28,0,Common Stock,D,4,0001181431-08-024351,,https://www.sec.gov/Archives/edgar/data/927628/000118143108024351/rrd202535.xml
COF,927628,Richard D. Fairbank,1238032,2008-04-08,2008-04-07,S,sale,4000,214617.00,53.6542,,,,,unknown,,29,0,Common Stock,D,4,0001181431-08-024354,,https://www.sec.gov/Archives/edgar/data/927628/000118143108024354/rrd202534.xml
COF,927628,Richard D. Fairbank,1238032,2008-04-08,2008-04-07,S,sale,2000,109101.00,54.5505,,,,,unknown,,19,0,Common Stock,D,4,0001181431-08-024356,,https://www.sec.gov/Archives/edgar/data/927628/000118143108024356/rrd202531.xml
COF,927628,Richard D. Fairbank,1238032,2008-04-08,2008-04-04,S,sale,3334,171195.70,51.3484,,,,,unknown,M,27,0,Common Stock,D,4,0001181431-08-024342,,https://www.sec.gov/Archives/edgar/data/927628/000118143108024342/rrd202527.xml
COF,927628,Richard D. Fairbank,1238032,2008-04-08,2008-04-04,S,sale,5200,269758.00,51.8765,,,,,unknown,,28,0,Common Stock,D,4,0001181431-08-024343,,https://www.sec.gov/Archives/edgar/data/927628/000118143108024343/rrd202530.xml
COF,927628,Richard D. Fairbank,1238032,2008-04-08,2008-04-04,S,sale,4400,229764.00,52.2191,,,,,unknown,,29,0,Common Stock,D,4,0001181431-08-024344,,https://www.sec.gov/Archives/edgar/data/927628/000118143108024344/rrd202529.xml
COF,927628,Richard D. Fairbank,1238032,2008-04-08,2008-04-04,S,sale,1700,89680.00,52.7529,,,,,unknown,,11,0,Common Stock,D,4,0001181431-08-024346,,https://www.sec.gov/Archives/edgar/data/927628/000118143108024346/rrd202528.xml
COF,927628,Richard D. Fairbank,1238032,2008-04-04,2008-04-03,S,sale,3700,191302.00,51.7032,,,,,unknown,M,27,0,Common Stock,D,4,0001181431-08-023907,,https://www.sec.gov/Archives/edgar/data/927628/000118143108023907/rrd202322.xml
COF,927628,Richard D. Fairbank,1238032,2008-04-04,2008-04-03,S,sale,3700,193224.00,52.2227,,,,,unknown,,28,0,Common Stock,D,4,0001181431-08-023908,,https://www.sec.gov/Archives/edgar/data/927628/000118143108023908/rrd202323.xml
COF,927628,Richard D. Fairbank,1238032,2008-04-04,2008-04-03,S,sale,5234,276470.26,52.8220,,,,,unknown,,29,0,Common Stock,D,4,0001181431-08-023909,,https://www.sec.gov/Archives/edgar/data/927628/000118143108023909/rrd202325.xml
COF,927628,Richard D. Fairbank,1238032,2008-04-04,2008-04-03,S,sale,2000,106094.00,53.0470,,,,,unknown,,10,0,Common Stock,D,4,0001181431-08-023910,,https://www.sec.gov/Archives/edgar/data/927628/000118143108023910/rrd202326.xml
COF,927628,Richard D. Fairbank,1238032,2008-04-04,2008-04-02,S,sale,4934,261503.06,53.0002,,,,,unknown,M,27,0,Common Stock,D,4,0001181431-08-023901,,https://www.sec.gov/Archives/edgar/data/927628/000118143108023901/rrd202318.xml
COF,927628,Richard D. Fairbank,1238032,2008-04-04,2008-04-02,S,sale,3800,203366.00,53.5174,,,,,unknown,,28,0,Common Stock,D,4,0001181431-08-023902,,https://www.sec.gov/Archives/edgar/data/927628/000118143108023902/rrd202319.xml
COF,927628,Richard D. Fairbank,1238032,2008-04-04,2008-04-02,S,sale,4100,221903.00,54.1227,,,,,unknown,,29,0,Common Stock,D,4,0001181431-08-023903,,https://www.sec.gov/Archives/edgar/data/927628/000118143108023903/rrd202320.xml
COF,927628,Richard D. Fairbank,1238032,2008-04-04,2008-04-02,S,sale,1800,98510.00,54.7278,,,,,unknown,,14,0,Common Stock,D,4,0001181431-08-023904,,https://www.sec.gov/Archives/edgar/data/927628/000118143108023904/rrd202321.xml
COF,927628,Richard D. Fairbank,1238032,2008-04-02,2008-04-01,S,sale,3300,171268.00,51.8994,,,,,unknown,M,27,0,Common Stock,D,4,0001181431-08-023143,,https://www.sec.gov/Archives/edgar/data/927628/000118143108023143/rrd201889.xml
COF,927628,Richard D. Fairbank,1238032,2008-04-02,2008-04-01,S,sale,5700,299203.00,52.4918,,,,,unknown,,28,0,Common Stock,D,4,0001181431-08-023146,,https://www.sec.gov/Archives/edgar/data/927628/000118143108023146/rrd201888.xml
COF,927628,Richard D. Fairbank,1238032,2008-04-02,2008-04-01,S,sale,5134,271469.52,52.8768,,,,,unknown,,29,0,Common Stock,D,4,0001181431-08-023148,,https://www.sec.gov/Archives/edgar/data/927628/000118143108023148/rrd201891.xml
COF,927628,Richard D. Fairbank,1238032,2008-04-02,2008-04-01,S,sale,500,26667.00,53.3340,,,,,unknown,,5,0,Common Stock,D,4,0001181431-08-023151,,https://www.sec.gov/Archives/edgar/data/927628/000118143108023151/rrd201890.xml
COF,927628,Richard D. Fairbank,1238032,2008-04-02,2008-03-31,S,sale,5334,261984.16,49.1159,,,,,unknown,M,27,0,Common Stock,D,4,0001181431-08-023134,,https://www.sec.gov/Archives/edgar/data/927628/000118143108023134/rrd201607.xml
COF,927628,Richard D. Fairbank,1238032,2008-04-02,2008-03-31,S,sale,5500,272293.18,49.5079,,,,,unknown,,28,0,Common Stock,D,4,0001181431-08-023136,,https://www.sec.gov/Archives/edgar/data/927628/000118143108023136/rrd201613.xml
COF,927628,Richard D. Fairbank,1238032,2008-04-02,2008-03-31,S,sale,3800,189759.00,49.9366,,,,,unknown,,25,0,Common Stock,D,4,0001181431-08-023138,,https://www.sec.gov/Archives/edgar/data/927628/000118143108023138/rrd201615.xml
COF,927628,Richard D. Fairbank,1238032,2008-04-01,2008-03-28,S,sale,4434,216767.54,48.8876,,,,,unknown,M,27,0,Common Stock,D,4,0001181431-08-022494,,https://www.sec.gov/Archives/edgar/data/927628/000118143108022494/rrd201599.xml
COF,927628,Richard D. Fairbank,1238032,2008-04-01,2008-03-28,S,sale,3900,193078.00,49.5072,,,,,unknown,,28,0,Common Stock,D,4,0001181431-08-022497,,https://www.sec.gov/Archives/edgar/data/927628/000118143108022497/rrd201602.xml
COF,927628,Richard D. Fairbank,1238032,2008-04-01,2008-03-28,S,sale,4600,230064.00,50.0139,,,,,unknown,,28,0,Common Stock,D,4,0001181431-08-022504,,https://www.sec.gov/Archives/edgar/data/927628/000118143108022504/rrd201610.xml
COF,927628,Richard D. Fairbank,1238032,2008-04-01,2008-03-28,S,sale,1700,86057.00,50.6218,,,,,unknown,,12,0,Common Stock,D,4,0001181431-08-022508,,https://www.sec.gov/Archives/edgar/data/927628/000118143108022508/rrd201614.xml
COF,927628,Richard D. Fairbank,1238032,2008-03-28,2008-03-27,S,sale,3600,181658.00,50.4606,,,,,unknown,M,27,0,Common Stock,D,4,0001181431-08-021834,,https://www.sec.gov/Archives/edgar/data/927628/000118143108021834/rrd201309.xml
COF,927628,Richard D. Fairbank,1238032,2008-03-28,2008-03-27,S,sale,4134,210328.48,50.8777,,,,,unknown,,28,0,Common Stock,D,4,0001181431-08-021835,,https://www.sec.gov/Archives/edgar/data/927628/000118143108021835/rrd201317.xml
COF,927628,Richard D. Fairbank,1238032,2008-03-28,2008-03-27,S,sale,4200,215820.00,51.3857,,,,,unknown,,28,0,Common Stock,D,4,0001181431-08-021836,,https://www.sec.gov/Archives/edgar/data/927628/000118143108021836/rrd201316.xml
COF,927628,Richard D. Fairbank,1238032,2008-03-28,2008-03-27,S,sale,2700,140231.00,51.9374,,,,,unknown,,19,0,Common Stock,D,4,0001181431-08-021837,,https://www.sec.gov/Archives/edgar/data/927628/000118143108021837/rrd201315.xml
COF,927628,Richard D. Fairbank,1238032,2008-03-28,2008-03-26,S,sale,5734,293983.22,51.2702,,,,,unknown,M,27,0,Common Stock,D,4,0001181431-08-021830,,https://www.sec.gov/Archives/edgar/data/927628/000118143108021830/rrd201314.xml
COF,927628,Richard D. Fairbank,1238032,2008-03-28,2008-03-26,S,sale,7600,391352.00,51.4937,,,,,unknown,,28,0,Common Stock,D,4,0001181431-08-021831,,https://www.sec.gov/Archives/edgar/data/927628/000118143108021831/rrd201312.xml
COF,927628,Richard D. Fairbank,1238032,2008-03-28,2008-03-26,S,sale,1300,67502.00,51.9246,,,,,unknown,,12,0,Common Stock,D,4,0001181431-08-021833,,https://www.sec.gov/Archives/edgar/data/927628/000118143108021833/rrd201313.xml
COF,927628,Richard D. Fairbank,1238032,2008-03-26,2008-03-25,S,sale,3100,161586.00,52.1245,,,,,unknown,M,27,0,Common Stock,D,4,0001181431-08-021395,,https://www.sec.gov/Archives/edgar/data/927628/000118143108021395/rrd201038.xml
COF,927628,Richard D. Fairbank,1238032,2008-03-26,2008-03-25,S,sale,4600,243488.10,52.9322,,,,,unknown,,28,0,Common Stock,D,4,0001181431-08-021396,,https://www.sec.gov/Archives/edgar/data/927628/000118143108021396/rrd201037.xml
COF,927628,Richard D. Fairbank,1238032,2008-03-26,2008-03-25,S,sale,4834,257623.78,53.2941,,,,,unknown,,28,0,Common Stock,D,4,0001181431-08-021397,,https://www.sec.gov/Archives/edgar/data/927628/000118143108021397/rrd201039.xml
COF,927628,Richard D. Fairbank,1238032,2008-03-26,2008-03-25,S,sale,2100,112491.00,53.5671,,,,,unknown,,13,0,Common Stock,D,4,0001181431-08-021398,,https://www.sec.gov/Archives/edgar/data/927628/000118143108021398/rrd201036.xml
COF,927628,Richard D. Fairbank,1238032,2008-03-26,2008-03-24,S,sale,4383,237053.20,54.0847,,,,,unknown,M,27,0,Common Stock,D,4,0001181431-08-021390,,https://www.sec.gov/Archives/edgar/data/927628/000118143108021390/rrd201040.xml
COF,927628,Richard D. Fairbank,1238032,2008-03-26,2008-03-24,S,sale,3500,192301.00,54.9431,,,,,unknown,,28,0,Common Stock,D,4,0001181431-08-021391,,https://www.sec.gov/Archives/edgar/data/927628/000118143108021391/rrd201041.xml
COF,927628,Richard D. Fairbank,1238032,2008-03-26,2008-03-24,S,sale,3300,184468.00,55.8994,,,,,unknown,,28,0,Common Stock,D,4,0001181431-08-021392,,https://www.sec.gov/Archives/edgar/data/927628/000118143108021392/rrd201042.xml
COF,927628,Richard D. Fairbank,1238032,2008-03-26,2008-03-24,S,sale,2751,155588.44,56.5570,,,,,unknown,,25,0,Common Stock,D,4,0001181431-08-021393,,https://www.sec.gov/Archives/edgar/data/927628/000118143108021393/rrd201045.xml
COF,927628,Richard D. Fairbank,1238032,2008-03-26,2008-03-24,S,sale,700,39968.00,57.0971,,,,,unknown,,6,0,Common Stock,D,4,0001181431-08-021394,,https://www.sec.gov/Archives/edgar/data/927628/000118143108021394/rrd201043.xml
COF,927628,Richard D. Fairbank,1238032,2008-03-21,2008-03-20,S,sale,6500,325335.00,50.0515,,,,,unknown,M,27,0,Common Stock,D,4,0001181431-08-020574,,https://www.sec.gov/Archives/edgar/data/927628/000118143108020574/rrd200570.xml
COF,927628,Richard D. Fairbank,1238032,2008-03-21,2008-03-20,S,sale,3427,176648.20,51.5460,,,,,unknown,,28,0,Common Stock,D,4,0001181431-08-020575,,https://www.sec.gov/Archives/edgar/data/927628/000118143108020575/rrd200575.xml
COF,927628,Richard D. Fairbank,1238032,2008-03-21,2008-03-20,S,sale,3657,194144.38,53.0884,,,,,unknown,,26,0,Common Stock,D,4,0001181431-08-020576,,https://www.sec.gov/Archives/edgar/data/927628/000118143108020576/rrd200576.xml
COF,927628,Richard D. Fairbank,1238032,2008-03-21,2008-03-20,S,sale,750,40201.50,53.6020,,,,,unknown,,7,0,Common Stock,D,4,0001181431-08-020577,,https://www.sec.gov/Archives/edgar/data/927628/000118143108020577/rrd200578.xml
COF,927628,Richard D. Fairbank,1238032,2008-03-21,2008-03-19,S,sale,3734,184820.26,49.4966,,,,,unknown,M,27,0,Common Stock,D,4,0001181431-08-020569,,https://www.sec.gov/Archives/edgar/data/927628/000118143108020569/rrd200565.xml
COF,927628,Richard D. Fairbank,1238032,2008-03-21,2008-03-19,S,sale,3900,195203.00,50.0521,,,,,unknown,,28,0,Common Stock,D,4,0001181431-08-020570,,https://www.sec.gov/Archives/edgar/data/927628/000118143108020570/rrd200566.xml
COF,927628,Richard D. Fairbank,1238032,2008-03-21,2008-03-19,S,sale,3900,200567.00,51.4274,,,,,unknown,,28,0,Common Stock,D,4,0001181431-08-020572,,https://www.sec.gov/Archives/edgar/data/927628/000118143108020572/rrd200571.xml
COF,927628,Richard D. Fairbank,1238032,2008-03-21,2008-03-19,S,sale,3100,163334.78,52.6886,,,,,unknown,,28,0,Common Stock,D,4,0001181431-08-020573,,https://www.sec.gov/Archives/edgar/data/927628/000118143108020573/rrd200567.xml
COF,927628,Richard D. Fairbank,1238032,2008-03-21,2008-03-19,S,sale,300,15999.00,53.3300,,,,,unknown,,2,0,Common Stock,D,4,0001181431-08-020576,,https://www.sec.gov/Archives/edgar/data/927628/000118143108020576/rrd200576.xml
COF,927628,Richard D. Fairbank,1238032,2008-03-19,2008-03-18,S,sale,3700,181901.00,49.1624,,,,,unknown,M,27,0,Common Stock,D,4,0001181431-08-020127,,https://www.sec.gov/Archives/edgar/data/927628/000118143108020127/rrd200224.xml
COF,927628,Richard D. Fairbank,1238032,2008-03-19,2008-03-18,S,sale,3500,174583.00,49.8809,,,,,unknown,,28,0,Common Stock,D,4,0001181431-08-020128,,https://www.sec.gov/Archives/edgar/data/927628/000118143108020128/rrd200229.xml
COF,927628,Richard D. Fairbank,1238032,2008-03-19,2008-03-18,S,sale,4471,226832.00,50.7341,,,,,unknown,,28,0,Common Stock,D,4,0001181431-08-020129,,https://www.sec.gov/Archives/edgar/data/927628/000118143108020129/rrd200225.xml
COF,927628,Richard D. Fairbank,1238032,2008-03-19,2008-03-18,S,sale,2963,151651.77,51.1818,,,,,unknown,,22,0,Common Stock,D,4,0001181431-08-020130,,https://www.sec.gov/Archives/edgar/data/927628/000118143108020130/rrd200217.xml
COF,927628,Richard D. Fairbank,1238032,2008-03-19,2008-03-17,S,sale,3200,145892.00,45.5913,,,,,unknown,M,27,0,Common Stock,D,4,0001181431-08-020121,,https://www.sec.gov/Archives/edgar/data/927628/000118143108020121/rrd200213.xml
COF,927628,Richard D. Fairbank,1238032,2008-03-19,2008-03-17,S,sale,3500,162774.00,46.5069,,,,,unknown,,28,0,Common Stock,D,4,0001181431-08-020122,,https://www.sec.gov/Archives/edgar/data/927628/000118143108020122/rrd200214.xml
COF,927628,Richard D. Fairbank,1238032,2008-03-19,2008-03-17,S,sale,3700,174214.00,47.0849,,,,,unknown,,28,0,Common Stock,D,4,0001181431-08-020123,,https://www.sec.gov/Archives/edgar/data/927628/000118143108020123/rrd200220.xml
COF,927628,Richard D. Fairbank,1238032,2008-03-19,2008-03-17,S,sale,3734,178351.48,47.7642,,,,,unknown,,28,0,Common Stock,D,4,0001181431-08-020124,,https://www.sec.gov/Archives/edgar/data/927628/000118143108020124/rrd200219.xml
COF,927628,Richard D. Fairbank,1238032,2008-03-19,2008-03-17,S,sale,500,24022.00,48.0440,,,,,unknown,,4,0,Common Stock,D,4,0001181431-08-020126,,https://www.sec.gov/Archives/edgar/data/927628/000118143108020126/rrd200233.xml
COF,927628,Richard D. Fairbank,1238032,2008-03-18,2008-03-14,S,sale,3200,151742.00,47.4194,,,,,unknown,M,27,0,Common Stock,D,4,0001181431-08-019708,,https://www.sec.gov/Archives/edgar/data/927628/000118143108019708/rrd199881.xml
COF,927628,Richard D. Fairbank,1238032,2008-03-18,2008-03-14,S,sale,4650,222974.00,47.9514,,,,,unknown,,28,0,Common Stock,D,4,0001181431-08-019709,,https://www.sec.gov/Archives/edgar/data/927628/000118143108019709/rrd199883.xml
COF,927628,Richard D. Fairbank,1238032,2008-03-18,2008-03-14,S,sale,3800,183914.18,48.3985,,,,,unknown,,28,0,Common Stock,D,4,0001181431-08-019710,,https://www.sec.gov/Archives/edgar/data/927628/000118143108019710/rrd199884.xml
COF,927628,Richard D. Fairbank,1238032,2008-03-18,2008-03-14,S,sale,2984,148051.00,49.6149,,,,,unknown,,24,0,Common Stock,D,4,0001181431-08-019711,,https://www.sec.gov/Archives/edgar/data/927628/000118143108019711/rrd199882.xml
COF,927628,Richard D. Fairbank,1238032,2008-03-14,2008-03-13,S,sale,3500,161530.00,46.1514,,,,,unknown,M,27,0,Common Stock,D,4,0001181431-08-018918,,https://www.sec.gov/Archives/edgar/data/927628/000118143108018918/rrd199684.xml
COF,927628,Richard D. Fairbank,1238032,2008-03-14,2008-03-13,S,sale,4300,207602.00,48.2795,,,,,unknown,,28,0,Common Stock,D,4,0001181431-08-018920,,https://www.sec.gov/Archives/edgar/data/927628/000118143108018920/rrd199694.xml
COF,927628,Richard D. Fairbank,1238032,2008-03-14,2008-03-13,S,sale,4334,214631.06,49.5226,,,,,unknown,,26,0,Common Stock,D,4,0001181431-08-018923,,https://www.sec.gov/Archives/edgar/data/927628/000118143108018923/rrd199695.xml
COF,927628,Richard D. Fairbank,1238032,2008-03-14,2008-03-13,S,sale,2100,104737.00,49.8748,,,,,unknown,,15,0,Common Stock,D,4,0001181431-08-018925,,https://www.sec.gov/Archives/edgar/data/927628/000118143108018925/rrd199703.xml
COF,927628,Richard D. Fairbank,1238032,2008-03-14,2008-03-12,S,sale,4334,208165.06,48.0307,,,,,unknown,M,27,0,Common Stock,D,4,0001181431-08-018911,,https://www.sec.gov/Archives/edgar/data/927628/000118143108018911/rrd199675.xml
COF,927628,Richard D. Fairbank,1238032,2008-03-14,2008-03-12,S,sale,5100,248131.00,48.6531,,,,,unknown,,28,0,Common Stock,D,4,0001181431-08-018914,,https://www.sec.gov/Archives/edgar/data/927628/000118143108018914/rrd199676.xml
COF,927628,Richard D. Fairbank,1238032,2008-03-14,2008-03-12,S,sale,3200,157542.00,49.2319,,,,,unknown,,28,0,Common Stock,D,4,0001181431-08-018915,,https://www.sec.gov/Archives/edgar/data/927628/000118143108018915/rrd199677.xml
COF,927628,Richard D. Fairbank,1238032,2008-03-14,2008-03-12,S,sale,2000,100080.00,50.0400,,,,,unknown,,18,0,Common Stock,D,4,0001181431-08-018916,,https://www.sec.gov/Archives/edgar/data/927628/000118143108018916/rrd199692.xml
COF,927628,Richard D. Fairbank,1238032,2008-03-14,2008-03-12,S,sale,400,19760.00,49.4000,,,,,unknown,,2,0,Common Stock,D,4,0001181431-08-018923,,https://www.sec.gov/Archives/edgar/data/927628/000118143108018923/rrd199695.xml
COF,927628,Richard D. Fairbank,1238032,2008-03-12,2008-03-11,S,sale,3002,129980.58,43.2980,,,,,unknown,M,27,0,Common Stock,D,4,0001181431-08-018376,,https://www.sec.gov/Archives/edgar/data/927628/000118143108018376/rrd199355.xml
COF,927628,Richard D. Fairbank,1238032,2008-03-12,2008-03-11,S,sale,3700,163206.00,44.1097,,,,,unknown,,28,0,Common Stock,D,4,0001181431-08-018377,,https://www.sec.gov/Archives/edgar/data/927628/000118143108018377/rrd199351.xml
COF,927628,Richard D. Fairbank,1238032,2008-03-12,2008-03-11,S,sale,3505,156809.50,44.7388,,,,,unknown,,28,0,Common Stock,D,4,0001181431-08-018378,,https://www.sec.gov/Archives/edgar/data/927628/000118143108018378/rrd199348.xml
COF,927628,Richard D. Fairbank,1238032,2008-03-12,2008-03-11,S,sale,3400,155195.00,45.6456,,,,,unknown,,27,0,Common Stock,D,4,0001181431-08-018379,,https://www.sec.gov/Archives/edgar/data/927628/000118143108018379/rrd199354.xml
COF,927628,Richard D. Fairbank,1238032,2008-03-12,2008-03-11,S,sale,1027,47699.69,46.4457,,,,,unknown,,9,0,Common Stock,D,4,0001181431-08-018381,,https://www.sec.gov/Archives/edgar/data/927628/000118143108018381/rrd199352.xml
COF,927628,Richard D. Fairbank,1238032,2008-03-12,2008-03-10,S,sale,4434,182571.48,41.1753,,,,,unknown,M,27,0,Common Stock,D,4,0001181431-08-018366,,https://www.sec.gov/Archives/edgar/data/927628/000118143108018366/rrd199337.xml
COF,927628,Richard D. Fairbank,1238032,2008-03-12,2008-03-10,S,sale,6000,248866.00,41.4777,,,,,unknown,,28,0,Common Stock,D,4,0001181431-08-018369,,https://www.sec.gov/Archives/edgar/data/927628/000118143108018369/rrd199338.xml
COF,927628,Richard D. Fairbank,1238032,2008-03-12,2008-03-10,S,sale,3300,140794.00,42.6648,,,,,unknown,,28,0,Common Stock,D,4,0001181431-08-018373,,https://www.sec.gov/Archives/edgar/data/927628/000118143108018373/rrd199339.xml
COF,927628,Richard D. Fairbank,1238032,2008-03-12,2008-03-10,S,sale,900,39088.00,43.4311,,,,,unknown,,6,0,Common Stock,D,4,0001181431-08-018374,,https://www.sec.gov/Archives/edgar/data/927628/000118143108018374/rrd199344.xml
COF,927628,Richard D. Fairbank,1238032,2008-03-10,2008-03-07,S,sale,5100,215813.00,42.3163,,,,,unknown,M,27,0,Common Stock,D,4,0001181431-08-017688,,https://www.sec.gov/Archives/edgar/data/927628/000118143108017688/rrd198892.xml
COF,927628,Richard D. Fairbank,1238032,2008-03-10,2008-03-07,S,sale,4200,180164.00,42.8962,,,,,unknown,,28,0,Common Stock,D,4,0001181431-08-017690,,https://www.sec.gov/Archives/edgar/data/927628/000118143108017690/rrd198893.xml
COF,927628,Richard D. Fairbank,1238032,2008-03-10,2008-03-07,S,sale,4034,174932.46,43.3645,,,,,unknown,,29,0,Common Stock,D,4,0001181431-08-017691,,https://www.sec.gov/Archives/edgar/data/927628/000118143108017691/rrd198894.xml
COF,927628,Richard D. Fairbank,1238032,2008-03-10,2008-03-07,S,sale,1300,57096.00,43.9200,,,,,unknown,,13,0,Common Stock,D,4,0001181431-08-017692,,https://www.sec.gov/Archives/edgar/data/927628/000118143108017692/rrd198895.xml
COF,927628,Richard D. Fairbank,1238032,2008-03-10,2008-03-06,S,sale,5894,251186.94,42.6174,,,,,unknown,M,27,0,Common Stock,D,4,0001181431-08-017681,,https://www.sec.gov/Archives/edgar/data/927628/000118143108017681/rrd198881.xml
COF,927628,Richard D. Fairbank,1238032,2008-03-10,2008-03-06,S,sale,4300,184761.00,42.9677,,,,,unknown,,28,0,Common Stock,D,4,0001181431-08-017685,,https://www.sec.gov/Archives/edgar/data/927628/000118143108017685/rrd198884.xml
COF,927628,Richard D. Fairbank,1238032,2008-03-10,2008-03-06,S,sale,4240,184572.80,43.5313,,,,,unknown,,28,0,Common Stock,D,4,0001181431-08-017686,,https://www.sec.gov/Archives/edgar/data/927628/000118143108017686/rrd198891.xml
COF,927628,Richard D. Fairbank,1238032,2008-03-10,2008-03-06,S,sale,200,8768.00,43.8400,,,,,unknown,,2,0,Common Stock,D,4,0001181431-08-017687,,https://www.sec.gov/Archives/edgar/data/927628/000118143108017687/rrd198900.xml
COF,927628,Richard D. Fairbank,1238032,2008-03-06,2008-03-05,S,sale,3834,169431.52,44.1918,,,,,unknown,M,27,0,Common Stock,D,4,0001181431-08-016845,,https://www.sec.gov/Archives/edgar/data/927628/000118143108016845/rrd198585.xml
COF,927628,Richard D. Fairbank,1238032,2008-03-06,2008-03-05,S,sale,3900,173992.00,44.6133,,,,,unknown,,28,0,Common Stock,D,4,0001181431-08-016847,,https://www.sec.gov/Archives/edgar/data/927628/000118143108016847/rrd198583.xml
COF,927628,Richard D. Fairbank,1238032,2008-03-06,2008-03-05,S,sale,3600,162907.00,45.2519,,,,,unknown,,28,0,Common Stock,D,4,0001181431-08-016848,,https://www.sec.gov/Archives/edgar/data/927628/000118143108016848/rrd198586.xml
COF,927628,Richard D. Fairbank,1238032,2008-03-06,2008-03-05,S,sale,3300,151839.00,46.0118,,,,,unknown,,23,0,Common Stock,D,4,0001181431-08-016850,,https://www.sec.gov/Archives/edgar/data/927628/000118143108016850/rrd198587.xml
COF,927628,Richard D. Fairbank,1238032,2008-03-06,2008-03-04,S,sale,3300,144213.00,43.7009,,,,,unknown,M,27,0,Common Stock,D,4,0001181431-08-016836,,https://www.sec.gov/Archives/edgar/data/927628/000118143108016836/rrd198581.xml
COF,927628,Richard D. Fairbank,1238032,2008-03-06,2008-03-04,S,sale,3500,155054.00,44.3011,,,,,unknown,,28,0,Common Stock,D,4,0001181431-08-016838,,https://www.sec.gov/Archives/edgar/data/927628/000118143108016838/rrd198580.xml
COF,927628,Richard D. Fairbank,1238032,2008-03-06,2008-03-04,S,sale,4564,204336.92,44.7715,,,,,unknown,,28,0,Common Stock,D,4,0001181431-08-016840,,https://www.sec.gov/Archives/edgar/data/927628/000118143108016840/rrd198582.xml
COF,927628,Richard D. Fairbank,1238032,2008-03-06,2008-03-04,S,sale,3270,148751.70,45.4898,,,,,unknown,,21,0,Common Stock,D,4,0001181431-08-016844,,https://www.sec.gov/Archives/edgar/data/927628/000118143108016844/rrd198584.xml
COF,927628,Richard D. Fairbank,1238032,2008-03-04,2008-03-03,S,sale,4834,217903.66,45.0773,,,,,unknown,M,27,0,Common Stock,D,4,0001181431-08-015935,,https://www.sec.gov/Archives/edgar/data/927628/000118143108015935/rrd198048.xml
COF,927628,Richard D. Fairbank,1238032,2008-03-04,2008-03-03,S,sale,6000,275640.00,45.9400,,,,,unknown,,28,0,Common Stock,D,4,0001181431-08-015937,,https://www.sec.gov/Archives/edgar/data/927628/000118143108015937/rrd198053.xml
COF,927628,Richard D. Fairbank,1238032,2008-03-04,2008-03-03,S,sale,3800,175941.00,46.3003,,,,,unknown,,26,0,Common Stock,D,4,0001181431-08-015938,,https://www.sec.gov/Archives/edgar/data/927628/000118143108015938/rrd198051.xml
COF,927628,Richard D. Fairbank,1238032,2008-03-04,2008-02-29,S,sale,3434,160168.78,46.6420,,,,,unknown,M,27,0,Common Stock,D,4,0001181431-08-015925,,https://www.sec.gov/Archives/edgar/data/927628/000118143108015925/rrd198036.xml
COF,927628,Richard D. Fairbank,1238032,2008-03-04,2008-02-29,S,sale,4800,227259.00,47.3456,,,,,unknown,,28,0,Common Stock,D,4,0001181431-08-015927,,https://www.sec.gov/Archives/edgar/data/927628/000118143108015927/rrd198037.xml
COF,927628,Richard D. Fairbank,1238032,2008-03-04,2008-02-29,S,sale,4800,229068.00,47.7225,,,,,unknown,,27,0,Common Stock,D,4,0001181431-08-015929,,https://www.sec.gov/Archives/edgar/data/927628/000118143108015929/rrd198045.xml
COF,927628,Richard D. Fairbank,1238032,2008-03-04,2008-02-29,S,sale,1600,76922.00,48.0763,,,,,unknown,,13,0,Common Stock,D,4,0001181431-08-015934,,https://www.sec.gov/Archives/edgar/data/927628/000118143108015934/rrd198040.xml
COF,927628,Richard D. Fairbank,1238032,2008-02-29,2008-02-28,S,sale,5334,258623.06,48.4858,,,,,unknown,M,27,0,Common Stock,D,4,0001181431-08-014983,,https://www.sec.gov/Archives/edgar/data/927628/000118143108014983/rrd197516.xml
COF,927628,Richard D. Fairbank,1238032,2008-02-29,2008-02-28,S,sale,5800,283251.00,48.8364,,,,,unknown,,28,0,Common Stock,D,4,0001181431-08-014984,,https://www.sec.gov/Archives/edgar/data/927628/000118143108014984/rrd197515.xml
COF,927628,Richard D. Fairbank,1238032,2008-02-29,2008-02-28,S,sale,3500,172672.00,49.3349,,,,,unknown,,27,0,Common Stock,D,4,0001181431-08-014985,,https://www.sec.gov/Archives/edgar/data/927628/000118143108014985/rrd197514.xml
COF,927628,Richard D. Fairbank,1238032,2008-02-29,2008-02-27,S,sale,3934,193997.10,49.3129,,,,,unknown,M,27,0,Common Stock,D,4,0001181431-08-014977,,https://www.sec.gov/Archives/edgar/data/927628/000118143108014977/rrd197511.xml
COF,927628,Richard D. Fairbank,1238032,2008-02-29,2008-02-27,S,sale,6400,319035.68,49.8493,,,,,unknown,,28,0,Common Stock,D,4,0001181431-08-014979,,https://www.sec.gov/Archives/edgar/data/927628/000118143108014979/rrd197512.xml
COF,927628,Richard D. Fairbank,1238032,2008-02-29,2008-02-27,S,sale,4300,215989.00,50.2300,,,,,unknown,,27,0,Common Stock,D,4,0001181431-08-014982,,https://www.sec.gov/Archives/edgar/data/927628/000118143108014982/rrd197513.xml
COF,927628,Richard D. Fairbank,1238032,2008-02-27,2008-02-26,S,sale,3700,176525.00,47.7095,,,,,unknown,M,27,0,Common Stock,D,4,0001181431-08-014160,,https://www.sec.gov/Archives/edgar/data/927628/000118143108014160/rrd197120.xml
COF,927628,Richard D. Fairbank,1238032,2008-02-27,2008-02-26,S,sale,3100,150000.00,48.3871,,,,,unknown,,28,0,Common Stock,D,4,0001181431-08-014161,,https://www.sec.gov/Archives/edgar/data/927628/000118143108014161/rrd197121.xml
COF,927628,Richard D. Fairbank,1238032,2008-02-27,2008-02-26,S,sale,4234,211061.60,49.8492,,,,,unknown,,27,0,Common Stock,D,4,0001181431-08-014162,,https://www.sec.gov/Archives/edgar/data/927628/000118143108014162/rrd197124.xml
COF,927628,Richard D. Fairbank,1238032,2008-02-27,2008-02-26,S,sale,3600,181403.00,50.3897,,,,,unknown,,25,0,Common Stock,D,4,0001181431-08-014163,,https://www.sec.gov/Archives/edgar/data/927628/000118143108014163/rrd197125.xml
COF,927628,Richard D. Fairbank,1238032,2008-02-27,2008-02-25,S,sale,3300,153760.00,46.5939,,,,,unknown,M,27,0,Common Stock,D,4,0001181431-08-014155,,https://www.sec.gov/Archives/edgar/data/927628/000118143108014155/rrd197123.xml
COF,927628,Richard D. Fairbank,1238032,2008-02-27,2008-02-25,S,sale,4500,211807.00,47.0682,,,,,unknown,,28,0,Common Stock,D,4,0001181431-08-014156,,https://www.sec.gov/Archives/edgar/data/927628/000118143108014156/rrd197117.xml
COF,927628,Richard D. Fairbank,1238032,2008-02-27,2008-02-25,S,sale,4091,194688.24,47.5894,,,,,unknown,,27,0,Common Stock,D,4,0001181431-08-014158,,https://www.sec.gov/Archives/edgar/data/927628/000118143108014158/rrd197118.xml
COF,927628,Richard D. Fairbank,1238032,2008-02-27,2008-02-25,S,sale,2743,132733.76,48.3900,,,,,unknown,,25,0,Common Stock,D,4,0001181431-08-014159,,https://www.sec.gov/Archives/edgar/data/927628/000118143108014159/rrd197119.xml
COF,927628,Richard D. Fairbank,1238032,2008-02-25,2008-02-22,S,sale,14634,683846.82,46.7300,,,,,unknown,M,1,0,Common Stock,D,4,0001181431-08-013508,,https://www.sec.gov/Archives/edgar/data/927628/000118143108013508/rrd196774.xml
COF,927628,Richard D. Fairbank,1238032,2008-02-25,2008-02-21,S,sale,4134,197436.50,47.7592,,,,,unknown,M,27,0,Common Stock,D,4,0001181431-08-013491,,https://www.sec.gov/Archives/edgar/data/927628/000118143108013491/rrd196761.xml
COF,927628,Richard D. Fairbank,1238032,2008-02-25,2008-02-21,S,sale,4100,197567.00,48.1871,,,,,unknown,,28,0,Common Stock,D,4,0001181431-08-013502,,https://www.sec.gov/Archives/edgar/data/927628/000118143108013502/rrd196762.xml
COF,927628,Richard D. Fairbank,1238032,2008-02-25,2008-02-21,S,sale,3300,160324.00,48.5830,,,,,unknown,,27,0,Common Stock,D,4,0001181431-08-013505,,https://www.sec.gov/Archives/edgar/data/927628/000118143108013505/rrd196771.xml
COF,927628,Richard D. Fairbank,1238032,2008-02-25,2008-02-21,S,sale,3100,154019.00,49.6835,,,,,unknown,,26,0,Common Stock,D,4,0001181431-08-013507,,https://www.sec.gov/Archives/edgar/data/927628/000118143108013507/rrd196769.xml
COF,927628,Richard D. Fairbank,1238032,2008-02-21,2008-02-20,S,sale,3500,167814.00,47.9469,,,,,unknown,M,27,0,Common Stock,D,4,0001181431-08-012589,,https://www.sec.gov/Archives/edgar/data/927628/000118143108012589/rrd196288.xml
COF,927628,Richard D. Fairbank,1238032,2008-02-21,2008-02-20,S,sale,3800,184717.00,48.6097,,,,,unknown,,28,0,Common Stock,D,4,0001181431-08-012591,,https://www.sec.gov/Archives/edgar/data/927628/000118143108012591/rrd196289.xml
COF,927628,Richard D. Fairbank,1238032,2008-02-21,2008-02-20,S,sale,4934,242020.48,49.0516,,,,,unknown,,27,0,Common Stock,D,4,0001181431-08-012593,,https://www.sec.gov/Archives/edgar/data/927628/000118143108012593/rrd196290.xml
COF,927628,Richard D. Fairbank,1238032,2008-02-21,2008-02-20,S,sale,2400,118519.00,49.3829,,,,,unknown,,15,0,Common Stock,D,4,0001181431-08-012594,,https://www.sec.gov/Archives/edgar/data/927628/000118143108012594/rrd196295.xml
COF,927628,Richard D. Fairbank,1238032,2008-02-21,2008-02-19,S,sale,4900,233154.00,47.5824,,,,,unknown,M,27,0,Common Stock,D,4,0001181431-08-012583,,https://www.sec.gov/Archives/edgar/data/927628/000118143108012583/rrd196286.xml
COF,927628,Richard D. Fairbank,1238032,2008-02-21,2008-02-19,S,sale,6434,308482.00,47.9456,,,,,unknown,,28,0,Common Stock,D,4,0001181431-08-012585,,https://www.sec.gov/Archives/edgar/data/927628/000118143108012585/rrd196285.xml
COF,927628,Richard D. Fairbank,1238032,2008-02-21,2008-02-19,S,sale,3300,159402.00,48.3036,,,,,unknown,,22,0,Common Stock,D,4,0001181431-08-012586,,https://www.sec.gov/Archives/edgar/data/927628/000118143108012586/rrd196287.xml
COF,927628,Richard D. Fairbank,1238032,2008-02-19,2008-02-15,S,sale,4100,192247.07,46.8895,,,,,unknown,M,27,0,Common Stock,D,4,0001181431-08-011770,,https://www.sec.gov/Archives/edgar/data/927628/000118143108011770/rrd195756.xml
COF,927628,Richard D. Fairbank,1238032,2008-02-19,2008-02-15,S,sale,8000,378148.00,47.2685,,,,,unknown,,28,0,Common Stock,D,4,0001181431-08-011772,,https://www.sec.gov/Archives/edgar/data/927628/000118143108011772/rrd195757.xml
COF,927628,Richard D. Fairbank,1238032,2008-02-19,2008-02-15,S,sale,2534,120560.12,47.5770,,,,,unknown,,17,0,Common Stock,D,4,0001181431-08-011773,,https://www.sec.gov/Archives/edgar/data/927628/000118143108011773/rrd195758.xml
COF,927628,Richard D. Fairbank,1238032,2008-02-15,2008-02-14,S,sale,6734,320550.08,47.6017,,,,,unknown,M,27,0,Common Stock,D,4,0001181431-08-011271,,https://www.sec.gov/Archives/edgar/data/927628/000118143108011271/rrd195533.xml
COF,927628,Richard D. Fairbank,1238032,2008-02-15,2008-02-14,S,sale,4300,206334.00,47.9847,,,,,unknown,,28,0,Common Stock,D,4,0001181431-08-011272,,https://www.sec.gov/Archives/edgar/data/927628/000118143108011272/rrd195535.xml
COF,927628,Richard D. Fairbank,1238032,2008-02-15,2008-02-14,S,sale,3600,175596.00,48.7767,,,,,unknown,,24,0,Common Stock,D,4,0001181431-08-011275,,https://www.sec.gov/Archives/edgar/data/927628/000118143108011275/rrd195538.xml
COF,927628,Richard D. Fairbank,1238032,2008-02-15,2008-02-13,S,sale,3700,176170.00,47.6135,,,,,unknown,M,27,0,Common Stock,D,4,0001181431-08-011265,,https://www.sec.gov/Archives/edgar/data/927628/000118143108011265/rrd195534.xml
COF,927628,Richard D. Fairbank,1238032,2008-02-15,2008-02-13,S,sale,4400,211927.00,48.1652,,,,,unknown,,28,0,Common Stock,D,4,0001181431-08-011266,,https://www.sec.gov/Archives/edgar/data/927628/000118143108011266/rrd195537.xml
COF,927628,Richard D. Fairbank,1238032,2008-02-15,2008-02-13,S,sale,4900,238244.00,48.6212,,,,,unknown,,29,0,Common Stock,D,4,0001181431-08-011267,,https://www.sec.gov/Archives/edgar/data/927628/000118143108011267/rrd195532.xml
COF,927628,Richard D. Fairbank,1238032,2008-02-15,2008-02-13,S,sale,1634,80231.68,49.1014,,,,,unknown,,12,0,Common Stock,D,4,0001181431-08-011269,,https://www.sec.gov/Archives/edgar/data/927628/000118143108011269/rrd195536.xml
COF,927628,Richard D. Fairbank,1238032,2008-02-13,2008-02-12,S,sale,3434,161820.82,47.1231,,,,,unknown,M,27,0,Common Stock,D,4,0001181431-08-010133,,https://www.sec.gov/Archives/edgar/data/927628/000118143108010133/rrd195040.xml
COF,927628,Richard D. Fairbank,1238032,2008-02-13,2008-02-12,S,sale,3800,182730.00,48.0868,,,,,unknown,,28,0,Common Stock,D,4,0001181431-08-010135,,https://www.sec.gov/Archives/edgar/data/927628/000118143108010135/rrd195047.xml
COF,927628,Richard D. Fairbank,1238032,2008-02-13,2008-02-12,S,sale,5500,267864.00,48.7025,,,,,unknown,,29,0,Common Stock,D,4,0001181431-08-010138,,https://www.sec.gov/Archives/edgar/data/927628/000118143108010138/rrd195048.xml
COF,927628,Richard D. Fairbank,1238032,2008-02-13,2008-02-12,S,sale,1900,93194.00,49.0495,,,,,unknown,,16,0,Common Stock,D,4,0001181431-08-010141,,https://www.sec.gov/Archives/edgar/data/927628/000118143108010141/rrd195049.xml
COF,927628,Richard D. Fairbank,1238032,2008-02-13,2008-02-11,S,sale,3900,181495.00,46.5372,,,,,unknown,M,27,0,Common Stock,D,4,0001181431-08-010126,,https://www.sec.gov/Archives/edgar/data/927628/000118143108010126/rrd195038.xml
COF,927628,Richard D. Fairbank,1238032,2008-02-13,2008-02-11,S,sale,4534,212933.86,46.9638,,,,,unknown,,28,0,Common Stock,D,4,0001181431-08-010127,,https://www.sec.gov/Archives/edgar/data/927628/000118143108010127/rrd195033.xml
COF,927628,Richard D. Fairbank,1238032,2008-02-13,2008-02-11,S,sale,4300,203774.00,47.3893,,,,,unknown,,29,0,Common Stock,D,4,0001181431-08-010128,,https://www.sec.gov/Archives/edgar/data/927628/000118143108010128/rrd195035.xml
COF,927628,Richard D. Fairbank,1238032,2008-02-13,2008-02-11,S,sale,1900,91642.00,48.2326,,,,,unknown,,14,0,Common Stock,D,4,0001181431-08-010131,,https://www.sec.gov/Archives/edgar/data/927628/000118143108010131/rrd195031.xml
COF,927628,Richard D. Fairbank,1238032,2008-02-11,2008-02-08,S,sale,3200,153816.00,48.0675,,,,,unknown,M,27,0,Common Stock,D,4,0001181431-08-009282,,https://www.sec.gov/Archives/edgar/data/927628/000118143108009282/rrd194588.xml
COF,927628,Richard D. Fairbank,1238032,2008-02-11,2008-02-08,S,sale,4534,221095.32,48.7639,,,,,unknown,,28,0,Common Stock,D,4,0001181431-08-009291,,https://www.sec.gov/Archives/edgar/data/927628/000118143108009291/rrd194602.xml
COF,927628,Richard D. Fairbank,1238032,2008-02-11,2008-02-08,S,sale,3700,182254.00,49.2578,,,,,unknown,,29,0,Common Stock,D,4,0001181431-08-009292,,https://www.sec.gov/Archives/edgar/data/927628/000118143108009292/rrd194591.xml
COF,927628,Richard D. Fairbank,1238032,2008-02-11,2008-02-08,S,sale,3200,159520.00,49.8500,,,,,unknown,,28,0,Common Stock,D,4,0001181431-08-009294,,https://www.sec.gov/Archives/edgar/data/927628/000118143108009294/rrd194580.xml
COF,927628,Richard D. Fairbank,1238032,2008-02-11,2008-02-07,S,sale,3834,185883.26,48.4829,,,,,unknown,M,27,0,Common Stock,D,4,0001181431-08-009273,,https://www.sec.gov/Archives/edgar/data/927628/000118143108009273/rrd194583.xml
COF,927628,Richard D. Fairbank,1238032,2008-02-11,2008-02-07,S,sale,3900,191803.00,49.1803,,,,,unknown,,28,0,Common Stock,D,4,0001181431-08-009275,,https://www.sec.gov/Archives/edgar/data/927628/000118143108009275/rrd194584.xml
COF,927628,Richard D. Fairbank,1238032,2008-02-11,2008-02-07,S,sale,3900,193472.00,49.6082,,,,,unknown,,26,0,Common Stock,D,4,0001181431-08-009276,,https://www.sec.gov/Archives/edgar/data/927628/000118143108009276/rrd194585.xml
COF,927628,Richard D. Fairbank,1238032,2008-02-11,2008-02-07,S,sale,3000,150010.00,50.0033,,,,,unknown,,21,0,Common Stock,D,4,0001181431-08-009279,,https://www.sec.gov/Archives/edgar/data/927628/000118143108009279/rrd194581.xml
COF,927628,Richard D. Fairbank,1238032,2008-02-07,2008-02-06,S,sale,3534,175528.66,49.6686,,,,,unknown,M,27,0,Common Stock,D,4,0001181431-08-008471,,https://www.sec.gov/Archives/edgar/data/927628/000118143108008471/rrd194215.xml
COF,927628,Richard D. Fairbank,1238032,2008-02-07,2008-02-06,S,sale,3700,186030.00,50.2784,,,,,unknown,,28,0,Common Stock,D,4,0001181431-08-008472,,https://www.sec.gov/Archives/edgar/data/927628/000118143108008472/rrd194214.xml
COF,927628,Richard D. Fairbank,1238032,2008-02-07,2008-02-06,S,sale,3800,193591.68,50.9452,,,,,unknown,,26,0,Common Stock,D,4,0001181431-08-008475,,https://www.sec.gov/Archives/edgar/data/927628/000118143108008475/rrd194212.xml
COF,927628,Richard D. Fairbank,1238032,2008-02-07,2008-02-06,S,sale,2800,144645.00,51.6589,,,,,unknown,,26,0,Common Stock,D,4,0001181431-08-008478,,https://www.sec.gov/Archives/edgar/data/927628/000118143108008478/rrd194213.xml
COF,927628,Richard D. Fairbank,1238032,2008-02-07,2008-02-06,S,sale,800,41817.00,52.2713,,,,,unknown,,8,0,Common Stock,D,4,0001181431-08-008481,,https://www.sec.gov/Archives/edgar/data/927628/000118143108008481/rrd194211.xml
COF,927628,Richard D. Fairbank,1238032,2008-02-07,2008-02-05,S,sale,3834,193306.18,50.4189,,,,,unknown,M,27,0,Common Stock,D,4,0001181431-08-008464,,https://www.sec.gov/Archives/edgar/data/927628/000118143108008464/rrd194207.xml
COF,927628,Richard D. Fairbank,1238032,2008-02-07,2008-02-05,S,sale,5300,269224.87,50.7971,,,,,unknown,,28,0,Common Stock,D,4,0001181431-08-008465,,https://www.sec.gov/Archives/edgar/data/927628/000118143108008465/rrd194208.xml
COF,927628,Richard D. Fairbank,1238032,2008-02-07,2008-02-05,S,sale,3300,169106.00,51.2442,,,,,unknown,,26,0,Common Stock,D,4,0001181431-08-008467,,https://www.sec.gov/Archives/edgar/data/927628/000118143108008467/rrd194209.xml
COF,927628,Richard D. Fairbank,1238032,2008-02-07,2008-02-05,S,sale,2200,113797.00,51.7259,,,,,unknown,,20,0,Common Stock,D,4,0001181431-08-008470,,https://www.sec.gov/Archives/edgar/data/927628/000118143108008470/rrd194210.xml
COF,927628,Richard D. Fairbank,1238032,2008-02-05,2008-02-04,S,sale,5034,265392.80,52.7201,,,,,unknown,M,27,0,Common Stock,D,4,0001181431-08-007759,,https://www.sec.gov/Archives/edgar/data/927628/000118143108007759/rrd193733.xml
COF,927628,Richard D. Fairbank,1238032,2008-02-05,2008-02-04,S,sale,5800,307910.00,53.0879,,,,,unknown,,28,0,Common Stock,D,4,0001181431-08-007761,,https://www.sec.gov/Archives/edgar/data/927628/000118143108007761/rrd193734.xml
COF,927628,Richard D. Fairbank,1238032,2008-02-05,2008-02-04,S,sale,3800,204512.00,53.8189,,,,,unknown,,26,0,Common Stock,D,4,0001181431-08-007762,,https://www.sec.gov/Archives/edgar/data/927628/000118143108007762/rrd193735.xml
COF,927628,Richard D. Fairbank,1238032,2008-02-05,2008-02-01,S,sale,4000,222315.00,55.5787,,,,,unknown,M,27,0,Common Stock,D,4,0001181431-08-007742,,https://www.sec.gov/Archives/edgar/data/927628/000118143108007742/rrd193738.xml
COF,927628,Richard D. Fairbank,1238032,2008-02-05,2008-02-01,S,sale,3900,218706.00,56.0785,,,,,unknown,,28,0,Common Stock,D,4,0001181431-08-007743,,https://www.sec.gov/Archives/edgar/data/927628/000118143108007743/rrd193739.xml
COF,927628,Richard D. Fairbank,1238032,2008-02-05,2008-02-01,S,sale,4000,226049.00,56.5123,,,,,unknown,,26,0,Common Stock,D,4,0001181431-08-007744,,https://www.sec.gov/Archives/edgar/data/927628/000118143108007744/rrd193736.xml
COF,927628,Richard D. Fairbank,1238032,2008-02-05,2008-02-01,S,sale,2734,155838.32,57.0001,,,,,unknown,,23,0,Common Stock,D,4,0001181431-08-007745,,https://www.sec.gov/Archives/edgar/data/927628/000118143108007745/rrd193732.xml
COF,927628,Richard D. Fairbank,1238032,2007-09-04,2007-08-31,S,sale,6305,407325.23,64.6035,,,,,unknown,M,27,0,Common Stock,D,4,0001181431-07-055596,,https://www.sec.gov/Archives/edgar/data/927628/000118143107055596/rrd171415.xml
COF,927628,Richard D. Fairbank,1238032,2007-09-04,2007-08-31,S,sale,3900,253423.00,64.9803,,,,,unknown,,28,0,Common Stock,D,4,0001181431-07-055597,,https://www.sec.gov/Archives/edgar/data/927628/000118143107055597/rrd171416.xml
COF,927628,Richard D. Fairbank,1238032,2007-09-04,2007-08-31,S,sale,600,39376.00,65.6267,,,,,unknown,,5,0,Common Stock,D,4,0001181431-07-055598,,https://www.sec.gov/Archives/edgar/data/927628/000118143107055598/rrd171414.xml
COF,927628,Richard D. Fairbank,1238032,2007-09-04,2007-08-30,S,sale,6039,388302.48,64.2991,,,,,unknown,M,27,0,Common Stock,D,4,0001181431-07-055592,,https://www.sec.gov/Archives/edgar/data/927628/000118143107055592/rrd171412.xml
COF,927628,Richard D. Fairbank,1238032,2007-09-04,2007-08-30,S,sale,4700,303589.00,64.5934,,,,,unknown,,26,0,Common Stock,D,4,0001181431-07-055594,,https://www.sec.gov/Archives/edgar/data/927628/000118143107055594/rrd171413.xml
COF,927628,Richard D. Fairbank,1238032,2007-08-30,2007-08-29,S,sale,3700,234740.00,63.4432,,,,,unknown,M,27,0,Common Stock,D,4,0001181431-07-055154,,https://www.sec.gov/Archives/edgar/data/927628/000118143107055154/rrd171148.xml
COF,927628,Richard D. Fairbank,1238032,2007-08-30,2007-08-29,S,sale,5800,371546.00,64.0597,,,,,unknown,,28,0,Common Stock,D,4,0001181431-07-055155,,https://www.sec.gov/Archives/edgar/data/927628/000118143107055155/rrd171149.xml
COF,927628,Richard D. Fairbank,1238032,2007-08-30,2007-08-29,S,sale,1239,80212.53,64.7397,,,,,unknown,,12,0,Common Stock,D,4,0001181431-07-055156,,https://www.sec.gov/Archives/edgar/data/927628/000118143107055156/rrd171150.xml
COF,927628,Richard D. Fairbank,1238032,2007-08-30,2007-08-28,S,sale,7839,501517.64,63.9772,,,,,unknown,M,27,0,Common Stock,D,4,0001181431-07-055152,,https://www.sec.gov/Archives/edgar/data/927628/000118143107055152/rrd171142.xml
COF,927628,Richard D. Fairbank,1238032,2007-08-30,2007-08-28,S,sale,2900,186600.00,64.3448,,,,,unknown,,20,0,Common Stock,D,4,0001181431-07-055153,,https://www.sec.gov/Archives/edgar/data/927628/000118143107055153/rrd171143.xml
COF,927628,Richard D. Fairbank,1238032,2007-08-28,2007-08-27,S,sale,9039,596471.95,65.9887,,,,,unknown,M,27,0,Common Stock,D,4,0001181431-07-054580,,https://www.sec.gov/Archives/edgar/data/927628/000118143107054580/rrd170850.xml
COF,927628,Richard D. Fairbank,1238032,2007-08-28,2007-08-27,S,sale,1700,112450.00,66.1471,,,,,unknown,,9,0,Common Stock,D,4,0001181431-07-054582,,https://www.sec.gov/Archives/edgar/data/927628/000118143107054582/rrd170851.xml
COF,927628,Richard D. Fairbank,1238032,2007-08-28,2007-08-24,S,sale,4800,315831.00,65.7981,,,,,unknown,M,27,0,Common Stock,D,4,0001181431-07-054575,,https://www.sec.gov/Archives/edgar/data/927628/000118143107054575/rrd170848.xml
COF,927628,Richard D. Fairbank,1238032,2007-08-28,2007-08-24,S,sale,5939,392631.03,66.1106,,,,,unknown,,28,0,Common Stock,D,4,0001181431-07-054577,,https://www.sec.gov/Archives/edgar/data/927628/000118143107054577/rrd170849.xml
COF,927628,Richard D. Fairbank,1238032,2007-08-24,2007-08-23,S,sale,5800,383241.02,66.0760,,,,,unknown,M,27,0,Common Stock,D,4,0001181431-07-054151,,https://www.sec.gov/Archives/edgar/data/927628/000118143107054151/rrd170554.xml
COF,927628,Richard D. Fairbank,1238032,2007-08-24,2007-08-23,S,sale,4039,268678.69,66.5211,,,,,unknown,,28,0,Common Stock,D,4,0001181431-07-054152,,https://www.sec.gov/Archives/edgar/data/927628/000118143107054152/rrd170565.xml
COF,927628,Richard D. Fairbank,1238032,2007-08-24,2007-08-23,S,sale,900,60528.00,67.2533,,,,,unknown,,6,0,Common Stock,D,4,0001181431-07-054154,,https://www.sec.gov/Archives/edgar/data/927628/000118143107054154/rrd170572.xml
COF,927628,Richard D. Fairbank,1238032,2007-08-24,2007-08-22,S,sale,3900,259372.00,66.5056,,,,,unknown,M,27,0,Common Stock,D,4,0001181431-07-054139,,https://www.sec.gov/Archives/edgar/data/927628/000118143107054139/rrd170556.xml
COF,927628,Richard D. Fairbank,1238032,2007-08-24,2007-08-22,S,sale,4167,279490.95,67.0725,,,,,unknown,,28,0,Common Stock,D,4,0001181431-07-054144,,https://www.sec.gov/Archives/edgar/data/927628/000118143107054144/rrd170566.xml
COF,927628,Richard D. Fairbank,1238032,2007-08-24,2007-08-22,S,sale,2672,182485.60,68.2955,,,,,unknown,,22,0,Common Stock,D,4,0001181431-07-054146,,https://www.sec.gov/Archives/edgar/data/927628/000118143107054146/rrd170569.xml
COF,927628,Richard D. Fairbank,1238032,2007-08-22,2007-08-21,S,sale,3400,229589.00,67.5262,,,,,unknown,M,27,0,Common Stock,D,4,0001181431-07-053613,,https://www.sec.gov/Archives/edgar/data/927628/000118143107053613/rrd170327.xml
COF,927628,Richard D. Fairbank,1238032,2007-08-22,2007-08-21,S,sale,4139,283268.60,68.4389,,,,,unknown,,28,0,Common Stock,D,4,0001181431-07-053615,,https://www.sec.gov/Archives/edgar/data/927628/000118143107053615/rrd170332.xml
COF,927628,Richard D. Fairbank,1238032,2007-08-22,2007-08-21,S,sale,3000,206779.00,68.9263,,,,,unknown,,23,0,Common Stock,D,4,0001181431-07-053618,,https://www.sec.gov/Archives/edgar/data/927628/000118143107053618/rrd170337.xml
COF,927628,Richard D. Fairbank,1238032,2007-08-22,2007-08-20,S,sale,3700,244480.00,66.0757,,,,,unknown,M,27,0,Common Stock,D,4,0001181431-07-053607,,https://www.sec.gov/Archives/edgar/data/927628/000118143107053607/rrd170328.xml
COF,927628,Richard D. Fairbank,1238032,2007-08-22,2007-08-20,S,sale,4439,296571.15,66.8104,,,,,unknown,,28,0,Common Stock,D,4,0001181431-07-053610,,https://www.sec.gov/Archives/edgar/data/927628/000118143107053610/rrd170333.xml
COF,927628,Richard D. Fairbank,1238032,2007-08-22,2007-08-20,S,sale,2600,176670.00,67.9500,,,,,unknown,,23,0,Common Stock,D,4,0001181431-07-053611,,https://www.sec.gov/Archives/edgar/data/927628/000118143107053611/rrd170336.xml
COF,927628,Richard D. Fairbank,1238032,2007-08-22,2007-08-20,S,sale,200,13785.00,68.9250,,,,,unknown,,2,0,Common Stock,D,4,0001181431-07-053618,,https://www.sec.gov/Archives/edgar/data/927628/000118143107053618/rrd170337.xml
COF,927628,Richard D. Fairbank,1238032,2007-08-20,2007-08-17,S,sale,3300,219040.00,66.3758,,,,,unknown,M,27,0,Common Stock,D,4,0001181431-07-053153,,https://www.sec.gov/Archives/edgar/data/927628/000118143107053153/rrd170084.xml
COF,927628,Richard D. Fairbank,1238032,2007-08-20,2007-08-17,S,sale,3400,228764.00,67.2835,,,,,unknown,,28,0,Common Stock,D,4,0001181431-07-053155,,https://www.sec.gov/Archives/edgar/data/927628/000118143107053155/rrd170087.xml
COF,927628,Richard D. Fairbank,1238032,2007-08-20,2007-08-17,S,sale,4039,275570.28,68.2274,,,,,unknown,,22,0,Common Stock,D,4,0001181431-07-053158,,https://www.sec.gov/Archives/edgar/data/927628/000118143107053158/rrd170089.xml
COF,927628,Richard D. Fairbank,1238032,2007-08-20,2007-08-16,S,sale,2900,176583.00,60.8907,,,,,unknown,M,27,0,Common Stock,D,4,0001181431-07-053148,,https://www.sec.gov/Archives/edgar/data/927628/000118143107053148/rrd170085.xml
COF,927628,Richard D. Fairbank,1238032,2007-08-20,2007-08-16,S,sale,3400,210704.00,61.9718,,,,,unknown,,28,0,Common Stock,D,4,0001181431-07-053150,,https://www.sec.gov/Archives/edgar/data/927628/000118143107053150/rrd170086.xml
COF,927628,Richard D. Fairbank,1238032,2007-08-20,2007-08-16,S,sale,3700,232210.00,62.7595,,,,,unknown,,28,0,Common Stock,D,4,0001181431-07-053151,,https://www.sec.gov/Archives/edgar/data/927628/000118143107053151/rrd170088.xml
COF,927628,Richard D. Fairbank,1238032,2007-08-20,2007-08-16,S,sale,739,47954.39,64.8909,,,,,unknown,,7,0,Common Stock,D,4,0001181431-07-053152,,https://www.sec.gov/Archives/edgar/data/927628/000118143107053152/rrd170090.xml
COF,927628,Richard D. Fairbank,1238032,2007-08-16,2007-08-15,S,sale,3139,199479.89,63.5489,,,,,unknown,M,27,0,Common Stock,D,4,0000898430-07-002985,,https://www.sec.gov/Archives/edgar/data/927628/000089843007002985/rrd169771.xml
COF,927628,Richard D. Fairbank,1238032,2007-08-16,2007-08-15,S,sale,3800,243553.00,64.0929,,,,,unknown,,28,0,Common Stock,D,4,0000898430-07-002986,,https://www.sec.gov/Archives/edgar/data/927628/000089843007002986/rrd169776.xml
COF,927628,Richard D. Fairbank,1238032,2007-08-16,2007-08-15,S,sale,3600,233960.00,64.9889,,,,,unknown,,28,0,Common Stock,D,4,0000898430-07-002987,,https://www.sec.gov/Archives/edgar/data/927628/000089843007002987/rrd169780.xml
COF,927628,Richard D. Fairbank,1238032,2007-08-16,2007-08-15,S,sale,200,13314.00,66.5700,,,,,unknown,,2,0,Common Stock,D,4,0000898430-07-002988,,https://www.sec.gov/Archives/edgar/data/927628/000089843007002988/rrd169781.xml
COF,927628,Richard D. Fairbank,1238032,2007-08-16,2007-08-14,S,sale,3839,253044.12,65.9141,,,,,unknown,M,27,0,Common Stock,D,4,0000898430-07-002982,,https://www.sec.gov/Archives/edgar/data/927628/000089843007002982/rrd169770.xml
COF,927628,Richard D. Fairbank,1238032,2007-08-16,2007-08-14,S,sale,4100,272304.00,66.4156,,,,,unknown,,28,0,Common Stock,D,4,0000898430-07-002983,,https://www.sec.gov/Archives/edgar/data/927628/000089843007002983/rrd169773.xml
COF,927628,Richard D. Fairbank,1238032,2007-08-16,2007-08-14,S,sale,2800,189647.00,67.7311,,,,,unknown,,26,0,Common Stock,D,4,0000898430-07-002984,,https://www.sec.gov/Archives/edgar/data/927628/000089843007002984/rrd169779.xml
COF,927628,Richard D. Fairbank,1238032,2007-08-14,2007-08-13,S,sale,4339,296893.04,68.4243,,,,,unknown,M,27,0,Common Stock,D,4,0001181431-07-052415,,https://www.sec.gov/Archives/edgar/data/927628/000118143107052415/rrd169410.xml
COF,927628,Richard D. Fairbank,1238032,2007-08-14,2007-08-13,S,sale,3700,254928.00,68.8995,,,,,unknown,,28,0,Common Stock,D,4,0001181431-07-052419,,https://www.sec.gov/Archives/edgar/data/927628/000118143107052419/rrd169416.xml
COF,927628,Richard D. Fairbank,1238032,2007-08-14,2007-08-13,S,sale,2700,188484.00,69.8089,,,,,unknown,,21,0,Common Stock,D,4,0001181431-07-052422,,https://www.sec.gov/Archives/edgar/data/927628/000118143107052422/rrd169419.xml
COF,927628,Richard D. Fairbank,1238032,2007-08-14,2007-08-10,S,sale,3000,202117.72,67.3726,,,,,unknown,M,27,0,Common Stock,D,4,0001181431-07-052399,,https://www.sec.gov/Archives/edgar/data/927628/000118143107052399/rrd169411.xml
COF,927628,Richard D. Fairbank,1238032,2007-08-14,2007-08-10,S,sale,5200,353924.00,68.0623,,,,,unknown,,28,0,Common Stock,D,4,0001181431-07-052412,,https://www.sec.gov/Archives/edgar/data/927628/000118143107052412/rrd169414.xml
COF,927628,Richard D. Fairbank,1238032,2007-08-14,2007-08-10,S,sale,2539,174355.12,68.6708,,,,,unknown,,21,0,Common Stock,D,4,0001181431-07-052414,,https://www.sec.gov/Archives/edgar/data/927628/000118143107052414/rrd169418.xml
COF,927628,Richard D. Fairbank,1238032,2007-08-10,2007-08-09,S,sale,4305,293373.45,68.1471,,,,,unknown,M,27,0,Common Stock,D,4,0001181431-07-051631,,https://www.sec.gov/Archives/edgar/data/927628/000118143107051631/rrd169080.xml
COF,927628,Richard D. Fairbank,1238032,2007-08-10,2007-08-09,S,sale,3234,222860.66,68.9118,,,,,unknown,,28,0,Common Stock,D,4,0001181431-07-051633,,https://www.sec.gov/Archives/edgar/data/927628/000118143107051633/rrd169075.xml
COF,927628,Richard D. Fairbank,1238032,2007-08-10,2007-08-09,S,sale,3100,217862.00,70.2781,,,,,unknown,,28,0,Common Stock,D,4,0001181431-07-051636,,https://www.sec.gov/Archives/edgar/data/927628/000118143107051636/rrd169079.xml
COF,927628,Richard D. Fairbank,1238032,2007-08-10,2007-08-09,S,sale,100,7123.00,71.2300,,,,,unknown,,1,0,Common Stock,D,4,0001181431-07-051639,,https://www.sec.gov/Archives/edgar/data/927628/000118143107051639/rrd169081.xml
COF,927628,Richard D. Fairbank,1238032,2007-08-10,2007-08-08,S,sale,2739,194742.43,71.0998,,,,,unknown,M,27,0,Common Stock,D,4,0001181431-07-051624,,https://www.sec.gov/Archives/edgar/data/927628/000118143107051624/rrd169078.xml
COF,927628,Richard D. Fairbank,1238032,2007-08-10,2007-08-08,S,sale,3700,266798.00,72.1076,,,,,unknown,,28,0,Common Stock,D,4,0001181431-07-051625,,https://www.sec.gov/Archives/edgar/data/927628/000118143107051625/rrd169077.xml
COF,927628,Richard D. Fairbank,1238032,2007-08-10,2007-08-08,S,sale,3000,218319.00,72.7730,,,,,unknown,,28,0,Common Stock,D,4,0001181431-07-051626,,https://www.sec.gov/Archives/edgar/data/927628/000118143107051626/rrd169076.xml
COF,927628,Richard D. Fairbank,1238032,2007-08-10,2007-08-08,S,sale,1300,95525.00,73.4808,,,,,unknown,,12,0,Common Stock,D,4,0001181431-07-051628,,https://www.sec.gov/Archives/edgar/data/927628/000118143107051628/rrd169082.xml
COF,927628,Richard D. Fairbank,1238032,2007-08-08,2007-08-07,S,sale,3316,229936.04,69.3414,,,,,unknown,M,27,0,Common Stock,D,4,0001181431-07-050850,,https://www.sec.gov/Archives/edgar/data/927628/000118143107050850/rrd168705.xml
COF,927628,Richard D. Fairbank,1238032,2007-08-08,2007-08-07,S,sale,3323,233496.20,70.2667,,,,,unknown,,28,0,Common Stock,D,4,0001181431-07-050854,,https://www.sec.gov/Archives/edgar/data/927628/000118143107050854/rrd168707.xml
COF,927628,Richard D. Fairbank,1238032,2007-08-08,2007-08-07,S,sale,3600,254800.00,70.7778,,,,,unknown,,28,0,Common Stock,D,4,0001181431-07-050855,,https://www.sec.gov/Archives/edgar/data/927628/000118143107050855/rrd168715.xml
COF,927628,Richard D. Fairbank,1238032,2007-08-08,2007-08-07,S,sale,500,35595.00,71.1900,,,,,unknown,,5,0,Common Stock,D,4,0001181431-07-050858,,https://www.sec.gov/Archives/edgar/data/927628/000118143107050858/rrd168714.xml
COF,927628,Richard D. Fairbank,1238032,2007-08-08,2007-08-06,S,sale,3300,220603.00,66.8494,,,,,unknown,M,27,0,Common Stock,D,4,0001181431-07-050843,,https://www.sec.gov/Archives/edgar/data/927628/000118143107050843/rrd168711.xml
COF,927628,Richard D. Fairbank,1238032,2007-08-08,2007-08-06,S,sale,4400,301694.00,68.5668,,,,,unknown,,28,0,Common Stock,D,4,0001181431-07-050846,,https://www.sec.gov/Archives/edgar/data/927628/000118143107050846/rrd168709.xml
COF,927628,Richard D. Fairbank,1238032,2007-08-08,2007-08-06,S,sale,3039,211558.61,69.6145,,,,,unknown,,27,0,Common Stock,D,4,0001181431-07-050848,,https://www.sec.gov/Archives/edgar/data/927628/000118143107050848/rrd168706.xml
COF,927628,Richard D. Fairbank,1238032,2007-08-06,2007-08-03,S,sale,3239,219807.27,67.8627,,,,,unknown,M,27,0,Common Stock,D,4,0001181431-07-050159,,https://www.sec.gov/Archives/edgar/data/927628/000118143107050159/rrd168366.xml
COF,927628,Richard D. Fairbank,1238032,2007-08-06,2007-08-03,S,sale,3400,234355.00,68.9279,,,,,unknown,,28,0,Common Stock,D,4,0001181431-07-050162,,https://www.sec.gov/Archives/edgar/data/927628/000118143107050162/rrd168370.xml
COF,927628,Richard D. Fairbank,1238032,2007-08-06,2007-08-03,S,sale,3400,237438.00,69.8347,,,,,unknown,,28,0,Common Stock,D,4,0001181431-07-050164,,https://www.sec.gov/Archives/edgar/data/927628/000118143107050164/rrd168373.xml
COF,927628,Richard D. Fairbank,1238032,2007-08-06,2007-08-03,S,sale,700,49457.61,70.6537,,,,,unknown,G,7,0,Common Stock,D,4,0001181431-07-050168,,https://www.sec.gov/Archives/edgar/data/927628/000118143107050168/rrd168377.xml
COF,927628,Richard D. Fairbank,1238032,2007-08-06,2007-08-02,S,sale,3636,257675.96,70.8680,,,,,unknown,M,27,0,Common Stock,D,4,0001181431-07-050153,,https://www.sec.gov/Archives/edgar/data/927628/000118143107050153/rrd168368.xml
COF,927628,Richard D. Fairbank,1238032,2007-08-06,2007-08-02,S,sale,5400,384952.00,71.2874,,,,,unknown,,28,0,Common Stock,D,4,0001181431-07-050155,,https://www.sec.gov/Archives/edgar/data/927628/000118143107050155/rrd168372.xml
COF,927628,Richard D. Fairbank,1238032,2007-08-06,2007-08-02,S,sale,1703,122402.28,71.8745,,,,,unknown,,14,0,Common Stock,D,4,0001181431-07-050156,,https://www.sec.gov/Archives/edgar/data/927628/000118143107050156/rrd168375.xml
COF,927628,Richard D. Fairbank,1238032,2007-08-02,2007-08-01,S,sale,3200,220991.00,69.0597,,,,,unknown,M,27,0,Common Stock,D,4,0001181431-07-049483,,https://www.sec.gov/Archives/edgar/data/927628/000118143107049483/rrd167985.xml
COF,927628,Richard D. Fairbank,1238032,2007-08-02,2007-08-01,S,sale,4239,294785.57,69.5413,,,,,unknown,,28,0,Common Stock,D,4,0001181431-07-049485,,https://www.sec.gov/Archives/edgar/data/927628/000118143107049485/rrd167988.xml
COF,927628,Richard D. Fairbank,1238032,2007-08-02,2007-08-01,S,sale,3100,218431.00,70.4616,,,,,unknown,,28,0,Common Stock,D,4,0001181431-07-049487,,https://www.sec.gov/Archives/edgar/data/927628/000118143107049487/rrd167994.xml
COF,927628,Richard D. Fairbank,1238032,2007-08-02,2007-08-01,S,sale,200,14317.00,71.5850,,,,,unknown,,2,0,Common Stock,D,4,0001181431-07-049490,,https://www.sec.gov/Archives/edgar/data/927628/000118143107049490/rrd168001.xml
COF,927628,Richard D. Fairbank,1238032,2007-08-02,2007-07-31,S,sale,3239,231030.64,71.3278,,,,,unknown,M,27,0,Common Stock,D,4,0001181431-07-049474,,https://www.sec.gov/Archives/edgar/data/927628/000118143107049474/rrd167984.xml
COF,927628,Richard D. Fairbank,1238032,2007-08-02,2007-07-31,S,sale,3500,254489.00,72.7111,,,,,unknown,,28,0,Common Stock,D,4,0001181431-07-049475,,https://www.sec.gov/Archives/edgar/data/927628/000118143107049475/rrd167987.xml
COF,927628,Richard D. Fairbank,1238032,2007-08-02,2007-07-31,S,sale,3400,250935.00,73.8044,,,,,unknown,,28,0,Common Stock,D,4,0001181431-07-049478,,https://www.sec.gov/Archives/edgar/data/927628/000118143107049478/rrd167993.xml
COF,927628,Richard D. Fairbank,1238032,2007-08-02,2007-07-31,S,sale,600,44794.00,74.6567,,,,,unknown,,5,0,Common Stock,D,4,0001181431-07-049481,,https://www.sec.gov/Archives/edgar/data/927628/000118143107049481/rrd168000.xml
COF,927628,Richard D. Fairbank,1238032,2007-07-31,2007-07-30,S,sale,4800,350785.00,73.0802,,,,,unknown,M,27,0,Common Stock,D,4,0001181431-07-048520,,https://www.sec.gov/Archives/edgar/data/927628/000118143107048520/rrd167480.xml
COF,927628,Richard D. Fairbank,1238032,2007-07-31,2007-07-30,S,sale,5139,379364.06,73.8206,,,,,unknown,,28,0,Common Stock,D,4,0001181431-07-048521,,https://www.sec.gov/Archives/edgar/data/927628/000118143107048521/rrd167482.xml
COF,927628,Richard D. Fairbank,1238032,2007-07-31,2007-07-30,S,sale,800,59373.00,74.2163,,,,,unknown,,7,0,Common Stock,D,4,0001181431-07-048524,,https://www.sec.gov/Archives/edgar/data/927628/000118143107048524/rrd167487.xml
COF,927628,Richard D. Fairbank,1238032,2007-07-31,2007-07-27,S,sale,3339,244716.70,73.2904,,,,,unknown,M,27,0,Common Stock,D,4,0001181431-07-048516,,https://www.sec.gov/Archives/edgar/data/927628/000118143107048516/rrd167288.xml
COF,927628,Richard D. Fairbank,1238032,2007-07-31,2007-07-27,S,sale,4400,324331.00,73.7116,,,,,unknown,,28,0,Common Stock,D,4,0001181431-07-048517,,https://www.sec.gov/Archives/edgar/data/927628/000118143107048517/rrd167293.xml
COF,927628,Richard D. Fairbank,1238032,2007-07-31,2007-07-27,S,sale,3000,223061.00,74.3537,,,,,unknown,,22,0,Common Stock,D,4,0001181431-07-048519,,https://www.sec.gov/Archives/edgar/data/927628/000118143107048519/rrd167300.xml
COF,927628,Richard D. Fairbank,1238032,2007-07-30,2007-07-26,S,sale,3300,239730.00,72.6455,,,,,unknown,M,27,0,Common Stock,D,4,0001181431-07-048162,,https://www.sec.gov/Archives/edgar/data/927628/000118143107048162/rrd167284.xml
COF,927628,Richard D. Fairbank,1238032,2007-07-30,2007-07-26,S,sale,3800,278041.00,73.1687,,,,,unknown,,28,0,Common Stock,D,4,0001181431-07-048164,,https://www.sec.gov/Archives/edgar/data/927628/000118143107048164/rrd167287.xml
COF,927628,Richard D. Fairbank,1238032,2007-07-30,2007-07-26,S,sale,3639,267708.25,73.5664,,,,,unknown,,23,0,Common Stock,D,4,0001181431-07-048166,,https://www.sec.gov/Archives/edgar/data/927628/000118143107048166/rrd167290.xml
COF,927628,Richard D. Fairbank,1238032,2007-07-26,2007-07-25,S,sale,3100,230543.00,74.3687,,,,,unknown,M,27,0,Common Stock,D,4,0001181431-07-047756,,https://www.sec.gov/Archives/edgar/data/927628/000118143107047756/rrd167079.xml
COF,927628,Richard D. Fairbank,1238032,2007-07-26,2007-07-25,S,sale,4439,333278.95,75.0797,,,,,unknown,,28,0,Common Stock,D,4,0001181431-07-047769,,https://www.sec.gov/Archives/edgar/data/927628/000118143107047769/rrd167087.xml
COF,927628,Richard D. Fairbank,1238032,2007-07-26,2007-07-25,S,sale,3200,243135.00,75.9797,,,,,unknown,,26,0,Common Stock,D,4,0001181431-07-047773,,https://www.sec.gov/Archives/edgar/data/927628/000118143107047773/rrd167088.xml
COF,927628,Richard D. Fairbank,1238032,2007-07-26,2007-07-24,S,sale,4839,364658.38,75.3582,,,,,unknown,M,27,0,Common Stock,D,4,0001181431-07-047738,,https://www.sec.gov/Archives/edgar/data/927628/000118143107047738/rrd167074.xml
COF,927628,Richard D. Fairbank,1238032,2007-07-26,2007-07-24,S,sale,3500,266198.00,76.0566,,,,,unknown,,28,0,Common Stock,D,4,0001181431-07-047743,,https://www.sec.gov/Archives/edgar/data/927628/000118143107047743/rrd167080.xml
COF,927628,Richard D. Fairbank,1238032,2007-07-26,2007-07-24,S,sale,2400,183433.00,76.4304,,,,,unknown,,17,0,Common Stock,D,4,0001181431-07-047745,,https://www.sec.gov/Archives/edgar/data/927628/000118143107047745/rrd167083.xml
COF,927628,Richard D. Fairbank,1238032,2007-07-24,2007-07-23,S,sale,6939,541957.00,78.1030,,,,,unknown,M,27,0,Common Stock,D,4,0001181431-07-047383,,https://www.sec.gov/Archives/edgar/data/927628/000118143107047383/rrd166836.xml
COF,927628,Richard D. Fairbank,1238032,2007-07-24,2007-07-23,S,sale,3800,297943.00,78.4061,,,,,unknown,,21,0,Common Stock,D,4,0001181431-07-047384,,https://www.sec.gov/Archives/edgar/data/927628/000118143107047384/rrd166839.xml
COF,927628,Richard D. Fairbank,1238032,2007-07-23,2007-07-20,S,sale,5139,396574.60,77.1696,,,,,unknown,M,27,0,Common Stock,D,4,0001181431-07-047057,,https://www.sec.gov/Archives/edgar/data/927628/000118143107047057/rrd166678.xml
COF,927628,Richard D. Fairbank,1238032,2007-07-23,2007-07-20,S,sale,4100,318746.30,77.7430,,,,,unknown,,28,0,Common Stock,D,4,0001181431-07-047058,,https://www.sec.gov/Archives/edgar/data/927628/000118143107047058/rrd166681.xml
COF,927628,Richard D. Fairbank,1238032,2007-07-23,2007-07-20,S,sale,1500,117286.00,78.1907,,,,,unknown,,13,0,Common Stock,D,4,0001181431-07-047059,,https://www.sec.gov/Archives/edgar/data/927628/000118143107047059/rrd166682.xml
COF,927628,Richard D. Fairbank,1238032,2007-07-23,2007-07-19,S,sale,4500,338598.00,75.2440,,,,,unknown,M,27,0,Common Stock,D,4,0001181431-07-047054,,https://www.sec.gov/Archives/edgar/data/927628/000118143107047054/rrd166675.xml
COF,927628,Richard D. Fairbank,1238032,2007-07-23,2007-07-19,S,sale,3539,268089.11,75.7528,,,,,unknown,,28,0,Common Stock,D,4,0001181431-07-047055,,https://www.sec.gov/Archives/edgar/data/927628/000118143107047055/rrd166676.xml
COF,927628,Richard D. Fairbank,1238032,2007-07-23,2007-07-19,S,sale,2700,206819.00,76.5996,,,,,unknown,,20,0,Common Stock,D,4,0001181431-07-047056,,https://www.sec.gov/Archives/edgar/data/927628/000118143107047056/rrd166679.xml
COF,927628,Richard D. Fairbank,1238032,2007-07-19,2007-07-18,S,sale,3300,249601.00,75.6367,,,,,unknown,M,27,0,Common Stock,D,4,0001181431-07-046657,,https://www.sec.gov/Archives/edgar/data/927628/000118143107046657/rrd166377.xml
COF,927628,Richard D. Fairbank,1238032,2007-07-19,2007-07-18,S,sale,6800,517414.00,76.0903,,,,,unknown,,28,0,Common Stock,D,4,0001181431-07-046658,,https://www.sec.gov/Archives/edgar/data/927628/000118143107046658/rrd166376.xml
COF,927628,Richard D. Fairbank,1238032,2007-07-19,2007-07-18,S,sale,639,48867.89,76.4756,,,,,unknown,,4,0,Common Stock,D,4,0001181431-07-046659,,https://www.sec.gov/Archives/edgar/data/927628/000118143107046659/rrd166389.xml
COF,927628,Richard D. Fairbank,1238032,2007-07-19,2007-07-17,S,sale,5239,400820.60,76.5071,,,,,unknown,M,27,0,Common Stock,D,4,0001181431-07-046654,,https://www.sec.gov/Archives/edgar/data/927628/000118143107046654/rrd166375.xml
COF,927628,Richard D. Fairbank,1238032,2007-07-19,2007-07-17,S,sale,5100,392257.00,76.9131,,,,,unknown,,28,0,Common Stock,D,4,0001181431-07-046655,,https://www.sec.gov/Archives/edgar/data/927628/000118143107046655/rrd166382.xml
COF,927628,Richard D. Fairbank,1238032,2007-07-19,2007-07-17,S,sale,400,30876.00,77.1900,,,,,unknown,,4,0,Common Stock,D,4,0001181431-07-046656,,https://www.sec.gov/Archives/edgar/data/927628/000118143107046656/rrd166387.xml
COF,927628,Richard D. Fairbank,1238032,2007-07-17,2007-07-16,S,sale,5500,417378.00,75.8869,,,,,unknown,M,27,0,Common Stock,D,4,0001181431-07-046218,,https://www.sec.gov/Archives/edgar/data/927628/000118143107046218/rrd166166.xml
COF,927628,Richard D. Fairbank,1238032,2007-07-17,2007-07-16,S,sale,4839,369001.24,76.2557,,,,,unknown,,28,0,Common Stock,D,4,0001181431-07-046219,,https://www.sec.gov/Archives/edgar/data/927628/000118143107046219/rrd166171.xml
COF,927628,Richard D. Fairbank,1238032,2007-07-17,2007-07-16,S,sale,400,30762.00,76.9050,,,,,unknown,,4,0,Common Stock,D,4,0001181431-07-046224,,https://www.sec.gov/Archives/edgar/data/927628/000118143107046224/rrd166174.xml
COF,927628,Richard D. Fairbank,1238032,2007-07-17,2007-07-13,S,sale,7039,532091.60,75.5919,,,,,unknown,M,27,0,Common Stock,D,4,0001181431-07-046213,,https://www.sec.gov/Archives/edgar/data/927628/000118143107046213/rrd166149.xml
COF,927628,Richard D. Fairbank,1238032,2007-07-17,2007-07-13,S,sale,3700,280403.00,75.7846,,,,,unknown,,14,0,Common Stock,D,4,0001181431-07-046215,,https://www.sec.gov/Archives/edgar/data/927628/000118143107046215/rrd166167.xml
COF,927628,Richard D. Fairbank,1238032,2007-07-13,2007-07-12,S,sale,8239,622573.23,75.5642,,,,,unknown,M,27,0,Common Stock,D,4,0001181431-07-045568,,https://www.sec.gov/Archives/edgar/data/927628/000118143107045568/rrd165841.xml
COF,927628,Richard D. Fairbank,1238032,2007-07-13,2007-07-12,S,sale,2500,189564.00,75.8256,,,,,unknown,,19,0,Common Stock,D,4,0001181431-07-045570,,https://www.sec.gov/Archives/edgar/data/927628/000118143107045570/rrd165851.xml
COF,927628,Richard D. Fairbank,1238032,2007-07-13,2007-07-11,S,sale,4939,368451.96,74.6005,,,,,unknown,M,27,0,Common Stock,D,4,0001181431-07-045561,,https://www.sec.gov/Archives/edgar/data/927628/000118143107045561/rrd165826.xml
COF,927628,Richard D. Fairbank,1238032,2007-07-13,2007-07-11,S,sale,5500,412077.00,74.9231,,,,,unknown,,28,0,Common Stock,D,4,0001181431-07-045563,,https://www.sec.gov/Archives/edgar/data/927628/000118143107045563/rrd165837.xml
COF,927628,Richard D. Fairbank,1238032,2007-07-13,2007-07-11,S,sale,300,22693.00,75.6433,,,,,unknown,,2,0,Common Stock,D,4,0001181431-07-045564,,https://www.sec.gov/Archives/edgar/data/927628/000118143107045564/rrd165846.xml
COF,927628,Richard D. Fairbank,1238032,2007-07-11,2007-07-10,S,sale,3639,276214.50,75.9040,,,,,unknown,M,27,0,Common Stock,D,4,0001181431-07-045180,,https://www.sec.gov/Archives/edgar/data/927628/000118143107045180/rrd165589.xml
COF,927628,Richard D. Fairbank,1238032,2007-07-11,2007-07-10,S,sale,4500,345549.00,76.7887,,,,,unknown,,28,0,Common Stock,D,4,0001181431-07-045181,,https://www.sec.gov/Archives/edgar/data/927628/000118143107045181/rrd165590.xml
COF,927628,Richard D. Fairbank,1238032,2007-07-11,2007-07-10,S,sale,2600,201077.00,77.3373,,,,,unknown,,19,0,Common Stock,D,4,0001181431-07-045182,,https://www.sec.gov/Archives/edgar/data/927628/000118143107045182/rrd165592.xml
COF,927628,Richard D. Fairbank,1238032,2007-07-11,2007-07-09,S,sale,5500,432905.00,78.7100,,,,,unknown,M,27,0,Common Stock,D,4,0001181431-07-045178,,https://www.sec.gov/Archives/edgar/data/927628/000118143107045178/rrd165593.xml
COF,927628,Richard D. Fairbank,1238032,2007-07-11,2007-07-09,S,sale,5239,414120.32,79.0457,,,,,unknown,,27,0,Common Stock,D,4,0001181431-07-045179,,https://www.sec.gov/Archives/edgar/data/927628/000118143107045179/rrd165594.xml
COF,927628,Richard D. Fairbank,1238032,2007-07-09,2007-07-06,S,sale,5700,446350.00,78.3070,,,,,unknown,M,26,0,Common Stock,D,4,0001181431-07-044905,,https://www.sec.gov/Archives/edgar/data/927628/000118143107044905/rrd165384.xml
COF,927628,Richard D. Fairbank,1238032,2007-07-09,2007-07-06,S,sale,4939,388679.62,78.6960,,,,,unknown,,22,0,Common Stock,D,4,0001181431-07-044906,,https://www.sec.gov/Archives/edgar/data/927628/000118143107044906/rrd165385.xml
COF,927628,Richard D. Fairbank,1238032,2007-07-09,2007-07-05,S,sale,6939,541426.12,78.0265,,,,,unknown,M,27,0,Common Stock,D,4,0001181431-07-044903,,https://www.sec.gov/Archives/edgar/data/927628/000118143107044903/rrd165383.xml
COF,927628,Richard D. Fairbank,1238032,2007-07-09,2007-07-05,S,sale,3800,297888.00,78.3916,,,,,unknown,,25,0,Common Stock,D,4,0001181431-07-044904,,https://www.sec.gov/Archives/edgar/data/927628/000118143107044904/rrd165387.xml
COF,927628,Richard D. Fairbank,1238032,2007-07-09,2007-07-02,S,sale,100,7841.00,78.4100,,,,,unknown,M,1,0,Common Stock,D,4,0001181431-07-044905,,https://www.sec.gov/Archives/edgar/data/927628/000118143107044905/rrd165384.xml
COF,927628,Richard D. Fairbank,1238032,2007-07-05,2007-07-03,S,sale,8639,683813.15,79.1542,,,,,unknown,M,27,0,Common Stock,D,4,0001181431-07-044580,,https://www.sec.gov/Archives/edgar/data/927628/000118143107044580/rrd165202.xml
COF,927628,Richard D. Fairbank,1238032,2007-07-05,2007-07-03,S,sale,2100,166595.00,79.3310,,,,,unknown,,7,0,Common Stock,D,4,0001181431-07-044585,,https://www.sec.gov/Archives/edgar/data/927628/000118143107044585/rrd165215.xml
COF,927628,Richard D. Fairbank,1238032,2007-07-03,2007-07-02,S,sale,7739,608241.23,78.5943,,,,,unknown,M,27,0,Common Stock,D,4,0001181431-07-044025,,https://www.sec.gov/Archives/edgar/data/927628/000118143107044025/rrd164946.xml
COF,927628,Richard D. Fairbank,1238032,2007-07-03,2007-07-02,S,sale,3000,236551.00,78.8503,,,,,unknown,,14,0,Common Stock,D,4,0001181431-07-044031,,https://www.sec.gov/Archives/edgar/data/927628/000118143107044031/rrd164948.xml
COF,927628,Richard D. Fairbank,1238032,2007-07-03,2007-06-29,S,sale,3539,277252.99,78.3422,,,,,unknown,M,27,0,Common Stock,D,4,0001181431-07-044007,,https://www.sec.gov/Archives/edgar/data/927628/000118143107044007/rrd164955.xml
COF,927628,Richard D. Fairbank,1238032,2007-07-03,2007-06-29,S,sale,3900,308269.00,79.0433,,,,,unknown,,28,0,Common Stock,D,4,0001181431-07-044017,,https://www.sec.gov/Archives/edgar/data/927628/000118143107044017/rrd164968.xml
COF,927628,Richard D. Fairbank,1238032,2007-07-03,2007-06-29,S,sale,3300,263742.00,79.9218,,,,,unknown,,25,0,Common Stock,D,4,0001181431-07-044021,,https://www.sec.gov/Archives/edgar/data/927628/000118143107044021/rrd164977.xml
COF,927628,Richard D. Fairbank,1238032,2007-06-29,2007-06-28,S,sale,5739,458618.80,79.9127,,,,,unknown,M,27,0,Common Stock,D,4,0001181431-07-042903,,https://www.sec.gov/Archives/edgar/data/927628/000118143107042903/rrd164448.xml
COF,927628,Richard D. Fairbank,1238032,2007-06-29,2007-06-28,S,sale,4300,345277.00,80.2970,,,,,unknown,,28,0,Common Stock,D,4,0001181431-07-042904,,https://www.sec.gov/Archives/edgar/data/927628/000118143107042904/rrd164371.xml
COF,927628,Richard D. Fairbank,1238032,2007-06-29,2007-06-28,S,sale,700,56473.00,80.6757,,,,,unknown,G,7,0,Common Stock,D,4,0001181431-07-042905,,https://www.sec.gov/Archives/edgar/data/927628/000118143107042905/rrd164374.xml
COF,927628,Richard D. Fairbank,1238032,2007-06-29,2007-06-27,S,sale,6600,514737.00,77.9905,,,,,unknown,M,27,0,Common Stock,D,4,0001181431-07-042901,,https://www.sec.gov/Archives/edgar/data/927628/000118143107042901/rrd164380.xml
COF,927628,Richard D. Fairbank,1238032,2007-06-29,2007-06-27,S,sale,4139,324746.20,78.4601,,,,,unknown,,21,0,Common Stock,D,4,0001181431-07-042902,,https://www.sec.gov/Archives/edgar/data/927628/000118143107042902/rrd164385.xml
COF,927628,Richard D. Fairbank,1238032,2007-06-27,2007-06-26,S,sale,4300,337794.00,78.5567,,,,,unknown,M,27,0,Common Stock,D,4,0001181431-07-042406,,https://www.sec.gov/Archives/edgar/data/927628/000118143107042406/rrd164109.xml
COF,927628,Richard D. Fairbank,1238032,2007-06-27,2007-06-26,S,sale,5439,429326.59,78.9348,,,,,unknown,,28,0,Common Stock,D,4,0001181431-07-042413,,https://www.sec.gov/Archives/edgar/data/927628/000118143107042413/rrd164112.xml
COF,927628,Richard D. Fairbank,1238032,2007-06-27,2007-06-26,S,sale,1000,79349.00,79.3490,,,,,unknown,,9,0,Common Stock,D,4,0001181431-07-042416,,https://www.sec.gov/Archives/edgar/data/927628/000118143107042416/rrd164115.xml
COF,927628,Richard D. Fairbank,1238032,2007-06-27,2007-06-25,S,sale,4039,321734.77,79.6570,,,,,unknown,M,27,0,Common Stock,D,4,0001181431-07-042392,,https://www.sec.gov/Archives/edgar/data/927628/000118143107042392/rrd164106.xml
COF,927628,Richard D. Fairbank,1238032,2007-06-27,2007-06-25,S,sale,4600,369002.00,80.2178,,,,,unknown,,28,0,Common Stock,D,4,0001181431-07-042397,,https://www.sec.gov/Archives/edgar/data/927628/000118143107042397/rrd164105.xml
COF,927628,Richard D. Fairbank,1238032,2007-06-27,2007-06-25,S,sale,2100,169014.00,80.4829,,,,,unknown,,12,0,Common Stock,D,4,0001181431-07-042402,,https://www.sec.gov/Archives/edgar/data/927628/000118143107042402/rrd164110.xml
COF,927628,Richard D. Fairbank,1238032,2007-06-25,2007-06-22,S,sale,5739,459490.19,80.0645,,,,,unknown,M,27,0,Common Stock,D,4,0001181431-07-042076,,https://www.sec.gov/Archives/edgar/data/927628/000118143107042076/rrd163944.xml
COF,927628,Richard D. Fairbank,1238032,2007-06-25,2007-06-22,S,sale,4700,379015.00,80.6415,,,,,unknown,,28,0,Common Stock,D,4,0001181431-07-042078,,https://www.sec.gov/Archives/edgar/data/927628/000118143107042078/rrd163945.xml
COF,927628,Richard D. Fairbank,1238032,2007-06-25,2007-06-22,S,sale,300,24270.00,80.9000,,,,,unknown,,3,0,Common Stock,D,4,0001181431-07-042079,,https://www.sec.gov/Archives/edgar/data/927628/000118143107042079/rrd163950.xml
COF,927628,Richard D. Fairbank,1238032,2007-06-25,2007-06-21,S,sale,4100,328102.94,80.0251,,,,,unknown,M,27,0,Common Stock,D,4,0001181431-07-042073,,https://www.sec.gov/Archives/edgar/data/927628/000118143107042073/rrd163939.xml
COF,927628,Richard D. Fairbank,1238032,2007-06-25,2007-06-21,S,sale,3400,273796.00,80.5282,,,,,unknown,,28,0,Common Stock,D,4,0001181431-07-042074,,https://www.sec.gov/Archives/edgar/data/927628/000118143107042074/rrd163942.xml
COF,927628,Richard D. Fairbank,1238032,2007-06-25,2007-06-21,S,sale,3239,262543.66,81.0570,,,,,unknown,,21,0,Common Stock,D,4,0001181431-07-042075,,https://www.sec.gov/Archives/edgar/data/927628/000118143107042075/rrd163943.xml
COF,927628,Richard D. Fairbank,1238032,2007-06-21,2007-06-20,S,sale,5239,425372.11,81.1934,,,,,unknown,M,27,0,Common Stock,D,4,0001181431-07-041615,,https://www.sec.gov/Archives/edgar/data/927628/000118143107041615/rrd163696.xml
COF,927628,Richard D. Fairbank,1238032,2007-06-21,2007-06-20,S,sale,4500,367217.00,81.6038,,,,,unknown,,27,0,Common Stock,D,4,0001181431-07-041617,,https://www.sec.gov/Archives/edgar/data/927628/000118143107041617/rrd163706.xml
COF,927628,Richard D. Fairbank,1238032,2007-06-21,2007-06-20,S,sale,900,73796.00,81.9956,,,,,unknown,,6,0,Common Stock,D,4,0001181431-07-041618,,https://www.sec.gov/Archives/edgar/data/927628/000118143107041618/rrd163709.xml
COF,927628,Richard D. Fairbank,1238032,2007-06-21,2007-06-19,S,sale,8100,658446.00,81.2896,,,,,unknown,M,27,0,Common Stock,D,4,0001181431-07-041603,,https://www.sec.gov/Archives/edgar/data/927628/000118143107041603/rrd163713.xml
COF,927628,Richard D. Fairbank,1238032,2007-06-21,2007-06-19,S,sale,2639,215863.35,81.7974,,,,,unknown,,22,0,Common Stock,D,4,0001181431-07-041609,,https://www.sec.gov/Archives/edgar/data/927628/000118143107041609/rrd163715.xml
COF,927628,Richard D. Fairbank,1238032,2007-06-21,2007-06-18,S,sale,100,8170.00,81.7000,,,,,unknown,,1,0,Common Stock,D,4,0001181431-07-041617,,https://www.sec.gov/Archives/edgar/data/927628/000118143107041617/rrd163706.xml
COF,927628,Richard D. Fairbank,1238032,2007-06-19,2007-06-18,S,sale,4300,347755.00,80.8733,,,,,unknown,M,27,0,Common Stock,D,4,0001181431-07-041175,,https://www.sec.gov/Archives/edgar/data/927628/000118143107041175/rrd163306.xml
COF,927628,Richard D. Fairbank,1238032,2007-06-19,2007-06-18,S,sale,4439,362617.47,81.6890,,,,,unknown,,28,0,Common Stock,D,4,0001181431-07-041177,,https://www.sec.gov/Archives/edgar/data/927628/000118143107041177/rrd163308.xml
COF,927628,Richard D. Fairbank,1238032,2007-06-19,2007-06-18,S,sale,2000,163896.00,81.9480,,,,,unknown,,8,0,Common Stock,D,4,0001181431-07-041178,,https://www.sec.gov/Archives/edgar/data/927628/000118143107041178/rrd163311.xml
COF,927628,Richard D. Fairbank,1238032,2007-06-19,2007-06-15,S,sale,8839,715190.59,80.9131,,,,,unknown,M,27,0,Common Stock,D,4,0001181431-07-041173,,https://www.sec.gov/Archives/edgar/data/927628/000118143107041173/rrd163301.xml
COF,927628,Richard D. Fairbank,1238032,2007-06-19,2007-06-15,S,sale,1900,154502.00,81.3168,,,,,unknown,,14,0,Common Stock,D,4,0001181431-07-041174,,https://www.sec.gov/Archives/edgar/data/927628/000118143107041174/rrd163302.xml
COF,927628,Richard D. Fairbank,1238032,2007-06-15,2007-06-14,S,sale,7339,590457.16,80.4547,,,,,unknown,M,27,0,Common Stock,D,4,0001181431-07-040386,,https://www.sec.gov/Archives/edgar/data/927628/000118143107040386/rrd163064.xml
COF,927628,Richard D. Fairbank,1238032,2007-06-15,2007-06-14,S,sale,3400,274597.00,80.7638,,,,,unknown,,22,0,Common Stock,D,4,0001181431-07-040390,,https://www.sec.gov/Archives/edgar/data/927628/000118143107040390/rrd163061.xml
COF,927628,Richard D. Fairbank,1238032,2007-06-15,2007-06-13,S,sale,4200,333618.00,79.4329,,,,,unknown,M,27,0,Common Stock,D,4,0001181431-07-040383,,https://www.sec.gov/Archives/edgar/data/927628/000118143107040383/rrd163060.xml
COF,927628,Richard D. Fairbank,1238032,2007-06-15,2007-06-13,S,sale,3900,312266.00,80.0682,,,,,unknown,,28,0,Common Stock,D,4,0001181431-07-040384,,https://www.sec.gov/Archives/edgar/data/927628/000118143107040384/rrd163062.xml
COF,927628,Richard D. Fairbank,1238032,2007-06-15,2007-06-13,S,sale,2639,212374.67,80.4754,,,,,unknown,,14,0,Common Stock,D,4,0001181431-07-040385,,https://www.sec.gov/Archives/edgar/data/927628/000118143107040385/rrd163066.xml
COF,927628,Richard D. Fairbank,1238032,2007-06-13,2007-06-12,S,sale,7239,578784.98,79.9537,,,,,unknown,M,27,0,Common Stock,D,4,0001181431-07-039895,,https://www.sec.gov/Archives/edgar/data/927628/000118143107039895/rrd162806.xml
COF,927628,Richard D. Fairbank,1238032,2007-06-13,2007-06-12,S,sale,3500,280693.00,80.1980,,,,,unknown,,22,0,Common Stock,D,4,0001181431-07-039898,,https://www.sec.gov/Archives/edgar/data/927628/000118143107039898/rrd162812.xml
COF,927628,Richard D. Fairbank,1238032,2007-06-13,2007-06-11,S,sale,5000,399777.00,79.9554,,,,,unknown,M,27,0,Common Stock,D,4,0001181431-07-039888,,https://www.sec.gov/Archives/edgar/data/927628/000118143107039888/rrd162803.xml
COF,927628,Richard D. Fairbank,1238032,2007-06-13,2007-06-11,S,sale,5239,422051.23,80.5595,,,,,unknown,,28,0,Common Stock,D,4,0001181431-07-039889,,https://www.sec.gov/Archives/edgar/data/927628/000118143107039889/rrd162799.xml
COF,927628,Richard D. Fairbank,1238032,2007-06-13,2007-06-11,S,sale,500,40384.00,80.7680,,,,,unknown,,4,0,Common Stock,D,4,0001181431-07-039891,,https://www.sec.gov/Archives/edgar/data/927628/000118143107039891/rrd162807.xml
COF,927628,Richard D. Fairbank,1238032,2007-06-11,2007-06-08,S,sale,4800,380176.00,79.2033,,,,,unknown,M,27,0,Common Stock,D,4,0001181431-07-039250,,https://www.sec.gov/Archives/edgar/data/927628/000118143107039250/rrd162411.xml
COF,927628,Richard D. Fairbank,1238032,2007-06-11,2007-06-08,S,sale,5400,429896.00,79.6104,,,,,unknown,,28,0,Common Stock,D,4,0001181431-07-039251,,https://www.sec.gov/Archives/edgar/data/927628/000118143107039251/rrd162416.xml
COF,927628,Richard D. Fairbank,1238032,2007-06-11,2007-06-08,S,sale,539,43064.32,79.8967,,,,,unknown,,4,0,Common Stock,D,4,0001181431-07-039252,,https://www.sec.gov/Archives/edgar/data/927628/000118143107039252/rrd162423.xml
COF,927628,Richard D. Fairbank,1238032,2007-06-11,2007-06-07,S,sale,5939,472800.62,79.6095,,,,,unknown,M,27,0,Common Stock,D,4,0001181431-07-039246,,https://www.sec.gov/Archives/edgar/data/927628/000118143107039246/rrd162425.xml
COF,927628,Richard D. Fairbank,1238032,2007-06-11,2007-06-07,S,sale,4800,383743.00,79.9465,,,,,unknown,,23,0,Common Stock,D,4,0001181431-07-039249,,https://www.sec.gov/Archives/edgar/data/927628/000118143107039249/rrd162430.xml
COF,927628,Richard D. Fairbank,1238032,2007-06-07,2007-06-06,S,sale,10739,854938.18,79.6106,,,,,unknown,M,26,0,Common Stock,D,4,0001181431-07-038596,,https://www.sec.gov/Archives/edgar/data/927628/000118143107038596/rrd162089.xml
COF,927628,Richard D. Fairbank,1238032,2007-06-07,2007-06-05,S,sale,10339,825960.49,79.8879,,,,,unknown,M,27,0,Common Stock,D,4,0001181431-07-038592,,https://www.sec.gov/Archives/edgar/data/927628/000118143107038592/rrd162084.xml
COF,927628,Richard D. Fairbank,1238032,2007-06-07,2007-06-05,S,sale,400,32035.00,80.0875,,,,,unknown,,4,0,Common Stock,D,4,0001181431-07-038595,,https://www.sec.gov/Archives/edgar/data/927628/000118143107038595/rrd162088.xml
COF,927628,Richard D. Fairbank,1238032,2007-06-05,2007-06-04,S,sale,8324,665851.41,79.9918,,,,,unknown,M,27,0,Common Stock,D,4,0001181431-07-037866,,https://www.sec.gov/Archives/edgar/data/927628/000118143107037866/rrd161662.xml
COF,927628,Richard D. Fairbank,1238032,2007-06-05,2007-06-04,S,sale,2415,193757.53,80.2309,,,,,unknown,,15,0,Common Stock,D,4,0001181431-07-037869,,https://www.sec.gov/Archives/edgar/data/927628/000118143107037869/rrd161673.xml
COF,927628,Richard D. Fairbank,1238032,2007-06-05,2007-06-01,S,sale,7439,595374.17,80.0342,,,,,unknown,M,27,0,Common Stock,D,4,0001181431-07-037861,,https://www.sec.gov/Archives/edgar/data/927628/000118143107037861/rrd161658.xml
COF,927628,Richard D. Fairbank,1238032,2007-06-05,2007-06-01,S,sale,3300,264777.00,80.2355,,,,,unknown,,17,0,Common Stock,D,4,0001181431-07-037863,,https://www.sec.gov/Archives/edgar/data/927628/000118143107037863/rrd161661.xml
COF,927628,Richard D. Fairbank,1238032,2007-06-01,2007-05-31,S,sale,7100,565928.00,79.7082,,,,,unknown,M,27,0,Common Stock,D,4,0001181431-07-037087,,https://www.sec.gov/Archives/edgar/data/927628/000118143107037087/rrd161187.xml
COF,927628,Richard D. Fairbank,1238032,2007-06-01,2007-05-31,S,sale,3639,291432.54,80.0859,,,,,unknown,,22,0,Common Stock,D,4,0001181431-07-037092,,https://www.sec.gov/Archives/edgar/data/927628/000118143107037092/rrd161188.xml
COF,927628,Richard D. Fairbank,1238032,2007-06-01,2007-05-30,S,sale,3600,285168.00,79.2133,,,,,unknown,M,27,0,Common Stock,D,4,0001181431-07-037065,,https://www.sec.gov/Archives/edgar/data/927628/000118143107037065/rrd161185.xml
COF,927628,Richard D. Fairbank,1238032,2007-06-01,2007-05-30,S,sale,5839,465704.05,79.7575,,,,,unknown,,28,0,Common Stock,D,4,0001181431-07-037078,,https://www.sec.gov/Archives/edgar/data/927628/000118143107037078/rrd161183.xml
COF,927628,Richard D. Fairbank,1238032,2007-06-01,2007-05-30,S,sale,1300,104020.00,80.0154,,,,,unknown,,6,0,Common Stock,D,4,0001181431-07-037083,,https://www.sec.gov/Archives/edgar/data/927628/000118143107037083/rrd161184.xml
COF,927628,Richard D. Fairbank,1238032,2007-05-30,2007-05-29,S,sale,6100,485245.00,79.5484,,,,,unknown,M,27,0,Common Stock,D,4,0001181431-07-036303,,https://www.sec.gov/Archives/edgar/data/927628/000118143107036303/rrd160836.xml
COF,927628,Richard D. Fairbank,1238032,2007-05-30,2007-05-29,S,sale,4639,370084.20,79.7767,,,,,unknown,,17,0,Common Stock,D,4,0001181431-07-036305,,https://www.sec.gov/Archives/edgar/data/927628/000118143107036305/rrd160838.xml
COF,927628,Richard D. Fairbank,1238032,2007-05-30,2007-05-25,S,sale,3900,305271.00,78.2746,,,,,unknown,M,27,0,Common Stock,D,4,0001181431-07-036294,,https://www.sec.gov/Archives/edgar/data/927628/000118143107036294/rrd160790.xml
COF,927628,Richard D. Fairbank,1238032,2007-05-30,2007-05-25,S,sale,6839,538095.32,78.6804,,,,,unknown,,23,0,Common Stock,D,4,0001181431-07-036300,,https://www.sec.gov/Archives/edgar/data/927628/000118143107036300/rrd160822.xml
COF,927628,Richard D. Fairbank,1238032,2007-05-29,2007-05-24,S,sale,4239,333607.01,78.6995,,,,,unknown,M,27,0,Common Stock,D,4,0001181431-07-035981,,https://www.sec.gov/Archives/edgar/data/927628/000118143107035981/rrd160700.xml
COF,927628,Richard D. Fairbank,1238032,2007-05-29,2007-05-24,S,sale,3300,261997.00,79.3930,,,,,unknown,,28,0,Common Stock,D,4,0001181431-07-035982,,https://www.sec.gov/Archives/edgar/data/927628/000118143107035982/rrd160701.xml
COF,927628,Richard D. Fairbank,1238032,2007-05-29,2007-05-24,S,sale,3200,255542.97,79.8572,,,,,unknown,,13,0,Common Stock,D,4,0001181431-07-035984,,https://www.sec.gov/Archives/edgar/data/927628/000118143107035984/rrd160703.xml
COF,927628,Richard D. Fairbank,1238032,2007-05-24,2007-05-23,S,sale,4839,385567.59,79.6792,,,,,unknown,M,27,0,Common Stock,D,4,0001181431-07-035361,,https://www.sec.gov/Archives/edgar/data/927628/000118143107035361/rrd160370.xml
COF,927628,Richard D. Fairbank,1238032,2007-05-24,2007-05-23,S,sale,5900,472046.00,80.0078,,,,,unknown,,20,0,Common Stock,D,4,0001181431-07-035366,,https://www.sec.gov/Archives/edgar/data/927628/000118143107035366/rrd160377.xml
COF,927628,Richard D. Fairbank,1238032,2007-05-24,2007-05-22,S,sale,5100,398100.00,78.0588,,,,,unknown,M,27,0,Common Stock,D,4,0001181431-07-035352,,https://www.sec.gov/Archives/edgar/data/927628/000118143107035352/rrd160346.xml
COF,927628,Richard D. Fairbank,1238032,2007-05-24,2007-05-22,S,sale,4439,349203.72,78.6672,,,,,unknown,,28,0,Common Stock,D,4,0001181431-07-035357,,https://www.sec.gov/Archives/edgar/data/927628/000118143107035357/rrd160348.xml
COF,927628,Richard D. Fairbank,1238032,2007-05-24,2007-05-22,S,sale,1200,94648.00,78.8733,,,,,unknown,,6,0,Common Stock,D,4,0001181431-07-035359,,https://www.sec.gov/Archives/edgar/data/927628/000118143107035359/rrd160368.xml
COF,927628,Richard D. Fairbank,1238032,2007-05-22,2007-05-21,S,sale,5900,457502.00,77.5427,,,,,unknown,M,27,0,Common Stock,D,4,0001181431-07-034605,,https://www.sec.gov/Archives/edgar/data/927628/000118143107034605/rrd159955.xml
COF,927628,Richard D. Fairbank,1238032,2007-05-22,2007-05-21,S,sale,4839,376511.93,77.8078,,,,,unknown,,22,0,Common Stock,D,4,0001181431-07-034606,,https://www.sec.gov/Archives/edgar/data/927628/000118143107034606/rrd159966.xml
COF,927628,Richard D. Fairbank,1238032,2007-05-22,2007-05-18,S,sale,6900,532897.00,77.2314,,,,,unknown,M,27,0,Common Stock,D,4,0001181431-07-034603,,https://www.sec.gov/Archives/edgar/data/927628/000118143107034603/rrd159950.xml
COF,927628,Richard D. Fairbank,1238032,2007-05-22,2007-05-18,S,sale,3839,297289.60,77.4393,,,,,unknown,,15,0,Common Stock,D,4,0001181431-07-034604,,https://www.sec.gov/Archives/edgar/data/927628/000118143107034604/rrd159951.xml
COF,927628,Richard D. Fairbank,1238032,2007-05-18,2007-05-17,S,sale,8939,687775.93,76.9410,,,,,unknown,M,27,0,Common Stock,D,4,0001181431-07-033691,,https://www.sec.gov/Archives/edgar/data/927628/000118143107033691/rrd159337.xml
COF,927628,Richard D. Fairbank,1238032,2007-05-18,2007-05-17,S,sale,1800,138897.00,77.1650,,,,,unknown,,10,0,Common Stock,D,4,0001181431-07-033693,,https://www.sec.gov/Archives/edgar/data/927628/000118143107033693/rrd159338.xml
COF,927628,Richard D. Fairbank,1238032,2007-05-18,2007-05-16,S,sale,6639,510654.39,76.9174,,,,,unknown,M,27,0,Common Stock,D,4,0001181431-07-033687,,https://www.sec.gov/Archives/edgar/data/927628/000118143107033687/rrd159207.xml
COF,927628,Richard D. Fairbank,1238032,2007-05-18,2007-05-16,S,sale,4100,316287.00,77.1432,,,,,unknown,,19,0,Common Stock,D,4,0001181431-07-033688,,https://www.sec.gov/Archives/edgar/data/927628/000118143107033688/rrd159221.xml
COF,927628,Richard D. Fairbank,1238032,2007-05-16,2007-05-15,S,sale,1100,85357.00,77.5973,,,,,unknown,,7,0,Common Stock,D,4,0001181431-07-032973,,https://www.sec.gov/Archives/edgar/data/927628/000118143107032973/rrd158940.xml
COF,927628,Richard D. Fairbank,1238032,2007-05-16,2007-05-15,S,sale,4600,355639.00,77.3128,,,,,unknown,,28,0,Common Stock,D,4,0001181431-07-032976,,https://www.sec.gov/Archives/edgar/data/927628/000118143107032976/rrd158931.xml
COF,927628,Richard D. Fairbank,1238032,2007-05-16,2007-05-15,S,sale,5039,387559.47,76.9120,,,,,unknown,M,27,0,Common Stock,D,4,0001181431-07-032977,,https://www.sec.gov/Archives/edgar/data/927628/000118143107032977/rrd158923.xml
COF,927628,Richard D. Fairbank,1238032,2007-05-16,2007-05-14,S,sale,2339,179914.00,76.9192,,,,,unknown,,17,0,Common Stock,D,4,0001181431-07-032914,,https://www.sec.gov/Archives/edgar/data/927628/000118143107032914/rrd158932.xml
COF,927628,Richard D. Fairbank,1238032,2007-05-16,2007-05-14,S,sale,8400,643117.00,76.5615,,,,,unknown,M,28,0,Common Stock,D,4,0001181431-07-032915,,https://www.sec.gov/Archives/edgar/data/927628/000118143107032915/rrd158929.xml
COF,927628,Richard D. Fairbank,1238032,2007-05-15,2007-05-11,S,sale,4339,334516.46,77.0953,,,,,unknown,,21,0,Common Stock,D,4,0000927628-07-000039,,https://www.sec.gov/Archives/edgar/data/927628/000092762807000039/fai1063.xml
COF,927628,Richard D. Fairbank,1238032,2007-05-15,2007-05-11,S,sale,6400,491916.00,76.8619,,,,,unknown,M,28,0,Common Stock,D,4,0001181431-07-032586,,https://www.sec.gov/Archives/edgar/data/927628/000118143107032586/rrd158682.xml
COF,927628,Richard D. Fairbank,1238032,2007-05-14,2007-05-10,S,sale,3200,242448.00,75.7650,,,,,unknown,M,28,0,Common Stock,D,4,0000927628-07-000035,,https://www.sec.gov/Archives/edgar/data/927628/000092762807000035/fai1044.xml
COF,927628,Richard D. Fairbank,1238032,2007-05-14,2007-05-10,S,sale,4339,331260.85,76.3450,,,,,unknown,,29,0,Common Stock,D,4,0000927628-07-000036,,https://www.sec.gov/Archives/edgar/data/927628/000092762807000036/fai1046.xml
COF,927628,Richard D. Fairbank,1238032,2007-05-14,2007-05-10,S,sale,3200,245296.00,76.6550,,,,,unknown,,19,0,Common Stock,D,4,0000927628-07-000037,,https://www.sec.gov/Archives/edgar/data/927628/000092762807000037/fai1053.xml
COF,927628,Richard D. Fairbank,1238032,2007-05-10,2007-05-09,S,sale,5939,446719.87,75.2180,,,,,unknown,M,28,0,Common Stock,D,4,0000927628-07-000033,,https://www.sec.gov/Archives/edgar/data/927628/000092762807000033/fai1041.xml
COF,927628,Richard D. Fairbank,1238032,2007-05-10,2007-05-09,S,sale,4800,362753.00,75.5735,,,,,unknown,,26,0,Common Stock,D,4,0000927628-07-000034,,https://www.sec.gov/Archives/edgar/data/927628/000092762807000034/fai1043.xml
COF,927628,Richard D. Fairbank,1238032,2007-05-10,2007-05-08,S,sale,5400,403175.00,74.6620,,,,,unknown,M,28,0,Common Stock,D,4,0000927628-07-000031,,https://www.sec.gov/Archives/edgar/data/927628/000092762807000031/fai1037.xml
COF,927628,Richard D. Fairbank,1238032,2007-05-10,2007-05-08,S,sale,5339,401789.82,75.2556,,,,,unknown,,29,0,Common Stock,D,4,0000927628-07-000032,,https://www.sec.gov/Archives/edgar/data/927628/000092762807000032/fai1040.xml
COF,927628,Richard D. Fairbank,1238032,2007-05-08,2007-05-07,S,sale,2800,208526.00,74.4736,,,,,unknown,M,16,0,Common Stock,D,4,0000927628-07-000028,,https://www.sec.gov/Archives/edgar/data/927628/000092762807000028/fai1031.xml
COF,927628,Richard D. Fairbank,1238032,2007-05-08,2007-05-07,S,sale,4900,367025.00,74.9031,,,,,unknown,,26,0,Common Stock,D,4,0000927628-07-000029,,https://www.sec.gov/Archives/edgar/data/927628/000092762807000029/fai1033.xml
COF,927628,Richard D. Fairbank,1238032,2007-05-08,2007-05-07,S,sale,3039,228491.14,75.1863,,,,,unknown,,12,0,Common Stock,D,4,0000927628-07-000030,,https://www.sec.gov/Archives/edgar/data/927628/000092762807000030/fai1036.xml
COF,927628,Richard D. Fairbank,1238032,2007-05-08,2007-05-04,S,sale,3700,276325.00,74.6824,,,,,unknown,M,12,0,Common Stock,D,4,0000927628-07-000028,,https://www.sec.gov/Archives/edgar/data/927628/000092762807000028/fai1031.xml
COF,927628,Richard D. Fairbank,1238032,2007-05-08,2007-05-04,S,sale,7039,523608.26,74.3867,,,,,unknown,M,27,0,Common Stock,D,4,0001181431-07-030634,,https://www.sec.gov/Archives/edgar/data/927628/000118143107030634/rrd157707.xml
COF,927628,Richard D. Fairbank,1238032,2007-05-04,2007-05-03,S,sale,4500,333721.00,74.1602,,,,,unknown,M,17,0,Common Stock,D,4,0000927628-07-000023,,https://www.sec.gov/Archives/edgar/data/927628/000092762807000023/fai1027.xml
COF,927628,Richard D. Fairbank,1238032,2007-05-04,2007-05-03,S,sale,6239,464289.55,74.4173,,,,,unknown,,21,0,Common Stock,D,4,0000927628-07-000024,,https://www.sec.gov/Archives/edgar/data/927628/000092762807000024/fai1028.xml
COF,927628,Richard D. Fairbank,1238032,2007-05-04,2007-05-02,S,sale,9739,721202.73,74.0531,,,,,unknown,M,28,0,Common Stock,D,4,0000927628-07-000022,,https://www.sec.gov/Archives/edgar/data/927628/000092762807000022/fai1022.xml
COF,927628,Richard D. Fairbank,1238032,2007-05-04,2007-05-02,S,sale,1000,74224.00,74.2240,,,,,unknown,M,9,0,Common Stock,D,4,0000927628-07-000023,,https://www.sec.gov/Archives/edgar/data/927628/000092762807000023/fai1027.xml
COF,927628,Richard D. Fairbank,1238032,2007-05-03,2007-05-01,S,sale,10739,789853.45,73.5500,,,,,unknown,M,1,0,Common Stock,D,4,0000927628-07-000021,,https://www.sec.gov/Archives/edgar/data/927628/000092762807000021/fai1011.xml
COF,927628,Richard D. Fairbank,1238032,2005-09-01,2005-08-30,S,sale,1039,84408.36,81.2400,,,,,unknown,M,1,0,Common Stock,D,4,0000927628-05-000090,,https://www.sec.gov/Archives/edgar/data/927628/000092762805000090/fai707.xml
COF,927628,Richard D. Fairbank,1238032,2005-08-29,2005-08-29,S,sale,2538,207104.94,81.6016,,,,,unknown,M,2,0,Common Stock,D,4,0000927628-05-000089,,https://www.sec.gov/Archives/edgar/data/927628/000092762805000089/fai706.xml
COF,927628,Richard D. Fairbank,1238032,2005-08-29,2005-08-26,S,sale,2538,206065.98,81.1923,,,,,unknown,M,2,0,Common Stock,D,4,0000927628-05-000089,,https://www.sec.gov/Archives/edgar/data/927628/000092762805000089/fai706.xml
COF,927628,Richard D. Fairbank,1238032,2005-08-26,2005-08-25,S,sale,2538,210070.26,82.7700,,,,,unknown,M,1,0,Common Stock,D,4,0000927628-05-000088,,https://www.sec.gov/Archives/edgar/data/927628/000092762805000088/fai705.xml
COF,927628,Richard D. Fairbank,1238032,2005-08-26,2005-08-24,S,sale,2538,210374.82,82.8900,,,,,unknown,M,1,0,Common Stock,D,4,0000927628-05-000088,,https://www.sec.gov/Archives/edgar/data/927628/000092762805000088/fai705.xml
COF,927628,Richard D. Fairbank,1238032,2005-08-24,2005-08-23,S,sale,2538,213896.40,84.2775,,,,,unknown,M,3,0,Common Stock,D,4,0000927628-05-000087,,https://www.sec.gov/Archives/edgar/data/927628/000092762805000087/fai704.xml
COF,927628,Richard D. Fairbank,1238032,2005-08-24,2005-08-22,S,sale,2538,216052.94,85.1272,,,,,unknown,M,3,0,Common Stock,D,4,0000927628-05-000087,,https://www.sec.gov/Archives/edgar/data/927628/000092762805000087/fai704.xml
COF,927628,Richard D. Fairbank,1238032,2005-08-19,2005-08-19,S,sale,2538,215158.95,84.7750,,,,,unknown,M,2,0,Common Stock,D,4,0000927628-05-000086,,https://www.sec.gov/Archives/edgar/data/927628/000092762805000086/fai703.xml
COF,927628,Richard D. Fairbank,1238032,2005-08-19,2005-08-18,S,sale,2538,213511.74,84.1260,,,,,unknown,M,2,0,Common Stock,D,4,0000927628-05-000086,,https://www.sec.gov/Archives/edgar/data/927628/000092762805000086/fai703.xml
COF,927628,Richard D. Fairbank,1238032,2005-08-19,2005-08-17,S,sale,2538,215400.06,84.8700,,,,,unknown,M,1,0,Common Stock,D,4,0000927628-05-000086,,https://www.sec.gov/Archives/edgar/data/927628/000092762805000086/fai703.xml
COF,927628,Richard D. Fairbank,1238032,2005-08-16,2005-08-16,S,sale,2538,214790.94,84.6300,,,,,unknown,M,1,0,Common Stock,D,4,0000927628-05-000085,,https://www.sec.gov/Archives/edgar/data/927628/000092762805000085/fai702.xml
COF,927628,Richard D. Fairbank,1238032,2005-08-16,2005-08-15,S,sale,2538,212157.80,83.5925,,,,,unknown,M,4,0,Common Stock,D,4,0000927628-05-000085,,https://www.sec.gov/Archives/edgar/data/927628/000092762805000085/fai702.xml
COF,927628,Richard D. Fairbank,1238032,2005-08-16,2005-08-12,S,sale,2538,212049.90,83.5500,,,,,unknown,M,1,0,Common Stock,D,4,0000927628-05-000085,,https://www.sec.gov/Archives/edgar/data/927628/000092762805000085/fai702.xml
COF,927628,Richard D. Fairbank,1238032,2005-08-11,2005-08-11,S,sale,2538,211317.78,83.2615,,,,,unknown,M,3,0,Common Stock,D,4,0000927628-05-000081,,https://www.sec.gov/Archives/edgar/data/927628/000092762805000081/fai696.xml
COF,927628,Richard D. Fairbank,1238032,2005-08-11,2005-08-10,S,sale,2538,210769.66,83.0456,,,,,unknown,M,3,0,Common Stock,D,4,0000927628-05-000081,,https://www.sec.gov/Archives/edgar/data/927628/000092762805000081/fai696.xml
COF,927628,Richard D. Fairbank,1238032,2005-08-09,2005-08-09,S,sale,2538,214917.20,84.6797,,,,,unknown,M,2,0,Common Stock,D,4,0000927628-05-000077,,https://www.sec.gov/Archives/edgar/data/927628/000092762805000077/fai695.xml
COF,927628,Richard D. Fairbank,1238032,2005-08-09,2005-08-08,S,sale,2538,213192.00,84.0000,,,,,unknown,M,1,0,Common Stock,D,4,0000927628-05-000077,,https://www.sec.gov/Archives/edgar/data/927628/000092762805000077/fai695.xml
COF,927628,Richard D. Fairbank,1238032,2005-08-09,2005-08-05,S,sale,2538,213953.40,84.3000,,,,,unknown,M,1,0,Common Stock,D,4,0000927628-05-000077,,https://www.sec.gov/Archives/edgar/data/927628/000092762805000077/fai695.xml
COF,927628,Richard D. Fairbank,1238032,2005-08-05,2005-08-04,S,sale,2538,211212.36,83.2200,,,,,unknown,M,1,0,Common Stock,D,4,0000927628-05-000074,,https://www.sec.gov/Archives/edgar/data/927628/000092762805000074/fai690.xml
COF,927628,Richard D. Fairbank,1238032,2005-08-05,2005-08-03,S,sale,2538,210603.24,82.9800,,,,,unknown,M,1,0,Common Stock,D,4,0000927628-05-000074,,https://www.sec.gov/Archives/edgar/data/927628/000092762805000074/fai690.xml
COF,927628,Richard D. Fairbank,1238032,2005-08-03,2005-08-02,S,sale,2538,211288.50,83.2500,,,,,unknown,M,1,0,Common Stock,D,4,0000927628-05-000071,,https://www.sec.gov/Archives/edgar/data/927628/000092762805000071/fai688.xml
COF,927628,Richard D. Fairbank,1238032,2005-08-03,2005-08-01,S,sale,2538,211212.36,83.2200,,,,,unknown,M,1,0,Common Stock,D,4,0000927628-05-000071,,https://www.sec.gov/Archives/edgar/data/927628/000092762805000071/fai688.xml
COF,927628,Richard D. Fairbank,1238032,2005-03-17,2005-03-15,S,sale,150640,11874054.40,78.8240,,,,,unknown,M,26,0,Common Stock,D,4,0000927628-05-000036,,https://www.sec.gov/Archives/edgar/data/927628/000092762805000036/fai593.xml
COF,927628,Richard D. Fairbank,1238032,2005-03-16,2005-03-14,S,sale,126800,9950427.00,78.4734,,,,,unknown,M,28,0,Common Stock,D,4,0000927628-05-000034,,https://www.sec.gov/Archives/edgar/data/927628/000092762805000034/fai583.xml
COF,927628,Richard D. Fairbank,1238032,2005-03-16,2005-03-14,S,sale,88200,6957785.00,78.8865,,,,,unknown,,6,0,Common Stock,D,4,0000927628-05-000035,,https://www.sec.gov/Archives/edgar/data/927628/000092762805000035/fai586.xml
COF,927628,Richard D. Fairbank,1238032,2005-03-15,2005-03-11,S,sale,80572,6246434.96,77.5261,,,,,unknown,M,28,0,Common Stock,D,4,0000927628-05-000031,,https://www.sec.gov/Archives/edgar/data/927628/000092762805000031/fai577.xml
COF,927628,Richard D. Fairbank,1238032,2005-03-15,2005-03-11,S,sale,110800,8672903.00,78.2753,,,,,unknown,,29,0,Common Stock,D,4,0000927628-05-000032,,https://www.sec.gov/Archives/edgar/data/927628/000092762805000032/fai579.xml
COF,927628,Richard D. Fairbank,1238032,2005-03-15,2005-03-11,S,sale,23628,1872639.00,79.2551,,,,,unknown,,6,0,Common Stock,D,4,0000927628-05-000033,,https://www.sec.gov/Archives/edgar/data/927628/000092762805000033/fai581.xml
COF,927628,Richard D. Fairbank,1238032,2005-03-14,2005-03-10,S,sale,147300,11564538.00,78.5101,,,,,unknown,,28,0,Common Stock,D,4,0000927628-05-000028,,https://www.sec.gov/Archives/edgar/data/927628/000092762805000028/fai575.xml
COF,927628,Richard D. Fairbank,1238032,2005-03-14,2005-03-10,S,sale,10000,788300.00,78.8300,,,,,unknown,,2,0,Common Stock,D,4,0000927628-05-000029,,https://www.sec.gov/Archives/edgar/data/927628/000092762805000029/fai576.xml
COF,927628,Richard D. Fairbank,1238032,2005-03-14,2005-03-10,S,sale,57700,4515938.00,78.2658,,,,,unknown,M,28,0,Common Stock,D,4,0000927628-05-000030,,https://www.sec.gov/Archives/edgar/data/927628/000092762805000030/fai567.xml
COF,927628,Richard D. Fairbank,1238032,2005-03-11,2005-03-09,S,sale,159800,12582339.00,78.7380,,,,,unknown,M,28,0,Common Stock,D,4,0000927628-05-000026,,https://www.sec.gov/Archives/edgar/data/927628/000092762805000026/fai560.xml
COF,927628,Richard D. Fairbank,1238032,2005-03-11,2005-03-09,S,sale,55200,4393546.00,79.5932,,,,,unknown,,14,0,Common Stock,D,4,0000927628-05-000027,,https://www.sec.gov/Archives/edgar/data/927628/000092762805000027/fai562.xml
COF,927628,Richard D. Fairbank,1238032,2005-03-10,2005-03-08,S,sale,93000,7200670.00,77.4266,,,,,unknown,M,28,0,Common Stock,D,4,0000927628-05-000024,,https://www.sec.gov/Archives/edgar/data/927628/000092762805000024/fai550.xml
COF,927628,Richard D. Fairbank,1238032,2005-03-10,2005-03-08,S,sale,122000,9494251.00,77.8217,,,,,unknown,,25,0,Common Stock,D,4,0000927628-05-000025,,https://www.sec.gov/Archives/edgar/data/927628/000092762805000025/fai555.xml
COF,927628,Richard D. Fairbank,1238032,2005-03-08,2005-03-04,S,sale,101200,7822004.00,77.2925,,,,,unknown,M,28,0,Common Stock,D,4,0000927628-05-000022,,https://www.sec.gov/Archives/edgar/data/927628/000092762805000022/fai522.xml
COF,927628,Richard D. Fairbank,1238032,2005-03-08,2005-03-04,S,sale,113800,8852430.00,77.7894,,,,,unknown,,18,0,Common Stock,D,4,0000927628-05-000023,,https://www.sec.gov/Archives/edgar/data/927628/000092762805000023/fai523.xml
COF,927628,Richard D. Fairbank,1238032,2005-03-07,2005-03-03,S,sale,60900,4706527.00,77.2829,,,,,unknown,M,18,0,Common Stock,D,4,0000927628-05-000021,,https://www.sec.gov/Archives/edgar/data/927628/000092762805000021/fai498.xml
COF,927628,Richard D. Fairbank,1238032,2005-03-04,2005-03-02,S,sale,37200,2874669.00,77.2760,,,,,unknown,M,6,0,Common Stock,D,4,0000927628-05-000020,,https://www.sec.gov/Archives/edgar/data/927628/000092762805000020/fai492.xml
COF,927628,Richard D. Fairbank,1238032,2005-03-03,2005-03-01,S,sale,126400,9766346.00,77.2654,,,,,unknown,M,16,0,Common Stock,D,4,0000927628-05-000019,,https://www.sec.gov/Archives/edgar/data/927628/000092762805000019/fai490.xml
COF,927628,Richard D. Fairbank,1238032,2005-02-04,2005-02-03,S,sale,500,39165.00,78.3300,,,,,unknown,M,1,0,Common Stock,D,4,0000927628-05-000009,,https://www.sec.gov/Archives/edgar/data/927628/000092762805000009/fai464.xml
COF,927628,Richard D. Fairbank,1238032,2005-02-04,2005-02-02,S,sale,17400,1361893.00,78.2697,,,,,unknown,M,27,0,Common Stock,D,4,0000927628-05-000009,,https://www.sec.gov/Archives/edgar/data/927628/000092762805000009/fai464.xml
COF,927628,Richard D. Fairbank,1238032,2005-02-04,2005-02-02,S,sale,54303,4265571.59,78.5513,,,,,unknown,,29,0,Common Stock,D,4,0000927628-05-000010,,https://www.sec.gov/Archives/edgar/data/927628/000092762805000010/fai465.xml
COF,927628,Richard D. Fairbank,1238032,2005-02-04,2005-02-02,S,sale,37200,2934367.00,78.8808,,,,,unknown,,29,0,Common Stock,D,4,0000927628-05-000011,,https://www.sec.gov/Archives/edgar/data/927628/000092762805000011/fai467.xml
COF,927628,Richard D. Fairbank,1238032,2005-02-03,2005-02-01,S,sale,41500,3263796.00,78.6457,,,,,unknown,M,28,0,Common Stock,D,4,0000927628-05-000005,,https://www.sec.gov/Archives/edgar/data/927628/000092762805000005/fai453.xml
COF,927628,Richard D. Fairbank,1238032,2005-02-03,2005-02-01,S,sale,97500,7697992.00,78.9538,,,,,unknown,,29,0,Common Stock,D,4,0000927628-05-000006,,https://www.sec.gov/Archives/edgar/data/927628/000092762805000006/fai460.xml
COF,927628,Richard D. Fairbank,1238032,2005-02-03,2005-02-01,S,sale,74700,5925500.00,79.3240,,,,,unknown,,29,0,Common Stock,D,4,0000927628-05-000007,,https://www.sec.gov/Archives/edgar/data/927628/000092762805000007/fai458.xml
COF,927628,Richard D. Fairbank,1238032,2005-02-03,2005-02-01,S,sale,1300,103433.00,79.5638,,,,,unknown,,5,0,Common Stock,D,4,0000927628-05-000008,,https://www.sec.gov/Archives/edgar/data/927628/000092762805000008/fai459.xml
COF,927628,Richard D. Fairbank,1238032,2004-11-15,2004-11-11,S,sale,59900,4740023.00,79.1323,,,,,unknown,,23,0,Common Stock,D,4,0001179230-04-000044,,https://www.sec.gov/Archives/edgar/data/927628/000117923004000044/fai383.xml
COF,927628,Richard D. Fairbank,1238032,2004-11-15,2004-11-11,S,sale,85100,6708264.00,78.8280,,,,,unknown,M,27,0,Common Stock,D,4,0001179230-04-000045,,https://www.sec.gov/Archives/edgar/data/927628/000117923004000045/fai382.xml
COF,927628,Richard D. Fairbank,1238032,2004-06-21,2004-06-18,S,sale,113500,8111757.00,71.4692,,,,,unknown,M,28,0,Common Stock,D,4,0001242043-04-000030,,https://www.sec.gov/Archives/edgar/data/927628/000124204304000030/fai332.xml
COF,927628,Richard D. Fairbank,1238032,2004-06-21,2004-06-18,S,sale,75500,5437415.00,72.0187,,,,,unknown,,29,0,Common Stock,D,4,0001242043-04-000032,,https://www.sec.gov/Archives/edgar/data/927628/000124204304000032/fai333.xml
COF,927628,Richard D. Fairbank,1238032,2004-06-21,2004-06-18,S,sale,26000,1877022.00,72.1932,,,,,unknown,,6,0,Common Stock,D,4,0001242043-04-000033,,https://www.sec.gov/Archives/edgar/data/927628/000124204304000033/fai334.xml
COF,927628,Richard D. Fairbank,1238032,2004-06-21,2004-06-17,S,sale,191500,13661774.00,71.3409,,,,,unknown,M,28,0,Common Stock,D,4,0001242043-04-000029,,https://www.sec.gov/Archives/edgar/data/927628/000124204304000029/fai330.xml
COF,927628,Richard D. Fairbank,1238032,2004-06-21,2004-06-17,S,sale,23500,1691471.00,71.9775,,,,,unknown,,9,0,Common Stock,D,4,0001242043-04-000031,,https://www.sec.gov/Archives/edgar/data/927628/000124204304000031/fai331.xml
COF,927628,Richard D. Fairbank,1238032,2004-06-17,2004-06-16,S,sale,35600,2529341.00,71.0489,,,,,unknown,M,9,0,Common Stock,D,4,0001242043-04-000026,,https://www.sec.gov/Archives/edgar/data/927628/000124204304000026/fai327.xml
COF,927628,Richard D. Fairbank,1238032,2004-06-17,2004-06-16,S,sale,179400,12774004.00,71.2040,,,,,unknown,,28,0,Common Stock,D,4,0001242043-04-000027,,https://www.sec.gov/Archives/edgar/data/927628/000124204304000027/fai328.xml
COF,927628,Richard D. Fairbank,1238032,2004-06-17,2004-06-15,S,sale,215000,15272920.00,71.0368,,,,,unknown,M,18,0,Common Stock,D,4,0001242043-04-000026,,https://www.sec.gov/Archives/edgar/data/927628/000124204304000026/fai327.xml
