ticker,cik,ceo,owner_cik,filed,traded,code,label,shares,value,avg_price,pct_of_holding,net_change,holding_after,residue,plan,other_codes,rows,unpriced_rows,securities,direct,form,accession,price_flag,url
CRM,1108524,Marc Benioff,1294693,2025-11-04,2025-11-03,S,exercise and sell,122,31598.47,259.0039,,0,22018571,0,plan,M,5,0,Common Stock,D,4,0001108524-25-000203,,https://www.sec.gov/Archives/edgar/data/1108524/000110852425000203/form4.xml
CRM,1108524,Marc Benioff,1294693,2025-11-03,2025-10-31,S,exercise and sell,2250,580939.78,258.1955,,0,22018571,0,plan,M,7,0,Common Stock,D,4,0001108524-25-000201,,https://www.sec.gov/Archives/edgar/data/1108524/000110852425000201/form4.xml
CRM,1108524,Marc Benioff,1294693,2025-10-31,2025-10-30,S,exercise and sell,2250,577847.53,256.8211,,0,22018571,0,plan,M,8,0,Common Stock,D,4,0001108524-25-000199,,https://www.sec.gov/Archives/edgar/data/1108524/000110852425000199/form4.xml
CRM,1108524,Marc Benioff,1294693,2025-10-30,2025-10-29,S,exercise and sell,2250,567079.89,252.0355,,0,22018571,0,plan,M,4,0,Common Stock,D,4,0001108524-25-000197,,https://www.sec.gov/Archives/edgar/data/1108524/000110852425000197/form4.xml
CRM,1108524,Marc Benioff,1294693,2025-10-29,2025-10-28,S,exercise and sell,2250,578395.71,257.0648,,0,22018571,0,plan,M,5,0,Common Stock,D,4,0001108524-25-000195,,https://www.sec.gov/Archives/edgar/data/1108524/000110852425000195/form4.xml
CRM,1108524,Marc Benioff,1294693,2025-10-28,2025-10-27,S,exercise and sell,2250,576295.48,256.1313,,0,22018571,0,plan,M,3,0,Common Stock,D,4,0001108524-25-000193,,https://www.sec.gov/Archives/edgar/data/1108524/000110852425000193/form4.xml
CRM,1108524,Marc Benioff,1294693,2025-10-27,2025-10-24,S,exercise and sell,2250,575005.50,255.5580,,0,22018571,0,plan,M,4,0,Common Stock,D,4,0001108524-25-000191,,https://www.sec.gov/Archives/edgar/data/1108524/000110852425000191/form4.xml
CRM,1108524,Marc Benioff,1294693,2025-10-24,2025-10-23,S,exercise and sell,2250,575140.32,255.6179,,0,22018571,0,plan,M,3,0,Common Stock,D,4,0001108524-25-000189,,https://www.sec.gov/Archives/edgar/data/1108524/000110852425000189/form4.xml
CRM,1108524,Marc Benioff,1294693,2025-10-23,2025-10-22,S,exercise and sell,2250,582762.59,259.0056,,0,22018571,0,plan,M,5,0,Common Stock,D,4,0001108524-25-000181,,https://www.sec.gov/Archives/edgar/data/1108524/000110852425000181/form4.xml
CRM,1108524,Marc Benioff,1294693,2025-10-22,2025-10-21,S,exercise and sell,2250,590102.41,262.2677,,0,22018571,0,plan,M,9,0,Common Stock,D,4,0001108524-25-000179,,https://www.sec.gov/Archives/edgar/data/1108524/000110852425000179/form4.xml
CRM,1108524,Marc Benioff,1294693,2025-10-21,2025-10-20,S,exercise and sell,2250,567630.53,252.2802,,0,22018571,0,plan,M,9,0,Common Stock,D,4,0001108524-25-000177,,https://www.sec.gov/Archives/edgar/data/1108524/000110852425000177/form4.xml
CRM,1108524,Marc Benioff,1294693,2025-10-20,2025-10-17,S,exercise and sell,2250,550430.34,244.6357,,0,22018571,0,plan,M,7,0,Common Stock,D,4,0001108524-25-000175,,https://www.sec.gov/Archives/edgar/data/1108524/000110852425000175/form4.xml
CRM,1108524,Marc Benioff,1294693,2025-10-17,2025-10-16,S,exercise and sell,2250,558809.57,248.3598,,0,22018571,0,plan,M,11,0,Common Stock,D,4,0001108524-25-000172,,https://www.sec.gov/Archives/edgar/data/1108524/000110852425000172/form4.xml
CRM,1108524,Marc Benioff,1294693,2025-10-16,2025-10-15,S,exercise and sell,2250,536321.61,238.3652,,0,22018571,0,plan,M,5,0,Common Stock,D,4,0001108524-25-000170,,https://www.sec.gov/Archives/edgar/data/1108524/000110852425000170/form4.xml
CRM,1108524,Marc Benioff,1294693,2025-10-15,2025-10-14,S,exercise and sell,2250,548795.66,243.9092,,0,22018571,0,plan,M,7,0,Common Stock,D,4,0001108524-25-000165,,https://www.sec.gov/Archives/edgar/data/1108524/000110852425000165/form4.xml
CRM,1108524,Marc Benioff,1294693,2025-10-14,2025-10-13,S,exercise and sell,2250,553307.27,245.9143,,0,22018571,,plan,M,7,0,Common Stock,D,4,0001108524-25-000162,,https://www.sec.gov/Archives/edgar/data/1108524/000110852425000162/form4.xml
CRM,1108524,Marc Benioff,1294693,2025-10-14,2025-10-10,S,exercise and sell,2250,548089.35,243.5953,,0,22018571,0,plan,M,7,0,Common Stock,D,4,0001108524-25-000162,,https://www.sec.gov/Archives/edgar/data/1108524/000110852425000162/form4.xml
CRM,1108524,Marc Benioff,1294693,2025-10-10,2025-10-09,S,exercise and sell,2250,547343.54,243.2638,,0,22018571,0,plan,M,8,0,Common Stock,D,4,0001108524-25-000160,,https://www.sec.gov/Archives/edgar/data/1108524/000110852425000160/form4.xml
CRM,1108524,Marc Benioff,1294693,2025-10-09,2025-10-08,S,exercise and sell,2250,539532.83,239.7924,,0,22018571,0,plan,M,5,0,Common Stock,D,4,0001108524-25-000158,,https://www.sec.gov/Archives/edgar/data/1108524/000110852425000158/form4.xml
CRM,1108524,Marc Benioff,1294693,2025-10-08,2025-10-07,S,exercise and sell,2250,540486.23,240.2161,,0,22018571,0,plan,M,9,0,Common Stock,D,4,0001108524-25-000156,,https://www.sec.gov/Archives/edgar/data/1108524/000110852425000156/form4.xml
CRM,1108524,Marc Benioff,1294693,2025-10-07,2025-10-06,S,exercise and sell,2250,542973.57,241.3216,,0,22018571,0,plan,M,10,0,Common Stock,D,4,0001108524-25-000154,,https://www.sec.gov/Archives/edgar/data/1108524/000110852425000154/form4.xml
CRM,1108524,Marc Benioff,1294693,2025-10-06,2025-10-03,S,exercise and sell,2250,541719.29,240.7641,,0,22018571,0,plan,M,4,0,Common Stock,D,4,0001108524-25-000152,,https://www.sec.gov/Archives/edgar/data/1108524/000110852425000152/form4.xml
CRM,1108524,Marc Benioff,1294693,2025-10-03,2025-10-02,S,exercise and sell,2250,534687.03,237.6387,,0,22018571,0,plan,M,5,0,Common Stock,D,4,0001108524-25-000150,,https://www.sec.gov/Archives/edgar/data/1108524/000110852425000150/form4.xml
CRM,1108524,Marc Benioff,1294693,2025-10-02,2025-10-01,S,exercise and sell,2250,531859.52,236.3820,,0,22018571,0,plan,M,7,0,Common Stock,D,4,0001108524-25-000148,,https://www.sec.gov/Archives/edgar/data/1108524/000110852425000148/form4.xml
CRM,1108524,Marc Benioff,1294693,2025-10-01,2025-09-30,S,exercise and sell,2250,535884.16,238.1707,,0,22018571,0,plan,M,8,0,Common Stock,D,4,0001108524-25-000144,,https://www.sec.gov/Archives/edgar/data/1108524/000110852425000144/form4.xml
CRM,1108524,Marc Benioff,1294693,2025-09-30,2025-09-29,S,exercise and sell,2250,550183.19,244.5259,,0,22018571,0,plan,M,3,0,Common Stock,D,4,0001108524-25-000141,,https://www.sec.gov/Archives/edgar/data/1108524/000110852425000141/form4.xml
CRM,1108524,Marc Benioff,1294693,2025-09-29,2025-09-26,S,exercise and sell,2250,546547.02,242.9098,,0,22018571,0,plan,M,4,0,Common Stock,D,4,0001108524-25-000139,,https://www.sec.gov/Archives/edgar/data/1108524/000110852425000139/form4.xml
CRM,1108524,Marc Benioff,1294693,2025-09-26,2025-09-25,S,exercise and sell,2250,543471.86,241.5430,,0,22018571,0,plan,M,5,0,Common Stock,D,4,0001108524-25-000137,,https://www.sec.gov/Archives/edgar/data/1108524/000110852425000137/form4.xml
CRM,1108524,Marc Benioff,1294693,2025-09-25,2025-09-24,S,exercise and sell,2250,553162.98,245.8502,,0,22018571,0,plan,M,5,0,Common Stock,D,4,0001108524-25-000135,,https://www.sec.gov/Archives/edgar/data/1108524/000110852425000135/form4.xml
CRM,1108524,Marc Benioff,1294693,2025-09-24,2025-09-23,S,exercise and sell,2250,555001.08,246.6671,,0,22018571,0,plan,M,6,0,Common Stock,D,4,0001108524-25-000133,,https://www.sec.gov/Archives/edgar/data/1108524/000110852425000133/form4.xml
CRM,1108524,Marc Benioff,1294693,2025-09-23,2025-09-22,S,exercise and sell,2250,558438.37,248.1948,,0,22018571,0,plan,M,6,0,Common Stock,D,4,0001108524-25-000121,,https://www.sec.gov/Archives/edgar/data/1108524/000110852425000121/form4.xml
CRM,1108524,Marc Benioff,1294693,2025-09-22,2025-09-19,S,exercise and sell,2250,552798.21,245.6881,,0,22018571,0,plan,M,4,0,Common Stock,D,4,0001108524-25-000119,,https://www.sec.gov/Archives/edgar/data/1108524/000110852425000119/form4.xml
CRM,1108524,Marc Benioff,1294693,2025-09-19,2025-09-18,S,exercise and sell,2250,551459.50,245.0931,,0,22018571,,plan,M,4,0,Common Stock,D,4,0001108524-25-000117,,https://www.sec.gov/Archives/edgar/data/1108524/000110852425000117/form4.xml
CRM,1108524,Marc Benioff,1294693,2025-09-19,2025-09-17,S,exercise and sell,2250,543022.97,241.3435,,0,22018571,0,plan,M,4,0,Common Stock,D,4,0001108524-25-000117,,https://www.sec.gov/Archives/edgar/data/1108524/000110852425000117/form4.xml
CRM,1108524,Marc Benioff,1294693,2025-09-17,2025-09-16,S,exercise and sell,2250,539283.89,239.6817,,0,22018571,0,plan,M,5,0,Common Stock,D,4,0001108524-25-000113,,https://www.sec.gov/Archives/edgar/data/1108524/000110852425000113/form4.xml
CRM,1108524,Marc Benioff,1294693,2025-09-16,2025-09-15,S,exercise and sell,2250,545384.44,242.3931,,0,22018571,0,plan,M,4,0,Common Stock,D,4,0001108524-25-000111,,https://www.sec.gov/Archives/edgar/data/1108524/000110852425000111/form4.xml
CRM,1108524,Marc Benioff,1294693,2025-09-15,2025-09-12,S,exercise and sell,2250,548795.67,243.9092,,0,22018571,0,plan,M,5,0,Common Stock,D,4,0001108524-25-000109,,https://www.sec.gov/Archives/edgar/data/1108524/000110852425000109/form4.xml
CRM,1108524,Marc Benioff,1294693,2025-09-12,2025-09-11,S,exercise and sell,2250,553144.17,245.8419,,0,22018571,0,plan,M,4,0,Common Stock,D,4,0001108524-25-000107,,https://www.sec.gov/Archives/edgar/data/1108524/000110852425000107/form4.xml
CRM,1108524,Marc Benioff,1294693,2025-09-11,2025-09-10,S,exercise and sell,2250,554975.90,246.6560,,0,22018571,0,plan,M,10,0,Common Stock,D,4,0001108524-25-000105,,https://www.sec.gov/Archives/edgar/data/1108524/000110852425000105/form4.xml
CRM,1108524,Marc Benioff,1294693,2025-09-10,2025-09-09,S,exercise and sell,2250,568797.85,252.7990,,0,22018571,0,plan,M,4,0,Common Stock,D,4,0001108524-25-000101,,https://www.sec.gov/Archives/edgar/data/1108524/000110852425000101/form4.xml
CRM,1108524,Marc Benioff,1294693,2025-09-09,2025-09-08,S,exercise and sell,2250,565010.08,251.1156,,0,22018571,0,plan,M,4,0,Common Stock,D,4,0001108524-25-000099,,https://www.sec.gov/Archives/edgar/data/1108524/000110852425000099/form4.xml
CRM,1108524,Marc Benioff,1294693,2025-09-08,2025-09-05,S,exercise and sell,2250,560650.66,249.1781,,0,22018571,0,plan,M,5,0,Common Stock,D,4,0001108524-25-000097,,https://www.sec.gov/Archives/edgar/data/1108524/000110852425000097/form4.xml
CRM,1108524,Marc Benioff,1294693,2025-09-05,2025-09-04,S,exercise and sell,2250,543377.75,241.5012,,0,22018571,0,plan,M,8,0,Common Stock,D,4,0001108524-25-000095,,https://www.sec.gov/Archives/edgar/data/1108524/000110852425000095/form4.xml
CRM,1108524,Marc Benioff,1294693,2025-09-04,2025-09-03,S,exercise and sell,2250,572841.52,254.5962,,0,22018571,0,plan,M,6,0,Common Stock,D,4,0001108524-25-000091,,https://www.sec.gov/Archives/edgar/data/1108524/000110852425000091/form4.xml
CRM,1108524,Marc Benioff,1294693,2025-09-03,2025-09-02,S,exercise and sell,2250,566223.79,251.6550,,0,22018571,0,plan,M,6,0,Common Stock,D,4,0001108524-25-000085,,https://www.sec.gov/Archives/edgar/data/1108524/000110852425000085/form4.xml
CRM,1108524,Marc Benioff,1294693,2025-09-02,2025-08-29,S,exercise and sell,2250,574422.95,255.2991,,0,22018571,0,plan,M,5,0,Common Stock,D,4,0001108524-25-000081,,https://www.sec.gov/Archives/edgar/data/1108524/000110852425000081/form4.xml
CRM,1108524,Marc Benioff,1294693,2025-08-29,2025-08-28,S,exercise and sell,2250,571202.28,253.8677,,0,22018571,0,plan,M,5,0,Common Stock,D,4,0001108524-25-000079,,https://www.sec.gov/Archives/edgar/data/1108524/000110852425000079/form4.xml
CRM,1108524,Marc Benioff,1294693,2025-08-28,2025-08-27,S,exercise and sell,2250,559253.45,248.5571,,0,22018571,0,plan,M,5,0,Common Stock,D,4,0001108524-25-000077,,https://www.sec.gov/Archives/edgar/data/1108524/000110852425000077/form4.xml
CRM,1108524,Marc Benioff,1294693,2025-08-27,2025-08-26,S,exercise and sell,2250,550511.71,244.6719,,0,22018571,0,plan,M,5,0,Common Stock,D,4,0001108524-25-000075,,https://www.sec.gov/Archives/edgar/data/1108524/000110852425000075/form4.xml
CRM,1108524,Marc Benioff,1294693,2025-08-26,2025-08-25,S,exercise and sell,2250,557034.25,247.5708,,0,22018571,0,plan,M,3,0,Common Stock,D,4,0001108524-25-000073,,https://www.sec.gov/Archives/edgar/data/1108524/000110852425000073/form4.xml
CRM,1108524,Marc Benioff,1294693,2025-08-25,2025-08-22,S,exercise and sell,2250,557264.49,247.6731,,0,22018571,0,plan,M,5,0,Common Stock,D,4,0001108524-25-000046,,https://www.sec.gov/Archives/edgar/data/1108524/000110852425000046/form4.xml
CRM,1108524,Marc Benioff,1294693,2025-08-22,2025-08-21,S,exercise and sell,2250,549599.53,244.2665,,0,22018571,0,plan,M,6,0,Common Stock,D,4,0001108524-25-000044,,https://www.sec.gov/Archives/edgar/data/1108524/000110852425000044/form4.xml
CRM,1108524,Marc Benioff,1294693,2025-08-21,2025-08-20,S,exercise and sell,2250,553662.03,246.0720,,0,22018571,0,plan,M,3,0,Common Stock,D,4,0001127602-25-020843,,https://www.sec.gov/Archives/edgar/data/1108524/000112760225020843/form4.xml
CRM,1108524,Marc Benioff,1294693,2025-08-20,2025-08-19,S,exercise and sell,2250,552075.23,245.3668,,0,22018571,0,plan,M,5,0,Common Stock,D,4,0001127602-25-020800,,https://www.sec.gov/Archives/edgar/data/1108524/000112760225020800/form4.xml
CRM,1108524,Marc Benioff,1294693,2025-08-19,2025-08-18,S,exercise and sell,2250,545500.68,242.4447,,0,22018571,0,plan,M,5,0,Common Stock,D,4,0001127602-25-020721,,https://www.sec.gov/Archives/edgar/data/1108524/000112760225020721/form4.xml
CRM,1108524,Marc Benioff,1294693,2025-08-18,2025-08-15,S,exercise and sell,2250,543349.98,241.4889,,0,22018571,0,plan,M,7,0,Common Stock,D,4,0001127602-25-020596,,https://www.sec.gov/Archives/edgar/data/1108524/000112760225020596/form4.xml
CRM,1108524,Marc Benioff,1294693,2025-08-15,2025-08-14,S,exercise and sell,2250,526887.07,234.1720,,0,22018571,0,plan,M,4,0,Common Stock,D,4,0001127602-25-020511,,https://www.sec.gov/Archives/edgar/data/1108524/000112760225020511/form4.xml
CRM,1108524,Marc Benioff,1294693,2025-08-14,2025-08-13,S,exercise and sell,2250,527944.26,234.6419,,0,22018571,0,plan,M,7,0,Common Stock,D,4,0001127602-25-020458,,https://www.sec.gov/Archives/edgar/data/1108524/000112760225020458/form4.xml
CRM,1108524,Marc Benioff,1294693,2025-08-13,2025-08-12,S,exercise and sell,2250,521129.48,231.6131,,0,22018571,0,plan,M,6,0,Common Stock,D,4,0001127602-25-020396,,https://www.sec.gov/Archives/edgar/data/1108524/000112760225020396/form4.xml
CRM,1108524,Marc Benioff,1294693,2025-08-12,2025-08-11,S,exercise and sell,2250,532017.37,236.4522,,0,22018571,0,plan,M,9,0,Common Stock,D,4,0001127602-25-020371,,https://www.sec.gov/Archives/edgar/data/1108524/000112760225020371/form4.xml
CRM,1108524,Marc Benioff,1294693,2025-08-11,2025-08-08,S,exercise and sell,2250,540760.11,240.3378,,0,22018571,0,plan,M,4,0,Common Stock,D,4,0001127602-25-020320,,https://www.sec.gov/Archives/edgar/data/1108524/000112760225020320/form4.xml
CRM,1108524,Marc Benioff,1294693,2025-08-08,2025-08-07,S,exercise and sell,2250,547355.11,243.2689,,0,22018571,0,plan,M,14,0,Common Stock,D,4,0001127602-25-020294,,https://www.sec.gov/Archives/edgar/data/1108524/000112760225020294/form4.xml
CRM,1108524,Marc Benioff,1294693,2025-08-07,2025-08-06,S,exercise and sell,2250,558909.09,248.4040,,0,22018571,0,plan,M,3,0,Common Stock,D,4,0001127602-25-020250,,https://www.sec.gov/Archives/edgar/data/1108524/000112760225020250/form4.xml
CRM,1108524,Marc Benioff,1294693,2025-08-06,2025-08-05,S,exercise and sell,2250,562580.42,250.0357,,0,22018571,0,plan,M,6,0,Common Stock,D,4,0001127602-25-020178,,https://www.sec.gov/Archives/edgar/data/1108524/000112760225020178/form4.xml
CRM,1108524,Marc Benioff,1294693,2025-08-05,2025-08-04,S,exercise and sell,2250,567947.79,252.4212,,0,22018571,0,plan,M,3,0,Common Stock,D,4,0001127602-25-020093,,https://www.sec.gov/Archives/edgar/data/1108524/000112760225020093/form4.xml
CRM,1108524,Marc Benioff,1294693,2025-08-04,2025-08-01,S,exercise and sell,2250,566855.77,251.9359,,0,22018571,0,plan,M,5,0,Common Stock,D,4,0001127602-25-019969,,https://www.sec.gov/Archives/edgar/data/1108524/000112760225019969/form4.xml
CRM,1108524,Marc Benioff,1294693,2025-08-01,2025-07-31,S,exercise and sell,2250,585868.15,260.3858,,0,22018571,0,plan,M,6,0,Common Stock,D,4,0001127602-25-019852,,https://www.sec.gov/Archives/edgar/data/1108524/000112760225019852/form4.xml
CRM,1108524,Marc Benioff,1294693,2025-07-31,2025-07-30,S,exercise and sell,2250,597989.56,265.7731,,0,22018571,0,plan,M,4,0,Common Stock,D,4,0001127602-25-019816,,https://www.sec.gov/Archives/edgar/data/1108524/000112760225019816/form4.xml
CRM,1108524,Marc Benioff,1294693,2025-07-30,2025-07-29,S,exercise and sell,2250,606014.01,269.3396,,0,22018571,0,plan,M,6,0,Common Stock,D,4,0001127602-25-019771,,https://www.sec.gov/Archives/edgar/data/1108524/000112760225019771/form4.xml
CRM,1108524,Marc Benioff,1294693,2025-07-29,2025-07-28,S,exercise and sell,2250,605495.32,269.1090,,0,22018571,0,plan,M,4,0,Common Stock,D,4,0001127602-25-019738,,https://www.sec.gov/Archives/edgar/data/1108524/000112760225019738/form4.xml
CRM,1108524,Marc Benioff,1294693,2025-07-28,2025-07-25,S,exercise and sell,2250,606106.79,269.3808,,0,22018571,0,plan,M,4,0,Common Stock,D,4,0001127602-25-019649,,https://www.sec.gov/Archives/edgar/data/1108524/000112760225019649/form4.xml
CRM,1108524,Marc Benioff,1294693,2025-07-25,2025-07-24,S,exercise and sell,2250,600247.78,266.7768,,0,22018571,0,plan,M,3,0,Common Stock,D,4,0001127602-25-019605,,https://www.sec.gov/Archives/edgar/data/1108524/000112760225019605/form4.xml
CRM,1108524,Marc Benioff,1294693,2025-07-24,2025-07-23,S,exercise and sell,2250,599751.96,266.5564,,0,22018571,0,plan,M,5,0,Common Stock,D,4,0001127602-25-019561,,https://www.sec.gov/Archives/edgar/data/1108524/000112760225019561/form4.xml
CRM,1108524,Marc Benioff,1294693,2025-07-23,2025-07-22,S,exercise and sell,2250,592383.62,263.2816,,0,22018571,0,plan,M,4,0,Common Stock,D,4,0001127602-25-019524,,https://www.sec.gov/Archives/edgar/data/1108524/000112760225019524/form4.xml
CRM,1108524,Marc Benioff,1294693,2025-07-22,2025-07-21,S,exercise and sell,2250,591594.70,262.9310,,0,22018571,0,plan,M,3,0,Common Stock,D,4,0001127602-25-019487,,https://www.sec.gov/Archives/edgar/data/1108524/000112760225019487/form4.xml
CRM,1108524,Marc Benioff,1294693,2025-07-21,2025-07-18,S,exercise and sell,2250,587065.79,260.9181,,0,22018571,0,plan,M,4,0,Common Stock,D,4,0001127602-25-019462,,https://www.sec.gov/Archives/edgar/data/1108524/000112760225019462/form4.xml
CRM,1108524,Marc Benioff,1294693,2025-07-18,2025-07-17,S,exercise and sell,2250,582320.52,258.8091,,0,22018571,0,plan,M,4,0,Common Stock,D,4,0001127602-25-019428,,https://www.sec.gov/Archives/edgar/data/1108524/000112760225019428/form4.xml
CRM,1108524,Marc Benioff,1294693,2025-07-17,2025-07-16,S,exercise and sell,2250,578285.35,257.0157,,0,22018571,0,plan,M,4,0,Common Stock,D,4,0001127602-25-019382,,https://www.sec.gov/Archives/edgar/data/1108524/000112760225019382/form4.xml
CRM,1108524,Marc Benioff,1294693,2025-07-16,2025-07-15,S,scheduled sale,2250,582618.21,258.9414,0.0102,-43995,22018571,0,plan,FM,4,0,Common Stock,D,4,0001127602-25-019297,,https://www.sec.gov/Archives/edgar/data/1108524/000112760225019297/form4.xml
CRM,1108524,Marc Benioff,1294693,2025-07-15,2025-07-14,S,exercise and sell,2250,585680.99,260.3027,,0,22062566,0,plan,M,3,0,Common Stock,D,4,0001127602-25-019226,,https://www.sec.gov/Archives/edgar/data/1108524/000112760225019226/form4.xml
CRM,1108524,Marc Benioff,1294693,2025-07-14,2025-07-11,S,exercise and sell,2250,584265.98,259.6738,,0,22062566,0,plan,M,5,0,Common Stock,D,4,0001127602-25-019142,,https://www.sec.gov/Archives/edgar/data/1108524/000112760225019142/form4.xml
CRM,1108524,Marc Benioff,1294693,2025-07-11,2025-07-10,S,exercise and sell,2250,598854.05,266.1574,,0,22062566,0,plan,M,6,0,Common Stock,D,4,0001127602-25-019093,,https://www.sec.gov/Archives/edgar/data/1108524/000112760225019093/form4.xml
CRM,1108524,Marc Benioff,1294693,2025-07-10,2025-07-09,S,scheduled sale,2250,611309.22,271.6930,0.0102,93109,22062566,0,plan,AM,6,0,Common Stock,D,4,0001127602-25-019080,,https://www.sec.gov/Archives/edgar/data/1108524/000112760225019080/form4.xml
CRM,1108524,Marc Benioff,1294693,2025-07-09,2025-07-08,S,exercise and sell,2250,615206.17,273.4250,,0,21969457,0,plan,M,6,0,Common Stock,D,4,0001127602-25-019062,,https://www.sec.gov/Archives/edgar/data/1108524/000112760225019062/form4.xml
CRM,1108524,Marc Benioff,1294693,2025-07-08,2025-07-07,S,exercise and sell,2250,609341.00,270.8182,,0,21969457,0,plan,M,6,0,Common Stock,D,4,0001127602-25-019025,,https://www.sec.gov/Archives/edgar/data/1108524/000112760225019025/form4.xml
CRM,1108524,Marc Benioff,1294693,2025-07-07,2025-07-03,S,exercise and sell,2250,614046.71,272.9096,,0,21969457,0,plan,M,4,0,Common Stock,D,4,0001127602-25-018979,,https://www.sec.gov/Archives/edgar/data/1108524/000112760225018979/form4.xml
CRM,1108524,Marc Benioff,1294693,2025-07-03,2025-07-02,S,exercise and sell,2250,602447.65,267.7545,,0,21969457,0,plan,M,6,0,Common Stock,D,4,0001127602-25-018907,,https://www.sec.gov/Archives/edgar/data/1108524/000112760225018907/form4.xml
CRM,1108524,Marc Benioff,1294693,2025-07-01,2025-07-01,S,exercise and sell,2250,613072.90,272.4768,,0,21969457,,plan,GM,3,0,Common Stock,D,4,0000950170-25-092454,,https://www.sec.gov/Archives/edgar/data/1108524/000095017025092454/ownership.xml
CRM,1108524,Marc Benioff,1294693,2024-12-20,2024-12-18,S,exercise and sell,317105,109964317.53,346.7757,,0,22269457,0,discretionary,M,19,0,Common Stock,D,4,0001127602-24-029884,,https://www.sec.gov/Archives/edgar/data/1108524/000112760224029884/form4.xml
CRM,1108524,Marc Benioff,1294693,2024-06-11,2024-06-10,S,scheduled sale,15000,3626076.46,241.7384,0.0673,-15000,22269457,0,plan,,3,0,Common Stock,D,4,0001127602-24-018405,,https://www.sec.gov/Archives/edgar/data/1108524/000112760224018405/form4.xml
CRM,1108524,Marc Benioff,1294693,2024-06-10,2024-06-07,S,scheduled sale,15000,3637398.35,242.4932,0.0673,-47870,22284457,0,plan,G,4,0,Common Stock,D,4,0001127602-24-018324,,https://www.sec.gov/Archives/edgar/data/1108524/000112760224018324/form4.xml
CRM,1108524,Marc Benioff,1294693,2024-06-07,2024-06-06,S,scheduled sale,15000,3651582.98,243.4389,0.0671,-15000,22332327,0,plan,G,7,0,Common Stock,D,4,0001127602-24-018188,,https://www.sec.gov/Archives/edgar/data/1108524/000112760224018188/form4.xml
CRM,1108524,Marc Benioff,1294693,2024-06-06,2024-06-05,S,scheduled sale,15000,3514737.53,234.3158,0.0671,-15000,22347327,0,plan,,5,0,Common Stock,D,4,0001127602-24-018047,,https://www.sec.gov/Archives/edgar/data/1108524/000112760224018047/form4.xml
CRM,1108524,Marc Benioff,1294693,2024-06-05,2024-06-04,S,scheduled sale,15000,3535651.91,235.7101,0.0670,-15000,22362327,0,plan,,8,0,Common Stock,D,4,0001127602-24-017965,,https://www.sec.gov/Archives/edgar/data/1108524/000112760224017965/form4.xml
CRM,1108524,Marc Benioff,1294693,2024-06-04,2024-06-03,S,scheduled sale,15000,3508784.88,233.9190,0.0670,-15000,22377327,0,plan,,9,0,Common Stock,D,4,0001127602-24-017667,,https://www.sec.gov/Archives/edgar/data/1108524/000112760224017667/form4.xml
CRM,1108524,Marc Benioff,1294693,2024-06-03,2024-05-31,S,scheduled sale,15000,3371313.94,224.7543,0.0669,-15000,22392327,0,plan,,16,0,Common Stock,D,4,0001127602-24-017304,,https://www.sec.gov/Archives/edgar/data/1108524/000112760224017304/form4.xml
CRM,1108524,Marc Benioff,1294693,2024-05-31,2024-05-30,S,scheduled sale,15000,3249840.07,216.6560,0.0669,-15000,22407327,0,plan,,10,0,Common Stock,D,4,0001127602-24-017138,,https://www.sec.gov/Archives/edgar/data/1108524/000112760224017138/form4.xml
CRM,1108524,Marc Benioff,1294693,2024-05-30,2024-05-29,S,scheduled sale,15000,4065729.07,271.0486,0.0669,-15000,22422327,0,plan,,5,0,Common Stock,D,4,0001127602-24-016992,,https://www.sec.gov/Archives/edgar/data/1108524/000112760224016992/form4.xml
CRM,1108524,Marc Benioff,1294693,2024-05-29,2024-05-28,S,scheduled sale,15000,4039789.17,269.3193,0.0668,-15000,22437327,0,plan,,6,0,Common Stock,D,4,0001127602-24-016779,,https://www.sec.gov/Archives/edgar/data/1108524/000112760224016779/form4.xml
CRM,1108524,Marc Benioff,1294693,2024-05-28,2024-05-24,S,scheduled sale,15000,4075923.96,271.7283,0.0668,-15000,22452327,0,plan,,6,0,Common Stock,D,4,0001127602-24-016709,,https://www.sec.gov/Archives/edgar/data/1108524/000112760224016709/form4.xml
CRM,1108524,Marc Benioff,1294693,2024-05-24,2024-05-23,S,scheduled sale,15000,4200857.33,280.0572,0.0667,-15000,22467327,0,plan,,8,0,Common Stock,D,4,0001127602-24-016594,,https://www.sec.gov/Archives/edgar/data/1108524/000112760224016594/form4.xml
CRM,1108524,Marc Benioff,1294693,2024-05-23,2024-05-22,S,scheduled sale,15000,4275009.52,285.0006,0.0667,-15000,22482327,0,plan,,4,0,Common Stock,D,4,0001127602-24-016448,,https://www.sec.gov/Archives/edgar/data/1108524/000112760224016448/form4.xml
CRM,1108524,Marc Benioff,1294693,2024-05-22,2024-05-21,S,scheduled sale,15000,4279101.52,285.2734,0.0666,-15000,22497327,0,plan,,4,0,Common Stock,D,4,0001127602-24-016243,,https://www.sec.gov/Archives/edgar/data/1108524/000112760224016243/form4.xml
CRM,1108524,Marc Benioff,1294693,2024-05-21,2024-05-20,S,scheduled sale,15000,4303451.40,286.8968,0.0666,-15000,22512327,0,plan,,3,0,Common Stock,D,4,0001127602-24-016157,,https://www.sec.gov/Archives/edgar/data/1108524/000112760224016157/form4.xml
CRM,1108524,Marc Benioff,1294693,2024-05-20,2024-05-17,S,scheduled sale,15000,4292952.57,286.1968,0.0665,-15000,22527327,0,plan,,3,0,Common Stock,D,4,0001127602-24-015993,,https://www.sec.gov/Archives/edgar/data/1108524/000112760224015993/form4.xml
CRM,1108524,Marc Benioff,1294693,2024-05-17,2024-05-16,S,scheduled sale,15000,4296587.71,286.4392,0.0665,-15000,22542327,0,plan,,5,0,Common Stock,D,4,0001127602-24-015823,,https://www.sec.gov/Archives/edgar/data/1108524/000112760224015823/form4.xml
CRM,1108524,Marc Benioff,1294693,2024-05-16,2024-05-15,S,scheduled sale,15000,4270881.37,284.7254,0.0665,-15000,22557327,0,plan,,8,0,Common Stock,D,4,0001127602-24-015698,,https://www.sec.gov/Archives/edgar/data/1108524/000112760224015698/form4.xml
CRM,1108524,Marc Benioff,1294693,2024-05-15,2024-05-14,S,scheduled sale,15000,4152697.81,276.8465,0.0664,-15000,22572327,0,plan,,4,0,Common Stock,D,4,0001127602-24-015490,,https://www.sec.gov/Archives/edgar/data/1108524/000112760224015490/form4.xml
CRM,1108524,Marc Benioff,1294693,2024-05-14,2024-05-13,S,scheduled sale,15000,4152578.34,276.8386,0.0664,-15000,22587327,0,plan,,2,0,Common Stock,D,4,0001127602-24-015273,,https://www.sec.gov/Archives/edgar/data/1108524/000112760224015273/form4.xml
CRM,1108524,Marc Benioff,1294693,2024-05-13,2024-05-10,S,scheduled sale,15000,4148901.33,276.5934,0.0663,-15000,22602327,0,plan,,5,0,Common Stock,D,4,0001127602-24-015111,,https://www.sec.gov/Archives/edgar/data/1108524/000112760224015111/form4.xml
CRM,1108524,Marc Benioff,1294693,2024-05-10,2024-05-09,S,scheduled sale,15000,4114395.07,274.2930,0.0663,-15000,22617327,0,plan,,4,0,Common Stock,D,4,0001127602-24-015027,,https://www.sec.gov/Archives/edgar/data/1108524/000112760224015027/form4.xml
CRM,1108524,Marc Benioff,1294693,2024-05-09,2024-05-08,S,scheduled sale,15000,4179383.06,278.6255,0.0662,-15000,22632327,0,plan,,3,0,Common Stock,D,4,0001127602-24-014808,,https://www.sec.gov/Archives/edgar/data/1108524/000112760224014808/form4.xml
CRM,1108524,Marc Benioff,1294693,2024-05-08,2024-05-07,S,scheduled sale,15000,4159208.27,277.2806,0.0662,-15000,22647327,0,plan,,5,0,Common Stock,D,4,0001127602-24-014602,,https://www.sec.gov/Archives/edgar/data/1108524/000112760224014602/form4.xml
CRM,1108524,Marc Benioff,1294693,2024-05-07,2024-05-06,S,scheduled sale,15000,4131753.08,275.4502,0.0661,-15000,22662327,0,plan,,3,0,Common Stock,D,4,0001127602-24-014447,,https://www.sec.gov/Archives/edgar/data/1108524/000112760224014447/form4.xml
CRM,1108524,Marc Benioff,1294693,2024-05-06,2024-05-03,S,scheduled sale,15000,4125180.36,275.0120,0.0661,-15000,22677327,0,plan,,4,0,Common Stock,D,4,0001127602-24-014297,,https://www.sec.gov/Archives/edgar/data/1108524/000112760224014297/form4.xml
CRM,1108524,Marc Benioff,1294693,2024-05-03,2024-05-02,S,scheduled sale,15000,4066626.93,271.1085,0.0661,-15000,22692327,0,plan,,5,0,Common Stock,D,4,0001127602-24-014121,,https://www.sec.gov/Archives/edgar/data/1108524/000112760224014121/form4.xml
CRM,1108524,Marc Benioff,1294693,2024-05-02,2024-05-01,S,scheduled sale,15000,4043016.39,269.5344,0.0660,-15000,22707327,0,plan,,7,0,Common Stock,D,4,0001127602-24-014022,,https://www.sec.gov/Archives/edgar/data/1108524/000112760224014022/form4.xml
CRM,1108524,Marc Benioff,1294693,2024-05-01,2024-04-30,S,scheduled sale,15000,4063848.56,270.9232,0.0660,-15000,22722327,0,plan,,6,0,Common Stock,D,4,0001127602-24-013755,,https://www.sec.gov/Archives/edgar/data/1108524/000112760224013755/form4.xml
CRM,1108524,Marc Benioff,1294693,2024-04-30,2024-04-29,S,scheduled sale,15000,4121914.10,274.7943,0.0659,-15000,22737327,0,plan,,3,0,Common Stock,D,4,0001127602-24-013660,,https://www.sec.gov/Archives/edgar/data/1108524/000112760224013660/form4.xml
CRM,1108524,Marc Benioff,1294693,2024-04-29,2024-04-26,S,scheduled sale,15000,4126113.34,275.0742,0.0659,-15000,22752327,0,plan,,4,0,Common Stock,D,4,0001127602-24-013596,,https://www.sec.gov/Archives/edgar/data/1108524/000112760224013596/form4.xml
CRM,1108524,Marc Benioff,1294693,2024-04-26,2024-04-25,S,scheduled sale,15000,4074497.16,271.6331,0.0658,-15000,22767327,0,plan,,4,0,Common Stock,D,4,0001127602-24-013458,,https://www.sec.gov/Archives/edgar/data/1108524/000112760224013458/form4.xml
CRM,1108524,Marc Benioff,1294693,2024-04-25,2024-04-24,S,scheduled sale,15000,4149748.31,276.6499,0.0658,-15000,22782327,0,plan,,5,0,Common Stock,D,4,0001127602-24-013395,,https://www.sec.gov/Archives/edgar/data/1108524/000112760224013395/form4.xml
CRM,1108524,Marc Benioff,1294693,2024-04-24,2024-04-23,S,scheduled sale,15000,4108442.29,273.8962,0.0658,-15000,22797327,0,plan,,6,0,Common Stock,D,4,0001127602-24-013338,,https://www.sec.gov/Archives/edgar/data/1108524/000112760224013338/form4.xml
CRM,1108524,Marc Benioff,1294693,2024-04-23,2024-04-22,S,scheduled sale,15000,4110502.47,274.0335,0.0657,-15000,22812327,0,plan,,10,0,Common Stock,D,4,0001127602-24-013259,,https://www.sec.gov/Archives/edgar/data/1108524/000112760224013259/form4.xml
CRM,1108524,Marc Benioff,1294693,2024-04-22,2024-04-19,S,scheduled sale,15000,4064172.33,270.9448,0.0657,-15000,22827327,0,plan,,4,0,Common Stock,D,4,0001127602-24-013245,,https://www.sec.gov/Archives/edgar/data/1108524/000112760224013245/form4.xml
CRM,1108524,Marc Benioff,1294693,2024-04-19,2024-04-18,S,scheduled sale,15000,4088897.08,272.5931,0.0656,-15000,22842327,0,plan,,7,0,Common Stock,D,4,0001127602-24-013212,,https://www.sec.gov/Archives/edgar/data/1108524/000112760224013212/form4.xml
CRM,1108524,Marc Benioff,1294693,2024-04-18,2024-04-17,S,scheduled sale,15000,4152411.49,276.8274,0.0656,-15000,22857327,0,plan,,4,0,Common Stock,D,4,0001127602-24-013152,,https://www.sec.gov/Archives/edgar/data/1108524/000112760224013152/form4.xml
CRM,1108524,Marc Benioff,1294693,2024-04-17,2024-04-16,S,scheduled sale,41394,11410612.35,275.6586,0.1807,-41394,22872327,0,plan,,9,0,Common Stock,D,4,0001127602-24-013111,,https://www.sec.gov/Archives/edgar/data/1108524/000112760224013111/form4.xml
CRM,1108524,Marc Benioff,1294693,2024-04-16,2024-04-15,S,scheduled sale,15000,4170902.71,278.0602,0.0654,-15000,22913721,0,plan,,12,0,Common Stock,D,4,0001127602-24-013028,,https://www.sec.gov/Archives/edgar/data/1108524/000112760224013028/form4.xml
CRM,1108524,Marc Benioff,1294693,2024-04-15,2024-04-12,S,scheduled sale,15000,4436045.05,295.7363,0.0654,-15000,22928721,0,plan,,5,0,Common Stock,D,4,0001127602-24-012893,,https://www.sec.gov/Archives/edgar/data/1108524/000112760224012893/form4.xml
CRM,1108524,Marc Benioff,1294693,2024-04-12,2024-04-11,S,scheduled sale,15000,4475480.45,298.3654,0.0653,-15000,22943721,0,plan,,4,0,Common Stock,D,4,0001127602-24-012832,,https://www.sec.gov/Archives/edgar/data/1108524/000112760224012832/form4.xml
CRM,1108524,Marc Benioff,1294693,2024-04-11,2024-04-10,S,scheduled sale,15000,4491274.42,299.4183,0.0653,-15000,22958721,0,plan,,3,0,Common Stock,D,4,0001127602-24-012803,,https://www.sec.gov/Archives/edgar/data/1108524/000112760224012803/form4.xml
CRM,1108524,Marc Benioff,1294693,2024-04-10,2024-04-09,S,scheduled sale,15000,4526079.89,301.7387,0.0652,37555,22973721,0,plan,A,6,0,Common Stock,D,4,0001127602-24-012772,,https://www.sec.gov/Archives/edgar/data/1108524/000112760224012772/form4.xml
CRM,1108524,Marc Benioff,1294693,2024-04-09,2024-04-08,S,scheduled sale,15000,4530433.02,302.0289,0.0654,-15000,22936166,0,plan,,4,0,Common Stock,D,4,0001127602-24-012713,,https://www.sec.gov/Archives/edgar/data/1108524/000112760224012713/form4.xml
CRM,1108524,Marc Benioff,1294693,2024-04-08,2024-04-05,S,scheduled sale,15000,4502110.46,300.1407,0.0653,-15000,22951166,0,plan,,10,0,Common Stock,D,4,0001127602-24-012675,,https://www.sec.gov/Archives/edgar/data/1108524/000112760224012675/form4.xml
CRM,1108524,Marc Benioff,1294693,2024-04-05,2024-04-04,S,scheduled sale,15000,4499531.95,299.9688,0.0653,-15000,22966166,0,plan,,14,0,Common Stock,D,4,0001127602-24-012586,,https://www.sec.gov/Archives/edgar/data/1108524/000112760224012586/form4.xml
CRM,1108524,Marc Benioff,1294693,2024-04-04,2024-04-03,S,scheduled sale,15000,4581232.42,305.4155,0.0652,-15000,22981166,0,plan,,4,0,Common Stock,D,4,0001127602-24-012480,,https://www.sec.gov/Archives/edgar/data/1108524/000112760224012480/form4.xml
CRM,1108524,Marc Benioff,1294693,2024-04-03,2024-04-02,S,scheduled sale,15000,4513113.12,300.8742,0.0652,-15000,22996166,0,plan,,9,0,Common Stock,D,4,0001127602-24-012209,,https://www.sec.gov/Archives/edgar/data/1108524/000112760224012209/form4.xml
CRM,1108524,Marc Benioff,1294693,2024-04-02,2024-04-01,S,scheduled sale,15000,4525774.47,301.7183,0.0651,-15000,23011166,0,plan,,4,0,Common Stock,D,4,0001127602-24-011826,,https://www.sec.gov/Archives/edgar/data/1108524/000112760224011826/form4.xml
CRM,1108524,Marc Benioff,1294693,2024-03-29,2024-03-28,S,scheduled sale,15000,4515164.01,301.0109,0.0651,-15000,23026166,0,plan,,3,0,Common Stock,D,4,0001127602-24-011455,,https://www.sec.gov/Archives/edgar/data/1108524/000112760224011455/form4.xml
CRM,1108524,Marc Benioff,1294693,2024-03-28,2024-03-27,S,scheduled sale,15000,4521823.61,301.4549,0.0651,-15000,23041166,0,plan,,9,0,Common Stock,D,4,0001127602-24-011391,,https://www.sec.gov/Archives/edgar/data/1108524/000112760224011391/form4.xml
CRM,1108524,Marc Benioff,1294693,2024-03-27,2024-03-26,S,scheduled sale,15000,4595650.92,306.3767,0.0650,-15000,23056166,0,plan,,3,0,Common Stock,D,4,0001127602-24-011296,,https://www.sec.gov/Archives/edgar/data/1108524/000112760224011296/form4.xml
CRM,1108524,Marc Benioff,1294693,2024-03-26,2024-03-25,S,scheduled sale,15000,4587871.94,305.8581,0.0650,-30000,23071166,,plan,,5,0,Common Stock,D,4,0001127602-24-011224,,https://www.sec.gov/Archives/edgar/data/1108524/000112760224011224/form4.xml
CRM,1108524,Marc Benioff,1294693,2024-03-25,2024-03-22,S,scheduled sale,15000,4625445.72,308.3630,0.0650,-30000,23071166,0,plan,,3,0,Common Stock,D,4,0001127602-24-011091,,https://www.sec.gov/Archives/edgar/data/1108524/000112760224011091/form4.xml
CRM,1108524,Marc Benioff,1294693,2024-03-22,2024-03-21,S,scheduled sale,15000,4644618.63,309.6412,0.0649,-15000,23101166,0,plan,,5,0,Common Stock,D,4,0001127602-24-011010,,https://www.sec.gov/Archives/edgar/data/1108524/000112760224011010/form4.xml
CRM,1108524,Marc Benioff,1294693,2024-03-21,2024-03-20,S,scheduled sale,15000,4563183.76,304.2123,0.0648,-15000,23116166,0,plan,,6,0,Common Stock,D,4,0001127602-24-010920,,https://www.sec.gov/Archives/edgar/data/1108524/000112760224010920/form4.xml
CRM,1108524,Marc Benioff,1294693,2024-03-20,2024-03-19,S,scheduled sale,15000,4493875.12,299.5917,0.0648,-15000,23131166,0,plan,,5,0,Common Stock,D,4,0001127602-24-010771,,https://www.sec.gov/Archives/edgar/data/1108524/000112760224010771/form4.xml
CRM,1108524,Marc Benioff,1294693,2024-03-19,2024-03-18,S,scheduled sale,15000,4483262.06,298.8841,0.0648,-15000,23146166,0,plan,,5,0,Common Stock,D,4,0001127602-24-010641,,https://www.sec.gov/Archives/edgar/data/1108524/000112760224010641/form4.xml
CRM,1108524,Marc Benioff,1294693,2024-03-18,2024-03-15,S,scheduled sale,15000,4441747.00,296.1165,0.0647,-15000,23161166,0,plan,,6,0,Common Stock,D,4,0001127602-24-010442,,https://www.sec.gov/Archives/edgar/data/1108524/000112760224010442/form4.xml
CRM,1108524,Marc Benioff,1294693,2024-03-15,2024-03-14,S,scheduled sale,15000,4564394.56,304.2930,0.0647,-15000,23176166,0,plan,,7,0,Common Stock,D,4,0001127602-24-010258,,https://www.sec.gov/Archives/edgar/data/1108524/000112760224010258/form4.xml
CRM,1108524,Marc Benioff,1294693,2024-03-14,2024-03-13,S,scheduled sale,15000,4593481.19,306.2321,0.0646,-15000,23191166,0,plan,,4,0,Common Stock,D,4,0001127602-24-010137,,https://www.sec.gov/Archives/edgar/data/1108524/000112760224010137/form4.xml
CRM,1108524,Marc Benioff,1294693,2024-03-13,2024-03-12,S,scheduled sale,15000,4596443.77,306.4296,0.0646,-15000,23206166,0,plan,,4,0,Common Stock,D,4,0001127602-24-009982,,https://www.sec.gov/Archives/edgar/data/1108524/000112760224009982/form4.xml
CRM,1108524,Marc Benioff,1294693,2024-03-12,2024-03-11,S,scheduled sale,15000,4574534.75,304.9690,0.0646,-15000,23221166,0,plan,,7,0,Common Stock,D,4,0001127602-24-009842,,https://www.sec.gov/Archives/edgar/data/1108524/000112760224009842/form4.xml
CRM,1108524,Marc Benioff,1294693,2024-03-11,2024-03-08,S,scheduled sale,15000,4593233.00,306.2155,0.0645,-15000,23236166,0,plan,,6,0,Common Stock,D,4,0001127602-24-009388,,https://www.sec.gov/Archives/edgar/data/1108524/000112760224009388/form4.xml
CRM,1108524,Marc Benioff,1294693,2024-03-08,2024-03-07,S,scheduled sale,15000,4548669.84,303.2447,0.0645,-15000,23251166,0,plan,,4,0,Common Stock,D,4,0001127602-24-009227,,https://www.sec.gov/Archives/edgar/data/1108524/000112760224009227/form4.xml
CRM,1108524,Marc Benioff,1294693,2024-03-07,2024-03-06,S,scheduled sale,15000,4563702.48,304.2468,0.0644,-15000,23266166,0,plan,,3,0,Common Stock,D,4,0001127602-24-009029,,https://www.sec.gov/Archives/edgar/data/1108524/000112760224009029/form4.xml
CRM,1108524,Marc Benioff,1294693,2024-03-06,2024-03-05,S,scheduled sale,15000,4526519.04,301.7679,0.0644,-15000,23281166,0,plan,,14,0,Common Stock,D,4,0001127602-24-008815,,https://www.sec.gov/Archives/edgar/data/1108524/000112760224008815/form4.xml
CRM,1108524,Marc Benioff,1294693,2024-03-05,2024-03-04,S,scheduled sale,15000,4734664.58,315.6443,0.0643,-15000,23296166,0,plan,,4,0,Common Stock,D,4,0001127602-24-008556,,https://www.sec.gov/Archives/edgar/data/1108524/000112760224008556/form4.xml
CRM,1108524,Marc Benioff,1294693,2024-03-04,2024-03-01,S,scheduled sale,15000,4733067.83,315.5379,0.0643,-15000,23311166,0,plan,,11,0,Common Stock,D,4,0001127602-24-008310,,https://www.sec.gov/Archives/edgar/data/1108524/000112760224008310/form4.xml
CRM,1108524,Marc Benioff,1294693,2024-03-01,2024-02-29,S,scheduled sale,15000,4574682.85,304.9789,0.0643,-15000,23326166,0,plan,,15,0,Common Stock,D,4,0001127602-24-007890,,https://www.sec.gov/Archives/edgar/data/1108524/000112760224007890/form4.xml
CRM,1108524,Marc Benioff,1294693,2024-02-29,2024-02-28,S,scheduled sale,15000,4490388.23,299.3592,0.0642,-15000,23341166,0,plan,,4,0,Common Stock,D,4,0001127602-24-007670,,https://www.sec.gov/Archives/edgar/data/1108524/000112760224007670/form4.xml
CRM,1108524,Marc Benioff,1294693,2024-02-28,2024-02-27,S,scheduled sale,15000,4480492.84,298.6995,0.0642,-15000,23356166,0,plan,,5,0,Common Stock,D,4,0001127602-24-007399,,https://www.sec.gov/Archives/edgar/data/1108524/000112760224007399/form4.xml
CRM,1108524,Marc Benioff,1294693,2024-02-27,2024-02-26,S,scheduled sale,15000,4506945.90,300.4631,0.0641,-15000,23371166,0,plan,,8,0,Common Stock,D,4,0001127602-24-007245,,https://www.sec.gov/Archives/edgar/data/1108524/000112760224007245/form4.xml
CRM,1108524,Marc Benioff,1294693,2024-02-26,2024-02-23,S,scheduled sale,15000,4400791.74,293.3861,0.0641,-15000,23386166,0,plan,,7,0,Common Stock,D,4,0001127602-24-006885,,https://www.sec.gov/Archives/edgar/data/1108524/000112760224006885/form4.xml
CRM,1108524,Marc Benioff,1294693,2024-02-23,2024-02-22,S,scheduled sale,15000,4396823.90,293.1216,0.0641,-15000,23401166,0,plan,,3,0,Common Stock,D,4,0001127602-24-006716,,https://www.sec.gov/Archives/edgar/data/1108524/000112760224006716/form4.xml
CRM,1108524,Marc Benioff,1294693,2024-02-22,2024-02-21,S,scheduled sale,15000,4211581.26,280.7721,0.0640,-15000,23416166,0,plan,,5,0,Common Stock,D,4,0001127602-24-006381,,https://www.sec.gov/Archives/edgar/data/1108524/000112760224006381/form4.xml
CRM,1108524,Marc Benioff,1294693,2024-02-21,2024-02-20,S,scheduled sale,15000,4293041.94,286.2028,0.0640,-15000,23431166,0,plan,,5,0,Common Stock,D,4,0001127602-24-006102,,https://www.sec.gov/Archives/edgar/data/1108524/000112760224006102/form4.xml
CRM,1108524,Marc Benioff,1294693,2024-02-20,2024-02-16,S,scheduled sale,15000,4355251.59,290.3501,0.0639,-15000,23446166,0,plan,,4,0,Common Stock,D,4,0001127602-24-005691,,https://www.sec.gov/Archives/edgar/data/1108524/000112760224005691/form4.xml
CRM,1108524,Marc Benioff,1294693,2024-02-16,2024-02-15,S,scheduled sale,15000,4358036.08,290.5357,0.0639,-15000,23461166,0,plan,,4,0,Common Stock,D,4,0001127602-24-005393,,https://www.sec.gov/Archives/edgar/data/1108524/000112760224005393/form4.xml
CRM,1108524,Marc Benioff,1294693,2024-02-15,2024-02-14,S,scheduled sale,15000,4316699.18,287.7799,0.0639,-15000,23476166,0,plan,,5,0,Common Stock,D,4,0001127602-24-005211,,https://www.sec.gov/Archives/edgar/data/1108524/000112760224005211/form4.xml
CRM,1108524,Marc Benioff,1294693,2024-02-14,2024-02-13,S,scheduled sale,15000,4212465.98,280.8311,0.0638,-15000,23491166,0,plan,,6,0,Common Stock,D,4,0001127602-24-005084,,https://www.sec.gov/Archives/edgar/data/1108524/000112760224005084/form4.xml
CRM,1108524,Marc Benioff,1294693,2024-02-13,2024-02-12,S,scheduled sale,15000,4329352.46,288.6235,0.0638,-15000,23506166,0,plan,,4,0,Common Stock,D,4,0001127602-24-004750,,https://www.sec.gov/Archives/edgar/data/1108524/000112760224004750/form4.xml
CRM,1108524,Marc Benioff,1294693,2024-02-12,2024-02-09,S,scheduled sale,15000,4386472.06,292.4315,0.0637,-15000,23521166,0,plan,,4,0,Common Stock,D,4,0001127602-24-004488,,https://www.sec.gov/Archives/edgar/data/1108524/000112760224004488/form4.xml
CRM,1108524,Marc Benioff,1294693,2024-02-09,2024-02-08,S,scheduled sale,15000,4370009.06,291.3339,0.0637,-15000,23536166,0,plan,,5,0,Common Stock,D,4,0001127602-24-004218,,https://www.sec.gov/Archives/edgar/data/1108524/000112760224004218/form4.xml
CRM,1108524,Marc Benioff,1294693,2024-02-08,2024-02-07,S,scheduled sale,15000,4324521.17,288.3014,0.0637,-15000,23551166,0,plan,,5,0,Common Stock,D,4,0001127602-24-004001,,https://www.sec.gov/Archives/edgar/data/1108524/000112760224004001/form4.xml
CRM,1108524,Marc Benioff,1294693,2024-02-07,2024-02-06,S,scheduled sale,15000,4285098.91,285.6733,0.0636,-15000,23566166,0,plan,,6,0,Common Stock,D,4,0001127602-24-003733,,https://www.sec.gov/Archives/edgar/data/1108524/000112760224003733/form4.xml
CRM,1108524,Marc Benioff,1294693,2024-02-06,2024-02-05,S,scheduled sale,15000,4287284.61,285.8190,0.0636,-15000,23581166,0,plan,,7,0,Common Stock,D,4,0001127602-24-003590,,https://www.sec.gov/Archives/edgar/data/1108524/000112760224003590/form4.xml
CRM,1108524,Marc Benioff,1294693,2024-02-05,2024-02-02,S,scheduled sale,15000,4291980.10,286.1320,0.0635,-15000,23596166,0,plan,,5,0,Common Stock,D,4,0001127602-24-003430,,https://www.sec.gov/Archives/edgar/data/1108524/000112760224003430/form4.xml
CRM,1108524,Marc Benioff,1294693,2024-02-02,2024-02-01,S,scheduled sale,15000,4252020.56,283.4680,0.0635,-15000,23611166,0,plan,,4,0,Common Stock,D,4,0001127602-24-003202,,https://www.sec.gov/Archives/edgar/data/1108524/000112760224003202/form4.xml
CRM,1108524,Marc Benioff,1294693,2024-02-01,2024-01-31,S,scheduled sale,15000,4244194.98,282.9463,0.0634,-15000,23626166,0,plan,,5,0,Common Stock,D,4,0001127602-24-002968,,https://www.sec.gov/Archives/edgar/data/1108524/000112760224002968/form4.xml
CRM,1108524,Marc Benioff,1294693,2024-01-31,2024-01-30,S,scheduled sale,15000,4318372.90,287.8915,0.0634,-30000,23641166,,plan,,3,0,Common Stock,D,4,0001127602-24-002844,,https://www.sec.gov/Archives/edgar/data/1108524/000112760224002844/form4.xml
CRM,1108524,Marc Benioff,1294693,2024-01-30,2024-01-29,S,scheduled sale,15000,4275773.45,285.0516,0.0634,-30000,23641166,0,plan,,7,0,Common Stock,D,4,0001127602-24-002647,,https://www.sec.gov/Archives/edgar/data/1108524/000112760224002647/form4.xml
CRM,1108524,Marc Benioff,1294693,2024-01-29,2024-01-26,S,scheduled sale,15000,4211889.94,280.7927,0.0633,-15000,23671166,0,plan,,5,0,Common Stock,D,4,0001127602-24-002420,,https://www.sec.gov/Archives/edgar/data/1108524/000112760224002420/form4.xml
CRM,1108524,Marc Benioff,1294693,2024-01-26,2024-01-25,S,scheduled sale,15000,4176600.92,278.4401,0.0633,-15000,23686166,0,plan,,3,0,Common Stock,D,4,0001127602-24-002342,,https://www.sec.gov/Archives/edgar/data/1108524/000112760224002342/form4.xml
CRM,1108524,Marc Benioff,1294693,2024-01-25,2024-01-24,S,scheduled sale,15000,4179349.11,278.6233,0.0632,-15000,23701166,0,plan,,4,0,Common Stock,D,4,0001127602-24-002141,,https://www.sec.gov/Archives/edgar/data/1108524/000112760224002141/form4.xml
CRM,1108524,Marc Benioff,1294693,2024-01-24,2024-01-23,S,scheduled sale,15000,4169426.07,277.9617,0.0632,-15000,23716166,0,plan,,6,0,Common Stock,D,4,0001127602-24-002046,,https://www.sec.gov/Archives/edgar/data/1108524/000112760224002046/form4.xml
CRM,1108524,Marc Benioff,1294693,2024-01-23,2024-01-22,S,scheduled sale,15000,4238278.71,282.5519,0.0632,-15000,23731166,0,plan,,6,0,Common Stock,D,4,0001127602-24-001907,,https://www.sec.gov/Archives/edgar/data/1108524/000112760224001907/form4.xml
CRM,1108524,Marc Benioff,1294693,2024-01-22,2024-01-19,S,scheduled sale,15000,4186440.12,279.0960,0.0631,-15000,23746166,0,plan,,6,0,Common Stock,D,4,0001127602-24-001848,,https://www.sec.gov/Archives/edgar/data/1108524/000112760224001848/form4.xml
CRM,1108524,Marc Benioff,1294693,2024-01-19,2024-01-18,S,scheduled sale,15000,4110099.31,274.0066,0.0631,-15000,23761166,0,plan,,3,0,Common Stock,D,4,0001127602-24-001737,,https://www.sec.gov/Archives/edgar/data/1108524/000112760224001737/form4.xml
CRM,1108524,Marc Benioff,1294693,2024-01-18,2024-01-17,S,scheduled sale,15000,4032524.49,268.8350,0.0630,-15000,23776166,0,plan,,8,0,Common Stock,D,4,0001127602-24-001617,,https://www.sec.gov/Archives/edgar/data/1108524/000112760224001617/form4.xml
CRM,1108524,Marc Benioff,1294693,2024-01-17,2024-01-16,S,scheduled sale,15000,4046544.78,269.7697,0.0630,-15000,23791166,0,plan,,3,0,Common Stock,D,4,0001127602-24-001474,,https://www.sec.gov/Archives/edgar/data/1108524/000112760224001474/form4.xml
CRM,1108524,Marc Benioff,1294693,2024-01-16,2024-01-12,S,scheduled sale,15000,4090424.91,272.6950,0.0630,-15000,23806166,0,plan,,4,0,Common Stock,D,4,0001127602-24-001331,,https://www.sec.gov/Archives/edgar/data/1108524/000112760224001331/form4.xml
CRM,1108524,Marc Benioff,1294693,2024-01-12,2024-01-11,S,scheduled sale,15000,4037160.07,269.1440,0.0629,-15000,23821166,0,plan,,7,0,Common Stock,D,4,0001127602-24-001270,,https://www.sec.gov/Archives/edgar/data/1108524/000112760224001270/form4.xml
CRM,1108524,Marc Benioff,1294693,2024-01-11,2024-01-10,S,scheduled sale,15000,3963604.23,264.2403,0.0629,-15000,23836166,0,plan,,4,0,Common Stock,D,4,0001127602-24-001227,,https://www.sec.gov/Archives/edgar/data/1108524/000112760224001227/form4.xml
CRM,1108524,Marc Benioff,1294693,2024-01-10,2024-01-09,S,scheduled sale,15000,3929182.47,261.9455,0.0629,-15000,23851166,0,plan,,5,0,Common Stock,D,4,0001127602-24-001159,,https://www.sec.gov/Archives/edgar/data/1108524/000112760224001159/form4.xml
CRM,1108524,Marc Benioff,1294693,2024-01-09,2024-01-08,S,scheduled sale,15000,3878902.81,258.5935,0.0628,-15000,23866166,0,plan,,9,0,Common Stock,D,4,0001127602-24-001131,,https://www.sec.gov/Archives/edgar/data/1108524/000112760224001131/form4.xml
CRM,1108524,Marc Benioff,1294693,2024-01-08,2024-01-05,S,scheduled sale,15000,3775752.91,251.7169,0.0628,-15000,23881166,0,plan,,4,0,Common Stock,D,4,0001127602-24-001060,,https://www.sec.gov/Archives/edgar/data/1108524/000112760224001060/form4.xml
CRM,1108524,Marc Benioff,1294693,2024-01-05,2024-01-04,S,scheduled sale,15000,3774098.77,251.6066,0.0627,-15000,23896166,0,plan,,3,0,Common Stock,D,4,0001127602-24-000965,,https://www.sec.gov/Archives/edgar/data/1108524/000112760224000965/form4.xml
CRM,1108524,Marc Benioff,1294693,2024-01-04,2024-01-03,S,scheduled sale,15000,3791309.58,252.7540,0.0627,-15000,23911166,0,plan,,2,0,Common Stock,D,4,0001127602-24-000910,,https://www.sec.gov/Archives/edgar/data/1108524/000112760224000910/form4.xml
CRM,1108524,Marc Benioff,1294693,2024-01-03,2024-01-02,S,scheduled sale,15000,3843673.09,256.2449,0.0627,-15000,23926166,0,plan,,7,0,Common Stock,D,4,0001127602-24-000633,,https://www.sec.gov/Archives/edgar/data/1108524/000112760224000633/form4.xml
CRM,1108524,Marc Benioff,1294693,2023-12-29,2023-12-29,S,scheduled sale,265000,69840200.99,263.5479,1.0948,-530000,23941166,,plan,,6,0,Common Stock,D,4,0001127602-23-030581,,https://www.sec.gov/Archives/edgar/data/1108524/000112760223030581/form4.xml
CRM,1108524,Marc Benioff,1294693,2023-12-29,2023-12-28,S,scheduled sale,265000,70530310.11,266.1521,1.0948,-530000,23941166,0,plan,,4,0,Common Stock,D,4,0001127602-23-030581,,https://www.sec.gov/Archives/edgar/data/1108524/000112760223030581/form4.xml
CRM,1108524,Marc Benioff,1294693,2023-12-28,2023-12-27,S,scheduled sale,15000,3990498.98,266.0333,0.0613,-15000,24471166,0,plan,,2,0,Common Stock,D,4,0001127602-23-030558,,https://www.sec.gov/Archives/edgar/data/1108524/000112760223030558/form4.xml
CRM,1108524,Marc Benioff,1294693,2023-12-27,2023-12-26,S,scheduled sale,15000,3983770.47,265.5847,0.0612,-15000,24486166,0,plan,,2,0,Common Stock,D,4,0001127602-23-030487,,https://www.sec.gov/Archives/edgar/data/1108524/000112760223030487/form4.xml
CRM,1108524,Marc Benioff,1294693,2023-12-26,2023-12-22,S,scheduled sale,15000,4000981.94,266.7321,0.0612,-15000,24501166,0,plan,,3,0,Common Stock,D,4,0001127602-23-030434,,https://www.sec.gov/Archives/edgar/data/1108524/000112760223030434/form4.xml
CRM,1108524,Marc Benioff,1294693,2023-12-22,2023-12-21,S,scheduled sale,15000,3991271.11,266.0847,0.0611,-15000,24516166,0,plan,,3,0,Common Stock,D,4,0001127602-23-030361,,https://www.sec.gov/Archives/edgar/data/1108524/000112760223030361/form4.xml
CRM,1108524,Marc Benioff,1294693,2023-12-21,2023-12-20,S,scheduled sale,15000,3947025.89,263.1351,0.0611,-15000,24531166,0,plan,,5,0,Common Stock,D,4,0001127602-23-030308,,https://www.sec.gov/Archives/edgar/data/1108524/000112760223030308/form4.xml
CRM,1108524,Marc Benioff,1294693,2023-12-20,2023-12-19,S,scheduled sale,15000,3974630.06,264.9753,0.0611,-15000,24546166,0,plan,,3,0,Common Stock,D,4,0001127602-23-030192,,https://www.sec.gov/Archives/edgar/data/1108524/000112760223030192/form4.xml
CRM,1108524,Marc Benioff,1294693,2023-12-19,2023-12-18,S,scheduled sale,15000,3958050.27,263.8700,0.0610,-15000,24561166,0,plan,,5,0,Common Stock,D,4,0001127602-23-030048,,https://www.sec.gov/Archives/edgar/data/1108524/000112760223030048/form4.xml
CRM,1108524,Marc Benioff,1294693,2023-12-18,2023-12-15,S,scheduled sale,15000,3899368.97,259.9579,0.0610,-15000,24576166,0,plan,,7,0,Common Stock,D,4,0001127602-23-029861,,https://www.sec.gov/Archives/edgar/data/1108524/000112760223029861/form4.xml
CRM,1108524,Marc Benioff,1294693,2023-12-15,2023-12-14,S,scheduled sale,15000,3837966.17,255.8644,0.0610,-15000,24591166,0,plan,,5,0,Common Stock,D,4,0001127602-23-029709,,https://www.sec.gov/Archives/edgar/data/1108524/000112760223029709/form4.xml
CRM,1108524,Marc Benioff,1294693,2023-12-14,2023-12-13,S,scheduled sale,15000,3854400.60,256.9600,0.0609,-15000,24606166,0,plan,,4,0,Common Stock,D,4,0001127602-23-029629,,https://www.sec.gov/Archives/edgar/data/1108524/000112760223029629/form4.xml
CRM,1108524,Marc Benioff,1294693,2023-12-13,2023-12-12,S,scheduled sale,15000,3823913.98,254.9276,0.0609,-15000,24621166,0,plan,,6,0,Common Stock,D,4,0001127602-23-029596,,https://www.sec.gov/Archives/edgar/data/1108524/000112760223029596/form4.xml
CRM,1108524,Marc Benioff,1294693,2023-12-12,2023-12-11,S,scheduled sale,15000,3787735.09,252.5157,0.0608,-15000,24636166,0,plan,,4,0,Common Stock,D,4,0001127602-23-029435,,https://www.sec.gov/Archives/edgar/data/1108524/000112760223029435/form4.xml
CRM,1108524,Marc Benioff,1294693,2023-12-11,2023-12-08,S,scheduled sale,15000,3764361.50,250.9574,0.0608,-15000,24651166,0,plan,,4,0,Common Stock,D,4,0001127602-23-029201,,https://www.sec.gov/Archives/edgar/data/1108524/000112760223029201/form4.xml
CRM,1108524,Marc Benioff,1294693,2023-12-08,2023-12-07,S,scheduled sale,15000,3733467.77,248.8979,0.0608,-15000,24666166,0,plan,,4,0,Common Stock,D,4,0001127602-23-029158,,https://www.sec.gov/Archives/edgar/data/1108524/000112760223029158/form4.xml
CRM,1108524,Marc Benioff,1294693,2023-12-07,2023-12-06,S,scheduled sale,15000,3767963.28,251.1976,0.0607,-15000,24681166,0,plan,,5,0,Common Stock,D,4,0001127602-23-029052,,https://www.sec.gov/Archives/edgar/data/1108524/000112760223029052/form4.xml
CRM,1108524,Marc Benioff,1294693,2023-12-06,2023-12-05,S,scheduled sale,15000,3751248.36,250.0832,0.0607,-15000,24696166,0,plan,,3,0,Common Stock,D,4,0001127602-23-029006,,https://www.sec.gov/Archives/edgar/data/1108524/000112760223029006/form4.xml
CRM,1108524,Marc Benioff,1294693,2023-12-05,2023-12-04,S,scheduled sale,15000,3770691.54,251.3794,0.0607,-15000,24711166,0,plan,,5,0,Common Stock,D,4,0001127602-23-028898,,https://www.sec.gov/Archives/edgar/data/1108524/000112760223028898/form4.xml
CRM,1108524,Marc Benioff,1294693,2023-12-04,2023-12-01,S,scheduled sale,15000,3883808.58,258.9206,0.0606,-15000,24726166,0,plan,,12,0,Common Stock,D,4,0001127602-23-028717,,https://www.sec.gov/Archives/edgar/data/1108524/000112760223028717/form4.xml
CRM,1108524,Marc Benioff,1294693,2023-12-01,2023-11-30,S,scheduled sale,15000,3725396.00,248.3597,0.0606,-15000,24741166,0,plan,,8,0,Common Stock,D,4,0001127602-23-028615,,https://www.sec.gov/Archives/edgar/data/1108524/000112760223028615/form4.xml
CRM,1108524,Marc Benioff,1294693,2023-11-30,2023-11-29,S,scheduled sale,15000,3451911.58,230.1274,0.0606,-15000,24756166,0,plan,,4,0,Common Stock,D,4,0001127602-23-028473,,https://www.sec.gov/Archives/edgar/data/1108524/000112760223028473/form4.xml
CRM,1108524,Marc Benioff,1294693,2023-11-29,2023-11-28,S,scheduled sale,15000,3364970.15,224.3313,0.0605,-15000,24771166,0,plan,,3,0,Common Stock,D,4,0001127602-23-028413,,https://www.sec.gov/Archives/edgar/data/1108524/000112760223028413/form4.xml
CRM,1108524,Marc Benioff,1294693,2023-11-28,2023-11-27,S,scheduled sale,15000,3378374.85,225.2250,0.0605,-15000,24786166,0,plan,,2,0,Common Stock,D,4,0001127602-23-028356,,https://www.sec.gov/Archives/edgar/data/1108524/000112760223028356/form4.xml
CRM,1108524,Marc Benioff,1294693,2023-11-27,2023-11-24,S,scheduled sale,15000,3360282.87,224.0189,0.0604,-15000,24801166,0,plan,,2,0,Common Stock,D,4,0001127602-23-028304,,https://www.sec.gov/Archives/edgar/data/1108524/000112760223028304/form4.xml
CRM,1108524,Marc Benioff,1294693,2023-11-24,2023-11-22,S,scheduled sale,15000,3363433.49,224.2289,0.0604,-15000,24816166,0,plan,,3,0,Common Stock,D,4,0001127602-23-028249,,https://www.sec.gov/Archives/edgar/data/1108524/000112760223028249/form4.xml
CRM,1108524,Marc Benioff,1294693,2023-11-22,2023-11-21,S,scheduled sale,15000,3368984.31,224.5990,0.0604,-15000,24831166,0,plan,,3,0,Common Stock,D,4,0001127602-23-028192,,https://www.sec.gov/Archives/edgar/data/1108524/000112760223028192/form4.xml
CRM,1108524,Marc Benioff,1294693,2023-11-21,2023-11-20,S,scheduled sale,15000,3363079.61,224.2053,0.0603,-15000,24846166,0,plan,,4,0,Common Stock,D,4,0001127602-23-028150,,https://www.sec.gov/Archives/edgar/data/1108524/000112760223028150/form4.xml
CRM,1108524,Marc Benioff,1294693,2023-11-20,2023-11-17,S,scheduled sale,15000,3320255.70,221.3504,0.0603,-15000,24861166,0,plan,,3,0,Common Stock,D,4,0001127602-23-027987,,https://www.sec.gov/Archives/edgar/data/1108524/000112760223027987/form4.xml
CRM,1108524,Marc Benioff,1294693,2023-11-17,2023-11-16,S,scheduled sale,15000,3314035.07,220.9357,0.0603,-15000,24876166,0,plan,,3,0,Common Stock,D,4,0001127602-23-027874,,https://www.sec.gov/Archives/edgar/data/1108524/000112760223027874/form4.xml
CRM,1108524,Marc Benioff,1294693,2023-11-16,2023-11-15,S,scheduled sale,15000,3290700.46,219.3800,0.0602,-15000,24891166,0,plan,,4,0,Common Stock,D,4,0001127602-23-027608,,https://www.sec.gov/Archives/edgar/data/1108524/000112760223027608/form4.xml
CRM,1108524,Marc Benioff,1294693,2023-11-15,2023-11-14,S,scheduled sale,15000,3302520.44,220.1680,0.0602,-15000,24906166,0,plan,,4,0,Common Stock,D,4,0001127602-23-027440,,https://www.sec.gov/Archives/edgar/data/1108524/000112760223027440/form4.xml
CRM,1108524,Marc Benioff,1294693,2023-11-14,2023-11-13,S,scheduled sale,15000,3223105.56,214.8737,0.0602,-15000,24921166,0,plan,,4,0,Common Stock,D,4,0001127602-23-027371,,https://www.sec.gov/Archives/edgar/data/1108524/000112760223027371/form4.xml
CRM,1108524,Marc Benioff,1294693,2023-11-13,2023-11-10,S,scheduled sale,15000,3188508.66,212.5672,0.0601,-15000,24936166,0,plan,,5,0,Common Stock,D,4,0001127602-23-027238,,https://www.sec.gov/Archives/edgar/data/1108524/000112760223027238/form4.xml
CRM,1108524,Marc Benioff,1294693,2023-11-09,2023-11-09,S,scheduled sale,15000,3158788.11,210.5859,0.0601,-30000,24951166,,plan,,4,0,Common Stock,D,4,0001127602-23-027131,,https://www.sec.gov/Archives/edgar/data/1108524/000112760223027131/form4.xml
CRM,1108524,Marc Benioff,1294693,2023-11-09,2023-11-08,S,scheduled sale,15000,3168425.14,211.2283,0.0601,-30000,24951166,0,plan,,3,0,Common Stock,D,4,0001127602-23-027131,,https://www.sec.gov/Archives/edgar/data/1108524/000112760223027131/form4.xml
CRM,1108524,Marc Benioff,1294693,2023-11-08,2023-11-07,S,scheduled sale,15000,3179106.34,211.9404,0.0600,-15000,24981166,0,plan,,4,0,Common Stock,D,4,0001127602-23-027027,,https://www.sec.gov/Archives/edgar/data/1108524/000112760223027027/form4.xml
CRM,1108524,Marc Benioff,1294693,2023-11-07,2023-11-06,S,scheduled sale,15000,3094081.61,206.2721,0.0600,-15000,24996166,0,plan,,4,0,Common Stock,D,4,0001127602-23-026960,,https://www.sec.gov/Archives/edgar/data/1108524/000112760223026960/form4.xml
CRM,1108524,Marc Benioff,1294693,2023-11-06,2023-11-03,S,scheduled sale,15000,3125885.09,208.3923,0.0599,-15000,25011166,0,plan,,3,0,Common Stock,D,4,0001127602-23-026854,,https://www.sec.gov/Archives/edgar/data/1108524/000112760223026854/form4.xml
CRM,1108524,Marc Benioff,1294693,2023-11-03,2023-11-02,S,scheduled sale,15000,3108775.95,207.2517,0.0599,-15000,25026166,0,plan,,2,0,Common Stock,D,4,0001127602-23-026774,,https://www.sec.gov/Archives/edgar/data/1108524/000112760223026774/form4.xml
CRM,1108524,Marc Benioff,1294693,2023-11-02,2023-11-01,S,scheduled sale,15000,3044287.88,202.9525,0.0599,-15000,25041166,0,plan,,4,0,Common Stock,D,4,0001127602-23-026651,,https://www.sec.gov/Archives/edgar/data/1108524/000112760223026651/form4.xml
CRM,1108524,Marc Benioff,1294693,2023-11-01,2023-10-31,S,scheduled sale,15000,3012959.25,200.8639,0.0598,-15000,25056166,0,plan,,3,0,Common Stock,D,4,0001127602-23-026483,,https://www.sec.gov/Archives/edgar/data/1108524/000112760223026483/form4.xml
CRM,1108524,Marc Benioff,1294693,2023-10-31,2023-10-30,S,scheduled sale,15000,2985188.13,199.0125,0.0598,-15000,25071166,0,plan,,4,0,Common Stock,D,4,0001127602-23-026409,,https://www.sec.gov/Archives/edgar/data/1108524/000112760223026409/form4.xml
CRM,1108524,Marc Benioff,1294693,2023-10-30,2023-10-27,S,scheduled sale,15000,2949618.69,196.6412,0.0598,-15000,25086166,0,plan,,3,0,Common Stock,D,4,0001127602-23-026364,,https://www.sec.gov/Archives/edgar/data/1108524/000112760223026364/form4.xml
CRM,1108524,Marc Benioff,1294693,2023-10-27,2023-10-26,S,scheduled sale,15000,2945364.15,196.3576,0.0597,-15000,25101166,0,plan,,6,0,Common Stock,D,4,0001127602-23-026327,,https://www.sec.gov/Archives/edgar/data/1108524/000112760223026327/form4.xml
CRM,1108524,Marc Benioff,1294693,2023-10-26,2023-10-25,S,scheduled sale,15000,2974610.15,198.3073,0.0597,-15000,25116166,0,plan,,7,0,Common Stock,D,4,0001127602-23-026273,,https://www.sec.gov/Archives/edgar/data/1108524/000112760223026273/form4.xml
CRM,1108524,Marc Benioff,1294693,2023-10-25,2023-10-24,S,scheduled sale,15000,3046901.36,203.1268,0.0597,-15000,25131166,0,plan,,4,0,Common Stock,D,4,0001127602-23-026233,,https://www.sec.gov/Archives/edgar/data/1108524/000112760223026233/form4.xml
CRM,1108524,Marc Benioff,1294693,2023-10-24,2023-10-23,S,scheduled sale,15000,3025211.51,201.6808,0.0596,-15000,25146166,0,plan,,6,0,Common Stock,D,4,0001127602-23-026194,,https://www.sec.gov/Archives/edgar/data/1108524/000112760223026194/form4.xml
CRM,1108524,Marc Benioff,1294693,2023-10-23,2023-10-20,S,scheduled sale,15000,3068238.55,204.5492,0.0596,-15000,25161166,0,plan,,6,0,Common Stock,D,4,0001127602-23-026156,,https://www.sec.gov/Archives/edgar/data/1108524/000112760223026156/form4.xml
CRM,1108524,Marc Benioff,1294693,2023-10-20,2023-10-19,S,scheduled sale,15000,3130582.03,208.7055,0.0595,-15000,25176166,0,plan,,5,0,Common Stock,D,4,0001127602-23-026114,,https://www.sec.gov/Archives/edgar/data/1108524/000112760223026114/form4.xml
CRM,1108524,Marc Benioff,1294693,2023-10-19,2023-10-18,S,scheduled sale,15000,3088528.74,205.9019,0.0595,-15000,25191166,0,plan,,5,0,Common Stock,D,4,0001127602-23-026093,,https://www.sec.gov/Archives/edgar/data/1108524/000112760223026093/form4.xml
CRM,1108524,Marc Benioff,1294693,2023-10-18,2023-10-17,S,scheduled sale,15000,3148895.05,209.9263,0.0595,-15000,25206166,0,plan,,6,0,Common Stock,D,4,0001127602-23-026069,,https://www.sec.gov/Archives/edgar/data/1108524/000112760223026069/form4.xml
CRM,1108524,Marc Benioff,1294693,2023-10-17,2023-10-16,S,scheduled sale,15000,3125336.14,208.3557,0.0594,-15000,25221166,0,plan,,4,0,Common Stock,D,4,0001127602-23-026001,,https://www.sec.gov/Archives/edgar/data/1108524/000112760223026001/form4.xml
CRM,1108524,Marc Benioff,1294693,2023-10-16,2023-10-13,S,scheduled sale,15000,3075500.53,205.0334,0.0594,-15000,25236166,0,plan,,4,0,Common Stock,D,4,0001127602-23-025890,,https://www.sec.gov/Archives/edgar/data/1108524/000112760223025890/form4.xml
CRM,1108524,Marc Benioff,1294693,2023-10-13,2023-10-12,S,scheduled sale,15000,3094937.62,206.3292,0.0594,-15000,25251166,0,plan,,5,0,Common Stock,D,4,0001127602-23-025846,,https://www.sec.gov/Archives/edgar/data/1108524/000112760223025846/form4.xml
CRM,1108524,Marc Benioff,1294693,2023-10-12,2023-10-11,S,scheduled sale,15000,3097653.46,206.5102,0.0593,-15000,25266166,0,plan,,5,0,Common Stock,D,4,0001127602-23-025805,,https://www.sec.gov/Archives/edgar/data/1108524/000112760223025805/form4.xml
CRM,1108524,Marc Benioff,1294693,2023-10-11,2023-10-10,S,scheduled sale,15000,3115618.24,207.7079,0.0593,-15000,25281166,0,plan,,3,0,Common Stock,D,4,0001127602-23-025777,,https://www.sec.gov/Archives/edgar/data/1108524/000112760223025777/form4.xml
CRM,1108524,Marc Benioff,1294693,2023-10-10,2023-10-09,S,scheduled sale,15000,3100383.25,206.6922,0.0593,-15000,25296166,0,plan,,4,0,Common Stock,D,4,0001127602-23-025728,,https://www.sec.gov/Archives/edgar/data/1108524/000112760223025728/form4.xml
CRM,1108524,Marc Benioff,1294693,2023-10-10,2023-10-06,S,scheduled sale,15000,3088174.38,205.8783,0.0592,-15000,25311166,0,plan,,8,0,Common Stock,D,4,0001127602-23-025710,,https://www.sec.gov/Archives/edgar/data/1108524/000112760223025710/form4.xml
CRM,1108524,Marc Benioff,1294693,2023-10-06,2023-10-05,S,scheduled sale,15000,3008388.54,200.5592,0.0592,-15000,25326166,0,plan,,4,0,Common Stock,D,4,0001127602-23-025678,,https://www.sec.gov/Archives/edgar/data/1108524/000112760223025678/form4.xml
CRM,1108524,Marc Benioff,1294693,2023-10-05,2023-10-04,S,scheduled sale,15000,3023081.52,201.5388,0.0592,-15000,25341166,0,plan,,3,0,Common Stock,D,4,0001127602-23-025636,,https://www.sec.gov/Archives/edgar/data/1108524/000112760223025636/form4.xml
CRM,1108524,Marc Benioff,1294693,2023-10-04,2023-10-03,S,scheduled sale,15000,2998701.95,199.9135,0.0591,-15000,25356166,0,plan,,6,0,Common Stock,D,4,0001127602-23-025506,,https://www.sec.gov/Archives/edgar/data/1108524/000112760223025506/form4.xml
CRM,1108524,Marc Benioff,1294693,2023-10-03,2023-10-02,S,scheduled sale,15000,3042108.80,202.8073,0.0591,-15000,25371166,0,plan,,5,0,Common Stock,D,4,0001127602-23-025191,,https://www.sec.gov/Archives/edgar/data/1108524/000112760223025191/form4.xml
CRM,1108524,Marc Benioff,1294693,2023-10-02,2023-09-29,S,scheduled sale,15000,3063384.46,204.2256,0.0591,-15000,25386166,0,plan,,6,0,Common Stock,D,4,0001127602-23-025013,,https://www.sec.gov/Archives/edgar/data/1108524/000112760223025013/form4.xml
CRM,1108524,Marc Benioff,1294693,2023-09-29,2023-09-28,S,scheduled sale,15000,3043485.12,202.8990,0.0590,-15000,25401166,0,plan,,6,0,Common Stock,D,4,0001127602-23-024890,,https://www.sec.gov/Archives/edgar/data/1108524/000112760223024890/form4.xml
CRM,1108524,Marc Benioff,1294693,2023-09-28,2023-09-27,S,scheduled sale,15000,3037972.34,202.5315,0.0590,-15000,25416166,0,plan,,3,0,Common Stock,D,4,0001127602-23-024833,,https://www.sec.gov/Archives/edgar/data/1108524/000112760223024833/form4.xml
CRM,1108524,Marc Benioff,1294693,2023-09-27,2023-09-26,S,scheduled sale,15000,3047757.19,203.1838,0.0589,-265000,25431166,0,plan,G,5,0,Common Stock,D,4,0001127602-23-024802,,https://www.sec.gov/Archives/edgar/data/1108524/000112760223024802/form4.xml
CRM,1108524,Marc Benioff,1294693,2023-09-26,2023-09-25,S,scheduled sale,15000,3083584.58,205.5723,0.0583,-15000,25696166,0,plan,,3,0,Common Stock,D,4,0001127602-23-024755,,https://www.sec.gov/Archives/edgar/data/1108524/000112760223024755/form4.xml
CRM,1108524,Marc Benioff,1294693,2023-09-25,2023-09-22,S,scheduled sale,15000,3114444.73,207.6296,0.0583,-15000,25711166,0,plan,,4,0,Common Stock,D,4,0001127602-23-024731,,https://www.sec.gov/Archives/edgar/data/1108524/000112760223024731/form4.xml
CRM,1108524,Marc Benioff,1294693,2023-09-22,2023-09-21,S,scheduled sale,15000,3138593.63,209.2396,0.0583,-15000,25726166,0,plan,,4,0,Common Stock,D,4,0001127602-23-024655,,https://www.sec.gov/Archives/edgar/data/1108524/000112760223024655/form4.xml
CRM,1108524,Marc Benioff,1294693,2023-09-21,2023-09-20,S,scheduled sale,15000,3221540.82,214.7694,0.0582,-15000,25741166,0,plan,,4,0,Common Stock,D,4,0001127602-23-024593,,https://www.sec.gov/Archives/edgar/data/1108524/000112760223024593/form4.xml
CRM,1108524,Marc Benioff,1294693,2023-09-20,2023-09-19,S,scheduled sale,15000,3217855.51,214.5237,0.0582,-15000,25756166,0,plan,,4,0,Common Stock,D,4,0001127602-23-024529,,https://www.sec.gov/Archives/edgar/data/1108524/000112760223024529/form4.xml
CRM,1108524,Marc Benioff,1294693,2023-09-19,2023-09-18,S,scheduled sale,15000,3225703.43,215.0469,0.0582,-15000,25771166,0,plan,,3,0,Common Stock,D,4,0001127602-23-024444,,https://www.sec.gov/Archives/edgar/data/1108524/000112760223024444/form4.xml
CRM,1108524,Marc Benioff,1294693,2023-09-18,2023-09-15,S,scheduled sale,15000,3233099.10,215.5399,0.0581,-15000,25786166,0,plan,,5,0,Common Stock,D,4,0001127602-23-024311,,https://www.sec.gov/Archives/edgar/data/1108524/000112760223024311/form4.xml
CRM,1108524,Marc Benioff,1294693,2023-09-15,2023-09-14,S,scheduled sale,15000,3289299.83,219.2867,0.0581,-15000,25801166,0,plan,,2,0,Common Stock,D,4,0001127602-23-024229,,https://www.sec.gov/Archives/edgar/data/1108524/000112760223024229/form4.xml
CRM,1108524,Marc Benioff,1294693,2023-09-14,2023-09-13,S,scheduled sale,15000,3295580.68,219.7054,0.0581,-15000,25816166,0,plan,,4,0,Common Stock,D,4,0001127602-23-024190,,https://www.sec.gov/Archives/edgar/data/1108524/000112760223024190/form4.xml
CRM,1108524,Marc Benioff,1294693,2023-09-13,2023-09-12,S,scheduled sale,15000,3343391.72,222.8928,0.0580,-15000,25831166,0,plan,,4,0,Common Stock,D,4,0001127602-23-024073,,https://www.sec.gov/Archives/edgar/data/1108524/000112760223024073/form4.xml
CRM,1108524,Marc Benioff,1294693,2023-09-12,2023-09-11,S,scheduled sale,15000,3372080.35,224.8054,0.0580,-15000,25846166,0,plan,,4,0,Common Stock,D,4,0001127602-23-024009,,https://www.sec.gov/Archives/edgar/data/1108524/000112760223024009/form4.xml
CRM,1108524,Marc Benioff,1294693,2023-09-11,2023-09-08,S,scheduled sale,15000,3363426.62,224.2284,0.0580,-15000,25861166,0,plan,,3,0,Common Stock,D,4,0001127602-23-023966,,https://www.sec.gov/Archives/edgar/data/1108524/000112760223023966/form4.xml
CRM,1108524,Marc Benioff,1294693,2023-09-08,2023-09-07,S,scheduled sale,15000,3325507.83,221.7005,0.0579,-15000,25876166,0,plan,,3,0,Common Stock,D,4,0001127602-23-023913,,https://www.sec.gov/Archives/edgar/data/1108524/000112760223023913/form4.xml
CRM,1108524,Marc Benioff,1294693,2023-09-07,2023-09-06,S,scheduled sale,15000,3314479.01,220.9653,0.0579,-15000,25891166,0,plan,,3,0,Common Stock,D,4,0001127602-23-023858,,https://www.sec.gov/Archives/edgar/data/1108524/000112760223023858/form4.xml
CRM,1108524,Marc Benioff,1294693,2023-09-06,2023-09-05,S,scheduled sale,15000,3286184.09,219.0789,0.0579,-15000,25906166,0,plan,,2,0,Common Stock,D,4,0001127602-23-023804,,https://www.sec.gov/Archives/edgar/data/1108524/000112760223023804/form4.xml
CRM,1108524,Marc Benioff,1294693,2023-09-05,2023-09-01,S,scheduled sale,15000,3326685.06,221.7790,0.0578,-15000,25921166,0,plan,,3,0,Common Stock,D,4,0001127602-23-023688,,https://www.sec.gov/Archives/edgar/data/1108524/000112760223023688/form4.xml
CRM,1108524,Marc Benioff,1294693,2023-09-01,2023-08-31,S,scheduled sale,15000,3351973.85,223.4649,0.0578,-15000,25936166,0,plan,,7,0,Common Stock,D,4,0001127602-23-023595,,https://www.sec.gov/Archives/edgar/data/1108524/000112760223023595/form4.xml
CRM,1108524,Marc Benioff,1294693,2023-08-31,2023-08-30,S,scheduled sale,15000,3205962.61,213.7308,0.0578,-15000,25951166,0,plan,,5,0,Common Stock,D,4,0001127602-23-023489,,https://www.sec.gov/Archives/edgar/data/1108524/000112760223023489/form4.xml
CRM,1108524,Marc Benioff,1294693,2023-08-30,2023-08-29,S,scheduled sale,15000,3161784.60,210.7856,0.0577,-15000,25966166,0,plan,,6,0,Common Stock,D,4,0001127602-23-023423,,https://www.sec.gov/Archives/edgar/data/1108524/000112760223023423/form4.xml
CRM,1108524,Marc Benioff,1294693,2023-08-29,2023-08-28,S,scheduled sale,15000,3166576.29,211.1051,0.0577,-15000,25981166,0,plan,,4,0,Common Stock,D,4,0001127602-23-023379,,https://www.sec.gov/Archives/edgar/data/1108524/000112760223023379/form4.xml
CRM,1108524,Marc Benioff,1294693,2023-08-28,2023-08-25,S,scheduled sale,15000,3129513.24,208.6342,0.0577,-15000,25996166,0,plan,,6,0,Common Stock,D,4,0001127602-23-023288,,https://www.sec.gov/Archives/edgar/data/1108524/000112760223023288/form4.xml
CRM,1108524,Marc Benioff,1294693,2023-08-25,2023-08-24,S,scheduled sale,15000,3109391.54,207.2928,0.0576,-15000,26011166,0,plan,,6,0,Common Stock,D,4,0001127602-23-023250,,https://www.sec.gov/Archives/edgar/data/1108524/000112760223023250/form4.xml
CRM,1108524,Marc Benioff,1294693,2023-08-24,2023-08-23,S,scheduled sale,15000,3143266.09,209.5511,0.0576,-15000,26026166,0,plan,,4,0,Common Stock,D,4,0001127602-23-023177,,https://www.sec.gov/Archives/edgar/data/1108524/000112760223023177/form4.xml
CRM,1108524,Marc Benioff,1294693,2023-08-23,2023-08-22,S,scheduled sale,15000,3114687.11,207.6458,0.0576,-15000,26041166,0,plan,,4,0,Common Stock,D,4,0001127602-23-023125,,https://www.sec.gov/Archives/edgar/data/1108524/000112760223023125/form4.xml
CRM,1108524,Marc Benioff,1294693,2023-08-22,2023-08-21,S,scheduled sale,15000,3107249.37,207.1500,0.0575,-15000,26056166,0,plan,,5,0,Common Stock,D,4,0001127602-23-023085,,https://www.sec.gov/Archives/edgar/data/1108524/000112760223023085/form4.xml
CRM,1108524,Marc Benioff,1294693,2023-08-21,2023-08-18,S,scheduled sale,15000,3060012.45,204.0008,0.0575,-15000,26071166,0,plan,,5,0,Common Stock,D,4,0001127602-23-023021,,https://www.sec.gov/Archives/edgar/data/1108524/000112760223023021/form4.xml
CRM,1108524,Marc Benioff,1294693,2023-08-18,2023-08-17,S,scheduled sale,15000,3076806.56,205.1204,0.0575,-15000,26086166,0,plan,,4,0,Common Stock,D,4,0001127602-23-022968,,https://www.sec.gov/Archives/edgar/data/1108524/000112760223022968/form4.xml
CRM,1108524,Marc Benioff,1294693,2023-08-17,2023-08-16,S,scheduled sale,15000,3123393.95,208.2263,0.0574,-15000,26101166,0,plan,,3,0,Common Stock,D,4,0001127602-23-022808,,https://www.sec.gov/Archives/edgar/data/1108524/000112760223022808/form4.xml
CRM,1108524,Marc Benioff,1294693,2023-08-16,2023-08-15,S,scheduled sale,15000,3145217.61,209.6812,0.0574,-15000,26116166,0,plan,,5,0,Common Stock,D,4,0001127602-23-022726,,https://www.sec.gov/Archives/edgar/data/1108524/000112760223022726/form4.xml
CRM,1108524,Marc Benioff,1294693,2023-08-15,2023-08-14,S,scheduled sale,15000,3156480.50,210.4320,0.0574,-15000,26131166,0,plan,,5,0,Common Stock,D,4,0001127602-23-022563,,https://www.sec.gov/Archives/edgar/data/1108524/000112760223022563/form4.xml
CRM,1108524,Marc Benioff,1294693,2023-08-14,2023-08-11,S,scheduled sale,15000,3124943.74,208.3296,0.0573,-15000,26146166,0,plan,,4,0,Common Stock,D,4,0001127602-23-022491,,https://www.sec.gov/Archives/edgar/data/1108524/000112760223022491/form4.xml
CRM,1108524,Marc Benioff,1294693,2023-08-11,2023-08-10,S,scheduled sale,15000,3121284.55,208.0856,0.0573,-15000,26161166,0,plan,,4,0,Common Stock,D,4,0001127602-23-022381,,https://www.sec.gov/Archives/edgar/data/1108524/000112760223022381/form4.xml
CRM,1108524,Marc Benioff,1294693,2023-08-10,2023-08-09,S,scheduled sale,15000,3111361.37,207.4241,0.0573,-15000,26176166,0,plan,,7,0,Common Stock,D,4,0001127602-23-022298,,https://www.sec.gov/Archives/edgar/data/1108524/000112760223022298/form4.xml
CRM,1108524,Marc Benioff,1294693,2023-08-09,2023-08-08,S,scheduled sale,15000,3182177.87,212.1452,0.0572,-15000,26191166,0,plan,,3,0,Common Stock,D,4,0001127602-23-022241,,https://www.sec.gov/Archives/edgar/data/1108524/000112760223022241/form4.xml
CRM,1108524,Marc Benioff,1294693,2023-08-08,2023-08-07,S,scheduled sale,15000,3235243.42,215.6829,0.0572,-15000,26206166,0,plan,,3,0,Common Stock,D,4,0001127602-23-022204,,https://www.sec.gov/Archives/edgar/data/1108524/000112760223022204/form4.xml
CRM,1108524,Marc Benioff,1294693,2023-08-07,2023-08-04,S,scheduled sale,15000,3227215.17,215.1477,0.0572,-15000,26221166,0,plan,,4,0,Common Stock,D,4,0001127602-23-022135,,https://www.sec.gov/Archives/edgar/data/1108524/000112760223022135/form4.xml
CRM,1108524,Marc Benioff,1294693,2023-08-04,2023-08-03,S,scheduled sale,15000,3241771.00,216.1181,0.0571,-15000,26236166,0,plan,,4,0,Common Stock,D,4,0001127602-23-022028,,https://www.sec.gov/Archives/edgar/data/1108524/000112760223022028/form4.xml
CRM,1108524,Marc Benioff,1294693,2023-08-03,2023-08-02,S,scheduled sale,15000,3310910.72,220.7274,0.0571,-15000,26251166,0,plan,,4,0,Common Stock,D,4,0001127602-23-021949,,https://www.sec.gov/Archives/edgar/data/1108524/000112760223021949/form4.xml
CRM,1108524,Marc Benioff,1294693,2023-08-02,2023-08-01,S,scheduled sale,15000,3357668.94,223.8446,0.0571,-15000,26266166,0,plan,,3,0,Common Stock,D,4,0001127602-23-021835,,https://www.sec.gov/Archives/edgar/data/1108524/000112760223021835/form4.xml
CRM,1108524,Marc Benioff,1294693,2023-08-01,2023-07-31,S,scheduled sale,15000,3361756.27,224.1171,0.0570,-15000,26281166,0,plan,,4,0,Common Stock,D,4,0001127602-23-021688,,https://www.sec.gov/Archives/edgar/data/1108524/000112760223021688/form4.xml
CRM,1108524,Marc Benioff,1294693,2023-07-31,2023-07-28,S,scheduled sale,15000,3380348.57,225.3566,0.0570,-15000,26296166,0,plan,,3,0,Common Stock,D,4,0001127602-23-021573,,https://www.sec.gov/Archives/edgar/data/1108524/000112760223021573/form4.xml
CRM,1108524,Marc Benioff,1294693,2023-07-28,2023-07-27,S,scheduled sale,15000,3416384.50,227.7590,0.0570,-15000,26311166,0,plan,,6,0,Common Stock,D,4,0001127602-23-021534,,https://www.sec.gov/Archives/edgar/data/1108524/000112760223021534/form4.xml
CRM,1108524,Marc Benioff,1294693,2023-07-27,2023-07-26,S,scheduled sale,15000,3371506.92,224.7671,0.0569,-15000,26326166,0,plan,,5,0,Common Stock,D,4,0001127602-23-021425,,https://www.sec.gov/Archives/edgar/data/1108524/000112760223021425/form4.xml
CRM,1108524,Marc Benioff,1294693,2023-07-26,2023-07-25,S,scheduled sale,15000,3396639.00,226.4426,0.0569,-15000,26341166,0,plan,,3,0,Common Stock,D,4,0001127602-23-021336,,https://www.sec.gov/Archives/edgar/data/1108524/000112760223021336/form4.xml
CRM,1108524,Marc Benioff,1294693,2023-07-25,2023-07-24,S,scheduled sale,15000,3375659.89,225.0440,0.0569,-15000,26356166,0,plan,,4,0,Common Stock,D,4,0001127602-23-021240,,https://www.sec.gov/Archives/edgar/data/1108524/000112760223021240/form4.xml
CRM,1108524,Marc Benioff,1294693,2023-07-24,2023-07-21,S,scheduled sale,15000,3425882.82,228.3922,0.0568,-15000,26371166,0,plan,,3,0,Common Stock,D,4,0001127602-23-021187,,https://www.sec.gov/Archives/edgar/data/1108524/000112760223021187/form4.xml
CRM,1108524,Marc Benioff,1294693,2023-07-21,2023-07-20,S,scheduled sale,15000,3447451.03,229.8301,0.0568,-15000,26386166,0,plan,,6,0,Common Stock,D,4,0001127602-23-021160,,https://www.sec.gov/Archives/edgar/data/1108524/000112760223021160/form4.xml
CRM,1108524,Marc Benioff,1294693,2023-07-20,2023-07-19,S,scheduled sale,15000,3520699.96,234.7133,0.0568,-15000,26401166,0,plan,,6,0,Common Stock,D,4,0001127602-23-021090,,https://www.sec.gov/Archives/edgar/data/1108524/000112760223021090/form4.xml
CRM,1108524,Marc Benioff,1294693,2023-07-19,2023-07-18,S,scheduled sale,15000,3411844.70,227.4563,0.0568,-15000,26416166,0,plan,,4,0,Common Stock,D,4,0001127602-23-021007,,https://www.sec.gov/Archives/edgar/data/1108524/000112760223021007/form4.xml
CRM,1108524,Marc Benioff,1294693,2023-07-18,2023-07-17,S,scheduled sale,15000,3432889.30,228.8593,0.0567,-15000,26431166,0,plan,,3,0,Common Stock,D,4,0001127602-23-020954,,https://www.sec.gov/Archives/edgar/data/1108524/000112760223020954/form4.xml
CRM,1108524,Marc Benioff,1294693,2023-07-17,2023-07-14,S,scheduled sale,15000,3447065.79,229.8044,0.0567,-15000,26446166,0,plan,,4,0,Common Stock,D,4,0001127602-23-020836,,https://www.sec.gov/Archives/edgar/data/1108524/000112760223020836/form4.xml
CRM,1108524,Marc Benioff,1294693,2023-07-14,2023-07-13,S,scheduled sale,15000,3446744.39,229.7830,0.0567,-12443,26461166,0,plan,M,6,0,Common Stock,D,4,0001127602-23-020729,,https://www.sec.gov/Archives/edgar/data/1108524/000112760223020729/form4.xml
CRM,1108524,Marc Benioff,1294693,2023-07-13,2023-07-12,S,exercise and sell,15000,3372981.71,224.8654,,0,26473609,0,plan,M,6,0,Common Stock,D,4,0001127602-23-020675,,https://www.sec.gov/Archives/edgar/data/1108524/000112760223020675/form4.xml
CRM,1108524,Marc Benioff,1294693,2023-07-12,2023-07-11,S,exercise and sell,15000,3299185.55,219.9457,,0,26473609,0,plan,M,5,0,Common Stock,D,4,0001127602-23-020620,,https://www.sec.gov/Archives/edgar/data/1108524/000112760223020620/form4.xml
CRM,1108524,Marc Benioff,1294693,2023-07-11,2023-07-10,S,exercise and sell,15000,3168577.92,211.2385,,0,26473609,0,plan,M,5,0,Common Stock,D,4,0001127602-23-020566,,https://www.sec.gov/Archives/edgar/data/1108524/000112760223020566/form4.xml
CRM,1108524,Marc Benioff,1294693,2023-07-10,2023-07-07,S,exercise and sell,15000,3160667.72,210.7112,,0,26473609,0,plan,M,3,0,Common Stock,D,4,0001127602-23-020533,,https://www.sec.gov/Archives/edgar/data/1108524/000112760223020533/form4.xml
CRM,1108524,Marc Benioff,1294693,2023-07-07,2023-07-06,S,exercise and sell,15000,3141820.02,209.4547,,0,26473609,0,plan,M,4,0,Common Stock,D,4,0001127602-23-020460,,https://www.sec.gov/Archives/edgar/data/1108524/000112760223020460/form4.xml
CRM,1108524,Marc Benioff,1294693,2023-07-06,2023-07-05,S,exercise and sell,15000,3199762.36,213.3175,,0,26473609,0,plan,M,5,0,Common Stock,D,4,0001127602-23-020400,,https://www.sec.gov/Archives/edgar/data/1108524/000112760223020400/form4.xml
CRM,1108524,Marc Benioff,1294693,2023-07-05,2023-07-03,S,exercise and sell,15000,3164316.34,210.9544,,0,26473609,0,plan,M,2,0,Common Stock,D,4,0001127602-23-020076,,https://www.sec.gov/Archives/edgar/data/1108524/000112760223020076/form4.xml
CRM,1108524,Marc Benioff,1294693,2023-06-16,2023-06-14,S,discretionary sale,500000,104571954.17,209.1439,1.8402,-500000,26671609,0,discretionary,,7,0,Common Stock,D,4,0001127602-23-018902,,https://www.sec.gov/Archives/edgar/data/1108524/000112760223018902/form4.xml
CRM,1108524,Marc Benioff,1294693,2023-03-30,2023-03-29,S,exercise and sell,725,141545.67,195.2354,,0,27671609,0,discretionary,M,4,0,Common Stock,D,4,0001127602-23-011656,,https://www.sec.gov/Archives/edgar/data/1108524/000112760223011656/form4.xml
CRM,1108524,Marc Benioff,1294693,2023-03-29,2023-03-28,S,exercise and sell,725,139251.82,192.0715,,0,27671609,0,discretionary,M,2,0,Common Stock,D,4,0001127602-23-011609,,https://www.sec.gov/Archives/edgar/data/1108524/000112760223011609/form4.xml
CRM,1108524,Marc Benioff,1294693,2023-03-28,2023-03-27,S,exercise and sell,725,138303.06,190.7628,,0,27671609,0,discretionary,M,3,0,Common Stock,D,4,0001127602-23-011516,,https://www.sec.gov/Archives/edgar/data/1108524/000112760223011516/form4.xml
CRM,1108524,Marc Benioff,1294693,2023-03-27,2023-03-24,S,exercise and sell,725,136443.10,188.1974,,0,27671609,0,discretionary,M,4,0,Common Stock,D,4,0001127602-23-011415,,https://www.sec.gov/Archives/edgar/data/1108524/000112760223011415/form4.xml
CRM,1108524,Marc Benioff,1294693,2023-03-24,2023-03-23,S,exercise and sell,725,136081.79,187.6990,,0,27671609,,discretionary,M,4,0,Common Stock,D,4,0001127602-23-011336,,https://www.sec.gov/Archives/edgar/data/1108524/000112760223011336/form4.xml
CRM,1108524,Marc Benioff,1294693,2023-03-23,2023-03-22,S,exercise and sell,725,137044.07,189.0263,,0,27671609,0,discretionary,M,5,0,Common Stock,D,4,0001127602-23-011225,,https://www.sec.gov/Archives/edgar/data/1108524/000112760223011225/form4.xml
CRM,1108524,Marc Benioff,1294693,2023-03-22,2023-03-21,S,discretionary sale,725,135498.89,186.8950,0.0026,-82000,27671609,0,discretionary,GM,4,0,Common Stock,D,4,0001127602-23-011060,,https://www.sec.gov/Archives/edgar/data/1108524/000112760223011060/form4.xml
CRM,1108524,Marc Benioff,1294693,2023-03-21,2023-03-20,S,exercise and sell,725,133630.01,184.3173,,0,27753609,0,discretionary,M,3,0,Common Stock,D,4,0001127602-23-010960,,https://www.sec.gov/Archives/edgar/data/1108524/000112760223010960/form4.xml
CRM,1108524,Marc Benioff,1294693,2023-03-20,2023-03-17,S,exercise and sell,725,134480.06,185.4897,,0,27753609,0,discretionary,M,3,0,Common Stock,D,4,0001127602-23-010933,,https://www.sec.gov/Archives/edgar/data/1108524/000112760223010933/form4.xml
CRM,1108524,Marc Benioff,1294693,2023-03-17,2023-03-16,S,exercise and sell,725,134837.22,185.9824,,0,27753609,0,unknown,M,4,0,Common Stock,D,4,0001127602-23-010750,,https://www.sec.gov/Archives/edgar/data/1108524/000112760223010750/form4.xml
CRM,1108524,Marc Benioff,1294693,2023-03-16,2023-03-15,S,exercise and sell,725,131431.34,181.2846,,0,27753609,0,unknown,M,4,0,Common Stock,D,4,0001127602-23-010481,,https://www.sec.gov/Archives/edgar/data/1108524/000112760223010481/form4.xml
CRM,1108524,Marc Benioff,1294693,2023-03-15,2023-03-14,S,exercise and sell,725,132177.95,182.3144,,0,27753609,0,unknown,M,5,0,Common Stock,D,4,0001127602-23-010343,,https://www.sec.gov/Archives/edgar/data/1108524/000112760223010343/form4.xml
CRM,1108524,Marc Benioff,1294693,2023-03-14,2023-03-13,S,exercise and sell,725,126451.43,174.4158,,0,27753609,0,unknown,M,5,0,Common Stock,D,4,0001127602-23-010091,,https://www.sec.gov/Archives/edgar/data/1108524/000112760223010091/form4.xml
CRM,1108524,Marc Benioff,1294693,2023-03-13,2023-03-10,S,exercise and sell,725,127495.48,175.8558,,0,27753609,0,unknown,M,7,0,Common Stock,D,4,0001127602-23-009887,,https://www.sec.gov/Archives/edgar/data/1108524/000112760223009887/form4.xml
CRM,1108524,Marc Benioff,1294693,2023-03-10,2023-03-09,S,exercise and sell,725,131865.23,181.8831,,0,27753609,0,unknown,M,5,0,Common Stock,D,4,0001127602-23-009789,,https://www.sec.gov/Archives/edgar/data/1108524/000112760223009789/form4.xml
CRM,1108524,Marc Benioff,1294693,2023-03-09,2023-03-08,S,exercise and sell,725,132809.69,183.1858,,0,27753609,0,unknown,M,2,0,Common Stock,D,4,0001127602-23-009677,,https://www.sec.gov/Archives/edgar/data/1108524/000112760223009677/form4.xml
CRM,1108524,Marc Benioff,1294693,2023-03-08,2023-03-07,S,exercise and sell,725,133482.14,184.1133,,0,27753609,0,unknown,M,3,0,Common Stock,D,4,0001127602-23-009487,,https://www.sec.gov/Archives/edgar/data/1108524/000112760223009487/form4.xml
CRM,1108524,Marc Benioff,1294693,2023-03-07,2023-03-06,S,exercise and sell,725,135297.59,186.6174,,0,27753609,0,unknown,M,5,0,Common Stock,D,4,0001127602-23-009347,,https://www.sec.gov/Archives/edgar/data/1108524/000112760223009347/form4.xml
CRM,1108524,Marc Benioff,1294693,2023-03-06,2023-03-03,S,exercise and sell,725,135419.06,186.7849,,0,27753609,0,unknown,M,4,0,Common Stock,D,4,0001127602-23-009101,,https://www.sec.gov/Archives/edgar/data/1108524/000112760223009101/form4.xml
CRM,1108524,Marc Benioff,1294693,2023-03-03,2023-03-02,S,exercise and sell,725,136374.28,188.1025,,0,27753609,0,unknown,M,7,0,Common Stock,D,4,0001127602-23-008869,,https://www.sec.gov/Archives/edgar/data/1108524/000112760223008869/form4.xml
CRM,1108524,Marc Benioff,1294693,2023-03-02,2023-03-01,S,exercise and sell,725,120069.67,165.6133,,0,27753609,0,unknown,M,5,0,Common Stock,D,4,0001127602-23-008341,,https://www.sec.gov/Archives/edgar/data/1108524/000112760223008341/form4.xml
CRM,1108524,Marc Benioff,1294693,2023-03-01,2023-02-28,S,exercise and sell,725,118473.06,163.4111,,0,27753609,0,unknown,M,3,0,Common Stock,D,4,0001127602-23-007873,,https://www.sec.gov/Archives/edgar/data/1108524/000112760223007873/form4.xml
CRM,1108524,Marc Benioff,1294693,2023-02-28,2023-02-27,S,exercise and sell,725,118225.73,163.0700,,0,27753609,0,unknown,M,2,0,Common Stock,D,4,0001127602-23-007591,,https://www.sec.gov/Archives/edgar/data/1108524/000112760223007591/form4.xml
CRM,1108524,Marc Benioff,1294693,2023-02-27,2023-02-24,S,exercise and sell,725,116707.64,160.9761,,0,27753609,0,unknown,M,3,0,Common Stock,D,4,0001127602-23-007367,,https://www.sec.gov/Archives/edgar/data/1108524/000112760223007367/form4.xml
CRM,1108524,Marc Benioff,1294693,2023-02-24,2023-02-23,S,exercise and sell,725,118331.85,163.2163,,0,27753609,0,unknown,M,4,0,Common Stock,D,4,0001127602-23-007044,,https://www.sec.gov/Archives/edgar/data/1108524/000112760223007044/form4.xml
CRM,1108524,Marc Benioff,1294693,2023-02-23,2023-02-22,S,exercise and sell,725,118416.15,163.3326,,0,27753609,0,unknown,M,2,0,Common Stock,D,4,0001127602-23-006870,,https://www.sec.gov/Archives/edgar/data/1108524/000112760223006870/form4.xml
CRM,1108524,Marc Benioff,1294693,2023-02-22,2023-02-21,S,exercise and sell,725,118039.77,162.8135,,0,27753609,0,unknown,M,3,0,Common Stock,D,4,0001127602-23-006510,,https://www.sec.gov/Archives/edgar/data/1108524/000112760223006510/form4.xml
CRM,1108524,Marc Benioff,1294693,2023-02-21,2023-02-17,S,exercise and sell,725,119292.41,164.5412,,0,27753609,0,unknown,M,4,0,Common Stock,D,4,0001127602-23-006191,,https://www.sec.gov/Archives/edgar/data/1108524/000112760223006191/form4.xml
CRM,1108524,Marc Benioff,1294693,2023-02-17,2023-02-16,S,exercise and sell,725,122721.73,169.2714,,0,27753609,0,unknown,M,3,0,Common Stock,D,4,0001127602-23-005840,,https://www.sec.gov/Archives/edgar/data/1108524/000112760223005840/form4.xml
CRM,1108524,Marc Benioff,1294693,2023-02-16,2023-02-15,S,exercise and sell,725,122970.84,169.6149,,0,27753609,0,unknown,M,3,0,Common Stock,D,4,0001127602-23-005591,,https://www.sec.gov/Archives/edgar/data/1108524/000112760223005591/form4.xml
CRM,1108524,Marc Benioff,1294693,2023-02-15,2023-02-14,S,exercise and sell,725,122886.47,169.4986,,0,27753609,0,unknown,M,4,0,Common Stock,D,4,0001127602-23-005387,,https://www.sec.gov/Archives/edgar/data/1108524/000112760223005387/form4.xml
CRM,1108524,Marc Benioff,1294693,2023-02-14,2023-02-13,S,exercise and sell,725,123127.19,169.8306,,0,27753609,0,unknown,M,4,0,Common Stock,D,4,0001127602-23-005194,,https://www.sec.gov/Archives/edgar/data/1108524/000112760223005194/form4.xml
CRM,1108524,Marc Benioff,1294693,2023-02-13,2023-02-10,S,exercise and sell,725,121011.02,166.9118,,0,27753609,0,unknown,M,4,0,Common Stock,D,4,0001127602-23-004891,,https://www.sec.gov/Archives/edgar/data/1108524/000112760223004891/form4.xml
CRM,1108524,Marc Benioff,1294693,2023-02-10,2023-02-09,S,exercise and sell,725,126134.85,173.9791,,0,27753609,0,unknown,M,3,0,Common Stock,D,4,0001127602-23-004468,,https://www.sec.gov/Archives/edgar/data/1108524/000112760223004468/form4.xml
CRM,1108524,Marc Benioff,1294693,2023-02-09,2023-02-08,S,exercise and sell,725,123406.23,170.2155,,0,27753609,0,unknown,M,3,0,Common Stock,D,4,0001127602-23-004285,,https://www.sec.gov/Archives/edgar/data/1108524/000112760223004285/form4.xml
CRM,1108524,Marc Benioff,1294693,2023-02-08,2023-02-07,S,exercise and sell,725,122350.18,168.7589,,0,27753609,0,unknown,M,4,0,Common Stock,D,4,0001127602-23-004049,,https://www.sec.gov/Archives/edgar/data/1108524/000112760223004049/form4.xml
CRM,1108524,Marc Benioff,1294693,2023-02-07,2023-02-06,S,exercise and sell,725,122875.93,169.4840,,0,27753609,0,unknown,M,3,0,Common Stock,D,4,0001127602-23-003839,,https://www.sec.gov/Archives/edgar/data/1108524/000112760223003839/form4.xml
CRM,1108524,Marc Benioff,1294693,2023-02-06,2023-02-03,S,exercise and sell,725,124723.38,172.0322,,0,27753609,0,unknown,M,4,0,Common Stock,D,4,0001127602-23-003587,,https://www.sec.gov/Archives/edgar/data/1108524/000112760223003587/form4.xml
CRM,1108524,Marc Benioff,1294693,2023-02-03,2023-02-02,S,exercise and sell,725,127003.71,175.1775,,0,27753609,0,unknown,M,4,0,Common Stock,D,4,0001127602-23-003317,,https://www.sec.gov/Archives/edgar/data/1108524/000112760223003317/form4.xml
CRM,1108524,Marc Benioff,1294693,2023-02-02,2023-02-01,S,exercise and sell,725,123174.64,169.8961,,0,27753609,0,unknown,M,5,0,Common Stock,D,4,0001127602-23-003122,,https://www.sec.gov/Archives/edgar/data/1108524/000112760223003122/form4.xml
CRM,1108524,Marc Benioff,1294693,2023-02-01,2023-01-31,S,exercise and sell,725,120748.05,166.5490,,0,27753609,0,unknown,M,4,0,Common Stock,D,4,0001127602-23-002964,,https://www.sec.gov/Archives/edgar/data/1108524/000112760223002964/form4.xml
CRM,1108524,Marc Benioff,1294693,2023-01-31,2023-01-30,S,exercise and sell,725,119706.45,165.1123,,0,27753609,0,unknown,M,3,0,Common Stock,D,4,0001127602-23-002744,,https://www.sec.gov/Archives/edgar/data/1108524/000112760223002744/form4.xml
CRM,1108524,Marc Benioff,1294693,2023-01-30,2023-01-27,S,exercise and sell,725,120146.90,165.7199,,0,27753609,0,unknown,M,3,0,Common Stock,D,4,0001127602-23-002646,,https://www.sec.gov/Archives/edgar/data/1108524/000112760223002646/form4.xml
CRM,1108524,Marc Benioff,1294693,2023-01-27,2023-01-26,S,exercise and sell,725,116859.12,161.1850,,0,27753609,0,unknown,M,7,0,Common Stock,D,4,0001127602-23-002510,,https://www.sec.gov/Archives/edgar/data/1108524/000112760223002510/form4.xml
CRM,1108524,Marc Benioff,1294693,2023-01-27,2023-01-25,S,exercise and sell,725,111327.08,153.5546,,0,27753609,0,unknown,M,6,0,Common Stock,D,4,0001127602-23-002420,,https://www.sec.gov/Archives/edgar/data/1108524/000112760223002420/form4.xml
CRM,1108524,Marc Benioff,1294693,2023-01-25,2023-01-24,S,exercise and sell,725,113278.60,156.2463,,0,27753609,0,unknown,M,3,0,Common Stock,D,4,0001127602-23-002237,,https://www.sec.gov/Archives/edgar/data/1108524/000112760223002237/form4.xml
CRM,1108524,Marc Benioff,1294693,2023-01-24,2023-01-23,S,exercise and sell,725,113058.93,155.9434,,0,27753609,0,unknown,M,4,0,Common Stock,D,4,0001127602-23-002130,,https://www.sec.gov/Archives/edgar/data/1108524/000112760223002130/form4.xml
CRM,1108524,Marc Benioff,1294693,2023-01-23,2023-01-20,S,exercise and sell,725,108164.33,149.1922,,0,27753609,0,unknown,M,6,0,Common Stock,D,4,0001127602-23-002047,,https://www.sec.gov/Archives/edgar/data/1108524/000112760223002047/form4.xml
CRM,1108524,Marc Benioff,1294693,2023-01-20,2023-01-19,S,exercise and sell,725,105281.94,145.2165,,0,27753609,0,unknown,M,4,0,Common Stock,D,4,0001127602-23-001931,,https://www.sec.gov/Archives/edgar/data/1108524/000112760223001931/form4.xml
CRM,1108524,Marc Benioff,1294693,2023-01-19,2023-01-18,S,exercise and sell,725,106691.31,147.1604,,0,27753609,0,unknown,M,4,0,Common Stock,D,4,0001127602-23-001855,,https://www.sec.gov/Archives/edgar/data/1108524/000112760223001855/form4.xml
CRM,1108524,Marc Benioff,1294693,2023-01-18,2023-01-17,S,exercise and sell,725,107417.12,148.1615,,0,27753609,0,unknown,M,4,0,Common Stock,D,4,0001127602-23-001666,,https://www.sec.gov/Archives/edgar/data/1108524/000112760223001666/form4.xml
CRM,1108524,Marc Benioff,1294693,2023-01-13,2023-01-13,S,exercise and sell,725,107738.09,148.6043,,0,27753609,0,unknown,M,4,0,Common Stock,D,4,0001127602-23-001427,,https://www.sec.gov/Archives/edgar/data/1108524/000112760223001427/form4.xml
CRM,1108524,Marc Benioff,1294693,2023-01-13,2023-01-12,S,exercise and sell,725,106942.25,147.5065,,0,27753609,0,unknown,M,5,0,Common Stock,D,4,0001127602-23-001418,,https://www.sec.gov/Archives/edgar/data/1108524/000112760223001418/form4.xml
CRM,1108524,Marc Benioff,1294693,2023-01-12,2023-01-11,S,exercise and sell,725,105308.90,145.2536,,0,27753609,0,unknown,M,4,0,Common Stock,D,4,0001127602-23-001353,,https://www.sec.gov/Archives/edgar/data/1108524/000112760223001353/form4.xml
CRM,1108524,Marc Benioff,1294693,2023-01-11,2023-01-10,S,exercise and sell,725,107095.80,147.7183,,0,27753609,0,unknown,M,4,0,Common Stock,D,4,0001127602-23-001279,,https://www.sec.gov/Archives/edgar/data/1108524/000112760223001279/form4.xml
CRM,1108524,Marc Benioff,1294693,2023-01-10,2023-01-09,S,exercise and sell,725,106411.57,146.7746,,0,27753609,0,unknown,M,6,0,Common Stock,D,4,0001127602-23-001253,,https://www.sec.gov/Archives/edgar/data/1108524/000112760223001253/form4.xml
CRM,1108524,Marc Benioff,1294693,2023-01-09,2023-01-06,S,exercise and sell,725,100992.47,139.3000,,0,27753609,0,unknown,M,6,0,Common Stock,D,4,0001127602-23-001180,,https://www.sec.gov/Archives/edgar/data/1108524/000112760223001180/form4.xml
CRM,1108524,Marc Benioff,1294693,2023-01-05,2023-01-05,S,exercise and sell,725,98501.85,135.8646,,0,27753609,0,unknown,M,4,0,Common Stock,D,4,0001127602-23-000997,,https://www.sec.gov/Archives/edgar/data/1108524/000112760223000997/form4.xml
CRM,1108524,Marc Benioff,1294693,2023-01-05,2023-01-04,S,exercise and sell,725,100911.65,139.1885,,0,27753609,0,unknown,M,3,0,Common Stock,D,4,0001127602-23-000950,,https://www.sec.gov/Archives/edgar/data/1108524/000112760223000950/form4.xml
CRM,1108524,Marc Benioff,1294693,2023-01-04,2023-01-03,S,exercise and sell,725,97420.86,134.3736,,0,27753609,0,unknown,M,4,0,Common Stock,D,4,0001127602-23-000529,,https://www.sec.gov/Archives/edgar/data/1108524/000112760223000529/form4.xml
CRM,1108524,Marc Benioff,1294693,2022-11-03,2022-11-02,S,sale,7759,1190977.44,153.4963,0.0279,-7759,27753609,0,unknown,,8,0,Common Stock,D,4,0001127602-22-024926,,https://www.sec.gov/Archives/edgar/data/1108524/000112760222024926/form4.xml
CRM,1108524,Marc Benioff,1294693,2022-11-02,2022-11-01,S,exercise and sell,416,67109.52,161.3210,,0,27761368,0,unknown,M,5,0,Common Stock,D,4,0001127602-22-024699,,https://www.sec.gov/Archives/edgar/data/1108524/000112760222024699/form4.xml
CRM,1108524,Marc Benioff,1294693,2022-11-01,2022-10-31,S,exercise and sell,2300,374434.67,162.7977,,0,27761368,0,unknown,M,3,0,Common Stock,D,4,0001127602-22-024558,,https://www.sec.gov/Archives/edgar/data/1108524/000112760222024558/form4.xml
CRM,1108524,Marc Benioff,1294693,2022-10-31,2022-10-28,S,exercise and sell,2300,370413.16,161.0492,,0,27761368,0,unknown,M,5,0,Common Stock,D,4,0001127602-22-024526,,https://www.sec.gov/Archives/edgar/data/1108524/000112760222024526/form4.xml
CRM,1108524,Marc Benioff,1294693,2022-10-28,2022-10-27,S,exercise and sell,2300,371190.24,161.3871,,0,27761368,0,unknown,M,5,0,Common Stock,D,4,0001127602-22-024466,,https://www.sec.gov/Archives/edgar/data/1108524/000112760222024466/form4.xml
CRM,1108524,Marc Benioff,1294693,2022-10-27,2022-10-26,S,exercise and sell,2300,371472.45,161.5098,,0,27761368,0,unknown,M,6,0,Common Stock,D,4,0001127602-22-024435,,https://www.sec.gov/Archives/edgar/data/1108524/000112760222024435/form4.xml
CRM,1108524,Marc Benioff,1294693,2022-10-26,2022-10-25,S,exercise and sell,2300,377796.72,164.2594,,0,27761368,0,unknown,M,4,0,Common Stock,D,4,0001127602-22-024419,,https://www.sec.gov/Archives/edgar/data/1108524/000112760222024419/form4.xml
CRM,1108524,Marc Benioff,1294693,2022-10-25,2022-10-24,S,exercise and sell,2300,368951.23,160.4136,,0,27761368,0,unknown,M,3,0,Common Stock,D,4,0001127602-22-024374,,https://www.sec.gov/Archives/edgar/data/1108524/000112760222024374/form4.xml
CRM,1108524,Marc Benioff,1294693,2022-10-24,2022-10-21,S,exercise and sell,2300,363874.70,158.2064,,0,27761368,0,unknown,M,5,0,Common Stock,D,4,0001127602-22-024261,,https://www.sec.gov/Archives/edgar/data/1108524/000112760222024261/form4.xml
CRM,1108524,Marc Benioff,1294693,2022-10-21,2022-10-20,S,exercise and sell,2300,364435.95,158.4504,,0,27761368,0,unknown,M,6,0,Common Stock,D,4,0001127602-22-024241,,https://www.sec.gov/Archives/edgar/data/1108524/000112760222024241/form4.xml
CRM,1108524,Marc Benioff,1294693,2022-10-20,2022-10-19,S,exercise and sell,2300,353473.20,153.6840,,0,27761368,0,unknown,M,4,0,Common Stock,D,4,0001127602-22-024202,,https://www.sec.gov/Archives/edgar/data/1108524/000112760222024202/form4.xml
CRM,1108524,Marc Benioff,1294693,2022-10-19,2022-10-18,S,exercise and sell,2300,355483.92,154.5582,,0,27761368,0,unknown,M,6,0,Common Stock,D,4,0001127602-22-024176,,https://www.sec.gov/Archives/edgar/data/1108524/000112760222024176/form4.xml
CRM,1108524,Marc Benioff,1294693,2022-10-18,2022-10-17,S,exercise and sell,2300,339282.82,147.5143,,0,27761368,0,unknown,M,3,0,Common Stock,D,4,0001127602-22-024098,,https://www.sec.gov/Archives/edgar/data/1108524/000112760222024098/form4.xml
CRM,1108524,Marc Benioff,1294693,2022-10-17,2022-10-14,S,exercise and sell,2300,332170.66,144.4220,,0,27761368,0,unknown,M,6,0,Common Stock,D,4,0001127602-22-023988,,https://www.sec.gov/Archives/edgar/data/1108524/000112760222023988/form4.xml
CRM,1108524,Marc Benioff,1294693,2022-10-14,2022-10-13,S,exercise and sell,2300,328882.58,142.9924,,0,27761368,0,unknown,M,7,0,Common Stock,D,4,0001127602-22-023943,,https://www.sec.gov/Archives/edgar/data/1108524/000112760222023943/form4.xml
CRM,1108524,Marc Benioff,1294693,2022-10-13,2022-10-12,S,exercise and sell,2300,326828.75,142.0995,,0,27761368,0,unknown,M,4,0,Common Stock,D,4,0001127602-22-023919,,https://www.sec.gov/Archives/edgar/data/1108524/000112760222023919/form4.xml
CRM,1108524,Marc Benioff,1294693,2022-10-12,2022-10-11,S,exercise and sell,2300,327296.92,142.3030,,0,27761368,0,unknown,M,6,0,Common Stock,D,4,0001127602-22-023903,,https://www.sec.gov/Archives/edgar/data/1108524/000112760222023903/form4.xml
CRM,1108524,Marc Benioff,1294693,2022-10-12,2022-10-10,S,exercise and sell,2300,337282.06,146.6444,,0,27761368,0,unknown,M,6,0,Common Stock,D,4,0001127602-22-023897,,https://www.sec.gov/Archives/edgar/data/1108524/000112760222023897/form4.xml
CRM,1108524,Marc Benioff,1294693,2022-10-11,2022-10-07,S,exercise and sell,2300,347127.96,150.9252,,0,27761368,0,unknown,M,4,0,Common Stock,D,4,0001127602-22-023857,,https://www.sec.gov/Archives/edgar/data/1108524/000112760222023857/form4.xml
CRM,1108524,Marc Benioff,1294693,2022-10-07,2022-10-06,S,exercise and sell,2300,358720.91,155.9656,,0,27761368,0,unknown,M,4,0,Common Stock,D,4,0001127602-22-023792,,https://www.sec.gov/Archives/edgar/data/1108524/000112760222023792/form4.xml
CRM,1108524,Marc Benioff,1294693,2022-10-06,2022-10-05,S,exercise and sell,2300,356535.95,155.0156,,0,27761368,0,unknown,M,5,0,Common Stock,D,4,0001127602-22-023780,,https://www.sec.gov/Archives/edgar/data/1108524/000112760222023780/form4.xml
CRM,1108524,Marc Benioff,1294693,2022-10-05,2022-10-04,S,exercise and sell,2300,357425.36,155.4023,,0,27761368,0,unknown,M,5,0,Common Stock,D,4,0001127602-22-023739,,https://www.sec.gov/Archives/edgar/data/1108524/000112760222023739/form4.xml
CRM,1108524,Marc Benioff,1294693,2022-10-04,2022-10-03,S,exercise and sell,2300,337429.92,146.7087,,0,27761368,0,unknown,M,5,0,Common Stock,D,4,0001127602-22-023455,,https://www.sec.gov/Archives/edgar/data/1108524/000112760222023455/form4.xml
CRM,1108524,Marc Benioff,1294693,2022-10-03,2022-09-30,S,exercise and sell,2300,335956.23,146.0679,,0,27761368,0,unknown,M,5,0,Common Stock,D,4,0001127602-22-023315,,https://www.sec.gov/Archives/edgar/data/1108524/000112760222023315/form4.xml
CRM,1108524,Marc Benioff,1294693,2022-09-30,2022-09-29,S,exercise and sell,2300,337746.79,146.8464,,0,27761368,0,unknown,M,4,0,Common Stock,D,4,0001127602-22-023125,,https://www.sec.gov/Archives/edgar/data/1108524/000112760222023125/form4.xml
CRM,1108524,Marc Benioff,1294693,2022-09-29,2022-09-28,S,exercise and sell,2300,342504.44,148.9150,,0,27761368,0,unknown,M,5,0,Common Stock,D,4,0001127602-22-023099,,https://www.sec.gov/Archives/edgar/data/1108524/000112760222023099/form4.xml
CRM,1108524,Marc Benioff,1294693,2022-09-28,2022-09-27,S,exercise and sell,2300,340970.26,148.2479,,0,27761368,0,unknown,M,4,0,Common Stock,D,4,0001127602-22-023082,,https://www.sec.gov/Archives/edgar/data/1108524/000112760222023082/form4.xml
CRM,1108524,Marc Benioff,1294693,2022-09-27,2022-09-26,S,exercise and sell,2300,338824.28,147.3149,,0,27761368,0,unknown,M,6,0,Common Stock,D,4,0001127602-22-023031,,https://www.sec.gov/Archives/edgar/data/1108524/000112760222023031/form4.xml
CRM,1108524,Marc Benioff,1294693,2022-09-26,2022-09-23,S,exercise and sell,2300,336417.79,146.2686,,0,27761368,0,unknown,M,4,0,Common Stock,D,4,0001127602-22-022983,,https://www.sec.gov/Archives/edgar/data/1108524/000112760222022983/form4.xml
CRM,1108524,Marc Benioff,1294693,2022-09-23,2022-09-22,S,exercise and sell,2300,346353.47,150.5885,,0,27761368,0,unknown,M,3,0,Common Stock,D,4,0001127602-22-022888,,https://www.sec.gov/Archives/edgar/data/1108524/000112760222022888/form4.xml
CRM,1108524,Marc Benioff,1294693,2022-09-22,2022-09-21,S,exercise and sell,2300,345674.57,150.2933,,0,27761368,0,unknown,M,5,0,Common Stock,D,4,0001127602-22-022844,,https://www.sec.gov/Archives/edgar/data/1108524/000112760222022844/form4.xml
CRM,1108524,Marc Benioff,1294693,2022-09-21,2022-09-20,S,exercise and sell,2300,345854.38,150.3715,,0,27761368,0,unknown,M,3,0,Common Stock,D,4,0001127602-22-022798,,https://www.sec.gov/Archives/edgar/data/1108524/000112760222022798/form4.xml
CRM,1108524,Marc Benioff,1294693,2022-09-20,2022-09-19,S,exercise and sell,2300,349110.90,151.7873,,0,27761368,0,unknown,M,3,0,Common Stock,D,4,0001127602-22-022759,,https://www.sec.gov/Archives/edgar/data/1108524/000112760222022759/form4.xml
CRM,1108524,Marc Benioff,1294693,2022-09-19,2022-09-16,S,exercise and sell,2300,347456.38,151.0680,,0,27761368,0,unknown,M,3,0,Common Stock,D,4,0001127602-22-022713,,https://www.sec.gov/Archives/edgar/data/1108524/000112760222022713/form4.xml
CRM,1108524,Marc Benioff,1294693,2022-09-16,2022-09-15,S,exercise and sell,2300,359708.50,156.3950,,0,27761368,0,unknown,M,5,0,Common Stock,D,4,0001127602-22-022553,,https://www.sec.gov/Archives/edgar/data/1108524/000112760222022553/form4.xml
CRM,1108524,Marc Benioff,1294693,2022-09-15,2022-09-14,S,exercise and sell,2300,368128.10,160.0557,,0,27761368,0,unknown,M,3,0,Common Stock,D,4,0001127602-22-022474,,https://www.sec.gov/Archives/edgar/data/1108524/000112760222022474/form4.xml
CRM,1108524,Marc Benioff,1294693,2022-09-14,2022-09-13,S,exercise and sell,2300,366971.38,159.5528,,0,27761368,0,unknown,M,4,0,Common Stock,D,4,0001127602-22-022425,,https://www.sec.gov/Archives/edgar/data/1108524/000112760222022425/form4.xml
CRM,1108524,Marc Benioff,1294693,2022-09-13,2022-09-12,S,exercise and sell,2300,377544.08,164.1496,,0,27761368,0,unknown,M,3,0,Common Stock,D,4,0001127602-22-022403,,https://www.sec.gov/Archives/edgar/data/1108524/000112760222022403/form4.xml
CRM,1108524,Marc Benioff,1294693,2022-09-12,2022-09-09,S,exercise and sell,2300,371137.69,161.3642,,0,27761368,0,unknown,M,5,0,Common Stock,D,4,0001127602-22-022340,,https://www.sec.gov/Archives/edgar/data/1108524/000112760222022340/form4.xml
CRM,1108524,Marc Benioff,1294693,2022-09-09,2022-09-08,S,exercise and sell,2300,357672.34,155.5097,,0,27761368,0,unknown,M,5,0,Common Stock,D,4,0001127602-22-022256,,https://www.sec.gov/Archives/edgar/data/1108524/000112760222022256/form4.xml
CRM,1108524,Marc Benioff,1294693,2022-09-08,2022-09-07,S,exercise and sell,2300,350558.71,152.4168,,0,27761368,0,unknown,M,4,0,Common Stock,D,4,0001127602-22-022209,,https://www.sec.gov/Archives/edgar/data/1108524/000112760222022209/form4.xml
CRM,1108524,Marc Benioff,1294693,2022-09-07,2022-09-06,S,exercise and sell,2300,350265.38,152.2893,,0,27761368,0,unknown,M,3,0,Common Stock,D,4,0001127602-22-022161,,https://www.sec.gov/Archives/edgar/data/1108524/000112760222022161/form4.xml
CRM,1108524,Marc Benioff,1294693,2022-09-06,2022-09-02,S,exercise and sell,2300,357841.88,155.5834,,0,27761368,0,unknown,M,6,0,Common Stock,D,4,0001127602-22-022131,,https://www.sec.gov/Archives/edgar/data/1108524/000112760222022131/form4.xml
CRM,1108524,Marc Benioff,1294693,2022-09-06,2022-09-01,S,exercise and sell,2300,351426.69,152.7942,,0,27761368,0,unknown,M,4,0,Common Stock,D,4,0001127602-22-022113,,https://www.sec.gov/Archives/edgar/data/1108524/000112760222022113/form4.xml
CRM,1108524,Marc Benioff,1294693,2022-09-01,2022-08-31,S,exercise and sell,2300,362642.14,157.6705,,0,27761368,0,unknown,M,5,0,Common Stock,D,4,0001127602-22-021912,,https://www.sec.gov/Archives/edgar/data/1108524/000112760222021912/form4.xml
CRM,1108524,Marc Benioff,1294693,2022-08-31,2022-08-30,S,exercise and sell,2300,368287.29,160.1249,,0,27761368,0,unknown,M,5,0,Common Stock,D,4,0001127602-22-021812,,https://www.sec.gov/Archives/edgar/data/1108524/000112760222021812/form4.xml
CRM,1108524,Marc Benioff,1294693,2022-08-30,2022-08-29,S,exercise and sell,2300,373913.18,162.5709,,0,27761368,0,unknown,M,6,0,Common Stock,D,4,0001127602-22-021767,,https://www.sec.gov/Archives/edgar/data/1108524/000112760222021767/form4.xml
CRM,1108524,Marc Benioff,1294693,2022-08-29,2022-08-26,S,exercise and sell,2300,388815.16,169.0501,,0,27761368,0,unknown,M,10,0,Common Stock,D,4,0001127602-22-021717,,https://www.sec.gov/Archives/edgar/data/1108524/000112760222021717/form4.xml
CRM,1108524,Marc Benioff,1294693,2022-08-26,2022-08-25,S,exercise and sell,2300,390642.45,169.8445,,0,27761368,0,unknown,M,8,0,Common Stock,D,4,0001127602-22-021627,,https://www.sec.gov/Archives/edgar/data/1108524/000112760222021627/form4.xml
CRM,1108524,Marc Benioff,1294693,2022-08-25,2022-08-24,S,exercise and sell,2300,412908.22,179.5253,,0,27761368,0,unknown,M,5,0,Common Stock,D,4,0001127602-22-021607,,https://www.sec.gov/Archives/edgar/data/1108524/000112760222021607/form4.xml
CRM,1108524,Marc Benioff,1294693,2022-08-25,2022-08-23,S,exercise and sell,2300,404845.60,176.0198,,0,27761368,0,unknown,M,3,0,Common Stock,D,4,0001127602-22-021595,,https://www.sec.gov/Archives/edgar/data/1108524/000112760222021595/form4.xml
CRM,1108524,Marc Benioff,1294693,2022-08-23,2022-08-22,S,exercise and sell,2300,408100.11,177.4348,,0,27761368,0,unknown,M,4,0,Common Stock,D,4,0001127602-22-021465,,https://www.sec.gov/Archives/edgar/data/1108524/000112760222021465/form4.xml
CRM,1108524,Marc Benioff,1294693,2022-08-22,2022-08-19,S,exercise and sell,2300,421492.48,183.2576,,0,27761368,0,unknown,M,4,0,Common Stock,D,4,0001127602-22-021452,,https://www.sec.gov/Archives/edgar/data/1108524/000112760222021452/form4.xml
CRM,1108524,Marc Benioff,1294693,2022-08-19,2022-08-18,S,exercise and sell,2300,431347.11,187.5422,,0,27761368,0,unknown,M,2,0,Common Stock,D,4,0001127602-22-021388,,https://www.sec.gov/Archives/edgar/data/1108524/000112760222021388/form4.xml
CRM,1108524,Marc Benioff,1294693,2022-08-18,2022-08-17,S,exercise and sell,2300,431917.23,187.7901,,0,27761368,0,unknown,M,3,0,Common Stock,D,4,0001127602-22-021318,,https://www.sec.gov/Archives/edgar/data/1108524/000112760222021318/form4.xml
CRM,1108524,Marc Benioff,1294693,2022-08-17,2022-08-16,S,exercise and sell,2300,434714.56,189.0063,,0,27761368,0,unknown,M,5,0,Common Stock,D,4,0001127602-22-021241,,https://www.sec.gov/Archives/edgar/data/1108524/000112760222021241/form4.xml
CRM,1108524,Marc Benioff,1294693,2022-08-16,2022-08-15,S,exercise and sell,2300,438576.83,190.6856,,0,27761368,0,unknown,M,4,0,Common Stock,D,4,0001127602-22-021097,,https://www.sec.gov/Archives/edgar/data/1108524/000112760222021097/form4.xml
CRM,1108524,Marc Benioff,1294693,2022-08-15,2022-08-12,S,exercise and sell,2300,432737.10,188.1466,,0,27761368,0,unknown,M,5,0,Common Stock,D,4,0001127602-22-020971,,https://www.sec.gov/Archives/edgar/data/1108524/000112760222020971/form4.xml
CRM,1108524,Marc Benioff,1294693,2022-08-12,2022-08-11,S,exercise and sell,2300,433072.32,188.2923,,0,27761368,0,unknown,M,6,0,Common Stock,D,4,0001127602-22-020888,,https://www.sec.gov/Archives/edgar/data/1108524/000112760222020888/form4.xml
CRM,1108524,Marc Benioff,1294693,2022-08-11,2022-08-10,S,exercise and sell,2300,433350.38,188.4132,,0,27761368,0,unknown,M,3,0,Common Stock,D,4,0001127602-22-020826,,https://www.sec.gov/Archives/edgar/data/1108524/000112760222020826/form4.xml
CRM,1108524,Marc Benioff,1294693,2022-08-10,2022-08-09,S,exercise and sell,2300,419262.23,182.2879,,0,27761368,0,unknown,M,6,0,Common Stock,D,4,0001127602-22-020772,,https://www.sec.gov/Archives/edgar/data/1108524/000112760222020772/form4.xml
CRM,1108524,Marc Benioff,1294693,2022-08-09,2022-08-08,S,exercise and sell,2300,440100.74,191.3481,,0,27761368,0,unknown,M,5,0,Common Stock,D,4,0001127602-22-020730,,https://www.sec.gov/Archives/edgar/data/1108524/000112760222020730/form4.xml
CRM,1108524,Marc Benioff,1294693,2022-08-08,2022-08-05,S,exercise and sell,2300,436165.02,189.6370,,0,27761368,0,unknown,M,5,0,Common Stock,D,4,0001127602-22-020687,,https://www.sec.gov/Archives/edgar/data/1108524/000112760222020687/form4.xml
CRM,1108524,Marc Benioff,1294693,2022-08-04,2022-08-04,S,exercise and sell,2300,435912.99,189.5274,,0,27761368,0,unknown,M,4,0,Common Stock,D,4,0001127602-22-020503,,https://www.sec.gov/Archives/edgar/data/1108524/000112760222020503/form4.xml
CRM,1108524,Marc Benioff,1294693,2022-08-04,2022-08-03,S,exercise and sell,2300,435340.91,189.2787,,0,27761368,0,unknown,M,5,0,Common Stock,D,4,0001127602-22-020496,,https://www.sec.gov/Archives/edgar/data/1108524/000112760222020496/form4.xml
CRM,1108524,Marc Benioff,1294693,2022-08-03,2022-08-02,S,exercise and sell,2300,420434.06,182.7974,,0,27761368,0,unknown,M,5,0,Common Stock,D,4,0001127602-22-020434,,https://www.sec.gov/Archives/edgar/data/1108524/000112760222020434/form4.xml
CRM,1108524,Marc Benioff,1294693,2022-08-02,2022-08-01,S,exercise and sell,2300,421183.39,183.1232,,0,27761368,0,unknown,M,5,0,Common Stock,D,4,0001127602-22-020163,,https://www.sec.gov/Archives/edgar/data/1108524/000112760222020163/form4.xml
CRM,1108524,Marc Benioff,1294693,2022-08-01,2022-07-29,S,exercise and sell,2300,420082.60,182.6446,,0,27761368,0,unknown,M,4,0,Common Stock,D,4,0001127602-22-020016,,https://www.sec.gov/Archives/edgar/data/1108524/000112760222020016/form4.xml
CRM,1108524,Marc Benioff,1294693,2022-07-29,2022-07-28,S,exercise and sell,2300,413683.44,179.8624,,0,27761368,0,unknown,M,6,0,Common Stock,D,4,0001127602-22-019921,,https://www.sec.gov/Archives/edgar/data/1108524/000112760222019921/form4.xml
CRM,1108524,Marc Benioff,1294693,2022-07-28,2022-07-27,S,exercise and sell,2300,411110.55,178.7437,,0,27761368,0,unknown,M,7,0,Common Stock,D,4,0001127602-22-019884,,https://www.sec.gov/Archives/edgar/data/1108524/000112760222019884/form4.xml
CRM,1108524,Marc Benioff,1294693,2022-07-27,2022-07-26,S,exercise and sell,2300,395551.69,171.9790,,0,27761368,0,unknown,M,7,0,Common Stock,D,4,0001127602-22-019818,,https://www.sec.gov/Archives/edgar/data/1108524/000112760222019818/form4.xml
CRM,1108524,Marc Benioff,1294693,2022-07-26,2022-07-25,S,exercise and sell,2300,407421.93,177.1400,,0,27761368,0,unknown,M,5,0,Common Stock,D,4,0001127602-22-019794,,https://www.sec.gov/Archives/edgar/data/1108524/000112760222019794/form4.xml
CRM,1108524,Marc Benioff,1294693,2022-07-25,2022-07-22,S,exercise and sell,2300,421381.88,183.2095,,0,27761368,0,unknown,M,6,0,Common Stock,D,4,0001127602-22-019738,,https://www.sec.gov/Archives/edgar/data/1108524/000112760222019738/form4.xml
CRM,1108524,Marc Benioff,1294693,2022-07-22,2022-07-21,S,exercise and sell,2300,421623.15,183.3144,,0,27761368,0,unknown,M,5,0,Common Stock,D,4,0001127602-22-019669,,https://www.sec.gov/Archives/edgar/data/1108524/000112760222019669/form4.xml
CRM,1108524,Marc Benioff,1294693,2022-07-21,2022-07-20,S,exercise and sell,2300,417363.66,181.4625,,0,27761368,0,unknown,M,7,0,Common Stock,D,4,0001127602-22-019611,,https://www.sec.gov/Archives/edgar/data/1108524/000112760222019611/form4.xml
CRM,1108524,Marc Benioff,1294693,2022-07-20,2022-07-19,S,exercise and sell,2300,395034.12,171.7540,,0,27761368,0,unknown,M,6,0,Common Stock,D,4,0001127602-22-019560,,https://www.sec.gov/Archives/edgar/data/1108524/000112760222019560/form4.xml
CRM,1108524,Marc Benioff,1294693,2022-07-19,2022-07-18,S,exercise and sell,2300,390933.44,169.9711,,0,27761368,0,unknown,M,6,0,Common Stock,D,4,0001127602-22-019492,,https://www.sec.gov/Archives/edgar/data/1108524/000112760222019492/form4.xml
CRM,1108524,Marc Benioff,1294693,2022-07-18,2022-07-15,S,exercise and sell,2300,381660.04,165.9391,,0,27761368,0,unknown,M,5,0,Common Stock,D,4,0001127602-22-019421,,https://www.sec.gov/Archives/edgar/data/1108524/000112760222019421/form4.xml
CRM,1108524,Marc Benioff,1294693,2022-07-15,2022-07-14,S,exercise and sell,2300,368132.61,160.0577,,0,27761368,0,unknown,M,4,0,Common Stock,D,4,0001127602-22-019355,,https://www.sec.gov/Archives/edgar/data/1108524/000112760222019355/form4.xml
CRM,1108524,Marc Benioff,1294693,2022-07-14,2022-07-13,S,exercise and sell,2300,376948.36,163.8906,,0,27761368,0,unknown,M,4,0,Common Stock,D,4,0001127602-22-019298,,https://www.sec.gov/Archives/edgar/data/1108524/000112760222019298/form4.xml
CRM,1108524,Marc Benioff,1294693,2022-07-13,2022-07-12,S,exercise and sell,2300,384759.55,167.2868,,0,27761368,0,unknown,M,6,0,Common Stock,D,4,0001127602-22-019272,,https://www.sec.gov/Archives/edgar/data/1108524/000112760222019272/form4.xml
CRM,1108524,Marc Benioff,1294693,2022-07-12,2022-07-11,S,exercise and sell,2300,400861.17,174.2875,,0,27761368,0,unknown,M,5,0,Common Stock,D,4,0001127602-22-019247,,https://www.sec.gov/Archives/edgar/data/1108524/000112760222019247/form4.xml
CRM,1108524,Marc Benioff,1294693,2022-07-11,2022-07-08,S,exercise and sell,2300,402642.70,175.0620,,0,27761368,0,unknown,M,4,0,Common Stock,D,4,0001127602-22-019215,,https://www.sec.gov/Archives/edgar/data/1108524/000112760222019215/form4.xml
CRM,1108524,Marc Benioff,1294693,2022-07-08,2022-07-07,S,exercise and sell,2300,403730.38,175.5349,,0,27761368,0,unknown,M,4,0,Common Stock,D,4,0001127602-22-019145,,https://www.sec.gov/Archives/edgar/data/1108524/000112760222019145/form4.xml
CRM,1108524,Marc Benioff,1294693,2022-07-07,2022-07-06,S,exercise and sell,2300,397107.96,172.6556,,0,27761368,0,unknown,M,4,0,Common Stock,D,4,0001127602-22-019053,,https://www.sec.gov/Archives/edgar/data/1108524/000112760222019053/form4.xml
CRM,1108524,Marc Benioff,1294693,2022-07-06,2022-07-05,S,exercise and sell,2300,389090.40,169.1697,,0,27761368,0,unknown,M,7,0,Common Stock,D,4,0001127602-22-018936,,https://www.sec.gov/Archives/edgar/data/1108524/000112760222018936/form4.xml
CRM,1108524,Marc Benioff,1294693,2022-07-05,2022-07-01,S,exercise and sell,2300,383658.13,166.8079,,0,27761368,0,unknown,M,5,0,Common Stock,D,4,0001127602-22-018750,,https://www.sec.gov/Archives/edgar/data/1108524/000112760222018750/form4.xml
CRM,1108524,Marc Benioff,1294693,2022-06-30,2022-06-30,S,sale,2300,378013.12,164.3535,0.0083,-300000,27761368,,unknown,M,5,0,Common Stock,D,4,0001127602-22-018314,,https://www.sec.gov/Archives/edgar/data/1108524/000112760222018314/form4.xml
CRM,1108524,Marc Benioff,1294693,2022-06-30,2022-06-29,S,sale,300000,51136349.88,170.4545,1.0691,-300000,27761368,0,unknown,M,5,0,Common Stock,D,4,0001127602-22-018314,,https://www.sec.gov/Archives/edgar/data/1108524/000112760222018314/form4.xml
CRM,1108524,Marc Benioff,1294693,2022-06-29,2022-06-29,S,sale,2300,392159.99,170.5043,0.0083,-300000,27761368,0,unknown,GM,3,0,Common Stock,D,4,0001127602-22-018249,,https://www.sec.gov/Archives/edgar/data/1108524/000112760222018249/form4.xml
CRM,1108524,Marc Benioff,1294693,2022-06-29,2022-06-28,S,sale,300000,52615875.76,175.3863,1.0578,-700000,28061368,0,unknown,GM,11,0,Common Stock,D,4,0001127602-22-018249,,https://www.sec.gov/Archives/edgar/data/1108524/000112760222018249/form4.xml
CRM,1108524,Marc Benioff,1294693,2022-06-28,2022-06-28,S,sale,2300,403412.79,175.3969,0.0082,-700000,28061368,0,unknown,M,9,0,Common Stock,D,4,0001127602-22-018230,,https://www.sec.gov/Archives/edgar/data/1108524/000112760222018230/form4.xml
CRM,1108524,Marc Benioff,1294693,2022-06-28,2022-06-27,S,exercise and sell,2300,418706.35,182.0462,,0,28761368,0,unknown,M,5,0,Common Stock,D,4,0001127602-22-018214,,https://www.sec.gov/Archives/edgar/data/1108524/000112760222018214/form4.xml
CRM,1108524,Marc Benioff,1294693,2022-06-24,2022-06-24,S,exercise and sell,2300,422192.98,183.5622,,0,28761368,,unknown,M,8,0,Common Stock,D,4,0001127602-22-018149,,https://www.sec.gov/Archives/edgar/data/1108524/000112760222018149/form4.xml
CRM,1108524,Marc Benioff,1294693,2022-06-24,2022-06-23,S,exercise and sell,2300,393638.95,171.1474,,0,28761368,0,unknown,M,5,0,Common Stock,D,4,0001127602-22-018142,,https://www.sec.gov/Archives/edgar/data/1108524/000112760222018142/form4.xml
CRM,1108524,Marc Benioff,1294693,2022-06-23,2022-06-22,S,exercise and sell,2300,387166.93,168.3334,,0,28761368,0,unknown,M,5,0,Common Stock,D,4,0001127602-22-018079,,https://www.sec.gov/Archives/edgar/data/1108524/000112760222018079/form4.xml
CRM,1108524,Marc Benioff,1294693,2022-06-22,2022-06-21,S,exercise and sell,2300,385295.83,167.5199,,0,28761368,0,unknown,M,4,0,Common Stock,D,4,0001127602-22-017998,,https://www.sec.gov/Archives/edgar/data/1108524/000112760222017998/form4.xml
CRM,1108524,Marc Benioff,1294693,2022-06-21,2022-06-17,S,exercise and sell,2300,375343.34,163.1928,,0,28761368,0,unknown,M,7,0,Common Stock,D,4,0001127602-22-017949,,https://www.sec.gov/Archives/edgar/data/1108524/000112760222017949/form4.xml
CRM,1108524,Marc Benioff,1294693,2022-06-17,2022-06-16,S,exercise and sell,2300,371353.25,161.4579,,0,28761368,0,unknown,M,8,0,Common Stock,D,4,0001127602-22-017846,,https://www.sec.gov/Archives/edgar/data/1108524/000112760222017846/form4.xml
CRM,1108524,Marc Benioff,1294693,2022-06-16,2022-06-15,S,exercise and sell,2300,386261.80,167.9399,,0,28761368,0,unknown,M,6,0,Common Stock,D,4,0001127602-22-017655,,https://www.sec.gov/Archives/edgar/data/1108524/000112760222017655/form4.xml
CRM,1108524,Marc Benioff,1294693,2022-06-15,2022-06-14,S,exercise and sell,2300,377831.08,164.2744,,0,28761368,0,unknown,M,6,0,Common Stock,D,4,0001127602-22-017554,,https://www.sec.gov/Archives/edgar/data/1108524/000112760222017554/form4.xml
CRM,1108524,Marc Benioff,1294693,2022-06-14,2022-06-13,S,exercise and sell,2300,387192.16,168.3444,,0,28761368,0,unknown,M,7,0,Common Stock,D,4,0001127602-22-017493,,https://www.sec.gov/Archives/edgar/data/1108524/000112760222017493/form4.xml
CRM,1108524,Marc Benioff,1294693,2022-06-13,2022-06-10,S,exercise and sell,2300,413033.97,179.5800,,0,28761368,0,unknown,M,6,0,Common Stock,D,4,0001127602-22-017319,,https://www.sec.gov/Archives/edgar/data/1108524/000112760222017319/form4.xml
CRM,1108524,Marc Benioff,1294693,2022-06-10,2022-06-09,S,sale,2300,437286.95,190.1248,0.0080,-164632,28761368,0,unknown,GM,6,0,Common Stock,D,4,0001127602-22-017238,,https://www.sec.gov/Archives/edgar/data/1108524/000112760222017238/form4.xml
CRM,1108524,Marc Benioff,1294693,2022-06-09,2022-06-08,S,exercise and sell,2300,434247.82,188.8034,,0,28926000,0,unknown,M,4,0,Common Stock,D,4,0001127602-22-017173,,https://www.sec.gov/Archives/edgar/data/1108524/000112760222017173/form4.xml
CRM,1108524,Marc Benioff,1294693,2022-06-08,2022-06-07,S,exercise and sell,2300,428219.43,186.1824,,0,28926000,0,unknown,M,6,0,Common Stock,D,4,0001127602-22-017073,,https://www.sec.gov/Archives/edgar/data/1108524/000112760222017073/form4.xml
CRM,1108524,Marc Benioff,1294693,2022-06-07,2022-06-06,S,exercise and sell,2300,425407.99,184.9600,,0,28926000,0,unknown,M,7,0,Common Stock,D,4,0001127602-22-016995,,https://www.sec.gov/Archives/edgar/data/1108524/000112760222016995/form4.xml
CRM,1108524,Marc Benioff,1294693,2022-06-06,2022-06-03,S,exercise and sell,2300,427627.58,185.9250,,0,28926000,0,unknown,M,5,0,Common Stock,D,4,0001127602-22-016943,,https://www.sec.gov/Archives/edgar/data/1108524/000112760222016943/form4.xml
CRM,1108524,Marc Benioff,1294693,2022-06-03,2022-06-02,S,exercise and sell,2300,420097.81,182.6512,,0,28926000,0,unknown,M,13,0,Common Stock,D,4,0001127602-22-016694,,https://www.sec.gov/Archives/edgar/data/1108524/000112760222016694/form4.xml
CRM,1108524,Marc Benioff,1294693,2022-06-02,2022-06-01,S,exercise and sell,2300,410372.73,178.4229,,0,28926000,0,unknown,M,9,0,Common Stock,D,4,0001127602-22-016530,,https://www.sec.gov/Archives/edgar/data/1108524/000112760222016530/form4.xml
CRM,1108524,Marc Benioff,1294693,2022-06-01,2022-05-31,S,exercise and sell,2300,374550.29,162.8480,,0,28926000,0,unknown,M,7,0,Common Stock,D,4,0001127602-22-016190,,https://www.sec.gov/Archives/edgar/data/1108524/000112760222016190/form4.xml
CRM,1108524,Marc Benioff,1294693,2022-05-31,2022-05-27,S,exercise and sell,2300,375828.72,163.4038,,0,28926000,0,unknown,M,5,0,Common Stock,D,4,0001127602-22-016068,,https://www.sec.gov/Archives/edgar/data/1108524/000112760222016068/form4.xml
CRM,1108524,Marc Benioff,1294693,2022-05-26,2022-05-26,S,exercise and sell,2300,371419.47,161.4867,,0,28926000,0,unknown,M,5,0,Common Stock,D,4,0001127602-22-015810,,https://www.sec.gov/Archives/edgar/data/1108524/000112760222015810/form4.xml
CRM,1108524,Marc Benioff,1294693,2022-05-26,2022-05-25,S,exercise and sell,2300,366332.82,159.2751,,0,28926000,0,unknown,M,6,0,Common Stock,D,4,0001127602-22-015788,,https://www.sec.gov/Archives/edgar/data/1108524/000112760222015788/form4.xml
CRM,1108524,Marc Benioff,1294693,2022-05-25,2022-05-24,S,exercise and sell,2300,359526.25,156.3158,,0,28926000,0,unknown,M,4,0,Common Stock,D,4,0001127602-22-015641,,https://www.sec.gov/Archives/edgar/data/1108524/000112760222015641/form4.xml
CRM,1108524,Marc Benioff,1294693,2022-05-24,2022-05-23,S,exercise and sell,2300,365623.96,158.9669,,0,28926000,0,unknown,M,5,0,Common Stock,D,4,0001127602-22-015466,,https://www.sec.gov/Archives/edgar/data/1108524/000112760222015466/form4.xml
CRM,1108524,Marc Benioff,1294693,2022-05-23,2022-05-20,S,exercise and sell,2300,362285.20,157.5153,,0,28926000,0,unknown,M,5,0,Common Stock,D,4,0001127602-22-015407,,https://www.sec.gov/Archives/edgar/data/1108524/000112760222015407/form4.xml
CRM,1108524,Marc Benioff,1294693,2022-05-20,2022-05-19,S,exercise and sell,2300,361247.33,157.0641,,0,28926000,0,unknown,M,4,0,Common Stock,D,4,0001127602-22-015295,,https://www.sec.gov/Archives/edgar/data/1108524/000112760222015295/form4.xml
CRM,1108524,Marc Benioff,1294693,2022-05-19,2022-05-18,S,exercise and sell,2300,366600.33,159.3914,,0,28926000,0,unknown,M,8,0,Common Stock,D,4,0001127602-22-015155,,https://www.sec.gov/Archives/edgar/data/1108524/000112760222015155/form4.xml
CRM,1108524,Marc Benioff,1294693,2022-05-18,2022-05-17,S,exercise and sell,2300,374274.69,162.7281,,0,28926000,0,unknown,M,8,0,Common Stock,D,4,0001127602-22-015016,,https://www.sec.gov/Archives/edgar/data/1108524/000112760222015016/form4.xml
CRM,1108524,Marc Benioff,1294693,2022-05-17,2022-05-16,S,exercise and sell,2300,378037.33,164.3641,,0,28926000,0,unknown,M,3,0,Common Stock,D,4,0001127602-22-014764,,https://www.sec.gov/Archives/edgar/data/1108524/000112760222014764/form4.xml
CRM,1108524,Marc Benioff,1294693,2022-05-16,2022-05-13,S,exercise and sell,2300,383224.45,166.6193,,0,28926000,0,unknown,M,5,0,Common Stock,D,4,0001127602-22-014668,,https://www.sec.gov/Archives/edgar/data/1108524/000112760222014668/form4.xml
CRM,1108524,Marc Benioff,1294693,2022-05-12,2022-05-12,S,exercise and sell,2300,369378.17,160.5992,,0,28926000,0,unknown,M,10,0,Common Stock,D,4,0001127602-22-014297,,https://www.sec.gov/Archives/edgar/data/1108524/000112760222014297/form4.xml
CRM,1108524,Marc Benioff,1294693,2022-05-12,2022-05-11,S,exercise and sell,2300,378135.14,164.4066,,0,28926000,0,unknown,M,8,0,Common Stock,D,4,0001127602-22-014252,,https://www.sec.gov/Archives/edgar/data/1108524/000112760222014252/form4.xml
CRM,1108524,Marc Benioff,1294693,2022-05-11,2022-05-10,S,exercise and sell,2300,383910.91,166.9178,,0,28926000,0,unknown,M,7,0,Common Stock,D,4,0001127602-22-014196,,https://www.sec.gov/Archives/edgar/data/1108524/000112760222014196/form4.xml
CRM,1108524,Marc Benioff,1294693,2022-05-10,2022-05-09,S,exercise and sell,2300,380343.88,165.3669,,0,28926000,0,unknown,M,7,0,Common Stock,D,4,0001127602-22-014018,,https://www.sec.gov/Archives/edgar/data/1108524/000112760222014018/form4.xml
CRM,1108524,Marc Benioff,1294693,2022-05-09,2022-05-06,S,exercise and sell,2300,389743.63,169.4538,,0,28926000,0,unknown,M,6,0,Common Stock,D,4,0001127602-22-013848,,https://www.sec.gov/Archives/edgar/data/1108524/000112760222013848/form4.xml
CRM,1108524,Marc Benioff,1294693,2022-05-05,2022-05-05,S,exercise and sell,2300,399312.09,173.6140,,0,28926000,0,unknown,M,9,0,Common Stock,D,4,0001127602-22-013571,,https://www.sec.gov/Archives/edgar/data/1108524/000112760222013571/form4.xml
CRM,1108524,Marc Benioff,1294693,2022-05-05,2022-05-04,S,exercise and sell,2300,413293.36,179.6928,,0,28926000,0,unknown,M,9,0,Common Stock,D,4,0001127602-22-013528,,https://www.sec.gov/Archives/edgar/data/1108524/000112760222013528/form4.xml
CRM,1108524,Marc Benioff,1294693,2022-05-04,2022-05-03,S,exercise and sell,2300,409152.82,177.8925,,0,28926000,0,unknown,M,3,0,Common Stock,D,4,0001127602-22-013295,,https://www.sec.gov/Archives/edgar/data/1108524/000112760222013295/form4.xml
CRM,1108524,Marc Benioff,1294693,2022-05-03,2022-05-02,S,exercise and sell,2300,404022.39,175.6619,,0,28926000,0,unknown,M,5,0,Common Stock,D,4,0001127602-22-013074,,https://www.sec.gov/Archives/edgar/data/1108524/000112760222013074/form4.xml
CRM,1108524,Marc Benioff,1294693,2022-05-02,2022-04-29,S,exercise and sell,2300,413684.29,179.8627,,0,28926000,,unknown,M,8,0,Common Stock,D,4,0001127602-22-012823,,https://www.sec.gov/Archives/edgar/data/1108524/000112760222012823/form4.xml
CRM,1108524,Marc Benioff,1294693,2022-05-02,2022-04-28,S,exercise and sell,2300,420551.56,182.8485,,0,28926000,0,unknown,M,7,0,Common Stock,D,4,0001127602-22-012823,,https://www.sec.gov/Archives/edgar/data/1108524/000112760222012823/form4.xml
CRM,1108524,Marc Benioff,1294693,2022-04-28,2022-04-27,S,exercise and sell,2300,401786.79,174.6899,,0,28926000,0,unknown,M,7,0,Common Stock,D,4,0001127602-22-012712,,https://www.sec.gov/Archives/edgar/data/1108524/000112760222012712/form4.xml
CRM,1108524,Marc Benioff,1294693,2022-04-27,2022-04-26,S,exercise and sell,2300,391027.41,170.0119,,0,28926000,0,unknown,M,5,0,Common Stock,D,4,0001127602-22-012592,,https://www.sec.gov/Archives/edgar/data/1108524/000112760222012592/form4.xml
CRM,1108524,Marc Benioff,1294693,2022-04-26,2022-04-25,S,exercise and sell,2300,396488.01,172.3861,,0,28926000,0,unknown,M,5,0,Common Stock,D,4,0001127602-22-012540,,https://www.sec.gov/Archives/edgar/data/1108524/000112760222012540/form4.xml
CRM,1108524,Marc Benioff,1294693,2022-04-25,2022-04-22,S,exercise and sell,2300,399804.65,173.8281,,0,28926000,0,unknown,M,6,0,Common Stock,D,4,0001127602-22-012470,,https://www.sec.gov/Archives/edgar/data/1108524/000112760222012470/form4.xml
CRM,1108524,Marc Benioff,1294693,2022-04-22,2022-04-21,S,exercise and sell,2300,419610.74,182.4395,,0,28926000,0,unknown,M,9,0,Common Stock,D,4,0001127602-22-012438,,https://www.sec.gov/Archives/edgar/data/1108524/000112760222012438/form4.xml
CRM,1108524,Marc Benioff,1294693,2022-04-21,2022-04-20,S,exercise and sell,2300,432100.34,187.8697,,0,28926000,0,unknown,M,6,0,Common Stock,D,4,0001127602-22-012361,,https://www.sec.gov/Archives/edgar/data/1108524/000112760222012361/form4.xml
CRM,1108524,Marc Benioff,1294693,2022-04-20,2022-04-19,S,exercise and sell,2300,437668.02,190.2904,,0,28926000,0,unknown,M,6,0,Common Stock,D,4,0001127602-22-012293,,https://www.sec.gov/Archives/edgar/data/1108524/000112760222012293/form4.xml
CRM,1108524,Marc Benioff,1294693,2022-04-19,2022-04-18,S,sale,9419,1770237.79,187.9433,0.0326,-7119,28926000,0,unknown,M,4,0,Common Stock,D,4,0001127602-22-012189,,https://www.sec.gov/Archives/edgar/data/1108524/000112760222012189/form4.xml
CRM,1108524,Marc Benioff,1294693,2022-04-15,2022-04-14,S,exercise and sell,2300,440476.51,191.5115,,0,28933119,0,unknown,M,7,0,Common Stock,D,4,0001127602-22-012009,,https://www.sec.gov/Archives/edgar/data/1108524/000112760222012009/form4.xml
CRM,1108524,Marc Benioff,1294693,2022-04-14,2022-04-13,S,exercise and sell,2300,447065.85,194.3765,,0,28933119,0,unknown,M,7,0,Common Stock,D,4,0001127602-22-011977,,https://www.sec.gov/Archives/edgar/data/1108524/000112760222011977/form4.xml
CRM,1108524,Marc Benioff,1294693,2022-04-13,2022-04-12,S,exercise and sell,2300,453994.07,197.3887,,0,28933119,0,unknown,M,6,0,Common Stock,D,4,0001127602-22-011951,,https://www.sec.gov/Archives/edgar/data/1108524/000112760222011951/form4.xml
CRM,1108524,Marc Benioff,1294693,2022-04-12,2022-04-11,S,sale,2300,448312.19,194.9183,0.0079,14878,28933119,,unknown,AM,5,0,Common Stock,D,4,0001127602-22-011923,,https://www.sec.gov/Archives/edgar/data/1108524/000112760222011923/form4.xml
CRM,1108524,Marc Benioff,1294693,2022-04-11,2022-04-08,S,exercise and sell,2300,456399.94,198.4348,,0,28918241,0,unknown,M,4,0,Common Stock,D,4,0001127602-22-011858,,https://www.sec.gov/Archives/edgar/data/1108524/000112760222011858/form4.xml
CRM,1108524,Marc Benioff,1294693,2022-04-08,2022-04-07,S,exercise and sell,2300,459889.40,199.9519,,0,28918241,0,unknown,M,4,0,Common Stock,D,4,0001127602-22-011780,,https://www.sec.gov/Archives/edgar/data/1108524/000112760222011780/form4.xml
CRM,1108524,Marc Benioff,1294693,2022-04-07,2022-04-06,S,exercise and sell,2300,461562.42,200.6793,,0,28918241,0,unknown,M,6,0,Common Stock,D,4,0001127602-22-011729,,https://www.sec.gov/Archives/edgar/data/1108524/000112760222011729/form4.xml
CRM,1108524,Marc Benioff,1294693,2022-04-06,2022-04-05,S,exercise and sell,2300,486380.70,211.4699,,0,28918241,0,unknown,M,7,0,Common Stock,D,4,0001127602-22-011685,,https://www.sec.gov/Archives/edgar/data/1108524/000112760222011685/form4.xml
CRM,1108524,Marc Benioff,1294693,2022-04-05,2022-04-04,S,exercise and sell,2300,502878.65,218.6429,,0,28918241,0,unknown,M,6,0,Common Stock,D,4,0001127602-22-011607,,https://www.sec.gov/Archives/edgar/data/1108524/000112760222011607/form4.xml
CRM,1108524,Marc Benioff,1294693,2022-04-04,2022-04-01,S,exercise and sell,2300,486631.56,211.5789,,0,28918241,0,unknown,M,3,0,Common Stock,D,4,0001127602-22-011263,,https://www.sec.gov/Archives/edgar/data/1108524/000112760222011263/form4.xml
CRM,1108524,Marc Benioff,1294693,2022-03-31,2022-03-31,S,exercise and sell,2300,492887.46,214.2989,,0,28918241,0,unknown,M,4,0,Common Stock,D,4,0001127602-22-010762,,https://www.sec.gov/Archives/edgar/data/1108524/000112760222010762/form4.xml
CRM,1108524,Marc Benioff,1294693,2022-03-31,2022-03-30,S,exercise and sell,2300,496849.25,216.0214,,0,28918241,0,unknown,M,6,0,Common Stock,D,4,0001127602-22-010746,,https://www.sec.gov/Archives/edgar/data/1108524/000112760222010746/form4.xml
CRM,1108524,Marc Benioff,1294693,2022-03-30,2022-03-29,S,exercise and sell,2300,505838.79,219.9299,,0,28918241,0,unknown,M,5,0,Common Stock,D,4,0001127602-22-010655,,https://www.sec.gov/Archives/edgar/data/1108524/000112760222010655/form4.xml
CRM,1108524,Marc Benioff,1294693,2022-03-29,2022-03-28,S,exercise and sell,2300,488929.96,212.5782,,0,28918241,0,unknown,M,5,0,Common Stock,D,4,0001127602-22-010600,,https://www.sec.gov/Archives/edgar/data/1108524/000112760222010600/form4.xml
CRM,1108524,Marc Benioff,1294693,2022-03-28,2022-03-25,S,exercise and sell,2300,484961.35,210.8528,,0,28918241,0,unknown,M,6,0,Common Stock,D,4,0001127602-22-010453,,https://www.sec.gov/Archives/edgar/data/1108524/000112760222010453/form4.xml
CRM,1108524,Marc Benioff,1294693,2022-03-25,2022-03-24,S,exercise and sell,2300,488289.53,212.2998,,0,28918241,0,unknown,M,4,0,Common Stock,D,4,0001127602-22-010417,,https://www.sec.gov/Archives/edgar/data/1108524/000112760222010417/form4.xml
CRM,1108524,Marc Benioff,1294693,2022-03-24,2022-03-23,S,exercise and sell,2300,485113.16,210.9188,,0,28918241,0,unknown,M,5,0,Common Stock,D,4,0001127602-22-010336,,https://www.sec.gov/Archives/edgar/data/1108524/000112760222010336/form4.xml
CRM,1108524,Marc Benioff,1294693,2022-03-23,2022-03-22,S,exercise and sell,2300,500630.70,217.6655,,0,28918241,0,unknown,M,7,0,Common Stock,D,4,0001127602-22-010258,,https://www.sec.gov/Archives/edgar/data/1108524/000112760222010258/form4.xml
CRM,1108524,Marc Benioff,1294693,2022-03-22,2022-03-21,S,exercise and sell,2300,491784.33,213.8193,,0,28918241,0,unknown,M,6,0,Common Stock,D,4,0001127602-22-010176,,https://www.sec.gov/Archives/edgar/data/1108524/000112760222010176/form4.xml
CRM,1108524,Marc Benioff,1294693,2022-03-21,2022-03-18,S,exercise and sell,2300,494020.47,214.7915,,0,28918241,0,unknown,M,9,0,Common Stock,D,4,0001127602-22-010041,,https://www.sec.gov/Archives/edgar/data/1108524/000112760222010041/form4.xml
CRM,1108524,Marc Benioff,1294693,2022-03-18,2022-03-17,S,exercise and sell,2300,477710.50,207.7002,,0,28918241,0,unknown,M,7,0,Common Stock,D,4,0001127602-22-009963,,https://www.sec.gov/Archives/edgar/data/1108524/000112760222009963/form4.xml
CRM,1108524,Marc Benioff,1294693,2022-03-17,2022-03-16,S,exercise and sell,2300,466088.14,202.6470,,0,28918241,0,unknown,M,7,0,Common Stock,D,4,0001127602-22-009766,,https://www.sec.gov/Archives/edgar/data/1108524/000112760222009766/form4.xml
CRM,1108524,Marc Benioff,1294693,2022-03-16,2022-03-15,S,exercise and sell,2300,448142.16,194.8444,,0,28918241,0,unknown,M,5,0,Common Stock,D,4,0001127602-22-009522,,https://www.sec.gov/Archives/edgar/data/1108524/000112760222009522/form4.xml
CRM,1108524,Marc Benioff,1294693,2022-03-15,2022-03-14,S,exercise and sell,2300,449925.69,195.6199,,0,28918241,0,unknown,M,7,0,Common Stock,D,4,0001127602-22-009330,,https://www.sec.gov/Archives/edgar/data/1108524/000112760222009330/form4.xml
CRM,1108524,Marc Benioff,1294693,2022-03-14,2022-03-11,S,exercise and sell,2300,460407.18,200.1770,,0,28918241,0,unknown,M,7,0,Common Stock,D,4,0001127602-22-009186,,https://www.sec.gov/Archives/edgar/data/1108524/000112760222009186/form4.xml
CRM,1108524,Marc Benioff,1294693,2022-03-11,2022-03-10,S,exercise and sell,2300,458796.66,199.4768,,0,28918241,0,unknown,M,4,0,Common Stock,D,4,0001127602-22-009023,,https://www.sec.gov/Archives/edgar/data/1108524/000112760222009023/form4.xml
CRM,1108524,Marc Benioff,1294693,2022-03-10,2022-03-09,S,exercise and sell,2300,467090.76,203.0829,,0,28918241,0,unknown,M,6,0,Common Stock,D,4,0001127602-22-008934,,https://www.sec.gov/Archives/edgar/data/1108524/000112760222008934/form4.xml
CRM,1108524,Marc Benioff,1294693,2022-03-09,2022-03-08,S,exercise and sell,2300,445646.93,193.7595,,0,28918241,0,unknown,M,7,0,Common Stock,D,4,0001127602-22-008788,,https://www.sec.gov/Archives/edgar/data/1108524/000112760222008788/form4.xml
CRM,1108524,Marc Benioff,1294693,2022-03-08,2022-03-07,S,exercise and sell,2300,459546.46,199.8028,,0,28918241,0,unknown,M,9,0,Common Stock,D,4,0001127602-22-008620,,https://www.sec.gov/Archives/edgar/data/1108524/000112760222008620/form4.xml
CRM,1108524,Marc Benioff,1294693,2022-03-07,2022-03-04,S,exercise and sell,2300,464346.49,201.8898,,0,28918241,0,unknown,M,6,0,Common Stock,D,4,0001127602-22-008399,,https://www.sec.gov/Archives/edgar/data/1108524/000112760222008399/form4.xml
CRM,1108524,Marc Benioff,1294693,2022-03-04,2022-03-03,S,exercise and sell,2300,475356.78,206.6769,,0,28918241,0,unknown,M,6,0,Common Stock,D,4,0001127602-22-008275,,https://www.sec.gov/Archives/edgar/data/1108524/000112760222008275/form4.xml
CRM,1108524,Marc Benioff,1294693,2022-03-03,2022-03-02,S,exercise and sell,2300,481353.12,209.2840,,0,28918241,0,unknown,M,10,0,Common Stock,D,4,0001127602-22-008165,,https://www.sec.gov/Archives/edgar/data/1108524/000112760222008165/form4.xml
CRM,1108524,Marc Benioff,1294693,2022-03-02,2022-03-01,S,exercise and sell,2300,485155.23,210.9371,,0,28918241,0,unknown,M,5,0,Common Stock,D,4,0001127602-22-007843,,https://www.sec.gov/Archives/edgar/data/1108524/000112760222007843/form4.xml
CRM,1108524,Marc Benioff,1294693,2022-03-01,2022-02-28,S,exercise and sell,2300,481345.03,209.2804,,0,28918241,0,unknown,M,5,0,Common Stock,D,4,0001127602-22-007431,,https://www.sec.gov/Archives/edgar/data/1108524/000112760222007431/form4.xml
CRM,1108524,Marc Benioff,1294693,2022-02-28,2022-02-25,S,exercise and sell,2300,474341.26,206.2353,,0,28918241,0,unknown,M,6,0,Common Stock,D,4,0001127602-22-007141,,https://www.sec.gov/Archives/edgar/data/1108524/000112760222007141/form4.xml
CRM,1108524,Marc Benioff,1294693,2022-02-25,2022-02-24,S,exercise and sell,2300,452923.95,196.9235,,0,28918241,,unknown,M,14,0,Common Stock,D,4,0001127602-22-006916,,https://www.sec.gov/Archives/edgar/data/1108524/000112760222006916/form4.xml
CRM,1108524,Marc Benioff,1294693,2022-02-25,2022-02-23,S,exercise and sell,2300,444899.15,193.4344,,0,28918241,0,unknown,M,8,0,Common Stock,D,4,0001127602-22-006916,,https://www.sec.gov/Archives/edgar/data/1108524/000112760222006916/form4.xml
CRM,1108524,Marc Benioff,1294693,2022-02-23,2022-02-22,S,exercise and sell,2300,452279.15,196.6431,,0,28918241,0,unknown,M,8,0,Common Stock,D,4,0001127602-22-006389,,https://www.sec.gov/Archives/edgar/data/1108524/000112760222006389/form4.xml
CRM,1108524,Marc Benioff,1294693,2022-02-22,2022-02-18,S,exercise and sell,2300,455191.70,197.9094,,0,28918241,0,unknown,M,6,0,Common Stock,D,4,0001127602-22-006101,,https://www.sec.gov/Archives/edgar/data/1108524/000112760222006101/form4.xml
CRM,1108524,Marc Benioff,1294693,2022-02-18,2022-02-17,S,exercise and sell,2300,467155.94,203.1113,,0,28918241,0,unknown,M,7,0,Common Stock,D,4,0001127602-22-005819,,https://www.sec.gov/Archives/edgar/data/1108524/000112760222005819/form4.xml
CRM,1108524,Marc Benioff,1294693,2022-02-17,2022-02-16,S,exercise and sell,2300,483516.12,210.2244,,0,28918241,0,unknown,M,4,0,Common Stock,D,4,0001127602-22-005550,,https://www.sec.gov/Archives/edgar/data/1108524/000112760222005550/form4.xml
CRM,1108524,Marc Benioff,1294693,2022-02-16,2022-02-15,S,exercise and sell,2300,486465.02,211.5065,,0,28918241,0,unknown,M,6,0,Common Stock,D,4,0001127602-22-005306,,https://www.sec.gov/Archives/edgar/data/1108524/000112760222005306/form4.xml
CRM,1108524,Marc Benioff,1294693,2022-02-15,2022-02-14,S,exercise and sell,2300,477161.71,207.4616,,0,28918241,0,unknown,M,5,0,Common Stock,D,4,0001127602-22-005023,,https://www.sec.gov/Archives/edgar/data/1108524/000112760222005023/form4.xml
CRM,1108524,Marc Benioff,1294693,2022-02-14,2022-02-11,S,exercise and sell,2300,488412.92,212.3534,,0,28918241,0,unknown,M,11,0,Common Stock,D,4,0001127602-22-004835,,https://www.sec.gov/Archives/edgar/data/1108524/000112760222004835/form4.xml
CRM,1108524,Marc Benioff,1294693,2022-02-11,2022-02-10,S,exercise and sell,2300,503160.03,218.7652,,0,28918241,0,unknown,M,5,0,Common Stock,D,4,0001127602-22-004631,,https://www.sec.gov/Archives/edgar/data/1108524/000112760222004631/form4.xml
CRM,1108524,Marc Benioff,1294693,2022-02-10,2022-02-09,S,exercise and sell,2300,505160.74,219.6351,,0,28918241,0,unknown,M,6,0,Common Stock,D,4,0001127602-22-004310,,https://www.sec.gov/Archives/edgar/data/1108524/000112760222004310/form4.xml
CRM,1108524,Marc Benioff,1294693,2022-02-09,2022-02-08,S,exercise and sell,2300,496252.10,215.7618,,0,28918241,0,unknown,M,5,0,Common Stock,D,4,0001127602-22-004007,,https://www.sec.gov/Archives/edgar/data/1108524/000112760222004007/form4.xml
CRM,1108524,Marc Benioff,1294693,2022-02-08,2022-02-07,S,exercise and sell,2300,503422.02,218.8791,,0,28918241,0,unknown,M,4,0,Common Stock,D,4,0001127602-22-003756,,https://www.sec.gov/Archives/edgar/data/1108524/000112760222003756/form4.xml
CRM,1108524,Marc Benioff,1294693,2022-02-07,2022-02-04,S,exercise and sell,2300,501953.51,218.2407,,0,28918241,0,unknown,M,7,0,Common Stock,D,4,0001127602-22-003584,,https://www.sec.gov/Archives/edgar/data/1108524/000112760222003584/form4.xml
CRM,1108524,Marc Benioff,1294693,2022-02-03,2022-02-03,S,exercise and sell,2300,493907.60,214.7424,,0,28918241,0,unknown,M,9,0,Common Stock,D,4,0001127602-22-003245,,https://www.sec.gov/Archives/edgar/data/1108524/000112760222003245/form4.xml
CRM,1108524,Marc Benioff,1294693,2022-02-03,2022-02-02,S,exercise and sell,2300,522110.48,227.0046,,0,28918241,0,unknown,M,9,0,Common Stock,D,4,0001127602-22-003220,,https://www.sec.gov/Archives/edgar/data/1108524/000112760222003220/form4.xml
CRM,1108524,Marc Benioff,1294693,2022-02-02,2022-02-01,S,exercise and sell,2300,529126.72,230.0551,,0,28918241,0,unknown,M,6,0,Common Stock,D,4,0001127602-22-003052,,https://www.sec.gov/Archives/edgar/data/1108524/000112760222003052/form4.xml
CRM,1108524,Marc Benioff,1294693,2022-02-01,2022-01-31,S,exercise and sell,2300,526737.97,229.0165,,0,28918241,0,unknown,M,9,0,Common Stock,D,4,0001127602-22-002788,,https://www.sec.gov/Archives/edgar/data/1108524/000112760222002788/form4.xml
CRM,1108524,Marc Benioff,1294693,2022-01-31,2022-01-28,S,exercise and sell,2300,501143.37,217.8884,,0,28918241,0,unknown,M,7,0,Common Stock,D,4,0001127602-22-002554,,https://www.sec.gov/Archives/edgar/data/1108524/000112760222002554/form4.xml
CRM,1108524,Marc Benioff,1294693,2022-01-28,2022-01-27,S,exercise and sell,2300,496898.52,216.0428,,0,28918241,0,unknown,M,9,0,Common Stock,D,4,0001127602-22-002399,,https://www.sec.gov/Archives/edgar/data/1108524/000112760222002399/form4.xml
CRM,1108524,Marc Benioff,1294693,2022-01-27,2022-01-26,S,exercise and sell,2300,496159.87,215.7217,,0,28918241,0,unknown,M,9,0,Common Stock,D,4,0001127602-22-002240,,https://www.sec.gov/Archives/edgar/data/1108524/000112760222002240/form4.xml
CRM,1108524,Marc Benioff,1294693,2022-01-26,2022-01-25,S,exercise and sell,2300,503423.58,218.8798,,0,28918241,0,unknown,M,8,0,Common Stock,D,4,0001127602-22-002192,,https://www.sec.gov/Archives/edgar/data/1108524/000112760222002192/form4.xml
CRM,1108524,Marc Benioff,1294693,2022-01-25,2022-01-24,S,exercise and sell,2300,494739.29,215.1040,,0,28918241,0,unknown,M,11,0,Common Stock,D,4,0001127602-22-002098,,https://www.sec.gov/Archives/edgar/data/1108524/000112760222002098/form4.xml
CRM,1108524,Marc Benioff,1294693,2022-01-24,2022-01-21,S,exercise and sell,2300,508362.76,221.0273,,0,28918241,0,unknown,M,6,0,Common Stock,D,4,0001127602-22-001988,,https://www.sec.gov/Archives/edgar/data/1108524/000112760222001988/form4.xml
CRM,1108524,Marc Benioff,1294693,2022-01-21,2022-01-20,S,exercise and sell,2300,525357.13,228.4161,,0,28918241,0,unknown,M,8,0,Common Stock,D,4,0001127602-22-001874,,https://www.sec.gov/Archives/edgar/data/1108524/000112760222001874/form4.xml
CRM,1108524,Marc Benioff,1294693,2022-01-20,2022-01-19,S,exercise and sell,2300,526781.37,229.0354,,0,28918241,0,unknown,M,6,0,Common Stock,D,4,0001127602-22-001785,,https://www.sec.gov/Archives/edgar/data/1108524/000112760222001785/form4.xml
CRM,1108524,Marc Benioff,1294693,2022-01-19,2022-01-18,S,exercise and sell,2300,523388.32,227.5601,,0,28918241,0,unknown,M,4,0,Common Stock,D,4,0000899243-22-002500,,https://www.sec.gov/Archives/edgar/data/1108524/000089924322002500/doc4.xml
CRM,1108524,Marc Benioff,1294693,2022-01-18,2022-01-14,S,exercise and sell,2300,529417.02,230.1813,,0,28918241,0,unknown,M,4,0,Common Stock,D,4,0000899243-22-002231,,https://www.sec.gov/Archives/edgar/data/1108524/000089924322002231/doc4.xml
CRM,1108524,Marc Benioff,1294693,2022-01-14,2022-01-13,S,exercise and sell,2300,533328.24,231.8818,,0,28918241,0,unknown,M,8,0,Common Stock,D,4,0001127602-22-001545,,https://www.sec.gov/Archives/edgar/data/1108524/000112760222001545/form4.xml
CRM,1108524,Marc Benioff,1294693,2022-01-13,2022-01-12,S,exercise and sell,2300,547308.13,237.9601,,0,28918241,0,unknown,M,3,0,Common Stock,D,4,0001127602-22-001476,,https://www.sec.gov/Archives/edgar/data/1108524/000112760222001476/form4.xml
CRM,1108524,Marc Benioff,1294693,2022-01-12,2022-01-11,S,exercise and sell,2300,536508.12,233.2644,,0,28918241,0,unknown,M,7,0,Common Stock,D,4,0001127602-22-001402,,https://www.sec.gov/Archives/edgar/data/1108524/000112760222001402/form4.xml
CRM,1108524,Marc Benioff,1294693,2022-01-11,2022-01-10,S,exercise and sell,2300,515283.20,224.0362,,0,28918241,0,unknown,M,10,0,Common Stock,D,4,0001127602-22-001360,,https://www.sec.gov/Archives/edgar/data/1108524/000112760222001360/form4.xml
CRM,1108524,Marc Benioff,1294693,2022-01-10,2022-01-07,S,exercise and sell,2300,525743.12,228.5840,,0,28918241,0,unknown,M,5,0,Common Stock,D,4,0001127602-22-001280,,https://www.sec.gov/Archives/edgar/data/1108524/000112760222001280/form4.xml
CRM,1108524,Marc Benioff,1294693,2022-01-06,2022-01-06,S,exercise and sell,2300,530019.76,230.4434,,0,28918241,0,unknown,M,7,0,Common Stock,D,4,0001127602-22-001119,,https://www.sec.gov/Archives/edgar/data/1108524/000112760222001119/form4.xml
CRM,1108524,Marc Benioff,1294693,2022-01-06,2022-01-05,S,exercise and sell,2300,534644.95,232.4543,,0,28918241,,unknown,M,8,0,Common Stock,D,4,0001127602-22-001099,,https://www.sec.gov/Archives/edgar/data/1108524/000112760222001099/form4.xml
CRM,1108524,Marc Benioff,1294693,2022-01-06,2022-01-04,S,exercise and sell,2300,571339.49,248.4085,,0,28918241,0,unknown,M,11,0,Common Stock,D,4,0001127602-22-001099,,https://www.sec.gov/Archives/edgar/data/1108524/000112760222001099/form4.xml
CRM,1108524,Marc Benioff,1294693,2022-01-05,2022-01-03,S,exercise and sell,2300,581885.33,252.9936,,0,28918241,0,unknown,M,7,0,Common Stock,D,4,0001127602-22-001036,,https://www.sec.gov/Archives/edgar/data/1108524/000112760222001036/form4.xml
CRM,1108524,Marc Benioff,1294693,2021-11-04,2021-11-03,S,sale,68008,20520805.96,301.7411,0.2346,-68008,28918241,0,unknown,,6,0,Common Stock,D,4,0001127602-21-028422,,https://www.sec.gov/Archives/edgar/data/1108524/000112760221028422/form4.xml
CRM,1108524,Marc Benioff,1294693,2021-11-03,2021-11-02,S,exercise and sell,6358,1918880.66,301.8057,,0,28986249,0,unknown,M,4,0,Common Stock,D,4,0001127602-21-028346,,https://www.sec.gov/Archives/edgar/data/1108524/000112760221028346/form4.xml
CRM,1108524,Marc Benioff,1294693,2021-11-01,2021-11-01,S,exercise and sell,20000,6034440.18,301.7220,,0,28986249,,unknown,M,5,0,Common Stock,D,4,0001127602-21-028010,,https://www.sec.gov/Archives/edgar/data/1108524/000112760221028010/form4.xml
CRM,1108524,Marc Benioff,1294693,2021-11-01,2021-10-29,S,exercise and sell,20000,5967569.21,298.3785,,0,28986249,0,unknown,M,4,0,Common Stock,D,4,0001127602-21-028010,,https://www.sec.gov/Archives/edgar/data/1108524/000112760221028010/form4.xml
CRM,1108524,Marc Benioff,1294693,2021-10-29,2021-10-28,S,exercise and sell,20000,5933250.97,296.6625,,0,28986249,0,unknown,M,5,0,Common Stock,D,4,0001127602-21-027833,,https://www.sec.gov/Archives/edgar/data/1108524/000112760221027833/form4.xml
CRM,1108524,Marc Benioff,1294693,2021-10-28,2021-10-27,S,exercise and sell,20000,5941355.51,297.0678,,0,28986249,0,unknown,M,4,0,Common Stock,D,4,0001127602-21-027766,,https://www.sec.gov/Archives/edgar/data/1108524/000112760221027766/form4.xml
CRM,1108524,Marc Benioff,1294693,2021-10-27,2021-10-26,S,exercise and sell,20000,5913812.14,295.6906,,0,28986249,0,unknown,M,5,0,Common Stock,D,4,0001127602-21-027714,,https://www.sec.gov/Archives/edgar/data/1108524/000112760221027714/form4.xml
CRM,1108524,Marc Benioff,1294693,2021-10-26,2021-10-25,S,exercise and sell,20000,5868826.03,293.4413,,0,28986249,0,unknown,M,4,0,Common Stock,D,4,0001127602-21-027656,,https://www.sec.gov/Archives/edgar/data/1108524/000112760221027656/form4.xml
CRM,1108524,Marc Benioff,1294693,2021-10-25,2021-10-22,S,exercise and sell,20000,5824209.92,291.2105,,0,28986249,0,unknown,M,5,0,Common Stock,D,4,0001127602-21-027605,,https://www.sec.gov/Archives/edgar/data/1108524/000112760221027605/form4.xml
CRM,1108524,Marc Benioff,1294693,2021-10-22,2021-10-21,S,exercise and sell,20000,5805665.31,290.2833,,0,28986249,0,unknown,M,3,0,Common Stock,D,4,0001127602-21-027496,,https://www.sec.gov/Archives/edgar/data/1108524/000112760221027496/form4.xml
CRM,1108524,Marc Benioff,1294693,2021-10-21,2021-10-20,S,exercise and sell,20000,5803393.81,290.1697,,0,28986249,0,unknown,M,7,0,Common Stock,D,4,0001127602-21-027448,,https://www.sec.gov/Archives/edgar/data/1108524/000112760221027448/form4.xml
CRM,1108524,Marc Benioff,1294693,2021-10-20,2021-10-19,S,exercise and sell,20000,5865248.33,293.2624,,0,28986249,0,unknown,M,4,0,Common Stock,D,4,0001127602-21-027393,,https://www.sec.gov/Archives/edgar/data/1108524/000112760221027393/form4.xml
CRM,1108524,Marc Benioff,1294693,2021-10-19,2021-10-18,S,exercise and sell,20000,5828819.64,291.4410,,0,28986249,0,unknown,M,4,0,Common Stock,D,4,0001127602-21-027334,,https://www.sec.gov/Archives/edgar/data/1108524/000112760221027334/form4.xml
CRM,1108524,Marc Benioff,1294693,2021-10-18,2021-10-15,S,exercise and sell,20000,5830319.58,291.5160,,0,28986249,0,unknown,M,4,0,Common Stock,D,4,0001127602-21-027242,,https://www.sec.gov/Archives/edgar/data/1108524/000112760221027242/form4.xml
CRM,1108524,Marc Benioff,1294693,2021-10-15,2021-10-14,S,exercise and sell,20000,5774511.69,288.7256,,0,28986249,0,unknown,M,6,0,Common Stock,D,4,0001127602-21-027126,,https://www.sec.gov/Archives/edgar/data/1108524/000112760221027126/form4.xml
CRM,1108524,Marc Benioff,1294693,2021-10-14,2021-10-13,S,exercise and sell,20000,5664781.91,283.2391,,0,28986249,0,unknown,M,6,0,Common Stock,D,4,0001127602-21-027092,,https://www.sec.gov/Archives/edgar/data/1108524/000112760221027092/form4.xml
CRM,1108524,Marc Benioff,1294693,2021-10-13,2021-10-12,S,exercise and sell,20000,5576613.08,278.8307,,0,28986249,0,unknown,M,5,0,Common Stock,D,4,0001127602-21-027030,,https://www.sec.gov/Archives/edgar/data/1108524/000112760221027030/form4.xml
CRM,1108524,Marc Benioff,1294693,2021-10-12,2021-10-11,S,exercise and sell,20000,5498411.16,274.9206,,0,28986249,,unknown,M,5,0,Common Stock,D,4,0001127602-21-026990,,https://www.sec.gov/Archives/edgar/data/1108524/000112760221026990/form4.xml
CRM,1108524,Marc Benioff,1294693,2021-10-12,2021-10-08,S,exercise and sell,20000,5478689.84,273.9345,,0,28986249,0,unknown,M,4,0,Common Stock,D,4,0001127602-21-026990,,https://www.sec.gov/Archives/edgar/data/1108524/000112760221026990/form4.xml
CRM,1108524,Marc Benioff,1294693,2021-10-08,2021-10-07,S,exercise and sell,20000,5531642.38,276.5821,,0,28986249,0,unknown,M,5,0,Common Stock,D,4,0001127602-21-026870,,https://www.sec.gov/Archives/edgar/data/1108524/000112760221026870/form4.xml
CRM,1108524,Marc Benioff,1294693,2021-10-07,2021-10-06,S,exercise and sell,20000,5456875.03,272.8438,,0,28986249,0,unknown,M,8,0,Common Stock,D,4,0001127602-21-026819,,https://www.sec.gov/Archives/edgar/data/1108524/000112760221026819/form4.xml
CRM,1108524,Marc Benioff,1294693,2021-10-06,2021-10-05,S,exercise and sell,20000,5449743.73,272.4872,,0,28986249,0,unknown,M,2,0,Common Stock,D,4,0001127602-21-026771,,https://www.sec.gov/Archives/edgar/data/1108524/000112760221026771/form4.xml
CRM,1108524,Marc Benioff,1294693,2021-10-05,2021-10-04,S,exercise and sell,20000,5385970.53,269.2985,,0,28986249,0,unknown,M,8,0,Common Stock,D,4,0001127602-21-026692,,https://www.sec.gov/Archives/edgar/data/1108524/000112760221026692/form4.xml
CRM,1108524,Marc Benioff,1294693,2021-10-04,2021-10-01,S,exercise and sell,20000,5454710.81,272.7355,,0,28986249,0,unknown,M,7,0,Common Stock,D,4,0001127602-21-026540,,https://www.sec.gov/Archives/edgar/data/1108524/000112760221026540/form4.xml
CRM,1108524,Marc Benioff,1294693,2021-10-01,2021-09-30,S,exercise and sell,20000,5442164.93,272.1082,,0,28986249,,unknown,M,4,0,Common Stock,D,4,0001127602-21-026253,,https://www.sec.gov/Archives/edgar/data/1108524/000112760221026253/form4.xml
CRM,1108524,Marc Benioff,1294693,2021-10-01,2021-09-29,S,exercise and sell,20000,5435724.65,271.7862,,0,28986249,0,unknown,M,5,0,Common Stock,D,4,0001127602-21-026253,,https://www.sec.gov/Archives/edgar/data/1108524/000112760221026253/form4.xml
CRM,1108524,Marc Benioff,1294693,2021-09-29,2021-09-28,S,exercise and sell,20000,5461590.27,273.0795,,0,28986249,0,unknown,M,6,0,Common Stock,D,4,0001127602-21-026070,,https://www.sec.gov/Archives/edgar/data/1108524/000112760221026070/form4.xml
CRM,1108524,Marc Benioff,1294693,2021-09-28,2021-09-27,S,exercise and sell,20000,5617805.13,280.8903,,0,28986249,0,unknown,M,5,0,Common Stock,D,4,0001127602-21-025994,,https://www.sec.gov/Archives/edgar/data/1108524/000112760221025994/form4.xml
CRM,1108524,Marc Benioff,1294693,2021-09-27,2021-09-24,S,exercise and sell,20000,5675887.92,283.7944,,0,28986249,0,unknown,M,8,0,Common Stock,D,4,0001127602-21-025894,,https://www.sec.gov/Archives/edgar/data/1108524/000112760221025894/form4.xml
CRM,1108524,Marc Benioff,1294693,2021-09-24,2021-09-23,S,exercise and sell,20000,5489330.83,274.4665,,0,28986249,0,unknown,M,11,0,Common Stock,D,4,0001127602-21-025850,,https://www.sec.gov/Archives/edgar/data/1108524/000112760221025850/form4.xml
CRM,1108524,Marc Benioff,1294693,2021-09-23,2021-09-22,S,exercise and sell,20000,5183606.51,259.1803,,0,28986249,0,unknown,M,4,0,Common Stock,D,4,0001127602-21-025763,,https://www.sec.gov/Archives/edgar/data/1108524/000112760221025763/form4.xml
CRM,1108524,Marc Benioff,1294693,2021-09-22,2021-09-21,S,exercise and sell,20000,5191903.85,259.5952,,0,28986249,0,unknown,M,5,0,Common Stock,D,4,0001127602-21-025694,,https://www.sec.gov/Archives/edgar/data/1108524/000112760221025694/form4.xml
CRM,1108524,Marc Benioff,1294693,2021-09-21,2021-09-20,S,exercise and sell,20000,5137539.56,256.8770,,0,28986249,0,unknown,M,4,0,Common Stock,D,4,0001127602-21-025666,,https://www.sec.gov/Archives/edgar/data/1108524/000112760221025666/form4.xml
CRM,1108524,Marc Benioff,1294693,2021-09-20,2021-09-17,S,exercise and sell,20000,5200521.03,260.0261,,0,28986249,0,unknown,M,3,0,Common Stock,D,4,0001127602-21-025626,,https://www.sec.gov/Archives/edgar/data/1108524/000112760221025626/form4.xml
CRM,1108524,Marc Benioff,1294693,2021-09-17,2021-09-16,S,exercise and sell,20000,5155936.06,257.7968,,0,28986249,0,unknown,M,6,0,Common Stock,D,4,0001127602-21-025536,,https://www.sec.gov/Archives/edgar/data/1108524/000112760221025536/form4.xml
CRM,1108524,Marc Benioff,1294693,2021-09-16,2021-09-15,S,exercise and sell,20000,5099052.91,254.9526,,0,28986249,0,unknown,M,4,0,Common Stock,D,4,0001127602-21-025431,,https://www.sec.gov/Archives/edgar/data/1108524/000112760221025431/form4.xml
CRM,1108524,Marc Benioff,1294693,2021-09-15,2021-09-14,S,exercise and sell,20000,5080509.33,254.0255,,0,28986249,0,unknown,M,2,0,Common Stock,D,4,0001127602-21-025341,,https://www.sec.gov/Archives/edgar/data/1108524/000112760221025341/form4.xml
CRM,1108524,Marc Benioff,1294693,2021-09-14,2021-09-13,S,exercise and sell,20000,5071735.18,253.5868,,0,28986249,0,unknown,M,5,0,Common Stock,D,4,0001127602-21-025273,,https://www.sec.gov/Archives/edgar/data/1108524/000112760221025273/form4.xml
CRM,1108524,Marc Benioff,1294693,2021-09-13,2021-09-10,S,exercise and sell,20000,5159095.92,257.9548,,0,28986249,0,unknown,M,5,0,Common Stock,D,4,0001127602-21-025218,,https://www.sec.gov/Archives/edgar/data/1108524/000112760221025218/form4.xml
CRM,1108524,Marc Benioff,1294693,2021-09-09,2021-09-09,S,exercise and sell,20000,5236928.88,261.8464,,0,28986249,,unknown,M,4,0,Common Stock,D,4,0001127602-21-025093,,https://www.sec.gov/Archives/edgar/data/1108524/000112760221025093/form4.xml
CRM,1108524,Marc Benioff,1294693,2021-09-09,2021-09-08,S,exercise and sell,20000,5256353.79,262.8177,,0,28986249,0,unknown,M,3,0,Common Stock,D,4,0001127602-21-025093,,https://www.sec.gov/Archives/edgar/data/1108524/000112760221025093/form4.xml
CRM,1108524,Marc Benioff,1294693,2021-09-08,2021-09-07,S,exercise and sell,20000,5308566.09,265.4283,,0,28986249,0,unknown,M,4,0,Common Stock,D,4,0001127602-21-025042,,https://www.sec.gov/Archives/edgar/data/1108524/000112760221025042/form4.xml
CRM,1108524,Marc Benioff,1294693,2021-09-07,2021-09-03,S,exercise and sell,20000,5306779.27,265.3390,,0,28986249,0,unknown,M,6,0,Common Stock,D,4,0001127602-21-024958,,https://www.sec.gov/Archives/edgar/data/1108524/000112760221024958/form4.xml
CRM,1108524,Marc Benioff,1294693,2021-09-03,2021-09-02,S,exercise and sell,20000,5317211.30,265.8606,,0,28986249,0,unknown,M,5,0,Common Stock,D,4,0001127602-21-024919,,https://www.sec.gov/Archives/edgar/data/1108524/000112760221024919/form4.xml
CRM,1108524,Marc Benioff,1294693,2021-09-02,2021-09-01,S,exercise and sell,20000,5387102.10,269.3551,,0,28986249,0,unknown,M,7,0,Common Stock,D,4,0001127602-21-024813,,https://www.sec.gov/Archives/edgar/data/1108524/000112760221024813/form4.xml
CRM,1108524,Marc Benioff,1294693,2021-09-01,2021-08-31,S,exercise and sell,20000,5308319.57,265.4160,,0,28986249,0,unknown,M,4,0,Common Stock,D,4,0001127602-21-024707,,https://www.sec.gov/Archives/edgar/data/1108524/000112760221024707/form4.xml
CRM,1108524,Marc Benioff,1294693,2021-08-31,2021-08-30,S,exercise and sell,20000,5317219.92,265.8610,,0,28986249,0,unknown,M,3,0,Common Stock,D,4,0001127602-21-024626,,https://www.sec.gov/Archives/edgar/data/1108524/000112760221024626/form4.xml
CRM,1108524,Marc Benioff,1294693,2021-08-30,2021-08-27,S,exercise and sell,20000,5348770.89,267.4385,,0,28986249,0,unknown,M,5,0,Common Stock,D,4,0001127602-21-024561,,https://www.sec.gov/Archives/edgar/data/1108524/000112760221024561/form4.xml
CRM,1108524,Marc Benioff,1294693,2021-08-27,2021-08-26,S,exercise and sell,20000,5441822.38,272.0911,,0,28986249,0,unknown,M,8,0,Common Stock,D,4,0001127602-21-024410,,https://www.sec.gov/Archives/edgar/data/1108524/000112760221024410/form4.xml
CRM,1108524,Marc Benioff,1294693,2021-08-26,2021-08-25,S,exercise and sell,20000,5208513.22,260.4257,,0,28986249,0,unknown,M,3,0,Common Stock,D,4,0001127602-21-024365,,https://www.sec.gov/Archives/edgar/data/1108524/000112760221024365/form4.xml
CRM,1108524,Marc Benioff,1294693,2021-08-25,2021-08-24,S,exercise and sell,20000,5215309.43,260.7655,,0,28986249,0,unknown,M,4,0,Common Stock,D,4,0001127602-21-024329,,https://www.sec.gov/Archives/edgar/data/1108524/000112760221024329/form4.xml
CRM,1108524,Marc Benioff,1294693,2021-08-24,2021-08-23,S,exercise and sell,20000,5203802.23,260.1901,,0,28986249,0,unknown,M,5,0,Common Stock,D,4,0001127602-21-024228,,https://www.sec.gov/Archives/edgar/data/1108524/000112760221024228/form4.xml
CRM,1108524,Marc Benioff,1294693,2021-08-23,2021-08-20,S,exercise and sell,20000,5120380.49,256.0190,,0,28986249,0,unknown,M,5,0,Common Stock,D,4,0001127602-21-024176,,https://www.sec.gov/Archives/edgar/data/1108524/000112760221024176/form4.xml
CRM,1108524,Marc Benioff,1294693,2021-08-20,2021-08-19,S,exercise and sell,20000,5049560.80,252.4780,,0,28986249,0,unknown,M,7,0,Common Stock,D,4,0001127602-21-024127,,https://www.sec.gov/Archives/edgar/data/1108524/000112760221024127/form4.xml
CRM,1108524,Marc Benioff,1294693,2021-08-19,2021-08-18,S,exercise and sell,20000,5058881.75,252.9441,,0,28986249,0,unknown,M,9,0,Common Stock,D,4,0001127602-21-024058,,https://www.sec.gov/Archives/edgar/data/1108524/000112760221024058/form4.xml
CRM,1108524,Marc Benioff,1294693,2021-08-18,2021-08-17,S,exercise and sell,20000,4943600.01,247.1800,,0,28986249,0,unknown,M,4,0,Common Stock,D,4,0001127602-21-023995,,https://www.sec.gov/Archives/edgar/data/1108524/000112760221023995/form4.xml
CRM,1108524,Marc Benioff,1294693,2021-08-17,2021-08-16,S,exercise and sell,20000,4954656.16,247.7328,,0,28986249,0,unknown,M,6,0,Common Stock,D,4,0001127602-21-023938,,https://www.sec.gov/Archives/edgar/data/1108524/000112760221023938/form4.xml
CRM,1108524,Marc Benioff,1294693,2021-08-16,2021-08-13,S,exercise and sell,20000,5028996.42,251.4498,,0,28986249,0,unknown,M,5,0,Common Stock,D,4,0001127602-21-023797,,https://www.sec.gov/Archives/edgar/data/1108524/000112760221023797/form4.xml
CRM,1108524,Marc Benioff,1294693,2021-08-13,2021-08-12,S,exercise and sell,20000,4918728.84,245.9364,,0,28986249,0,unknown,M,7,0,Common Stock,D,4,0001127602-21-023674,,https://www.sec.gov/Archives/edgar/data/1108524/000112760221023674/form4.xml
CRM,1108524,Marc Benioff,1294693,2021-08-12,2021-08-11,S,exercise and sell,20000,4841644.63,242.0822,,0,28986249,0,unknown,M,6,0,Common Stock,D,4,0001127602-21-023619,,https://www.sec.gov/Archives/edgar/data/1108524/000112760221023619/form4.xml
CRM,1108524,Marc Benioff,1294693,2021-08-11,2021-08-10,S,exercise and sell,20000,4914840.48,245.7420,,0,28986249,0,unknown,M,8,0,Common Stock,D,4,0001127602-21-023543,,https://www.sec.gov/Archives/edgar/data/1108524/000112760221023543/form4.xml
CRM,1108524,Marc Benioff,1294693,2021-08-10,2021-08-09,S,exercise and sell,20000,4999804.84,249.9902,,0,28986249,0,unknown,M,4,0,Common Stock,D,4,0001127602-21-023468,,https://www.sec.gov/Archives/edgar/data/1108524/000112760221023468/form4.xml
CRM,1108524,Marc Benioff,1294693,2021-08-09,2021-08-06,S,exercise and sell,20000,5013411.86,250.6706,,0,28986249,0,unknown,M,3,0,Common Stock,D,4,0001127602-21-023399,,https://www.sec.gov/Archives/edgar/data/1108524/000112760221023399/form4.xml
CRM,1108524,Marc Benioff,1294693,2021-08-05,2021-08-05,S,exercise and sell,20000,4978112.39,248.9056,,0,28986249,,unknown,M,6,0,Common Stock,D,4,0001127602-21-023192,,https://www.sec.gov/Archives/edgar/data/1108524/000112760221023192/form4.xml
CRM,1108524,Marc Benioff,1294693,2021-08-05,2021-08-04,S,exercise and sell,20000,4844050.02,242.2025,,0,28986249,0,unknown,M,5,0,Common Stock,D,4,0001127602-21-023192,,https://www.sec.gov/Archives/edgar/data/1108524/000112760221023192/form4.xml
CRM,1108524,Marc Benioff,1294693,2021-08-04,2021-08-03,S,exercise and sell,20000,4812138.74,240.6069,,0,28986249,0,unknown,M,4,0,Common Stock,D,4,0001127602-21-023092,,https://www.sec.gov/Archives/edgar/data/1108524/000112760221023092/form4.xml
CRM,1108524,Marc Benioff,1294693,2021-08-03,2021-08-02,S,exercise and sell,20000,4819038.84,240.9519,,0,28986249,0,unknown,M,4,0,Common Stock,D,4,0001127602-21-022972,,https://www.sec.gov/Archives/edgar/data/1108524/000112760221022972/form4.xml
CRM,1108524,Marc Benioff,1294693,2021-08-02,2021-07-30,S,exercise and sell,20000,4850240.67,242.5120,,0,28986249,0,unknown,M,3,0,Common Stock,D,4,0001127602-21-022806,,https://www.sec.gov/Archives/edgar/data/1108524/000112760221022806/form4.xml
CRM,1108524,Marc Benioff,1294693,2021-07-30,2021-07-29,S,exercise and sell,20000,4898263.77,244.9132,,0,28986249,0,unknown,M,3,0,Common Stock,D,4,0001127602-21-022663,,https://www.sec.gov/Archives/edgar/data/1108524/000112760221022663/form4.xml
CRM,1108524,Marc Benioff,1294693,2021-07-29,2021-07-28,S,exercise and sell,20000,4888890.49,244.4445,,0,28986249,0,unknown,M,3,0,Common Stock,D,4,0001127602-21-022622,,https://www.sec.gov/Archives/edgar/data/1108524/000112760221022622/form4.xml
CRM,1108524,Marc Benioff,1294693,2021-07-28,2021-07-27,S,exercise and sell,20000,4879107.58,243.9554,,0,28986249,0,unknown,M,7,0,Common Stock,D,4,0001127602-21-022569,,https://www.sec.gov/Archives/edgar/data/1108524/000112760221022569/form4.xml
CRM,1108524,Marc Benioff,1294693,2021-07-27,2021-07-26,S,exercise and sell,20000,4948024.85,247.4012,,0,28986249,0,unknown,M,3,0,Common Stock,D,4,0001127602-21-022514,,https://www.sec.gov/Archives/edgar/data/1108524/000112760221022514/form4.xml
CRM,1108524,Marc Benioff,1294693,2021-07-26,2021-07-23,S,exercise and sell,20000,4967387.72,248.3694,,0,28986249,0,unknown,M,4,0,Common Stock,D,4,0001127602-21-022500,,https://www.sec.gov/Archives/edgar/data/1108524/000112760221022500/form4.xml
CRM,1108524,Marc Benioff,1294693,2021-07-23,2021-07-22,S,exercise and sell,20000,4935199.33,246.7600,,0,28986249,0,unknown,M,5,0,Common Stock,D,4,0001127602-21-022442,,https://www.sec.gov/Archives/edgar/data/1108524/000112760221022442/form4.xml
CRM,1108524,Marc Benioff,1294693,2021-07-22,2021-07-21,S,exercise and sell,20000,4834954.17,241.7477,,0,28986249,0,unknown,M,5,0,Common Stock,D,4,0001127602-21-022391,,https://www.sec.gov/Archives/edgar/data/1108524/000112760221022391/form4.xml
CRM,1108524,Marc Benioff,1294693,2021-07-21,2021-07-20,S,exercise and sell,20000,4809301.31,240.4651,,0,28986249,0,unknown,M,7,0,Common Stock,D,4,0001127602-21-022344,,https://www.sec.gov/Archives/edgar/data/1108524/000112760221022344/form4.xml
CRM,1108524,Marc Benioff,1294693,2021-07-20,2021-07-19,S,exercise and sell,20000,4723466.43,236.1733,,0,28986249,0,unknown,M,4,0,Common Stock,D,4,0001127602-21-022297,,https://www.sec.gov/Archives/edgar/data/1108524/000112760221022297/form4.xml
CRM,1108524,Marc Benioff,1294693,2021-07-19,2021-07-16,S,exercise and sell,20000,4777761.30,238.8881,,0,28986249,0,unknown,M,4,0,Common Stock,D,4,0001127602-21-022249,,https://www.sec.gov/Archives/edgar/data/1108524/000112760221022249/form4.xml
CRM,1108524,Marc Benioff,1294693,2021-07-16,2021-07-15,S,exercise and sell,20000,4753332.38,237.6666,,0,28986249,0,unknown,M,6,0,Common Stock,D,4,0001127602-21-022130,,https://www.sec.gov/Archives/edgar/data/1108524/000112760221022130/form4.xml
CRM,1108524,Marc Benioff,1294693,2021-07-15,2021-07-14,S,exercise and sell,20000,4851955.90,242.5978,,0,28986249,0,unknown,M,6,0,Common Stock,D,4,0001127602-21-022028,,https://www.sec.gov/Archives/edgar/data/1108524/000112760221022028/form4.xml
CRM,1108524,Marc Benioff,1294693,2021-07-14,2021-07-13,S,exercise and sell,20000,4892172.81,244.6086,,0,28986249,0,unknown,M,5,0,Common Stock,D,4,0001127602-21-021938,,https://www.sec.gov/Archives/edgar/data/1108524/000112760221021938/form4.xml
CRM,1108524,Marc Benioff,1294693,2021-07-13,2021-07-12,S,exercise and sell,20000,4863239.93,243.1620,,0,28986249,0,unknown,M,5,0,Common Stock,D,4,0001127602-21-021875,,https://www.sec.gov/Archives/edgar/data/1108524/000112760221021875/form4.xml
CRM,1108524,Marc Benioff,1294693,2021-07-12,2021-07-09,S,exercise and sell,20000,4916203.13,245.8102,,0,28986249,0,unknown,M,3,0,Common Stock,D,4,0001127602-21-021810,,https://www.sec.gov/Archives/edgar/data/1108524/000112760221021810/form4.xml
CRM,1108524,Marc Benioff,1294693,2021-07-09,2021-07-08,S,exercise and sell,20000,4895322.43,244.7661,,0,28986249,0,unknown,M,5,0,Common Stock,D,4,0001127602-21-021770,,https://www.sec.gov/Archives/edgar/data/1108524/000112760221021770/form4.xml
CRM,1108524,Marc Benioff,1294693,2021-07-08,2021-07-07,S,exercise and sell,20000,4995583.75,249.7792,,0,28986249,0,unknown,M,5,0,Common Stock,D,4,0001127602-21-021737,,https://www.sec.gov/Archives/edgar/data/1108524/000112760221021737/form4.xml
CRM,1108524,Marc Benioff,1294693,2021-07-07,2021-07-06,S,exercise and sell,20000,5005882.91,250.2941,,0,28986249,0,unknown,M,5,0,Common Stock,D,4,0001127602-21-021699,,https://www.sec.gov/Archives/edgar/data/1108524/000112760221021699/form4.xml
CRM,1108524,Marc Benioff,1294693,2021-07-06,2021-07-02,S,exercise and sell,20000,4956373.67,247.8187,,0,28986249,0,unknown,M,3,0,Common Stock,D,4,0001127602-21-021558,,https://www.sec.gov/Archives/edgar/data/1108524/000112760221021558/form4.xml
CRM,1108524,Marc Benioff,1294693,2021-07-01,2021-07-01,S,exercise and sell,20000,4884175.22,244.2088,,0,28986249,,unknown,M,4,0,Common Stock,D,4,0001127602-21-021068,,https://www.sec.gov/Archives/edgar/data/1108524/000112760221021068/form4.xml
CRM,1108524,Marc Benioff,1294693,2021-07-01,2021-06-30,S,exercise and sell,20000,4898238.44,244.9119,,0,28986249,0,unknown,M,3,0,Common Stock,D,4,0001127602-21-021068,,https://www.sec.gov/Archives/edgar/data/1108524/000112760221021068/form4.xml
CRM,1108524,Marc Benioff,1294693,2021-06-30,2021-06-29,S,exercise and sell,20000,4898417.80,244.9209,,0,28986249,0,unknown,M,5,0,Common Stock,D,4,0001127602-21-020867,,https://www.sec.gov/Archives/edgar/data/1108524/000112760221020867/form4.xml
CRM,1108524,Marc Benioff,1294693,2021-06-29,2021-06-28,S,exercise and sell,20000,4904215.97,245.2108,,0,28986249,0,unknown,M,4,0,Common Stock,D,4,0001127602-21-020815,,https://www.sec.gov/Archives/edgar/data/1108524/000112760221020815/form4.xml
CRM,1108524,Marc Benioff,1294693,2021-06-28,2021-06-25,S,exercise and sell,20000,4852647.29,242.6324,,0,28986249,0,unknown,M,4,0,Common Stock,D,4,0001127602-21-020768,,https://www.sec.gov/Archives/edgar/data/1108524/000112760221020768/form4.xml
CRM,1108524,Marc Benioff,1294693,2021-06-25,2021-06-24,S,exercise and sell,20000,4896486.94,244.8243,,0,28986249,0,unknown,M,5,0,Common Stock,D,4,0001127602-21-020708,,https://www.sec.gov/Archives/edgar/data/1108524/000112760221020708/form4.xml
CRM,1108524,Marc Benioff,1294693,2021-06-24,2021-06-23,S,exercise and sell,20000,4843568.65,242.1784,,0,28986249,0,unknown,M,4,0,Common Stock,D,4,0001127602-21-020606,,https://www.sec.gov/Archives/edgar/data/1108524/000112760221020606/form4.xml
CRM,1108524,Marc Benioff,1294693,2021-06-23,2021-06-22,S,exercise and sell,20000,4852723.44,242.6362,,0,28986249,0,unknown,M,4,0,Common Stock,D,4,0001127602-21-020579,,https://www.sec.gov/Archives/edgar/data/1108524/000112760221020579/form4.xml
CRM,1108524,Marc Benioff,1294693,2021-06-22,2021-06-21,S,exercise and sell,20000,4861733.82,243.0867,,0,28986249,0,unknown,M,6,0,Common Stock,D,4,0001127602-21-020518,,https://www.sec.gov/Archives/edgar/data/1108524/000112760221020518/form4.xml
CRM,1108524,Marc Benioff,1294693,2021-06-21,2021-06-18,S,exercise and sell,20000,4872456.93,243.6228,,0,28986249,0,unknown,M,4,0,Common Stock,D,4,0001127602-21-020424,,https://www.sec.gov/Archives/edgar/data/1108524/000112760221020424/form4.xml
CRM,1108524,Marc Benioff,1294693,2021-06-17,2021-06-17,S,exercise and sell,20000,4893031.87,244.6516,,0,28986249,,unknown,M,6,0,Common Stock,D,4,0001127602-21-020249,,https://www.sec.gov/Archives/edgar/data/1108524/000112760221020249/form4.xml
CRM,1108524,Marc Benioff,1294693,2021-06-17,2021-06-16,S,exercise and sell,20000,4855322.70,242.7661,,0,28986249,0,unknown,M,6,0,Common Stock,D,4,0001127602-21-020249,,https://www.sec.gov/Archives/edgar/data/1108524/000112760221020249/form4.xml
CRM,1108524,Marc Benioff,1294693,2021-06-15,2021-06-15,S,exercise and sell,20000,4870208.21,243.5104,,0,28986249,0,unknown,M,4,0,Common Stock,D,4,0001127602-21-019961,,https://www.sec.gov/Archives/edgar/data/1108524/000112760221019961/form4.xml
CRM,1108524,Marc Benioff,1294693,2021-04-19,2021-04-16,S,sale,68398,15839684.08,231.5811,0.2354,-68398,28986249,0,unknown,,1,0,Common Stock,D,4,0001127602-21-014081,,https://www.sec.gov/Archives/edgar/data/1108524/000112760221014081/form4.xml
CRM,1108524,Marc Benioff,1294693,2020-10-30,2020-10-30,S,sale,15000,3474720.18,231.6480,0.0516,-30000,29038241,,unknown,,9,0,Common Stock,D,4,0001127602-20-027744,,https://www.sec.gov/Archives/edgar/data/1108524/000112760220027744/form4.xml
CRM,1108524,Marc Benioff,1294693,2020-10-30,2020-10-29,S,sale,15000,3588163.93,239.2109,0.0516,-30000,29038241,0,unknown,,5,0,Common Stock,D,4,0001127602-20-027744,,https://www.sec.gov/Archives/edgar/data/1108524/000112760220027744/form4.xml
CRM,1108524,Marc Benioff,1294693,2020-10-28,2020-10-28,S,sale,15000,3606366.27,240.4244,0.0516,-30000,29068241,,unknown,,7,0,Common Stock,D,4,0001127602-20-027627,,https://www.sec.gov/Archives/edgar/data/1108524/000112760220027627/form4.xml
CRM,1108524,Marc Benioff,1294693,2020-10-28,2020-10-27,S,sale,15000,3741602.28,249.4402,0.0516,-30000,29068241,0,unknown,,5,0,Common Stock,D,4,0001127602-20-027627,,https://www.sec.gov/Archives/edgar/data/1108524/000112760220027627/form4.xml
CRM,1108524,Marc Benioff,1294693,2020-10-26,2020-10-26,S,sale,15000,3634459.77,242.2973,0.0515,-30000,29098241,,unknown,,10,0,Common Stock,D,4,0001127602-20-027547,,https://www.sec.gov/Archives/edgar/data/1108524/000112760220027547/form4.xml
CRM,1108524,Marc Benioff,1294693,2020-10-26,2020-10-23,S,sale,15000,3731328.18,248.7552,0.0515,-30000,29098241,0,unknown,,4,0,Common Stock,D,4,0001127602-20-027547,,https://www.sec.gov/Archives/edgar/data/1108524/000112760220027547/form4.xml
CRM,1108524,Marc Benioff,1294693,2020-10-22,2020-10-22,S,sale,15000,3748324.81,249.8883,0.0515,-30000,29128241,,unknown,,8,0,Common Stock,D,4,0001127602-20-027431,,https://www.sec.gov/Archives/edgar/data/1108524/000112760220027431/form4.xml
CRM,1108524,Marc Benioff,1294693,2020-10-22,2020-10-21,S,sale,15000,3822640.16,254.8427,0.0515,-30000,29128241,0,unknown,,6,0,Common Stock,D,4,0001127602-20-027431,,https://www.sec.gov/Archives/edgar/data/1108524/000112760220027431/form4.xml
CRM,1108524,Marc Benioff,1294693,2020-10-20,2020-10-20,S,sale,15000,3851563.47,256.7709,0.0514,-15000,29158241,0,unknown,,5,0,Common Stock,D,4,0001127602-20-027315,,https://www.sec.gov/Archives/edgar/data/1108524/000112760220027315/form4.xml
CRM,1108524,Marc Benioff,1294693,2020-10-19,2020-10-19,S,sale,15000,3864885.53,257.6590,0.0514,-30000,29173241,,unknown,,7,0,Common Stock,D,4,0001127602-20-027237,,https://www.sec.gov/Archives/edgar/data/1108524/000112760220027237/form4.xml
CRM,1108524,Marc Benioff,1294693,2020-10-19,2020-10-16,S,sale,15000,3894183.84,259.6123,0.0514,-30000,29173241,0,unknown,,4,0,Common Stock,D,4,0001127602-20-027237,,https://www.sec.gov/Archives/edgar/data/1108524/000112760220027237/form4.xml
CRM,1108524,Marc Benioff,1294693,2020-10-15,2020-10-15,S,sale,15000,3847388.42,256.4926,0.0513,-30000,29203241,,unknown,,6,0,Common Stock,D,4,0001127602-20-026992,,https://www.sec.gov/Archives/edgar/data/1108524/000112760220026992/form4.xml
CRM,1108524,Marc Benioff,1294693,2020-10-15,2020-10-14,S,sale,15000,3955850.39,263.7234,0.0513,-30000,29203241,0,unknown,,11,0,Common Stock,D,4,0001127602-20-026992,,https://www.sec.gov/Archives/edgar/data/1108524/000112760220026992/form4.xml
CRM,1108524,Marc Benioff,1294693,2020-10-13,2020-10-13,S,sale,15000,4004031.49,266.9354,0.0513,-45000,29233241,,unknown,,4,0,Common Stock,D,4,0001127602-20-026881,,https://www.sec.gov/Archives/edgar/data/1108524/000112760220026881/form4.xml
CRM,1108524,Marc Benioff,1294693,2020-10-13,2020-10-12,S,sale,15000,4015495.52,267.6997,0.0513,-45000,29233241,,unknown,,4,0,Common Stock,D,4,0001127602-20-026881,,https://www.sec.gov/Archives/edgar/data/1108524/000112760220026881/form4.xml
CRM,1108524,Marc Benioff,1294693,2020-10-13,2020-10-09,S,sale,15000,3965828.85,264.3886,0.0513,-45000,29233241,0,unknown,,4,0,Common Stock,D,4,0001127602-20-026881,,https://www.sec.gov/Archives/edgar/data/1108524/000112760220026881/form4.xml
CRM,1108524,Marc Benioff,1294693,2020-10-08,2020-10-08,S,sale,15000,3901155.14,260.0770,0.0512,-30000,29278241,,unknown,,6,0,Common Stock,D,4,0001127602-20-026724,,https://www.sec.gov/Archives/edgar/data/1108524/000112760220026724/form4.xml
CRM,1108524,Marc Benioff,1294693,2020-10-08,2020-10-07,S,sale,15000,3872003.51,258.1336,0.0512,-30000,29278241,0,unknown,,8,0,Common Stock,D,4,0001127602-20-026724,,https://www.sec.gov/Archives/edgar/data/1108524/000112760220026724/form4.xml
CRM,1108524,Marc Benioff,1294693,2020-10-06,2020-10-06,S,sale,15000,3798963.44,253.2642,0.0512,-15000,29308241,0,unknown,,8,0,Common Stock,D,4,0001127602-20-026633,,https://www.sec.gov/Archives/edgar/data/1108524/000112760220026633/form4.xml
CRM,1108524,Marc Benioff,1294693,2020-10-05,2020-10-05,S,sale,15000,3765563.76,251.0376,0.0511,-30000,29323241,,unknown,,4,0,Common Stock,D,4,0001127602-20-026594,,https://www.sec.gov/Archives/edgar/data/1108524/000112760220026594/form4.xml
CRM,1108524,Marc Benioff,1294693,2020-10-05,2020-10-02,S,sale,15000,3752004.07,250.1336,0.0511,-30000,29323241,0,unknown,,7,0,Common Stock,D,4,0001127602-20-026594,,https://www.sec.gov/Archives/edgar/data/1108524/000112760220026594/form4.xml
CRM,1108524,Marc Benioff,1294693,2020-10-01,2020-10-01,S,sale,15000,3799462.69,253.2975,0.0511,-30000,29353241,,unknown,,4,0,Common Stock,D,4,0001127602-20-026065,,https://www.sec.gov/Archives/edgar/data/1108524/000112760220026065/form4.xml
CRM,1108524,Marc Benioff,1294693,2020-10-01,2020-09-30,S,sale,15000,3773055.32,251.5370,0.0511,-30000,29353241,0,unknown,,8,0,Common Stock,D,4,0001127602-20-026065,,https://www.sec.gov/Archives/edgar/data/1108524/000112760220026065/form4.xml
CRM,1108524,Marc Benioff,1294693,2020-09-29,2020-09-29,S,sale,15000,3697328.22,246.4885,0.0510,-15000,29383241,0,unknown,,3,0,Common Stock,D,4,0001127602-20-025888,,https://www.sec.gov/Archives/edgar/data/1108524/000112760220025888/form4.xml
CRM,1108524,Marc Benioff,1294693,2020-09-28,2020-09-28,S,sale,15000,3691934.70,246.1290,0.0510,-30000,29398241,,unknown,,6,0,Common Stock,D,4,0001127602-20-025810,,https://www.sec.gov/Archives/edgar/data/1108524/000112760220025810/form4.xml
CRM,1108524,Marc Benioff,1294693,2020-09-28,2020-09-25,S,sale,15000,3605116.33,240.3411,0.0510,-30000,29398241,0,unknown,,8,0,Common Stock,D,4,0001127602-20-025810,,https://www.sec.gov/Archives/edgar/data/1108524/000112760220025810/form4.xml
CRM,1108524,Marc Benioff,1294693,2020-09-24,2020-09-24,S,sale,15000,3561166.33,237.4111,0.0509,-5559,29428241,0,unknown,M,17,0,Common Stock,D,4,0001127602-20-025704,,https://www.sec.gov/Archives/edgar/data/1108524/000112760220025704/form4.xml
CRM,1108524,Marc Benioff,1294693,2020-09-23,2020-09-23,S,sale,15000,3620426.07,241.3617,0.0509,-5000,29433800,0,unknown,M,21,0,Common Stock,D,4,0001127602-20-025648,,https://www.sec.gov/Archives/edgar/data/1108524/000112760220025648/form4.xml
CRM,1108524,Marc Benioff,1294693,2020-09-22,2020-09-22,S,sale,15000,3688555.43,245.9037,0.0509,-5000,29438800,0,unknown,M,14,0,Common Stock,D,4,0001127602-20-025607,,https://www.sec.gov/Archives/edgar/data/1108524/000112760220025607/form4.xml
CRM,1108524,Marc Benioff,1294693,2020-09-21,2020-09-21,S,sale,15000,3620626.68,241.3751,0.0509,-5000,29443800,0,unknown,M,15,0,Common Stock,D,4,0001127602-20-025526,,https://www.sec.gov/Archives/edgar/data/1108524/000112760220025526/form4.xml
CRM,1108524,Marc Benioff,1294693,2020-09-21,2020-09-18,S,sale,15000,3638111.73,242.5408,0.0509,-5000,29448800,0,unknown,M,16,0,Common Stock,D,4,0001127602-20-025520,,https://www.sec.gov/Archives/edgar/data/1108524/000112760220025520/form4.xml
CRM,1108524,Marc Benioff,1294693,2020-09-17,2020-09-17,S,sale,15000,3664317.45,244.2878,0.0509,-5000,29453800,0,unknown,M,13,0,Common Stock,D,4,0001127602-20-025398,,https://www.sec.gov/Archives/edgar/data/1108524/000112760220025398/form4.xml
CRM,1108524,Marc Benioff,1294693,2020-09-16,2020-09-16,S,sale,15000,3790601.34,252.7068,0.0509,-5000,29458800,0,unknown,M,10,0,Common Stock,D,4,0001127602-20-025265,,https://www.sec.gov/Archives/edgar/data/1108524/000112760220025265/form4.xml
CRM,1108524,Marc Benioff,1294693,2020-09-15,2020-09-15,S,sale,15000,3756349.93,250.4233,0.0509,-5000,29463800,0,unknown,M,6,0,Common Stock,D,4,0001127602-20-025134,,https://www.sec.gov/Archives/edgar/data/1108524/000112760220025134/form4.xml
CRM,1108524,Marc Benioff,1294693,2020-09-14,2020-09-14,S,sale,15000,3703194.17,246.8796,0.0509,-5000,29468800,0,unknown,M,9,0,Common Stock,D,4,0001127602-20-025091,,https://www.sec.gov/Archives/edgar/data/1108524/000112760220025091/form4.xml
CRM,1108524,Marc Benioff,1294693,2020-09-14,2020-09-11,S,sale,15000,3663807.49,244.2538,0.0509,-5000,29473800,0,unknown,M,20,0,Common Stock,D,4,0001127602-20-025087,,https://www.sec.gov/Archives/edgar/data/1108524/000112760220025087/form4.xml
CRM,1108524,Marc Benioff,1294693,2020-09-10,2020-09-10,S,sale,15000,3778469.08,251.8979,,-50000,29478800,-45000,unknown,M,16,0,Common Stock,D,4,0001127602-20-024958,,https://www.sec.gov/Archives/edgar/data/1108524/000112760220024958/form4.xml
CRM,1108524,Marc Benioff,1294693,2020-09-09,2020-09-09,S,sale,15000,3747393.94,249.8263,0.0508,-5000,29528800,,unknown,GM,17,0,Common Stock,D,4,0001127602-20-024859,,https://www.sec.gov/Archives/edgar/data/1108524/000112760220024859/form4.xml
CRM,1108524,Marc Benioff,1294693,2020-09-08,2020-09-08,S,sale,15000,3703082.77,246.8722,0.0508,-5000,29528800,0,unknown,M,23,0,Common Stock,D,4,0001127602-20-024794,,https://www.sec.gov/Archives/edgar/data/1108524/000112760220024794/form4.xml
CRM,1108524,Marc Benioff,1294693,2020-09-08,2020-09-04,S,sale,15000,3787676.77,252.5118,0.0508,-5000,29533800,0,unknown,M,28,0,Common Stock,D,4,0001127602-20-024792,,https://www.sec.gov/Archives/edgar/data/1108524/000112760220024792/form4.xml
CRM,1108524,Marc Benioff,1294693,2020-09-03,2020-09-03,S,sale,15000,3949362.19,263.2908,,55000,29538800,60000,unknown,M,24,0,Common Stock,D,4,0001127602-20-024741,,https://www.sec.gov/Archives/edgar/data/1108524/000112760220024741/form4.xml
CRM,1108524,Marc Benioff,1294693,2020-09-03,2020-09-02,S,sale,15000,4119338.41,274.6226,,-65000,29483800,-15000,unknown,M,23,0,Common Stock,D,4,0001127602-20-024701,,https://www.sec.gov/Archives/edgar/data/1108524/000112760220024701/form4.xml
CRM,1108524,Marc Benioff,1294693,2020-09-01,2020-09-01,S,sale,15000,4131421.01,275.4281,0.0507,-5000,29548800,0,unknown,M,19,0,Common Stock,D,4,0001127602-20-024593,,https://www.sec.gov/Archives/edgar/data/1108524/000112760220024593/form4.xml
CRM,1108524,Marc Benioff,1294693,2020-08-31,2020-08-31,S,sale,15000,4051328.21,270.0885,0.0507,-5000,29553800,0,unknown,M,16,0,Common Stock,D,4,0001127602-20-024494,,https://www.sec.gov/Archives/edgar/data/1108524/000112760220024494/form4.xml
CRM,1108524,Marc Benioff,1294693,2020-08-31,2020-08-28,S,sale,15000,4059610.03,270.6407,0.0507,-5000,29558800,0,unknown,M,14,0,Common Stock,D,4,0001127602-20-024491,,https://www.sec.gov/Archives/edgar/data/1108524/000112760220024491/form4.xml
CRM,1108524,Marc Benioff,1294693,2020-08-27,2020-08-27,S,sale,15000,4031836.49,268.7891,0.0507,-5000,29563800,0,unknown,M,25,0,Common Stock,D,4,0001127602-20-024340,,https://www.sec.gov/Archives/edgar/data/1108524/000112760220024340/form4.xml
CRM,1108524,Marc Benioff,1294693,2020-08-26,2020-08-26,S,sale,13402,3593086.73,268.1008,0.0453,-5000,29568800,0,unknown,M,29,0,Common Stock,D,4,0001127602-20-024297,,https://www.sec.gov/Archives/edgar/data/1108524/000112760220024297/form4.xml
CRM,1108524,Marc Benioff,1294693,2020-08-26,2020-08-26,S,sale,1598,437222.21,273.6059,0.0054,-5000,29568800,0,unknown,,3,0,Common Stock,D,4,0001127602-20-024299,,https://www.sec.gov/Archives/edgar/data/1108524/000112760220024299/form4.xml
CRM,1108524,Marc Benioff,1294693,2020-08-25,2020-08-25,S,sale,15000,3234787.69,215.6525,0.0507,-5000,29573800,0,unknown,M,13,0,Common Stock,D,4,0001127602-20-024254,,https://www.sec.gov/Archives/edgar/data/1108524/000112760220024254/form4.xml
CRM,1108524,Marc Benioff,1294693,2020-08-24,2020-08-24,S,sale,15000,3111150.86,207.4101,0.0507,-10000,29578800,,unknown,M,8,0,Common Stock,D,4,0001127602-20-024179,,https://www.sec.gov/Archives/edgar/data/1108524/000112760220024179/form4.xml
CRM,1108524,Marc Benioff,1294693,2020-08-24,2020-08-21,S,sale,15000,3115948.48,207.7299,0.0507,-10000,29578800,0,unknown,M,8,0,Common Stock,D,4,0001127602-20-024179,,https://www.sec.gov/Archives/edgar/data/1108524/000112760220024179/form4.xml
CRM,1108524,Marc Benioff,1294693,2020-08-20,2020-08-20,S,sale,15000,3110500.12,207.3667,0.0507,-5000,29588800,0,unknown,M,12,0,Common Stock,D,4,0001127602-20-024010,,https://www.sec.gov/Archives/edgar/data/1108524/000112760220024010/form4.xml
CRM,1108524,Marc Benioff,1294693,2020-08-19,2020-08-19,S,sale,15000,3070409.87,204.6940,0.0507,-5000,29593800,0,unknown,M,13,0,Common Stock,D,4,0001127602-20-023934,,https://www.sec.gov/Archives/edgar/data/1108524/000112760220023934/form4.xml
CRM,1108524,Marc Benioff,1294693,2020-08-18,2020-08-18,S,sale,15000,3039070.55,202.6047,,-295000,29598800,-290000,unknown,M,10,0,Common Stock,D,4,0001127602-20-023854,,https://www.sec.gov/Archives/edgar/data/1108524/000112760220023854/form4.xml
CRM,1108524,Marc Benioff,1294693,2020-08-17,2020-08-17,S,sale,15000,2941924.47,196.1283,0.0502,-5000,29893800,,unknown,GM,5,0,Common Stock,D,4,0001127602-20-023731,,https://www.sec.gov/Archives/edgar/data/1108524/000112760220023731/form4.xml
CRM,1108524,Marc Benioff,1294693,2020-08-17,2020-08-14,S,sale,15000,2902699.66,193.5133,0.0502,-5000,29893800,,unknown,GM,6,0,Common Stock,D,4,0001127602-20-023731,,https://www.sec.gov/Archives/edgar/data/1108524/000112760220023731/form4.xml
CRM,1108524,Marc Benioff,1294693,2020-08-13,2020-08-13,S,sale,15000,2942827.59,196.1885,0.0502,-5000,29893800,0,unknown,M,9,0,Common Stock,D,4,0001127602-20-023564,,https://www.sec.gov/Archives/edgar/data/1108524/000112760220023564/form4.xml
CRM,1108524,Marc Benioff,1294693,2020-08-12,2020-08-12,S,sale,15000,2900236.90,193.3491,0.0501,-5000,29898800,0,unknown,M,6,0,Common Stock,D,4,0001127602-20-023502,,https://www.sec.gov/Archives/edgar/data/1108524/000112760220023502/form4.xml
CRM,1108524,Marc Benioff,1294693,2020-08-11,2020-08-11,S,sale,15000,2908866.68,193.9244,0.0501,-5000,29903800,0,unknown,M,8,0,Common Stock,D,4,0001127602-20-023412,,https://www.sec.gov/Archives/edgar/data/1108524/000112760220023412/form4.xml
CRM,1108524,Marc Benioff,1294693,2020-08-10,2020-08-10,S,sale,15000,2961106.91,197.4071,0.0501,-10000,29908800,,unknown,M,10,0,Common Stock,D,4,0001127602-20-023308,,https://www.sec.gov/Archives/edgar/data/1108524/000112760220023308/form4.xml
CRM,1108524,Marc Benioff,1294693,2020-08-10,2020-08-07,S,sale,15000,3038599.40,202.5733,0.0501,-10000,29908800,0,unknown,M,16,0,Common Stock,D,4,0001127602-20-023308,,https://www.sec.gov/Archives/edgar/data/1108524/000112760220023308/form4.xml
CRM,1108524,Marc Benioff,1294693,2020-08-06,2020-08-06,S,sale,15000,3099511.26,206.6341,0.0501,-5000,29918800,0,unknown,M,15,0,Common Stock,D,4,0001127602-20-023094,,https://www.sec.gov/Archives/edgar/data/1108524/000112760220023094/form4.xml
CRM,1108524,Marc Benioff,1294693,2020-08-05,2020-08-05,S,sale,15000,3040465.73,202.6977,0.0501,-5000,29923800,0,unknown,M,5,0,Common Stock,D,4,0001127602-20-022982,,https://www.sec.gov/Archives/edgar/data/1108524/000112760220022982/form4.xml
CRM,1108524,Marc Benioff,1294693,2020-08-04,2020-08-04,S,sale,15000,3013460.11,200.8973,0.0501,-5000,29928800,0,unknown,M,8,0,Common Stock,D,4,0001127602-20-022766,,https://www.sec.gov/Archives/edgar/data/1108524/000112760220022766/form4.xml
CRM,1108524,Marc Benioff,1294693,2020-08-03,2020-08-03,S,sale,15000,3019022.33,201.2682,0.0501,-10000,29933800,,unknown,M,15,0,Common Stock,D,4,0001127602-20-022634,,https://www.sec.gov/Archives/edgar/data/1108524/000112760220022634/form4.xml
CRM,1108524,Marc Benioff,1294693,2020-08-03,2020-07-31,S,sale,15000,2893480.00,192.8987,0.0501,-10000,29933800,0,unknown,M,8,0,Common Stock,D,4,0001127602-20-022634,,https://www.sec.gov/Archives/edgar/data/1108524/000112760220022634/form4.xml
CRM,1108524,Marc Benioff,1294693,2020-07-30,2020-07-30,S,sale,15000,2856811.87,190.4541,,-5000,29943800,5000,unknown,M,9,0,Common Stock,D,4,0001127602-20-022338,,https://www.sec.gov/Archives/edgar/data/1108524/000112760220022338/form4.xml
CRM,1108524,Marc Benioff,1294693,2020-07-30,2020-07-30,S,sale,15000,2856811.87,190.4541,,-5000,29943800,5000,unknown,M,9,0,Common Stock,D,4,0001127602-20-022345,,https://www.sec.gov/Archives/edgar/data/1108524/000112760220022345/form4.xml
CRM,1108524,Marc Benioff,1294693,2020-07-29,2020-07-29,S,sale,15000,2896093.41,193.0729,0.0501,-5000,29948800,0,unknown,M,9,0,Common Stock,D,4,0001127602-20-022269,,https://www.sec.gov/Archives/edgar/data/1108524/000112760220022269/form4.xml
CRM,1108524,Marc Benioff,1294693,2020-07-28,2020-07-28,S,sale,15000,2864354.38,190.9570,0.0501,-5000,29953800,0,unknown,M,8,0,Common Stock,D,4,0001127602-20-022186,,https://www.sec.gov/Archives/edgar/data/1108524/000112760220022186/form4.xml
CRM,1108524,Marc Benioff,1294693,2020-07-27,2020-07-27,S,sale,15000,2858208.07,190.5472,0.0500,-10000,29958800,,unknown,M,6,0,Common Stock,D,4,0001127602-20-022144,,https://www.sec.gov/Archives/edgar/data/1108524/000112760220022144/form4.xml
CRM,1108524,Marc Benioff,1294693,2020-07-27,2020-07-24,S,sale,15000,2812021.57,187.4681,0.0500,-10000,29958800,0,unknown,M,8,0,Common Stock,D,4,0001127602-20-022144,,https://www.sec.gov/Archives/edgar/data/1108524/000112760220022144/form4.xml
CRM,1108524,Marc Benioff,1294693,2020-07-23,2020-07-23,S,sale,15000,2865356.47,191.0238,0.0500,-5000,29968800,0,unknown,M,13,0,Common Stock,D,4,0001127602-20-022058,,https://www.sec.gov/Archives/edgar/data/1108524/000112760220022058/form4.xml
CRM,1108524,Marc Benioff,1294693,2020-07-22,2020-07-22,S,sale,15000,2856030.14,190.4020,0.0500,-5000,29973800,0,unknown,M,5,0,Common Stock,D,4,0001127602-20-022009,,https://www.sec.gov/Archives/edgar/data/1108524/000112760220022009/form4.xml
CRM,1108524,Marc Benioff,1294693,2020-07-21,2020-07-21,S,sale,15000,2874042.95,191.6029,0.0500,-5000,29978800,0,unknown,M,10,0,Common Stock,D,4,0001127602-20-021912,,https://www.sec.gov/Archives/edgar/data/1108524/000112760220021912/form4.xml
CRM,1108524,Marc Benioff,1294693,2020-07-20,2020-07-20,S,sale,15000,2893723.11,192.9149,0.0500,-10000,29983800,,unknown,M,14,0,Common Stock,D,4,0001127602-20-021853,,https://www.sec.gov/Archives/edgar/data/1108524/000112760220021853/form4.xml
CRM,1108524,Marc Benioff,1294693,2020-07-20,2020-07-17,S,sale,15000,2794680.05,186.3120,0.0500,-10000,29983800,0,unknown,M,10,0,Common Stock,D,4,0001127602-20-021853,,https://www.sec.gov/Archives/edgar/data/1108524/000112760220021853/form4.xml
CRM,1108524,Marc Benioff,1294693,2020-07-16,2020-07-16,S,sale,15000,2768173.18,184.5449,0.0500,-5000,29993800,0,unknown,M,9,0,Common Stock,D,4,0001127602-20-021657,,https://www.sec.gov/Archives/edgar/data/1108524/000112760220021657/form4.xml
CRM,1108524,Marc Benioff,1294693,2020-07-15,2020-07-15,S,sale,15000,2833130.25,188.8754,0.0500,-5000,29998800,0,unknown,M,10,0,Common Stock,D,4,0001127602-20-021575,,https://www.sec.gov/Archives/edgar/data/1108524/000112760220021575/form4.xml
CRM,1108524,Marc Benioff,1294693,2020-07-14,2020-07-14,S,sale,15000,2807609.47,187.1740,0.0500,-5000,30003800,0,unknown,M,12,0,Common Stock,D,4,0001127602-20-021508,,https://www.sec.gov/Archives/edgar/data/1108524/000112760220021508/form4.xml
CRM,1108524,Marc Benioff,1294693,2020-07-13,2020-07-13,S,sale,15000,2929947.85,195.3299,0.0500,-10000,30008800,,unknown,M,21,0,Common Stock,D,4,0001127602-20-021446,,https://www.sec.gov/Archives/edgar/data/1108524/000112760220021446/form4.xml
CRM,1108524,Marc Benioff,1294693,2020-07-13,2020-07-10,S,sale,15000,2975122.62,198.3415,0.0500,-10000,30008800,0,unknown,M,6,0,Common Stock,D,4,0001127602-20-021446,,https://www.sec.gov/Archives/edgar/data/1108524/000112760220021446/form4.xml
CRM,1108524,Marc Benioff,1294693,2020-07-09,2020-07-09,S,sale,15000,2986802.95,199.1202,0.0499,-5000,30018800,0,unknown,M,13,0,Common Stock,D,4,0000899243-20-018858,,https://www.sec.gov/Archives/edgar/data/1108524/000089924320018858/doc4.xml
CRM,1108524,Marc Benioff,1294693,2020-07-08,2020-07-08,S,sale,15000,2996062.21,199.7375,0.0499,-5000,30023800,0,unknown,M,8,0,Common Stock,D,4,0000899243-20-018761,,https://www.sec.gov/Archives/edgar/data/1108524/000089924320018761/doc4.xml
CRM,1108524,Marc Benioff,1294693,2020-07-07,2020-07-07,S,sale,15000,2977428.77,198.4953,0.0499,-5000,30028800,0,unknown,M,8,0,Common Stock,D,4,0001127602-20-021279,,https://www.sec.gov/Archives/edgar/data/1108524/000112760220021279/form4.xml
CRM,1108524,Marc Benioff,1294693,2020-07-06,2020-07-06,S,sale,15000,2957501.89,197.1668,0.0499,-10000,30033800,,unknown,M,11,0,Common Stock,D,4,0001127602-20-021230,,https://www.sec.gov/Archives/edgar/data/1108524/000112760220021230/form4.xml
CRM,1108524,Marc Benioff,1294693,2020-07-06,2020-07-02,S,sale,15000,2904273.81,193.6183,0.0499,-10000,30033800,0,unknown,M,6,0,Common Stock,D,4,0001127602-20-021230,,https://www.sec.gov/Archives/edgar/data/1108524/000112760220021230/form4.xml
CRM,1108524,Marc Benioff,1294693,2020-07-01,2020-07-01,S,sale,15000,2857382.99,190.4922,0.0499,-5000,30043800,0,unknown,M,10,0,Common Stock,D,4,0001127602-20-020701,,https://www.sec.gov/Archives/edgar/data/1108524/000112760220020701/form4.xml
CRM,1108524,Marc Benioff,1294693,2020-06-30,2020-06-30,S,sale,15000,2789829.57,185.9886,0.0499,-10000,30048800,,unknown,M,10,0,Common Stock,D,4,0000899243-20-018058,,https://www.sec.gov/Archives/edgar/data/1108524/000089924320018058/doc4.xml
CRM,1108524,Marc Benioff,1294693,2020-06-30,2020-06-29,S,sale,15000,2735712.75,182.3809,0.0499,-10000,30048800,0,unknown,M,8,0,Common Stock,D,4,0000899243-20-018058,,https://www.sec.gov/Archives/edgar/data/1108524/000089924320018058/doc4.xml
CRM,1108524,Marc Benioff,1294693,2020-06-30,2020-06-26,S,sale,15000,2769244.02,184.6163,0.0499,-5000,30058800,0,unknown,M,10,0,Common Stock,D,4,0000899243-20-017972,,https://www.sec.gov/Archives/edgar/data/1108524/000089924320017972/doc4.xml
CRM,1108524,Marc Benioff,1294693,2020-06-25,2020-06-25,S,sale,15000,2802201.51,186.8134,0.0499,-5000,30063800,0,unknown,M,8,0,Common Stock,D,4,0001127602-20-020377,,https://www.sec.gov/Archives/edgar/data/1108524/000112760220020377/form4.xml
CRM,1108524,Marc Benioff,1294693,2020-06-24,2020-06-24,S,sale,15000,2792194.33,186.1463,0.0499,-5000,30068800,0,unknown,M,10,0,Common Stock,D,4,0001127602-20-020331,,https://www.sec.gov/Archives/edgar/data/1108524/000112760220020331/form4.xml
CRM,1108524,Marc Benioff,1294693,2020-06-23,2020-06-23,S,sale,15000,2866983.67,191.1322,0.0499,-5000,30073800,0,unknown,M,10,0,Common Stock,D,4,0001127602-20-020260,,https://www.sec.gov/Archives/edgar/data/1108524/000112760220020260/form4.xml
CRM,1108524,Marc Benioff,1294693,2020-06-22,2020-06-22,S,sale,15000,2851714.82,190.1143,0.0498,-10000,30078800,,unknown,M,10,0,Common Stock,D,4,0001127602-20-020211,,https://www.sec.gov/Archives/edgar/data/1108524/000112760220020211/form4.xml
CRM,1108524,Marc Benioff,1294693,2020-06-22,2020-06-19,S,sale,15000,2828194.86,188.5463,0.0498,-10000,30078800,0,unknown,M,11,0,Common Stock,D,4,0001127602-20-020211,,https://www.sec.gov/Archives/edgar/data/1108524/000112760220020211/form4.xml
CRM,1108524,Marc Benioff,1294693,2020-06-18,2020-06-18,S,sale,15000,2793419.88,186.2280,0.0498,-10000,30088800,,unknown,M,13,0,Common Stock,D,4,0001127602-20-020090,,https://www.sec.gov/Archives/edgar/data/1108524/000112760220020090/form4.xml
CRM,1108524,Marc Benioff,1294693,2020-06-18,2020-06-17,S,sale,15000,2726290.91,181.7527,0.0498,-10000,30088800,0,unknown,M,4,0,Common Stock,D,4,0001127602-20-020090,,https://www.sec.gov/Archives/edgar/data/1108524/000112760220020090/form4.xml
CRM,1108524,Marc Benioff,1294693,2020-06-16,2020-06-16,S,sale,15000,2708131.02,180.5421,0.0498,-5000,30098800,0,unknown,M,8,0,Common Stock,D,4,0001127602-20-019801,,https://www.sec.gov/Archives/edgar/data/1108524/000112760220019801/form4.xml
CRM,1108524,Marc Benioff,1294693,2020-06-15,2020-06-15,S,sale,15000,2640651.51,176.0434,0.0498,-5000,30103800,,unknown,M,12,0,Common Stock,D,4,0001127602-20-019613,,https://www.sec.gov/Archives/edgar/data/1108524/000112760220019613/form4.xml
CRM,1108524,Marc Benioff,1294693,2020-06-15,2020-06-12,S,sale,10000,1749157.16,174.9157,0.0332,-5000,30103800,0,unknown,M,6,0,Common Stock,D,4,0001127602-20-019613,,https://www.sec.gov/Archives/edgar/data/1108524/000112760220019613/form4.xml
CRM,1108524,Marc Benioff,1294693,2020-06-11,2020-06-11,S,exercise and sell,10000,1751163.65,175.1164,,0,30108800,,unknown,M,6,0,Common Stock,D,4,0001127602-20-019467,,https://www.sec.gov/Archives/edgar/data/1108524/000112760220019467/form4.xml
CRM,1108524,Marc Benioff,1294693,2020-06-11,2020-06-10,S,exercise and sell,10000,1804707.93,180.4708,,0,30108800,0,unknown,M,6,0,Common Stock,D,4,0001127602-20-019467,,https://www.sec.gov/Archives/edgar/data/1108524/000112760220019467/form4.xml
CRM,1108524,Marc Benioff,1294693,2020-06-09,2020-06-09,S,exercise and sell,10000,1747884.16,174.7884,,0,30108800,0,unknown,M,3,0,Common Stock,D,4,0001127602-20-019267,,https://www.sec.gov/Archives/edgar/data/1108524/000112760220019267/form4.xml
CRM,1108524,Marc Benioff,1294693,2020-06-08,2020-06-08,S,sale,10000,1748432.53,174.8433,0.0332,505000,30108800,,unknown,M,4,0,Common Stock,D,4,0001127602-20-019163,,https://www.sec.gov/Archives/edgar/data/1108524/000112760220019163/form4.xml
CRM,1108524,Marc Benioff,1294693,2020-06-08,2020-06-05,S,sale,10000,1728578.73,172.8579,,505000,30108800,505000,unknown,M,6,0,Common Stock,D,4,0001127602-20-019163,,https://www.sec.gov/Archives/edgar/data/1108524/000112760220019163/form4.xml
CRM,1108524,Marc Benioff,1294693,2020-06-04,2020-06-04,S,sale,10000,1726146.16,172.6146,,-505000,29603800,-215000,unknown,M,6,0,Common Stock,D,4,0001127602-20-018924,,https://www.sec.gov/Archives/edgar/data/1108524/000112760220018924/form4.xml
CRM,1108524,Marc Benioff,1294693,2020-06-03,2020-06-03,S,exercise and sell,10000,1743122.06,174.3122,,0,30108800,,unknown,M,3,0,Common Stock,D,4,0001127602-20-018765,,https://www.sec.gov/Archives/edgar/data/1108524/000112760220018765/form4.xml
CRM,1108524,Marc Benioff,1294693,2020-06-03,2020-06-02,S,exercise and sell,10000,1731680.48,173.1680,,0,30108800,0,unknown,M,4,0,Common Stock,D,4,0001127602-20-018765,,https://www.sec.gov/Archives/edgar/data/1108524/000112760220018765/form4.xml
CRM,1108524,Marc Benioff,1294693,2020-06-01,2020-06-01,S,exercise and sell,10000,1752986.36,175.2986,,0,30108800,,unknown,M,5,0,Common Stock,D,4,0001127602-20-018303,,https://www.sec.gov/Archives/edgar/data/1108524/000112760220018303/form4.xml
CRM,1108524,Marc Benioff,1294693,2020-06-01,2020-05-29,S,exercise and sell,10000,1731245.83,173.1246,,0,30108800,0,unknown,M,4,0,Common Stock,D,4,0001127602-20-018303,,https://www.sec.gov/Archives/edgar/data/1108524/000112760220018303/form4.xml
CRM,1108524,Marc Benioff,1294693,2020-05-28,2020-05-28,S,exercise and sell,10000,1821248.12,182.1248,,0,30108800,,unknown,M,7,0,Common Stock,D,4,0001127602-20-018107,,https://www.sec.gov/Archives/edgar/data/1108524/000112760220018107/form4.xml
CRM,1108524,Marc Benioff,1294693,2020-05-28,2020-05-27,S,exercise and sell,10000,1745531.93,174.5532,,0,30108800,0,unknown,M,5,0,Common Stock,D,4,0001127602-20-018107,,https://www.sec.gov/Archives/edgar/data/1108524/000112760220018107/form4.xml
CRM,1108524,Marc Benioff,1294693,2020-05-26,2020-05-26,S,exercise and sell,10000,1778705.05,177.8705,,0,30108800,,unknown,M,6,0,Common Stock,D,4,0001127602-20-017931,,https://www.sec.gov/Archives/edgar/data/1108524/000112760220017931/form4.xml
CRM,1108524,Marc Benioff,1294693,2020-05-26,2020-05-22,S,exercise and sell,10000,1772590.04,177.2590,,0,30108800,0,unknown,M,3,0,Common Stock,D,4,0001127602-20-017931,,https://www.sec.gov/Archives/edgar/data/1108524/000112760220017931/form4.xml
CRM,1108524,Marc Benioff,1294693,2020-05-21,2020-05-21,S,exercise and sell,10000,1761900.64,176.1901,,0,30108800,,unknown,M,4,0,Common Stock,D,4,0001127602-20-017622,,https://www.sec.gov/Archives/edgar/data/1108524/000112760220017622/form4.xml
CRM,1108524,Marc Benioff,1294693,2020-05-21,2020-05-20,S,exercise and sell,10000,1767437.07,176.7437,,0,30108800,0,unknown,M,4,0,Common Stock,D,4,0001127602-20-017622,,https://www.sec.gov/Archives/edgar/data/1108524/000112760220017622/form4.xml
CRM,1108524,Marc Benioff,1294693,2020-05-19,2020-05-19,S,exercise and sell,10000,1761785.16,176.1785,,0,30108800,0,unknown,M,5,0,Common Stock,D,4,0001127602-20-017284,,https://www.sec.gov/Archives/edgar/data/1108524/000112760220017284/form4.xml
CRM,1108524,Marc Benioff,1294693,2020-05-18,2020-05-18,S,exercise and sell,10000,1743864.98,174.3865,,0,30108800,,unknown,M,5,0,Common Stock,D,4,0001127602-20-017046,,https://www.sec.gov/Archives/edgar/data/1108524/000112760220017046/form4.xml
CRM,1108524,Marc Benioff,1294693,2020-05-18,2020-05-15,S,exercise and sell,10000,1695780.33,169.5780,,0,30108800,0,unknown,M,5,0,Common Stock,D,4,0001127602-20-017046,,https://www.sec.gov/Archives/edgar/data/1108524/000112760220017046/form4.xml
CRM,1108524,Marc Benioff,1294693,2020-05-15,2020-05-14,S,exercise and sell,10000,1662928.11,166.2928,,0,30108800,,unknown,M,4,0,Common Stock,D,4,0000899243-20-013225,,https://www.sec.gov/Archives/edgar/data/1108524/000089924320013225/doc4.xml
CRM,1108524,Marc Benioff,1294693,2020-05-15,2020-05-13,S,exercise and sell,10000,1697307.57,169.7308,,0,30108800,0,unknown,M,8,0,Common Stock,D,4,0000899243-20-013225,,https://www.sec.gov/Archives/edgar/data/1108524/000089924320013225/doc4.xml
CRM,1108524,Marc Benioff,1294693,2020-05-12,2020-05-12,S,exercise and sell,10000,1799267.75,179.9268,,0,30108800,0,unknown,M,6,0,Common Stock,D,4,0001127602-20-016328,,https://www.sec.gov/Archives/edgar/data/1108524/000112760220016328/form4.xml
CRM,1108524,Marc Benioff,1294693,2020-05-11,2020-05-11,S,exercise and sell,10000,1799816.07,179.9816,,0,30108800,,unknown,M,8,0,Common Stock,D,4,0001127602-20-016135,,https://www.sec.gov/Archives/edgar/data/1108524/000112760220016135/form4.xml
CRM,1108524,Marc Benioff,1294693,2020-05-11,2020-05-08,S,exercise and sell,10000,1741417.01,174.1417,,0,30108800,0,unknown,M,5,0,Common Stock,D,4,0001127602-20-016135,,https://www.sec.gov/Archives/edgar/data/1108524/000112760220016135/form4.xml
CRM,1108524,Marc Benioff,1294693,2020-05-08,2020-05-07,S,exercise and sell,10000,1693920.80,169.3921,,0,30108800,,unknown,M,5,0,Common Stock,D,4,0001127602-20-015955,,https://www.sec.gov/Archives/edgar/data/1108524/000112760220015955/form4.xml
CRM,1108524,Marc Benioff,1294693,2020-05-08,2020-05-06,S,exercise and sell,10000,1643222.08,164.3222,,0,30108800,0,unknown,M,3,0,Common Stock,D,4,0001127602-20-015955,,https://www.sec.gov/Archives/edgar/data/1108524/000112760220015955/form4.xml
CRM,1108524,Marc Benioff,1294693,2020-05-05,2020-05-05,S,exercise and sell,10000,1629588.94,162.9589,,0,30108800,0,unknown,M,3,0,Common Stock,D,4,0001127602-20-015569,,https://www.sec.gov/Archives/edgar/data/1108524/000112760220015569/form4.xml
CRM,1108524,Marc Benioff,1294693,2020-05-04,2020-05-04,S,exercise and sell,10000,1598921.27,159.8921,,0,30108800,,unknown,M,6,0,Common Stock,D,4,0001127602-20-015335,,https://www.sec.gov/Archives/edgar/data/1108524/000112760220015335/form4.xml
CRM,1108524,Marc Benioff,1294693,2020-05-04,2020-05-01,S,exercise and sell,10000,1566887.99,156.6888,,0,30108800,0,unknown,M,5,0,Common Stock,D,4,0001127602-20-015335,,https://www.sec.gov/Archives/edgar/data/1108524/000112760220015335/form4.xml
CRM,1108524,Marc Benioff,1294693,2020-04-30,2020-04-30,S,exercise and sell,10000,1624119.70,162.4120,,0,30108800,0,unknown,M,5,0,Common Stock,D,4,0001127602-20-014913,,https://www.sec.gov/Archives/edgar/data/1108524/000112760220014913/form4.xml
CRM,1108524,Marc Benioff,1294693,2020-04-29,2020-04-29,S,exercise and sell,10000,1603733.19,160.3733,,0,30108800,,unknown,M,5,0,Common Stock,D,4,0001127602-20-014716,,https://www.sec.gov/Archives/edgar/data/1108524/000112760220014716/form4.xml
CRM,1108524,Marc Benioff,1294693,2020-04-29,2020-04-28,S,exercise and sell,10000,1559351.63,155.9352,,0,30108800,0,unknown,M,6,0,Common Stock,D,4,0001127602-20-014716,,https://www.sec.gov/Archives/edgar/data/1108524/000112760220014716/form4.xml
CRM,1108524,Marc Benioff,1294693,2020-04-27,2020-04-27,S,exercise and sell,10000,1573012.95,157.3013,,0,30108800,,unknown,M,4,0,Common Stock,D,4,0001127602-20-014582,,https://www.sec.gov/Archives/edgar/data/1108524/000112760220014582/form4.xml
CRM,1108524,Marc Benioff,1294693,2020-04-27,2020-04-24,S,exercise and sell,10000,1527725.35,152.7725,,0,30108800,0,unknown,M,3,0,Common Stock,D,4,0001127602-20-014582,,https://www.sec.gov/Archives/edgar/data/1108524/000112760220014582/form4.xml
CRM,1108524,Marc Benioff,1294693,2020-04-23,2020-04-23,S,exercise and sell,10000,1538546.52,153.8547,,0,30108800,0,unknown,M,5,0,Common Stock,D,4,0001127602-20-014361,,https://www.sec.gov/Archives/edgar/data/1108524/000112760220014361/form4.xml
CRM,1108524,Marc Benioff,1294693,2020-04-22,2020-04-22,S,exercise and sell,10000,1533623.41,153.3623,,0,30108800,0,unknown,M,5,0,Common Stock,D,4,0001127602-20-014332,,https://www.sec.gov/Archives/edgar/data/1108524/000112760220014332/form4.xml
CRM,1108524,Marc Benioff,1294693,2020-04-22,2020-04-21,S,exercise and sell,10000,1523350.94,152.3351,,0,30108800,0,unknown,M,10,0,Common Stock,D,4,0001127602-20-014332,,https://www.sec.gov/Archives/edgar/data/1108524/000112760220014332/form4.xml
CRM,1108524,Marc Benioff,1294693,2020-04-20,2020-04-20,S,exercise and sell,10000,1629595.41,162.9595,,0,30108800,,unknown,M,4,0,Common Stock,D,4,0001127602-20-014160,,https://www.sec.gov/Archives/edgar/data/1108524/000112760220014160/form4.xml
CRM,1108524,Marc Benioff,1294693,2020-04-20,2020-04-17,S,exercise and sell,10000,1606843.01,160.6843,,0,30108800,0,unknown,M,5,0,Common Stock,D,4,0001127602-20-014160,,https://www.sec.gov/Archives/edgar/data/1108524/000112760220014160/form4.xml
CRM,1108524,Marc Benioff,1294693,2020-04-16,2020-04-16,S,exercise and sell,10000,1563666.50,156.3667,,0,30108800,,unknown,M,4,0,Common Stock,D,4,0001127602-20-013949,,https://www.sec.gov/Archives/edgar/data/1108524/000112760220013949/form4.xml
CRM,1108524,Marc Benioff,1294693,2020-04-16,2020-04-15,S,exercise and sell,10000,1557049.24,155.7049,,0,30108800,0,unknown,M,3,0,Common Stock,D,4,0001127602-20-013949,,https://www.sec.gov/Archives/edgar/data/1108524/000112760220013949/form4.xml
CRM,1108524,Marc Benioff,1294693,2020-04-14,2020-04-14,S,exercise and sell,10000,1575458.67,157.5459,,0,30108800,,unknown,M,3,0,Common Stock,D,4,0001127602-20-013716,,https://www.sec.gov/Archives/edgar/data/1108524/000112760220013716/form4.xml
CRM,1108524,Marc Benioff,1294693,2020-04-14,2020-04-13,S,exercise and sell,10000,1515640.76,151.5641,,0,30108800,0,unknown,M,4,0,Common Stock,D,4,0001127602-20-013716,,https://www.sec.gov/Archives/edgar/data/1108524/000112760220013716/form4.xml
CRM,1108524,Marc Benioff,1294693,2020-04-09,2020-04-09,S,exercise and sell,10000,1538138.67,153.8139,,0,30108800,,unknown,M,4,0,Common Stock,D,4,0001127602-20-013535,,https://www.sec.gov/Archives/edgar/data/1108524/000112760220013535/form4.xml
CRM,1108524,Marc Benioff,1294693,2020-04-09,2020-04-08,S,exercise and sell,10000,1494237.47,149.4237,,0,30108800,0,unknown,M,7,0,Common Stock,D,4,0001127602-20-013535,,https://www.sec.gov/Archives/edgar/data/1108524/000112760220013535/form4.xml
CRM,1108524,Marc Benioff,1294693,2020-04-07,2020-04-07,S,exercise and sell,10000,1476687.97,147.6688,,0,30108800,0,unknown,M,6,0,Common Stock,D,4,0001127602-20-013450,,https://www.sec.gov/Archives/edgar/data/1108524/000112760220013450/form4.xml
CRM,1108524,Marc Benioff,1294693,2020-04-06,2020-04-06,S,exercise and sell,10000,1436925.90,143.6926,,0,30108800,,unknown,M,9,0,Common Stock,D,4,0001127602-20-013344,,https://www.sec.gov/Archives/edgar/data/1108524/000112760220013344/form4.xml
CRM,1108524,Marc Benioff,1294693,2020-04-06,2020-04-03,S,exercise and sell,10000,1333696.86,133.3697,,0,30108800,0,unknown,M,5,0,Common Stock,D,4,0001127602-20-013344,,https://www.sec.gov/Archives/edgar/data/1108524/000112760220013344/form4.xml
CRM,1108524,Marc Benioff,1294693,2020-04-02,2020-04-02,S,exercise and sell,10000,1328443.40,132.8443,,0,30108800,,unknown,M,6,0,Common Stock,D,4,0001127602-20-012881,,https://www.sec.gov/Archives/edgar/data/1108524/000112760220012881/form4.xml
CRM,1108524,Marc Benioff,1294693,2020-04-02,2020-04-01,S,exercise and sell,10000,1365138.59,136.5139,,0,30108800,0,unknown,M,6,0,Common Stock,D,4,0001127602-20-012881,,https://www.sec.gov/Archives/edgar/data/1108524/000112760220012881/form4.xml
CRM,1108524,Marc Benioff,1294693,2020-03-31,2020-03-31,S,exercise and sell,10000,1471778.56,147.1779,,0,30108800,0,unknown,M,9,0,Common Stock,D,4,0001127602-20-012304,,https://www.sec.gov/Archives/edgar/data/1108524/000112760220012304/form4.xml
CRM,1108524,Marc Benioff,1294693,2020-03-30,2020-03-30,S,exercise and sell,10000,1500838.44,150.0838,,0,30108800,,unknown,M,6,0,Common Stock,D,4,0001127602-20-012172,,https://www.sec.gov/Archives/edgar/data/1108524/000112760220012172/form4.xml
CRM,1108524,Marc Benioff,1294693,2020-03-30,2020-03-27,S,exercise and sell,10000,1472938.82,147.2939,,0,30108800,0,unknown,M,6,0,Common Stock,D,4,0001127602-20-012172,,https://www.sec.gov/Archives/edgar/data/1108524/000112760220012172/form4.xml
CRM,1108524,Marc Benioff,1294693,2020-03-26,2020-03-26,S,exercise and sell,10000,1516391.98,151.6392,,0,30108800,,unknown,M,7,0,Common Stock,D,4,0001127602-20-012046,,https://www.sec.gov/Archives/edgar/data/1108524/000112760220012046/form4.xml
CRM,1108524,Marc Benioff,1294693,2020-03-26,2020-03-25,S,exercise and sell,10000,1538756.93,153.8757,,0,30108800,0,unknown,M,10,0,Common Stock,D,4,0001127602-20-012046,,https://www.sec.gov/Archives/edgar/data/1108524/000112760220012046/form4.xml
CRM,1108524,Marc Benioff,1294693,2020-03-24,2020-03-24,S,exercise and sell,10000,1503406.15,150.3406,,0,30108800,0,unknown,M,9,0,Common Stock,D,4,0001127602-20-011892,,https://www.sec.gov/Archives/edgar/data/1108524/000112760220011892/form4.xml
CRM,1108524,Marc Benioff,1294693,2020-03-23,2020-03-23,S,exercise and sell,10000,1399116.01,139.9116,,0,30108800,,unknown,M,8,0,Common Stock,D,4,0001127602-20-011776,,https://www.sec.gov/Archives/edgar/data/1108524/000112760220011776/form4.xml
CRM,1108524,Marc Benioff,1294693,2020-03-23,2020-03-20,S,exercise and sell,10000,1405296.43,140.5296,,0,30108800,0,unknown,M,8,0,Common Stock,D,4,0001127602-20-011776,,https://www.sec.gov/Archives/edgar/data/1108524/000112760220011776/form4.xml
CRM,1108524,Marc Benioff,1294693,2020-03-19,2020-03-19,S,exercise and sell,10000,1363915.94,136.3916,,0,30108800,,unknown,M,13,0,Common Stock,D,4,0001127602-20-011557,,https://www.sec.gov/Archives/edgar/data/1108524/000112760220011557/form4.xml
CRM,1108524,Marc Benioff,1294693,2020-03-19,2020-03-18,S,exercise and sell,10000,1259966.02,125.9966,,0,30108800,0,unknown,M,14,0,Common Stock,D,4,0001127602-20-011557,,https://www.sec.gov/Archives/edgar/data/1108524/000112760220011557/form4.xml
CRM,1108524,Marc Benioff,1294693,2020-03-17,2020-03-17,S,exercise and sell,10000,1329363.64,132.9364,,0,30108800,0,unknown,M,12,0,Common Stock,D,4,0001127602-20-011144,,https://www.sec.gov/Archives/edgar/data/1108524/000112760220011144/form4.xml
CRM,1108524,Marc Benioff,1294693,2020-03-16,2020-03-16,S,exercise and sell,10000,1319315.60,131.9316,,0,30108800,,unknown,M,15,0,Common Stock,D,4,0001127602-20-010939,,https://www.sec.gov/Archives/edgar/data/1108524/000112760220010939/form4.xml
CRM,1108524,Marc Benioff,1294693,2020-03-16,2020-03-13,S,exercise and sell,10000,1421311.09,142.1311,,0,30108800,0,unknown,M,12,0,Common Stock,D,4,0001127602-20-010939,,https://www.sec.gov/Archives/edgar/data/1108524/000112760220010939/form4.xml
CRM,1108524,Marc Benioff,1294693,2020-03-12,2020-03-12,S,exercise and sell,10000,1444451.99,144.4452,,0,30108800,,unknown,M,9,0,Common Stock,D,4,0001127602-20-010519,,https://www.sec.gov/Archives/edgar/data/1108524/000112760220010519/form4.xml
CRM,1108524,Marc Benioff,1294693,2020-03-12,2020-03-11,S,exercise and sell,10000,1545003.90,154.5004,,0,30108800,0,unknown,M,9,0,Common Stock,D,4,0001127602-20-010519,,https://www.sec.gov/Archives/edgar/data/1108524/000112760220010519/form4.xml
CRM,1108524,Marc Benioff,1294693,2020-03-10,2020-03-10,S,exercise and sell,10000,1567226.48,156.7226,,0,30108800,0,unknown,M,10,0,Common Stock,D,4,0001127602-20-010136,,https://www.sec.gov/Archives/edgar/data/1108524/000112760220010136/form4.xml
CRM,1108524,Marc Benioff,1294693,2020-03-09,2020-03-09,S,sale,10000,1535442.62,153.5443,0.0332,-110000,30108800,,unknown,GM,7,0,Common Stock,D,4,0001127602-20-009988,,https://www.sec.gov/Archives/edgar/data/1108524/000112760220009988/form4.xml
CRM,1108524,Marc Benioff,1294693,2020-03-09,2020-03-06,S,sale,10000,1630980.07,163.0980,0.0332,-110000,30108800,,unknown,GM,8,0,Common Stock,D,4,0001127602-20-009988,,https://www.sec.gov/Archives/edgar/data/1108524/000112760220009988/form4.xml
CRM,1108524,Marc Benioff,1294693,2020-03-09,2020-03-05,S,sale,10000,1706835.85,170.6836,0.0332,-110000,30108800,,unknown,GM,6,0,Common Stock,D,4,0001127602-20-009988,,https://www.sec.gov/Archives/edgar/data/1108524/000112760220009988/form4.xml
CRM,1108524,Marc Benioff,1294693,2020-03-04,2020-03-04,S,sale,10000,1724670.54,172.4671,0.0332,-110000,30108800,0,unknown,M,6,0,Common Stock,D,4,0001127602-20-009498,,https://www.sec.gov/Archives/edgar/data/1108524/000112760220009498/form4.xml
CRM,1108524,Marc Benioff,1294693,2020-03-04,2020-03-03,S,exercise and sell,10000,1726232.29,172.6232,,0,30218800,0,unknown,M,10,0,Common Stock,D,4,0001127602-20-009498,,https://www.sec.gov/Archives/edgar/data/1108524/000112760220009498/form4.xml
CRM,1108524,Marc Benioff,1294693,2020-03-02,2020-03-02,S,exercise and sell,10000,1729105.99,172.9106,,0,30218800,,unknown,M,7,0,Common Stock,D,4,0001127602-20-008706,,https://www.sec.gov/Archives/edgar/data/1108524/000112760220008706/form4.xml
CRM,1108524,Marc Benioff,1294693,2020-03-02,2020-02-28,S,exercise and sell,10000,1673270.45,167.3270,,0,30218800,0,unknown,M,6,0,Common Stock,D,4,0001127602-20-008706,,https://www.sec.gov/Archives/edgar/data/1108524/000112760220008706/form4.xml
CRM,1108524,Marc Benioff,1294693,2020-02-27,2020-02-27,S,exercise and sell,10000,1740897.15,174.0897,,0,30218800,,unknown,M,7,0,Common Stock,D,4,0001127602-20-008210,,https://www.sec.gov/Archives/edgar/data/1108524/000112760220008210/form4.xml
CRM,1108524,Marc Benioff,1294693,2020-02-27,2020-02-26,S,exercise and sell,10000,1787346.40,178.7346,,0,30218800,0,unknown,M,7,0,Common Stock,D,4,0001127602-20-008210,,https://www.sec.gov/Archives/edgar/data/1108524/000112760220008210/form4.xml
CRM,1108524,Marc Benioff,1294693,2020-02-25,2020-02-25,S,exercise and sell,10000,1842724.79,184.2725,,0,30218800,0,unknown,M,9,0,Common Stock,D,4,0001127602-20-007783,,https://www.sec.gov/Archives/edgar/data/1108524/000112760220007783/form4.xml
CRM,1108524,Marc Benioff,1294693,2020-02-24,2020-02-24,S,exercise and sell,10000,1839192.93,183.9193,,0,30218800,,unknown,M,7,0,Common Stock,D,4,0001127602-20-007399,,https://www.sec.gov/Archives/edgar/data/1108524/000112760220007399/form4.xml
CRM,1108524,Marc Benioff,1294693,2020-02-24,2020-02-21,S,exercise and sell,10000,1891908.77,189.1909,,0,30218800,0,unknown,M,5,0,Common Stock,D,4,0001127602-20-007399,,https://www.sec.gov/Archives/edgar/data/1108524/000112760220007399/form4.xml
CRM,1108524,Marc Benioff,1294693,2020-02-20,2020-02-20,S,exercise and sell,10000,1932871.74,193.2872,,0,30218800,,unknown,M,5,0,Common Stock,D,4,0001127602-20-006761,,https://www.sec.gov/Archives/edgar/data/1108524/000112760220006761/form4.xml
CRM,1108524,Marc Benioff,1294693,2020-02-20,2020-02-19,S,exercise and sell,10000,1929081.44,192.9081,,0,30218800,0,unknown,M,2,0,Common Stock,D,4,0001127602-20-006761,,https://www.sec.gov/Archives/edgar/data/1108524/000112760220006761/form4.xml
CRM,1108524,Marc Benioff,1294693,2020-02-18,2020-02-18,S,exercise and sell,10000,1904548.45,190.4548,,0,30218800,,unknown,M,2,0,Common Stock,D,4,0001127602-20-006222,,https://www.sec.gov/Archives/edgar/data/1108524/000112760220006222/form4.xml
CRM,1108524,Marc Benioff,1294693,2020-02-18,2020-02-14,S,exercise and sell,10000,1894033.84,189.4034,,0,30218800,0,unknown,M,2,0,Common Stock,D,4,0001127602-20-006222,,https://www.sec.gov/Archives/edgar/data/1108524/000112760220006222/form4.xml
CRM,1108524,Marc Benioff,1294693,2020-02-13,2020-02-13,S,exercise and sell,10000,1898179.22,189.8179,,0,30218800,,unknown,M,3,0,Common Stock,D,4,0001127602-20-005373,,https://www.sec.gov/Archives/edgar/data/1108524/000112760220005373/form4.xml
CRM,1108524,Marc Benioff,1294693,2020-02-13,2020-02-12,S,exercise and sell,10000,1891719.32,189.1719,,0,30218800,0,unknown,M,4,0,Common Stock,D,4,0001127602-20-005373,,https://www.sec.gov/Archives/edgar/data/1108524/000112760220005373/form4.xml
CRM,1108524,Marc Benioff,1294693,2020-02-11,2020-02-11,S,exercise and sell,10000,1900452.15,190.0452,,0,30218800,0,unknown,M,4,0,Common Stock,D,4,0001127602-20-004971,,https://www.sec.gov/Archives/edgar/data/1108524/000112760220004971/form4.xml
CRM,1108524,Marc Benioff,1294693,2020-02-10,2020-02-10,S,exercise and sell,10000,1881112.56,188.1113,,0,30218800,,unknown,M,4,0,Common Stock,D,4,0001127602-20-004707,,https://www.sec.gov/Archives/edgar/data/1108524/000112760220004707/form4.xml
CRM,1108524,Marc Benioff,1294693,2020-02-10,2020-02-07,S,exercise and sell,10000,1868002.51,186.8003,,0,30218800,0,unknown,M,3,0,Common Stock,D,4,0001127602-20-004707,,https://www.sec.gov/Archives/edgar/data/1108524/000112760220004707/form4.xml
CRM,1108524,Marc Benioff,1294693,2020-02-06,2020-02-06,S,exercise and sell,10000,1864400.84,186.4401,,0,30218800,,unknown,M,3,0,Common Stock,D,4,0001127602-20-004135,,https://www.sec.gov/Archives/edgar/data/1108524/000112760220004135/form4.xml
CRM,1108524,Marc Benioff,1294693,2020-02-06,2020-02-05,S,exercise and sell,10000,1850531.56,185.0532,,0,30218800,0,unknown,M,6,0,Common Stock,D,4,0001127602-20-004135,,https://www.sec.gov/Archives/edgar/data/1108524/000112760220004135/form4.xml
CRM,1108524,Marc Benioff,1294693,2020-02-04,2020-02-04,S,exercise and sell,10000,1885718.78,188.5719,,0,30218800,0,unknown,M,3,0,Common Stock,D,4,0001127602-20-003667,,https://www.sec.gov/Archives/edgar/data/1108524/000112760220003667/form4.xml
CRM,1108524,Marc Benioff,1294693,2020-02-03,2020-02-03,S,exercise and sell,10000,1845900.81,184.5901,,0,30218800,,unknown,M,4,0,Common Stock,D,4,0001127602-20-003290,,https://www.sec.gov/Archives/edgar/data/1108524/000112760220003290/form4.xml
CRM,1108524,Marc Benioff,1294693,2020-02-03,2020-01-31,S,exercise and sell,10000,1821637.96,182.1638,,0,30218800,0,unknown,M,5,0,Common Stock,D,4,0001127602-20-003290,,https://www.sec.gov/Archives/edgar/data/1108524/000112760220003290/form4.xml
CRM,1108524,Marc Benioff,1294693,2020-01-30,2020-01-30,S,exercise and sell,10000,1842626.58,184.2627,,0,30218800,,unknown,M,5,0,Common Stock,D,4,0001127602-20-002807,,https://www.sec.gov/Archives/edgar/data/1108524/000112760220002807/form4.xml
CRM,1108524,Marc Benioff,1294693,2020-01-30,2020-01-29,S,exercise and sell,10000,1828527.57,182.8528,,0,30218800,0,unknown,M,3,0,Common Stock,D,4,0001127602-20-002807,,https://www.sec.gov/Archives/edgar/data/1108524/000112760220002807/form4.xml
CRM,1108524,Marc Benioff,1294693,2020-01-28,2020-01-28,S,exercise and sell,10000,1828828.96,182.8829,,0,30218800,0,unknown,M,3,0,Common Stock,D,4,0001127602-20-002550,,https://www.sec.gov/Archives/edgar/data/1108524/000112760220002550/form4.xml
CRM,1108524,Marc Benioff,1294693,2020-01-27,2020-01-27,S,exercise and sell,10000,1805785.71,180.5786,,0,30218800,,unknown,M,4,0,Common Stock,D,4,0001127602-20-002472,,https://www.sec.gov/Archives/edgar/data/1108524/000112760220002472/form4.xml
CRM,1108524,Marc Benioff,1294693,2020-01-27,2020-01-24,S,exercise and sell,10000,1834352.57,183.4353,,0,30218800,0,unknown,M,5,0,Common Stock,D,4,0001127602-20-002472,,https://www.sec.gov/Archives/edgar/data/1108524/000112760220002472/form4.xml
CRM,1108524,Marc Benioff,1294693,2020-01-24,2020-01-23,S,exercise and sell,10000,1832713.40,183.2713,,0,30218800,,unknown,M,3,0,Common Stock,D,4,0001127602-20-002360,,https://www.sec.gov/Archives/edgar/data/1108524/000112760220002360/form4.xml
CRM,1108524,Marc Benioff,1294693,2020-01-24,2020-01-22,S,exercise and sell,10000,1847448.47,184.7448,,0,30218800,0,unknown,M,4,0,Common Stock,D,4,0001127602-20-002360,,https://www.sec.gov/Archives/edgar/data/1108524/000112760220002360/form4.xml
CRM,1108524,Marc Benioff,1294693,2020-01-21,2020-01-21,S,exercise and sell,10000,1846331.34,184.6331,,0,30218800,,unknown,M,5,0,Common Stock,D,4,0001127602-20-002110,,https://www.sec.gov/Archives/edgar/data/1108524/000112760220002110/form4.xml
CRM,1108524,Marc Benioff,1294693,2020-01-21,2020-01-17,S,exercise and sell,10000,1821232.06,182.1232,,0,30218800,0,unknown,M,2,0,Common Stock,D,4,0001127602-20-002110,,https://www.sec.gov/Archives/edgar/data/1108524/000112760220002110/form4.xml
CRM,1108524,Marc Benioff,1294693,2020-01-16,2020-01-16,S,exercise and sell,10000,1819579.64,181.9580,,0,30218800,,unknown,M,2,0,Common Stock,D,4,0001127602-20-001874,,https://www.sec.gov/Archives/edgar/data/1108524/000112760220001874/form4.xml
CRM,1108524,Marc Benioff,1294693,2020-01-16,2020-01-15,S,exercise and sell,10000,1818155.95,181.8156,,0,30218800,0,unknown,M,3,0,Common Stock,D,4,0001127602-20-001874,,https://www.sec.gov/Archives/edgar/data/1108524/000112760220001874/form4.xml
CRM,1108524,Marc Benioff,1294693,2020-01-14,2020-01-14,S,exercise and sell,10000,1827856.64,182.7857,,0,30218800,,unknown,M,2,0,Common Stock,D,4,0001127602-20-001588,,https://www.sec.gov/Archives/edgar/data/1108524/000112760220001588/form4.xml
CRM,1108524,Marc Benioff,1294693,2020-01-14,2020-01-13,S,exercise and sell,10000,1834223.20,183.4223,,0,30218800,0,unknown,M,3,0,Common Stock,D,4,0001127602-20-001588,,https://www.sec.gov/Archives/edgar/data/1108524/000112760220001588/form4.xml
CRM,1108524,Marc Benioff,1294693,2020-01-10,2020-01-10,S,exercise and sell,10000,1800095.32,180.0095,,0,30218800,,unknown,M,2,0,Common Stock,D,4,0001127602-20-001418,,https://www.sec.gov/Archives/edgar/data/1108524/000112760220001418/form4.xml
CRM,1108524,Marc Benioff,1294693,2020-01-10,2020-01-09,S,exercise and sell,10000,1790447.63,179.0448,,0,30218800,0,unknown,M,3,0,Common Stock,D,4,0001127602-20-001418,,https://www.sec.gov/Archives/edgar/data/1108524/000112760220001418/form4.xml
CRM,1108524,Marc Benioff,1294693,2020-01-08,2020-01-08,S,exercise and sell,10000,1770195.44,177.0195,,0,30218800,,unknown,M,4,0,Common Stock,D,4,0001127602-20-001334,,https://www.sec.gov/Archives/edgar/data/1108524/000112760220001334/form4.xml
CRM,1108524,Marc Benioff,1294693,2020-01-08,2020-01-07,S,exercise and sell,10000,1748829.34,174.8829,,0,30218800,0,unknown,M,5,0,Common Stock,D,4,0001127602-20-001334,,https://www.sec.gov/Archives/edgar/data/1108524/000112760220001334/form4.xml
CRM,1108524,Marc Benioff,1294693,2020-01-06,2020-01-06,S,exercise and sell,10000,1708956.96,170.8957,,0,30218800,,unknown,M,9,0,Common Stock,D,4,0001127602-20-001256,,https://www.sec.gov/Archives/edgar/data/1108524/000112760220001256/form4.xml
CRM,1108524,Marc Benioff,1294693,2020-01-06,2020-01-03,S,exercise and sell,10000,1662305.82,166.2306,,0,30218800,0,unknown,M,2,0,Common Stock,D,4,0001127602-20-001256,,https://www.sec.gov/Archives/edgar/data/1108524/000112760220001256/form4.xml
CRM,1108524,Marc Benioff,1294693,2020-01-02,2020-01-02,S,exercise and sell,10000,1654871.58,165.4872,,0,30218800,0,unknown,M,4,0,Common Stock,D,4,0001127602-20-000288,,https://www.sec.gov/Archives/edgar/data/1108524/000112760220000288/form4.xml
CRM,1108524,Marc Benioff,1294693,2019-12-30,2019-12-27,S,sale,5000,825089.18,165.0178,0.0165,-5000,30218800,0,unknown,,2,0,Common Stock,D,4,0001127602-19-035948,,https://www.sec.gov/Archives/edgar/data/1108524/000112760219035948/form4.xml
CRM,1108524,Marc Benioff,1294693,2019-12-26,2019-12-26,S,sale,5000,820242.99,164.0486,0.0165,-10000,30223800,,unknown,,2,0,Common Stock,D,4,0001127602-19-035854,,https://www.sec.gov/Archives/edgar/data/1108524/000112760219035854/form4.xml
CRM,1108524,Marc Benioff,1294693,2019-12-26,2019-12-24,S,sale,5000,815981.50,163.1963,0.0165,-10000,30223800,0,unknown,,1,0,Common Stock,D,4,0001127602-19-035854,,https://www.sec.gov/Archives/edgar/data/1108524/000112760219035854/form4.xml
CRM,1108524,Marc Benioff,1294693,2019-12-23,2019-12-23,S,sale,5000,819724.19,163.9448,0.0165,-5000,30233800,0,unknown,,2,0,Common Stock,D,4,0001127602-19-035780,,https://www.sec.gov/Archives/edgar/data/1108524/000112760219035780/form4.xml
CRM,1108524,Marc Benioff,1294693,2019-12-20,2019-12-20,S,sale,5000,822652.29,164.5305,0.0165,-53910,30238800,,unknown,,2,0,Common Stock,D,4,0001127602-19-035694,,https://www.sec.gov/Archives/edgar/data/1108524/000112760219035694/form4.xml
CRM,1108524,Marc Benioff,1294693,2019-12-20,2019-12-19,S,sale,5000,811328.08,162.2656,0.0165,-53910,30238800,,unknown,,2,0,Common Stock,D,4,0001127602-19-035694,,https://www.sec.gov/Archives/edgar/data/1108524/000112760219035694/form4.xml
CRM,1108524,Marc Benioff,1294693,2019-12-20,2019-12-18,S,sale,43910,7133679.64,162.4614,0.1450,-53910,30238800,0,unknown,,2,0,Common Stock,D,4,0001127602-19-035694,,https://www.sec.gov/Archives/edgar/data/1108524/000112760219035694/form4.xml
CRM,1108524,Marc Benioff,1294693,2019-12-18,2019-12-18,S,sale,5000,812325.10,162.4650,0.0165,-53910,30238800,0,unknown,,2,0,Common Stock,D,4,0001127602-19-035457,,https://www.sec.gov/Archives/edgar/data/1108524/000112760219035457/form4.xml
CRM,1108524,Marc Benioff,1294693,2019-12-18,2019-12-17,S,sale,5000,807764.95,161.5530,0.0165,-10000,30292710,0,unknown,,3,0,Common Stock,D,4,0001127602-19-035457,,https://www.sec.gov/Archives/edgar/data/1108524/000112760219035457/form4.xml
CRM,1108524,Marc Benioff,1294693,2019-12-16,2019-12-16,S,sale,49278,7982403.54,161.9872,0.1624,-54278,30302710,,unknown,,3,0,Common Stock,D,4,0001127602-19-035102,,https://www.sec.gov/Archives/edgar/data/1108524/000112760219035102/form4.xml
CRM,1108524,Marc Benioff,1294693,2019-12-16,2019-12-13,S,sale,5000,802620.59,160.5241,0.0165,-54278,30302710,0,unknown,,3,0,Common Stock,D,4,0001127602-19-035102,,https://www.sec.gov/Archives/edgar/data/1108524/000112760219035102/form4.xml
CRM,1108524,Marc Benioff,1294693,2019-12-12,2019-12-12,S,sale,5000,788505.18,157.7010,0.0165,-175000,30356988,,unknown,G,4,0,Common Stock,D,4,0001127602-19-034905,,https://www.sec.gov/Archives/edgar/data/1108524/000112760219034905/form4.xml
CRM,1108524,Marc Benioff,1294693,2019-12-12,2019-12-11,S,sale,5000,780002.79,156.0006,0.0165,-175000,30356988,0,unknown,G,2,0,Common Stock,D,4,0001127602-19-034905,,https://www.sec.gov/Archives/edgar/data/1108524/000112760219034905/form4.xml
CRM,1108524,Marc Benioff,1294693,2019-12-11,2019-12-10,S,sale,5000,784926.34,156.9853,0.0164,83188,30531988,,unknown,A,2,0,Common Stock,D,4,0001127602-19-034826,,https://www.sec.gov/Archives/edgar/data/1108524/000112760219034826/form4.xml
CRM,1108524,Marc Benioff,1294693,2019-12-09,2019-12-09,S,sale,5000,788600.04,157.7200,0.0164,83188,30531988,0,unknown,,2,0,Common Stock,D,4,0001127602-19-034601,,https://www.sec.gov/Archives/edgar/data/1108524/000112760219034601/form4.xml
CRM,1108524,Marc Benioff,1294693,2019-12-09,2019-12-06,S,sale,5000,791751.30,158.3503,0.0164,-10000,30448800,0,unknown,,2,0,Common Stock,D,4,0001127602-19-034601,,https://www.sec.gov/Archives/edgar/data/1108524/000112760219034601/form4.xml
CRM,1108524,Marc Benioff,1294693,2019-12-05,2019-12-05,S,sale,5000,788292.48,157.6585,0.0164,-10000,30458800,,unknown,,3,0,Common Stock,D,4,0001127602-19-034398,,https://www.sec.gov/Archives/edgar/data/1108524/000112760219034398/form4.xml
CRM,1108524,Marc Benioff,1294693,2019-12-05,2019-12-04,S,sale,5000,782656.29,156.5313,0.0164,-10000,30458800,0,unknown,,5,0,Common Stock,D,4,0001127602-19-034398,,https://www.sec.gov/Archives/edgar/data/1108524/000112760219034398/form4.xml
CRM,1108524,Marc Benioff,1294693,2019-12-03,2019-12-03,S,sale,5000,802267.84,160.4536,0.0164,-5000,30468800,0,unknown,,4,0,Common Stock,D,4,0001127602-19-034198,,https://www.sec.gov/Archives/edgar/data/1108524/000112760219034198/form4.xml
CRM,1108524,Marc Benioff,1294693,2019-12-02,2019-12-02,S,sale,5000,802521.40,160.5043,0.0164,-10000,30473800,,unknown,,5,0,Common Stock,D,4,0001127602-19-034023,,https://www.sec.gov/Archives/edgar/data/1108524/000112760219034023/form4.xml
CRM,1108524,Marc Benioff,1294693,2019-12-02,2019-11-29,S,sale,5000,813257.68,162.6515,0.0164,-10000,30473800,0,unknown,,2,0,Common Stock,D,4,0001127602-19-034023,,https://www.sec.gov/Archives/edgar/data/1108524/000112760219034023/form4.xml
CRM,1108524,Marc Benioff,1294693,2019-11-27,2019-11-27,S,sale,5000,808726.35,161.7453,0.0164,-10000,30483800,,unknown,,2,0,Common Stock,D,4,0001127602-19-033846,,https://www.sec.gov/Archives/edgar/data/1108524/000112760219033846/form4.xml
CRM,1108524,Marc Benioff,1294693,2019-11-27,2019-11-26,S,sale,5000,811175.64,162.2351,0.0164,-10000,30483800,0,unknown,,2,0,Common Stock,D,4,0001127602-19-033846,,https://www.sec.gov/Archives/edgar/data/1108524/000112760219033846/form4.xml
CRM,1108524,Marc Benioff,1294693,2019-11-25,2019-11-25,S,sale,5000,811580.25,162.3160,0.0164,-10000,30493800,,unknown,,3,0,Common Stock,D,4,0001127602-19-033705,,https://www.sec.gov/Archives/edgar/data/1108524/000112760219033705/form4.xml
CRM,1108524,Marc Benioff,1294693,2019-11-25,2019-11-22,S,sale,5000,813113.79,162.6228,0.0164,-10000,30493800,0,unknown,,2,0,Common Stock,D,4,0001127602-19-033705,,https://www.sec.gov/Archives/edgar/data/1108524/000112760219033705/form4.xml
CRM,1108524,Marc Benioff,1294693,2019-11-22,2019-11-21,S,sale,5000,816314.19,163.2628,0.0164,-10000,30503800,,unknown,,4,0,Common Stock,D,4,0001127602-19-033564,,https://www.sec.gov/Archives/edgar/data/1108524/000112760219033564/form4.xml
CRM,1108524,Marc Benioff,1294693,2019-11-22,2019-11-20,S,sale,5000,822236.94,164.4474,0.0164,-10000,30503800,0,unknown,,4,0,Common Stock,D,4,0001127602-19-033564,,https://www.sec.gov/Archives/edgar/data/1108524/000112760219033564/form4.xml
CRM,1108524,Marc Benioff,1294693,2019-11-19,2019-11-19,S,sale,5000,815997.94,163.1996,0.0164,-5000,30513800,0,unknown,,3,0,Common Stock,D,4,0001127602-19-033294,,https://www.sec.gov/Archives/edgar/data/1108524/000112760219033294/form4.xml
CRM,1108524,Marc Benioff,1294693,2019-11-18,2019-11-18,S,sale,5000,814416.62,162.8833,0.0164,-10000,30518800,,unknown,,2,0,Common Stock,D,4,0001127602-19-033104,,https://www.sec.gov/Archives/edgar/data/1108524/000112760219033104/form4.xml
CRM,1108524,Marc Benioff,1294693,2019-11-18,2019-11-15,S,sale,5000,813903.59,162.7807,0.0164,-10000,30518800,0,unknown,,3,0,Common Stock,D,4,0001127602-19-033104,,https://www.sec.gov/Archives/edgar/data/1108524/000112760219033104/form4.xml
CRM,1108524,Marc Benioff,1294693,2019-11-14,2019-11-14,S,sale,5000,815474.00,163.0948,0.0164,-10000,30528800,,unknown,,1,0,Common Stock,D,4,0001127602-19-032786,,https://www.sec.gov/Archives/edgar/data/1108524/000112760219032786/form4.xml
CRM,1108524,Marc Benioff,1294693,2019-11-14,2019-11-13,S,sale,5000,815682.25,163.1364,0.0164,-10000,30528800,0,unknown,,3,0,Common Stock,D,4,0001127602-19-032786,,https://www.sec.gov/Archives/edgar/data/1108524/000112760219032786/form4.xml
CRM,1108524,Marc Benioff,1294693,2019-11-12,2019-11-12,S,sale,5000,814984.32,162.9969,0.0164,-15000,30538800,,unknown,,3,0,Common Stock,D,4,0001127602-19-032575,,https://www.sec.gov/Archives/edgar/data/1108524/000112760219032575/form4.xml
CRM,1108524,Marc Benioff,1294693,2019-11-12,2019-11-11,S,sale,5000,806611.97,161.3224,0.0164,-15000,30538800,,unknown,,2,0,Common Stock,D,4,0001127602-19-032575,,https://www.sec.gov/Archives/edgar/data/1108524/000112760219032575/form4.xml
CRM,1108524,Marc Benioff,1294693,2019-11-12,2019-11-08,S,sale,5000,801491.32,160.2983,0.0164,-15000,30538800,0,unknown,,2,0,Common Stock,D,4,0001127602-19-032575,,https://www.sec.gov/Archives/edgar/data/1108524/000112760219032575/form4.xml
CRM,1108524,Marc Benioff,1294693,2019-11-07,2019-11-07,S,sale,5000,800224.32,160.0449,0.0164,-5000,30553800,0,unknown,,3,0,Common Stock,D,4,0001127602-19-032262,,https://www.sec.gov/Archives/edgar/data/1108524/000112760219032262/form4.xml
CRM,1108524,Marc Benioff,1294693,2019-11-06,2019-11-06,S,sale,5000,794279.53,158.8559,0.0164,-10000,30558800,,unknown,,2,0,Common Stock,D,4,0001127602-19-032074,,https://www.sec.gov/Archives/edgar/data/1108524/000112760219032074/form4.xml
CRM,1108524,Marc Benioff,1294693,2019-11-06,2019-11-05,S,sale,5000,787580.57,157.5161,0.0164,-10000,30558800,0,unknown,,4,0,Common Stock,D,4,0001127602-19-032074,,https://www.sec.gov/Archives/edgar/data/1108524/000112760219032074/form4.xml
CRM,1108524,Marc Benioff,1294693,2019-11-04,2019-11-04,S,sale,5000,792057.23,158.4114,0.0164,-10000,30568800,,unknown,,5,0,Common Stock,D,4,0001127602-19-031748,,https://www.sec.gov/Archives/edgar/data/1108524/000112760219031748/form4.xml
CRM,1108524,Marc Benioff,1294693,2019-11-04,2019-11-01,S,sale,5000,795048.69,159.0097,0.0164,-10000,30568800,0,unknown,,3,0,Common Stock,D,4,0001127602-19-031748,,https://www.sec.gov/Archives/edgar/data/1108524/000112760219031748/form4.xml
CRM,1108524,Marc Benioff,1294693,2019-10-31,2019-10-31,S,sale,5000,782326.01,156.4652,0.0163,-10000,30578800,,unknown,,2,0,Common Stock,D,4,0001127602-19-031363,,https://www.sec.gov/Archives/edgar/data/1108524/000112760219031363/form4.xml
CRM,1108524,Marc Benioff,1294693,2019-10-31,2019-10-30,S,sale,5000,785256.32,157.0513,0.0163,-10000,30578800,0,unknown,,4,0,Common Stock,D,4,0001127602-19-031363,,https://www.sec.gov/Archives/edgar/data/1108524/000112760219031363/form4.xml
CRM,1108524,Marc Benioff,1294693,2019-10-29,2019-10-29,S,sale,5000,777241.75,155.4484,0.0163,-5000,30588800,0,unknown,,2,0,Common Stock,D,4,0001127602-19-031217,,https://www.sec.gov/Archives/edgar/data/1108524/000112760219031217/form4.xml
CRM,1108524,Marc Benioff,1294693,2019-10-28,2019-10-28,S,sale,5000,764019.43,152.8039,0.0163,-10000,30593800,,unknown,,5,0,Common Stock,D,4,0001127602-19-031184,,https://www.sec.gov/Archives/edgar/data/1108524/000112760219031184/form4.xml
CRM,1108524,Marc Benioff,1294693,2019-10-28,2019-10-25,S,sale,5000,744501.90,148.9004,0.0163,-10000,30593800,0,unknown,,4,0,Common Stock,D,4,0001127602-19-031184,,https://www.sec.gov/Archives/edgar/data/1108524/000112760219031184/form4.xml
CRM,1108524,Marc Benioff,1294693,2019-10-24,2019-10-24,S,sale,5000,738805.18,147.7610,0.0163,-10000,30603800,,unknown,,2,0,Common Stock,D,4,0001127602-19-031004,,https://www.sec.gov/Archives/edgar/data/1108524/000112760219031004/form4.xml
CRM,1108524,Marc Benioff,1294693,2019-10-24,2019-10-23,S,sale,5000,721591.07,144.3182,0.0163,-10000,30603800,0,unknown,,3,0,Common Stock,D,4,0001127602-19-031004,,https://www.sec.gov/Archives/edgar/data/1108524/000112760219031004/form4.xml
CRM,1108524,Marc Benioff,1294693,2019-10-22,2019-10-22,S,sale,5000,718468.27,143.6937,0.0163,-5000,30613800,0,unknown,,4,0,Common Stock,D,4,0001127602-19-030936,,https://www.sec.gov/Archives/edgar/data/1108524/000112760219030936/form4.xml
CRM,1108524,Marc Benioff,1294693,2019-10-21,2019-10-21,S,sale,5000,722134.66,144.4269,0.0163,-10000,30618800,,unknown,,3,0,Common Stock,D,4,0001127602-19-030886,,https://www.sec.gov/Archives/edgar/data/1108524/000112760219030886/form4.xml
CRM,1108524,Marc Benioff,1294693,2019-10-21,2019-10-18,S,sale,5000,720857.15,144.1714,0.0163,-10000,30618800,0,unknown,,4,0,Common Stock,D,4,0001127602-19-030886,,https://www.sec.gov/Archives/edgar/data/1108524/000112760219030886/form4.xml
CRM,1108524,Marc Benioff,1294693,2019-10-17,2019-10-17,S,sale,5000,731145.88,146.2292,0.0163,-10000,30628800,,unknown,,3,0,Common Stock,D,4,0001127602-19-030772,,https://www.sec.gov/Archives/edgar/data/1108524/000112760219030772/form4.xml
CRM,1108524,Marc Benioff,1294693,2019-10-17,2019-10-16,S,sale,5000,735523.97,147.1048,0.0163,-10000,30628800,0,unknown,,4,0,Common Stock,D,4,0001127602-19-030772,,https://www.sec.gov/Archives/edgar/data/1108524/000112760219030772/form4.xml
CRM,1108524,Marc Benioff,1294693,2019-10-15,2019-10-15,S,sale,5000,759970.11,151.9940,0.0163,-15000,30638800,,unknown,,3,0,Common Stock,D,4,0001127602-19-030530,,https://www.sec.gov/Archives/edgar/data/1108524/000112760219030530/form4.xml
CRM,1108524,Marc Benioff,1294693,2019-10-15,2019-10-14,S,sale,5000,747575.79,149.5152,0.0163,-15000,30638800,,unknown,,2,0,Common Stock,D,4,0001127602-19-030530,,https://www.sec.gov/Archives/edgar/data/1108524/000112760219030530/form4.xml
CRM,1108524,Marc Benioff,1294693,2019-10-15,2019-10-11,S,sale,5000,749480.64,149.8961,0.0163,-15000,30638800,0,unknown,,3,0,Common Stock,D,4,0001127602-19-030530,,https://www.sec.gov/Archives/edgar/data/1108524/000112760219030530/form4.xml
CRM,1108524,Marc Benioff,1294693,2019-10-10,2019-10-10,S,sale,5000,732561.56,146.5123,0.0163,-5000,30653800,0,unknown,,2,0,Common Stock,D,4,0001127602-19-030393,,https://www.sec.gov/Archives/edgar/data/1108524/000112760219030393/form4.xml
CRM,1108524,Marc Benioff,1294693,2019-10-09,2019-10-09,S,sale,5000,735938.50,147.1877,0.0163,-10000,30658800,,unknown,,2,0,Common Stock,D,4,0001127602-19-030348,,https://www.sec.gov/Archives/edgar/data/1108524/000112760219030348/form4.xml
CRM,1108524,Marc Benioff,1294693,2019-10-09,2019-10-08,S,sale,5000,736442.42,147.2885,0.0163,-10000,30658800,0,unknown,,3,0,Common Stock,D,4,0001127602-19-030348,,https://www.sec.gov/Archives/edgar/data/1108524/000112760219030348/form4.xml
CRM,1108524,Marc Benioff,1294693,2019-10-07,2019-10-07,S,sale,5000,742603.12,148.5206,0.0163,-10000,30668800,,unknown,,3,0,Common Stock,D,4,0001127602-19-030236,,https://www.sec.gov/Archives/edgar/data/1108524/000112760219030236/form4.xml
CRM,1108524,Marc Benioff,1294693,2019-10-07,2019-10-04,S,sale,5000,738396.70,147.6793,0.0163,-10000,30668800,0,unknown,,3,0,Common Stock,D,4,0001127602-19-030236,,https://www.sec.gov/Archives/edgar/data/1108524/000112760219030236/form4.xml
CRM,1108524,Marc Benioff,1294693,2019-10-03,2019-10-03,S,sale,5000,726628.98,145.3258,0.0163,-10000,30678800,,unknown,,4,0,Common Stock,D,4,0001127602-19-030055,,https://www.sec.gov/Archives/edgar/data/1108524/000112760219030055/form4.xml
CRM,1108524,Marc Benioff,1294693,2019-10-03,2019-10-02,S,sale,5000,721389.33,144.2779,0.0163,-10000,30678800,0,unknown,,3,0,Common Stock,D,4,0001127602-19-030055,,https://www.sec.gov/Archives/edgar/data/1108524/000112760219030055/form4.xml
CRM,1108524,Marc Benioff,1294693,2019-10-01,2019-10-01,S,sale,5000,741102.84,148.2206,0.0163,-5000,30688800,0,unknown,,3,0,Common Stock,D,4,0001127602-19-029512,,https://www.sec.gov/Archives/edgar/data/1108524/000112760219029512/form4.xml
CRM,1108524,Marc Benioff,1294693,2019-09-30,2019-09-30,S,sale,5000,741864.22,148.3728,0.0163,-5000,30693800,0,unknown,,2,0,Common Stock,D,4,0001127602-19-029282,,https://www.sec.gov/Archives/edgar/data/1108524/000112760219029282/form4.xml
CRM,1108524,Marc Benioff,1294693,2019-09-27,2019-09-27,S,sale,5000,746889.10,149.3778,0.0163,-10000,30698800,,unknown,,5,0,Common Stock,D,4,0001127602-19-029195,,https://www.sec.gov/Archives/edgar/data/1108524/000112760219029195/form4.xml
CRM,1108524,Marc Benioff,1294693,2019-09-27,2019-09-26,S,sale,5000,762960.35,152.5921,0.0163,-10000,30698800,0,unknown,,2,0,Common Stock,D,4,0001127602-19-029195,,https://www.sec.gov/Archives/edgar/data/1108524/000112760219029195/form4.xml
CRM,1108524,Marc Benioff,1294693,2019-09-25,2019-09-25,S,sale,5000,756700.44,151.3401,0.0163,-10000,30708800,,unknown,,4,0,Common Stock,D,4,0001127602-19-029118,,https://www.sec.gov/Archives/edgar/data/1108524/000112760219029118/form4.xml
CRM,1108524,Marc Benioff,1294693,2019-09-25,2019-09-24,S,sale,5000,766063.00,153.2126,0.0163,-10000,30708800,0,unknown,,5,0,Common Stock,D,4,0001127602-19-029118,,https://www.sec.gov/Archives/edgar/data/1108524/000112760219029118/form4.xml
CRM,1108524,Marc Benioff,1294693,2019-09-23,2019-09-23,S,sale,5000,770887.08,154.1774,0.0163,-10000,30718800,,unknown,,2,0,Common Stock,D,4,0001127602-19-028961,,https://www.sec.gov/Archives/edgar/data/1108524/000112760219028961/form4.xml
CRM,1108524,Marc Benioff,1294693,2019-09-23,2019-09-20,S,sale,5000,775188.64,155.0377,0.0163,-10000,30718800,0,unknown,,3,0,Common Stock,D,4,0001127602-19-028961,,https://www.sec.gov/Archives/edgar/data/1108524/000112760219028961/form4.xml
CRM,1108524,Marc Benioff,1294693,2019-09-19,2019-09-19,S,sale,5000,767238.02,153.4476,0.0163,-5000,30728800,0,unknown,,2,0,Common Stock,D,4,0001127602-19-028827,,https://www.sec.gov/Archives/edgar/data/1108524/000112760219028827/form4.xml
CRM,1108524,Marc Benioff,1294693,2019-09-18,2019-09-18,S,sale,5000,758970.30,151.7941,0.0163,-10000,30733800,,unknown,,3,0,Common Stock,D,4,0001127602-19-028768,,https://www.sec.gov/Archives/edgar/data/1108524/000112760219028768/form4.xml
CRM,1108524,Marc Benioff,1294693,2019-09-18,2019-09-17,S,sale,5000,761608.73,152.3217,0.0163,-10000,30733800,0,unknown,,2,0,Common Stock,D,4,0001127602-19-028768,,https://www.sec.gov/Archives/edgar/data/1108524/000112760219028768/form4.xml
CRM,1108524,Marc Benioff,1294693,2019-09-16,2019-09-16,S,sale,5000,765296.01,153.0592,0.0163,-10000,30743800,,unknown,,3,0,Common Stock,D,4,0001127602-19-028493,,https://www.sec.gov/Archives/edgar/data/1108524/000112760219028493/form4.xml
CRM,1108524,Marc Benioff,1294693,2019-09-16,2019-09-13,S,sale,5000,768812.88,153.7626,0.0163,-10000,30743800,0,unknown,,2,0,Common Stock,D,4,0001127602-19-028493,,https://www.sec.gov/Archives/edgar/data/1108524/000112760219028493/form4.xml
CRM,1108524,Marc Benioff,1294693,2019-09-12,2019-09-12,S,sale,5000,776786.19,155.3572,0.0163,-10000,30753800,,unknown,,2,0,Common Stock,D,4,0001127602-19-028272,,https://www.sec.gov/Archives/edgar/data/1108524/000112760219028272/form4.xml
CRM,1108524,Marc Benioff,1294693,2019-09-12,2019-09-11,S,sale,5000,765271.33,153.0543,0.0163,-10000,30753800,0,unknown,,6,0,Common Stock,D,4,0001127602-19-028272,,https://www.sec.gov/Archives/edgar/data/1108524/000112760219028272/form4.xml
CRM,1108524,Marc Benioff,1294693,2019-09-10,2019-09-10,S,sale,5000,749485.45,149.8971,0.0163,-10000,30763800,,unknown,,4,0,Common Stock,D,4,0001127602-19-028152,,https://www.sec.gov/Archives/edgar/data/1108524/000112760219028152/form4.xml
CRM,1108524,Marc Benioff,1294693,2019-09-10,2019-09-09,S,sale,5000,746554.61,149.3109,0.0163,-10000,30763800,0,unknown,,4,0,Common Stock,D,4,0001127602-19-028152,,https://www.sec.gov/Archives/edgar/data/1108524/000112760219028152/form4.xml
CRM,1108524,Marc Benioff,1294693,2019-09-06,2019-09-06,S,sale,5000,759690.56,151.9381,0.0162,-5000,30773800,0,unknown,,2,0,Common Stock,D,4,0001127602-19-028051,,https://www.sec.gov/Archives/edgar/data/1108524/000112760219028051/form4.xml
CRM,1108524,Marc Benioff,1294693,2019-09-05,2019-09-05,S,sale,5000,766272.89,153.2546,0.0162,-10000,30778800,,unknown,,2,0,Common Stock,D,4,0001127602-19-028021,,https://www.sec.gov/Archives/edgar/data/1108524/000112760219028021/form4.xml
CRM,1108524,Marc Benioff,1294693,2019-09-05,2019-09-04,S,sale,5000,764847.05,152.9694,0.0162,-10000,30778800,0,unknown,,2,0,Common Stock,D,4,0001127602-19-028021,,https://www.sec.gov/Archives/edgar/data/1108524/000112760219028021/form4.xml
CRM,1108524,Marc Benioff,1294693,2019-09-03,2019-09-03,S,sale,5000,766124.91,153.2250,0.0162,-135000,30788800,,unknown,G,4,0,Common Stock,D,4,0001127602-19-027802,,https://www.sec.gov/Archives/edgar/data/1108524/000112760219027802/form4.xml
CRM,1108524,Marc Benioff,1294693,2019-09-03,2019-08-30,S,sale,5000,778444.22,155.6888,0.0162,-135000,30788800,0,unknown,G,4,0,Common Stock,D,4,0001127602-19-027802,,https://www.sec.gov/Archives/edgar/data/1108524/000112760219027802/form4.xml
CRM,1108524,Marc Benioff,1294693,2019-08-29,2019-08-29,S,sale,5000,774825.01,154.9650,0.0162,-5000,30923800,0,unknown,,3,0,Common Stock,D,4,0001127602-19-027599,,https://www.sec.gov/Archives/edgar/data/1108524/000112760219027599/form4.xml
CRM,1108524,Marc Benioff,1294693,2019-08-28,2019-08-28,S,sale,5000,759191.12,151.8382,0.0162,-10000,30928800,,unknown,,2,0,Common Stock,D,4,0001127602-19-027528,,https://www.sec.gov/Archives/edgar/data/1108524/000112760219027528/form4.xml
CRM,1108524,Marc Benioff,1294693,2019-08-28,2019-08-27,S,sale,5000,769839.86,153.9680,0.0162,-10000,30928800,0,unknown,,3,0,Common Stock,D,4,0001127602-19-027528,,https://www.sec.gov/Archives/edgar/data/1108524/000112760219027528/form4.xml
CRM,1108524,Marc Benioff,1294693,2019-08-26,2019-08-26,S,sale,5000,767577.16,153.5154,0.0162,-10000,30938800,,unknown,,4,0,Common Stock,D,4,0001127602-19-027425,,https://www.sec.gov/Archives/edgar/data/1108524/000112760219027425/form4.xml
CRM,1108524,Marc Benioff,1294693,2019-08-26,2019-08-23,S,sale,5000,773091.98,154.6184,0.0162,-10000,30938800,0,unknown,,7,0,Common Stock,D,4,0001127602-19-027425,,https://www.sec.gov/Archives/edgar/data/1108524/000112760219027425/form4.xml
CRM,1108524,Marc Benioff,1294693,2019-08-22,2019-08-22,S,sale,5000,738243.95,147.6488,0.0162,-10000,30948800,,unknown,,4,0,Common Stock,D,4,0001127602-19-027257,,https://www.sec.gov/Archives/edgar/data/1108524/000112760219027257/form4.xml
CRM,1108524,Marc Benioff,1294693,2019-08-22,2019-08-21,S,sale,5000,736473.62,147.2947,0.0162,-10000,30948800,0,unknown,,2,0,Common Stock,D,4,0001127602-19-027257,,https://www.sec.gov/Archives/edgar/data/1108524/000112760219027257/form4.xml
CRM,1108524,Marc Benioff,1294693,2019-08-20,2019-08-20,S,sale,5000,727184.97,145.4370,0.0161,-5000,30958800,0,unknown,,3,0,Common Stock,D,4,0001127602-19-027088,,https://www.sec.gov/Archives/edgar/data/1108524/000112760219027088/form4.xml
CRM,1108524,Marc Benioff,1294693,2019-08-19,2019-08-19,S,sale,5000,720095.80,144.0192,0.0161,-10000,30963800,,unknown,,3,0,Common Stock,D,4,0001127602-19-027025,,https://www.sec.gov/Archives/edgar/data/1108524/000112760219027025/form4.xml
CRM,1108524,Marc Benioff,1294693,2019-08-19,2019-08-16,S,sale,5000,719826.58,143.9653,0.0161,-10000,30963800,0,unknown,,3,0,Common Stock,D,4,0001127602-19-027025,,https://www.sec.gov/Archives/edgar/data/1108524/000112760219027025/form4.xml
CRM,1108524,Marc Benioff,1294693,2019-08-15,2019-08-15,S,sale,5000,710178.82,142.0358,0.0161,-10000,30973800,,unknown,,4,0,Common Stock,D,4,0001127602-19-026818,,https://www.sec.gov/Archives/edgar/data/1108524/000112760219026818/form4.xml
CRM,1108524,Marc Benioff,1294693,2019-08-15,2019-08-14,S,sale,5000,699636.59,139.9273,0.0161,-10000,30973800,0,unknown,,4,0,Common Stock,D,4,0001127602-19-026818,,https://www.sec.gov/Archives/edgar/data/1108524/000112760219026818/form4.xml
CRM,1108524,Marc Benioff,1294693,2019-08-13,2019-08-13,S,sale,5000,718042.07,143.6084,0.0161,-5000,30983800,0,unknown,,4,0,Common Stock,D,4,0001127602-19-026576,,https://www.sec.gov/Archives/edgar/data/1108524/000112760219026576/form4.xml
CRM,1108524,Marc Benioff,1294693,2019-08-12,2019-08-12,S,sale,5000,705226.08,141.0452,0.0161,-10000,30988800,,unknown,,2,0,Common Stock,D,4,0001127602-19-026466,,https://www.sec.gov/Archives/edgar/data/1108524/000112760219026466/form4.xml
CRM,1108524,Marc Benioff,1294693,2019-08-12,2019-08-09,S,sale,5000,716430.53,143.2861,0.0161,-10000,30988800,0,unknown,,3,0,Common Stock,D,4,0001127602-19-026466,,https://www.sec.gov/Archives/edgar/data/1108524/000112760219026466/form4.xml
CRM,1108524,Marc Benioff,1294693,2019-08-08,2019-08-08,S,sale,5000,718877.78,143.7756,0.0161,-10000,30998800,,unknown,,3,0,Common Stock,D,4,0001127602-19-026281,,https://www.sec.gov/Archives/edgar/data/1108524/000112760219026281/form4.xml
CRM,1108524,Marc Benioff,1294693,2019-08-08,2019-08-07,S,sale,5000,706046.72,141.2093,0.0161,-10000,30998800,0,unknown,,4,0,Common Stock,D,4,0001127602-19-026281,,https://www.sec.gov/Archives/edgar/data/1108524/000112760219026281/form4.xml
CRM,1108524,Marc Benioff,1294693,2019-08-06,2019-08-06,S,sale,5000,715938.31,143.1877,0.0161,-5000,31008800,0,unknown,,3,0,Common Stock,D,4,0001127602-19-026200,,https://www.sec.gov/Archives/edgar/data/1108524/000112760219026200/form4.xml
CRM,1108524,Marc Benioff,1294693,2019-08-05,2019-08-05,S,sale,5000,709903.04,141.9806,0.0161,-10000,31013800,,unknown,,3,0,Common Stock,D,4,0001127602-19-026105,,https://www.sec.gov/Archives/edgar/data/1108524/000112760219026105/form4.xml
CRM,1108524,Marc Benioff,1294693,2019-08-05,2019-08-02,S,sale,5000,735845.16,147.1690,0.0161,-10000,31013800,0,unknown,,4,0,Common Stock,D,4,0001127602-19-026105,,https://www.sec.gov/Archives/edgar/data/1108524/000112760219026105/form4.xml
CRM,1108524,Marc Benioff,1294693,2019-08-01,2019-08-01,S,sale,5000,774977.02,154.9954,0.0161,-10000,31023800,,unknown,,6,0,Common Stock,D,4,0001127602-19-025745,,https://www.sec.gov/Archives/edgar/data/1108524/000112760219025745/form4.xml
CRM,1108524,Marc Benioff,1294693,2019-08-01,2019-07-31,S,sale,5000,781062.43,156.2125,0.0161,-10000,31023800,0,unknown,,5,0,Common Stock,D,4,0001127602-19-025745,,https://www.sec.gov/Archives/edgar/data/1108524/000112760219025745/form4.xml
CRM,1108524,Marc Benioff,1294693,2019-07-30,2019-07-30,S,sale,5000,785321.63,157.0643,0.0161,-5000,31033800,0,unknown,,3,0,Common Stock,D,4,0001127602-19-025458,,https://www.sec.gov/Archives/edgar/data/1108524/000112760219025458/form4.xml
CRM,1108524,Marc Benioff,1294693,2019-07-29,2019-07-29,S,sale,5000,786558.88,157.3118,0.0161,-10000,31038800,,unknown,,5,0,Common Stock,D,4,0001127602-19-025363,,https://www.sec.gov/Archives/edgar/data/1108524/000112760219025363/form4.xml
CRM,1108524,Marc Benioff,1294693,2019-07-29,2019-07-26,S,sale,5000,798747.10,159.7494,0.0161,-10000,31038800,0,unknown,,2,0,Common Stock,D,4,0001127602-19-025363,,https://www.sec.gov/Archives/edgar/data/1108524/000112760219025363/form4.xml
CRM,1108524,Marc Benioff,1294693,2019-07-25,2019-07-25,S,sale,5000,797704.49,159.5409,0.0161,-10000,31048800,,unknown,,2,0,Common Stock,D,4,0001127602-19-025231,,https://www.sec.gov/Archives/edgar/data/1108524/000112760219025231/form4.xml
CRM,1108524,Marc Benioff,1294693,2019-07-25,2019-07-24,S,sale,5000,791306.37,158.2613,0.0161,-10000,31048800,0,unknown,,4,0,Common Stock,D,4,0001127602-19-025231,,https://www.sec.gov/Archives/edgar/data/1108524/000112760219025231/form4.xml
CRM,1108524,Marc Benioff,1294693,2019-07-23,2019-07-23,S,sale,5000,781721.50,156.3443,0.0161,-5000,31058800,0,unknown,,3,0,Common Stock,D,4,0001127602-19-025102,,https://www.sec.gov/Archives/edgar/data/1108524/000112760219025102/form4.xml
CRM,1108524,Marc Benioff,1294693,2019-07-22,2019-07-22,S,sale,5000,789784.75,157.9570,0.0161,-10000,31063800,,unknown,,2,0,Common Stock,D,4,0001127602-19-025044,,https://www.sec.gov/Archives/edgar/data/1108524/000112760219025044/form4.xml
CRM,1108524,Marc Benioff,1294693,2019-07-22,2019-07-19,S,sale,5000,791950.12,158.3900,0.0161,-10000,31063800,0,unknown,,4,0,Common Stock,D,4,0001127602-19-025044,,https://www.sec.gov/Archives/edgar/data/1108524/000112760219025044/form4.xml
CRM,1108524,Marc Benioff,1294693,2019-07-18,2019-07-18,S,sale,5000,788423.86,157.6848,0.0161,-5000,31073800,0,unknown,,2,0,Common Stock,D,4,0001127602-19-024876,,https://www.sec.gov/Archives/edgar/data/1108524/000112760219024876/form4.xml
CRM,1108524,Marc Benioff,1294693,2019-07-17,2019-07-17,S,sale,5000,794709.87,158.9420,0.0161,-10000,31078800,,unknown,,3,0,Common Stock,D,4,0001127602-19-024829,,https://www.sec.gov/Archives/edgar/data/1108524/000112760219024829/form4.xml
CRM,1108524,Marc Benioff,1294693,2019-07-17,2019-07-16,S,sale,5000,794927.40,158.9855,0.0161,-10000,31078800,0,unknown,,4,0,Common Stock,D,4,0001127602-19-024829,,https://www.sec.gov/Archives/edgar/data/1108524/000112760219024829/form4.xml
CRM,1108524,Marc Benioff,1294693,2019-07-15,2019-07-15,S,sale,5000,794460.83,158.8922,0.0161,-10000,31088800,,unknown,,3,0,Common Stock,D,4,0001127602-19-024560,,https://www.sec.gov/Archives/edgar/data/1108524/000112760219024560/form4.xml
CRM,1108524,Marc Benioff,1294693,2019-07-15,2019-07-12,S,sale,5000,791718.93,158.3438,0.0161,-10000,31088800,0,unknown,,3,0,Common Stock,D,4,0001127602-19-024560,,https://www.sec.gov/Archives/edgar/data/1108524/000112760219024560/form4.xml
CRM,1108524,Marc Benioff,1294693,2019-07-11,2019-07-11,S,sale,5000,790793.07,158.1586,0.0161,-10000,31098800,,unknown,,3,0,Common Stock,D,4,0001127602-19-024403,,https://www.sec.gov/Archives/edgar/data/1108524/000112760219024403/form4.xml
CRM,1108524,Marc Benioff,1294693,2019-07-11,2019-07-10,S,sale,5000,779322.25,155.8645,0.0161,-10000,31098800,0,unknown,,2,0,Common Stock,D,4,0001127602-19-024403,,https://www.sec.gov/Archives/edgar/data/1108524/000112760219024403/form4.xml
CRM,1108524,Marc Benioff,1294693,2019-07-09,2019-07-09,S,sale,5000,766513.77,153.3028,0.0161,-5000,31108800,0,unknown,,3,0,Common Stock,D,4,0001127602-19-024263,,https://www.sec.gov/Archives/edgar/data/1108524/000112760219024263/form4.xml
CRM,1108524,Marc Benioff,1294693,2019-07-08,2019-07-08,S,sale,5000,763356.95,152.6714,0.0161,-10000,31113800,,unknown,,2,0,Common Stock,D,4,0001127602-19-024187,,https://www.sec.gov/Archives/edgar/data/1108524/000112760219024187/form4.xml
CRM,1108524,Marc Benioff,1294693,2019-07-08,2019-07-05,S,sale,5000,769258.65,153.8517,0.0161,-10000,31113800,0,unknown,,3,0,Common Stock,D,4,0001127602-19-024187,,https://www.sec.gov/Archives/edgar/data/1108524/000112760219024187/form4.xml
CRM,1108524,Marc Benioff,1294693,2019-07-03,2019-07-03,S,sale,5000,774722.94,154.9446,0.0161,-5000,31123800,0,unknown,,2,0,Common Stock,D,4,0001127602-19-024024,,https://www.sec.gov/Archives/edgar/data/1108524/000112760219024024/form4.xml
CRM,1108524,Marc Benioff,1294693,2019-07-02,2019-07-02,S,sale,5000,768123.61,153.6247,0.0161,-5000,31128800,0,unknown,,2,0,Common Stock,D,4,0001127602-19-023791,,https://www.sec.gov/Archives/edgar/data/1108524/000112760219023791/form4.xml
CRM,1108524,Marc Benioff,1294693,2019-07-01,2019-07-01,S,sale,5000,766074.12,153.2148,0.0161,-10000,31133800,,unknown,,3,0,Common Stock,D,4,0001127602-19-023307,,https://www.sec.gov/Archives/edgar/data/1108524/000112760219023307/form4.xml
CRM,1108524,Marc Benioff,1294693,2019-07-01,2019-06-28,S,sale,5000,752644.29,150.5289,0.0161,-10000,31133800,0,unknown,,2,0,Common Stock,D,4,0001127602-19-023307,,https://www.sec.gov/Archives/edgar/data/1108524/000112760219023307/form4.xml
CRM,1108524,Marc Benioff,1294693,2019-06-27,2019-06-27,S,sale,5000,747492.53,149.4985,0.0161,-10000,31143800,,unknown,,2,0,Common Stock,D,4,0001127602-19-022970,,https://www.sec.gov/Archives/edgar/data/1108524/000112760219022970/form4.xml
CRM,1108524,Marc Benioff,1294693,2019-06-27,2019-06-26,S,sale,5000,749825.10,149.9650,0.0161,-10000,31143800,0,unknown,,3,0,Common Stock,D,4,0001127602-19-022970,,https://www.sec.gov/Archives/edgar/data/1108524/000112760219022970/form4.xml
CRM,1108524,Marc Benioff,1294693,2019-06-25,2019-06-25,S,sale,5000,752258.06,150.4516,0.0160,-5000,31153800,0,unknown,,5,0,Common Stock,D,4,0001127602-19-022830,,https://www.sec.gov/Archives/edgar/data/1108524/000112760219022830/form4.xml
CRM,1108524,Marc Benioff,1294693,2019-06-24,2019-06-24,S,sale,5000,769121.14,153.8242,0.0160,-10000,31158800,,unknown,,4,0,Common Stock,D,4,0001127602-19-022685,,https://www.sec.gov/Archives/edgar/data/1108524/000112760219022685/form4.xml
CRM,1108524,Marc Benioff,1294693,2019-06-24,2019-06-21,S,sale,5000,785231.80,157.0464,0.0160,-10000,31158800,0,unknown,,2,0,Common Stock,D,4,0001127602-19-022685,,https://www.sec.gov/Archives/edgar/data/1108524/000112760219022685/form4.xml
CRM,1108524,Marc Benioff,1294693,2019-06-21,2019-06-20,S,sale,5000,783865.00,156.7730,0.0160,-5000,31168800,0,unknown,,3,0,Common Stock,D,4,0001127602-19-022568,,https://www.sec.gov/Archives/edgar/data/1108524/000112760219022568/form4.xml
CRM,1108524,Marc Benioff,1294693,2019-06-19,2019-06-19,S,sale,5000,760551.95,152.1104,0.0160,-10000,31173800,,unknown,,4,0,Common Stock,D,4,0001127602-19-022317,,https://www.sec.gov/Archives/edgar/data/1108524/000112760219022317/form4.xml
CRM,1108524,Marc Benioff,1294693,2019-06-19,2019-06-18,S,sale,5000,757699.32,151.5399,0.0160,-10000,31173800,0,unknown,,3,0,Common Stock,D,4,0001127602-19-022317,,https://www.sec.gov/Archives/edgar/data/1108524/000112760219022317/form4.xml
CRM,1108524,Marc Benioff,1294693,2019-06-17,2019-06-17,S,sale,5000,753216.05,150.6432,0.0160,-10000,31183800,,unknown,,2,0,Common Stock,D,4,0001127602-19-021886,,https://www.sec.gov/Archives/edgar/data/1108524/000112760219021886/form4.xml
CRM,1108524,Marc Benioff,1294693,2019-06-17,2019-06-14,S,sale,5000,751697.02,150.3394,0.0160,-10000,31183800,0,unknown,,3,0,Common Stock,D,4,0001127602-19-021886,,https://www.sec.gov/Archives/edgar/data/1108524/000112760219021886/form4.xml
CRM,1108524,Marc Benioff,1294693,2019-06-13,2019-06-13,S,sale,5000,755085.70,151.0171,0.0160,-10000,31193800,,unknown,,2,0,Common Stock,D,4,0001127602-19-021582,,https://www.sec.gov/Archives/edgar/data/1108524/000112760219021582/form4.xml
CRM,1108524,Marc Benioff,1294693,2019-06-13,2019-06-12,S,sale,5000,756355.00,151.2710,0.0160,-10000,31193800,0,unknown,,2,0,Common Stock,D,4,0001127602-19-021582,,https://www.sec.gov/Archives/edgar/data/1108524/000112760219021582/form4.xml
CRM,1108524,Marc Benioff,1294693,2019-06-11,2019-06-11,S,sale,5000,757145.99,151.4292,0.0160,-5000,31203800,0,unknown,,6,0,Common Stock,D,4,0001127602-19-021411,,https://www.sec.gov/Archives/edgar/data/1108524/000112760219021411/form4.xml
CRM,1108524,Marc Benioff,1294693,2019-06-10,2019-06-10,S,sale,5000,768375.13,153.6750,0.0160,-10000,31208800,,unknown,,5,0,Common Stock,D,4,0001127602-19-021261,,https://www.sec.gov/Archives/edgar/data/1108524/000112760219021261/form4.xml
CRM,1108524,Marc Benioff,1294693,2019-06-10,2019-06-07,S,sale,5000,809096.90,161.8194,0.0160,-10000,31208800,0,unknown,,3,0,Common Stock,D,4,0001127602-19-021261,,https://www.sec.gov/Archives/edgar/data/1108524/000112760219021261/form4.xml
CRM,1108524,Marc Benioff,1294693,2019-06-06,2019-06-06,S,sale,5000,792695.67,158.5391,0.0160,-10000,31218800,,unknown,,3,0,Common Stock,D,4,0001127602-19-021085,,https://www.sec.gov/Archives/edgar/data/1108524/000112760219021085/form4.xml
CRM,1108524,Marc Benioff,1294693,2019-06-06,2019-06-05,S,sale,5000,783046.01,156.6092,0.0160,-10000,31218800,0,unknown,,4,0,Common Stock,D,4,0001127602-19-021085,,https://www.sec.gov/Archives/edgar/data/1108524/000112760219021085/form4.xml
CRM,1108524,Marc Benioff,1294693,2019-06-04,2019-06-04,S,sale,5000,736245.47,147.2491,0.0160,-5000,31228800,0,unknown,,8,0,Common Stock,D,4,0001127602-19-020784,,https://www.sec.gov/Archives/edgar/data/1108524/000112760219020784/form4.xml
CRM,1108524,Marc Benioff,1294693,2019-06-03,2019-06-03,S,sale,5000,735626.53,147.1253,0.0160,-10000,31233800,,unknown,,7,0,Common Stock,D,4,0001127602-19-020580,,https://www.sec.gov/Archives/edgar/data/1108524/000112760219020580/form4.xml
CRM,1108524,Marc Benioff,1294693,2019-06-03,2019-05-31,S,sale,5000,763182.88,152.6366,0.0160,-10000,31233800,0,unknown,,3,0,Common Stock,D,4,0001127602-19-020580,,https://www.sec.gov/Archives/edgar/data/1108524/000112760219020580/form4.xml
CRM,1108524,Marc Benioff,1294693,2019-05-30,2019-05-30,S,sale,5000,776065.19,155.2130,0.0160,-10000,31243800,,unknown,,2,0,Common Stock,D,4,0001127602-19-020270,,https://www.sec.gov/Archives/edgar/data/1108524/000112760219020270/form4.xml
CRM,1108524,Marc Benioff,1294693,2019-05-30,2019-05-29,S,sale,5000,764116.10,152.8232,0.0160,-10000,31243800,0,unknown,,3,0,Common Stock,D,4,0001127602-19-020270,,https://www.sec.gov/Archives/edgar/data/1108524/000112760219020270/form4.xml
CRM,1108524,Marc Benioff,1294693,2019-05-28,2019-05-28,S,sale,5000,780345.03,156.0690,0.0160,-10000,31253800,,unknown,,3,0,Common Stock,D,4,0001127602-19-020060,,https://www.sec.gov/Archives/edgar/data/1108524/000112760219020060/form4.xml
CRM,1108524,Marc Benioff,1294693,2019-05-28,2019-05-24,S,sale,5000,775126.12,155.0252,0.0160,-10000,31253800,0,unknown,,3,0,Common Stock,D,4,0001127602-19-020060,,https://www.sec.gov/Archives/edgar/data/1108524/000112760219020060/form4.xml
CRM,1108524,Marc Benioff,1294693,2019-05-23,2019-05-23,S,sale,5000,768320.77,153.6642,0.0160,-5000,31263800,0,unknown,,4,0,Common Stock,D,4,0001127602-19-019755,,https://www.sec.gov/Archives/edgar/data/1108524/000112760219019755/form4.xml
CRM,1108524,Marc Benioff,1294693,2019-05-22,2019-05-22,S,sale,5000,786855.39,157.3711,0.0160,-10000,31268800,,unknown,,3,0,Common Stock,D,4,0001127602-19-019511,,https://www.sec.gov/Archives/edgar/data/1108524/000112760219019511/form4.xml
CRM,1108524,Marc Benioff,1294693,2019-05-22,2019-05-21,S,sale,5000,780483.32,156.0967,0.0160,-10000,31268800,0,unknown,,3,0,Common Stock,D,4,0001127602-19-019511,,https://www.sec.gov/Archives/edgar/data/1108524/000112760219019511/form4.xml
CRM,1108524,Marc Benioff,1294693,2019-05-20,2019-05-20,S,sale,5000,773005.36,154.6011,0.0160,-10000,31278800,,unknown,,4,0,Common Stock,D,4,0001127602-19-019209,,https://www.sec.gov/Archives/edgar/data/1108524/000112760219019209/form4.xml
CRM,1108524,Marc Benioff,1294693,2019-05-20,2019-05-17,S,sale,5000,776702.48,155.3405,0.0160,-10000,31278800,0,unknown,,3,0,Common Stock,D,4,0001127602-19-019209,,https://www.sec.gov/Archives/edgar/data/1108524/000112760219019209/form4.xml
CRM,1108524,Marc Benioff,1294693,2019-05-16,2019-05-16,S,sale,5000,791133.12,158.2266,0.0160,-5000,31288800,0,unknown,,4,0,Common Stock,D,4,0001127602-19-018872,,https://www.sec.gov/Archives/edgar/data/1108524/000112760219018872/form4.xml
CRM,1108524,Marc Benioff,1294693,2019-05-15,2019-05-15,S,sale,5000,774038.99,154.8078,0.0160,-10000,31293800,,unknown,,4,0,Common Stock,D,4,0001127602-19-018612,,https://www.sec.gov/Archives/edgar/data/1108524/000112760219018612/form4.xml
CRM,1108524,Marc Benioff,1294693,2019-05-15,2019-05-14,S,sale,5000,781446.81,156.2894,0.0160,-10000,31293800,0,unknown,,6,0,Common Stock,D,4,0001127602-19-018612,,https://www.sec.gov/Archives/edgar/data/1108524/000112760219018612/form4.xml
CRM,1108524,Marc Benioff,1294693,2019-05-13,2019-05-13,S,sale,5000,772018.10,154.4036,0.0160,-10000,31303800,,unknown,,4,0,Common Stock,D,4,0001127602-19-018376,,https://www.sec.gov/Archives/edgar/data/1108524/000112760219018376/form4.xml
CRM,1108524,Marc Benioff,1294693,2019-05-13,2019-05-10,S,sale,5000,786414.45,157.2829,0.0160,-10000,31303800,0,unknown,,5,0,Common Stock,D,4,0001127602-19-018376,,https://www.sec.gov/Archives/edgar/data/1108524/000112760219018376/form4.xml
CRM,1108524,Marc Benioff,1294693,2019-05-09,2019-05-09,S,sale,5000,774175.95,154.8352,0.0160,-5000,31313800,0,unknown,,4,0,Common Stock,D,4,0001127602-19-018021,,https://www.sec.gov/Archives/edgar/data/1108524/000112760219018021/form4.xml
CRM,1108524,Marc Benioff,1294693,2019-05-08,2019-05-08,S,sale,5000,784892.19,156.9784,0.0160,-10000,31318800,,unknown,,3,0,Common Stock,D,4,0001127602-19-017798,,https://www.sec.gov/Archives/edgar/data/1108524/000112760219017798/form4.xml
CRM,1108524,Marc Benioff,1294693,2019-05-08,2019-05-07,S,sale,5000,787717.72,157.5435,0.0160,-10000,31318800,0,unknown,,6,0,Common Stock,D,4,0001127602-19-017798,,https://www.sec.gov/Archives/edgar/data/1108524/000112760219017798/form4.xml
CRM,1108524,Marc Benioff,1294693,2019-05-06,2019-05-06,S,sale,5000,806675.91,161.3352,0.0160,-10000,31328800,,unknown,,4,0,Common Stock,D,4,0001127602-19-017483,,https://www.sec.gov/Archives/edgar/data/1108524/000112760219017483/form4.xml
CRM,1108524,Marc Benioff,1294693,2019-05-06,2019-05-03,S,sale,5000,814055.10,162.8110,0.0160,-10000,31328800,0,unknown,,2,0,Common Stock,D,4,0001127602-19-017483,,https://www.sec.gov/Archives/edgar/data/1108524/000112760219017483/form4.xml
CRM,1108524,Marc Benioff,1294693,2019-05-02,2019-05-02,S,sale,5000,806185.78,161.2372,0.0160,-5000,31338800,0,unknown,,3,0,Common Stock,D,4,0001127602-19-017154,,https://www.sec.gov/Archives/edgar/data/1108524/000112760219017154/form4.xml
CRM,1108524,Marc Benioff,1294693,2019-05-01,2019-05-01,S,sale,5000,820025.64,164.0051,0.0159,-10000,31343800,,unknown,,4,0,Common Stock,D,4,0001127602-19-016809,,https://www.sec.gov/Archives/edgar/data/1108524/000112760219016809/form4.xml
CRM,1108524,Marc Benioff,1294693,2019-05-01,2019-04-30,S,sale,5000,825733.00,165.1466,0.0159,-10000,31343800,0,unknown,,2,0,Common Stock,D,4,0001127602-19-016809,,https://www.sec.gov/Archives/edgar/data/1108524/000112760219016809/form4.xml
CRM,1108524,Marc Benioff,1294693,2019-04-29,2019-04-29,S,sale,5000,832800.06,166.5600,0.0159,-10000,31353800,,unknown,,2,0,Common Stock,D,4,0001127602-19-016505,,https://www.sec.gov/Archives/edgar/data/1108524/000112760219016505/form4.xml
CRM,1108524,Marc Benioff,1294693,2019-04-29,2019-04-26,S,sale,5000,822414.18,164.4828,0.0159,-10000,31353800,0,unknown,,4,0,Common Stock,D,4,0001127602-19-016505,,https://www.sec.gov/Archives/edgar/data/1108524/000112760219016505/form4.xml
CRM,1108524,Marc Benioff,1294693,2019-04-25,2019-04-25,S,sale,5000,813232.13,162.6464,0.0159,-10000,31363800,,unknown,,3,0,Common Stock,D,4,0001127602-19-016253,,https://www.sec.gov/Archives/edgar/data/1108524/000112760219016253/form4.xml
CRM,1108524,Marc Benioff,1294693,2019-04-25,2019-04-24,S,sale,5000,802558.21,160.5116,0.0159,-10000,31363800,0,unknown,,3,0,Common Stock,D,4,0001127602-19-016253,,https://www.sec.gov/Archives/edgar/data/1108524/000112760219016253/form4.xml
CRM,1108524,Marc Benioff,1294693,2019-04-23,2019-04-23,S,sale,5000,801593.40,160.3187,0.0159,-10000,31373800,,unknown,,3,0,Common Stock,D,4,0001127602-19-016092,,https://www.sec.gov/Archives/edgar/data/1108524/000112760219016092/form4.xml
CRM,1108524,Marc Benioff,1294693,2019-04-23,2019-04-22,S,sale,5000,788534.43,157.7069,0.0159,-10000,31373800,0,unknown,,4,0,Common Stock,D,4,0001127602-19-016092,,https://www.sec.gov/Archives/edgar/data/1108524/000112760219016092/form4.xml
CRM,1108524,Marc Benioff,1294693,2019-04-18,2019-04-18,S,sale,5000,776314.93,155.2630,0.0159,-10000,31383800,,unknown,,3,0,Common Stock,D,4,0001127602-19-015858,,https://www.sec.gov/Archives/edgar/data/1108524/000112760219015858/form4.xml
CRM,1108524,Marc Benioff,1294693,2019-04-18,2019-04-17,S,sale,5000,781065.10,156.2130,0.0159,-10000,31383800,0,unknown,,4,0,Common Stock,D,4,0001127602-19-015858,,https://www.sec.gov/Archives/edgar/data/1108524/000112760219015858/form4.xml
CRM,1108524,Marc Benioff,1294693,2019-04-16,2019-04-16,S,sale,5000,797452.22,159.4904,0.0159,-15000,31393800,,unknown,,3,0,Common Stock,D,4,0001127602-19-015605,,https://www.sec.gov/Archives/edgar/data/1108524/000112760219015605/form4.xml
CRM,1108524,Marc Benioff,1294693,2019-04-16,2019-04-15,S,sale,5000,802404.18,160.4808,0.0159,-15000,31393800,,unknown,,3,0,Common Stock,D,4,0001127602-19-015605,,https://www.sec.gov/Archives/edgar/data/1108524/000112760219015605/form4.xml
CRM,1108524,Marc Benioff,1294693,2019-04-16,2019-04-12,S,sale,5000,803783.92,160.7568,0.0159,-15000,31393800,0,unknown,,3,0,Common Stock,D,4,0001127602-19-015605,,https://www.sec.gov/Archives/edgar/data/1108524/000112760219015605/form4.xml
CRM,1108524,Marc Benioff,1294693,2019-04-11,2019-04-11,S,sale,5000,800495.96,160.0992,0.0159,-5000,31408800,0,unknown,,2,0,Common Stock,D,4,0001127602-19-015305,,https://www.sec.gov/Archives/edgar/data/1108524/000112760219015305/form4.xml
CRM,1108524,Marc Benioff,1294693,2019-04-10,2019-04-10,S,sale,5000,798042.49,159.6085,0.0159,-10000,31413800,,unknown,,3,0,Common Stock,D,4,0001127602-19-015188,,https://www.sec.gov/Archives/edgar/data/1108524/000112760219015188/form4.xml
CRM,1108524,Marc Benioff,1294693,2019-04-10,2019-04-09,S,sale,5000,786808.60,157.3617,0.0159,-10000,31413800,0,unknown,,2,0,Common Stock,D,4,0001127602-19-015188,,https://www.sec.gov/Archives/edgar/data/1108524/000112760219015188/form4.xml
CRM,1108524,Marc Benioff,1294693,2019-04-08,2019-04-08,S,sale,5000,790357.85,158.0716,0.0159,-10000,31423800,,unknown,,2,0,Common Stock,D,4,0001127602-19-015012,,https://www.sec.gov/Archives/edgar/data/1108524/000112760219015012/form4.xml
CRM,1108524,Marc Benioff,1294693,2019-04-08,2019-04-05,S,sale,5000,794840.86,158.9682,0.0159,-10000,31423800,0,unknown,,2,0,Common Stock,D,4,0001127602-19-015012,,https://www.sec.gov/Archives/edgar/data/1108524/000112760219015012/form4.xml
CRM,1108524,Marc Benioff,1294693,2019-04-04,2019-04-04,S,sale,5000,793615.32,158.7231,0.0159,-5000,31433800,0,unknown,,7,0,Common Stock,D,4,0001127602-19-014819,,https://www.sec.gov/Archives/edgar/data/1108524/000112760219014819/form4.xml
CRM,1108524,Marc Benioff,1294693,2019-04-03,2019-04-03,S,sale,5000,811009.47,162.2019,0.0159,-10000,31438800,,unknown,,3,0,Common Stock,D,4,0001127602-19-014756,,https://www.sec.gov/Archives/edgar/data/1108524/000112760219014756/form4.xml
CRM,1108524,Marc Benioff,1294693,2019-04-03,2019-04-02,S,sale,5000,800959.30,160.1919,0.0159,-10000,31438800,0,unknown,,2,0,Common Stock,D,4,0001127602-19-014756,,https://www.sec.gov/Archives/edgar/data/1108524/000112760219014756/form4.xml
CRM,1108524,Marc Benioff,1294693,2019-04-01,2019-04-01,S,sale,5000,802687.98,160.5376,0.0159,-10000,31448800,,unknown,,3,0,Common Stock,D,4,0001127602-19-013923,,https://www.sec.gov/Archives/edgar/data/1108524/000112760219013923/form4.xml
CRM,1108524,Marc Benioff,1294693,2019-04-01,2019-03-29,S,sale,5000,788543.41,157.7087,0.0159,-10000,31448800,0,unknown,,3,0,Common Stock,D,4,0001127602-19-013923,,https://www.sec.gov/Archives/edgar/data/1108524/000112760219013923/form4.xml
CRM,1108524,Marc Benioff,1294693,2019-03-28,2019-03-28,S,sale,5000,776542.68,155.3085,0.0159,-10000,31458800,,unknown,,3,0,Common Stock,D,4,0001127602-19-013550,,https://www.sec.gov/Archives/edgar/data/1108524/000112760219013550/form4.xml
CRM,1108524,Marc Benioff,1294693,2019-03-28,2019-03-27,S,sale,5000,778071.30,155.6143,0.0159,-10000,31458800,0,unknown,,5,0,Common Stock,D,4,0001127602-19-013550,,https://www.sec.gov/Archives/edgar/data/1108524/000112760219013550/form4.xml
CRM,1108524,Marc Benioff,1294693,2019-03-26,2019-03-26,S,sale,5000,798036.06,159.6072,0.0159,-15000,31468800,,unknown,,4,0,Common Stock,D,4,0001127602-19-013248,,https://www.sec.gov/Archives/edgar/data/1108524/000112760219013248/form4.xml
CRM,1108524,Marc Benioff,1294693,2019-03-25,2019-03-25,S,sale,5000,802892.98,160.5786,0.0159,-15000,31468800,,unknown,,3,0,Common Stock,D,4,0001127602-19-013172,,https://www.sec.gov/Archives/edgar/data/1108524/000112760219013172/form4.xml
CRM,1108524,Marc Benioff,1294693,2019-03-25,2019-03-22,S,sale,5000,816195.47,163.2391,0.0159,-15000,31468800,0,unknown,,4,0,Common Stock,D,4,0001127602-19-013172,,https://www.sec.gov/Archives/edgar/data/1108524/000112760219013172/form4.xml
CRM,1108524,Marc Benioff,1294693,2019-03-21,2019-03-21,S,sale,5000,826969.98,165.3940,0.0159,-5000,31483800,0,unknown,,4,0,Common Stock,D,4,0001127602-19-012734,,https://www.sec.gov/Archives/edgar/data/1108524/000112760219012734/form4.xml
CRM,1108524,Marc Benioff,1294693,2019-03-20,2019-03-20,S,sale,5000,815548.21,163.1096,0.0159,-10000,31488800,,unknown,,4,0,Common Stock,D,4,0001127602-19-012481,,https://www.sec.gov/Archives/edgar/data/1108524/000112760219012481/form4.xml
CRM,1108524,Marc Benioff,1294693,2019-03-20,2019-03-19,S,sale,5000,817285.78,163.4572,0.0159,-10000,31488800,0,unknown,,3,0,Common Stock,D,4,0001127602-19-012481,,https://www.sec.gov/Archives/edgar/data/1108524/000112760219012481/form4.xml
CRM,1108524,Marc Benioff,1294693,2019-03-18,2019-03-18,S,sale,5000,810026.14,162.0052,0.0159,-10000,31498800,,unknown,,3,0,Common Stock,D,4,0001127602-19-011954,,https://www.sec.gov/Archives/edgar/data/1108524/000112760219011954/form4.xml
CRM,1108524,Marc Benioff,1294693,2019-03-18,2019-03-15,S,sale,5000,805096.05,161.0192,0.0159,-10000,31498800,0,unknown,,3,0,Common Stock,D,4,0001127602-19-011954,,https://www.sec.gov/Archives/edgar/data/1108524/000112760219011954/form4.xml
CRM,1108524,Marc Benioff,1294693,2019-03-14,2019-03-14,S,sale,5000,803392.78,160.6786,0.0159,-5000,31508800,0,unknown,,2,0,Common Stock,D,4,0001127602-19-011382,,https://www.sec.gov/Archives/edgar/data/1108524/000112760219011382/form4.xml
CRM,1108524,Marc Benioff,1294693,2019-03-13,2019-03-13,S,sale,5000,802157.12,160.4314,0.0159,-42000,31513800,,unknown,G,4,0,Common Stock,D,4,0001127602-19-011282,,https://www.sec.gov/Archives/edgar/data/1108524/000112760219011282/form4.xml
CRM,1108524,Marc Benioff,1294693,2019-03-13,2019-03-12,S,sale,5000,791489.75,158.2979,0.0159,-42000,31513800,,unknown,G,3,0,Common Stock,D,4,0001127602-19-011282,,https://www.sec.gov/Archives/edgar/data/1108524/000112760219011282/form4.xml
CRM,1108524,Marc Benioff,1294693,2019-03-11,2019-03-11,S,sale,5000,784992.08,156.9984,0.0159,-42000,31513800,0,unknown,,2,0,Common Stock,D,4,0001127602-19-010900,,https://www.sec.gov/Archives/edgar/data/1108524/000112760219010900/form4.xml
CRM,1108524,Marc Benioff,1294693,2019-03-08,2019-03-08,S,sale,5000,769882.50,153.9765,0.0158,-10000,31555800,,unknown,,4,0,Common Stock,D,4,0001127602-19-010645,,https://www.sec.gov/Archives/edgar/data/1108524/000112760219010645/form4.xml
CRM,1108524,Marc Benioff,1294693,2019-03-08,2019-03-07,S,sale,5000,780508.18,156.1016,0.0158,-10000,31555800,0,unknown,,3,0,Common Stock,D,4,0001127602-19-010645,,https://www.sec.gov/Archives/edgar/data/1108524/000112760219010645/form4.xml
CRM,1108524,Marc Benioff,1294693,2019-03-06,2019-03-06,S,sale,5000,788696.64,157.7393,0.0158,-5000,31565800,0,unknown,,4,0,Common Stock,D,4,0001127602-19-010340,,https://www.sec.gov/Archives/edgar/data/1108524/000112760219010340/form4.xml
CRM,1108524,Marc Benioff,1294693,2019-03-05,2019-03-05,S,sale,5000,784201.74,156.8403,0.0158,-10000,31570800,,unknown,,5,0,Common Stock,D,4,0001127602-19-010026,,https://www.sec.gov/Archives/edgar/data/1108524/000112760219010026/form4.xml
CRM,1108524,Marc Benioff,1294693,2019-03-05,2019-03-04,S,sale,5000,796236.92,159.2474,0.0158,-10000,31570800,0,unknown,,9,0,Common Stock,D,4,0001127602-19-010026,,https://www.sec.gov/Archives/edgar/data/1108524/000112760219010026/form4.xml
CRM,1108524,Marc Benioff,1294693,2019-03-01,2019-03-01,S,sale,5000,819577.04,163.9154,0.0158,-15000,31580800,,unknown,,4,0,Common Stock,D,4,0000899243-19-005588,,https://www.sec.gov/Archives/edgar/data/1108524/000089924319005588/doc4.xml
CRM,1108524,Marc Benioff,1294693,2019-03-01,2019-02-28,S,sale,5000,817709.65,163.5419,0.0158,-15000,31580800,,unknown,,2,0,Common Stock,D,4,0000899243-19-005588,,https://www.sec.gov/Archives/edgar/data/1108524/000089924319005588/doc4.xml
CRM,1108524,Marc Benioff,1294693,2019-03-01,2019-02-27,S,sale,5000,812353.78,162.4708,0.0158,-15000,31580800,0,unknown,,3,0,Common Stock,D,4,0000899243-19-005588,,https://www.sec.gov/Archives/edgar/data/1108524/000089924319005588/doc4.xml
CRM,1108524,Marc Benioff,1294693,2019-02-26,2019-02-26,S,sale,5000,811772.50,162.3545,0.0158,-10000,31595800,,unknown,,4,0,Common Stock,D,4,0001127602-19-008564,,https://www.sec.gov/Archives/edgar/data/1108524/000112760219008564/form4.xml
CRM,1108524,Marc Benioff,1294693,2019-02-26,2019-02-25,S,sale,5000,809774.38,161.9549,0.0158,-10000,31595800,0,unknown,,2,0,Common Stock,D,4,0001127602-19-008564,,https://www.sec.gov/Archives/edgar/data/1108524/000112760219008564/form4.xml
CRM,1108524,Marc Benioff,1294693,2019-02-22,2019-02-22,S,sale,5000,804522.00,160.9044,0.0158,-10000,31605800,,unknown,,1,0,Common Stock,D,4,0001127602-19-007823,,https://www.sec.gov/Archives/edgar/data/1108524/000112760219007823/form4.xml
CRM,1108524,Marc Benioff,1294693,2019-02-22,2019-02-21,S,sale,5000,796141.45,159.2283,0.0158,-10000,31605800,0,unknown,,3,0,Common Stock,D,4,0001127602-19-007823,,https://www.sec.gov/Archives/edgar/data/1108524/000112760219007823/form4.xml
CRM,1108524,Marc Benioff,1294693,2019-02-20,2019-02-20,S,sale,5000,797341.17,159.4682,0.0158,-10000,31615800,,unknown,,4,0,Common Stock,D,4,0001127602-19-007338,,https://www.sec.gov/Archives/edgar/data/1108524/000112760219007338/form4.xml
CRM,1108524,Marc Benioff,1294693,2019-02-20,2019-02-19,S,sale,5000,803336.35,160.6673,0.0158,-10000,31615800,0,unknown,,3,0,Common Stock,D,4,0001127602-19-007338,,https://www.sec.gov/Archives/edgar/data/1108524/000112760219007338/form4.xml
CRM,1108524,Marc Benioff,1294693,2019-02-15,2019-02-15,S,sale,5000,796574.83,159.3150,0.0158,-10000,31625800,,unknown,,3,0,Common Stock,D,4,0001127602-19-006452,,https://www.sec.gov/Archives/edgar/data/1108524/000112760219006452/form4.xml
CRM,1108524,Marc Benioff,1294693,2019-02-15,2019-02-14,S,sale,5000,796524.75,159.3049,0.0158,-10000,31625800,0,unknown,,3,0,Common Stock,D,4,0001127602-19-006452,,https://www.sec.gov/Archives/edgar/data/1108524/000112760219006452/form4.xml
CRM,1108524,Marc Benioff,1294693,2019-02-13,2019-02-13,S,sale,5000,809220.99,161.8442,0.0158,-10000,31635800,,unknown,,3,0,Common Stock,D,4,0001127602-19-005791,,https://www.sec.gov/Archives/edgar/data/1108524/000112760219005791/form4.xml
CRM,1108524,Marc Benioff,1294693,2019-02-13,2019-02-12,S,sale,5000,811582.15,162.3164,0.0158,-10000,31635800,0,unknown,,3,0,Common Stock,D,4,0001127602-19-005791,,https://www.sec.gov/Archives/edgar/data/1108524/000112760219005791/form4.xml
CRM,1108524,Marc Benioff,1294693,2019-02-11,2019-02-11,S,sale,5000,799442.86,159.8886,0.0158,-10000,31645800,,unknown,,4,0,Common Stock,D,4,0001127602-19-005180,,https://www.sec.gov/Archives/edgar/data/1108524/000112760219005180/form4.xml
CRM,1108524,Marc Benioff,1294693,2019-02-11,2019-02-08,S,sale,5000,775969.55,155.1939,0.0158,-10000,31645800,0,unknown,,4,0,Common Stock,D,4,0001127602-19-005180,,https://www.sec.gov/Archives/edgar/data/1108524/000112760219005180/form4.xml
CRM,1108524,Marc Benioff,1294693,2019-02-07,2019-02-07,S,sale,5000,776038.33,155.2077,0.0158,-15000,31655800,,unknown,,3,0,Common Stock,D,4,0001127602-19-004643,,https://www.sec.gov/Archives/edgar/data/1108524/000112760219004643/form4.xml
CRM,1108524,Marc Benioff,1294693,2019-02-07,2019-02-06,S,sale,5000,787072.51,157.4145,0.0158,-15000,31655800,,unknown,,4,0,Common Stock,D,4,0001127602-19-004643,,https://www.sec.gov/Archives/edgar/data/1108524/000112760219004643/form4.xml
CRM,1108524,Marc Benioff,1294693,2019-02-07,2019-02-05,S,sale,5000,793357.66,158.6715,0.0158,-15000,31655800,0,unknown,,2,0,Common Stock,D,4,0001127602-19-004643,,https://www.sec.gov/Archives/edgar/data/1108524/000112760219004643/form4.xml
CRM,1108524,Marc Benioff,1294693,2019-02-04,2019-02-04,S,sale,5000,787693.11,157.5386,0.0158,-10000,31670800,,unknown,,3,0,Common Stock,D,4,0001127602-19-003912,,https://www.sec.gov/Archives/edgar/data/1108524/000112760219003912/form4.xml
CRM,1108524,Marc Benioff,1294693,2019-02-04,2019-02-01,S,sale,5000,770677.99,154.1356,0.0158,-10000,31670800,0,unknown,,4,0,Common Stock,D,4,0001127602-19-003912,,https://www.sec.gov/Archives/edgar/data/1108524/000112760219003912/form4.xml
CRM,1108524,Marc Benioff,1294693,2019-01-31,2019-01-31,S,sale,5000,758714.98,151.7430,0.0158,-15000,31680800,,unknown,,4,0,Common Stock,D,4,0001127602-19-003263,,https://www.sec.gov/Archives/edgar/data/1108524/000112760219003263/form4.xml
CRM,1108524,Marc Benioff,1294693,2019-01-31,2019-01-30,S,sale,5000,738928.22,147.7856,0.0158,-15000,31680800,,unknown,,4,0,Common Stock,D,4,0001127602-19-003263,,https://www.sec.gov/Archives/edgar/data/1108524/000112760219003263/form4.xml
CRM,1108524,Marc Benioff,1294693,2019-01-31,2019-01-29,S,sale,5000,729288.27,145.8577,0.0158,-15000,31680800,0,unknown,,3,0,Common Stock,D,4,0001127602-19-003263,,https://www.sec.gov/Archives/edgar/data/1108524/000112760219003263/form4.xml
CRM,1108524,Marc Benioff,1294693,2019-01-28,2019-01-28,S,sale,5000,736844.60,147.3689,0.0158,-10000,31695800,,unknown,,2,0,Common Stock,D,4,0001127602-19-002833,,https://www.sec.gov/Archives/edgar/data/1108524/000112760219002833/form4.xml
CRM,1108524,Marc Benioff,1294693,2019-01-28,2019-01-25,S,sale,5000,745262.44,149.0525,0.0158,-10000,31695800,0,unknown,,3,0,Common Stock,D,4,0001127602-19-002833,,https://www.sec.gov/Archives/edgar/data/1108524/000112760219002833/form4.xml
CRM,1108524,Marc Benioff,1294693,2019-01-24,2019-01-24,S,sale,5000,740340.98,148.0682,0.0158,-10000,31705800,,unknown,,4,0,Common Stock,D,4,0001127602-19-002685,,https://www.sec.gov/Archives/edgar/data/1108524/000112760219002685/form4.xml
CRM,1108524,Marc Benioff,1294693,2019-01-24,2019-01-23,S,sale,5000,745283.91,149.0568,0.0158,-10000,31705800,0,unknown,,3,0,Common Stock,D,4,0001127602-19-002685,,https://www.sec.gov/Archives/edgar/data/1108524/000112760219002685/form4.xml
CRM,1108524,Marc Benioff,1294693,2019-01-22,2019-01-22,S,sale,5000,747350.47,149.4701,0.0158,-15000,31715800,,unknown,,4,0,Common Stock,D,4,0001127602-19-002502,,https://www.sec.gov/Archives/edgar/data/1108524/000112760219002502/form4.xml
CRM,1108524,Marc Benioff,1294693,2019-01-22,2019-01-18,S,sale,5000,760741.12,152.1482,0.0158,-15000,31715800,,unknown,,3,0,Common Stock,D,4,0001127602-19-002502,,https://www.sec.gov/Archives/edgar/data/1108524/000112760219002502/form4.xml
CRM,1108524,Marc Benioff,1294693,2019-01-22,2019-01-17,S,sale,5000,746066.63,149.2133,0.0158,-15000,31715800,0,unknown,,3,0,Common Stock,D,4,0001127602-19-002502,,https://www.sec.gov/Archives/edgar/data/1108524/000112760219002502/form4.xml
CRM,1108524,Marc Benioff,1294693,2019-01-16,2019-01-16,S,sale,5000,743326.90,148.6654,0.0158,-15000,31730800,,unknown,,2,0,Common Stock,D,4,0001127602-19-002217,,https://www.sec.gov/Archives/edgar/data/1108524/000112760219002217/form4.xml
CRM,1108524,Marc Benioff,1294693,2019-01-16,2019-01-15,S,sale,5000,743857.96,148.7716,0.0158,-15000,31730800,,unknown,,3,0,Common Stock,D,4,0001127602-19-002217,,https://www.sec.gov/Archives/edgar/data/1108524/000112760219002217/form4.xml
CRM,1108524,Marc Benioff,1294693,2019-01-16,2019-01-14,S,sale,5000,729487.02,145.8974,0.0158,-15000,31730800,0,unknown,,2,0,Common Stock,D,4,0001127602-19-002217,,https://www.sec.gov/Archives/edgar/data/1108524/000112760219002217/form4.xml
CRM,1108524,Marc Benioff,1294693,2019-01-11,2019-01-11,S,sale,5000,736146.58,147.2293,0.0157,-5000,31745800,0,unknown,,3,0,Common Stock,D,4,0001127602-19-001892,,https://www.sec.gov/Archives/edgar/data/1108524/000112760219001892/form4.xml
CRM,1108524,Marc Benioff,1294693,2019-01-10,2019-01-10,S,sale,5000,727778.97,145.5558,0.0157,-5000,31750800,0,unknown,,4,0,Common Stock,D,4,0001127602-19-001820,,https://www.sec.gov/Archives/edgar/data/1108524/000112760219001820/form4.xml
CRM,1108524,Marc Benioff,1294693,2019-01-09,2019-01-09,S,sale,5000,729812.92,145.9626,0.0157,-5000,31755800,0,unknown,,3,0,Common Stock,D,4,0001127602-19-001722,,https://www.sec.gov/Archives/edgar/data/1108524/000112760219001722/form4.xml
CRM,1108524,Marc Benioff,1294693,2019-01-08,2019-01-08,S,sale,5000,724717.10,144.9434,0.0157,-5000,31760800,0,unknown,,4,0,Common Stock,D,4,0001127602-19-001647,,https://www.sec.gov/Archives/edgar/data/1108524/000112760219001647/form4.xml
CRM,1108524,Marc Benioff,1294693,2019-01-07,2019-01-07,S,sale,5000,709549.52,141.9099,0.0157,-10000,31765800,,unknown,,4,0,Common Stock,D,4,0001127602-19-001521,,https://www.sec.gov/Archives/edgar/data/1108524/000112760219001521/form4.xml
CRM,1108524,Marc Benioff,1294693,2019-01-07,2019-01-04,S,sale,5000,685278.89,137.0558,0.0157,-10000,31765800,0,unknown,,6,0,Common Stock,D,4,0001127602-19-001521,,https://www.sec.gov/Archives/edgar/data/1108524/000112760219001521/form4.xml
CRM,1108524,Marc Benioff,1294693,2019-01-03,2019-01-03,S,sale,5000,660389.78,132.0780,0.0157,-5000,31775800,0,unknown,,4,0,Common Stock,D,4,0001127602-19-000986,,https://www.sec.gov/Archives/edgar/data/1108524/000112760219000986/form4.xml
CRM,1108524,Marc Benioff,1294693,2019-01-02,2019-01-02,S,sale,5000,676153.75,135.2308,0.0157,-10000,31780800,,unknown,,3,0,Common Stock,D,4,0001127602-19-000401,,https://www.sec.gov/Archives/edgar/data/1108524/000112760219000401/form4.xml
CRM,1108524,Marc Benioff,1294693,2019-01-02,2018-12-28,S,sale,5000,674811.10,134.9622,0.0157,-10000,31780800,0,unknown,,3,0,Common Stock,D,4,0001127602-19-000401,,https://www.sec.gov/Archives/edgar/data/1108524/000112760219000401/form4.xml
CRM,1108524,Marc Benioff,1294693,2018-12-27,2018-12-27,S,sale,5000,650109.07,130.0218,0.0157,-15000,31790800,,unknown,,6,0,Common Stock,D,4,0001127602-18-037474,,https://www.sec.gov/Archives/edgar/data/1108524/000112760218037474/form4.xml
CRM,1108524,Marc Benioff,1294693,2018-12-27,2018-12-26,S,sale,5000,630997.90,126.1996,0.0157,-15000,31790800,,unknown,,8,0,Common Stock,D,4,0001127602-18-037474,,https://www.sec.gov/Archives/edgar/data/1108524/000112760218037474/form4.xml
CRM,1108524,Marc Benioff,1294693,2018-12-27,2018-12-24,S,sale,5000,612923.92,122.5848,0.0157,-15000,31790800,0,unknown,,4,0,Common Stock,D,4,0001127602-18-037474,,https://www.sec.gov/Archives/edgar/data/1108524/000112760218037474/form4.xml
CRM,1108524,Marc Benioff,1294693,2018-12-21,2018-12-21,S,sale,5000,626171.43,125.2343,,-356945,31805800,-351945,unknown,,6,0,Common Stock,D,4,0001127602-18-037214,,https://www.sec.gov/Archives/edgar/data/1108524/000112760218037214/form4.xml
CRM,1108524,Marc Benioff,1294693,2018-12-20,2018-12-20,S,sale,5000,640270.28,128.0541,0.0155,-157472,32162745,,unknown,G,7,0,Common Stock,D,4,0001127602-18-037018,,https://www.sec.gov/Archives/edgar/data/1108524/000112760218037018/form4.xml
CRM,1108524,Marc Benioff,1294693,2018-12-20,2018-12-19,S,sale,136945,18329431.09,133.8452,0.4240,-157472,32162745,,unknown,G,7,0,Common Stock,D,4,0001127602-18-037018,,https://www.sec.gov/Archives/edgar/data/1108524/000112760218037018/form4.xml
CRM,1108524,Marc Benioff,1294693,2018-12-19,2018-12-19,S,sale,5000,667656.80,133.5314,0.0155,-157472,32162745,,unknown,,5,0,Common Stock,D,4,0001127602-18-036926,,https://www.sec.gov/Archives/edgar/data/1108524/000112760218036926/form4.xml
CRM,1108524,Marc Benioff,1294693,2018-12-19,2018-12-18,S,sale,5000,659918.98,131.9838,0.0155,-157472,32162745,,unknown,,3,0,Common Stock,D,4,0001127602-18-036926,,https://www.sec.gov/Archives/edgar/data/1108524/000112760218036926/form4.xml
CRM,1108524,Marc Benioff,1294693,2018-12-19,2018-12-17,S,sale,147472,19649174.05,133.2400,0.4564,-157472,32162745,0,unknown,,7,0,Common Stock,D,4,0001127602-18-036926,,https://www.sec.gov/Archives/edgar/data/1108524/000112760218036926/form4.xml
CRM,1108524,Marc Benioff,1294693,2018-12-14,2018-12-14,S,sale,5000,691300.57,138.2601,0.0155,-5000,32320217,0,unknown,,4,0,Common Stock,D,4,0001127602-18-036324,,https://www.sec.gov/Archives/edgar/data/1108524/000112760218036324/form4.xml
CRM,1108524,Marc Benioff,1294693,2018-12-13,2018-12-13,S,sale,5000,705232.53,141.0465,0.0155,269417,32325217,,unknown,,4,0,Common Stock,D,4,0001127602-18-036244,,https://www.sec.gov/Archives/edgar/data/1108524/000112760218036244/form4.xml
CRM,1108524,Marc Benioff,1294693,2018-12-13,2018-12-12,S,sale,5000,708358.70,141.6717,,269417,32325217,279417,unknown,,4,0,Common Stock,D,4,0001127602-18-036244,,https://www.sec.gov/Archives/edgar/data/1108524/000112760218036244/form4.xml
CRM,1108524,Marc Benioff,1294693,2018-12-11,2018-12-11,S,sale,5000,689980.61,137.9961,0.0156,-279417,32055800,,unknown,,5,0,Common Stock,D,4,0001127602-18-035931,,https://www.sec.gov/Archives/edgar/data/1108524/000112760218035931/form4.xml
CRM,1108524,Marc Benioff,1294693,2018-12-11,2018-12-10,S,sale,5000,682313.99,136.4628,,-279417,32055800,-269417,unknown,,5,0,Common Stock,D,4,0001127602-18-035931,,https://www.sec.gov/Archives/edgar/data/1108524/000112760218035931/form4.xml
CRM,1108524,Marc Benioff,1294693,2018-12-07,2018-12-07,S,sale,5000,689649.06,137.9298,0.0156,-5000,32065800,0,unknown,,7,0,Common Stock,D,4,0001127602-18-035579,,https://www.sec.gov/Archives/edgar/data/1108524/000112760218035579/form4.xml
CRM,1108524,Marc Benioff,1294693,2018-12-06,2018-12-06,S,sale,5000,694500.99,138.9002,0.0156,-5000,32070800,0,unknown,,6,0,Common Stock,D,4,0001127602-18-035449,,https://www.sec.gov/Archives/edgar/data/1108524/000112760218035449/form4.xml
CRM,1108524,Marc Benioff,1294693,2018-12-04,2018-12-04,S,sale,5000,710862.40,142.1725,,265000,32075800,270000,unknown,,6,0,Common Stock,D,4,0001127602-18-035243,,https://www.sec.gov/Archives/edgar/data/1108524/000112760218035243/form4.xml
CRM,1108524,Marc Benioff,1294693,2018-12-03,2018-12-03,S,sale,5000,720087.61,144.0175,,-270000,31810800,81945,unknown,,4,0,Common Stock,D,4,0001127602-18-035024,,https://www.sec.gov/Archives/edgar/data/1108524/000112760218035024/form4.xml
CRM,1108524,Marc Benioff,1294693,2018-12-03,2018-11-30,S,sale,5000,709004.92,141.8010,0.0156,-10000,32080800,0,unknown,,4,0,Common Stock,D,4,0001127602-18-035024,,https://www.sec.gov/Archives/edgar/data/1108524/000112760218035024/form4.xml
CRM,1108524,Marc Benioff,1294693,2018-11-29,2018-11-29,S,sale,5000,703131.70,140.6263,0.0156,-10000,32090800,,unknown,,3,0,Common Stock,D,4,0001127602-18-034774,,https://www.sec.gov/Archives/edgar/data/1108524/000112760218034774/form4.xml
CRM,1108524,Marc Benioff,1294693,2018-11-29,2018-11-28,S,sale,5000,681724.05,136.3448,0.0156,-10000,32090800,0,unknown,,8,0,Common Stock,D,4,0001127602-18-034774,,https://www.sec.gov/Archives/edgar/data/1108524/000112760218034774/form4.xml
CRM,1108524,Marc Benioff,1294693,2018-11-27,2018-11-27,S,sale,5000,631241.75,126.2484,0.0156,-5000,32100800,0,unknown,,4,0,Common Stock,D,4,0001127602-18-034526,,https://www.sec.gov/Archives/edgar/data/1108524/000112760218034526/form4.xml
CRM,1108524,Marc Benioff,1294693,2018-11-26,2018-11-26,S,sale,5000,627602.02,125.5204,0.0156,-10000,32105800,,unknown,,3,0,Common Stock,D,4,0001127602-18-034342,,https://www.sec.gov/Archives/edgar/data/1108524/000112760218034342/form4.xml
CRM,1108524,Marc Benioff,1294693,2018-11-26,2018-11-23,S,sale,5000,612093.51,122.4187,0.0156,-10000,32105800,0,unknown,,3,0,Common Stock,D,4,0001127602-18-034342,,https://www.sec.gov/Archives/edgar/data/1108524/000112760218034342/form4.xml
CRM,1108524,Marc Benioff,1294693,2018-11-21,2018-11-21,S,sale,5000,618764.20,123.7528,0.0156,-5000,32115800,0,unknown,,3,0,Common Stock,D,4,0001127602-18-034208,,https://www.sec.gov/Archives/edgar/data/1108524/000112760218034208/form4.xml
CRM,1108524,Marc Benioff,1294693,2018-11-20,2018-11-20,S,sale,5000,602854.43,120.5709,0.0156,-5000,32120800,0,unknown,,8,0,Common Stock,D,4,0001127602-18-034052,,https://www.sec.gov/Archives/edgar/data/1108524/000112760218034052/form4.xml
CRM,1108524,Marc Benioff,1294693,2018-11-19,2018-11-19,S,sale,5000,619373.81,123.8748,0.0156,-5000,32125800,0,unknown,,9,0,Common Stock,D,4,0001127602-18-033855,,https://www.sec.gov/Archives/edgar/data/1108524/000112760218033855/form4.xml
CRM,1108524,Marc Benioff,1294693,2018-11-16,2018-11-16,S,sale,5000,661495.40,132.2991,0.0156,-5000,32130800,0,unknown,,3,0,Common Stock,D,4,0001127602-18-033488,,https://www.sec.gov/Archives/edgar/data/1108524/000112760218033488/form4.xml
CRM,1108524,Marc Benioff,1294693,2018-11-15,2018-11-15,S,sale,5000,652241.44,130.4483,0.0156,-5000,32135800,0,unknown,,6,0,Common Stock,D,4,0001127602-18-033250,,https://www.sec.gov/Archives/edgar/data/1108524/000112760218033250/form4.xml
CRM,1108524,Marc Benioff,1294693,2018-11-14,2018-11-14,S,sale,5000,654841.99,130.9684,0.0156,-5000,32140800,0,unknown,,6,0,Common Stock,D,4,0001127602-18-033108,,https://www.sec.gov/Archives/edgar/data/1108524/000112760218033108/form4.xml
CRM,1108524,Marc Benioff,1294693,2018-11-13,2018-11-13,S,sale,5000,659589.01,131.9178,0.0156,-10000,32145800,,unknown,,4,0,Common Stock,D,4,0001127602-18-032926,,https://www.sec.gov/Archives/edgar/data/1108524/000112760218032926/form4.xml
CRM,1108524,Marc Benioff,1294693,2018-11-13,2018-11-12,S,sale,5000,661740.05,132.3480,0.0156,-10000,32145800,0,unknown,,6,0,Common Stock,D,4,0001127602-18-032926,,https://www.sec.gov/Archives/edgar/data/1108524/000112760218032926/form4.xml
CRM,1108524,Marc Benioff,1294693,2018-11-09,2018-11-09,S,sale,5000,687922.08,137.5844,0.0155,-5000,32155800,0,unknown,,6,0,Common Stock,D,4,0001127602-18-032677,,https://www.sec.gov/Archives/edgar/data/1108524/000112760218032677/form4.xml
CRM,1108524,Marc Benioff,1294693,2018-11-08,2018-11-08,S,sale,5000,709126.74,141.8253,0.0155,-5000,32160800,0,unknown,,3,0,Common Stock,D,4,0001127602-18-032583,,https://www.sec.gov/Archives/edgar/data/1108524/000112760218032583/form4.xml
CRM,1108524,Marc Benioff,1294693,2018-11-07,2018-11-07,S,sale,5000,704674.97,140.9350,0.0155,-5000,32165800,0,unknown,,5,0,Common Stock,D,4,0001127602-18-032461,,https://www.sec.gov/Archives/edgar/data/1108524/000112760218032461/form4.xml
CRM,1108524,Marc Benioff,1294693,2018-11-06,2018-11-06,S,sale,5000,675072.43,135.0145,0.0155,-5000,32170800,0,unknown,,5,0,Common Stock,D,4,0001127602-18-032317,,https://www.sec.gov/Archives/edgar/data/1108524/000112760218032317/form4.xml
CRM,1108524,Marc Benioff,1294693,2018-11-05,2018-11-05,S,sale,5000,675545.75,135.1091,0.0155,-5000,32175800,0,unknown,,4,0,Common Stock,D,4,0001127602-18-032171,,https://www.sec.gov/Archives/edgar/data/1108524/000112760218032171/form4.xml
CRM,1108524,Marc Benioff,1294693,2018-11-02,2018-11-02,S,sale,5000,689457.85,137.8916,0.0155,-5000,32180800,0,unknown,,4,0,Common Stock,D,4,0001127602-18-032023,,https://www.sec.gov/Archives/edgar/data/1108524/000112760218032023/form4.xml
CRM,1108524,Marc Benioff,1294693,2018-11-01,2018-11-01,S,sale,5000,691680.60,138.3361,0.0155,-5000,32185800,0,unknown,,4,0,Common Stock,D,4,0001127602-18-031674,,https://www.sec.gov/Archives/edgar/data/1108524/000112760218031674/form4.xml
CRM,1108524,Marc Benioff,1294693,2018-10-31,2018-10-31,S,sale,5000,685825.51,137.1651,0.0155,-5000,32190800,0,unknown,,4,0,Common Stock,D,4,0001127602-18-031484,,https://www.sec.gov/Archives/edgar/data/1108524/000112760218031484/form4.xml
CRM,1108524,Marc Benioff,1294693,2018-10-30,2018-10-30,S,sale,5000,654204.19,130.8408,0.0155,-5000,32195800,0,unknown,,4,0,Common Stock,D,4,0001127602-18-031307,,https://www.sec.gov/Archives/edgar/data/1108524/000112760218031307/form4.xml
CRM,1108524,Marc Benioff,1294693,2018-10-29,2018-10-29,S,sale,5000,676916.10,135.3832,0.0155,-5000,32200800,0,unknown,,9,0,Common Stock,D,4,0001127602-18-031234,,https://www.sec.gov/Archives/edgar/data/1108524/000112760218031234/form4.xml
CRM,1108524,Marc Benioff,1294693,2018-10-26,2018-10-26,S,sale,5000,679543.93,135.9088,0.0155,-10000,32205800,,unknown,,6,0,Common Stock,D,4,0001127602-18-031073,,https://www.sec.gov/Archives/edgar/data/1108524/000112760218031073/form4.xml
CRM,1108524,Marc Benioff,1294693,2018-10-26,2018-10-25,S,sale,5000,696697.46,139.3395,0.0155,-10000,32205800,0,unknown,,7,0,Common Stock,D,4,0001127602-18-031073,,https://www.sec.gov/Archives/edgar/data/1108524/000112760218031073/form4.xml
CRM,1108524,Marc Benioff,1294693,2018-10-24,2018-10-24,S,sale,5000,687838.37,137.5677,0.0155,-5000,32215800,0,unknown,,8,0,Common Stock,D,4,0001127602-18-030917,,https://www.sec.gov/Archives/edgar/data/1108524/000112760218030917/form4.xml
CRM,1108524,Marc Benioff,1294693,2018-10-23,2018-10-23,S,sale,5000,700484.37,140.0969,0.0155,-5000,32220800,0,unknown,,4,0,Common Stock,D,4,0001127602-18-030868,,https://www.sec.gov/Archives/edgar/data/1108524/000112760218030868/form4.xml
CRM,1108524,Marc Benioff,1294693,2018-10-22,2018-10-22,S,sale,5000,709642.75,141.9286,0.0155,-10000,32225800,,unknown,,4,0,Common Stock,D,4,0001127602-18-030752,,https://www.sec.gov/Archives/edgar/data/1108524/000112760218030752/form4.xml
CRM,1108524,Marc Benioff,1294693,2018-10-22,2018-10-19,S,sale,5000,711469.76,142.2940,0.0155,-10000,32225800,0,unknown,,5,0,Common Stock,D,4,0001127602-18-030752,,https://www.sec.gov/Archives/edgar/data/1108524/000112760218030752/form4.xml
CRM,1108524,Marc Benioff,1294693,2018-10-18,2018-10-18,S,sale,5000,718540.76,143.7082,0.0155,-5000,32235800,0,unknown,,5,0,Common Stock,D,4,0001127602-18-030605,,https://www.sec.gov/Archives/edgar/data/1108524/000112760218030605/form4.xml
CRM,1108524,Marc Benioff,1294693,2018-10-17,2018-10-17,S,sale,5000,733327.55,146.6655,0.0155,-5000,32240800,0,unknown,,3,0,Common Stock,D,4,0001127602-18-030557,,https://www.sec.gov/Archives/edgar/data/1108524/000112760218030557/form4.xml
CRM,1108524,Marc Benioff,1294693,2018-10-16,2018-10-16,S,sale,5000,730473.09,146.0946,0.0155,-5000,32245800,0,unknown,,4,0,Common Stock,D,4,0001127602-18-030349,,https://www.sec.gov/Archives/edgar/data/1108524/000112760218030349/form4.xml
CRM,1108524,Marc Benioff,1294693,2018-10-15,2018-10-15,S,sale,5000,716613.99,143.3228,0.0155,-5000,32250800,0,unknown,,5,0,Common Stock,D,4,0001127602-18-030223,,https://www.sec.gov/Archives/edgar/data/1108524/000112760218030223/form4.xml
CRM,1108524,Marc Benioff,1294693,2018-10-12,2018-10-12,S,sale,5000,728407.03,145.6814,0.0155,-10000,32255800,,unknown,,5,0,Common Stock,D,4,0001127602-18-030082,,https://www.sec.gov/Archives/edgar/data/1108524/000112760218030082/form4.xml
CRM,1108524,Marc Benioff,1294693,2018-10-12,2018-10-11,S,sale,5000,699064.74,139.8129,0.0155,-10000,32255800,0,unknown,,5,0,Common Stock,D,4,0001127602-18-030082,,https://www.sec.gov/Archives/edgar/data/1108524/000112760218030082/form4.xml
CRM,1108524,Marc Benioff,1294693,2018-10-10,2018-10-10,S,sale,5000,706030.46,141.2061,0.0155,-5000,32265800,0,unknown,,8,0,Common Stock,D,4,0001127602-18-029938,,https://www.sec.gov/Archives/edgar/data/1108524/000112760218029938/form4.xml
CRM,1108524,Marc Benioff,1294693,2018-10-09,2018-10-09,S,sale,5000,743450.18,148.6900,0.0155,-15000,32270800,,unknown,,3,0,Common Stock,D,4,0001127602-18-029878,,https://www.sec.gov/Archives/edgar/data/1108524/000112760218029878/form4.xml
CRM,1108524,Marc Benioff,1294693,2018-10-09,2018-10-08,S,sale,5000,750718.20,150.1436,0.0155,-15000,32270800,,unknown,,7,0,Common Stock,D,4,0001127602-18-029878,,https://www.sec.gov/Archives/edgar/data/1108524/000112760218029878/form4.xml
CRM,1108524,Marc Benioff,1294693,2018-10-09,2018-10-05,S,sale,5000,774061.49,154.8123,0.0155,-15000,32270800,0,unknown,,4,0,Common Stock,D,4,0001127602-18-029878,,https://www.sec.gov/Archives/edgar/data/1108524/000112760218029878/form4.xml
CRM,1108524,Marc Benioff,1294693,2018-10-04,2018-10-04,S,sale,5000,778958.99,155.7918,0.0155,-5000,32285800,0,unknown,,5,0,Common Stock,D,4,0001127602-18-029597,,https://www.sec.gov/Archives/edgar/data/1108524/000112760218029597/form4.xml
CRM,1108524,Marc Benioff,1294693,2018-10-03,2018-10-03,S,sale,5000,795308.92,159.0618,0.0155,-5000,32290800,0,unknown,,3,0,Common Stock,D,4,0001127602-18-029506,,https://www.sec.gov/Archives/edgar/data/1108524/000112760218029506/form4.xml
CRM,1108524,Marc Benioff,1294693,2018-10-02,2018-10-02,S,sale,5000,791742.48,158.3485,0.0155,-5000,32295800,0,unknown,,3,0,Common Stock,D,4,0001127602-18-029252,,https://www.sec.gov/Archives/edgar/data/1108524/000112760218029252/form4.xml
CRM,1108524,Marc Benioff,1294693,2018-10-01,2018-10-01,S,sale,5000,798483.75,159.6968,0.0155,-10000,32300800,,unknown,,2,0,Common Stock,D,4,0001127602-18-028873,,https://www.sec.gov/Archives/edgar/data/1108524/000112760218028873/form4.xml
CRM,1108524,Marc Benioff,1294693,2018-10-01,2018-09-28,S,sale,5000,797771.70,159.5543,0.0155,-10000,32300800,0,unknown,,2,0,Common Stock,D,4,0001127602-18-028873,,https://www.sec.gov/Archives/edgar/data/1108524/000112760218028873/form4.xml
CRM,1108524,Marc Benioff,1294693,2018-09-27,2018-09-27,S,sale,5000,801923.22,160.3846,0.0155,-10000,32310800,,unknown,,2,0,Common Stock,D,4,0001127602-18-028460,,https://www.sec.gov/Archives/edgar/data/1108524/000112760218028460/form4.xml
CRM,1108524,Marc Benioff,1294693,2018-09-27,2018-09-26,S,sale,5000,793754.50,158.7509,0.0155,-10000,32310800,0,unknown,,2,0,Common Stock,D,4,0001127602-18-028460,,https://www.sec.gov/Archives/edgar/data/1108524/000112760218028460/form4.xml
CRM,1108524,Marc Benioff,1294693,2018-09-25,2018-09-25,S,sale,5000,792338.44,158.4677,,-326000,32320800,-321000,unknown,,2,0,Common Stock,D,4,0001127602-18-028351,,https://www.sec.gov/Archives/edgar/data/1108524/000112760218028351/form4.xml
CRM,1108524,Marc Benioff,1294693,2018-09-24,2018-09-24,S,sale,5000,788424.06,157.6848,0.0153,-5000,32646800,,unknown,G,5,0,Common Stock,D,4,0001127602-18-028297,,https://www.sec.gov/Archives/edgar/data/1108524/000112760218028297/form4.xml
CRM,1108524,Marc Benioff,1294693,2018-09-21,2018-09-21,S,sale,5000,781110.59,156.2221,0.0153,-5000,32646800,0,unknown,,3,0,Common Stock,D,4,0001127602-18-028238,,https://www.sec.gov/Archives/edgar/data/1108524/000112760218028238/form4.xml
CRM,1108524,Marc Benioff,1294693,2018-09-20,2018-09-20,S,sale,5000,774286.46,154.8573,0.0153,-5000,32651800,0,unknown,,3,0,Common Stock,D,4,0001127602-18-028171,,https://www.sec.gov/Archives/edgar/data/1108524/000112760218028171/form4.xml
CRM,1108524,Marc Benioff,1294693,2018-09-19,2018-09-19,S,sale,5000,767830.06,153.5660,0.0153,-5000,32656800,0,unknown,,4,0,Common Stock,D,4,0001127602-18-028089,,https://www.sec.gov/Archives/edgar/data/1108524/000112760218028089/form4.xml
CRM,1108524,Marc Benioff,1294693,2018-09-18,2018-09-18,S,sale,5000,783727.19,156.7454,0.0153,-5000,32661800,0,unknown,,3,0,Common Stock,D,4,0001127602-18-027968,,https://www.sec.gov/Archives/edgar/data/1108524/000112760218027968/form4.xml
CRM,1108524,Marc Benioff,1294693,2018-09-17,2018-09-17,S,sale,5000,779986.59,155.9973,0.0153,-15000,32666800,,unknown,,3,0,Common Stock,D,4,0001127602-18-027815,,https://www.sec.gov/Archives/edgar/data/1108524/000112760218027815/form4.xml
CRM,1108524,Marc Benioff,1294693,2018-09-17,2018-09-14,S,sale,5000,788726.55,157.7453,0.0153,-15000,32666800,,unknown,,3,0,Common Stock,D,4,0001127602-18-027815,,https://www.sec.gov/Archives/edgar/data/1108524/000112760218027815/form4.xml
CRM,1108524,Marc Benioff,1294693,2018-09-17,2018-09-13,S,sale,5000,779986.59,155.9973,0.0153,-15000,32666800,0,unknown,,3,0,Common Stock,D,4,0001127602-18-027815,,https://www.sec.gov/Archives/edgar/data/1108524/000112760218027815/form4.xml
CRM,1108524,Marc Benioff,1294693,2018-09-12,2018-09-12,S,sale,5000,769698.70,153.9397,0.0153,-5000,32681800,0,unknown,,4,0,Common Stock,D,4,0001127602-18-027490,,https://www.sec.gov/Archives/edgar/data/1108524/000112760218027490/form4.xml
CRM,1108524,Marc Benioff,1294693,2018-09-11,2018-09-11,S,sale,5000,763176.37,152.6353,0.0153,-5000,32686800,0,unknown,,3,0,Common Stock,D,4,0001127602-18-027373,,https://www.sec.gov/Archives/edgar/data/1108524/000112760218027373/form4.xml
CRM,1108524,Marc Benioff,1294693,2018-09-10,2018-09-10,S,sale,5000,750664.48,150.1329,0.0153,-10000,32691800,,unknown,,3,0,Common Stock,D,4,0001127602-18-027292,,https://www.sec.gov/Archives/edgar/data/1108524/000112760218027292/form4.xml
CRM,1108524,Marc Benioff,1294693,2018-09-10,2018-09-07,S,sale,5000,750838.06,150.1676,0.0153,-10000,32691800,0,unknown,,4,0,Common Stock,D,4,0001127602-18-027292,,https://www.sec.gov/Archives/edgar/data/1108524/000112760218027292/form4.xml
CRM,1108524,Marc Benioff,1294693,2018-09-06,2018-09-06,S,sale,5000,741737.21,148.3474,0.0153,-5000,32701800,0,unknown,,2,0,Common Stock,D,4,0001127602-18-027003,,https://www.sec.gov/Archives/edgar/data/1108524/000112760218027003/form4.xml
CRM,1108524,Marc Benioff,1294693,2018-09-05,2018-09-05,S,sale,5000,746589.18,149.3178,0.0153,-15000,32706800,,unknown,,5,0,Common Stock,D,4,0001127602-18-026828,,https://www.sec.gov/Archives/edgar/data/1108524/000112760218026828/form4.xml
CRM,1108524,Marc Benioff,1294693,2018-09-05,2018-09-04,S,sale,5000,762596.56,152.5193,0.0153,-15000,32706800,,unknown,,2,0,Common Stock,D,4,0001127602-18-026828,,https://www.sec.gov/Archives/edgar/data/1108524/000112760218026828/form4.xml
CRM,1108524,Marc Benioff,1294693,2018-09-05,2018-08-31,S,sale,5000,764329.78,152.8660,0.0153,-15000,32706800,0,unknown,,2,0,Common Stock,D,4,0001127602-18-026828,,https://www.sec.gov/Archives/edgar/data/1108524/000112760218026828/form4.xml
CRM,1108524,Marc Benioff,1294693,2018-08-30,2018-08-30,S,sale,5000,759159.98,151.8320,0.0153,-10000,32721800,,unknown,,4,0,Common Stock,D,4,0001127602-18-026538,,https://www.sec.gov/Archives/edgar/data/1108524/000112760218026538/form4.xml
CRM,1108524,Marc Benioff,1294693,2018-08-30,2018-08-29,S,sale,5000,771683.81,154.3368,0.0153,-10000,32721800,0,unknown,,2,0,Common Stock,D,4,0001127602-18-026538,,https://www.sec.gov/Archives/edgar/data/1108524/000112760218026538/form4.xml
CRM,1108524,Marc Benioff,1294693,2018-08-28,2018-08-28,S,sale,5000,762748.43,152.5497,0.0153,-5000,32731800,0,unknown,,2,0,Common Stock,D,4,0001127602-18-026435,,https://www.sec.gov/Archives/edgar/data/1108524/000112760218026435/form4.xml
CRM,1108524,Marc Benioff,1294693,2018-08-27,2018-08-27,S,sale,5000,757697.64,151.5395,0.0153,-10000,32736800,,unknown,,4,0,Common Stock,D,4,0001127602-18-026331,,https://www.sec.gov/Archives/edgar/data/1108524/000112760218026331/form4.xml
CRM,1108524,Marc Benioff,1294693,2018-08-27,2018-08-24,S,sale,5000,756766.48,151.3533,0.0153,-10000,32736800,0,unknown,,4,0,Common Stock,D,4,0001127602-18-026331,,https://www.sec.gov/Archives/edgar/data/1108524/000112760218026331/form4.xml
CRM,1108524,Marc Benioff,1294693,2018-08-23,2018-08-23,S,sale,5000,736977.72,147.3955,0.0153,-10000,32746800,,unknown,,3,0,Common Stock,D,4,0001127602-18-026141,,https://www.sec.gov/Archives/edgar/data/1108524/000112760218026141/form4.xml
CRM,1108524,Marc Benioff,1294693,2018-08-23,2018-08-22,S,sale,5000,731253.20,146.2506,0.0153,-10000,32746800,0,unknown,,2,0,Common Stock,D,4,0001127602-18-026141,,https://www.sec.gov/Archives/edgar/data/1108524/000112760218026141/form4.xml
CRM,1108524,Marc Benioff,1294693,2018-08-21,2018-08-21,S,sale,5000,734486.36,146.8973,0.0153,-5000,32756800,0,unknown,,3,0,Common Stock,D,4,0001127602-18-025948,,https://www.sec.gov/Archives/edgar/data/1108524/000112760218025948/form4.xml
CRM,1108524,Marc Benioff,1294693,2018-08-20,2018-08-20,S,sale,5000,727791.28,145.5583,0.0153,-10000,32761800,,unknown,,2,0,Common Stock,D,4,0001127602-18-025840,,https://www.sec.gov/Archives/edgar/data/1108524/000112760218025840/form4.xml
CRM,1108524,Marc Benioff,1294693,2018-08-20,2018-08-17,S,sale,5000,724047.79,144.8096,0.0153,-10000,32761800,0,unknown,,2,0,Common Stock,D,4,0001127602-18-025840,,https://www.sec.gov/Archives/edgar/data/1108524/000112760218025840/form4.xml
CRM,1108524,Marc Benioff,1294693,2018-08-16,2018-08-16,S,sale,5000,730493.53,146.0987,0.0153,-5000,32771800,0,unknown,,2,0,Common Stock,D,4,0001127602-18-025632,,https://www.sec.gov/Archives/edgar/data/1108524/000112760218025632/form4.xml
CRM,1108524,Marc Benioff,1294693,2018-08-15,2018-08-15,S,sale,5000,724915.79,144.9832,0.0153,-5000,32776800,0,unknown,,4,0,Common Stock,D,4,0001127602-18-025507,,https://www.sec.gov/Archives/edgar/data/1108524/000112760218025507/form4.xml
CRM,1108524,Marc Benioff,1294693,2018-08-14,2018-08-14,S,sale,5000,729537.21,145.9074,0.0153,-5000,32781800,0,unknown,,2,0,Common Stock,D,4,0001127602-18-025349,,https://www.sec.gov/Archives/edgar/data/1108524/000112760218025349/form4.xml
CRM,1108524,Marc Benioff,1294693,2018-08-13,2018-08-13,S,sale,5000,726665.94,145.3332,0.0152,-10000,32786800,,unknown,,3,0,Common Stock,D,4,0001127602-18-025225,,https://www.sec.gov/Archives/edgar/data/1108524/000112760218025225/form4.xml
CRM,1108524,Marc Benioff,1294693,2018-08-13,2018-08-10,S,sale,5000,729182.12,145.8364,0.0152,-10000,32786800,0,unknown,,2,0,Common Stock,D,4,0001127602-18-025225,,https://www.sec.gov/Archives/edgar/data/1108524/000112760218025225/form4.xml
CRM,1108524,Marc Benioff,1294693,2018-08-09,2018-08-09,S,sale,5000,730202.26,146.0405,0.0152,-5000,32796800,0,unknown,,2,0,Common Stock,D,4,0001127602-18-025089,,https://www.sec.gov/Archives/edgar/data/1108524/000112760218025089/form4.xml
CRM,1108524,Marc Benioff,1294693,2018-08-08,2018-08-08,S,sale,5000,725231.86,145.0464,0.0152,-15000,32801800,,unknown,,2,0,Common Stock,D,4,0001127602-18-025017,,https://www.sec.gov/Archives/edgar/data/1108524/000112760218025017/form4.xml
CRM,1108524,Marc Benioff,1294693,2018-08-08,2018-08-07,S,sale,5000,720470.91,144.0942,0.0152,-15000,32801800,,unknown,,2,0,Common Stock,D,4,0001127602-18-025017,,https://www.sec.gov/Archives/edgar/data/1108524/000112760218025017/form4.xml
CRM,1108524,Marc Benioff,1294693,2018-08-08,2018-08-06,S,sale,5000,710556.63,142.1113,0.0152,-15000,32801800,0,unknown,,2,0,Common Stock,D,4,0001127602-18-025017,,https://www.sec.gov/Archives/edgar/data/1108524/000112760218025017/form4.xml
CRM,1108524,Marc Benioff,1294693,2018-08-03,2018-08-03,S,sale,5000,702214.74,140.4429,0.0152,-5000,32816800,0,unknown,,3,0,Common Stock,D,4,0001127602-18-024627,,https://www.sec.gov/Archives/edgar/data/1108524/000112760218024627/form4.xml
CRM,1108524,Marc Benioff,1294693,2018-08-02,2018-08-02,S,sale,5000,698167.61,139.6335,0.0152,-5000,32821800,0,unknown,,5,0,Common Stock,D,4,0001127602-18-024516,,https://www.sec.gov/Archives/edgar/data/1108524/000112760218024516/form4.xml
CRM,1108524,Marc Benioff,1294693,2018-08-01,2018-08-01,S,sale,5000,693438.14,138.6876,0.0152,-5000,32826800,0,unknown,,3,0,Common Stock,D,4,0001127602-18-024315,,https://www.sec.gov/Archives/edgar/data/1108524/000112760218024315/form4.xml
CRM,1108524,Marc Benioff,1294693,2018-07-31,2018-07-31,S,sale,5000,689404.37,137.8809,0.0152,-5000,32831800,0,unknown,,4,0,Common Stock,D,4,0001127602-18-024173,,https://www.sec.gov/Archives/edgar/data/1108524/000112760218024173/form4.xml
CRM,1108524,Marc Benioff,1294693,2018-07-30,2018-07-30,S,sale,5000,696419.98,139.2840,0.0152,-10000,32836800,,unknown,,6,0,Common Stock,D,4,0001127602-18-024073,,https://www.sec.gov/Archives/edgar/data/1108524/000112760218024073/form4.xml
CRM,1108524,Marc Benioff,1294693,2018-07-30,2018-07-27,S,sale,5000,725022.19,145.0044,0.0152,-10000,32836800,0,unknown,,5,0,Common Stock,D,4,0001127602-18-024073,,https://www.sec.gov/Archives/edgar/data/1108524/000112760218024073/form4.xml
CRM,1108524,Marc Benioff,1294693,2018-07-26,2018-07-26,S,sale,5000,739447.88,147.8896,0.0152,-5000,32846800,0,unknown,,3,0,Common Stock,D,4,0001127602-18-023919,,https://www.sec.gov/Archives/edgar/data/1108524/000112760218023919/form4.xml
CRM,1108524,Marc Benioff,1294693,2018-07-25,2018-07-25,S,sale,5000,740333.81,148.0668,0.0152,-5000,32851800,0,unknown,,4,0,Common Stock,D,4,0001127602-18-023862,,https://www.sec.gov/Archives/edgar/data/1108524/000112760218023862/form4.xml
CRM,1108524,Marc Benioff,1294693,2018-07-24,2018-07-24,S,sale,5000,735357.76,147.0716,0.0152,-5000,32856800,0,unknown,,4,0,Common Stock,D,4,0001127602-18-023814,,https://www.sec.gov/Archives/edgar/data/1108524/000112760218023814/form4.xml
CRM,1108524,Marc Benioff,1294693,2018-07-23,2018-07-23,S,sale,5000,734290.05,146.8580,0.0152,-10000,32861800,,unknown,,3,0,Common Stock,D,4,0001127602-18-023736,,https://www.sec.gov/Archives/edgar/data/1108524/000112760218023736/form4.xml
CRM,1108524,Marc Benioff,1294693,2018-07-23,2018-07-20,S,sale,5000,735822.86,147.1646,0.0152,-10000,32861800,0,unknown,,2,0,Common Stock,D,4,0001127602-18-023736,,https://www.sec.gov/Archives/edgar/data/1108524/000112760218023736/form4.xml
CRM,1108524,Marc Benioff,1294693,2018-07-19,2018-07-19,S,sale,5000,736770.00,147.3540,0.0152,-5000,32871800,0,unknown,,1,0,Common Stock,D,4,0001127602-18-023627,,https://www.sec.gov/Archives/edgar/data/1108524/000112760218023627/form4.xml
CRM,1108524,Marc Benioff,1294693,2018-07-18,2018-07-18,S,sale,5000,735835.48,147.1671,0.0152,-10000,32876800,,unknown,,2,0,Common Stock,D,4,0001127602-18-023542,,https://www.sec.gov/Archives/edgar/data/1108524/000112760218023542/form4.xml
CRM,1108524,Marc Benioff,1294693,2018-07-18,2018-07-17,S,sale,5000,732821.63,146.5643,0.0152,-10000,32876800,0,unknown,,3,0,Common Stock,D,4,0001127602-18-023542,,https://www.sec.gov/Archives/edgar/data/1108524/000112760218023542/form4.xml
CRM,1108524,Marc Benioff,1294693,2018-07-16,2018-07-16,S,sale,5000,737605.75,147.5212,0.0152,-10000,32886800,,unknown,,2,0,Common Stock,D,4,0001127602-18-023312,,https://www.sec.gov/Archives/edgar/data/1108524/000112760218023312/form4.xml
CRM,1108524,Marc Benioff,1294693,2018-07-16,2018-07-13,S,sale,5000,735835.00,147.1670,0.0152,-10000,32886800,0,unknown,,3,0,Common Stock,D,4,0001127602-18-023312,,https://www.sec.gov/Archives/edgar/data/1108524/000112760218023312/form4.xml
CRM,1108524,Marc Benioff,1294693,2018-07-12,2018-07-12,S,sale,5000,738592.89,147.7186,0.0152,-10000,32896800,,unknown,,3,0,Common Stock,D,4,0001127602-18-023160,,https://www.sec.gov/Archives/edgar/data/1108524/000112760218023160/form4.xml
CRM,1108524,Marc Benioff,1294693,2018-07-12,2018-07-11,S,sale,5000,720498.15,144.0996,0.0152,-10000,32896800,0,unknown,,4,0,Common Stock,D,4,0001127602-18-023160,,https://www.sec.gov/Archives/edgar/data/1108524/000112760218023160/form4.xml
CRM,1108524,Marc Benioff,1294693,2018-07-10,2018-07-10,S,sale,5000,712857.63,142.5715,0.0152,-5000,32906800,0,unknown,,2,0,Common Stock,D,4,0001127602-18-023047,,https://www.sec.gov/Archives/edgar/data/1108524/000112760218023047/form4.xml
CRM,1108524,Marc Benioff,1294693,2018-07-09,2018-07-09,S,sale,5000,705327.06,141.0654,0.0152,-10000,32911800,,unknown,,3,0,Common Stock,D,4,0001127602-18-022998,,https://www.sec.gov/Archives/edgar/data/1108524/000112760218022998/form4.xml
CRM,1108524,Marc Benioff,1294693,2018-07-09,2018-07-06,S,sale,5000,704579.38,140.9159,0.0152,-10000,32911800,0,unknown,,3,0,Common Stock,D,4,0001127602-18-022998,,https://www.sec.gov/Archives/edgar/data/1108524/000112760218022998/form4.xml
CRM,1108524,Marc Benioff,1294693,2018-07-05,2018-07-05,S,sale,5000,696206.69,139.2413,0.0152,-10000,32921800,,unknown,,2,0,Common Stock,D,4,0001127602-18-022893,,https://www.sec.gov/Archives/edgar/data/1108524/000112760218022893/form4.xml
CRM,1108524,Marc Benioff,1294693,2018-07-05,2018-07-03,S,sale,5000,692141.17,138.4282,0.0152,-10000,32921800,0,unknown,,3,0,Common Stock,D,4,0001127602-18-022893,,https://www.sec.gov/Archives/edgar/data/1108524/000112760218022893/form4.xml
CRM,1108524,Marc Benioff,1294693,2018-07-02,2018-07-02,S,sale,5000,693625.22,138.7250,0.0152,-5000,32931800,0,unknown,,4,0,Common Stock,D,4,0001127602-18-022353,,https://www.sec.gov/Archives/edgar/data/1108524/000112760218022353/form4.xml
CRM,1108524,Marc Benioff,1294693,2018-06-29,2018-06-29,S,sale,5000,683319.85,136.6640,0.0152,-5000,32936800,0,unknown,,2,0,Common Stock,D,4,0001127602-18-022042,,https://www.sec.gov/Archives/edgar/data/1108524/000112760218022042/form4.xml
CRM,1108524,Marc Benioff,1294693,2018-06-28,2018-06-28,S,sale,5000,673844.15,134.7688,0.0152,-10000,32941800,,unknown,,3,0,Common Stock,D,4,0001127602-18-021997,,https://www.sec.gov/Archives/edgar/data/1108524/000112760218021997/form4.xml
CRM,1108524,Marc Benioff,1294693,2018-06-28,2018-06-27,S,sale,5000,675054.15,135.0108,0.0152,-10000,32941800,0,unknown,,4,0,Common Stock,D,4,0001127602-18-021997,,https://www.sec.gov/Archives/edgar/data/1108524/000112760218021997/form4.xml
CRM,1108524,Marc Benioff,1294693,2018-06-26,2018-06-26,S,sale,5000,679024.99,135.8050,0.0152,-5000,32951800,0,unknown,,3,0,Common Stock,D,4,0001127602-18-021927,,https://www.sec.gov/Archives/edgar/data/1108524/000112760218021927/form4.xml
CRM,1108524,Marc Benioff,1294693,2018-06-25,2018-06-25,S,sale,5000,665037.81,133.0076,0.0152,-10000,32956800,,unknown,,3,0,Common Stock,D,4,0001127602-18-021871,,https://www.sec.gov/Archives/edgar/data/1108524/000112760218021871/form4.xml
CRM,1108524,Marc Benioff,1294693,2018-06-25,2018-06-22,S,sale,5000,676659.37,135.3319,0.0152,-10000,32956800,0,unknown,,4,0,Common Stock,D,4,0001127602-18-021871,,https://www.sec.gov/Archives/edgar/data/1108524/000112760218021871/form4.xml
CRM,1108524,Marc Benioff,1294693,2018-06-21,2018-06-21,S,sale,5000,691421.95,138.2844,0.0152,-10000,32966800,,unknown,,3,0,Common Stock,D,4,0001127602-18-021711,,https://www.sec.gov/Archives/edgar/data/1108524/000112760218021711/form4.xml
CRM,1108524,Marc Benioff,1294693,2018-06-21,2018-06-20,S,sale,5000,699787.93,139.9576,0.0152,-10000,32966800,0,unknown,,4,0,Common Stock,D,4,0001127602-18-021711,,https://www.sec.gov/Archives/edgar/data/1108524/000112760218021711/form4.xml
CRM,1108524,Marc Benioff,1294693,2018-06-19,2018-06-19,S,sale,5000,694302.96,138.8606,0.0152,-10000,32976800,,unknown,,3,0,Common Stock,D,4,0001127602-18-021460,,https://www.sec.gov/Archives/edgar/data/1108524/000112760218021460/form4.xml
CRM,1108524,Marc Benioff,1294693,2018-06-19,2018-06-18,S,sale,5000,695428.50,139.0857,0.0152,-10000,32976800,0,unknown,,3,0,Common Stock,D,4,0001127602-18-021460,,https://www.sec.gov/Archives/edgar/data/1108524/000112760218021460/form4.xml
CRM,1108524,Marc Benioff,1294693,2018-06-15,2018-06-15,S,sale,5000,691494.46,138.2989,,661000,32986800,666000,unknown,,2,0,Common Stock,D,4,0001127602-18-021079,,https://www.sec.gov/Archives/edgar/data/1108524/000112760218021079/form4.xml
CRM,1108524,Marc Benioff,1294693,2018-06-14,2018-06-14,S,sale,5000,694115.59,138.8231,0.0155,-666000,32325800,,unknown,,3,0,Common Stock,D,4,0001127602-18-020992,,https://www.sec.gov/Archives/edgar/data/1108524/000112760218020992/form4.xml
CRM,1108524,Marc Benioff,1294693,2018-06-14,2018-06-13,S,sale,5000,683498.57,136.6997,,-666000,32325800,-345000,unknown,,2,0,Common Stock,D,4,0001127602-18-020992,,https://www.sec.gov/Archives/edgar/data/1108524/000112760218020992/form4.xml
CRM,1108524,Marc Benioff,1294693,2018-06-14,2018-06-12,S,sale,5000,681317.46,136.2635,0.0152,-15000,32991800,0,unknown,,3,0,Common Stock,D,4,0001127602-18-020992,,https://www.sec.gov/Archives/edgar/data/1108524/000112760218020992/form4.xml
CRM,1108524,Marc Benioff,1294693,2018-06-13,2018-06-11,S,sale,5000,670036.60,134.0073,0.0151,-5000,33006800,0,unknown,,2,0,Common Stock,D,4,0001127602-18-020857,,https://www.sec.gov/Archives/edgar/data/1108524/000112760218020857/form4.xml
CRM,1108524,Marc Benioff,1294693,2018-06-08,2018-06-08,S,sale,5000,665073.64,133.0147,0.0151,-5000,33011800,0,unknown,,2,0,Common Stock,D,4,0001127602-18-020541,,https://www.sec.gov/Archives/edgar/data/1108524/000112760218020541/form4.xml
CRM,1108524,Marc Benioff,1294693,2018-06-07,2018-06-07,S,sale,5000,665428.79,133.0858,0.0151,-10000,33016800,,unknown,,5,0,Common Stock,D,4,0001127602-18-020384,,https://www.sec.gov/Archives/edgar/data/1108524/000112760218020384/form4.xml
CRM,1108524,Marc Benioff,1294693,2018-06-07,2018-06-06,S,sale,5000,674771.13,134.9542,0.0151,-10000,33016800,0,unknown,,2,0,Common Stock,D,4,0001127602-18-020384,,https://www.sec.gov/Archives/edgar/data/1108524/000112760218020384/form4.xml
CRM,1108524,Marc Benioff,1294693,2018-06-05,2018-06-05,S,sale,5000,669118.73,133.8237,0.0151,-10000,33026800,,unknown,,2,0,Common Stock,D,4,0001127602-18-020083,,https://www.sec.gov/Archives/edgar/data/1108524/000112760218020083/form4.xml
CRM,1108524,Marc Benioff,1294693,2018-06-05,2018-06-04,S,sale,5000,658282.43,131.6565,0.0151,-10000,33026800,0,unknown,,3,0,Common Stock,D,4,0001127602-18-020083,,https://www.sec.gov/Archives/edgar/data/1108524/000112760218020083/form4.xml
CRM,1108524,Marc Benioff,1294693,2018-06-01,2018-06-01,S,sale,5000,650332.39,130.0665,0.0151,-5000,33036800,0,unknown,,3,0,Common Stock,D,4,0001127602-18-019587,,https://www.sec.gov/Archives/edgar/data/1108524/000112760218019587/form4.xml
CRM,1108524,Marc Benioff,1294693,2018-05-31,2018-05-31,S,sale,5000,648433.14,129.6866,0.0151,-5000,33041800,0,unknown,,2,0,Common Stock,D,4,0001127602-18-019442,,https://www.sec.gov/Archives/edgar/data/1108524/000112760218019442/form4.xml
CRM,1108524,Marc Benioff,1294693,2018-05-30,2018-05-30,S,sale,5000,648936.77,129.7874,0.0151,-5000,33046800,0,unknown,,4,0,Common Stock,D,4,0001127602-18-019262,,https://www.sec.gov/Archives/edgar/data/1108524/000112760218019262/form4.xml
CRM,1108524,Marc Benioff,1294693,2018-05-29,2018-05-29,S,sale,5000,633545.44,126.7091,0.0151,-5000,33051800,0,unknown,,2,0,Common Stock,D,4,0001127602-18-019199,,https://www.sec.gov/Archives/edgar/data/1108524/000112760218019199/form4.xml
CRM,1108524,Marc Benioff,1294693,2018-05-25,2018-05-25,S,sale,5000,640646.35,128.1293,0.0151,-5000,33056800,0,unknown,,2,0,Common Stock,D,4,0001127602-18-019001,,https://www.sec.gov/Archives/edgar/data/1108524/000112760218019001/form4.xml
CRM,1108524,Marc Benioff,1294693,2018-05-24,2018-05-24,S,sale,5000,642342.00,128.4684,0.0151,-5000,33061800,0,unknown,,2,0,Common Stock,D,4,0001127602-18-018848,,https://www.sec.gov/Archives/edgar/data/1108524/000112760218018848/form4.xml
CRM,1108524,Marc Benioff,1294693,2018-05-23,2018-05-23,S,sale,5000,632015.10,126.4030,0.0151,-15000,33066800,,unknown,,4,0,Common Stock,D,4,0001127602-18-018601,,https://www.sec.gov/Archives/edgar/data/1108524/000112760218018601/form4.xml
CRM,1108524,Marc Benioff,1294693,2018-05-23,2018-05-22,S,sale,5000,629150.32,125.8301,0.0151,-15000,33066800,,unknown,,2,0,Common Stock,D,4,0001127602-18-018601,,https://www.sec.gov/Archives/edgar/data/1108524/000112760218018601/form4.xml
CRM,1108524,Marc Benioff,1294693,2018-05-23,2018-05-21,S,sale,5000,634124.32,126.8249,0.0151,-15000,33066800,0,unknown,,3,0,Common Stock,D,4,0001127602-18-018601,,https://www.sec.gov/Archives/edgar/data/1108524/000112760218018601/form4.xml
CRM,1108524,Marc Benioff,1294693,2018-05-18,2018-05-18,S,sale,5000,634355.25,126.8711,0.0151,-10000,33081800,,unknown,,2,0,Common Stock,D,4,0001127602-18-018192,,https://www.sec.gov/Archives/edgar/data/1108524/000112760218018192/form4.xml
CRM,1108524,Marc Benioff,1294693,2018-05-18,2018-05-17,S,sale,5000,635214.96,127.0430,0.0151,-10000,33081800,0,unknown,,4,0,Common Stock,D,4,0001127602-18-018192,,https://www.sec.gov/Archives/edgar/data/1108524/000112760218018192/form4.xml
CRM,1108524,Marc Benioff,1294693,2018-05-16,2018-05-16,S,sale,5000,642660.50,128.5321,0.0151,-15000,33091800,,unknown,,1,0,Common Stock,D,4,0001127602-18-017769,,https://www.sec.gov/Archives/edgar/data/1108524/000112760218017769/form4.xml
CRM,1108524,Marc Benioff,1294693,2018-05-16,2018-05-15,S,sale,5000,638345.92,127.6692,0.0151,-15000,33091800,,unknown,,3,0,Common Stock,D,4,0001127602-18-017769,,https://www.sec.gov/Archives/edgar/data/1108524/000112760218017769/form4.xml
CRM,1108524,Marc Benioff,1294693,2018-05-16,2018-05-14,S,sale,5000,643670.53,128.7341,0.0151,-15000,33091800,0,unknown,,4,0,Common Stock,D,4,0001127602-18-017769,,https://www.sec.gov/Archives/edgar/data/1108524/000112760218017769/form4.xml
CRM,1108524,Marc Benioff,1294693,2018-05-11,2018-05-11,S,sale,5000,651075.51,130.2151,0.0151,-10000,33106800,,unknown,,2,0,Common Stock,D,4,0001127602-18-017252,,https://www.sec.gov/Archives/edgar/data/1108524/000112760218017252/form4.xml
CRM,1108524,Marc Benioff,1294693,2018-05-11,2018-05-10,S,sale,5000,651761.60,130.3523,0.0151,-10000,33106800,0,unknown,,2,0,Common Stock,D,4,0001127602-18-017252,,https://www.sec.gov/Archives/edgar/data/1108524/000112760218017252/form4.xml
CRM,1108524,Marc Benioff,1294693,2018-05-09,2018-05-09,S,sale,5000,644883.86,128.9768,0.0151,-15000,33116800,,unknown,,3,0,Common Stock,D,4,0001127602-18-016833,,https://www.sec.gov/Archives/edgar/data/1108524/000112760218016833/form4.xml
CRM,1108524,Marc Benioff,1294693,2018-05-09,2018-05-08,S,sale,5000,640557.35,128.1115,0.0151,-15000,33116800,,unknown,,3,0,Common Stock,D,4,0001127602-18-016833,,https://www.sec.gov/Archives/edgar/data/1108524/000112760218016833/form4.xml
CRM,1108524,Marc Benioff,1294693,2018-05-09,2018-05-07,S,sale,5000,634165.69,126.8331,0.0151,-15000,33116800,0,unknown,,2,0,Common Stock,D,4,0001127602-18-016833,,https://www.sec.gov/Archives/edgar/data/1108524/000112760218016833/form4.xml
CRM,1108524,Marc Benioff,1294693,2018-05-04,2018-05-04,S,sale,5000,624428.32,124.8857,0.0151,-15000,33131800,,unknown,,3,0,Common Stock,D,4,0001127602-18-016424,,https://www.sec.gov/Archives/edgar/data/1108524/000112760218016424/form4.xml
CRM,1108524,Marc Benioff,1294693,2018-05-04,2018-05-03,S,sale,5000,617598.02,123.5196,0.0151,-15000,33131800,,unknown,,4,0,Common Stock,D,4,0001127602-18-016424,,https://www.sec.gov/Archives/edgar/data/1108524/000112760218016424/form4.xml
CRM,1108524,Marc Benioff,1294693,2018-05-04,2018-05-02,S,sale,5000,614317.30,122.8635,0.0151,-15000,33131800,0,unknown,,2,0,Common Stock,D,4,0001127602-18-016424,,https://www.sec.gov/Archives/edgar/data/1108524/000112760218016424/form4.xml
CRM,1108524,Marc Benioff,1294693,2018-05-01,2018-05-01,S,sale,5000,608634.64,121.7269,0.0151,-5000,33146800,0,unknown,,3,0,Common Stock,D,4,0001127602-18-015850,,https://www.sec.gov/Archives/edgar/data/1108524/000112760218015850/form4.xml
CRM,1108524,Marc Benioff,1294693,2018-04-30,2018-04-30,S,sale,5000,604765.25,120.9531,0.0151,-5000,33151800,0,unknown,,2,0,Common Stock,D,4,0001127602-18-015623,,https://www.sec.gov/Archives/edgar/data/1108524/000112760218015623/form4.xml
CRM,1108524,Marc Benioff,1294693,2018-04-27,2018-04-27,S,sale,5000,601241.45,120.2483,0.0151,-5000,33156800,0,unknown,,2,0,Common Stock,D,4,0001127602-18-015475,,https://www.sec.gov/Archives/edgar/data/1108524/000112760218015475/form4.xml
CRM,1108524,Marc Benioff,1294693,2018-04-26,2018-04-26,S,sale,5000,603126.68,120.6253,0.0151,-5000,33161800,0,unknown,,4,0,Common Stock,D,4,0001127602-18-015368,,https://www.sec.gov/Archives/edgar/data/1108524/000112760218015368/form4.xml
CRM,1108524,Marc Benioff,1294693,2018-04-25,2018-04-25,S,sale,5000,585058.36,117.0117,0.0151,-5000,33166800,0,unknown,,3,0,Common Stock,D,4,0001127602-18-015278,,https://www.sec.gov/Archives/edgar/data/1108524/000112760218015278/form4.xml
CRM,1108524,Marc Benioff,1294693,2018-04-24,2018-04-24,S,sale,5000,598365.02,119.6730,0.0151,-15000,33171800,,unknown,,6,0,Common Stock,D,4,0001127602-18-015209,,https://www.sec.gov/Archives/edgar/data/1108524/000112760218015209/form4.xml
CRM,1108524,Marc Benioff,1294693,2018-04-24,2018-04-23,S,sale,5000,612985.27,122.5971,0.0151,-15000,33171800,,unknown,,3,0,Common Stock,D,4,0001127602-18-015209,,https://www.sec.gov/Archives/edgar/data/1108524/000112760218015209/form4.xml
CRM,1108524,Marc Benioff,1294693,2018-04-24,2018-04-20,S,sale,5000,614681.67,122.9363,0.0151,-15000,33171800,0,unknown,,3,0,Common Stock,D,4,0001127602-18-015209,,https://www.sec.gov/Archives/edgar/data/1108524/000112760218015209/form4.xml
CRM,1108524,Marc Benioff,1294693,2018-04-19,2018-04-19,S,sale,5000,619551.18,123.9102,0.0151,-5000,33186800,0,unknown,,2,0,Common Stock,D,4,0001127602-18-014982,,https://www.sec.gov/Archives/edgar/data/1108524/000112760218014982/form4.xml
CRM,1108524,Marc Benioff,1294693,2018-04-18,2018-04-18,S,sale,5000,620021.80,124.0044,0.0151,-5000,33191800,0,unknown,,3,0,Common Stock,D,4,0001127602-18-014904,,https://www.sec.gov/Archives/edgar/data/1108524/000112760218014904/form4.xml
CRM,1108524,Marc Benioff,1294693,2018-04-17,2018-04-17,S,sale,5000,612625.37,122.5251,0.0151,-5000,33196800,0,unknown,,4,0,Common Stock,D,4,0001127602-18-014784,,https://www.sec.gov/Archives/edgar/data/1108524/000112760218014784/form4.xml
CRM,1108524,Marc Benioff,1294693,2018-04-16,2018-04-16,S,sale,5000,598087.98,119.6176,0.0151,-5000,33201800,0,unknown,,2,0,Common Stock,D,4,0001127602-18-014693,,https://www.sec.gov/Archives/edgar/data/1108524/000112760218014693/form4.xml
CRM,1108524,Marc Benioff,1294693,2018-04-13,2018-04-13,S,sale,5000,597511.43,119.5023,0.0151,-5000,33206800,0,unknown,,4,0,Common Stock,D,4,0001127602-18-014581,,https://www.sec.gov/Archives/edgar/data/1108524/000112760218014581/form4.xml
CRM,1108524,Marc Benioff,1294693,2018-04-12,2018-04-12,S,sale,5000,603320.52,120.6641,0.0151,-5000,33211800,0,unknown,,3,0,Common Stock,D,4,0001127602-18-014480,,https://www.sec.gov/Archives/edgar/data/1108524/000112760218014480/form4.xml
CRM,1108524,Marc Benioff,1294693,2018-04-11,2018-04-11,S,sale,5000,598085.50,119.6171,0.0151,-5000,33216800,0,unknown,,2,0,Common Stock,D,4,0001127602-18-014416,,https://www.sec.gov/Archives/edgar/data/1108524/000112760218014416/form4.xml
CRM,1108524,Marc Benioff,1294693,2018-04-10,2018-04-10,S,sale,5000,595402.12,119.0804,0.0150,-5000,33221800,0,unknown,,3,0,Common Stock,D,4,0001127602-18-014349,,https://www.sec.gov/Archives/edgar/data/1108524/000112760218014349/form4.xml
CRM,1108524,Marc Benioff,1294693,2018-04-09,2018-04-09,S,sale,5000,591476.00,118.2952,0.0150,-10000,33226800,,unknown,,2,0,Common Stock,D,4,0001127602-18-014295,,https://www.sec.gov/Archives/edgar/data/1108524/000112760218014295/form4.xml
CRM,1108524,Marc Benioff,1294693,2018-04-09,2018-04-06,S,sale,5000,585738.92,117.1478,0.0150,-10000,33226800,0,unknown,,4,0,Common Stock,D,4,0001127602-18-014295,,https://www.sec.gov/Archives/edgar/data/1108524/000112760218014295/form4.xml
CRM,1108524,Marc Benioff,1294693,2018-04-05,2018-04-05,S,sale,5000,598261.40,119.6523,0.0150,-5000,33236800,0,unknown,,2,0,Common Stock,D,4,0001127602-18-014193,,https://www.sec.gov/Archives/edgar/data/1108524/000112760218014193/form4.xml
CRM,1108524,Marc Benioff,1294693,2018-04-04,2018-04-04,S,sale,5000,583837.03,116.7674,0.0150,-5000,33241800,0,unknown,,5,0,Common Stock,D,4,0001127602-18-014148,,https://www.sec.gov/Archives/edgar/data/1108524/000112760218014148/form4.xml
CRM,1108524,Marc Benioff,1294693,2018-04-03,2018-04-03,S,sale,5000,579044.72,115.8089,0.0150,-10000,33246800,,unknown,,3,0,Common Stock,D,4,0001127602-18-013888,,https://www.sec.gov/Archives/edgar/data/1108524/000112760218013888/form4.xml
CRM,1108524,Marc Benioff,1294693,2018-04-03,2018-04-02,S,sale,5000,574966.92,114.9934,0.0150,-10000,33246800,0,unknown,,4,0,Common Stock,D,4,0001127602-18-013888,,https://www.sec.gov/Archives/edgar/data/1108524/000112760218013888/form4.xml
CRM,1108524,Marc Benioff,1294693,2018-03-29,2018-03-29,S,sale,5000,576091.10,115.2182,0.0150,-5000,33256800,0,unknown,,5,0,Common Stock,D,4,0001127602-18-013067,,https://www.sec.gov/Archives/edgar/data/1108524/000112760218013067/form4.xml
CRM,1108524,Marc Benioff,1294693,2018-03-28,2018-03-28,S,sale,5000,566071.13,113.2142,0.0150,-5000,33261800,0,unknown,,3,0,Common Stock,D,4,0001127602-18-012975,,https://www.sec.gov/Archives/edgar/data/1108524/000112760218012975/form4.xml
CRM,1108524,Marc Benioff,1294693,2018-03-27,2018-03-27,S,sale,5000,584357.94,116.8716,0.0150,-5000,33266800,0,unknown,,7,0,Common Stock,D,4,0001127602-18-012866,,https://www.sec.gov/Archives/edgar/data/1108524/000112760218012866/form4.xml
CRM,1108524,Marc Benioff,1294693,2018-03-26,2018-03-26,S,sale,5000,586741.31,117.3483,0.0150,-15000,33271800,,unknown,,4,0,Common Stock,D,4,0001127602-18-012807,,https://www.sec.gov/Archives/edgar/data/1108524/000112760218012807/form4.xml
CRM,1108524,Marc Benioff,1294693,2018-03-26,2018-03-23,S,sale,5000,581069.12,116.2138,0.0150,-15000,33271800,,unknown,,4,0,Common Stock,D,4,0001127602-18-012807,,https://www.sec.gov/Archives/edgar/data/1108524/000112760218012807/form4.xml
CRM,1108524,Marc Benioff,1294693,2018-03-22,2018-03-22,S,sale,5000,595309.10,119.0618,0.0150,-15000,33271800,0,unknown,,4,0,Common Stock,D,4,0001127602-18-012605,,https://www.sec.gov/Archives/edgar/data/1108524/000112760218012605/form4.xml
CRM,1108524,Marc Benioff,1294693,2018-03-21,2018-03-21,S,sale,5000,611804.96,122.3610,0.0150,-10000,33286800,,unknown,,4,0,Common Stock,D,4,0001127602-18-012398,,https://www.sec.gov/Archives/edgar/data/1108524/000112760218012398/form4.xml
CRM,1108524,Marc Benioff,1294693,2018-03-21,2018-03-20,S,sale,5000,627982.05,125.5964,0.0150,-10000,33286800,0,unknown,,2,0,Common Stock,D,4,0001127602-18-012398,,https://www.sec.gov/Archives/edgar/data/1108524/000112760218012398/form4.xml
CRM,1108524,Marc Benioff,1294693,2018-03-19,2018-03-19,S,sale,5000,623849.95,124.7700,0.0150,-10000,33296800,,unknown,,2,0,Common Stock,D,4,0001127602-18-012160,,https://www.sec.gov/Archives/edgar/data/1108524/000112760218012160/form4.xml
CRM,1108524,Marc Benioff,1294693,2018-03-19,2018-03-16,S,sale,5000,632408.95,126.4818,0.0150,-10000,33296800,0,unknown,,2,0,Common Stock,D,4,0001127602-18-012160,,https://www.sec.gov/Archives/edgar/data/1108524/000112760218012160/form4.xml
CRM,1108524,Marc Benioff,1294693,2018-03-15,2018-03-15,S,sale,5000,638254.43,127.6509,0.0150,-5000,33306800,0,unknown,,2,0,Common Stock,D,4,0001127602-18-011743,,https://www.sec.gov/Archives/edgar/data/1108524/000112760218011743/form4.xml
CRM,1108524,Marc Benioff,1294693,2018-03-14,2018-03-14,S,sale,5000,638362.14,127.6724,0.0150,-5000,33311800,0,unknown,,3,0,Common Stock,D,4,0001127602-18-011621,,https://www.sec.gov/Archives/edgar/data/1108524/000112760218011621/form4.xml
CRM,1108524,Marc Benioff,1294693,2018-03-13,2018-03-13,S,sale,5000,635023.34,127.0047,0.0150,-5000,33316800,0,unknown,,3,0,Common Stock,D,4,0001127602-18-011482,,https://www.sec.gov/Archives/edgar/data/1108524/000112760218011482/form4.xml
CRM,1108524,Marc Benioff,1294693,2018-03-12,2018-03-12,S,sale,5000,636732.20,127.3464,0.0150,-10000,33321800,,unknown,,2,0,Common Stock,D,4,0001127602-18-011274,,https://www.sec.gov/Archives/edgar/data/1108524/000112760218011274/form4.xml
CRM,1108524,Marc Benioff,1294693,2018-03-12,2018-03-09,S,sale,5000,635059.70,127.0119,0.0150,-10000,33321800,0,unknown,,2,0,Common Stock,D,4,0001127602-18-011274,,https://www.sec.gov/Archives/edgar/data/1108524/000112760218011274/form4.xml
CRM,1108524,Marc Benioff,1294693,2018-03-08,2018-03-08,S,sale,5000,631975.09,126.3950,0.0150,-5000,33331800,0,unknown,,2,0,Common Stock,D,4,0001127602-18-010794,,https://www.sec.gov/Archives/edgar/data/1108524/000112760218010794/form4.xml
CRM,1108524,Marc Benioff,1294693,2018-03-07,2018-03-07,S,sale,5000,625155.21,125.0310,0.0150,-5000,33336800,0,unknown,,3,0,Common Stock,D,4,0001127602-18-010617,,https://www.sec.gov/Archives/edgar/data/1108524/000112760218010617/form4.xml
CRM,1108524,Marc Benioff,1294693,2018-03-06,2018-03-06,S,sale,5000,619428.98,123.8858,0.0150,-5000,33341800,0,unknown,,2,0,Common Stock,D,4,0001127602-18-010438,,https://www.sec.gov/Archives/edgar/data/1108524/000112760218010438/form4.xml
CRM,1108524,Marc Benioff,1294693,2018-03-05,2018-03-05,S,sale,5000,608166.21,121.6332,0.0150,-5000,33346800,0,unknown,,3,0,Common Stock,D,4,0001127602-18-010268,,https://www.sec.gov/Archives/edgar/data/1108524/000112760218010268/form4.xml
CRM,1108524,Marc Benioff,1294693,2018-03-02,2018-03-02,S,sale,5000,601014.90,120.2030,0.0150,-5000,33351800,0,unknown,,4,0,Common Stock,D,4,0001127602-18-009776,,https://www.sec.gov/Archives/edgar/data/1108524/000112760218009776/form4.xml
CRM,1108524,Marc Benioff,1294693,2018-03-01,2018-03-01,S,sale,5000,599387.92,119.8776,0.0150,-5000,33356800,0,unknown,,4,0,Common Stock,D,4,0001127602-18-009461,,https://www.sec.gov/Archives/edgar/data/1108524/000112760218009461/form4.xml
CRM,1108524,Marc Benioff,1294693,2018-02-28,2018-02-28,S,sale,5000,585628.45,117.1257,0.0150,-5000,33361800,0,unknown,,2,0,Common Stock,D,4,0001127602-18-009218,,https://www.sec.gov/Archives/edgar/data/1108524/000112760218009218/form4.xml
CRM,1108524,Marc Benioff,1294693,2018-02-27,2018-02-27,S,sale,5000,583121.20,116.6242,0.0150,-5000,33366800,0,unknown,,2,0,Common Stock,D,4,0001127602-18-008893,,https://www.sec.gov/Archives/edgar/data/1108524/000112760218008893/form4.xml
CRM,1108524,Marc Benioff,1294693,2018-02-26,2018-02-26,S,sale,5000,581174.31,116.2349,0.0150,-5000,33371800,0,unknown,,2,0,Common Stock,D,4,0001127602-18-008540,,https://www.sec.gov/Archives/edgar/data/1108524/000112760218008540/form4.xml
CRM,1108524,Marc Benioff,1294693,2018-02-23,2018-02-23,S,sale,5000,569062.15,113.8124,0.0150,-5000,33376800,0,unknown,,3,0,Common Stock,D,4,0001127602-18-008132,,https://www.sec.gov/Archives/edgar/data/1108524/000112760218008132/form4.xml
CRM,1108524,Marc Benioff,1294693,2018-02-22,2018-02-22,S,sale,5000,567401.83,113.4804,0.0150,-5000,33381800,0,unknown,,3,0,Common Stock,D,4,0001127602-18-007852,,https://www.sec.gov/Archives/edgar/data/1108524/000112760218007852/form4.xml
CRM,1108524,Marc Benioff,1294693,2018-02-21,2018-02-21,S,sale,5000,574492.96,114.8986,0.0150,-5000,33386800,0,unknown,,2,0,Common Stock,D,4,0001127602-18-007660,,https://www.sec.gov/Archives/edgar/data/1108524/000112760218007660/form4.xml
CRM,1108524,Marc Benioff,1294693,2018-02-20,2018-02-20,S,sale,5000,570677.67,114.1355,0.0150,-5000,33391800,0,unknown,,3,0,Common Stock,D,4,0001127602-18-007370,,https://www.sec.gov/Archives/edgar/data/1108524/000112760218007370/form4.xml
CRM,1108524,Marc Benioff,1294693,2018-02-16,2018-02-16,S,sale,5000,566170.00,113.2340,0.0150,-5000,33396800,0,unknown,,2,0,Common Stock,D,4,0001127602-18-006724,,https://www.sec.gov/Archives/edgar/data/1108524/000112760218006724/form4.xml
CRM,1108524,Marc Benioff,1294693,2018-02-15,2018-02-15,S,sale,5000,561882.94,112.3766,0.0150,-5000,33401800,0,unknown,,3,0,Common Stock,D,4,0001127602-18-006466,,https://www.sec.gov/Archives/edgar/data/1108524/000112760218006466/form4.xml
CRM,1108524,Marc Benioff,1294693,2018-02-14,2018-02-14,S,sale,5000,541060.10,108.2120,0.0150,-5000,33406800,0,unknown,,3,0,Common Stock,D,4,0001127602-18-006201,,https://www.sec.gov/Archives/edgar/data/1108524/000112760218006201/form4.xml
CRM,1108524,Marc Benioff,1294693,2018-02-13,2018-02-13,S,sale,5000,535656.73,107.1313,0.0150,-5000,33411800,0,unknown,,2,0,Common Stock,D,4,0001127602-18-005615,,https://www.sec.gov/Archives/edgar/data/1108524/000112760218005615/form4.xml
CRM,1108524,Marc Benioff,1294693,2018-02-12,2018-02-12,S,sale,5000,540986.76,108.1974,0.0150,-10000,33416800,,unknown,,3,0,Common Stock,D,4,0001127602-18-005265,,https://www.sec.gov/Archives/edgar/data/1108524/000112760218005265/form4.xml
CRM,1108524,Marc Benioff,1294693,2018-02-12,2018-02-09,S,sale,5000,526783.15,105.3566,0.0150,-10000,33416800,0,unknown,,6,0,Common Stock,D,4,0001127602-18-005265,,https://www.sec.gov/Archives/edgar/data/1108524/000112760218005265/form4.xml
CRM,1108524,Marc Benioff,1294693,2018-02-08,2018-02-08,S,sale,5000,534181.92,106.8364,0.0150,-5000,33426800,0,unknown,,6,0,Common Stock,D,4,0001127602-18-004689,,https://www.sec.gov/Archives/edgar/data/1108524/000112760218004689/form4.xml
CRM,1108524,Marc Benioff,1294693,2018-02-07,2018-02-07,S,sale,5000,553694.54,110.7389,0.0150,-5000,33431800,0,unknown,,3,0,Common Stock,D,4,0001127602-18-004480,,https://www.sec.gov/Archives/edgar/data/1108524/000112760218004480/form4.xml
CRM,1108524,Marc Benioff,1294693,2018-02-06,2018-02-06,S,sale,5000,539093.47,107.8187,0.0150,-5000,33436800,0,unknown,,4,0,Common Stock,D,4,0001127602-18-004406,,https://www.sec.gov/Archives/edgar/data/1108524/000112760218004406/form4.xml
CRM,1108524,Marc Benioff,1294693,2018-02-05,2018-02-05,S,sale,5000,549884.11,109.9768,0.0149,-10000,33441800,,unknown,,4,0,Common Stock,D,4,0001127602-18-004137,,https://www.sec.gov/Archives/edgar/data/1108524/000112760218004137/form4.xml
CRM,1108524,Marc Benioff,1294693,2018-02-05,2018-02-02,S,sale,5000,557239.83,111.4480,0.0149,-10000,33441800,0,unknown,,2,0,Common Stock,D,4,0001127602-18-004137,,https://www.sec.gov/Archives/edgar/data/1108524/000112760218004137/form4.xml
CRM,1108524,Marc Benioff,1294693,2018-02-01,2018-02-01,S,sale,5000,566674.55,113.3349,0.0149,-5000,33451800,0,unknown,,2,0,Common Stock,D,4,0001127602-18-003441,,https://www.sec.gov/Archives/edgar/data/1108524/000112760218003441/form4.xml
CRM,1108524,Marc Benioff,1294693,2018-01-31,2018-01-31,S,sale,5000,569629.88,113.9260,0.0149,-5000,33456800,0,unknown,,2,0,Common Stock,D,4,0001127602-18-003231,,https://www.sec.gov/Archives/edgar/data/1108524/000112760218003231/form4.xml
CRM,1108524,Marc Benioff,1294693,2018-01-30,2018-01-30,S,sale,5000,563097.85,112.6196,0.0149,-5000,33461800,0,unknown,,2,0,Common Stock,D,4,0001127602-18-003035,,https://www.sec.gov/Archives/edgar/data/1108524/000112760218003035/form4.xml
CRM,1108524,Marc Benioff,1294693,2018-01-29,2018-01-29,S,sale,5000,568082.60,113.6165,0.0149,-5000,33466800,0,unknown,,2,0,Common Stock,D,4,0001127602-18-002892,,https://www.sec.gov/Archives/edgar/data/1108524/000112760218002892/form4.xml
CRM,1108524,Marc Benioff,1294693,2018-01-26,2018-01-26,S,sale,5000,566850.84,113.3702,0.0149,-5000,33471800,0,unknown,,2,0,Common Stock,D,4,0001127602-18-002714,,https://www.sec.gov/Archives/edgar/data/1108524/000112760218002714/form4.xml
CRM,1108524,Marc Benioff,1294693,2018-01-25,2018-01-25,S,sale,5000,563509.67,112.7019,0.0149,-5000,33476800,0,unknown,,2,0,Common Stock,D,4,0001127602-18-002554,,https://www.sec.gov/Archives/edgar/data/1108524/000112760218002554/form4.xml
CRM,1108524,Marc Benioff,1294693,2018-01-24,2018-01-24,S,sale,5000,565458.44,113.0917,0.0149,-5000,33481800,0,unknown,,2,0,Common Stock,D,4,0001127602-18-002405,,https://www.sec.gov/Archives/edgar/data/1108524/000112760218002405/form4.xml
CRM,1108524,Marc Benioff,1294693,2018-01-23,2018-01-23,S,sale,5000,566112.50,113.2225,0.0149,-5000,33486800,0,unknown,,1,0,Common Stock,D,4,0001127602-18-002309,,https://www.sec.gov/Archives/edgar/data/1108524/000112760218002309/form4.xml
CRM,1108524,Marc Benioff,1294693,2018-01-22,2018-01-22,S,sale,5000,561797.07,112.3594,0.0149,-5000,33491800,0,unknown,,2,0,Common Stock,D,4,0001127602-18-002226,,https://www.sec.gov/Archives/edgar/data/1108524/000112760218002226/form4.xml
CRM,1108524,Marc Benioff,1294693,2018-01-19,2018-01-19,S,sale,5000,560038.50,112.0077,0.0149,-5000,33496800,0,unknown,,1,0,Common Stock,D,4,0001127602-18-002183,,https://www.sec.gov/Archives/edgar/data/1108524/000112760218002183/form4.xml
CRM,1108524,Marc Benioff,1294693,2018-01-18,2018-01-18,S,sale,5000,556785.26,111.3571,0.0149,-5000,33501800,0,unknown,,2,0,Common Stock,D,4,0001127602-18-002138,,https://www.sec.gov/Archives/edgar/data/1108524/000112760218002138/form4.xml
CRM,1108524,Marc Benioff,1294693,2018-01-17,2018-01-17,S,sale,5000,548950.68,109.7901,0.0149,-5000,33506800,0,unknown,,2,0,Common Stock,D,4,0001127602-18-001978,,https://www.sec.gov/Archives/edgar/data/1108524/000112760218001978/form4.xml
CRM,1108524,Marc Benioff,1294693,2018-01-16,2018-01-16,S,sale,5000,549947.80,109.9896,0.0149,-5000,33511800,0,unknown,,3,0,Common Stock,D,4,0001127602-18-001886,,https://www.sec.gov/Archives/edgar/data/1108524/000112760218001886/form4.xml
CRM,1108524,Marc Benioff,1294693,2018-01-12,2018-01-12,S,sale,5000,549813.70,109.9627,0.0149,-5000,33516800,0,unknown,,2,0,Common Stock,D,4,0001127602-18-001703,,https://www.sec.gov/Archives/edgar/data/1108524/000112760218001703/form4.xml
CRM,1108524,Marc Benioff,1294693,2018-01-11,2018-01-11,S,sale,5000,545292.50,109.0585,0.0149,-5000,33521800,0,unknown,,1,0,Common Stock,D,4,0001127602-18-001659,,https://www.sec.gov/Archives/edgar/data/1108524/000112760218001659/form4.xml
CRM,1108524,Marc Benioff,1294693,2018-01-10,2018-01-10,S,sale,5000,543520.88,108.7042,0.0149,-10000,33526800,,unknown,,2,0,Common Stock,D,4,0001127602-18-001586,,https://www.sec.gov/Archives/edgar/data/1108524/000112760218001586/form4.xml
CRM,1108524,Marc Benioff,1294693,2018-01-10,2018-01-09,S,sale,5000,543990.00,108.7980,0.0149,-10000,33526800,0,unknown,,1,0,Common Stock,D,4,0001127602-18-001586,,https://www.sec.gov/Archives/edgar/data/1108524/000112760218001586/form4.xml
CRM,1108524,Marc Benioff,1294693,2018-01-08,2018-01-08,S,sale,5000,542985.48,108.5971,0.0149,-5000,33536800,0,unknown,,2,0,Common Stock,D,4,0001127602-18-001408,,https://www.sec.gov/Archives/edgar/data/1108524/000112760218001408/form4.xml
CRM,1108524,Marc Benioff,1294693,2018-01-05,2018-01-05,S,sale,5000,539456.50,107.8913,0.0149,-5000,33541800,0,unknown,,1,0,Common Stock,D,4,0001127602-18-001293,,https://www.sec.gov/Archives/edgar/data/1108524/000112760218001293/form4.xml
CRM,1108524,Marc Benioff,1294693,2018-01-04,2018-01-04,S,sale,5000,533176.35,106.6353,0.0149,-5000,33546800,0,unknown,,2,0,Common Stock,D,4,0001127602-18-001214,,https://www.sec.gov/Archives/edgar/data/1108524/000112760218001214/form4.xml
CRM,1108524,Marc Benioff,1294693,2018-01-03,2018-01-03,S,sale,5000,526667.69,105.3335,0.0149,-5000,33551800,0,unknown,,2,0,Common Stock,D,4,0001127602-18-000883,,https://www.sec.gov/Archives/edgar/data/1108524/000112760218000883/form4.xml
CRM,1108524,Marc Benioff,1294693,2018-01-02,2018-01-02,S,sale,5000,519838.53,103.9677,0.0149,-5000,33556800,0,unknown,,3,0,Common Stock,D,4,0001127602-18-000285,,https://www.sec.gov/Archives/edgar/data/1108524/000112760218000285/form4.xml
CRM,1108524,Marc Benioff,1294693,2017-08-07,2017-08-07,S,exercise and sell,10000,903938.00,90.3938,,0,34185300,,unknown,M,1,0,Common Stock,D,4,0001127602-17-025165,,https://www.sec.gov/Archives/edgar/data/1108524/000112760217025165/form4.xml
CRM,1108524,Marc Benioff,1294693,2017-08-07,2017-08-04,S,exercise and sell,10000,904927.00,90.4927,,0,34185300,,unknown,M,1,0,Common Stock,D,4,0001127602-17-025165,,https://www.sec.gov/Archives/edgar/data/1108524/000112760217025165/form4.xml
CRM,1108524,Marc Benioff,1294693,2017-08-07,2017-08-03,S,exercise and sell,10000,900338.00,90.0338,,0,34185300,0,unknown,M,1,0,Common Stock,D,4,0001127602-17-025165,,https://www.sec.gov/Archives/edgar/data/1108524/000112760217025165/form4.xml
CRM,1108524,Marc Benioff,1294693,2017-08-02,2017-08-02,S,exercise and sell,10000,898334.56,89.8335,,0,34185300,0,unknown,M,2,0,Common Stock,D,4,0001127602-17-024819,,https://www.sec.gov/Archives/edgar/data/1108524/000112760217024819/form4.xml
CRM,1108524,Marc Benioff,1294693,2017-08-01,2017-08-01,S,exercise and sell,10000,913036.00,91.3036,,0,34185300,,unknown,M,1,0,Common Stock,D,4,0001127602-17-024629,,https://www.sec.gov/Archives/edgar/data/1108524/000112760217024629/form4.xml
CRM,1108524,Marc Benioff,1294693,2017-08-01,2017-07-31,S,exercise and sell,10000,906811.00,90.6811,,0,34185300,,unknown,M,1,0,Common Stock,D,4,0001127602-17-024629,,https://www.sec.gov/Archives/edgar/data/1108524/000112760217024629/form4.xml
CRM,1108524,Marc Benioff,1294693,2017-08-01,2017-07-28,S,exercise and sell,10000,906942.33,90.6942,,0,34185300,0,unknown,M,2,0,Common Stock,D,4,0001127602-17-024629,,https://www.sec.gov/Archives/edgar/data/1108524/000112760217024629/form4.xml
CRM,1108524,Marc Benioff,1294693,2017-07-27,2017-07-27,S,exercise and sell,10000,908910.83,90.8911,,0,34185300,0,unknown,M,3,0,Common Stock,D,4,0001127602-17-024286,,https://www.sec.gov/Archives/edgar/data/1108524/000112760217024286/form4.xml
CRM,1108524,Marc Benioff,1294693,2017-07-26,2017-07-26,S,exercise and sell,10000,905930.00,90.5930,,0,34185300,0,unknown,M,1,0,Common Stock,D,4,0001127602-17-024198,,https://www.sec.gov/Archives/edgar/data/1108524/000112760217024198/form4.xml
CRM,1108524,Marc Benioff,1294693,2017-07-25,2017-07-25,S,exercise and sell,10000,903818.16,90.3818,,0,34185300,0,unknown,M,2,0,Common Stock,D,4,0001127602-17-024129,,https://www.sec.gov/Archives/edgar/data/1108524/000112760217024129/form4.xml
CRM,1108524,Marc Benioff,1294693,2017-07-24,2017-07-24,S,exercise and sell,10000,894830.00,89.4830,,0,34185300,,unknown,M,1,0,Common Stock,D,4,0001127602-17-024065,,https://www.sec.gov/Archives/edgar/data/1108524/000112760217024065/form4.xml
CRM,1108524,Marc Benioff,1294693,2017-07-24,2017-07-21,S,exercise and sell,10000,898709.14,89.8709,,0,34185300,0,unknown,M,2,0,Common Stock,D,4,0001127602-17-024065,,https://www.sec.gov/Archives/edgar/data/1108524/000112760217024065/form4.xml
CRM,1108524,Marc Benioff,1294693,2017-07-20,2017-07-20,S,exercise and sell,10000,902305.83,90.2306,,0,34185300,0,unknown,M,2,0,Common Stock,D,4,0001127602-17-023962,,https://www.sec.gov/Archives/edgar/data/1108524/000112760217023962/form4.xml
CRM,1108524,Marc Benioff,1294693,2017-07-19,2017-07-19,S,exercise and sell,10000,894566.00,89.4566,,0,34185300,0,unknown,M,2,0,Common Stock,D,4,0001127602-17-023915,,https://www.sec.gov/Archives/edgar/data/1108524/000112760217023915/form4.xml
CRM,1108524,Marc Benioff,1294693,2017-07-18,2017-07-18,S,exercise and sell,10000,891534.00,89.1534,,0,34185300,,unknown,M,1,0,Common Stock,D,4,0001127602-17-023821,,https://www.sec.gov/Archives/edgar/data/1108524/000112760217023821/form4.xml
CRM,1108524,Marc Benioff,1294693,2017-07-18,2017-07-17,S,exercise and sell,10000,896362.00,89.6362,,0,34185300,,unknown,M,1,0,Common Stock,D,4,0001127602-17-023821,,https://www.sec.gov/Archives/edgar/data/1108524/000112760217023821/form4.xml
CRM,1108524,Marc Benioff,1294693,2017-07-18,2017-07-14,S,exercise and sell,10000,899475.00,89.9475,,0,34185300,0,unknown,M,1,0,Common Stock,D,4,0001127602-17-023821,,https://www.sec.gov/Archives/edgar/data/1108524/000112760217023821/form4.xml
CRM,1108524,Marc Benioff,1294693,2017-07-13,2017-07-13,S,exercise and sell,10000,899397.58,89.9398,,0,34185300,0,unknown,M,2,0,Common Stock,D,4,0001127602-17-023581,,https://www.sec.gov/Archives/edgar/data/1108524/000112760217023581/form4.xml
CRM,1108524,Marc Benioff,1294693,2017-07-12,2017-07-12,S,exercise and sell,10000,899224.34,89.9224,,0,34185300,,unknown,M,2,0,Common Stock,D,4,0001127602-17-023560,,https://www.sec.gov/Archives/edgar/data/1108524/000112760217023560/form4.xml
CRM,1108524,Marc Benioff,1294693,2017-07-12,2017-07-11,S,exercise and sell,10000,882162.00,88.2162,,0,34185300,0,unknown,M,1,0,Common Stock,D,4,0001127602-17-023560,,https://www.sec.gov/Archives/edgar/data/1108524/000112760217023560/form4.xml
CRM,1108524,Marc Benioff,1294693,2017-07-10,2017-07-10,S,exercise and sell,10000,883035.00,88.3035,,0,34185300,0,unknown,M,1,0,Common Stock,D,4,0001127602-17-023464,,https://www.sec.gov/Archives/edgar/data/1108524/000112760217023464/form4.xml
CRM,1108524,Marc Benioff,1294693,2017-07-07,2017-07-07,S,exercise and sell,10000,879643.42,87.9643,,0,34185300,0,unknown,M,2,0,Common Stock,D,4,0001127602-17-023386,,https://www.sec.gov/Archives/edgar/data/1108524/000112760217023386/form4.xml
CRM,1108524,Marc Benioff,1294693,2017-07-06,2017-07-06,S,exercise and sell,10000,868982.00,86.8982,,0,34185300,0,unknown,M,1,0,Common Stock,D,4,0001127602-17-023322,,https://www.sec.gov/Archives/edgar/data/1108524/000112760217023322/form4.xml
CRM,1108524,Marc Benioff,1294693,2017-07-05,2017-07-05,S,exercise and sell,10000,871194.59,87.1195,,0,34185300,,unknown,M,2,0,Common Stock,D,4,0001127602-17-023169,,https://www.sec.gov/Archives/edgar/data/1108524/000112760217023169/form4.xml
CRM,1108524,Marc Benioff,1294693,2017-07-05,2017-07-03,S,exercise and sell,10000,859974.05,85.9974,,0,34185300,,unknown,M,2,0,Common Stock,D,4,0001127602-17-023169,,https://www.sec.gov/Archives/edgar/data/1108524/000112760217023169/form4.xml
CRM,1108524,Marc Benioff,1294693,2017-07-05,2017-06-30,S,exercise and sell,10000,868979.00,86.8979,,0,34185300,0,unknown,M,1,0,Common Stock,D,4,0001127602-17-023169,,https://www.sec.gov/Archives/edgar/data/1108524/000112760217023169/form4.xml
CRM,1108524,Marc Benioff,1294693,2017-06-29,2017-06-29,S,exercise and sell,10000,865276.24,86.5276,,0,34185300,0,unknown,M,2,0,Common Stock,D,4,0001127602-17-022428,,https://www.sec.gov/Archives/edgar/data/1108524/000112760217022428/form4.xml
CRM,1108524,Marc Benioff,1294693,2017-06-28,2017-06-28,S,exercise and sell,10000,877683.86,87.7684,,0,34185300,,unknown,M,2,0,Common Stock,D,4,0001127602-17-022323,,https://www.sec.gov/Archives/edgar/data/1108524/000112760217022323/form4.xml
CRM,1108524,Marc Benioff,1294693,2017-06-28,2017-06-27,S,exercise and sell,10000,880646.93,88.0647,,0,34185300,0,unknown,M,2,0,Common Stock,D,4,0001127602-17-022323,,https://www.sec.gov/Archives/edgar/data/1108524/000112760217022323/form4.xml
CRM,1108524,Marc Benioff,1294693,2017-06-26,2017-06-26,S,exercise and sell,10000,883754.45,88.3754,,0,34185300,,unknown,M,2,0,Common Stock,D,4,0001127602-17-022179,,https://www.sec.gov/Archives/edgar/data/1108524/000112760217022179/form4.xml
CRM,1108524,Marc Benioff,1294693,2017-06-26,2017-06-23,S,exercise and sell,10000,884393.18,88.4393,,0,34185300,0,unknown,M,2,0,Common Stock,D,4,0001127602-17-022179,,https://www.sec.gov/Archives/edgar/data/1108524/000112760217022179/form4.xml
CRM,1108524,Marc Benioff,1294693,2017-06-22,2017-06-22,S,exercise and sell,10000,881800.40,88.1800,,0,34185300,0,unknown,M,2,0,Common Stock,D,4,0001127602-17-022058,,https://www.sec.gov/Archives/edgar/data/1108524/000112760217022058/form4.xml
CRM,1108524,Marc Benioff,1294693,2017-06-21,2017-06-21,S,exercise and sell,10000,870551.53,87.0552,,0,34185300,,unknown,M,2,0,Common Stock,D,4,0001127602-17-022027,,https://www.sec.gov/Archives/edgar/data/1108524/000112760217022027/form4.xml
CRM,1108524,Marc Benioff,1294693,2017-06-21,2017-06-20,S,exercise and sell,10000,872750.00,87.2750,,0,34185300,0,unknown,M,1,0,Common Stock,D,4,0001127602-17-022027,,https://www.sec.gov/Archives/edgar/data/1108524/000112760217022027/form4.xml
CRM,1108524,Marc Benioff,1294693,2017-06-19,2017-06-19,S,exercise and sell,10000,873867.00,87.3867,,0,34185300,,unknown,M,1,0,Common Stock,D,4,0001127602-17-021831,,https://www.sec.gov/Archives/edgar/data/1108524/000112760217021831/form4.xml
CRM,1108524,Marc Benioff,1294693,2017-06-19,2017-06-16,S,exercise and sell,10000,862295.00,86.2295,,0,34185300,0,unknown,M,1,0,Common Stock,D,4,0001127602-17-021831,,https://www.sec.gov/Archives/edgar/data/1108524/000112760217021831/form4.xml
CRM,1108524,Marc Benioff,1294693,2017-06-15,2017-06-15,S,exercise and sell,10000,857337.40,85.7337,,0,34185300,0,unknown,M,2,0,Common Stock,D,4,0001127602-17-021528,,https://www.sec.gov/Archives/edgar/data/1108524/000112760217021528/form4.xml
CRM,1108524,Marc Benioff,1294693,2017-06-14,2017-06-14,S,exercise and sell,10000,872937.28,87.2937,,0,34185300,0,unknown,M,2,0,Common Stock,D,4,0001127602-17-021460,,https://www.sec.gov/Archives/edgar/data/1108524/000112760217021460/form4.xml
CRM,1108524,Marc Benioff,1294693,2017-06-13,2017-06-13,S,exercise and sell,10000,873365.36,87.3365,,0,34185300,0,unknown,M,2,0,Common Stock,D,4,0001127602-17-021378,,https://www.sec.gov/Archives/edgar/data/1108524/000112760217021378/form4.xml
CRM,1108524,Marc Benioff,1294693,2017-06-12,2017-06-12,S,exercise and sell,10000,858465.84,85.8466,,0,34185300,,unknown,M,3,0,Common Stock,D,4,0001127602-17-021242,,https://www.sec.gov/Archives/edgar/data/1108524/000112760217021242/form4.xml
CRM,1108524,Marc Benioff,1294693,2017-06-12,2017-06-09,S,exercise and sell,10000,887393.89,88.7394,,0,34185300,0,unknown,M,5,0,Common Stock,D,4,0001127602-17-021242,,https://www.sec.gov/Archives/edgar/data/1108524/000112760217021242/form4.xml
CRM,1108524,Marc Benioff,1294693,2017-06-08,2017-06-08,S,sale,10000,910219.00,91.0219,,393500,34185300,393500,unknown,M,1,0,Common Stock,D,4,0001127602-17-020978,,https://www.sec.gov/Archives/edgar/data/1108524/000112760217020978/form4.xml
CRM,1108524,Marc Benioff,1294693,2017-06-07,2017-06-07,S,sale,10000,912362.46,91.2362,0.0296,-393500,33791800,0,unknown,M,2,0,Common Stock,D,4,0001127602-17-020838,,https://www.sec.gov/Archives/edgar/data/1108524/000112760217020838/form4.xml
CRM,1108524,Marc Benioff,1294693,2017-06-07,2017-06-06,S,exercise and sell,10000,915435.00,91.5435,,0,34185300,0,unknown,M,1,0,Common Stock,D,4,0001127602-17-020838,,https://www.sec.gov/Archives/edgar/data/1108524/000112760217020838/form4.xml
CRM,1108524,Marc Benioff,1294693,2017-06-05,2017-06-05,S,exercise and sell,10000,915026.00,91.5026,,0,34185300,0,unknown,M,1,0,Common Stock,D,4,0001127602-17-020617,,https://www.sec.gov/Archives/edgar/data/1108524/000112760217020617/form4.xml
CRM,1108524,Marc Benioff,1294693,2017-06-02,2017-06-02,S,exercise and sell,10000,905015.29,90.5015,,0,34185300,0,unknown,M,2,0,Common Stock,D,4,0001127602-17-020404,,https://www.sec.gov/Archives/edgar/data/1108524/000112760217020404/form4.xml
CRM,1108524,Marc Benioff,1294693,2017-06-01,2017-06-01,S,exercise and sell,10000,899405.28,89.9405,,0,34185300,0,unknown,M,2,0,Common Stock,D,4,0001127602-17-020166,,https://www.sec.gov/Archives/edgar/data/1108524/000112760217020166/form4.xml
CRM,1108524,Marc Benioff,1294693,2017-05-31,2017-05-31,S,exercise and sell,10000,898914.73,89.8915,,0,34185300,0,unknown,M,2,0,Common Stock,D,4,0001127602-17-019904,,https://www.sec.gov/Archives/edgar/data/1108524/000112760217019904/form4.xml
CRM,1108524,Marc Benioff,1294693,2017-05-30,2017-05-30,S,exercise and sell,10000,908270.00,90.8270,,0,34185300,0,unknown,M,1,0,Common Stock,D,4,0001127602-17-019789,,https://www.sec.gov/Archives/edgar/data/1108524/000112760217019789/form4.xml
CRM,1108524,Marc Benioff,1294693,2017-05-26,2017-05-26,S,exercise and sell,10000,908371.00,90.8371,,0,34185300,0,unknown,M,1,0,Common Stock,D,4,0001127602-17-019604,,https://www.sec.gov/Archives/edgar/data/1108524/000112760217019604/form4.xml
CRM,1108524,Marc Benioff,1294693,2017-05-25,2017-05-25,S,exercise and sell,10000,911091.54,91.1092,,0,34185300,,unknown,M,2,0,Common Stock,D,4,0001127602-17-019463,,https://www.sec.gov/Archives/edgar/data/1108524/000112760217019463/form4.xml
CRM,1108524,Marc Benioff,1294693,2017-05-25,2017-05-24,S,exercise and sell,10000,892352.75,89.2353,,0,34185300,,unknown,M,2,0,Common Stock,D,4,0001127602-17-019463,,https://www.sec.gov/Archives/edgar/data/1108524/000112760217019463/form4.xml
CRM,1108524,Marc Benioff,1294693,2017-05-25,2017-05-23,S,exercise and sell,10000,885772.00,88.5772,,0,34185300,0,unknown,M,1,0,Common Stock,D,4,0001127602-17-019463,,https://www.sec.gov/Archives/edgar/data/1108524/000112760217019463/form4.xml
CRM,1108524,Marc Benioff,1294693,2017-05-23,2017-05-22,S,exercise and sell,10000,884552.20,88.4552,,0,34185300,0,unknown,M,2,0,Common Stock,D,4,0001127602-17-019213,,https://www.sec.gov/Archives/edgar/data/1108524/000112760217019213/form4.xml
CRM,1108524,Marc Benioff,1294693,2017-05-19,2017-05-19,S,exercise and sell,10000,882336.45,88.2336,,0,34185300,0,unknown,M,3,0,Common Stock,D,4,0001127602-17-018891,,https://www.sec.gov/Archives/edgar/data/1108524/000112760217018891/form4.xml
CRM,1108524,Marc Benioff,1294693,2017-05-18,2017-05-18,S,exercise and sell,10000,877918.00,87.7918,,0,34185300,0,unknown,M,1,0,Common Stock,D,4,0001127602-17-018721,,https://www.sec.gov/Archives/edgar/data/1108524/000112760217018721/form4.xml
CRM,1108524,Marc Benioff,1294693,2017-05-17,2017-05-17,S,exercise and sell,10000,884187.95,88.4188,,0,34185300,,unknown,M,2,0,Common Stock,D,4,0001127602-17-018562,,https://www.sec.gov/Archives/edgar/data/1108524/000112760217018562/form4.xml
CRM,1108524,Marc Benioff,1294693,2017-05-17,2017-05-16,S,exercise and sell,10000,898027.00,89.8027,,0,34185300,0,unknown,M,1,0,Common Stock,D,4,0001127602-17-018562,,https://www.sec.gov/Archives/edgar/data/1108524/000112760217018562/form4.xml
CRM,1108524,Marc Benioff,1294693,2017-05-15,2017-05-15,S,exercise and sell,10000,896335.00,89.6335,,0,34185300,0,unknown,M,1,0,Common Stock,D,4,0001127602-17-018158,,https://www.sec.gov/Archives/edgar/data/1108524/000112760217018158/form4.xml
CRM,1108524,Marc Benioff,1294693,2017-05-12,2017-05-12,S,exercise and sell,10000,887171.40,88.7171,,0,34185300,0,unknown,M,2,0,Common Stock,D,4,0001127602-17-018011,,https://www.sec.gov/Archives/edgar/data/1108524/000112760217018011/form4.xml
CRM,1108524,Marc Benioff,1294693,2017-05-11,2017-05-11,S,exercise and sell,10000,872795.18,87.2795,,0,34185300,0,unknown,M,2,0,Common Stock,D,4,0001127602-17-017829,,https://www.sec.gov/Archives/edgar/data/1108524/000112760217017829/form4.xml
CRM,1108524,Marc Benioff,1294693,2017-05-10,2017-05-10,S,exercise and sell,10000,871895.00,87.1895,,0,34185300,0,unknown,M,1,0,Common Stock,D,4,0001127602-17-017611,,https://www.sec.gov/Archives/edgar/data/1108524/000112760217017611/form4.xml
CRM,1108524,Marc Benioff,1294693,2017-05-09,2017-05-09,S,exercise and sell,10000,872941.00,87.2941,,0,34185300,0,unknown,M,1,0,Common Stock,D,4,0001127602-17-017455,,https://www.sec.gov/Archives/edgar/data/1108524/000112760217017455/form4.xml
CRM,1108524,Marc Benioff,1294693,2017-05-08,2017-05-08,S,exercise and sell,10000,868241.00,86.8241,,0,34185300,,unknown,M,1,0,Common Stock,D,4,0001127602-17-017278,,https://www.sec.gov/Archives/edgar/data/1108524/000112760217017278/form4.xml
CRM,1108524,Marc Benioff,1294693,2017-05-08,2017-05-05,S,exercise and sell,10000,866523.00,86.6523,,0,34185300,0,unknown,M,1,0,Common Stock,D,4,0001127602-17-017278,,https://www.sec.gov/Archives/edgar/data/1108524/000112760217017278/form4.xml
CRM,1108524,Marc Benioff,1294693,2017-05-04,2017-05-04,S,exercise and sell,10000,866418.00,86.6418,,0,34185300,0,unknown,M,1,0,Common Stock,D,4,0001127602-17-016939,,https://www.sec.gov/Archives/edgar/data/1108524/000112760217016939/form4.xml
CRM,1108524,Marc Benioff,1294693,2017-05-03,2017-05-03,S,exercise and sell,10000,864298.00,86.4298,,0,34185300,0,unknown,M,1,0,Common Stock,D,4,0001127602-17-016725,,https://www.sec.gov/Archives/edgar/data/1108524/000112760217016725/form4.xml
CRM,1108524,Marc Benioff,1294693,2017-05-02,2017-05-02,S,exercise and sell,10000,868100.46,86.8100,,0,34185300,0,unknown,M,2,0,Common Stock,D,4,0001127602-17-016462,,https://www.sec.gov/Archives/edgar/data/1108524/000112760217016462/form4.xml
CRM,1108524,Marc Benioff,1294693,2017-05-01,2017-05-01,S,exercise and sell,10000,866402.00,86.6402,,0,34185300,,unknown,M,1,0,Common Stock,D,4,0001127602-17-016180,,https://www.sec.gov/Archives/edgar/data/1108524/000112760217016180/form4.xml
CRM,1108524,Marc Benioff,1294693,2017-05-01,2017-04-28,S,exercise and sell,10000,858334.00,85.8334,,0,34185300,,unknown,M,1,0,Common Stock,D,4,0001127602-17-016180,,https://www.sec.gov/Archives/edgar/data/1108524/000112760217016180/form4.xml
CRM,1108524,Marc Benioff,1294693,2017-05-01,2017-04-27,S,exercise and sell,10000,858717.00,85.8717,,0,34185300,0,unknown,M,1,0,Common Stock,D,4,0001127602-17-016180,,https://www.sec.gov/Archives/edgar/data/1108524/000112760217016180/form4.xml
CRM,1108524,Marc Benioff,1294693,2017-04-26,2017-04-26,S,exercise and sell,10000,848493.00,84.8493,,0,34185300,0,unknown,M,1,0,Common Stock,D,4,0001127602-17-015590,,https://www.sec.gov/Archives/edgar/data/1108524/000112760217015590/form4.xml
CRM,1108524,Marc Benioff,1294693,2017-04-25,2017-04-25,S,exercise and sell,10000,848622.00,84.8622,,0,34185300,0,unknown,M,1,0,Common Stock,D,4,0001127602-17-015477,,https://www.sec.gov/Archives/edgar/data/1108524/000112760217015477/form4.xml
CRM,1108524,Marc Benioff,1294693,2017-04-24,2017-04-24,S,exercise and sell,10000,840707.00,84.0707,,0,34185300,,unknown,M,1,0,Common Stock,D,4,0001127602-17-015380,,https://www.sec.gov/Archives/edgar/data/1108524/000112760217015380/form4.xml
CRM,1108524,Marc Benioff,1294693,2017-04-24,2017-04-21,S,exercise and sell,10000,838886.00,83.8886,,0,34185300,0,unknown,M,1,0,Common Stock,D,4,0001127602-17-015380,,https://www.sec.gov/Archives/edgar/data/1108524/000112760217015380/form4.xml
CRM,1108524,Marc Benioff,1294693,2017-04-20,2017-04-20,S,exercise and sell,10000,839266.00,83.9266,,0,34185300,0,unknown,M,1,0,Common Stock,D,4,0001127602-17-015221,,https://www.sec.gov/Archives/edgar/data/1108524/000112760217015221/form4.xml
CRM,1108524,Marc Benioff,1294693,2017-04-19,2017-04-19,S,exercise and sell,10000,837783.00,83.7783,,0,34185300,0,unknown,M,1,0,Common Stock,D,4,0001127602-17-015117,,https://www.sec.gov/Archives/edgar/data/1108524/000112760217015117/form4.xml
CRM,1108524,Marc Benioff,1294693,2017-04-18,2017-04-18,S,exercise and sell,10000,838817.00,83.8817,,0,34185300,0,unknown,M,1,0,Common Stock,D,4,0001127602-17-014988,,https://www.sec.gov/Archives/edgar/data/1108524/000112760217014988/form4.xml
CRM,1108524,Marc Benioff,1294693,2017-04-17,2017-04-17,S,exercise and sell,10000,839206.00,83.9206,,0,34185300,0,unknown,M,1,0,Common Stock,D,4,0001127602-17-014876,,https://www.sec.gov/Archives/edgar/data/1108524/000112760217014876/form4.xml
CRM,1108524,Marc Benioff,1294693,2017-04-13,2017-04-13,S,exercise and sell,10000,835781.00,83.5781,,0,34185300,,unknown,M,1,0,Common Stock,D,4,0001127602-17-014746,,https://www.sec.gov/Archives/edgar/data/1108524/000112760217014746/form4.xml
CRM,1108524,Marc Benioff,1294693,2017-04-13,2017-04-12,S,exercise and sell,10000,835196.00,83.5196,,0,34185300,0,unknown,M,1,0,Common Stock,D,4,0001127602-17-014746,,https://www.sec.gov/Archives/edgar/data/1108524/000112760217014746/form4.xml
CRM,1108524,Marc Benioff,1294693,2017-04-11,2017-04-11,S,exercise and sell,10000,836963.00,83.6963,,0,34185300,,unknown,M,1,0,Common Stock,D,4,0001127602-17-014653,,https://www.sec.gov/Archives/edgar/data/1108524/000112760217014653/form4.xml
CRM,1108524,Marc Benioff,1294693,2017-04-11,2017-04-10,S,exercise and sell,10000,842556.00,84.2556,,0,34185300,,unknown,M,1,0,Common Stock,D,4,0001127602-17-014653,,https://www.sec.gov/Archives/edgar/data/1108524/000112760217014653/form4.xml
CRM,1108524,Marc Benioff,1294693,2017-04-11,2017-04-07,S,exercise and sell,10000,843024.00,84.3024,,0,34185300,0,unknown,M,1,0,Common Stock,D,4,0001127602-17-014653,,https://www.sec.gov/Archives/edgar/data/1108524/000112760217014653/form4.xml
CRM,1108524,Marc Benioff,1294693,2017-04-06,2017-04-06,S,exercise and sell,10000,848742.00,84.8742,,0,34185300,0,unknown,M,1,0,Common Stock,D,4,0001127602-17-014451,,https://www.sec.gov/Archives/edgar/data/1108524/000112760217014451/form4.xml
CRM,1108524,Marc Benioff,1294693,2017-04-05,2017-04-05,S,exercise and sell,10000,849971.73,84.9972,,0,34185300,0,unknown,M,3,0,Common Stock,D,4,0001127602-17-014416,,https://www.sec.gov/Archives/edgar/data/1108524/000112760217014416/form4.xml
CRM,1108524,Marc Benioff,1294693,2017-04-04,2017-04-04,S,exercise and sell,10000,828671.00,82.8671,,0,34185300,0,unknown,M,1,0,Common Stock,D,4,0001127602-17-014164,,https://www.sec.gov/Archives/edgar/data/1108524/000112760217014164/form4.xml
CRM,1108524,Marc Benioff,1294693,2017-04-03,2017-04-03,S,exercise and sell,10000,822295.51,82.2296,,0,34185300,,unknown,M,2,0,Common Stock,D,4,0001127602-17-013666,,https://www.sec.gov/Archives/edgar/data/1108524/000112760217013666/form4.xml
CRM,1108524,Marc Benioff,1294693,2017-04-03,2017-03-31,S,exercise and sell,10000,826682.00,82.6682,,0,34185300,0,unknown,M,1,0,Common Stock,D,4,0001127602-17-013666,,https://www.sec.gov/Archives/edgar/data/1108524/000112760217013666/form4.xml
CRM,1108524,Marc Benioff,1294693,2017-03-30,2017-03-30,S,exercise and sell,10000,823224.00,82.3224,,0,34185300,,unknown,M,1,0,Common Stock,D,4,0001127602-17-013346,,https://www.sec.gov/Archives/edgar/data/1108524/000112760217013346/form4.xml
CRM,1108524,Marc Benioff,1294693,2017-03-30,2017-03-29,S,exercise and sell,10000,821407.00,82.1407,,0,34185300,0,unknown,M,1,0,Common Stock,D,4,0001127602-17-013346,,https://www.sec.gov/Archives/edgar/data/1108524/000112760217013346/form4.xml
CRM,1108524,Marc Benioff,1294693,2017-03-28,2017-03-28,S,exercise and sell,10000,819533.00,81.9533,,0,34185300,,unknown,M,1,0,Common Stock,D,4,0001127602-17-013104,,https://www.sec.gov/Archives/edgar/data/1108524/000112760217013104/form4.xml
CRM,1108524,Marc Benioff,1294693,2017-03-28,2017-03-27,S,exercise and sell,10000,814158.00,81.4158,,0,34185300,0,unknown,M,2,0,Common Stock,D,4,0001127602-17-013104,,https://www.sec.gov/Archives/edgar/data/1108524/000112760217013104/form4.xml
CRM,1108524,Marc Benioff,1294693,2017-03-24,2017-03-24,S,exercise and sell,10000,817561.00,81.7561,,0,34185300,0,unknown,M,1,0,Common Stock,D,4,0001127602-17-012920,,https://www.sec.gov/Archives/edgar/data/1108524/000112760217012920/form4.xml
CRM,1108524,Marc Benioff,1294693,2017-03-23,2017-03-23,S,exercise and sell,10000,818569.00,81.8569,,0,34185300,0,unknown,M,1,0,Common Stock,D,4,0001127602-17-012842,,https://www.sec.gov/Archives/edgar/data/1108524/000112760217012842/form4.xml
CRM,1108524,Marc Benioff,1294693,2017-03-22,2017-03-22,S,exercise and sell,10000,816449.00,81.6449,,0,34185300,0,unknown,M,1,0,Common Stock,D,4,0001127602-17-012698,,https://www.sec.gov/Archives/edgar/data/1108524/000112760217012698/form4.xml
CRM,1108524,Marc Benioff,1294693,2017-03-21,2017-03-21,S,exercise and sell,10000,820797.25,82.0797,,0,34185300,0,unknown,M,2,0,Common Stock,D,4,0001127602-17-012573,,https://www.sec.gov/Archives/edgar/data/1108524/000112760217012573/form4.xml
CRM,1108524,Marc Benioff,1294693,2017-03-20,2017-03-20,S,exercise and sell,10000,831887.00,83.1887,,0,34185300,,unknown,M,1,0,Common Stock,D,4,0001127602-17-012480,,https://www.sec.gov/Archives/edgar/data/1108524/000112760217012480/form4.xml
CRM,1108524,Marc Benioff,1294693,2017-03-20,2017-03-17,S,exercise and sell,10000,833777.00,83.3777,,0,34185300,0,unknown,M,1,0,Common Stock,D,4,0001127602-17-012480,,https://www.sec.gov/Archives/edgar/data/1108524/000112760217012480/form4.xml
CRM,1108524,Marc Benioff,1294693,2017-03-16,2017-03-16,S,exercise and sell,10000,835269.00,83.5269,,0,34185300,0,unknown,M,1,0,Common Stock,D,4,0001127602-17-012036,,https://www.sec.gov/Archives/edgar/data/1108524/000112760217012036/form4.xml
CRM,1108524,Marc Benioff,1294693,2017-03-15,2017-03-15,S,exercise and sell,10000,834323.00,83.4323,,0,34185300,0,unknown,M,1,0,Common Stock,D,4,0001127602-17-011837,,https://www.sec.gov/Archives/edgar/data/1108524/000112760217011837/form4.xml
CRM,1108524,Marc Benioff,1294693,2017-03-14,2017-03-14,S,exercise and sell,10000,831762.00,83.1762,,0,34185300,0,unknown,M,1,0,Common Stock,D,4,0001127602-17-011711,,https://www.sec.gov/Archives/edgar/data/1108524/000112760217011711/form4.xml
CRM,1108524,Marc Benioff,1294693,2017-03-13,2017-03-13,S,exercise and sell,10000,833981.00,83.3981,,0,34185300,0,unknown,M,1,0,Common Stock,D,4,0001127602-17-011486,,https://www.sec.gov/Archives/edgar/data/1108524/000112760217011486/form4.xml
CRM,1108524,Marc Benioff,1294693,2017-03-10,2017-03-10,S,exercise and sell,10000,835422.00,83.5422,,0,34185300,0,unknown,M,1,0,Common Stock,D,4,0001127602-17-011285,,https://www.sec.gov/Archives/edgar/data/1108524/000112760217011285/form4.xml
CRM,1108524,Marc Benioff,1294693,2017-03-09,2017-03-09,S,exercise and sell,10000,832790.00,83.2790,,0,34185300,,unknown,M,1,0,Common Stock,D,4,0001127602-17-011164,,https://www.sec.gov/Archives/edgar/data/1108524/000112760217011164/form4.xml
CRM,1108524,Marc Benioff,1294693,2017-03-09,2017-03-08,S,exercise and sell,10000,835032.00,83.5032,,0,34185300,0,unknown,M,1,0,Common Stock,D,4,0001127602-17-011164,,https://www.sec.gov/Archives/edgar/data/1108524/000112760217011164/form4.xml
CRM,1108524,Marc Benioff,1294693,2017-03-07,2017-03-07,S,exercise and sell,10000,832713.04,83.2713,,0,34185300,,unknown,M,2,0,Common Stock,D,4,0001127602-17-010723,,https://www.sec.gov/Archives/edgar/data/1108524/000112760217010723/form4.xml
CRM,1108524,Marc Benioff,1294693,2017-03-07,2017-03-06,S,exercise and sell,10000,822040.10,82.2040,,0,34185300,0,unknown,M,2,0,Common Stock,D,4,0001127602-17-010723,,https://www.sec.gov/Archives/edgar/data/1108524/000112760217010723/form4.xml
CRM,1108524,Marc Benioff,1294693,2017-03-03,2017-03-03,S,exercise and sell,10000,820957.00,82.0957,,0,34185300,,unknown,M,1,0,Common Stock,D,4,0001127602-17-010334,,https://www.sec.gov/Archives/edgar/data/1108524/000112760217010334/form4.xml
CRM,1108524,Marc Benioff,1294693,2017-03-03,2017-03-02,S,exercise and sell,10000,827234.50,82.7234,,0,34185300,0,unknown,M,2,0,Common Stock,D,4,0001127602-17-010334,,https://www.sec.gov/Archives/edgar/data/1108524/000112760217010334/form4.xml
CRM,1108524,Marc Benioff,1294693,2017-03-01,2017-03-01,S,exercise and sell,10000,833824.71,83.3825,,0,34185300,0,unknown,M,2,0,Common Stock,D,4,0001127602-17-009427,,https://www.sec.gov/Archives/edgar/data/1108524/000112760217009427/form4.xml
CRM,1108524,Marc Benioff,1294693,2017-02-28,2017-02-28,S,exercise and sell,10000,813485.00,81.3485,,0,34185300,,unknown,M,1,0,Common Stock,D,4,0001127602-17-009037,,https://www.sec.gov/Archives/edgar/data/1108524/000112760217009037/form4.xml
CRM,1108524,Marc Benioff,1294693,2017-02-28,2017-02-27,S,exercise and sell,10000,815019.00,81.5019,,0,34185300,0,unknown,M,1,0,Common Stock,D,4,0001127602-17-009037,,https://www.sec.gov/Archives/edgar/data/1108524/000112760217009037/form4.xml
CRM,1108524,Marc Benioff,1294693,2017-02-24,2017-02-24,S,exercise and sell,10000,814530.00,81.4530,,0,34185300,0,unknown,M,1,0,Common Stock,D,4,0001127602-17-008412,,https://www.sec.gov/Archives/edgar/data/1108524/000112760217008412/form4.xml
CRM,1108524,Marc Benioff,1294693,2017-02-23,2017-02-23,S,exercise and sell,10000,822491.92,82.2492,,0,34185300,0,unknown,M,2,0,Common Stock,D,4,0001127602-17-008067,,https://www.sec.gov/Archives/edgar/data/1108524/000112760217008067/form4.xml
CRM,1108524,Marc Benioff,1294693,2017-02-22,2017-02-22,S,exercise and sell,10000,820665.00,82.0665,,0,34185300,0,unknown,M,1,0,Common Stock,D,4,0001127602-17-007889,,https://www.sec.gov/Archives/edgar/data/1108524/000112760217007889/form4.xml
CRM,1108524,Marc Benioff,1294693,2017-02-21,2017-02-21,S,exercise and sell,10000,820024.00,82.0024,,0,34185300,0,unknown,M,1,0,Common Stock,D,4,0001127602-17-007537,,https://www.sec.gov/Archives/edgar/data/1108524/000112760217007537/form4.xml
CRM,1108524,Marc Benioff,1294693,2017-02-17,2017-02-17,S,exercise and sell,10000,811021.00,81.1021,,0,34185300,0,unknown,M,1,0,Common Stock,D,4,0001127602-17-007082,,https://www.sec.gov/Archives/edgar/data/1108524/000112760217007082/form4.xml
CRM,1108524,Marc Benioff,1294693,2017-02-16,2017-02-16,S,exercise and sell,10000,809838.30,80.9838,,0,34185300,,unknown,M,2,0,Common Stock,D,4,0001127602-17-006744,,https://www.sec.gov/Archives/edgar/data/1108524/000112760217006744/form4.xml
CRM,1108524,Marc Benioff,1294693,2017-02-16,2017-02-15,S,exercise and sell,10000,816332.88,81.6333,,0,34185300,0,unknown,M,2,0,Common Stock,D,4,0001127602-17-006744,,https://www.sec.gov/Archives/edgar/data/1108524/000112760217006744/form4.xml
CRM,1108524,Marc Benioff,1294693,2017-02-14,2017-02-14,S,exercise and sell,10000,809305.00,80.9305,,0,34185300,0,unknown,M,1,0,Common Stock,D,4,0001127602-17-006159,,https://www.sec.gov/Archives/edgar/data/1108524/000112760217006159/form4.xml
CRM,1108524,Marc Benioff,1294693,2017-02-13,2017-02-13,S,exercise and sell,10000,809124.00,80.9124,,0,34185300,,unknown,M,1,0,Common Stock,D,4,0001127602-17-005615,,https://www.sec.gov/Archives/edgar/data/1108524/000112760217005615/form4.xml
CRM,1108524,Marc Benioff,1294693,2017-02-13,2017-02-10,S,exercise and sell,10000,808481.06,80.8481,,0,34185300,0,unknown,M,2,0,Common Stock,D,4,0001127602-17-005615,,https://www.sec.gov/Archives/edgar/data/1108524/000112760217005615/form4.xml
CRM,1108524,Marc Benioff,1294693,2017-02-09,2017-02-09,S,exercise and sell,10000,813331.64,81.3332,,0,34185300,0,unknown,M,2,0,Common Stock,D,4,0001127602-17-004876,,https://www.sec.gov/Archives/edgar/data/1108524/000112760217004876/form4.xml
CRM,1108524,Marc Benioff,1294693,2017-02-08,2017-02-08,S,exercise and sell,10000,805300.28,80.5300,,0,34185300,0,unknown,M,2,0,Common Stock,D,4,0001127602-17-004681,,https://www.sec.gov/Archives/edgar/data/1108524/000112760217004681/form4.xml
CRM,1108524,Marc Benioff,1294693,2017-02-07,2017-02-07,S,exercise and sell,10000,800459.00,80.0459,,0,34185300,0,unknown,M,1,0,Common Stock,D,4,0001127602-17-004447,,https://www.sec.gov/Archives/edgar/data/1108524/000112760217004447/form4.xml
CRM,1108524,Marc Benioff,1294693,2017-02-06,2017-02-06,S,sale,10000,796803.00,79.6803,0.0292,39800,34185300,,unknown,M,1,0,Common Stock,D,4,0001127602-17-004205,,https://www.sec.gov/Archives/edgar/data/1108524/000112760217004205/form4.xml
CRM,1108524,Marc Benioff,1294693,2017-02-06,2017-02-03,S,sale,10000,802781.00,80.2781,,39800,34185300,39800,unknown,M,1,0,Common Stock,D,4,0001127602-17-004205,,https://www.sec.gov/Archives/edgar/data/1108524/000112760217004205/form4.xml
CRM,1108524,Marc Benioff,1294693,2017-02-02,2017-02-02,S,exercise and sell,10000,795350.26,79.5350,,0,34145500,,unknown,M,3,0,Common Stock,D,4,0001127602-17-003752,,https://www.sec.gov/Archives/edgar/data/1108524/000112760217003752/form4.xml
CRM,1108524,Marc Benioff,1294693,2017-02-02,2017-02-01,S,exercise and sell,10000,783322.58,78.3323,,0,34145500,0,unknown,M,2,0,Common Stock,D,4,0001127602-17-003752,,https://www.sec.gov/Archives/edgar/data/1108524/000112760217003752/form4.xml
CRM,1108524,Marc Benioff,1294693,2017-01-31,2017-01-31,S,exercise and sell,10000,787691.00,78.7691,,0,34145500,0,unknown,M,1,0,Common Stock,D,4,0001127602-17-003236,,https://www.sec.gov/Archives/edgar/data/1108524/000112760217003236/form4.xml
CRM,1108524,Marc Benioff,1294693,2017-01-30,2017-01-30,S,exercise and sell,10000,779651.78,77.9652,,0,34145500,0,unknown,M,2,0,Common Stock,D,4,0001127602-17-003001,,https://www.sec.gov/Archives/edgar/data/1108524/000112760217003001/form4.xml
CRM,1108524,Marc Benioff,1294693,2017-01-27,2017-01-27,S,exercise and sell,10000,781581.00,78.1581,,0,34145500,0,unknown,M,1,0,Common Stock,D,4,0001127602-17-002737,,https://www.sec.gov/Archives/edgar/data/1108524/000112760217002737/form4.xml
CRM,1108524,Marc Benioff,1294693,2017-01-26,2017-01-26,S,exercise and sell,10000,779297.92,77.9298,,0,34145500,0,unknown,M,2,0,Common Stock,D,4,0001127602-17-002526,,https://www.sec.gov/Archives/edgar/data/1108524/000112760217002526/form4.xml
CRM,1108524,Marc Benioff,1294693,2017-01-25,2017-01-25,S,exercise and sell,10000,781854.00,78.1854,,0,34145500,0,unknown,M,1,0,Common Stock,D,4,0001127602-17-002400,,https://www.sec.gov/Archives/edgar/data/1108524/000112760217002400/form4.xml
CRM,1108524,Marc Benioff,1294693,2017-01-24,2017-01-24,S,exercise and sell,10000,766549.14,76.6549,,0,34145500,,unknown,M,2,0,Common Stock,D,4,0001127602-17-002298,,https://www.sec.gov/Archives/edgar/data/1108524/000112760217002298/form4.xml
CRM,1108524,Marc Benioff,1294693,2017-01-24,2017-01-23,S,exercise and sell,10000,761710.40,76.1710,,0,34145500,0,unknown,M,2,0,Common Stock,D,4,0001127602-17-002298,,https://www.sec.gov/Archives/edgar/data/1108524/000112760217002298/form4.xml
CRM,1108524,Marc Benioff,1294693,2017-01-20,2017-01-20,S,exercise and sell,10000,758523.00,75.8523,,0,34145500,0,unknown,M,1,0,Common Stock,D,4,0001127602-17-002188,,https://www.sec.gov/Archives/edgar/data/1108524/000112760217002188/form4.xml
CRM,1108524,Marc Benioff,1294693,2017-01-19,2017-01-19,S,exercise and sell,10000,756020.00,75.6020,,0,34145500,0,unknown,M,1,0,Common Stock,D,4,0001127602-17-002118,,https://www.sec.gov/Archives/edgar/data/1108524/000112760217002118/form4.xml
CRM,1108524,Marc Benioff,1294693,2017-01-18,2017-01-18,S,exercise and sell,10000,756898.00,75.6898,,0,34145500,,unknown,M,1,0,Common Stock,D,4,0001127602-17-001971,,https://www.sec.gov/Archives/edgar/data/1108524/000112760217001971/form4.xml
CRM,1108524,Marc Benioff,1294693,2017-01-18,2017-01-17,S,exercise and sell,10000,749377.00,74.9377,,0,34145500,0,unknown,M,1,0,Common Stock,D,4,0001127602-17-001971,,https://www.sec.gov/Archives/edgar/data/1108524/000112760217001971/form4.xml
CRM,1108524,Marc Benioff,1294693,2017-01-13,2017-01-13,S,exercise and sell,10000,754203.00,75.4203,,0,34145500,,unknown,M,1,0,Common Stock,D,4,0001127602-17-001707,,https://www.sec.gov/Archives/edgar/data/1108524/000112760217001707/form4.xml
CRM,1108524,Marc Benioff,1294693,2017-01-13,2017-01-12,S,exercise and sell,10000,748821.66,74.8822,,0,34145500,0,unknown,M,2,0,Common Stock,D,4,0001127602-17-001707,,https://www.sec.gov/Archives/edgar/data/1108524/000112760217001707/form4.xml
CRM,1108524,Marc Benioff,1294693,2017-01-11,2017-01-11,S,exercise and sell,10000,755441.71,75.5442,,0,34145500,0,unknown,M,2,0,Common Stock,D,4,0001127602-17-001583,,https://www.sec.gov/Archives/edgar/data/1108524/000112760217001583/form4.xml
CRM,1108524,Marc Benioff,1294693,2017-01-10,2017-01-10,S,exercise and sell,10000,738792.00,73.8792,,0,34145500,,unknown,M,1,0,Common Stock,D,4,0001127602-17-001493,,https://www.sec.gov/Archives/edgar/data/1108524/000112760217001493/form4.xml
CRM,1108524,Marc Benioff,1294693,2017-01-10,2017-01-09,S,exercise and sell,10000,738545.00,73.8545,,0,34145500,,unknown,M,1,0,Common Stock,D,4,0001127602-17-001493,,https://www.sec.gov/Archives/edgar/data/1108524/000112760217001493/form4.xml
CRM,1108524,Marc Benioff,1294693,2017-01-10,2017-01-06,S,exercise and sell,10000,734071.00,73.4071,,0,34145500,0,unknown,M,2,0,Common Stock,D,4,0001127602-17-001493,,https://www.sec.gov/Archives/edgar/data/1108524/000112760217001493/form4.xml
CRM,1108524,Marc Benioff,1294693,2017-01-05,2017-01-05,S,exercise and sell,10000,731091.00,73.1091,,0,34145500,0,unknown,M,1,0,Common Stock,D,4,0001127602-17-001202,,https://www.sec.gov/Archives/edgar/data/1108524/000112760217001202/form4.xml
CRM,1108524,Marc Benioff,1294693,2017-01-04,2017-01-04,S,exercise and sell,10000,722346.00,72.2346,,0,34145500,,unknown,M,2,0,Common Stock,D,4,0001127602-17-000842,,https://www.sec.gov/Archives/edgar/data/1108524/000112760217000842/form4.xml
CRM,1108524,Marc Benioff,1294693,2017-01-04,2017-01-03,S,exercise and sell,10000,703070.38,70.3070,,0,34145500,0,unknown,M,2,0,Common Stock,D,4,0001127602-17-000842,,https://www.sec.gov/Archives/edgar/data/1108524/000112760217000842/form4.xml
CRM,1108524,Marc Benioff,1294693,2016-12-30,2016-12-30,S,sale,12500,857730.54,68.6184,0.0366,-12500,34145500,0,unknown,,2,0,Common Stock,D,4,0001127602-16-071088,,https://www.sec.gov/Archives/edgar/data/1108524/000112760216071088/form4.xml
CRM,1108524,Marc Benioff,1294693,2016-12-29,2016-12-29,S,sale,12500,865766.25,69.2613,0.0366,-12500,34158000,0,unknown,,1,0,Common Stock,D,4,0001127602-16-071053,,https://www.sec.gov/Archives/edgar/data/1108524/000112760216071053/form4.xml
CRM,1108524,Marc Benioff,1294693,2016-12-28,2016-12-28,S,sale,12500,866682.90,69.3346,0.0366,-37500,34170500,,unknown,,2,0,Common Stock,D,4,0001127602-16-070977,,https://www.sec.gov/Archives/edgar/data/1108524/000112760216070977/form4.xml
CRM,1108524,Marc Benioff,1294693,2016-12-28,2016-12-27,S,sale,12500,873978.75,69.9183,0.0366,-37500,34170500,,unknown,,1,0,Common Stock,D,4,0001127602-16-070977,,https://www.sec.gov/Archives/edgar/data/1108524/000112760216070977/form4.xml
CRM,1108524,Marc Benioff,1294693,2016-12-28,2016-12-23,S,sale,12500,872581.25,69.8065,0.0366,-37500,34170500,0,unknown,,1,0,Common Stock,D,4,0001127602-16-070977,,https://www.sec.gov/Archives/edgar/data/1108524/000112760216070977/form4.xml
CRM,1108524,Marc Benioff,1294693,2016-12-22,2016-12-22,S,sale,12500,872373.75,69.7899,0.0365,-12500,34208000,0,unknown,,1,0,Common Stock,D,4,0001127602-16-070856,,https://www.sec.gov/Archives/edgar/data/1108524/000112760216070856/form4.xml
CRM,1108524,Marc Benioff,1294693,2016-12-21,2016-12-21,S,sale,12500,873308.75,69.8647,,-64800,34220500,-52300,unknown,,1,0,Common Stock,D,4,0001127602-16-070732,,https://www.sec.gov/Archives/edgar/data/1108524/000112760216070732/form4.xml
CRM,1108524,Marc Benioff,1294693,2016-12-20,2016-12-20,S,sale,12500,869567.50,69.5654,0.0364,-122700,34285300,,unknown,,1,0,Common Stock,D,4,0001127602-16-070619,,https://www.sec.gov/Archives/edgar/data/1108524/000112760216070619/form4.xml
CRM,1108524,Marc Benioff,1294693,2016-12-20,2016-12-19,S,sale,12500,870321.25,69.6257,,-122700,34285300,175000,unknown,,1,0,Common Stock,D,4,0001127602-16-070619,,https://www.sec.gov/Archives/edgar/data/1108524/000112760216070619/form4.xml
CRM,1108524,Marc Benioff,1294693,2016-12-16,2016-12-16,S,sale,12500,874662.50,69.9730,0.0363,-12500,34408000,0,unknown,,1,0,Common Stock,D,4,0001127602-16-070317,,https://www.sec.gov/Archives/edgar/data/1108524/000112760216070317/form4.xml
CRM,1108524,Marc Benioff,1294693,2016-12-15,2016-12-15,S,sale,12500,884782.43,70.7826,0.0363,-12500,34420500,0,unknown,,2,0,Common Stock,D,4,0001127602-16-070176,,https://www.sec.gov/Archives/edgar/data/1108524/000112760216070176/form4.xml
CRM,1108524,Marc Benioff,1294693,2016-12-14,2016-12-14,S,sale,12500,893113.75,71.4491,0.0363,-12500,34433000,0,unknown,,1,0,Common Stock,D,4,0001127602-16-070058,,https://www.sec.gov/Archives/edgar/data/1108524/000112760216070058/form4.xml
CRM,1108524,Marc Benioff,1294693,2016-12-13,2016-12-13,S,sale,12500,895414.28,71.6331,0.0363,-12500,34445500,0,unknown,,2,0,Common Stock,D,4,0001127602-16-069955,,https://www.sec.gov/Archives/edgar/data/1108524/000112760216069955/form4.xml
CRM,1108524,Marc Benioff,1294693,2016-12-12,2016-12-12,S,sale,12500,875874.60,70.0700,0.0363,-25000,34458000,,unknown,,2,0,Common Stock,D,4,0001127602-16-069779,,https://www.sec.gov/Archives/edgar/data/1108524/000112760216069779/form4.xml
CRM,1108524,Marc Benioff,1294693,2016-12-12,2016-12-09,S,sale,12500,891830.07,71.3464,0.0363,-25000,34458000,0,unknown,,2,0,Common Stock,D,4,0001127602-16-069779,,https://www.sec.gov/Archives/edgar/data/1108524/000112760216069779/form4.xml
CRM,1108524,Marc Benioff,1294693,2016-12-08,2016-12-08,S,sale,12500,897401.25,71.7921,0.0362,-12500,34483000,0,unknown,,1,0,Common Stock,D,4,0001127602-16-069529,,https://www.sec.gov/Archives/edgar/data/1108524/000112760216069529/form4.xml
CRM,1108524,Marc Benioff,1294693,2016-12-07,2016-12-07,S,sale,12500,887453.79,70.9963,0.0362,-12500,34495500,0,unknown,,2,0,Common Stock,D,4,0001127602-16-069451,,https://www.sec.gov/Archives/edgar/data/1108524/000112760216069451/form4.xml
CRM,1108524,Marc Benioff,1294693,2016-12-06,2016-12-06,S,sale,12500,881616.25,70.5293,0.0362,-12500,34508000,0,unknown,,1,0,Common Stock,D,4,0001127602-16-069345,,https://www.sec.gov/Archives/edgar/data/1108524/000112760216069345/form4.xml
CRM,1108524,Marc Benioff,1294693,2016-12-05,2016-12-05,S,sale,12500,883328.82,70.6663,0.0362,-12500,34520500,0,unknown,,3,0,Common Stock,D,4,0001127602-16-069187,,https://www.sec.gov/Archives/edgar/data/1108524/000112760216069187/form4.xml
CRM,1108524,Marc Benioff,1294693,2016-12-02,2016-12-02,S,sale,12500,855341.79,68.4273,0.0362,-12500,34533000,0,unknown,,3,0,Common Stock,D,4,0001127602-16-069051,,https://www.sec.gov/Archives/edgar/data/1108524/000112760216069051/form4.xml
CRM,1108524,Marc Benioff,1294693,2016-12-01,2016-12-01,S,sale,12500,868894.37,69.5115,0.0362,-12500,34545500,0,unknown,,4,0,Common Stock,D,4,0001127602-16-068864,,https://www.sec.gov/Archives/edgar/data/1108524/000112760216068864/form4.xml
CRM,1108524,Marc Benioff,1294693,2016-11-30,2016-11-30,S,sale,12500,907592.97,72.6074,0.0362,-25000,34558000,,unknown,,2,0,Common Stock,D,4,0001127602-16-068726,,https://www.sec.gov/Archives/edgar/data/1108524/000112760216068726/form4.xml
CRM,1108524,Marc Benioff,1294693,2016-11-30,2016-11-29,S,sale,12500,910527.50,72.8422,0.0362,-25000,34558000,0,unknown,,1,0,Common Stock,D,4,0001127602-16-068726,,https://www.sec.gov/Archives/edgar/data/1108524/000112760216068726/form4.xml
CRM,1108524,Marc Benioff,1294693,2016-11-28,2016-11-28,S,sale,12500,912400.00,72.9920,0.0361,-25000,34583000,,unknown,,1,0,Common Stock,D,4,0001127602-16-068525,,https://www.sec.gov/Archives/edgar/data/1108524/000112760216068525/form4.xml
CRM,1108524,Marc Benioff,1294693,2016-11-28,2016-11-25,S,sale,12500,921905.00,73.7524,0.0361,-25000,34583000,0,unknown,,1,0,Common Stock,D,4,0001127602-16-068525,,https://www.sec.gov/Archives/edgar/data/1108524/000112760216068525/form4.xml
CRM,1108524,Marc Benioff,1294693,2016-11-23,2016-11-23,S,sale,12500,925686.03,74.0549,0.0361,-12500,34608000,0,unknown,,2,0,Common Stock,D,4,0001127602-16-068401,,https://www.sec.gov/Archives/edgar/data/1108524/000112760216068401/form4.xml
CRM,1108524,Marc Benioff,1294693,2016-11-22,2016-11-22,S,sale,12500,946714.56,75.7372,0.0361,-12500,34620500,0,unknown,,2,0,Common Stock,D,4,0001127602-16-068228,,https://www.sec.gov/Archives/edgar/data/1108524/000112760216068228/form4.xml
CRM,1108524,Marc Benioff,1294693,2016-11-21,2016-11-21,S,sale,12500,956126.44,76.4901,0.0361,-12500,34633000,0,unknown,,3,0,Common Stock,D,4,0001127602-16-067969,,https://www.sec.gov/Archives/edgar/data/1108524/000112760216067969/form4.xml
CRM,1108524,Marc Benioff,1294693,2016-11-18,2016-11-18,S,sale,12500,975926.00,78.0741,0.0361,-12500,34645500,0,unknown,,3,0,Common Stock,D,4,0001127602-16-067821,,https://www.sec.gov/Archives/edgar/data/1108524/000112760216067821/form4.xml
CRM,1108524,Marc Benioff,1294693,2016-11-17,2016-11-17,S,sale,12500,933205.69,74.6565,0.0361,-12500,34658000,0,unknown,,2,0,Common Stock,D,4,0001127602-16-067656,,https://www.sec.gov/Archives/edgar/data/1108524/000112760216067656/form4.xml
CRM,1108524,Marc Benioff,1294693,2016-11-16,2016-11-16,S,sale,12500,921001.09,73.6801,0.0360,-12500,34670500,0,unknown,,2,0,Common Stock,D,4,0001127602-16-067482,,https://www.sec.gov/Archives/edgar/data/1108524/000112760216067482/form4.xml
CRM,1108524,Marc Benioff,1294693,2016-11-15,2016-11-15,S,sale,12500,926825.00,74.1460,0.0360,-25000,34683000,,unknown,,1,0,Common Stock,D,4,0001127602-16-067281,,https://www.sec.gov/Archives/edgar/data/1108524/000112760216067281/form4.xml
CRM,1108524,Marc Benioff,1294693,2016-11-15,2016-11-14,S,sale,12500,915115.33,73.2092,0.0360,-25000,34683000,0,unknown,,3,0,Common Stock,D,4,0001127602-16-067281,,https://www.sec.gov/Archives/edgar/data/1108524/000112760216067281/form4.xml
CRM,1108524,Marc Benioff,1294693,2016-11-14,2016-11-11,S,sale,12500,930509.75,74.4408,0.0360,-25000,34708000,,unknown,,2,0,Common Stock,D,4,0001127602-16-067034,,https://www.sec.gov/Archives/edgar/data/1108524/000112760216067034/form4.xml
CRM,1108524,Marc Benioff,1294693,2016-11-14,2016-11-10,S,sale,12500,926400.88,74.1121,0.0360,-25000,34708000,0,unknown,,4,0,Common Stock,D,4,0001127602-16-067034,,https://www.sec.gov/Archives/edgar/data/1108524/000112760216067034/form4.xml
CRM,1108524,Marc Benioff,1294693,2016-11-09,2016-11-09,S,sale,12500,945062.92,75.6050,0.0360,-12500,34733000,0,unknown,,2,0,Common Stock,D,4,0001127602-16-066630,,https://www.sec.gov/Archives/edgar/data/1108524/000112760216066630/form4.xml
CRM,1108524,Marc Benioff,1294693,2016-11-08,2016-11-08,S,sale,12500,956962.50,76.5570,0.0360,-12500,34745500,0,unknown,,1,0,Common Stock,D,4,0001127602-16-066456,,https://www.sec.gov/Archives/edgar/data/1108524/000112760216066456/form4.xml
CRM,1108524,Marc Benioff,1294693,2016-11-07,2016-11-07,S,sale,12500,954801.15,76.3841,0.0360,-12500,34758000,0,unknown,,2,0,Common Stock,D,4,0001127602-16-066292,,https://www.sec.gov/Archives/edgar/data/1108524/000112760216066292/form4.xml
CRM,1108524,Marc Benioff,1294693,2016-11-04,2016-11-04,S,sale,12500,934233.75,74.7387,0.0359,-12500,34770500,0,unknown,,1,0,Common Stock,D,4,0001127602-16-066183,,https://www.sec.gov/Archives/edgar/data/1108524/000112760216066183/form4.xml
CRM,1108524,Marc Benioff,1294693,2016-11-03,2016-11-03,S,sale,12500,928404.08,74.2723,0.0359,-12500,34783000,0,unknown,,2,0,Common Stock,D,4,0001127602-16-066109,,https://www.sec.gov/Archives/edgar/data/1108524/000112760216066109/form4.xml
CRM,1108524,Marc Benioff,1294693,2016-11-02,2016-11-02,S,sale,12500,939653.75,75.1723,0.0359,-12500,34795500,0,unknown,,1,0,Common Stock,D,4,0001127602-16-065941,,https://www.sec.gov/Archives/edgar/data/1108524/000112760216065941/form4.xml
CRM,1108524,Marc Benioff,1294693,2016-11-01,2016-11-01,S,sale,12500,949562.55,75.9650,0.0359,-25000,34808000,,unknown,,2,0,Common Stock,D,4,0001127602-16-065787,,https://www.sec.gov/Archives/edgar/data/1108524/000112760216065787/form4.xml
CRM,1108524,Marc Benioff,1294693,2016-11-01,2016-10-31,S,sale,12500,940963.75,75.2771,0.0359,-25000,34808000,0,unknown,,1,0,Common Stock,D,4,0001127602-16-065787,,https://www.sec.gov/Archives/edgar/data/1108524/000112760216065787/form4.xml
CRM,1108524,Marc Benioff,1294693,2016-10-28,2016-10-28,S,sale,12500,940040.00,75.2032,0.0359,-12500,34833000,0,unknown,,1,0,Common Stock,D,4,0001127602-16-065490,,https://www.sec.gov/Archives/edgar/data/1108524/000112760216065490/form4.xml
CRM,1108524,Marc Benioff,1294693,2016-10-27,2016-10-27,S,sale,12500,939323.81,75.1459,0.0359,-12500,34845500,0,unknown,,2,0,Common Stock,D,4,0001127602-16-065442,,https://www.sec.gov/Archives/edgar/data/1108524/000112760216065442/form4.xml
CRM,1108524,Marc Benioff,1294693,2016-10-26,2016-10-26,S,sale,12500,940407.82,75.2326,0.0358,-12500,34858000,0,unknown,,2,0,Common Stock,D,4,0001127602-16-065318,,https://www.sec.gov/Archives/edgar/data/1108524/000112760216065318/form4.xml
CRM,1108524,Marc Benioff,1294693,2016-10-25,2016-10-25,S,sale,12500,935921.25,74.8737,0.0358,-12500,34870500,0,unknown,,1,0,Common Stock,D,4,0001127602-16-065242,,https://www.sec.gov/Archives/edgar/data/1108524/000112760216065242/form4.xml
CRM,1108524,Marc Benioff,1294693,2016-10-24,2016-10-24,S,sale,12500,936892.50,74.9514,0.0358,-37500,34883000,,unknown,,1,0,Common Stock,D,4,0001127602-16-065166,,https://www.sec.gov/Archives/edgar/data/1108524/000112760216065166/form4.xml
CRM,1108524,Marc Benioff,1294693,2016-10-24,2016-10-21,S,sale,12500,917453.05,73.3962,0.0358,-37500,34883000,,unknown,,2,0,Common Stock,D,4,0001127602-16-065166,,https://www.sec.gov/Archives/edgar/data/1108524/000112760216065166/form4.xml
CRM,1108524,Marc Benioff,1294693,2016-10-24,2016-10-20,S,sale,12500,907001.25,72.5601,0.0358,-37500,34883000,0,unknown,,1,0,Common Stock,D,4,0001127602-16-065166,,https://www.sec.gov/Archives/edgar/data/1108524/000112760216065166/form4.xml
CRM,1108524,Marc Benioff,1294693,2016-10-19,2016-10-19,S,sale,12500,909935.00,72.7948,0.0358,-12500,34920500,0,unknown,,1,0,Common Stock,D,4,0001127602-16-065027,,https://www.sec.gov/Archives/edgar/data/1108524/000112760216065027/form4.xml
CRM,1108524,Marc Benioff,1294693,2016-10-18,2016-10-18,S,sale,12500,912242.52,72.9794,,-12550,34933000,-50,unknown,,2,0,Common Stock,D,4,0001127602-16-064966,,https://www.sec.gov/Archives/edgar/data/1108524/000112760216064966/form4.xml
CRM,1108524,Marc Benioff,1294693,2016-10-17,2016-10-17,S,sale,12500,913800.99,73.1041,,-12450,34945550,50,unknown,,2,0,Common Stock,D,4,0001127602-16-064861,,https://www.sec.gov/Archives/edgar/data/1108524/000112760216064861/form4.xml
CRM,1108524,Marc Benioff,1294693,2016-10-14,2016-10-14,S,sale,12500,904046.99,72.3238,0.0357,-12500,34958000,0,unknown,,5,0,Common Stock,D,4,0001127602-16-064816,,https://www.sec.gov/Archives/edgar/data/1108524/000112760216064816/form4.xml
CRM,1108524,Marc Benioff,1294693,2016-10-13,2016-10-13,S,sale,12500,885878.75,70.8703,0.0357,-12500,34970500,0,unknown,,1,0,Common Stock,D,4,0001127602-16-064784,,https://www.sec.gov/Archives/edgar/data/1108524/000112760216064784/form4.xml
CRM,1108524,Marc Benioff,1294693,2016-10-12,2016-10-12,S,sale,12500,904137.50,72.3310,0.0357,-12500,34983000,0,unknown,,1,0,Common Stock,D,4,0001127602-16-064743,,https://www.sec.gov/Archives/edgar/data/1108524/000112760216064743/form4.xml
CRM,1108524,Marc Benioff,1294693,2016-10-11,2016-10-11,S,sale,12500,905477.41,72.4382,0.0357,-25000,34995500,,unknown,,2,0,Common Stock,D,4,0001127602-16-064665,,https://www.sec.gov/Archives/edgar/data/1108524/000112760216064665/form4.xml
CRM,1108524,Marc Benioff,1294693,2016-10-11,2016-10-10,S,sale,12500,938336.45,75.0669,0.0357,-25000,34995500,0,unknown,,2,0,Common Stock,D,4,0001127602-16-064665,,https://www.sec.gov/Archives/edgar/data/1108524/000112760216064665/form4.xml
CRM,1108524,Marc Benioff,1294693,2016-10-07,2016-10-07,S,exercise and sell,12500,887053.75,70.9643,,0,35020500,0,unknown,M,1,0,Common Stock,D,4,0001127602-16-064556,,https://www.sec.gov/Archives/edgar/data/1108524/000112760216064556/form4.xml
CRM,1108524,Marc Benioff,1294693,2016-10-06,2016-10-06,S,exercise and sell,12500,889598.23,71.1679,,0,35020500,0,unknown,M,2,0,Common Stock,D,4,0001127602-16-064463,,https://www.sec.gov/Archives/edgar/data/1108524/000112760216064463/form4.xml
CRM,1108524,Marc Benioff,1294693,2016-10-05,2016-10-05,S,exercise and sell,12500,847018.26,67.7615,,0,35020500,0,unknown,M,3,0,Common Stock,D,4,0001127602-16-064418,,https://www.sec.gov/Archives/edgar/data/1108524/000112760216064418/form4.xml
CRM,1108524,Marc Benioff,1294693,2016-10-04,2016-10-04,S,exercise and sell,12500,891254.57,71.3004,,0,35020500,,unknown,M,3,0,Common Stock,D,4,0001127602-16-064217,,https://www.sec.gov/Archives/edgar/data/1108524/000112760216064217/form4.xml
CRM,1108524,Marc Benioff,1294693,2016-10-04,2016-10-03,S,exercise and sell,12500,881168.39,70.4935,,0,35020500,0,unknown,M,2,0,Common Stock,D,4,0001127602-16-064217,,https://www.sec.gov/Archives/edgar/data/1108524/000112760216064217/form4.xml
CRM,1108524,Marc Benioff,1294693,2016-09-30,2016-09-30,S,exercise and sell,12500,893510.00,71.4808,,0,35020500,,unknown,M,1,0,Common Stock,D,4,0001127602-16-063584,,https://www.sec.gov/Archives/edgar/data/1108524/000112760216063584/form4.xml
CRM,1108524,Marc Benioff,1294693,2016-09-30,2016-09-29,S,exercise and sell,12500,894766.25,71.5813,,0,35020500,0,unknown,M,1,0,Common Stock,D,4,0001127602-16-063584,,https://www.sec.gov/Archives/edgar/data/1108524/000112760216063584/form4.xml
CRM,1108524,Marc Benioff,1294693,2016-09-29,2016-09-28,S,exercise and sell,12500,887947.35,71.0358,,0,35020500,0,unknown,M,2,0,Common Stock,D,4,0001127602-16-063435,,https://www.sec.gov/Archives/edgar/data/1108524/000112760216063435/form4.xml
CRM,1108524,Marc Benioff,1294693,2016-09-27,2016-09-27,S,exercise and sell,12500,876615.00,70.1292,,0,35020500,0,unknown,M,1,0,Common Stock,D,4,0001127602-16-063284,,https://www.sec.gov/Archives/edgar/data/1108524/000112760216063284/form4.xml
CRM,1108524,Marc Benioff,1294693,2016-09-26,2016-09-26,S,sale,12500,877603.75,70.2083,0.0357,-350000,35020500,,unknown,M,1,0,Common Stock,D,4,0001127602-16-063208,,https://www.sec.gov/Archives/edgar/data/1108524/000112760216063208/form4.xml
CRM,1108524,Marc Benioff,1294693,2016-09-26,2016-09-23,S,sale,12500,887743.25,71.0195,0.0357,-350000,35020500,,unknown,M,3,0,Common Stock,D,4,0001127602-16-063208,,https://www.sec.gov/Archives/edgar/data/1108524/000112760216063208/form4.xml
CRM,1108524,Marc Benioff,1294693,2016-09-26,2016-09-22,S,sale,12500,932633.75,74.6107,,-350000,35020500,-350000,unknown,M,1,0,Common Stock,D,4,0001127602-16-063208,,https://www.sec.gov/Archives/edgar/data/1108524/000112760216063208/form4.xml
CRM,1108524,Marc Benioff,1294693,2016-09-21,2016-09-21,S,exercise and sell,12500,917388.60,73.3911,,0,35370500,0,unknown,M,2,0,Common Stock,D,4,0001127602-16-063002,,https://www.sec.gov/Archives/edgar/data/1108524/000112760216063002/form4.xml
CRM,1108524,Marc Benioff,1294693,2016-09-20,2016-09-20,S,sale,12500,913497.16,73.0798,,350000,35370500,350000,unknown,M,2,0,Common Stock,D,4,0001127602-16-062941,,https://www.sec.gov/Archives/edgar/data/1108524/000112760216062941/form4.xml
CRM,1108524,Marc Benioff,1294693,2016-09-19,2016-09-19,S,sale,12500,915274.00,73.2219,0.0357,-350000,35020500,,unknown,M,2,0,Common Stock,D,4,0001127602-16-062852,,https://www.sec.gov/Archives/edgar/data/1108524/000112760216062852/form4.xml
CRM,1108524,Marc Benioff,1294693,2016-09-19,2016-09-16,S,sale,12500,918755.00,73.5004,0.0357,-350000,35020500,0,unknown,M,1,0,Common Stock,D,4,0001127602-16-062852,,https://www.sec.gov/Archives/edgar/data/1108524/000112760216062852/form4.xml
CRM,1108524,Marc Benioff,1294693,2016-09-15,2016-09-15,S,exercise and sell,12500,924655.00,73.9724,,0,35370500,0,unknown,M,1,0,Common Stock,D,4,0001127602-16-062572,,https://www.sec.gov/Archives/edgar/data/1108524/000112760216062572/form4.xml
CRM,1108524,Marc Benioff,1294693,2016-09-14,2016-09-14,S,exercise and sell,12500,923333.82,73.8667,,0,35370500,,unknown,M,2,0,Common Stock,D,4,0001127602-16-062534,,https://www.sec.gov/Archives/edgar/data/1108524/000112760216062534/form4.xml
CRM,1108524,Marc Benioff,1294693,2016-09-14,2016-09-13,S,exercise and sell,12500,915052.00,73.2042,,0,35370500,,unknown,M,2,0,Common Stock,D,4,0001127602-16-062534,,https://www.sec.gov/Archives/edgar/data/1108524/000112760216062534/form4.xml
CRM,1108524,Marc Benioff,1294693,2016-09-14,2016-09-12,S,exercise and sell,12500,929242.50,74.3394,,0,35370500,0,unknown,M,1,0,Common Stock,D,4,0001127602-16-062534,,https://www.sec.gov/Archives/edgar/data/1108524/000112760216062534/form4.xml
CRM,1108524,Marc Benioff,1294693,2016-09-09,2016-09-09,S,exercise and sell,12500,937113.42,74.9691,,0,35370500,0,unknown,M,2,0,Common Stock,D,4,0001127602-16-062346,,https://www.sec.gov/Archives/edgar/data/1108524/000112760216062346/form4.xml
CRM,1108524,Marc Benioff,1294693,2016-09-08,2016-09-08,S,exercise and sell,12500,932956.25,74.6365,,0,35370500,,unknown,M,1,0,Common Stock,D,4,0001127602-16-062295,,https://www.sec.gov/Archives/edgar/data/1108524/000112760216062295/form4.xml
CRM,1108524,Marc Benioff,1294693,2016-09-08,2016-09-07,S,exercise and sell,12500,937252.50,74.9802,,0,35370500,0,unknown,M,1,0,Common Stock,D,4,0001127602-16-062295,,https://www.sec.gov/Archives/edgar/data/1108524/000112760216062295/form4.xml
CRM,1108524,Marc Benioff,1294693,2016-09-06,2016-09-06,S,exercise and sell,12500,940681.25,75.2545,,0,35370500,,unknown,M,1,0,Common Stock,D,4,0001127602-16-061992,,https://www.sec.gov/Archives/edgar/data/1108524/000112760216061992/form4.xml
CRM,1108524,Marc Benioff,1294693,2016-09-06,2016-09-02,S,exercise and sell,12500,941955.45,75.3564,,0,35370500,0,unknown,M,2,0,Common Stock,D,4,0001127602-16-061992,,https://www.sec.gov/Archives/edgar/data/1108524/000112760216061992/form4.xml
CRM,1108524,Marc Benioff,1294693,2016-09-01,2016-09-01,S,exercise and sell,12500,940579.40,75.2464,,0,35370500,0,unknown,M,3,0,Common Stock,D,4,0001127602-16-061730,,https://www.sec.gov/Archives/edgar/data/1108524/000112760216061730/form4.xml
CRM,1108524,Marc Benioff,1294693,2016-08-31,2016-08-31,S,exercise and sell,12500,991856.25,79.3485,,0,35370500,0,unknown,M,1,0,Common Stock,D,4,0001127602-16-061622,,https://www.sec.gov/Archives/edgar/data/1108524/000112760216061622/form4.xml
CRM,1108524,Marc Benioff,1294693,2016-08-30,2016-08-30,S,exercise and sell,12500,995998.75,79.6799,,0,35370500,,unknown,M,1,0,Common Stock,D,4,0001127602-16-061532,,https://www.sec.gov/Archives/edgar/data/1108524/000112760216061532/form4.xml
CRM,1108524,Marc Benioff,1294693,2016-08-30,2016-08-29,S,exercise and sell,12500,999077.50,79.9262,,0,35370500,0,unknown,M,1,0,Common Stock,D,4,0001127602-16-061532,,https://www.sec.gov/Archives/edgar/data/1108524/000112760216061532/form4.xml
CRM,1108524,Marc Benioff,1294693,2016-08-26,2016-08-26,S,exercise and sell,12500,999426.90,79.9542,,0,35370500,0,unknown,M,2,0,Common Stock,D,4,0001127602-16-061281,,https://www.sec.gov/Archives/edgar/data/1108524/000112760216061281/form4.xml
CRM,1108524,Marc Benioff,1294693,2016-08-25,2016-08-25,S,exercise and sell,12500,995195.07,79.6156,,0,35370500,,unknown,M,2,0,Common Stock,D,4,0001127602-16-061179,,https://www.sec.gov/Archives/edgar/data/1108524/000112760216061179/form4.xml
CRM,1108524,Marc Benioff,1294693,2016-08-25,2016-08-24,S,exercise and sell,12500,976240.00,78.0992,,0,35370500,0,unknown,M,1,0,Common Stock,D,4,0001127602-16-061179,,https://www.sec.gov/Archives/edgar/data/1108524/000112760216061179/form4.xml
CRM,1108524,Marc Benioff,1294693,2016-08-23,2016-08-23,S,exercise and sell,12500,975145.00,78.0116,,0,35370500,0,unknown,M,1,0,Common Stock,D,4,0001127602-16-060992,,https://www.sec.gov/Archives/edgar/data/1108524/000112760216060992/form4.xml
CRM,1108524,Marc Benioff,1294693,2016-08-22,2016-08-22,S,exercise and sell,12500,965752.50,77.2602,,0,35370500,,unknown,M,1,0,Common Stock,D,4,0001127602-16-060890,,https://www.sec.gov/Archives/edgar/data/1108524/000112760216060890/form4.xml
CRM,1108524,Marc Benioff,1294693,2016-08-22,2016-08-19,S,exercise and sell,12500,965020.00,77.2016,,0,35370500,0,unknown,M,1,0,Common Stock,D,4,0001127602-16-060890,,https://www.sec.gov/Archives/edgar/data/1108524/000112760216060890/form4.xml
CRM,1108524,Marc Benioff,1294693,2016-08-18,2016-08-18,S,exercise and sell,12500,960126.25,76.8101,,0,35370500,0,unknown,M,1,0,Common Stock,D,4,0001127602-16-060674,,https://www.sec.gov/Archives/edgar/data/1108524/000112760216060674/form4.xml
CRM,1108524,Marc Benioff,1294693,2016-08-17,2016-08-17,S,exercise and sell,12500,954639.24,76.3711,,0,35370500,0,unknown,M,2,0,Common Stock,D,4,0001127602-16-060565,,https://www.sec.gov/Archives/edgar/data/1108524/000112760216060565/form4.xml
CRM,1108524,Marc Benioff,1294693,2016-08-16,2016-08-16,S,exercise and sell,12500,979038.75,78.3231,,0,35370500,0,unknown,M,1,0,Common Stock,D,4,0001127602-16-060432,,https://www.sec.gov/Archives/edgar/data/1108524/000112760216060432/form4.xml
CRM,1108524,Marc Benioff,1294693,2016-08-15,2016-08-15,S,exercise and sell,12500,987899.98,79.0320,,0,35370500,,unknown,M,2,0,Common Stock,D,4,0001127602-16-060262,,https://www.sec.gov/Archives/edgar/data/1108524/000112760216060262/form4.xml
CRM,1108524,Marc Benioff,1294693,2016-08-15,2016-08-12,S,exercise and sell,12500,1017625.87,81.4101,,0,35370500,0,unknown,M,2,0,Common Stock,D,4,0001127602-16-060262,,https://www.sec.gov/Archives/edgar/data/1108524/000112760216060262/form4.xml
CRM,1108524,Marc Benioff,1294693,2016-08-11,2016-08-11,S,exercise and sell,12500,1014985.00,81.1988,,0,35370500,0,unknown,M,2,0,Common Stock,D,4,0001127602-16-060116,,https://www.sec.gov/Archives/edgar/data/1108524/000112760216060116/form4.xml
CRM,1108524,Marc Benioff,1294693,2016-08-10,2016-08-10,S,exercise and sell,12500,1004487.25,80.3590,,0,35370500,0,unknown,M,2,0,Common Stock,D,4,0001127602-16-060045,,https://www.sec.gov/Archives/edgar/data/1108524/000112760216060045/form4.xml
CRM,1108524,Marc Benioff,1294693,2016-08-09,2016-08-09,S,exercise and sell,12500,1016440.00,81.3152,,0,35370500,0,unknown,M,1,0,Common Stock,D,4,0001127602-16-059954,,https://www.sec.gov/Archives/edgar/data/1108524/000112760216059954/form4.xml
CRM,1108524,Marc Benioff,1294693,2016-08-08,2016-08-08,S,exercise and sell,12500,1015691.25,81.2553,,0,35370500,0,unknown,M,1,0,Common Stock,D,4,0001127602-16-059778,,https://www.sec.gov/Archives/edgar/data/1108524/000112760216059778/form4.xml
CRM,1108524,Marc Benioff,1294693,2016-08-05,2016-08-05,S,exercise and sell,12500,1013517.50,81.0814,,0,35370500,0,unknown,M,1,0,Common Stock,D,4,0001127602-16-059649,,https://www.sec.gov/Archives/edgar/data/1108524/000112760216059649/form4.xml
CRM,1108524,Marc Benioff,1294693,2016-08-04,2016-08-04,S,exercise and sell,12500,1008397.50,80.6718,,0,35370500,0,unknown,M,1,0,Common Stock,D,4,0001127602-16-059545,,https://www.sec.gov/Archives/edgar/data/1108524/000112760216059545/form4.xml
CRM,1108524,Marc Benioff,1294693,2016-08-03,2016-08-03,S,exercise and sell,12500,1001833.75,80.1467,,0,35370500,0,unknown,M,1,0,Common Stock,D,4,0001127602-16-059432,,https://www.sec.gov/Archives/edgar/data/1108524/000112760216059432/form4.xml
CRM,1108524,Marc Benioff,1294693,2016-08-02,2016-08-02,S,exercise and sell,12500,1002321.64,80.1857,,0,35370500,0,unknown,M,2,0,Common Stock,D,4,0001127602-16-059334,,https://www.sec.gov/Archives/edgar/data/1108524/000112760216059334/form4.xml
CRM,1108524,Marc Benioff,1294693,2016-08-01,2016-08-01,S,exercise and sell,12500,1012061.49,80.9649,,0,35370500,,unknown,M,2,0,Common Stock,D,4,0001127602-16-059137,,https://www.sec.gov/Archives/edgar/data/1108524/000112760216059137/form4.xml
CRM,1108524,Marc Benioff,1294693,2016-08-01,2016-07-29,S,exercise and sell,12500,1020855.63,81.6685,,0,35370500,,unknown,M,2,0,Common Stock,D,4,0001127602-16-059137,,https://www.sec.gov/Archives/edgar/data/1108524/000112760216059137/form4.xml
CRM,1108524,Marc Benioff,1294693,2016-08-01,2016-07-28,S,exercise and sell,12500,1028746.25,82.2997,,0,35370500,0,unknown,M,1,0,Common Stock,D,4,0001127602-16-059137,,https://www.sec.gov/Archives/edgar/data/1108524/000112760216059137/form4.xml
CRM,1108524,Marc Benioff,1294693,2016-07-27,2016-07-27,S,exercise and sell,12500,1018275.00,81.4620,,0,35370500,0,unknown,M,1,0,Common Stock,D,4,0001127602-16-058771,,https://www.sec.gov/Archives/edgar/data/1108524/000112760216058771/form4.xml
CRM,1108524,Marc Benioff,1294693,2016-07-26,2016-07-26,S,exercise and sell,12500,1021570.00,81.7256,,0,35370500,0,unknown,M,1,0,Common Stock,D,4,0001127602-16-058668,,https://www.sec.gov/Archives/edgar/data/1108524/000112760216058668/form4.xml
CRM,1108524,Marc Benioff,1294693,2016-07-25,2016-07-25,S,exercise and sell,12500,1027137.50,82.1710,,0,35370500,0,unknown,M,1,0,Common Stock,D,4,0001127602-16-058568,,https://www.sec.gov/Archives/edgar/data/1108524/000112760216058568/form4.xml
CRM,1108524,Marc Benioff,1294693,2016-07-22,2016-07-22,S,exercise and sell,12500,1028306.90,82.2646,,0,35370500,0,unknown,M,2,0,Common Stock,D,4,0001127602-16-058457,,https://www.sec.gov/Archives/edgar/data/1108524/000112760216058457/form4.xml
CRM,1108524,Marc Benioff,1294693,2016-07-21,2016-07-21,S,exercise and sell,12500,1025721.98,82.0578,,0,35370500,0,unknown,M,2,0,Common Stock,D,4,0001127602-16-058401,,https://www.sec.gov/Archives/edgar/data/1108524/000112760216058401/form4.xml
CRM,1108524,Marc Benioff,1294693,2016-07-20,2016-07-20,S,exercise and sell,12500,1028751.30,82.3001,,0,35370500,0,unknown,M,2,0,Common Stock,D,4,0001127602-16-058334,,https://www.sec.gov/Archives/edgar/data/1108524/000112760216058334/form4.xml
CRM,1108524,Marc Benioff,1294693,2016-07-19,2016-07-19,S,exercise and sell,12500,1017333.75,81.3867,,0,35370500,0,unknown,M,1,0,Common Stock,D,4,0001127602-16-058305,,https://www.sec.gov/Archives/edgar/data/1108524/000112760216058305/form4.xml
CRM,1108524,Marc Benioff,1294693,2016-07-18,2016-07-18,S,exercise and sell,12500,1021860.00,81.7488,,0,35370500,0,unknown,M,1,0,Common Stock,D,4,0001127602-16-058169,,https://www.sec.gov/Archives/edgar/data/1108524/000112760216058169/form4.xml
CRM,1108524,Marc Benioff,1294693,2016-07-15,2016-07-15,S,exercise and sell,12500,1017580.00,81.4064,,0,35370500,0,unknown,M,1,0,Common Stock,D,4,0001127602-16-058069,,https://www.sec.gov/Archives/edgar/data/1108524/000112760216058069/form4.xml
CRM,1108524,Marc Benioff,1294693,2016-07-14,2016-07-14,S,exercise and sell,12500,1020925.00,81.6740,,0,35370500,0,unknown,M,1,0,Common Stock,D,4,0001127602-16-058016,,https://www.sec.gov/Archives/edgar/data/1108524/000112760216058016/form4.xml
CRM,1108524,Marc Benioff,1294693,2016-07-13,2016-07-13,S,exercise and sell,12500,1020532.16,81.6426,,0,35370500,0,unknown,M,2,0,Common Stock,D,4,0001127602-16-057976,,https://www.sec.gov/Archives/edgar/data/1108524/000112760216057976/form4.xml
CRM,1108524,Marc Benioff,1294693,2016-07-12,2016-07-12,S,exercise and sell,12500,1023999.65,81.9200,,0,35370500,0,unknown,M,2,0,Common Stock,D,4,0001127602-16-057959,,https://www.sec.gov/Archives/edgar/data/1108524/000112760216057959/form4.xml
CRM,1108524,Marc Benioff,1294693,2016-07-11,2016-07-11,S,exercise and sell,12500,1019660.00,81.5728,,0,35370500,0,unknown,M,1,0,Common Stock,D,4,0001127602-16-057850,,https://www.sec.gov/Archives/edgar/data/1108524/000112760216057850/form4.xml
CRM,1108524,Marc Benioff,1294693,2016-07-08,2016-07-08,S,exercise and sell,12500,1009325.87,80.7461,,0,35370500,,unknown,M,2,0,Common Stock,D,4,0001127602-16-057815,,https://www.sec.gov/Archives/edgar/data/1108524/000112760216057815/form4.xml
CRM,1108524,Marc Benioff,1294693,2016-07-08,2016-07-07,S,exercise and sell,12500,984570.00,78.7656,,0,35370500,,unknown,M,1,0,Common Stock,D,4,0001127602-16-057815,,https://www.sec.gov/Archives/edgar/data/1108524/000112760216057815/form4.xml
CRM,1108524,Marc Benioff,1294693,2016-07-08,2016-07-06,S,exercise and sell,12500,979471.25,78.3577,,0,35370500,,unknown,M,1,0,Common Stock,D,4,0001127602-16-057815,,https://www.sec.gov/Archives/edgar/data/1108524/000112760216057815/form4.xml
CRM,1108524,Marc Benioff,1294693,2016-07-08,2016-07-05,S,exercise and sell,12500,983953.75,78.7163,,0,35370500,0,unknown,M,1,0,Common Stock,D,4,0001127602-16-057815,,https://www.sec.gov/Archives/edgar/data/1108524/000112760216057815/form4.xml
CRM,1108524,Marc Benioff,1294693,2016-07-05,2016-07-01,S,exercise and sell,12500,999545.70,79.9637,,0,35370500,,unknown,M,2,0,Common Stock,D,4,0001127602-16-057405,,https://www.sec.gov/Archives/edgar/data/1108524/000112760216057405/form4.xml
CRM,1108524,Marc Benioff,1294693,2016-07-05,2016-06-30,S,exercise and sell,12500,993578.75,79.4863,,0,35370500,0,unknown,M,1,0,Common Stock,D,4,0001127602-16-057405,,https://www.sec.gov/Archives/edgar/data/1108524/000112760216057405/form4.xml
CRM,1108524,Marc Benioff,1294693,2016-06-29,2016-06-29,S,exercise and sell,12500,988726.78,79.0981,,0,35370500,,unknown,M,2,0,Common Stock,D,4,0001127602-16-056581,,https://www.sec.gov/Archives/edgar/data/1108524/000112760216056581/form4.xml
CRM,1108524,Marc Benioff,1294693,2016-06-29,2016-06-28,S,exercise and sell,12500,965208.32,77.2167,,0,35370500,0,unknown,M,2,0,Common Stock,D,4,0001127602-16-056581,,https://www.sec.gov/Archives/edgar/data/1108524/000112760216056581/form4.xml
CRM,1108524,Marc Benioff,1294693,2016-06-27,2016-06-27,S,exercise and sell,12500,952792.84,76.2234,,0,35370500,,unknown,M,2,0,Common Stock,D,4,0001127602-16-056401,,https://www.sec.gov/Archives/edgar/data/1108524/000112760216056401/form4.xml
CRM,1108524,Marc Benioff,1294693,2016-06-27,2016-06-24,S,exercise and sell,12500,990823.82,79.2659,,0,35370500,,unknown,M,2,0,Common Stock,D,4,0001127602-16-056401,,https://www.sec.gov/Archives/edgar/data/1108524/000112760216056401/form4.xml
CRM,1108524,Marc Benioff,1294693,2016-06-27,2016-06-23,S,exercise and sell,12500,1022282.59,81.7826,,0,35370500,0,unknown,M,2,0,Common Stock,D,4,0001127602-16-056401,,https://www.sec.gov/Archives/edgar/data/1108524/000112760216056401/form4.xml
CRM,1108524,Marc Benioff,1294693,2016-06-22,2016-06-22,S,exercise and sell,12500,1011706.37,80.9365,,0,35370500,,unknown,M,2,0,Common Stock,D,4,0001127602-16-056117,,https://www.sec.gov/Archives/edgar/data/1108524/000112760216056117/form4.xml
CRM,1108524,Marc Benioff,1294693,2016-06-22,2016-06-21,S,exercise and sell,12500,1019480.00,81.5584,,0,35370500,0,unknown,M,1,0,Common Stock,D,4,0001127602-16-056117,,https://www.sec.gov/Archives/edgar/data/1108524/000112760216056117/form4.xml
CRM,1108524,Marc Benioff,1294693,2016-06-20,2016-06-20,S,sale,12500,1022440.00,81.7952,0.0353,-42000,35370500,,unknown,M,1,0,Common Stock,D,4,0001127602-16-055926,,https://www.sec.gov/Archives/edgar/data/1108524/000112760216055926/form4.xml
CRM,1108524,Marc Benioff,1294693,2016-06-20,2016-06-17,S,sale,12500,1007061.74,80.5649,0.0353,-42000,35370500,0,unknown,M,2,0,Common Stock,D,4,0001127602-16-055926,,https://www.sec.gov/Archives/edgar/data/1108524/000112760216055926/form4.xml
CRM,1108524,Marc Benioff,1294693,2016-06-20,2016-06-16,S,exercise and sell,12500,1013566.25,81.0853,,0,35412500,0,unknown,M,1,0,Common Stock,D,4,0001127602-16-055926,,https://www.sec.gov/Archives/edgar/data/1108524/000112760216055926/form4.xml
CRM,1108524,Marc Benioff,1294693,2016-06-15,2016-06-15,S,exercise and sell,12500,1027628.75,82.2103,,0,35412500,,unknown,M,1,0,Common Stock,D,4,0001127602-16-055600,,https://www.sec.gov/Archives/edgar/data/1108524/000112760216055600/form4.xml
CRM,1108524,Marc Benioff,1294693,2016-06-15,2016-06-14,S,exercise and sell,12500,1014058.75,81.1247,,0,35412500,,unknown,M,1,0,Common Stock,D,4,0001127602-16-055600,,https://www.sec.gov/Archives/edgar/data/1108524/000112760216055600/form4.xml
CRM,1108524,Marc Benioff,1294693,2016-06-15,2016-06-13,S,exercise and sell,12500,1024431.51,81.9545,,0,35412500,0,unknown,M,2,0,Common Stock,D,4,0001127602-16-055600,,https://www.sec.gov/Archives/edgar/data/1108524/000112760216055600/form4.xml
CRM,1108524,Marc Benioff,1294693,2016-06-10,2016-06-10,S,exercise and sell,12500,1025710.00,82.0568,,0,35412500,,unknown,M,1,0,Common Stock,D,4,0001127602-16-055363,,https://www.sec.gov/Archives/edgar/data/1108524/000112760216055363/form4.xml
CRM,1108524,Marc Benioff,1294693,2016-06-10,2016-06-09,S,exercise and sell,12500,1035816.25,82.8653,,0,35412500,0,unknown,M,1,0,Common Stock,D,4,0001127602-16-055363,,https://www.sec.gov/Archives/edgar/data/1108524/000112760216055363/form4.xml
CRM,1108524,Marc Benioff,1294693,2016-06-08,2016-06-08,S,exercise and sell,12500,1041353.75,83.3083,,0,35412500,,unknown,M,1,0,Common Stock,D,4,0001127602-16-055088,,https://www.sec.gov/Archives/edgar/data/1108524/000112760216055088/form4.xml
CRM,1108524,Marc Benioff,1294693,2016-06-08,2016-06-07,S,exercise and sell,12500,1038382.50,83.0706,,0,35412500,,unknown,M,1,0,Common Stock,D,4,0001127602-16-055088,,https://www.sec.gov/Archives/edgar/data/1108524/000112760216055088/form4.xml
CRM,1108524,Marc Benioff,1294693,2016-06-08,2016-06-06,S,exercise and sell,12500,1037240.00,82.9792,,0,35412500,0,unknown,M,1,0,Common Stock,D,4,0001127602-16-055088,,https://www.sec.gov/Archives/edgar/data/1108524/000112760216055088/form4.xml
CRM,1108524,Marc Benioff,1294693,2016-06-03,2016-06-03,S,exercise and sell,12500,1031735.00,82.5388,,0,35412500,,unknown,M,1,0,Common Stock,D,4,0001127602-16-054775,,https://www.sec.gov/Archives/edgar/data/1108524/000112760216054775/form4.xml
CRM,1108524,Marc Benioff,1294693,2016-06-03,2016-06-02,S,exercise and sell,12500,1037365.00,82.9892,,0,35412500,0,unknown,M,1,0,Common Stock,D,4,0001127602-16-054775,,https://www.sec.gov/Archives/edgar/data/1108524/000112760216054775/form4.xml
CRM,1108524,Marc Benioff,1294693,2016-06-01,2016-06-01,S,exercise and sell,12500,1042926.78,83.4341,,0,35412500,,unknown,M,2,0,Common Stock,D,4,0001127602-16-054283,,https://www.sec.gov/Archives/edgar/data/1108524/000112760216054283/form4.xml
CRM,1108524,Marc Benioff,1294693,2016-06-01,2016-05-31,S,exercise and sell,12500,1044177.50,83.5342,,0,35412500,0,unknown,M,1,0,Common Stock,D,4,0001127602-16-054283,,https://www.sec.gov/Archives/edgar/data/1108524/000112760216054283/form4.xml
CRM,1108524,Marc Benioff,1294693,2016-05-27,2016-05-27,S,exercise and sell,12500,1043282.50,83.4626,,0,35412500,,unknown,M,1,0,Common Stock,D,4,0001127602-16-053859,,https://www.sec.gov/Archives/edgar/data/1108524/000112760216053859/form4.xml
CRM,1108524,Marc Benioff,1294693,2016-05-27,2016-05-26,S,exercise and sell,12500,1047351.71,83.7881,,0,35412500,0,unknown,M,2,0,Common Stock,D,4,0001127602-16-053859,,https://www.sec.gov/Archives/edgar/data/1108524/000112760216053859/form4.xml
CRM,1108524,Marc Benioff,1294693,2016-05-25,2016-05-25,S,exercise and sell,12500,1042002.68,83.3602,,0,35412500,,unknown,M,2,0,Common Stock,D,4,0001127602-16-053457,,https://www.sec.gov/Archives/edgar/data/1108524/000112760216053457/form4.xml
CRM,1108524,Marc Benioff,1294693,2016-05-25,2016-05-24,S,exercise and sell,12500,1035529.30,82.8423,,0,35412500,,unknown,M,2,0,Common Stock,D,4,0001127602-16-053457,,https://www.sec.gov/Archives/edgar/data/1108524/000112760216053457/form4.xml
CRM,1108524,Marc Benioff,1294693,2016-05-25,2016-05-23,S,exercise and sell,12500,1021518.65,81.7215,,0,35412500,0,unknown,M,2,0,Common Stock,D,4,0001127602-16-053457,,https://www.sec.gov/Archives/edgar/data/1108524/000112760216053457/form4.xml
CRM,1108524,Marc Benioff,1294693,2016-05-23,2016-05-20,S,exercise and sell,12500,1016265.00,81.3012,,0,35412500,,unknown,M,1,0,Common Stock,D,4,0001127602-16-053164,,https://www.sec.gov/Archives/edgar/data/1108524/000112760216053164/form4.xml
CRM,1108524,Marc Benioff,1294693,2016-05-23,2016-05-19,S,exercise and sell,12500,1014410.43,81.1528,,0,35412500,0,unknown,M,2,0,Common Stock,D,4,0001127602-16-053164,,https://www.sec.gov/Archives/edgar/data/1108524/000112760216053164/form4.xml
CRM,1108524,Marc Benioff,1294693,2016-05-18,2016-05-18,S,exercise and sell,12500,970837.27,77.6670,,0,35412500,,unknown,M,2,0,Common Stock,D,4,0001127602-16-052737,,https://www.sec.gov/Archives/edgar/data/1108524/000112760216052737/form4.xml
CRM,1108524,Marc Benioff,1294693,2016-05-18,2016-05-17,S,exercise and sell,12500,962386.25,76.9909,,0,35412500,,unknown,M,1,0,Common Stock,D,4,0001127602-16-052737,,https://www.sec.gov/Archives/edgar/data/1108524/000112760216052737/form4.xml
CRM,1108524,Marc Benioff,1294693,2016-05-18,2016-05-16,S,exercise and sell,12500,961320.70,76.9057,,0,35412500,0,unknown,M,2,0,Common Stock,D,4,0001127602-16-052737,,https://www.sec.gov/Archives/edgar/data/1108524/000112760216052737/form4.xml
CRM,1108524,Marc Benioff,1294693,2016-05-16,2016-05-13,S,exercise and sell,12500,957571.39,76.6057,,0,35412500,,unknown,M,2,0,Common Stock,D,4,0001127602-16-052375,,https://www.sec.gov/Archives/edgar/data/1108524/000112760216052375/form4.xml
CRM,1108524,Marc Benioff,1294693,2016-05-16,2016-05-12,S,exercise and sell,12500,949194.55,75.9356,,0,35412500,0,unknown,M,2,0,Common Stock,D,4,0001127602-16-052375,,https://www.sec.gov/Archives/edgar/data/1108524/000112760216052375/form4.xml
CRM,1108524,Marc Benioff,1294693,2016-05-13,2016-05-11,S,exercise and sell,12500,953305.89,76.2645,,0,35412500,,unknown,M,2,0,Common Stock,D,4,0001127602-16-052214,,https://www.sec.gov/Archives/edgar/data/1108524/000112760216052214/form4.xml
CRM,1108524,Marc Benioff,1294693,2016-05-13,2016-05-10,S,exercise and sell,12500,946395.00,75.7116,,0,35412500,0,unknown,M,1,0,Common Stock,D,4,0001127602-16-052214,,https://www.sec.gov/Archives/edgar/data/1108524/000112760216052214/form4.xml
CRM,1108524,Marc Benioff,1294693,2016-05-09,2016-05-09,S,exercise and sell,12500,934983.75,74.7987,,0,35412500,,unknown,M,1,0,Common Stock,D,4,0001127602-16-051568,,https://www.sec.gov/Archives/edgar/data/1108524/000112760216051568/form4.xml
CRM,1108524,Marc Benioff,1294693,2016-05-09,2016-05-06,S,exercise and sell,12500,921655.62,73.7324,,0,35412500,,unknown,M,2,0,Common Stock,D,4,0001127602-16-051568,,https://www.sec.gov/Archives/edgar/data/1108524/000112760216051568/form4.xml
CRM,1108524,Marc Benioff,1294693,2016-05-09,2016-05-05,S,exercise and sell,12500,925861.25,74.0689,,0,35412500,0,unknown,M,1,0,Common Stock,D,4,0001127602-16-051568,,https://www.sec.gov/Archives/edgar/data/1108524/000112760216051568/form4.xml
CRM,1108524,Marc Benioff,1294693,2016-05-04,2016-05-04,S,exercise and sell,12500,924885.00,73.9908,,0,35412500,,unknown,M,1,0,Common Stock,D,4,0001127602-16-051180,,https://www.sec.gov/Archives/edgar/data/1108524/000112760216051180/form4.xml
CRM,1108524,Marc Benioff,1294693,2016-05-04,2016-05-03,S,exercise and sell,12500,939034.04,75.1227,,0,35412500,,unknown,M,3,0,Common Stock,D,4,0001127602-16-051180,,https://www.sec.gov/Archives/edgar/data/1108524/000112760216051180/form4.xml
CRM,1108524,Marc Benioff,1294693,2016-05-04,2016-05-02,S,exercise and sell,12500,959468.85,76.7575,,0,35412500,0,unknown,M,2,0,Common Stock,D,4,0001127602-16-051180,,https://www.sec.gov/Archives/edgar/data/1108524/000112760216051180/form4.xml
CRM,1108524,Marc Benioff,1294693,2016-04-29,2016-04-29,S,sale,12500,942133.86,75.3707,0.0353,-37500,35412500,,unknown,,2,0,Common Stock,D,4,0001127602-16-050331,,https://www.sec.gov/Archives/edgar/data/1108524/000112760216050331/form4.xml
CRM,1108524,Marc Benioff,1294693,2016-04-29,2016-04-28,S,sale,12500,948519.80,75.8816,0.0353,-37500,35412500,,unknown,,2,0,Common Stock,D,4,0001127602-16-050331,,https://www.sec.gov/Archives/edgar/data/1108524/000112760216050331/form4.xml
CRM,1108524,Marc Benioff,1294693,2016-04-29,2016-04-27,S,sale,12500,943011.17,75.4409,0.0353,-37500,35412500,0,unknown,,2,0,Common Stock,D,4,0001127602-16-050331,,https://www.sec.gov/Archives/edgar/data/1108524/000112760216050331/form4.xml
CRM,1108524,Marc Benioff,1294693,2016-04-26,2016-04-26,S,sale,12500,951690.00,76.1352,0.0352,-25000,35450000,,unknown,,1,0,Common Stock,D,4,0001127602-16-049943,,https://www.sec.gov/Archives/edgar/data/1108524/000112760216049943/form4.xml
CRM,1108524,Marc Benioff,1294693,2016-04-26,2016-04-25,S,sale,12500,952997.50,76.2398,0.0352,-25000,35450000,0,unknown,,1,0,Common Stock,D,4,0001127602-16-049943,,https://www.sec.gov/Archives/edgar/data/1108524/000112760216049943/form4.xml
CRM,1108524,Marc Benioff,1294693,2016-04-25,2016-04-22,S,sale,12500,952968.46,76.2375,0.0352,-25000,35475000,,unknown,,2,0,Common Stock,D,4,0001127602-16-049865,,https://www.sec.gov/Archives/edgar/data/1108524/000112760216049865/form4.xml
CRM,1108524,Marc Benioff,1294693,2016-04-25,2016-04-21,S,sale,12500,965275.51,77.2220,0.0352,-25000,35475000,0,unknown,,2,0,Common Stock,D,4,0001127602-16-049865,,https://www.sec.gov/Archives/edgar/data/1108524/000112760216049865/form4.xml
CRM,1108524,Marc Benioff,1294693,2016-04-20,2016-04-20,S,sale,12500,953477.50,76.2782,0.0352,-37500,35500000,,unknown,,1,0,Common Stock,D,4,0001127602-16-049619,,https://www.sec.gov/Archives/edgar/data/1108524/000112760216049619/form4.xml
CRM,1108524,Marc Benioff,1294693,2016-04-20,2016-04-19,S,sale,12500,953889.05,76.3111,0.0352,-37500,35500000,,unknown,,2,0,Common Stock,D,4,0001127602-16-049619,,https://www.sec.gov/Archives/edgar/data/1108524/000112760216049619/form4.xml
CRM,1108524,Marc Benioff,1294693,2016-04-20,2016-04-18,S,sale,12500,961167.06,76.8934,0.0352,-37500,35500000,0,unknown,,2,0,Common Stock,D,4,0001127602-16-049619,,https://www.sec.gov/Archives/edgar/data/1108524/000112760216049619/form4.xml
CRM,1108524,Marc Benioff,1294693,2016-04-18,2016-04-15,S,sale,12500,952286.25,76.1829,0.0352,-25000,35537500,,unknown,,1,0,Common Stock,D,4,0001127602-16-049362,,https://www.sec.gov/Archives/edgar/data/1108524/000112760216049362/form4.xml
CRM,1108524,Marc Benioff,1294693,2016-04-18,2016-04-14,S,sale,12500,951146.25,76.0917,0.0352,-25000,35537500,0,unknown,,1,0,Common Stock,D,4,0001127602-16-049362,,https://www.sec.gov/Archives/edgar/data/1108524/000112760216049362/form4.xml
CRM,1108524,Marc Benioff,1294693,2016-04-13,2016-04-13,S,sale,12500,944938.58,75.5951,0.0351,-37500,35562500,,unknown,,2,0,Common Stock,D,4,0001127602-16-049203,,https://www.sec.gov/Archives/edgar/data/1108524/000112760216049203/form4.xml
CRM,1108524,Marc Benioff,1294693,2016-04-13,2016-04-12,S,sale,12500,926173.96,74.0939,0.0351,-37500,35562500,,unknown,,2,0,Common Stock,D,4,0001127602-16-049203,,https://www.sec.gov/Archives/edgar/data/1108524/000112760216049203/form4.xml
CRM,1108524,Marc Benioff,1294693,2016-04-13,2016-04-11,S,sale,12500,933072.89,74.6458,0.0351,-37500,35562500,0,unknown,,2,0,Common Stock,D,4,0001127602-16-049203,,https://www.sec.gov/Archives/edgar/data/1108524/000112760216049203/form4.xml
CRM,1108524,Marc Benioff,1294693,2016-04-08,2016-04-08,S,sale,12500,936419.01,74.9135,0.0351,-25000,35600000,,unknown,,2,0,Common Stock,D,4,0001127602-16-049090,,https://www.sec.gov/Archives/edgar/data/1108524/000112760216049090/form4.xml
CRM,1108524,Marc Benioff,1294693,2016-04-08,2016-04-07,S,sale,12500,938603.75,75.0883,0.0351,-25000,35600000,0,unknown,,1,0,Common Stock,D,4,0001127602-16-049090,,https://www.sec.gov/Archives/edgar/data/1108524/000112760216049090/form4.xml
CRM,1108524,Marc Benioff,1294693,2016-04-06,2016-04-06,S,sale,12500,940875.00,75.2700,0.0351,-37500,35625000,,unknown,,2,0,Common Stock,D,4,0001127602-16-048981,,https://www.sec.gov/Archives/edgar/data/1108524/000112760216048981/form4.xml
CRM,1108524,Marc Benioff,1294693,2016-04-06,2016-04-05,S,sale,12500,935586.80,74.8469,0.0351,-37500,35625000,,unknown,,2,0,Common Stock,D,4,0001127602-16-048981,,https://www.sec.gov/Archives/edgar/data/1108524/000112760216048981/form4.xml
CRM,1108524,Marc Benioff,1294693,2016-04-06,2016-04-04,S,sale,12500,947930.00,75.8344,0.0351,-37500,35625000,0,unknown,,1,0,Common Stock,D,4,0001127602-16-048981,,https://www.sec.gov/Archives/edgar/data/1108524/000112760216048981/form4.xml
CRM,1108524,Marc Benioff,1294693,2016-04-04,2016-04-01,S,sale,12500,936286.80,74.9029,0.0350,-25000,35662500,,unknown,,3,0,Common Stock,D,4,0001127602-16-048654,,https://www.sec.gov/Archives/edgar/data/1108524/000112760216048654/form4.xml
CRM,1108524,Marc Benioff,1294693,2016-04-04,2016-03-31,S,sale,12500,923886.25,73.9109,0.0350,-25000,35662500,0,unknown,,1,0,Common Stock,D,4,0001127602-16-048654,,https://www.sec.gov/Archives/edgar/data/1108524/000112760216048654/form4.xml
CRM,1108524,Marc Benioff,1294693,2016-03-30,2016-03-30,S,sale,12500,925254.56,74.0204,0.0350,-25000,35687500,,unknown,,2,0,Common Stock,D,4,0001127602-16-047869,,https://www.sec.gov/Archives/edgar/data/1108524/000112760216047869/form4.xml
CRM,1108524,Marc Benioff,1294693,2016-03-30,2016-03-29,S,sale,12500,898164.65,71.8532,0.0350,-25000,35687500,0,unknown,,2,0,Common Stock,D,4,0001127602-16-047869,,https://www.sec.gov/Archives/edgar/data/1108524/000112760216047869/form4.xml
CRM,1108524,Marc Benioff,1294693,2016-03-28,2016-03-28,S,sale,12500,899770.00,71.9816,0.0350,-25000,35712500,,unknown,,1,0,Common Stock,D,4,0001127602-16-047694,,https://www.sec.gov/Archives/edgar/data/1108524/000112760216047694/form4.xml
CRM,1108524,Marc Benioff,1294693,2016-03-28,2016-03-24,S,sale,12500,899819.25,71.9855,0.0350,-25000,35712500,0,unknown,,2,0,Common Stock,D,4,0001127602-16-047694,,https://www.sec.gov/Archives/edgar/data/1108524/000112760216047694/form4.xml
CRM,1108524,Marc Benioff,1294693,2016-03-23,2016-03-23,S,sale,12500,900396.72,72.0317,0.0350,-37500,35737500,,unknown,,2,0,Common Stock,D,4,0001127602-16-047386,,https://www.sec.gov/Archives/edgar/data/1108524/000112760216047386/form4.xml
CRM,1108524,Marc Benioff,1294693,2016-03-23,2016-03-22,S,sale,12500,910791.50,72.8633,0.0350,-37500,35737500,,unknown,,2,0,Common Stock,D,4,0001127602-16-047386,,https://www.sec.gov/Archives/edgar/data/1108524/000112760216047386/form4.xml
CRM,1108524,Marc Benioff,1294693,2016-03-23,2016-03-21,S,sale,12500,902953.75,72.2363,0.0350,-37500,35737500,0,unknown,,1,0,Common Stock,D,4,0001127602-16-047386,,https://www.sec.gov/Archives/edgar/data/1108524/000112760216047386/form4.xml
CRM,1108524,Marc Benioff,1294693,2016-03-21,2016-03-18,S,sale,12500,910183.03,72.8146,0.0349,-25000,35775000,,unknown,,2,0,Common Stock,D,4,0001127602-16-047060,,https://www.sec.gov/Archives/edgar/data/1108524/000112760216047060/form4.xml
CRM,1108524,Marc Benioff,1294693,2016-03-21,2016-03-17,S,sale,12500,907709.16,72.6167,0.0349,-25000,35775000,0,unknown,,2,0,Common Stock,D,4,0001127602-16-047060,,https://www.sec.gov/Archives/edgar/data/1108524/000112760216047060/form4.xml
CRM,1108524,Marc Benioff,1294693,2016-03-16,2016-03-16,S,sale,12500,902305.98,72.1845,0.0349,-37500,35800000,,unknown,,2,0,Common Stock,D,4,0001127602-16-046615,,https://www.sec.gov/Archives/edgar/data/1108524/000112760216046615/form4.xml
CRM,1108524,Marc Benioff,1294693,2016-03-16,2016-03-15,S,sale,12500,896505.32,71.7204,0.0349,-37500,35800000,,unknown,,2,0,Common Stock,D,4,0001127602-16-046615,,https://www.sec.gov/Archives/edgar/data/1108524/000112760216046615/form4.xml
CRM,1108524,Marc Benioff,1294693,2016-03-16,2016-03-14,S,sale,12500,901095.78,72.0877,0.0349,-37500,35800000,0,unknown,,2,0,Common Stock,D,4,0001127602-16-046615,,https://www.sec.gov/Archives/edgar/data/1108524/000112760216046615/form4.xml
CRM,1108524,Marc Benioff,1294693,2016-03-11,2016-03-11,S,sale,12500,893632.50,71.4906,0.0349,-300000,35837500,0,unknown,,1,0,Common Stock,D,4,0001127602-16-046174,,https://www.sec.gov/Archives/edgar/data/1108524/000112760216046174/form4.xml
CRM,1108524,Marc Benioff,1294693,2016-03-11,2016-03-10,S,sale,12500,887482.55,70.9986,0.0346,-25000,36137500,0,unknown,,3,0,Common Stock,D,4,0001127602-16-046174,,https://www.sec.gov/Archives/edgar/data/1108524/000112760216046174/form4.xml
CRM,1108524,Marc Benioff,1294693,2016-03-09,2016-03-09,S,sale,12500,883722.03,70.6978,0.0346,-25000,36162500,,unknown,,2,0,Common Stock,D,4,0001127602-16-045850,,https://www.sec.gov/Archives/edgar/data/1108524/000112760216045850/form4.xml
CRM,1108524,Marc Benioff,1294693,2016-03-09,2016-03-08,S,sale,12500,876750.65,70.1401,0.0346,-25000,36162500,0,unknown,,2,0,Common Stock,D,4,0001127602-16-045850,,https://www.sec.gov/Archives/edgar/data/1108524/000112760216045850/form4.xml
CRM,1108524,Marc Benioff,1294693,2016-03-07,2016-03-07,S,sale,12500,876146.01,70.0917,0.0345,-37500,36187500,,unknown,,2,0,Common Stock,D,4,0001127602-16-045348,,https://www.sec.gov/Archives/edgar/data/1108524/000112760216045348/form4.xml
CRM,1108524,Marc Benioff,1294693,2016-03-07,2016-03-04,S,sale,12500,890772.64,71.2618,0.0345,-37500,36187500,,unknown,,2,0,Common Stock,D,4,0001127602-16-045348,,https://www.sec.gov/Archives/edgar/data/1108524/000112760216045348/form4.xml
CRM,1108524,Marc Benioff,1294693,2016-03-07,2016-03-03,S,sale,12500,877670.68,70.2137,0.0345,-37500,36187500,0,unknown,,2,0,Common Stock,D,4,0001127602-16-045348,,https://www.sec.gov/Archives/edgar/data/1108524/000112760216045348/form4.xml
CRM,1108524,Marc Benioff,1294693,2016-03-02,2016-03-02,S,sale,12500,876713.75,70.1371,0.0345,-37500,36225000,,unknown,,1,0,Common Stock,D,4,0001127602-16-044638,,https://www.sec.gov/Archives/edgar/data/1108524/000112760216044638/form4.xml
CRM,1108524,Marc Benioff,1294693,2016-03-02,2016-03-01,S,sale,12500,862975.12,69.0380,0.0345,-37500,36225000,,unknown,,3,0,Common Stock,D,4,0001127602-16-044638,,https://www.sec.gov/Archives/edgar/data/1108524/000112760216044638/form4.xml
CRM,1108524,Marc Benioff,1294693,2016-03-02,2016-02-29,S,sale,12500,853470.30,68.2776,0.0345,-37500,36225000,0,unknown,,2,0,Common Stock,D,4,0001127602-16-044638,,https://www.sec.gov/Archives/edgar/data/1108524/000112760216044638/form4.xml
CRM,1108524,Marc Benioff,1294693,2016-02-26,2016-02-26,S,sale,12500,864719.26,69.1775,0.0345,-25000,36262500,,unknown,,2,0,Common Stock,D,4,0001127602-16-043687,,https://www.sec.gov/Archives/edgar/data/1108524/000112760216043687/form4.xml
CRM,1108524,Marc Benioff,1294693,2016-02-26,2016-02-25,S,sale,12500,852856.18,68.2285,0.0345,-25000,36262500,0,unknown,,4,0,Common Stock,D,4,0001127602-16-043687,,https://www.sec.gov/Archives/edgar/data/1108524/000112760216043687/form4.xml
CRM,1108524,Marc Benioff,1294693,2016-02-24,2016-02-24,S,sale,12500,771311.31,61.7049,0.0344,-37500,36287500,,unknown,,3,0,Common Stock,D,4,0001127602-16-043269,,https://www.sec.gov/Archives/edgar/data/1108524/000112760216043269/form4.xml
CRM,1108524,Marc Benioff,1294693,2016-02-24,2016-02-23,S,sale,12500,788964.97,63.1172,0.0344,-37500,36287500,,unknown,,2,0,Common Stock,D,4,0001127602-16-043269,,https://www.sec.gov/Archives/edgar/data/1108524/000112760216043269/form4.xml
CRM,1108524,Marc Benioff,1294693,2016-02-24,2016-02-22,S,sale,12500,795452.86,63.6362,0.0344,-37500,36287500,0,unknown,,2,0,Common Stock,D,4,0001127602-16-043269,,https://www.sec.gov/Archives/edgar/data/1108524/000112760216043269/form4.xml
CRM,1108524,Marc Benioff,1294693,2016-02-19,2016-02-19,S,sale,12500,774826.35,61.9861,0.0344,-37500,36325000,,unknown,,2,0,Common Stock,D,4,0001127602-16-042535,,https://www.sec.gov/Archives/edgar/data/1108524/000112760216042535/form4.xml
CRM,1108524,Marc Benioff,1294693,2016-02-19,2016-02-18,S,sale,12500,778697.66,62.2958,0.0344,-37500,36325000,,unknown,,3,0,Common Stock,D,4,0001127602-16-042535,,https://www.sec.gov/Archives/edgar/data/1108524/000112760216042535/form4.xml
CRM,1108524,Marc Benioff,1294693,2016-02-19,2016-02-17,S,sale,12500,781746.66,62.5397,0.0344,-37500,36325000,0,unknown,,5,0,Common Stock,D,4,0001127602-16-042535,,https://www.sec.gov/Archives/edgar/data/1108524/000112760216042535/form4.xml
CRM,1108524,Marc Benioff,1294693,2016-02-16,2016-02-16,S,sale,12500,743491.27,59.4793,0.0344,-37500,36362500,,unknown,,3,0,Common Stock,D,4,0001127602-16-041636,,https://www.sec.gov/Archives/edgar/data/1108524/000112760216041636/form4.xml
CRM,1108524,Marc Benioff,1294693,2016-02-16,2016-02-12,S,sale,12500,746732.27,59.7386,0.0344,-37500,36362500,,unknown,,2,0,Common Stock,D,4,0001127602-16-041636,,https://www.sec.gov/Archives/edgar/data/1108524/000112760216041636/form4.xml
CRM,1108524,Marc Benioff,1294693,2016-02-16,2016-02-11,S,sale,12500,732122.80,58.5698,0.0344,-37500,36362500,0,unknown,,4,0,Common Stock,D,4,0001127602-16-041636,,https://www.sec.gov/Archives/edgar/data/1108524/000112760216041636/form4.xml
CRM,1108524,Marc Benioff,1294693,2016-02-10,2016-02-10,S,sale,12500,746926.66,59.7541,0.0343,-37500,36400000,,unknown,,3,0,Common Stock,D,4,0001127602-16-040477,,https://www.sec.gov/Archives/edgar/data/1108524/000112760216040477/form4.xml
CRM,1108524,Marc Benioff,1294693,2016-02-10,2016-02-09,S,sale,12500,708186.63,56.6549,0.0343,-37500,36400000,,unknown,,6,0,Common Stock,D,4,0001127602-16-040477,,https://www.sec.gov/Archives/edgar/data/1108524/000112760216040477/form4.xml
CRM,1108524,Marc Benioff,1294693,2016-02-10,2016-02-08,S,sale,12500,678558.08,54.2846,0.0343,-37500,36400000,0,unknown,,5,0,Common Stock,D,4,0001127602-16-040477,,https://www.sec.gov/Archives/edgar/data/1108524/000112760216040477/form4.xml
CRM,1108524,Marc Benioff,1294693,2016-02-08,2016-02-08,S,sale,12500,678558.08,54.2846,0.0343,-37500,36400000,0,unknown,,5,0,Common Stock,D,4,0001127602-16-040100,,https://www.sec.gov/Archives/edgar/data/1108524/000112760216040100/form4.xml
CRM,1108524,Marc Benioff,1294693,2016-02-08,2016-02-05,S,sale,12500,742503.08,59.4002,0.0343,-37500,36437500,,unknown,,6,0,Common Stock,D,4,0001127602-16-040100,,https://www.sec.gov/Archives/edgar/data/1108524/000112760216040100/form4.xml
CRM,1108524,Marc Benioff,1294693,2016-02-08,2016-02-04,S,sale,12500,829308.68,66.3447,0.0343,-37500,36437500,0,unknown,,3,0,Common Stock,D,4,0001127602-16-040100,,https://www.sec.gov/Archives/edgar/data/1108524/000112760216040100/form4.xml
CRM,1108524,Marc Benioff,1294693,2016-02-03,2016-02-03,S,sale,12500,809656.26,64.7725,0.0343,-37500,36475000,,unknown,,3,0,Common Stock,D,4,0001127602-16-039411,,https://www.sec.gov/Archives/edgar/data/1108524/000112760216039411/form4.xml
CRM,1108524,Marc Benioff,1294693,2016-02-03,2016-02-02,S,sale,12500,812957.57,65.0366,0.0343,-37500,36475000,,unknown,,4,0,Common Stock,D,4,0001127602-16-039411,,https://www.sec.gov/Archives/edgar/data/1108524/000112760216039411/form4.xml
CRM,1108524,Marc Benioff,1294693,2016-02-03,2016-02-01,S,sale,12500,852030.20,68.1624,0.0343,-37500,36475000,0,unknown,,2,0,Common Stock,D,4,0001127602-16-039411,,https://www.sec.gov/Archives/edgar/data/1108524/000112760216039411/form4.xml
CRM,1108524,Marc Benioff,1294693,2016-01-29,2016-01-29,S,sale,12500,841333.34,67.3067,0.0342,-25000,36512500,,unknown,,2,0,Common Stock,D,4,0001127602-16-038593,,https://www.sec.gov/Archives/edgar/data/1108524/000112760216038593/form4.xml
CRM,1108524,Marc Benioff,1294693,2016-01-29,2016-01-28,S,sale,12500,824402.96,65.9522,0.0342,-25000,36512500,0,unknown,,3,0,Common Stock,D,4,0001127602-16-038593,,https://www.sec.gov/Archives/edgar/data/1108524/000112760216038593/form4.xml
CRM,1108524,Marc Benioff,1294693,2016-01-27,2016-01-27,S,sale,12500,855510.47,68.4408,0.0342,-37500,36537500,,unknown,,3,0,Common Stock,D,4,0001127602-16-038128,,https://www.sec.gov/Archives/edgar/data/1108524/000112760216038128/form4.xml
CRM,1108524,Marc Benioff,1294693,2016-01-27,2016-01-26,S,sale,12500,872302.50,69.7842,0.0342,-37500,36537500,,unknown,,1,0,Common Stock,D,4,0001127602-16-038128,,https://www.sec.gov/Archives/edgar/data/1108524/000112760216038128/form4.xml
CRM,1108524,Marc Benioff,1294693,2016-01-27,2016-01-25,S,sale,12500,880531.04,70.4425,0.0342,-37500,36537500,0,unknown,,2,0,Common Stock,D,4,0001127602-16-038128,,https://www.sec.gov/Archives/edgar/data/1108524/000112760216038128/form4.xml
CRM,1108524,Marc Benioff,1294693,2016-01-22,2016-01-22,S,sale,12500,888369.41,71.0696,0.0342,-25000,36575000,,unknown,,2,0,Common Stock,D,4,0001127602-16-037658,,https://www.sec.gov/Archives/edgar/data/1108524/000112760216037658/form4.xml
CRM,1108524,Marc Benioff,1294693,2016-01-22,2016-01-21,S,sale,12500,874374.41,69.9500,0.0342,-25000,36575000,0,unknown,,2,0,Common Stock,D,4,0001127602-16-037658,,https://www.sec.gov/Archives/edgar/data/1108524/000112760216037658/form4.xml
CRM,1108524,Marc Benioff,1294693,2016-01-20,2016-01-20,S,sale,12500,860162.91,68.8130,0.0341,-25000,36600000,,unknown,,4,0,Common Stock,D,4,0001127602-16-037465,,https://www.sec.gov/Archives/edgar/data/1108524/000112760216037465/form4.xml
CRM,1108524,Marc Benioff,1294693,2016-01-20,2016-01-19,S,sale,12500,889746.72,71.1797,0.0341,-25000,36600000,0,unknown,,3,0,Common Stock,D,4,0001127602-16-037465,,https://www.sec.gov/Archives/edgar/data/1108524/000112760216037465/form4.xml
CRM,1108524,Marc Benioff,1294693,2016-01-15,2016-01-15,S,sale,12500,874596.32,69.9677,0.0341,-25000,36625000,,unknown,,3,0,Common Stock,D,4,0001127602-16-037091,,https://www.sec.gov/Archives/edgar/data/1108524/000112760216037091/form4.xml
CRM,1108524,Marc Benioff,1294693,2016-01-15,2016-01-14,S,sale,12500,910120.66,72.8097,0.0341,-25000,36625000,0,unknown,,3,0,Common Stock,D,4,0001127602-16-037091,,https://www.sec.gov/Archives/edgar/data/1108524/000112760216037091/form4.xml
CRM,1108524,Marc Benioff,1294693,2016-01-13,2016-01-13,S,sale,12500,921713.58,73.7371,0.0341,-37500,36650000,,unknown,,4,0,Common Stock,D,4,0001127602-16-036907,,https://www.sec.gov/Archives/edgar/data/1108524/000112760216036907/form4.xml
CRM,1108524,Marc Benioff,1294693,2016-01-13,2016-01-12,S,sale,12500,926633.07,74.1306,0.0341,-37500,36650000,,unknown,,3,0,Common Stock,D,4,0001127602-16-036907,,https://www.sec.gov/Archives/edgar/data/1108524/000112760216036907/form4.xml
CRM,1108524,Marc Benioff,1294693,2016-01-13,2016-01-11,S,sale,12500,912626.51,73.0101,0.0341,-37500,36650000,0,unknown,,2,0,Common Stock,D,4,0001127602-16-036907,,https://www.sec.gov/Archives/edgar/data/1108524/000112760216036907/form4.xml
CRM,1108524,Marc Benioff,1294693,2016-01-08,2016-01-08,S,sale,12500,924603.57,73.9683,0.0341,-25000,36687500,,unknown,,3,0,Common Stock,D,4,0001127602-16-036657,,https://www.sec.gov/Archives/edgar/data/1108524/000112760216036657/form4.xml
CRM,1108524,Marc Benioff,1294693,2016-01-08,2016-01-07,S,sale,12500,933036.75,74.6429,0.0341,-25000,36687500,0,unknown,,2,0,Common Stock,D,4,0001127602-16-036657,,https://www.sec.gov/Archives/edgar/data/1108524/000112760216036657/form4.xml
CRM,1108524,Marc Benioff,1294693,2016-01-06,2016-01-06,S,sale,12500,954015.67,76.3213,,-100090,36712500,-90,unknown,,2,0,Common Stock,D,4,0001127602-16-036507,,https://www.sec.gov/Archives/edgar/data/1108524/000112760216036507/form4.xml
CRM,1108524,Marc Benioff,1294693,2016-01-06,2016-01-05,S,sale,12500,965145.00,77.2116,0.0339,,36812590,,unknown,,2,0,Common Stock,D,4,0001127602-16-036507,,https://www.sec.gov/Archives/edgar/data/1108524/000112760216036507/form4.xml
CRM,1108524,Marc Benioff,1294693,2016-01-06,2016-01-04,S,sale,12500,952965.89,76.2373,0.0339,,36812590,0,unknown,,2,0,Common Stock,D,4,0001127602-16-036507,,https://www.sec.gov/Archives/edgar/data/1108524/000112760216036507/form4.xml
