ticker,cik,ceo,owner_cik,filed,traded,code,label,shares,value,avg_price,pct_of_holding,net_change,holding_after,residue,plan,other_codes,rows,unpriced_rows,securities,direct,form,accession,price_flag,url
META,1326801,Mark Zuckerberg,1548760,2025-08-13,2025-08-13,S,scheduled sale,1037,814230.32,785.1787,0.0003,-1037,342463325,0,plan,C,12,0,Class A Common Stock,I,4,0000950103-25-010271,,https://www.sec.gov/Archives/edgar/data/1326801/000095010325010271/dp233043_4-zuckerberg.xml
META,1326801,Mark Zuckerberg,1548760,2025-08-13,2025-08-12,S,scheduled sale,15847,12472489.46,787.0568,0.0046,-15847,342464362,0,plan,C,18,0,Class A Common Stock,I,4,0000950103-25-010270,,https://www.sec.gov/Archives/edgar/data/1326801/000095010325010270/dp232990_4-zuckerberg0812.xml
META,1326801,Mark Zuckerberg,1548760,2025-08-13,2025-08-11,S,scheduled sale,15847,12191309.13,769.3134,0.0046,-15847,342480209,0,plan,C,8,0,Class A Common Stock,I,4,0000950103-25-010269,,https://www.sec.gov/Archives/edgar/data/1326801/000095010325010269/dp232986_4-zuckerberg0811.xml
META,1326801,Mark Zuckerberg,1548760,2025-08-11,2025-08-08,S,scheduled sale,15847,12124635.68,765.1061,0.0046,-15847,342496056,0,plan,C,10,0,Class A Common Stock,I,4,0000950103-25-010157,,https://www.sec.gov/Archives/edgar/data/1326801/000095010325010157/dp232914_4-zuckerberg0808.xml
META,1326801,Mark Zuckerberg,1548760,2025-08-11,2025-08-07,S,scheduled sale,15847,12161291.63,767.4192,0.0046,-15847,342511903,0,plan,C,14,0,Class A Common Stock,I,4,0000950103-25-010158,,https://www.sec.gov/Archives/edgar/data/1326801/000095010325010158/dp232913_4-zuckerberg0807.xml
META,1326801,Mark Zuckerberg,1548760,2025-08-06,2025-08-06,S,scheduled sale,15847,12181035.91,768.6651,0.0046,-15847,342527750,0,plan,C,12,0,Class A Common Stock,I,4,0000950103-25-010038,,https://www.sec.gov/Archives/edgar/data/1326801/000095010325010038/dp232802_4-zuckerberg0806.xml
META,1326801,Mark Zuckerberg,1548760,2025-08-06,2025-08-05,S,scheduled sale,15847,12202548.17,770.0226,0.0046,-15847,342543597,0,plan,C,17,0,Class A Common Stock,I,4,0000950103-25-010037,,https://www.sec.gov/Archives/edgar/data/1326801/000095010325010037/dp232751_4-zuckerberg0805.xml
META,1326801,Mark Zuckerberg,1548760,2025-08-06,2025-08-04,S,scheduled sale,15847,12192407.63,769.3827,0.0046,-15847,342559444,0,plan,C,15,0,Class A Common Stock,I,4,0000950103-25-010036,,https://www.sec.gov/Archives/edgar/data/1326801/000095010325010036/dp232750_4-zuckerberg0804.xml
META,1326801,Mark Zuckerberg,1548760,2025-08-04,2025-08-01,S,scheduled sale,15847,11939643.45,753.4324,0.0046,-15847,342575291,0,plan,CG,12,0,Class A Common Stock,I,4,0000950103-25-009864,,https://www.sec.gov/Archives/edgar/data/1326801/000095010325009864/dp232583_4-zuckerberg0801.xml
META,1326801,Mark Zuckerberg,1548760,2025-08-04,2025-07-31,S,scheduled sale,15847,12318736.45,777.3545,0.0046,-15847,342591138,0,plan,C,13,0,Class A Common Stock,I,4,0000950103-25-009863,,https://www.sec.gov/Archives/edgar/data/1326801/000095010325009863/dp232582_4-zuckerberg0731.xml
META,1326801,Mark Zuckerberg,1548760,2025-07-02,2025-07-02,S,scheduled sale,2361,1691599.76,716.4760,0.0007,-2361,342606985,0,plan,,6,0,Class A Common Stock,I,4,0000950103-25-008410,,https://www.sec.gov/Archives/edgar/data/1326801/000095010325008410/dp231177_4-zuckerberg0702.xml
META,1326801,Mark Zuckerberg,1548760,2025-07-02,2025-07-01,S,scheduled sale,13793,9984669.61,723.8940,0.0040,-13793,342609346,0,plan,,18,0,Class A Common Stock,I,4,0000950103-25-008409,,https://www.sec.gov/Archives/edgar/data/1326801/000095010325008409/dp231176_4-zuckerberg0701.xml
META,1326801,Mark Zuckerberg,1548760,2025-07-02,2025-06-30,S,scheduled sale,13793,10209834.00,740.2185,0.0040,-13793,342623139,0,plan,,12,0,Class A Common Stock,I,4,0000950103-25-008408,,https://www.sec.gov/Archives/edgar/data/1326801/000095010325008408/dp231175_4-zuckerberg0630.xml
META,1326801,Mark Zuckerberg,1548760,2025-06-30,2025-06-27,S,scheduled sale,13793,10075306.64,730.4652,0.0040,-13793,342636932,0,plan,,8,0,Class A Common Stock,I,4,0000950103-25-008164,,https://www.sec.gov/Archives/edgar/data/1326801/000095010325008164/dp230874_4-zuckerberg0627.xml
META,1326801,Mark Zuckerberg,1548760,2025-06-30,2025-06-26,S,scheduled sale,13793,9962263.82,722.2695,0.0040,-13793,342650725,0,plan,,15,0,Class A Common Stock,I,4,0000950103-25-008163,,https://www.sec.gov/Archives/edgar/data/1326801/000095010325008163/dp230738_4-zuckerberg0626.xml
META,1326801,Mark Zuckerberg,1548760,2025-06-25,2025-06-25,S,scheduled sale,13793,9796312.88,710.2380,0.0040,-13793,342664518,0,plan,,10,0,Class A Common Stock,I,4,0000950103-25-007850,,https://www.sec.gov/Archives/edgar/data/1326801/000095010325007850/dp230631_4-zuckerberg0625.xml
META,1326801,Mark Zuckerberg,1548760,2025-06-25,2025-06-24,S,scheduled sale,13793,9777637.83,708.8841,0.0040,-13793,342678311,0,plan,,9,0,Class A Common Stock,I,4,0000950103-25-007849,,https://www.sec.gov/Archives/edgar/data/1326801/000095010325007849/dp230612_4-zuckerberg0624.xml
META,1326801,Mark Zuckerberg,1548760,2025-06-23,2025-06-20,S,scheduled sale,500,350189.33,700.3787,0.0001,-500,342692104,0,plan,,2,0,Class A Common Stock,I,4,0000950103-25-007714,,https://www.sec.gov/Archives/edgar/data/1326801/000095010325007714/dp230457_4-zuckerberg620.xml
META,1326801,Mark Zuckerberg,1548760,2025-06-18,2025-06-18,S,scheduled sale,2753,1928291.57,700.4328,0.0008,-2753,342692604,0,plan,,2,0,Class A Common Stock,I,4,0000950103-25-007639,,https://www.sec.gov/Archives/edgar/data/1326801/000095010325007639/dp230416_4-zuckerberg618.xml
META,1326801,Mark Zuckerberg,1548760,2025-06-18,2025-06-17,S,scheduled sale,8312,5836097.35,702.1291,0.0024,-8312,342695357,0,plan,,6,0,Class A Common Stock,I,4,0000950103-25-007638,,https://www.sec.gov/Archives/edgar/data/1326801/000095010325007638/dp230343_4-zuckerberg617.xml
META,1326801,Mark Zuckerberg,1548760,2025-06-18,2025-06-16,S,scheduled sale,13793,9683513.23,702.0600,0.0040,-13793,342703669,0,plan,,7,0,Class A Common Stock,I,4,0000950103-25-007637,,https://www.sec.gov/Archives/edgar/data/1326801/000095010325007637/dp230342_4-zuckerberg616.xml
META,1326801,Mark Zuckerberg,1548760,2025-06-11,2025-06-11,S,scheduled sale,7802,5476707.74,701.9620,0.0023,-7802,342717462,0,plan,,7,0,Class A Common Stock,I,4,0000950103-25-007275,,https://www.sec.gov/Archives/edgar/data/1326801/000095010325007275/dp230058_4-zuckerberg611.xml
META,1326801,Mark Zuckerberg,1548760,2025-06-11,2025-06-10,S,scheduled sale,13793,9670677.44,701.1294,0.0040,-13793,342725264,0,plan,,3,0,Class A Common Stock,I,4,0000950103-25-007273,,https://www.sec.gov/Archives/edgar/data/1326801/000095010325007273/dp230054_4-zuckerberg.xml
META,1326801,Mark Zuckerberg,1548760,2025-06-11,2025-06-09,S,scheduled sale,7466,5235526.18,701.2492,0.0022,-7466,342739057,0,plan,,5,0,Class A Common Stock,I,4,0000950103-25-007272,,https://www.sec.gov/Archives/edgar/data/1326801/000095010325007272/dp230030_4-zuckerberg.xml
META,1326801,Mark Zuckerberg,1548760,2025-06-09,2025-06-06,S,scheduled sale,1462,1025052.95,701.1306,0.0004,-1462,342746523,0,plan,,3,0,Class A Common Stock,I,4,0000950103-25-007166,,https://www.sec.gov/Archives/edgar/data/1326801/000095010325007166/dp229943_4-zuckerberg.xml
META,1326801,Mark Zuckerberg,1548760,2025-02-24,2025-02-21,S,scheduled sale,3523,2469972.91,701.0993,0.0010,-3523,342747985,0,plan,C,4,0,Class A Common Stock,I,4,0000950103-25-002363,,https://www.sec.gov/Archives/edgar/data/1326801/000095010325002363/dp225257_4-zuckerberg0221.xml
META,1326801,Mark Zuckerberg,1548760,2025-02-24,2025-02-20,S,scheduled sale,3563,2500674.50,701.8452,0.0010,-3563,342751508,0,plan,C,5,0,Class A Common Stock,I,4,0000950103-25-002362,,https://www.sec.gov/Archives/edgar/data/1326801/000095010325002362/dp225255_4-zuckerberg0220.xml
META,1326801,Mark Zuckerberg,1548760,2025-02-19,2025-02-19,S,scheduled sale,19668,13830817.04,703.2142,0.0057,-19668,342755071,0,plan,C,7,0,Class A Common Stock,I,4,0000950103-25-002202,,https://www.sec.gov/Archives/edgar/data/1326801/000095010325002202/dp225111_4-zuckerberg.xml
META,1326801,Mark Zuckerberg,1548760,2025-02-19,2025-02-18,S,scheduled sale,19668,14101805.83,716.9924,0.0057,-19668,342774739,0,plan,C,26,0,Class A Common Stock,I,4,0000950103-25-002201,,https://www.sec.gov/Archives/edgar/data/1326801/000095010325002201/dp225093_4-zuckerberg0218.xml
META,1326801,Mark Zuckerberg,1548760,2025-02-18,2025-02-14,S,scheduled sale,19668,14445996.79,734.4924,0.0057,-19668,342794407,0,plan,C,14,0,Class A Common Stock,I,4,0000950103-25-002122,,https://www.sec.gov/Archives/edgar/data/1326801/000095010325002122/dp225013_4-zuckerberg0214.xml
META,1326801,Mark Zuckerberg,1548760,2025-02-18,2025-02-13,S,scheduled sale,19668,14235202.09,723.7748,0.0057,-19668,342814075,0,plan,C,11,0,Class A Common Stock,I,4,0000950103-25-002121,,https://www.sec.gov/Archives/edgar/data/1326801/000095010325002121/dp225012_4-zuckerberg0213.xml
META,1326801,Mark Zuckerberg,1548760,2025-02-12,2025-02-12,S,scheduled sale,19668,14194134.72,721.6867,0.0057,-19668,342833743,0,plan,C,13,0,Class A Common Stock,I,4,0000950103-25-001935,,https://www.sec.gov/Archives/edgar/data/1326801/000095010325001935/dp224874_4-zuckerberg0212.xml
META,1326801,Mark Zuckerberg,1548760,2025-02-12,2025-02-11,S,scheduled sale,19668,14111832.38,717.5022,0.0057,-19668,342853411,0,plan,C,13,0,Class A Common Stock,I,4,0000950103-25-001934,,https://www.sec.gov/Archives/edgar/data/1326801/000095010325001934/dp224835_4-zuckerberg0211.xml
META,1326801,Mark Zuckerberg,1548760,2025-02-12,2025-02-10,S,scheduled sale,35795,25622851.59,715.8221,0.0104,-35795,342873079,0,plan,C,16,0,Class A Common Stock,I,4,0000950103-25-001933,,https://www.sec.gov/Archives/edgar/data/1326801/000095010325001933/dp224834_4-zuckerberg0210.xml
META,1326801,Mark Zuckerberg,1548760,2025-02-10,2025-02-07,S,scheduled sale,55589,39897067.34,717.7151,0.0162,-55589,342908874,0,plan,C,24,0,Class A Common Stock,I,4,0000950103-25-001836,,https://www.sec.gov/Archives/edgar/data/1326801/000095010325001836/dp224749_4-zuckerberg0207.xml
META,1326801,Mark Zuckerberg,1548760,2025-02-10,2025-02-06,S,scheduled sale,55589,39541823.52,711.3246,0.0162,-55589,342964463,0,plan,C,27,0,Class A Common Stock,I,4,0000950103-25-001835,,https://www.sec.gov/Archives/edgar/data/1326801/000095010325001835/dp224748_4-zuckerberg0206.xml
META,1326801,Mark Zuckerberg,1548760,2025-02-05,2025-02-05,S,scheduled sale,42614,30115163.02,706.6965,0.0124,-55589,343020052,0,plan,C,17,0,Class A Common Stock,I,4,0000950103-25-001663,,https://www.sec.gov/Archives/edgar/data/1326801/000095010325001663/dp224604_4-zuckerberg0205p1.xml
META,1326801,Mark Zuckerberg,1548760,2025-02-05,2025-02-05,S,scheduled sale,12975,9169668.21,706.7182,0.0038,-55589,343020052,0,plan,,14,0,Clas A Common Stock | Class A Common Stock,I,4,0000950103-25-001664,,https://www.sec.gov/Archives/edgar/data/1326801/000095010325001664/dp224605_4-zuckerberg0205p2.xml
META,1326801,Mark Zuckerberg,1548760,2025-02-05,2025-02-04,S,scheduled sale,55589,39090790.86,703.2109,0.0162,-55589,343075641,0,plan,C,29,0,Class A Common Stock,I,4,0000950103-25-001660,,https://www.sec.gov/Archives/edgar/data/1326801/000095010325001660/dp224541_4-zuckerberg0204.xml
META,1326801,Mark Zuckerberg,1548760,2025-02-05,2025-02-03,S,scheduled sale,35638,24881169.68,698.1640,0.0104,-48613,343131230,0,plan,C,23,0,Class A Common Stock,I,4,0000950103-25-001661,,https://www.sec.gov/Archives/edgar/data/1326801/000095010325001661/dp224542_4-zuckerberg0203pt1.xml
META,1326801,Mark Zuckerberg,1548760,2025-02-05,2025-02-03,S,scheduled sale,12975,9033523.49,696.2253,0.0038,-48613,343131230,0,plan,,21,0,Class A Common Stock,I,4,0000950103-25-001662,,https://www.sec.gov/Archives/edgar/data/1326801/000095010325001662/dp224543_4-zuckerberg0203pt2.xml
META,1326801,Mark Zuckerberg,1548760,2025-02-03,2025-01-31,S,scheduled sale,30908,21563848.34,697.6785,0.0090,-43883,343179843,0,plan,C,19,0,Class A Common Stock,I,4,0000950103-25-001455,,https://www.sec.gov/Archives/edgar/data/1326801/000095010325001455/dp224370_4-zuckerberg0131p1.xml
META,1326801,Mark Zuckerberg,1548760,2025-02-03,2025-01-31,S,scheduled sale,12975,9035659.68,696.3900,0.0038,-43883,343179843,0,plan,,18,0,Class A Common Stock,I,4,0000950103-25-001457,,https://www.sec.gov/Archives/edgar/data/1326801/000095010325001457/dp224371_4-zuckerberg0131p2.xml
META,1326801,Mark Zuckerberg,1548760,2025-02-03,2025-01-30,S,scheduled sale,28549,19849230.18,695.2688,0.0083,-41524,343223726,0,plan,C,26,0,Class A Common Stock,I,4,0000950103-25-001452,,https://www.sec.gov/Archives/edgar/data/1326801/000095010325001452/dp224368_4-zuckerberg0130p1.xml
META,1326801,Mark Zuckerberg,1548760,2025-02-03,2025-01-30,S,scheduled sale,12975,8992540.36,693.0667,0.0038,-41524,343223726,0,plan,,23,0,Class A Common Stock,I,4,0000950103-25-001454,,https://www.sec.gov/Archives/edgar/data/1326801/000095010325001454/dp224369_4-zuckerberg0130p2.xml
META,1326801,Mark Zuckerberg,1548760,2025-01-29,2025-01-29,S,scheduled sale,35921,24195129.75,673.5650,0.0105,-35921,343265250,0,plan,C,27,0,Class A Common Stock,I,4,0000950103-25-001077,,https://www.sec.gov/Archives/edgar/data/1326801/000095010325001077/dp224029_4-zuckerberg0129.xml
META,1326801,Mark Zuckerberg,1548760,2025-01-29,2025-01-28,S,scheduled sale,22946,15454683.25,673.5241,,-36501,343301171,-580,plan,C,19,0,Class A Common Stock,I,4,0000950103-25-001075,,https://www.sec.gov/Archives/edgar/data/1326801/000095010325001075/dp224011_4-zuckerberg0128pt1.xml
META,1326801,Mark Zuckerberg,1548760,2025-01-29,2025-01-28,S,scheduled sale,12975,8739337.61,673.5520,,-36501,343301171,-580,plan,,18,0,Class A Common Stock,I,4,0000950103-25-001076,,https://www.sec.gov/Archives/edgar/data/1326801/000095010325001076/dp224012_4-zuckerberg0128pt2.xml
META,1326801,Mark Zuckerberg,1548760,2025-01-29,2025-01-27,S,scheduled sale,13555,8804063.21,649.5067,,-35341,343337672,580,plan,,29,0,Class A Common Stock,I,4,0000950103-25-001073,,https://www.sec.gov/Archives/edgar/data/1326801/000095010325001073/dp224003_4-zuckerberg0127pt2.xml
META,1326801,Mark Zuckerberg,1548760,2025-01-29,2025-01-27,S,scheduled sale,22366,14508486.69,648.6849,,-35341,343337672,580,plan,C,29,0,Class A Common Stock,I,4,0000950103-25-001074,,https://www.sec.gov/Archives/edgar/data/1326801/000095010325001074/dp224002_4-zuckerberg0127pt1.xml
META,1326801,Mark Zuckerberg,1548760,2025-01-27,2025-01-24,S,scheduled sale,35921,23160574.16,644.7642,0.0105,-35921,343373013,0,plan,C,27,0,Class A Common Stock,I,4,0000950103-25-000930,,https://www.sec.gov/Archives/edgar/data/1326801/000095010325000930/dp223860_4-zuckerberg0124.xml
META,1326801,Mark Zuckerberg,1548760,2025-01-27,2025-01-23,S,scheduled sale,35921,22593215.07,628.9695,0.0105,-35921,343408934,0,plan,C,27,0,Class A Common Stock,I,4,0000950103-25-000929,,https://www.sec.gov/Archives/edgar/data/1326801/000095010325000929/dp223859_4-zuckerberg0123.xml
META,1326801,Mark Zuckerberg,1548760,2025-01-22,2025-01-22,S,scheduled sale,35921,22515202.93,626.7978,0.0105,-35921,343444855,0,plan,C,24,0,Class A Common Stock,I,4,0000950103-25-000779,,https://www.sec.gov/Archives/edgar/data/1326801/000095010325000779/dp223735_4-zuckerberg0122.xml
META,1326801,Mark Zuckerberg,1548760,2025-01-22,2025-01-21,S,scheduled sale,35921,22122555.40,615.8669,0.0105,-35921,343480776,0,plan,C,22,0,Class A Common Stock,I,4,0000950103-25-000778,,https://www.sec.gov/Archives/edgar/data/1326801/000095010325000778/dp223710_4-zuckerberg0121.xml
META,1326801,Mark Zuckerberg,1548760,2025-01-21,2025-01-17,S,scheduled sale,35921,22049976.41,613.8464,0.0105,-35921,343516697,0,plan,C,29,0,Class A Common Stock,I,4,0000950103-25-000729,,https://www.sec.gov/Archives/edgar/data/1326801/000095010325000729/dp223670_4-zuckerberg0117.xml
META,1326801,Mark Zuckerberg,1548760,2025-01-21,2025-01-16,S,scheduled sale,35921,22017078.42,612.9306,0.0105,-35921,343552618,0,plan,C,12,0,Class A Common Stock,I,4,0000950103-25-000728,,https://www.sec.gov/Archives/edgar/data/1326801/000095010325000728/dp223669_4-zuckerberg0116.xml
META,1326801,Mark Zuckerberg,1548760,2025-01-15,2025-01-15,S,scheduled sale,35921,22132922.33,616.1555,0.0105,-35921,343588539,0,plan,C,28,0,Class A Common Stock,I,4,0000950103-25-000550,,https://www.sec.gov/Archives/edgar/data/1326801/000095010325000550/dp223505_4-zuckerberg0115.xml
META,1326801,Mark Zuckerberg,1548760,2025-01-15,2025-01-14,S,scheduled sale,4434,2668535.08,601.8347,0.0013,-4434,343624460,0,plan,C,9,0,Class A Common Stock,I,4,0000950103-25-000549,,https://www.sec.gov/Archives/edgar/data/1326801/000095010325000549/dp223452_4-zuckerberg0114.xml
META,1326801,Mark Zuckerberg,1548760,2025-01-15,2025-01-13,S,scheduled sale,35921,21720963.68,604.6871,0.0105,-35921,343628894,0,plan,C,17,0,Class A Common Stock,I,4,0000950103-25-000548,,https://www.sec.gov/Archives/edgar/data/1326801/000095010325000548/dp223451_4-zuckerberg0113.xml
META,1326801,Mark Zuckerberg,1548760,2025-01-13,2025-01-10,S,scheduled sale,22946,14121979.63,615.4441,0.0067,-35921,343664815,0,plan,C,26,0,Class A Common Stock,I,4,0000950103-25-000441,,https://www.sec.gov/Archives/edgar/data/1326801/000095010325000441/dp223359_4-zuckerberg0110p1.xml
META,1326801,Mark Zuckerberg,1548760,2025-01-13,2025-01-10,S,scheduled sale,12975,7984883.04,615.4052,0.0038,-35921,343664815,0,plan,,25,0,Class A Common Stock,I,4,0000950103-25-000442,,https://www.sec.gov/Archives/edgar/data/1326801/000095010325000442/dp223360_4-zuckerberg0110p2.xml
META,1326801,Mark Zuckerberg,1548760,2025-01-08,2025-01-08,S,scheduled sale,35921,21951283.66,611.0989,0.0105,-35921,343700736,0,plan,C,20,0,Class A Common Stock,I,4,0000950103-25-000337,,https://www.sec.gov/Archives/edgar/data/1326801/000095010325000337/dp223296_4-zuckerberg0108.xml
META,1326801,Mark Zuckerberg,1548760,2025-01-08,2025-01-07,S,scheduled sale,22946,14202445.84,618.9508,0.0067,-35921,343736657,0,plan,C,21,0,Class A Common Stock,I,4,0000950103-25-000335,,https://www.sec.gov/Archives/edgar/data/1326801/000095010325000335/dp223253_4-zuckerberg0107pt1.xml
META,1326801,Mark Zuckerberg,1548760,2025-01-08,2025-01-07,S,scheduled sale,12975,8030411.22,618.9142,0.0038,-35921,343736657,0,plan,,18,0,Class A Common Stock,I,4,0000950103-25-000336,,https://www.sec.gov/Archives/edgar/data/1326801/000095010325000336/dp223254_4-zuckerberg0107pt2.xml
META,1326801,Mark Zuckerberg,1548760,2025-01-08,2025-01-06,S,scheduled sale,22946,14191009.61,618.4524,0.0067,-35921,343772578,0,plan,C,22,0,Class A Common Stock,I,4,0000950103-25-000333,,https://www.sec.gov/Archives/edgar/data/1326801/000095010325000333/dp223249_4-zuckerberg0106pt1.xml
META,1326801,Mark Zuckerberg,1548760,2025-01-08,2025-01-06,S,scheduled sale,12975,8024062.19,618.4248,0.0038,-35921,343772578,0,plan,,20,0,Class A Common Stock,I,4,0000950103-25-000334,,https://www.sec.gov/Archives/edgar/data/1326801/000095010325000334/dp223250_4-zuckerberg0106pt2.xml
META,1326801,Mark Zuckerberg,1548760,2025-01-06,2025-01-03,S,scheduled sale,35921,21695406.28,603.9756,0.0104,-35921,343808499,0,plan,C,17,0,Class A Common Stock,I,4,0000950103-25-000212,,https://www.sec.gov/Archives/edgar/data/1326801/000095010325000212/dp223138_4-zuckerberg0103.xml
META,1326801,Mark Zuckerberg,1548760,2025-01-06,2025-01-02,S,scheduled sale,6510,3915849.45,601.5130,0.0019,-6510,343844420,0,plan,C,9,0,Class A Common Stock,I,4,0000950103-25-000211,,https://www.sec.gov/Archives/edgar/data/1326801/000095010325000211/dp223137_4-zuckerberg0102.xml
META,1326801,Mark Zuckerberg,1548760,2024-12-30,2024-12-27,S,scheduled sale,2311,1387075.38,600.2057,0.0007,-2311,343850930,0,plan,C,4,0,Class A Common Stock,I,4,0000950103-24-018504,,https://www.sec.gov/Archives/edgar/data/1326801/000095010324018504/dp222820_4-zuckerberg1227.xml
META,1326801,Mark Zuckerberg,1548760,2024-12-30,2024-12-26,S,scheduled sale,35921,21665577.47,603.1452,0.0104,-35921,343853241,0,plan,C,12,0,Class A Common Stock,I,4,0000950103-24-018503,,https://www.sec.gov/Archives/edgar/data/1326801/000095010324018503/dp222819_4-zuckerberg1226.xml
META,1326801,Mark Zuckerberg,1548760,2024-12-26,2024-12-24,S,scheduled sale,35921,21712702.46,604.4571,0.0104,-35921,343889162,0,plan,C,16,0,Class A Common Stock,I,4,0000950103-24-018369,,https://www.sec.gov/Archives/edgar/data/1326801/000095010324018369/dp222721_4-zuckerberg1224.xml
META,1326801,Mark Zuckerberg,1548760,2024-12-26,2024-12-23,S,scheduled sale,35921,21571984.49,600.5396,0.0104,-35921,343925083,0,plan,C,4,0,Class A Common Stock,I,4,0000950103-24-018368,,https://www.sec.gov/Archives/edgar/data/1326801/000095010324018368/dp222638_4-zuckerberg1223.xml
META,1326801,Mark Zuckerberg,1548760,2024-12-23,2024-12-20,S,scheduled sale,10100,6075561.16,601.5407,0.0029,-10100,343961004,0,plan,C,6,0,Class A Common Stock,I,4,0000950103-24-018239,,https://www.sec.gov/Archives/edgar/data/1326801/000095010324018239/dp222528_4-zuckerberg1220.xml
META,1326801,Mark Zuckerberg,1548760,2024-12-23,2024-12-19,S,scheduled sale,32793,19800711.41,603.8091,0.0095,-32793,343971104,0,plan,C,19,0,Class A Common Stock,I,4,0000950103-24-018238,,https://www.sec.gov/Archives/edgar/data/1326801/000095010324018238/dp222433_4-zuckerberg1219.xml
META,1326801,Mark Zuckerberg,1548760,2024-12-18,2024-12-18,S,scheduled sale,12437,7694949.85,618.7143,0.0036,-34472,344003897,0,plan,,17,0,Class A Common Stock,I,4,0000950103-24-017958,,https://www.sec.gov/Archives/edgar/data/1326801/000095010324017958/dp222331_4-zuckerberg1218ii.xml
META,1326801,Mark Zuckerberg,1548760,2024-12-18,2024-12-18,S,scheduled sale,22035,13631555.08,618.6320,0.0064,-34472,344003897,0,plan,C,21,0,Class A Common Stock,I,4,0000950103-24-017959,,https://www.sec.gov/Archives/edgar/data/1326801/000095010324017959/dp222330_4-zuckerberg1218i.xml
META,1326801,Mark Zuckerberg,1548760,2024-12-18,2024-12-17,S,scheduled sale,35921,22348771.31,622.1645,0.0104,-35921,344038369,0,plan,C,26,0,Class A Common Stock,I,4,0000950103-24-017957,,https://www.sec.gov/Archives/edgar/data/1326801/000095010324017957/dp222296_4-zuckerberg1217.xml
META,1326801,Mark Zuckerberg,1548760,2024-12-18,2024-12-16,S,scheduled sale,35921,22445073.86,624.8455,0.0104,-35921,344074290,0,plan,C,22,0,Class A Common Stock,I,4,0000950103-24-017956,,https://www.sec.gov/Archives/edgar/data/1326801/000095010324017956/dp222294_4-zuckerberg1216.xml
META,1326801,Mark Zuckerberg,1548760,2024-12-16,2024-12-13,S,scheduled sale,35921,22351458.28,622.2393,0.0104,-35921,344110211,0,plan,C,25,0,Class A Common Stock,I,4,0000950103-24-017837,,https://www.sec.gov/Archives/edgar/data/1326801/000095010324017837/dp222164_4-zuckerberg.xml
META,1326801,Mark Zuckerberg,1548760,2024-12-16,2024-12-12,S,scheduled sale,35921,22705057.33,632.0831,0.0104,-35921,344146132,0,plan,C,17,0,Class A Common Stock,I,4,0000950103-24-017836,,https://www.sec.gov/Archives/edgar/data/1326801/000095010324017836/dp222142_4-zuckerberg1212.xml
META,1326801,Mark Zuckerberg,1548760,2024-12-11,2024-12-11,S,scheduled sale,35921,22746802.11,633.2452,0.0104,-35921,344182053,0,plan,C,26,0,Class A Common Stock,I,4,0000950103-24-017620,,https://www.sec.gov/Archives/edgar/data/1326801/000095010324017620/dp222003_4-zuckerberg1211.xml
META,1326801,Mark Zuckerberg,1548760,2024-12-11,2024-12-10,S,scheduled sale,35921,22249698.94,619.4064,0.0104,-35921,344217974,0,plan,C,24,0,Class A Common Stock,I,4,0000950103-24-017619,,https://www.sec.gov/Archives/edgar/data/1326801/000095010324017619/dp221940_4-zuckerberg.xml
META,1326801,Mark Zuckerberg,1548760,2024-12-11,2024-12-09,S,scheduled sale,22946,14096840.12,614.3485,0.0067,-35921,344253895,0,plan,C,16,0,Class A Common Stock,I,4,0000950103-24-017617,,https://www.sec.gov/Archives/edgar/data/1326801/000095010324017617/dp221910_4-zuckerberg1209.xml
META,1326801,Mark Zuckerberg,1548760,2024-12-11,2024-12-09,S,scheduled sale,12975,7971344.09,614.3618,0.0038,-35921,344253895,0,plan,,16,0,Class A Common Stock,I,4,0000950103-24-017618,,https://www.sec.gov/Archives/edgar/data/1326801/000095010324017618/dp221911_4-zuckerberg1209.xml
META,1326801,Mark Zuckerberg,1548760,2024-12-09,2024-12-06,S,scheduled sale,22946,14268819.47,621.8434,0.0067,-35921,344289816,0,plan,C,18,0,Class A Common Stock,I,4,0000950103-24-017462,,https://www.sec.gov/Archives/edgar/data/1326801/000095010324017462/dp221797_4-zuckerberg1206.xml
META,1326801,Mark Zuckerberg,1548760,2024-12-09,2024-12-06,S,scheduled sale,12975,8068956.88,621.8849,0.0038,-35921,344289816,0,plan,,17,0,Class A Common Stock,I,4,0000950103-24-017463,,https://www.sec.gov/Archives/edgar/data/1326801/000095010324017463/dp221798_4-zuckerberg1206.xml
META,1326801,Mark Zuckerberg,1548760,2024-12-09,2024-12-05,S,scheduled sale,35921,21949987.36,611.0628,0.0104,-35921,344325737,0,plan,C,22,0,Class A Common Stock,I,4,0000950103-24-017461,,https://www.sec.gov/Archives/edgar/data/1326801/000095010324017461/dp221796_4-zuckerberg1205.xml
META,1326801,Mark Zuckerberg,1548760,2024-12-04,2024-12-04,S,scheduled sale,35921,21980359.20,611.9083,0.0104,-35921,344361658,0,plan,C,21,0,Class A Common Stock,I,4,0000950103-24-017302,,https://www.sec.gov/Archives/edgar/data/1326801/000095010324017302/dp221683_4-zuckerberg.xml
META,1326801,Mark Zuckerberg,1548760,2024-12-04,2024-12-03,S,scheduled sale,35921,21838799.00,607.9675,0.0104,-35921,344397579,0,plan,C,27,0,Class A Common Stock,I,4,0000950103-24-017290,,https://www.sec.gov/Archives/edgar/data/1326801/000095010324017290/dp221649_4-zuckerberg.xml
META,1326801,Mark Zuckerberg,1548760,2024-11-01,2024-10-30,S,scheduled sale,420,252073.04,600.1739,0.0001,-420,344433500,0,plan,,1,0,Class A Common Stock,I,4,0000950103-24-015834,,https://www.sec.gov/Archives/edgar/data/1326801/000095010324015834/dp220182_4-zuckerberg.xml
META,1326801,Mark Zuckerberg,1548760,2024-10-16,2024-10-14,S,scheduled sale,84,50400.00,600.0000,0.0000,-84,344433920,0,plan,,1,0,Class A Common Stock,I,4,0000950103-24-015015,,https://www.sec.gov/Archives/edgar/data/1326801/000095010324015015/dp219402_4-zuckerberg1014.xml
META,1326801,Mark Zuckerberg,1548760,2024-10-09,2024-10-07,S,scheduled sale,492,295567.71,600.7474,0.0001,-492,344434004,0,plan,,2,0,Class A Common Stock,I,4,0000950103-24-014767,,https://www.sec.gov/Archives/edgar/data/1326801/000095010324014767/dp219135_4-zuckerberg.xml
META,1326801,Mark Zuckerberg,1548760,2024-09-03,2024-08-30,S,scheduled sale,4909,2548581.31,519.1651,0.0014,-4909,344434496,0,plan,,7,0,Class A Common Stock,I,4,0000950103-24-013062,,https://www.sec.gov/Archives/edgar/data/1326801/000095010324013062/dp217492_4-zuckerberg0830.xml
META,1326801,Mark Zuckerberg,1548760,2024-09-03,2024-08-29,S,scheduled sale,7975,4163642.02,522.0868,0.0023,-7975,344439405,0,plan,,10,0,Class A Common Stock,I,4,0000950103-24-013061,,https://www.sec.gov/Archives/edgar/data/1326801/000095010324013061/dp217491_4-zuckerberg0829.xml
META,1326801,Mark Zuckerberg,1548760,2024-08-28,2024-08-28,S,scheduled sale,7975,4117969.84,516.3599,0.0023,-7975,344447380,0,plan,,7,0,Class A Common Stock,I,4,0000950103-24-012761,,https://www.sec.gov/Archives/edgar/data/1326801/000095010324012761/dp217232_4-zuckerberg0828.xml
META,1326801,Mark Zuckerberg,1548760,2024-08-28,2024-08-27,S,scheduled sale,10632,5529788.31,520.1080,0.0031,-10632,344455355,0,plan,,13,0,Class A Common Stock,I,4,0000950103-24-012760,,https://www.sec.gov/Archives/edgar/data/1326801/000095010324012760/dp217187_4.xml
META,1326801,Mark Zuckerberg,1548760,2024-08-28,2024-08-26,S,scheduled sale,16702,8692976.80,520.4752,0.0048,-16702,344465987,0,plan,,19,0,Class A Common Stock,I,4,0000950103-24-012759,,https://www.sec.gov/Archives/edgar/data/1326801/000095010324012759/dp217184_4.xml
META,1326801,Mark Zuckerberg,1548760,2024-08-26,2024-08-23,S,scheduled sale,16702,8876369.07,531.4555,0.0048,-16702,344482689,0,plan,,25,0,Class A Common Stock,I,4,0000950103-24-012636,,https://www.sec.gov/Archives/edgar/data/1326801/000095010324012636/dp217083_4.xml
META,1326801,Mark Zuckerberg,1548760,2024-08-26,2024-08-22,S,scheduled sale,16702,8948224.53,535.7577,0.0048,-16702,344499391,0,plan,,27,0,Class A Common Stock,I,4,0000950103-24-012635,,https://www.sec.gov/Archives/edgar/data/1326801/000095010324012635/dp217082_4.xml
META,1326801,Mark Zuckerberg,1548760,2024-08-21,2024-08-21,S,scheduled sale,16702,8906134.55,533.2376,0.0048,-16702,344516093,0,plan,,22,0,Class A Common Stock,I,4,0000950103-24-012509,,https://www.sec.gov/Archives/edgar/data/1326801/000095010324012509/dp216983_4-zuckerberg.xml
META,1326801,Mark Zuckerberg,1548760,2024-08-21,2024-08-20,S,scheduled sale,16702,8821339.93,528.1607,0.0048,-16702,344532795,0,plan,,10,0,Class A Common Stock,I,4,0000950103-24-012508,,https://www.sec.gov/Archives/edgar/data/1326801/000095010324012508/dp216946_4-zuckerberg0820.xml
META,1326801,Mark Zuckerberg,1548760,2024-08-21,2024-08-19,S,scheduled sale,16702,8800921.72,526.9382,0.0048,-16702,344549497,0,plan,,16,0,Class A Common Stock,I,4,0000950103-24-012505,,https://www.sec.gov/Archives/edgar/data/1326801/000095010324012505/dp216945_4-zuckerberg0819.xml
META,1326801,Mark Zuckerberg,1548760,2024-08-19,2024-08-16,S,scheduled sale,16702,8836816.10,529.0873,0.0048,-16702,344566199,0,plan,,14,0,Class A Common Stock,I,4,0000950103-24-012400,,https://www.sec.gov/Archives/edgar/data/1326801/000095010324012400/dp216854_4-zuckerberg0816.xml
META,1326801,Mark Zuckerberg,1548760,2024-08-19,2024-08-15,S,scheduled sale,16702,8951223.33,535.9372,0.0048,-16702,344582901,0,plan,,21,0,Class A Common Stock,I,4,0000950103-24-012399,,https://www.sec.gov/Archives/edgar/data/1326801/000095010324012399/dp216853_4-zuckerberg0815.xml
META,1326801,Mark Zuckerberg,1548760,2024-08-14,2024-08-14,S,scheduled sale,16702,8827185.11,528.5107,0.0048,-16702,344599603,0,plan,,19,0,Class A Common Stock,I,4,0000950103-24-012231,,https://www.sec.gov/Archives/edgar/data/1326801/000095010324012231/dp216705_4-zuckerberg0814.xml
META,1326801,Mark Zuckerberg,1548760,2024-08-14,2024-08-13,S,scheduled sale,16702,8777530.52,525.5377,0.0048,-16702,344616305,0,plan,,21,0,Class A Common Stock,I,4,0000950103-24-012230,,https://www.sec.gov/Archives/edgar/data/1326801/000095010324012230/dp216660_4-zuckerberg0813.xml
META,1326801,Mark Zuckerberg,1548760,2024-08-14,2024-08-12,S,scheduled sale,16702,8599719.64,514.8916,0.0048,-16702,344633007,0,plan,,13,0,Class A Common Stock,I,4,0000950103-24-012229,,https://www.sec.gov/Archives/edgar/data/1326801/000095010324012229/dp216661_4-zuckerberg0812.xml
META,1326801,Mark Zuckerberg,1548760,2024-08-12,2024-08-09,S,scheduled sale,16702,8569645.67,513.0910,0.0048,-16702,344649709,0,plan,,19,0,Class A Common Stock,I,4,0000950103-24-012082,,https://www.sec.gov/Archives/edgar/data/1326801/000095010324012082/dp216545_4.xml
META,1326801,Mark Zuckerberg,1548760,2024-08-12,2024-08-08,S,scheduled sale,16702,8418163.94,504.0213,0.0048,-16702,344666411,0,plan,,20,0,Class A Common Stock,I,4,0000950103-24-012081,,https://www.sec.gov/Archives/edgar/data/1326801/000095010324012081/dp216544_4.xml
META,1326801,Mark Zuckerberg,1548760,2024-08-07,2024-08-07,S,scheduled sale,6534,3299926.39,505.0392,0.0019,-6534,344683113,0,plan,,15,0,Class A Common Stock,I,4,0000950103-24-011890,,https://www.sec.gov/Archives/edgar/data/1326801/000095010324011890/dp216367_4-zuckerberg.xml
META,1326801,Mark Zuckerberg,1548760,2024-08-07,2024-08-06,S,scheduled sale,9382,4700854.83,501.0504,0.0027,-9382,344689647,0,plan,,6,0,Class A Common Stock,I,4,0000950103-24-011889,,https://www.sec.gov/Archives/edgar/data/1326801/000095010324011889/dp216338_4.xml
META,1326801,Mark Zuckerberg,1548760,2024-08-05,2024-08-02,S,scheduled sale,150,75073.50,500.4900,0.0000,-400150,344699029,0,plan,CG,2,0,Class A Common Stock,I,4,0000950103-24-011722,,https://www.sec.gov/Archives/edgar/data/1326801/000095010324011722/dp216182_4-zuckerberg03.xml
META,1326801,Mark Zuckerberg,1548760,2024-08-05,2024-08-01,S,scheduled sale,4945,2531256.71,511.8820,0.0014,-10366,345099179,0,plan,,18,0,Class A Common Stock,I,4,0000950103-24-011719,,https://www.sec.gov/Archives/edgar/data/1326801/000095010324011719/dp216179_4-zuckerberg01.xml
META,1326801,Mark Zuckerberg,1548760,2024-08-05,2024-08-01,S,scheduled sale,5421,2775229.08,511.9404,0.0016,-10366,345099179,0,plan,,21,0,Class A Common Stock,I,4,0000950103-24-011721,,https://www.sec.gov/Archives/edgar/data/1326801/000095010324011721/dp216180_4-zuckerberg02.xml
META,1326801,Mark Zuckerberg,1548760,2024-07-17,2024-07-16,S,scheduled sale,1712,859892.00,502.2734,0.0005,-1712,345109545,0,plan,,5,0,Class A Common Stock,I,4,0000950103-24-010140,,https://www.sec.gov/Archives/edgar/data/1326801/000095010324010140/dp214627_4-zuckerberg0716.xml
META,1326801,Mark Zuckerberg,1548760,2024-07-17,2024-07-15,S,scheduled sale,8924,4481662.99,502.2034,0.0026,-8924,345111257,0,plan,,12,0,Class A Common Stock,I,4,0000950103-24-010139,,https://www.sec.gov/Archives/edgar/data/1326801/000095010324010139/dp214626_4-zuckerberg0715.xml
META,1326801,Mark Zuckerberg,1548760,2024-07-15,2024-07-12,S,scheduled sale,14874,7487264.93,503.3794,0.0043,-14874,345120181,0,plan,,14,0,Class A Common Stock,I,4,0000950103-24-010035,,https://www.sec.gov/Archives/edgar/data/1326801/000095010324010035/dp214541_4-zuckerberg712.xml
META,1326801,Mark Zuckerberg,1548760,2024-07-15,2024-07-11,S,scheduled sale,7975,4141258.28,519.2800,0.0023,-16702,345135055,0,plan,,18,0,Class A Common Stock,I,4,0000950103-24-010033,,https://www.sec.gov/Archives/edgar/data/1326801/000095010324010033/dp214537_4-zuckerberg01.xml
META,1326801,Mark Zuckerberg,1548760,2024-07-15,2024-07-11,S,scheduled sale,8727,4531258.11,519.2229,0.0025,-16702,345135055,0,plan,,19,0,Class A Common Stock,I,4,0000950103-24-010034,,https://www.sec.gov/Archives/edgar/data/1326801/000095010324010034/dp214540_4-zuckerberg02.xml
META,1326801,Mark Zuckerberg,1548760,2024-07-10,2024-07-10,S,scheduled sale,16702,8916693.40,533.8698,0.0048,-16702,345151757,0,plan,,18,0,Class A Common Stock,I,4,0000950103-24-009860,,https://www.sec.gov/Archives/edgar/data/1326801/000095010324009860/dp214384_4-zuckerberg0710.xml
META,1326801,Mark Zuckerberg,1548760,2024-07-10,2024-07-09,S,scheduled sale,16702,8889412.01,532.2364,0.0048,-16702,345168459,0,plan,,16,0,Class A Common Stock,I,4,0000950103-24-009859,,https://www.sec.gov/Archives/edgar/data/1326801/000095010324009859/dp214339_4-zuckerberg0709.xml
META,1326801,Mark Zuckerberg,1548760,2024-07-10,2024-07-08,S,scheduled sale,16702,8864584.06,530.7499,0.0048,-16702,345185161,0,plan,,22,0,Class A Common Stock,I,4,0000950103-24-009858,,https://www.sec.gov/Archives/edgar/data/1326801/000095010324009858/dp214336_4-zuckerberg0708.xml
META,1326801,Mark Zuckerberg,1548760,2024-07-08,2024-07-05,S,scheduled sale,7975,4217947.97,528.8963,0.0023,-16702,345201863,0,plan,,23,0,Class A Common Stock,I,4,0000950103-24-009734,,https://www.sec.gov/Archives/edgar/data/1326801/000095010324009734/dp214238_4-zuckerberg0705.xml
META,1326801,Mark Zuckerberg,1548760,2024-07-08,2024-07-05,S,scheduled sale,8727,4615412.43,528.8659,0.0025,-16702,345201863,0,plan,,22,0,Class A Common Stock,I,4,0000950103-24-009735,,https://www.sec.gov/Archives/edgar/data/1326801/000095010324009735/dp214239_4-zuckerberg0705ii.xml
META,1326801,Mark Zuckerberg,1548760,2024-07-03,2024-07-03,S,scheduled sale,16702,8503036.80,509.1029,0.0048,-16702,345218565,0,plan,,10,0,Class A Common Stock,I,4,0000950103-24-009663,,https://www.sec.gov/Archives/edgar/data/1326801/000095010324009663/dp214190_4-zuckerberg.xml
META,1326801,Mark Zuckerberg,1548760,2024-07-03,2024-07-02,S,scheduled sale,16702,8444686.56,505.6093,0.0048,-16702,345235267,0,plan,,19,0,Class A Common Stock,I,4,0000950103-24-009662,,https://www.sec.gov/Archives/edgar/data/1326801/000095010324009662/dp214168_4-zuckerberg0702.xml
META,1326801,Mark Zuckerberg,1548760,2024-07-03,2024-07-01,S,scheduled sale,16702,8402412.68,503.0782,0.0048,-16702,345251969,0,plan,,11,0,Class A Common Stock,I,4,0000950103-24-009661,,https://www.sec.gov/Archives/edgar/data/1326801/000095010324009661/dp214167_4-zuckerberg0701.xml
META,1326801,Mark Zuckerberg,1548760,2024-07-01,2024-06-28,S,scheduled sale,16702,8600855.30,514.9596,0.0048,-16702,345268671,0,plan,,30,0,Class A Common Stock,I,4,0000950103-24-009395,,https://www.sec.gov/Archives/edgar/data/1326801/000095010324009395/dp213886_4-zuckerberg0628.xml
META,1326801,Mark Zuckerberg,1548760,2024-07-01,2024-06-27,S,scheduled sale,16702,8661636.65,518.5988,0.0048,-16702,345285373,0,plan,,16,0,Class A Common Stock,I,4,0000950103-24-009388,,https://www.sec.gov/Archives/edgar/data/1326801/000095010324009388/dp213885_4-zuckerberg0627.xml
META,1326801,Mark Zuckerberg,1548760,2024-06-26,2024-06-26,S,scheduled sale,16702,8532663.16,510.8767,0.0048,-16702,345302075,0,plan,,13,0,Class A Common Stock,I,4,0000950103-24-008923,,https://www.sec.gov/Archives/edgar/data/1326801/000095010324008923/dp213469_4-zuckerberg.xml
META,1326801,Mark Zuckerberg,1548760,2024-06-26,2024-06-25,S,scheduled sale,16702,8471408.26,507.2092,0.0048,-16702,345318777,0,plan,,20,0,Class A Common Stock,I,4,0000950103-24-008922,,https://www.sec.gov/Archives/edgar/data/1326801/000095010324008922/dp213386_4-zuckerberg0625.xml
META,1326801,Mark Zuckerberg,1548760,2024-06-26,2024-06-24,S,scheduled sale,9760,4907993.81,502.8682,0.0028,-9760,345335479,0,plan,,14,0,Class A Common Stock,I,4,0000950103-24-008920,,https://www.sec.gov/Archives/edgar/data/1326801/000095010324008920/dp213385_4-zuckerberg0624.xml
META,1326801,Mark Zuckerberg,1548760,2024-06-24,2024-06-21,S,scheduled sale,2054,1029160.65,501.0519,0.0006,-2054,345345239,0,plan,,4,0,Class A Common Stock,I,4,0000950103-24-008718,,https://www.sec.gov/Archives/edgar/data/1326801/000095010324008718/dp213205_4-zuckerberg0621.xml
META,1326801,Mark Zuckerberg,1548760,2024-06-24,2024-06-20,S,scheduled sale,16702,8376438.53,501.5231,0.0048,-16702,345347293,0,plan,,7,0,Class A Common Stock,I,4,0000950103-24-008717,,https://www.sec.gov/Archives/edgar/data/1326801/000095010324008717/dp213204_4-zuckerberg0620.xml
META,1326801,Mark Zuckerberg,1548760,2024-06-20,2024-06-18,S,scheduled sale,7278,3662587.98,503.2410,0.0021,-7278,345363995,0,plan,,10,0,Class A Common Stock,I,4,0000950103-24-008601,,https://www.sec.gov/Archives/edgar/data/1326801/000095010324008601/dp213073_4-zuckerberg0618.xml
META,1326801,Mark Zuckerberg,1548760,2024-06-20,2024-06-17,S,scheduled sale,16702,8436693.25,505.1307,0.0048,-16702,345371273,0,plan,,19,0,Class A Common Stock,I,4,0000950103-24-008595,,https://www.sec.gov/Archives/edgar/data/1326801/000095010324008595/dp213072_4-zuckerberg0617.xml
META,1326801,Mark Zuckerberg,1548760,2024-06-17,2024-06-14,S,scheduled sale,16702,8406858.95,503.3444,0.0048,-16702,345387975,0,plan,,12,0,Class A Common Stock,I,4,0000950103-24-008432,,https://www.sec.gov/Archives/edgar/data/1326801/000095010324008432/dp212956_4-zuckerberg.xml
META,1326801,Mark Zuckerberg,1548760,2024-06-17,2024-06-13,S,scheduled sale,16702,8430542.90,504.7625,0.0048,-16702,345404677,0,plan,,14,0,Class A Common Stock,I,4,0000950103-24-008431,,https://www.sec.gov/Archives/edgar/data/1326801/000095010324008431/dp212955_4-zuckerberg0613.xml
META,1326801,Mark Zuckerberg,1548760,2024-06-12,2024-06-12,S,scheduled sale,16702,8477119.80,507.5512,0.0048,-16702,345421379,0,plan,,14,0,Class A Common Stock,I,4,0000950103-24-008263,,https://www.sec.gov/Archives/edgar/data/1326801/000095010324008263/dp212803_4-zuckerberg0612.xml
META,1326801,Mark Zuckerberg,1548760,2024-06-12,2024-06-11,S,scheduled sale,16702,8404195.74,503.1850,0.0048,-16702,345438081,0,plan,,14,0,Class A Common Stock,I,4,0000950103-24-008262,,https://www.sec.gov/Archives/edgar/data/1326801/000095010324008262/dp212746_4-zuckerberg0611.xml
META,1326801,Mark Zuckerberg,1548760,2024-06-12,2024-06-10,S,scheduled sale,16702,8369813.56,501.1264,0.0048,-16702,345454783,0,plan,,6,0,Class A Common Stock,I,4,0000950103-24-008261,,https://www.sec.gov/Archives/edgar/data/1326801/000095010324008261/dp212745_4-zuckerberg0610.xml
META,1326801,Mark Zuckerberg,1548760,2024-06-10,2024-06-06,S,scheduled sale,2011,1007340.49,500.9152,0.0006,-2011,345471485,0,plan,,4,0,Class A Common Stock,I,4,0000950103-24-008143,,https://www.sec.gov/Archives/edgar/data/1326801/000095010324008143/dp212628_4-zuckerberg0606.xml
META,1326801,Mark Zuckerberg,1548760,2024-04-03,2024-04-01,S,scheduled sale,31465,15464599.61,491.4858,0.0091,-31465,345473496,0,plan,C,14,0,Class A Common Stock,I,4,0000950103-24-004865,,https://www.sec.gov/Archives/edgar/data/1326801/000095010324004865/dp209375_4-zuckerberg0401.xml
META,1326801,Mark Zuckerberg,1548760,2024-04-01,2024-03-28,S,scheduled sale,31493,15379361.94,488.3422,0.0091,-31493,345504961,0,plan,C,7,0,Class A Common Stock,I,4,0000950103-24-004764,,https://www.sec.gov/Archives/edgar/data/1326801/000095010324004764/dp209256_4-zuckerberg0328.xml
META,1326801,Mark Zuckerberg,1548760,2024-03-27,2024-03-27,S,scheduled sale,45495,22390210.83,492.1466,0.0132,-76988,345536454,0,plan,C,18,0,Class A Common Stock,I,4,0000950103-24-004508,,https://www.sec.gov/Archives/edgar/data/1326801/000095010324004508/dp209032_4-zuckerberg32701.xml
META,1326801,Mark Zuckerberg,1548760,2024-03-27,2024-03-27,S,scheduled sale,31493,15498873.48,492.1371,0.0091,-76988,345536454,0,plan,C,11,0,Class A Common Stock,I,4,0000950103-24-004510,,https://www.sec.gov/Archives/edgar/data/1326801/000095010324004510/dp209038_4-zuckerberg0327ii.xml
META,1326801,Mark Zuckerberg,1548760,2024-03-27,2024-03-26,S,scheduled sale,45919,23228305.21,505.8539,0.0133,-77412,345613442,0,plan,C,26,0,Class A Common Stock,I,4,0000950103-24-004501,,https://www.sec.gov/Archives/edgar/data/1326801/000095010324004501/dp208943_4-zuckerberg0326i.xml
META,1326801,Mark Zuckerberg,1548760,2024-03-27,2024-03-26,S,scheduled sale,31493,15930754.39,505.8506,0.0091,-77412,345613442,0,plan,C,14,0,Class A Common Stock,I,4,0000950103-24-004504,,https://www.sec.gov/Archives/edgar/data/1326801/000095010324004504/dp208944_4-zuckerberg0326ii.xml
META,1326801,Mark Zuckerberg,1548760,2024-03-27,2024-03-25,S,scheduled sale,77412,39079406.45,504.8236,0.0224,-77412,345690854,0,plan,C,21,0,Class A Common Stock,I,4,0000950103-24-004499,,https://www.sec.gov/Archives/edgar/data/1326801/000095010324004499/dp208942_4-zuckerberg0325.xml
META,1326801,Mark Zuckerberg,1548760,2024-03-25,2024-03-22,S,scheduled sale,77412,39241592.47,506.9187,0.0224,-77412,345768266,0,plan,C,18,0,Class A Common Stock,I,4,0000950103-24-004241,,https://www.sec.gov/Archives/edgar/data/1326801/000095010324004241/dp208765_4-zuckerberg0322.xml
META,1326801,Mark Zuckerberg,1548760,2024-03-25,2024-03-21,S,scheduled sale,77412,39414295.10,509.1497,0.0224,-77412,345845678,0,plan,C,20,0,Class A Common Stock,I,4,0000950103-24-004240,,https://www.sec.gov/Archives/edgar/data/1326801/000095010324004240/dp208764_4-zuckerberg0321.xml
META,1326801,Mark Zuckerberg,1548760,2024-03-20,2024-03-20,S,scheduled sale,45919,22973395.53,500.3026,0.0133,-77412,345923090,0,plan,C,24,0,Class A Common Stock,I,4,0000950103-24-004093,,https://www.sec.gov/Archives/edgar/data/1326801/000095010324004093/dp208641_4-zuckerberg0320i.xml
META,1326801,Mark Zuckerberg,1548760,2024-03-20,2024-03-20,S,scheduled sale,31493,15756496.29,500.3174,0.0091,-77412,345923090,0,plan,C,12,0,Class A Common Stock,I,4,0000950103-24-004094,,https://www.sec.gov/Archives/edgar/data/1326801/000095010324004094/dp208642_4-zuckerberg0320ii.xml
META,1326801,Mark Zuckerberg,1548760,2024-03-20,2024-03-19,S,scheduled sale,45919,22517098.28,490.3656,0.0133,-77412,346000502,0,plan,C,27,0,Class A Common Stock,I,4,0000950103-24-004091,,https://www.sec.gov/Archives/edgar/data/1326801/000095010324004091/dp208605_4-zuckerberg0319i.xml
META,1326801,Mark Zuckerberg,1548760,2024-03-20,2024-03-19,S,scheduled sale,31493,15443337.54,490.3737,0.0091,-77412,346000502,0,plan,C,14,0,Class A Common Stock,I,4,0000950103-24-004092,,https://www.sec.gov/Archives/edgar/data/1326801/000095010324004092/dp208606-zuckerberg0319ii.xml
META,1326801,Mark Zuckerberg,1548760,2024-03-20,2024-03-18,S,scheduled sale,45919,22609872.41,492.3860,0.0133,-77412,346077914,0,plan,C,20,0,Class A Common Stock,I,4,0000950103-24-004089,,https://www.sec.gov/Archives/edgar/data/1326801/000095010324004089/dp208580_4-zuckerberg1.xml
META,1326801,Mark Zuckerberg,1548760,2024-03-20,2024-03-18,S,scheduled sale,31493,15506249.14,492.3713,0.0091,-77412,346077914,0,plan,C,10,0,Class A Common Stock,I,4,0000950103-24-004090,,https://www.sec.gov/Archives/edgar/data/1326801/000095010324004090/dp208594_4-zuckerberg0318ii.xml
META,1326801,Mark Zuckerberg,1548760,2024-03-18,2024-03-15,S,scheduled sale,77412,37553143.46,485.1075,0.0224,-77412,346155326,0,plan,C,26,0,Class A Common Stock,I,4,0000950103-24-003959,,https://www.sec.gov/Archives/edgar/data/1326801/000095010324003959/dp208473_4-zuckerberg0315.xml
META,1326801,Mark Zuckerberg,1548760,2024-03-18,2024-03-14,S,scheduled sale,45919,22737772.47,495.1713,0.0133,-77412,346232738,0,plan,C,22,0,Class A Common Stock,I,4,0000950103-24-003956,,https://www.sec.gov/Archives/edgar/data/1326801/000095010324003956/dp208471_4-zuckerberg0314i.xml
META,1326801,Mark Zuckerberg,1548760,2024-03-18,2024-03-14,S,scheduled sale,31493,15595219.11,495.1964,0.0091,-77412,346232738,0,plan,C,12,0,Class A Common Stock,I,4,0000950103-24-003957,,https://www.sec.gov/Archives/edgar/data/1326801/000095010324003957/dp208472_4-zuckerberg0314ii.xml
META,1326801,Mark Zuckerberg,1548760,2024-03-13,2024-03-13,S,scheduled sale,77412,38370049.02,495.6602,0.0223,-77412,346310150,0,plan,C,24,0,Class A Common Stock,I,4,0000950103-24-003801,,https://www.sec.gov/Archives/edgar/data/1326801/000095010324003801/dp208359_4-zuckerberg0313.xml
META,1326801,Mark Zuckerberg,1548760,2024-03-13,2024-03-12,S,scheduled sale,32794,16247648.23,495.4458,0.0095,-77412,346387562,0,plan,C,16,0,Class A Common Stock,I,4,0000950103-24-003798,,https://www.sec.gov/Archives/edgar/data/1326801/000095010324003798/dp208320_4-zuckerberg0312i.xml
META,1326801,Mark Zuckerberg,1548760,2024-03-13,2024-03-12,S,scheduled sale,13125,6502454.77,495.4251,0.0038,-77412,346387562,0,plan,C,14,0,Class A Common Stock,I,4,0000950103-24-003799,,https://www.sec.gov/Archives/edgar/data/1326801/000095010324003799/dp208321_4-zuckerberg0312ii.xml
META,1326801,Mark Zuckerberg,1548760,2024-03-13,2024-03-12,S,scheduled sale,31493,15604277.41,495.4840,0.0091,-77412,346387562,0,plan,C,16,0,Class A Common Stock,I,4,0000950103-24-003800,,https://www.sec.gov/Archives/edgar/data/1326801/000095010324003800/dp208322_4-zuckerberg0312iii.xml
META,1326801,Mark Zuckerberg,1548760,2024-03-13,2024-03-11,S,scheduled sale,32794,15908387.24,485.1005,0.0095,-77412,346464974,0,plan,C,17,0,Class A Common Stock,I,4,0000950103-24-003794,,https://www.sec.gov/Archives/edgar/data/1326801/000095010324003794/dp208317_4-zuckerberg0311i.xml
META,1326801,Mark Zuckerberg,1548760,2024-03-13,2024-03-11,S,scheduled sale,13125,6367816.81,485.1670,0.0038,-77412,346464974,0,plan,C,16,0,Class A Common Stock,I,4,0000950103-24-003795,,https://www.sec.gov/Archives/edgar/data/1326801/000095010324003795/dp208318_4-zuckerberg0311ii.xml
META,1326801,Mark Zuckerberg,1548760,2024-03-13,2024-03-11,S,scheduled sale,31493,15277100.93,485.0951,0.0091,-77412,346464974,0,plan,C,16,0,Class A Common Stock,I,4,0000950103-24-003796,,https://www.sec.gov/Archives/edgar/data/1326801/000095010324003796/dp208319_4-zuckerberg0311iii.xml
META,1326801,Mark Zuckerberg,1548760,2024-03-11,2024-03-08,S,scheduled sale,32794,16761702.52,511.1210,0.0095,-77412,346542386,0,plan,C,22,0,Class A Common Stock,I,4,0000950103-24-003678,,https://www.sec.gov/Archives/edgar/data/1326801/000095010324003678/dp208184_4-zuckerberg0308i.xml
META,1326801,Mark Zuckerberg,1548760,2024-03-11,2024-03-08,S,scheduled sale,13125,6709381.23,511.1910,0.0038,-77412,346542386,0,plan,C,20,0,Class A Common Stock,I,4,0000950103-24-003679,,https://www.sec.gov/Archives/edgar/data/1326801/000095010324003679/dp208185_4-zuckerberg0308ii.xml
META,1326801,Mark Zuckerberg,1548760,2024-03-11,2024-03-08,S,scheduled sale,31493,16097009.39,511.1298,0.0091,-77412,346542386,0,plan,C,22,0,Class A Common Stock,I,4,0000950103-24-003680,,https://www.sec.gov/Archives/edgar/data/1326801/000095010324003680/dp208186_4-zuckerberg0308iii.xml
META,1326801,Mark Zuckerberg,1548760,2024-03-11,2024-03-07,S,scheduled sale,32794,16728127.74,510.0972,0.0095,-77412,346619798,0,plan,C,17,0,Class A Common Stock,I,4,0000950103-24-003675,,https://www.sec.gov/Archives/edgar/data/1326801/000095010324003675/dp208180_4-zuckerberg0307i.xml
META,1326801,Mark Zuckerberg,1548760,2024-03-11,2024-03-07,S,scheduled sale,13125,6694255.07,510.0385,0.0038,-77412,346619798,0,plan,C,15,0,Class A Common Stock,I,4,0000950103-24-003676,,https://www.sec.gov/Archives/edgar/data/1326801/000095010324003676/dp208181_4-zuckerberg0307ii.xml
META,1326801,Mark Zuckerberg,1548760,2024-03-11,2024-03-07,S,scheduled sale,31493,16064321.94,510.0918,0.0091,-77412,346619798,0,plan,C,17,0,Class A Common Stock,I,4,0000950103-24-003677,,https://www.sec.gov/Archives/edgar/data/1326801/000095010324003677/dp208182_4-zuckerberg0307iii.xml
META,1326801,Mark Zuckerberg,1548760,2024-03-06,2024-03-06,S,scheduled sale,77412,38520828.22,497.6080,0.0223,-77412,346697210,0,plan,C,24,0,Class A Common Stock,I,4,0000950103-24-003508,,https://www.sec.gov/Archives/edgar/data/1326801/000095010324003508/dp208066_4-zuckerberg0306.xml
META,1326801,Mark Zuckerberg,1548760,2024-03-06,2024-03-05,S,scheduled sale,77412,38022433.19,491.1698,0.0223,-77412,346774622,0,plan,C,22,0,Class A Common Stock,I,4,0000950103-24-003507,,https://www.sec.gov/Archives/edgar/data/1326801/000095010324003507/dp208027_4-zuckerberg0305.xml
META,1326801,Mark Zuckerberg,1548760,2024-03-06,2024-03-04,S,scheduled sale,77412,38752238.99,500.5973,0.0223,-77412,346852034,0,plan,C,23,0,Class A Common Stock,I,4,0000950103-24-003506,,https://www.sec.gov/Archives/edgar/data/1326801/000095010324003506/dp208026_4-zuckerberg0304.xml
META,1326801,Mark Zuckerberg,1548760,2024-03-04,2024-03-01,S,scheduled sale,45919,22973455.84,500.3039,0.0132,-77412,346929446,0,plan,C,19,0,Class A Common Stock,I,4,0000950103-24-003400,,https://www.sec.gov/Archives/edgar/data/1326801/000095010324003400/dp207938_4-zuckerberg0301i.xml
META,1326801,Mark Zuckerberg,1548760,2024-03-04,2024-03-01,S,scheduled sale,31493,15755680.72,500.2915,0.0091,-77412,346929446,0,plan,C,10,0,Class A Common Stock,I,4,0000950103-24-003404,,https://www.sec.gov/Archives/edgar/data/1326801/000095010324003404/dp207939_4-zuckerberg0301ii.xml
META,1326801,Mark Zuckerberg,1548760,2024-03-04,2024-02-29,S,scheduled sale,77412,37800659.26,488.3049,0.0223,-77412,347006858,0,plan,C,26,0,Class A Common Stock,I,4,0000950103-24-003399,,https://www.sec.gov/Archives/edgar/data/1326801/000095010324003399/dp207937_4-zuckerberg0229.xml
META,1326801,Mark Zuckerberg,1548760,2024-02-28,2024-02-28,S,scheduled sale,77412,37635973.87,486.1775,0.0223,-77412,347084270,0,plan,C,24,0,Class A Common Stock,I,4,0000950103-24-003095,,https://www.sec.gov/Archives/edgar/data/1326801/000095010324003095/dp207649_4-zuckerberg0228.xml
META,1326801,Mark Zuckerberg,1548760,2024-02-28,2024-02-27,S,scheduled sale,77412,37491535.99,484.3117,0.0223,-77412,347161682,0,plan,C,21,0,Class A Common Stock,I,4,0000950103-24-003094,,https://www.sec.gov/Archives/edgar/data/1326801/000095010324003094/dp207545_4-zuckerberg0227.xml
META,1326801,Mark Zuckerberg,1548760,2024-02-28,2024-02-26,S,scheduled sale,77412,37416416.93,483.3413,0.0223,-77412,347239094,0,plan,C,16,0,Class A Common Stock,I,4,0000950103-24-003093,,https://www.sec.gov/Archives/edgar/data/1326801/000095010324003093/dp207544_4-zuckerberg0226.xml
META,1326801,Mark Zuckerberg,1548760,2024-02-26,2024-02-23,S,scheduled sale,45919,22386810.76,487.5283,0.0132,-77412,347316506,0,plan,C,21,0,Class A Common Stock,I,4,0000950103-24-002790,,https://www.sec.gov/Archives/edgar/data/1326801/000095010324002790/dp207316_4-zuckerberg0223i.xml
META,1326801,Mark Zuckerberg,1548760,2024-02-26,2024-02-23,S,scheduled sale,31493,15353612.14,487.5246,0.0091,-77412,347316506,0,plan,C,12,0,Class A Common Stock,I,4,0000950103-24-002791,,https://www.sec.gov/Archives/edgar/data/1326801/000095010324002791/dp207317_4-zuckerberg0223ii.xml
META,1326801,Mark Zuckerberg,1548760,2024-02-26,2024-02-22,S,scheduled sale,46018,22356735.99,485.8259,0.0132,-77527,347393918,0,plan,C,26,0,Class A Common Stock,I,4,0000950103-24-002787,,https://www.sec.gov/Archives/edgar/data/1326801/000095010324002787/dp207314_4-zuckerberg0222i.xml
META,1326801,Mark Zuckerberg,1548760,2024-02-26,2024-02-22,S,scheduled sale,31509,15308514.29,485.8458,0.0091,-77527,347393918,0,plan,C,14,0,Class A Common Stock,I,4,0000950103-24-002789,,https://www.sec.gov/Archives/edgar/data/1326801/000095010324002789/dp207315_4-zuckerberg0222ii.xml
META,1326801,Mark Zuckerberg,1548760,2024-02-21,2024-02-21,S,scheduled sale,97093,45252792.05,466.0768,0.0279,-97093,347471445,0,plan,C,27,0,Class A Common Stock,I,4,0000950103-24-002563,,https://www.sec.gov/Archives/edgar/data/1326801/000095010324002563/dp207159_4-zuckerberg0221.xml
META,1326801,Mark Zuckerberg,1548760,2024-02-21,2024-02-20,S,scheduled sale,62695,29470403.77,470.0599,0.0180,-97093,347568538,0,plan,C,18,0,Class A Common Stock,I,4,0000950103-24-002561,,https://www.sec.gov/Archives/edgar/data/1326801/000095010324002561/dp207104_4-zuckerberg0220i.xml
META,1326801,Mark Zuckerberg,1548760,2024-02-21,2024-02-20,S,scheduled sale,34398,16169872.15,470.0818,0.0099,-97093,347568538,0,plan,C,17,0,Class A Common Stock,I,4,0000950103-24-002562,,https://www.sec.gov/Archives/edgar/data/1326801/000095010324002562/dp207105_4-zuckerberg0220ii.xml
META,1326801,Mark Zuckerberg,1548760,2024-02-20,2024-02-16,S,scheduled sale,62695,29706040.66,473.8183,0.0180,-97093,347665631,0,plan,C,18,0,Class A Common Stock,I,4,0000950103-24-002472,,https://www.sec.gov/Archives/edgar/data/1326801/000095010324002472/dp207012_4-zuckerberg0216i.xml
META,1326801,Mark Zuckerberg,1548760,2024-02-20,2024-02-16,S,scheduled sale,34398,16298919.03,473.8333,0.0099,-97093,347665631,0,plan,C,17,0,Class A Common Stock,I,4,0000950103-24-002473,,https://www.sec.gov/Archives/edgar/data/1326801/000095010324002473/dp207013_4-zuckerberg0216ii.xml
META,1326801,Mark Zuckerberg,1548760,2024-02-20,2024-02-15,S,scheduled sale,44770,21603116.26,482.5355,0.0129,-97093,347762724,0,plan,C,16,0,Class A Common Stock,I,4,0000950103-24-002469,,https://www.sec.gov/Archives/edgar/data/1326801/000095010324002469/dp207008_4-zuckerberg0215i.xml
META,1326801,Mark Zuckerberg,1548760,2024-02-20,2024-02-15,S,scheduled sale,17925,8649092.85,482.5156,0.0052,-97093,347762724,0,plan,C,14,0,Class A Common Stock,I,4,0000950103-24-002470,,https://www.sec.gov/Archives/edgar/data/1326801/000095010324002470/dp207009_4-zuckerberg0215ii.xml
META,1326801,Mark Zuckerberg,1548760,2024-02-20,2024-02-15,S,scheduled sale,34398,16599044.78,482.5584,0.0099,-97093,347762724,0,plan,C,26,0,Class A Common Stock,I,4,0000950103-24-002471,,https://www.sec.gov/Archives/edgar/data/1326801/000095010324002471/dp207010_4-zuckerberg0215iii.xml
META,1326801,Mark Zuckerberg,1548760,2024-02-14,2024-02-14,S,scheduled sale,62695,29446444.54,469.6777,0.0180,-97093,347859817,0,plan,C,16,0,Class A Common Stock,I,4,0000950103-24-002229,,https://www.sec.gov/Archives/edgar/data/1326801/000095010324002229/dp206812_4-zuckerberg0214i.xml
META,1326801,Mark Zuckerberg,1548760,2024-02-14,2024-02-14,S,scheduled sale,34398,16156302.73,469.6873,0.0099,-97093,347859817,0,plan,C,15,0,Class A Common Stock,I,4,0000950103-24-002230,,https://www.sec.gov/Archives/edgar/data/1326801/000095010324002230/dp206813_4-zuckerberg0214ii.xml
META,1326801,Mark Zuckerberg,1548760,2024-02-14,2024-02-13,S,scheduled sale,62695,29033248.96,463.0872,0.0180,-97093,347956910,0,plan,C,23,0,Class A Common Stock,I,4,0000950103-24-002227,,https://www.sec.gov/Archives/edgar/data/1326801/000095010324002227/dp206761_4-zuckerberg0213i.xml
META,1326801,Mark Zuckerberg,1548760,2024-02-14,2024-02-13,S,scheduled sale,34398,15929869.77,463.1045,0.0099,-97093,347956910,0,plan,C,20,0,Class A Common Stock,I,4,0000950103-24-002228,,https://www.sec.gov/Archives/edgar/data/1326801/000095010324002228/dp206762_4-zuckerberg0213ii.xml
META,1326801,Mark Zuckerberg,1548760,2024-02-14,2024-02-12,S,scheduled sale,62695,29674817.26,473.3203,0.0180,-97093,348054003,0,plan,C,24,0,Class A Common Stock,I,4,0000950103-24-002225,,https://www.sec.gov/Archives/edgar/data/1326801/000095010324002225/dp206759_4-zuckerberg0212i.xml
META,1326801,Mark Zuckerberg,1548760,2024-02-14,2024-02-12,S,scheduled sale,34398,16281360.29,473.3229,0.0099,-97093,348054003,0,plan,C,22,0,Class A Common Stock,I,4,0000950103-24-002226,,https://www.sec.gov/Archives/edgar/data/1326801/000095010324002226/dp206760_4-zuckerberg0212ii.xml
META,1326801,Mark Zuckerberg,1548760,2024-02-12,2024-02-09,S,scheduled sale,97093,45601727.05,469.6706,0.0279,-97093,348151096,0,plan,C,23,0,Class A Common Stock,I,4,0000950103-24-002082,,https://www.sec.gov/Archives/edgar/data/1326801/000095010324002082/dp206640_4-zuckerberg0209.xml
META,1326801,Mark Zuckerberg,1548760,2024-02-12,2024-02-08,S,scheduled sale,97093,45456884.11,468.1788,0.0279,-97093,348248189,0,plan,CG,22,0,Class A Common Stock,I,4,0000950103-24-002081,,https://www.sec.gov/Archives/edgar/data/1326801/000095010324002081/dp206639_4-zuckerberg0208.xml
META,1326801,Mark Zuckerberg,1548760,2024-02-07,2024-02-07,S,scheduled sale,62695,29328211.51,467.7919,0.0180,-97093,348345282,0,plan,C,23,0,Class A Common Stock,I,4,0000950103-24-001899,,https://www.sec.gov/Archives/edgar/data/1326801/000095010324001899/dp206509_4-zuckerberg0207i.xml
META,1326801,Mark Zuckerberg,1548760,2024-02-07,2024-02-07,S,scheduled sale,34398,16092072.84,467.8200,0.0099,-97093,348345282,0,plan,C,21,0,Class A Common Stock,I,4,0000950103-24-001900,,https://www.sec.gov/Archives/edgar/data/1326801/000095010324001900/dp206510_4-zuckerberg0207ii.xml
META,1326801,Mark Zuckerberg,1548760,2024-02-07,2024-02-06,S,scheduled sale,62695,28683461.38,457.5080,0.0180,-97093,348442375,0,plan,C,24,0,Class A Common Stock,I,4,0000950103-24-001897,,https://www.sec.gov/Archives/edgar/data/1326801/000095010324001897/dp206467_4-zuckerberg0206i.xml
META,1326801,Mark Zuckerberg,1548760,2024-02-07,2024-02-06,S,scheduled sale,34398,15737680.91,457.5173,0.0099,-97093,348442375,0,plan,C,21,0,Class A Common Stock,I,4,0000950103-24-001898,,https://www.sec.gov/Archives/edgar/data/1326801/000095010324001898/dp206468_4-zuckerberg0206ii.xml
META,1326801,Mark Zuckerberg,1548760,2024-02-07,2024-02-05,S,scheduled sale,62695,29029724.35,463.0309,0.0180,-97093,348539468,0,plan,C,23,0,Class A Common Stock,I,4,0000950103-24-001895,,https://www.sec.gov/Archives/edgar/data/1326801/000095010324001895/dp206444_4-zuckerberg0205i.xml
META,1326801,Mark Zuckerberg,1548760,2024-02-07,2024-02-05,S,scheduled sale,34398,15925978.70,462.9914,0.0099,-97093,348539468,0,plan,C,21,0,Class A Common Stock,I,4,0000950103-24-001896,,https://www.sec.gov/Archives/edgar/data/1326801/000095010324001896/dp206445_4-zuckerberg0205ii.xml
META,1326801,Mark Zuckerberg,1548760,2024-02-05,2024-02-02,S,scheduled sale,44770,21278720.42,475.2897,0.0128,-97093,348636561,0,plan,C,26,0,Class A Common Stock,I,4,0000950103-24-001749,,https://www.sec.gov/Archives/edgar/data/1326801/000095010324001749/dp206333_4-zuckerberg0202i.xml
META,1326801,Mark Zuckerberg,1548760,2024-02-05,2024-02-02,S,scheduled sale,17925,8517318.63,475.1642,0.0051,-97093,348636561,0,plan,C,21,0,Class A Common Stock,I,4,0000950103-24-001750,,https://www.sec.gov/Archives/edgar/data/1326801/000095010324001750/dp206334_4-zuckerberg0202ii.xml
META,1326801,Mark Zuckerberg,1548760,2024-02-05,2024-02-02,S,scheduled sale,2905,1380743.70,475.2990,0.0008,-97093,348636561,0,plan,,15,0,Class A Common Stock,I,4,0000950103-24-001751,,https://www.sec.gov/Archives/edgar/data/1326801/000095010324001751/dp206336_4-zuckerberg0202iii.xml
META,1326801,Mark Zuckerberg,1548760,2024-02-05,2024-02-02,S,scheduled sale,31493,14969748.16,475.3357,0.0090,-97093,348636561,0,plan,C,25,0,Class A Common Stock,I,4,0000950103-24-001752,,https://www.sec.gov/Archives/edgar/data/1326801/000095010324001752/dp206337_4-zuckerberg0202ivi.xml
META,1326801,Mark Zuckerberg,1548760,2024-02-05,2024-02-01,S,scheduled sale,20081,7967950.37,396.7905,0.0058,-20081,348733654,0,plan,C,19,0,Class A Common Stock,I,4,0000950103-24-001748,,https://www.sec.gov/Archives/edgar/data/1326801/000095010324001748/dp206335_4-zuckerberg0201.xml
META,1326801,Mark Zuckerberg,1548760,2024-01-31,2024-01-31,S,scheduled sale,19681,7751411.45,393.8525,0.0056,-19681,348753735,0,plan,C,24,0,Class A Common Stock,I,4,0000950103-24-001543,,https://www.sec.gov/Archives/edgar/data/1326801/000095010324001543/dp206158_4-zuckerberg0131.xml
META,1326801,Mark Zuckerberg,1548760,2024-01-31,2024-01-30,S,scheduled sale,65600,26431767.47,402.9233,0.0188,-65600,348773416,0,plan,C,20,0,Class A Common Stock,I,4,0000950103-24-001542,,https://www.sec.gov/Archives/edgar/data/1326801/000095010324001542/dp206050_4-zuckerberg130.xml
META,1326801,Mark Zuckerberg,1548760,2024-01-31,2024-01-29,S,scheduled sale,65600,26273123.13,400.5049,0.0188,-65600,348839016,0,plan,C,25,0,Class A Common Stock,I,4,0000950103-24-001541,,https://www.sec.gov/Archives/edgar/data/1326801/000095010324001541/dp206049_4-zuckerberg129.xml
META,1326801,Mark Zuckerberg,1548760,2024-01-29,2024-01-26,S,scheduled sale,19681,7769182.15,394.7555,0.0056,-19681,348904616,0,plan,C,15,0,Class A Common Stock,I,4,0000950103-24-001253,,https://www.sec.gov/Archives/edgar/data/1326801/000095010324001253/dp205814_4-zuckerberg0126.xml
META,1326801,Mark Zuckerberg,1548760,2024-01-29,2024-01-25,S,scheduled sale,19681,7729720.04,392.7504,0.0056,-19681,348924297,0,plan,C,23,0,Class A Common Stock,I,4,0000950103-24-001251,,https://www.sec.gov/Archives/edgar/data/1326801/000095010324001251/dp205813_4-zuckerberg0125.xml
META,1326801,Mark Zuckerberg,1548760,2024-01-24,2024-01-24,S,scheduled sale,19681,7721939.01,392.3550,0.0056,-19681,348943978,0,plan,C,22,0,Class A Common Stock,I,4,0000950103-24-001096,,https://www.sec.gov/Archives/edgar/data/1326801/000095010324001096/dp205710_4-zuckerberg0124.xml
META,1326801,Mark Zuckerberg,1548760,2024-01-24,2024-01-23,S,scheduled sale,19681,7583031.04,385.2970,0.0056,-19681,348963659,0,plan,C,19,0,Class A Common Stock,I,4,0000950103-24-001095,,https://www.sec.gov/Archives/edgar/data/1326801/000095010324001095/dp205671_4-zuckerberg123.xml
META,1326801,Mark Zuckerberg,1548760,2024-01-24,2024-01-22,S,scheduled sale,19681,7568176.22,384.5423,0.0056,-19681,348983340,0,plan,C,23,0,Class A Common Stock,I,4,0000950103-24-001094,,https://www.sec.gov/Archives/edgar/data/1326801/000095010324001094/dp205670_4-zuckerberg122.xml
META,1326801,Mark Zuckerberg,1548760,2024-01-22,2024-01-19,S,scheduled sale,19681,7513660.61,381.7723,0.0056,-19681,349003021,0,plan,C,17,0,Class A Common Stock,I,4,0000950103-24-000981,,https://www.sec.gov/Archives/edgar/data/1326801/000095010324000981/dp205557_4-zuckerberg0119.xml
META,1326801,Mark Zuckerberg,1548760,2024-01-22,2024-01-18,S,scheduled sale,19681,7370916.01,374.5194,0.0056,-19681,349022702,0,plan,C,17,0,Class A Common Stock,I,4,0000950103-24-000979,,https://www.sec.gov/Archives/edgar/data/1326801/000095010324000979/dp205556_4-zuckerberg0118.xml
META,1326801,Mark Zuckerberg,1548760,2024-01-17,2024-01-17,S,scheduled sale,19681,7183282.62,364.9857,0.0056,-19681,349042383,0,plan,C,25,0,Class A Common Stock,I,4,0000950103-24-000753,,https://www.sec.gov/Archives/edgar/data/1326801/000095010324000753/dp205368_4-zuckerberg0117.xml
META,1326801,Mark Zuckerberg,1548760,2024-01-17,2024-01-16,S,scheduled sale,19681,7282658.47,370.0350,0.0056,-19681,349062064,0,plan,C,21,0,Class A Common Stock,I,4,0000950103-24-000752,,https://www.sec.gov/Archives/edgar/data/1326801/000095010324000752/dp205325_4-zuckerberg116.xml
META,1326801,Mark Zuckerberg,1548760,2024-01-16,2024-01-12,S,scheduled sale,19681,7364951.23,374.2163,0.0056,-19681,349081745,0,plan,C,17,0,Class A Common Stock,I,4,0000950103-24-000705,,https://www.sec.gov/Archives/edgar/data/1326801/000095010324000705/dp205273_4-zuckerberg0112.xml
META,1326801,Mark Zuckerberg,1548760,2024-01-16,2024-01-11,S,scheduled sale,19681,7243445.03,368.0425,0.0056,-19681,349101426,0,plan,C,24,0,Class A Common Stock,I,4,0000950103-24-000703,,https://www.sec.gov/Archives/edgar/data/1326801/000095010324000703/dp205274_4-zuckerberg0111.xml
META,1326801,Mark Zuckerberg,1548760,2024-01-10,2024-01-10,S,scheduled sale,16776,6188459.59,368.8877,0.0048,-19681,349121107,0,plan,C,22,0,Class A Common Stock,I,4,0000950103-24-000542,,https://www.sec.gov/Archives/edgar/data/1326801/000095010324000542/dp205161_4-zuckerberg0110i.xml
META,1326801,Mark Zuckerberg,1548760,2024-01-10,2024-01-10,S,scheduled sale,2905,1071769.18,368.9395,0.0008,-19681,349121107,0,plan,,9,0,Class A Common Stock,I,4,0000950103-24-000543,,https://www.sec.gov/Archives/edgar/data/1326801/000095010324000543/dp205162_4-zuckerberg0110ii.xml
META,1326801,Mark Zuckerberg,1548760,2024-01-10,2024-01-09,S,scheduled sale,19681,7045931.46,358.0068,0.0056,-19681,349140788,0,plan,C,15,0,Class A Common Stock,I,4,0000950103-24-000541,,https://www.sec.gov/Archives/edgar/data/1326801/000095010324000541/dp205113_4-zuckerberg0109.xml
META,1326801,Mark Zuckerberg,1548760,2024-01-10,2024-01-08,S,scheduled sale,19681,6991680.97,355.2503,0.0056,-19681,349160469,0,plan,C,20,0,Class A Common Stock,I,4,0000950103-24-000540,,https://www.sec.gov/Archives/edgar/data/1326801/000095010324000540/dp205112_4-zuckerberg0108.xml
META,1326801,Mark Zuckerberg,1548760,2024-01-08,2024-01-05,S,scheduled sale,19681,6917351.89,351.4736,0.0056,-19681,349180150,0,plan,C,11,0,Class A Common Stock,I,4,0000950103-24-000447,,https://www.sec.gov/Archives/edgar/data/1326801/000095010324000447/dp205020_4-zuckerberg0105.xml
META,1326801,Mark Zuckerberg,1548760,2024-01-03,2024-01-02,S,scheduled sale,1064,374002.72,351.5063,0.0003,-1064,349199831,0,plan,C,6,0,Class A Common Stock,I,4,0000950103-24-000216,,https://www.sec.gov/Archives/edgar/data/1326801/000095010324000216/dp204795_4-zuckerberg0102.xml
META,1326801,Mark Zuckerberg,1548760,2024-01-02,2023-12-29,S,scheduled sale,19681,6984195.86,354.8700,0.0056,-19681,349200895,0,plan,C,21,0,Class A Common Stock,I,4,0000950103-24-000068,,https://www.sec.gov/Archives/edgar/data/1326801/000095010324000068/dp204646_4-zuckerberg122923.xml
META,1326801,Mark Zuckerberg,1548760,2024-01-02,2023-12-28,S,scheduled sale,47664,17149403.92,359.7978,0.0136,-47664,349220576,0,plan,C,12,0,Class A Common Stock,I,4,0000950103-24-000063,,https://www.sec.gov/Archives/edgar/data/1326801/000095010324000063/dp204645_4-zuckerberg122823.xml
META,1326801,Mark Zuckerberg,1548760,2023-12-27,2023-12-27,S,scheduled sale,47690,17045951.41,357.4324,0.0137,-47690,349268240,0,plan,C,12,0,Class A Common Stock,I,4,0000950103-23-018004,,https://www.sec.gov/Archives/edgar/data/1326801/000095010323018004/dp204509_4-zuckerberg1227.xml
META,1326801,Mark Zuckerberg,1548760,2023-12-27,2023-12-26,S,scheduled sale,47690,16934309.89,355.0914,0.0137,-47690,349315930,0,plan,C,12,0,Class A Common Stock,I,4,0000950103-23-018003,,https://www.sec.gov/Archives/edgar/data/1326801/000095010323018003/dp204453_4-zuckerberg1226.xml
META,1326801,Mark Zuckerberg,1548760,2023-12-26,2023-12-22,S,scheduled sale,47690,16885963.63,354.0777,0.0136,-47690,349363620,0,plan,C,18,0,Class A Common Stock,I,4,0000950103-23-017928,,https://www.sec.gov/Archives/edgar/data/1326801/000095010323017928/dp204405_4-zuckerberg1222.xml
META,1326801,Mark Zuckerberg,1548760,2023-12-26,2023-12-21,S,scheduled sale,47690,16798472.36,352.2431,0.0136,-47690,349411310,0,plan,C,20,0,Class A Common Stock,I,4,0000950103-23-017927,,https://www.sec.gov/Archives/edgar/data/1326801/000095010323017927/dp204404_4-zuckerberg1221.xml
META,1326801,Mark Zuckerberg,1548760,2023-12-20,2023-12-20,S,scheduled sale,46509,16373380.97,352.0476,0.0133,-46509,349459000,0,plan,C,19,0,Class A Common Stock,I,4,0000950103-23-017757,,https://www.sec.gov/Archives/edgar/data/1326801/000095010323017757/dp204257_4-zuckerberg1220.xml
META,1326801,Mark Zuckerberg,1548760,2023-12-20,2023-12-19,S,scheduled sale,47690,16730944.83,350.8271,0.0136,-47690,349505509,0,plan,C,20,0,Class A Common Stock,I,4,0000950103-23-017756,,https://www.sec.gov/Archives/edgar/data/1326801/000095010323017756/dp204229_4-zuckerberg1219.xml
META,1326801,Mark Zuckerberg,1548760,2023-12-20,2023-12-18,S,scheduled sale,28009,9638392.83,344.1177,0.0080,-28009,349553199,0,plan,C,25,0,Class A Common Stock,I,4,0000950103-23-017755,,https://www.sec.gov/Archives/edgar/data/1326801/000095010323017755/dp204228_4-zuckerberg1218.xml
META,1326801,Mark Zuckerberg,1548760,2023-12-18,2023-12-15,S,scheduled sale,28009,9408484.50,335.9093,0.0080,-28009,349581208,0,plan,C,19,0,Class A Common Stock,I,4,0000950103-23-017629,,https://www.sec.gov/Archives/edgar/data/1326801/000095010323017629/dp204110_4-zuckerberg1215.xml
META,1326801,Mark Zuckerberg,1548760,2023-12-18,2023-12-14,S,scheduled sale,28009,9296660.41,331.9169,0.0080,-28009,349609217,0,plan,C,18,0,Class A Common Stock,I,4,0000950103-23-017628,,https://www.sec.gov/Archives/edgar/data/1326801/000095010323017628/dp204109_4-zuckerberg1214.xml
META,1326801,Mark Zuckerberg,1548760,2023-12-13,2023-12-13,S,scheduled sale,28009,9392549.43,335.3404,0.0080,-28009,349637226,0,plan,C,15,0,Class A Common Stock,I,4,0000950103-23-017466,,https://www.sec.gov/Archives/edgar/data/1326801/000095010323017466/dp203964_4-zuckerberg1213.xml
META,1326801,Mark Zuckerberg,1548760,2023-12-13,2023-12-12,S,scheduled sale,28009,9245070.15,330.0750,0.0080,-28009,349665235,0,plan,C,26,0,Class A Common Stock,I,4,0000950103-23-017465,,https://www.sec.gov/Archives/edgar/data/1326801/000095010323017465/dp203945_4-zuckerberg1212.xml
META,1326801,Mark Zuckerberg,1548760,2023-12-13,2023-12-11,S,scheduled sale,28009,9061478.64,323.5202,0.0080,-28009,349693244,0,plan,C,22,0,Class A Common Stock,I,4,0000950103-23-017464,,https://www.sec.gov/Archives/edgar/data/1326801/000095010323017464/dp203944_4-zuckerberg1211.xml
META,1326801,Mark Zuckerberg,1548760,2023-12-11,2023-12-08,S,scheduled sale,28009,9239639.28,329.8811,0.0080,-28009,349721253,0,plan,C,24,0,Class A Common Stock,I,4,0000950103-23-017384,,https://www.sec.gov/Archives/edgar/data/1326801/000095010323017384/dp203865_4-zuckerberg1208.xml
META,1326801,Mark Zuckerberg,1548760,2023-12-11,2023-12-07,S,scheduled sale,28009,9105012.76,325.0745,0.0080,-28009,349749262,0,plan,C,25,0,Class A Common Stock,I,4,0000950103-23-017383,,https://www.sec.gov/Archives/edgar/data/1326801/000095010323017383/dp203864_4-zuckerberg1207.xml
META,1326801,Mark Zuckerberg,1548760,2023-12-06,2023-12-06,S,scheduled sale,28009,8941764.88,319.2461,0.0080,-28009,349777271,0,plan,C,15,0,Class A Common Stock,I,4,0000950103-23-017274,,https://www.sec.gov/Archives/edgar/data/1326801/000095010323017274/dp203772_4-zuckerberg1206.xml
META,1326801,Mark Zuckerberg,1548760,2023-12-06,2023-12-05,S,scheduled sale,28009,8909455.65,318.0926,0.0080,-28009,349805280,0,plan,C,19,0,Class A Common Stock,I,4,0000950103-23-017273,,https://www.sec.gov/Archives/edgar/data/1326801/000095010323017273/dp203741_4-zuckerberg1205.xml
META,1326801,Mark Zuckerberg,1548760,2023-12-06,2023-12-04,S,scheduled sale,28009,8887013.38,317.2913,0.0080,-28009,349833289,0,plan,C,21,0,Class A Common Stock,I,4,0000950103-23-017271,,https://www.sec.gov/Archives/edgar/data/1326801/000095010323017271/dp203740_4-zuckerberg1204.xml
META,1326801,Mark Zuckerberg,1548760,2023-12-04,2023-12-01,S,scheduled sale,28009,9059965.24,323.4662,0.0080,-28009,349861298,0,plan,C,16,0,Class A Common Stock,I,4,0000950103-23-017185,,https://www.sec.gov/Archives/edgar/data/1326801/000095010323017185/dp203678_4-zuckerberg1201.xml
META,1326801,Mark Zuckerberg,1548760,2023-12-04,2023-11-30,S,scheduled sale,28009,9132145.57,326.0433,0.0080,-28009,349889307,0,plan,C,28,0,Class A Common Stock,I,4,0000950103-23-017184,,https://www.sec.gov/Archives/edgar/data/1326801/000095010323017184/dp203649_4-zuckerberg1130.xml
META,1326801,Mark Zuckerberg,1548760,2023-11-29,2023-11-29,S,scheduled sale,28009,9355700.38,334.0248,0.0080,-28009,349917316,0,plan,C,22,0,Class A Common Stock,I,4,0000950103-23-016832,,https://www.sec.gov/Archives/edgar/data/1326801/000095010323016832/dp203339_4-zuckerberg1129.xml
META,1326801,Mark Zuckerberg,1548760,2023-11-29,2023-11-28,S,scheduled sale,28009,9408309.18,335.9031,0.0080,-28009,349945325,0,plan,C,15,0,Class A Common Stock,I,4,0000950103-23-016831,,https://www.sec.gov/Archives/edgar/data/1326801/000095010323016831/dp203288_4-zuckerberg1128.xml
META,1326801,Mark Zuckerberg,1548760,2023-11-29,2023-11-27,S,scheduled sale,28009,9460098.32,337.7521,0.0080,-28009,349973334,0,plan,C,18,0,Class A Common Stock,I,4,0000950103-23-016830,,https://www.sec.gov/Archives/edgar/data/1326801/000095010323016830/dp203238_4-zuckerberg1127.xml
META,1326801,Mark Zuckerberg,1548760,2023-11-27,2023-11-24,S,scheduled sale,28009,9481419.44,338.5133,0.0080,-28009,350001343,0,plan,C,15,0,Class A Common Stock,I,4,0000950103-23-016650,,https://www.sec.gov/Archives/edgar/data/1326801/000095010323016650/dp203145_4-zuckerberg1124.xml
META,1326801,Mark Zuckerberg,1548760,2023-11-27,2023-11-22,S,scheduled sale,28009,9559965.03,341.3176,0.0080,-28009,350029352,0,plan,C,11,0,Class A Common Stock,I,4,0000950103-23-016649,,https://www.sec.gov/Archives/edgar/data/1326801/000095010323016649/dp203146_4-zuckerberg1122.xml
META,1326801,Mark Zuckerberg,1548760,2023-11-22,2023-11-21,S,scheduled sale,28009,9467419.44,338.0135,0.0080,-28009,350057361,0,plan,C,12,0,Class A Common Stock,I,4,0000950103-23-016591,,https://www.sec.gov/Archives/edgar/data/1326801/000095010323016591/dp203075_4-zuckerberg1121.xml
META,1326801,Mark Zuckerberg,1548760,2023-11-22,2023-11-20,S,scheduled sale,28009,9496064.38,339.0362,0.0080,-28009,350085370,0,plan,C,18,0,Class A Common Stock,I,4,0000950103-23-016590,,https://www.sec.gov/Archives/edgar/data/1326801/000095010323016590/dp203074_4-zuckerberg1120.xml
META,1326801,Mark Zuckerberg,1548760,2023-11-20,2023-11-17,S,scheduled sale,28009,9345874.26,333.6740,0.0080,-28009,350113379,0,plan,C,17,0,Class A Common Stock,I,4,0000950103-23-016490,,https://www.sec.gov/Archives/edgar/data/1326801/000095010323016490/dp202965_4-zuckerberg1117.xml
META,1326801,Mark Zuckerberg,1548760,2023-11-20,2023-11-16,S,scheduled sale,28009,9267975.73,330.8928,0.0080,-28009,350141388,0,plan,C,24,0,Class A Common Stock,I,4,0000950103-23-016489,,https://www.sec.gov/Archives/edgar/data/1326801/000095010323016489/dp202964_4-zuckerberg1116.xml
META,1326801,Mark Zuckerberg,1548760,2023-11-15,2023-11-15,S,scheduled sale,28009,9350400.47,333.8356,0.0080,-28009,350169397,0,plan,C,20,0,Class A Common Stock,I,4,0000950103-23-016312,,https://www.sec.gov/Archives/edgar/data/1326801/000095010323016312/dp202872_4-zuckerberg1115.xml
META,1326801,Mark Zuckerberg,1548760,2023-11-15,2023-11-14,S,scheduled sale,28009,9399638.53,335.5935,0.0080,-28009,350197406,0,plan,C,13,0,Class A Common Stock,I,4,0000950103-23-016311,,https://www.sec.gov/Archives/edgar/data/1326801/000095010323016311/dp202826_4-zuckerberg1114.xml
META,1326801,Mark Zuckerberg,1548760,2023-11-15,2023-11-13,S,scheduled sale,28009,9244290.04,330.0471,0.0080,-28009,350225415,0,plan,C,18,0,Class A Common Stock,I,4,0000950103-23-016310,,https://www.sec.gov/Archives/edgar/data/1326801/000095010323016310/dp202824_4-zuckerberg1113.xml
META,1326801,Mark Zuckerberg,1548760,2023-11-13,2023-11-10,S,scheduled sale,28009,9125421.79,325.8032,0.0080,-28009,350253424,0,plan,C,25,0,Class A Common Stock,I,4,0000950103-23-016208,,https://www.sec.gov/Archives/edgar/data/1326801/000095010323016208/dp202743_4-zuckerberg1110.xml
META,1326801,Mark Zuckerberg,1548760,2023-11-13,2023-11-09,S,scheduled sale,28009,8991693.15,321.0287,0.0080,-28009,350281433,0,plan,C,15,0,Class A Common Stock,I,4,0000950103-23-016207,,https://www.sec.gov/Archives/edgar/data/1326801/000095010323016207/dp202737_4-zuckerberg.xml
META,1326801,Mark Zuckerberg,1548760,2023-11-09,2023-11-08,S,scheduled sale,28009,8910009.08,318.1124,0.0080,-28009,350309442,0,plan,C,18,0,Class A Common Stock,I,4,0000950103-23-016154,,https://www.sec.gov/Archives/edgar/data/1326801/000095010323016154/dp202649_4-zuckerberg.xml
META,1326801,Mark Zuckerberg,1548760,2023-11-09,2023-11-07,S,scheduled sale,28009,8938089.38,319.1149,0.0080,-28009,350337451,0,plan,C,17,0,Class A Common Stock,I,4,0000950103-23-016151,,https://www.sec.gov/Archives/edgar/data/1326801/000095010323016151/dp202647_4-zuckerberg1108.xml
META,1326801,Mark Zuckerberg,1548760,2023-11-07,2023-11-06,S,scheduled sale,28009,8855432.22,316.1638,0.0080,-28009,350365460,0,plan,C,12,0,Class A Common Stock,I,4,0000950103-23-016089,,https://www.sec.gov/Archives/edgar/data/1326801/000095010323016089/dp202561_4-zuckerberg.xml
META,1326801,Mark Zuckerberg,1548760,2023-11-07,2023-11-03,S,scheduled sale,28009,8781096.91,313.5098,0.0080,-28009,350393469,0,plan,C,13,0,Class A Common Stock,I,4,0000950103-23-016088,,https://www.sec.gov/Archives/edgar/data/1326801/000095010323016088/dp202526_4-zuckerberg1103.xml
META,1326801,Mark Zuckerberg,1548760,2023-11-03,2023-11-02,S,scheduled sale,28009,8699615.00,310.6007,0.0080,-128009,350421478,0,plan,CG,24,0,Class A Common Stock,I,4,0000950103-23-016017,,https://www.sec.gov/Archives/edgar/data/1326801/000095010323016017/dp202492_4-zuckerberg.xml
META,1326801,Mark Zuckerberg,1548760,2023-11-03,2023-11-01,S,scheduled sale,28009,8599969.90,307.0431,0.0080,-28009,350549487,0,plan,C,29,0,Class A Common Stock,I,4,0000950103-23-016015,,https://www.sec.gov/Archives/edgar/data/1326801/000095010323016015/dp202394_4-zuckerberg1101.xml
META,1326801,Mark Zuckerberg,1548760,2021-11-10,2021-11-08,S,sale,77300,26366705.35,341.0958,0.0220,-77300,350577496,0,unknown,C,18,0,Class A Common Stock,I,4,0000950103-21-017687,,https://www.sec.gov/Archives/edgar/data/1326801/000095010321017687/dp161629_4-zuckerberg1108.xml
META,1326801,Mark Zuckerberg,1548760,2021-11-08,2021-11-05,S,sale,77300,26447294.47,342.1384,0.0220,-77300,350654796,0,unknown,C,19,0,Class A Common Stock,I,4,0000950103-21-017514,,https://www.sec.gov/Archives/edgar/data/1326801/000095010321017514/dp161454_4-zuckerberg1105.xml
META,1326801,Mark Zuckerberg,1548760,2021-11-08,2021-11-04,S,sale,77300,25910066.12,335.1884,0.0220,-77300,350732096,0,unknown,C,13,0,Class A Common Stock,I,4,0000950103-21-017513,,https://www.sec.gov/Archives/edgar/data/1326801/000095010321017513/dp161455_4-zuckerberg1104.xml
META,1326801,Mark Zuckerberg,1548760,2021-11-03,2021-11-03,S,sale,77300,25463481.92,329.4112,0.0220,-77300,350809396,0,unknown,C,24,0,Class A Common Stock,I,4,0000950103-21-017346,,https://www.sec.gov/Archives/edgar/data/1326801/000095010321017346/dp161303_4-zuckerberg3.xml
META,1326801,Mark Zuckerberg,1548760,2021-11-03,2021-11-02,S,sale,56135,18468699.83,329.0051,0.0160,-61070,350886696,0,unknown,C,21,0,Class A Common Stock,I,4,0000950103-21-017342,,https://www.sec.gov/Archives/edgar/data/1326801/000095010321017342/dp161301_4-zuckerberg1.xml
META,1326801,Mark Zuckerberg,1548760,2021-11-03,2021-11-02,S,sale,4935,1623799.68,329.0374,0.0014,-61070,350886696,0,unknown,C,9,0,Class A Common Stock,I,4,0000950103-21-017344,,https://www.sec.gov/Archives/edgar/data/1326801/000095010321017344/dp161302_4-zuckerberg2.xml
META,1326801,Mark Zuckerberg,1548760,2021-11-03,2021-11-01,S,sale,72046,23822465.25,330.6563,0.0205,-72046,350947766,0,unknown,C,21,0,Class A Common Stock,I,4,0000950103-21-017341,,https://www.sec.gov/Archives/edgar/data/1326801/000095010321017341/dp161300_4-zuckerberg.xml
META,1326801,Mark Zuckerberg,1548760,2021-11-01,2021-10-29,S,sale,52700,17046369.58,323.4605,0.0150,-1168000,351019812,0,unknown,CG,18,0,Class A Common Stock,I,4,0000950103-21-017101,,https://www.sec.gov/Archives/edgar/data/1326801/000095010321017101/dp161050_4-zuckerberg1029.xml
META,1326801,Mark Zuckerberg,1548760,2021-11-01,2021-10-28,S,sale,41000,12930008.41,315.3661,0.0116,-52700,352187812,0,unknown,C,16,0,Class A Common Stock,I,4,0000950103-21-017099,,https://www.sec.gov/Archives/edgar/data/1326801/000095010321017099/dp161048_4-zuckerberg1028a.xml
META,1326801,Mark Zuckerberg,1548760,2021-11-01,2021-10-28,S,sale,11700,3689183.62,315.3148,0.0033,-52700,352187812,0,unknown,C,27,0,Class A Common Stock,I,4,0000950103-21-017100,,https://www.sec.gov/Archives/edgar/data/1326801/000095010321017100/dp161049_4-zuckerberg1028b.xml
META,1326801,Mark Zuckerberg,1548760,2021-10-27,2021-10-27,S,sale,52700,16595838.18,314.9115,0.0150,-52700,352240512,0,unknown,C,20,0,Class A Common Stock,I,4,0000950103-21-016725,,https://www.sec.gov/Archives/edgar/data/1326801/000095010321016725/dp160678_4-zuckerberg1027.xml
META,1326801,Mark Zuckerberg,1548760,2021-10-27,2021-10-26,S,sale,41100,13090845.32,318.5121,0.0117,-52950,352293212,0,unknown,C,17,0,Class A Common Stock,I,4,0000950103-21-016721,,https://www.sec.gov/Archives/edgar/data/1326801/000095010321016721/dp160639_4-zuckerberg1.xml
META,1326801,Mark Zuckerberg,1548760,2021-10-27,2021-10-26,S,sale,7600,2422355.42,318.7310,0.0022,-52950,352293212,0,unknown,,17,0,Class A Common Stock,I,4,0000950103-21-016722,,https://www.sec.gov/Archives/edgar/data/1326801/000095010321016722/dp160640_4-zuckerberg2.xml
META,1326801,Mark Zuckerberg,1548760,2021-10-27,2021-10-26,S,sale,4250,1354958.20,318.8137,0.0012,-52950,352293212,0,unknown,C,18,0,Class A Common Stock,I,4,0000950103-21-016724,,https://www.sec.gov/Archives/edgar/data/1326801/000095010321016724/dp160641_4-zuckerberg3.xml
META,1326801,Mark Zuckerberg,1548760,2021-10-27,2021-10-25,S,sale,52700,17127111.08,324.9926,0.0150,-52700,352346162,0,unknown,C,28,0,Class A Common Stock,I,4,0000950103-21-016720,,https://www.sec.gov/Archives/edgar/data/1326801/000095010321016720/dp160638_4-zuckerberg.xml
META,1326801,Mark Zuckerberg,1548760,2021-10-25,2021-10-22,S,sale,52700,17054088.37,323.6070,0.0150,-52700,352398862,0,unknown,C,22,0,Class A Common Stock,I,4,0000950103-21-016461,,https://www.sec.gov/Archives/edgar/data/1326801/000095010321016461/dp160356_4-zuckerberg1022.xml
META,1326801,Mark Zuckerberg,1548760,2021-10-25,2021-10-21,S,sale,77300,26359469.94,341.0022,0.0219,-77300,352451562,0,unknown,C,12,0,Class A Common Stock,I,4,0000950103-21-016460,,https://www.sec.gov/Archives/edgar/data/1326801/000095010321016460/dp160355_4-zuckerberg1021.xml
META,1326801,Mark Zuckerberg,1548760,2021-10-20,2021-10-20,S,sale,77300,26356574.10,340.9647,0.0219,-77300,352528862,0,unknown,C,12,0,Class A Common Stock,I,4,0000950103-21-016193,,https://www.sec.gov/Archives/edgar/data/1326801/000095010321016193/dp160127_4-zuckerberg1020.xml
META,1326801,Mark Zuckerberg,1548760,2021-10-20,2021-10-19,S,sale,77300,26265666.14,339.7887,0.0219,-77300,352606162,0,unknown,C,12,0,Class A Common Stock,I,4,0000950103-21-016189,,https://www.sec.gov/Archives/edgar/data/1326801/000095010321016189/dp160115_4-zuckerberg1019.xml
META,1326801,Mark Zuckerberg,1548760,2021-10-20,2021-10-18,S,sale,77300,25742220.21,333.0171,0.0219,-77300,352683462,0,unknown,C,23,0,Class A Common Stock,I,4,0000950103-21-016188,,https://www.sec.gov/Archives/edgar/data/1326801/000095010321016188/dp160114_4-zuckerberg1018.xml
META,1326801,Mark Zuckerberg,1548760,2021-10-18,2021-10-15,S,sale,52700,17107556.77,324.6216,0.0149,-52700,352760762,0,unknown,C,18,0,Class A Common Stock,I,4,0000950103-21-016019,,https://www.sec.gov/Archives/edgar/data/1326801/000095010321016019/dp159929_4-zuckerberg1015.xml
META,1326801,Mark Zuckerberg,1548760,2021-10-18,2021-10-14,S,sale,52900,17378799.52,328.5217,0.0150,-52900,352813462,0,unknown,C,8,0,Class A Common Stock,I,4,0000950103-21-016015,,https://www.sec.gov/Archives/edgar/data/1326801/000095010321016015/dp159928_4-zuckerberg1014.xml
META,1326801,Mark Zuckerberg,1548760,2021-10-13,2021-10-13,S,sale,52700,17119525.57,324.8487,0.0149,-52700,352866362,0,unknown,C,12,0,Class A Common Stock,I,4,0000950103-21-015878,,https://www.sec.gov/Archives/edgar/data/1326801/000095010321015878/dp159814_4-zuckerberg1013.xml
META,1326801,Mark Zuckerberg,1548760,2021-10-13,2021-10-12,S,sale,52700,16910332.16,320.8792,0.0149,-52700,352919062,0,unknown,C,20,0,Class A Common Stock,I,4,0000950103-21-015877,,https://www.sec.gov/Archives/edgar/data/1326801/000095010321015877/dp159795_4-zuckerberg1012.xml
META,1326801,Mark Zuckerberg,1548760,2021-10-13,2021-10-11,S,sale,57750,18965663.28,328.4098,0.0164,-57750,352971762,0,unknown,C,17,0,Class A Common Stock,I,4,0000950103-21-015876,,https://www.sec.gov/Archives/edgar/data/1326801/000095010321015876/dp159794_4-zuckerberg1011.xml
META,1326801,Mark Zuckerberg,1548760,2021-10-12,2021-10-08,S,sale,77193,25575759.38,331.3223,0.0219,-77193,353029512,0,unknown,C,15,0,Class A Common Stock,I,4,0000950103-21-015801,,https://www.sec.gov/Archives/edgar/data/1326801/000095010321015801/dp159676_4-zuckerberg1008.xml
META,1326801,Mark Zuckerberg,1548760,2021-10-12,2021-10-07,S,sale,75761,25336767.34,334.4302,0.0215,-75761,353106705,0,unknown,C,28,0,Class A Common Stock,I,4,0000950103-21-015800,,https://www.sec.gov/Archives/edgar/data/1326801/000095010321015800/dp159675_4-zuckerberg1007.xml
META,1326801,Mark Zuckerberg,1548760,2021-10-06,2021-10-06,S,sale,77300,25615269.71,331.3748,0.0219,-77300,353182466,0,unknown,C,24,0,Class A Common Stock,I,4,0000950103-21-015587,,https://www.sec.gov/Archives/edgar/data/1326801/000095010321015587/dp159528_4-zuckerberg1006.xml
META,1326801,Mark Zuckerberg,1548760,2021-10-06,2021-10-05,S,sale,77300,25662554.37,331.9865,0.0219,-77300,353259766,0,unknown,C,22,0,Class A Common Stock,I,4,0000950103-21-015578,,https://www.sec.gov/Archives/edgar/data/1326801/000095010321015578/dp159504_4-zuckerberg1005.xml
META,1326801,Mark Zuckerberg,1548760,2021-10-06,2021-10-04,S,sale,54504,17859137.44,327.6665,0.0154,-59304,353337066,0,unknown,C,23,0,Class A Common Stock,I,4,0000950103-21-015576,,https://www.sec.gov/Archives/edgar/data/1326801/000095010321015576/dp159502_4-zuckerberg1004a.xml
META,1326801,Mark Zuckerberg,1548760,2021-10-06,2021-10-04,S,sale,4800,1573840.57,327.8835,0.0014,-59304,353337066,0,unknown,C,12,0,Class A Common Stock,I,4,0000950103-21-015577,,https://www.sec.gov/Archives/edgar/data/1326801/000095010321015577/dp159503_4-zuckerberg1004b.xml
META,1326801,Mark Zuckerberg,1548760,2021-10-04,2021-10-01,S,sale,77300,26485561.69,342.6334,0.0219,-77300,353396370,0,unknown,C,18,0,Class A Common Stock,I,4,0000950103-21-015408,,https://www.sec.gov/Archives/edgar/data/1326801/000095010321015408/dp159341_4-zuckerberg1001.xml
META,1326801,Mark Zuckerberg,1548760,2021-10-04,2021-09-30,S,sale,77300,26355062.62,340.9452,0.0219,-77300,353473670,0,unknown,C,15,0,Class A Common Stock,I,4,0000950103-21-015406,,https://www.sec.gov/Archives/edgar/data/1326801/000095010321015406/dp159340_4-zuckerberg0930.xml
META,1326801,Mark Zuckerberg,1548760,2021-09-29,2021-09-29,S,sale,77300,26393921.66,341.4479,0.0219,-77300,353550970,0,unknown,C,19,0,Class A Common Stock,I,4,0000950103-21-015006,,https://www.sec.gov/Archives/edgar/data/1326801/000095010321015006/dp158993_4-zuckerberg0929.xml
META,1326801,Mark Zuckerberg,1548760,2021-09-29,2021-09-28,S,sale,77300,26450043.37,342.1739,0.0219,-77300,353628270,0,unknown,C,28,0,Class A Common Stock,I,4,0000950103-21-015001,,https://www.sec.gov/Archives/edgar/data/1326801/000095010321015001/dp158945_4-zuckerberg0928.xml
META,1326801,Mark Zuckerberg,1548760,2021-09-29,2021-09-27,S,sale,77300,27178122.65,351.5928,0.0218,-77300,353705570,0,unknown,C,23,0,Class A Common Stock,I,4,0000950103-21-014994,,https://www.sec.gov/Archives/edgar/data/1326801/000095010321014994/dp158944_4-zuckerberg0927.xml
META,1326801,Mark Zuckerberg,1548760,2021-09-27,2021-09-24,S,sale,71000,24818176.90,349.5518,0.0201,-77300,353782870,0,unknown,C,20,0,Class A Common Stock,I,4,0000950103-21-014696,,https://www.sec.gov/Archives/edgar/data/1326801/000095010321014696/dp158614_4-zuckerberg0924.xml
META,1326801,Mark Zuckerberg,1548760,2021-09-27,2021-09-24,S,sale,6300,2202325.93,349.5755,0.0018,-77300,353782870,0,unknown,C,9,0,Class A Common Stock,I,4,0000950103-21-014697,,https://www.sec.gov/Archives/edgar/data/1326801/000095010321014697/dp158615_4-zuckerberg0924p2.xml
META,1326801,Mark Zuckerberg,1548760,2021-09-27,2021-09-23,S,sale,77300,26791961.32,346.5972,0.0218,-77300,353860170,0,unknown,C,18,0,Class A Common Stock,I,4,0000950103-21-014694,,https://www.sec.gov/Archives/edgar/data/1326801/000095010321014694/dp158613_4-zuckerberg0923.xml
META,1326801,Mark Zuckerberg,1548760,2021-09-22,2021-09-22,S,sale,77300,26617528.74,344.3406,0.0218,-77300,353937470,0,unknown,C,23,0,Class A Common Stock,I,4,0000950103-21-014422,,https://www.sec.gov/Archives/edgar/data/1326801/000095010321014422/dp158362_4-zuckerberg0922.xml
META,1326801,Mark Zuckerberg,1548760,2021-09-22,2021-09-21,S,sale,77300,27659845.90,357.8247,0.0218,-77300,354014770,0,unknown,C,14,0,Class A Common Stock,I,4,0000950103-21-014419,,https://www.sec.gov/Archives/edgar/data/1326801/000095010321014419/dp158337_4-zuckerberg0921.xml
META,1326801,Mark Zuckerberg,1548760,2021-09-22,2021-09-20,S,sale,71000,25193793.12,354.8422,0.0200,-77300,354092070,0,unknown,C,21,0,Class A Common Stock,I,4,0000950103-21-014417,,https://www.sec.gov/Archives/edgar/data/1326801/000095010321014417/dp158335_4-zuckerberg0920p1.xml
META,1326801,Mark Zuckerberg,1548760,2021-09-22,2021-09-20,S,sale,6300,2236031.50,354.9256,0.0018,-77300,354092070,0,unknown,C,9,0,Class A Common Stock,I,4,0000950103-21-014418,,https://www.sec.gov/Archives/edgar/data/1326801/000095010321014418/dp158336_4-zuckerberg0920p2.xml
META,1326801,Mark Zuckerberg,1548760,2021-09-20,2021-09-17,S,sale,77300,28358185.27,366.8588,0.0218,-77300,354169370,0,unknown,C,28,0,Class A Common Stock,I,4,0000950103-21-014232,,https://www.sec.gov/Archives/edgar/data/1326801/000095010321014232/dp158127_4-zuckerberg0917.xml
META,1326801,Mark Zuckerberg,1548760,2021-09-20,2021-09-16,S,sale,77300,28710870.73,371.4214,0.0218,-77300,354246670,0,unknown,C,12,0,Class A Common Stock,I,4,0000950103-21-014231,,https://www.sec.gov/Archives/edgar/data/1326801/000095010321014231/dp158126_4-zuckerberg0916.xml
META,1326801,Mark Zuckerberg,1548760,2021-09-15,2021-09-15,S,sale,77300,28718138.50,371.5154,0.0218,-77300,354323970,0,unknown,C,27,0,Class A Common Stock,I,4,0000950103-21-014046,,https://www.sec.gov/Archives/edgar/data/1326801/000095010321014046/dp157953_4-zuckerberg0915.xml
META,1326801,Mark Zuckerberg,1548760,2021-09-15,2021-09-14,S,sale,77300,29123394.97,376.7580,0.0218,-77300,354401270,0,unknown,C,12,0,Class A Common Stock,I,4,0000950103-21-014040,,https://www.sec.gov/Archives/edgar/data/1326801/000095010321014040/dp157931_4-zuckerberg0914.xml
META,1326801,Mark Zuckerberg,1548760,2021-09-15,2021-09-13,S,sale,77300,29097526.18,376.4234,0.0218,-77300,354478570,0,unknown,C,19,0,Class A Common Stock,I,4,0000950103-21-014038,,https://www.sec.gov/Archives/edgar/data/1326801/000095010321014038/dp157930_4-zuckerberg0913.xml
META,1326801,Mark Zuckerberg,1548760,2021-09-13,2021-09-10,S,sale,77300,29452176.16,381.0113,0.0218,-77300,354555870,0,unknown,C,14,0,Class A Common Stock,I,4,0000950103-21-013901,,https://www.sec.gov/Archives/edgar/data/1326801/000095010321013901/dp157797_4-zuckerberg0910.xml
META,1326801,Mark Zuckerberg,1548760,2021-09-13,2021-09-09,S,sale,77300,29256984.46,378.4862,0.0218,-77300,354633170,0,unknown,C,9,0,Class A Common Stock,I,4,0000950103-21-013900,,https://www.sec.gov/Archives/edgar/data/1326801/000095010321013900/dp157796_4-zuckerberg0909.xml
META,1326801,Mark Zuckerberg,1548760,2021-09-08,2021-09-08,S,sale,77300,29201420.60,377.7674,0.0218,-77300,354710470,0,unknown,C,17,0,Class A Common Stock,I,4,0000950103-21-013707,,https://www.sec.gov/Archives/edgar/data/1326801/000095010321013707/dp157619_4-zuckerberg0908.xml
META,1326801,Mark Zuckerberg,1548760,2021-09-08,2021-09-07,S,sale,77300,29314864.56,379.2350,0.0218,-77300,354787770,0,unknown,C,27,0,Class A Common Stock,I,4,0000950103-21-013706,,https://www.sec.gov/Archives/edgar/data/1326801/000095010321013706/dp157599_4-zuckerberg0907.xml
META,1326801,Mark Zuckerberg,1548760,2021-09-07,2021-09-03,S,sale,77300,29060321.51,375.9421,0.0218,-77300,354865070,0,unknown,C,12,0,Class A Common Stock,I,4,0000950103-21-013636,,https://www.sec.gov/Archives/edgar/data/1326801/000095010321013636/dp157529_4-zuckerberg0903.xml
META,1326801,Mark Zuckerberg,1548760,2021-09-07,2021-09-02,S,sale,77300,29109543.64,376.5788,0.0218,-77300,354942370,0,unknown,C,21,0,Class A Common Stock,I,4,0000950103-21-013635,,https://www.sec.gov/Archives/edgar/data/1326801/000095010321013635/dp157528_4-zuckerberg0902.xml
META,1326801,Mark Zuckerberg,1548760,2021-09-01,2021-09-01,S,sale,77300,29554786.08,382.3388,0.0218,-77300,355019670,0,unknown,C,15,0,Class A Common Stock,I,4,0000950103-21-013445,,https://www.sec.gov/Archives/edgar/data/1326801/000095010321013445/dp157387_4-zuckerberg0901.xml
META,1326801,Mark Zuckerberg,1548760,2021-09-01,2021-08-31,S,sale,77300,29389616.86,380.2020,0.0218,-77300,355096970,0,unknown,C,11,0,Class A Common Stock,I,4,0000950103-21-013439,,https://www.sec.gov/Archives/edgar/data/1326801/000095010321013439/dp157357_4-zuckerberg0831.xml
META,1326801,Mark Zuckerberg,1548760,2021-09-01,2021-08-30,S,sale,71000,26765153.79,376.9740,0.0200,-77300,355174270,0,unknown,C,21,0,Class A Common Stock,I,4,0000950103-21-013437,,https://www.sec.gov/Archives/edgar/data/1326801/000095010321013437/dp157355_4-zuckerberg08301.xml
META,1326801,Mark Zuckerberg,1548760,2021-09-01,2021-08-30,S,sale,6300,2375459.80,377.0571,0.0018,-77300,355174270,0,unknown,C,9,0,Class A Common Stock,I,4,0000950103-21-013438,,https://www.sec.gov/Archives/edgar/data/1326801/000095010321013438/dp157356_4-zuckerberg08302.xml
META,1326801,Mark Zuckerberg,1548760,2021-08-30,2021-08-27,S,sale,77300,28654250.95,370.6889,0.0218,-77300,355251570,0,unknown,C,25,0,Class A Common Stock,I,4,0000950103-21-013241,,https://www.sec.gov/Archives/edgar/data/1326801/000095010321013241/dp157137_4-zuckerberg0827.xml
META,1326801,Mark Zuckerberg,1548760,2021-08-30,2021-08-26,S,sale,77300,28336002.62,366.5718,0.0217,-77300,355328870,0,unknown,C,16,0,Class A Common Stock,I,4,0000950103-21-013240,,https://www.sec.gov/Archives/edgar/data/1326801/000095010321013240/dp157136_4-zuckerberg0826.xml
META,1326801,Mark Zuckerberg,1548760,2021-08-25,2021-08-25,S,sale,77300,28481505.70,368.4541,0.0217,-77300,355406170,0,unknown,C,15,0,Class A Common Stock,I,4,0000950103-21-012938,,https://www.sec.gov/Archives/edgar/data/1326801/000095010321012938/dp156842_4-zuckerberg0825.xml
META,1326801,Mark Zuckerberg,1548760,2021-08-25,2021-08-24,S,sale,77300,28279314.23,365.8385,0.0217,-77300,355483470,0,unknown,C,16,0,Class A Common Stock,I,4,0000950103-21-012937,,https://www.sec.gov/Archives/edgar/data/1326801/000095010321012937/dp156816_4-zuckerberg0824.xml
META,1326801,Mark Zuckerberg,1548760,2021-08-25,2021-08-23,S,sale,77300,28116050.77,363.7264,0.0217,-77300,355560770,0,unknown,C,18,0,Class A Common Stock,I,4,0000950103-21-012935,,https://www.sec.gov/Archives/edgar/data/1326801/000095010321012935/dp156815_4-zuckerberg0823.xml
META,1326801,Mark Zuckerberg,1548760,2021-08-23,2021-08-20,S,sale,77300,27631268.37,357.4550,0.0217,-77300,355638070,0,unknown,C,18,0,Class A Common Stock,I,4,0000950103-21-012747,,https://www.sec.gov/Archives/edgar/data/1326801/000095010321012747/dp156646_4-zuckerberg0820.xml
META,1326801,Mark Zuckerberg,1548760,2021-08-23,2021-08-19,S,sale,77300,27437913.27,354.9536,0.0217,-77300,355715370,0,unknown,C,21,0,Class A Common Stock,I,4,0000950103-21-012746,,https://www.sec.gov/Archives/edgar/data/1326801/000095010321012746/dp156645_4-zuckerberg0819.xml
META,1326801,Mark Zuckerberg,1548760,2021-08-18,2021-08-18,S,sale,77300,27649962.12,357.6968,0.0217,-77300,355792670,0,unknown,C,15,0,Class A Common Stock,I,4,0000950103-21-012573,,https://www.sec.gov/Archives/edgar/data/1326801/000095010321012573/dp156485_4-zuckerberg0818.xml
META,1326801,Mark Zuckerberg,1548760,2021-08-18,2021-08-17,S,sale,77300,27831934.42,360.0509,0.0217,-77300,355869970,0,unknown,C,27,0,Class A Common Stock,I,4,0000950103-21-012572,,https://www.sec.gov/Archives/edgar/data/1326801/000095010321012572/dp156470_4-zuckerberg0817.xml
META,1326801,Mark Zuckerberg,1548760,2021-08-18,2021-08-16,S,sale,77300,28040786.83,362.7527,0.0217,-77300,355947270,0,unknown,C,28,0,Class A Common Stock,I,4,0000950103-21-012571,,https://www.sec.gov/Archives/edgar/data/1326801/000095010321012571/dp156469_4-zuckerberg0816.xml
META,1326801,Mark Zuckerberg,1548760,2021-08-16,2021-08-13,S,sale,77300,28055444.35,362.9424,0.0217,-77300,356024570,0,unknown,C,9,0,Class A Common Stock,I,4,0000950103-21-012401,,https://www.sec.gov/Archives/edgar/data/1326801/000095010321012401/dp156302_4-zuckerberg0813.xml
META,1326801,Mark Zuckerberg,1548760,2021-08-16,2021-08-12,S,sale,77300,27899521.22,360.9252,0.0217,-77300,356101870,0,unknown,C,18,0,Class A Common Stock,I,4,0000950103-21-012400,,https://www.sec.gov/Archives/edgar/data/1326801/000095010321012400/dp156301_4-zuckerberg0812.xml
META,1326801,Mark Zuckerberg,1548760,2021-08-11,2021-08-11,S,sale,77300,27811431.47,359.7857,0.0217,-77300,356179170,0,unknown,C,13,0,Class A Common Stock,I,4,0000950103-21-012210,,https://www.sec.gov/Archives/edgar/data/1326801/000095010321012210/dp156155_4-zuckerberg0811.xml
META,1326801,Mark Zuckerberg,1548760,2021-08-11,2021-08-10,S,sale,77300,27924368.70,361.2467,0.0217,-77300,356256470,0,unknown,C,15,0,Class A Common Stock,I,4,0000950103-21-012209,,https://www.sec.gov/Archives/edgar/data/1326801/000095010321012209/dp156142_4-zuckerberg0810.xml
META,1326801,Mark Zuckerberg,1548760,2021-08-11,2021-08-09,S,sale,77300,28012575.69,362.3878,0.0217,-77300,356333770,0,unknown,C,13,0,Class A Common Stock,I,4,0000950103-21-012207,,https://www.sec.gov/Archives/edgar/data/1326801/000095010321012207/dp156141_4-zuckerberg0809.xml
META,1326801,Mark Zuckerberg,1548760,2021-08-09,2021-08-06,S,sale,77300,28061842.57,363.0251,0.0217,-77300,356411070,0,unknown,C,12,0,Class A Common Stock,I,4,0000950103-21-012099,,https://www.sec.gov/Archives/edgar/data/1326801/000095010321012099/dp156010_4-zuckerberg0806.xml
META,1326801,Mark Zuckerberg,1548760,2021-08-09,2021-08-05,S,sale,77300,27901120.39,360.9459,0.0217,-77300,356488370,0,unknown,C,19,0,Class A Common Stock,I,4,0000950103-21-012098,,https://www.sec.gov/Archives/edgar/data/1326801/000095010321012098/dp156009_4-zuckerberg0805.xml
META,1326801,Mark Zuckerberg,1548760,2021-08-04,2021-08-04,S,sale,77300,27559554.69,356.5272,0.0217,-77300,356565670,0,unknown,C,25,0,Class A Common Stock,I,4,0000950103-21-011932,,https://www.sec.gov/Archives/edgar/data/1326801/000095010321011932/dp155861_4-zuckerberg0804.xml
META,1326801,Mark Zuckerberg,1548760,2021-08-04,2021-08-03,S,sale,77300,27094394.11,350.5096,0.0217,-77300,356642970,0,unknown,C,16,0,Class A Common Stock,I,4,0000950103-21-011931,,https://www.sec.gov/Archives/edgar/data/1326801/000095010321011931/dp155852_4-zuckerberg0803.xml
META,1326801,Mark Zuckerberg,1548760,2021-08-04,2021-08-02,S,sale,77300,27336443.49,353.6409,0.0217,-77300,356720270,0,unknown,C,23,0,Class A Common Stock,I,4,0000950103-21-011930,,https://www.sec.gov/Archives/edgar/data/1326801/000095010321011930/dp155851_4-zuckerberg0802.xml
META,1326801,Mark Zuckerberg,1548760,2021-08-02,2021-07-30,S,sale,77300,27584969.16,356.8560,0.0217,-77300,356797570,0,unknown,C,21,0,Class A Common Stock,I,4,0000950103-21-011754,,https://www.sec.gov/Archives/edgar/data/1326801/000095010321011754/dp155659_4-zuckerberg0730.xml
META,1326801,Mark Zuckerberg,1548760,2021-08-02,2021-07-29,S,sale,77300,27781778.27,359.4020,0.0217,-77300,356874870,0,unknown,C,24,0,Class A Common Stock,I,4,0000950103-21-011753,,https://www.sec.gov/Archives/edgar/data/1326801/000095010321011753/dp155658_4-zuckerberg0729.xml
META,1326801,Mark Zuckerberg,1548760,2021-07-28,2021-07-28,S,sale,77300,28806889.16,372.6635,0.0217,-77300,356952170,0,unknown,C,26,0,Class A Common Stock,I,4,0000950103-21-011373,,https://www.sec.gov/Archives/edgar/data/1326801/000095010321011373/dp155300_4-zuckerberg0728.xml
META,1326801,Mark Zuckerberg,1548760,2021-07-28,2021-07-27,S,sale,77300,28425545.90,367.7302,0.0216,-77300,357029470,0,unknown,C,23,0,Class A Common Stock,I,4,0000950103-21-011371,,https://www.sec.gov/Archives/edgar/data/1326801/000095010321011371/dp155264_4-zuckerberg0727.xml
META,1326801,Mark Zuckerberg,1548760,2021-07-28,2021-07-26,S,sale,77300,28749062.00,371.9154,0.0216,-77300,357106770,0,unknown,C,17,0,Class A Common Stock,I,4,0000950103-21-011369,,https://www.sec.gov/Archives/edgar/data/1326801/000095010321011369/dp155263_4-zuckerberg0726.xml
META,1326801,Mark Zuckerberg,1548760,2021-07-26,2021-07-23,S,sale,56000,20620692.47,368.2267,0.0157,-77300,357184070,0,unknown,C,16,0,Class A Common Stock,I,4,0000950103-21-011184,,https://www.sec.gov/Archives/edgar/data/1326801/000095010321011184/dp155073_4-zuckerbergpt1.xml
META,1326801,Mark Zuckerberg,1548760,2021-07-26,2021-07-23,S,sale,15000,5521330.60,368.0887,0.0042,-77300,357184070,0,unknown,,15,0,Class A Common Stock,I,4,0000950103-21-011188,,https://www.sec.gov/Archives/edgar/data/1326801/000095010321011188/dp155074_4-zuckerbergpt2.xml
META,1326801,Mark Zuckerberg,1548760,2021-07-26,2021-07-23,S,sale,6300,2318694.15,368.0467,0.0018,-77300,357184070,0,unknown,C,15,0,Class A Common Stock,I,4,0000950103-21-011189,,https://www.sec.gov/Archives/edgar/data/1326801/000095010321011189/dp155075_4-zuckerbergpt3.xml
META,1326801,Mark Zuckerberg,1548760,2021-07-26,2021-07-22,S,sale,77300,26970400.94,348.9056,0.0216,-77300,357261370,0,unknown,C,18,0,Class A Common Stock,I,4,0000950103-21-011183,,https://www.sec.gov/Archives/edgar/data/1326801/000095010321011183/dp155072_4-zuckerberg0722.xml
META,1326801,Mark Zuckerberg,1548760,2021-07-21,2021-07-21,S,sale,77300,26603801.48,344.1630,0.0216,-77300,357338670,0,unknown,C,15,0,Class A Common Stock,I,4,0000950103-21-010898,,https://www.sec.gov/Archives/edgar/data/1326801/000095010321010898/dp154802_4-zuckerberg0721.xml
META,1326801,Mark Zuckerberg,1548760,2021-07-21,2021-07-20,S,sale,77300,26280526.26,339.9809,0.0216,-77300,357415970,0,unknown,C,25,0,Class A Common Stock,I,4,0000950103-21-010897,,https://www.sec.gov/Archives/edgar/data/1326801/000095010321010897/dp154760_4-zuckerberg0720.xml
META,1326801,Mark Zuckerberg,1548760,2021-07-21,2021-07-19,S,sale,77300,26021528.94,336.6304,0.0216,-77300,357493270,0,unknown,C,15,0,Class A Common Stock,I,4,0000950103-21-010896,,https://www.sec.gov/Archives/edgar/data/1326801/000095010321010896/dp154759_4-zuckerberg0719.xml
META,1326801,Mark Zuckerberg,1548760,2021-07-19,2021-07-16,S,sale,77300,26433022.35,341.9537,0.0216,-77300,357570570,0,unknown,C,17,0,Class A Common Stock,I,4,0000950103-21-010694,,https://www.sec.gov/Archives/edgar/data/1326801/000095010321010694/dp154563_4-zuckerberg0716.xml
META,1326801,Mark Zuckerberg,1548760,2021-07-19,2021-07-15,S,sale,77300,26530463.92,343.2143,0.0216,-77300,357647870,0,unknown,C,21,0,Class A Common Stock,I,4,0000950103-21-010691,,https://www.sec.gov/Archives/edgar/data/1326801/000095010321010691/dp154561_4-zuckerberg0715.xml
META,1326801,Mark Zuckerberg,1548760,2021-07-14,2021-07-14,S,sale,77300,27013527.85,349.4635,0.0216,-77300,357725170,0,unknown,C,23,0,Class A Common Stock,I,4,0000950103-21-010497,,https://www.sec.gov/Archives/edgar/data/1326801/000095010321010497/dp154386_4-zuckerberg0714.xml
META,1326801,Mark Zuckerberg,1548760,2021-07-14,2021-07-13,S,sale,77300,27256801.78,352.6106,0.0216,-77300,357802470,0,unknown,C,18,0,Class A Common Stock,I,4,0000950103-21-010495,,https://www.sec.gov/Archives/edgar/data/1326801/000095010321010495/dp154365_4-zuckerberg0713.xml
META,1326801,Mark Zuckerberg,1548760,2021-07-14,2021-07-12,S,sale,77300,27240485.70,352.3996,0.0216,-77300,357879770,0,unknown,C,14,0,Class A Common Stock,I,4,0000950103-21-010494,,https://www.sec.gov/Archives/edgar/data/1326801/000095010321010494/dp154364_4-zuckerberg0712.xml
META,1326801,Mark Zuckerberg,1548760,2021-07-12,2021-07-09,S,sale,77300,26985777.86,349.1045,0.0216,-77300,357957070,0,unknown,C,15,0,Class A Common Stock,I,4,0000950103-21-010363,,https://www.sec.gov/Archives/edgar/data/1326801/000095010321010363/dp154231-zuckerberg0709.xml
META,1326801,Mark Zuckerberg,1548760,2021-07-12,2021-07-08,S,sale,77300,26705088.81,345.4733,0.0216,-77300,358034370,0,unknown,C,16,0,Class A Common Stock,I,4,0000950103-21-010362,,https://www.sec.gov/Archives/edgar/data/1326801/000095010321010362/dp154230-zuckerberg0708.xml
META,1326801,Mark Zuckerberg,1548760,2021-07-07,2021-07-07,S,sale,77300,27244245.68,352.4482,0.0216,-77300,358111670,0,unknown,C,20,0,Class A Common Stock,I,4,0000950103-21-010199,,https://www.sec.gov/Archives/edgar/data/1326801/000095010321010199/dp154075-zuckerberg0707.xml
META,1326801,Mark Zuckerberg,1548760,2021-07-07,2021-07-06,S,sale,77300,27291290.63,353.0568,0.0216,-77300,358188970,0,unknown,C,27,0,Class A Common Stock,I,4,0000950103-21-010198,,https://www.sec.gov/Archives/edgar/data/1326801/000095010321010198/dp154065-zuckerberg0706.xml
META,1326801,Mark Zuckerberg,1548760,2021-07-06,2021-07-02,S,sale,77300,27379308.72,354.1955,0.0216,-77300,358266270,0,unknown,C,11,0,Class A Common Stock,I,4,0000950103-21-010141,,https://www.sec.gov/Archives/edgar/data/1326801/000095010321010141/dp154004_4-zuckerberg0702.xml
META,1326801,Mark Zuckerberg,1548760,2021-07-06,2021-07-01,S,sale,77300,27115236.20,350.7793,0.0216,-77300,358343570,0,unknown,C,23,0,Class A Common Stock,I,4,0000950103-21-010140,,https://www.sec.gov/Archives/edgar/data/1326801/000095010321010140/dp154007_4-zuckerberg0701.xml
META,1326801,Mark Zuckerberg,1548760,2021-06-30,2021-06-30,S,sale,77300,26965074.33,348.8367,0.0216,-77300,358420870,0,unknown,C,15,0,Class A Common Stock,I,4,0000950103-21-009818,,https://www.sec.gov/Archives/edgar/data/1326801/000095010321009818/dp153743_4-zuckerberg0630.xml
META,1326801,Mark Zuckerberg,1548760,2021-06-30,2021-06-29,S,sale,77300,27183121.70,351.6575,0.0216,-77300,358498170,0,unknown,C,20,0,Class A Common Stock,I,4,0000950103-21-009817,,https://www.sec.gov/Archives/edgar/data/1326801/000095010321009817/dp153700_4-zuckerberg0629.xml
META,1326801,Mark Zuckerberg,1548760,2021-06-30,2021-06-28,S,sale,71000,24529613.03,345.4875,0.0198,-77300,358575470,0,unknown,C,21,0,Class A Common Stock,I,4,0000950103-21-009814,,https://www.sec.gov/Archives/edgar/data/1326801/000095010321009814/dp153698_4-zuckerberg0628.xml
META,1326801,Mark Zuckerberg,1548760,2021-06-30,2021-06-28,S,sale,6300,2176873.41,345.5355,0.0018,-77300,358575470,0,unknown,C,8,0,Class A Common Stock,I,4,0000950103-21-009816,,https://www.sec.gov/Archives/edgar/data/1326801/000095010321009816/dp153699_4-zuckerberg06282.xml
META,1326801,Mark Zuckerberg,1548760,2021-06-28,2021-06-25,S,sale,77300,26381954.13,341.2931,0.0215,-77300,358652770,0,unknown,C,12,0,Class A Common Stock,I,4,0000950103-21-009507,,https://www.sec.gov/Archives/edgar/data/1326801/000095010321009507/dp153403_4-zuckerberg0625.xml
META,1326801,Mark Zuckerberg,1548760,2021-06-28,2021-06-24,S,sale,77300,26544351.16,343.3939,0.0215,-77300,358730070,0,unknown,C,10,0,Class A Common Stock,I,4,0000950103-21-009506,,https://www.sec.gov/Archives/edgar/data/1326801/000095010321009506/dp153404_4-zuckerberg0624.xml
META,1326801,Mark Zuckerberg,1548760,2021-06-23,2021-06-23,S,sale,77300,26364791.37,341.0710,0.0215,-77300,358807370,0,unknown,C,15,0,Class A Common Stock,I,4,0000950103-21-009262,,https://www.sec.gov/Archives/edgar/data/1326801/000095010321009262/dp153152_4-zuckerberg0623.xml
META,1326801,Mark Zuckerberg,1548760,2021-06-23,2021-06-22,S,sale,77300,25937189.61,335.5393,0.0215,-77300,358884670,0,unknown,C,21,0,Class A Common Stock,I,4,0000950103-21-009261,,https://www.sec.gov/Archives/edgar/data/1326801/000095010321009261/dp153134_4-zuckerberg0622.xml
META,1326801,Mark Zuckerberg,1548760,2021-06-23,2021-06-21,S,sale,77300,25604218.80,331.2318,0.0215,-77300,358961970,0,unknown,C,15,0,Class A Common Stock,I,4,0000950103-21-009260,,https://www.sec.gov/Archives/edgar/data/1326801/000095010321009260/dp153133_4-zuckerberg0621.xml
META,1326801,Mark Zuckerberg,1548760,2021-06-21,2021-06-18,S,sale,77300,25693696.04,332.3893,0.0215,-77300,359039270,0,unknown,C,18,0,Class A Common Stock,I,4,0000950103-21-009113,,https://www.sec.gov/Archives/edgar/data/1326801/000095010321009113/dp152991_4-zuckerberg0618.xml
META,1326801,Mark Zuckerberg,1548760,2021-06-21,2021-06-17,S,sale,77300,25908126.40,335.1633,0.0215,-77300,359116570,0,unknown,C,23,0,Class A Common Stock,I,4,0000950103-21-009112,,https://www.sec.gov/Archives/edgar/data/1326801/000095010321009112/dp152990_4-zuckerberg0617.xml
META,1326801,Mark Zuckerberg,1548760,2021-06-16,2021-06-16,S,sale,77300,25785054.07,333.5712,0.0215,-77300,359193870,0,unknown,C,25,0,Class A Common Stock,I,4,0000950103-21-008932,,https://www.sec.gov/Archives/edgar/data/1326801/000095010321008932/dp152814_4-zuckerberg0616.xml
META,1326801,Mark Zuckerberg,1548760,2021-06-16,2021-06-15,S,sale,77300,26045687.37,336.9429,0.0215,-77300,359271170,0,unknown,C,14,0,Class A Common Stock,I,4,0000950103-21-008931,,https://www.sec.gov/Archives/edgar/data/1326801/000095010321008931/dp152787_4-zuckerberg0615.xml
META,1326801,Mark Zuckerberg,1548760,2021-06-16,2021-06-14,S,sale,77300,25859314.17,334.5319,0.0215,-77300,359348470,0,unknown,C,20,0,Class A Common Stock,I,4,0000950103-21-008930,,https://www.sec.gov/Archives/edgar/data/1326801/000095010321008930/dp152786_4-zuckerberg0614.xml
META,1326801,Mark Zuckerberg,1548760,2021-06-14,2021-06-11,S,sale,77300,25556561.25,330.6153,0.0215,-77300,359425770,0,unknown,C,12,0,Class A Common Stock,I,4,0000950103-21-008764,,https://www.sec.gov/Archives/edgar/data/1326801/000095010321008764/dp152640_4-zuckerberg0611.xml
META,1326801,Mark Zuckerberg,1548760,2021-06-14,2021-06-10,S,sale,77300,25626630.08,331.5217,0.0215,-77300,359503070,0,unknown,C,17,0,Class A Common Stock,I,4,0000950103-21-008763,,https://www.sec.gov/Archives/edgar/data/1326801/000095010321008763/dp152639_4-zuckerberg0610.xml
META,1326801,Mark Zuckerberg,1548760,2021-06-09,2021-06-09,S,sale,77300,25751791.30,333.1409,0.0215,-77300,359580370,0,unknown,C,20,0,Class A Common Stock,I,4,0000950103-21-008613,,https://www.sec.gov/Archives/edgar/data/1326801/000095010321008613/dp152491_4-zuckerberg0609.xml
META,1326801,Mark Zuckerberg,1548760,2021-06-09,2021-06-08,S,sale,77300,25844452.85,334.3396,0.0215,-77300,359657670,0,unknown,C,18,0,Class A Common Stock,I,4,0000950103-21-008612,,https://www.sec.gov/Archives/edgar/data/1326801/000095010321008612/dp152482_4-zuckerberg0608.xml
META,1326801,Mark Zuckerberg,1548760,2021-06-09,2021-06-07,S,sale,77300,25809033.87,333.8814,0.0215,-77300,359734970,0,unknown,C,25,0,Class A Common Stock,I,4,0000950103-21-008611,,https://www.sec.gov/Archives/edgar/data/1326801/000095010321008611/dp152481_4-zuckerberg0607.xml
META,1326801,Mark Zuckerberg,1548760,2021-06-07,2021-06-04,S,sale,77300,25519371.82,330.1342,0.0215,-77300,359812270,0,unknown,C,19,0,Class A Common Stock,I,4,0000950103-21-008510,,https://www.sec.gov/Archives/edgar/data/1326801/000095010321008510/dp152379_4-zuckerberg0604.xml
META,1326801,Mark Zuckerberg,1548760,2021-06-07,2021-06-03,S,sale,52700,17166889.43,325.7474,0.0146,-52700,359889570,0,unknown,C,10,0,Class A Common Stock,I,4,0000950103-21-008508,,https://www.sec.gov/Archives/edgar/data/1326801/000095010321008508/dp152378_4-zuckerberg0603.xml
META,1326801,Mark Zuckerberg,1548760,2021-06-02,2021-06-02,S,sale,63105,20805115.31,329.6904,0.0175,-63105,359942270,0,unknown,C,14,0,Class A Common Stock,I,4,0000950103-21-008346,,https://www.sec.gov/Archives/edgar/data/1326801/000095010321008346/dp152221_4-zuckerberg0602.xml
META,1326801,Mark Zuckerberg,1548760,2021-06-02,2021-06-01,S,sale,66698,21968296.44,329.3696,0.0185,-66698,360005375,0,unknown,C,14,0,Class A Common Stock,I,4,0000950103-21-008345,,https://www.sec.gov/Archives/edgar/data/1326801/000095010321008345/dp152206_4-zuckerberg0601.xml
META,1326801,Mark Zuckerberg,1548760,2021-06-01,2021-05-28,S,sale,74969,24781661.91,330.5588,0.0208,-74969,360072073,0,unknown,C,14,0,Class A Common Stock,I,4,0000950103-21-008264,,https://www.sec.gov/Archives/edgar/data/1326801/000095010321008264/dp152122_4-zuckerberg0528.xml
META,1326801,Mark Zuckerberg,1548760,2021-06-01,2021-05-27,S,sale,77300,25547588.86,330.4992,0.0215,-77300,360147042,0,unknown,C,21,0,Class A Common Stock,I,4,0000950103-21-008261,,https://www.sec.gov/Archives/edgar/data/1326801/000095010321008261/dp152121_4-zuckerberg0527.xml
META,1326801,Mark Zuckerberg,1548760,2021-05-26,2021-05-26,S,sale,52700,17255917.94,327.4368,0.0146,-52700,360224342,0,unknown,C,12,0,Class A Common Stock,I,4,0000950103-21-007931,,https://www.sec.gov/Archives/edgar/data/1326801/000095010321007931/dp151826_4-zuckerberg0526.xml
META,1326801,Mark Zuckerberg,1548760,2021-05-26,2021-05-25,S,sale,52700,17259170.81,327.4985,0.0146,-52700,360277042,0,unknown,C,12,0,Class A Common Stock,I,4,0000950103-21-007930,,https://www.sec.gov/Archives/edgar/data/1326801/000095010321007930/dp151796_4-zuckerberg1.xml
META,1326801,Mark Zuckerberg,1548760,2021-05-26,2021-05-24,S,sale,52700,17075451.90,324.0124,0.0146,-52700,360329742,0,unknown,C,23,0,Class A Common Stock,I,4,0000950103-21-007929,,https://www.sec.gov/Archives/edgar/data/1326801/000095010321007929/dp151797_4-zuckerberg2.xml
META,1326801,Mark Zuckerberg,1548760,2021-05-24,2021-05-21,S,sale,52700,16745628.23,317.7539,0.0146,-52700,360382442,0,unknown,C,12,0,Class A Common Stock,I,4,0000950103-21-007750,,https://www.sec.gov/Archives/edgar/data/1326801/000095010321007750/dp151616_4-zuckerberg1.xml
META,1326801,Mark Zuckerberg,1548760,2021-05-24,2021-05-20,S,sale,52700,16727893.78,317.4173,0.0146,-52700,360435142,0,unknown,C,16,0,Class A Common Stock,I,4,0000950103-21-007747,,https://www.sec.gov/Archives/edgar/data/1326801/000095010321007747/dp151617_4-zuckerberg2.xml
META,1326801,Mark Zuckerberg,1548760,2021-05-19,2021-05-19,S,sale,48500,15024948.76,309.7928,0.0135,-52700,360487842,0,unknown,C,21,0,Class A Common Stock,I,4,0000950103-21-007522,,https://www.sec.gov/Archives/edgar/data/1326801/000095010321007522/dp151401_4-zuckerberg1.xml
META,1326801,Mark Zuckerberg,1548760,2021-05-19,2021-05-19,S,sale,4200,1300528.56,309.6497,0.0012,-52700,360487842,0,unknown,C,10,0,Class A Common Stock,I,4,0000950103-21-007523,,https://www.sec.gov/Archives/edgar/data/1326801/000095010321007523/dp151402_4-zuckerberg2.xml
META,1326801,Mark Zuckerberg,1548760,2021-05-19,2021-05-18,S,sale,52700,16537923.65,313.8126,0.0146,-52700,360540542,0,unknown,C,19,0,Class A Common Stock,I,4,0000950103-21-007514,,https://www.sec.gov/Archives/edgar/data/1326801/000095010321007514/dp151373_4-zuckerberg0518.xml
META,1326801,Mark Zuckerberg,1548760,2021-05-19,2021-05-17,S,sale,52700,16528664.96,313.6369,0.0146,-52700,360593242,0,unknown,C,12,0,Class A Common Stock,I,4,0000950103-21-007512,,https://www.sec.gov/Archives/edgar/data/1326801/000095010321007512/dp151372_4-zuckerberg0517.xml
META,1326801,Mark Zuckerberg,1548760,2021-05-17,2021-05-14,S,sale,52700,16532898.33,313.7172,0.0146,-52700,360645942,0,unknown,C,22,0,Class A Common Stock,I,4,0000950103-21-007365,,https://www.sec.gov/Archives/edgar/data/1326801/000095010321007365/dp151188_4-zuckerberg0514.xml
META,1326801,Mark Zuckerberg,1548760,2021-05-17,2021-05-13,S,sale,52700,16115475.45,305.7965,0.0146,-52700,360698642,0,unknown,C,18,0,Class A Common Stock,I,4,0000950103-21-007364,,https://www.sec.gov/Archives/edgar/data/1326801/000095010321007364/dp151186_4-zuckerberg0513.xml
META,1326801,Mark Zuckerberg,1548760,2021-05-12,2021-05-12,S,sale,52700,15910033.27,301.8982,0.0146,-52700,360751342,0,unknown,C,19,0,Class A Common Stock,I,4,0000950103-21-007152,,https://www.sec.gov/Archives/edgar/data/1326801/000095010321007152/dp151012_4-zuckerberg0512.xml
META,1326801,Mark Zuckerberg,1548760,2021-05-12,2021-05-11,S,sale,68000,20680413.42,304.1237,0.0188,-68000,360804042,0,unknown,C,21,0,Class A Common Stock,I,4,0000950103-21-007151,,https://www.sec.gov/Archives/edgar/data/1326801/000095010321007151/dp150985_4-zuckerberg0511.xml
META,1326801,Mark Zuckerberg,1548760,2021-05-12,2021-05-10,S,sale,68000,20944130.02,308.0019,0.0188,-68000,360872042,0,unknown,C,26,0,Class A Common Stock,I,4,0000950103-21-007150,,https://www.sec.gov/Archives/edgar/data/1326801/000095010321007150/dp150984_4-zuckerberg0510.xml
META,1326801,Mark Zuckerberg,1548760,2021-05-10,2021-05-07,S,sale,68000,21800070.22,320.5893,0.0188,-68000,360940042,0,unknown,C,12,0,Class A Common Stock,I,4,0000950103-21-006967,,https://www.sec.gov/Archives/edgar/data/1326801/000095010321006967/dp150827_4-zuckerberg0507.xml
META,1326801,Mark Zuckerberg,1548760,2021-05-10,2021-05-06,S,sale,68000,21546300.97,316.8574,0.0188,-68000,361008042,0,unknown,C,21,0,Class A Common Stock,I,4,0000950103-21-006965,,https://www.sec.gov/Archives/edgar/data/1326801/000095010321006965/dp150826_4-zuckerberg0506.xml
META,1326801,Mark Zuckerberg,1548760,2021-05-05,2021-05-05,S,sale,68000,21599402.10,317.6383,0.0188,-68000,361076042,0,unknown,C,20,0,Class A Common Stock,I,4,0000950103-21-006825,,https://www.sec.gov/Archives/edgar/data/1326801/000095010321006825/dp150679_4-zuckerberg0505.xml
META,1326801,Mark Zuckerberg,1548760,2021-05-05,2021-05-04,S,sale,68000,21478801.18,315.8647,0.0188,-68000,361144042,0,unknown,C,26,0,Class A Common Stock,I,4,0000950103-21-006823,,https://www.sec.gov/Archives/edgar/data/1326801/000095010321006823/dp150640_4-zuckerberg0504.xml
META,1326801,Mark Zuckerberg,1548760,2021-05-05,2021-05-03,S,sale,68000,22041304.96,324.1368,0.0188,-68000,361212042,0,unknown,C,21,0,Class A Common Stock,I,4,0000950103-21-006822,,https://www.sec.gov/Archives/edgar/data/1326801/000095010321006822/dp150639_4-zuckerberg0503.xml
META,1326801,Mark Zuckerberg,1548760,2021-05-03,2021-04-30,S,sale,68000,22194434.02,326.3887,0.0188,-68000,361280042,0,unknown,C,15,0,Class A Common Stock,I,4,0000950103-21-006613,,https://www.sec.gov/Archives/edgar/data/1326801/000095010321006613/dp150465_4-zuckerberg0430.xml
META,1326801,Mark Zuckerberg,1548760,2021-05-03,2021-04-29,S,sale,68000,22212641.39,326.6565,0.0188,-68000,361348042,0,unknown,C,24,0,Class A Common Stock,I,4,0000950103-21-006611,,https://www.sec.gov/Archives/edgar/data/1326801/000095010321006611/dp150464_4-zuckerberg0429.xml
META,1326801,Mark Zuckerberg,1548760,2021-04-28,2021-04-28,S,sale,68000,20922191.19,307.6793,0.0188,-68000,361416042,0,unknown,C,15,0,Class A Common Stock,I,4,0000950103-21-006296,,https://www.sec.gov/Archives/edgar/data/1326801/000095010321006296/dp150179_4-zuckerberg0428.xml
META,1326801,Mark Zuckerberg,1548760,2021-04-28,2021-04-27,S,sale,68000,20664414.12,303.8884,0.0188,-68000,361484042,0,unknown,C,12,0,Class A Common Stock,I,4,0000950103-21-006295,,https://www.sec.gov/Archives/edgar/data/1326801/000095010321006295/dp150153_4-zuckerberg0427.xml
META,1326801,Mark Zuckerberg,1548760,2021-04-28,2021-04-26,S,sale,68000,20618045.95,303.2066,0.0188,-68000,361552042,0,unknown,C,12,0,Class A Common Stock,I,4,0000950103-21-006294,,https://www.sec.gov/Archives/edgar/data/1326801/000095010321006294/dp150152_4-zuckerberg0426.xml
META,1326801,Mark Zuckerberg,1548760,2021-04-26,2021-04-23,S,sale,68000,20402129.22,300.0313,0.0188,-68000,361620042,0,unknown,C,15,0,Class A Common Stock,I,4,0000950103-21-006060,,https://www.sec.gov/Archives/edgar/data/1326801/000095010321006060/dp149899_4-zuckerberg0423.xml
META,1326801,Mark Zuckerberg,1548760,2021-04-26,2021-04-22,S,sale,64147,19260533.22,300.2562,0.0177,-64147,361688042,0,unknown,C,21,0,Class A Common Stock,I,4,0000950103-21-006058,,https://www.sec.gov/Archives/edgar/data/1326801/000095010321006058/dp149898_4-zuckerberg0422.xml
META,1326801,Mark Zuckerberg,1548760,2021-04-21,2021-04-21,S,sale,68000,20380646.27,299.7154,0.0188,-68000,361752189,0,unknown,C,13,0,Class A Common Stock,I,4,0000950103-21-005895,,https://www.sec.gov/Archives/edgar/data/1326801/000095010321005895/dp149757_4-zuckerberg0421.xml
META,1326801,Mark Zuckerberg,1548760,2021-04-21,2021-04-20,S,sale,68000,20460656.70,300.8920,0.0188,-68000,361820189,0,unknown,C,23,0,Class A Common Stock,I,4,0000950103-21-005892,,https://www.sec.gov/Archives/edgar/data/1326801/000095010321005892/dp149725_4-zuckerberg0420.xml
META,1326801,Mark Zuckerberg,1548760,2021-04-21,2021-04-19,S,sale,68000,20615521.35,303.1694,0.0188,-68000,361888189,0,unknown,C,20,0,Class A Common Stock,I,4,0000950103-21-005890,,https://www.sec.gov/Archives/edgar/data/1326801/000095010321005890/dp149724_4-zuckerberg0419.xml
META,1326801,Mark Zuckerberg,1548760,2021-04-19,2021-04-16,S,sale,68000,20797111.60,305.8399,0.0188,-68000,361956189,0,unknown,C,12,0,Class A Common Stock,I,4,0000950103-21-005724,,https://www.sec.gov/Archives/edgar/data/1326801/000095010321005724/dp149574_4-zuckerberg0416.xml
META,1326801,Mark Zuckerberg,1548760,2021-04-19,2021-04-15,S,sale,68000,20923741.28,307.7021,0.0188,-68000,362024189,0,unknown,C,17,0,Class A Common Stock,I,4,0000950103-21-005723,,https://www.sec.gov/Archives/edgar/data/1326801/000095010321005723/dp149573_4-zuckerberg0415.xml
META,1326801,Mark Zuckerberg,1548760,2021-04-14,2021-04-14,S,sale,68000,20699826.01,304.4092,0.0188,-68000,362092189,0,unknown,C,18,0,Class A Common Stock,I,4,0000950103-21-005587,,https://www.sec.gov/Archives/edgar/data/1326801/000095010321005587/dp149447_4-zuckerberg0414.xml
META,1326801,Mark Zuckerberg,1548760,2021-04-14,2021-04-13,S,sale,68000,21220529.55,312.0666,0.0188,-68000,362160189,0,unknown,C,15,0,Class A Common Stock,I,4,0000950103-21-005586,,https://www.sec.gov/Archives/edgar/data/1326801/000095010321005586/dp149425_4-zuckerberg0413.xml
META,1326801,Mark Zuckerberg,1548760,2021-04-14,2021-04-12,S,sale,68000,21104420.54,310.3591,0.0188,-68000,362228189,0,unknown,C,12,0,Class A Common Stock,I,4,0000950103-21-005585,,https://www.sec.gov/Archives/edgar/data/1326801/000095010321005585/dp149424_4-zuckerberg0412.xml
META,1326801,Mark Zuckerberg,1548760,2021-04-12,2021-04-09,S,sale,68000,21237941.36,312.3227,0.0188,-68000,362296189,0,unknown,C,15,0,Class A Common Stock,I,4,0000950103-21-005466,,https://www.sec.gov/Archives/edgar/data/1326801/000095010321005466/dp149309_4-zuckerberg0409.xml
META,1326801,Mark Zuckerberg,1548760,2021-04-12,2021-04-08,S,sale,68000,21232454.13,312.2420,0.0188,-68000,362364189,0,unknown,C,15,0,Class A Common Stock,I,4,0000950103-21-005464,,https://www.sec.gov/Archives/edgar/data/1326801/000095010321005464/dp149308_4-zuckerberg0408.xml
META,1326801,Mark Zuckerberg,1548760,2021-04-07,2021-04-07,S,sale,68000,21129604.43,310.7295,0.0188,-68000,362432189,0,unknown,C,22,0,Class A Common Stock,I,4,0000950103-21-005338,,https://www.sec.gov/Archives/edgar/data/1326801/000095010321005338/dp149186_4-zuckerberg0407.xml
META,1326801,Mark Zuckerberg,1548760,2021-04-07,2021-04-06,S,sale,68000,20911789.34,307.5263,0.0188,-68000,362500189,0,unknown,C,18,0,Class A Common Stock,I,4,0000950103-21-005337,,https://www.sec.gov/Archives/edgar/data/1326801/000095010321005337/dp149172_4-zuckerberg0406.xml
META,1326801,Mark Zuckerberg,1548760,2021-04-07,2021-04-05,S,sale,60000,18435244.98,307.2541,0.0165,-68000,362568189,0,unknown,C,20,0,Class A Common Stock,I,4,0000950103-21-005335,,https://www.sec.gov/Archives/edgar/data/1326801/000095010321005335/dp149170_4-zuckerberg1.xml
META,1326801,Mark Zuckerberg,1548760,2021-04-07,2021-04-05,S,sale,8000,2457604.01,307.2005,0.0022,-68000,362568189,0,unknown,C,10,0,Class A Common Stock,I,4,0000950103-21-005336,,https://www.sec.gov/Archives/edgar/data/1326801/000095010321005336/dp149171_4-zuckerberg2.xml
META,1326801,Mark Zuckerberg,1548760,2021-04-05,2021-04-01,S,sale,58973,17638267.37,299.0906,0.0163,-58973,362636189,0,unknown,C,15,0,Class A Common Stock,I,4,0000950103-21-005241,,https://www.sec.gov/Archives/edgar/data/1326801/000095010321005241/dp149070_4-zuckerberg.xml
META,1326801,Mark Zuckerberg,1548760,2021-03-31,2021-03-31,S,sale,56250,16540762.86,294.0580,0.0155,-56250,362695162,0,unknown,C,22,0,Class A Common Stock,I,4,0000950103-21-005017,,https://www.sec.gov/Archives/edgar/data/1326801/000095010321005017/dp148885_4-zuckerberg01.xml
META,1326801,Mark Zuckerberg,1548760,2021-03-31,2021-03-30,S,sale,56250,16285539.98,289.5207,0.0155,-56250,362751412,0,unknown,C,17,0,Class A Common Stock,I,4,0000950103-21-005016,,https://www.sec.gov/Archives/edgar/data/1326801/000095010321005016/dp148853_4-zuckerberg0330.xml
META,1326801,Mark Zuckerberg,1548760,2021-03-31,2021-03-29,S,sale,56250,16254648.84,288.9715,0.0155,-56250,362807662,0,unknown,C,22,0,Class A Common Stock,I,4,0000950103-21-005014,,https://www.sec.gov/Archives/edgar/data/1326801/000095010321005014/dp148852_4-zuckerberg0329.xml
META,1326801,Mark Zuckerberg,1548760,2021-03-29,2021-03-26,S,sale,56250,15818023.42,281.2093,0.0155,-56250,362863912,0,unknown,C,19,0,Class A Common Stock,I,4,0000950103-21-004784,,https://www.sec.gov/Archives/edgar/data/1326801/000095010321004784/dp148612_4-zuckerberg0326.xml
META,1326801,Mark Zuckerberg,1548760,2021-03-29,2021-03-25,S,sale,56250,15844767.73,281.6848,0.0155,-56250,362920162,0,unknown,C,28,0,Class A Common Stock,I,4,0000950103-21-004775,,https://www.sec.gov/Archives/edgar/data/1326801/000095010321004775/dp148611_4-zuckerberg0325.xml
META,1326801,Mark Zuckerberg,1548760,2021-03-24,2021-03-24,S,sale,56250,16151719.12,287.1417,0.0155,-56250,362976412,0,unknown,C,27,0,Class A Common Stock,I,4,0000950103-21-004530,,https://www.sec.gov/Archives/edgar/data/1326801/000095010321004530/dp148380_4-zuckerberg0324.xml
META,1326801,Mark Zuckerberg,1548760,2021-03-24,2021-03-23,S,sale,56250,16548102.47,294.1885,0.0155,-56250,363032662,0,unknown,C,23,0,Class A Common Stock,I,4,0000950103-21-004528,,https://www.sec.gov/Archives/edgar/data/1326801/000095010321004528/dp148358_4-zuckerberg0323.xml
META,1326801,Mark Zuckerberg,1548760,2021-03-24,2021-03-22,S,sale,50000,14739527.97,294.7906,0.0138,-56250,363088912,0,unknown,C,23,0,Class A Common Stock,I,4,0000950103-21-004526,,https://www.sec.gov/Archives/edgar/data/1326801/000095010321004526/dp148359_4-zuckerberg0322pt1.xml
META,1326801,Mark Zuckerberg,1548760,2021-03-24,2021-03-22,S,sale,6250,1842489.31,294.7983,0.0017,-56250,363088912,0,unknown,C,12,0,Class A Common Stock,I,4,0000950103-21-004527,,https://www.sec.gov/Archives/edgar/data/1326801/000095010321004527/dp148360_4-zuckerberg0322pt2.xml
META,1326801,Mark Zuckerberg,1548760,2021-03-22,2021-03-19,S,sale,56250,16211639.34,288.2069,0.0155,-56250,363145162,0,unknown,C,28,0,Class A Common Stock,I,4,0000950103-21-004366,,https://www.sec.gov/Archives/edgar/data/1326801/000095010321004366/dp148183_4-zuckerberg0319.xml
META,1326801,Mark Zuckerberg,1548760,2021-03-22,2021-03-18,S,sale,56250,15854537.47,281.8584,0.0155,-56250,363201412,0,unknown,C,20,0,Class A Common Stock,I,4,0000950103-21-004365,,https://www.sec.gov/Archives/edgar/data/1326801/000095010321004365/dp148182_4-zuckerberg0318.xml
META,1326801,Mark Zuckerberg,1548760,2021-03-17,2021-03-17,S,sale,50000,14021220.61,280.4244,0.0138,-56250,363257662,0,unknown,C,20,0,Class A Common Stock,I,4,0000950103-21-004181,,https://www.sec.gov/Archives/edgar/data/1326801/000095010321004181/dp148004_4-zuckerberg1.xml
META,1326801,Mark Zuckerberg,1548760,2021-03-17,2021-03-17,S,sale,6250,1753548.08,280.5677,0.0017,-56250,363257662,0,unknown,C,9,0,Class A Common Stock,I,4,0000950103-21-004182,,https://www.sec.gov/Archives/edgar/data/1326801/000095010321004182/dp148005_4-zuckerberg2.xml
META,1326801,Mark Zuckerberg,1548760,2021-03-17,2021-03-16,S,sale,56250,15730615.23,279.6554,0.0155,-56250,363313912,0,unknown,C,19,0,Class A Common Stock,I,4,0000950103-21-004180,,https://www.sec.gov/Archives/edgar/data/1326801/000095010321004180/dp147978_4-zuckerberg2.xml
META,1326801,Mark Zuckerberg,1548760,2021-03-17,2021-03-15,S,sale,45758,12478905.89,272.7153,0.0126,-45758,363370162,0,unknown,C,16,0,Class A Common Stock,I,4,0000950103-21-004177,,https://www.sec.gov/Archives/edgar/data/1326801/000095010321004177/dp147977_4-zuckerberg1.xml
META,1326801,Mark Zuckerberg,1548760,2021-03-15,2021-03-12,S,sale,44750,11934267.39,266.6875,0.0123,-44750,363415920,0,unknown,C,18,0,Class A Common Stock,I,4,0000950103-21-004054,,https://www.sec.gov/Archives/edgar/data/1326801/000095010321004054/dp147842_4-zuckerberg0312.xml
META,1326801,Mark Zuckerberg,1548760,2021-03-15,2021-03-11,S,sale,51996,14272953.41,274.5010,0.0143,-51996,363460670,0,unknown,C,26,0,Class A Common Stock,I,4,0000950103-21-004053,,https://www.sec.gov/Archives/edgar/data/1326801/000095010321004053/dp147841_4-zuckerberg0311.xml
META,1326801,Mark Zuckerberg,1548760,2021-03-10,2021-03-10,S,sale,44750,11879490.78,265.4635,0.0123,-44750,363512666,0,unknown,C,18,0,Class A Common Stock,I,4,0000950103-21-003805,,https://www.sec.gov/Archives/edgar/data/1326801/000095010321003805/dp147630_4-zuckerberg4.xml
META,1326801,Mark Zuckerberg,1548760,2021-03-10,2021-03-09,S,sale,44750,11863109.41,265.0974,0.0123,-44750,363557416,0,unknown,C,26,0,Class A Common Stock,I,4,0000950103-21-003804,,https://www.sec.gov/Archives/edgar/data/1326801/000095010321003804/dp147599_4-zuckerberg3.xml
META,1326801,Mark Zuckerberg,1548760,2021-03-10,2021-03-08,S,sale,40000,10435107.09,260.8777,0.0110,-44750,363602166,0,unknown,C,20,0,Class A Common Stock,I,4,0000950103-21-003802,,https://www.sec.gov/Archives/edgar/data/1326801/000095010321003802/dp147597_4-zuckerberg1.xml
META,1326801,Mark Zuckerberg,1548760,2021-03-10,2021-03-08,S,sale,4750,1239692.06,260.9878,0.0013,-44750,363602166,0,unknown,C,10,0,Class A Common Stock,I,4,0000950103-21-003803,,https://www.sec.gov/Archives/edgar/data/1326801/000095010321003803/dp147598_4-zuckerberg2.xml
META,1326801,Mark Zuckerberg,1548760,2021-03-08,2021-03-05,S,sale,44750,11646588.97,260.2590,0.0123,-44750,363646916,0,unknown,C,26,0,Class A Common Stock,I,4,0000950103-21-003694,,https://www.sec.gov/Archives/edgar/data/1326801/000095010321003694/dp147499_4-zuckerberg3.xml
META,1326801,Mark Zuckerberg,1548760,2021-03-08,2021-03-04,S,sale,40000,10364273.91,259.1068,0.0110,-44750,363691666,0,unknown,C,21,0,Class A Common Stock,I,4,0000950103-21-003690,,https://www.sec.gov/Archives/edgar/data/1326801/000095010321003690/dp147497_4-zuckerberg1.xml
META,1326801,Mark Zuckerberg,1548760,2021-03-08,2021-03-04,S,sale,4750,1231147.46,259.1889,0.0013,-44750,363691666,0,unknown,C,10,0,Class A Common Stock,I,4,0000950103-21-003693,,https://www.sec.gov/Archives/edgar/data/1326801/000095010321003693/dp147498_4-zuckerberg2.xml
META,1326801,Mark Zuckerberg,1548760,2021-03-03,2021-03-03,S,sale,44750,11529102.63,257.6336,0.0123,-44750,363736416,0,unknown,C,17,0,Class A Common Stock,I,4,0000950103-21-003510,,https://www.sec.gov/Archives/edgar/data/1326801/000095010321003510/dp147343_4-zuckerberg3.xml
META,1326801,Mark Zuckerberg,1548760,2021-03-03,2021-03-02,S,sale,44750,11805009.41,263.7991,0.0123,-44750,363781166,0,unknown,C,22,0,Class A Common Stock,I,4,0000950103-21-003509,,https://www.sec.gov/Archives/edgar/data/1326801/000095010321003509/dp147315_4-zuckerberg2.xml
META,1326801,Mark Zuckerberg,1548760,2021-03-03,2021-03-01,S,sale,44750,11713716.78,261.7590,0.0123,-44750,363825916,0,unknown,C,24,0,Class A Common Stock,I,4,0000950103-21-003505,,https://www.sec.gov/Archives/edgar/data/1326801/000095010321003505/dp147314_4-zuckerberg1.xml
META,1326801,Mark Zuckerberg,1548760,2021-03-01,2021-02-26,S,sale,44750,11696783.74,261.3806,0.0123,-44750,363870666,0,unknown,C,27,0,Class A Common Stock,I,4,0000950103-21-003294,,https://www.sec.gov/Archives/edgar/data/1326801/000095010321003294/dp147127_4-zuckerberg0226.xml
META,1326801,Mark Zuckerberg,1548760,2021-03-01,2021-02-25,S,sale,40000,10399423.75,259.9856,0.0110,-44750,363915416,0,unknown,C,23,0,Class A Common Stock,I,4,0000950103-21-003292,,https://www.sec.gov/Archives/edgar/data/1326801/000095010321003292/dp147125_4-zuckerberg1.xml
META,1326801,Mark Zuckerberg,1548760,2021-03-01,2021-02-25,S,sale,4750,1234329.41,259.8588,0.0013,-44750,363915416,0,unknown,C,10,0,Class A Common Stock,I,4,0000950103-21-003293,,https://www.sec.gov/Archives/edgar/data/1326801/000095010321003293/dp147126_4-zuckerberg2.xml
META,1326801,Mark Zuckerberg,1548760,2021-02-24,2021-02-24,S,sale,44750,11773202.36,263.0883,0.0123,-44750,363960166,0,unknown,C,24,0,Class A Common Stock,I,4,0000950103-21-002941,,https://www.sec.gov/Archives/edgar/data/1326801/000095010321002941/dp146805_4-zuckerberg.xml
META,1326801,Mark Zuckerberg,1548760,2021-02-24,2021-02-23,S,sale,40000,10515245.34,262.8811,0.0110,-44750,364004916,0,unknown,C,23,0,Class A Common Stock,I,4,0000950103-21-002938,,https://www.sec.gov/Archives/edgar/data/1326801/000095010321002938/dp146769_4-zuckerberg1.xml
META,1326801,Mark Zuckerberg,1548760,2021-02-24,2021-02-23,S,sale,4750,1248195.01,262.7779,0.0013,-44750,364004916,0,unknown,C,11,0,Class A Common Stock,I,4,0000950103-21-002940,,https://www.sec.gov/Archives/edgar/data/1326801/000095010321002940/dp146770_4-zuckerberg2.xml
META,1326801,Mark Zuckerberg,1548760,2021-02-24,2021-02-22,S,sale,44750,11661237.94,260.5863,0.0123,-44750,364049666,0,unknown,C,15,0,Class A Common Stock,I,4,0000950103-21-002935,,https://www.sec.gov/Archives/edgar/data/1326801/000095010321002935/dp146768_4-zuckerberg0222.xml
META,1326801,Mark Zuckerberg,1548760,2021-02-22,2021-02-19,S,sale,44750,11806557.90,263.8337,0.0123,-44750,364094416,0,unknown,C,26,0,Class A Common Stock,I,4,0000950103-21-002724,,https://www.sec.gov/Archives/edgar/data/1326801/000095010321002724/dp146540_4-zuckerberg0219.xml
META,1326801,Mark Zuckerberg,1548760,2021-02-22,2021-02-18,S,sale,44750,12016940.80,268.5350,0.0123,-44750,364139166,0,unknown,C,16,0,Class A Common Stock,I,4,0000950103-21-002722,,https://www.sec.gov/Archives/edgar/data/1326801/000095010321002722/dp146539_4-zuckerberg0218.xml
META,1326801,Mark Zuckerberg,1548760,2021-02-18,2021-02-17,S,sale,44750,12178443.24,272.1440,0.0123,-44750,364183916,0,unknown,C,13,0,Class A Common Stock,I,4,0000950103-21-002521,,https://www.sec.gov/Archives/edgar/data/1326801/000095010321002521/dp146340_4-zuckerberg0217.xml
META,1326801,Mark Zuckerberg,1548760,2021-02-18,2021-02-16,S,sale,47344,12983756.95,274.2429,0.0130,-47344,364228666,0,unknown,C,18,0,Class A Common Stock,I,4,0000950103-21-002520,,https://www.sec.gov/Archives/edgar/data/1326801/000095010321002520/dp146339_4-zuckerberg0216.xml
META,1326801,Mark Zuckerberg,1548760,2021-02-16,2021-02-12,S,sale,44750,12061176.83,269.5235,0.0123,-44750,364276010,0,unknown,C,9,0,Class A Common Stock,I,4,0000950103-21-002353,,https://www.sec.gov/Archives/edgar/data/1326801/000095010321002353/dp146178_4-zuckerberg0212.xml
META,1326801,Mark Zuckerberg,1548760,2021-02-16,2021-02-11,S,sale,44750,12093091.50,270.2367,0.0123,-44750,364320760,0,unknown,C,15,0,Class A Common Stock,I,4,0000950103-21-002352,,https://www.sec.gov/Archives/edgar/data/1326801/000095010321002352/dp146177_4-zuckerberg0211.xml
META,1326801,Mark Zuckerberg,1548760,2021-02-10,2021-02-10,S,sale,44750,12102762.19,270.4528,0.0123,-44750,364365510,0,unknown,C,18,0,Class A Common Stock,I,4,0000950103-21-002131,,https://www.sec.gov/Archives/edgar/data/1326801/000095010321002131/dp145989_4-zuckerberg0210.xml
META,1326801,Mark Zuckerberg,1548760,2021-02-10,2021-02-09,S,sale,44750,12095888.67,270.2992,0.0123,-44750,364410260,0,unknown,C,20,0,Class A Common Stock,I,4,0000950103-21-002129,,https://www.sec.gov/Archives/edgar/data/1326801/000095010321002129/dp145967_4-zuckerberg0209.xml
META,1326801,Mark Zuckerberg,1548760,2021-02-10,2021-02-08,S,sale,44750,11932220.17,266.6418,0.0123,-44750,364455010,0,unknown,C,15,0,Class A Common Stock,I,4,0000950103-21-002127,,https://www.sec.gov/Archives/edgar/data/1326801/000095010321002127/dp145966_4-zuckerberg0208.xml
META,1326801,Mark Zuckerberg,1548760,2021-02-08,2021-02-05,S,sale,44750,11989295.23,267.9172,0.0123,-44750,364499760,0,unknown,C,10,0,Class A Common Stock,I,4,0000950103-21-001967,,https://www.sec.gov/Archives/edgar/data/1326801/000095010321001967/dp145803_4-zuckerberg0205.xml
META,1326801,Mark Zuckerberg,1548760,2021-02-08,2021-02-04,S,sale,44750,11883484.40,265.5527,0.0123,-44750,364544510,0,unknown,C,9,0,Class A Common Stock,I,4,0000950103-21-001966,,https://www.sec.gov/Archives/edgar/data/1326801/000095010321001966/dp145802_4-zuckerberg0204.xml
META,1326801,Mark Zuckerberg,1548760,2021-02-03,2021-02-03,S,sale,44750,11947957.80,266.9935,0.0123,-44750,364589260,0,unknown,C,15,0,Class A Common Stock,I,4,0000950103-21-001762,,https://www.sec.gov/Archives/edgar/data/1326801/000095010321001762/dp145645_4-zuckerberg0203.xml
META,1326801,Mark Zuckerberg,1548760,2021-02-03,2021-02-02,S,sale,44750,11947830.06,266.9906,0.0123,-44750,364634010,0,unknown,C,16,0,Class A Common Stock,I,4,0000950103-21-001761,,https://www.sec.gov/Archives/edgar/data/1326801/000095010321001761/dp145633_4-zuckerberg0202.xml
META,1326801,Mark Zuckerberg,1548760,2021-02-03,2021-02-01,S,sale,44750,11647785.10,260.2857,0.0123,-44750,364678760,0,unknown,C,25,0,Class A Common Stock,I,4,0000950103-21-001760,,https://www.sec.gov/Archives/edgar/data/1326801/000095010321001760/dp145632_4-zuckerberg0201.xml
META,1326801,Mark Zuckerberg,1548760,2021-02-01,2021-01-29,S,sale,40000,10350836.97,258.7709,0.0110,-44750,364723510,0,unknown,C,20,0,Class A Common Stock,I,4,0000950103-21-001533,,https://www.sec.gov/Archives/edgar/data/1326801/000095010321001533/dp145386_4-zuckerberg0129p1.xml
META,1326801,Mark Zuckerberg,1548760,2021-02-01,2021-01-29,S,sale,4750,1228959.25,258.7283,0.0013,-44750,364723510,0,unknown,C,9,0,Class A Common Stock,I,4,0000950103-21-001534,,https://www.sec.gov/Archives/edgar/data/1326801/000095010321001534/dp145387_4-zuckerberg0129p2.xml
META,1326801,Mark Zuckerberg,1548760,2021-02-01,2021-01-28,S,sale,30579,8350890.66,273.0923,0.0084,-47362,364768260,0,unknown,C,16,0,Class A Common Stock,I,4,0000950103-21-001531,,https://www.sec.gov/Archives/edgar/data/1326801/000095010321001531/dp145384_4-zuckerberg0128p1.xml
META,1326801,Mark Zuckerberg,1548760,2021-02-01,2021-01-28,S,sale,16783,4585952.18,273.2498,0.0046,-47362,364768260,0,unknown,C,29,0,Class A Common Stock,I,4,0000950103-21-001532,,https://www.sec.gov/Archives/edgar/data/1326801/000095010321001532/dp145385_4-zuckerberg0128p2.xml
META,1326801,Mark Zuckerberg,1548760,2021-01-27,2021-01-27,S,sale,47250,12983350.96,274.7799,0.0130,-53078,364815622,0,unknown,C,22,0,Class A Common Stock,I,4,0000950103-21-001108,,https://www.sec.gov/Archives/edgar/data/1326801/000095010321001108/dp144964_4-zuckerberg1.xml
META,1326801,Mark Zuckerberg,1548760,2021-01-27,2021-01-27,S,sale,5828,1602403.39,274.9491,0.0016,-53078,364815622,0,unknown,C,11,0,Class A Common Stock,I,4,0000950103-21-001110,,https://www.sec.gov/Archives/edgar/data/1326801/000095010321001110/dp144965_4-zuckerberg2.xml
META,1326801,Mark Zuckerberg,1548760,2021-01-27,2021-01-26,S,sale,56250,15861455.26,281.9814,0.0154,-56250,364868700,0,unknown,C,21,0,Class A Common Stock,I,4,0000950103-21-001104,,https://www.sec.gov/Archives/edgar/data/1326801/000095010321001104/dp144923_4-zuckerberg2.xml
META,1326801,Mark Zuckerberg,1548760,2021-01-27,2021-01-25,S,sale,56250,15562561.28,276.6678,0.0154,-56250,364924950,0,unknown,C,23,0,Class A Common Stock,I,4,0000950103-21-001101,,https://www.sec.gov/Archives/edgar/data/1326801/000095010321001101/dp144922_4-zuckerberg1.xml
META,1326801,Mark Zuckerberg,1548760,2021-01-25,2021-01-22,S,sale,55869,15408151.72,275.7907,0.0153,-55869,364981200,0,unknown,C,18,0,Class A Common Stock,I,4,0000950103-21-000946,,https://www.sec.gov/Archives/edgar/data/1326801/000095010321000946/dp144771_4-zuckerberg2.xml
META,1326801,Mark Zuckerberg,1548760,2021-01-25,2021-01-21,S,sale,44750,12155943.69,271.6412,0.0123,-44750,365037069,0,unknown,C,18,0,Class A Common Stock,I,4,0000950103-21-000945,,https://www.sec.gov/Archives/edgar/data/1326801/000095010321000945/dp144770_4-zuckerberg1.xml
META,1326801,Mark Zuckerberg,1548760,2021-01-21,2021-01-20,S,sale,44750,11963125.70,267.3324,0.0123,-44750,365081819,0,unknown,C,19,0,Class A Common Stock,I,4,0000950103-21-000788,,https://www.sec.gov/Archives/edgar/data/1326801/000095010321000788/dp144604_4-zuckerberg1.xml
META,1326801,Mark Zuckerberg,1548760,2021-01-21,2021-01-19,S,sale,44750,11513966.21,257.2953,0.0123,-44750,365126569,0,unknown,C,27,0,Class A Common Stock,I,4,0000950103-21-000787,,https://www.sec.gov/Archives/edgar/data/1326801/000095010321000787/dp144605_4-zuckerberg2.xml
META,1326801,Mark Zuckerberg,1548760,2021-01-19,2021-01-15,S,sale,44750,11259431.75,251.6074,0.0123,-44750,365171319,0,unknown,C,16,0,Class A Common Stock,I,4,0000950103-21-000654,,https://www.sec.gov/Archives/edgar/data/1326801/000095010321000654/dp144461_4-zuckerberg2.xml
META,1326801,Mark Zuckerberg,1548760,2021-01-19,2021-01-14,S,sale,38660,9651338.96,249.6466,0.0106,-38660,365216069,0,unknown,C,24,0,Class A Common Stock,I,4,0000950103-21-000653,,https://www.sec.gov/Archives/edgar/data/1326801/000095010321000653/dp144460_4-zuckerberg1.xml
META,1326801,Mark Zuckerberg,1548760,2021-01-13,2021-01-13,S,sale,44750,11264641.41,251.7238,0.0123,-44750,365254729,0,unknown,C,13,0,Class A Common Stock,I,4,0000950103-21-000464,,https://www.sec.gov/Archives/edgar/data/1326801/000095010321000464/dp144283_4-zuckerberg3.xml
META,1326801,Mark Zuckerberg,1548760,2021-01-13,2021-01-12,S,sale,44750,11339662.22,253.4003,0.0122,-44750,365299479,0,unknown,C,24,0,Class A Common Stock,I,4,0000950103-21-000463,,https://www.sec.gov/Archives/edgar/data/1326801/000095010321000463/dp144257_4-zuckerberg2.xml
META,1326801,Mark Zuckerberg,1548760,2021-01-13,2021-01-11,S,sale,44750,11606834.68,259.3706,0.0122,-44750,365344229,0,unknown,C,20,0,Class A Common Stock,I,4,0000950103-21-000462,,https://www.sec.gov/Archives/edgar/data/1326801/000095010321000462/dp144256_4-zuckerberg1.xml
META,1326801,Mark Zuckerberg,1548760,2021-01-11,2021-01-08,S,sale,44750,11877207.32,265.4125,0.0122,-44750,365388979,0,unknown,C,16,0,Class A Common Stock,I,4,0000950103-21-000336,,https://www.sec.gov/Archives/edgar/data/1326801/000095010321000336/dp144136_4-zuckerberg0108.xml
META,1326801,Mark Zuckerberg,1548760,2021-01-11,2021-01-07,S,sale,44750,12036378.45,268.9694,0.0122,-44750,365433729,0,unknown,C,17,0,Class A Common Stock,I,4,0000950103-21-000335,,https://www.sec.gov/Archives/edgar/data/1326801/000095010321000335/dp144135_4-zuckerberg0107.xml
META,1326801,Mark Zuckerberg,1548760,2021-01-06,2021-01-06,S,sale,44750,11861641.44,265.0646,0.0122,-44750,365478479,0,unknown,C,18,0,Class A Common Stock,I,4,0000950103-21-000162,,https://www.sec.gov/Archives/edgar/data/1326801/000095010321000162/dp143983_4-zuckerberg0106.xml
META,1326801,Mark Zuckerberg,1548760,2021-01-06,2021-01-05,S,sale,44750,12128926.28,271.0375,0.0122,-44750,365523229,0,unknown,C,12,0,Class A Common Stock,I,4,0000950103-21-000161,,https://www.sec.gov/Archives/edgar/data/1326801/000095010321000161/dp143956_4-zuckerberg1.xml
META,1326801,Mark Zuckerberg,1548760,2021-01-06,2021-01-04,S,sale,44750,12055088.20,269.3874,0.0122,-44750,365567979,0,unknown,C,28,0,Class A Common Stock,I,4,0000950103-21-000158,,https://www.sec.gov/Archives/edgar/data/1326801/000095010321000158/dp143957_4-zuckerberg2.xml
META,1326801,Mark Zuckerberg,1548760,2021-01-04,2020-12-31,S,sale,45958,12532076.96,272.6854,0.0126,-45958,365612729,0,unknown,C,19,0,Class A Common Stock,I,4,0000950103-21-000055,,https://www.sec.gov/Archives/edgar/data/1326801/000095010321000055/dp143834_4-zuckerberg31.xml
META,1326801,Mark Zuckerberg,1548760,2021-01-04,2020-12-30,S,sale,46581,12773174.87,274.2143,0.0127,-46581,365658687,0,unknown,C,18,0,Class A Common Stock,I,4,0000950103-21-000053,,https://www.sec.gov/Archives/edgar/data/1326801/000095010321000053/dp143833_4-zuckerberg30.xml
META,1326801,Mark Zuckerberg,1548760,2020-12-30,2020-12-29,S,sale,56250,15657590.03,278.3572,0.0154,-56250,365705268,0,unknown,C,12,0,Class A Common Stock,I,4,0000950103-20-024993,,https://www.sec.gov/Archives/edgar/data/1326801/000095010320024993/dp143703_4-zuckerberg3.xml
META,1326801,Mark Zuckerberg,1548760,2020-12-30,2020-12-28,S,sale,50000,13660894.78,273.2179,0.0137,-56250,365761518,0,unknown,C,21,0,Class A Common Stock,I,4,0000950103-20-024982,,https://www.sec.gov/Archives/edgar/data/1326801/000095010320024982/dp143701_4-zuckerberg1.xml
META,1326801,Mark Zuckerberg,1548760,2020-12-30,2020-12-28,S,sale,6250,1707750.95,273.2402,0.0017,-56250,365761518,0,unknown,,10,0,Class A Common Stock,I,4,0000950103-20-024990,,https://www.sec.gov/Archives/edgar/data/1326801/000095010320024990/dp143702_4-zuckerberg2.xml
META,1326801,Mark Zuckerberg,1548760,2020-12-28,2020-12-24,S,sale,44750,11975101.16,267.6000,0.0122,-44750,365817768,0,unknown,C,12,0,Class A Common Stock,I,4,0000950103-20-024834,,https://www.sec.gov/Archives/edgar/data/1326801/000095010320024834/dp143522_4-zuckerberg2.xml
META,1326801,Mark Zuckerberg,1548760,2020-12-28,2020-12-23,S,sale,44750,12048848.28,269.2480,0.0122,-44750,365862518,0,unknown,C,18,0,Class A Common Stock,I,4,0000950103-20-024833,,https://www.sec.gov/Archives/edgar/data/1326801/000095010320024833/dp143521_4-zuckerberg1.xml
META,1326801,Mark Zuckerberg,1548760,2020-12-23,2020-12-22,S,sale,44750,11988263.75,267.8942,0.0122,-44750,365907268,0,unknown,C,21,0,Class A Common Stock,I,4,0000950103-20-024711,,https://www.sec.gov/Archives/edgar/data/1326801/000095010320024711/dp143391_4-zuckerberg2.xml
META,1326801,Mark Zuckerberg,1548760,2020-12-23,2020-12-21,S,sale,44750,12160446.26,271.7418,0.0122,-44750,365952018,0,unknown,C,21,0,Class A Common Stock,I,4,0000950103-20-024709,,https://www.sec.gov/Archives/edgar/data/1326801/000095010320024709/dp143390_4-zuckerberg.xml
META,1326801,Mark Zuckerberg,1548760,2020-12-21,2020-12-18,S,sale,56250,15394414.09,273.6785,0.0154,-56250,365996768,0,unknown,C,21,0,Class A Common Stock,I,4,0000950103-20-024530,,https://www.sec.gov/Archives/edgar/data/1326801/000095010320024530/dp143214_4-zuckerberg2.xml
META,1326801,Mark Zuckerberg,1548760,2020-12-21,2020-12-17,S,sale,53721,14868125.65,276.7656,0.0147,-53721,366053018,0,unknown,C,21,0,Class A Common Stock,I,4,0000950103-20-024529,,https://www.sec.gov/Archives/edgar/data/1326801/000095010320024529/dp143213_4-zuckerberg1.xml
META,1326801,Mark Zuckerberg,1548760,2020-12-16,2020-12-16,S,sale,56250,15502512.97,275.6002,0.0154,-56250,366106739,0,unknown,C,15,0,Class A Common Stock,I,4,0000950103-20-024299,,https://www.sec.gov/Archives/edgar/data/1326801/000095010320024299/dp143010_4-zuckerberg3.xml
META,1326801,Mark Zuckerberg,1548760,2020-12-16,2020-12-15,S,sale,56250,15347429.29,272.8432,0.0154,-56250,366162989,0,unknown,C,23,0,Class A Common Stock,I,4,0000950103-20-024298,,https://www.sec.gov/Archives/edgar/data/1326801/000095010320024298/dp142986_4-zuckerberg2.xml
META,1326801,Mark Zuckerberg,1548760,2020-12-16,2020-12-14,S,sale,54105,14889253.32,275.1918,0.0148,-54105,366219239,0,unknown,C,15,0,Class A Common Stock,I,4,0000950103-20-024297,,https://www.sec.gov/Archives/edgar/data/1326801/000095010320024297/dp142985_4-zuckerberg1.xml
META,1326801,Mark Zuckerberg,1548760,2020-12-14,2020-12-11,S,sale,47560,13015559.41,273.6661,0.0130,-47560,366273344,0,unknown,C,18,0,Class A Common Stock,I,4,0000950103-20-024187,,https://www.sec.gov/Archives/edgar/data/1326801/000095010320024187/dp142862_4-zuckerberg2.xml
META,1326801,Mark Zuckerberg,1548760,2020-12-14,2020-12-10,S,sale,56250,15518681.00,275.8877,0.0154,-56250,366320904,0,unknown,C,21,0,Class A Common Stock,I,4,0000950103-20-024184,,https://www.sec.gov/Archives/edgar/data/1326801/000095010320024184/dp142861_4-zuckerberg1.xml
META,1326801,Mark Zuckerberg,1548760,2020-12-09,2020-12-09,S,sale,50000,14051779.92,281.0356,0.0136,-56250,366377154,0,unknown,C,26,0,Class A Common Stock,I,4,0000950103-20-024043,,https://www.sec.gov/Archives/edgar/data/1326801/000095010320024043/dp142738_4-zuckerberg3.xml
META,1326801,Mark Zuckerberg,1548760,2020-12-09,2020-12-09,S,sale,6250,1756851.02,281.0962,0.0017,-56250,366377154,0,unknown,,13,0,Class A Common Stock,I,4,0000950103-20-024044,,https://www.sec.gov/Archives/edgar/data/1326801/000095010320024044/dp142739_4-zuckerberg4.xml
META,1326801,Mark Zuckerberg,1548760,2020-12-09,2020-12-08,S,sale,56250,15960540.56,283.7429,0.0153,-56250,366433404,0,unknown,C,12,0,Class A Common Stock,I,4,0000950103-20-024042,,https://www.sec.gov/Archives/edgar/data/1326801/000095010320024042/dp142722_4-zuckerberg2.xml
META,1326801,Mark Zuckerberg,1548760,2020-12-09,2020-12-07,S,sale,54679,15619510.46,285.6583,0.0149,-54679,366489654,0,unknown,C,25,0,Class A Common Stock,I,4,0000950103-20-024041,,https://www.sec.gov/Archives/edgar/data/1326801/000095010320024041/dp142721_4-zuckerberg1.xml
META,1326801,Mark Zuckerberg,1548760,2020-12-07,2020-12-04,S,sale,56250,15799150.81,280.8738,0.0153,-56250,366544333,0,unknown,C,12,0,Class A Common Stock,I,4,0000950103-20-023928,,https://www.sec.gov/Archives/edgar/data/1326801/000095010320023928/dp142614_4-zuckerberg2.xml
META,1326801,Mark Zuckerberg,1548760,2020-12-07,2020-12-03,S,sale,61350,17420283.75,283.9492,0.0167,-61350,366600583,0,unknown,C,23,0,Class A Common Stock,I,4,0000950103-20-023926,,https://www.sec.gov/Archives/edgar/data/1326801/000095010320023926/dp142613_4-zuckerberg1.xml
META,1326801,Mark Zuckerberg,1548760,2020-12-02,2020-12-02,S,sale,50000,14323739.67,286.4748,0.0136,-62250,366661933,0,unknown,C,21,0,Class A Common Stock,I,4,0000950103-20-023680,,https://www.sec.gov/Archives/edgar/data/1326801/000095010320023680/dp142361_4-zuckerberg1.xml
META,1326801,Mark Zuckerberg,1548760,2020-12-02,2020-12-02,S,sale,12250,3508802.60,286.4329,0.0033,-62250,366661933,0,unknown,,20,0,Class A Common Stock,I,4,0000950103-20-023681,,https://www.sec.gov/Archives/edgar/data/1326801/000095010320023681/dp142362_4-zuckerberg2.xml
META,1326801,Mark Zuckerberg,1548760,2020-12-02,2020-12-01,S,sale,50000,14297298.34,285.9460,0.0136,-62250,366724183,0,unknown,C,19,0,Class A Common Stock,I,4,0000950103-20-023677,,https://www.sec.gov/Archives/edgar/data/1326801/000095010320023677/dp142312_4-zuckerberg1.xml
META,1326801,Mark Zuckerberg,1548760,2020-12-02,2020-12-01,S,sale,12250,3501761.57,285.8581,0.0033,-62250,366724183,0,unknown,,18,0,Class A Common Stock,I,4,0000950103-20-023678,,https://www.sec.gov/Archives/edgar/data/1326801/000095010320023678/dp142313_4-zuckerberg2.xml
META,1326801,Mark Zuckerberg,1548760,2020-12-02,2020-11-30,S,sale,62250,17091632.58,274.5644,0.0170,-62250,366786433,0,unknown,C,26,0,Class A Common Stock,I,4,0000950103-20-023676,,https://www.sec.gov/Archives/edgar/data/1326801/000095010320023676/dp142311_4-zuckerberg.xml
META,1326801,Mark Zuckerberg,1548760,2020-11-30,2020-11-27,S,sale,62250,17246715.05,277.0557,0.0170,-62250,366848683,0,unknown,C,16,0,Class A Common Stock,I,4,0000950103-20-023392,,https://www.sec.gov/Archives/edgar/data/1326801/000095010320023392/dp142050_4-zuckerberg1127.xml
META,1326801,Mark Zuckerberg,1548760,2020-11-30,2020-11-25,S,sale,62250,17133510.06,275.2371,0.0170,-62250,366910933,0,unknown,C,20,0,Class A Common Stock,I,4,0000950103-20-023390,,https://www.sec.gov/Archives/edgar/data/1326801/000095010320023390/dp142049_4-zuckerberg1125.xml
META,1326801,Mark Zuckerberg,1548760,2020-11-25,2020-11-24,S,sale,50000,13709247.25,274.1849,0.0136,-62250,366973183,0,unknown,C,17,0,Class A Common Stock,I,4,0000950103-20-023054,,https://www.sec.gov/Archives/edgar/data/1326801/000095010320023054/dp141730_4-zuckerberg1.xml
META,1326801,Mark Zuckerberg,1548760,2020-11-25,2020-11-24,S,sale,12250,3357715.13,274.0992,0.0033,-62250,366973183,0,unknown,,17,0,Class A Common Stock,I,4,0000950103-20-023058,,https://www.sec.gov/Archives/edgar/data/1326801/000095010320023058/dp141731_4-zuckerberg2.xml
META,1326801,Mark Zuckerberg,1548760,2020-11-25,2020-11-23,S,sale,49750,13313301.50,267.6041,0.0136,-49750,367035433,0,unknown,C,24,0,Class A Common Stock,I,4,0000950103-20-023052,,https://www.sec.gov/Archives/edgar/data/1326801/000095010320023052/dp141729_4-zuckerberg.xml
META,1326801,Mark Zuckerberg,1548760,2020-11-23,2020-11-20,S,sale,49750,13494214.08,271.2405,0.0136,-49750,367085183,0,unknown,C,16,0,Class A Common Stock,I,4,0000950103-20-022764,,https://www.sec.gov/Archives/edgar/data/1326801/000095010320022764/dp141427_4-zuckerberg2.xml
META,1326801,Mark Zuckerberg,1548760,2020-11-23,2020-11-19,S,sale,49750,13530865.67,271.9772,0.0135,-49750,367134933,0,unknown,C,16,0,Class A Common Stock,I,4,0000950103-20-022761,,https://www.sec.gov/Archives/edgar/data/1326801/000095010320022761/dp141426_4-zuckerberg1.xml
META,1326801,Mark Zuckerberg,1548760,2020-11-18,2020-11-18,S,sale,60783,16704973.11,274.8297,0.0166,-60783,367184683,0,unknown,C,22,0,Class A Common Stock,I,4,0000950103-20-022506,,https://www.sec.gov/Archives/edgar/data/1326801/000095010320022506/dp141188_4-zuckerberg.xml
META,1326801,Mark Zuckerberg,1548760,2020-11-18,2020-11-17,S,sale,62250,17142870.24,275.3875,0.0169,-62250,367245466,0,unknown,C,16,0,Class A Common Stock,I,4,0000950103-20-022503,,https://www.sec.gov/Archives/edgar/data/1326801/000095010320022503/dp141179_4-zuckerberg2.xml
META,1326801,Mark Zuckerberg,1548760,2020-11-18,2020-11-16,S,sale,62250,17230854.29,276.8009,0.0169,-62250,367307716,0,unknown,C,20,0,Class A Common Stock,I,4,0000950103-20-022501,,https://www.sec.gov/Archives/edgar/data/1326801/000095010320022501/dp141178_4-zuckerberg1.xml
META,1326801,Mark Zuckerberg,1548760,2020-11-16,2020-11-13,S,sale,62250,17153503.30,275.5583,0.0169,-62250,367369966,0,unknown,C,20,0,Class A Common Stock,I,4,0000950103-20-022272,,https://www.sec.gov/Archives/edgar/data/1326801/000095010320022272/dp140910_4-zuckerberg2.xml
META,1326801,Mark Zuckerberg,1548760,2020-11-16,2020-11-12,S,sale,62250,17259163.97,277.2556,0.0169,-62250,367432216,0,unknown,C,20,0,Class A Common Stock,I,4,0000950103-20-022271,,https://www.sec.gov/Archives/edgar/data/1326801/000095010320022271/dp140909_4-zuckerberg1.xml
META,1326801,Mark Zuckerberg,1548760,2020-11-12,2020-11-11,S,sale,62250,17172998.34,275.8715,0.0169,-62250,367494466,0,unknown,C,19,0,Class A Common Stock,I,4,0000950103-20-022112,,https://www.sec.gov/Archives/edgar/data/1326801/000095010320022112/dp140826_4-zuckerberg3.xml
META,1326801,Mark Zuckerberg,1548760,2020-11-12,2020-11-10,S,sale,40000,10795823.13,269.8956,0.0109,-49750,367556716,0,unknown,C,17,0,Class A Common Stock,I,4,0000950103-20-022110,,https://www.sec.gov/Archives/edgar/data/1326801/000095010320022110/dp140824_4-zuckerberg.xml
META,1326801,Mark Zuckerberg,1548760,2020-11-12,2020-11-10,S,sale,9750,2631045.10,269.8508,0.0027,-49750,367556716,0,unknown,,17,0,Class A Common Stock,I,4,0000950103-20-022111,,https://www.sec.gov/Archives/edgar/data/1326801/000095010320022111/dp140825_4-zuckerberg2.xml
META,1326801,Mark Zuckerberg,1548760,2020-11-10,2020-11-09,S,sale,12250,3512523.30,286.7366,,54750,367606466,103000,unknown,,23,0,Class A Common Stock,I,4,0000950103-20-021883,,https://www.sec.gov/Archives/edgar/data/1326801/000095010320021883/dp140615_4-zuckerberg2.xml
META,1326801,Mark Zuckerberg,1548760,2020-11-10,2020-11-09,S,sale,36000,10328326.95,286.8980,,54750,367606466,103000,unknown,C,13,0,Class A Common Stock,I,4,0000950103-20-021884,,https://www.sec.gov/Archives/edgar/data/1326801/000095010320021884/dp140620_4-zuckerberg3.xml
META,1326801,Mark Zuckerberg,1548760,2020-11-09,2020-11-09,S,sale,14000,4015695.57,286.8354,,54750,367606466,103000,unknown,CG,13,0,Class A Common Stock,I,4,0000950103-20-021881,,https://www.sec.gov/Archives/edgar/data/1326801/000095010320021881/dp140603_4-zuckerberg.xml
META,1326801,Mark Zuckerberg,1548760,2019-11-12,2019-11-08,S,sale,118100,22556009.82,190.9908,0.0321,-118100,367873416,0,unknown,C,12,0,Class A Common Stock,I,4,0001127602-19-032572,,https://www.sec.gov/Archives/edgar/data/1326801/000112760219032572/form4.xml
META,1326801,Mark Zuckerberg,1548760,2019-11-12,2019-11-07,S,sale,118100,22617048.51,191.5076,0.0321,-118100,367991516,0,unknown,C,16,0,Class A Common Stock,I,4,0001127602-19-032570,,https://www.sec.gov/Archives/edgar/data/1326801/000112760219032570/form4.xml
META,1326801,Mark Zuckerberg,1548760,2019-11-06,2019-11-06,S,sale,122855,23614744.25,192.2164,0.0334,-122855,368109616,0,unknown,C,15,0,Class A Common Stock,I,4,0001127602-19-032079,,https://www.sec.gov/Archives/edgar/data/1326801/000112760219032079/form4.xml
META,1326801,Mark Zuckerberg,1548760,2019-11-06,2019-11-05,S,sale,127992,24874387.84,194.3433,0.0347,-410592,368232471,0,unknown,CG,11,0,Class A Common Stock,I,4,0001127602-19-032078,,https://www.sec.gov/Archives/edgar/data/1326801/000112760219032078/form4.xml
META,1326801,Mark Zuckerberg,1548760,2019-11-06,2019-11-04,S,sale,139900,27336710.03,195.4018,0.0379,-139900,368643063,0,unknown,C,17,0,Class A Common Stock,I,4,0001127602-19-032077,,https://www.sec.gov/Archives/edgar/data/1326801/000112760219032077/form4.xml
META,1326801,Mark Zuckerberg,1548760,2019-11-04,2019-11-01,S,sale,125600,24184743.31,192.5537,0.0340,-125600,368782963,0,unknown,C,18,0,Class A Common Stock,I,4,0001127602-19-031766,,https://www.sec.gov/Archives/edgar/data/1326801/000112760219031766/form4.xml
META,1326801,Mark Zuckerberg,1548760,2019-11-04,2019-10-31,S,sale,120390,23281534.77,193.3843,0.0326,-128690,368908563,0,unknown,C,25,0,Class A Common Stock,I,4,0001127602-19-031762,,https://www.sec.gov/Archives/edgar/data/1326801/000112760219031762/form4.xml
META,1326801,Mark Zuckerberg,1548760,2019-11-04,2019-10-31,S,sale,8300,1608005.80,193.7356,0.0022,-128690,368908563,0,unknown,,5,0,Class A Common Stock,I,4,0001127602-19-031764,,https://www.sec.gov/Archives/edgar/data/1326801/000112760219031764/form4.xml
META,1326801,Mark Zuckerberg,1548760,2019-10-30,2019-10-30,S,sale,125600,23597892.67,187.8813,0.0340,-125600,369037253,0,unknown,C,21,0,Class A Common Stock,I,4,0001127602-19-031293,,https://www.sec.gov/Archives/edgar/data/1326801/000112760219031293/form4.xml
META,1326801,Mark Zuckerberg,1548760,2019-10-30,2019-10-29,S,sale,125600,23828479.87,189.7172,0.0340,-125600,369162853,0,unknown,C,17,0,Class A Common Stock,I,4,0001127602-19-031292,,https://www.sec.gov/Archives/edgar/data/1326801/000112760219031292/form4.xml
META,1326801,Mark Zuckerberg,1548760,2019-10-30,2019-10-28,S,sale,125600,23617727.55,188.0392,0.0340,-125600,369288453,0,unknown,C,21,0,Class A Common Stock,I,4,0001127602-19-031290,,https://www.sec.gov/Archives/edgar/data/1326801/000112760219031290/form4.xml
META,1326801,Mark Zuckerberg,1548760,2019-10-28,2019-10-25,S,sale,125600,23571494.79,187.6711,0.0340,-125600,369414053,0,unknown,C,18,0,Class A Common Stock,I,4,0001127602-19-031186,,https://www.sec.gov/Archives/edgar/data/1326801/000112760219031186/form4.xml
META,1326801,Mark Zuckerberg,1548760,2019-10-28,2019-10-24,S,sale,125600,23238333.81,185.0186,0.0340,-125600,369539653,0,unknown,C,20,0,Class A Common Stock,I,4,0001127602-19-031185,,https://www.sec.gov/Archives/edgar/data/1326801/000112760219031185/form4.xml
META,1326801,Mark Zuckerberg,1548760,2019-10-23,2019-10-23,S,sale,125600,23208567.00,184.7816,0.0340,-125600,369665253,0,unknown,C,22,0,Class A Common Stock,I,4,0001127602-19-030981,,https://www.sec.gov/Archives/edgar/data/1326801/000112760219030981/form4.xml
META,1326801,Mark Zuckerberg,1548760,2019-10-23,2019-10-22,S,sale,114768,21379135.33,186.2813,0.0310,-122268,369790853,0,unknown,C,29,0,Class A Common Stock,I,4,0001127602-19-030979,,https://www.sec.gov/Archives/edgar/data/1326801/000112760219030979/form4.xml
META,1326801,Mark Zuckerberg,1548760,2019-10-23,2019-10-22,S,sale,7500,1397947.94,186.3931,0.0020,-122268,369790853,0,unknown,,7,0,Class A Common Stock,I,4,0001127602-19-030980,,https://www.sec.gov/Archives/edgar/data/1326801/000112760219030980/form4.xml
META,1326801,Mark Zuckerberg,1548760,2019-10-23,2019-10-21,S,sale,125600,23706695.39,188.7476,0.0339,-125600,369913121,0,unknown,C,15,0,Class A Common Stock,I,4,0001127602-19-030978,,https://www.sec.gov/Archives/edgar/data/1326801/000112760219030978/form4.xml
META,1326801,Mark Zuckerberg,1548760,2019-10-21,2019-10-18,S,sale,118100,22141828.25,187.4837,0.0319,-125600,370038721,0,unknown,C,25,0,Class A Common Stock,I,4,0001127602-19-030890,,https://www.sec.gov/Archives/edgar/data/1326801/000112760219030890/form4.xml
META,1326801,Mark Zuckerberg,1548760,2019-10-21,2019-10-18,S,sale,7500,1407113.47,187.6151,0.0020,-125600,370038721,0,unknown,,7,0,Class A Common Stock,I,4,0001127602-19-030891,,https://www.sec.gov/Archives/edgar/data/1326801/000112760219030891/form4.xml
META,1326801,Mark Zuckerberg,1548760,2019-10-21,2019-10-17,S,sale,125600,23861628.28,189.9811,0.0339,-125600,370164321,0,unknown,C,10,0,Class A Common Stock,I,4,0001127602-19-030889,,https://www.sec.gov/Archives/edgar/data/1326801/000112760219030889/form4.xml
META,1326801,Mark Zuckerberg,1548760,2019-10-16,2019-10-16,S,sale,125600,23700150.60,188.6955,0.0339,-125600,370289921,0,unknown,C,15,0,Class A Common Stock,I,4,0001127602-19-030663,,https://www.sec.gov/Archives/edgar/data/1326801/000112760219030663/form4.xml
META,1326801,Mark Zuckerberg,1548760,2019-10-16,2019-10-15,S,sale,118100,22260093.73,188.4851,0.0319,-125600,370415521,0,unknown,C,24,0,Class A Common Stock,I,4,0001127602-19-030661,,https://www.sec.gov/Archives/edgar/data/1326801/000112760219030661/form4.xml
META,1326801,Mark Zuckerberg,1548760,2019-10-16,2019-10-15,S,sale,7500,1412410.42,188.3214,0.0020,-125600,370415521,0,unknown,,6,0,Class A Common Stock,I,4,0001127602-19-030662,,https://www.sec.gov/Archives/edgar/data/1326801/000112760219030662/form4.xml
META,1326801,Mark Zuckerberg,1548760,2019-10-16,2019-10-14,S,sale,118500,21759149.62,183.6215,0.0320,-118500,370541121,0,unknown,C,10,0,Class A Common Stock,I,4,0001127602-19-030660,,https://www.sec.gov/Archives/edgar/data/1326801/000112760219030660/form4.xml
META,1326801,Mark Zuckerberg,1548760,2019-10-15,2019-10-11,S,sale,124682,23057157.33,184.9277,0.0336,-124682,370659621,0,unknown,C,21,0,Class A Common Stock,I,4,0001127602-19-030526,,https://www.sec.gov/Archives/edgar/data/1326801/000112760219030526/form4.xml
META,1326801,Mark Zuckerberg,1548760,2019-10-15,2019-10-10,S,sale,118500,21385276.36,180.4665,0.0319,-118500,370784303,0,unknown,C,13,0,Class A Common Stock,I,4,0001127602-19-030525,,https://www.sec.gov/Archives/edgar/data/1326801/000112760219030525/form4.xml
META,1326801,Mark Zuckerberg,1548760,2019-10-09,2019-10-09,S,sale,118500,21264941.61,179.4510,0.0319,-118500,370902803,0,unknown,C,15,0,Class A Common Stock,I,4,0001127602-19-030352,,https://www.sec.gov/Archives/edgar/data/1326801/000112760219030352/form4.xml
META,1326801,Mark Zuckerberg,1548760,2019-10-09,2019-10-08,S,sale,118500,21178647.26,178.7228,0.0319,-237000,371021303,,unknown,C,13,0,Class A Common Stock,I,4,0001127602-19-030351,,https://www.sec.gov/Archives/edgar/data/1326801/000112760219030351/form4.xml
META,1326801,Mark Zuckerberg,1548760,2019-10-09,2019-10-07,S,sale,118500,21333814.70,180.0322,0.0319,-237000,371021303,0,unknown,C,15,0,Class A Common Stock,I,4,0001127602-19-030351,,https://www.sec.gov/Archives/edgar/data/1326801/000112760219030351/form4.xml
META,1326801,Mark Zuckerberg,1548760,2019-10-07,2019-10-04,S,sale,118500,21314195.15,179.8666,0.0319,-118500,371258303,0,unknown,C,13,0,Class A Common Stock,I,4,0001127602-19-030237,,https://www.sec.gov/Archives/edgar/data/1326801/000112760219030237/form4.xml
META,1326801,Mark Zuckerberg,1548760,2019-10-07,2019-10-03,S,sale,118500,21029772.63,177.4664,0.0319,-118500,371376803,0,unknown,C,21,0,Class A Common Stock,I,4,0001127602-19-030235,,https://www.sec.gov/Archives/edgar/data/1326801/000112760219030235/form4.xml
META,1326801,Mark Zuckerberg,1548760,2019-10-02,2019-10-02,S,sale,76484,13410449.85,175.3367,0.0206,-76484,371495303,0,unknown,C,8,0,Class A Common Stock,I,4,0001127602-19-029861,,https://www.sec.gov/Archives/edgar/data/1326801/000112760219029861/form4.xml
META,1326801,Mark Zuckerberg,1548760,2019-10-02,2019-10-01,S,sale,118500,20955592.04,176.8404,0.0319,-118500,371571787,0,unknown,C,22,0,Class A Common Stock,I,4,0001127602-19-029860,,https://www.sec.gov/Archives/edgar/data/1326801/000112760219029860/form4.xml
META,1326801,Mark Zuckerberg,1548760,2019-10-02,2019-09-30,S,sale,118500,21063130.04,177.7479,0.0319,-118500,371690287,0,unknown,C,10,0,Class A Common Stock,I,4,0001127602-19-029859,,https://www.sec.gov/Archives/edgar/data/1326801/000112760219029859/form4.xml
META,1326801,Mark Zuckerberg,1548760,2019-09-30,2019-09-27,S,sale,118500,21092809.37,177.9984,0.0319,-118500,371808787,0,unknown,C,24,0,Class A Common Stock,I,4,0001127602-19-029280,,https://www.sec.gov/Archives/edgar/data/1326801/000112760219029280/form4.xml
META,1326801,Mark Zuckerberg,1548760,2019-09-30,2019-09-26,S,sale,118500,21256243.22,179.3776,0.0319,-118500,371927287,0,unknown,C,19,0,Class A Common Stock,I,4,0001127602-19-029279,,https://www.sec.gov/Archives/edgar/data/1326801/000112760219029279/form4.xml
META,1326801,Mark Zuckerberg,1548760,2019-09-25,2019-09-25,S,sale,118500,21439816.83,180.9267,0.0318,-118500,372045787,0,unknown,C,23,0,Class A Common Stock,I,4,0001127602-19-029124,,https://www.sec.gov/Archives/edgar/data/1326801/000112760219029124/form4.xml
META,1326801,Mark Zuckerberg,1548760,2019-09-25,2019-09-24,S,sale,112244,20676994.95,184.2147,0.0302,-121994,372164287,0,unknown,C,22,0,Class A Common Stock,I,4,0001127602-19-029122,,https://www.sec.gov/Archives/edgar/data/1326801/000112760219029122/form4.xml
META,1326801,Mark Zuckerberg,1548760,2019-09-25,2019-09-24,S,sale,9750,1796661.91,184.2730,0.0026,-121994,372164287,0,unknown,,13,0,Class A Common Stock,I,4,0001127602-19-029123,,https://www.sec.gov/Archives/edgar/data/1326801/000112760219029123/form4.xml
META,1326801,Mark Zuckerberg,1548760,2019-09-25,2019-09-23,S,sale,125600,23489840.38,187.0210,0.0337,-125600,372286281,0,unknown,C,21,0,Class A Common Stock,I,4,0001127602-19-029121,,https://www.sec.gov/Archives/edgar/data/1326801/000112760219029121/form4.xml
META,1326801,Mark Zuckerberg,1548760,2019-09-23,2019-09-20,S,sale,125600,23941625.00,190.6180,0.0337,-125600,372411881,0,unknown,C,21,0,Class A Common Stock,I,4,0001127602-19-028970,,https://www.sec.gov/Archives/edgar/data/1326801/000112760219028970/form4.xml
META,1326801,Mark Zuckerberg,1548760,2019-09-23,2019-09-19,S,sale,125600,23845484.72,189.8526,0.0337,-125600,372537481,0,unknown,C,15,0,Class A Common Stock,I,4,0001127602-19-028969,,https://www.sec.gov/Archives/edgar/data/1326801/000112760219028969/form4.xml
META,1326801,Mark Zuckerberg,1548760,2019-09-18,2019-09-18,S,sale,125600,23579293.50,187.7332,0.0337,-125600,372663081,0,unknown,C,14,0,Class A Common Stock,I,4,0001127602-19-028772,,https://www.sec.gov/Archives/edgar/data/1326801/000112760219028772/form4.xml
META,1326801,Mark Zuckerberg,1548760,2019-09-18,2019-09-17,S,sale,125600,23413519.88,186.4134,0.0337,-251200,372788681,,unknown,C,15,0,Class A Common Stock,I,4,0001127602-19-028771,,https://www.sec.gov/Archives/edgar/data/1326801/000112760219028771/form4.xml
META,1326801,Mark Zuckerberg,1548760,2019-09-18,2019-09-16,S,sale,125600,23429330.38,186.5393,0.0337,-251200,372788681,0,unknown,C,10,0,Class A Common Stock,I,4,0001127602-19-028771,,https://www.sec.gov/Archives/edgar/data/1326801/000112760219028771/form4.xml
META,1326801,Mark Zuckerberg,1548760,2019-09-16,2019-09-13,S,sale,125600,23524989.55,187.3009,0.0337,-251200,373039881,,unknown,C,9,0,Class A Common Stock,I,4,0001127602-19-028487,,https://www.sec.gov/Archives/edgar/data/1326801/000112760219028487/form4.xml
META,1326801,Mark Zuckerberg,1548760,2019-09-16,2019-09-12,S,sale,125600,23688418.15,188.6021,0.0337,-251200,373039881,0,unknown,C,18,0,Class A Common Stock,I,4,0001127602-19-028487,,https://www.sec.gov/Archives/edgar/data/1326801/000112760219028487/form4.xml
META,1326801,Mark Zuckerberg,1548760,2019-09-11,2019-09-11,S,sale,125600,23605466.76,187.9416,0.0336,-125600,373291081,0,unknown,C,18,0,Class A Common Stock,I,4,0001127602-19-028214,,https://www.sec.gov/Archives/edgar/data/1326801/000112760219028214/form4.xml
META,1326801,Mark Zuckerberg,1548760,2019-09-11,2019-09-10,S,sale,125600,23436169.73,186.5937,0.0336,-125600,373416681,0,unknown,C,17,0,Class A Common Stock,I,4,0001127602-19-028213,,https://www.sec.gov/Archives/edgar/data/1326801/000112760219028213/form4.xml
META,1326801,Mark Zuckerberg,1548760,2019-09-11,2019-09-09,S,sale,125600,23559809.24,187.5781,0.0336,-125600,373542281,0,unknown,C,15,0,Class A Common Stock,I,4,0001127602-19-028212,,https://www.sec.gov/Archives/edgar/data/1326801/000112760219028212/form4.xml
META,1326801,Mark Zuckerberg,1548760,2019-09-09,2019-09-06,S,sale,125600,23553642.49,187.5290,0.0336,-125600,373667881,0,unknown,C,20,0,Class A Common Stock,I,4,0001127602-19-028083,,https://www.sec.gov/Archives/edgar/data/1326801/000112760219028083/form4.xml
META,1326801,Mark Zuckerberg,1548760,2019-09-09,2019-09-05,S,sale,125600,23907725.30,190.3481,0.0336,-125600,373793481,0,unknown,C,17,0,Class A Common Stock,I,4,0001127602-19-028082,,https://www.sec.gov/Archives/edgar/data/1326801/000112760219028082/form4.xml
META,1326801,Mark Zuckerberg,1548760,2019-09-04,2019-09-04,S,sale,125600,23398310.31,186.2923,0.0336,-125600,373919081,0,unknown,C,17,0,Class A Common Stock,I,4,0001127602-19-027941,,https://www.sec.gov/Archives/edgar/data/1326801/000112760219027941/form4.xml
META,1326801,Mark Zuckerberg,1548760,2019-09-04,2019-09-03,S,sale,119741,21992444.71,183.6668,0.0320,-119741,374044681,0,unknown,C,18,0,Class A Common Stock,I,4,0001127602-19-027940,,https://www.sec.gov/Archives/edgar/data/1326801/000112760219027940/form4.xml
META,1326801,Mark Zuckerberg,1548760,2019-09-03,2019-08-30,S,sale,125600,23198343.46,184.7002,0.0336,-125600,374164422,0,unknown,C,18,0,Class A Common Stock,I,4,0001127602-19-027804,,https://www.sec.gov/Archives/edgar/data/1326801/000112760219027804/form4.xml
META,1326801,Mark Zuckerberg,1548760,2019-09-03,2019-08-29,S,sale,125600,23256327.77,185.1618,0.0335,-125600,374290022,0,unknown,C,13,0,Class A Common Stock,I,4,0001127602-19-027803,,https://www.sec.gov/Archives/edgar/data/1326801/000112760219027803/form4.xml
META,1326801,Mark Zuckerberg,1548760,2019-08-28,2019-08-28,S,sale,118500,21453592.82,181.0430,0.0316,-118500,374415622,0,unknown,C,15,0,Class A Common Stock,I,4,0001127602-19-027536,,https://www.sec.gov/Archives/edgar/data/1326801/000112760219027536/form4.xml
META,1326801,Mark Zuckerberg,1548760,2019-08-28,2019-08-27,S,sale,118500,21614916.89,182.4044,0.0316,-237000,374534122,,unknown,C,15,0,Class A Common Stock,I,4,0001127602-19-027535,,https://www.sec.gov/Archives/edgar/data/1326801/000112760219027535/form4.xml
META,1326801,Mark Zuckerberg,1548760,2019-08-28,2019-08-26,S,sale,118500,21259291.58,179.4033,0.0316,-237000,374534122,0,unknown,C,10,0,Class A Common Stock,I,4,0001127602-19-027535,,https://www.sec.gov/Archives/edgar/data/1326801/000112760219027535/form4.xml
META,1326801,Mark Zuckerberg,1548760,2019-08-26,2019-08-23,S,sale,111400,19953721.71,179.1178,0.0297,-118500,374771122,0,unknown,C,25,0,Class A Common Stock,I,4,0001127602-19-027420,,https://www.sec.gov/Archives/edgar/data/1326801/000112760219027420/form4.xml
META,1326801,Mark Zuckerberg,1548760,2019-08-26,2019-08-23,S,sale,7100,1272038.66,179.1604,0.0019,-118500,374771122,0,unknown,,6,0,Class A Common Stock,I,4,0001127602-19-027421,,https://www.sec.gov/Archives/edgar/data/1326801/000112760219027421/form4.xml
META,1326801,Mark Zuckerberg,1548760,2019-08-26,2019-08-22,S,sale,118500,21556463.32,181.9111,0.0316,-118500,374889622,0,unknown,C,19,0,Class A Common Stock,I,4,0001127602-19-027419,,https://www.sec.gov/Archives/edgar/data/1326801/000112760219027419/form4.xml
META,1326801,Mark Zuckerberg,1548760,2019-08-21,2019-08-21,S,sale,122375,22606175.55,184.7287,0.0326,-122375,375008122,0,unknown,C,13,0,Class A Common Stock,I,4,0001127602-19-027204,,https://www.sec.gov/Archives/edgar/data/1326801/000112760219027204/form4.xml
META,1326801,Mark Zuckerberg,1548760,2019-08-21,2019-08-20,S,sale,120627,22260554.52,184.5404,0.0321,-120627,375130497,0,unknown,C,16,0,Class A Common Stock,I,4,0001127602-19-027203,,https://www.sec.gov/Archives/edgar/data/1326801/000112760219027203/form4.xml
META,1326801,Mark Zuckerberg,1548760,2019-08-21,2019-08-19,S,sale,125600,23406415.86,186.3568,0.0335,-125600,375251124,0,unknown,C,13,0,Class A Common Stock,I,4,0001127602-19-027202,,https://www.sec.gov/Archives/edgar/data/1326801/000112760219027202/form4.xml
META,1326801,Mark Zuckerberg,1548760,2019-08-19,2019-08-16,S,sale,119323,21906682.19,183.5914,0.0318,-237823,375376724,,unknown,C,14,0,Class A Common Stock,I,4,0001127602-19-027026,,https://www.sec.gov/Archives/edgar/data/1326801/000112760219027026/form4.xml
META,1326801,Mark Zuckerberg,1548760,2019-08-19,2019-08-15,S,sale,118500,21554644.30,181.8957,0.0316,-237823,375376724,0,unknown,C,14,0,Class A Common Stock,I,4,0001127602-19-027026,,https://www.sec.gov/Archives/edgar/data/1326801/000112760219027026/form4.xml
META,1326801,Mark Zuckerberg,1548760,2019-08-14,2019-08-14,S,sale,112520,20442069.12,181.6750,0.0299,-120020,375614547,0,unknown,C,26,0,Class A Common Stock,I,4,0001127602-19-026666,,https://www.sec.gov/Archives/edgar/data/1326801/000112760219026666/form4.xml
META,1326801,Mark Zuckerberg,1548760,2019-08-14,2019-08-14,S,sale,7500,1364598.26,181.9464,0.0020,-120020,375614547,0,unknown,,6,0,Class A Common Stock,I,4,0001127602-19-026667,,https://www.sec.gov/Archives/edgar/data/1326801/000112760219026667/form4.xml
META,1326801,Mark Zuckerberg,1548760,2019-08-14,2019-08-13,S,sale,125600,23775747.80,189.2974,0.0334,-125600,375734567,0,unknown,C,26,0,Class A Common Stock,I,4,0001127602-19-026665,,https://www.sec.gov/Archives/edgar/data/1326801/000112760219026665/form4.xml
META,1326801,Mark Zuckerberg,1548760,2019-08-14,2019-08-12,S,sale,125600,23374357.99,186.1016,0.0334,-125600,375860167,0,unknown,C,16,0,Class A Common Stock,I,4,0001127602-19-026664,,https://www.sec.gov/Archives/edgar/data/1326801/000112760219026664/form4.xml
META,1326801,Mark Zuckerberg,1548760,2019-08-12,2019-08-09,S,sale,125600,23698462.92,188.6820,0.0334,-251200,375985767,,unknown,C,18,0,Class A Common Stock,I,4,0001127602-19-026468,,https://www.sec.gov/Archives/edgar/data/1326801/000112760219026468/form4.xml
META,1326801,Mark Zuckerberg,1548760,2019-08-12,2019-08-08,S,sale,118100,22244300.64,188.3514,0.0314,-251200,375985767,0,unknown,C,23,0,Class A Common Stock,I,4,0001127602-19-026467,,https://www.sec.gov/Archives/edgar/data/1326801/000112760219026467/form4.xml
META,1326801,Mark Zuckerberg,1548760,2019-08-12,2019-08-08,S,sale,7500,1411616.98,188.2156,0.0020,-251200,375985767,0,unknown,C,6,0,Class A Common Stock,I,4,0001127602-19-026468,,https://www.sec.gov/Archives/edgar/data/1326801/000112760219026468/form4.xml
META,1326801,Mark Zuckerberg,1548760,2019-08-07,2019-08-07,S,sale,125600,23173344.76,184.5012,0.0334,-125600,376236967,0,unknown,C,22,0,Class A Common Stock,I,4,0001127602-19-026254,,https://www.sec.gov/Archives/edgar/data/1326801/000112760219026254/form4.xml
META,1326801,Mark Zuckerberg,1548760,2019-08-07,2019-08-06,S,sale,123260,22719695.99,184.3233,0.0327,-242950,376362567,,unknown,C,15,0,Class A Common Stock,I,4,0001127602-19-026253,,https://www.sec.gov/Archives/edgar/data/1326801/000112760219026253/form4.xml
META,1326801,Mark Zuckerberg,1548760,2019-08-07,2019-08-05,S,sale,112190,20460043.74,182.3696,0.0298,-242950,376362567,0,unknown,C,24,0,Class A Common Stock,I,4,0001127602-19-026252,,https://www.sec.gov/Archives/edgar/data/1326801/000112760219026252/form4.xml
META,1326801,Mark Zuckerberg,1548760,2019-08-07,2019-08-05,S,sale,7500,1369099.63,182.5466,0.0020,-242950,376362567,0,unknown,C,6,0,Class A Common Stock,I,4,0001127602-19-026253,,https://www.sec.gov/Archives/edgar/data/1326801/000112760219026253/form4.xml
META,1326801,Mark Zuckerberg,1548760,2019-04-18,2019-04-18,S,sale,108000,19234050.50,178.0931,0.0287,-324000,376605517,,unknown,C,4,0,Class A Common Stock,I,4,0001127602-19-015863,,https://www.sec.gov/Archives/edgar/data/1326801/000112760219015863/form4.xml
META,1326801,Mark Zuckerberg,1548760,2019-04-18,2019-04-17,S,sale,108000,19346521.52,179.1345,0.0287,-324000,376605517,,unknown,C,5,0,Class A Common Stock,I,4,0001127602-19-015863,,https://www.sec.gov/Archives/edgar/data/1326801/000112760219015863/form4.xml
META,1326801,Mark Zuckerberg,1548760,2019-04-18,2019-04-16,S,sale,108000,19379735.25,179.4420,0.0287,-324000,376605517,0,unknown,C,4,0,Class A Common Stock,I,4,0001127602-19-015863,,https://www.sec.gov/Archives/edgar/data/1326801/000112760219015863/form4.xml
META,1326801,Mark Zuckerberg,1548760,2019-04-15,2019-04-15,S,sale,108000,19292698.68,178.6361,0.0286,-108000,376929517,0,unknown,C,7,0,Class A Common Stock,I,4,0001127602-19-015470,,https://www.sec.gov/Archives/edgar/data/1326801/000112760219015470/form4.xml
META,1326801,Mark Zuckerberg,1548760,2019-04-15,2019-04-12,S,sale,147050,26314241.12,178.9476,0.0390,-294100,377037517,,unknown,C,10,0,Class A Common Stock,I,4,0001127602-19-015469,,https://www.sec.gov/Archives/edgar/data/1326801/000112760219015469/form4.xml
META,1326801,Mark Zuckerberg,1548760,2019-04-15,2019-04-11,S,sale,147050,26121039.51,177.6337,0.0390,-294100,377037517,0,unknown,C,10,0,Class A Common Stock,I,4,0001127602-19-015469,,https://www.sec.gov/Archives/edgar/data/1326801/000112760219015469/form4.xml
META,1326801,Mark Zuckerberg,1548760,2019-04-10,2019-04-10,S,sale,108000,19165278.62,177.4563,0.0286,-222952,377331617,,unknown,C,5,0,Class A Common Stock,I,4,0001127602-19-015191,,https://www.sec.gov/Archives/edgar/data/1326801/000112760219015191/form4.xml
META,1326801,Mark Zuckerberg,1548760,2019-04-10,2019-04-09,S,sale,108000,19211577.87,177.8850,0.0286,-222952,377331617,,unknown,C,8,0,Class A Common Stock,I,4,0001127602-19-015191,,https://www.sec.gov/Archives/edgar/data/1326801/000112760219015191/form4.xml
META,1326801,Mark Zuckerberg,1548760,2019-04-10,2019-04-08,S,sale,6952,1217731.15,175.1627,0.0018,-222952,377331617,0,unknown,C,2,0,Class A Common Stock,I,4,0001127602-19-015191,,https://www.sec.gov/Archives/edgar/data/1326801/000112760219015191/form4.xml
META,1326801,Mark Zuckerberg,1548760,2019-04-05,2019-04-05,S,sale,108000,18974578.80,175.6905,0.0286,-255050,377554569,,unknown,C,4,0,Class A Common Stock,I,4,0001127602-19-014959,,https://www.sec.gov/Archives/edgar/data/1326801/000112760219014959/form4.xml
META,1326801,Mark Zuckerberg,1548760,2019-04-05,2019-04-04,S,sale,147050,25983606.02,176.6991,0.0389,-255050,377554569,0,unknown,C,15,0,Class A Common Stock,I,4,0001127602-19-014959,,https://www.sec.gov/Archives/edgar/data/1326801/000112760219014959/form4.xml
META,1326801,Mark Zuckerberg,1548760,2019-04-05,2019-04-03,S,sale,92220,16225469.53,175.9431,0.0244,-92220,377809619,0,unknown,C,15,0,Class A Common Stock,I,4,0001127602-19-014958,,https://www.sec.gov/Archives/edgar/data/1326801/000112760219014958/form4.xml
META,1326801,Mark Zuckerberg,1548760,2018-09-04,2018-08-31,S,sale,195000,34259447.49,175.6895,0.0514,-407000,379346339,,unknown,C,5,0,Class A Common Stock,I,4,0001127602-18-026700,,https://www.sec.gov/Archives/edgar/data/1326801/000112760218026700/form4.xml
META,1326801,Mark Zuckerberg,1548760,2018-09-04,2018-08-30,S,sale,212000,37798245.96,178.2936,0.0559,-407000,379346339,0,unknown,C,16,0,Class A Common Stock,I,4,0001127602-18-026700,,https://www.sec.gov/Archives/edgar/data/1326801/000112760218026700/form4.xml
META,1326801,Mark Zuckerberg,1548760,2018-08-29,2018-08-29,S,sale,212000,37242751.16,175.6734,0.0558,-602000,379753339,,unknown,C,8,0,Class A Common Stock,I,4,0001127602-18-026488,,https://www.sec.gov/Archives/edgar/data/1326801/000112760218026488/form4.xml
META,1326801,Mark Zuckerberg,1548760,2018-08-29,2018-08-28,S,sale,195000,34515865.27,177.0044,0.0513,-602000,379753339,,unknown,C,6,0,Class A Common Stock,I,4,0001127602-18-026488,,https://www.sec.gov/Archives/edgar/data/1326801/000112760218026488/form4.xml
META,1326801,Mark Zuckerberg,1548760,2018-08-29,2018-08-27,S,sale,195000,34596184.67,177.4163,0.0513,-602000,379753339,0,unknown,C,6,0,Class A Common Stock,I,4,0001127602-18-026488,,https://www.sec.gov/Archives/edgar/data/1326801/000112760218026488/form4.xml
META,1326801,Mark Zuckerberg,1548760,2018-08-27,2018-08-24,S,sale,120000,20894095.76,174.1175,0.0315,-263210,380355339,,unknown,C,4,0,Class A Common Stock,I,4,0001127602-18-026309,,https://www.sec.gov/Archives/edgar/data/1326801/000112760218026309/form4.xml
META,1326801,Mark Zuckerberg,1548760,2018-08-27,2018-08-23,S,sale,143210,24958479.32,174.2789,0.0376,-263210,380355339,0,unknown,C,6,0,Class A Common Stock,I,4,0001127602-18-026309,,https://www.sec.gov/Archives/edgar/data/1326801/000112760218026309/form4.xml
META,1326801,Mark Zuckerberg,1548760,2018-08-22,2018-08-22,S,sale,120000,20766097.50,173.0508,0.0315,-360000,380618549,,unknown,C,5,0,Class A Common Stock,I,4,0001127602-18-026037,,https://www.sec.gov/Archives/edgar/data/1326801/000112760218026037/form4.xml
META,1326801,Mark Zuckerberg,1548760,2018-08-22,2018-08-21,S,sale,120000,20768049.98,173.0671,0.0315,-360000,380618549,,unknown,C,6,0,Class A Common Stock,I,4,0001127602-18-026037,,https://www.sec.gov/Archives/edgar/data/1326801/000112760218026037/form4.xml
META,1326801,Mark Zuckerberg,1548760,2018-08-22,2018-08-20,S,sale,120000,20705780.29,172.5482,0.0315,-360000,380618549,0,unknown,C,7,0,Class A Common Stock,I,4,0001127602-18-026037,,https://www.sec.gov/Archives/edgar/data/1326801/000112760218026037/form4.xml
META,1326801,Mark Zuckerberg,1548760,2018-08-20,2018-08-17,S,sale,157300,27288537.25,173.4808,,-374849,380978549,-217549,unknown,C,16,0,Class A Common Stock,I,4,0001127602-18-025838,,https://www.sec.gov/Archives/edgar/data/1326801/000112760218025838/form4.xml
META,1326801,Mark Zuckerberg,1548760,2018-08-15,2018-08-15,S,sale,210000,37379542.44,177.9978,0.0550,-210000,381353398,0,unknown,C,12,0,Class A Common Stock,I,4,0001127602-18-025512,,https://www.sec.gov/Archives/edgar/data/1326801/000112760218025512/form4.xml
META,1326801,Mark Zuckerberg,1548760,2018-08-15,2018-08-14,S,sale,210000,37951896.55,180.7233,0.0550,-420000,381563398,,unknown,C,8,0,Class A Common Stock,I,4,0001127602-18-025511,,https://www.sec.gov/Archives/edgar/data/1326801/000112760218025511/form4.xml
META,1326801,Mark Zuckerberg,1548760,2018-08-15,2018-08-13,S,sale,210000,38015171.39,181.0246,0.0550,-420000,381563398,0,unknown,C,8,0,Class A Common Stock,I,4,0001127602-18-025511,,https://www.sec.gov/Archives/edgar/data/1326801/000112760218025511/form4.xml
META,1326801,Mark Zuckerberg,1548760,2018-08-13,2018-08-10,S,sale,210000,37928943.54,180.6140,0.0549,-420000,381983398,,unknown,C,6,0,Class A Common Stock,I,4,0001127602-18-025227,,https://www.sec.gov/Archives/edgar/data/1326801/000112760218025227/form4.xml
META,1326801,Mark Zuckerberg,1548760,2018-08-13,2018-08-09,S,sale,210000,38781863.01,184.6755,0.0549,-420000,381983398,0,unknown,C,8,0,Class A Common Stock,I,4,0001127602-18-025227,,https://www.sec.gov/Archives/edgar/data/1326801/000112760218025227/form4.xml
META,1326801,Mark Zuckerberg,1548760,2018-08-08,2018-08-08,S,sale,210000,38945224.12,185.4534,0.0549,-210000,382403398,0,unknown,C,6,0,Class A Common Stock,I,4,0001127602-18-025033,,https://www.sec.gov/Archives/edgar/data/1326801/000112760218025033/form4.xml
META,1326801,Mark Zuckerberg,1548760,2018-08-08,2018-08-07,S,sale,227000,42022786.83,185.1224,0.0593,-454000,382613398,,unknown,C,18,0,Class A Common Stock,I,4,0001127602-18-025032,,https://www.sec.gov/Archives/edgar/data/1326801/000112760218025032/form4.xml
META,1326801,Mark Zuckerberg,1548760,2018-08-08,2018-08-06,S,sale,218000,39908532.89,183.0667,0.0569,-454000,382613398,0,unknown,C,23,0,Class A Common Stock,I,4,0001127602-18-025031,,https://www.sec.gov/Archives/edgar/data/1326801/000112760218025031/form4.xml
META,1326801,Mark Zuckerberg,1548760,2018-08-08,2018-08-06,S,sale,9000,1647196.22,183.0218,0.0024,-454000,382613398,0,unknown,C,7,0,Class A Common Stock,I,4,0001127602-18-025032,,https://www.sec.gov/Archives/edgar/data/1326801/000112760218025032/form4.xml
META,1326801,Mark Zuckerberg,1548760,2018-08-06,2018-08-03,S,sale,210000,37298466.77,177.6117,0.0548,-420000,383067398,,unknown,C,6,0,Class A Common Stock,I,4,0001127602-18-024768,,https://www.sec.gov/Archives/edgar/data/1326801/000112760218024768/form4.xml
META,1326801,Mark Zuckerberg,1548760,2018-08-06,2018-08-02,S,sale,210000,36670148.95,174.6198,0.0548,-420000,383067398,0,unknown,C,14,0,Class A Common Stock,I,4,0001127602-18-024768,,https://www.sec.gov/Archives/edgar/data/1326801/000112760218024768/form4.xml
META,1326801,Mark Zuckerberg,1548760,2018-08-01,2018-08-01,S,sale,137400,23761121.90,172.9339,0.0358,-137400,383487398,0,unknown,C,10,0,Class A Common Stock,I,4,0001127602-18-024316,,https://www.sec.gov/Archives/edgar/data/1326801/000112760218024316/form4.xml
META,1326801,Mark Zuckerberg,1548760,2018-08-01,2018-07-31,S,sale,135000,23254997.71,172.2592,0.0352,-272128,383624798,,unknown,C,8,0,Class A Common Stock,I,4,0001127602-18-024314,,https://www.sec.gov/Archives/edgar/data/1326801/000112760218024314/form4.xml
META,1326801,Mark Zuckerberg,1548760,2018-08-01,2018-07-30,S,sale,137128,23254149.62,169.5799,0.0357,-272128,383624798,0,unknown,C,17,0,Class A Common Stock,I,4,0001127602-18-024314,,https://www.sec.gov/Archives/edgar/data/1326801/000112760218024314/form4.xml
META,1326801,Mark Zuckerberg,1548760,2018-07-30,2018-07-27,S,sale,209428,36899759.70,176.1931,0.0545,-209428,383896926,0,unknown,C,14,0,Class A Common Stock,I,4,0001127602-18-024071,,https://www.sec.gov/Archives/edgar/data/1326801/000112760218024071/form4.xml
META,1326801,Mark Zuckerberg,1548760,2018-07-30,2018-07-26,S,sale,210000,37016839.82,176.2707,0.0546,-210000,384106354,0,unknown,C,14,0,Class A Common Stock,I,4,0001127602-18-024069,,https://www.sec.gov/Archives/edgar/data/1326801/000112760218024069/form4.xml
META,1326801,Mark Zuckerberg,1548760,2018-07-25,2018-07-25,S,sale,240000,52010641.27,216.7110,0.0624,-240000,384316354,0,unknown,C,10,0,Class A Common Stock,I,4,0001127602-18-023871,,https://www.sec.gov/Archives/edgar/data/1326801/000112760218023871/form4.xml
META,1326801,Mark Zuckerberg,1548760,2018-07-25,2018-07-24,S,sale,257000,55141446.21,214.5582,0.0668,-514000,384556354,,unknown,C,15,0,Class A Common Stock,I,4,0001127602-18-023870,,https://www.sec.gov/Archives/edgar/data/1326801/000112760218023870/form4.xml
META,1326801,Mark Zuckerberg,1548760,2018-07-25,2018-07-23,S,sale,257000,54134124.56,210.6386,0.0668,-514000,384556354,0,unknown,C,12,0,Class A Common Stock,I,4,0001127602-18-023870,,https://www.sec.gov/Archives/edgar/data/1326801/000112760218023870/form4.xml
META,1326801,Mark Zuckerberg,1548760,2018-07-23,2018-07-20,S,sale,240000,50404452.17,210.0186,0.0623,-480000,385070354,,unknown,C,6,0,Class A Common Stock,I,4,0001127602-18-023734,,https://www.sec.gov/Archives/edgar/data/1326801/000112760218023734/form4.xml
META,1326801,Mark Zuckerberg,1548760,2018-07-23,2018-07-19,S,sale,240000,50047178.02,208.5299,0.0623,-480000,385070354,0,unknown,C,6,0,Class A Common Stock,I,4,0001127602-18-023734,,https://www.sec.gov/Archives/edgar/data/1326801/000112760218023734/form4.xml
META,1326801,Mark Zuckerberg,1548760,2018-07-18,2018-07-18,S,sale,240000,50343432.29,209.7643,0.0622,-720000,385550354,,unknown,C,6,0,Class A Common Stock,I,4,0001127602-18-023554,,https://www.sec.gov/Archives/edgar/data/1326801/000112760218023554/form4.xml
META,1326801,Mark Zuckerberg,1548760,2018-07-18,2018-07-17,S,sale,240000,49981589.31,208.2566,0.0622,-720000,385550354,,unknown,C,12,0,Class A Common Stock,I,4,0001127602-18-023554,,https://www.sec.gov/Archives/edgar/data/1326801/000112760218023554/form4.xml
META,1326801,Mark Zuckerberg,1548760,2018-07-18,2018-07-16,S,sale,240000,49841323.02,207.6722,0.0622,-720000,385550354,0,unknown,C,4,0,Class A Common Stock,I,4,0001127602-18-023554,,https://www.sec.gov/Archives/edgar/data/1326801/000112760218023554/form4.xml
META,1326801,Mark Zuckerberg,1548760,2018-07-16,2018-07-13,S,sale,240000,49752308.91,207.3013,0.0621,-480000,386270354,,unknown,C,4,0,Class A Common Stock,I,4,0001127602-18-023308,,https://www.sec.gov/Archives/edgar/data/1326801/000112760218023308/form4.xml
META,1326801,Mark Zuckerberg,1548760,2018-07-16,2018-07-12,S,sale,240000,49371961.27,205.7165,0.0621,-480000,386270354,0,unknown,C,8,0,Class A Common Stock,I,4,0001127602-18-023308,,https://www.sec.gov/Archives/edgar/data/1326801/000112760218023308/form4.xml
META,1326801,Mark Zuckerberg,1548760,2018-07-11,2018-07-11,S,sale,257000,52255054.39,203.3271,0.0664,-257000,386750354,0,unknown,C,12,0,Class A Common Stock,I,4,0001127602-18-023130,,https://www.sec.gov/Archives/edgar/data/1326801/000112760218023130/form4.xml
META,1326801,Mark Zuckerberg,1548760,2018-07-11,2018-07-10,S,sale,257000,52357772.52,203.7267,0.0664,-497000,387007354,,unknown,C,12,0,Class A Common Stock,I,4,0001127602-18-023129,,https://www.sec.gov/Archives/edgar/data/1326801/000112760218023129/form4.xml
META,1326801,Mark Zuckerberg,1548760,2018-07-11,2018-07-09,S,sale,240000,48996110.50,204.1505,0.0620,-497000,387007354,0,unknown,C,8,0,Class A Common Stock,I,4,0001127602-18-023129,,https://www.sec.gov/Archives/edgar/data/1326801/000112760218023129/form4.xml
META,1326801,Mark Zuckerberg,1548760,2018-07-09,2018-07-06,S,sale,240000,48316664.75,201.3194,0.0619,-480000,387504354,,unknown,C,12,0,Class A Common Stock,I,4,0001127602-18-023000,,https://www.sec.gov/Archives/edgar/data/1326801/000112760218023000/form4.xml
META,1326801,Mark Zuckerberg,1548760,2018-07-09,2018-07-05,S,sale,240000,47066812.09,196.1117,0.0619,-480000,387504354,0,unknown,C,10,0,Class A Common Stock,I,4,0001127602-18-023000,,https://www.sec.gov/Archives/edgar/data/1326801/000112760218023000/form4.xml
META,1326801,Mark Zuckerberg,1548760,2018-07-05,2018-07-03,S,sale,212600,41166309.00,193.6327,0.0548,-452600,387984354,,unknown,C,6,0,Class A Common Stock,I,4,0001127602-18-022886,,https://www.sec.gov/Archives/edgar/data/1326801/000112760218022886/form4.xml
META,1326801,Mark Zuckerberg,1548760,2018-07-05,2018-07-02,S,sale,240000,46799218.70,194.9967,0.0618,-452600,387984354,0,unknown,C,11,0,Class A Common Stock,I,4,0001127602-18-022886,,https://www.sec.gov/Archives/edgar/data/1326801/000112760218022886/form4.xml
META,1326801,Mark Zuckerberg,1548760,2018-07-02,2018-06-29,S,sale,236615,46329393.97,195.8007,0.0609,-493615,388436954,,unknown,C,8,0,Class A Common Stock,I,4,0001127602-18-022351,,https://www.sec.gov/Archives/edgar/data/1326801/000112760218022351/form4.xml
META,1326801,Mark Zuckerberg,1548760,2018-07-02,2018-06-28,S,sale,257000,50254414.66,195.5425,0.0661,-493615,388436954,0,unknown,C,16,0,Class A Common Stock,I,4,0001127602-18-022351,,https://www.sec.gov/Archives/edgar/data/1326801/000112760218022351/form4.xml
META,1326801,Mark Zuckerberg,1548760,2018-06-27,2018-06-27,S,sale,257000,51140944.54,198.9920,0.0660,-257000,388930569,0,unknown,C,20,0,Class A Common Stock,I,4,0001127602-18-021968,,https://www.sec.gov/Archives/edgar/data/1326801/000112760218021968/form4.xml
META,1326801,Mark Zuckerberg,1548760,2018-06-27,2018-06-26,S,sale,240000,47451913.06,197.7163,0.0616,-480000,389187569,,unknown,C,6,0,Class A Common Stock,I,4,0001127602-18-021967,,https://www.sec.gov/Archives/edgar/data/1326801/000112760218021967/form4.xml
META,1326801,Mark Zuckerberg,1548760,2018-06-27,2018-06-25,S,sale,240000,47074618.21,196.1442,0.0616,-480000,389187569,0,unknown,C,14,0,Class A Common Stock,I,4,0001127602-18-021967,,https://www.sec.gov/Archives/edgar/data/1326801/000112760218021967/form4.xml
META,1326801,Mark Zuckerberg,1548760,2018-06-25,2018-06-22,S,sale,240000,48211474.80,200.8811,0.0616,-480000,389667569,,unknown,C,6,0,Class A Common Stock,I,4,0001127602-18-021867,,https://www.sec.gov/Archives/edgar/data/1326801/000112760218021867/form4.xml
META,1326801,Mark Zuckerberg,1548760,2018-06-25,2018-06-21,S,sale,240000,48461671.07,201.9236,0.0616,-480000,389667569,0,unknown,C,8,0,Class A Common Stock,I,4,0001127602-18-021867,,https://www.sec.gov/Archives/edgar/data/1326801/000112760218021867/form4.xml
META,1326801,Mark Zuckerberg,1548760,2018-06-20,2018-06-20,S,sale,240000,48417988.00,201.7416,0.0615,-727500,390147569,0,unknown,C,10,0,Class A Common Stock,I,4,0001127602-18-021658,,https://www.sec.gov/Archives/edgar/data/1326801/000112760218021658/form4.xml
META,1326801,Mark Zuckerberg,1548760,2018-06-20,2018-06-19,S,sale,240000,47044460.08,196.0186,0.0614,-517000,390875069,,unknown,C,10,0,Class A Common Stock,I,4,0001127602-18-021657,,https://www.sec.gov/Archives/edgar/data/1326801/000112760218021657/form4.xml
META,1326801,Mark Zuckerberg,1548760,2018-06-20,2018-06-18,S,sale,247500,49027822.02,198.0922,0.0633,-517000,390875069,,unknown,C,12,0,Class A Common Stock,I,4,0001127602-18-021657,,https://www.sec.gov/Archives/edgar/data/1326801/000112760218021657/form4.xml
META,1326801,Mark Zuckerberg,1548760,2018-06-18,2018-06-15,S,sale,250000,48974895.49,195.8996,0.0639,-517000,390875069,,unknown,C,6,0,Class A Common Stock,I,4,0001127602-18-021238,,https://www.sec.gov/Archives/edgar/data/1326801/000112760218021238/form4.xml
META,1326801,Mark Zuckerberg,1548760,2018-06-18,2018-06-14,S,sale,267000,52214130.32,195.5585,0.0683,-517000,390875069,0,unknown,C,18,0,Class A Common Stock,I,4,0001127602-18-021238,,https://www.sec.gov/Archives/edgar/data/1326801/000112760218021238/form4.xml
META,1326801,Mark Zuckerberg,1548760,2018-06-13,2018-06-13,S,sale,237000,45760484.54,193.0822,0.0605,-677000,391392069,,unknown,C,12,0,Class A Common Stock,I,4,0001127602-18-020852,,https://www.sec.gov/Archives/edgar/data/1326801/000112760218020852/form4.xml
META,1326801,Mark Zuckerberg,1548760,2018-06-13,2018-06-12,S,sale,220000,42309938.23,192.3179,0.0562,-677000,391392069,,unknown,C,4,0,Class A Common Stock,I,4,0001127602-18-020852,,https://www.sec.gov/Archives/edgar/data/1326801/000112760218020852/form4.xml
META,1326801,Mark Zuckerberg,1548760,2018-06-13,2018-06-11,S,sale,220000,42033412.69,191.0610,0.0562,-677000,391392069,0,unknown,C,8,0,Class A Common Stock,I,4,0001127602-18-020852,,https://www.sec.gov/Archives/edgar/data/1326801/000112760218020852/form4.xml
META,1326801,Mark Zuckerberg,1548760,2018-06-11,2018-06-08,S,sale,220000,41513378.39,188.6972,0.0561,-440000,392069069,,unknown,C,6,0,Class A Common Stock,I,4,0001127602-18-020641,,https://www.sec.gov/Archives/edgar/data/1326801/000112760218020641/form4.xml
META,1326801,Mark Zuckerberg,1548760,2018-06-11,2018-06-07,S,sale,220000,41413594.49,188.2436,0.0561,-440000,392069069,0,unknown,C,9,0,Class A Common Stock,I,4,0001127602-18-020641,,https://www.sec.gov/Archives/edgar/data/1326801/000112760218020641/form4.xml
META,1326801,Mark Zuckerberg,1548760,2018-06-06,2018-06-06,S,sale,220000,41897753.77,190.4443,0.0560,-677600,392509069,,unknown,C,8,0,Class A Common Stock,I,4,0001127602-18-020265,,https://www.sec.gov/Archives/edgar/data/1326801/000112760218020265/form4.xml
META,1326801,Mark Zuckerberg,1548760,2018-06-06,2018-06-05,S,sale,220600,42718881.99,193.6486,0.0562,-677600,392509069,,unknown,C,6,0,Class A Common Stock,I,4,0001127602-18-020265,,https://www.sec.gov/Archives/edgar/data/1326801/000112760218020265/form4.xml
META,1326801,Mark Zuckerberg,1548760,2018-06-06,2018-06-04,S,sale,237000,45737921.99,192.9870,0.0603,-677600,392509069,0,unknown,C,12,0,Class A Common Stock,I,4,0001127602-18-020265,,https://www.sec.gov/Archives/edgar/data/1326801/000112760218020265/form4.xml
META,1326801,Mark Zuckerberg,1548760,2018-06-04,2018-06-01,S,sale,237000,45853073.24,193.4729,0.0602,-457000,393186669,,unknown,C,12,0,Class A Common Stock,I,4,0001127602-18-019843,,https://www.sec.gov/Archives/edgar/data/1326801/000112760218019843/form4.xml
META,1326801,Mark Zuckerberg,1548760,2018-06-04,2018-05-31,S,sale,220000,41937964.95,190.6271,0.0559,-457000,393186669,0,unknown,C,10,0,Class A Common Stock,I,4,0001127602-18-019843,,https://www.sec.gov/Archives/edgar/data/1326801/000112760218019843/form4.xml
META,1326801,Mark Zuckerberg,1548760,2018-05-30,2018-05-30,S,sale,220000,41182289.51,187.1922,0.0559,-440000,393643669,,unknown,C,6,0,Class A Common Stock,I,4,0001127602-18-019276,,https://www.sec.gov/Archives/edgar/data/1326801/000112760218019276/form4.xml
META,1326801,Mark Zuckerberg,1548760,2018-05-30,2018-05-29,S,sale,220000,40790973.00,185.4135,0.0559,-440000,393643669,0,unknown,C,7,0,Class A Common Stock,I,4,0001127602-18-019276,,https://www.sec.gov/Archives/edgar/data/1326801/000112760218019276/form4.xml
META,1326801,Mark Zuckerberg,1548760,2018-05-29,2018-05-25,S,sale,220000,40745841.41,185.2084,0.0558,-440000,394083669,,unknown,C,4,0,Class A Common Stock,I,4,0001127602-18-019135,,https://www.sec.gov/Archives/edgar/data/1326801/000112760218019135/form4.xml
META,1326801,Mark Zuckerberg,1548760,2018-05-29,2018-05-24,S,sale,220000,40934970.99,186.0680,0.0558,-440000,394083669,0,unknown,C,4,0,Class A Common Stock,I,4,0001127602-18-019135,,https://www.sec.gov/Archives/edgar/data/1326801/000112760218019135/form4.xml
META,1326801,Mark Zuckerberg,1548760,2018-05-23,2018-05-23,S,sale,220000,40618620.71,184.6301,0.0557,-677000,394523669,,unknown,C,10,0,Class A Common Stock,I,4,0001127602-18-018606,,https://www.sec.gov/Archives/edgar/data/1326801/000112760218018606/form4.xml
META,1326801,Mark Zuckerberg,1548760,2018-05-23,2018-05-22,S,sale,220000,40553419.01,184.3337,0.0557,-677000,394523669,,unknown,C,4,0,Class A Common Stock,I,4,0001127602-18-018606,,https://www.sec.gov/Archives/edgar/data/1326801/000112760218018606/form4.xml
META,1326801,Mark Zuckerberg,1548760,2018-05-23,2018-05-21,S,sale,237000,43683829.64,184.3200,0.0600,-677000,394523669,0,unknown,C,10,0,Class A Common Stock,I,4,0001127602-18-018606,,https://www.sec.gov/Archives/edgar/data/1326801/000112760218018606/form4.xml
META,1326801,Mark Zuckerberg,1548760,2018-05-21,2018-05-18,S,sale,237000,43391467.37,183.0864,0.0599,-457000,395200669,,unknown,CG,7,0,Class A Common Stock,I,4,0001127602-18-018319,,https://www.sec.gov/Archives/edgar/data/1326801/000112760218018319/form4.xml
META,1326801,Mark Zuckerberg,1548760,2018-05-21,2018-05-17,S,sale,220000,40343838.82,183.3811,0.0556,-457000,395200669,0,unknown,CG,4,0,Class A Common Stock,I,4,0001127602-18-018319,,https://www.sec.gov/Archives/edgar/data/1326801/000112760218018319/form4.xml
META,1326801,Mark Zuckerberg,1548760,2018-05-16,2018-05-16,S,sale,220000,40354785.07,183.4308,0.0556,-660000,395657669,,unknown,C,4,0,Class A Common Stock,I,4,0001127602-18-017792,,https://www.sec.gov/Archives/edgar/data/1326801/000112760218017792/form4.xml
META,1326801,Mark Zuckerberg,1548760,2018-05-16,2018-05-15,S,sale,220000,40479882.89,183.9995,0.0556,-660000,395657669,,unknown,C,4,0,Class A Common Stock,I,4,0001127602-18-017792,,https://www.sec.gov/Archives/edgar/data/1326801/000112760218017792/form4.xml
META,1326801,Mark Zuckerberg,1548760,2018-05-16,2018-05-14,S,sale,220000,41137360.40,186.9880,0.0556,-660000,395657669,0,unknown,C,4,0,Class A Common Stock,I,4,0001127602-18-017792,,https://www.sec.gov/Archives/edgar/data/1326801/000112760218017792/form4.xml
META,1326801,Mark Zuckerberg,1548760,2018-05-14,2018-05-11,S,sale,220000,40987319.90,186.3060,0.0555,-440000,396317669,,unknown,C,8,0,Class A Common Stock,I,4,0001127602-18-017424,,https://www.sec.gov/Archives/edgar/data/1326801/000112760218017424/form4.xml
META,1326801,Mark Zuckerberg,1548760,2018-05-14,2018-05-10,S,sale,220000,40669369.12,184.8608,0.0555,-440000,396317669,0,unknown,C,8,0,Class A Common Stock,I,4,0001127602-18-017424,,https://www.sec.gov/Archives/edgar/data/1326801/000112760218017424/form4.xml
META,1326801,Mark Zuckerberg,1548760,2018-05-09,2018-05-09,S,sale,220000,39885284.67,181.2967,0.0554,-677000,396757669,,unknown,C,10,0,Class A Common Stock,I,4,0001127602-18-016848,,https://www.sec.gov/Archives/edgar/data/1326801/000112760218016848/form4.xml
META,1326801,Mark Zuckerberg,1548760,2018-05-09,2018-05-08,S,sale,220000,39186693.36,178.1213,0.0554,-677000,396757669,,unknown,C,4,0,Class A Common Stock,I,4,0001127602-18-016848,,https://www.sec.gov/Archives/edgar/data/1326801/000112760218016848/form4.xml
META,1326801,Mark Zuckerberg,1548760,2018-05-09,2018-05-07,S,sale,237000,42287823.62,178.4296,0.0597,-677000,396757669,0,unknown,C,12,0,Class A Common Stock,I,4,0001127602-18-016848,,https://www.sec.gov/Archives/edgar/data/1326801/000112760218016848/form4.xml
META,1326801,Mark Zuckerberg,1548760,2018-05-07,2018-05-04,S,sale,237000,41697212.43,175.9376,0.0596,-436530,397434669,,unknown,C,16,0,Class A Common Stock,I,4,0001127602-18-016532,,https://www.sec.gov/Archives/edgar/data/1326801/000112760218016532/form4.xml
META,1326801,Mark Zuckerberg,1548760,2018-05-07,2018-05-03,S,sale,199530,34808784.08,174.4539,0.0502,-436530,397434669,0,unknown,C,8,0,Class A Common Stock,I,4,0001127602-18-016532,,https://www.sec.gov/Archives/edgar/data/1326801/000112760218016532/form4.xml
META,1326801,Mark Zuckerberg,1548760,2018-05-02,2018-05-02,S,sale,220000,38862070.89,176.6458,0.0553,-521967,397871199,,unknown,C,8,0,Class A Common Stock,I,4,0001127602-18-016106,,https://www.sec.gov/Archives/edgar/data/1326801/000112760218016106/form4.xml
META,1326801,Mark Zuckerberg,1548760,2018-05-02,2018-05-01,S,sale,145000,24908294.72,171.7813,0.0364,-521967,397871199,,unknown,C,8,0,Class A Common Stock,I,4,0001127602-18-016106,,https://www.sec.gov/Archives/edgar/data/1326801/000112760218016106/form4.xml
META,1326801,Mark Zuckerberg,1548760,2018-05-02,2018-04-30,S,sale,156967,27260171.32,173.6682,0.0394,-521967,397871199,0,unknown,C,8,0,Class A Common Stock,I,4,0001127602-18-016106,,https://www.sec.gov/Archives/edgar/data/1326801/000112760218016106/form4.xml
META,1326801,Mark Zuckerberg,1548760,2018-04-30,2018-04-27,S,sale,177028,30883270.05,174.4542,0.0444,-389585,398393166,,unknown,C,10,0,Class A Common Stock,I,4,0001127602-18-015615,,https://www.sec.gov/Archives/edgar/data/1326801/000112760218015615/form4.xml
META,1326801,Mark Zuckerberg,1548760,2018-04-30,2018-04-26,S,sale,212557,37088553.71,174.4876,0.0533,-389585,398393166,0,unknown,C,12,0,Class A Common Stock,I,4,0001127602-18-015615,,https://www.sec.gov/Archives/edgar/data/1326801/000112760218015615/form4.xml
META,1326801,Mark Zuckerberg,1548760,2018-04-25,2018-04-25,S,sale,145000,23087982.39,159.2275,0.0363,-145000,398782751,0,unknown,C,10,0,Class A Common Stock,I,4,0001127602-18-015272,,https://www.sec.gov/Archives/edgar/data/1326801/000112760218015272/form4.xml
META,1326801,Mark Zuckerberg,1548760,2018-04-25,2018-04-24,S,sale,145000,23426871.30,161.5646,0.0363,-290000,398927751,,unknown,C,16,0,Class A Common Stock,I,4,0001127602-18-015271,,https://www.sec.gov/Archives/edgar/data/1326801/000112760218015271/form4.xml
META,1326801,Mark Zuckerberg,1548760,2018-04-25,2018-04-23,S,sale,145000,24161232.94,166.6292,0.0363,-290000,398927751,0,unknown,C,8,0,Class A Common Stock,I,4,0001127602-18-015271,,https://www.sec.gov/Archives/edgar/data/1326801/000112760218015271/form4.xml
META,1326801,Mark Zuckerberg,1548760,2018-04-23,2018-04-20,S,sale,162000,27052706.34,166.9920,0.0406,-324000,399217751,,unknown,C,12,0,Class A Common Stock,I,4,0001127602-18-015119,,https://www.sec.gov/Archives/edgar/data/1326801/000112760218015119/form4.xml
META,1326801,Mark Zuckerberg,1548760,2018-04-23,2018-04-19,S,sale,162000,27014864.39,166.7584,0.0406,-324000,399217751,0,unknown,C,12,0,Class A Common Stock,I,4,0001127602-18-015119,,https://www.sec.gov/Archives/edgar/data/1326801/000112760218015119/form4.xml
META,1326801,Mark Zuckerberg,1548760,2018-04-18,2018-04-18,S,sale,145000,24190672.72,166.8322,0.0363,-435000,399541751,,unknown,C,5,0,Class A Common Stock,I,4,0001127602-18-014906,,https://www.sec.gov/Archives/edgar/data/1326801/000112760218014906/form4.xml
META,1326801,Mark Zuckerberg,1548760,2018-04-18,2018-04-17,S,sale,145000,24348749.94,167.9224,0.0363,-435000,399541751,,unknown,C,8,0,Class A Common Stock,I,4,0001127602-18-014906,,https://www.sec.gov/Archives/edgar/data/1326801/000112760218014906/form4.xml
META,1326801,Mark Zuckerberg,1548760,2018-04-18,2018-04-16,S,sale,145000,23893539.53,164.7830,0.0363,-435000,399541751,0,unknown,C,6,0,Class A Common Stock,I,4,0001127602-18-014906,,https://www.sec.gov/Archives/edgar/data/1326801/000112760218014906/form4.xml
META,1326801,Mark Zuckerberg,1548760,2018-04-16,2018-04-13,S,sale,145000,23885936.93,164.7306,0.0362,-290000,399976751,,unknown,C,4,0,Class A Common Stock,I,4,0001127602-18-014695,,https://www.sec.gov/Archives/edgar/data/1326801/000112760218014695/form4.xml
META,1326801,Mark Zuckerberg,1548760,2018-04-16,2018-04-12,S,sale,145000,23853081.87,164.5040,0.0362,-290000,399976751,0,unknown,C,8,0,Class A Common Stock,I,4,0001127602-18-014695,,https://www.sec.gov/Archives/edgar/data/1326801/000112760218014695/form4.xml
META,1326801,Mark Zuckerberg,1548760,2018-04-11,2018-04-11,S,sale,145000,24059148.54,165.9252,0.0362,-145000,400266751,0,unknown,C,11,0,Class A Common Stock,I,4,0001127602-18-014423,,https://www.sec.gov/Archives/edgar/data/1326801/000112760218014423/form4.xml
META,1326801,Mark Zuckerberg,1548760,2018-04-11,2018-04-10,S,sale,160364,25808589.40,160.9376,0.0400,-162000,400411751,0,unknown,C,29,0,Class A Common Stock,I,4,0001127602-18-014421,,https://www.sec.gov/Archives/edgar/data/1326801/000112760218014421/form4.xml
META,1326801,Mark Zuckerberg,1548760,2018-04-11,2018-04-10,S,sale,1636,269049.59,164.4557,0.0004,-162000,400411751,0,unknown,,4,0,Class A Common Stock,I,4,0001127602-18-014422,,https://www.sec.gov/Archives/edgar/data/1326801/000112760218014422/form4.xml
META,1326801,Mark Zuckerberg,1548760,2018-04-11,2018-04-09,S,sale,162000,25765797.13,159.0481,0.0404,-162000,400573751,0,unknown,C,17,0,Class A Common Stock,I,4,0001127602-18-014420,,https://www.sec.gov/Archives/edgar/data/1326801/000112760218014420/form4.xml
META,1326801,Mark Zuckerberg,1548760,2018-04-09,2018-04-06,S,sale,145000,23049687.46,158.9634,0.0362,-290000,400735751,,unknown,C,10,0,Class A Common Stock,I,4,0001127602-18-014293,,https://www.sec.gov/Archives/edgar/data/1326801/000112760218014293/form4.xml
META,1326801,Mark Zuckerberg,1548760,2018-04-09,2018-04-05,S,sale,145000,23081280.66,159.1812,0.0362,-290000,400735751,0,unknown,C,10,0,Class A Common Stock,I,4,0001127602-18-014293,,https://www.sec.gov/Archives/edgar/data/1326801/000112760218014293/form4.xml
META,1326801,Mark Zuckerberg,1548760,2018-04-05,2018-04-04,S,sale,145000,22237404.70,153.3614,0.0361,-290000,401025751,,unknown,C,10,0,Class A Common Stock,I,4,0001127602-18-014185,,https://www.sec.gov/Archives/edgar/data/1326801/000112760218014185/form4.xml
META,1326801,Mark Zuckerberg,1548760,2018-04-05,2018-04-03,S,sale,145000,22462916.47,154.9167,0.0361,-290000,401025751,0,unknown,C,13,0,Class A Common Stock,I,4,0001127602-18-014185,,https://www.sec.gov/Archives/edgar/data/1326801/000112760218014185/form4.xml
META,1326801,Mark Zuckerberg,1548760,2018-04-03,2018-04-02,S,sale,145000,22610876.66,155.9371,0.0361,-145000,401315751,0,unknown,C,10,0,Class A Common Stock,I,4,0001127602-18-013866,,https://www.sec.gov/Archives/edgar/data/1326801/000112760218013866/form4.xml
META,1326801,Mark Zuckerberg,1548760,2018-04-03,2018-03-29,S,sale,145000,22978943.52,158.4755,0.0361,-145000,401460751,0,unknown,C,16,0,Class A Common Stock,I,4,0001127602-18-013864,,https://www.sec.gov/Archives/edgar/data/1326801/000112760218013864/form4.xml
META,1326801,Mark Zuckerberg,1548760,2018-03-28,2018-03-28,S,sale,140200,21527971.12,153.5519,0.0349,-140200,401605751,0,unknown,C,12,0,Class A Common Stock,I,4,0001127602-18-012987,,https://www.sec.gov/Archives/edgar/data/1326801/000112760218012987/form4.xml
META,1326801,Mark Zuckerberg,1548760,2018-03-28,2018-03-27,S,sale,146105,22995915.85,157.3931,0.0364,-153539,401745951,0,unknown,C,29,0,Class A Common Stock,I,4,0001127602-18-012985,,https://www.sec.gov/Archives/edgar/data/1326801/000112760218012985/form4.xml
META,1326801,Mark Zuckerberg,1548760,2018-03-28,2018-03-27,S,sale,7434,1179610.10,158.6777,0.0019,-153539,401745951,0,unknown,,8,0,Class A Common Stock,I,4,0001127602-18-012986,,https://www.sec.gov/Archives/edgar/data/1326801/000112760218012986/form4.xml
META,1326801,Mark Zuckerberg,1548760,2018-03-28,2018-03-26,S,sale,145000,22555546.35,155.5555,0.0361,-145000,401899490,0,unknown,C,24,0,Class A Common Stock,I,4,0001127602-18-012984,,https://www.sec.gov/Archives/edgar/data/1326801/000112760218012984/form4.xml
META,1326801,Mark Zuckerberg,1548760,2018-03-23,2018-03-23,S,sale,145000,23674978.55,163.2757,0.0361,-145000,402044490,0,unknown,C,16,0,Class A Common Stock,I,4,0001127602-18-012707,,https://www.sec.gov/Archives/edgar/data/1326801/000112760218012707/form4.xml
META,1326801,Mark Zuckerberg,1548760,2018-03-23,2018-03-22,S,sale,152700,25441367.13,166.6101,0.0380,-152700,402189490,0,unknown,C,21,0,Class A Common Stock,I,4,0001127602-18-012706,,https://www.sec.gov/Archives/edgar/data/1326801/000112760218012706/form4.xml
META,1326801,Mark Zuckerberg,1548760,2018-03-23,2018-03-21,S,sale,148700,25007644.35,168.1751,0.0369,-153400,402342190,0,unknown,C,24,0,Class A Common Stock,I,4,0001127602-18-012704,,https://www.sec.gov/Archives/edgar/data/1326801/000112760218012704/form4.xml
META,1326801,Mark Zuckerberg,1548760,2018-03-23,2018-03-21,S,sale,4700,800583.07,170.3368,0.0012,-153400,402342190,0,unknown,,5,0,Class A Common Stock,I,4,0001127602-18-012705,,https://www.sec.gov/Archives/edgar/data/1326801/000112760218012705/form4.xml
META,1326801,Mark Zuckerberg,1548760,2018-03-21,2018-03-20,S,sale,145000,24158892.02,166.6130,0.0360,-145000,402495590,0,unknown,C,16,0,Class A Common Stock,I,4,0001127602-18-012401,,https://www.sec.gov/Archives/edgar/data/1326801/000112760218012401/form4.xml
META,1326801,Mark Zuckerberg,1548760,2018-03-21,2018-03-19,S,sale,175246,30504875.97,174.0689,0.0435,-175246,402640590,0,unknown,C,13,0,Class A Common Stock,I,4,0001127602-18-012400,,https://www.sec.gov/Archives/edgar/data/1326801/000112760218012400/form4.xml
META,1326801,Mark Zuckerberg,1548760,2018-03-19,2018-03-16,S,sale,220000,40594574.33,184.5208,0.0546,-465400,402815836,,unknown,C,4,0,Class A Common Stock,I,4,0001127602-18-012164,,https://www.sec.gov/Archives/edgar/data/1326801/000112760218012164/form4.xml
META,1326801,Mark Zuckerberg,1548760,2018-03-19,2018-03-15,S,sale,245400,44939108.22,183.1260,0.0609,-465400,402815836,0,unknown,C,10,0,Class A Common Stock,I,4,0001127602-18-012164,,https://www.sec.gov/Archives/edgar/data/1326801/000112760218012164/form4.xml
META,1326801,Mark Zuckerberg,1548760,2018-03-14,2018-03-14,S,sale,245400,44942496.79,183.1398,0.0608,-245400,403281236,0,unknown,C,14,0,Class A Common Stock,I,4,0001127602-18-011629,,https://www.sec.gov/Archives/edgar/data/1326801/000112760218011629/form4.xml
META,1326801,Mark Zuckerberg,1548760,2018-03-14,2018-03-13,S,sale,220000,40225111.50,182.8414,0.0545,-440000,403526636,,unknown,C,10,0,Class A Common Stock,I,4,0001127602-18-011628,,https://www.sec.gov/Archives/edgar/data/1326801/000112760218011628/form4.xml
META,1326801,Mark Zuckerberg,1548760,2018-03-14,2018-03-12,S,sale,220000,40732522.26,185.1478,0.0545,-440000,403526636,0,unknown,C,4,0,Class A Common Stock,I,4,0001127602-18-011628,,https://www.sec.gov/Archives/edgar/data/1326801/000112760218011628/form4.xml
META,1326801,Mark Zuckerberg,1548760,2018-03-12,2018-03-09,S,sale,228400,42162003.03,184.5972,0.0565,-456800,403966636,,unknown,C,8,0,Class A Common Stock,I,4,0001127602-18-011275,,https://www.sec.gov/Archives/edgar/data/1326801/000112760218011275/form4.xml
META,1326801,Mark Zuckerberg,1548760,2018-03-12,2018-03-08,S,sale,228400,41692620.95,182.5421,0.0565,-456800,403966636,0,unknown,C,9,0,Class A Common Stock,I,4,0001127602-18-011275,,https://www.sec.gov/Archives/edgar/data/1326801/000112760218011275/form4.xml
META,1326801,Mark Zuckerberg,1548760,2018-03-07,2018-03-07,S,sale,220000,39907907.71,181.3996,0.0544,-220000,404423436,0,unknown,C,12,0,Class A Common Stock,I,4,0001127602-18-010614,,https://www.sec.gov/Archives/edgar/data/1326801/000112760218010614/form4.xml
META,1326801,Mark Zuckerberg,1548760,2018-03-07,2018-03-06,S,sale,220000,39720907.07,180.5496,0.0543,-440000,404643436,,unknown,C,8,0,Class A Common Stock,I,4,0001127602-18-010622,,https://www.sec.gov/Archives/edgar/data/1326801/000112760218010622/form4.xml
META,1326801,Mark Zuckerberg,1548760,2018-03-07,2018-03-05,S,sale,220000,39410874.23,179.1403,0.0543,-440000,404643436,0,unknown,C,12,0,Class A Common Stock,I,4,0001127602-18-010622,,https://www.sec.gov/Archives/edgar/data/1326801/000112760218010622/form4.xml
META,1326801,Mark Zuckerberg,1548760,2018-03-05,2018-03-02,S,sale,220000,38500130.82,175.0006,0.0543,-220000,405083436,0,unknown,C,10,0,Class A Common Stock,I,4,0001127602-18-010260,,https://www.sec.gov/Archives/edgar/data/1326801/000112760218010260/form4.xml
META,1326801,Mark Zuckerberg,1548760,2018-03-05,2018-03-01,S,sale,245400,43423597.08,176.9503,0.0605,-245400,405303436,0,unknown,C,27,0,Class A Common Stock,I,4,0001127602-18-010259,,https://www.sec.gov/Archives/edgar/data/1326801/000112760218010259/form4.xml
META,1326801,Mark Zuckerberg,1548760,2018-02-28,2018-02-28,S,sale,245400,44529454.76,181.4566,0.0605,-245400,405548836,0,unknown,C,22,0,Class A Common Stock,I,4,0001127602-18-009228,,https://www.sec.gov/Archives/edgar/data/1326801/000112760218009228/form4.xml
META,1326801,Mark Zuckerberg,1548760,2018-02-28,2018-02-27,S,sale,220000,40253284.68,182.9695,0.0542,-440000,405794236,,unknown,C,8,0,Class A Common Stock,I,4,0001127602-18-009227,,https://www.sec.gov/Archives/edgar/data/1326801/000112760218009227/form4.xml
META,1326801,Mark Zuckerberg,1548760,2018-02-28,2018-02-26,S,sale,220000,40618821.00,184.6310,0.0542,-440000,405794236,0,unknown,C,6,0,Class A Common Stock,I,4,0001127602-18-009227,,https://www.sec.gov/Archives/edgar/data/1326801/000112760218009227/form4.xml
META,1326801,Mark Zuckerberg,1548760,2018-02-23,2018-02-23,S,sale,220000,40014898.16,181.8859,0.0541,-220000,406234236,0,unknown,C,8,0,Class A Common Stock,I,4,0001127602-18-008252,,https://www.sec.gov/Archives/edgar/data/1326801/000112760218008252/form4.xml
META,1326801,Mark Zuckerberg,1548760,2018-02-23,2018-02-22,S,sale,228400,40881223.37,178.9896,0.0562,-456800,406454236,,unknown,C,9,0,Class A Common Stock,I,4,0001127602-18-008251,,https://www.sec.gov/Archives/edgar/data/1326801/000112760218008251/form4.xml
META,1326801,Mark Zuckerberg,1548760,2018-02-23,2018-02-21,S,sale,228400,40904384.20,179.0910,0.0562,-456800,406454236,0,unknown,C,15,0,Class A Common Stock,I,4,0001127602-18-008251,,https://www.sec.gov/Archives/edgar/data/1326801/000112760218008251/form4.xml
META,1326801,Mark Zuckerberg,1548760,2018-02-20,2018-02-20,S,sale,220000,38835127.45,176.5233,0.0540,-220000,406911036,0,unknown,C,6,0,Class A Common Stock,I,4,0001127602-18-007420,,https://www.sec.gov/Archives/edgar/data/1326801/000112760218007420/form4.xml
META,1326801,Mark Zuckerberg,1548760,2018-02-20,2018-02-16,S,sale,245400,43719265.17,178.1551,0.0602,-245400,407131036,0,unknown,C,20,0,Class A Common Stock,I,4,0001127602-18-007419,,https://www.sec.gov/Archives/edgar/data/1326801/000112760218007419/form4.xml
META,1326801,Mark Zuckerberg,1548760,2018-02-20,2018-02-15,S,sale,245400,43901109.10,178.8961,0.0602,-245400,407376436,0,unknown,C,20,0,Class A Common Stock,I,4,0001127602-18-007418,,https://www.sec.gov/Archives/edgar/data/1326801/000112760218007418/form4.xml
META,1326801,Mark Zuckerberg,1548760,2018-02-14,2018-02-14,S,sale,220000,39026000.45,177.3909,0.0539,-220000,407621836,0,unknown,C,14,0,Class A Common Stock,I,4,0001127602-18-006227,,https://www.sec.gov/Archives/edgar/data/1326801/000112760218006227/form4.xml
META,1326801,Mark Zuckerberg,1548760,2018-02-14,2018-02-13,S,sale,177200,30929012.95,174.5430,0.0434,-397200,407841836,,unknown,,6,0,Class A Common Stock,I,4,0001127602-18-006226,,https://www.sec.gov/Archives/edgar/data/1326801/000112760218006226/form4.xml
META,1326801,Mark Zuckerberg,1548760,2018-02-14,2018-02-12,S,sale,220000,38635723.36,175.6169,0.0539,-397200,407841836,0,unknown,,12,0,Class A Common Stock,I,4,0001127602-18-006226,,https://www.sec.gov/Archives/edgar/data/1326801/000112760218006226/form4.xml
META,1326801,Mark Zuckerberg,1548760,2017-12-11,2017-12-08,S,sale,117829,21249837.69,180.3447,0.0289,-117829,408239036,0,unknown,C,16,0,Class A Common Stock,I,4,0001127602-17-034431,,https://www.sec.gov/Archives/edgar/data/1326801/000112760217034431/form4.xml
META,1326801,Mark Zuckerberg,1548760,2017-12-11,2017-12-07,S,sale,119098,21249706.51,178.4220,0.0292,-119098,408356865,0,unknown,C,20,0,Class A Common Stock,I,4,0001127602-17-034430,,https://www.sec.gov/Archives/edgar/data/1326801/000112760217034430/form4.xml
META,1326801,Mark Zuckerberg,1548760,2017-11-29,2017-11-28,S,sale,115997,21249612.27,183.1911,0.0284,-232138,408475963,,unknown,C,10,0,Class A Common Stock,I,4,0001127602-17-033478,,https://www.sec.gov/Archives/edgar/data/1326801/000112760217033478/form4.xml
META,1326801,Mark Zuckerberg,1548760,2017-11-29,2017-11-27,S,sale,116141,21249532.91,182.9632,0.0284,-232138,408475963,0,unknown,C,8,0,Class A Common Stock,I,4,0001127602-17-033478,,https://www.sec.gov/Archives/edgar/data/1326801/000112760217033478/form4.xml
META,1326801,Mark Zuckerberg,1548760,2017-11-16,2017-11-15,S,sale,119485,21249412.37,177.8417,0.0292,-238715,408708101,,unknown,C,9,0,Class A Common Stock,I,4,0001127602-17-032513,,https://www.sec.gov/Archives/edgar/data/1326801/000112760217032513/form4.xml
META,1326801,Mark Zuckerberg,1548760,2017-11-16,2017-11-14,S,sale,119230,21249760.51,178.2249,0.0292,-238715,408708101,0,unknown,C,8,0,Class A Common Stock,I,4,0001127602-17-032513,,https://www.sec.gov/Archives/edgar/data/1326801/000112760217032513/form4.xml
META,1326801,Mark Zuckerberg,1548760,2017-10-13,2017-10-12,S,sale,122752,21249619.74,173.1102,0.0299,-246237,409847616,,unknown,C,8,0,Class A Common Stock,I,4,0001127602-17-029820,,https://www.sec.gov/Archives/edgar/data/1326801/000112760217029820/form4.xml
META,1326801,Mark Zuckerberg,1548760,2017-10-13,2017-10-11,S,sale,123485,21249788.26,172.0840,0.0301,-246237,409847616,0,unknown,C,8,0,Class A Common Stock,I,4,0001127602-17-029820,,https://www.sec.gov/Archives/edgar/data/1326801/000112760217029820/form4.xml
META,1326801,Mark Zuckerberg,1548760,2017-10-03,2017-10-02,S,sale,124894,21249517.04,170.1404,0.0304,-249527,410093853,,unknown,C,13,0,Class A Common Stock,I,4,0001127602-17-029056,,https://www.sec.gov/Archives/edgar/data/1326801/000112760217029056/form4.xml
META,1326801,Mark Zuckerberg,1548760,2017-10-03,2017-09-29,S,sale,124633,21249546.95,170.4970,0.0304,-249527,410093853,0,unknown,C,12,0,Class A Common Stock,I,4,0001127602-17-029056,,https://www.sec.gov/Archives/edgar/data/1326801/000112760217029056/form4.xml
META,1326801,Mark Zuckerberg,1548760,2017-09-21,2017-09-20,S,sale,123637,21249476.93,171.8699,0.0301,-247452,410343380,,unknown,C,12,0,Class A Common Stock,I,4,0001127602-17-027903,,https://www.sec.gov/Archives/edgar/data/1326801/000112760217027903/form4.xml
META,1326801,Mark Zuckerberg,1548760,2017-09-21,2017-09-19,S,sale,123815,21249679.37,171.6244,0.0302,-247452,410343380,0,unknown,C,10,0,Class A Common Stock,I,4,0001127602-17-027903,,https://www.sec.gov/Archives/edgar/data/1326801/000112760217027903/form4.xml
META,1326801,Mark Zuckerberg,1548760,2017-09-11,2017-09-08,S,sale,123503,21249853.76,172.0594,0.0301,-247147,410590832,,unknown,C,12,0,Class A Common Stock,I,4,0001127602-17-027276,,https://www.sec.gov/Archives/edgar/data/1326801/000112760217027276/form4.xml
META,1326801,Mark Zuckerberg,1548760,2017-09-11,2017-09-07,S,sale,123644,21249716.79,171.8621,0.0301,-247147,410590832,0,unknown,C,12,0,Class A Common Stock,I,4,0001127602-17-027276,,https://www.sec.gov/Archives/edgar/data/1326801/000112760217027276/form4.xml
META,1326801,Mark Zuckerberg,1548760,2017-08-29,2017-08-28,S,sale,127183,21249553.18,167.0786,0.0309,-254525,410837979,,unknown,C,8,0,Class A Common Stock,I,4,0001127602-17-026681,,https://www.sec.gov/Archives/edgar/data/1326801/000112760217026681/form4.xml
META,1326801,Mark Zuckerberg,1548760,2017-08-29,2017-08-25,S,sale,127342,21249708.85,166.8712,0.0310,-254525,410837979,0,unknown,C,9,0,Class A Common Stock,I,4,0001127602-17-026681,,https://www.sec.gov/Archives/edgar/data/1326801/000112760217026681/form4.xml
META,1326801,Mark Zuckerberg,1548760,2017-08-16,2017-08-15,S,sale,124359,21249594.82,170.8730,0.0302,-248984,411092504,,unknown,C,8,0,Class A Common Stock,I,4,0001127602-17-025836,,https://www.sec.gov/Archives/edgar/data/1326801/000112760217025836/form4.xml
META,1326801,Mark Zuckerberg,1548760,2017-08-16,2017-08-14,S,sale,124625,21249795.80,170.5099,0.0303,-248984,411092504,0,unknown,C,8,0,Class A Common Stock,I,4,0001127602-17-025836,,https://www.sec.gov/Archives/edgar/data/1326801/000112760217025836/form4.xml
META,1326801,Mark Zuckerberg,1548760,2017-07-14,2017-07-13,S,sale,133501,21249679.91,159.1724,0.0324,-268100,411341488,,unknown,C,8,0,Class A Common Stock,I,4,0001127602-17-023613,,https://www.sec.gov/Archives/edgar/data/1326801/000112760217023613/form4.xml
META,1326801,Mark Zuckerberg,1548760,2017-07-14,2017-07-12,S,sale,134599,21249616.49,157.8735,0.0327,-268100,411341488,0,unknown,C,12,0,Class A Common Stock,I,4,0001127602-17-023613,,https://www.sec.gov/Archives/edgar/data/1326801/000112760217023613/form4.xml
META,1326801,Mark Zuckerberg,1548760,2017-07-03,2017-06-30,S,sale,140595,21249034.76,151.1365,0.0341,-281436,411609588,,unknown,C,8,0,Class A Common Stock,I,4,0001127602-17-022582,,https://www.sec.gov/Archives/edgar/data/1326801/000112760217022582/form4.xml
META,1326801,Mark Zuckerberg,1548760,2017-07-03,2017-06-29,S,sale,140841,21249270.98,150.8742,0.0342,-281436,411609588,0,unknown,C,14,0,Class A Common Stock,I,4,0001127602-17-022582,,https://www.sec.gov/Archives/edgar/data/1326801/000112760217022582/form4.xml
META,1326801,Mark Zuckerberg,1548760,2017-06-23,2017-06-22,S,sale,138205,21249941.16,153.7567,0.0335,-277018,411891024,,unknown,C,8,0,Class A Common Stock,I,4,0001127602-17-022114,,https://www.sec.gov/Archives/edgar/data/1326801/000112760217022114/form4.xml
META,1326801,Mark Zuckerberg,1548760,2017-06-23,2017-06-21,S,sale,138813,21249578.02,153.0806,0.0337,-277018,411891024,0,unknown,C,11,0,Class A Common Stock,I,4,0001127602-17-022114,,https://www.sec.gov/Archives/edgar/data/1326801/000112760217022114/form4.xml
META,1326801,Mark Zuckerberg,1548760,2017-06-12,2017-06-09,S,sale,122521,18749419.91,153.0303,0.0297,-138846,412168042,0,unknown,C,25,0,Class A Common Stock,I,4,0001127602-17-021246,,https://www.sec.gov/Archives/edgar/data/1326801/000112760217021246/form4.xml
META,1326801,Mark Zuckerberg,1548760,2017-06-12,2017-06-09,S,sale,16325,2499708.87,153.1215,0.0040,-138846,412168042,0,unknown,,8,0,Class A Common Stock,I,4,0001127602-17-021247,,https://www.sec.gov/Archives/edgar/data/1326801/000112760217021247/form4.xml
META,1326801,Mark Zuckerberg,1548760,2017-06-12,2017-06-08,S,sale,138149,21249716.89,153.8174,0.0335,-138149,412306888,0,unknown,C,8,0,Class A Common Stock,I,4,0001127602-17-021245,,https://www.sec.gov/Archives/edgar/data/1326801/000112760217021245/form4.xml
META,1326801,Mark Zuckerberg,1548760,2017-05-31,2017-05-30,S,sale,139469,21249655.42,152.3611,0.0338,-279533,412445037,,unknown,C,8,0,Class A Common Stock,I,4,0001127602-17-019889,,https://www.sec.gov/Archives/edgar/data/1326801/000112760217019889/form4.xml
META,1326801,Mark Zuckerberg,1548760,2017-05-31,2017-05-26,S,sale,140064,21249886.06,151.7155,0.0339,-279533,412445037,0,unknown,C,8,0,Class A Common Stock,I,4,0001127602-17-019889,,https://www.sec.gov/Archives/edgar/data/1326801/000112760217019889/form4.xml
META,1326801,Mark Zuckerberg,1548760,2017-05-18,2017-05-17,S,sale,144437,21249778.95,147.1214,0.0350,-286387,412724570,,unknown,C,16,0,Class A Common Stock,I,4,0001127602-17-018715,,https://www.sec.gov/Archives/edgar/data/1326801/000112760217018715/form4.xml
META,1326801,Mark Zuckerberg,1548760,2017-05-18,2017-05-16,S,sale,141950,21249849.58,149.6995,0.0344,-286387,412724570,0,unknown,C,8,0,Class A Common Stock,I,4,0001127602-17-018715,,https://www.sec.gov/Archives/edgar/data/1326801/000112760217018715/form4.xml
META,1326801,Mark Zuckerberg,1548760,2017-04-13,2017-04-12,S,sale,187687,26249592.79,139.8583,0.0454,-375454,413010957,,unknown,C,5,0,Class A Common Stock,I,4,0001127602-17-014740,,https://www.sec.gov/Archives/edgar/data/1326801/000112760217014740/form4.xml
META,1326801,Mark Zuckerberg,1548760,2017-04-13,2017-04-11,S,sale,187767,26249777.56,139.7997,0.0454,-375454,413010957,0,unknown,C,14,0,Class A Common Stock,I,4,0001127602-17-014740,,https://www.sec.gov/Archives/edgar/data/1326801/000112760217014740/form4.xml
META,1326801,Mark Zuckerberg,1548760,2017-04-03,2017-03-31,S,sale,184480,26249664.44,142.2900,0.0446,-368809,413386411,,unknown,C,5,0,Class A Common Stock,I,4,0001127602-17-013659,,https://www.sec.gov/Archives/edgar/data/1326801/000112760217013659/form4.xml
META,1326801,Mark Zuckerberg,1548760,2017-04-03,2017-03-30,S,sale,184329,26249768.28,142.4072,0.0446,-368809,413386411,0,unknown,C,8,0,Class A Common Stock,I,4,0001127602-17-013659,,https://www.sec.gov/Archives/edgar/data/1326801/000112760217013659/form4.xml
META,1326801,Mark Zuckerberg,1548760,2017-03-21,2017-03-20,S,sale,187728,26249745.21,139.8286,0.0454,-375332,413755220,,unknown,C,5,0,Class A Common Stock,I,4,0001127602-17-012562,,https://www.sec.gov/Archives/edgar/data/1326801/000112760217012562/form4.xml
META,1326801,Mark Zuckerberg,1548760,2017-03-21,2017-03-17,S,sale,187604,26249635.65,139.9204,0.0453,-375332,413755220,0,unknown,C,5,0,Class A Common Stock,I,4,0001127602-17-012562,,https://www.sec.gov/Archives/edgar/data/1326801/000112760217012562/form4.xml
META,1326801,Mark Zuckerberg,1548760,2017-03-10,2017-03-09,S,sale,189998,26249524.90,138.1568,0.0459,-380636,414130552,,unknown,C,10,0,Class A Common Stock,I,4,0001127602-17-011279,,https://www.sec.gov/Archives/edgar/data/1326801/000112760217011279/form4.xml
META,1326801,Mark Zuckerberg,1548760,2017-03-10,2017-03-08,S,sale,190638,26249492.72,137.6929,0.0460,-380636,414130552,0,unknown,C,5,0,Class A Common Stock,I,4,0001127602-17-011279,,https://www.sec.gov/Archives/edgar/data/1326801/000112760217011279/form4.xml
META,1326801,Mark Zuckerberg,1548760,2017-03-01,2017-02-28,S,sale,193242,26249687.00,135.8384,0.0466,-386116,414511188,,unknown,C,11,0,Class A Common Stock,I,4,0001127602-17-009389,,https://www.sec.gov/Archives/edgar/data/1326801/000112760217009389/form4.xml
META,1326801,Mark Zuckerberg,1548760,2017-03-01,2017-02-27,S,sale,192874,26249515.73,136.0967,0.0465,-386116,414511188,0,unknown,C,13,0,Class A Common Stock,I,4,0001127602-17-009389,,https://www.sec.gov/Archives/edgar/data/1326801/000112760217009389/form4.xml
META,1326801,Mark Zuckerberg,1548760,2016-12-22,2016-12-21,S,sale,399645,47499877.99,118.8552,0.0962,-798076,414897304,,unknown,C,2,0,Class A Common Stock,I,4,0001127602-16-070854,,https://www.sec.gov/Archives/edgar/data/1326801/000112760216070854/form4.xml
META,1326801,Mark Zuckerberg,1548760,2016-12-22,2016-12-20,S,sale,398431,47499874.32,119.2173,0.0959,-798076,414897304,0,unknown,C,2,0,Class A Common Stock,I,4,0001127602-16-070854,,https://www.sec.gov/Archives/edgar/data/1326801/000112760216070854/form4.xml
META,1326801,Mark Zuckerberg,1548760,2016-12-13,2016-12-12,S,sale,401880,47499888.16,118.1942,0.0966,-799481,415695380,,unknown,C,4,0,Class A Common Stock,I,4,0001127602-16-069947,,https://www.sec.gov/Archives/edgar/data/1326801/000112760216069947/form4.xml
META,1326801,Mark Zuckerberg,1548760,2016-12-13,2016-12-09,S,sale,397601,47499803.16,119.4660,0.0956,-799481,415695380,0,unknown,C,2,0,Class A Common Stock,I,4,0001127602-16-069947,,https://www.sec.gov/Archives/edgar/data/1326801/000112760216069947/form4.xml
META,1326801,Mark Zuckerberg,1548760,2016-11-30,2016-11-29,S,sale,391559,47499872.00,121.3096,0.0939,-1193191,416494861,,unknown,CG,4,0,Class A Common Stock,I,4,0001127602-16-068704,,https://www.sec.gov/Archives/edgar/data/1326801/000112760216068704/form4.xml
META,1326801,Mark Zuckerberg,1548760,2016-11-30,2016-11-28,S,sale,393232,47499918.09,120.7936,0.0943,-1193191,416494861,,unknown,CG,4,0,Class A Common Stock,I,4,0001127602-16-068704,,https://www.sec.gov/Archives/edgar/data/1326801/000112760216068704/form4.xml
META,1326801,Mark Zuckerberg,1548760,2016-11-21,2016-11-18,S,sale,403843,47499934.58,117.6198,0.0966,-809977,417688052,,unknown,C,6,0,Class A Common Stock,I,4,0001127602-16-067956,,https://www.sec.gov/Archives/edgar/data/1326801/000112760216067956/form4.xml
META,1326801,Mark Zuckerberg,1548760,2016-11-21,2016-11-17,S,sale,406134,47499731.16,116.9558,0.0971,-809977,417688052,0,unknown,C,4,0,Class A Common Stock,I,4,0001127602-16-067956,,https://www.sec.gov/Archives/edgar/data/1326801/000112760216067956/form4.xml
META,1326801,Mark Zuckerberg,1548760,2016-10-14,2016-10-13,S,sale,372525,47499750.86,127.5076,0.0889,-740626,418498029,,unknown,C,4,0,Class A Common Stock,I,4,0001127602-16-064814,,https://www.sec.gov/Archives/edgar/data/1326801/000112760216064814/form4.xml
META,1326801,Mark Zuckerberg,1548760,2016-10-14,2016-10-12,S,sale,368101,47499835.12,129.0402,0.0879,-740626,418498029,0,unknown,C,4,0,Class A Common Stock,I,4,0001127602-16-064814,,https://www.sec.gov/Archives/edgar/data/1326801/000112760216064814/form4.xml
META,1326801,Mark Zuckerberg,1548760,2016-10-05,2016-10-04,S,sale,370506,47499941.79,128.2029,0.0883,-740739,419238655,,unknown,C,4,0,Class A Common Stock,I,4,0001127602-16-064411,,https://www.sec.gov/Archives/edgar/data/1326801/000112760216064411/form4.xml
META,1326801,Mark Zuckerberg,1548760,2016-10-05,2016-10-03,S,sale,370233,47499870.04,128.2972,0.0882,-740739,419238655,0,unknown,C,4,0,Class A Common Stock,I,4,0001127602-16-064411,,https://www.sec.gov/Archives/edgar/data/1326801/000112760216064411/form4.xml
META,1326801,Mark Zuckerberg,1548760,2016-09-26,2016-09-23,S,sale,371086,47499949.88,128.0025,0.0883,-735977,419979394,,unknown,C,4,0,Class A Common Stock,I,4,0001127602-16-063198,,https://www.sec.gov/Archives/edgar/data/1326801/000112760216063198/form4.xml
META,1326801,Mark Zuckerberg,1548760,2016-09-26,2016-09-22,S,sale,364891,47499893.34,130.1756,0.0868,-735977,419979394,0,unknown,C,2,0,Class A Common Stock,I,4,0001127602-16-063198,,https://www.sec.gov/Archives/edgar/data/1326801/000112760216063198/form4.xml
META,1326801,Mark Zuckerberg,1548760,2016-09-13,2016-09-12,S,sale,371811,47499979.71,127.7530,0.0883,-741797,420715371,,unknown,C,6,0,Class A Common Stock,I,4,0001127602-16-062472,,https://www.sec.gov/Archives/edgar/data/1326801/000112760216062472/form4.xml
META,1326801,Mark Zuckerberg,1548760,2016-09-13,2016-09-09,S,sale,369986,47499832.21,128.3828,0.0879,-741797,420715371,0,unknown,C,6,0,Class A Common Stock,I,4,0001127602-16-062472,,https://www.sec.gov/Archives/edgar/data/1326801/000112760216062472/form4.xml
META,1326801,Mark Zuckerberg,1548760,2016-09-01,2016-08-31,S,sale,377344,47499883.79,125.8795,0.0895,-755239,421457168,,unknown,C,4,0,Class A Common Stock,I,4,0001127602-16-061709,,https://www.sec.gov/Archives/edgar/data/1326801/000112760216061709/form4.xml
META,1326801,Mark Zuckerberg,1548760,2016-09-01,2016-08-30,S,sale,377895,47499773.21,125.6957,0.0896,-755239,421457168,0,unknown,C,4,0,Class A Common Stock,I,4,0001127602-16-061709,,https://www.sec.gov/Archives/edgar/data/1326801/000112760216061709/form4.xml
META,1326801,Mark Zuckerberg,1548760,2016-08-19,2016-08-18,S,sale,383234,47499821.14,123.9447,0.0907,,422212407,,unknown,CG,2,0,Class A Common Stock,I,4,0001127602-16-060746,,https://www.sec.gov/Archives/edgar/data/1326801/000112760216060746/form4.xml
META,1326801,Mark Zuckerberg,1548760,2016-08-19,2016-08-17,S,sale,384671,47499902.31,123.4819,0.0910,,422212407,0,unknown,CG,4,0,Class A Common Stock,I,4,0001127602-16-060746,,https://www.sec.gov/Archives/edgar/data/1326801/000112760216060746/form4.xml
META,1326801,Mark Zuckerberg,1548760,2013-12-26,2013-12-26,S,sale,41350000,2276317500.00,55.0500,,,,,unknown,C,1,0,Class A Common Stock,D,4,0001209191-13-058691,,https://www.sec.gov/Archives/edgar/data/1326801/000120919113058691/doc4.xml
META,1326801,Mark Zuckerberg,1548760,2012-05-22,2012-05-22,S,sale,30200000,1134916000.00,37.5800,,,,,unknown,C,1,0,Class A Common Stock,D,4,0001209191-12-029812,,https://www.sec.gov/Archives/edgar/data/1326801/000120919112029812/doc4.xml
