ticker,cik,ceo,owner_cik,filed,traded,code,label,shares,value,avg_price,pct_of_holding,net_change,holding_after,residue,plan,other_codes,rows,unpriced_rows,securities,direct,form,accession,price_flag,url
MRNA,1682852,Stéphane Bancel,1443340,2026-08-07,2026-08-05,S,scheduled sale,499246,28715011.49,57.5168,2.1979,252469,22215826,0,plan,M,4,0,Common Stock,D,4,0001682852-26-000153,,https://www.sec.gov/Archives/edgar/data/1682852/000168285226000153/form4.xml
MRNA,1682852,Stéphane Bancel,1443340,2025-03-04,2025-03-03,P,open-market purchase,160314,5004318.13,31.2157,0.7595,160314,21269463,0,discretionary,,2,0,Common Stock,I,4,0001127602-25-007916,,https://www.sec.gov/Archives/edgar/data/1682852/000112760225007916/form4.xml
MRNA,1682852,Stéphane Bancel,1443340,2024-02-16,2024-02-16,S,scheduled sale,26351,2342097.96,88.8808,0.1249,30385,21075476,,plan,A,1,0,Common Stock,D,4,0001127602-24-005355,,https://www.sec.gov/Archives/edgar/data/1682852/000112760224005355/form4.xml
MRNA,1682852,Stéphane Bancel,1443340,2023-06-30,2023-06-28,S,exercise and sell,27155,3302907.46,121.6317,,0,21027198,0,plan,M,4,0,Common Stock,D,4,0001127602-23-019642,,https://www.sec.gov/Archives/edgar/data/1682852/000112760223019642/form4.xml
MRNA,1682852,Stéphane Bancel,1443340,2023-06-23,2023-06-22,S,exercise and sell,40000,4776426.54,119.4107,,0,21027198,,plan,M,2,0,Common Stock,D,4,0001127602-23-019319,,https://www.sec.gov/Archives/edgar/data/1682852/000112760223019319/form4.xml
MRNA,1682852,Stéphane Bancel,1443340,2023-06-23,2023-06-21,S,exercise and sell,40000,4879287.16,121.9822,,0,21027198,0,plan,M,2,0,Common Stock,D,4,0001127602-23-019319,,https://www.sec.gov/Archives/edgar/data/1682852/000112760223019319/form4.xml
MRNA,1682852,Stéphane Bancel,1443340,2023-06-16,2023-06-15,S,exercise and sell,40000,5136388.11,128.4097,,0,21027198,,plan,M,5,0,Common Stock,D,4,0001127602-23-018865,,https://www.sec.gov/Archives/edgar/data/1682852/000112760223018865/form4.xml
MRNA,1682852,Stéphane Bancel,1443340,2023-06-16,2023-06-14,S,exercise and sell,40000,5045485.74,126.1371,,0,21027198,0,plan,M,3,0,Common Stock,D,4,0001127602-23-018865,,https://www.sec.gov/Archives/edgar/data/1682852/000112760223018865/form4.xml
MRNA,1682852,Stéphane Bancel,1443340,2023-06-09,2023-06-08,S,exercise and sell,40000,4960364.16,124.0091,,0,21027198,,plan,M,3,0,Common Stock,D,4,0001127602-23-018420,,https://www.sec.gov/Archives/edgar/data/1682852/000112760223018420/form4.xml
MRNA,1682852,Stéphane Bancel,1443340,2023-06-09,2023-06-07,S,exercise and sell,40000,5032419.84,125.8105,,0,21027198,0,plan,M,2,0,Common Stock,D,4,0001127602-23-018420,,https://www.sec.gov/Archives/edgar/data/1682852/000112760223018420/form4.xml
MRNA,1682852,Stéphane Bancel,1443340,2023-06-02,2023-06-01,S,exercise and sell,40000,5118472.65,127.9618,,0,21027198,,plan,M,3,0,Common Stock,D,4,0001127602-23-017584,,https://www.sec.gov/Archives/edgar/data/1682852/000112760223017584/form4.xml
MRNA,1682852,Stéphane Bancel,1443340,2023-06-02,2023-05-31,S,exercise and sell,40000,5076558.44,126.9140,,0,21027198,0,plan,M,4,0,Common Stock,D,4,0001127602-23-017584,,https://www.sec.gov/Archives/edgar/data/1682852/000112760223017584/form4.xml
MRNA,1682852,Stéphane Bancel,1443340,2023-05-26,2023-05-25,S,exercise and sell,40000,5094421.33,127.3605,,0,21027198,,plan,M,4,0,Common Stock,D,4,0001127602-23-016979,,https://www.sec.gov/Archives/edgar/data/1682852/000112760223016979/form4.xml
MRNA,1682852,Stéphane Bancel,1443340,2023-05-26,2023-05-24,S,exercise and sell,40000,5257211.80,131.4303,,0,21027198,0,plan,M,3,0,Common Stock,D,4,0001127602-23-016979,,https://www.sec.gov/Archives/edgar/data/1682852/000112760223016979/form4.xml
MRNA,1682852,Stéphane Bancel,1443340,2023-05-19,2023-05-18,S,exercise and sell,40000,4950998.75,123.7750,,0,21027198,,plan,M,3,0,Common Stock,D,4,0001127602-23-016284,,https://www.sec.gov/Archives/edgar/data/1682852/000112760223016284/form4.xml
MRNA,1682852,Stéphane Bancel,1443340,2023-05-19,2023-05-17,S,exercise and sell,40000,5012648.32,125.3162,,0,21027198,0,plan,M,5,0,Common Stock,D,4,0001127602-23-016284,,https://www.sec.gov/Archives/edgar/data/1682852/000112760223016284/form4.xml
MRNA,1682852,Stéphane Bancel,1443340,2023-05-12,2023-05-11,S,exercise and sell,40000,5090486.50,127.2622,,0,21027198,,plan,M,3,0,Common Stock,D,4,0001127602-23-015419,,https://www.sec.gov/Archives/edgar/data/1682852/000112760223015419/form4.xml
MRNA,1682852,Stéphane Bancel,1443340,2023-05-12,2023-05-10,S,exercise and sell,40000,5264032.18,131.6008,,0,21027198,0,plan,M,4,0,Common Stock,D,4,0001127602-23-015419,,https://www.sec.gov/Archives/edgar/data/1682852/000112760223015419/form4.xml
MRNA,1682852,Stéphane Bancel,1443340,2023-05-05,2023-05-04,S,exercise and sell,40000,5428124.83,135.7031,,0,21027198,,plan,M,6,0,Common Stock,D,4,0001127602-23-014672,,https://www.sec.gov/Archives/edgar/data/1682852/000112760223014672/form4.xml
MRNA,1682852,Stéphane Bancel,1443340,2023-05-05,2023-05-03,S,exercise and sell,40000,5251498.28,131.2875,,0,21027198,0,plan,M,3,0,Common Stock,D,4,0001127602-23-014672,,https://www.sec.gov/Archives/edgar/data/1682852/000112760223014672/form4.xml
MRNA,1682852,Stéphane Bancel,1443340,2023-04-28,2023-04-27,S,exercise and sell,40000,5224570.00,130.6142,,0,21027198,,plan,M,3,0,Common Stock,D,4,0001127602-23-013800,,https://www.sec.gov/Archives/edgar/data/1682852/000112760223013800/form4.xml
MRNA,1682852,Stéphane Bancel,1443340,2023-04-28,2023-04-26,S,exercise and sell,40000,5269139.90,131.7285,,0,21027198,0,plan,M,4,0,Common Stock,D,4,0001127602-23-013800,,https://www.sec.gov/Archives/edgar/data/1682852/000112760223013800/form4.xml
MRNA,1682852,Stéphane Bancel,1443340,2023-04-21,2023-04-20,S,exercise and sell,40000,5719539.59,142.9885,,0,21027198,,plan,M,4,0,Common Stock,D,4,0001127602-23-013372,,https://www.sec.gov/Archives/edgar/data/1682852/000112760223013372/form4.xml
MRNA,1682852,Stéphane Bancel,1443340,2023-04-21,2023-04-19,S,exercise and sell,40000,5715261.92,142.8815,,0,21027198,0,plan,M,3,0,Common Stock,D,4,0001127602-23-013372,,https://www.sec.gov/Archives/edgar/data/1682852/000112760223013372/form4.xml
MRNA,1682852,Stéphane Bancel,1443340,2023-04-14,2023-04-13,S,exercise and sell,40000,6430340.32,160.7585,,0,21027198,,plan,M,3,0,Common Stock,D,4,0001127602-23-012920,,https://www.sec.gov/Archives/edgar/data/1682852/000112760223012920/form4.xml
MRNA,1682852,Stéphane Bancel,1443340,2023-04-14,2023-04-12,S,exercise and sell,40000,6267334.98,156.6834,,0,21027198,0,plan,M,4,0,Common Stock,D,4,0001127602-23-012920,,https://www.sec.gov/Archives/edgar/data/1682852/000112760223012920/form4.xml
MRNA,1682852,Stéphane Bancel,1443340,2023-04-07,2023-04-06,S,exercise and sell,40000,6298950.10,157.4738,,0,21027198,,plan,M,5,0,Common Stock,D,4,0001127602-23-012731,,https://www.sec.gov/Archives/edgar/data/1682852/000112760223012731/form4.xml
MRNA,1682852,Stéphane Bancel,1443340,2023-04-07,2023-04-05,S,exercise and sell,40000,6185585.27,154.6396,,0,21027198,0,plan,M,5,0,Common Stock,D,4,0001127602-23-012731,,https://www.sec.gov/Archives/edgar/data/1682852/000112760223012731/form4.xml
MRNA,1682852,Stéphane Bancel,1443340,2023-03-31,2023-03-30,S,exercise and sell,40000,5945053.75,148.6263,,0,21027198,,discretionary,M,4,0,Common Stock,D,4,0001127602-23-011696,,https://www.sec.gov/Archives/edgar/data/1682852/000112760223011696/form4.xml
MRNA,1682852,Stéphane Bancel,1443340,2023-03-31,2023-03-29,S,exercise and sell,40000,5934076.01,148.3519,,0,21027198,0,discretionary,M,3,0,Common Stock,D,4,0001127602-23-011696,,https://www.sec.gov/Archives/edgar/data/1682852/000112760223011696/form4.xml
MRNA,1682852,Stéphane Bancel,1443340,2023-03-24,2023-03-23,S,exercise and sell,40000,5967683.31,149.1921,,0,21027198,,discretionary,M,6,0,Common Stock,D,4,0001127602-23-011310,,https://www.sec.gov/Archives/edgar/data/1682852/000112760223011310/form4.xml
MRNA,1682852,Stéphane Bancel,1443340,2023-03-24,2023-03-22,S,exercise and sell,40000,6009804.49,150.2451,,0,21027198,0,discretionary,M,4,0,Common Stock,D,4,0001127602-23-011310,,https://www.sec.gov/Archives/edgar/data/1682852/000112760223011310/form4.xml
MRNA,1682852,Stéphane Bancel,1443340,2023-03-17,2023-03-16,S,exercise and sell,40000,6034724.32,150.8681,,0,21027198,,unknown,M,5,0,Common Stock,D,4,0001127602-23-010643,,https://www.sec.gov/Archives/edgar/data/1682852/000112760223010643/form4.xml
MRNA,1682852,Stéphane Bancel,1443340,2023-03-17,2023-03-15,S,exercise and sell,40000,5952499.19,148.8125,,0,21027198,0,unknown,M,4,0,Common Stock,D,4,0001127602-23-010643,,https://www.sec.gov/Archives/edgar/data/1682852/000112760223010643/form4.xml
MRNA,1682852,Stéphane Bancel,1443340,2023-03-10,2023-03-09,S,exercise and sell,40000,5567858.55,139.1965,,0,21027198,,unknown,M,6,0,Common Stock,D,4,0001127602-23-009743,,https://www.sec.gov/Archives/edgar/data/1682852/000112760223009743/form4.xml
MRNA,1682852,Stéphane Bancel,1443340,2023-03-10,2023-03-08,S,exercise and sell,40000,5655309.56,141.3827,,0,21027198,0,unknown,M,2,0,Common Stock,D,4,0001127602-23-009743,,https://www.sec.gov/Archives/edgar/data/1682852/000112760223009743/form4.xml
MRNA,1682852,Stéphane Bancel,1443340,2023-03-03,2023-03-02,S,exercise and sell,40000,5500045.15,137.5011,,0,21027198,,unknown,M,4,0,Common Stock,D,4,0001127602-23-008679,,https://www.sec.gov/Archives/edgar/data/1682852/000112760223008679/form4.xml
MRNA,1682852,Stéphane Bancel,1443340,2023-03-03,2023-03-01,S,exercise and sell,40000,5407111.65,135.1778,,0,21027198,0,unknown,M,4,0,Common Stock,D,4,0001127602-23-008679,,https://www.sec.gov/Archives/edgar/data/1682852/000112760223008679/form4.xml
MRNA,1682852,Stéphane Bancel,1443340,2023-02-24,2023-02-23,S,exercise and sell,40000,5854201.96,146.3550,,0,21027198,,unknown,M,6,0,Common Stock,D,4,0001127602-23-007042,,https://www.sec.gov/Archives/edgar/data/1682852/000112760223007042/form4.xml
MRNA,1682852,Stéphane Bancel,1443340,2023-02-24,2023-02-22,S,exercise and sell,40000,6344411.98,158.6103,,0,21027198,0,unknown,M,4,0,Common Stock,D,4,0001127602-23-007042,,https://www.sec.gov/Archives/edgar/data/1682852/000112760223007042/form4.xml
MRNA,1682852,Stéphane Bancel,1443340,2023-02-17,2023-02-16,S,exercise and sell,40000,6922947.01,173.0737,,0,21027198,,unknown,M,3,0,Common Stock,D,4,0001127602-23-005814,,https://www.sec.gov/Archives/edgar/data/1682852/000112760223005814/form4.xml
MRNA,1682852,Stéphane Bancel,1443340,2023-02-17,2023-02-15,S,exercise and sell,40000,6998453.09,174.9613,,0,21027198,0,unknown,M,4,0,Common Stock,D,4,0001127602-23-005814,,https://www.sec.gov/Archives/edgar/data/1682852/000112760223005814/form4.xml
MRNA,1682852,Stéphane Bancel,1443340,2023-02-10,2023-02-09,S,exercise and sell,40000,6622894.08,165.5724,,0,21027198,,unknown,M,5,0,Common Stock,D,4,0001127602-23-004449,,https://www.sec.gov/Archives/edgar/data/1682852/000112760223004449/form4.xml
MRNA,1682852,Stéphane Bancel,1443340,2023-02-10,2023-02-08,S,exercise and sell,40000,6639983.18,165.9996,,0,21027198,0,unknown,M,6,0,Common Stock,D,4,0001127602-23-004449,,https://www.sec.gov/Archives/edgar/data/1682852/000112760223004449/form4.xml
MRNA,1682852,Stéphane Bancel,1443340,2023-02-03,2023-02-02,S,exercise and sell,40000,6965310.35,174.1328,,0,21027198,,unknown,M,6,0,Common Stock,D,4,0001127602-23-003346,,https://www.sec.gov/Archives/edgar/data/1682852/000112760223003346/form4.xml
MRNA,1682852,Stéphane Bancel,1443340,2023-02-03,2023-02-01,S,exercise and sell,40000,6807629.77,170.1907,,0,21027198,0,unknown,M,8,0,Common Stock,D,4,0001127602-23-003346,,https://www.sec.gov/Archives/edgar/data/1682852/000112760223003346/form4.xml
MRNA,1682852,Stéphane Bancel,1443340,2023-01-27,2023-01-26,S,exercise and sell,40000,7626788.23,190.6697,,0,21027198,,unknown,M,6,0,Common Stock,D,4,0001127602-23-002450,,https://www.sec.gov/Archives/edgar/data/1682852/000112760223002450/form4.xml
MRNA,1682852,Stéphane Bancel,1443340,2023-01-27,2023-01-25,S,exercise and sell,40000,7683987.10,192.0997,,0,21027198,0,unknown,M,4,0,Common Stock,D,4,0001127602-23-002450,,https://www.sec.gov/Archives/edgar/data/1682852/000112760223002450/form4.xml
MRNA,1682852,Stéphane Bancel,1443340,2023-01-20,2023-01-19,S,exercise and sell,40000,7682288.72,192.0572,,0,21027198,,unknown,M,4,0,Common Stock,D,4,0001127602-23-001932,,https://www.sec.gov/Archives/edgar/data/1682852/000112760223001932/form4.xml
MRNA,1682852,Stéphane Bancel,1443340,2023-01-20,2023-01-18,S,exercise and sell,40000,7918484.73,197.9621,,0,21027198,0,unknown,M,11,0,Common Stock,D,4,0001127602-23-001932,,https://www.sec.gov/Archives/edgar/data/1682852/000112760223001932/form4.xml
MRNA,1682852,Stéphane Bancel,1443340,2023-01-13,2023-01-12,S,exercise and sell,40000,7420183.11,185.5046,,0,21027198,,unknown,M,5,0,Common Stock,D,4,0001127602-23-001384,,https://www.sec.gov/Archives/edgar/data/1682852/000112760223001384/form4.xml
MRNA,1682852,Stéphane Bancel,1443340,2023-01-13,2023-01-11,S,exercise and sell,40000,7400689.02,185.0172,,0,21027198,0,unknown,M,4,0,Common Stock,D,4,0001127602-23-001384,,https://www.sec.gov/Archives/edgar/data/1682852/000112760223001384/form4.xml
MRNA,1682852,Stéphane Bancel,1443340,2023-01-06,2023-01-05,S,exercise and sell,40000,6942975.38,173.5744,,0,21027198,,unknown,M,4,0,Common Stock,D,4,0001127602-23-001063,,https://www.sec.gov/Archives/edgar/data/1682852/000112760223001063/form4.xml
MRNA,1682852,Stéphane Bancel,1443340,2023-01-06,2023-01-04,S,exercise and sell,40000,7124559.09,178.1140,,0,21027198,0,unknown,M,5,0,Common Stock,D,4,0001127602-23-001063,,https://www.sec.gov/Archives/edgar/data/1682852/000112760223001063/form4.xml
MRNA,1682852,Stéphane Bancel,1443340,2022-12-30,2022-12-29,S,sale,50000,8976072.12,179.5214,0.2372,-10000,21027198,,unknown,M,5,0,Common Stock,DI,4,0001127602-22-028355,,https://www.sec.gov/Archives/edgar/data/1682852/000112760222028355/form4.xml
MRNA,1682852,Stéphane Bancel,1443340,2022-12-30,2022-12-28,S,sale,40000,7079761.35,176.9940,0.1899,-10000,21027198,0,unknown,M,5,0,Common Stock,D,4,0001127602-22-028355,,https://www.sec.gov/Archives/edgar/data/1682852/000112760222028355/form4.xml
MRNA,1682852,Stéphane Bancel,1443340,2022-12-23,2022-12-22,S,sale,50000,10310650.29,206.2130,0.2371,-10000,21037198,,unknown,M,8,0,Common Stock,DI,4,0001127602-22-028263,,https://www.sec.gov/Archives/edgar/data/1682852/000112760222028263/form4.xml
MRNA,1682852,Stéphane Bancel,1443340,2022-12-23,2022-12-21,S,sale,40000,8283471.43,207.0868,0.1898,-10000,21037198,0,unknown,M,7,0,Common Stock,D,4,0001127602-22-028263,,https://www.sec.gov/Archives/edgar/data/1682852/000112760222028263/form4.xml
MRNA,1682852,Stéphane Bancel,1443340,2022-12-16,2022-12-15,S,sale,50000,10316941.07,206.3388,0.2370,-10000,21047198,,unknown,M,6,0,Common Stock,DI,4,0001127602-22-027662,,https://www.sec.gov/Archives/edgar/data/1682852/000112760222027662/form4.xml
MRNA,1682852,Stéphane Bancel,1443340,2022-12-16,2022-12-14,S,sale,40000,8462856.02,211.5714,0.1897,-10000,21047198,0,unknown,M,15,0,Common Stock,D,4,0001127602-22-027662,,https://www.sec.gov/Archives/edgar/data/1682852/000112760222027662/form4.xml
MRNA,1682852,Stéphane Bancel,1443340,2022-12-09,2022-12-08,S,sale,50000,9113700.62,182.2740,0.2369,-10000,21057198,,unknown,M,5,0,Common Stock,DI,4,0001127602-22-027178,,https://www.sec.gov/Archives/edgar/data/1682852/000112760222027178/form4.xml
MRNA,1682852,Stéphane Bancel,1443340,2022-12-09,2022-12-07,S,sale,40000,7114882.22,177.8721,0.1896,-10000,21057198,0,unknown,M,6,0,Common Stock,D,4,0001127602-22-027178,,https://www.sec.gov/Archives/edgar/data/1682852/000112760222027178/form4.xml
MRNA,1682852,Stéphane Bancel,1443340,2022-12-02,2022-12-01,S,sale,50000,8973168.69,179.4634,0.2368,-10000,21067198,,unknown,M,6,0,Common Stock,DI,4,0001127602-22-026763,,https://www.sec.gov/Archives/edgar/data/1682852/000112760222026763/form4.xml
MRNA,1682852,Stéphane Bancel,1443340,2022-12-02,2022-11-30,S,sale,40000,6891824.09,172.2956,0.1895,-10000,21067198,0,unknown,M,8,0,Common Stock,D,4,0001127602-22-026763,,https://www.sec.gov/Archives/edgar/data/1682852/000112760222026763/form4.xml
MRNA,1682852,Stéphane Bancel,1443340,2022-11-28,2022-11-25,S,sale,50000,8791865.94,175.8373,0.2367,-10000,21077198,0,unknown,M,5,0,Common Stock,DI,4,0001127602-22-026422,,https://www.sec.gov/Archives/edgar/data/1682852/000112760222026422/form4.xml
MRNA,1682852,Stéphane Bancel,1443340,2022-11-25,2022-11-23,S,exercise and sell,40000,7047891.64,176.1973,,0,21087198,0,unknown,M,5,0,Common Stock,D,4,0001127602-22-026394,,https://www.sec.gov/Archives/edgar/data/1682852/000112760222026394/form4.xml
MRNA,1682852,Stéphane Bancel,1443340,2022-11-18,2022-11-17,S,sale,50000,9100932.44,182.0186,0.2365,-10000,21087198,,unknown,M,6,0,Common Stock,DI,4,0001127602-22-026035,,https://www.sec.gov/Archives/edgar/data/1682852/000112760222026035/form4.xml
MRNA,1682852,Stéphane Bancel,1443340,2022-11-18,2022-11-16,S,sale,40000,7393572.00,184.8393,0.1893,-10000,21087198,0,unknown,M,4,0,Common Stock,D,4,0001127602-22-026035,,https://www.sec.gov/Archives/edgar/data/1682852/000112760222026035/form4.xml
MRNA,1682852,Stéphane Bancel,1443340,2022-11-14,2022-11-10,S,sale,50000,8266948.56,165.3390,0.2364,-10000,21097198,,unknown,M,7,0,Common Stock,DI,4,0001127602-22-025504,,https://www.sec.gov/Archives/edgar/data/1682852/000112760222025504/form4.xml
MRNA,1682852,Stéphane Bancel,1443340,2022-11-14,2022-11-09,S,sale,40000,6629313.14,165.7328,0.1892,-10000,21097198,0,unknown,M,7,0,Common Stock,D,4,0001127602-22-025504,,https://www.sec.gov/Archives/edgar/data/1682852/000112760222025504/form4.xml
MRNA,1682852,Stéphane Bancel,1443340,2022-11-04,2022-11-03,S,sale,50000,7270263.04,145.4053,0.2363,-10000,21107198,,unknown,M,9,0,Common Stock,DI,4,0001127602-22-024968,,https://www.sec.gov/Archives/edgar/data/1682852/000112760222024968/form4.xml
MRNA,1682852,Stéphane Bancel,1443340,2022-11-04,2022-11-02,S,sale,40000,6112364.35,152.8091,0.1892,-10000,21107198,0,unknown,M,7,0,Common Stock,D,4,0001127602-22-024968,,https://www.sec.gov/Archives/edgar/data/1682852/000112760222024968/form4.xml
MRNA,1682852,Stéphane Bancel,1443340,2022-10-28,2022-10-27,S,sale,50000,7178324.20,143.5665,0.2362,-10000,21117198,,unknown,M,4,0,Common Stock,DI,4,0001127602-22-024460,,https://www.sec.gov/Archives/edgar/data/1682852/000112760222024460/form4.xml
MRNA,1682852,Stéphane Bancel,1443340,2022-10-28,2022-10-26,S,sale,40000,5700566.55,142.5142,0.1891,-10000,21117198,0,unknown,M,5,0,Common Stock,D,4,0001127602-22-024460,,https://www.sec.gov/Archives/edgar/data/1682852/000112760222024460/form4.xml
MRNA,1682852,Stéphane Bancel,1443340,2022-10-21,2022-10-20,S,sale,50000,6062587.23,121.2517,0.2361,-10000,21127198,,unknown,M,7,0,Common Stock,DI,4,0001127602-22-024246,,https://www.sec.gov/Archives/edgar/data/1682852/000112760222024246/form4.xml
MRNA,1682852,Stéphane Bancel,1443340,2022-10-21,2022-10-19,S,sale,40000,5012028.04,125.3007,0.1890,-10000,21127198,0,unknown,M,6,0,Common Stock,D,4,0001127602-22-024246,,https://www.sec.gov/Archives/edgar/data/1682852/000112760222024246/form4.xml
MRNA,1682852,Stéphane Bancel,1443340,2022-10-14,2022-10-13,S,sale,50000,6595173.74,131.9035,0.2360,-10000,21137198,,unknown,M,9,0,Common Stock,DI,4,0001127602-22-023939,,https://www.sec.gov/Archives/edgar/data/1682852/000112760222023939/form4.xml
MRNA,1682852,Stéphane Bancel,1443340,2022-10-14,2022-10-12,S,sale,40000,5291150.11,132.2788,0.1889,-10000,21137198,0,unknown,M,5,0,Common Stock,D,4,0001127602-22-023939,,https://www.sec.gov/Archives/edgar/data/1682852/000112760222023939/form4.xml
MRNA,1682852,Stéphane Bancel,1443340,2022-10-07,2022-10-06,S,sale,50000,6235136.47,124.7027,0.2359,-10000,21147198,,unknown,M,4,0,Common Stock,DI,4,0001127602-22-023800,,https://www.sec.gov/Archives/edgar/data/1682852/000112760222023800/form4.xml
MRNA,1682852,Stéphane Bancel,1443340,2022-10-07,2022-10-05,S,sale,40000,4970986.15,124.2747,0.1888,-10000,21147198,0,unknown,M,5,0,Common Stock,D,4,0001127602-22-023800,,https://www.sec.gov/Archives/edgar/data/1682852/000112760222023800/form4.xml
MRNA,1682852,Stéphane Bancel,1443340,2022-09-30,2022-09-29,S,sale,50000,5869211.60,117.3842,0.2358,-10000,21157198,,unknown,M,5,0,Common Stock,DI,4,0001127602-22-023122,,https://www.sec.gov/Archives/edgar/data/1682852/000112760222023122/form4.xml
MRNA,1682852,Stéphane Bancel,1443340,2022-09-30,2022-09-28,S,sale,40000,4922356.57,123.0589,0.1887,-10000,21157198,0,unknown,M,3,0,Common Stock,D,4,0001127602-22-023122,,https://www.sec.gov/Archives/edgar/data/1682852/000112760222023122/form4.xml
MRNA,1682852,Stéphane Bancel,1443340,2022-09-23,2022-09-22,S,sale,50000,6232177.68,124.6436,0.2357,-10000,21167198,,unknown,M,4,0,Common Stock,DI,4,0001127602-22-022898,,https://www.sec.gov/Archives/edgar/data/1682852/000112760222022898/form4.xml
MRNA,1682852,Stéphane Bancel,1443340,2022-09-23,2022-09-21,S,sale,40000,5162423.59,129.0606,0.1886,-10000,21167198,0,unknown,M,6,0,Common Stock,D,4,0001127602-22-022898,,https://www.sec.gov/Archives/edgar/data/1682852/000112760222022898/form4.xml
MRNA,1682852,Stéphane Bancel,1443340,2022-09-16,2022-09-15,S,sale,50000,6870657.83,137.4132,0.2355,-10000,21177198,,unknown,M,4,0,Common Stock,DI,4,0001127602-22-022542,,https://www.sec.gov/Archives/edgar/data/1682852/000112760222022542/form4.xml
MRNA,1682852,Stéphane Bancel,1443340,2022-09-16,2022-09-14,S,sale,40000,5552943.62,138.8236,0.1885,-10000,21177198,0,unknown,M,5,0,Common Stock,D,4,0001127602-22-022542,,https://www.sec.gov/Archives/edgar/data/1682852/000112760222022542/form4.xml
MRNA,1682852,Stéphane Bancel,1443340,2022-09-09,2022-09-08,S,sale,50000,6968702.12,139.3740,0.2354,-10000,21187198,,unknown,M,6,0,Common Stock,DI,4,0001127602-22-022250,,https://www.sec.gov/Archives/edgar/data/1682852/000112760222022250/form4.xml
MRNA,1682852,Stéphane Bancel,1443340,2022-09-09,2022-09-07,S,sale,40000,5347235.77,133.6809,0.1884,-10000,21187198,0,unknown,M,3,0,Common Stock,D,4,0001127602-22-022250,,https://www.sec.gov/Archives/edgar/data/1682852/000112760222022250/form4.xml
MRNA,1682852,Stéphane Bancel,1443340,2022-09-02,2022-09-01,S,sale,50000,6655045.00,133.1009,0.2353,-10000,21197198,,unknown,M,4,0,Common Stock,DI,4,0001127602-22-021994,,https://www.sec.gov/Archives/edgar/data/1682852/000112760222021994/form4.xml
MRNA,1682852,Stéphane Bancel,1443340,2022-09-02,2022-08-31,S,sale,40000,5353444.21,133.8361,0.1883,-10000,21197198,0,unknown,M,6,0,Common Stock,D,4,0001127602-22-021994,,https://www.sec.gov/Archives/edgar/data/1682852/000112760222021994/form4.xml
MRNA,1682852,Stéphane Bancel,1443340,2022-08-26,2022-08-25,S,sale,50000,7033390.50,140.6678,0.2352,-10000,21207198,,unknown,M,6,0,Common Stock,DI,4,0001127602-22-021618,,https://www.sec.gov/Archives/edgar/data/1682852/000112760222021618/form4.xml
MRNA,1682852,Stéphane Bancel,1443340,2022-08-26,2022-08-24,S,sale,40000,5688389.25,142.2097,0.1883,-10000,21207198,0,unknown,M,3,0,Common Stock,D,4,0001127602-22-021618,,https://www.sec.gov/Archives/edgar/data/1682852/000112760222021618/form4.xml
MRNA,1682852,Stéphane Bancel,1443340,2022-08-19,2022-08-18,S,sale,50000,7607402.90,152.1481,0.2351,-10000,21217198,,unknown,M,7,0,Common Stock,DI,4,0001127602-22-021390,,https://www.sec.gov/Archives/edgar/data/1682852/000112760222021390/form4.xml
MRNA,1682852,Stéphane Bancel,1443340,2022-08-19,2022-08-17,S,sale,40000,6361170.49,159.0293,0.1882,-10000,21217198,0,unknown,M,5,0,Common Stock,D,4,0001127602-22-021390,,https://www.sec.gov/Archives/edgar/data/1682852/000112760222021390/form4.xml
MRNA,1682852,Stéphane Bancel,1443340,2022-08-12,2022-08-11,S,sale,50000,8717250.89,174.3450,0.2350,-10000,21227198,,unknown,M,10,0,Common Stock,DI,4,0001127602-22-020880,,https://www.sec.gov/Archives/edgar/data/1682852/000112760222020880/form4.xml
MRNA,1682852,Stéphane Bancel,1443340,2022-08-12,2022-08-10,S,sale,40000,6891576.01,172.2894,0.1881,-10000,21227198,0,unknown,M,5,0,Common Stock,D,4,0001127602-22-020880,,https://www.sec.gov/Archives/edgar/data/1682852/000112760222020880/form4.xml
MRNA,1682852,Stéphane Bancel,1443340,2022-08-05,2022-08-04,S,sale,50000,9575001.00,191.5000,0.2349,-10000,21237198,,unknown,M,7,0,Common Stock,DI,4,0001127602-22-020587,,https://www.sec.gov/Archives/edgar/data/1682852/000112760222020587/form4.xml
MRNA,1682852,Stéphane Bancel,1443340,2022-08-05,2022-08-03,S,sale,40000,7471776.25,186.7944,0.1880,-10000,21237198,0,unknown,M,6,0,Common Stock,D,4,0001127602-22-020587,,https://www.sec.gov/Archives/edgar/data/1682852/000112760222020587/form4.xml
MRNA,1682852,Stéphane Bancel,1443340,2022-07-29,2022-07-28,S,sale,50000,7839396.94,156.7879,0.2348,-10000,21247198,,unknown,M,8,0,Common Stock,DI,4,0001127602-22-019932,,https://www.sec.gov/Archives/edgar/data/1682852/000112760222019932/form4.xml
MRNA,1682852,Stéphane Bancel,1443340,2022-07-29,2022-07-27,S,sale,40000,6252642.21,156.3161,0.1879,-10000,21247198,0,unknown,M,5,0,Common Stock,D,4,0001127602-22-019932,,https://www.sec.gov/Archives/edgar/data/1682852/000112760222019932/form4.xml
MRNA,1682852,Stéphane Bancel,1443340,2022-07-22,2022-07-21,S,sale,50000,8377817.52,167.5564,0.2347,-10000,21257198,,unknown,M,6,0,Common Stock,DI,4,0001127602-22-019667,,https://www.sec.gov/Archives/edgar/data/1682852/000112760222019667/form4.xml
MRNA,1682852,Stéphane Bancel,1443340,2022-07-22,2022-07-20,S,sale,40000,6676905.94,166.9226,0.1878,-10000,21257198,0,unknown,M,7,0,Common Stock,D,4,0001127602-22-019667,,https://www.sec.gov/Archives/edgar/data/1682852/000112760222019667/form4.xml
MRNA,1682852,Stéphane Bancel,1443340,2022-07-15,2022-07-14,S,sale,50000,8115690.02,162.3138,0.2346,-10000,21267198,,unknown,M,10,0,Common Stock,DI,4,0001127602-22-019350,,https://www.sec.gov/Archives/edgar/data/1682852/000112760222019350/form4.xml
MRNA,1682852,Stéphane Bancel,1443340,2022-07-15,2022-07-13,S,sale,40000,6907792.44,172.6948,0.1877,-10000,21267198,0,unknown,M,6,0,Common Stock,D,4,0001127602-22-019350,,https://www.sec.gov/Archives/edgar/data/1682852/000112760222019350/form4.xml
MRNA,1682852,Stéphane Bancel,1443340,2022-07-08,2022-07-07,S,sale,50000,8435378.97,168.7076,0.2344,-10000,21277198,,unknown,M,6,0,Common Stock,DI,4,0001127602-22-019121,,https://www.sec.gov/Archives/edgar/data/1682852/000112760222019121/form4.xml
MRNA,1682852,Stéphane Bancel,1443340,2022-07-08,2022-07-06,S,sale,40000,6285981.02,157.1495,0.1876,-10000,21277198,0,unknown,M,6,0,Common Stock,D,4,0001127602-22-019121,,https://www.sec.gov/Archives/edgar/data/1682852/000112760222019121/form4.xml
MRNA,1682852,Stéphane Bancel,1443340,2022-07-01,2022-06-30,S,sale,50000,7162547.07,143.2509,0.2343,-10000,21287198,,unknown,M,12,0,Common Stock,DI,4,0001127602-22-018497,,https://www.sec.gov/Archives/edgar/data/1682852/000112760222018497/form4.xml
MRNA,1682852,Stéphane Bancel,1443340,2022-07-01,2022-06-29,S,sale,40000,5698798.17,142.4700,0.1876,-10000,21287198,0,unknown,M,5,0,Common Stock,D,4,0001127602-22-018497,,https://www.sec.gov/Archives/edgar/data/1682852/000112760222018497/form4.xml
MRNA,1682852,Stéphane Bancel,1443340,2022-06-24,2022-06-23,S,sale,50000,6991557.44,139.8311,0.2342,-10000,21297198,,unknown,M,9,0,Common Stock,DI,4,0001127602-22-018120,,https://www.sec.gov/Archives/edgar/data/1682852/000112760222018120/form4.xml
MRNA,1682852,Stéphane Bancel,1443340,2022-06-24,2022-06-22,S,sale,40000,5463322.68,136.5831,0.1875,-10000,21297198,0,unknown,M,6,0,Common Stock,D,4,0001127602-22-018120,,https://www.sec.gov/Archives/edgar/data/1682852/000112760222018120/form4.xml
MRNA,1682852,Stéphane Bancel,1443340,2022-06-17,2022-06-16,S,sale,50000,6036781.80,120.7356,0.2341,-10000,21307198,,unknown,M,4,0,Common Stock,DI,4,0001127602-22-017762,,https://www.sec.gov/Archives/edgar/data/1682852/000112760222017762/form4.xml
MRNA,1682852,Stéphane Bancel,1443340,2022-06-17,2022-06-15,S,sale,40000,5126348.04,128.1587,0.1874,-10000,21307198,0,unknown,M,7,0,Common Stock,D,4,0001127602-22-017762,,https://www.sec.gov/Archives/edgar/data/1682852/000112760222017762/form4.xml
MRNA,1682852,Stéphane Bancel,1443340,2022-06-10,2022-06-09,S,sale,50000,6975622.02,139.5124,0.2340,-10000,21317198,,unknown,M,9,0,Common Stock,DI,4,0001127602-22-017231,,https://www.sec.gov/Archives/edgar/data/1682852/000112760222017231/form4.xml
MRNA,1682852,Stéphane Bancel,1443340,2022-06-10,2022-06-08,S,sale,40000,5985510.68,149.6378,0.1873,-10000,21317198,0,unknown,M,4,0,Common Stock,D,4,0001127602-22-017231,,https://www.sec.gov/Archives/edgar/data/1682852/000112760222017231/form4.xml
MRNA,1682852,Stéphane Bancel,1443340,2022-06-03,2022-06-02,S,sale,50000,6866901.00,137.3380,0.2339,-10000,21327198,,unknown,M,8,0,Common Stock,DI,4,0001127602-22-016631,,https://www.sec.gov/Archives/edgar/data/1682852/000112760222016631/form4.xml
MRNA,1682852,Stéphane Bancel,1443340,2022-06-03,2022-06-01,S,sale,40000,5743930.66,143.5983,0.1872,-10000,21327198,0,unknown,M,8,0,Common Stock,D,4,0001127602-22-016631,,https://www.sec.gov/Archives/edgar/data/1682852/000112760222016631/form4.xml
MRNA,1682852,Stéphane Bancel,1443340,2022-05-27,2022-05-26,S,sale,50000,6663989.82,133.2798,0.2338,-10000,21337198,,unknown,M,8,0,Common Stock,DI,4,0001127602-22-015851,,https://www.sec.gov/Archives/edgar/data/1682852/000112760222015851/form4.xml
MRNA,1682852,Stéphane Bancel,1443340,2022-05-27,2022-05-25,S,sale,40000,5134850.42,128.3713,0.1871,-10000,21337198,0,unknown,M,5,0,Common Stock,D,4,0001127602-22-015851,,https://www.sec.gov/Archives/edgar/data/1682852/000112760222015851/form4.xml
MRNA,1682852,Stéphane Bancel,1443340,2022-05-20,2022-05-19,S,sale,10000,1409600.00,140.9600,0.0468,-14000,21347198,,unknown,G,1,0,Common Stock,I,4,0001127602-22-015299,,https://www.sec.gov/Archives/edgar/data/1682852/000112760222015299/form4.xml
MRNA,1682852,Stéphane Bancel,1443340,2022-05-13,2022-05-12,S,sale,10000,1211000.00,121.1000,0.0468,-23000,21336787,,unknown,G,1,0,Common Stock,I,4,0001127602-22-014446,,https://www.sec.gov/Archives/edgar/data/1682852/000112760222014446/form4.xml
MRNA,1682852,Stéphane Bancel,1443340,2022-05-13,2022-05-11,S,sale,9000,1144164.22,127.1294,0.0422,-23000,21336787,0,unknown,G,11,0,Common Stock,D,4,0001127602-22-014446,,https://www.sec.gov/Archives/edgar/data/1682852/000112760222014446/form4.xml
MRNA,1682852,Stéphane Bancel,1443340,2022-05-06,2022-05-05,S,sale,10000,1518700.00,151.8700,0.0468,-23000,21359787,,unknown,G,1,0,Common Stock,I,4,0001127602-22-013642,,https://www.sec.gov/Archives/edgar/data/1682852/000112760222013642/form4.xml
MRNA,1682852,Stéphane Bancel,1443340,2022-05-06,2022-05-04,S,sale,9000,1325271.77,147.2524,0.0421,-23000,21359787,0,unknown,G,10,0,Common Stock,D,4,0001127602-22-013642,,https://www.sec.gov/Archives/edgar/data/1682852/000112760222013642/form4.xml
MRNA,1682852,Stéphane Bancel,1443340,2022-04-29,2022-04-28,S,sale,10000,1437300.00,143.7300,0.0467,-23000,21382787,,unknown,G,1,0,Common Stock,I,4,0001127602-22-012747,,https://www.sec.gov/Archives/edgar/data/1682852/000112760222012747/form4.xml
MRNA,1682852,Stéphane Bancel,1443340,2022-04-29,2022-04-27,S,sale,9000,1279300.92,142.1445,0.0421,-23000,21382787,0,unknown,G,6,0,Common Stock,D,4,0001127602-22-012747,,https://www.sec.gov/Archives/edgar/data/1682852/000112760222012747/form4.xml
MRNA,1682852,Stéphane Bancel,1443340,2022-04-22,2022-04-21,S,sale,10000,1494300.00,149.4300,0.0467,-31872,21405787,,unknown,G,1,0,Common Stock,I,4,0001127602-22-012407,,https://www.sec.gov/Archives/edgar/data/1682852/000112760222012407/form4.xml
MRNA,1682852,Stéphane Bancel,1443340,2022-04-22,2022-04-20,S,sale,9000,1355281.49,150.5868,,-31872,21405787,-8872,unknown,G,5,0,Common Stock,D,4,0001127602-22-012407,,https://www.sec.gov/Archives/edgar/data/1682852/000112760222012407/form4.xml
MRNA,1682852,Stéphane Bancel,1443340,2022-04-15,2022-04-14,S,sale,10000,1685900.00,168.5900,0.0466,-14128,21437659,,unknown,G,1,0,Common Stock,I,4,0001127602-22-011990,,https://www.sec.gov/Archives/edgar/data/1682852/000112760222011990/form4.xml
MRNA,1682852,Stéphane Bancel,1443340,2022-04-15,2022-04-13,S,sale,9000,1532346.96,170.2608,,-14128,21437659,8872,unknown,G,7,0,Common Stock,D,4,0001127602-22-011990,,https://www.sec.gov/Archives/edgar/data/1682852/000112760222011990/form4.xml
MRNA,1682852,Stéphane Bancel,1443340,2022-04-08,2022-04-07,S,sale,10000,1531500.00,153.1500,0.0466,-23000,21451787,,unknown,G,1,0,Common Stock,I,4,0001127602-22-011764,,https://www.sec.gov/Archives/edgar/data/1682852/000112760222011764/form4.xml
MRNA,1682852,Stéphane Bancel,1443340,2022-04-08,2022-04-06,S,sale,9000,1428292.00,158.6991,0.0419,-23000,21451787,0,unknown,G,3,0,Common Stock,D,4,0001127602-22-011764,,https://www.sec.gov/Archives/edgar/data/1682852/000112760222011764/form4.xml
MRNA,1682852,Stéphane Bancel,1443340,2022-04-01,2022-03-31,S,sale,10000,1752200.00,175.2200,0.0465,-23000,21474787,,unknown,G,1,0,Common Stock,I,4,0001127602-22-010824,,https://www.sec.gov/Archives/edgar/data/1682852/000112760222010824/form4.xml
MRNA,1682852,Stéphane Bancel,1443340,2022-04-01,2022-03-30,S,sale,9000,1591444.85,176.8272,0.0419,-23000,21474787,0,unknown,G,10,0,Common Stock,D,4,0001127602-22-010824,,https://www.sec.gov/Archives/edgar/data/1682852/000112760222010824/form4.xml
MRNA,1682852,Stéphane Bancel,1443340,2022-03-25,2022-03-24,S,sale,10000,1755200.00,175.5200,0.0465,-23000,21497787,,unknown,G,1,0,Common Stock,I,4,0001127602-22-010383,,https://www.sec.gov/Archives/edgar/data/1682852/000112760222010383/form4.xml
MRNA,1682852,Stéphane Bancel,1443340,2022-03-25,2022-03-23,S,sale,9000,1621338.77,180.1488,0.0418,-23000,21497787,0,unknown,G,7,0,Common Stock,D,4,0001127602-22-010383,,https://www.sec.gov/Archives/edgar/data/1682852/000112760222010383/form4.xml
MRNA,1682852,Stéphane Bancel,1443340,2022-03-18,2022-03-17,S,sale,10000,1680000.00,168.0000,0.0464,-23000,21520787,,unknown,G,1,0,Common Stock,I,4,0001127602-22-009948,,https://www.sec.gov/Archives/edgar/data/1682852/000112760222009948/form4.xml
MRNA,1682852,Stéphane Bancel,1443340,2022-03-18,2022-03-16,S,sale,9000,1454688.10,161.6320,0.0418,-23000,21520787,0,unknown,G,16,0,Common Stock,D,4,0001127602-22-009948,,https://www.sec.gov/Archives/edgar/data/1682852/000112760222009948/form4.xml
MRNA,1682852,Stéphane Bancel,1443340,2022-03-11,2022-03-10,S,sale,10000,1395400.00,139.5400,0.0464,-23000,21543787,,unknown,G,1,0,Common Stock,I,4,0001127602-22-009016,,https://www.sec.gov/Archives/edgar/data/1682852/000112760222009016/form4.xml
MRNA,1682852,Stéphane Bancel,1443340,2022-03-11,2022-03-09,S,sale,9000,1188450.00,132.0500,0.0418,-23000,21543787,0,unknown,G,1,0,Common Stock,D,4,0001127602-22-009016,,https://www.sec.gov/Archives/edgar/data/1682852/000112760222009016/form4.xml
MRNA,1682852,Stéphane Bancel,1443340,2022-03-04,2022-03-03,S,sale,10000,1479000.00,147.9000,0.0463,-10000,21566787,0,unknown,,1,0,Common Stock,I,4,0001127602-22-008257,,https://www.sec.gov/Archives/edgar/data/1682852/000112760222008257/form4.xml
MRNA,1682852,Stéphane Bancel,1443340,2022-03-03,2022-03-02,S,sale,9000,1344960.00,149.4400,0.0417,-163000,21576787,,unknown,G,1,0,Common Stock,D,4,0001127602-22-008019,,https://www.sec.gov/Archives/edgar/data/1682852/000112760222008019/form4.xml
MRNA,1682852,Stéphane Bancel,1443340,2022-02-25,2022-02-24,S,sale,10000,1398000.00,139.8000,0.0460,-23000,21739787,,unknown,G,1,0,Common Stock,I,4,0001127602-22-006815,,https://www.sec.gov/Archives/edgar/data/1682852/000112760222006815/form4.xml
MRNA,1682852,Stéphane Bancel,1443340,2022-02-25,2022-02-23,S,sale,9000,1301400.00,144.6000,0.0414,-23000,21739787,0,unknown,G,1,0,Common Stock,D,4,0001127602-22-006815,,https://www.sec.gov/Archives/edgar/data/1682852/000112760222006815/form4.xml
MRNA,1682852,Stéphane Bancel,1443340,2022-02-18,2022-02-17,S,sale,10000,1504900.00,150.4900,0.0459,-23000,21762787,,unknown,G,1,0,Common Stock,I,4,0001127602-22-005768,,https://www.sec.gov/Archives/edgar/data/1682852/000112760222005768/form4.xml
MRNA,1682852,Stéphane Bancel,1443340,2022-02-18,2022-02-16,S,sale,9000,1330200.00,147.8000,0.0413,-23000,21762787,0,unknown,G,1,0,Common Stock,D,4,0001127602-22-005768,,https://www.sec.gov/Archives/edgar/data/1682852/000112760222005768/form4.xml
MRNA,1682852,Stéphane Bancel,1443340,2022-02-11,2022-02-10,S,sale,10000,1580500.00,158.0500,0.0459,-23000,21785787,,unknown,G,1,0,Common Stock,I,4,0001127602-22-004563,,https://www.sec.gov/Archives/edgar/data/1682852/000112760222004563/form4.xml
MRNA,1682852,Stéphane Bancel,1443340,2022-02-11,2022-02-09,S,sale,9000,1388340.00,154.2600,0.0413,-23000,21785787,0,unknown,G,1,0,Common Stock,D,4,0001127602-22-004563,,https://www.sec.gov/Archives/edgar/data/1682852/000112760222004563/form4.xml
MRNA,1682852,Stéphane Bancel,1443340,2022-02-04,2022-02-03,S,sale,10000,1650000.00,165.0000,0.0458,-23000,21808787,,unknown,G,1,0,Common Stock,I,4,0001127602-22-003346,,https://www.sec.gov/Archives/edgar/data/1682852/000112760222003346/form4.xml
MRNA,1682852,Stéphane Bancel,1443340,2022-02-04,2022-02-02,S,sale,9000,1538010.00,170.8900,0.0413,-23000,21808787,0,unknown,G,1,0,Common Stock,D,4,0001127602-22-003346,,https://www.sec.gov/Archives/edgar/data/1682852/000112760222003346/form4.xml
MRNA,1682852,Stéphane Bancel,1443340,2022-01-28,2022-01-27,S,sale,10000,1573400.00,157.3400,0.0458,-23000,21831787,,unknown,G,1,0,Common Stock,I,4,0001127602-22-002423,,https://www.sec.gov/Archives/edgar/data/1682852/000112760222002423/form4.xml
MRNA,1682852,Stéphane Bancel,1443340,2022-01-28,2022-01-26,S,sale,9000,1422000.00,158.0000,0.0412,-23000,21831787,0,unknown,G,1,0,Common Stock,D,4,0001127602-22-002423,,https://www.sec.gov/Archives/edgar/data/1682852/000112760222002423/form4.xml
MRNA,1682852,Stéphane Bancel,1443340,2022-01-21,2022-01-20,S,sale,10000,1750100.00,175.0100,0.0457,-23000,21854787,,unknown,G,1,0,Common Stock,I,4,0001127602-22-001848,,https://www.sec.gov/Archives/edgar/data/1682852/000112760222001848/form4.xml
MRNA,1682852,Stéphane Bancel,1443340,2022-01-21,2022-01-19,S,sale,9000,1696950.00,188.5500,0.0412,-23000,21854787,0,unknown,G,1,0,Common Stock,D,4,0001127602-22-001848,,https://www.sec.gov/Archives/edgar/data/1682852/000112760222001848/form4.xml
MRNA,1682852,Stéphane Bancel,1443340,2022-01-14,2022-01-13,S,sale,10000,2195600.00,219.5600,0.0457,-23000,21877787,,unknown,G,1,0,Common Stock,I,4,0001127602-22-001518,,https://www.sec.gov/Archives/edgar/data/1682852/000112760222001518/form4.xml
MRNA,1682852,Stéphane Bancel,1443340,2022-01-14,2022-01-12,S,sale,9000,1980090.00,220.0100,0.0411,-23000,21877787,0,unknown,G,1,0,Common Stock,D,4,0001127602-22-001518,,https://www.sec.gov/Archives/edgar/data/1682852/000112760222001518/form4.xml
MRNA,1682852,Stéphane Bancel,1443340,2022-01-07,2022-01-06,S,sale,10000,2153300.00,215.3300,0.0456,-23000,21900787,,unknown,G,1,0,Common Stock,I,4,0001127602-22-001143,,https://www.sec.gov/Archives/edgar/data/1682852/000112760222001143/form4.xml
MRNA,1682852,Stéphane Bancel,1443340,2022-01-07,2022-01-05,S,sale,9000,2088900.00,232.1000,0.0411,-23000,21900787,0,unknown,G,1,0,Common Stock,D,4,0001127602-22-001143,,https://www.sec.gov/Archives/edgar/data/1682852/000112760222001143/form4.xml
MRNA,1682852,Stéphane Bancel,1443340,2022-01-03,2021-12-30,S,sale,10000,2434200.00,243.4200,0.0456,-10000,21923787,0,unknown,,1,0,Common Stock,I,4,0001127602-22-000103,,https://www.sec.gov/Archives/edgar/data/1682852/000112760222000103/form4.xml
MRNA,1682852,Stéphane Bancel,1443340,2021-12-30,2021-12-29,S,sale,9000,2160000.00,240.0000,0.0410,-13000,21933787,0,unknown,G,1,0,Common Stock,D,4,0001127602-21-032070,,https://www.sec.gov/Archives/edgar/data/1682852/000112760221032070/form4.xml
MRNA,1682852,Stéphane Bancel,1443340,2021-12-27,2021-12-23,S,sale,10000,2504100.00,250.4100,0.0455,-10000,21946787,0,unknown,,1,0,Common Stock,I,4,0001127602-21-031923,,https://www.sec.gov/Archives/edgar/data/1682852/000112760221031923/form4.xml
MRNA,1682852,Stéphane Bancel,1443340,2021-12-23,2021-12-22,S,sale,9000,2378340.00,264.2600,0.0410,-13000,21956787,0,unknown,G,1,0,Common Stock,D,4,0001127602-21-031838,,https://www.sec.gov/Archives/edgar/data/1682852/000112760221031838/form4.xml
MRNA,1682852,Stéphane Bancel,1443340,2021-12-17,2021-12-16,S,sale,10000,2842000.00,284.2000,0.0455,-23000,21969787,,unknown,G,1,0,Common Stock,I,4,0001127602-21-031360,,https://www.sec.gov/Archives/edgar/data/1682852/000112760221031360/form4.xml
MRNA,1682852,Stéphane Bancel,1443340,2021-12-17,2021-12-15,S,sale,9000,2448990.00,272.1100,0.0409,-23000,21969787,0,unknown,G,1,0,Common Stock,D,4,0001127602-21-031360,,https://www.sec.gov/Archives/edgar/data/1682852/000112760221031360/form4.xml
MRNA,1682852,Stéphane Bancel,1443340,2021-12-10,2021-12-09,S,sale,10000,2851900.00,285.1900,0.0454,-23000,21992787,,unknown,G,1,0,Common Stock,I,4,0001127602-21-030719,,https://www.sec.gov/Archives/edgar/data/1682852/000112760221030719/form4.xml
MRNA,1682852,Stéphane Bancel,1443340,2021-12-10,2021-12-08,S,sale,9000,2541150.00,282.3500,0.0409,-23000,21992787,0,unknown,G,1,0,Common Stock,D,4,0001127602-21-030719,,https://www.sec.gov/Archives/edgar/data/1682852/000112760221030719/form4.xml
MRNA,1682852,Stéphane Bancel,1443340,2021-12-03,2021-12-02,S,sale,10000,3012900.00,301.2900,0.0454,-123000,22015787,,unknown,G,1,0,Common Stock,I,4,0001127602-21-030263,,https://www.sec.gov/Archives/edgar/data/1682852/000112760221030263/form4.xml
MRNA,1682852,Stéphane Bancel,1443340,2021-12-03,2021-12-01,S,sale,9000,2969190.00,329.9100,0.0409,-123000,22015787,0,unknown,G,1,0,Common Stock,D,4,0001127602-21-030263,,https://www.sec.gov/Archives/edgar/data/1682852/000112760221030263/form4.xml
MRNA,1682852,Stéphane Bancel,1443340,2021-11-30,2021-11-26,S,sale,10000,3196200.00,319.6200,0.0451,6667,22138787,0,unknown,,1,0,Common Stock,I,4,0001127602-21-029862,,https://www.sec.gov/Archives/edgar/data/1682852/000112760221029862/form4.xml
MRNA,1682852,Stéphane Bancel,1443340,2021-11-26,2021-11-24,S,sale,9000,2457090.00,273.0100,0.0406,-13000,22132120,0,unknown,G,1,0,Common Stock,D,4,0000899243-21-046135,,https://www.sec.gov/Archives/edgar/data/1682852/000089924321046135/doc4.xml
MRNA,1682852,Stéphane Bancel,1443340,2021-11-19,2021-11-18,S,sale,10000,2458900.00,245.8900,0.0451,-23000,22145120,,unknown,G,1,0,Common Stock,I,4,0001127602-21-029681,,https://www.sec.gov/Archives/edgar/data/1682852/000112760221029681/form4.xml
MRNA,1682852,Stéphane Bancel,1443340,2021-11-19,2021-11-17,S,sale,9000,2111130.00,234.5700,0.0406,-23000,22145120,0,unknown,G,1,0,Common Stock,D,4,0001127602-21-029681,,https://www.sec.gov/Archives/edgar/data/1682852/000112760221029681/form4.xml
MRNA,1682852,Stéphane Bancel,1443340,2021-11-12,2021-11-11,S,sale,10000,2276700.00,227.6700,0.0451,-53000,22168120,,unknown,G,1,0,Common Stock,I,4,0001127602-21-028956,,https://www.sec.gov/Archives/edgar/data/1682852/000112760221028956/form4.xml
MRNA,1682852,Stéphane Bancel,1443340,2021-11-12,2021-11-10,S,sale,9000,2070000.00,230.0000,0.0406,-53000,22168120,0,unknown,G,1,0,Common Stock,D,4,0001127602-21-028956,,https://www.sec.gov/Archives/edgar/data/1682852/000112760221028956/form4.xml
MRNA,1682852,Stéphane Bancel,1443340,2021-11-05,2021-11-04,S,sale,10000,2955000.00,295.5000,0.0450,-23000,22221120,,unknown,G,1,0,Common Stock,I,4,0001127602-21-028495,,https://www.sec.gov/Archives/edgar/data/1682852/000112760221028495/form4.xml
MRNA,1682852,Stéphane Bancel,1443340,2021-11-05,2021-11-03,S,sale,9000,3150000.00,350.0000,0.0405,-23000,22221120,0,unknown,G,1,0,Common Stock,D,4,0001127602-21-028495,,https://www.sec.gov/Archives/edgar/data/1682852/000112760221028495/form4.xml
MRNA,1682852,Stéphane Bancel,1443340,2021-10-29,2021-10-28,S,sale,10000,3437400.00,343.7400,0.0449,-23000,22244120,,unknown,G,1,0,Common Stock,I,4,0001127602-21-027824,,https://www.sec.gov/Archives/edgar/data/1682852/000112760221027824/form4.xml
MRNA,1682852,Stéphane Bancel,1443340,2021-10-29,2021-10-27,S,sale,9000,3098250.00,344.2500,0.0404,-23000,22244120,0,unknown,G,1,0,Common Stock,D,4,0001127602-21-027824,,https://www.sec.gov/Archives/edgar/data/1682852/000112760221027824/form4.xml
MRNA,1682852,Stéphane Bancel,1443340,2021-10-22,2021-10-21,S,sale,10000,3370000.00,337.0000,0.0449,-23000,22267120,,unknown,G,1,0,Common Stock,I,4,0001127602-21-027498,,https://www.sec.gov/Archives/edgar/data/1682852/000112760221027498/form4.xml
MRNA,1682852,Stéphane Bancel,1443340,2021-10-22,2021-10-20,S,sale,9000,3005100.00,333.9000,0.0404,-23000,22267120,0,unknown,G,1,0,Common Stock,D,4,0001127602-21-027498,,https://www.sec.gov/Archives/edgar/data/1682852/000112760221027498/form4.xml
MRNA,1682852,Stéphane Bancel,1443340,2021-10-15,2021-10-14,S,sale,10000,3290000.00,329.0000,0.0448,-23000,22290120,,unknown,G,1,0,Common Stock,I,4,0001127602-21-027124,,https://www.sec.gov/Archives/edgar/data/1682852/000112760221027124/form4.xml
MRNA,1682852,Stéphane Bancel,1443340,2021-10-15,2021-10-13,S,sale,9000,2834100.00,314.9000,0.0404,-23000,22290120,0,unknown,G,1,0,Common Stock,D,4,0001127602-21-027124,,https://www.sec.gov/Archives/edgar/data/1682852/000112760221027124/form4.xml
MRNA,1682852,Stéphane Bancel,1443340,2021-10-08,2021-10-07,S,sale,10000,2950000.00,295.0000,0.0448,-23000,22313120,,unknown,G,1,0,Common Stock,I,4,0001127602-21-026853,,https://www.sec.gov/Archives/edgar/data/1682852/000112760221026853/form4.xml
MRNA,1682852,Stéphane Bancel,1443340,2021-10-08,2021-10-06,S,sale,9000,2864070.00,318.2300,0.0403,-23000,22313120,0,unknown,G,1,0,Common Stock,D,4,0001127602-21-026853,,https://www.sec.gov/Archives/edgar/data/1682852/000112760221026853/form4.xml
MRNA,1682852,Stéphane Bancel,1443340,2021-10-01,2021-09-30,S,sale,10000,3818200.00,381.8200,0.0448,-23000,22336120,,unknown,G,1,0,Common Stock,I,4,0001127602-21-026122,,https://www.sec.gov/Archives/edgar/data/1682852/000112760221026122/form4.xml
MRNA,1682852,Stéphane Bancel,1443340,2021-10-01,2021-09-29,S,sale,9000,3540960.00,393.4400,0.0403,-23000,22336120,0,unknown,G,1,0,Common Stock,D,4,0001127602-21-026122,,https://www.sec.gov/Archives/edgar/data/1682852/000112760221026122/form4.xml
MRNA,1682852,Stéphane Bancel,1443340,2021-09-24,2021-09-23,S,sale,10000,4394500.00,439.4500,0.0447,-23000,22359120,,unknown,G,1,0,Common Stock,I,4,0001127602-21-025813,,https://www.sec.gov/Archives/edgar/data/1682852/000112760221025813/form4.xml
MRNA,1682852,Stéphane Bancel,1443340,2021-09-24,2021-09-22,S,sale,9000,3897000.00,433.0000,0.0402,-23000,22359120,0,unknown,G,1,0,Common Stock,D,4,0001127602-21-025813,,https://www.sec.gov/Archives/edgar/data/1682852/000112760221025813/form4.xml
MRNA,1682852,Stéphane Bancel,1443340,2021-09-17,2021-09-16,S,sale,10000,4313000.00,431.3000,0.0447,-23000,22382120,,unknown,G,1,0,Common Stock,I,4,0001127602-21-025515,,https://www.sec.gov/Archives/edgar/data/1682852/000112760221025515/form4.xml
MRNA,1682852,Stéphane Bancel,1443340,2021-09-17,2021-09-15,S,sale,9000,3844170.00,427.1300,0.0402,-23000,22382120,0,unknown,G,1,0,Common Stock,D,4,0001127602-21-025515,,https://www.sec.gov/Archives/edgar/data/1682852/000112760221025515/form4.xml
MRNA,1682852,Stéphane Bancel,1443340,2021-09-10,2021-09-09,S,sale,10000,4299900.00,429.9900,0.0446,-23000,22405120,,unknown,G,1,0,Common Stock,I,4,0001127602-21-025123,,https://www.sec.gov/Archives/edgar/data/1682852/000112760221025123/form4.xml
MRNA,1682852,Stéphane Bancel,1443340,2021-09-10,2021-09-08,S,sale,9000,3903480.00,433.7200,0.0402,-23000,22405120,0,unknown,G,1,0,Common Stock,D,4,0001127602-21-025123,,https://www.sec.gov/Archives/edgar/data/1682852/000112760221025123/form4.xml
MRNA,1682852,Stéphane Bancel,1443340,2021-09-03,2021-09-02,S,sale,10000,3931300.00,393.1300,0.0446,-23000,22428120,,unknown,G,1,0,Common Stock,I,4,0001127602-21-024850,,https://www.sec.gov/Archives/edgar/data/1682852/000112760221024850/form4.xml
MRNA,1682852,Stéphane Bancel,1443340,2021-09-03,2021-09-01,S,sale,9000,3436380.00,381.8200,0.0401,-23000,22428120,0,unknown,G,1,0,Common Stock,D,4,0001127602-21-024850,,https://www.sec.gov/Archives/edgar/data/1682852/000112760221024850/form4.xml
MRNA,1682852,Stéphane Bancel,1443340,2021-08-27,2021-08-26,S,sale,10000,3954500.00,395.4500,0.0445,-23000,22451120,,unknown,G,1,0,Common Stock,I,4,0001127602-21-024418,,https://www.sec.gov/Archives/edgar/data/1682852/000112760221024418/form4.xml
MRNA,1682852,Stéphane Bancel,1443340,2021-08-27,2021-08-25,S,sale,9000,3524310.00,391.5900,0.0401,-23000,22451120,0,unknown,G,1,0,Common Stock,D,4,0001127602-21-024418,,https://www.sec.gov/Archives/edgar/data/1682852/000112760221024418/form4.xml
MRNA,1682852,Stéphane Bancel,1443340,2021-08-20,2021-08-19,S,sale,10000,3850000.00,385.0000,0.0445,-23000,22474120,,unknown,G,1,0,Common Stock,I,4,0001127602-21-024079,,https://www.sec.gov/Archives/edgar/data/1682852/000112760221024079/form4.xml
MRNA,1682852,Stéphane Bancel,1443340,2021-08-20,2021-08-18,S,sale,9000,3663000.00,407.0000,0.0400,-23000,22474120,0,unknown,G,1,0,Common Stock,D,4,0001127602-21-024079,,https://www.sec.gov/Archives/edgar/data/1682852/000112760221024079/form4.xml
MRNA,1682852,Stéphane Bancel,1443340,2021-08-13,2021-08-12,S,sale,10000,4000000.00,400.0000,0.0444,-23000,22497120,,unknown,G,1,0,Common Stock,I,4,0001127602-21-023649,,https://www.sec.gov/Archives/edgar/data/1682852/000112760221023649/form4.xml
MRNA,1682852,Stéphane Bancel,1443340,2021-08-13,2021-08-11,S,sale,9000,3990060.00,443.3400,0.0400,-23000,22497120,0,unknown,G,1,0,Common Stock,D,4,0001127602-21-023649,,https://www.sec.gov/Archives/edgar/data/1682852/000112760221023649/form4.xml
MRNA,1682852,Stéphane Bancel,1443340,2021-08-06,2021-08-05,S,sale,10000,4100000.00,410.0000,0.0444,-23000,22520120,,unknown,G,1,0,Common Stock,I,4,0001127602-21-023218,,https://www.sec.gov/Archives/edgar/data/1682852/000112760221023218/form4.xml
MRNA,1682852,Stéphane Bancel,1443340,2021-08-06,2021-08-04,S,sale,9000,3463650.00,384.8500,0.0399,-23000,22520120,0,unknown,G,1,0,Common Stock,D,4,0001127602-21-023218,,https://www.sec.gov/Archives/edgar/data/1682852/000112760221023218/form4.xml
MRNA,1682852,Stéphane Bancel,1443340,2021-07-30,2021-07-29,S,sale,10000,3510000.00,351.0000,0.0443,-23000,22543120,,unknown,G,1,0,Common Stock,I,4,0001127602-21-022641,,https://www.sec.gov/Archives/edgar/data/1682852/000112760221022641/form4.xml
MRNA,1682852,Stéphane Bancel,1443340,2021-07-30,2021-07-28,S,sale,9000,2996280.00,332.9200,0.0399,-23000,22543120,0,unknown,G,1,0,Common Stock,D,4,0001127602-21-022641,,https://www.sec.gov/Archives/edgar/data/1682852/000112760221022641/form4.xml
MRNA,1682852,Stéphane Bancel,1443340,2021-07-23,2021-07-22,S,sale,10000,3185000.00,318.5000,0.0443,-23000,22566120,,unknown,G,1,0,Common Stock,I,4,0001127602-21-022407,,https://www.sec.gov/Archives/edgar/data/1682852/000112760221022407/form4.xml
MRNA,1682852,Stéphane Bancel,1443340,2021-07-23,2021-07-21,S,sale,9000,2691000.00,299.0000,0.0399,-23000,22566120,0,unknown,G,1,0,Common Stock,D,4,0001127602-21-022407,,https://www.sec.gov/Archives/edgar/data/1682852/000112760221022407/form4.xml
MRNA,1682852,Stéphane Bancel,1443340,2021-07-16,2021-07-15,S,sale,10000,2466600.00,246.6600,0.0442,-21000,22589120,,unknown,G,1,0,Common Stock,I,4,0001127602-21-022034,,https://www.sec.gov/Archives/edgar/data/1682852/000112760221022034/form4.xml
MRNA,1682852,Stéphane Bancel,1443340,2021-07-16,2021-07-14,S,sale,9000,2134980.00,237.2200,0.0398,-21000,22589120,0,unknown,G,1,0,Common Stock,D,4,0001127602-21-022034,,https://www.sec.gov/Archives/edgar/data/1682852/000112760221022034/form4.xml
MRNA,1682852,Stéphane Bancel,1443340,2021-07-09,2021-07-08,S,sale,10000,2160700.00,216.0700,0.0442,-21000,22610120,,unknown,G,1,0,Common Stock,I,4,0001127602-21-021748,,https://www.sec.gov/Archives/edgar/data/1682852/000112760221021748/form4.xml
MRNA,1682852,Stéphane Bancel,1443340,2021-07-09,2021-07-07,S,sale,9000,2085840.00,231.7600,0.0398,-21000,22610120,0,unknown,G,1,0,Common Stock,D,4,0001127602-21-021748,,https://www.sec.gov/Archives/edgar/data/1682852/000112760221021748/form4.xml
MRNA,1682852,Stéphane Bancel,1443340,2021-07-02,2021-07-01,S,sale,10000,2361400.00,236.1400,0.0442,-21000,22631120,,unknown,G,1,0,Common Stock,I,4,0001127602-21-021242,,https://www.sec.gov/Archives/edgar/data/1682852/000112760221021242/form4.xml
MRNA,1682852,Stéphane Bancel,1443340,2021-07-02,2021-06-30,S,sale,9000,2133000.00,237.0000,0.0398,-21000,22631120,0,unknown,G,1,0,Common Stock,D,4,0001127602-21-021242,,https://www.sec.gov/Archives/edgar/data/1682852/000112760221021242/form4.xml
MRNA,1682852,Stéphane Bancel,1443340,2021-06-25,2021-06-24,S,sale,10000,2137800.00,213.7800,0.0441,-21000,22652120,,unknown,G,1,0,Common Stock,I,4,0001127602-21-020693,,https://www.sec.gov/Archives/edgar/data/1682852/000112760221020693/form4.xml
MRNA,1682852,Stéphane Bancel,1443340,2021-06-25,2021-06-23,S,sale,9000,1976850.00,219.6500,0.0397,-21000,22652120,0,unknown,G,1,0,Common Stock,D,4,0001127602-21-020693,,https://www.sec.gov/Archives/edgar/data/1682852/000112760221020693/form4.xml
MRNA,1682852,Stéphane Bancel,1443340,2021-06-21,2021-06-17,S,sale,10000,2000000.00,200.0000,0.0441,-21000,22673120,,unknown,G,1,0,Common Stock,I,4,0001127602-21-020441,,https://www.sec.gov/Archives/edgar/data/1682852/000112760221020441/form4.xml
MRNA,1682852,Stéphane Bancel,1443340,2021-06-21,2021-06-16,S,sale,9000,1800000.00,200.0000,0.0397,-21000,22673120,0,unknown,G,1,0,Common Stock,D,4,0001127602-21-020441,,https://www.sec.gov/Archives/edgar/data/1682852/000112760221020441/form4.xml
MRNA,1682852,Stéphane Bancel,1443340,2021-06-11,2021-06-10,S,sale,10000,2167000.00,216.7000,0.0440,-21000,22694120,,unknown,G,1,0,Common Stock,I,4,0001127602-21-019708,,https://www.sec.gov/Archives/edgar/data/1682852/000112760221019708/form4.xml
MRNA,1682852,Stéphane Bancel,1443340,2021-06-11,2021-06-09,S,sale,9000,1910700.00,212.3000,0.0396,-21000,22694120,0,unknown,G,1,0,Common Stock,D,4,0001127602-21-019708,,https://www.sec.gov/Archives/edgar/data/1682852/000112760221019708/form4.xml
MRNA,1682852,Stéphane Bancel,1443340,2021-06-04,2021-06-03,S,sale,10000,1888900.00,188.8900,0.0440,-10000,22715120,0,unknown,,1,0,Common Stock,I,4,0001127602-21-019256,,https://www.sec.gov/Archives/edgar/data/1682852/000112760221019256/form4.xml
MRNA,1682852,Stéphane Bancel,1443340,2021-06-03,2021-06-02,S,sale,9000,1655100.00,183.9000,0.0396,-22062,22725120,,unknown,G,1,0,Common Stock,D,4,0001127602-21-018994,,https://www.sec.gov/Archives/edgar/data/1682852/000112760221018994/form4.xml
MRNA,1682852,Stéphane Bancel,1443340,2021-06-03,2021-06-01,S,sale,11062,2029153.53,183.4346,0.0487,-22062,22725120,0,unknown,G,5,0,Common Stock,I,4,0001127602-21-018994,,https://www.sec.gov/Archives/edgar/data/1682852/000112760221018994/form4.xml
MRNA,1682852,Stéphane Bancel,1443340,2021-05-28,2021-05-27,S,sale,10000,1742000.00,174.2000,0.0439,-21000,22747182,,unknown,G,1,0,Common Stock,I,4,0001127602-21-018270,,https://www.sec.gov/Archives/edgar/data/1682852/000112760221018270/form4.xml
MRNA,1682852,Stéphane Bancel,1443340,2021-05-28,2021-05-26,S,sale,9000,1518300.00,168.7000,0.0395,-21000,22747182,0,unknown,G,1,0,Common Stock,D,4,0001127602-21-018270,,https://www.sec.gov/Archives/edgar/data/1682852/000112760221018270/form4.xml
MRNA,1682852,Stéphane Bancel,1443340,2021-05-25,2021-05-21,S,sale,11046,1812302.26,164.0686,0.0485,-11046,22768182,0,unknown,,7,0,Common Stock,I,4,0001127602-21-018005,,https://www.sec.gov/Archives/edgar/data/1682852/000112760221018005/form4.xml
MRNA,1682852,Stéphane Bancel,1443340,2021-05-21,2021-05-20,S,sale,10000,1599200.00,159.9200,0.0439,-21000,22779228,,unknown,G,1,0,Common Stock,I,4,0001127602-21-017778,,https://www.sec.gov/Archives/edgar/data/1682852/000112760221017778/form4.xml
MRNA,1682852,Stéphane Bancel,1443340,2021-05-21,2021-05-19,S,sale,9000,1401660.00,155.7400,0.0395,-21000,22779228,0,unknown,G,1,0,Common Stock,D,4,0001127602-21-017778,,https://www.sec.gov/Archives/edgar/data/1682852/000112760221017778/form4.xml
MRNA,1682852,Stéphane Bancel,1443340,2021-05-18,2021-05-14,S,sale,11046,1730254.47,156.6408,0.0484,-11046,22800228,0,unknown,,11,0,Common Stock,I,4,0001127602-21-017193,,https://www.sec.gov/Archives/edgar/data/1682852/000112760221017193/form4.xml
MRNA,1682852,Stéphane Bancel,1443340,2021-05-14,2021-05-13,S,sale,10000,1526000.00,152.6000,0.0438,-21000,22811274,,unknown,G,1,0,Common Stock,I,4,0001127602-21-016817,,https://www.sec.gov/Archives/edgar/data/1682852/000112760221016817/form4.xml
MRNA,1682852,Stéphane Bancel,1443340,2021-05-14,2021-05-12,S,sale,9000,1386990.00,154.1100,0.0394,-21000,22811274,0,unknown,G,1,0,Common Stock,D,4,0001127602-21-016817,,https://www.sec.gov/Archives/edgar/data/1682852/000112760221016817/form4.xml
MRNA,1682852,Stéphane Bancel,1443340,2021-05-11,2021-05-07,S,sale,11046,1809630.13,163.8267,0.0484,-11046,22832274,0,unknown,,7,0,Common Stock,I,4,0001127602-21-016218,,https://www.sec.gov/Archives/edgar/data/1682852/000112760221016218/form4.xml
MRNA,1682852,Stéphane Bancel,1443340,2021-05-07,2021-05-06,S,sale,10000,1478200.00,147.8200,0.0438,-21000,22843320,,unknown,G,1,0,Common Stock,I,4,0001127602-21-015847,,https://www.sec.gov/Archives/edgar/data/1682852/000112760221015847/form4.xml
MRNA,1682852,Stéphane Bancel,1443340,2021-05-07,2021-05-05,S,sale,9000,1605060.00,178.3400,0.0394,-21000,22843320,0,unknown,G,1,0,Common Stock,D,4,0001127602-21-015847,,https://www.sec.gov/Archives/edgar/data/1682852/000112760221015847/form4.xml
MRNA,1682852,Stéphane Bancel,1443340,2021-05-04,2021-04-30,S,sale,11046,1996061.50,180.7045,0.0483,-11046,22864320,0,unknown,,7,0,Common Stock,I,4,0001127602-21-015232,,https://www.sec.gov/Archives/edgar/data/1682852/000112760221015232/form4.xml
MRNA,1682852,Stéphane Bancel,1443340,2021-04-30,2021-04-29,S,sale,10000,1824900.00,182.4900,0.0437,-21000,22875366,,unknown,G,1,0,Common Stock,I,4,0001127602-21-014786,,https://www.sec.gov/Archives/edgar/data/1682852/000112760221014786/form4.xml
MRNA,1682852,Stéphane Bancel,1443340,2021-04-30,2021-04-28,S,sale,9000,1640880.00,182.3200,0.0393,-21000,22875366,0,unknown,G,1,0,Common Stock,D,4,0001127602-21-014786,,https://www.sec.gov/Archives/edgar/data/1682852/000112760221014786/form4.xml
MRNA,1682852,Stéphane Bancel,1443340,2021-04-27,2021-04-23,S,sale,11046,1913252.98,173.2078,0.0482,-11046,22896366,0,unknown,,6,0,Common Stock,I,4,0001127602-21-014505,,https://www.sec.gov/Archives/edgar/data/1682852/000112760221014505/form4.xml
MRNA,1682852,Stéphane Bancel,1443340,2021-04-23,2021-04-22,S,sale,10000,1682600.00,168.2600,0.0436,-21000,22907412,,unknown,G,1,0,Common Stock,I,4,0001127602-21-014338,,https://www.sec.gov/Archives/edgar/data/1682852/000112760221014338/form4.xml
MRNA,1682852,Stéphane Bancel,1443340,2021-04-23,2021-04-21,S,sale,9000,1427400.00,158.6000,0.0393,-21000,22907412,0,unknown,G,1,0,Common Stock,D,4,0001127602-21-014338,,https://www.sec.gov/Archives/edgar/data/1682852/000112760221014338/form4.xml
MRNA,1682852,Stéphane Bancel,1443340,2021-04-20,2021-04-16,S,sale,11046,1838492.84,166.4397,0.0482,-11046,22928412,0,unknown,,12,0,Common Stock,I,4,0001127602-21-014110,,https://www.sec.gov/Archives/edgar/data/1682852/000112760221014110/form4.xml
MRNA,1682852,Stéphane Bancel,1443340,2021-04-16,2021-04-15,S,sale,10000,1587600.00,158.7600,0.0436,-21000,22939458,,unknown,G,1,0,Common Stock,I,4,0001127602-21-013876,,https://www.sec.gov/Archives/edgar/data/1682852/000112760221013876/form4.xml
MRNA,1682852,Stéphane Bancel,1443340,2021-04-16,2021-04-14,S,sale,9000,1383750.00,153.7500,0.0392,-21000,22939458,0,unknown,G,1,0,Common Stock,D,4,0001127602-21-013876,,https://www.sec.gov/Archives/edgar/data/1682852/000112760221013876/form4.xml
MRNA,1682852,Stéphane Bancel,1443340,2021-04-13,2021-04-09,S,sale,11046,1556482.04,140.9091,0.0481,-11046,22960458,0,unknown,,7,0,Common Stock,I,4,0001127602-21-013691,,https://www.sec.gov/Archives/edgar/data/1682852/000112760221013691/form4.xml
MRNA,1682852,Stéphane Bancel,1443340,2021-04-09,2021-04-08,S,sale,10000,1328500.00,132.8500,0.0435,-21000,22971504,,unknown,G,1,0,Common Stock,I,4,0001127602-21-013557,,https://www.sec.gov/Archives/edgar/data/1682852/000112760221013557/form4.xml
MRNA,1682852,Stéphane Bancel,1443340,2021-04-09,2021-04-07,S,sale,9000,1184670.00,131.6300,0.0392,-21000,22971504,0,unknown,G,1,0,Common Stock,D,4,0001127602-21-013557,,https://www.sec.gov/Archives/edgar/data/1682852/000112760221013557/form4.xml
MRNA,1682852,Stéphane Bancel,1443340,2021-04-06,2021-04-05,S,sale,11046,1433417.33,129.7680,0.0480,-11046,22992504,0,unknown,,5,0,Common Stock,I,4,0001127602-21-013334,,https://www.sec.gov/Archives/edgar/data/1682852/000112760221013334/form4.xml
MRNA,1682852,Stéphane Bancel,1443340,2021-04-02,2021-04-01,S,sale,10000,1325100.00,132.5100,0.0435,-21000,23003550,,unknown,G,1,0,Common Stock,I,4,0001127602-21-012676,,https://www.sec.gov/Archives/edgar/data/1682852/000112760221012676/form4.xml
MRNA,1682852,Stéphane Bancel,1443340,2021-04-02,2021-03-31,S,sale,9000,1089900.00,121.1000,0.0391,-21000,23003550,0,unknown,G,1,0,Common Stock,D,4,0001127602-21-012676,,https://www.sec.gov/Archives/edgar/data/1682852/000112760221012676/form4.xml
MRNA,1682852,Stéphane Bancel,1443340,2021-03-30,2021-03-26,S,sale,11046,1466464.21,132.7598,0.0480,-11046,23024550,0,unknown,,7,0,Common Stock,I,4,0001127602-21-012320,,https://www.sec.gov/Archives/edgar/data/1682852/000112760221012320/form4.xml
MRNA,1682852,Stéphane Bancel,1443340,2021-03-26,2021-03-25,S,sale,10000,1268800.00,126.8800,0.0434,-21000,23035596,,unknown,G,1,0,Common Stock,I,4,0001127602-21-012109,,https://www.sec.gov/Archives/edgar/data/1682852/000112760221012109/form4.xml
MRNA,1682852,Stéphane Bancel,1443340,2021-03-26,2021-03-24,S,sale,9000,1233630.00,137.0700,0.0391,-21000,23035596,0,unknown,G,1,0,Common Stock,D,4,0001127602-21-012109,,https://www.sec.gov/Archives/edgar/data/1682852/000112760221012109/form4.xml
MRNA,1682852,Stéphane Bancel,1443340,2021-03-23,2021-03-19,S,sale,11046,1575546.82,142.6351,0.0479,-11046,23056596,0,unknown,,5,0,Common Stock,I,4,0001127602-21-011813,,https://www.sec.gov/Archives/edgar/data/1682852/000112760221011813/form4.xml
MRNA,1682852,Stéphane Bancel,1443340,2021-03-19,2021-03-18,S,sale,10000,1443900.00,144.3900,0.0433,-21000,23067642,,unknown,G,1,0,Common Stock,I,4,0001127602-21-011586,,https://www.sec.gov/Archives/edgar/data/1682852/000112760221011586/form4.xml
MRNA,1682852,Stéphane Bancel,1443340,2021-03-19,2021-03-17,S,sale,9000,1348020.00,149.7800,0.0390,-21000,23067642,0,unknown,G,1,0,Common Stock,D,4,0001127602-21-011586,,https://www.sec.gov/Archives/edgar/data/1682852/000112760221011586/form4.xml
MRNA,1682852,Stéphane Bancel,1443340,2021-03-15,2021-03-12,S,sale,11046,1499288.90,135.7314,0.0478,-11046,23088642,0,unknown,,4,0,Common Stock,I,4,0001127602-21-010594,,https://www.sec.gov/Archives/edgar/data/1682852/000112760221010594/form4.xml
MRNA,1682852,Stéphane Bancel,1443340,2021-03-12,2021-03-11,S,sale,10000,1332900.00,133.2900,0.0433,-21000,23099688,,unknown,G,1,0,Common Stock,I,4,0001127602-21-010465,,https://www.sec.gov/Archives/edgar/data/1682852/000112760221010465/form4.xml
MRNA,1682852,Stéphane Bancel,1443340,2021-03-12,2021-03-10,S,sale,9000,1199160.00,133.2400,0.0389,-21000,23099688,0,unknown,G,1,0,Common Stock,D,4,0001127602-21-010465,,https://www.sec.gov/Archives/edgar/data/1682852/000112760221010465/form4.xml
MRNA,1682852,Stéphane Bancel,1443340,2021-03-08,2021-03-05,S,sale,11046,1415857.53,128.1783,0.0478,-11046,23120688,0,unknown,,11,0,Common Stock,I,4,0001127602-21-009728,,https://www.sec.gov/Archives/edgar/data/1682852/000112760221009728/form4.xml
MRNA,1682852,Stéphane Bancel,1443340,2021-03-05,2021-03-04,S,sale,10000,1285800.00,128.5800,0.0432,-21000,23131734,,unknown,G,1,0,Common Stock,I,4,0001127602-21-009517,,https://www.sec.gov/Archives/edgar/data/1682852/000112760221009517/form4.xml
MRNA,1682852,Stéphane Bancel,1443340,2021-03-05,2021-03-03,S,sale,9000,1310400.00,145.6000,0.0389,-21000,23131734,0,unknown,G,1,0,Common Stock,D,4,0001127602-21-009517,,https://www.sec.gov/Archives/edgar/data/1682852/000112760221009517/form4.xml
MRNA,1682852,Stéphane Bancel,1443340,2021-03-01,2021-02-26,S,sale,11046,1708845.10,154.7026,0.0477,-11046,23152734,0,unknown,,8,0,Common Stock,I,4,0001127602-21-008308,,https://www.sec.gov/Archives/edgar/data/1682852/000112760221008308/form4.xml
MRNA,1682852,Stéphane Bancel,1443340,2021-02-26,2021-02-25,S,sale,10000,1508900.00,150.8900,0.0432,-20000,23163780,,unknown,G,1,0,Common Stock,I,4,0001127602-21-008118,,https://www.sec.gov/Archives/edgar/data/1682852/000112760221008118/form4.xml
MRNA,1682852,Stéphane Bancel,1443340,2021-02-26,2021-02-24,S,sale,9000,1353690.00,150.4100,0.0388,-20000,23163780,0,unknown,G,1,0,Common Stock,D,4,0001127602-21-008118,,https://www.sec.gov/Archives/edgar/data/1682852/000112760221008118/form4.xml
MRNA,1682852,Stéphane Bancel,1443340,2021-02-22,2021-02-19,S,sale,11046,1930892.72,174.8047,0.0476,-11046,23183780,0,unknown,,8,0,Common Stock,I,4,0001127602-21-007070,,https://www.sec.gov/Archives/edgar/data/1682852/000112760221007070/form4.xml
MRNA,1682852,Stéphane Bancel,1443340,2021-02-19,2021-02-18,S,sale,10000,1718000.00,171.8000,0.0431,-20000,23194826,,unknown,G,1,0,Common Stock,I,4,0001127602-21-006783,,https://www.sec.gov/Archives/edgar/data/1682852/000112760221006783/form4.xml
MRNA,1682852,Stéphane Bancel,1443340,2021-02-19,2021-02-17,S,sale,9000,1568520.00,174.2800,0.0388,-20000,23194826,0,unknown,G,1,0,Common Stock,D,4,0001127602-21-006783,,https://www.sec.gov/Archives/edgar/data/1682852/000112760221006783/form4.xml
MRNA,1682852,Stéphane Bancel,1443340,2021-02-16,2021-02-12,S,sale,11046,2010105.80,181.9759,0.0476,-11046,23214826,0,unknown,,6,0,Common Stock,I,4,0001127602-21-005910,,https://www.sec.gov/Archives/edgar/data/1682852/000112760221005910/form4.xml
MRNA,1682852,Stéphane Bancel,1443340,2021-02-12,2021-02-11,S,sale,10000,1782900.00,178.2900,0.0430,-10000,23225872,0,unknown,,1,0,Common Stock,I,4,0001127602-21-005422,,https://www.sec.gov/Archives/edgar/data/1682852/000112760221005422/form4.xml
MRNA,1682852,Stéphane Bancel,1443340,2021-02-11,2021-02-10,S,sale,9000,1644660.00,182.7400,0.0387,-10000,23235872,,unknown,G,1,0,Common Stock,D,4,0001127602-21-005294,,https://www.sec.gov/Archives/edgar/data/1682852/000112760221005294/form4.xml
MRNA,1682852,Stéphane Bancel,1443340,2021-02-08,2021-02-05,S,sale,11046,1928751.43,174.6108,0.0475,-11046,23245872,0,unknown,,6,0,Common Stock,I,4,0001127602-21-004357,,https://www.sec.gov/Archives/edgar/data/1682852/000112760221004357/form4.xml
MRNA,1682852,Stéphane Bancel,1443340,2021-02-05,2021-02-04,S,sale,10000,1664200.00,166.4200,0.0430,-20000,23256918,,unknown,G,1,0,Common Stock,I,4,0001127602-21-004178,,https://www.sec.gov/Archives/edgar/data/1682852/000112760221004178/form4.xml
MRNA,1682852,Stéphane Bancel,1443340,2021-02-05,2021-02-03,S,sale,9000,1408590.00,156.5100,0.0387,-20000,23256918,0,unknown,G,1,0,Common Stock,D,4,0001127602-21-004178,,https://www.sec.gov/Archives/edgar/data/1682852/000112760221004178/form4.xml
MRNA,1682852,Stéphane Bancel,1443340,2021-02-01,2021-01-29,S,sale,11046,1913686.81,173.2470,0.0474,-11046,23276918,0,unknown,,14,0,Common Stock,I,4,0001127602-21-003259,,https://www.sec.gov/Archives/edgar/data/1682852/000112760221003259/form4.xml
MRNA,1682852,Stéphane Bancel,1443340,2021-01-29,2021-01-28,S,sale,10000,1541100.00,154.1100,0.0429,-31046,23287964,,unknown,G,1,0,Common Stock,I,4,0001127602-21-002958,,https://www.sec.gov/Archives/edgar/data/1682852/000112760221002958/form4.xml
MRNA,1682852,Stéphane Bancel,1443340,2021-01-29,2021-01-27,S,sale,9000,1361430.00,151.2700,,-31046,23287964,-11046,unknown,G,1,0,Common Stock,D,4,0001127602-21-002958,,https://www.sec.gov/Archives/edgar/data/1682852/000112760221002958/form4.xml
MRNA,1682852,Stéphane Bancel,1443340,2021-01-25,2021-01-22,S,sale,11046,1455982.84,131.8109,0.0473,-20000,23319010,,unknown,,6,0,Common Stock,I,4,0001127602-21-002434,,https://www.sec.gov/Archives/edgar/data/1682852/000112760221002434/form4.xml
MRNA,1682852,Stéphane Bancel,1443340,2021-01-22,2021-01-21,S,sale,10000,1252800.00,125.2800,0.0429,-20000,23319010,,unknown,G,1,0,Common Stock,I,4,0001127602-21-002335,,https://www.sec.gov/Archives/edgar/data/1682852/000112760221002335/form4.xml
MRNA,1682852,Stéphane Bancel,1443340,2021-01-22,2021-01-20,S,sale,9000,1120590.00,124.5100,0.0386,-20000,23319010,0,unknown,G,1,0,Common Stock,D,4,0001127602-21-002335,,https://www.sec.gov/Archives/edgar/data/1682852/000112760221002335/form4.xml
MRNA,1682852,Stéphane Bancel,1443340,2021-01-19,2021-01-15,S,sale,11046,1441838.70,130.5304,0.0473,-11046,23339010,0,unknown,,6,0,Common Stock,I,4,0001127602-21-001958,,https://www.sec.gov/Archives/edgar/data/1682852/000112760221001958/form4.xml
MRNA,1682852,Stéphane Bancel,1443340,2021-01-15,2021-01-14,S,sale,10000,1228300.00,122.8300,0.0428,-20000,23350056,,unknown,,1,0,Common Stock,I,4,0001127602-21-001759,,https://www.sec.gov/Archives/edgar/data/1682852/000112760221001759/form4.xml
MRNA,1682852,Stéphane Bancel,1443340,2021-01-15,2021-01-13,S,sale,10000,1113300.00,111.3300,0.0428,-20000,23350056,0,unknown,,2,1,Common Stock,D,4,0001127602-21-001759,,https://www.sec.gov/Archives/edgar/data/1682852/000112760221001759/form4.xml
MRNA,1682852,Stéphane Bancel,1443340,2021-01-11,2021-01-08,S,sale,11046,1259500.06,114.0232,0.0472,-11046,23370056,0,unknown,,6,0,Common Stock,I,4,0001127602-21-001408,,https://www.sec.gov/Archives/edgar/data/1682852/000112760221001408/form4.xml
MRNA,1682852,Stéphane Bancel,1443340,2021-01-08,2021-01-07,S,sale,10000,1200000.00,120.0000,0.0428,-20000,23381102,,unknown,G,1,0,Common Stock,I,4,0001127602-21-001266,,https://www.sec.gov/Archives/edgar/data/1682852/000112760221001266/form4.xml
MRNA,1682852,Stéphane Bancel,1443340,2021-01-08,2021-01-06,S,sale,9000,998640.00,110.9600,0.0385,-20000,23381102,0,unknown,G,1,0,Common Stock,D,4,0001127602-21-001266,,https://www.sec.gov/Archives/edgar/data/1682852/000112760221001266/form4.xml
MRNA,1682852,Stéphane Bancel,1443340,2021-01-05,2021-01-04,S,sale,11046,1207964.00,109.3576,,16718390,23401102,16729436,unknown,,9,0,Common Stock,I,4,0001127602-21-000494,,https://www.sec.gov/Archives/edgar/data/1682852/000112760221000494/form4.xml
MRNA,1682852,Stéphane Bancel,1443340,2021-01-04,2020-12-31,S,sale,10000,1105500.00,110.5500,,-16739436,6682712,-16718390,unknown,,1,0,Common Stock,I,4,0001127602-21-000182,,https://www.sec.gov/Archives/edgar/data/1682852/000112760221000182/form4.xml
MRNA,1682852,Stéphane Bancel,1443340,2020-12-31,2020-12-30,S,sale,9000,1064430.00,118.2700,0.0384,-10000,23422148,0,unknown,G,1,0,Common Stock,D,4,0001127602-20-032625,,https://www.sec.gov/Archives/edgar/data/1682852/000112760220032625/form4.xml
MRNA,1682852,Stéphane Bancel,1443340,2020-12-29,2020-12-28,S,sale,11046,1286190.22,116.4395,0.0471,-11046,23432148,0,unknown,,8,0,Common Stock,I,4,0001127602-20-032477,,https://www.sec.gov/Archives/edgar/data/1682852/000112760220032477/form4.xml
MRNA,1682852,Stéphane Bancel,1443340,2020-12-28,2020-12-24,S,sale,10000,1260000.00,126.0000,0.0426,234074,23443194,,unknown,G,1,0,Common Stock,I,4,0001127602-20-032394,,https://www.sec.gov/Archives/edgar/data/1682852/000112760220032394/form4.xml
MRNA,1682852,Stéphane Bancel,1443340,2020-12-28,2020-12-23,S,sale,9000,1080000.00,120.0000,,234074,23443194,254074,unknown,G,1,0,Common Stock,D,4,0001127602-20-032394,,https://www.sec.gov/Archives/edgar/data/1682852/000112760220032394/form4.xml
MRNA,1682852,Stéphane Bancel,1443340,2020-12-22,2020-12-21,S,sale,4729,667356.48,141.1200,0.0204,-269849,23209120,,unknown,,1,0,Common Stock,I,4,0001127602-20-032204,,https://www.sec.gov/Archives/edgar/data/1682852/000112760220032204/form4.xml
MRNA,1682852,Stéphane Bancel,1443340,2020-12-22,2020-12-18,S,sale,11046,1542065.27,139.6040,,-269849,23209120,-254074,unknown,,9,0,Common Stock,I,4,0001127602-20-032204,,https://www.sec.gov/Archives/edgar/data/1682852/000112760220032204/form4.xml
MRNA,1682852,Stéphane Bancel,1443340,2020-12-18,2020-12-17,S,sale,10000,1380000.00,138.0000,0.0426,-20000,23478969,,unknown,G,1,0,Common Stock,I,4,0001127602-20-031970,,https://www.sec.gov/Archives/edgar/data/1682852/000112760220031970/form4.xml
MRNA,1682852,Stéphane Bancel,1443340,2020-12-18,2020-12-16,S,sale,9000,1237590.00,137.5100,0.0383,-20000,23478969,0,unknown,G,1,0,Common Stock,D,4,0001127602-20-031970,,https://www.sec.gov/Archives/edgar/data/1682852/000112760220031970/form4.xml
MRNA,1682852,Stéphane Bancel,1443340,2020-12-14,2020-12-11,S,sale,11046,1758290.50,159.1789,,9044055,23498969,9055101,unknown,,7,0,Common Stock,I,4,0001127602-20-031265,,https://www.sec.gov/Archives/edgar/data/1682852/000112760220031265/form4.xml
MRNA,1682852,Stéphane Bancel,1443340,2020-12-11,2020-12-10,S,sale,13832,2078949.60,150.3000,0.0956,-1434053,14454914,,unknown,G,2,0,Common Stock,I,4,0001127602-20-031170,,https://www.sec.gov/Archives/edgar/data/1682852/000112760220031170/form4.xml
MRNA,1682852,Stéphane Bancel,1443340,2020-12-11,2020-12-09,S,sale,9000,1530000.00,170.0000,,-1434053,14454914,-1410221,unknown,G,1,0,Common Stock,D,4,0001127602-20-031170,,https://www.sec.gov/Archives/edgar/data/1682852/000112760220031170/form4.xml
MRNA,1682852,Stéphane Bancel,1443340,2020-12-07,2020-12-04,S,sale,11046,1681193.14,152.1993,0.0695,-7665926,15888967,,unknown,,7,0,Common Stock,I,4,0001127602-20-030721,,https://www.sec.gov/Archives/edgar/data/1682852/000112760220030721/form4.xml
MRNA,1682852,Stéphane Bancel,1443340,2020-12-07,2020-12-03,S,sale,10000,1435900.00,143.5900,,-7665926,15888967,-7644880,unknown,,1,0,Common Stock,I,4,0001127602-20-030721,,https://www.sec.gov/Archives/edgar/data/1682852/000112760220030721/form4.xml
MRNA,1682852,Stéphane Bancel,1443340,2020-12-03,2020-12-02,S,sale,9000,1247130.00,138.5700,0.0382,7640951,23554893,,unknown,G,1,0,Common Stock,D,4,0001127602-20-030409,,https://www.sec.gov/Archives/edgar/data/1682852/000112760220030409/form4.xml
MRNA,1682852,Stéphane Bancel,1443340,2020-12-03,2020-12-01,S,sale,3929,699362.00,178.0000,,7640951,23554893,7654880,unknown,G,1,0,Common Stock,I,4,0001127602-20-030409,,https://www.sec.gov/Archives/edgar/data/1682852/000112760220030409/form4.xml
MRNA,1682852,Stéphane Bancel,1443340,2020-12-01,2020-11-27,S,sale,21046,2509219.55,119.2255,,-7675926,15913942,-7654880,unknown,,14,0,Common Stock,I,4,0001127602-20-030237,,https://www.sec.gov/Archives/edgar/data/1682852/000112760220030237/form4.xml
MRNA,1682852,Stéphane Bancel,1443340,2020-11-27,2020-11-25,S,sale,9000,892800.00,99.2000,,9052862,23589868,9062862,unknown,G,1,0,Common Stock,D,4,0001127602-20-030086,,https://www.sec.gov/Archives/edgar/data/1682852/000112760220030086/form4.xml
MRNA,1682852,Stéphane Bancel,1443340,2020-11-24,2020-11-20,S,sale,17514,1665581.40,95.1000,,-9080376,14537006,-9062862,unknown,,2,0,Common Stock,I,4,0001127602-20-029928,,https://www.sec.gov/Archives/edgar/data/1682852/000112760220029928/form4.xml
MRNA,1682852,Stéphane Bancel,1443340,2020-11-20,2020-11-19,S,sale,10000,898000.00,89.8000,0.0423,7654880,23617382,,unknown,G,1,0,Common Stock,I,4,0001127602-20-029686,,https://www.sec.gov/Archives/edgar/data/1682852/000112760220029686/form4.xml
MRNA,1682852,Stéphane Bancel,1443340,2020-11-20,2020-11-18,S,sale,9000,844830.00,93.8700,,7654880,23617382,7674880,unknown,G,1,0,Common Stock,D,4,0001127602-20-029686,,https://www.sec.gov/Archives/edgar/data/1682852/000112760220029686/form4.xml
MRNA,1682852,Stéphane Bancel,1443340,2020-11-16,2020-11-13,S,sale,11046,961002.00,87.0000,0.0692,-7695926,15962502,,unknown,,1,0,Common Stock,I,4,0001127602-20-029114,,https://www.sec.gov/Archives/edgar/data/1682852/000112760220029114/form4.xml
MRNA,1682852,Stéphane Bancel,1443340,2020-11-16,2020-11-12,S,sale,10000,849900.00,84.9900,,-7695926,15962502,-7674880,unknown,,1,0,Common Stock,I,4,0001127602-20-029114,,https://www.sec.gov/Archives/edgar/data/1682852/000112760220029114/form4.xml
MRNA,1682852,Stéphane Bancel,1443340,2020-11-12,2020-11-11,S,sale,9000,693450.00,77.0500,0.0380,-17718,23658428,,unknown,G,1,0,Common Stock,D,4,0001127602-20-028777,,https://www.sec.gov/Archives/edgar/data/1682852/000112760220028777/form4.xml
MRNA,1682852,Stéphane Bancel,1443340,2020-11-12,2020-11-10,S,sale,7718,617440.00,80.0000,0.0326,-17718,23658428,0,unknown,G,1,0,Common Stock,I,4,0001127602-20-028777,,https://www.sec.gov/Archives/edgar/data/1682852/000112760220028777/form4.xml
MRNA,1682852,Stéphane Bancel,1443340,2020-11-10,2020-11-06,S,sale,11046,789789.00,71.5000,0.0466,-11046,23676146,0,unknown,,1,0,Common Stock,I,4,0001127602-20-028616,,https://www.sec.gov/Archives/edgar/data/1682852/000112760220028616/form4.xml
MRNA,1682852,Stéphane Bancel,1443340,2020-11-06,2020-11-05,S,sale,10000,710900.00,71.0900,0.0422,-20000,23687192,,unknown,G,1,0,Common Stock,I,4,0001127602-20-028351,,https://www.sec.gov/Archives/edgar/data/1682852/000112760220028351/form4.xml
MRNA,1682852,Stéphane Bancel,1443340,2020-11-06,2020-11-04,S,sale,9000,620730.00,68.9700,0.0380,-20000,23687192,0,unknown,G,1,0,Common Stock,D,4,0001127602-20-028351,,https://www.sec.gov/Archives/edgar/data/1682852/000112760220028351/form4.xml
MRNA,1682852,Stéphane Bancel,1443340,2020-11-04,2020-11-02,S,sale,8893,604901.86,68.0200,0.0375,-8893,23707192,0,unknown,,1,0,Common Stock,I,4,0001127602-20-028124,,https://www.sec.gov/Archives/edgar/data/1682852/000112760220028124/form4.xml
MRNA,1682852,Stéphane Bancel,1443340,2020-11-02,2020-10-30,S,sale,11046,755133.40,68.3626,0.0466,-11046,23716085,0,unknown,,4,0,Common Stock,I,4,0001127602-20-027853,,https://www.sec.gov/Archives/edgar/data/1682852/000112760220027853/form4.xml
MRNA,1682852,Stéphane Bancel,1443340,2020-10-30,2020-10-29,S,sale,10000,683900.00,68.3900,0.0421,-20000,23727131,,unknown,G,1,0,Common Stock,I,4,0001127602-20-027729,,https://www.sec.gov/Archives/edgar/data/1682852/000112760220027729/form4.xml
MRNA,1682852,Stéphane Bancel,1443340,2020-10-30,2020-10-28,S,sale,9000,618750.00,68.7500,0.0379,-20000,23727131,0,unknown,G,1,0,Common Stock,D,4,0001127602-20-027729,,https://www.sec.gov/Archives/edgar/data/1682852/000112760220027729/form4.xml
MRNA,1682852,Stéphane Bancel,1443340,2020-10-27,2020-10-23,S,sale,11046,773357.61,70.0125,0.0465,-11046,23747131,0,unknown,,3,0,Common Stock,I,4,0001127602-20-027570,,https://www.sec.gov/Archives/edgar/data/1682852/000112760220027570/form4.xml
MRNA,1682852,Stéphane Bancel,1443340,2020-10-23,2020-10-22,S,sale,10000,685800.00,68.5800,0.0421,-20000,23758177,,unknown,G,1,0,Common Stock,I,4,0001127602-20-027457,,https://www.sec.gov/Archives/edgar/data/1682852/000112760220027457/form4.xml
MRNA,1682852,Stéphane Bancel,1443340,2020-10-23,2020-10-21,S,sale,9000,641790.00,71.3100,0.0379,-20000,23758177,0,unknown,G,1,0,Common Stock,D,4,0001127602-20-027457,,https://www.sec.gov/Archives/edgar/data/1682852/000112760220027457/form4.xml
MRNA,1682852,Stéphane Bancel,1443340,2020-10-21,2020-10-20,S,sale,8455,609182.75,72.0500,0.0355,-8455,23778177,0,unknown,,1,0,Common Stock,I,4,0001127602-20-027379,,https://www.sec.gov/Archives/edgar/data/1682852/000112760220027379/form4.xml
MRNA,1682852,Stéphane Bancel,1443340,2020-10-20,2020-10-16,S,sale,11046,828617.68,75.0152,0.0464,-11046,23786632,0,unknown,,3,0,Common Stock,I,4,0001127602-20-027278,,https://www.sec.gov/Archives/edgar/data/1682852/000112760220027278/form4.xml
MRNA,1682852,Stéphane Bancel,1443340,2020-10-16,2020-10-15,S,sale,10000,754800.00,75.4800,0.0420,344534,23797678,,unknown,G,1,0,Common Stock,I,4,0001127602-20-027086,,https://www.sec.gov/Archives/edgar/data/1682852/000112760220027086/form4.xml
MRNA,1682852,Stéphane Bancel,1443340,2020-10-16,2020-10-14,S,sale,9000,718290.00,79.8100,,344534,23797678,364534,unknown,G,1,0,Common Stock,D,4,0001127602-20-027086,,https://www.sec.gov/Archives/edgar/data/1682852/000112760220027086/form4.xml
MRNA,1682852,Stéphane Bancel,1443340,2020-10-13,2020-10-12,S,sale,8219,605000.59,73.6100,0.0350,-383799,23453144,,unknown,,1,0,Common Stock,I,4,0001127602-20-026859,,https://www.sec.gov/Archives/edgar/data/1682852/000112760220026859/form4.xml
MRNA,1682852,Stéphane Bancel,1443340,2020-10-13,2020-10-09,S,sale,11046,806258.62,72.9910,,-383799,23453144,-364534,unknown,,2,0,Common Stock,I,4,0001127602-20-026859,,https://www.sec.gov/Archives/edgar/data/1682852/000112760220026859/form4.xml
MRNA,1682852,Stéphane Bancel,1443340,2020-10-09,2020-10-08,S,sale,10000,735000.00,73.5000,0.0419,-20000,23836943,,unknown,G,1,0,Common Stock,I,4,0001127602-20-026743,,https://www.sec.gov/Archives/edgar/data/1682852/000112760220026743/form4.xml
MRNA,1682852,Stéphane Bancel,1443340,2020-10-09,2020-10-07,S,sale,9000,641070.00,71.2300,0.0377,-20000,23836943,0,unknown,G,1,0,Common Stock,D,4,0001127602-20-026743,,https://www.sec.gov/Archives/edgar/data/1682852/000112760220026743/form4.xml
MRNA,1682852,Stéphane Bancel,1443340,2020-10-06,2020-10-02,S,sale,11046,780251.03,70.6365,,9091569,23856943,9102615,unknown,,5,0,Common Stock,I,4,0001127602-20-026608,,https://www.sec.gov/Archives/edgar/data/1682852/000112760220026608/form4.xml
MRNA,1682852,Stéphane Bancel,1443340,2020-10-02,2020-10-01,S,sale,18481,1285723.17,69.5700,0.1250,-9131096,14765374,,unknown,G,2,0,Common Stock,I,4,0001127602-20-026302,,https://www.sec.gov/Archives/edgar/data/1682852/000112760220026302/form4.xml
MRNA,1682852,Stéphane Bancel,1443340,2020-10-02,2020-09-30,S,sale,9000,654480.00,72.7200,,-9131096,14765374,-9102615,unknown,G,1,0,Common Stock,D,4,0001127602-20-026302,,https://www.sec.gov/Archives/edgar/data/1682852/000112760220026302/form4.xml
MRNA,1682852,Stéphane Bancel,1443340,2020-09-29,2020-09-25,S,sale,11046,756518.78,68.4880,0.0462,-11046,23896470,0,unknown,,4,0,Common Stock,I,4,0001127602-20-025836,,https://www.sec.gov/Archives/edgar/data/1682852/000112760220025836/form4.xml
MRNA,1682852,Stéphane Bancel,1443340,2020-09-25,2020-09-24,S,sale,10000,655000.00,65.5000,0.0418,377672,23907516,,unknown,G,1,0,Common Stock,I,4,0001127602-20-025729,,https://www.sec.gov/Archives/edgar/data/1682852/000112760220025729/form4.xml
MRNA,1682852,Stéphane Bancel,1443340,2020-09-25,2020-09-23,S,sale,9000,611910.00,67.9900,,377672,23907516,397672,unknown,G,1,0,Common Stock,D,4,0001127602-20-025729,,https://www.sec.gov/Archives/edgar/data/1682852/000112760220025729/form4.xml
MRNA,1682852,Stéphane Bancel,1443340,2020-09-22,2020-09-21,S,sale,8587,588724.72,68.5600,0.0365,-417305,23529844,,unknown,,1,0,Common Stock,I,4,0001127602-20-025573,,https://www.sec.gov/Archives/edgar/data/1682852/000112760220025573/form4.xml
MRNA,1682852,Stéphane Bancel,1443340,2020-09-22,2020-09-18,S,sale,11046,747901.34,67.7079,,-417305,23529844,-397672,unknown,,4,0,Common Stock,I,4,0001127602-20-025573,,https://www.sec.gov/Archives/edgar/data/1682852/000112760220025573/form4.xml
MRNA,1682852,Stéphane Bancel,1443340,2020-09-18,2020-09-17,S,sale,10000,684600.00,68.4600,0.0417,-20000,23947149,,unknown,G,1,0,Common Stock,I,4,0001127602-20-025436,,https://www.sec.gov/Archives/edgar/data/1682852/000112760220025436/form4.xml
MRNA,1682852,Stéphane Bancel,1443340,2020-09-18,2020-09-16,S,sale,9000,609210.00,67.6900,0.0376,-20000,23947149,0,unknown,G,1,0,Common Stock,D,4,0001127602-20-025436,,https://www.sec.gov/Archives/edgar/data/1682852/000112760220025436/form4.xml
MRNA,1682852,Stéphane Bancel,1443340,2020-09-15,2020-09-11,S,sale,11046,645259.44,58.4157,,7753834,23967149,7764880,unknown,,2,0,Common Stock,I,4,0001127602-20-025116,,https://www.sec.gov/Archives/edgar/data/1682852/000112760220025116/form4.xml
MRNA,1682852,Stéphane Bancel,1443340,2020-09-11,2020-09-10,S,sale,17030,970028.80,56.9600,0.1049,-7791910,16213315,,unknown,G,2,0,Common Stock,I,4,0001127602-20-024981,,https://www.sec.gov/Archives/edgar/data/1682852/000112760220024981/form4.xml
MRNA,1682852,Stéphane Bancel,1443340,2020-09-11,2020-09-09,S,sale,9000,502290.00,55.8100,,-7791910,16213315,-7764880,unknown,G,1,0,Common Stock,D,4,0001127602-20-024981,,https://www.sec.gov/Archives/edgar/data/1682852/000112760220024981/form4.xml
MRNA,1682852,Stéphane Bancel,1443340,2020-09-08,2020-09-04,S,sale,11046,683459.36,61.8739,0.0460,-11046,24005225,0,unknown,,5,0,Common Stock,I,4,0001127602-20-024789,,https://www.sec.gov/Archives/edgar/data/1682852/000112760220024789/form4.xml
MRNA,1682852,Stéphane Bancel,1443340,2020-09-04,2020-09-03,S,sale,10000,656500.00,65.6500,0.0416,-10000,24016271,0,unknown,,1,0,Common Stock,I,4,0001127602-20-024764,,https://www.sec.gov/Archives/edgar/data/1682852/000112760220024764/form4.xml
MRNA,1682852,Stéphane Bancel,1443340,2020-09-03,2020-09-02,S,sale,9000,566010.00,62.8900,0.0374,-19247,24026271,,unknown,G,1,0,Common Stock,D,4,0001127602-20-024700,,https://www.sec.gov/Archives/edgar/data/1682852/000112760220024700/form4.xml
MRNA,1682852,Stéphane Bancel,1443340,2020-09-03,2020-09-01,S,sale,9247,587554.38,63.5400,0.0385,-19247,24026271,0,unknown,G,1,0,Common Stock,I,4,0001127602-20-024700,,https://www.sec.gov/Archives/edgar/data/1682852/000112760220024700/form4.xml
MRNA,1682852,Stéphane Bancel,1443340,2020-09-01,2020-08-28,S,sale,11046,736639.52,66.6884,0.0459,-11046,24045518,0,unknown,,3,0,Common Stock,I,4,0001127602-20-024560,,https://www.sec.gov/Archives/edgar/data/1682852/000112760220024560/form4.xml
MRNA,1682852,Stéphane Bancel,1443340,2020-08-28,2020-08-27,S,sale,10000,699100.00,69.9100,0.0416,-20000,24056564,,unknown,G,1,0,Common Stock,I,4,0001127602-20-024402,,https://www.sec.gov/Archives/edgar/data/1682852/000112760220024402/form4.xml
MRNA,1682852,Stéphane Bancel,1443340,2020-08-28,2020-08-26,S,sale,9000,607050.00,67.4500,0.0374,-20000,24056564,0,unknown,G,1,0,Common Stock,D,4,0001127602-20-024402,,https://www.sec.gov/Archives/edgar/data/1682852/000112760220024402/form4.xml
MRNA,1682852,Stéphane Bancel,1443340,2020-08-25,2020-08-21,S,sale,11046,736639.52,66.6884,,9124914,24076564,9135960,unknown,,3,0,Common Stock,I,4,0001127602-20-024216,,https://www.sec.gov/Archives/edgar/data/1682852/000112760220024216/form4.xml
MRNA,1682852,Stéphane Bancel,1443340,2020-08-21,2020-08-20,S,sale,18824,1276267.20,67.8000,0.1257,-9164784,14951650,,unknown,G,2,0,Common Stock,I,4,0001127602-20-024037,,https://www.sec.gov/Archives/edgar/data/1682852/000112760220024037/form4.xml
MRNA,1682852,Stéphane Bancel,1443340,2020-08-21,2020-08-19,S,sale,9000,600660.00,66.7400,,-9164784,14951650,-9135960,unknown,G,1,0,Common Stock,D,4,0001127602-20-024037,,https://www.sec.gov/Archives/edgar/data/1682852/000112760220024037/form4.xml
MRNA,1682852,Stéphane Bancel,1443340,2020-08-18,2020-08-14,S,sale,11046,761990.62,68.9834,,9597686,24066424,9608732,unknown,,3,0,Common Stock,I,4,0001127602-20-023793,,https://www.sec.gov/Archives/edgar/data/1682852/000112760220023793/form4.xml
MRNA,1682852,Stéphane Bancel,1443340,2020-08-14,2020-08-13,S,sale,10000,690500.00,69.0500,0.0691,-9164784,14468738,,unknown,G,1,0,Common Stock,I,4,0001127602-20-023614,,https://www.sec.gov/Archives/edgar/data/1682852/000112760220023614/form4.xml
MRNA,1682852,Stéphane Bancel,1443340,2020-08-14,2020-08-13,S,sale,10000,690500.00,69.0500,0.0691,-9164784,14468738,,unknown,G,1,0,Common Stock,I,4,0001127602-20-023615,,https://www.sec.gov/Archives/edgar/data/1682852/000112760220023615/form4.xml
MRNA,1682852,Stéphane Bancel,1443340,2020-08-14,2020-08-12,S,sale,9000,681660.00,75.7400,,-9164784,14468738,-9124784,unknown,G,1,0,Common Stock,D,4,0001127602-20-023614,,https://www.sec.gov/Archives/edgar/data/1682852/000112760220023614/form4.xml
MRNA,1682852,Stéphane Bancel,1443340,2020-08-14,2020-08-12,S,sale,9000,681660.00,75.7400,,-9164784,14468738,-9124784,unknown,G,1,0,Common Stock,D,4,0001127602-20-023615,,https://www.sec.gov/Archives/edgar/data/1682852/000112760220023615/form4.xml
MRNA,1682852,Stéphane Bancel,1443340,2020-08-11,2020-08-10,S,sale,8097,601364.19,74.2700,0.0342,-483091,23633522,,unknown,,1,0,Common Stock,I,4,0001127602-20-023378,,https://www.sec.gov/Archives/edgar/data/1682852/000112760220023378/form4.xml
MRNA,1682852,Stéphane Bancel,1443340,2020-08-11,2020-08-07,S,sale,11046,819666.54,74.2048,,-483091,23633522,-463948,unknown,,3,0,Common Stock,I,4,0001127602-20-023378,,https://www.sec.gov/Archives/edgar/data/1682852/000112760220023378/form4.xml
MRNA,1682852,Stéphane Bancel,1443340,2020-08-07,2020-08-06,S,sale,10000,758200.00,75.8200,0.0414,454994,24116613,,unknown,G,1,0,Common Stock,I,4,0001127602-20-023164,,https://www.sec.gov/Archives/edgar/data/1682852/000112760220023164/form4.xml
MRNA,1682852,Stéphane Bancel,1443340,2020-08-07,2020-08-05,S,sale,9000,697410.00,77.4900,,454994,24116613,474994,unknown,G,1,0,Common Stock,D,4,0001127602-20-023164,,https://www.sec.gov/Archives/edgar/data/1682852/000112760220023164/form4.xml
MRNA,1682852,Stéphane Bancel,1443340,2020-08-04,2020-08-03,S,sale,8097,606384.33,74.8900,0.0342,-494137,23661619,,unknown,,1,0,Common Stock,I,4,0001127602-20-022717,,https://www.sec.gov/Archives/edgar/data/1682852/000112760220022717/form4.xml
MRNA,1682852,Stéphane Bancel,1443340,2020-08-04,2020-07-31,S,sale,11046,832160.64,75.3359,,-494137,23661619,-474994,unknown,,4,0,Common Stock,I,4,0001127602-20-022717,,https://www.sec.gov/Archives/edgar/data/1682852/000112760220022717/form4.xml
MRNA,1682852,Stéphane Bancel,1443340,2020-07-31,2020-07-30,S,sale,10000,779800.00,77.9800,0.0414,-20000,24155756,,unknown,G,1,0,Common Stock,I,4,0001127602-20-022435,,https://www.sec.gov/Archives/edgar/data/1682852/000112760220022435/form4.xml
MRNA,1682852,Stéphane Bancel,1443340,2020-07-31,2020-07-29,S,sale,9000,738000.00,82.0000,0.0372,-20000,24155756,0,unknown,G,1,0,Common Stock,D,4,0001127602-20-022435,,https://www.sec.gov/Archives/edgar/data/1682852/000112760220022435/form4.xml
MRNA,1682852,Stéphane Bancel,1443340,2020-07-27,2020-07-24,S,sale,11046,790461.15,71.5609,0.0457,-11046,24175756,0,unknown,,6,0,Common Stock,I,4,0001127602-20-022138,,https://www.sec.gov/Archives/edgar/data/1682852/000112760220022138/form4.xml
MRNA,1682852,Stéphane Bancel,1443340,2020-07-24,2020-07-23,S,sale,10000,822200.00,82.2200,0.0413,477086,24186802,,unknown,G,1,0,Common Stock,I,4,0001127602-20-022102,,https://www.sec.gov/Archives/edgar/data/1682852/000112760220022102/form4.xml
MRNA,1682852,Stéphane Bancel,1443340,2020-07-24,2020-07-22,S,sale,9000,716490.00,79.6100,,477086,24186802,497086,unknown,G,1,0,Common Stock,D,4,0001127602-20-022102,,https://www.sec.gov/Archives/edgar/data/1682852/000112760220022102/form4.xml
MRNA,1682852,Stéphane Bancel,1443340,2020-07-21,2020-07-20,S,sale,6326,528385.94,83.5261,0.0267,-514458,23709716,,unknown,,9,0,Common Stock,I,4,0001127602-20-021916,,https://www.sec.gov/Archives/edgar/data/1682852/000112760220021916/form4.xml
MRNA,1682852,Stéphane Bancel,1443340,2020-07-21,2020-07-17,S,sale,11046,974016.31,88.1782,,-514458,23709716,-497086,unknown,,11,0,Common Stock,I,4,0001127602-20-021916,,https://www.sec.gov/Archives/edgar/data/1682852/000112760220021916/form4.xml
MRNA,1682852,Stéphane Bancel,1443340,2020-07-17,2020-07-16,S,sale,10000,803900.00,80.3900,0.0413,9147304,24224174,,unknown,G,1,0,Common Stock,I,4,0001127602-20-021763,,https://www.sec.gov/Archives/edgar/data/1682852/000112760220021763/form4.xml
MRNA,1682852,Stéphane Bancel,1443340,2020-07-17,2020-07-15,S,sale,9000,790560.00,87.8400,,9147304,24224174,9167304,unknown,G,1,0,Common Stock,D,4,0001127602-20-021763,,https://www.sec.gov/Archives/edgar/data/1682852/000112760220021763/form4.xml
MRNA,1682852,Stéphane Bancel,1443340,2020-07-14,2020-07-10,S,sale,20281,1294972.23,63.8515,,-9187585,15076870,-9167304,unknown,,4,0,Common Stock,I,4,0001127602-20-021495,,https://www.sec.gov/Archives/edgar/data/1682852/000112760220021495/form4.xml
MRNA,1682852,Stéphane Bancel,1443340,2020-07-10,2020-07-09,S,sale,10000,620400.00,62.0400,0.0412,-23046,24264455,,unknown,G,1,0,Common Stock,I,4,0001127602-20-021332,,https://www.sec.gov/Archives/edgar/data/1682852/000112760220021332/form4.xml
MRNA,1682852,Stéphane Bancel,1443340,2020-07-08,2020-07-06,S,sale,11046,657576.42,59.5307,0.0455,8396104,24287501,,unknown,G,4,0,Common Stock,I,4,0000899243-20-018777,,https://www.sec.gov/Archives/edgar/data/1682852/000089924320018777/doc4.xml
MRNA,1682852,Stéphane Bancel,1443340,2020-07-06,2020-07-02,S,sale,10000,599400.00,59.9400,,8396104,24287501,8406104,unknown,,1,0,Common Stock,I,4,0001127602-20-021168,,https://www.sec.gov/Archives/edgar/data/1682852/000112760220021168/form4.xml
MRNA,1682852,Stéphane Bancel,1443340,2020-07-02,2020-07-01,S,sale,18344,1154204.48,62.9200,,-8424448,15891397,-8394058,unknown,,2,0,Common Stock,DI,4,0001127602-20-020892,,https://www.sec.gov/Archives/edgar/data/1682852/000112760220020892/form4.xml
MRNA,1682852,Stéphane Bancel,1443340,2020-06-30,2020-06-26,S,sale,11046,669891.98,60.6457,0.0454,-11046,24315845,0,unknown,,3,0,Common Stock,I,4,0001104659-20-079182,,https://www.sec.gov/Archives/edgar/data/1682852/000110465920079182/a4.xml
MRNA,1682852,Stéphane Bancel,1443340,2020-06-29,2020-06-25,S,sale,10000,670000.00,67.0000,0.0411,-10000,24326891,0,unknown,,1,0,Common Stock,I,4,0001104659-20-079181,,https://www.sec.gov/Archives/edgar/data/1682852/000110465920079181/a4.xml
MRNA,1682852,Stéphane Bancel,1443340,2020-06-25,2020-06-24,S,sale,9000,569250.00,63.2500,0.0370,-10000,24336891,0,unknown,G,1,0,Common Stock,D,4,0001127602-20-020358,,https://www.sec.gov/Archives/edgar/data/1682852/000112760220020358/form4.xml
MRNA,1682852,Stéphane Bancel,1443340,2020-06-24,2020-06-22,S,sale,4521,298024.32,65.9200,0.0186,-4521,24346891,0,unknown,,1,0,Common Stock,I,4,0001127602-20-020320,,https://www.sec.gov/Archives/edgar/data/1682852/000112760220020320/form4.xml
MRNA,1682852,Stéphane Bancel,1443340,2020-06-22,2020-06-19,S,sale,11046,713715.22,64.6130,0.0453,-11046,24351412,0,unknown,,2,0,Common Stock,I,4,0001127602-20-020206,,https://www.sec.gov/Archives/edgar/data/1682852/000112760220020206/form4.xml
MRNA,1682852,Stéphane Bancel,1443340,2020-06-16,2020-06-12,S,sale,11046,680848.78,61.6376,0.0453,-11046,24362458,0,unknown,,3,0,Common Stock,I,4,0001127602-20-019726,,https://www.sec.gov/Archives/edgar/data/1682852/000112760220019726/form4.xml
MRNA,1682852,Stéphane Bancel,1443340,2020-06-11,2020-06-10,S,sale,3435,201978.00,58.8000,0.0141,-3435,24373504,0,unknown,,1,0,Common Stock,I,4,0001127602-20-019421,,https://www.sec.gov/Archives/edgar/data/1682852/000112760220019421/form4.xml
MRNA,1682852,Stéphane Bancel,1443340,2020-06-09,2020-06-05,S,sale,11046,639055.96,57.8541,,563362,24376939,574408,unknown,,3,0,Common Stock,I,4,0001127602-20-019271,,https://www.sec.gov/Archives/edgar/data/1682852/000112760220019271/form4.xml
MRNA,1682852,Stéphane Bancel,1443340,2020-06-09,2020-06-01,S,sale,4878,305704.26,62.6700,0.0205,-590332,23813577,,unknown,,1,0,Common Stock,I,4/A,0001127602-20-019269,,https://www.sec.gov/Archives/edgar/data/1682852/000112760220019269/form4a.xml
MRNA,1682852,Stéphane Bancel,1443340,2020-06-09,2020-05-29,S,sale,11046,640887.10,58.0198,,-590332,23813577,-574408,unknown,,3,0,Common Stock,I,4/A,0001127602-20-019269,,https://www.sec.gov/Archives/edgar/data/1682852/000112760220019269/form4a.xml
MRNA,1682852,Stéphane Bancel,1443340,2020-05-26,2020-05-22,S,sale,11046,761249.83,68.9163,,7873834,24403909,7884880,unknown,,4,0,Common Stock,I,4,0001127602-20-017917,,https://www.sec.gov/Archives/edgar/data/1682852/000112760220017917/form4.xml
MRNA,1682852,Stéphane Bancel,1443340,2020-05-22,2020-05-20,S,sale,16744,1172080.00,70.0000,,-7901624,16530075,-7884880,unknown,,3,0,Common Stock,DI,4,0001127602-20-017739,,https://www.sec.gov/Archives/edgar/data/1682852/000112760220017739/form4.xml
MRNA,1682852,Stéphane Bancel,1443340,2020-05-19,2020-05-15,S,sale,11046,724200.21,65.5622,,9797826,24431699,9810449,unknown,G,4,0,Common Stock,I,4,0001127602-20-017206,,https://www.sec.gov/Archives/edgar/data/1682852/000112760220017206/form4.xml
MRNA,1682852,Stéphane Bancel,1443340,2020-05-12,2020-05-11,S,sale,13503,804373.71,59.5700,0.0922,-1260835,14633873,,unknown,,3,0,Common Stock,DI,4,0001127602-20-016322,,https://www.sec.gov/Archives/edgar/data/1682852/000112760220016322/form4.xml
MRNA,1682852,Stéphane Bancel,1443340,2020-05-12,2020-05-08,S,sale,11046,624384.50,56.5258,,-1260835,14633873,-1291854,unknown,,7,0,Common Stock,I,4,0001127602-20-016322,,https://www.sec.gov/Archives/edgar/data/1682852/000112760220016322/form4.xml
MRNA,1682852,Stéphane Bancel,1443340,2020-05-04,2020-05-01,S,sale,28442,1385125.40,48.7000,,-8547037,15894708,-8518595,unknown,,4,0,Common Stock,DI,4,0001127602-20-015191,,https://www.sec.gov/Archives/edgar/data/1682852/000112760220015191/form4.xml
MRNA,1682852,Stéphane Bancel,1443340,2020-04-27,2020-04-24,S,sale,11046,520818.90,47.1500,,8538339,24441745,8549385,unknown,,1,0,Common Stock,I,4,0001127602-20-014547,,https://www.sec.gov/Archives/edgar/data/1682852/000112760220014547/form4.xml
MRNA,1682852,Stéphane Bancel,1443340,2020-04-21,2020-04-20,S,sale,17076,768420.00,45.0000,0.1073,-8577507,15903406,,unknown,,3,0,Common Stock,DI,4,0001127602-20-014237,,https://www.sec.gov/Archives/edgar/data/1682852/000112760220014237/form4.xml
MRNA,1682852,Stéphane Bancel,1443340,2020-04-21,2020-04-17,S,sale,11046,511935.56,46.3458,,-8577507,15903406,-8549385,unknown,,5,0,Common Stock,I,4,0001127602-20-014237,,https://www.sec.gov/Archives/edgar/data/1682852/000112760220014237/form4.xml
MRNA,1682852,Stéphane Bancel,1443340,2020-04-14,2020-04-13,S,sale,23601,755232.00,32.0000,,-8592570,15914880,-8568969,unknown,,4,0,Common Stock,DI,4,0001127602-20-013686,,https://www.sec.gov/Archives/edgar/data/1682852/000112760220013686/form4.xml
MRNA,1682852,Stéphane Bancel,1443340,2020-04-06,2020-04-03,S,sale,11046,362419.26,32.8100,,7912470,24507450,7923516,unknown,,1,0,Common Stock,I,4,0001127602-20-013311,,https://www.sec.gov/Archives/edgar/data/1682852/000112760220013311/form4.xml
MRNA,1682852,Stéphane Bancel,1443340,2020-04-02,2020-04-01,S,sale,13356,401347.80,30.0500,,-7936872,16594980,-7923516,unknown,,3,0,Common Stock,DI,4,0001127602-20-012699,,https://www.sec.gov/Archives/edgar/data/1682852/000112760220012699/form4.xml
MRNA,1682852,Stéphane Bancel,1443340,2020-03-31,2020-03-27,S,sale,11046,313375.02,28.3700,,8604016,24531852,8615062,unknown,,1,0,Common Stock,I,4,0001127602-20-012242,,https://www.sec.gov/Archives/edgar/data/1682852/000112760220012242/form4.xml
MRNA,1682852,Stéphane Bancel,1443340,2020-03-23,2020-03-20,S,sale,25195,733930.35,29.1300,,-8640257,15927836,-8615062,unknown,,4,0,Common Stock,DI,4,0001127602-20-011749,,https://www.sec.gov/Archives/edgar/data/1682852/000112760220011749/form4.xml
MRNA,1682852,Stéphane Bancel,1443340,2020-03-17,2020-03-13,S,sale,11046,233856.69,21.1712,,7921547,24568093,7937269,unknown,G,4,0,Common Stock,I,4,0001127602-20-011062,,https://www.sec.gov/Archives/edgar/data/1682852/000112760220011062/form4.xml
MRNA,1682852,Stéphane Bancel,1443340,2020-03-11,2020-03-10,S,sale,16468,423392.28,25.7100,,-7953737,16646546,-7937269,unknown,,3,0,Common Stock,DI,4,0001127602-20-010262,,https://www.sec.gov/Archives/edgar/data/1682852/000112760220010262/form4.xml
MRNA,1682852,Stéphane Bancel,1443340,2020-03-10,2020-03-06,S,sale,11046,319102.41,28.8885,,8652463,24600283,8663509,unknown,,2,0,Common Stock,I,4,0001127602-20-010096,,https://www.sec.gov/Archives/edgar/data/1682852/000112760220010096/form4.xml
MRNA,1682852,Stéphane Bancel,1443340,2020-03-03,2020-03-02,S,sale,15427,417917.43,27.0900,0.0966,-8689982,15947820,,unknown,,3,0,Common Stock,DI,4,0001127602-20-009078,,https://www.sec.gov/Archives/edgar/data/1682852/000112760220009078/form4.xml
MRNA,1682852,Stéphane Bancel,1443340,2020-03-03,2020-02-28,S,sale,11046,259060.31,23.4529,,-8689982,15947820,-8663509,unknown,,4,0,Common Stock,I,4,0001127602-20-009078,,https://www.sec.gov/Archives/edgar/data/1682852/000112760220009078/form4.xml
MRNA,1682852,Stéphane Bancel,1443340,2020-02-27,2020-02-25,S,sale,5286,121578.00,23.0000,,17180816,24637802,17186102,unknown,,1,0,Common Stock,D,4,0001127602-20-008173,,https://www.sec.gov/Archives/edgar/data/1682852/000112760220008173/form4.xml
MRNA,1682852,Stéphane Bancel,1443340,2020-02-24,2020-02-21,S,sale,11046,200595.36,18.1600,0.1479,-17202434,7456986,,unknown,,1,0,Common Stock,I,4,0001127602-20-007170,,https://www.sec.gov/Archives/edgar/data/1682852/000112760220007170/form4.xml
MRNA,1682852,Stéphane Bancel,1443340,2020-02-24,2020-02-20,S,sale,5286,99693.96,18.8600,,-17202434,7456986,-17186102,unknown,,2,0,Common Stock,I,4,0001127602-20-007170,,https://www.sec.gov/Archives/edgar/data/1682852/000112760220007170/form4.xml
MRNA,1682852,Stéphane Bancel,1443340,2020-02-18,2020-02-14,S,sale,11046,210094.92,19.0200,,8690957,24659420,8707003,unknown,G,1,0,Common Stock,I,4,0001127602-20-006014,,https://www.sec.gov/Archives/edgar/data/1682852/000112760220006014/form4.xml
MRNA,1682852,Stéphane Bancel,1443340,2020-02-11,2020-02-10,S,sale,17212,404482.00,23.5000,0.1077,-775672,15968463,,unknown,,3,0,Common Stock,DI,4,0001127602-20-004985,,https://www.sec.gov/Archives/edgar/data/1682852/000112760220004985/form4.xml
MRNA,1682852,Stéphane Bancel,1443340,2020-02-11,2020-02-07,S,sale,15922,346099.76,21.7372,,-775672,15968463,-742538,unknown,,4,0,Common Stock,DI,4,0001127602-20-004985,,https://www.sec.gov/Archives/edgar/data/1682852/000112760220004985/form4.xml
MRNA,1682852,Stéphane Bancel,1443340,2020-02-04,2020-02-03,S,sale,4876,100738.16,20.6600,,-7969341,16744135,-7964465,unknown,,2,0,Common Stock,I,4,0001127602-20-003493,,https://www.sec.gov/Archives/edgar/data/1682852/000112760220003493/form4.xml
MRNA,1682852,Stéphane Bancel,1443340,2020-02-03,2020-01-31,S,sale,11046,225633.32,20.4267,0.0447,-11046,24713476,0,unknown,,2,0,Common Stock,I,4,0001127602-20-003163,,https://www.sec.gov/Archives/edgar/data/1682852/000112760220003163/form4.xml
MRNA,1682852,Stéphane Bancel,1443340,2020-01-27,2020-01-24,S,sale,11046,234396.12,21.2200,0.0447,-11046,24724522,0,unknown,,1,0,Common Stock,I,4,0001127602-20-002430,,https://www.sec.gov/Archives/edgar/data/1682852/000112760220002430/form4.xml
MRNA,1682852,Stéphane Bancel,1443340,2020-01-23,2020-01-22,S,sale,15398,354154.00,23.0000,,7951505,24735568,7966903,unknown,,1,0,Common Stock,D,4,0001127602-20-002273,,https://www.sec.gov/Archives/edgar/data/1682852/000112760220002273/form4.xml
MRNA,1682852,Stéphane Bancel,1443340,2020-01-22,2020-01-21,S,sale,4850,100831.50,20.7900,,-7971753,16784063,-7966903,unknown,,2,0,Common Stock,I,4,0001127602-20-002157,,https://www.sec.gov/Archives/edgar/data/1682852/000112760220002157/form4.xml
MRNA,1682852,Stéphane Bancel,1443340,2020-01-21,2020-01-17,S,sale,11046,231524.16,20.9600,0.0446,-11046,24755816,0,unknown,,1,0,Common Stock,I,4,0001127602-20-002079,,https://www.sec.gov/Archives/edgar/data/1682852/000112760220002079/form4.xml
MRNA,1682852,Stéphane Bancel,1443340,2020-01-14,2020-01-10,S,sale,16482,333581.60,20.2391,,8438321,16007195,8454803,unknown,,4,0,Common Stock,I,4,0001127602-20-001573,,https://www.sec.gov/Archives/edgar/data/1682852/000112760220001573/form4.xml
MRNA,1682852,Stéphane Bancel,1443340,2020-01-06,2020-01-03,S,sale,11046,210315.84,19.0400,0.1457,-17235619,7568874,,unknown,,1,0,Common Stock,I,4,0001127602-20-001119,,https://www.sec.gov/Archives/edgar/data/1682852/000112760220001119/form4.xml
MRNA,1682852,Stéphane Bancel,1443340,2020-01-06,2020-01-02,S,sale,5114,100080.98,19.5700,,-17235619,7568874,-17219459,unknown,,2,0,Common Stock,I,4,0001127602-20-001119,,https://www.sec.gov/Archives/edgar/data/1682852/000112760220001119/form4.xml
MRNA,1682852,Stéphane Bancel,1443340,2020-01-03,2019-12-27,S,sale,11046,215728.38,19.5300,0.0445,-11046,24804493,0,unknown,,1,0,Common Stock,I,4,0001127602-20-000607,,https://www.sec.gov/Archives/edgar/data/1682852/000112760220000607/form4.xml
MRNA,1682852,Stéphane Bancel,1443340,2019-12-23,2019-12-20,S,sale,11046,217495.74,19.6900,0.0445,-11046,24815539,0,unknown,,1,0,Common Stock,I,4,0001127602-19-035757,,https://www.sec.gov/Archives/edgar/data/1682852/000112760219035757/form4.xml
MRNA,1682852,Stéphane Bancel,1443340,2019-12-16,2019-12-13,S,sale,11046,204682.38,18.5300,0.0445,-11046,24826585,0,unknown,,1,0,Common Stock,I,4,0001127602-19-035076,,https://www.sec.gov/Archives/edgar/data/1682852/000112760219035076/form4.xml
MRNA,1682852,Stéphane Bancel,1443340,2019-12-09,2019-12-06,S,sale,11046,221081.32,20.0146,0.0445,-11046,24795499,0,unknown,,3,0,Common Stock,I,4,0001127602-19-034618,,https://www.sec.gov/Archives/edgar/data/1682852/000112760219034618/form4.xml
MRNA,1682852,Stéphane Bancel,1443340,2019-12-03,2019-11-29,S,sale,11046,226884.84,20.5400,0.0445,-11046,24806545,0,unknown,,1,0,Common Stock,I,4,0001127602-19-034027,,https://www.sec.gov/Archives/edgar/data/1682852/000112760219034027/form4.xml
MRNA,1682852,Stéphane Bancel,1443340,2019-11-25,2019-11-22,S,sale,11046,226222.08,20.4800,0.0445,-11046,24817591,0,unknown,,1,0,Common Stock,I,4,0001127602-19-033671,,https://www.sec.gov/Archives/edgar/data/1682852/000112760219033671/form4.xml
MRNA,1682852,Stéphane Bancel,1443340,2019-11-19,2019-11-15,S,sale,11046,210215.88,19.0310,,-46,24828637,11000,unknown,,2,0,Common Stock,I,4,0001127602-19-033233,,https://www.sec.gov/Archives/edgar/data/1682852/000112760219033233/form4.xml
MRNA,1682852,Stéphane Bancel,1443340,2019-11-12,2019-11-08,S,sale,11046,191979.48,17.3800,,-22046,24828683,-11000,unknown,,1,0,Common Stock,I,4,0001127602-19-032406,,https://www.sec.gov/Archives/edgar/data/1682852/000112760219032406/form4.xml
MRNA,1682852,Stéphane Bancel,1443340,2019-11-05,2019-11-01,S,sale,11046,177570.36,16.0755,,9238924,24850729,9249970,unknown,,2,0,Common Stock,I,4,0001127602-19-031912,,https://www.sec.gov/Archives/edgar/data/1682852/000112760219031912/form4.xml
