ticker,cik,company,ceo,pct,shares,outstanding,confidence,stake_source,problems,flags,error,form4_url,cover_url,masked
UWMC,1783398,UWM Holdings Corp,Mathew Ishbia,,,1604212398.0,medium,,,,,,,1
UI,1511737,Ubiquiti Inc.,Robert J. Pera,,,60528381.0,medium,,,,,,,1
RRR,1653653,"Red Rock Resorts, Inc.",Frank J. Fertitta III,,,105016189.0,medium,,,,,,,1
VG,2007855,"Venture Global, Inc.",Michael Sabel,,,2500092851.0,medium,,,,,,,1
SMMT,1599298,Summit Therapeutics Inc.,Robert W. Duggan,,,797749602.0,medium,,,,,,,1
FIZZ,69891,NATIONAL BEVERAGE CORP,Nick A. Caporella,,,93612102.0,medium,,,,,,,1
BH-A,1726173,Biglari Holdings Inc.,Sardar Biglari,,,2326550.0,medium,,,,,,,1
FRHC,924805,Freedom Holding Corp.,Timur Turlov,,,63787666.0,medium,,,,,,,1
DFH,1825088,"Dream Finders Homes, Inc.",Patrick O. Zalupski,,,91809399.0,high,,,,,,,1
TR,98677,TOOTSIE ROLL INDUSTRIES INC,Ellen R. Gordon,,,75071648.0,low,,class(es) counted from the person's filings but absent from the cover page: Common Stock; the denominator may not include them,,,,,1
PTRN,1811935,Pattern Group Inc.,David Wright,,,177399089.0,medium,,,,,,,1
RHLD,2039497,"Resolute Holdings Management, Inc.",Thomas R. Knott,,,7819595.0,medium,,,,,,,1
PAG,1019849,"PENSKE AUTOMOTIVE GROUP, INC.",Roger Penske,,,65662873.0,medium,,,,,,,1
GLXY,1859392,Galaxy Digital Inc.,Michael Novogratz,,,390889090.0,medium,,,,,,,1
PEGA,1013857,PEGASYSTEMS INC,Alan Trefler,,,164404945.0,medium,,,,,,,1
COLM,1050797,COLUMBIA SPORTSWEAR CO,Timothy P. Boyle,,,51193194.0,medium,,,,,,,1
IPAR,822663,INTERPARFUMS INC,Jean Madar,,,32025781.0,medium,,,,,,,1
UHAL,4457,U-Haul Holding Co /NV/,Edward J. Shoen,,,194393495.0,low,,"class(es) counted from the person's filings but absent from the cover page: Series A Common Stock, Series N Common Stock; the denominator may not include them",,,,,1
SEZL,1662991,Sezzle Inc.,Charles Youakim,,,33675014.0,medium,,,,,,,1
CAI,2019410,"Caris Life Sciences, Inc.",David Dean Halbert,,,282595186.0,high,,,,,,,1
SAH,1043509,SONIC AUTOMOTIVE INC,David Bruton Smith,,,31614802.0,medium,,,,,,,1
RVLV,1746618,"Revolve Group, Inc.",Mike Karanikolas,,,71085420.0,medium,,,,,,,1
ASTS,1780312,"AST SpaceMobile, Inc.",Abel Avellan,,,389167494.0,medium,,,,,,,1
DSGR,703604,"Distribution Solutions Group, Inc.",J. Bryan King,,,46255422.0,low,,the matched insider (King John Bryan) is not flagged as an officer on any filing; this may be a trust or entity named after the chief executive,,,,,1
RUM,1830081,RUM Group Inc.,Chris Pavlovski,,,495810194.0,high,,,,,,,1
AMRC,1488139,"Ameresco, Inc.",George P. Sakellaris,,,53066211.0,medium,,,,,,,1
SAM,949870,BOSTON BEER CO INC,C. James Koch,,,10291681.0,medium,,,,,,,1
DBX,1467623,"DROPBOX, INC.",Andrew W. Houston,,,225709285.0,medium,,,,,,,1
SLDE,1886428,"Slide Insurance Holdings, Inc.",Bruce Lucas,,,116811719.0,medium,,,,,,,1
SYM,1837240,Symbotic Inc.,Richard B. Cohen,,,604801708.0,high,,,,,,,1
PACS,2001184,"PACS Group, Inc.",Jason Murray,,,158335612.0,high,,,,,,,1
IRMD,1325618,IRADIMED CORP,Roger Susi,,,12786991.0,high,,,,,,,1
SPCX,1181412,SPACE EXPLORATION TECHNOLOGIES CORP,Elon Musk,,,13181779945.0,medium,,,,,,,1
OPK,944809,"OPKO HEALTH, INC.",Phillip Frost,,,746328225.0,medium,,,,,,,1
NP,2067129,Neptune Insurance Holdings Inc.,Trevor Burgess,,,137233090.0,medium,,,,,,,1
ARHS,1875444,"Arhaus, Inc.",John Reed,,,141751733.0,medium,,,,,,,1
NUTX,1479681,Nutex Health Inc.,Thomas T. Vo,,,6847973.0,medium,,,,,,,1
NMAX,2026478,Newsmax Inc.,Christopher Ruddy,,,129160645.0,medium,,,,,,,1
DOCS,1516513,"Doximity, Inc.",Jeffrey Tangney,,,178245980.0,medium,,,,,,,1
MBIN,1629019,Merchants Bancorp,Michael F. Petrie,,,45938075.0,medium,,,,,,,1
URBN,912615,URBAN OUTFITTERS INC,Richard A. Hayne,,,85635083.0,medium,,,,,,,1
KVYO,1835830,"Klaviyo, Inc.",Andrew Bialecki,,,284727437.0,low,,"class(es) counted from the person's filings but absent from the cover page: Series A Common Stock, Series B Common Stock; the denominator may not include them",,,,,1
BRKR,1109354,BRUKER CORP,Frank H. Laukien,,,155119316.0,low,,"1 line(s) only ever footnoted, so missing from the total",,,,,1
CDRE,1860543,"Cadre Holdings, Inc.",Warren B. Kanders,,,42820734.0,medium,,,,,,,1
PLPC,80035,PREFORMED LINE PRODUCTS CO,Robert G. Ruhlman,,,4888701.0,medium,,,,,,,1
TEM,1717115,"Tempus AI, Inc.",Eric Lefkofsky,,,180434756.0,medium,,,,,,,1
MRTN,799167,MARTEN TRANSPORT LTD,Randolph L. Marten,,,81661669.0,medium,,,,,,,1
WMK,105418,WEIS MARKETS INC,Jonathan H. Weis,,,24744597.0,medium,,,,,,,1
LQDT,1235468,LIQUIDITY SERVICES INC,William P. Angrick,,,31331618.0,medium,,,,,,,1
PS,2026053,PERSHING SQUARE INC.,William A. Ackman,,,400000000.0,high,,,,,,,1
NRP,1171486,NATURAL RESOURCE PARTNERS LP,Corbin J. Robertson,,,13250412.0,medium,,,,,,,1
TTAN,1638826,"ServiceTitan, Inc.",Ara Mahdessian,,,95397579.0,low,,class(es) counted from the person's filings but absent from the cover page: Common Stock; the denominator may not include them,,,,,1
MEDP,1668397,"Medpace Holdings, Inc.",August J. Troendle,,,27911655.0,medium,,,,,,,1
TEAM,1650372,Atlassian Corp,Michael Cannon-Brookes,,,253138815.0,medium,,,,,,,1
ABCL,1703057,AbCellera Biologics Inc.,Carl L. G. Hansen,,,306611466.0,medium,,,,,,,1
VICR,751978,VICOR CORP,Patrizio Vinciarelli,,,46106732.0,medium,,,,,,,1
BIO,12208,"BIO-RAD LABORATORIES, INC.",Norman Schwartz,,,26738175.0,medium,,,,,,,1
ALX,3499,ALEXANDERS INC,Steven Roth,,,5107290.0,medium,,,,,,,1
PATH,1734722,"UiPath, Inc.",Daniel Dines,,,518120266.0,medium,,,,,,,1
MCRI,907242,MONARCH CASINO & RESORT INC,John Farahi,,,17922521.0,medium,,,,,,,1
AIP,1667011,"Arteris, Inc.",K. Charles Janac,,,49152102.0,high,,,,,,,1
GPGI,1823144,"GPGI, Inc.",Thomas Knott,,,289890082.0,high,,,,,,,1
RH,1528849,RH,Gary Friedman,,,18900969.0,medium,,,,,,,1
PRCH,1784535,"Porch Group, Inc.",Matthew Ehrlichman,,,131832044.0,medium,,,,,,,1
NUVB,1811063,Nuvation Bio Inc.,David Hung,,,351123233.0,medium,,,,,,,1
ZS,1713683,"Zscaler, Inc.",Jagtar Chaudhry,,,161709525.0,high,,,,,,,1
IDT,1005731,IDT CORP,Shmuel Jonas,,,24868566.0,low,,class(es) counted from the person's filings but absent from the cover page: Common Stock; the denominator may not include them,,,,,1
MUX,314203,McEwen Inc.,ROBERT R. MCEWEN,,,61358566.0,high,,,,,,,1
ARLP,1086600,ALLIANCE RESOURCE PARTNERS LP,Joseph W. Craft III,,,128658801.0,medium,,,,,,,1
AXSM,1579428,"Axsome Therapeutics, Inc.",Herriot Tabuteau,,,52380818.0,high,,,,,,,1
CRCT,1828962,"Cricut, Inc.",Ashish Arora,,,209444416.0,medium,,,,,,,1
YOU,1856314,"Clear Secure, Inc.",Caryn Seidman Becker,,,135288082.0,medium,,,,,,,1
MHK,851968,MOHAWK INDUSTRIES INC,Jeffrey S. Lorberbaum,,,67738145.0,medium,,,,,,,1
SSNC,1402436,SS&C Technologies Holdings Inc,William C. Stone,,,234654996.0,medium,,,,,,,1
UAA,1336917,"Under Armour, Inc.",Kevin A. Plank,,,429545541.0,low,,class(es) counted from the person's filings but absent from the cover page: Class B Common Stock; the denominator may not include them,,,,,1
LOB,1462120,"Live Oak Bancshares, Inc.",James S. Mahan III,,,46283620.0,medium,,,,,,,1
PAYC,1590955,"Paycom Software, Inc.",Chad Richison,,,45071619.0,medium,,,,,,,1
IBP,1580905,"Installed Building Products, Inc.",Jeffrey W. Edwards,,,26579177.0,medium,,,,,,,1
EQPT,1693736,EquipmentShare.com Inc,Jabbok Schlacks,,,253375963.0,medium,,,,,,,1
DAVE,1841408,Dave Inc./DE,Jason Wilk,,,12755507.0,medium,,,,,,,1
ARX,1997350,Accelerant Holdings,Jeff Radke,,,217188552.0,high,,,,,,,1
HNGE,1673743,"Hinge Health, Inc.",Daniel Perez,,,80694417.0,medium,,,,,,,1
LIFE,1788451,Ethos Technologies Inc.,Peter Colis,,,63759454.0,medium,,,,,,,1
GIII,821002,G III APPAREL GROUP LTD /DE/,Morris Goldfarb,,,42190573.0,medium,,,,,,,1
DDS,28917,"DILLARD'S, INC.",William Dillard,,,15619471.0,medium,,,,,,,1
WHD,1699136,"Cactus, Inc.",Scott Bender,,,80179417.0,medium,,,,,,,1
WLFC,1018164,WILLIS LEASE FINANCE CORP,Austin C. Willis,,,21144111.0,medium,,,,,,,1
ROKU,1428439,"ROKU, INC",Anthony Wood,,,148418969.0,medium,,,,,,,1
PVLA,1583648,"PALVELLA THERAPEUTICS, INC.",Wesley Kaupinen,,,14408407.0,high,,,,,,,1
GLP,1323468,GLOBAL PARTNERS LP,Eric Slifka,,,33995563.0,medium,,,,,,,1
OKLO,1849056,Oklo Inc.,Jacob DeWitte,,,186017650.0,medium,,,,,,,1
DMC,1047340,DEL MONTE CORP,Mohammad Abu-Ghazaleh,,,47146218.0,medium,,,,,,,1
KARD,2123613,"Kardigan, Inc.",Tassos Gianakakos,,,93503699.0,medium,,,,,,,1
LAMR,1090425,LAMAR ADVERTISING CO/NEW,Sean E. Reilly,,,101549784.0,medium,,,,,,,1
WSO,105016,WATSCO INC,Albert H. Nahmad,,,41252194.0,medium,,,,,,,1
STGW,876883,Stagwell Inc,Mark Penn,,,244475451.0,high,,,,,,,1
GCT,1857816,GigaCloud Technology Inc,Larry Lei Wu,,,71420474.0,low,,"1 line(s) only ever footnoted, so missing from the total",,,,,1
ASST,1920406,"Strive, Inc.",Matthew Cole,,,85441903.0,medium,,,,,,,1
AMRX,1723128,"Amneal Pharmaceuticals, Inc.",Chintu Patel,,,319353919.0,medium,,,,,,,1
LGIH,1580670,"LGI Homes, Inc.",Eric Lipar,,,23248272.0,medium,,,,,,,1
FIG,1579878,"Figma, Inc.",Dylan Field,,,533009867.0,medium,,,,,,,1
AUPH,1600620,Aurinia Pharmaceuticals Inc.,Kevin Tang,,,133051168.0,high,,,,,,,1
STUB,1337634,"StubHub Holdings, Inc.",Eric H. Baker,,,382089966.0,medium,,,,,,,1
CRWV,1769628,"CoreWeave, Inc.",Michael Intrator,,,551536602.0,medium,,,,,,,1
QUBT,1758009,Quantum Computing Inc.,Dr. Yuping Huang,,,226346861.0,medium,,,,,,,1
TMC,1798562,TMC the metals Co Inc.,Gerard Barron,,,441135482.0,medium,,,,,,,1
SNAP,1564408,Snap Inc,Evan Spiegel,,,1691197712.0,medium,,,,,,,1
ERAS,1761918,"Erasca, Inc.",Jonathan E. Lim,,,349762035.0,medium,,,,,,,1
JOBY,1819848,"Joby Aviation, Inc.",JoeBen Bevirt,,,989124237.0,high,,,,,,,1
ALNT,46129,ALLIENT INC,Richard S. Warzala,,,17002511.0,medium,,,,,,,1
CPNG,1834584,"Coupang, Inc.",Bom Kim,,,1797511702.0,medium,,,,,,,1
MBLY,1910139,Mobileye Global Inc.,Professor Amnon Shashua,,,252419583.0,medium,,,,,,,1
WTTR,1693256,"Select Water Solutions, Inc.",John Schmitz,,,138480833.0,low,,class(es) counted from the person's filings but absent from the cover page: Class Common Stock; the denominator may not include them,,,,,1
OPEN,1801169,Opendoor Technologies Inc.,Kaz Nejatian,,,971091050.0,medium,,,,,,,1
HCI,1400810,"HCI Group, Inc.",Paresh Patel,,,12438867.0,high,,,,,,,1
GME,1326380,GameStop Corp.,Ryan Cohen,,,448691257.0,high,,,,,,,1
AEO,919012,AMERICAN EAGLE OUTFITTERS INC,Jay L. Schottenstein,,,167573333.0,medium,,,,,,,1
CMPR,1262976,CIMPRESS plc,Robert S. Keane,,,24349476.0,medium,,,,,,,1
YSS,2086587,York Space Systems Inc.,Dirk Wallinger,,,137357605.0,medium,,,,,,,1
RCAT,748268,"Red Cat Holdings, Inc.",Jeffrey Thompson,,,152714362.0,medium,,,,,,,1
WULF,1083301,TERAWULF INC.,Paul B. Prager,,,498968677.0,medium,,,,,,,1
PPLI,1800227,People Inc,Barry Diller,,,74463925.0,low,,"class(es) counted from the person's filings but absent from the cover page: Common Stock, par value $0.0001; the denominator may not include them",,,,,1
AFRM,1820953,"Affirm Holdings, Inc.",Max Levchin,,,337421256.0,medium,,,,,,,1
APLD,1144879,Applied Digital Corp.,Wes Cummins,,,291469112.0,medium,,,,,,,1
HROW,1360214,"HARROW, INC.",Mark L. Baum,,,37487850.0,medium,,,,,,,1
VIA,1603015,"Via Transportation, Inc.",Daniel Ramot,,,81505613.0,medium,,,,,,,1
AI,1577526,"C3.ai, Inc.",Thomas M. Siebel,,,155449277.0,low,,"1 line(s) only ever footnoted, so missing from the total",,,,,1
INTA,1565687,"Intapp, Inc.",John Hall,,,76511148.0,high,,,,,,,1
JEF,96223,Jefferies Financial Group Inc.,Richard B. Handler,,,204432307.0,medium,,,,,,,1
HIMS,1773751,"Hims & Hers Health, Inc.",Andrew Dudum,,,233313413.0,medium,,,,,,,1
AUR,1828108,"Aurora Innovation, Inc.",Chris Urmson,,,2004155268.0,medium,,,,,,,1
SEI,1697500,"Solaris Energy Infrastructure, Inc.",William A. Zartler,,,76566392.0,high,,,,,,,1
DUOL,1562088,"Duolingo, Inc.",Luis von Ahn,,,46786269.0,medium,,,,,,,1
LTH,1869198,"Life Time Group Holdings, Inc.",Bahram Akradi,,,223461948.0,high,,,,,,,1
ODC,74046,Oil-Dri Corp of America,Daniel S. Jaffee,,,14488335.0,medium,,,,,,,1
ZM,1585521,"Zoom Communications, Inc.",Eric S. Yuan,,,291783711.0,medium,,,,,,,1
CAKE,887596,CHEESECAKE FACTORY INC,David Overton,,,49760634.0,medium,,,,,,,1
DXPE,1020710,DXP ENTERPRISES INC,David R. Little,,,15517148.0,medium,,,,,,,1
LADR,1577670,Ladder Capital Corp,Brian Harris,,,126865303.0,medium,,,,,,,1
RNG,1384905,"RingCentral, Inc.",Vladimir Shmunis,,,83506162.0,medium,,,,,,,1
GOLD,1591588,"Gold.com, Inc.",Gregory N. Roberts,,,28474036.0,medium,,,,,,,1
MP,1801368,MP Materials Corp. / DE,James H. Litinsky,,,178101588.0,medium,,,,,,,1
IREN,1878848,IREN Ltd,Daniel Roberts,,,357378674.0,high,,,,,,,1
W,1616707,Wayfair Inc.,Niraj Shah,,,136968070.0,medium,,,,,,,1
RMIX,2094433,"Suncrete, Inc.",Randall Edgar,,,73485834.0,high,,,,,,,1
CELC,1603454,Celcuity Inc.,Brian F. Sullivan,,,48931908.0,high,,,,,,,1
CRCL,1876042,"Circle Internet Group, Inc.",Jeremy Allaire,,,253875881.0,medium,,,,,,,1
MTZ,15615,MASTEC INC,José R. Mas,,,80304948.0,medium,,,,,,,1
AFG,1042046,AMERICAN FINANCIAL GROUP INC,Carl H. Lindner III,,,82921466.0,medium,,,,,,,1
TBLA,1840502,Taboola.com Ltd.,Adam Singolda,,,270155398.0,high,,,,,,,1
WT,880631,"WisdomTree, Inc.",Jonathan Steinberg,,,151512111.0,medium,,,,,,,1
CCS,1576940,"Century Communities, Inc.",Dale Francescon,,,28432900.0,high,,,,,,,1
LMAT,1158895,LEMAITRE VASCULAR INC,George W. LeMaitre,,,22869257.0,medium,,,,,,,1
TGTX,1001316,"TG THERAPEUTICS, INC.",Michael S. Weiss,,,153069053.0,medium,,,,,,,1
INBX,2007919,"Inhibrx Biosciences, Inc.",Mark P. Lappe,,,14717660.0,medium,,,,,,,1
WRBY,1504776,Warby Parker Inc.,Neil Blumenthal,,,123608054.0,medium,,,,,,,1
NXST,1142417,"NEXSTAR MEDIA GROUP, INC.",Perry A. Sook,,,30808301.0,medium,,,,,,,1
PDFS,1120914,PDF SOLUTIONS INC,John K. Kibarian,,,42227216.0,medium,,,,,,,1
PGY,1883085,Pagaya Technologies Ltd.,Gal Krubiner,,,85452990.0,high,,,,,,,1
NTSK,2063196,Netskope Inc,Sanjay Beri,,,403923649.0,medium,,,,,,,1
GTM,1794515,ZoomInfo Technologies Inc.,Henry Schuck,,,291110046.0,medium,,,,,,,1
NET,1477333,"Cloudflare, Inc.",Matthew Prince,,,356079715.0,medium,,,,,,,1
FCNCA,798941,FIRST CITIZENS BANCSHARES INC /DE/,Frank B. Holding,,,11293120.0,medium,,,,,,,1
CBRS,2021728,Cerebras Systems Inc.,Andrew D. Feldman,,,237564041.0,medium,,,,,,,1
JCAP,2046042,"Jefferson Capital, Inc. / DE",David Burton,,,57425536.0,medium,,,,,,,1
LUNR,1844452,"Intuitive Machines, Inc.",Stephen Altemus,,,228924068.0,medium,,,,,,,1
BAND,1514416,Bandwidth Inc.,David A. Morken,,,32180788.0,medium,,,,,,,1
AMPL,1866692,"Amplitude, Inc.",Spenser Skates,,,124916066.0,medium,,,,,,,1
RBRK,1943896,"Rubrik, Inc.",Bipul Sinha,,,207304433.0,medium,,,,,,,1
GRDN,1802255,"Guardian Pharmacy Services, Inc.",Fred P. Burke,,,63342304.0,medium,,,,,,,1
KRYS,1711279,"Krystal Biotech, Inc.",Krish S. Krishnan,,,29598836.0,medium,,,,,,,1
LZ,1286139,"LEGALZOOM.COM, INC.",Jeffrey Stibel,,,171264812.0,medium,,,,,,,1
EEFT,1029199,"EURONET WORLDWIDE, INC.",Michael J. Brown,,,37403595.0,medium,,,,,,,1
HLX,866829,HELIX ENERGY SOLUTIONS GROUP INC,Owen Kratz,,,147382447.0,medium,,,,,,,1
CHEF,1517175,"Chefs' Warehouse, Inc.",Christopher Pappas,,,40796083.0,medium,,,,,,,1
APLE,1418121,"Apple Hospitality REIT, Inc.",Justin G. Knight,,,236082698.0,medium,,,,,,,1
OWL,1823945,BLUE OWL CAPITAL INC.,Douglas I. Ostrover,,,1559092223.0,high,,,,,,,1
BYND,1655210,"BEYOND MEAT, INC.",Ethan Brown,,,515818978.0,medium,,,,,,,1
MXL,1288469,"MAXLINEAR, INC",Kishore Seendripu,,,90693191.0,medium,,,,,,,1
ABSI,1672688,Absci Corp,Sean McClain,,,171614010.0,medium,,,,,,,1
MCBS,1747068,"MetroCity Bankshares, Inc.",Nack Paek,,,28781229.0,medium,,,,,,,1
WABC,311094,WESTAMERICA BANCORPORATION,David L. Payne,,,23111153.0,medium,,,,,,,1
RPRX,1802768,Royalty Pharma plc,Pablo Legorreta,,,575001204.0,low,,class(es) counted from the person's filings but absent from the cover page: Class E Ordinary Shares; the denominator may not include them,,,,,1
STWD,1465128,"STARWOOD PROPERTY TRUST, INC.",Barry S. Sternlicht,,,370168950.0,medium,,,,,,,1
ALH,1317685,Alliance Laundry Holdings Inc.,Michael D. Schoeb,,,198769096.0,high,,,,,,,1
IOT,1642896,Samsara Inc.,Sanjit Biswas,,,582710082.0,medium,,,,,,,1
LPG,1596993,DORIAN LPG LTD.,John C. Hadjipateras,,,42782681.0,medium,,,,,,,1
FIGS,1846576,"FIGS, Inc.",Catherine Spear,,,166140242.0,medium,,,,,,,1
ZETA,1851003,Zeta Global Holdings Corp.,David A. Steinberg,,,502027210.0,medium,,,,,,,1
BLLN,2070849,"BillionToOne, Inc.",Oguzhan Atay,,,47187038.0,medium,,,,,,,1
HUN,1307954,Huntsman CORP,Peter R. Huntsman,,,175349112.0,medium,,,,,,,1
NSP,1000753,"INSPERITY, INC.",Paul J. Sarvadi,,,38195270.0,medium,,,,,,,1
STDN,2086716,"Standard Nuclear, Inc.",Kurt Terrani,,,156550755.0,high,,,,,,,1
ALAB,1736297,"Astera Labs, Inc.",Jitendra Mohan,,,173485104.0,medium,,,,,,,1
GRBK,1373670,"Green Brick Partners, Inc.",James R. Brickman,,,43010696.0,medium,,,,,,,1
TCBK,356171,TRICO BANCSHARES /,Richard P. Smith,,,31966630.0,medium,,,,,,,1
BOW,2002473,Bowhead Specialty Holdings Inc.,Stephen Sills,,,32943005.0,medium,,,,,,,1
ACMR,1680062,"ACM Research, Inc.",David H. Wang,,,69649196.0,medium,,,,,,,1
MTDR,1520006,Matador Resources Co,Joseph Wm. Foran,,,123754216.0,low,,"1 line(s) only ever footnoted, so missing from the total",,,,,1
VRTS,883237,"VIRTUS INVESTMENT PARTNERS, INC.",George R. Aylward,,,6622690.0,high,,,,,,,1
CHYM,1795586,"Chime Financial, Inc.",Christopher Britt,,,378585111.0,medium,,,,,,,1
LOAR,2000178,Loar Holdings Inc.,Dirkson Charles,,,93688471.0,high,,,,,,,1
NGL,1504461,NGL Energy Partners LP,H. Michael Krimbill,,,124814289.0,high,,,,,,,1
BRZE,1676238,"Braze, Inc.",William Magnuson,,,112631669.0,high,,,,,,,1
EVCM,1853145,EverCommerce Inc.,Eric Remer,,,176665246.0,medium,,,,,,,1
BKE,885245,BUCKLE INC,Dennis H. Nelson,,,51518086.0,medium,,,,,,,1
PL,1836833,Planet Labs PBC,William Marshall,,,356402526.0,medium,,,,,,,1
SOUN,1840856,"SOUNDHOUND AI, INC.",Dr. Keyvan Mohajer,,,444109844.0,medium,,,,,,,1
NEU,1282637,NEWMARKET CORP,Thomas E. Gottwald,,,9196406.0,medium,,,,,,,1
VCTR,1570827,"Victory Capital Holdings, Inc.",David C. Brown,,,61509572.0,low,,"1 line(s) only ever footnoted, so missing from the total",,,,,1
MIR,1809987,"Mirion Technologies, Inc.",Thomas D. Logan,,,249037647.0,low,,class(es) counted from the person's filings but absent from the cover page: Common Stock; the denominator may not include them,,,,,1
AEVA,1789029,"Aeva Technologies, Inc.",Soroush Salehian Dardashti,,,69705758.0,medium,,,,,,,1
XPEL,1767258,"XPEL, Inc.",Ryan L. Pape,,,27570748.0,high,,,,,,,1
KNSL,1669162,"Kinsale Capital Group, Inc.",Michael P. Kehoe,,,22778425.0,high,,,,,,,1
ATEC,1350653,"Alphatec Holdings, Inc.",Patrick S. Miles,,,154451076.0,medium,,,,,,,1
SECZ,2094496,Securitize Corp.,Carlos Domingo,,,163265685.0,medium,,,,,,,1
INOD,903651,INNODATA INC,Jack S. Abuhoff,,,34382651.0,medium,,,,,,,1
ALRM,1459200,"Alarm.com Holdings, Inc.",Stephen Trundle,,,49090228.0,medium,,,,,,,1
GFF,50725,GRIFFON CORP,Ronald J. Kramer,,,45294716.0,medium,,,,,,,1
SHAZ,2068385,SharonAI Holdings Inc.,James Manning,,,35803505.0,high,,,,,,,1
SUPN,1356576,"SUPERNUS PHARMACEUTICALS, INC.",Jack A. Khattar,,,58127013.0,medium,,,,,,,1
KOD,1468748,Kodiak Sciences Inc.,Victor Perlroth,,,62849457.0,medium,,,,,,,1
LASR,1124796,"NLIGHT, INC.",Scott Keeney,,,57690197.0,medium,,,,,,,1
OKTA,1660134,"Okta, Inc.",Todd McKinnon,,,174820928.0,medium,,,,,,,1
CCC,1818201,CCC Intelligent Solutions Holdings Inc.,Githesh Ramamurthy,,,588994704.0,high,,,,,,,1
GLPI,1575965,"Gaming & Leisure Properties, Inc.",Peter M. Carlino,,,290920043.0,medium,,,,,,,1
AGO,1273813,ASSURED GUARANTY LTD,Dominic J. Frederico,,,43979208.0,medium,,,,,,,1
FROG,1800667,JFrog Ltd,Shlomi Ben Haim,,,123301311.0,medium,,,,,,,1
CRON,1656472,Cronos Group Inc.,Michael Gorenstein,,,368412864.0,medium,,,,,,,1
HOMB,1331520,HOME BANCSHARES INC,John W. Allison,,,200049630.0,medium,,,,,,,1
PWP,1777835,Perella Weinberg Partners,Andrew Bednar,,,94038282.0,medium,,,,,,,1
SPHR,1795250,Sphere Entertainment Co.,James L. Dolan,,,35913607.0,medium,,,,,,,1
ZBIO,1953926,"Zenas BioPharma, Inc.",Leon O. Moulder,,,65176723.0,high,,,,,,,1
HRTG,1598665,"Heritage Insurance Holdings, Inc.",Ernesto Garateix,,,29732416.0,medium,,,,,,,1
RDVT,1720116,"Red Violet, Inc.",Derek Dubner,,,16046975.0,medium,,,,,,,1
SPB,109177,"Spectrum Brands Holdings, Inc.",David M. Maura,,,22995596.0,medium,,,,,,,1
NIQ,2054696,NIQ Global Intelligence plc,James Peck,,,294955864.0,high,,,,,,,1
VNO,899689,VORNADO REALTY TRUST,Steven Roth,,,186720531.0,medium,,,,,,,1
ASTH,1083446,"Astrana Health, Inc.",Brandon K. Sim,,,55737168.0,high,,,,,,,1
TXG,1770787,"10x Genomics, Inc.",Serge Saxonov,,,130291168.0,medium,,,,,,,1
UMBF,101382,UMB FINANCIAL CORP,J. Mariner Kemper,,,75950030.0,medium,,,,,,,1
QNST,1117297,"QUINSTREET, INC",Douglas Valenti,,,57086409.0,medium,,,,,,,1
VOYG,1788060,"Voyager Technologies, Inc./TX",Dylan Taylor,,,61029060.0,medium,,,,,,,1
RBLX,1315098,Roblox Corp,David Baszucki,,,714375941.0,medium,,,,,,,1
TOST,1650164,"Toast, Inc.",Aman Narang,,,578000000.0,medium,,,,,,,1
LMND,1691421,"Lemonade, Inc.",Daniel Schreiber,,,77396615.0,medium,,,,,,,1
AXTI,1051627,AXT INC,Morris S. Young,,,65573212.0,medium,,,,,,,1
AMLX,1658551,"Amylyx Pharmaceuticals, Inc.",Joshua B. Cohen,,,111423048.0,high,,,,,,,1
BETA,1784570,"BETA Technologies, Inc.",Kyle Clark,,,233941060.0,low,,"2 line(s) only ever footnoted, so missing from the total",,,,,1
ESTA,1688757,ESTABLISHMENT LABS HOLDINGS INC.,Juan José Chacón Quirós,,,29801891.0,low,,"2 line(s) only ever footnoted, so missing from the total",,,,,1
MLTX,1821586,MoonLake Immunotherapeutics,Jorge Santos Da Silva,,,85106685.0,medium,,,,,,,1
BILL,1786352,"BILL Holdings, Inc.",René Lacerte,,,85276782.0,medium,,,,,,,1
GEO,923796,GEO GROUP INC,George C. Zoley,,,131619584.0,medium,,,,,,,1
ONC,1651308,BeOne Medicines Ltd.,John V. Oyler,,,1478124405.0,medium,,,,,,,1
CNS,1284812,"COHEN & STEERS, INC.",Joseph M. Harvey,,,51421533.0,medium,,,,,,,1
WINA,908315,WINMARK CORP,Brett D. Heffes,,,3592169.0,medium,,,,,,,1
UMAC,1956955,"Unusual Machines, Inc.",Allan Evans,,,49956505.0,high,,,,,,,1
NESR,1698514,National Energy Services Reunited Corp.,Sherif Foda,,,100851754.0,medium,,,,,,,1
SAFE,1095651,Safehold Inc.,Jay Sugarman,,,70816280.0,medium,,,,,,,1
LYFT,1759509,"Lyft, Inc.",John David Risher,,,378540249.0,high,,,,,,,1
WD,1497770,"Walker & Dunlop, Inc.",William M. Walker,,,34325745.0,medium,,,,,,,1
OMER,1285819,OMEROS CORP,Gregory A. Demopulos,,,72388316.0,medium,,,,,,,1
GKOS,1192448,GLAUKOS Corp,Thomas W. Burns,,,58983937.0,medium,,,,,,,1
SANA,1770121,"Sana Biotechnology, Inc.",Steven D. Harr,,,299360637.0,medium,,,,,,,1
AX,1299709,"Axos Financial, Inc.",Gregory Garrabrants,,,56734842.0,medium,,,,,,,1
IBOC,315709,INTERNATIONAL BANCSHARES CORP,Dennis E. Nixon,,,62191514.0,medium,,,,,,,1
RARE,1515673,Ultragenyx Pharmaceutical Inc.,Emil D. Kakkis,,,98588873.0,high,,,,,,,1
HTH,1265131,Hilltop Holdings Inc.,Jeremy B. Ford,,,57286417.0,high,,,,,,,1
OPY,791963,OPPENHEIMER HOLDINGS INC,Robert S. Lowenthal,,,10708005.0,low,,"1 line(s) only ever footnoted, so missing from the total",,,,,1
NBR,1163739,NABORS INDUSTRIES LTD,Anthony G. Petrello,,,15961327.0,high,,,,,,,1
RSI,1793659,"Rush Street Interactive, Inc.",Richard Schwartz,,,231773358.0,medium,,,,,,,1
CRVS,1626971,"Corvus Pharmaceuticals, Inc.",Richard A. Miller,,,84120944.0,medium,,,,,,,1
BFLY,1804176,"Butterfly Network, Inc.",Joseph DeVivo,,,266285183.0,medium,,,,,,,1
POST,1530950,"Post Holdings, Inc.",Robert V. Vitale,,,43956805.0,medium,,,,,,,1
SANM,897723,SANMINA CORP,Jure Sola,,,53597356.0,medium,,,,,,,1
ARWR,879407,"ARROWHEAD PHARMACEUTICALS, INC.",Christopher Anzalone,,,141254467.0,medium,,,,,,,1
HUT,1964789,Hut 8 Corp.,Asher Genoot,,,123259468.0,medium,,,,,,,1
CROX,1334036,"Crocs, Inc.",Andrew Rees,,,47945075.0,medium,,,,,,,1
CORT,1088856,CORCEPT THERAPEUTICS INC,Joseph K. Belanoff,,,108098397.0,medium,,,,,,,1
NTCT,1078075,NETSCOUT SYSTEMS INC,Anil K. Singhal,,,72707312.0,medium,,,,,,,1
IMAX,921582,IMAX CORP,Richard L. Gelfond,,,54842114.0,medium,,,,,,,1
STEP,1796022,StepStone Group Inc.,Scott W. Hart,,,120676668.0,high,,,,,,,1
EXLS,1297989,"ExlService Holdings, Inc.",Rohit Kapoor,,,151612499.0,medium,,,,,,,1
VISN,1517228,"Vistance Networks, Inc.",Charles L. Treadway,,,230626412.0,high,,,,,,,1
BHVN,1935979,Biohaven Ltd.,Vlad Coric,,,151043781.0,medium,,,,,,,1
ESNT,1448893,Essent Group Ltd.,Mark A. Casale,,,89876493.0,low,,"2 line(s) only ever footnoted, so missing from the total",,,,,1
DCO,30305,DUCOMMUN INC /DE/,Stephen G. Oswald,,,15099779.0,medium,,,,,,,1
UVE,891166,"UNIVERSAL INSURANCE HOLDINGS, INC.",Stephen J. Donaghy,,,27830355.0,medium,,,,,,,1
OSCR,1568651,"Oscar Health, Inc.",Mark T. Bertolini,,,308645000.0,medium,,,,,,,1
FLYW,1580560,Flywire Corp,Michael Massaro,,,121667674.0,medium,,,,,,,1
NAVN,1639723,"Navan, Inc.",Ariel Cohen,,,254331262.0,medium,,,,,,,1
AAOI,1158114,"APPLIED OPTOELECTRONICS, INC.",Chih-Hsiang (Thompson) Lin,,,84569237.0,medium,,,,,,,1
DFIN,1669811,"Donnelley Financial Solutions, Inc.",Daniel N. Leib,,,24585383.0,medium,,,,,,,1
REX,744187,REX AMERICAN RESOURCES Corp,Zafar A. Rizvi,,,32937718.0,medium,,,,,,,1
LQDA,1819576,Liquidia Corp,Roger A. Jeffs,,,89508891.0,high,,,,,,,1
ESQ,1531031,"Esquire Financial Holdings, Inc.",Andrew C. Sagliocca,,,12104583.0,medium,,,,,,,1
GEL,1022321,GENESIS ENERGY LP,Grant E. Sims,,,122214318.0,medium,,,,,,,1
CHDN,20212,Churchill Downs Inc,William C. Carstanjen,,,69700243.0,medium,,,,,,,1
TYRA,1863127,"Tyra Biosciences, Inc.",Todd Harris,,,59676939.0,high,,,,,,,1
AGYS,78749,AGILYSYS INC,Ramesh Srinivasan,,,28205788.0,high,,,,,,,1
AMSC,880807,AMERICAN SUPERCONDUCTOR CORP /DE/,Daniel P. McGahn,,,48442143.0,high,,,,,,,1
APPN,1441683,APPIAN CORP,Matthew Calkins,,,71627597.0,medium,,,,,,,1
KNTK,1692787,Kinetik Holdings Inc.,Jamie Welch,,,162379129.0,medium,,,,,,,1
CLSK,827876,"CLEANSPARK, INC.",S. Matthew Schultz,,,256817073.0,low,,"1 line(s) only ever footnoted, so missing from the total",,,,,1
ROIV,1635088,Roivant Sciences Ltd.,Matthew Gline,,,722323015.0,high,,,,,,,1
IART,917520,INTEGRA LIFESCIENCES HOLDINGS CORP,Stuart M. Essig,,,77772506.0,medium,,,,,,,1
AMG,1004434,"AFFILIATED MANAGERS GROUP, INC.",Jay C. Horgen,,,25859933.0,medium,,,,,,,1
CIFR,1819989,Cipher Digital Inc.,Tyler Page,,,415030722.0,medium,,,,,,,1
ATRO,8063,ASTRONICS CORP,Peter J. Gundermann,,,43009064.0,low,,class(es) counted from the person's filings but absent from the cover page: $.01 PV COMMON STOCK; the denominator may not include them,,,,,1
GENB,2100782,"Generate Biomedicines, Inc.",Michael Nally,,,128352436.0,high,,,,,,,1
SPTX,2042347,"Seaport Therapeutics, Inc.",Daphne Zohar,,,53530550.0,high,,,,,,,1
FA,1210677,FIRST ADVANTAGE CORP,Scott Staples,,,171753691.0,medium,,,,,,,1
VKTX,1607678,"Viking Therapeutics, Inc.",Brian Lian,,,116652937.0,high,,,,,,,1
CBZ,944148,"CBIZ, Inc.",Jerome P. Grisko,,,54263879.0,medium,,,,,,,1
GRND,1820144,Grindr Inc.,George Arison,,,173820627.0,high,,,,,,,1
FCFS,840489,"FirstCash Holdings, Inc.",Rick L. Wessel,,,43371800.0,medium,,,,,,,1
CSQR,2105398,"Csquare, Inc.",Spencer Mullee,,,166633984.0,high,,,,,,,1
PBI,78814,PITNEY BOWES INC /DE/,Kurt Wolf,,,137090212.0,high,,,,,,,1
ELF,1600033,"e.l.f. Beauty, Inc.",Tarang P. Amin,,,59007996.0,medium,,,,,,,1
ANRO,1999480,"Alto Neuroscience, Inc.",Amit Etkin,,,39242104.0,medium,,,,,,,1
CPRI,1530721,Capri Holdings Ltd,John D. Idol,,,113651618.0,medium,,,,,,,1
BOX,1372612,BOX INC,Aaron Levie,,,137200773.0,high,,,,,,,1
OMDA,1611115,"Omada Health, Inc.",Sean Duffy,,,61216703.0,high,,,,,,,1
RAMP,733269,"LiveRamp Holdings, Inc.",Scott E. Howe,,,60794982.0,medium,,,,,,,1
TTI,844965,TETRA TECHNOLOGIES INC,Brady M. Murphy,,,148072779.0,medium,,,,,,,1
TARS,1819790,"Tarsus Pharmaceuticals, Inc.",Bobak Azamian,,,43882996.0,medium,,,,,,,1
NEXT,1612720,NextDecade Corp,Matthew K. Schatzman,,,266185433.0,medium,,,,,,,1
ACVA,1637873,ACV Auctions Inc.,George Chamoun,,,169807980.0,medium,,,,,,,1
LILA,1712184,Liberty Latin America Ltd.,Balan Nair,,,195900000.0,medium,,,,,,,1
PRG,1808834,"PROG Holdings, Inc.",Steven A. Michaels,,,39831633.0,medium,,,,,,,1
DCH,1062231,Dauch Corp,David C. Dauch,,,237604602.0,high,,,,,,,1
SGI,1206264,SOMNIGROUP INTERNATIONAL INC.,Scott L. Thompson,,,210365491.0,high,,,,,,,1
COHU,21535,COHU INC,Luis A. Müller,,,47338433.0,medium,,,,,,,1
FSBC,1275168,FIVE STAR BANCORP,James E. Beckwith,,,24536614.0,medium,,,,,,,1
HEI,46619,HEICO CORP,Eric A. Mendelson,,,139757405.0,medium,,,,,,,1
CHRN,1549084,ChronoScale Holdings Corp,Ying Cenly Chen,,,145637452.0,medium,,,,,,,1
TMDX,1756262,"TransMedics Group, Inc.",Waleed Hassanein,,,34675145.0,medium,,,,,,,1
HG,1593275,"Hamilton Insurance Group, Ltd.",Pina Albo,,,65890659.0,medium,,,,,,,1
AGL,1831097,"agilon health, inc.",Timothy O'Rourke,,,16791210.0,high,,,,,,,1
KFRC,930420,KFORCE INC,Joseph J. Liberatore,,,17909000.0,medium,,,,,,,1
OMCL,926326,"OMNICELL, INC.",Randall A. Lipps,,,45614884.0,medium,,,,,,,1
BKV,1838406,BKV Corp,Christopher P. Kalnin,,,109437830.0,medium,,,,,,,1
DEC,1922446,Diversified Energy Co,Rusty Hutson,,,70769563.0,medium,,,,,,,1
AMBQ,1500412,"Ambiq Micro, Inc.",Fumihide Esaka,,,24184536.0,medium,,,,,,,1
XZO,1873951,"Exzeo Group, Inc.",Paresh Patel,,,90085918.0,high,,,,,,,1
ZD,1084048,"ZIFF DAVIS, INC.",Vivek Shah,,,34287208.0,medium,,,,,,,1
LBTYA,1570585,Liberty Global Ltd.,Michael T. Fries,,,341087566.0,medium,,,,,,,1
PI,1114995,IMPINJ INC,Chris Diorio,,,30554413.0,medium,,,,,,,1
TH,1712189,Target Hospitality Corp.,James B. Archer,,,99623423.0,high,,,,,,,1
ECPG,1084961,ENCORE CAPITAL GROUP INC,Ashish Masih,,,21209366.0,high,,,,,,,1
PLMR,1761312,"Palomar Holdings, Inc.",Mac Armstrong,,,26317683.0,high,,,,,,,1
VRNS,1361113,VARONIS SYSTEMS INC,Yakov Faitelson,,,114860485.0,medium,,,,,,,1
CBL,910612,CBL & ASSOCIATES PROPERTIES INC,Stephen D. Lebovitz,,,30942757.0,medium,,,,,,,1
AORT,784199,"ARTIVION, INC.",J. Patrick Mackin,,,48756221.0,medium,,,,,,,1
TBBK,1295401,"Bancorp, Inc.",Damian Kozlowski,,,40786809.0,medium,,,,,,,1
CLOV,1801170,"CLOVER HEALTH INVESTMENTS, CORP. /DE",Andrew Toy,,,531156263.0,high,,,,,,,1
SEPN,1984086,"Septerna, Inc.",Jeffrey Finer,,,46676947.0,high,,,,,,,1
CRAI,1053706,"CRA INTERNATIONAL, INC.",Paul A. Maleh,,,6276860.0,high,,,,,,,1
EQBK,1227500,EQUITY BANCSHARES INC,Brad S. Elliott,,,20592490.0,medium,,,,,,,1
CNOB,712771,"ConnectOne Bancorp, Inc.",Frank Sorrentino III,,,50319832.0,high,,,,,,,1
AMBA,1280263,AMBARELLA INC,Feng-Ming Wang,,,43868185.0,medium,,,,,,,1
DEI,1364250,Douglas Emmett Inc,Jordan L. Kaplan,,,167485267.0,high,,,,,,,1
RCUS,1724521,"Arcus Biosciences, Inc.",Terry Rosen,,,127333376.0,medium,,,,,,,1
EZPW,876523,EZCORP INC,Lachlan P. Given,,,61443377.0,medium,,,,,,,1
PEN,1321732,Penumbra Inc,Adam Elsesser,,,39389422.0,medium,,,,,,,1
COCO,1482981,"Vita Coco Company, Inc.",Martin Roper,,,57397082.0,medium,,,,,,,1
ADMA,1368514,"ADMA BIOLOGICS, INC.",Adam S. Grossman,,,223984680.0,medium,,,,,,,1
ANAB,1370053,"ANAPTYSBIO, INC",Daniel Faga,,,29100902.0,medium,,,,,,,1
FOA,1828937,Finance of America Companies Inc.,Graham A. Fleming,,,17306890.0,high,,,,,,,1
YELP,1345016,YELP INC,Jeremy Stoppelman,,,54263621.0,low,,"1 line(s) only ever footnoted, so missing from the total",,,,,1
DBRG,1679688,"DigitalBridge Group, Inc.",Marc C. Ganzi,,,187495281.0,high,,,,,,,1
PAYO,1845815,Payoneer Global Inc.,John Caplan,,,338850836.0,high,,,,,,,1
HWKN,46250,HAWKINS INC,Patrick H. Hawkins,,,20875117.0,medium,,,,,,,1
PEB,1474098,Pebblebrook Hotel Trust,Jon E. Bortz,,,112842716.0,medium,,,,,,,1
HLNE,1433642,Hamilton Lane INC,Erik R. Hirsch,,,55110638.0,medium,,,,,,,1
PCRX,1396814,"Pacira BioSciences, Inc.",Frank D. Lee,,,39861886.0,high,,,,,,,1
EVR,1360901,Evercore Inc.,John S. Weinberg,,,38457878.0,medium,,,,,,,1
RIOT,1167419,"Riot Platforms, Inc.",Jason Les,,,375258935.0,high,,,,,,,1
S,1583708,"SentinelOne, Inc.",Tomer Weingarten,,,348049117.0,medium,,,,,,,1
CFFN,1490906,"Capitol Federal Financial, Inc.",John B. Dicus,,,125698283.0,medium,,,,,,,1
SPXC,88205,"SPX Technologies, Inc.",Eugene J. Lowe,,,50085860.0,high,,,,,,,1
WLDN,1370450,"Willdan Group, Inc.",Michael A. Bieber,,,15232091.0,medium,,,,,,,1
BE,1664703,Bloom Energy Corp,KR Sridhar,,,294527346.0,low,,"6 line(s) only ever footnoted, so missing from the total",,,,,1
WFRD,1603923,Weatherford International plc,Girishchandra K. Saligram,,,71685443.0,medium,,,,,,,1
DGII,854775,DIGI INTERNATIONAL INC,Ronald E. Konezny,,,37948123.0,medium,,,,,,,1
GOLF,1672013,Acushnet Holdings Corp.,David Maher,,,58405044.0,high,,,,,,,1
XERS,1867096,"Xeris Biopharma Holdings, Inc.",John Shannon,,,182320306.0,medium,,,,,,,1
AESI,1984060,Atlas Energy Solutions Inc.,John Turner,,,125003451.0,medium,,,,,,,1
HPK,1792849,"HighPeak Energy, Inc.",Michael Hollis,,,126452804.0,high,,,,,,,1
PJT,1626115,PJT Partners Inc.,Paul J. Taubman,,,25564947.0,medium,,,,,,,1
UTHR,1082554,UNITED THERAPEUTICS Corp,Martine Rothblatt,,,42890692.0,medium,,,,,,,1
ATRC,1323885,"AtriCure, Inc.",Michael H. Carrel,,,50866294.0,medium,,,,,,,1
NBHC,1475841,National Bank Holdings Corp,G. Timothy Laney,,,44539547.0,medium,,,,,,,1
CUBI,1488813,"Customers Bancorp, Inc.",Samvir S. Sidhu,,,33783799.0,medium,,,,,,,1
RHI,315213,ROBERT HALF INC.,M. Keith Waddell,,,102361828.0,medium,,,,,,,1
NNI,1258602,NELNET INC,Jeffrey R. Noordhoek,,,35779438.0,medium,,,,,,,1
BFH,1101215,"BREAD FINANCIAL HOLDINGS, INC.",Ralph J. Andretta,,,38419268.0,medium,,,,,,,1
SRRK,1727196,Scholar Rock Holding Corp,David Hallal,,,121785282.0,medium,,,,,,,1
DNLI,1714899,Denali Therapeutics Inc.,Ryan J. Watts,,,159847403.0,medium,,,,,,,1
COKE,317540,"Coca-Cola Consolidated, Inc.",J. Frank Harrison,,,66564294.0,medium,,,,,,,1
ANIP,1023024,ANI PHARMACEUTICALS INC,Nikhil Lalwani,,,22970352.0,high,,,,,,,1
BLFS,834365,BIOLIFE SOLUTIONS INC,Roderick de Greef,,,48906704.0,medium,,,,,,,1
GH,1576280,"Guardant Health, Inc.",Helmy Eltoukhy,,,134196170.0,medium,,,,,,,1
OCUL,1393434,"OCULAR THERAPEUTIX, INC",Pravin U. Dugel. M.D,,,219615868.0,high,,,,,,,1
BWIN,1781755,"Baldwin Insurance Group, Inc.",Trevor L. Baldwin,,,139498334.0,medium,,,,,,,1
OUST,1816581,"Ouster, Inc.",Angus Pacala,,,72112333.0,medium,,,,,,,1
CG,1527166,Carlyle Group Inc.,Harvey M. Schwartz,,,356332798.0,high,,,,,,,1
PR,1658566,Permian Resources Corp,William M. Hickey,,,837557029.0,high,,,,,,,1
CXM,1569345,"Sprinklr, Inc.",Rory Read,,,234228762.0,high,,,,,,,1
SHOO,913241,"STEVEN MADDEN, LTD.",Edward R. Rosenfeld,,,73177095.0,medium,,,,,,,1
SFBS,1430723,"ServisFirst Bancshares, Inc.",Thomas A. Broughton III,,,54672510.0,medium,,,,,,,1
APPS,317788,"Digital Turbine, Inc.",William Gordon Stone III,,,121016250.0,high,,,,,,,1
SAIL,2030781,"SailPoint, Inc.",Mark McClain,,,567182997.0,high,,,,,,,1
MIAX,1438472,"MIAMI INTERNATIONAL HOLDINGS, INC.",Thomas P. Gallagher,,,99230898.0,low,,"2 line(s) only ever footnoted, so missing from the total",,,,,1
ANDE,821026,"Andersons, Inc.",William E. Krueger,,,33975570.0,medium,,,,,,,1
RLJ,1511337,RLJ Lodging Trust,Leslie D. Hale,,,152375872.0,medium,,,,,,,1
POWL,80420,POWELL INDUSTRIES INC,Brett A. Cope,,,36432564.0,medium,,,,,,,1
CVSA,730464,Covista Inc.,Stephen W. Beard,,,34038820.0,high,,,,,,,1
ORKA,907654,"Oruka Therapeutics, Inc.",Lawrence Klein,,,66209699.0,high,,,,,,,1
SITM,1451809,SITIME Corp,Rajesh Vashist,,,30071036.0,medium,,,,,,,1
TRAX,2091349,"First Tracks Biotherapeutics, Inc.",Daniel Faga,,,35730843.0,medium,,,,,,,1
EXTR,1078271,EXTREME NETWORKS INC,Edward B. Meyercord III,,,130490653.0,medium,,,,,,,1
PD,1568100,"PagerDuty, Inc.",John DiLullo,,,78649873.0,high,,,,,,,1
GNL,1526113,"Global Net Lease, Inc.",Edward M. Weil,,,210930100.0,high,,,,,,,1
GPCR,1888886,Structure Therapeutics Inc.,Raymond Stevens,,,213929572.0,high,,,,,,,1
ADEA,1803696,Adeia Inc.,Paul E. Davis,,,110280150.0,medium,,,,,,,1
CORZ,1839341,"Core Scientific, Inc./tx",Adam Sullivan,,,321340441.0,medium,,,,,,,1
MGTX,1735438,MeiraGTx Holdings plc,Alexandria Forbes,,,96042996.0,high,,,,,,,1
SITE,1650729,"SiteOne Landscape Supply, Inc.",Doug Black,,,43655390.0,medium,,,,,,,1
OSW,1758488,ONESPAWORLD HOLDINGS Ltd,Leonard Fluxman,,,101498712.0,medium,,,,,,,1
BYD,906553,BOYD GAMING CORP,Keith E. Smith,,,72655414.0,medium,,,,,,,1
IRDM,1418819,Iridium Communications Inc.,Matthew J. Desch,,,105960383.0,medium,,,,,,,1
LXP,910108,LXP Industrial Trust,T. Wilson Eglin,,,58957264.0,medium,,,,,,,1
ADPT,1478320,Adaptive Biotechnologies Corp,Chad Robins,,,159595842.0,medium,,,,,,,1
EXEL,939767,"EXELIXIS, INC.",Michael M. Morrissey,,,247781692.0,medium,,,,,,,1
KURA,1422143,"Kura Oncology, Inc.",Troy E. Wilson,,,88960619.0,medium,,,,,,,1
ZWS,1439288,Zurn Elkay Water Solutions Corp,Todd A. Adams,,,165864097.0,medium,,,,,,,1
MHO,799292,"M/I HOMES, INC.",Robert H. Schottenstein,,,25283031.0,medium,,,,,,,1
TSHA,1806310,"Taysha Gene Therapies, Inc.",Sean Nolan,,,325833545.0,medium,,,,,,,1
FIGR,2064124,"Figure Technology Solutions, Inc.",Michael Tannenbaum,,,224377872.0,medium,,,,,,,1
MSGE,1952073,Madison Square Garden Entertainment Corp.,James L. Dolan,,,47305234.0,low,,class(es) counted from the person's filings but absent from the cover page: Common Stock; the denominator may not include them,,,,,1
EPR,1045450,EPR PROPERTIES,Gregory K. Silvers,,,76608922.0,medium,,,,,,,1
CACC,885550,CREDIT ACCEPTANCE CORP,Vinayak R. Hegde,,,10380580.0,high,,,,,,,1
UMH,752642,"UMH PROPERTIES, INC.",Samuel A. Landy,,,85385600.0,medium,,,,,,,1
UPST,1647639,"Upstart Holdings, Inc.",Paul Gu,,,97313046.0,high,,,,,,,1
BW,1630805,"Babcock & Wilcox Enterprises, Inc.",Kenneth M. Young,,,148965066.0,high,,,,,,,1
ENPH,1463101,"Enphase Energy, Inc.",Badrinarayanan Kothandaraman,,,132144648.0,medium,,,,,,,1
CRNX,1658247,"Crinetics Pharmaceuticals, Inc.",R. Scott Struthers,,,106065229.0,medium,,,,,,,1
CAVA,1639438,"CAVA GROUP, INC.",Brett Schulman,,,116806198.0,high,,,,,,,1
AROC,1389050,"Archrock, Inc.",D. Bradley Childers,,,175338185.0,medium,,,,,,,1
WLTH,1524566,WEALTHFRONT CORP,David Fortunato,,,149361216.0,medium,,,,,,,1
GNK,1326200,GENCO SHIPPING & TRADING LTD,John C. Wobensmith,,,43586605.0,medium,,,,,,,1
MCB,1476034,Metropolitan Bank Holding Corp.,Mark R. DeFazio,,,12397778.0,medium,,,,,,,1
PAY,1841156,"Paymentus Holdings, Inc.",Dushyant Sharma,,,125939647.0,medium,,,,,,,1
HLI,1302215,"HOULIHAN LOKEY, INC.",Scott J. Adelson,,,69886500.0,medium,,,,,,,1
HAPN,1409970,"Happen, Inc.",Scott Sanborn,,,115407464.0,medium,,,,,,,1
TNL,1361658,Travel & Leisure Co.,Michael D. Brown,,,61204232.0,medium,,,,,,,1
CDNA,1217234,"CareDx, Inc.",John W. Hanna,,,51734223.0,high,,,,,,,1
FRPT,1611647,"Freshpet, Inc.",William B. Cyr,,,48058074.0,medium,,,,,,,1
SPNT,1576018,SiriusPoint Ltd,Scott Egan,,,116165016.0,high,,,,,,,1
RYZ,1481582,Ryerson Holding Corp,Edward J. Lehner,,,51898653.0,medium,,,,,,,1
AVBP,1868279,"ArriVent BioPharma, Inc.",Zhengbin Yao,,,49307729.0,high,,,,,,,1
SCI,89089,SERVICE CORP INTERNATIONAL,Thomas L. Ryan,,,136619474.0,medium,,,,,,,1
APG,1796209,APi Group Corp,Russell A. Becker,,,432160297.0,high,,,,,,,1
REAL,1573221,"TheRealReal, Inc.",Rati Sahi Levesque,,,121671115.0,high,,,,,,,1
TWST,1581280,Twist Bioscience Corp,Emily M. Leproust,,,62707424.0,medium,,,,,,,1
ATEN,1580808,"A10 Networks, Inc.",Dhrupad Trivedi,,,72609021.0,medium,,,,,,,1
CARG,1494259,"CarGurus, Inc.",Jason Trevisan,,,89073478.0,medium,,,,,,,1
APGE,1974640,"Apogee Therapeutics, Inc.",Michael Henderson,,,75687735.0,medium,,,,,,,1
KRP,1657788,"Kimbell Royalty Partners, LP",Robert D. Ravnaas,,,114703590.0,medium,,,,,,,1
NPKI,71829,NPK International Inc.,Matthew S. Lanigan,,,84909894.0,medium,,,,,,,1
FRSH,1544522,Freshworks Inc.,Dennis Woodside,,,260920772.0,high,,,,,,,1
CCO,1334978,"Clear Channel Outdoor Holdings, Inc.",Scott R. Wells,,,509093845.0,medium,,,,,,,1
RAPP,2012593,"Rapport Therapeutics, Inc.",Abraham N. Ceesay,,,47978286.0,high,,,,,,,1
LUMN,18926,"Lumen Technologies, Inc.",Kate Johnson,,,1031445404.0,medium,,,,,,,1
FCN,887936,"FTI CONSULTING, INC",Steven H. Gunby,,,27611575.0,medium,,,,,,,1
FSUN,1709442,FIRSTSUN CAPITAL BANCORP,Neal E. Arnold,,,27923333.0,high,,,,,,,1
AVAH,1832332,"Aveanna Healthcare Holdings, Inc.",Jeff Shaner,,,218219696.0,high,,,,,,,1
NCNO,1902733,"nCino, Inc.",Sean Desmond,,,105736174.0,high,,,,,,,1
HGV,1674168,Hilton Grand Vacations Inc.,Mark D. Wang,,,77724145.0,medium,,,,,,,1
EFOR,890564,Everforth Inc,Theodore S. Hanson,,,41000000.0,medium,,,,,,,1
ALHC,1832466,"Alignment Healthcare, Inc.",John Kao,,,207435149.0,medium,,,,,,,1
UEC,1334933,URANIUM ENERGY CORP,Amir Adnani,,,494872366.0,medium,,,,,,,1
FSS,277509,FEDERAL SIGNAL CORP /DE/,Jennifer L. Sherman,,,61041611.0,medium,,,,,,,1
SN,1957132,"SharkNinja, Inc.",Mark Barrocas,,,140871552.0,medium,,,,,,,1
ROAD,1718227,"Construction Partners, Inc.",Fred J. Smith,,,56755555.0,medium,,,,,,,1
HUBG,940942,"Hub Group, Inc.",Phillip D. Yeager,,,61153510.0,medium,,,,,,,1
PRM,1880319,"Perimeter Solutions, Inc.",Haitham Khouri,,,163686923.0,medium,,,,,,,1
CRDO,1807794,Credo Technology Group Holding Ltd,William Brennan,,,186477898.0,medium,,,,,,,1
SBGI,1971213,"Sinclair, Inc.",Christopher S. Ripley,,,72318060.0,medium,,,,,,,1
BV,1734713,"BrightView Holdings, Inc.",Dale A. Asplund,,,92600000.0,high,,,,,,,1
MAN,871763,ManpowerGroup Inc.,Jonas Prising,,,46505570.0,medium,,,,,,,1
LOPE,1434588,"Grand Canyon Education, Inc.",Brian E. Mueller,,,26065037.0,high,,,,,,,1
KNSA,1730430,"Kiniksa Pharmaceuticals International, plc",Sanj K. Patel,,,156048026.0,low,,"1 line(s) only ever footnoted, so missing from the total",,,,,1
GBX,923120,GREENBRIER COMPANIES INC,Lorie L. Tekorius,,,30939686.0,medium,,,,,,,1
MARA,1507605,"MARA Holdings, Inc.",Fred Thiel,,,386299297.0,medium,,,,,,,1
MPT,1287865,MEDICAL PROPERTIES TRUST INC,Edward K. Aldag,,,598100000.0,medium,,,,,,,1
CALY,837465,Callaway Golf Co,Oliver G. Brewer III,,,178510521.0,medium,,,,,,,1
BEAM,1745999,Beam Therapeutics Inc.,John Evans,,,103287665.0,medium,,,,,,,1
ALKT,1529274,"ALKAMI TECHNOLOGY, INC.",Alex Shootman,,,106941980.0,high,,,,,,,1
ANF,1018840,ABERCROMBIE & FITCH CO /DE/,Fran Horowitz,,,44431710.0,medium,,,,,,,1
AIR,1750,AAR CORP,John M. Holmes,,,39892472.0,medium,,,,,,,1
FLO,1128928,FLOWERS FOODS INC,A. Ryals McMullian,,,212057418.0,medium,,,,,,,1
HZO,1057060,MARINEMAX INC,W. Brett McGill,,,22086746.0,high,,,,,,,1
DFTX,1813814,"Definium Therapeutics, Inc.",Robert Barrow,,,134366950.0,medium,,,,,,,1
SBRA,1492298,"Sabra Health Care REIT, Inc.",Richard K. Matros,,,255462756.0,medium,,,,,,,1
COMP,1563190,"Compass, Inc.",Robert Reffkin,,,757522197.0,low,,"1 line(s) only ever footnoted, so missing from the total",,,,,1
AEHR,1040470,AEHR TEST SYSTEMS,Gayn Erickson,,,32620450.0,medium,,,,,,,1
KD,1867072,"Kyndryl Holdings, Inc.",Martin J. Schroeter,,,217818263.0,high,,,,,,,1
ARLO,1736946,"Arlo Technologies, Inc.",Matthew McRae,,,107613304.0,medium,,,,,,,1
QTWO,1410384,"Q2 Holdings, Inc.",Matthew P. Flake,,,62354695.0,medium,,,,,,,1
GTES,1718512,Gates Industrial Corp Ltd.,Ivo Jurek,,,253151170.0,high,,,,,,,1
AVPT,1777921,"AvePoint, Inc.",Tianyi Jiang,,,211565426.0,medium,,,,,,,1
STRL,874238,"STERLING INFRASTRUCTURE, INC.",Joseph A. Cutillo,,,30588518.0,high,,,,,,,1
PHIN,1968915,PHINIA INC.,Brady D. Ericson,,,36638088.0,high,,,,,,,1
PGNY,1551306,"Progyny, Inc.",Peter Anevski,,,76726798.0,medium,,,,,,,1
PGEN,1356090,"PRECIGEN, INC.",Helen Sabzevari,,,358035247.0,high,,,,,,,1
RNR,913144,RENAISSANCERE HOLDINGS LTD,Kevin J. O'Donnell,,,41551893.0,medium,,,,,,,1
MYRG,700923,MYR GROUP INC.,Richard S. Swartz,,,15569250.0,medium,,,,,,,1
AMAL,1823608,Amalgamated Financial Corp.,Priscilla Sims Brown,,,29900147.0,medium,,,,,,,1
PFSI,1745916,"PennyMac Financial Services, Inc.",David A. Spector,,,51951572.0,medium,,,,,,,1
MSGS,1636519,Madison Square Garden Sports Corp.,James L. Dolan,,,24079941.0,low,,"class(es) counted from the person's filings but absent from the cover page: Common Stock, par value $0.01 per share; the denominator may not include them",,,,,1
TPG,1880661,TPG Inc.,Jon Winkelried,,,384524729.0,medium,,,,,,,1
CNR,1710366,"Core Natural Resources, Inc.",James A. Brock,,,49636257.0,medium,,,,,,,1
VTOL,1525221,Bristow Group Inc.,Christopher S. Bradshaw,,,29642000.0,medium,,,,,,,1
ACA,1739445,"Arcosa, Inc.",Antonio Carrillo,,,49106809.0,medium,,,,,,,1
GHC,104889,Graham Holdings Co,Timothy J. O'Shaughnessy,,,4234928.0,medium,,,,,,,1
FBK,1649749,FB Financial Corp,Christopher T. Holmes,,,49978138.0,medium,,,,,,,1
MBC,1941365,"MasterBrand, Inc.",R. David Banyard,,,203490490.0,medium,,,,,,,1
LGND,886163,LIGAND PHARMACEUTICALS INC,Todd C. Davis,,,19935609.0,medium,,,,,,,1
MIDD,769520,MIDDLEBY Corp,Timothy J. FitzGerald,,,45222349.0,medium,,,,,,,1
DLX,27996,DELUXE CORP,Barry C. McCarthy,,,45856290.0,high,,,,,,,1
PK,1617406,Park Hotels & Resorts Inc.,Thomas J. Baltimore,,,201338330.0,medium,,,,,,,1
LZB,57131,LA-Z-BOY INC,Melinda D. Whittington,,,40052771.0,high,,,,,,,1
HYMC,1718405,HYCROFT MINING HOLDING CORP,Diane R. Garrett,,,93181681.0,medium,,,,,,,1
WCC,929008,WESCO INTERNATIONAL INC,John J. Engel,,,48732854.0,medium,,,,,,,1
ADUS,1468328,Addus HomeCare Corp,R. Dirk Allison,,,18674300.0,high,,,,,,,1
HAE,313143,HAEMONETICS CORP,Christopher A. Simon,,,45497051.0,high,,,,,,,1
RBC,1324948,RBC Bearings INC,Michael J. Hartnett,,,31659245.0,low,,"1 line(s) only ever footnoted, so missing from the total",,,,,1
WH,1722684,"WYNDHAM HOTELS & RESORTS, INC.",Geoffrey A. Ballotti,,,74211122.0,medium,,,,,,,1
KTB,1760965,"Kontoor Brands, Inc.",Scott H. Baxter,,,54653620.0,medium,,,,,,,1
FIVN,1288847,"Five9, Inc.",Amit Mathradas,,,74723531.0,high,,,,,,,1
WAY,1990354,Waystar Holding Corp.,Matthew J. Hawkins,,,191748416.0,medium,,,,,,,1
BY,1702750,"BYLINE BANCORP, INC.",Roberto R. Herencia,,,45186420.0,medium,,,,,,,1
CRK,23194,COMSTOCK RESOURCES INC,M. Jay Allison,,,293620548.0,medium,,,,,,,1
CNXN,1050377,PC CONNECTION INC,Timothy J. McGrath,,,25238099.0,medium,,,,,,,1
CRS,17843,CARPENTER TECHNOLOGY CORP,Tony R. Thene,,,49558566.0,medium,,,,,,,1
IOSP,1054905,INNOSPEC INC.,Patrick S. Williams,,,24631047.0,medium,,,,,,,1
BFC,1746109,Bank First Corp,Michael B. Molepske,,,11085607.0,medium,,,,,,,1
BLKB,1280058,BLACKBAUD INC,Michael P. Gianoni,,,45390097.0,medium,,,,,,,1
USPH,885978,U S PHYSICAL THERAPY INC /NV,Christopher Reading,,,14922698.0,medium,,,,,,,1
LAD,1023128,LITHIA MOTORS INC,Bryan B. DeBoer,,,21983116.0,medium,,,,,,,1
SOFI,1818874,"SoFi Technologies, Inc.",Anthony Noto,,,1291570324.0,medium,,,,,,,1
SKYW,793733,SKYWEST INC,Russell A. Childs,,,38828325.0,medium,,,,,,,1
MLI,89439,MUELLER INDUSTRIES INC,Gregory L. Christopher,,,221181388.0,medium,,,,,,,1
XE,2088896,"X-Energy, Inc.",J. Clay Sell,,,406366108.0,high,,,,,,,1
PARR,821483,"PAR PACIFIC HOLDINGS, INC.",William Monteleone,,,50099627.0,medium,,,,,,,1
GSAT,1366868,"Globalstar, Inc.",Dr. Paul E. Jacobs,,,129712815.0,high,,,,,,,1
ZION,109380,"ZIONS BANCORPORATION, NATIONAL ASSOCIATION /UT/",Harris H. Simmons,,,145953355.0,medium,,,,,,,1
MDGL,1157601,"MADRIGAL PHARMACEUTICALS, INC.",William J. Sibold,,,23104126.0,high,,,,,,,1
WERN,793074,WERNER ENTERPRISES INC,Derek J. Leathers,,,59977156.0,high,,,,,,,1
LBRT,1694028,Liberty Energy Inc.,Ron Gusek,,,163191416.0,high,,,,,,,1
LNTH,1521036,"Lantheus Holdings, Inc.",Mary Anne Heino,,,65272369.0,medium,,,,,,,1
PATK,76605,PATRICK INDUSTRIES INC,Andy L. Nemeth,,,32118264.0,medium,,,,,,,1
ITRI,780571,"ITRON, INC.",Thomas L. Deitrich,,,43786753.0,medium,,,,,,,1
LAUR,912766,"LAUREATE EDUCATION, INC.",Eilif Serck-Hanssen,,,137749360.0,low,,"1 line(s) only ever footnoted, so missing from the total",,,,,1
CVCO,278166,"CAVCO INDUSTRIES, INC.",William C. Boor,,,7689402.0,high,,,,,,,1
CNO,1224608,"CNO Financial Group, Inc.",Gary C. Bhojwani,,,92521371.0,medium,,,,,,,1
GRAL,1699031,"GRAIL, Inc.",Joshua Ofman,,,44666234.0,medium,,,,,,,1
QBTS,1907982,D-Wave Quantum Inc.,Alan Baratz,,,369263837.0,high,,,,,,,1
QS,1811414,QuantumScape Corp,Siva Sivaram,,,619113507.0,medium,,,,,,,1
TILE,715787,INTERFACE INC,Laurel M. Hurd,,,57800460.0,high,,,,,,,1
NRIX,1549595,"Nurix Therapeutics, Inc.",Arthur T. Sands,,,103781683.0,high,,,,,,,1
SLS,1390478,"SELLAS Life Sciences Group, Inc.",Angelos M. Stergiou,,,201945709.0,medium,,,,,,,1
CHWY,1766502,"Chewy, Inc.",Sumit Singh,,,409424207.0,medium,,,,,,,1
FTI,1681459,TechnipFMC plc,Douglas J. Pferdehirt,,,392164388.0,medium,,,,,,,1
PLUS,1022408,EPLUS INC,Mark P. Marron,,,26090418.0,medium,,,,,,,1
ODTX,1882782,"Odyssey Therapeutics, Inc.",Gary D. Glick,,,48058527.0,high,,,,,,,1
PRKS,1564902,United Parks & Resorts Inc.,Marc G. Swanson,,,45341309.0,medium,,,,,,,1
LIME,1699963,"Neutron Holdings, Inc.",Wayne Ting,,,64984190.0,medium,,,,,,,1
NTLA,1652130,"Intellia Therapeutics, Inc.",John M. Leonard,,,140126693.0,high,,,,,,,1
ARXS,2093536,"Arxis, Inc.",Kevin Perhamus,,,417474371.0,high,,,,,,,1
RPM,110621,RPM INTERNATIONAL INC/DE/,Frank C. Sullivan,,,127741412.0,medium,,,,,,,1
RYAN,1849253,"RYAN SPECIALTY HOLDINGS, INC.",Timothy W. Turner,,,255814785.0,high,,,,,,,1
WK,1445305,WORKIVA INC,Julie Iskow,,,54416488.0,high,,,,,,,1
ALIT,1809104,"Alight, Inc. / Delaware",Rohit Verma,,,26939093.0,high,,,,,,,1
ROCK,912562,"GIBRALTAR INDUSTRIES, INC.",William T. Bosway,,,29683889.0,medium,,,,,,,1
RDN,890926,RADIAN GROUP INC,Richard G. Thornberry,,,132301318.0,high,,,,,,,1
SCHL,866729,SCHOLASTIC CORP,Peter Warwick,,,18862575.0,high,,,,,,,1
ASAN,1477720,"Asana, Inc.",Daniel Rogers,,,230509827.0,high,,,,,,,1
ONDS,1646188,Ondas Inc.,Eric A. Brock,,,570552341.0,medium,,,,,,,1
SXI,310354,STANDEX INTERNATIONAL CORP/DE/,David Dunbar,,,12119465.0,medium,,,,,,,1
TRNO,1476150,Terreno Realty Corp,W. Blake Baird,,,108970310.0,medium,,,,,,,1
ALKS,1520262,Alkermes plc.,Richard F. Pops,,,167763272.0,high,,,,,,,1
TDC,816761,TERADATA CORP /DE/,Stephen McMillan,,,93000000.0,high,,,,,,,1
ADNT,1670541,Adient plc,Jerome J. Dorlack,,,77096932.0,high,,,,,,,1
UNIT,2020795,Uniti Group Inc.,Kenneth A. Gunderman,,,242725135.0,medium,,,,,,,1
TNC,97134,TENNANT CO,David W. Huml,,,17049303.0,medium,,,,,,,1
DMRA,1800315,"Damora Therapeutics, Inc.",Jennifer Jarrett,,,61735519.0,high,,,,,,,1
PTGX,1377121,"Protagonist Therapeutics, Inc",Dinesh V. Patel,,,64708285.0,medium,,,,,,,1
OBK,1516912,"Origin Bancorp, Inc.",Drake Mills,,,30849678.0,medium,,,,,,,1
MTN,812011,VAIL RESORTS INC,Robert A. Katz,,,35633526.0,medium,,,,,,,1
EPAC,6955,ENERPAC TOOL GROUP CORP,Paul E. Sternlieb,,,51137646.0,low,,"1 line(s) only ever footnoted, so missing from the total",,,,,1
HOPE,1128361,HOPE BANCORP INC,Kevin S. Kim,,,127741836.0,medium,,,,,,,1
KYMR,1815442,"Kymera Therapeutics, Inc.",Nello Mainolfi,,,83150618.0,high,,,,,,,1
BATRA,1958140,"Atlanta Braves Holdings, Inc.",Terence F. McGuirk,,,64167897.0,low,,class(es) counted from the person's filings but absent from the cover page: Series C Common Stock; the denominator may not include them,,,,,1
KN,1587523,Knowles Corp,Jeffrey S. Niew,,,85410326.0,medium,,,,,,,1
SIND,2096861,Sinda Ltd.,Daniel Muniz Quintanilla,,,158790885.0,high,,,,,,,1
SAFT,1172052,SAFETY INSURANCE GROUP INC,George M. Murphy,,,14680482.0,high,,,,,,,1
UNFI,1020859,UNITED NATURAL FOODS INC,J. Alexander Miller Douglas,,,60519140.0,medium,,,,,,,1
SCSC,918965,"SCANSOURCE, INC.",Michael L. Baur,,,20142812.0,medium,,,,,,,1
EPC,1096752,EDGEWELL PERSONAL CARE Co,Rod R. Little,,,46088915.0,high,,,,,,,1
MMI,1578732,"Marcus & Millichap, Inc.",Hessam Nadji,,,37871003.0,medium,,,,,,,1
BANR,946673,BANNER CORP,Mark J. Grescovich,,,33984909.0,medium,,,,,,,1
MRVI,1823239,"MARAVAI LIFESCIENCES HOLDINGS, INC.",Bernd Brust,,,259673625.0,high,,,,,,,1
VSAT,797721,VIASAT INC,Mark Dankberg,,,137755810.0,low,,"1 line(s) only ever footnoted, so missing from the total",,,,,1
NXT,1852131,Nextpower Inc.,Daniel Shugar,,,151729520.0,medium,,,,,,,1
PBH,1295947,Prestige Consumer Healthcare Inc.,Ronald M. Lombardi,,,47374522.0,high,,,,,,,1
YETI,1670592,"YETI Holdings, Inc.",Matthew J. Reintjes,,,72988796.0,medium,,,,,,,1
OTTR,1466593,Otter Tail Corp,Charles S. MacFarlane,,,41985580.0,medium,,,,,,,1
SKT,899715,TANGER INC.,Stephen J. Yalof,,,114878989.0,high,,,,,,,1
KOS,1509991,Kosmos Energy Ltd.,Andrew G. Inglis,,,595487651.0,high,,,,,,,1
KMTS,1877184,"KESTRA MEDICAL TECHNOLOGIES, LTD.",Brian Webster,,,58602497.0,medium,,,,,,,1
HCSG,731012,HEALTHCARE SERVICES GROUP INC,Theodore Wahl,,,68632202.0,medium,,,,,,,1
CECO,3197,CECO ENVIRONMENTAL CORP,Todd Gleason,,,58569830.0,medium,,,,,,,1
JXN,1822993,Jackson Financial Inc.,Laura L. Prieskorn,,,67728744.0,medium,,,,,,,1
THO,730263,THOR INDUSTRIES INC,Robert W. Martin,,,52057373.0,medium,,,,,,,1
TRLV,1754195,Trulieve Cannabis Corp.,Kim Rivers,,,192565302.0,high,,,,,,,1
MATX,3453,"Matson, Inc.",Matthew J. Cox,,,29903458.0,medium,,,,,,,1
IMNM,1472012,Immunome Inc.,Clay Siegall,,,113577629.0,high,,,,,,,1
BTSG,1865782,"BrightSpring Health Services, Inc.",Jon Rousseau,,,197864241.0,medium,,,,,,,1
HMN,850141,HORACE MANN EDUCATORS CORP /DE/,Marita Zuraitis,,,40501054.0,medium,,,,,,,1
SLM,1032033,SLM Corp,Jonathan W. Witter,,,187946958.0,medium,,,,,,,1
MNKD,899460,MANNKIND CORP,Michael E. Castagna,,,321540637.0,high,,,,,,,1
ARQT,1787306,"Arcutis Biotherapeutics, Inc.",Todd Franklin Watanabe,,,125691961.0,medium,,,,,,,1
EVTC,1559865,"EVERTEC, Inc.",Morgan Schuessler,,,59752542.0,medium,,,,,,,1
REPL,1737953,"Replimune Group, Inc.",Sushil Patel,,,94219634.0,medium,,,,,,,1
QURE,1590560,uniQure N.V.,Matthew Kapusta,,,69366412.0,medium,,,,,,,1
NE,1895262,Noble Corp plc,Robert W. Eifler,,,159642218.0,medium,,,,,,,1
PB,1068851,PROSPERITY BANCSHARES INC,David Zalman,,,120176771.0,medium,,,,,,,1
FBP,1057706,FIRST BANCORP /PR/,Aurelio Alemán,,,152668268.0,high,,,,,,,1
NWPX,1001385,"NWPX Infrastructure, Inc.",Scott Montross,,,9637202.0,high,,,,,,,1
NN,1865631,NEXTNAV INC.,Mariam Sorond,,,168809910.0,medium,,,,,,,1
XNCR,1326732,Xencor Inc,Bassil I. Dahiyat,,,74353397.0,medium,,,,,,,1
PENG,1616533,"Penguin Solutions, Inc.",Kash Shaikh,,,51242699.0,high,,,,,,,1
NATL,1974138,NCR Atleos Corp,Timothy C. Oliver,,,73896934.0,medium,,,,,,,1
IAUX,1853962,i-80 Gold Corp.,Richard Young,,,865901683.0,high,,,,,,,1
PVH,78239,PVH CORP. /DE/,Stefan Larsson,,,46108092.0,high,,,,,,,1
VC,1111335,VISTEON CORP,Sachin S. Lawande,,,26695429.0,medium,,,,,,,1
OSIS,1039065,OSI SYSTEMS INC,Ajay Mehra,,,15941968.0,medium,,,,,,,1
DAN,26780,DANA Inc,R. Bruce McDonald,,,107576679.0,high,,,,,,,1
INVX,1042893,"Innovex International, Inc.",Adam Anderson,,,69935827.0,high,,,,,,,1
TFIN,1539638,"Triumph Financial, Inc.",Aaron P. Graft,,,23894537.0,high,,,,,,,1
DOLE,1857475,Dole plc,Rory Byrne,,,94458807.0,high,,,,,,,1
DAR,916540,DARLING INGREDIENTS INC.,Randall C. Stuewe,,,157802916.0,medium,,,,,,,1
TDW,98222,TIDEWATER INC,Quintin V. Kneen,,,49756231.0,high,,,,,,,1
STRA,1013934,"Strategic Education, Inc.",Karl McDonnell,,,22207559.0,medium,,,,,,,1
SRPT,873303,"Sarepta Therapeutics, Inc.",Michael Severino,,,105627021.0,high,,,,,,,1
IDYA,1676725,"IDEAYA Biosciences, Inc.",Yujiro Hata,,,96489484.0,high,,,,,,,1
FCPT,1650132,"Four Corners Property Trust, Inc.",William H. Lenehan,,,109756406.0,medium,,,,,,,1
PENN,921738,"PENN Entertainment, Inc.",Jay A. Snowden,,,134066591.0,medium,,,,,,,1
CRSR,1743759,"Corsair Gaming, Inc.",Thi L. La,,,108176959.0,medium,,,,,,,1
ABCB,351569,Ameris Bancorp,H. Palmer Proctor,,,67107239.0,medium,,,,,,,1
P,1474432,"Everpure, Inc.",Charles Giancarlo,,,332404932.0,high,,,,,,,1
ADT,1703056,ADT Inc.,James D. DeVries,,,730559248.0,medium,,,,,,,1
SGRY,1638833,"Surgery Partners, Inc.",J. Eric Evans,,,130918260.0,medium,,,,,,,1
NWL,814453,NEWELL BRANDS INC.,Christopher H. Peterson,,,425900000.0,high,,,,,,,1
PRGS,876167,PROGRESS SOFTWARE CORP /MA,Yogesh K. Gupta,,,41012942.0,medium,,,,,,,1
AAT,1500217,"American Assets Trust, Inc.",Adam Wyll,,,61390936.0,medium,,,,,,,1
GO,1771515,Grocery Outlet Holding Corp.,Jason Potter,,,99084492.0,high,,,,,,,1
IDCC,1405495,"InterDigital, Inc.",Liren Chen,,,25806007.0,high,,,,,,,1
MAIR,2098430,Madison Air Solutions Corp,Jill Wyant,,,501722612.0,high,,,,,,,1
MOD,67347,MODINE MANUFACTURING CO,Neil D. Brinker,,,53112708.0,medium,,,,,,,1
GLUE,1826457,"Monte Rosa Therapeutics, Inc.",Markus Warmuth,,,85313401.0,high,,,,,,,1
IRTC,1388658,"iRhythm Holdings, Inc.",Quentin S. Blackford,,,32963003.0,high,,,,,,,1
CSTL,1447362,CASTLE BIOSCIENCES INC,Derek J. Maetzold,,,30549507.0,medium,,,,,,,1
WS,1968487,"Worthington Steel, Inc.",Geoffrey G. Gilmore,,,50948146.0,medium,,,,,,,1
MOH,1179929,"MOLINA HEALTHCARE, INC.",Joseph M. Zubretsky,,,52200000.0,high,,,,,,,1
MLYS,1933414,"Mineralys Therapeutics, Inc.",Jon Congleton,,,88406885.0,high,,,,,,,1
NIC,1174850,NICOLET BANKSHARES INC,Michael E. Daniels,,,20957513.0,medium,,,,,,,1
KBR,1357615,"KBR, INC.",Stuart J. B. Bradie,,,126067755.0,medium,,,,,,,1
ENR,1632790,"ENERGIZER HOLDINGS, INC.",Mark S. LaVigne,,,68483637.0,high,,,,,,,1
HALO,1159036,"HALOZYME THERAPEUTICS, INC.",Helen I. Torley,,,113498000.0,high,,,,,,,1
ABM,771497,ABM INDUSTRIES INC /DE/,Scott Salmirs,,,58580923.0,medium,,,,,,,1
BL,1666134,"BLACKLINE, INC.",Owen Ryan,,,58125270.0,medium,,,,,,,1
AZZ,8947,AZZ INC,Thomas E. Ferguson,,,30051501.0,high,,,,,,,1
INDV,1625297,"Indivior Pharmaceuticals, Inc.",Joseph Ciaffoni,,,118013649.0,high,,,,,,,1
URGN,1668243,UroGen Pharma Ltd.,Elizabeth Barrett,,,48880564.0,medium,,,,,,,1
HLIT,851310,HARMONIC INC.,Nimrod Ben-Natan,,,109066445.0,medium,,,,,,,1
PTEN,889900,PATTERSON UTI ENERGY INC,William Andrew Hendricks,,,381384874.0,high,,,,,,,1
DOCN,1582961,"DigitalOcean Holdings, Inc.",Padmanabhan Srinivasan,,,117579550.0,medium,,,,,,,1
BUSE,314489,FIRST BUSEY CORP /NV/,Van A. Dukeman,,,82576956.0,medium,,,,,,,1
RLAY,1812364,"Relay Therapeutics, Inc.",Sanjiv K. Patel,,,219141631.0,medium,,,,,,,1
MUSA,1573516,Murphy USA Inc.,Mindy K. West,,,18380347.0,high,,,,,,,1
BAH,1443646,Booz Allen Hamilton Holding Corp,Horacio D. Rozanski,,,120284973.0,low,,"1 line(s) only ever footnoted, so missing from the total",,,,,1
RDNT,790526,"RadNet, Inc.",Howard G. Berger,,,78697257.0,medium,,,,,,,1
SXT,310142,SENSIENT TECHNOLOGIES CORP,Paul Manning,,,42562811.0,medium,,,,,,,1
HRI,1364479,HERC HOLDINGS INC,Lawrence H. Silber,,,33431444.0,medium,,,,,,,1
PCT,1830033,"PureCycle Technologies, Inc.",Dustin Olson,,,200904810.0,medium,,,,,,,1
OII,73756,OCEANEERING INTERNATIONAL INC,Roderick A. Larson,,,99529645.0,high,,,,,,,1
BHF,1685040,"Brighthouse Financial, Inc.",Eric T. Steigerwalt,,,57511563.0,high,,,,,,,1
HNI,48287,HNI CORP,Jeffrey D. Lorenger,,,72181800.0,medium,,,,,,,1
SBH,1368458,"Sally Beauty Holdings, Inc.",Denise Paulonis,,,93622292.0,medium,,,,,,,1
SSRM,921638,SSR MINING INC.,Rodney P. Antal,,,203909312.0,high,,,,,,,1
OLED,1005284,UNIVERSAL DISPLAY CORP \PA\,Steven V. Abramson,,,45966835.0,medium,,,,,,,1
MAT,63276,MATTEL INC /DE/,Ynon Kreiz,,,285700000.0,high,,,,,,,1
DNOW,1599617,DNOW Inc.,David A. Cherechinsky,,,180785891.0,medium,,,,,,,1
SYRE,1636282,"Spyre Therapeutics, Inc.",Cameron Turtle,,,88173762.0,high,,,,,,,1
FHI,1056288,"FEDERATED HERMES, INC.",J. Christopher Donahue,,,74660281.0,medium,,,,,,,1
BFST,1624322,"Business First Bancshares, Inc.",David R. Melville,,,32549883.0,medium,,,,,,,1
DBD,28823,"DIEBOLD NIXDORF, Inc",Octavio Marquez,,,33946588.0,high,,,,,,,1
ECVT,1708035,Ecovyst Inc.,Kurt J. Bitting,,,109468398.0,high,,,,,,,1
HIW,921082,"HIGHWOODS PROPERTIES, INC.",Theodore J. Klinck,,,110272697.0,medium,,,,,,,1
DEA,1622194,"Easterly Government Properties, Inc.",Darrell W. Crate,,,47321617.0,medium,,,,,,,1
SNDA,1043000,"SONIDA SENIOR LIVING, INC.",Brandon M. Ribar,,,48047990.0,medium,,,,,,,1
UNM,5513,Unum Group,Richard P. McKenney,,,158306798.0,medium,,,,,,,1
AVT,8858,AVNET INC,Philip R. Gallagher,,,82072979.0,high,,,,,,,1
IIPR,1677576,INNOVATIVE INDUSTRIAL PROPERTIES INC,Paul Smithers,,,27571349.0,high,,,,,,,1
MMS,1032220,"MAXIMUS, INC.",Bruce L. Caswell,,,52357763.0,medium,,,,,,,1
FNB,37808,FNB CORP/PA/,Vincent J. Delie,,,353000972.0,medium,,,,,,,1
CSL,790051,CARLISLE COMPANIES INC,D. Christian Koch,,,39714133.0,medium,,,,,,,1
KFY,56679,KORN FERRY,Gary D. Burnison,,,50857000.0,medium,,,,,,,1
CVLT,1169561,COMMVAULT SYSTEMS INC,Sanjay Mirchandani,,,41444564.0,medium,,,,,,,1
FORM,1039399,FORMFACTOR INC,Michael D. Slessor,,,78120725.0,medium,,,,,,,1
BHC,885590,Bausch Health Companies Inc.,Thomas J. Appio,,,373990561.0,medium,,,,,,,1
SHLS,1831651,"Shoals Technologies Group, Inc.",Brandon Moss,,,168299950.0,high,,,,,,,1
FSLY,1517413,"Fastly, Inc.",Charles Compton,,,159300000.0,high,,,,,,,1
UPWK,1627475,"UPWORK, INC",Hayden Brown,,,124903365.0,medium,,,,,,,1
PCTY,1591698,Paylocity Holding Corp,Toby J. Williams,,,53056963.0,medium,,,,,,,1
MRCY,1049521,MERCURY SYSTEMS INC,William L. Ballhaus,,,60136133.0,high,,,,,,,1
SNEX,913760,StoneX Group Inc.,Philip A. Smith,,,120616735.0,medium,,,,,,,1
TMP,1005817,TOMPKINS FINANCIAL CORP,Stephen S. Romaine,,,14382905.0,medium,,,,,,,1
VCEL,887359,Vericel Corp,Dominick C. Colangelo,,,51206614.0,medium,,,,,,,1
UTI,1261654,UNIVERSAL TECHNICAL INSTITUTE INC,Jerome A. Grant,,,55095231.0,medium,,,,,,,1
ICUI,883984,ICU MEDICAL INC/DE,Vivek Jain,,,25007038.0,medium,,,,,,,1
CGEM,1789972,"Cullinan Therapeutics, Inc.",Nadim Ahmed,,,64354694.0,high,,,,,,,1
TNET,937098,"TRINET GROUP, INC.",Michael Q. Simonds,,,45904738.0,high,,,,,,,1
VSEC,102752,VSE CORP,John A. Cuomo,,,28064972.0,high,,,,,,,1
ESTC,1707753,Elastic N.V.,Ashutosh Kulkarni,,,104991280.0,medium,,,,,,,1
WTS,795403,WATTS WATER TECHNOLOGIES INC,Robert J. Pagano,,,33383050.0,medium,,,,,,,1
CLS,1030894,CELESTICA INC,Robert A. Mionis,,,114982086.0,high,,,,,,,1
WU,1365135,Western Union CO,Devin B. McGranahan,,,311878981.0,high,,,,,,,1
OSBC,357173,OLD SECOND BANCORP INC,James L. Eccher,,,50875716.0,medium,,,,,,,1
VSTS,1967649,Vestis Corp,Jim Barber,,,132160105.0,high,,,,,,,1
VIR,1706431,"Vir Biotechnology, Inc.",Marianne De Backer,,,169215958.0,high,,,,,,,1
PRCT,1588978,PROCEPT BioRobotics Corp,Larry Wood,,,57273659.0,high,,,,,,,1
NMIH,1547903,"NMI Holdings, Inc.",Adam S. Pollitzer,,,75217851.0,medium,,,,,,,1
IRON,1816736,"Disc Medicine, Inc.",John Quisel,,,38392844.0,high,,,,,,,1
MIRM,1759425,"Mirum Pharmaceuticals, Inc.",Christopher Peetz,,,64932203.0,high,,,,,,,1
CNXC,1803599,Concentrix Corp,Christopher Caldwell,,,61018350.0,high,,,,,,,1
CBT,16040,CABOT CORP,Sean D. Keohane,,,51631007.0,medium,,,,,,,1
COUR,1651562,"Coursera, Inc.",Gregory M. Hart,,,264400000.0,medium,,,,,,,1
XPO,1166003,"XPO, Inc.",Mario Harik,,,117086465.0,medium,,,,,,,1
MTH,833079,Meritage Homes CORP,Phillippe Lord,,,65174093.0,high,,,,,,,1
THRM,903129,Gentherm Inc,William Presley,,,30705208.0,high,,,,,,,1
MTX,891014,MINERALS TECHNOLOGIES INC,Douglas T. Dietrich,,,31128762.0,medium,,,,,,,1
SVRA,1160308,Savara Inc,Matthew Pauls,,,205460015.0,high,,,,,,,1
KALU,811596,KAISER ALUMINUM CORP,Keith A. Harvey,,,16349092.0,high,,,,,,,1
CNK,1385280,"Cinemark Holdings, Inc.",Sean Gamble,,,116096003.0,medium,,,,,,,1
AAL,6201,American Airlines Group Inc.,Robert D. Isom,,,661969951.0,medium,,,,,,,1
PXED,1600222,"Phoenix Education Partners, Inc.",Christopher Lynne,,,36047376.0,high,,,,,,,1
HAWK,1750704,"HawkEye 360, Inc.",John Serafini,,,97965552.0,high,,,,,,,1
FOUR,1794669,"Shift4 Payments, Inc.",Taylor Lauber,,,78960120.0,high,,,,,,,1
SEDG,1419612,"SOLAREDGE TECHNOLOGIES, INC.",Shuki Nir,,,61525748.0,medium,,,,,,,1
GLIBA,2057463,Liberty Capital Corp/NV,Ronald A. Duncan,,,39904994.0,low,,class(es) counted from the person's filings but absent from the cover page: Series C GCI Group Common Stock; the denominator may not include them,,,,,1
ICFI,1362004,"ICF International, Inc.",John Wasson,,,17933884.0,medium,,,,,,,1
TENB,1660280,"Tenable Holdings, Inc.",Stephen A. Vintz,,,110139983.0,high,,,,,,,1
SON,91767,SONOCO PRODUCTS CO,R. Howard Coker,,,98875003.0,medium,,,,,,,1
PLAB,810136,PHOTRONICS INC,George C. Macricostas,,,58963698.0,medium,,,,,,,1
INSP,1609550,"Inspire Medical Systems, Inc.",Timothy P. Herbert,,,28910375.0,medium,,,,,,,1
WEX,1309108,WEX Inc.,Melissa D. Smith,,,34081611.0,medium,,,,,,,1
FLY,1860160,Firefly Aerospace Inc.,Jason Kim,,,167404645.0,medium,,,,,,,1
GPI,1031203,GROUP 1 AUTOMOTIVE INC,Daryl A. Kenningham,,,11922225.0,medium,,,,,,,1
ORIC,1796280,"Oric Pharmaceuticals, Inc.",Jacob M. Chacko,,,103652656.0,medium,,,,,,,1
VIAV,912093,VIAVI SOLUTIONS INC.,Oleg Khaykin,,,246749828.0,medium,,,,,,,1
MTRN,1104657,MATERION Corp,Jugal K. Vijayvargiya,,,20833725.0,medium,,,,,,,1
STC,94344,STEWART INFORMATION SERVICES CORP,Frederick H. Eppinger,,,30522199.0,medium,,,,,,,1
PRDO,1046568,PERDOCEO EDUCATION Corp,Todd S. Nelson,,,62577055.0,medium,,,,,,,1
PDM,1042776,"Piedmont Realty Trust, Inc.",C. Brent Smith,,,125132825.0,high,,,,,,,1
INNV,1834376,InnovAge Holding Corp.,Patrick Blair,,,135736393.0,high,,,,,,,1
AWR,1056903,AMERICAN STATES WATER CO,Robert J. Sprowls,,,39635626.0,medium,,,,,,,1
TBN,1997652,Tamboran Resources Corp,Todd Abbott,,,28318909.0,medium,,,,,,,1
RES,742278,RPC INC,Ben M. Palmer,,,221657012.0,medium,,,,,,,1
CURB,2027317,Curbline Properties Corp.,David R. Lukes,,,115038025.0,medium,,,,,,,1
PSMT,1041803,PRICESMART INC,David N. Price,,,30860524.0,high,,,,,,,1
DCOM,846617,"Dime Commercial Bancshares, Inc. /NY/",Stuart H. Lubow,,,44156595.0,high,,,,,,,1
VCYT,1384101,"VERACYTE, INC.",Marc Stapley,,,80390731.0,medium,,,,,,,1
JBS,1791942,JBS N.V.,Gilberto Tomazoni,,,1070929187.0,high,,,,,,,1
BCAX,2023658,Bicara Therapeutics Inc.,Claire Mazumdar,,,66172934.0,high,,,,,,,1
ADC,917251,AGREE REALTY CORP,Joel N. Agree,,,124379310.0,medium,,,,,,,1
PSN,275880,PARSONS CORP,Carey A. Smith,,,106805394.0,high,,,,,,,1
SNDX,1395937,Syndax Pharmaceuticals Inc,Michael A. Metzger,,,89297086.0,high,,,,,,,1
CACI,16058,CACI INTERNATIONAL INC /DE/,John S. Mengucci,,,22099539.0,medium,,,,,,,1
GHM,716314,GRAHAM CORP,Matthew J. Malone,,,11737033.0,high,,,,,,,1
SDGR,1490978,"Schrodinger, Inc.",Ramy Farid,,,74805628.0,high,,,,,,,1
CHE,19584,CHEMED CORP,Kevin J. McNamara,,,13069961.0,medium,,,,,,,1
THC,70318,TENET HEALTHCARE CORP,Saumya Sutaria,,,80519000.0,medium,,,,,,,1
EOSE,1805077,"Eos Energy Enterprises, Inc.",Joseph Mastrangelo,,,364167744.0,medium,,,,,,,1
QLYS,1107843,"QUALYS, INC.",Sumedh S. Thakar,,,34595001.0,medium,,,,,,,1
PUMP,1680247,ProPetro Holding Corp.,Samuel D. Sledge,,,122823917.0,high,,,,,,,1
CLF,764065,CLEVELAND-CLIFFS INC.,Lourenco Goncalves,,,570540047.0,high,,,,,,,1
WOLF,895419,"WOLFSPEED, INC.",Robert Feurle,,,52995396.0,high,,,,,,,1
WKC,789460,WORLD KINECT CORP,Ira M. Birns,,,51151620.0,medium,,,,,,,1
KSS,885639,KOHLS Corp,Michael Bender,,,113399993.0,high,,,,,,,1
EWBC,1069157,EAST WEST BANCORP INC,Dominic Ng,,,137011856.0,medium,,,,,,,1
LKFN,721994,LAKELAND FINANCIAL CORP,David M. Findlay,,,24857840.0,high,,,,,,,1
MBWM,1042729,MERCANTILE BANK CORP,Raymond E. Reitsma,,,17285929.0,medium,,,,,,,1
WMS,1604028,"ADVANCED DRAINAGE SYSTEMS, INC.",D. Scott Barbour,,,75405342.0,medium,,,,,,,1
KAI,886346,KADANT INC,Jeffrey L. Powell,,,11809117.0,medium,,,,,,,1
FTAI,1590364,FTAI Aviation Ltd.,Joseph P. Adams. Jr,,,102707091.0,medium,,,,,,,1
CLBK,2115119,"Columbia Financial, Inc./MD/",Thomas J. Kemly,,,269545135.0,medium,,,,,,,1
RIVN,1874178,"Rivian Automotive, Inc. / DE",Robert J. Scaringe,,,1447860630.0,medium,,,,,,,1
TRN,99780,TRINITY INDUSTRIES INC,E. Jean Savage,,,79669486.0,high,,,,,,,1
UVV,102037,UNIVERSAL CORP /VA/,Preston D. Wigner,,,24899257.0,medium,,,,,,,1
HCC,1691303,"WARRIOR MET COAL, INC.",Walter J. Scheller,,,52802087.0,medium,,,,,,,1
MD,893949,"Pediatrix Medical Group, Inc.",Mark S. Ordan,,,81253271.0,medium,,,,,,,1
SPH,1005210,SUBURBAN PROPANE PARTNERS LP,Michael A. Stivala,,,66712387.0,medium,,,,,,,1
UFPT,914156,UFP TECHNOLOGIES INC,Mitchell C. Rock,,,7745790.0,medium,,,,,,,1
WAFD,936528,WAFD INC,Brent J. Beardall,,,73995238.0,medium,,,,,,,1
CTBI,350852,COMMUNITY TRUST BANCORP INC /KY/,Mark A. Gooch,,,18167954.0,medium,,,,,,,1
ACLS,1113232,AXCELIS TECHNOLOGIES INC,Russell J. Low,,,30881489.0,medium,,,,,,,1
VSXY,1856437,Victoria's Secret & Co.,Hillary Super,,,79491720.0,high,,,,,,,1
SF,720672,STIFEL FINANCIAL CORP,Ronald J. Kruszewski,,,376029134.0,medium,,,,,,,1
OC,1370946,Owens Corning,Brian D. Chambers,,,79048683.0,medium,,,,,,,1
PRSU,884219,"Pursuit Attractions & Hospitality, Inc.",David W. Barry,,,27264155.0,medium,,,,,,,1
MAZE,1842295,"Maze Therapeutics, Inc.",Jason Coloma,,,55549168.0,high,,,,,,,1
MKL,1096343,MARKEL GROUP INC.,Thomas S. Gayner,,,12389958.0,medium,,,,,,,1
WOR,108516,"WORTHINGTON ENTERPRISES, INC.",Joseph B. Hayek,,,48934416.0,medium,,,,,,,1
GBTG,1820872,"Global Business Travel Group, Inc.",Paul Abbott,,,522373443.0,medium,,,,,,,1
ENVA,1529864,"Enova International, Inc.",Steven E. Cunningham,,,24898371.0,medium,,,,,,,1
GTX,1735707,Garrett Motion Inc.,Olivier Rabiller,,,186493414.0,medium,,,,,,,1
SBET,1981535,"Sharplink, Inc.",Joseph Chalom,,,217223604.0,medium,,,,,,,1
ESI,1590714,Element Solutions Inc,Benjamin Gliklich,,,243690914.0,high,,,,,,,1
OI,812074,"O-I Glass, Inc. /DE/",Gordon J. Hardie,,,153659747.0,high,,,,,,,1
AZTA,933974,"Azenta, Inc.",John Marotta,,,43808393.0,medium,,,,,,,1
WBTN,1997859,WEBTOON Entertainment Inc.,Junkoo Kim,,,135711070.0,high,,,,,,,1
DXC,1688568,DXC Technology Co,Raul Fernandez,,,159778689.0,high,,,,,,,1
SPSC,1092699,SPS COMMERCE INC,Chadwick Collins,,,36000174.0,medium,,,,,,,1
SYNA,817720,SYNAPTICS Inc,Rahul Patel,,,39106986.0,high,,,,,,,1
R,85961,RYDER SYSTEM INC,John J. Diez,,,38346868.0,medium,,,,,,,1
ACIW,935036,"ACI WORLDWIDE, INC.",Thomas W. Warsop,,,100955241.0,high,,,,,,,1
MTG,876437,MGIC INVESTMENT CORP,Timothy J. Mattke,,,205124840.0,medium,,,,,,,1
RHP,1040829,"Ryman Hospitality Properties, Inc.",Mark Fioravanti,,,63119288.0,medium,,,,,,,1
EFC,1411342,Ellington Financial Inc.,Laurence Penn,,,128887386.0,medium,,,,,,,1
ATKR,1666138,Atkore Inc.,William E. Waltz,,,33772550.0,medium,,,,,,,1
FHN,36966,FIRST HORIZON CORP,D. Bryan Jordan,,,473777158.0,medium,,,,,,,1
EE,1888447,"Excelerate Energy, Inc.",Steven Kobos,,,113402105.0,low,,class(es) counted from the person's filings but absent from the cover page: Class A Common Stock; the denominator may not include them,,,,,1
NG,1173420,NOVAGOLD RESOURCES INC,Gregory A. Lang,,,438780614.0,medium,,,,,,,1
HURN,1289848,Huron Consulting Group Inc.,C. Mark Hussey,,,15910072.0,high,,,,,,,1
AGCO,880266,AGCO CORP /DE,Eric P. Hansotia,,,70031729.0,medium,,,,,,,1
OPCH,1014739,"Option Care Health, Inc.",John Rademacher,,,149785243.0,high,,,,,,,1
RUN,1469367,Sunrun Inc.,Mary Powell,,,240846982.0,high,,,,,,,1
PTCT,1070081,"PTC THERAPEUTICS, INC.",Matthew B. Klein,,,83460802.0,medium,,,,,,,1
ALGT,1362468,Allegiant Travel CO,Gregory C. Anderson,,,27337755.0,medium,,,,,,,1
TVTX,1438533,"Travere Therapeutics, Inc.",Eric Dube,,,94261082.0,high,,,,,,,1
NVTS,1821769,Navitas Semiconductor Corp,Chris Allexandre,,,233713166.0,high,,,,,,,1
AN,350698,"AUTONATION, INC.",Mike Manley,,,33060806.0,high,,,,,,,1
PFS,1178970,PROVIDENT FINANCIAL SERVICES INC,Anthony J. Labozzetta,,,130422618.0,medium,,,,,,,1
NVT,1720635,nVent Electric plc,Beth A. Wozniak,,,161857939.0,medium,,,,,,,1
VSNT,2067876,"Versant Media Group, Inc.",Mark Lazarus,,,139170078.0,medium,,,,,,,1
GTLB,1653482,Gitlab Inc.,William Staples,,,168900000.0,high,,,,,,,1
ELAN,1739104,Elanco Animal Health Inc,Jeffrey N. Simmons,,,499621830.0,high,,,,,,,1
ATMU,1921963,Atmus Filtration Technologies Inc.,Stephanie J. Disher,,,81595527.0,high,,,,,,,1
PBF,1534504,PBF Energy Inc.,Matthew C. Lucey,,,118536849.0,high,,,,,,,1
RRC,315852,RANGE RESOURCES CORP,Dennis L. Degner,,,233679515.0,high,,,,,,,1
SRCE,34782,1ST SOURCE CORP,Andrea G. Short,,,24081826.0,medium,,,,,,,1
BCO,78890,BRINKS CO,Mark Eubanks,,,41189634.0,medium,,,,,,,1
DRVN,1804745,Driven Brands Holdings Inc.,Daniel Rivera,,,164979816.0,high,,,,,,,1
FHB,36377,"FIRST HAWAIIAN, INC.",Robert S. Harrison,,,121680634.0,high,,,,,,,1
KTOS,1069258,"KRATOS DEFENSE & SECURITY SOLUTIONS, INC.",Eric M. DeMarco,,,187721327.0,medium,,,,,,,1
EMN,915389,EASTMAN CHEMICAL CO,Mark J. Costa,,,114377421.0,high,,,,,,,1
SYBT,835324,"Stock Yards Bancorp, Inc.",James A. Hillebrand,,,31066643.0,medium,,,,,,,1
UPBD,933036,"UPBOUND GROUP, INC.",Fahmi Karam,,,58299405.0,high,,,,,,,1
IESC,1048268,"IES Holdings, Inc.",Matthew J. Simmes,,,19924356.0,medium,,,,,,,1
HLMN,1822492,Hillman Solutions Corp.,Jon Michael Adinolfi,,,194544999.0,high,,,,,,,1
JANX,1817713,"Janux Therapeutics, Inc.",David Campbell,,,61136773.0,high,,,,,,,1
ICHR,1652535,"ICHOR HOLDINGS, LTD.",Philip Barros,,,37454229.0,medium,,,,,,,1
BLBD,1589526,Blue Bird Corp,John Wyskiel,,,31676039.0,high,,,,,,,1
RVMD,1628171,"Revolution Medicines, Inc.",Mark A. Goldsmith,,,214336418.0,medium,,,,,,,1
NNN,751364,"NNN REIT, INC.",Stephen A. Horn,,,191931400.0,high,,,,,,,1
WAL,1212545,WESTERN ALLIANCE BANCORPORATION,Kenneth A. Vecchione,,,109100864.0,medium,,,,,,,1
FMC,37785,FMC CORP,Pierre R. Brondeau,,,125226839.0,medium,,,,,,,1
TRUP,1371285,"TRUPANION, INC.",Margi Tooth,,,43872611.0,medium,,,,,,,1
IRT,1466085,"INDEPENDENCE REALTY TRUST, INC.",Scott F. Schaeffer,,,235744567.0,high,,,,,,,1
CENX,949157,CENTURY ALUMINUM CO,Jesse E. Gary,,,98993295.0,high,,,,,,,1
BC,14930,BRUNSWICK CORP,David M. Foulkes,,,64797428.0,medium,,,,,,,1
UTZ,1739566,"Utz Brands, Inc.",Howard Friedman,,,143962213.0,high,,,,,,,1
CRI,1060822,CARTERS INC,Sharon Price John,,,36711185.0,high,,,,,,,1
SHO,1295810,"Sunstone Hotel Investors, Inc.",Bryan A. Giglia,,,185943941.0,medium,,,,,,,1
OCFC,1004702,OCEANFIRST FINANCIAL CORP,Christopher D. Maher,,,96645219.0,medium,,,,,,,1
LTC,887905,LTC PROPERTIES INC,Clint B. Malin,,,53905563.0,medium,,,,,,,1
AMPX,1899287,"Amprius Technologies, Inc.",Thomas M. Stepien,,,146080618.0,medium,,,,,,,1
IE,1879016,Ivanhoe Electric Inc.,Taylor Melvin,,,159590259.0,high,,,,,,,1
BDC,913142,BELDEN INC.,Ashish Chand,,,39078191.0,high,,,,,,,1
NHC,1047335,NATIONAL HEALTHCARE CORP,Stephen F. Flatt,,,15661395.0,medium,,,,,,,1
SLGN,849869,SILGAN HOLDINGS INC,Adam J. Greenlee,,,105682020.0,high,,,,,,,1
WPC,1025378,W. P. Carey Inc.,Jason E. Fox,,,227816879.0,medium,,,,,,,1
HTFL,1464521,"Heartflow, Inc.",John C.M. Farquhar,,,86953627.0,medium,,,,,,,1
LNN,836157,LINDSAY CORP,Randy A. Wood,,,10168885.0,medium,,,,,,,1
CSW,1624794,"CSW INDUSTRIALS, INC.",Joseph B. Armes,,,16293487.0,medium,,,,,,,1
AMRZ,2035989,Amrize Ltd,Jan Jenisch,,,546925644.0,medium,,,,,,,1
DKNG,1883685,DraftKings Inc.,Jason D. Robins,,,889467999.0,medium,,,,,,,1
WWW,110471,WOLVERINE WORLD WIDE INC /DE/,Christopher E. Hufnagel,,,82066339.0,medium,,,,,,,1
NTST,1798100,NETSTREIT Corp.,Mark Manheimer,,,101527998.0,high,,,,,,,1
MANE,1827635,"Veradermics, Inc",Reid Waldman,,,41780136.0,medium,,,,,,,1
CLVT,1764046,CLARIVATE PLC,Matitiahu Shem Tov,,,639664003.0,medium,,,,,,,1
AAON,824142,"AAON, INC.",Matthew J. Tobolski,,,82453639.0,high,,,,,,,1
ENOV,1420800,Enovis CORP,Damien McDonald,,,57669494.0,high,,,,,,,1
THG,944695,"HANOVER INSURANCE GROUP, INC.",John C. Roche,,,34820221.0,medium,,,,,,,1
SKWD,1519449,"Skyward Specialty Insurance Group, Inc.",Andrew Robinson,,,44396493.0,low,,"1 line(s) only ever footnoted, so missing from the total",,,,,1
HBT,775215,"HBT Financial, Inc.",J. Lance Carter,,,36365612.0,high,,,,,,,1
VNT,1786842,Vontier Corp,Mark D. Morelli,,,135200000.0,high,,,,,,,1
MORN,1289419,"Morningstar, Inc.",Kunal Kapoor,,,37513571.0,medium,,,,,,,1
QRVO,1604778,"Qorvo, Inc.",Robert A. Bruggeworth,,,88221633.0,high,,,,,,,1
LNC,59558,LINCOLN NATIONAL CORP,Ellen G. Cooper,,,191447336.0,high,,,,,,,1
UVSP,102212,UNIVEST FINANCIAL Corp,Jeffrey M. Schweitzer,,,27580768.0,medium,,,,,,,1
USLM,82020,UNITED STATES LIME & MINERALS INC,Timothy W. Byrne,,,28688363.0,medium,,,,,,,1
FLS,30625,FLOWSERVE CORP,R. Scott Rowe,,,127112780.0,high,,,,,,,1
ENSG,1125376,"ENSIGN GROUP, INC",Barry R. Port,,,58282434.0,medium,,,,,,,1
NVCR,1645113,NovoCure Ltd,Frank Leonard,,,116445840.0,high,,,,,,,1
CART,1579091,Maplebear Inc.,Chris Rogers,,,231500067.0,high,,,,,,,1
CUBE,1298675,CubeSmart,Christopher P. Marr,,,226413630.0,medium,,,,,,,1
CCK,1219601,"CROWN HOLDINGS, INC.",Timothy J. Donahue,,,108760511.0,medium,,,,,,,1
INVA,1080014,"Innoviva, Inc.",Pavel Raifeld,,,72245485.0,medium,,,,,,,1
PCVX,1649094,"Vaxcyte, Inc.",Grant E. Pickering,,,148805278.0,medium,,,,,,,1
BKU,1504008,"BankUnited, Inc.",Rajinder P. Singh,,,71232249.0,high,,,,,,,1
RXRX,1601830,"RECURSION PHARMACEUTICALS, INC.",Najat Khan,,,535342170.0,medium,,,,,,,1
DRH,1298946,DiamondRock Hospitality Co,Jeffrey J. Donnelly,,,204605681.0,high,,,,,,,1
FCF,712537,FIRST COMMONWEALTH FINANCIAL CORP /PA/,T. Michael Price,,,101055925.0,medium,,,,,,,1
ARMK,1584509,Aramark,John J. Zillmer,,,263625044.0,medium,,,,,,,1
EFSC,1025835,ENTERPRISE FINANCIAL SERVICES CORP,James B. Lally,,,36192520.0,medium,,,,,,,1
TCBI,1077428,TEXAS CAPITAL BANCSHARES INC/TX,Rob C. Holmes,,,43474369.0,medium,,,,,,,1
ATR,896622,"APTARGROUP, INC.",Stephan B. Tanda,,,63581129.0,medium,,,,,,,1
SIG,832988,SIGNET JEWELERS LTD,J.K. Symancyk,,,39329783.0,medium,,,,,,,1
SENEA,88948,Seneca Foods Corp,Paul L. Palmby,,,6770457.0,medium,,,,,,,1
CASH,907471,"PATHWARD FINANCIAL, INC.",Brett L. Pharr,,,20773362.0,high,,,,,,,1
CRC,1609253,California Resources Corp,Francisco J. Leon,,,88819893.0,high,,,,,,,1
COGT,1622229,"Cogent Biosciences, Inc.",Andrew Robbins,,,173524982.0,high,,,,,,,1
CON,2014596,"Concentra Group Holdings Parent, Inc.",William K. Newton,,,127517736.0,high,,,,,,,1
DK,1694426,"Delek US Holdings, Inc.",Avigal Soreq,,,61232174.0,medium,,,,,,,1
H,1468174,Hyatt Hotels Corp,Mark S. Hoplamazian,,,94236736.0,medium,,,,,,,1
ACT,1823529,"Enact Holdings, Inc.",Rohit Gupta,,,137483671.0,high,,,,,,,1
NTNX,1618732,"Nutanix, Inc.",Rajiv Ramaswami,,,270320509.0,medium,,,,,,,1
ASH,1674862,ASHLAND INC.,Guillermo Novo,,,45793370.0,high,,,,,,,1
DV,1819928,"DoubleVerify Holdings, Inc.",Mark Zagorski,,,154986847.0,high,,,,,,,1
AIT,109563,APPLIED INDUSTRIAL TECHNOLOGIES INC,Neil A. Schrimsher,,,36698856.0,medium,,,,,,,1
MGY,1698990,Magnolia Oil & Gas Corp,Christopher Stavros,,,236968592.0,medium,,,,,,,1
BCRX,882796,BIOCRYST PHARMACEUTICALS INC,Charles Gayer,,,255535105.0,medium,,,,,,,1
TE,1992243,T1 Energy Inc.,Daniel Barcelo,,,294527066.0,high,,,,,,,1
CELH,1341766,"Celsius Holdings, Inc.",John Fieldly,,,253035047.0,medium,,,,,,,1
RKLB,1819994,Rocket Lab Corp,Peter Beck,,,598350482.0,low,,"1 line(s) only ever footnoted, so missing from the total",,,,,1
ALSN,1411207,Allison Transmission Holdings Inc,David S. Graziosi,,,82578038.0,medium,,,,,,,1
QCRH,906465,QCR HOLDINGS INC,Todd A. Gipple,,,16375614.0,medium,,,,,,,1
WSFS,828944,WSFS FINANCIAL CORP,Rodger Levenson,,,51090605.0,medium,,,,,,,1
CBRL,1067294,"CRACKER BARREL OLD COUNTRY STORE, INC",Julie Masino,,,22351460.0,high,,,,,,,1
VAL,314808,Valaris Ltd,Anton Dibowitz,,,69435807.0,medium,,,,,,,1
LFST,1845257,"LifeStance Health Group, Inc.",David Bourdon,,,382055609.0,high,,,,,,,1
DX,826675,DYNEX CAPITAL INC,Byron L. Boston,,,247429551.0,medium,,,,,,,1
ONTO,704532,ONTO INNOVATION INC.,Michael P. Plisinski,,,49074247.0,medium,,,,,,,1
LIND,1512499,"LINDBLAD EXPEDITIONS HOLDINGS, INC.",Natalya Leahy,,,65619689.0,medium,,,,,,,1
EAT,703351,"BRINKER INTERNATIONAL, INC",Kevin D. Hochman,,,41765010.0,high,,,,,,,1
TRS,842633,TRIMAS CORP,Thomas J. Snyder,,,35873873.0,medium,,,,,,,1
OFG,1030469,OFG BANCORP,José Rafael Fernández,,,42265494.0,medium,,,,,,,1
DKS,1089063,"DICK'S SPORTING GOODS, INC.",Lauren R. Hobart,,,89502537.0,low,,"class(es) counted from the person's filings but absent from the cover page: Common Stock, par value $0.01 per share; the denominator may not include them",,,,,1
VFC,103379,V F CORP,Bracken Darrell,,,393134570.0,medium,,,,,,,1
AAP,1158449,ADVANCE AUTO PARTS INC,Shane M. O'Kelly,,,60400000.0,high,,,,,,,1
RITM,1556593,Rithm Capital Corp.,Michael Nierenberg,,,558407031.0,medium,,,,,,,1
AVTX,1534120,"Avalo Therapeutics, Inc.",Garry Neil,,,53629989.0,high,,,,,,,1
NWE,1993004,"NorthWestern Energy Group, Inc.",Brian B. Bird,,,61517850.0,medium,,,,,,,1
LIF,1581760,"Life360, Inc.",Lauren Antonoff,,,81480369.0,high,,,,,,,1
AR,1433270,ANTERO RESOURCES Corp,Michael N. Kennedy,,,307439000.0,medium,,,,,,,1
BLCO,1860742,Bausch & Lomb Corp,Brenton L. Saunders,,,357165246.0,high,,,,,,,1
CADL,1841387,"Candel Therapeutics, Inc.",Paul Peter Tak,,,76518565.0,high,,,,,,,1
INSW,1679049,"International Seaways, Inc.",Lois K. Zabrocky,,,49531311.0,medium,,,,,,,1
NGVT,1653477,Ingevity Corp,David H. Li,,,34377922.0,medium,,,,,,,1
LNG,3570,"Cheniere Energy, Inc.",Jack A. Fusco,,,206534158.0,high,,,,,,,1
OGE,1021635,OGE ENERGY CORP.,Sean Trauschke,,,206374321.0,medium,,,,,,,1
RELY,1782170,"Remitly Global, Inc.",Sebastian Gunningham,,,211684054.0,high,,,,,,,1
U,1810806,Unity Software Inc.,Matthew Bromberg,,,440088933.0,medium,,,,,,,1
WGS,1818331,GeneDx Holdings Corp.,Katherine Stueland,,,29822541.0,medium,,,,,,,1
HHH,1981792,Howard Hughes Holdings Inc.,David R. O'Reilly,,,59721036.0,medium,,,,,,,1
SLVM,1856485,Sylvamo Corp,John V. Sims,,,39760243.0,high,,,,,,,1
RYTM,1649904,"RHYTHM PHARMACEUTICALS, INC.",David P. Meeker,,,68852082.0,medium,,,,,,,1
BBT,1108134,Beacon Financial Corp,Paul A. Perrault,,,83816086.0,medium,,,,,,,1
CNM,1856525,"Core & Main, Inc.",Mark R. Witkowski,,,193520035.0,low,,"1 line(s) only ever footnoted, so missing from the total",,,,,1
NVST,1757073,Envista Holdings Corp,Paul Keel,,,160617709.0,high,,,,,,,1
CBSH,22356,COMMERCE BANCSHARES INC /MO/,John W. Kemper,,,143432178.0,medium,,,,,,,1
PRVA,1759655,"Privia Health Group, Inc.",Parth Mehrotra,,,127734207.0,medium,,,,,,,1
LRN,1157408,"Stride, Inc.",Robert E. Knowling,,,41559845.0,medium,,,,,,,1
BANC,1169770,"BANC OF CALIFORNIA, INC.",Jared M. Wolff,,,157950529.0,medium,,,,,,,1
WHR,106640,WHIRLPOOL CORP /DE/,Marc R. Bitzer,,,65199378.0,medium,,,,,,,1
PINS,1506293,"PINTEREST, INC.",William Ready,,,566313027.0,medium,,,,,,,1
PCOR,1611052,"PROCORE TECHNOLOGIES, INC.",Ajei S. Gopal,,,151955338.0,high,,,,,,,1
DORM,868780,"Dorman Products, Inc.",Kevin M. Olsen,,,29675618.0,medium,,,,,,,1
CAR,723612,"AVIS BUDGET GROUP, INC.",Brian J. Choi,,,35325754.0,medium,,,,,,,1
CUZ,25232,COUSINS PROPERTIES INC,M. Colin Connolly,,,164602058.0,high,,,,,,,1
HAYW,1834622,"Hayward Holdings, Inc.",Kevin Holleran,,,212119582.0,medium,,,,,,,1
VSH,103730,VISHAY INTERTECHNOLOGY INC,Joel Smejkal,,,153379167.0,high,,,,,,,1
UCTT,1275014,"Ultra Clean Holdings, Inc.",James Xiao,,,45277029.0,medium,,,,,,,1
CHCO,726854,CITY HOLDING CO,Charles R. Hageboeck,,,14045160.0,medium,,,,,,,1
CHRD,1486159,Chord Energy Corp,Daniel E. Brown,,,54697872.0,high,,,,,,,1
VERA,1831828,"Vera Therapeutics, Inc.",Marshall Fordyce,,,72063335.0,medium,,,,,,,1
RDW,1819810,Redwire Corp,Peter Cannito,,,249992609.0,medium,,,,,,,1
GPRE,1309402,Green Plains Inc.,Chris G. Osowski,,,70095328.0,high,,,,,,,1
BHRB,1964333,Burke & Herbert Financial Services Corp.,David P. Boyle,,,20187033.0,medium,,,,,,,1
DMLP,1172358,"DORCHESTER MINERALS, L.P.",Bradley Ehrman,,,49091408.0,high,,,,,,,1
CZR,1590895,"Caesars Entertainment, Inc.",Thomas R. Reeg,,,203720372.0,medium,,,,,,,1
AVAV,1368622,AeroVironment Inc,Wahid Nawabi,,,50608030.0,medium,,,,,,,1
ZYME,1937653,Zymeworks Inc.,Kenneth Galbraith,,,70959241.0,high,,,,,,,1
CXW,1070985,"CoreCivic, Inc.",Patrick D. Swindle,,,98893489.0,high,,,,,,,1
UFCS,101199,UNITED FIRE GROUP INC,Kevin J. Leidwinger,,,25705439.0,medium,,,,,,,1
RMBS,917273,RAMBUS INC,Luc Seraphin,,,108461603.0,medium,,,,,,,1
XMTR,1657573,"Xometry, Inc.",Sanjeev Singh Sahni,,,57323573.0,high,,,,,,,1
MQ,1522540,"Marqeta, Inc.",Michael (Mike) Milotich,,,104098834.0,medium,,,,,,,1
AM,1623925,Antero Midstream Corp,Michael N. Kennedy,,,474674000.0,high,,,,,,,1
MMED,2062583,"MiniMed Group, Inc.",Que Dallara,,,280842845.0,high,,,,,,,1
SMA,1585389,"SmartStop Self Storage REIT, Inc.",H. Michael Schwartz,,,55368903.0,medium,,,,,,,1
KMT,55242,KENNAMETAL INC,Sanjay Chowbey,,,76219022.0,medium,,,,,,,1
ACM,868857,AECOM,Troy Rudd,,,128696425.0,medium,,,,,,,1
BXMT,1061630,"BLACKSTONE MORTGAGE TRUST, INC.",Timothy S. Johnson,,,168543591.0,high,,,,,,,1
EGP,49600,EASTGROUP PROPERTIES INC,Marshall A. Loeb,,,53773317.0,high,,,,,,,1
BTU,1064728,PEABODY ENERGY CORP,James C. Grech,,,121900000.0,high,,,,,,,1
KGS,1767042,"Kodiak Gas Services, Inc.",Robert M. McKee,,,101104031.0,medium,,,,,,,1
ASO,1817358,"Academy Sports & Outdoors, Inc.",Steven Lawrence,,,62018371.0,high,,,,,,,1
DPC,2107018,DPC Holdings PLC,Michael Joseph Quinn,,,149393016.0,medium,,,,,,,1
AGIO,1439222,"AGIOS PHARMACEUTICALS, INC.",Brian Goff,,,59701882.0,high,,,,,,,1
HWC,750577,HANCOCK WHITNEY CORP,John M. Hairston,,,80223058.0,medium,,,,,,,1
KBH,795266,KB HOME,Robert V. McGibney,,,61309728.0,medium,,,,,,,1
IVT,1307748,InvenTrust Properties Corp.,Daniel J. Busch,,,77978431.0,medium,,,,,,,1
CTOS,1709682,"Custom Truck One Source, Inc.",Ryan McMonagle,,,227505535.0,high,,,,,,,1
TALO,1724965,TALOS ENERGY INC.,Paul Goodfellow,,,166965468.0,high,,,,,,,1
G,1398659,Genpact LTD,Balkrishan Kalra,,,168034407.0,high,,,,,,,1
BFAM,1437578,BRIGHT HORIZONS FAMILY SOLUTIONS INC.,Stephen H. Kramer,,,48635306.0,high,,,,,,,1
HGTY,1840776,"Hagerty, Inc.",McKeel O Hagerty,,,343622679.0,low,,"1 line(s) only ever footnoted, so missing from the total",,,,,1
MRP,2017206,"Millrose Properties, Inc.",Darren L. Richman,,,166047927.0,high,,,,,,,1
JLL,1037976,JONES LANG LASALLE INC,Christian Ulbrich,,,46007703.0,high,,,,,,,1
BNL,1424182,"Broadstone Net Lease, Inc.",John D. Moragne,,,191892971.0,medium,,,,,,,1
BRC,746598,BRADY CORP,Russell R. Shaller,,,47112790.0,low,,class(es) counted from the person's filings but absent from the cover page: Class A Common Stock; the denominator may not include them,,,,,1
CLMT,2013745,"Calumet, Inc. /DE",Todd Borgmann,,,87898234.0,medium,,,,,,,1
CSTM,1563411,CONSTELLIUM SE,Ingrid Joerg,,,135527728.0,medium,,,,,,,1
IONQ,1824920,"IonQ, Inc.",Niccolo de Masi,,,381002314.0,high,,,,,,,1
SONO,1314727,Sonos Inc,Tom Conrad,,,118293979.0,high,,,,,,,1
GRC,42682,GORMAN RUPP CO,Scott A. King,,,26410243.0,medium,,,,,,,1
BBAI,1836981,"BigBear.ai Holdings, Inc.",Kevin McAleenan,,,479494493.0,high,,,,,,,1
TRU,1552033,TransUnion,Christopher A. Cartwright,,,191600000.0,medium,,,,,,,1
BCPC,9326,BALCHEM CORP,Theodore L. Harris,,,31878021.0,medium,,,,,,,1
VGNT,2078008,Versigent PLC,Joseph Liotine,,,70835265.0,medium,,,,,,,1
SUN,1552275,Sunoco LP,Joseph Kim,,,204824629.0,high,,,,,,,1
ITT,216228,ITT INC.,Luca Savi,,,89400000.0,high,,,,,,,1
XHR,1616000,"Xenia Hotels & Resorts, Inc.",Marcel Verbaas,,,92245835.0,medium,,,,,,,1
FUN,1999001,Six Flags Entertainment Corporation/NEW,John Reilly,,,102316312.0,high,,,,,,,1
PECO,1476204,"Phillips Edison & Company, Inc.",Jeffrey S. Edison,,,128700000.0,medium,,,,,,,1
SFM,1575515,"Sprouts Farmers Market, Inc.",Jack L. Sinclair,,,93247625.0,high,,,,,,,1
FTDR,1727263,"Frontdoor, Inc.",William C. Cobb,,,68893316.0,high,,,,,,,1
TRMK,36146,TRUSTMARK CORP,Duane A. Dewey,,,58070577.0,medium,,,,,,,1
MUR,717423,MURPHY OIL CORP,Eric M. Hambly,,,143381125.0,high,,,,,,,1
TEX,97216,TEREX CORP,Simon A. Meester,,,114300000.0,medium,,,,,,,1
EXP,918646,EAGLE MATERIALS INC,Michael R. Haack,,,30675325.0,high,,,,,,,1
AGX,100591,ARGAN INC,David H. Watson,,,14019247.0,medium,,,,,,,1
ALGM,866291,"ALLEGRO MICROSYSTEMS, INC.",Michael Doogue,,,186402046.0,medium,,,,,,,1
PNTG,1766400,"Pennant Group, Inc.",Brent J. Guerisoli,,,34929074.0,medium,,,,,,,1
INGM,1897762,Ingram Micro Holding Corp,Paul Bay,,,230661904.0,high,,,,,,,1
SVC,945394,Service Properties Trust,Christopher J. Bilotto,,,129509488.0,medium,,,,,,,1
APAM,1517302,Artisan Partners Asset Management Inc.,Jason A. Gottlieb,,,81072669.0,medium,,,,,,,1
EPRT,1728951,"ESSENTIAL PROPERTIES REALTY TRUST, INC.",Peter M. Mavoides,,,216273004.0,high,,,,,,,1
ENS,1289308,EnerSys,Shawn M. O'Connell,,,36065224.0,medium,,,,,,,1
SIGI,230557,SELECTIVE INSURANCE GROUP INC,JOHN J. MARCHIONI,,,59569119.0,medium,,,,,,,1
FFBC,708955,FIRST FINANCIAL BANCORP /OH/,Archie M. Brown,,,104968940.0,medium,,,,,,,1
UCB,857855,UNITED COMMUNITY BANKS INC,H. Lynn Harton,,,120575503.0,medium,,,,,,,1
VECO,103145,VEECO INSTRUMENTS INC,William J. Miller,,,61129640.0,medium,,,,,,,1
EQH,1333986,"Equitable Holdings, Inc.",Mark Pearson,,,273035157.0,medium,,,,,,,1
BURL,1579298,"Burlington Stores, Inc.",Michael O'Sullivan,,,62815195.0,medium,,,,,,,1
CYTK,1061983,CYTOKINETICS INC,Robert I. Blum,,,139023418.0,medium,,,,,,,1
MGNI,1595974,"MAGNITE, INC.",Michael Barrett,,,143424157.0,medium,,,,,,,1
AKR,899629,ACADIA REALTY TRUST,Kenneth F. Bernstein,,,137332722.0,medium,,,,,,,1
LB,1995807,LandBridge Co LLC,Jason Long,,,77085412.0,high,,,,,,,1
AMC,1411579,"AMC ENTERTAINMENT HOLDINGS, INC.",Adam M. Aron,,,892604638.0,medium,,,,,,,1
EXPO,851520,EXPONENT INC,Catherine Ford Corrigan,,,47546084.0,medium,,,,,,,1
EHC,785161,Encompass Health Corp,Mark J. Tarr,,,98653384.0,medium,,,,,,,1
NHI,877860,NATIONAL HEALTH INVESTORS INC,D. Eric Mendelsohn,,,49110434.0,medium,,,,,,,1
MH,1951070,"McGraw Hill, Inc.",Philip Moyer,,,191308814.0,medium,,,,,,,1
WING,1636222,Wingstop Inc.,Michael J. Skipworth,,,27242546.0,medium,,,,,,,1
MDU,67716,MDU RESOURCES GROUP INC,Nicole A. Kivisto,,,210349456.0,medium,,,,,,,1
QNT,2110105,Quantinuum Inc.,Rajeeb Hazra,,,263308142.0,medium,,,,,,,1
RXO,1929561,"RXO, Inc.",Drew M. Wilkerson,,,164926128.0,medium,,,,,,,1
CRSP,1674416,CRISPR Therapeutics AG,Samarth Kulkarni,,,96692653.0,high,,,,,,,1
CPK,19745,CHESAPEAKE UTILITIES CORP,Jeffry M. Householder,,,24106455.0,medium,,,,,,,1
JJSF,785956,J&J SNACK FOODS CORP,Dan Fachner,,,18681608.0,medium,,,,,,,1
CMPS,1816590,COMPASS Pathways plc,Kabir Nath,,,138476822.0,medium,,,,,,,1
GT,42582,GOODYEAR TIRE & RUBBER CO /OH/,Mark W. Stewart,,,287898737.0,high,,,,,,,1
BELFA,729580,BEL FUSE INC /NJ,Farouq Tuweiq,,,14439450.0,medium,,,,,,,1
DLB,1308547,"Dolby Laboratories, Inc.",Kevin J. Yeaman,,,93668795.0,medium,,,,,,,1
DTM,1842022,"DT Midstream, Inc.",David Slater,,,102015296.0,medium,,,,,,,1
NPO,1164863,Enpro Inc.,Eric A. Vaillancourt,,,21167681.0,medium,,,,,,,1
BOKF,875357,BOK FINANCIAL CORP,Stacy C. Kymes,,,60766867.0,medium,,,,,,,1
MC,1596967,Moelis & Co,Navid Mahmoodzadegan,,,78269068.0,medium,,,,,,,1
ONB,707179,OLD NATIONAL BANCORP /IN/,James C. Ryan,,,382570000.0,medium,,,,,,,1
WDFC,105132,WD 40 CO,Steven A. Brass,,,13421096.0,medium,,,,,,,1
FLG,910073,"FLAGSTAR BANK, NATIONAL ASSOCIATION",Joseph Otting,,,415092836.0,high,,,,,,,1
VAC,1524358,MARRIOTT VACATIONS WORLDWIDE Corp,Matthew E. Avril,,,34395320.0,high,,,,,,,1
NHP,1561032,"National Healthcare Properties, Inc.",Michael Anderson,,,28412183.0,medium,,,,,,,1
WSC,1647088,WillScot Holdings Corp,Timothy D. Boswell,,,181190958.0,medium,,,,,,,1
PLXS,785786,PLEXUS CORP,Todd P. Kelsey,,,26652099.0,medium,,,,,,,1
JBTM,1433660,JBT MAREL Corp,Brian A. Deck,,,51876817.0,medium,,,,,,,1
NOG,1104485,"NORTHERN OIL & GAS, INC.",Nicholas O'Grady,,,106549128.0,high,,,,,,,1
POWI,833640,POWER INTEGRATIONS INC,Jennifer Lloyd,,,55873298.0,medium,,,,,,,1
NJR,356309,NEW JERSEY RESOURCES CORP,Stephen D. Westhoven,,,101467946.0,medium,,,,,,,1
CFR,39263,"CULLEN/FROST BANKERS, INC.",Phillip D. Green,,,62148785.0,medium,,,,,,,1
PII,931015,Polaris Inc.,Michael T. Speetzen,,,56903524.0,medium,,,,,,,1
AXS,1214816,AXIS CAPITAL HOLDINGS LTD,Vincent Tizzio,,,72966317.0,high,,,,,,,1
OSK,775158,OSHKOSH CORP,John C. Pfeifer,,,62351309.0,high,,,,,,,1
SLAB,1038074,SILICON LABORATORIES INC.,R. Matthew Johnson,,,33366761.0,high,,,,,,,1
AYI,1144215,ACUITY INC. (DE),Neil M. Ashe,,,29935547.0,medium,,,,,,,1
NWBI,1471265,"Northwest Bancshares, Inc.",Louis J. Torchio,,,146459122.0,medium,,,,,,,1
CWT,1035201,CALIFORNIA WATER SERVICE GROUP,Martin A. Kropelnicki,,,61839101.0,medium,,,,,,,1
SBCF,730708,SEACOAST BANKING CORP OF FLORIDA,Charles M. Shaffer,,,96822799.0,medium,,,,,,,1
FRME,712534,FIRST MERCHANTS CORP,Mark K. Hardwick,,,63022741.0,medium,,,,,,,1
TTC,737758,TORO CO,Richard M. Olson,,,95229534.0,medium,,,,,,,1
LAZ,1311370,"Lazard, Inc.",Peter R. Orszag,,,110548172.0,medium,,,,,,,1
TRIP,1526520,"TripAdvisor, Inc.",Matt Goldberg,,,117199342.0,high,,,,,,,1
BKH,1130464,BLACK HILLS CORP /SD/,Linden R. Evans,,,76253141.0,medium,,,,,,,1
GVA,861459,GRANITE CONSTRUCTION INC,Kyle T. Larkin,,,43764510.0,medium,,,,,,,1
DIOD,29002,DIODES INC /DEL/,Gary Yu,,,46051705.0,medium,,,,,,,1
ECG,2015845,"Everus Construction Group, Inc.",Jeffrey S. Thiede,,,51063836.0,medium,,,,,,,1
DY,67215,DYCOM INDUSTRIES INC,Daniel S. Peyovich,,,30160957.0,high,,,,,,,1
RS,861884,"RELIANCE, INC.",Karla R. Lewis,,,51054555.0,medium,,,,,,,1
DYN,1818794,"Dyne Therapeutics, Inc.",John G. Cox,,,186746431.0,medium,,,,,,,1
LSCC,855658,LATTICE SEMICONDUCTOR CORP,Ford Tamer,,,142030272.0,medium,,,,,,,1
TNDM,1438133,TANDEM DIABETES CARE INC,John F. Sheridan,,,69578707.0,medium,,,,,,,1
TREX,1069878,TREX CO INC,Adam D. Zambanini,,,101865190.0,medium,,,,,,,1
USFD,1665918,US Foods Holding Corp.,David E. Flitman,,,216330723.0,high,,,,,,,1
ALK,766421,"ALASKA AIR GROUP, INC.",Benito Minicucci,,,111603120.0,medium,,,,,,,1
FNF,1331875,"Fidelity National Financial, Inc.",Michael J. Nolan,,,268192827.0,medium,,,,,,,1
ET,1276187,Energy Transfer LP,Marshall S. McCrea,,,3443299601.0,medium,,,,,,,1
RNST,715072,RENASANT CORP,Kevin D. Chapman,,,91404465.0,medium,,,,,,,1
TDOC,1477449,"Teladoc Health, Inc.",Charles Divita,,,181684021.0,high,,,,,,,1
AB,825313,ALLIANCEBERNSTEIN HOLDING L.P.,Seth Bernstein,,,93075219.0,medium,,,,,,,1
BGC,1094831,"BGC Group, Inc.",JP Aubin,,,475466522.0,medium,,,,,,,1
GBCI,868671,"GLACIER BANCORP, INC.",Randall M. Chesler,,,130211953.0,medium,,,,,,,1
FAF,1472787,First American Financial Corp,Mark E. Seaton,,,102100000.0,medium,,,,,,,1
JAZZ,1232524,Jazz Pharmaceuticals plc,Renee D. Gala,,,64914577.0,high,,,,,,,1
CC,1627223,Chemours Co,Denise Dignam,,,150498995.0,medium,,,,,,,1
INSM,1104506,INSMED Inc,William H. Lewis,,,218381503.0,medium,,,,,,,1
GWRE,1528396,"Guidewire Software, Inc.",Mike Rosenbaum,,,83256364.0,medium,,,,,,,1
BHE,863436,BENCHMARK ELECTRONICS INC,David A. Moezidis,,,35919933.0,high,,,,,,,1
ACI,1646972,"Albertsons Companies, Inc.",Susan Morris,,,485325683.0,medium,,,,,,,1
GAP,39911,GAP INC,Richard Dickson,,,351270137.0,medium,,,,,,,1
KEEL,1812477,Keel Infrastructure Corp.,Benjamin Gagnon,,,617573212.0,high,,,,,,,1
CGON,1991792,"CG Oncology, Inc.",Arthur Kuan,,,88640375.0,high,,,,,,,1
RAL,2041385,Ralliant Corp,Tamara Newcombe,,,110640008.0,medium,,,,,,,1
REZI,1740332,"RESIDEO TECHNOLOGIES, INC.",Thomas Surran,,,151847378.0,high,,,,,,,1
WTM,776867,WHITE MOUNTAINS INSURANCE GROUP LTD,Liam P. Caffrey,,,2386721.0,high,,,,,,,1
NOVT,1076930,NOVANTA INC,Matthijs Glastra,,,37817770.0,medium,,,,,,,1
NSSC,69633,"NAPCO SECURITY TECHNOLOGIES, INC",Kevin Buchel,,,35768437.0,medium,,,,,,,1
PSNL,1527753,"Personalis, Inc.",Christopher Hall,,,106799872.0,high,,,,,,,1
OMF,1584207,"OneMain Holdings, Inc.",Douglas H. Shulman,,,115530952.0,medium,,,,,,,1
KNX,1492691,Knight-Swift Transportation Holdings Inc.,Adam W. Miller,,,162756000.0,medium,,,,,,,1
CWST,911177,CASELLA WASTE SYSTEMS INC,Edmond R. Coletta,,,63640046.0,medium,,,,,,,1
SLDB,1707502,Solid Biosciences Inc.,Alexander Cumbo,,,107225238.0,medium,,,,,,,1
SMG,825542,SCOTTS MIRACLE-GRO CO,Nathan E. Baxter,,,58220274.0,medium,,,,,,,1
BJ,1531152,"BJ's Wholesale Club Holdings, Inc.",Robert W. Eddy,,,126314692.0,high,,,,,,,1
SKY,90896,"Champion Homes, Inc.",Tim Larson,,,54280134.0,medium,,,,,,,1
MZTI,57515,MARZETTI CO,David A. Ciesinski,,,27291000.0,medium,,,,,,,1
TNGX,1819133,"Tango Therapeutics, Inc.",Malte Peters,,,168610367.0,medium,,,,,,,1
GDRX,1809519,"GoodRx Holdings, Inc.",Wendy Barnes,,,341145388.0,high,,,,,,,1
FTRE,1965040,Fortrea Holdings Inc.,Anshul Thakral,,,95100000.0,medium,,,,,,,1
LAC,1966983,LITHIUM AMERICAS CORP.,Jonathan Evans,,,363042943.0,high,,,,,,,1
INGR,1046257,Ingredion Inc,James P. Zallie,,,63063979.0,medium,,,,,,,1
SNX,1177394,TD SYNNEX CORP,Patrick Zammit,,,79958752.0,high,,,,,,,1
MBX,1776111,"MBX Biosciences, Inc.",Steven L. Hoerter,,,48160096.0,medium,,,,,,,1
AUB,883948,Atlantic Union Bankshares Corp,John C. Asbury,,,142814896.0,high,,,,,,,1
HQY,1428336,"HEALTHEQUITY, INC.",Scott Cutler,,,82715296.0,high,,,,,,,1
ATEX,1304492,Anterix Inc.,Scott A. Lang,,,19609786.0,medium,,,,,,,1
QSR,1618756,Restaurant Brands International Inc.,Joshua Kobza,,,454508893.0,medium,,,,,,,1
AMN,1142750,AMN HEALTHCARE SERVICES INC,Caroline S. Grace,,,38729991.0,medium,,,,,,,1
BWXT,1486957,"BWX Technologies, Inc.",Rex D. Geveden,,,91621980.0,high,,,,,,,1
ASB,7789,ASSOCIATED BANC-CORP,Andrew J. Harmening,,,188849659.0,medium,,,,,,,1
ROG,84748,ROGERS CORP,Ali El-Haj,,,17868335.0,high,,,,,,,1
INFQ,2007825,"Infleqtion, Inc.",Matthew Kinsella,,,225357052.0,medium,,,,,,,1
GEF,43920,"GREIF, INC",Ole G. Rosgaard,,,46168321.0,medium,,,,,,,1
NOV,1021860,NOV Inc.,Jose A. Bayardo,,,356478125.0,high,,,,,,,1
CDE,215466,"Coeur Mining, Inc.",Mitchell J. Krebs,,,1027934998.0,high,,,,,,,1
HUBS,1404655,HUBSPOT INC,Yamini Rangan,,,49866201.0,medium,,,,,,,1
CWK,1628369,Cushman & Wakefield Ltd.,Michelle MacKay,,,234713708.0,high,,,,,,,1
YUMC,1673358,"Yum China Holdings, Inc.",Joey Wat,,,342458136.0,high,,,,,,,1
LPX,60519,LOUISIANA-PACIFIC CORP,Jason P. Ringblom,,,69923410.0,medium,,,,,,,1
IPGP,1111928,IPG PHOTONICS CORP,Mark M. Gitin,,,42534539.0,high,,,,,,,1
AIN,819793,ALBANY INTERNATIONAL CORP /DE/,Gunnar Kleveland,,,28400000.0,medium,,,,,,,1
SHC,1822479,Sotera Health Co,Alton E. Shader,,,285374795.0,high,,,,,,,1
CCNE,736772,CNB FINANCIAL CORP/PA,Michael D. Peduzzi,,,29620885.0,medium,,,,,,,1
EBC,1810546,"Eastern Bankshares, Inc.",Robert F. Rivers,,,228511552.0,medium,,,,,,,1
PRAX,1689548,"Praxis Precision Medicines, Inc.",Marcio Souza,,,27919988.0,high,,,,,,,1
ESAB,1877322,ESAB Corp,Shyam P. Kambeyanda,,,62167810.0,medium,,,,,,,1
AEIS,927003,ADVANCED ENERGY INDUSTRIES INC,Stephen D. Kelley,,,40050442.0,medium,,,,,,,1
POR,784977,PORTLAND GENERAL ELECTRIC CO /OR/,Maria M. Pope,,,117607740.0,high,,,,,,,1
APPF,1433195,APPFOLIO INC,Shane Trigg,,,35416992.0,medium,,,,,,,1
BWA,908255,BORGWARNER INC,Joseph F. Fadool,,,203666354.0,medium,,,,,,,1
MKSI,1049502,MKS INC,John T.C. Lee,,,67617558.0,medium,,,,,,,1
PAA,1070423,PLAINS ALL AMERICAN PIPELINE LP,Willie Chiang,,,705566460.0,high,,,,,,,1
CTRI,1981599,"Centuri Holdings, Inc.",Christian I. Brown,,,100963053.0,medium,,,,,,,1
CENT,887733,CENTRAL GARDEN & PET CO,Nicholas Lahanas,,,62592598.0,medium,,,,,,,1
LEVI,94845,LEVI STRAUSS & CO,Michelle Gass,,,384850562.0,medium,,,,,,,1
CATY,861842,CATHAY GENERAL BANCORP,Chang M. Liu,,,66713820.0,high,,,,,,,1
PAGP,1581990,PLAINS GP HOLDINGS LP,Willie Chiang,,,197904124.0,medium,,,,,,,1
STAA,718937,STAAR SURGICAL CO,Warren Foust,,,50143984.0,medium,,,,,,,1
GABC,714395,"GERMAN AMERICAN BANCORP, INC.",D. Neil Dauby,,,37578808.0,medium,,,,,,,1
CNX,1070412,CNX Resources Corp,Alan K. Shepard,,,147943637.0,high,,,,,,,1
MBGL,2090312,Mobility Global Inc.,William W. Eager,,,294821320.0,medium,,,,,,,1
PEBO,318300,PEOPLES BANCORP INC,Tyler Wilcox,,,35942315.0,high,,,,,,,1
UNF,717954,UNIFIRST CORP,Steven S. Sintros,,,18084173.0,low,,class(es) counted from the person's filings but absent from the cover page: Common Stock; the denominator may not include them,,,,,1
JBLU,1158463,JETBLUE AIRWAYS CORP,Joanna Geraghty,,,377312181.0,high,,,,,,,1
M,794367,"Macy's, Inc.",Tony Spring,,,263037954.0,medium,,,,,,,1
SUNB,2083785,"Sunbelt Rentals Holdings, Inc.",Brendan Horgan,,,409760584.0,high,,,,,,,1
CTRE,1590717,"CareTrust REIT, Inc.",David M. Sedgwick,,,236293199.0,medium,,,,,,,1
VYX,70866,NCR Voyix Corp,James Kelly,,,138069898.0,high,,,,,,,1
ITGR,1114483,Integer Holdings Corp,Payman Khales,,,33992048.0,high,,,,,,,1
NMRK,1690680,"NEWMARK GROUP, INC.",Barry Gosin,,,181228627.0,medium,,,,,,,1
CHH,1046311,CHOICE HOTELS INTERNATIONAL INC /DE,Dominic E. Dragisich,,,45008622.0,high,,,,,,,1
ALG,897077,ALAMO GROUP INC,Robert P. Hureau,,,12170965.0,high,,,,,,,1
CLH,822818,CLEAN HARBORS INC,Michael L. Battles,,,52787248.0,medium,,,,,,,1
BMI,9092,BADGER METER INC,Kenneth C. Bockhorst,,,28986847.0,high,,,,,,,1
MLKN,66382,"MILLERKNOLL, INC.",Jeffrey M. Stutz,,,68123238.0,medium,,,,,,,1
BSY,1031308,BENTLEY SYSTEMS INC,Nicholas H. Cumins,,,302092889.0,high,,,,,,,1
SMPL,1702744,Simply Good Foods Co,Joseph E. Scalzo,,,88460545.0,medium,,,,,,,1
CWEN,1567683,"Clearway Energy, Inc.",Craig Cornelius,,,205274852.0,medium,,,,,,,1
TPC,77543,TUTOR PERINI CORP,Gary G. Smalley,,,52569117.0,medium,,,,,,,1
BJRI,1013488,BJs RESTAURANTS INC,Lyle D. Tick,,,21273765.0,high,,,,,,,1
CMP,1227654,COMPASS MINERALS INTERNATIONAL INC,Edward C. Dowling,,,41980874.0,high,,,,,,,1
SHAK,1620533,Shake Shack Inc.,Robert Lynch,,,42798938.0,high,,,,,,,1
RLI,84246,RLI CORP,Craig W. Kliethermes,,,91772970.0,medium,,,,,,,1
AKTS,2035832,"Aktis Oncology, Inc.",Matthew Roden,,,55619499.0,high,,,,,,,1
BOOT,1610250,"Boot Barn Holdings, Inc.",John Hazen,,,30284844.0,high,,,,,,,1
CMC,22444,COMMERCIAL METALS Co,Peter R. Matt,,,110624335.0,high,,,,,,,1
KNF,1955520,Knife River Corp,Brian R. Gray,,,56763420.0,medium,,,,,,,1
AGNC,1423689,AGNC Investment Corp.,Peter J. Federico,,,1185481447.0,medium,,,,,,,1
HR,1360604,Healthcare Realty Trust Inc,Peter A. Scott,,,342719760.0,high,,,,,,,1
NKTR,906709,NEKTAR THERAPEUTICS,Howard W. Robin,,,34142994.0,medium,,,,,,,1
UFPI,912767,UFP INDUSTRIES INC,William D. Schwartz,,,55161491.0,medium,,,,,,,1
BOH,46195,BANK OF HAWAII CORP,James C. Polk,,,39450396.0,medium,,,,,,,1
DKL,1552797,"Delek Logistics Partners, LP",Avigal Soreq,,,53197301.0,high,,,,,,,1
PRMB,2042694,Primo Brands Corp,Eric J. Foss,,,362354045.0,high,,,,,,,1
ST,1477294,Sensata Technologies Holding plc,Stephan von Schuckmann,,,145535862.0,high,,,,,,,1
PLNT,1637207,"Planet Fitness, Inc.",Colleen Keating,,,75533093.0,medium,,,,,,,1
UBSI,729986,UNITED BANKSHARES INC/WV,Richard M. Adams,,,136212571.0,medium,,,,,,,1
AMTM,2011286,"Amentum Holdings, Inc.",John. E. Heller,,,244506413.0,medium,,,,,,,1
MANH,1056696,MANHATTAN ASSOCIATES INC,Eric A. Clark,,,58304972.0,high,,,,,,,1
AWI,7431,ARMSTRONG WORLD INDUSTRIES INC,Mark A. Hershey,,,42262826.0,medium,,,,,,,1
BPOP,763901,"POPULAR, INC.",Javier D. Ferrer,,,63778501.0,medium,,,,,,,1
MKTX,1278021,MARKETAXESS HOLDINGS INC,Christopher R. Concannon,,,35192891.0,high,,,,,,,1
GATX,40211,GATX CORP,Robert C. Lyons,,,35300000.0,medium,,,,,,,1
WBI,2064947,WaterBridge Infrastructure LLC,Jason Long,,,123456209.0,high,,,,,,,1
ULCC,1670076,"Frontier Group Holdings, Inc.",James G. Dempsey,,,230215771.0,high,,,,,,,1
FULT,700564,FULTON FINANCIAL CORP,Curtis J. Myers,,,190914563.0,medium,,,,,,,1
TRVI,1563880,"Trevi Therapeutics, Inc.",Jennifer L. Good,,,142475841.0,medium,,,,,,,1
MOG-A,67887,MOOG INC.,Pat Roche,,,31671169.0,medium,,,,,,,1
FG,1934850,"F&G Annuities & Life, Inc.",Conor Murphy,,,130935209.0,high,,,,,,,1
EPD,1061219,ENTERPRISE PRODUCTS PARTNERS L.P.,A. James Teague,,,2159477169.0,medium,,,,,,,1
NBIX,914475,NEUROCRINE BIOSCIENCES INC,Kyle W. Gano,,,101649181.0,medium,,,,,,,1
GNW,1276520,GENWORTH FINANCIAL INC,Jerome T. Upton,,,377851037.0,medium,,,,,,,1
IONS,874015,IONIS PHARMACEUTICALS INC,Brett P. Monia,,,166184322.0,high,,,,,,,1
BCC,1328581,BOISE CASCADE Co,Jeffrey R. Strom,,,34891351.0,high,,,,,,,1
ESE,866706,ESCO TECHNOLOGIES INC,Bryan H. Sayler,,,25907567.0,high,,,,,,,1
RGLD,85535,ROYAL GOLD INC,William Heissenbuttel,,,84727857.0,medium,,,,,,,1
CRUS,772406,"CIRRUS LOGIC, INC.",John M. Forsyth,,,50117561.0,medium,,,,,,,1
ELS,895417,EQUITY LIFESTYLE PROPERTIES INC,Marguerite Nader,,,194064619.0,medium,,,,,,,1
PIPR,1230245,PIPER SANDLER COMPANIES,Chad R. Abraham,,,70670291.0,medium,,,,,,,1
NAMS,1936258,NewAmsterdam Pharma Co N.V.,Michael Davidson,,,119537169.0,medium,,,,,,,1
LKQ,1065696,LKQ CORP,Justin L. Jude,,,253002086.0,high,,,,,,,1
RIG,1451505,Transocean Ltd.,Keelan Adamson,,,1116880085.0,medium,,,,,,,1
BBWI,701985,"Bath & Body Works, Inc.",Daniel J. Heaf,,,201645313.0,high,,,,,,,1
WTFC,1015328,WINTRUST FINANCIAL CORP,Timothy S. Crane,,,67465967.0,high,,,,,,,1
ALLY,40729,Ally Financial Inc.,Michael G. Rhodes,,,304199693.0,high,,,,,,,1
MSEX,66004,MIDDLESEX WATER CO,Nadine Leslie,,,18843946.0,medium,,,,,,,1
WMG,1319161,Warner Music Group Corp.,Robert Kyncl,,,523109769.0,high,,,,,,,1
CVBF,354647,CVB FINANCIAL CORP,David A. Brager,,,175997435.0,high,,,,,,,1
RBA,1046102,RB GLOBAL INC.,Jim Kessler,,,185200000.0,high,,,,,,,1
ETSY,1370637,ETSY INC,Kruti Patel Goyal,,,91781748.0,medium,,,,,,,1
GPOR,874499,GULFPORT ENERGY CORP,Domenic J. Dell'Osso,,,17683866.0,high,,,,,,,1
PPC,802481,PILGRIMS PRIDE CORP,Fabio Sandri,,,238108524.0,high,,,,,,,1
GIC,945114,GLOBAL INDUSTRIAL Co,Anesa Chaibi,,,38108341.0,high,,,,,,,1
SNOW,1640147,Snowflake Inc.,Sridhar Ramaswamy,,,346600000.0,medium,,,,,,,1
AVO,1802974,"Mission Produce, Inc.",John M. Pawlowski,,,88319807.0,medium,,,,,,,1
NVAX,1000694,NOVAVAX INC,John C. Jacobs,,,164945726.0,medium,,,,,,,1
JOE,745308,ST JOE Co,Jorge L. Gonzalez,,,56930451.0,medium,,,,,,,1
NYT,71691,NEW YORK TIMES CO,Meredith Kopit Levien,,,161283586.0,medium,,,,,,,1
JBIO,1798749,"Jade Biosciences, Inc.",Tom Frohlich,,,63597387.0,medium,,,,,,,1
CDP,860546,COPT DEFENSE PROPERTIES,Stephen E. Budorick,,,113410458.0,medium,,,,,,,1
VLY,714310,VALLEY NATIONAL BANCORP,Ira Robbins,,,552605226.0,medium,,,,,,,1
FN,1408710,Fabrinet,Seamus Grady,,,35834864.0,medium,,,,,,,1
LMRI,2071288,"Lumexa Imaging Holdings, Inc.",Caitlin Zulla,,,96074976.0,medium,,,,,,,1
TWLO,1447669,TWILIO INC,Khozema Z. Shipchandler,,,153575220.0,medium,,,,,,,1
VMI,102729,VALMONT INDUSTRIES INC,Avner M. Applbaum,,,19304858.0,high,,,,,,,1
MFP,2088281,"Midera Food Processing, Inc.",Mark M. Salman,,,45230455.0,medium,,,,,,,1
RYN,52827,RAYONIER INC,Mark McHugh,,,300747223.0,medium,,,,,,,1
HP,46765,"Helmerich & Payne, Inc.",Raymond John Adams III,,,99938945.0,high,,,,,,,1
SSD,920371,"Simpson Manufacturing Co., Inc.",Mike Olosky,,,40984682.0,high,,,,,,,1
KRC,1025996,KILROY REALTY CORP,Angela M. Aman,,,116278807.0,high,,,,,,,1
QXO,1236275,"QXO, Inc.",Brad Jacobs,,,1037490709.0,medium,,,,,,,1
PFGC,1618673,Performance Food Group Co,Scott E. McPherson,,,157533032.0,high,,,,,,,1
ARCB,894405,ARCBEST CORP /TX/,Seth K. Runser,,,22351354.0,high,,,,,,,1
SSB,764038,SouthState Bank Corp,John C. Corbett,,,96974534.0,high,,,,,,,1
LW,1679273,"Lamb Weston Holdings, Inc.",MICHAEL J. SMITH,,,137481011.0,medium,,,,,,,1
USAC,1522727,"USA Compression Partners, LP",M. Clint Green,,,144943345.0,high,,,,,,,1
SNDR,1692063,"Schneider National, Inc.",James S. Filter,,,175300899.0,high,,,,,,,1
TFX,96943,TELEFLEX INC,Jason R. Weidman,,,42372397.0,high,,,,,,,1
AA,1675149,Alcoa Corp,William F. Oplinger,,,263909445.0,high,,,,,,,1
PRLB,1443669,Proto Labs Inc,Suresh Krishna,,,23921897.0,high,,,,,,,1
XIFR,1603145,"XPLR Infrastructure, LP",S. Alan Liu,,,94272795.0,high,,,,,,,1
IOVA,1425205,"IOVANCE BIOTHERAPEUTICS, INC.",Frederick G. Vogt,,,452971432.0,high,,,,,,,1
FLR,1124198,FLUOR CORP,James R. Breuer,,,133741067.0,high,,,,,,,1
ARDT,1756655,"Ardent Health, Inc.",David Caspers,,,141045907.0,medium,,,,,,,1
CW,26324,CURTISS WRIGHT CORP,Lynn M. Bamford,,,36934444.0,high,,,,,,,1
TXRH,1289460,"Texas Roadhouse, Inc.",Gerald L. Morgan,,,65640926.0,high,,,,,,,1
IMVT,1764013,"Immunovant, Inc.",Eric Venker,,,206552682.0,medium,,,,,,,1
BB,1070235,BLACKBERRY Ltd,John Giamatteo,,,586100431.0,high,,,,,,,1
BRBR,1772016,"BELLRING BRANDS, INC.",Michael C. Axelrod,,,116278194.0,high,,,,,,,1
FRMI,2071778,Fermi Inc.,Lee McIntire,,,640467348.0,high,,,,,,,1
WTRG,78128,"Essential Utilities, Inc.",Christopher H. Franklin,,,283778605.0,medium,,,,,,,1
GNTX,355811,GENTEX CORP,Steven R. Downing,,,210683331.0,medium,,,,,,,1
LECO,59527,LINCOLN ELECTRIC HOLDINGS INC,Steven B. Hedlund,,,54505757.0,medium,,,,,,,1
TFSL,1381668,TFS Financial CORP,Marc A. Stefanski,,,280442755.0,medium,,,,,,,1
WCN,1318220,"Waste Connections, Inc.",Ronald J. Mittelstaedt,,,252049532.0,medium,,,,,,,1
ULS,1901440,UL Solutions Inc.,Jennifer Scanlon,,,201898173.0,high,,,,,,,1
NEO,1077183,NEOGENOMICS INC,Anthony Zook,,,128475440.0,medium,,,,,,,1
AXGN,805928,"Axogen, Inc.",Michael Dale,,,53761513.0,high,,,,,,,1
HL,719413,HECLA MINING CO/DE/,Rob Krcmarov,,,671768431.0,medium,,,,,,,1
VOYA,1535929,"Voya Financial, Inc.",Heather H. Lavallee,,,90596349.0,medium,,,,,,,1
DNTH,1690585,"Dianthus Therapeutics, Inc. /DE/",Marino Garcia,,,55934378.0,high,,,,,,,1
SAIC,1571123,Science Applications International Corp,James C. Reagan,,,41897635.0,high,,,,,,,1
BKD,1332349,Brookdale Senior Living Inc.,Nikolas W. Stengle,,,238817252.0,high,,,,,,,1
SIRI,908937,SIRIUS XM HOLDINGS INC.,Jennifer C. Witz,,,337066891.0,medium,,,,,,,1
ORC,1518621,"Orchid Island Capital, Inc.",Robert E. Cauley,,,199603438.0,medium,,,,,,,1
CE,1306830,Celanese Corp,Scott A. Richardson,,,109748926.0,high,,,,,,,1
ETON,1710340,"Eton Pharmaceuticals, Inc.",Judith M. Matthews,,,28583135.0,medium,,,,,,,1
GSHD,1726978,"Goosehead Insurance, Inc.",Mark K. Miller,,,35515905.0,medium,,,,,,,1
AGM,845877,FEDERAL AGRICULTURAL MORTGAGE CORP,Zachary N. Carpenter,,,10853210.0,medium,,,,,,,1
WWD,108312,"Woodward, Inc.",Charles Blankenship,,,59045820.0,medium,,,,,,,1
CXT,25445,"Crane NXT, Co.",Aaron Saak,,,57561304.0,high,,,,,,,1
NBTB,790359,NBT BANCORP INC,Scott A. Kingsley,,,51960061.0,high,,,,,,,1
BMRN,1048477,BIOMARIN PHARMACEUTICAL INC,Alexander Hardy,,,193573759.0,high,,,,,,,1
QDEL,1906324,QuidelOrtho Corp,Brian J. Blaser,,,68575427.0,high,,,,,,,1
DINO,1915657,HF Sinclair Corp,Franklin Myers,,,177783849.0,medium,,,,,,,1
AVTR,1722482,"Avantor, Inc.",Emmanuel Ligner,,,676358840.0,high,,,,,,,1
OVV,1792580,Ovintiv Inc.,Brendan M. McCracken,,,275503580.0,medium,,,,,,,1
FLNC,1868941,"Fluence Energy, Inc.",Julian Nebreda,,,184596369.0,high,,,,,,,1
AXTA,1616862,Axalta Coating Systems Ltd.,Chris Villavarayan,,,214019997.0,high,,,,,,,1
HBNC,706129,HORIZON BANCORP INC /IN/,Thomas M. Prame,,,51344519.0,high,,,,,,,1
CPB,16732,CAMPBELL'S Co,Mick J. Beekhuizen,,,298206243.0,high,,,,,,,1
FCEL,886128,FUELCELL ENERGY INC,Jason B. Few,,,67608173.0,medium,,,,,,,1
PRI,1475922,"Primerica, Inc.",Glenn J. Williams,,,30777350.0,medium,,,,,,,1
MSA,66570,MSA Safety Inc,Steven C. Blanco,,,38578289.0,medium,,,,,,,1
VVX,1601548,"V2X, Inc.",Jeremy C. Wensinger,,,31345358.0,high,,,,,,,1
HLF,1180262,HERBALIFE LTD.,Stephan P. Gratziani,,,104803380.0,medium,,,,,,,1
LCID,1811210,"Lucid Group, Inc.",Silvio Napoli,,,394070176.0,low,,the matched insider (Napoli Silvio) is not flagged as an officer on any filing; this may be a trust or entity named after the chief executive,,,,,1
ORA,1296445,"ORMAT TECHNOLOGIES, INC.",Doron Blachar,,,61496941.0,high,,,,,,,1
FBNC,811589,FIRST BANCORP /NC/,Richard H. Moore,,,41374221.0,medium,,,,,,,1
TEVA,818686,TEVA PHARMACEUTICAL INDUSTRIES LTD,Richard D. Francis,,,1165296084.0,high,,,,,,,1
NLY,1043219,ANNALY CAPITAL MANAGEMENT INC,David L. Finkelstein,,,753714442.0,medium,,,,,,,1
LEA,842162,LEAR CORP,Raymond E. Scott,,,49324764.0,medium,,,,,,,1
INDB,776901,INDEPENDENT BANK CORP,Jeffrey J. Tengel,,,47369099.0,high,,,,,,,1
PNFP,2082866,"Pinnacle Financial Partners, Inc.",Kevin S. Blair,,,151112640.0,high,,,,,,,1
BRX,1581068,Brixmor Property Group Inc.,Brian T. Finnegan,,,306872316.0,low,,"1 line(s) only ever footnoted, so missing from the total",,,,,1
KLIC,56978,KULICKE & SOFFA INDUSTRIES INC,Lester Wong,,,52329115.0,medium,,,,,,,1
UUUU,1385849,ENERGY FUELS INC,Ross R. Bhappu,,,249965000.0,medium,,,,,,,1
RGEN,730272,REPLIGEN CORP,Olivier Loeillot,,,56435621.0,high,,,,,,,1
MTCH,891103,"Match Group, Inc.",Spencer Rascoff,,,229550985.0,high,,,,,,,1
OGS,1587732,"ONE Gas, Inc.",Robert S. McAnnally,,,62856270.0,medium,,,,,,,1
EPAM,1352010,"EPAM Systems, Inc.",Balazs Fejes,,,51586981.0,medium,,,,,,,1
PRK,805676,PARK NATIONAL CORP /OH/,Matthew R. Miller,,,18064161.0,medium,,,,,,,1
NFG,70145,NATIONAL FUEL GAS CO,D. P. Bauer,,,95045099.0,medium,,,,,,,1
AVA,104918,AVISTA CORP,Heather L. Rosentrater,,,83752830.0,medium,,,,,,,1
FMBH,700565,"FIRST MID BANCSHARES, INC.",Matthew K. Smith,,,26601912.0,medium,,,,,,,1
SARO,2025410,"StandardAero, Inc.",Russell Ford,,,330919431.0,high,,,,,,,1
MCY,64996,MERCURY GENERAL CORP,Gabriel Tirador,,,55388627.0,medium,,,,,,,1
WLY,107140,"JOHN WILEY & SONS, INC.",Matthew S. Kissner,,,50760355.0,medium,,,,,,,1
PTON,1639825,"PELOTON INTERACTIVE, INC.",Peter Stern,,,438871801.0,medium,,,,,,,1
FELE,38725,FRANKLIN ELECTRIC CO INC,Joseph A. Ruzynski,,,44211464.0,high,,,,,,,1
FIBK,860413,FIRST INTERSTATE BANCSYSTEM INC,James A. Reuter,,,95304607.0,high,,,,,,,1
KWR,81362,QUAKER CHEMICAL CORP,Joseph A. Berquist,,,17207702.0,medium,,,,,,,1
MDB,1441816,"MongoDB, Inc.",Chirantan J. Desai,,,80431927.0,high,,,,,,,1
LGN,2052568,Legence Corp.,Jeffrey Sprau,,,108075480.0,high,,,,,,,1
WSBC,203596,WESBANCO INC,Jeffrey H. Jackson,,,95905889.0,medium,,,,,,,1
CNA,21175,CNA FINANCIAL CORP,Douglas M. Worman,,,270600928.0,high,,,,,,,1
OLN,74303,OLIN Corp,Kenneth Lane,,,113982490.0,high,,,,,,,1
ARW,7536,"ARROW ELECTRONICS, INC.",William F. Austen,,,50905423.0,medium,,,,,,,1
SCL,94049,STEPAN CO,Luis E. Rojo,,,22732540.0,high,,,,,,,1
ABG,1144980,ASBURY AUTOMOTIVE GROUP INC,Daniel E. Clara,,,17951917.0,medium,,,,,,,1
MGEE,1161728,MGE ENERGY INC,Jeffrey M. Keebler,,,36756422.0,medium,,,,,,,1
DT,1773383,"Dynatrace, Inc.",Rick McConnell,,,289002128.0,medium,,,,,,,1
HFWA,1046025,HERITAGE FINANCIAL CORP /WA/,Bryan D. McDonald,,,40915558.0,medium,,,,,,,1
SAIA,1177702,SAIA INC,Frederick J. Holzgrefe,,,26674650.0,high,,,,,,,1
ALMS,1847367,ALUMIS INC.,Martin Babler,,,129435239.0,medium,,,,,,,1
MMSI,856982,MERIT MEDICAL SYSTEMS INC,Martha G. Aronson,,,59710420.0,high,,,,,,,1
DOCU,1261333,"DOCUSIGN, INC.",Allan Thygesen,,,190944608.0,high,,,,,,,1
CTS,26058,CTS CORP,Pratik Trivedi,,,28592910.0,high,,,,,,,1
AVEX,2096300,AEVEX Corp.,Roger Wells,,,114041700.0,high,,,,,,,1
MAC,912242,MACERICH CO,Jackson Hsieh,,,283559375.0,medium,,,,,,,1
XRAY,818479,DENTSPLY SIRONA Inc.,Daniel T. Scavilla,,,199353876.0,high,,,,,,,1
AMH,1562401,American Homes 4 Rent,Bryan Smith,,,359815019.0,high,,,,,,,1
SWX,1692115,"Southwest Gas Holdings, Inc.",Justin L. Brown,,,72445853.0,medium,,,,,,,1
FND,1507079,"Floor & Decor Holdings, Inc.",Bradley S. Paulsen,,,106489965.0,high,,,,,,,1
FUL,39368,FULLER H B CO,Celeste B. Mastin,,,53787411.0,medium,,,,,,,1
GGG,42888,GRACO INC,Mark W. Sheahan,,,161953824.0,medium,,,,,,,1
RKT,1805284,"Rocket Companies, Inc.",Varun Krishna,,,2831642421.0,high,,,,,,,1
KRMN,2040127,Karman Holdings Inc.,Jon Rambeau,,,132533708.0,high,,,,,,,1
LFUS,889331,LITTELFUSE INC /DE,Gregory N. Henderson,,,25398747.0,high,,,,,,,1
ORI,74260,OLD REPUBLIC INTERNATIONAL CORP,Craig R. Smiddy,,,241432922.0,medium,,,,,,,1
ATI,1018963,ATI INC,Kimberly A. Fields,,,136170383.0,medium,,,,,,,1
CALM,16160,CAL-MAINE FOODS INC,Sherman L. Miller,,,46917080.0,medium,,,,,,,1
RRX,82811,REGAL REXNORD CORP,Aamir Paul,,,66591867.0,high,,,,,,,1
ILMN,1110803,"ILLUMINA, INC.",Jacob Thaysen,,,151000000.0,high,,,,,,,1
ALNY,1178670,"ALNYLAM PHARMACEUTICALS, INC.",Yvonne L. Greenstreet,,,133809118.0,high,,,,,,,1
SDRL,1737706,SEADRILL Ltd,Samir Ali,,,62541443.0,high,,,,,,,1
EYE,1710155,"National Vision Holdings, Inc.",Alex Wilkes,,,79069313.0,medium,,,,,,,1
NTRA,1604821,"Natera, Inc.",Steve Chapman,,,144144170.0,medium,,,,,,,1
PURR,2078856,Hyperliquid Strategies Inc,David Schamis,,,197837597.0,medium,,,,,,,1
LSTR,853816,LANDSTAR SYSTEM INC,Frank A. Lonegro,,,33936925.0,high,,,,,,,1
NWN,1733998,Northwest Natural Holding Co,Justin B. Palfreyman,,,42093538.0,medium,,,,,,,1
SMTC,88941,SEMTECH CORP,Hong Q. Hou,,,93151168.0,high,,,,,,,1
LXRX,1062822,"LEXICON PHARMACEUTICALS, INC.",Michael S. Exton,,,444955934.0,medium,,,,,,,1
RGA,898174,REINSURANCE GROUP OF AMERICA INC,Tony Cheng,,,65301665.0,high,,,,,,,1
IDA,1057877,IDACORP INC,Lisa A. Grow,,,54899034.0,medium,,,,,,,1
OUT,1579877,OUTFRONT Media Inc.,Nicolas Brien,,,176135251.0,high,,,,,,,1
CR,1944013,Crane Co,Alejandro A. Alcala,,,57800356.0,medium,,,,,,,1
LFTO,1850351,"Liftoff Mobile, Inc.",Jeremy Bondy,,,169331527.0,high,,,,,,,1
FIVE,1177609,"FIVE BELOW, INC",Winnie Y. Park,,,55295351.0,medium,,,,,,,1
SUI,912593,SUN COMMUNITIES INC,Charles D. Young,,,121800957.0,high,,,,,,,1
HTO,766829,H2O AMERICA,Andrew F. Walters,,,41856804.0,high,,,,,,,1
BBIO,1743881,"BridgeBio Pharma, Inc.",Maricel M. Apuli,,,195487474.0,high,,,,,,,1
CRGY,1866175,Crescent Energy Co,David Rockecharlie,,,330403696.0,high,,,,,,,1
ZG,1617640,"ZILLOW GROUP, INC.",Jeremy Wacksman,,,224874954.0,high,,,,,,,1
TW,1758730,Tradeweb Markets Inc.,William Hult,,,234028262.0,medium,,,,,,,1
TTMI,1116942,TTM TECHNOLOGIES INC,Edwin Roks,,,105348864.0,high,,,,,,,1
SFD,91388,SMITHFIELD FOODS INC,C. Shane Smith,,,393767431.0,medium,,,,,,,1
ENTG,1101302,ENTEGRIS INC,David Reeder,,,152800000.0,high,,,,,,,1
HLIO,1024795,"HELIOS TECHNOLOGIES, INC.",Sean Bagan,,,32950577.0,medium,,,,,,,1
AVNT,1122976,AVIENT CORP,Ashish K. Khandpur,,,91719550.0,medium,,,,,,,1
POOL,945841,POOL CORP,John B. Watwood,,,36340747.0,high,,,,,,,1
ARR,1428205,"Armour Residential REIT, Inc.",Scott J. Ulm,,,141553046.0,medium,,,,,,,1
LINE,1868159,"Lineage, Inc.",Greg Lehmkuhl,,,227710012.0,high,,,,,,,1
VVV,1674910,VALVOLINE INC,Lori A. Flees,,,127586418.0,high,,,,,,,1
VIRT,1592386,"Virtu Financial, Inc.",Aaron Simons,,,155200227.0,medium,,,,,,,1
BSM,1621434,"Black Stone Minerals, L.P.",Fowler T. Carter,,,227421790.0,high,,,,,,,1
AMTB,1734342,Amerant Bancorp Inc.,Carlos Iafigliola,,,39189858.0,medium,,,,,,,1
MGRC,752714,MCGRATH RENTCORP,Philip B. Hawkins,,,24425663.0,medium,,,,,,,1
COLB,887343,"COLUMBIA BANKING SYSTEM, INC.",Clint E. Stein,,,282902268.0,medium,,,,,,,1
CNH,1567094,CNH Industrial N.V.,Gerrit Marx,,,1237725958.0,high,,,,,,,1
TIC,2032966,"TIC Solutions, Inc.",Benjamin Heraud,,,218220356.0,high,,,,,,,1
IBRX,1326110,"ImmunityBio, Inc.",Richard Adcock,,,1059836273.0,high,,,,,,,1
IMKTA,50493,INGLES MARKETS INC,James W. Lanning,,,18994376.0,medium,,,,,,,1
TXNM,1108426,TXNM ENERGY INC,Joseph D. Tarry,,,110707257.0,high,,,,,,,1
KMPR,860748,KEMPER Corp,Stephen J. McAnena,,,58923154.0,medium,,,,,,,1
CLDX,744218,"Celldex Therapeutics, Inc.",Anthony S. Marucci,,,78529532.0,medium,,,,,,,1
CBU,723188,"COMMUNITY FINANCIAL SYSTEM, INC.",Dimitar A. Karaivanov,,,52615905.0,medium,,,,,,,1
BANF,760498,BANCFIRST CORP /OK/,David Harlow,,,33598745.0,medium,,,,,,,1
MTSI,1493594,"MACOM Technology Solutions Holdings, Inc.",Stephen G. Daly,,,76370931.0,medium,,,,,,,1
SFNC,90498,SIMMONS FIRST NATIONAL CORP,James M. Brogdon,,,144513789.0,medium,,,,,,,1
EWTX,1710072,"Edgewise Therapeutics, Inc.",Kevin Koch,,,108604129.0,medium,,,,,,,1
MYE,69488,MYERS INDUSTRIES INC,Aaron M. Schapper,,,37618070.0,high,,,,,,,1
HESM,1789832,Hess Midstream LP,Jonathan C. Stein,,,128350881.0,high,,,,,,,1
OGN,1821825,Organon & Co.,Joseph Morrissey,,,262609433.0,medium,,,,,,,1
LPLA,1397911,LPL Financial Holdings Inc.,Richard Steinmeier,,,78742290.0,high,,,,,,,1
TPB,1290677,"Turning Point Brands, Inc.",Brian Wigginton,,,20048922.0,high,,,,,,,1
DRS,1833756,"Leonardo DRS, Inc.",John Baylouny,,,266891515.0,high,,,,,,,1
FOR,1406587,Forestar Group Inc.,Anthony W. Oxley,,,51017627.0,high,,,,,,,1
MDLN,2046386,Medline Inc.,James M. Boyle,,,1314707492.0,medium,,,,,,,1
LCII,763744,LCI INDUSTRIES,John A. Sirpilla,,,24311507.0,high,,,,,,,1
FLUT,1635327,Flutter Entertainment plc,Peter Jackson,,,173539102.0,high,,,,,,,1
DCI,29644,DONALDSON Co INC,Richard B. Lewis,,,115911056.0,medium,,,,,,,1
DJT,1849635,Trump Media & Technology Group Corp.,Kevin McGurn,,,277941274.0,high,,,,,,,1
FR,921825,FIRST INDUSTRIAL REALTY TRUST INC,Peter E. Baccile,,,132572946.0,medium,,,,,,,1
ALV,1034670,AUTOLIV INC,Mikael Bratt,,,73237217.0,high,,,,,,,1
JHX,1159152,James Hardie Industries plc,Aaron Erter,,,580522488.0,high,,,,,,,1
PAHC,1069899,PHIBRO ANIMAL HEALTH CORP,Daniel M. Bendheim,,,40601603.0,medium,,,,,,,1
VERX,1806837,"Vertex, Inc.",Christopher Young,,,162217980.0,medium,,,,,,,1
SSMR,2091017,Sunshine Silver Mining & Refining Co,Heather White,,,143726603.0,high,,,,,,,1
CNMD,816956,CONMED Corp,Patrick J. Beyer,,,29951248.0,high,,,,,,,1
PPTA,1526243,PERPETUA RESOURCES CORP.,Jonathan Cherry,,,125095803.0,high,,,,,,,1
XENE,1582313,Xenon Pharmaceuticals Inc.,Ian Mortimer,,,96840432.0,high,,,,,,,1
HRB,12659,H&R BLOCK INC,Curtis A. Campbell,,,123265922.0,medium,,,,,,,1
JAN,2100805,"Janus Living, Inc.",Scott M. Brinker,,,291890776.0,high,,,,,,,1
CRBG,1889539,"Corebridge Financial, Inc.",Marc Costantini,,,445772522.0,high,,,,,,,1
RGTI,1838359,"Rigetti Computing, Inc.",Subodh Kulkarni,,,333768747.0,medium,,,,,,,1
FBIN,1519751,"Fortune Brands Innovations, Inc.",Jesse Singh,,,119371477.0,medium,,,,,,,1
MSTR,1050446,Strategy Inc,Phong Le,,,384225751.0,medium,,,,,,,1
SVV,1883313,"Savers Value Village, Inc.",Mark T. Walsh,,,153796187.0,medium,,,,,,,1
HE,354707,HAWAIIAN ELECTRIC INDUSTRIES INC,Scott W. H. Seu,,,172728004.0,medium,,,,,,,1
ENB,895728,ENBRIDGE INC,Gregory L. Ebel,,,2184085509.0,low,,the matched insider (EBEL GREGORY L) is not flagged as an officer on any filing; this may be a trust or entity named after the chief executive,,,,,1
KLRA,2096997,"Kailera Therapeutics, Inc.",Ronald C. Renaud,,,129643676.0,medium,,,,,,,1
VRDN,1590750,"Viridian Therapeutics, Inc.\DE",Stephen Mahoney,,,113292269.0,medium,,,,,,,1
HASI,1561894,"HA Sustainable Infrastructure Capital, Inc.",Jeffrey A. Lipson,,,128495790.0,medium,,,,,,,1
KRG,1286043,KITE REALTY GROUP TRUST,John A. Kite,,,200346933.0,medium,,,,,,,1
MWA,1350593,"Mueller Water Products, Inc.",Paul McAndrew,,,156125679.0,medium,,,,,,,1
SMR,1822966,NUSCALE POWER Corp,John Hopkins,,,429723272.0,medium,,,,,,,1
HXL,717605,HEXCEL CORP /DE/,Thomas C. Gentile III,,,75623452.0,high,,,,,,,1
PLUG,1093691,PLUG POWER INC,Jose Luis Crespo,,,1397195278.0,medium,,,,,,,1
CALX,1406666,"CALIX, INC",Michael Weening,,,62963989.0,medium,,,,,,,1
LIVN,1639691,LivaNova PLC,Vladimir Makatsaria,,,55093507.0,medium,,,,,,,1
BROS,1866581,Dutch Bros Inc.,Christine Barone,,,174681716.0,high,,,,,,,1
REYN,1786431,Reynolds Consumer Products Inc.,Scott Huckins,,,210790982.0,high,,,,,,,1
BXDC,2100161,Blackstone Digital Infrastructure Trust Inc.,Nick Pell,,,100649905.0,medium,,,,,,,1
HOG,793952,"HARLEY-DAVIDSON, INC.",Artie Starrs,,,104072507.0,medium,,,,,,,1
IMCR,1671927,Immunocore Holdings plc,Bahija Jallal,,,51498617.0,medium,,,,,,,1
AHR,1632970,"American Healthcare REIT, Inc.",Jeffrey T. Hanson,,,217998775.0,medium,,,,,,,1
KMX,1170010,CARMAX INC,Keith Barr,,,141911096.0,high,,,,,,,1
CERT,1827090,"Certara, Inc.",Jon Resnick,,,152538780.0,medium,,,,,,,1
STBA,719220,S&T BANCORP INC,Christopher J. McComish,,,35265492.0,high,,,,,,,1
LEU,1065059,CENTRUS ENERGY CORP,Amir V. Vexler,,,19952858.0,medium,,,,,,,1
OLLI,1639300,"Ollie's Bargain Outlet Holdings, Inc.",Eric van der Valk,,,60453292.0,medium,,,,,,,1
WES,1423902,"Western Midstream Partners, LP",Oscar K. Brown,,,393781339.0,medium,,,,,,,1
PLSE,1625101,"PULSE BIOSCIENCES, INC.",Paul A. LaViolette,,,71322607.0,medium,,,,,,,1
FFIN,36029,FIRST FINANCIAL BANKSHARES INC,David W. Bailey,,,143327507.0,high,,,,,,,1
BOBS,2085187,"Bob's Discount Furniture, Inc.",William G. Barton,,,130687076.0,medium,,,,,,,1
MPLX,1552000,MPLX LP,Maryann T. Mannen,,,1013858251.0,high,,,,,,,1
TTEK,831641,TETRA TECH INC,Roger R. Argus,,,256044428.0,medium,,,,,,,1
MSM,1003078,MSC INDUSTRIAL DIRECT CO INC,Martina McIsaac,,,55846298.0,high,,,,,,,1
PRIM,1361538,Primoris Services Corp,Koti Vadlamudi,,,53832327.0,high,,,,,,,1
SR,1126956,SPIRE INC,Scott E. Doyle,,,59116792.0,medium,,,,,,,1
ABUS,1447028,Arbutus Biopharma Corp,Lindsay Androski,,,197847835.0,high,,,,,,,1
SLG,1040971,SL GREEN REALTY CORP,Marc Holliday,,,71124483.0,medium,,,,,,,1
SEIC,350894,SEI INVESTMENTS CO,Ryan P. Hicke,,,120019182.0,medium,,,,,,,1
HRMY,1802665,"Harmony Biosciences Holdings, Inc.",Jeffrey M. Dayno,,,58236393.0,medium,,,,,,,1
OPLN,1395942,"OPENLANE, Inc.",Peter J. Kelly,,,122797455.0,medium,,,,,,,1
PRGO,1585364,PERRIGO Co plc,Albert A. Manzone,,,138769245.0,medium,,,,,,,1
NEOG,711377,NEOGEN CORP,Mikhael Nassif,,,218056016.0,medium,,,,,,,1
SUNC,2089661,SunocoCorp LLC,Joseph Kim,,,51517198.0,high,,,,,,,1
ASIC,2040491,Ategrity Specialty Insurance Co Holdings,Justin Cohen,,,47926928.0,high,,,,,,,1
LOGI,1032975,LOGITECH INTERNATIONAL S.A.,Johanna (Hanneke) Faber,,,143188332.0,high,,,,,,,1
VNOM,2074176,"Viper Energy, Inc.",Kaes Van't Hof,,,359194893.0,high,,,,,,,1
SM,893538,SM Energy Co,Elizabeth A. McDonald,,,237854068.0,medium,,,,,,,1
ACAD,1070494,ACADIA PHARMACEUTICALS INC,Catherine Owen Adams,,,172305518.0,medium,,,,,,,1
OHI,888491,OMEGA HEALTHCARE INVESTORS INC,C. Taylor Pickett,,,303013000.0,medium,,,,,,,1
CAG,23217,CONAGRA BRANDS INC.,John Brase,,,478565642.0,medium,,,,,,,1
CGNX,851205,COGNEX CORP,Matthew Moschner,,,168223842.0,medium,,,,,,,1
DBVT,1613780,DBV Technologies S.A.,Daniel Tassé,,,296061497.0,medium,,,,,,,1
KRO,1257640,KRONOS WORLDWIDE INC,Brian W. Christian,,,115097516.0,high,,,,,,,1
GXO,1852244,"GXO Logistics, Inc.",Patrick Kelleher,,,114684579.0,medium,,,,,,,1
ACHC,1520697,"Acadia Healthcare Company, Inc.",Debra K. Osteen,,,93100275.0,medium,,,,,,,1
AMKR,1047127,"AMKOR TECHNOLOGY, INC.",Kevin K. Engel,,,248452472.0,high,,,,,,,1
UE,1611547,Urban Edge Properties,Jeffrey S. Olson,,,126019994.0,medium,,,,,,,1
REXR,1571283,"Rexford Industrial Realty, Inc.",Laura Clark,,,222988124.0,medium,,,,,,,1
UGI,884614,UGI CORP /PA/,Robert C. Flexon,,,214494967.0,medium,,,,,,,1
GTY,1052752,GETTY REALTY CORP /MD/,Christopher J. Constant,,,61932699.0,medium,,,,,,,1
LLYVA,2078416,"Liberty Live Holdings, Inc.",Chad R. Hollingsworth,,,92005376.0,low,,class(es) counted from the person's filings but absent from the cover page: Series C Liberty Live Group Common Stock; the denominator may not include them,,,,,1
CP,16875,CANADIAN PACIFIC KANSAS CITY LTD/CN,Keith Creel,,,879079224.0,medium,,,,,,,1
TOL,794170,"Toll Brothers, Inc.",Karl K. Mistry,,,92147000.0,high,,,,,,,1
SCCO,1001838,SOUTHERN COPPER CORP/,Leonardo Contreras Lerdo de Tejada,,,834331706.0,medium,,,,,,,1
MELI,1099590,MERCADOLIBRE INC,Ariel Szarfsztejn,,,50696802.0,medium,,,,,,,1
MWH,2065636,"SOLV Energy, Inc.",George Hershman,,,202386722.0,medium,,,,,,,1
AADX,2118195,"Applied Aerospace & Defense, Inc.",James William Ferguson,,,172393518.0,low,,walk did not settle; the total is a floor,,,,,1
AAMI,1748824,Acadian Asset Management Inc.,Kelly Young,,,35490128.0,low,,walk did not settle; the total is a floor,,,,,1
ACHR,1824502,Archer Aviation Inc.,Adam Goldstein,,,770023800.0,high,,,,,,,1
AD,821130,"ARRAY DIGITAL INFRASTRUCTURE, INC.",Anthony J. M. Carlson,,,86500000.0,low,,walk did not settle; the total is a floor,,,,,1
ADBT,2084227,"Advasa Holdings, Inc.",Grady Ryther,,,487065702.0,high,,,,,,,1
ADIG,2105139,ADI GLOBAL DISTRIBUTION INC.,Robert Aarnes,,,75923198.0,low,,walk did not settle; the total is a floor,,,,,1
ALMR,2104204,"Alamar Biosciences, Inc.",Yuling Luo,,,69392766.0,low,,"2 line(s) only ever footnoted, so missing from the total",,,,,1
ANDG,2065708,Andersen Group Inc.,Mark Vorsatz,,,112988453.0,low,,walk did not settle; the total is a floor,,,,,1
ATAI,2081043,AtaiBeckley Inc.,Srinivas Rao,,,370864669.0,low,,walk did not settle; the total is a floor,,,,,1
AVLN,1540171,Avalyn Pharma Inc.,Lyn Baranowski,,,44333095.0,low,,walk did not settle; the total is a floor,,,,,1
BMNR,1829311,"BITMINE IMMERSION TECHNOLOGIES, INC.",Chi Tsang,,,603226394.0,low,,walk did not settle; the total is a floor,,,,,1
BRUN,2090646,Boost Run Inc.,Andrew Karos,,,79487441.0,low,,"walk did not settle; the total is a floor|1 line(s) only ever footnoted, so missing from the total",,,,,1
BXBL,1906364,BOXABL Inc.,Paolo Tiramani,,,10295800.0,low,,"3 line(s) only ever footnoted, so missing from the total",,,,,1
COAG,2114044,"Hemab Therapeutics Holdings, Inc.",Benny Sørensen,,,46712117.0,low,,walk did not settle; the total is a floor,,,,,1
COLD,1455863,AMERICOLD REALTY TRUST,Robert Chambers,,,285480551.0,high,,,,,,,1
COTY,1024305,COTY INC.,Markus Strobel,,,880686464.0,low,,walk did not settle; the total is a floor,,,,,1
CQP,1383650,"Cheniere Energy Partners, L.P.",Jack A. Fusco,,,484057704.0,low,,walk did not settle; the total is a floor,,,,,1
CRVL,874866,CORVEL CORP,Sarah A. Scott,,,50516571.0,low,,walk did not settle; the total is a floor,,,,,1
CVI,1376139,CVR ENERGY INC,Dane J. Neumann,,,100530599.0,high,,,,,,,1
ELVN,1672619,"Enliven Therapeutics, Inc.",Richard Fair,,,73270761.0,low,,walk did not settle; the total is a floor,,,,,1
EMAT,1866226,Evolution Metals & Technologies Corp.,Suk Jin Moon,,,621800646.0,high,,,,,,,1
FPS,2080126,"Forgent Power Solutions, Inc.",Gary J. Niederpruem,,,304428889.0,low,,walk did not settle; the total is a floor,,,,,1
FRNM,2017526,"Freenome, Inc.",Adam Stone,,,8911250.0,low,,"1 line(s) only ever footnoted, so missing from the total",,,,,1
FRVO,1853868,Fervo Energy Co,Tim Latimer,,,294763199.0,low,,"walk did not settle; the total is a floor|1 line(s) only ever footnoted, so missing from the total",,,,,1
FUBO,1484769,FuboTV Inc.,Alisa Bowen,,,109196795.0,low,,walk did not settle; the total is a floor,,,,,1
FWONA,1560385,Liberty Media Corp,Derek Chang,,,250708485.0,low,,class(es) counted from the person's filings but absent from the cover page: Series C Liberty Live Common Stock; the denominator may not include them,,,,,1
GMED,1237831,GLOBUS MEDICAL INC,Keith W. Pfeil,,,134261914.0,high,,,,,,,1
IEP,813762,ICAHN ENTERPRISES L.P.,Ted Papapostolou,,,710915093.0,high,,,,,,,1
INIO,2109150,INNIO N.V.,Olaf Berlien,,,750000000.0,low,,walk did not settle; the total is a floor,,,,,1
LBRX,1691082,LB PHARMACEUTICALS INC,Heather Turner,,,32259175.0,low,,walk did not settle; the total is a floor,,,,,1
MCHB,1518715,Mechanics Bancorp,C.J. Johnson,,,221426509.0,low,,walk did not settle; the total is a floor,,,,,1
NSIT,932696,INSIGHT ENTERPRISES INC,Jack Azagury,,,29348850.0,low,,walk did not settle; the total is a floor,,,,,1
OBX,2130606,"Obsidian Therapeutics, Inc.",Madan Jagasia,,,61772876.0,low,,walk did not settle; the total is a floor,,,,,1
PBLS,1657677,"Parabilis Medicines, Inc.",Mathai Mammen,,,123533240.0,low,,walk did not settle; the total is a floor,,,,,1
RBCAA,921557,REPUBLIC BANCORP INC /KY/,Steven E. Trager,,,19634151.0,low,,the matched insider (Trager Jean S) is not flagged as an officer on any filing; this may be a trust or entity named after the chief executive,,,,,1
SEB,88121,SEABOARD CORP /DE/,Robert L. Steer,,,957794.0,medium,,,,,,,1
SOLS,2064953,Solstice Advanced Materials Inc.,David Sewell,,,158847369.0,low,,walk did not settle; the total is a floor,,,,,1
STAG,1479094,"STAG Industrial, Inc.",William R. Crooker,,,192808329.0,high,,,,,,,1
STOK,1623526,"Stoke Therapeutics, Inc.",Ian F. Smith,,,64526242.0,low,,walk did not settle; the total is a floor,,,,,1
TDS,1051512,TELEPHONE & DATA SYSTEMS INC /DE/,Walter C. D. Carlson,,,115100000.0,low,,walk did not settle; the total is a floor,,,,,1
TGLS,1534675,Tecnoglass Holdings Inc.,Jose M. Daes,,,44364616.0,medium,,,,,,,1
TKR,98362,TIMKEN CO,Lucian Boldea,,,69296839.0,low,,walk did not settle; the total is a floor,,,,,1
TOP,1848275,TOP Financial Group Ltd,Ka Fai Yuen,,,123705513.0,low,,walk did not settle; the total is a floor,,,,,1
UAN,1425292,"CVR PARTNERS, LP",Dane J. Neumann,,,10569637.0,low,,walk did not settle; the total is a floor,,,,,1
USAR,1970622,"USA Rare Earth, Inc.",Barbara Humpton,,,244720099.0,low,,walk did not settle; the total is a floor,,,,,1
VOR,1817229,Vor Biopharma Inc.,Jean-Paul Kress,,,59162294.0,low,,walk did not settle; the total is a floor,,,,,1
WEN,30697,Wendy's Co,Robert D. Wright,,,190669930.0,high,,,,,,,1
WLK,1262823,WESTLAKE CORP,Jean-Marc Gilson,,,127796548.0,low,,walk did not settle; the total is a floor,,,,,1
XXI,2070457,"Twenty One Capital, Inc.",Raphael Zagury,,,562372222.0,low,,the matched insider (Zagury Raphael Sequerra) is not flagged as an officer on any filing; this may be a trust or entity named after the chief executive|walk did not settle; the total is a floor,,,,,1
AMR,1704715,"Alpha Metallurgical Resources, Inc.",,,,,none,,,,no Section 302 certification found; cannot name the CEO,,,1
APMD,1745648,"Apnimed, Inc.",,,,,none,,,,no Section 302 certification found; cannot name the CEO,,,1
ASX,1122411,"ASE Technology Holding Co., Ltd.",,,,,none,,,,no Section 302 certification found; cannot name the CEO,,,1
AU,1973832,AngloGold Ashanti PLC,,,,,none,,,,no Section 302 certification found; cannot name the CEO,,,1
BAM,1937926,Brookfield Asset Management Ltd.,Connor Teskey,,,,none,,,,could not find this person among the issuer's 13 Section 16 filings (3 Form 3s searched); try --max-search 0 to sweep everything,,,1
BEPC,1791863,Brookfield Renewable Corp,,,,,none,,,,no Section 302 certification found; cannot name the CEO,,,1
BIPC,1788348,Brookfield Infrastructure Corp,,,,,none,,,,no Section 302 certification found; cannot name the CEO,,,1
BTE,1279495,BAYTEX ENERGY CORP.,,,,,none,,,,no Section 302 certification found; cannot name the CEO,,,1
BUD,1668717,Anheuser-Busch InBev SA/NV,,,,,none,,,,no Section 302 certification found; cannot name the CEO,,,1
CBC,2065601,"Central Bancompany, Inc.",,,,,none,,,,no Section 302 certification found; cannot name the CEO,,,1
CIB,2058897,Grupo Cibest S.A.,,,,,none,,,,no Section 302 certification found; cannot name the CEO,,,1
CIGI,913353,Colliers International Group Inc.,Jay S. Hennick,,,,low,,foreign-regime issuer: stake from SC 13D/A dated 2024-03-01; no U.S. transaction filings exist,,,,,1
FMS,1333141,Fresenius Medical Care AG,,,,,none,,,,no Section 302 certification found; cannot name the CEO,,,1
FRO,913290,Frontline plc,,,,,none,,,,no Section 302 certification found; cannot name the CEO,,,1
GLOB,1557860,Globant S.A.,,,,,none,,,,no Section 302 certification found; cannot name the CEO,,,1
GPK,1408075,GRAPHIC PACKAGING HOLDING CO,,,,,none,,,,no Section 302 certification found; cannot name the CEO,,,1
IGIC,1794338,International General Insurance Holdings Ltd.,,,,,none,,,,no Section 302 certification found; cannot name the CEO,,,1
IOND,2007691,Ionic Digital Inc.,,,,,none,,,,no Section 302 certification found; cannot name the CEO,,,1
JMKE,2127043,Jersey Mike's Subs Inc.,,,,,none,,,,no Section 302 certification found; cannot name the CEO,,,1
KEX,56047,KIRBY CORP,,,,,none,,,,no Section 302 certification found; cannot name the CEO,,,1
LAR,1440972,Lithium Argentina AG,,,,,none,,,,no Section 302 certification found; cannot name the CEO,,,1
LION,2052959,Lionsgate Studios Corp.,,,,,none,,,,no Section 302 certification found; cannot name the CEO,,,1
LTGO,2056611,"Latigo Biotherapeutics, Inc.",,,,,none,,,,no Section 302 certification found; cannot name the CEO,,,1
LYNX,2132582,Lyntris Inc.,,,,,none,,,,no Section 302 certification found; cannot name the CEO,,,1
NTR,1725964,Nutrien Ltd.,,,,,none,,,,no Section 302 certification found; cannot name the CEO,,,1
NVA,1852551,Nova Minerals Corp,,,,,none,,,,no Section 302 certification found; cannot name the CEO,,,1
OTEX,1002638,OPEN TEXT CORP,Ayman Antoun,,,,none,,,,could not find this person among the issuer's 6 Section 16 filings (5 Form 3s searched); try --max-search 0 to sweep everything,,,1
PDS,1013605,PRECISION DRILLING Corp,,,,,none,,,,no Section 302 certification found; cannot name the CEO,,,1
RACE,1648416,Ferrari N.V.,,,,,none,,,,no Section 302 certification found; cannot name the CEO,,,1
RUSHA,1012019,RUSH ENTERPRISES INC \TX\,,,,,none,,,,no Section 302 certification found; cannot name the CEO,,,1
SHIP,1448397,Seanergy Maritime Holdings Corp.,,,,,none,,,,no Section 302 certification found; cannot name the CEO,,,1
SHOP,1594805,SHOPIFY INC.,Tobias Lütke,,,,none,,,,no Section 16 holdings found,,,1
TIMB,1826168,TIM S.A.,,,,,none,,,,no Section 302 certification found; cannot name the CEO,,,1
TLN,1622536,Talen Energy Corp,,,,,none,,,,no Section 302 certification found; cannot name the CEO,,,1
WFG,1402388,"WEST FRASER TIMBER CO., LTD",,,,,none,,,,no Section 302 certification found; cannot name the CEO,,,1
XPRO,2126198,Expro Ltd,Michael Jardon,,,,none,,,,this issuer has no Section 16 filings,,,1
ZLAB,1704292,Zai Lab Ltd,Samantha (Ying) Du,,,,none,,,,could not find this person among the issuer's 284 Section 16 filings (22 Form 3s searched); try --max-search 0 to sweep everything,,,1
ECHO,1415404,EchoStar,Charles W. Ergen,50.66737521945108,147184017.0,290490708.0,low,,the matched insider (ERGEN CHARLES W) is not flagged as an officer on any filing; this may be a trust or entity named after the chief executive,,,https://www.sec.gov/Archives/edgar/data/1415404/000090454826000015/form4-07312026_080709.xml,https://www.sec.gov/Archives/edgar/data/1415404/000110465926089370/,0
DELL,1571996,Dell Technologies,Michael S. Dell,45.4034287628464,294263250.0,648107991.0,medium,,,,,https://www.sec.gov/Archives/edgar/data/1571996/000112329225000539/form4.xml,https://www.sec.gov/Archives/edgar/data/1571996/000157199626000030/,0
TSLA,1318605,"Tesla, Inc.",Elon Musk,28.441861153673248,1123324786.0,3949547394.0,high,,,,,https://www.sec.gov/Archives/edgar/data/1318605/000110465926075213/tm2618092-2_4seq1.xml,https://www.sec.gov/Archives/edgar/data/1318605/000162828026049270/,0
FOXA,1754301,Fox Corporation (Class A),Lachlan K. Murdoch,20.678326269342037,86776627.0,419650149.0,high,,,,,https://www.sec.gov/Archives/edgar/data/1754301/000162828026057762/wk-form4_1787088137.xml,https://www.sec.gov/Archives/edgar/data/1754301/000162828026053960/,0
META,1326801,Meta Platforms,Mark Zuckerberg,13.443080987957154,342463325.0,2547506225.0,medium,,,,,https://www.sec.gov/Archives/edgar/data/1326801/000095010326011908/ownership.xml,https://www.sec.gov/Archives/edgar/data/1326801/000162828026050705/,0
ABNB,1559720,Airbnb,Brian Chesky,12.23601051302359,73267479.0,598785682.0,medium,,,,,https://www.sec.gov/Archives/edgar/data/1559720/000119312526345333/ownership.xml,https://www.sec.gov/Archives/edgar/data/1559720/000155972026000027/,0
SMCI,1375365,Supermicro,Charles Liang,11.039924443160029,66396146.0,601418482.0,medium,,,,,https://www.sec.gov/Archives/edgar/data/1375365/000139294226000012/wk-form4_1787172385.xml,https://www.sec.gov/Archives/edgar/data/1375365/000137536526000014/,0
TTD,1671933,Trade Desk (The),Jeff T. Green,10.572998529067604,49680426.0,469880194.0,medium,,,,,https://www.sec.gov/Archives/edgar/data/1671933/000167144526000008/wk-form4_1787091868.xml,https://www.sec.gov/Archives/edgar/data/1671933/000167193326000086/,0
LEN,920760,Lennar,Stuart Miller,9.76845352904626,23531730.0,240895142.0,medium,,,,,https://www.sec.gov/Archives/edgar/data/920760/000119312526222046/ownership.xml,https://www.sec.gov/Archives/edgar/data/920760/000162828026046019/,0
COIN,1679788,Coinbase,Brian Armstrong,9.71817883124721,25640144.0,263836923.0,medium,,,,,https://www.sec.gov/Archives/edgar/data/1679788/000185149226000001/wk-form4_1767822506.xml,https://www.sec.gov/Archives/edgar/data/1679788/000167978826000088/,0
XYZ,1512673,"Block, Inc.",Jack Dorsey,8.129988764886525,48844566.0,600795000.0,medium,,,,,https://www.sec.gov/Archives/edgar/data/1512673/000162828025029124/wk-form4_1748984845.xml,https://www.sec.gov/Archives/edgar/data/1512673/000162828026053368/,0
FTNT,1262039,Fortinet,Ken Xie,7.880614700787094,57821146.0,733713653.0,medium,,,,,https://www.sec.gov/Archives/edgar/data/1262039/000147558726000014/form4-08042026_090854.xml,https://www.sec.gov/Archives/edgar/data/1262039/000126203926000021/,0
VEEV,1393052,Veeva Systems,Peter P. Gassner,7.577926098542482,12269333.0,161908850.0,medium,,,,,https://www.sec.gov/Archives/edgar/data/1393052/000162828024029359/wk-form4_1719003531.xml,https://www.sec.gov/Archives/edgar/data/1393052/000139305226000036/,0
MNST,865752,Monster Beverage,Hilton Schlosberg,7.29115976539352,71418797.0,979525882.0,medium,,,,,https://www.sec.gov/Archives/edgar/data/865752/000128435226000002/form4-05272026_070504.xml,https://www.sec.gov/Archives/edgar/data/865752/000110465926092193/,0
PSKY,2041610,Paramount Skydance Corporation,David Ellison,6.838093465477532,76719701.0,1121945779.0,high,,,,,https://www.sec.gov/Archives/edgar/data/2041610/000122520826007066/doc4.xml,https://www.sec.gov/Archives/edgar/data/2041610/000204161026000054/,0
APO,1858681,Apollo Global Management,Marc Rowan,5.767371187175161,34058816.0,590543159.0,high,,,,,https://www.sec.gov/Archives/edgar/data/1858681/000119312526216691/ownership.xml,https://www.sec.gov/Archives/edgar/data/1858681/000185868126000040/,0
MRNA,1682852,Moderna,Stéphane Bancel,5.564586404204759,22215826.0,399235889.0,high,,,,,https://www.sec.gov/Archives/edgar/data/1682852/000168285226000153/form4.xml,https://www.sec.gov/Archives/edgar/data/1682852/000168285226000150/,0
HOOD,1783879,Robinhood Markets,Vladimir Tenev,5.372309125707788,48301479.0,899082273.0,medium,,,,,https://www.sec.gov/Archives/edgar/data/1783879/000187100626000006/wk-form4_1783542798.xml,https://www.sec.gov/Archives/edgar/data/1783879/000178387926000114/,0
EXPE,1324424,Expedia Group,Barry Diller,4.370922110446814,5245952.0,120019343.0,medium,,,,,https://www.sec.gov/Archives/edgar/data/1324424/000122520826007167/doc4.xml,https://www.sec.gov/Archives/edgar/data/1324424/000132442426000053/,0
AXON,1069183,Axon Enterprise,Patrick Smith,3.850457329298329,3128012.0,81237415.0,medium,,,,,https://www.sec.gov/Archives/edgar/data/1069183/000162828026057434/wk-form4_1787001000.xml,https://www.sec.gov/Archives/edgar/data/1069183/000162828026053646/,0
WDAY,1327811,"Workday, Inc.",Aneel Bhusri,3.789209543568465,9131995.0,241000000.0,medium,,,,,https://www.sec.gov/Archives/edgar/data/1327811/000119657926000012/wk-form4_1783457489.xml,https://www.sec.gov/Archives/edgar/data/1327811/000132781126000044/,0
UHS,352915,Universal Health Services,Marc D. Miller,3.6959616631556855,2178271.0,58936515.0,medium,,,,,https://www.sec.gov/Archives/edgar/data/352915/000035291526000040/form4.xml,https://www.sec.gov/Archives/edgar/data/352915/000119312526340278/,0
CPAY,1175454,Corpay,Ronald F. Clarke,3.5856600342624696,2354330.0,65659599.0,medium,,,,,https://www.sec.gov/Archives/edgar/data/1175454/000119312526365658/ownership.xml,https://www.sec.gov/Archives/edgar/data/1175454/000117545426000050/,0
NVDA,1045810,Nvidia,Jen-Hsun Huang,3.369314298755187,812004746.0,24100000000.0,medium,,,,,https://www.sec.gov/Archives/edgar/data/1045810/000119764926000010/wk-form4_1782208834.xml,https://www.sec.gov/Archives/edgar/data/1045810/000104581026000075/,0
CVNA,1690820,Carvana,Ernest C. Garcia,3.3068196329625645,36390352.0,1100463770.0,medium,,,,,https://www.sec.gov/Archives/edgar/data/1690820/000170054826000018/wk-form4_1785877455.xml,https://www.sec.gov/Archives/edgar/data/1690820/000169082026000055/,0
MSCI,1408198,MSCI,Henry A. Fernandez,3.010917469050894,2188937.0,72700000.0,high,,,,,https://www.sec.gov/Archives/edgar/data/1408198/000141675026000011/wk-form4_1779135010.xml,https://www.sec.gov/Archives/edgar/data/1408198/000140819826000046/,0
CRM,1108524,Salesforce,Marc Benioff,2.6781878493317133,22041486.0,823000000.0,medium,,,,,https://www.sec.gov/Archives/edgar/data/1108524/000110852426000088/form4.xml,https://www.sec.gov/Archives/edgar/data/1108524/000110852426000190/,0
DDOG,1561550,Datadog,Olivier Pomel,2.606401273957723,9358936.0,359075024.0,medium,,,,,https://www.sec.gov/Archives/edgar/data/1561550/000178399026000002/wk-form4_1787345130.xml,https://www.sec.gov/Archives/edgar/data/1561550/000162828026054458/,0
PLTR,1321655,Palantir Technologies,Alexander C. Karp,2.4520900964507533,58925159.0,2403058480.0,low,,"1 line(s) only ever footnoted, so missing from the total",,,https://www.sec.gov/Archives/edgar/data/1321655/000182395126000009/wk-form4_1787616121.xml,https://www.sec.gov/Archives/edgar/data/1321655/000132165526000041/,0
REGN,872589,Regeneron Pharmaceuticals,Leonard S. Schleifer,2.344273013756264,2413546.0,102954988.0,low,,"2 line(s) only ever footnoted, so missing from the total",,,https://www.sec.gov/Archives/edgar/data/872589/000121862926000002/edgardoc.xml,https://www.sec.gov/Archives/edgar/data/872589/000087258926000025/,0
APP,1751008,AppLovin,Adam Foroughi,2.3335516702475116,7809254.0,334651000.0,low,,"1 line(s) only ever footnoted, so missing from the total",,,https://www.sec.gov/Archives/edgar/data/1751008/000184839526000013/primarydocument.xml,https://www.sec.gov/Archives/edgar/data/1751008/000175100826000059/,0
DASH,1792789,DoorDash,Tony Xu,2.290496779365343,9924623.0,433295654.0,medium,,,,,https://www.sec.gov/Archives/edgar/data/1792789/000183261726000009/form4-08262026_040808.xml,https://www.sec.gov/Archives/edgar/data/1792789/000179278926000050/,0
STLD,1022671,Steel Dynamics,Mark D. Millett,2.1045428304325107,3016401.0,143328088.0,medium,,,,,https://www.sec.gov/Archives/edgar/data/1022671/000102267126000143/form4.xml,https://www.sec.gov/Archives/edgar/data/1022671/000110465926087414/,0
KKR,1404912,KKR & Co.,Joseph Y. Bae,2.061646171273013,18506070.0,897635601.0,high,,,,,https://www.sec.gov/Archives/edgar/data/1404912/000114036126007578/form4.xml,https://www.sec.gov/Archives/edgar/data/1404912/000140491226000027/,0
ANET,1596532,Arista Networks,Jayshree Ullal,2.0472432917438512,25820337.0,1261224648.0,medium,,,,,https://www.sec.gov/Archives/edgar/data/1596532/000159653226000216/edgardoc.xml,https://www.sec.gov/Archives/edgar/data/1596532/000159653226000175/,0
RDDT,1713445,Reddit,Steven Huffman,2.033653313150015,3912678.0,192396510.0,medium,,,,,https://www.sec.gov/Archives/edgar/data/1713445/000182701126000035/wk-form4_1787606625.xml,https://www.sec.gov/Archives/edgar/data/1713445/000171344526000100/,0
MPWR,1280452,Monolithic Power Systems,Michael Hsing,2.022929003113363,994128.0,49143000.0,medium,,,,,https://www.sec.gov/Archives/edgar/data/1280452/000121465926006625/marketforms-73205.xml,https://www.sec.gov/Archives/edgar/data/1280452/000162828026053275/,0
AKAM,1086222,Akamai Technologies,F. Thomson Leighton,1.903952520894784,2736296.0,143716609.0,medium,,,,,https://www.sec.gov/Archives/edgar/data/1086222/000110623226000010/wk-form4_1772839897.xml,https://www.sec.gov/Archives/edgar/data/1086222/000108622226000086/,0
IT,749251,Gartner,Eugene A. Hall,1.8815776205143848,1188197.0,63148976.0,high,,,,,https://www.sec.gov/Archives/edgar/data/749251/000074925126000202/form4.xml,https://www.sec.gov/Archives/edgar/data/749251/000074925126000245/,0
FICO,814547,Fair Isaac,William J. Lansing,1.82162537703781,393428.0,21597635.0,low,,the matched insider (LANSING WILLIAM J) is not flagged as an officer on any filing; this may be a trust or entity named after the chief executive,,,https://www.sec.gov/Archives/edgar/data/814547/000121465926007242/marketforms-73354.xml,https://www.sec.gov/Archives/edgar/data/814547/000081454726000030/,0
LYV,1335258,Live Nation Entertainment,Michael Rapino,1.7774045716519689,4188167.0,235633860.0,high,,,,,https://www.sec.gov/Archives/edgar/data/1335258/000133704126000019/wk-form4_1786134551.xml,https://www.sec.gov/Archives/edgar/data/1335258/000133525826000035/,0
MCHP,827054,Microchip Technology,Steve Sanghi,1.7344354070384482,9418135.0,543008691.0,medium,,,,,https://www.sec.gov/Archives/edgar/data/827054/000118192826000032/wk-form4_1787173074.xml,https://www.sec.gov/Archives/edgar/data/827054/000082705426000038/,0
SNA,91440,Snap-on,Nicholas T. Pinchuk,1.6793008381830776,868654.0268999999,51727124.0,medium,,,,,https://www.sec.gov/Archives/edgar/data/91440/000009144026000159/form4.xml,https://www.sec.gov/Archives/edgar/data/91440/000009144026000144/,0
HLT,1585689,Hilton Worldwide,Christopher J. Nassetta,1.6028958045925505,3607556.0,225064910.0,high,,,,,https://www.sec.gov/Archives/edgar/data/1585689/000107809526000009/wk-form4_1772748665.xml,https://www.sec.gov/Archives/edgar/data/1585689/000158568926000043/,0
BRO,79282,Brown & Brown,J. Powell Brown,1.5900228097243265,5320381.0,334610357.0,medium,,,,,https://www.sec.gov/Archives/edgar/data/79282/000119312526085644/ownership.xml,https://www.sec.gov/Archives/edgar/data/79282/000119312526318251/,0
ARES,1176948,Ares Management,Michael J Arougheti,1.495033703614946,5386266.0,360277229.0,medium,,,,,https://www.sec.gov/Archives/edgar/data/1176948/000130447126000006/wk-form4_1783023005.xml,https://www.sec.gov/Archives/edgar/data/1176948/000162828026054538/,0
BEN,38777,Franklin Resources,Jennifer M. Johnson,1.381137357983853,7017240.011299999,508076910.0,medium,,,,,https://www.sec.gov/Archives/edgar/data/38777/000003877726000195/form4.xml,https://www.sec.gov/Archives/edgar/data/38777/000003877726000217/,0
DVA,927066,DaVita,Javier J. Rodriguez,1.3172539184952978,840408.0,63800000.0,medium,,,,,https://www.sec.gov/Archives/edgar/data/927066/000092706626000098/wk-form4_1781734172.xml,https://www.sec.gov/Archives/edgar/data/927066/000092706626000108/,0
GNRC,1474735,Generac,Aaron Jagdfeld,0.9397766454365827,554528.0,59006361.0,medium,,,,,https://www.sec.gov/Archives/edgar/data/1474735/000143774926025719/rdgdoc.xml,https://www.sec.gov/Archives/edgar/data/1474735/000143774926025669/,0
CMCSA,1166691,Comcast,Brian L. Roberts,0.8620734575290079,30591854.0,3548636573.0,medium,,,,,https://www.sec.gov/Archives/edgar/data/1166691/000122520826007023/doc4.xml,https://www.sec.gov/Archives/edgar/data/1166691/000162828026049360/,0
IQV,1478242,IQVIA,Ari Bousbib,0.8379362089914945,1379243.0,164600000.0,high,,,,,https://www.sec.gov/Archives/edgar/data/1478242/000162828026051449/wk-form4_1785531724.xml,https://www.sec.gov/Archives/edgar/data/1478242/000162828026050211/,0
HWM,4281,Howmet Aerospace,John C. Plant,0.8172230609451799,3259097.0,398801399.0,low,,the matched insider (PLANT JOHN C) is not flagged as an officer on any filing; this may be a trust or entity named after the chief executive,,,https://www.sec.gov/Archives/edgar/data/4281/000110465926017219/tm266799-5_4seq1.xml,https://www.sec.gov/Archives/edgar/data/4281/000000428126000025/,0
CRWD,1535527,CrowdStrike,George Kurtz,0.8082564105187466,8276019.0,1023934842.0,low,,"5 line(s) only ever footnoted, so missing from the total",,,https://www.sec.gov/Archives/edgar/data/1535527/000095010326013019/ownership.xml,https://www.sec.gov/Archives/edgar/data/1535527/000153552726000031/,0
WSM,719955,"Williams-Sonoma, Inc.",Laura Alber,0.7833779606616449,922401.0,117746611.0,medium,,,,,https://www.sec.gov/Archives/edgar/data/719955/000071995526000184/form4.xml,https://www.sec.gov/Archives/edgar/data/719955/000071995526000131/,0
TTWO,946581,Take-Two Interactive,Strauss Zelnick,0.718025895360618,1342568.0,186980443.0,medium,,,,,https://www.sec.gov/Archives/edgar/data/946581/000094658126000069/form4.xml,https://www.sec.gov/Archives/edgar/data/946581/000162828026054870/,0
IBKR,1381197,Interactive Brokers,Milan Galik,0.7096764324141319,3215389.0,453078171.0,medium,,,,,https://www.sec.gov/Archives/edgar/data/1381197/000138119726000106/ownership.xml,https://www.sec.gov/Archives/edgar/data/1381197/000138119726000147/,0
AON,315293,Aon plc,Gregory C. Case,0.6819568359728141,1446603.898,212125434.0,medium,,,,,https://www.sec.gov/Archives/edgar/data/315293/000119312526061585/ownership.xml,https://www.sec.gov/Archives/edgar/data/315293/000162828026050610/,0
APTV,1521332,Aptiv,Kevin P. Clark,0.6637787841490632,1378226.0,207633331.0,medium,,,,,https://www.sec.gov/Archives/edgar/data/1521332/000119312526349129/ownership.xml,https://www.sec.gov/Archives/edgar/data/1521332/000152133226000061/,0
COF,927628,Capital One,Richard D. Fairbank,0.6631802061363421,4068510.0,613484836.0,low,,"1 line(s) only ever footnoted, so missing from the total",,,https://www.sec.gov/Archives/edgar/data/927628/000123803226000007/wk-form4_1773261934.xml,https://www.sec.gov/Archives/edgar/data/927628/000092762826000089/,0
HCA,860730,HCA Healthcare,Samuel N. Hazen,0.6384685556451111,1382294.0,216501500.0,medium,,,,,https://www.sec.gov/Archives/edgar/data/860730/000119312526049200/ownership.xml,https://www.sec.gov/Archives/edgar/data/860730/000119312526321077/,0
GEN,849399,Gen Digital,Vincent Pilette,0.593239547494908,3551055.0,598587032.0,high,,,,,https://www.sec.gov/Archives/edgar/data/849399/000162828026034247/wk-form4_1778622980.xml,https://www.sec.gov/Archives/edgar/data/849399/000084939926000031/,0
PKG,75677,Packaging Corporation of America,Mark W. Kowlzan,0.5574494749894159,496678.0,89098299.0,medium,,,,,https://www.sec.gov/Archives/edgar/data/75677/000119312526245605/ownership.xml,https://www.sec.gov/Archives/edgar/data/75677/000119312526339405/,0
OMC,29989,Omnicom Group,John D. Wren,0.5110299288635068,1401990.0,274345967.0,medium,,,,,https://www.sec.gov/Archives/edgar/data/29989/000121390026061536/ownership.xml,https://www.sec.gov/Archives/edgar/data/29989/000002998926000019/,0
AFL,4977,Aflac,Daniel P. Amos,0.5068139955468198,2540878.0,501343298.0,medium,,,,,https://www.sec.gov/Archives/edgar/data/4977/000000497726000040/wk-form4_1771968164.xml,https://www.sec.gov/Archives/edgar/data/4977/000162828026054618/,0
ICE,1571949,Intercontinental Exchange,Jeffrey C. Sprecher,0.5037808645242361,2828198.0,561394487.0,medium,,,,,https://www.sec.gov/Archives/edgar/data/1571949/000119312526059907/ownership.xml,https://www.sec.gov/Archives/edgar/data/1571949/000157194926000011/,0
FRT,34903,Federal Realty Investment Trust,Donald C. Wood,0.48888288659518386,422342.0,86389197.0,medium,,,,,https://www.sec.gov/Archives/edgar/data/34903/000003490326000033/wk-form4_1780517450.xml,https://www.sec.gov/Archives/edgar/data/34903/000003490326000026/,0
BG,1996862,Bunge Global,Gregory A. Heckman,0.4683130892701399,899719.0,192119123.0,medium,,,,,https://www.sec.gov/Archives/edgar/data/1996862/000162828026040317/wk-form4_1780518147.xml,https://www.sec.gov/Archives/edgar/data/1996862/000162828026050540/,0
CBRE,1138118,CBRE Group,Robert E. Sulentic,0.46439803715577976,1344782.0,289575298.0,high,,,,,https://www.sec.gov/Archives/edgar/data/1138118/000122520826003618/doc4.xml,https://www.sec.gov/Archives/edgar/data/1138118/000113811826000024/,0
HST,1070750,Host Hotels & Resorts,James F. Risoleo,0.45189370054824163,3096034.0,685124399.0,medium,,,,,https://www.sec.gov/Archives/edgar/data/1070750/000107075026000049/edgardoc.xml,https://www.sec.gov/Archives/edgar/data/1070750/000107075026000126/,0
HBAN,49196,Huntington Bancshares,Stephen D. Steinour,0.4484385860470814,9060319.678,2020414826.0,medium,,,,,https://www.sec.gov/Archives/edgar/data/49196/000122520826006477/doc4.xml,https://www.sec.gov/Archives/edgar/data/49196/000004919626000066/,0
ADM,7084,Archer Daniels Midland,J. R. Luciano,0.4461965434143053,2150487.0,481959583.0,medium,,,,,https://www.sec.gov/Archives/edgar/data/7084/000122520826004014/doc4.xml,https://www.sec.gov/Archives/edgar/data/7084/000000708426000042/,0
CSGP,1057352,CoStar Group,Andrew C. Florance,0.44574920569369236,1806165.03,405197588.0,medium,,,,,https://www.sec.gov/Archives/edgar/data/1057352/000162828026052968/wk-form4_1785936417.xml,https://www.sec.gov/Archives/edgar/data/1057352/000105735226000066/,0
VRSN,1014473,Verisign,D. James Bidzos,0.44085123211517163,398088.6626,90300000.0,medium,,,,,https://www.sec.gov/Archives/edgar/data/1014473/000120481626000038/wk-form4_1787777452.xml,https://www.sec.gov/Archives/edgar/data/1014473/000101447326000028/,0
FIX,1035983,Comfort Systems USA,Brian E. Lane,0.41218288321394053,145065.0,35194329.0,high,,,,,https://www.sec.gov/Archives/edgar/data/1035983/000144824026000019/form4-08272026_040803.xml,https://www.sec.gov/Archives/edgar/data/1035983/000110465926086258/,0
MLM,916076,Martin Marietta Materials,C. Howard Nye,0.41027979314498547,246438.0,60065839.0,medium,,,,,https://www.sec.gov/Archives/edgar/data/916076/000091607626000042/form4.xml,https://www.sec.gov/Archives/edgar/data/916076/000119312526326001/,0
GDDY,1609711,GoDaddy,Aman Bhutani,0.40841403646764884,517247.0,126647704.0,medium,,,,,https://www.sec.gov/Archives/edgar/data/1609711/000160971126000094/wk-form4_1785970711.xml,https://www.sec.gov/Archives/edgar/data/1609711/000160971126000088/,0
WYNN,1174922,Wynn Resorts,Craig S. Billings,0.40643700644467246,418524.0,102973891.0,high,,,,,https://www.sec.gov/Archives/edgar/data/1174922/000169917426000008/wk-form4_1772499973.xml,https://www.sec.gov/Archives/edgar/data/1174922/000117492226000055/,0
PNR,77360,Pentair,John L. Stauch,0.40197285570254443,641701.2264,159637950.0,medium,,,,,https://www.sec.gov/Archives/edgar/data/77360/000089706926000453/form4.xml,https://www.sec.gov/Archives/edgar/data/77360/000007736026000045/,0
EME,105634,Emcor,Anthony J. Guzzi,0.39246290759074703,173115.0,44109901.0,medium,,,,,https://www.sec.gov/Archives/edgar/data/105634/000010563426000117/form4.xml,https://www.sec.gov/Archives/edgar/data/105634/000010563426000110/,0
NDAQ,1120193,"Nasdaq, Inc.",Adena T. Friedman,0.38120791766146844,2130866.0,558977372.0,medium,,,,,https://www.sec.gov/Archives/edgar/data/1120193/000119312526145586/ownership.xml,https://www.sec.gov/Archives/edgar/data/1120193/000112019326000013/,0
PWR,1050915,Quanta Services,Earl C. Austin,0.37874028824133293,569411.0,150343393.0,medium,,,,,https://www.sec.gov/Archives/edgar/data/1050915/000147320326000009/wk-form4_1778193833.xml,https://www.sec.gov/Archives/edgar/data/1050915/000105091526000025/,0
ALGN,1097149,Align Technology,Joseph M. Hogan,0.3744898004573545,266037.0,71039852.0,medium,,,,,https://www.sec.gov/Archives/edgar/data/1097149/000119312526067963/ownership.xml,https://www.sec.gov/Archives/edgar/data/1097149/000109714926000060/,0
FLEX,866374,Flex Ltd.,Revathi Advaithi,0.3693768272761461,1364489.0,369402978.0,medium,,,,,https://www.sec.gov/Archives/edgar/data/866374/000164910126000011/wk-form4_1787273988.xml,https://www.sec.gov/Archives/edgar/data/866374/000086637426000030/,0
VST,1692819,Vistra Corp .,James A. Burke,0.3681485191086709,1235636.0,335635195.0,high,,,,,https://www.sec.gov/Archives/edgar/data/1692819/000126840626000007/wk-form4_1787601817.xml,https://www.sec.gov/Archives/edgar/data/1692819/000169281926000019/,0
TPR,1116132,"Tapestry, Inc.",Joanne C. Crevoiserat,0.3610411463611836,719886.0,199391678.0,medium,,,,,https://www.sec.gov/Archives/edgar/data/1116132/000122520826007323/doc4.xml,https://www.sec.gov/Archives/edgar/data/1116132/000111613226000018/,0
PHM,822416,PulteGroup,Ryan R. Marshall,0.35034001353089156,656721.254,187452540.0,high,,,,,https://www.sec.gov/Archives/edgar/data/822416/000155066726000003/wk-form4_1770412741.xml,https://www.sec.gov/Archives/edgar/data/822416/000082241626000036/,0
EQT,33213,EQT Corporation,Toby Z. Rice,0.3449735898042576,2157865.0,625516000.0,high,,,,,https://www.sec.gov/Archives/edgar/data/33213/000159738526000015/form4-08182026_040801.xml,https://www.sec.gov/Archives/edgar/data/33213/000003321326000043/,0
ALL,899051,Allstate,Thomas J. Wilson,0.34071315653709916,861520.303,252857950.0,medium,,,,,https://www.sec.gov/Archives/edgar/data/899051/000089905126000077/form4.xml,https://www.sec.gov/Archives/edgar/data/899051/000089905126000118/,0
ARE,1035443,Alexandria Real Estate Equities,Joel S. Marcus,0.3401619890595892,592724.0,174247570.0,medium,,,,,https://www.sec.gov/Archives/edgar/data/1035443/000121695526000019/wk-form4_1787171829.xml,https://www.sec.gov/Archives/edgar/data/1035443/000103544326000066/,0
DECK,910521,Deckers Brands,Stefano Caroti,0.3379039049937218,460949.0,136414227.0,medium,,,,,https://www.sec.gov/Archives/edgar/data/910521/000159396826000170/primary_01.xml,https://www.sec.gov/Archives/edgar/data/910521/000091052126000022/,0
TRGP,1389170,Targa Resources,Matthew J. Meloy,0.3321772179595227,712291.0,214431021.0,medium,,,,,https://www.sec.gov/Archives/edgar/data/1389170/000119312526226937/ownership.xml,https://www.sec.gov/Archives/edgar/data/1389170/000119312526337729/,0
SW,2005951,Smurfit Westrock,Anthony Smurfit,0.3297297360366194,1729508.0,524522908.0,high,,,,,https://www.sec.gov/Archives/edgar/data/2005951/000162828026057599/wk-form4_1787067990.xml,https://www.sec.gov/Archives/edgar/data/2005951/000162828026051195/,0
L,60086,Loews Corporation,Benjamin J. Tisch,0.3263279559151763,667104.8,204427720.0,medium,,,,,https://www.sec.gov/Archives/edgar/data/60086/000173890326000004/wk-form4_1778532919.xml,https://www.sec.gov/Archives/edgar/data/60086/000006008626000047/,0
RMD,943819,ResMed |,Michael J. Farrell,0.32467141287848805,468346.0,144252306.0,medium,,,,,https://www.sec.gov/Archives/edgar/data/943819/000094381926000043/form4.xml,https://www.sec.gov/Archives/edgar/data/943819/000094381926000047/,0
SNDK,2023554,Sandisk,David V. Goeckeler,0.3126561422174981,457788.0,146419001.0,medium,,,,,https://www.sec.gov/Archives/edgar/data/2023554/000136324926000071/edgardoc.xml,https://www.sec.gov/Archives/edgar/data/2023554/000162828026057406/,0
MGM,789570,MGM Resorts,William J. Hornbuckle,0.30917185866829966,777854.0,251592756.0,medium,,,,,https://www.sec.gov/Archives/edgar/data/789570/000078957026000021/form4.xml,https://www.sec.gov/Archives/edgar/data/789570/000078957026000076/,0
ZBRA,877212,Zebra Technologies,William J. Burns,0.3038511827989717,143754.0,47310660.0,medium,,,,,https://www.sec.gov/Archives/edgar/data/877212/000162828026030811/wk-form4_1778021475.xml,https://www.sec.gov/Archives/edgar/data/877212/000162828026052550/,0
EFX,33185,Equifax,Mark W. Begor,0.3016864397615843,354436.0,117484896.0,medium,,,,,https://www.sec.gov/Archives/edgar/data/33185/000122520826006748/doc4.xml,https://www.sec.gov/Archives/edgar/data/33185/000003318526000028/,0
GD,40533,General Dynamics,Phebe N. Novakovic,0.2965672167764749,802383.943,270557195.0,medium,,,,,https://www.sec.gov/Archives/edgar/data/40533/000119312526333260/ownership.xml,https://www.sec.gov/Archives/edgar/data/40533/000004053326000032/,0
AES,874761,AES Corporation,Andrés Gluski,0.2962511295470502,2113570.0,713438630.0,medium,,,,,https://www.sec.gov/Archives/edgar/data/874761/000087476126000040/form4.xml,https://www.sec.gov/Archives/edgar/data/874761/000087476126000144/,0
J,52988,Jacobs Solutions,Bob Pragada,0.28516657635316606,333755.0,117038611.0,medium,,,,,https://www.sec.gov/Archives/edgar/data/52988/000145692126000002/form4-05182026_060501.xml,https://www.sec.gov/Archives/edgar/data/52988/000162828026052573/,0
AIZ,1267238,Assurant,Keith W. Demmings,0.2770173312188422,136635.383,49323767.0,medium,,,,,https://www.sec.gov/Archives/edgar/data/1267238/000119312526114177/ownership.xml,https://www.sec.gov/Archives/edgar/data/1267238/000126723826000041/,0
WBD,1437107,Warner Bros. Discovery,David M. Zaslav,0.2711564509449642,6807934.0,2510703314.0,high,,,,,https://www.sec.gov/Archives/edgar/data/1437107/000131828526000017/wk-form4_1786757846.xml,https://www.sec.gov/Archives/edgar/data/1437107/000143710726000075/,0
TROW,1113169,T. Rowe Price,Robert W. Sharps,0.2710821771096709,578261.2503,213315850.0,high,,,,,https://www.sec.gov/Archives/edgar/data/1113169/000169371326000001/primarydocument.xml,https://www.sec.gov/Archives/edgar/data/1113169/000162828026051335/,0
NTRS,73124,Northern Trust,Michael G. O'Grady,0.2708044172868493,495451.98999999993,182955653.0,medium,,,,,https://www.sec.gov/Archives/edgar/data/73124/000152774226000011/wk-form4_1772669456.xml,https://www.sec.gov/Archives/edgar/data/73124/000007312426000047/,0
ON,1097864,ON Semiconductor,Hassane El-Khoury,0.2707658010635647,1054123.0,389311721.0,high,,,,,https://www.sec.gov/Archives/edgar/data/1097864/000122520826002512/doc4.xml,https://www.sec.gov/Archives/edgar/data/1097864/000109786426000017/,0
CFG,759944,Citizens Financial Group,Bruce Van Saun,0.26590093089365596,1119913.0,421176788.0,medium,,,,,https://www.sec.gov/Archives/edgar/data/759944/000075994426000143/wk-form4_1785270601.xml,https://www.sec.gov/Archives/edgar/data/759944/000075994426000148/,0
UAL,100517,United Airlines Holdings,J. Scott Kirby,0.2631437778719264,854122.0,324583772.0,high,,,,,https://www.sec.gov/Archives/edgar/data/100517/000010051726000155/wk-form4_1785284894.xml,https://www.sec.gov/Archives/edgar/data/100517/000010051726000139/,0
FFIV,1048695,"F5, Inc.",François Locoh-Donou,0.25957322050742343,146989.0,56627182.0,medium,,,,,https://www.sec.gov/Archives/edgar/data/1048695/000152662426000017/wk-form4_1786048664.xml,https://www.sec.gov/Archives/edgar/data/1048695/000104869526000067/,0
DD,1666700,DuPont,Lori D. Koch,0.2556016539919977,345172.07769999997,135042975.0,medium,,,,,https://www.sec.gov/Archives/edgar/data/1666700/000162828026040000/wk-form4_1780440841.xml,https://www.sec.gov/Archives/edgar/data/1666700/000166670026000053/,0
ACGL,947484,Arch Capital Group,Nicolas Papadopoulo,0.25542778549331685,871594.0,341229126.0,low,,the matched insider (Papadopoulo Nicolas) is not flagged as an officer on any filing; this may be a trust or entity named after the chief executive,,,https://www.sec.gov/Archives/edgar/data/947484/000134528426000005/wk-form4_1773347343.xml,https://www.sec.gov/Archives/edgar/data/947484/000094748426000124/,0
SYF,1601712,Synchrony Financial,Brian D. Doubles,0.25475116331875347,828886.0,325370840.0,high,,,,,https://www.sec.gov/Archives/edgar/data/1601712/000161471926000012/wk-form4_1787172611.xml,https://www.sec.gov/Archives/edgar/data/1601712/000160171226000033/,0
BLDR,1316835,Builders FirstSource,Peter M. Jackson,0.2531049883919505,272332.0,107596457.0,high,,,,,https://www.sec.gov/Archives/edgar/data/1316835/000119312526111429/ownership.xml,https://www.sec.gov/Archives/edgar/data/1316835/000119312526325451/,0
APA,1841666,APA Corporation,John J. Christmann IV,0.25238034395798664,884218.3459999999,350351510.0,medium,,,,,https://www.sec.gov/Archives/edgar/data/1841666/000127625826000010/wk-form4_1770066271.xml,https://www.sec.gov/Archives/edgar/data/1841666/000184166626000053/,0
BBY,764478,Best Buy,Corie Barry,0.24993296568460113,526776.5287,210767126.0,medium,,,,,https://www.sec.gov/Archives/edgar/data/764478/000122520826003973/doc4.xml,https://www.sec.gov/Archives/edgar/data/764478/000076447826000022/,0
UDR,74208,"UDR, Inc.",Thomas W. Toomey,0.24943550503551765,810455.0,324915653.0,medium,,,,,https://www.sec.gov/Archives/edgar/data/74208/000119569726000006/f4_a1eus000008zn37mae-live.xml,https://www.sec.gov/Archives/edgar/data/74208/000007420826000049/,0
WST,105770,West Pharmaceutical Services,Eric M. Green,0.24925916084574687,175418.0338,70375762.0,medium,,,,,https://www.sec.gov/Archives/edgar/data/105770/000010577026000038/form4.xml,https://www.sec.gov/Archives/edgar/data/105770/000010577026000099/,0
NCLH,1513761,Norwegian Cruise Line Holdings,John W. Chidsey,0.24825134417865233,1139940.0,459187846.0,low,,the matched insider (CHIDSEY JOHN) is not flagged as an officer on any filing; this may be a trust or entity named after the chief executive,,,https://www.sec.gov/Archives/edgar/data/1513761/000110465926066326/tm2615646-1_4seq1.xml,https://www.sec.gov/Archives/edgar/data/1513761/000110465926089657/,0
VTR,740260,Ventas,Debra A. Cafaro,0.24697455743125765,1266847.0,512946359.0,medium,,,,,https://www.sec.gov/Archives/edgar/data/740260/000121518826000009/wk-form4_1771017023.xml,https://www.sec.gov/Archives/edgar/data/740260/000074026026000024/,0
TYL,860731,Tyler Technologies,H. Lynn Moore,0.2451435038747787,100391.8394,40952274.0,medium,,,,,https://www.sec.gov/Archives/edgar/data/860731/000124008526000004/primary_doc.xml,https://www.sec.gov/Archives/edgar/data/860731/000086073126000050/,0
CASY,726958,Casey's,Darren M. Rebelez,0.2424245601543622,89709.0,37004914.0,high,,,,,https://www.sec.gov/Archives/edgar/data/726958/000148469726000009/wk-form4_1783626936.xml,https://www.sec.gov/Archives/edgar/data/726958/000072695826000046/,0
JBL,898293,Jabil,Michael Dastoor,0.2415364358485042,253099.0,104787089.0,medium,,,,,https://www.sec.gov/Archives/edgar/data/898293/000122520826004477/doc4.xml,https://www.sec.gov/Archives/edgar/data/898293/000162828026046138/,0
CNC,1071739,Centene Corporation,Sarah M. London,0.24065648437737222,1188831.0,493995000.0,medium,,,,,https://www.sec.gov/Archives/edgar/data/1071739/000107173926000066/wk-form4_1773783824.xml,https://www.sec.gov/Archives/edgar/data/1071739/000107173926000153/,0
JPM,19617,JPMorgan Chase,James Dimon,0.23656790890451523,6288415.4963,2658186195.0,medium,,,,,https://www.sec.gov/Archives/edgar/data/19617/000122520826004520/doc4.xml,https://www.sec.gov/Archives/edgar/data/19617/000162828026054343/,0
AMD,2488,Advanced Micro Devices,Lisa T. Su,0.23569738593283807,3847701.0,1632475042.0,medium,,,,,https://www.sec.gov/Archives/edgar/data/2488/000000248826000167/wk-form4_1787257549.xml,https://www.sec.gov/Archives/edgar/data/2488/000000248826000123/,0
MSI,68505,Motorola Solutions,Gregory Q. Brown,0.2312287516193659,382669.22,165493788.0,low,,"1 line(s) only ever footnoted, so missing from the total",,,https://www.sec.gov/Archives/edgar/data/68505/000120123226000015/wk-form4_1787603480.xml,https://www.sec.gov/Archives/edgar/data/68505/000006850526000028/,0
GWW,277135,W. W. Grainger,D.G. Macpherson,0.2308658710052975,108740.0,47100942.0,medium,,,,,https://www.sec.gov/Archives/edgar/data/277135/000145143726000002/wk-form4_1775169691.xml,https://www.sec.gov/Archives/edgar/data/277135/000027713526000079/,0
HAS,46080,Hasbro,Chris Cocks,0.2286080460001313,322439.0,141044467.0,medium,,,,,https://www.sec.gov/Archives/edgar/data/46080/000185067226000019/wk-form4_1773866267.xml,https://www.sec.gov/Archives/edgar/data/46080/000004608026000050/,0
APH,820313,Amphenol,R. Adam Norwitt,0.22673880854834536,2795652.0,1232983457.0,medium,,,,,https://www.sec.gov/Archives/edgar/data/820313/000110465926089782/tm2622042-1_4seq1.xml,https://www.sec.gov/Archives/edgar/data/820313/000110465926089194/,0
SJM,91419,J.M. Smucker Company (The),Mark T. Smucker,0.2244824889743269,239799.34000000003,106823183.0,medium,,,,,https://www.sec.gov/Archives/edgar/data/91419/000009141926000067/wk-form4_1781833457.xml,https://www.sec.gov/Archives/edgar/data/91419/000009141926000080/,0
HRL,48465,Hormel Foods,Jeffrey M. Ettinger,0.22295340535527525,1227025.85,550350800.0,low,,the matched insider (ETTINGER JEFFREY M) is not flagged as an officer on any filing; this may be a trust or entity named after the chief executive,,,https://www.sec.gov/Archives/edgar/data/48465/000119293326000002/wk-form4_1767735109.xml,https://www.sec.gov/Archives/edgar/data/48465/000004846526000055/,0
RL,1037038,Ralph Lauren Corporation,Patrice Louvet,0.21732147393789614,129485.0,59582239.0,medium,,,,,https://www.sec.gov/Archives/edgar/data/1037038/000095014226002381/es260821523_4-louvet.xml,https://www.sec.gov/Archives/edgar/data/1037038/000162828026053992/,0
DOV,29905,Dover Corporation,Richard J. Tobin,0.2156701178662272,290465.0,134680225.0,low,,the matched insider (Tobin Richard J) is not flagged as an officer on any filing; this may be a trust or entity named after the chief executive,,,https://www.sec.gov/Archives/edgar/data/29905/000182965526000039/form4.xml,https://www.sec.gov/Archives/edgar/data/29905/000002990526000027/,0
LITE,1633978,Lumentum,Michael Hurlston,0.2084180602006689,186951.0,89700000.0,medium,,,,,https://www.sec.gov/Archives/edgar/data/1633978/000157333826000017/form4-08282026_010801.xml,https://www.sec.gov/Archives/edgar/data/1633978/000162828026057358/,0
DAL,27904,Delta Air Lines,Edward H. Bastian,0.2073297220141454,1363448.0,657623030.0,high,,,,,https://www.sec.gov/Archives/edgar/data/27904/000168316826006000/ownership.xml,https://www.sec.gov/Archives/edgar/data/27904/000002790426000031/,0
KIM,879101,Kimco Realty,Conor C. Flynn,0.2044811762395049,1371638.0,670789373.0,medium,,,,,https://www.sec.gov/Archives/edgar/data/879101/000119312526061505/ownership.xml,https://www.sec.gov/Archives/edgar/data/879101/000119312526331817/,0
CMS,811156,CMS Energy,Garrick J. Rochow,0.20343256148624306,637918.0,313577136.0,medium,,,,,https://www.sec.gov/Archives/edgar/data/811156/000163519226000007/wk-form4_1774880916.xml,https://www.sec.gov/Archives/edgar/data/811156/000081115626000028/,0
AMAT,6951,Applied Materials,Gary E. Dickerson,0.20159376950008642,1599843.0,793597443.0,high,,,,,https://www.sec.gov/Archives/edgar/data/6951/000162828026046609/wk-form4_1782940748.xml,https://www.sec.gov/Archives/edgar/data/6951/000162828026058235/,0
HII,1501585,Huntington Ingalls Industries,Christopher D. Kastner,0.19998711317902548,78804.118,39404598.0,high,,,,,https://www.sec.gov/Archives/edgar/data/1501585/000156990426000014/wk-form4_1786479909.xml,https://www.sec.gov/Archives/edgar/data/1501585/000150158526000047/,0
CHTR,1091667,Charter Communications,Christopher L. Winfrey,0.1890012896230138,225436.0,119277493.0,medium,,,,,https://www.sec.gov/Archives/edgar/data/1091667/000150408926000007/wk-form4_1787602578.xml,https://www.sec.gov/Archives/edgar/data/1091667/000109166726000052/,0
INVH,1687229,Invitation Homes,Dallas B. Tanner,0.18766989701823883,1108422.0,590623226.0,high,,,,,https://www.sec.gov/Archives/edgar/data/1687229/000119312526088440/ownership.xml,https://www.sec.gov/Archives/edgar/data/1687229/000168722926000045/,0
NTAP,1002047,NetApp,George Kurian,0.18300180358887128,358537.0,195919927.0,medium,,,,,https://www.sec.gov/Archives/edgar/data/1002047/000119312526355803/ownership.xml,https://www.sec.gov/Archives/edgar/data/1002047/000119312526259683/,0
ROP,882835,Roper Technologies,L. Neil Hunn,0.17923501869154362,177265.0,98900874.0,medium,,,,,https://www.sec.gov/Archives/edgar/data/882835/000119312526104212/ownership.xml,https://www.sec.gov/Archives/edgar/data/882835/000088283526000036/,0
CIEN,936395,Ciena,Gary B. Smith,0.17380778617908008,246030.0,141552922.0,medium,,,,,https://www.sec.gov/Archives/edgar/data/936395/000103255326000035/edgardoc.xml,https://www.sec.gov/Archives/edgar/data/936395/000162828026040767/,0
CTAS,723254,Cintas,Todd M. Schneider,0.1736446416023132,694873.0,400169561.0,medium,,,,,https://www.sec.gov/Archives/edgar/data/723254/000095010326012278/ownership.xml,https://www.sec.gov/Archives/edgar/data/723254/000072325426000028/,0
CDW,1402057,CDW Corporation,Christine A. Leahy,0.16870056979096656,210905.11,125017426.0,high,,,,,https://www.sec.gov/Archives/edgar/data/1402057/000140205726000053/wk-form4_1781294701.xml,https://www.sec.gov/Archives/edgar/data/1402057/000140205726000065/,0
IVZ,914208,Invesco,Andrew R. Schlossberg,0.1682238663856186,742708.0,441499780.0,medium,,,,,https://www.sec.gov/Archives/edgar/data/914208/000166110326000004/wk-form4_1783433924.xml,https://www.sec.gov/Archives/edgar/data/914208/000091420826000235/,0
JBHT,728535,J.B. Hunt,Shelley Simpson,0.16753333971712422,157338.8338,93914939.0,low,,the matched insider (Simpson Shelley) is not flagged as an officer on any filing; this may be a trust or entity named after the chief executive,,,https://www.sec.gov/Archives/edgar/data/728535/000140657226000003/primarydocument.xml,https://www.sec.gov/Archives/edgar/data/728535/000143774926024397/,0
WY,106535,Weyerhaeuser,Devin W. Stockfish,0.16688861202992497,1202826.3068,720736000.0,medium,,,,,https://www.sec.gov/Archives/edgar/data/106535/000161325226000002/ownership.xml,https://www.sec.gov/Archives/edgar/data/106535/000119312526328606/,0
CLX,21076,Clorox,Linda Rendle,0.16635689093483583,201161.0,120921351.0,medium,,,,,https://www.sec.gov/Archives/edgar/data/21076/000122520825010043/doc4.xml,https://www.sec.gov/Archives/edgar/data/21076/000002107626000019/,0
CRL,1100682,Charles River Laboratories,Birgit Girshick,0.16608687360690047,79288.0,47738872.0,medium,,,,,https://www.sec.gov/Archives/edgar/data/1100682/000110068226000138/form4.xml,https://www.sec.gov/Archives/edgar/data/1100682/000110068226000118/,0
FDS,1013237,FactSet,Sanoke Viswanathan,0.16401267935090996,58332.0,35565543.0,medium,,,,,https://www.sec.gov/Archives/edgar/data/1013237/000162828025042648/wk-form4_1758750320.xml,https://www.sec.gov/Archives/edgar/data/1013237/000162828026046549/,0
GPN,1123360,Global Payments,Cameron M. Bready,0.16355250290805565,432790.0,264618390.0,high,,,,,https://www.sec.gov/Archives/edgar/data/1123360/000112336026000078/form4.xml,https://www.sec.gov/Archives/edgar/data/1123360/000112336026000084/,0
WDC,106040,Western Digital,Irving Tan,0.1631290453380518,588147.0,360540944.0,high,,,,,https://www.sec.gov/Archives/edgar/data/106040/000126682426000187/edgardoc.xml,https://www.sec.gov/Archives/edgar/data/106040/000162828026057139/,0
AME,1037868,Ametek,David A. Zapico,0.1603642175124898,367653.0,229261244.0,medium,,,,,https://www.sec.gov/Archives/edgar/data/1037868/000103786826000129/wk-form4_1774270999.xml,https://www.sec.gov/Archives/edgar/data/1037868/000103786826000175/,0
ALLE,1579241,Allegion,John H. Stone,0.1601201155462296,136161.0,85036786.0,high,,,,,https://www.sec.gov/Archives/edgar/data/1579241/000181714926000011/wk-form4_1785874405.xml,https://www.sec.gov/Archives/edgar/data/1579241/000157924126000028/,0
URI,1067701,United Rentals,Matthew J. Flannery,0.15959420563208285,99980.275,62646557.0,high,,,,,https://www.sec.gov/Archives/edgar/data/1067701/000119312526177433/ownership.xml,https://www.sec.gov/Archives/edgar/data/1067701/000106770126000016/,0
CPT,906345,Camden Property Trust,Alexander J. Jessett,0.158027677720216,158880.0,100539350.0,medium,,,,,https://www.sec.gov/Archives/edgar/data/906345/000119312526079855/ownership.xml,https://www.sec.gov/Archives/edgar/data/906345/000162828026051327/,0
FCX,831259,Freeport-McMoRan,Kathleen L. Quirk,0.15676988364995043,2251243.0,1436017523.0,high,,,,,https://www.sec.gov/Archives/edgar/data/831259/000121465926002157/marketforms-72233.xml,https://www.sec.gov/Archives/edgar/data/831259/000083125926000036/,0
HIG,874766,Hartford (The),Christopher J. Swift,0.15606134332037755,422726.485,270872002.0,medium,,,,,https://www.sec.gov/Archives/edgar/data/874766/000122520826007060/doc4.xml,https://www.sec.gov/Archives/edgar/data/874766/000087476626000060/,0
BR,1383312,Broadridge Financial Solutions,Timothy C. Gokey,0.15448013466688185,176141.0271,114021798.0,high,,,,,https://www.sec.gov/Archives/edgar/data/1383312/000122520826007120/doc4.xml,https://www.sec.gov/Archives/edgar/data/1383312/000162828026052243/,0
GIS,40704,General Mills,Jeffrey L. Harmening,0.1541778855770521,822860.3201,533708396.0,medium,,,,,https://www.sec.gov/Archives/edgar/data/40704/000089710126000326/edgardoc.xml,https://www.sec.gov/Archives/edgar/data/40704/000162828026046466/,0
CHRW,1043277,C.H. Robinson,David P. Bozeman,0.15316737112064296,178978.0,116851258.0,medium,,,,,https://www.sec.gov/Archives/edgar/data/1043277/000143774926022143/rdgdoc.xml,https://www.sec.gov/Archives/edgar/data/1043277/000104327726000031/,0
TRMB,864749,Trimble Inc.,Robert G. Painter,0.15311623494153748,357036.20389999996,233179848.0,medium,,,,,https://www.sec.gov/Archives/edgar/data/864749/000086474926000045/wk-form4_1776372528.xml,https://www.sec.gov/Archives/edgar/data/864749/000086474926000108/,0
TRV,86312,Travelers Companies (The),Alan D. Schnitzer,0.15064867115296288,314215.499,208575022.0,high,,,,,https://www.sec.gov/Archives/edgar/data/86312/000008631226000075/form4.xml,https://www.sec.gov/Archives/edgar/data/86312/000008631226000145/,0
HUBB,48898,Hubbell Incorporated,Gerben W. Bakker,0.14968228595197458,79081.0,52832571.0,medium,,,,,https://www.sec.gov/Archives/edgar/data/48898/000162828026032210/wk-form4_1778185653.xml,https://www.sec.gov/Archives/edgar/data/48898/000162828026050405/,0
KMI,1506307,Kinder Morgan,Kimberly A. Dang,0.14563445112701257,3242991.0,2226802089.0,low,,"3 line(s) only ever footnoted, so missing from the total",,,https://www.sec.gov/Archives/edgar/data/1506307/000150630726000107/wk-form4_1785795202.xml,https://www.sec.gov/Archives/edgar/data/1506307/000150630726000085/,0
RVTY,31791,Revvity,Prahlad Singh,0.1432925504963638,159895.0,111586401.0,high,,,,,https://www.sec.gov/Archives/edgar/data/31791/000119312526354025/ownership.xml,https://www.sec.gov/Archives/edgar/data/31791/000003179126000027/,0
TSN,100493,Tyson Foods,Donnie King,0.14257367347528624,501576.339,351801512.0,medium,,,,,https://www.sec.gov/Archives/edgar/data/100493/000162828025054166/wk-form4_1764191968.xml,https://www.sec.gov/Archives/edgar/data/100493/000010049326000058/,0
DPZ,1286681,Domino's,Russell J. Weiner,0.14256127134807167,47161.742,33081735.0,medium,,,,,https://www.sec.gov/Archives/edgar/data/1286681/000162245826000009/ownership.xml,https://www.sec.gov/Archives/edgar/data/1286681/000128668126000035/,0
GE,40545,GE Aerospace,H. Lawrence Culp,0.13990279928318883,1451579.0,1037562513.0,low,,the matched insider (CULP H LAWRENCE JR) is not flagged as an officer on any filing; this may be a trust or entity named after the chief executive,,,https://www.sec.gov/Archives/edgar/data/40545/000120524726000004/wk-form4_1772658912.xml,https://www.sec.gov/Archives/edgar/data/40545/000004054526000049/,0
PNC,713676,PNC Financial Services,William S. Demchak,0.13963099206184415,557049.0,398943667.0,medium,,,,,https://www.sec.gov/Archives/edgar/data/713676/000162828026010979/wk-form4_1771960086.xml,https://www.sec.gov/Archives/edgar/data/713676/000162828026053170/,0
NOC,1133421,Northrop Grumman,Kathy J. Warden,0.13844598805040237,196680.56,142063026.0,medium,,,,,https://www.sec.gov/Archives/edgar/data/1133421/000162828026058482/wk-form4_1787346622.xml,https://www.sec.gov/Archives/edgar/data/1133421/000113342126000034/,0
STX,1137789,Seagate Technology,Dr. William D. Mosley,0.13729319497593143,311167.5,226644518.0,medium,,,,,https://www.sec.gov/Archives/edgar/data/1137789/000113778926000182/wk-form4_1787605850.xml,https://www.sec.gov/Archives/edgar/data/1137789/000113778926000159/,0
CF,1324404,CF Industries,Christopher D. Bohn,0.13705666906284622,207419.0,151338130.0,high,,,,,https://www.sec.gov/Archives/edgar/data/1324404/000110465926022845/tm267877-1_4seq1.xml,https://www.sec.gov/Archives/edgar/data/1324404/000132440426000019/,0
PANW,1327567,Palo Alto Networks,Nikesh Arora,0.13520809815950918,1101946.0,815000000.0,medium,,,,,https://www.sec.gov/Archives/edgar/data/1327567/000146823326000009/ownership.xml,https://www.sec.gov/Archives/edgar/data/1327567/000132756726000015/,0
VLO,1035002,Valero Energy,R. Lane Riggs,0.1351472341847935,389126.0,287927461.0,high,,,,,https://www.sec.gov/Archives/edgar/data/1035002/000162828026012794/wk-form4_1772226241.xml,https://www.sec.gov/Archives/edgar/data/1035002/000162828026050937/,0
LUV,92380,Southwest Airlines,Robert E. Jordan,0.13242275960946126,647823.0,489208201.0,medium,,,,,https://www.sec.gov/Archives/edgar/data/92380/000009238026000082/wk-form4_1786134071.xml,https://www.sec.gov/Archives/edgar/data/92380/000009238026000077/,0
NDSN,72331,Nordson Corporation,Sundaram Nagarajan,0.13074475569434668,72824.0,55699366.0,medium,,,,,https://www.sec.gov/Archives/edgar/data/72331/000149850926000003/wk-form4_1772059936.xml,https://www.sec.gov/Archives/edgar/data/72331/000007233126000054/,0
CB,896159,Chubb Limited,Evan G. Greenberg,0.13050575013299837,503491.0,385799859.0,medium,,,,,https://www.sec.gov/Archives/edgar/data/896159/000119312526239376/ownership.xml,https://www.sec.gov/Archives/edgar/data/896159/000089615926000017/,0
HPE,1645590,Hewlett Packard Enterprise,Antonio F. Neri,0.12742218044593162,1687329.0,1324203521.0,medium,,,,,https://www.sec.gov/Archives/edgar/data/1645590/000164840126000004/form4.xml,https://www.sec.gov/Archives/edgar/data/1645590/000164559026000055/,0
WTW,1140536,Willis Towers Watson,Carl A. Hess,0.12656980181214483,117547.8266,92871937.0,medium,,,,,https://www.sec.gov/Archives/edgar/data/1140536/000114053626000220/form4.xml,https://www.sec.gov/Archives/edgar/data/1140536/000119312526325374/,0
LH,920148,Labcorp,Adam H. Schechter,0.12646732429099877,102565.0,81100000.0,low,,the matched insider (Schechter Adam H) is not flagged as an officer on any filing; this may be a trust or entity named after the chief executive,,,https://www.sec.gov/Archives/edgar/data/920148/000092014826000177/form4.xml,https://www.sec.gov/Archives/edgar/data/920148/000092014826000175/,0
COO,711404,Cooper Companies (The),Albert G. White III,0.1256582107128506,245072.0,195030630.0,medium,,,,,https://www.sec.gov/Archives/edgar/data/711404/000135770526000001/primarydocument.xml,https://www.sec.gov/Archives/edgar/data/711404/000162828026041305/,0
AMP,820027,Ameriprise Financial,James M. Cracchiolo,0.12381675007224631,109371.321,88333219.0,medium,,,,,https://www.sec.gov/Archives/edgar/data/820027/000119648426000014/form4-07302026_090726.xml,https://www.sec.gov/Archives/edgar/data/820027/000082002726000043/,0
DXCM,1093557,Dexcom,Jacob Leach,0.12354331537355241,466204.0,377360765.0,medium,,,,,https://www.sec.gov/Archives/edgar/data/1093557/000109355726000159/wk-form4_1787688890.xml,https://www.sec.gov/Archives/edgar/data/1093557/000109355726000143/,0
AMGN,318154,Amgen,Robert A. Bradway,0.12119519265234768,655220.0,540632005.0,medium,,,,,https://www.sec.gov/Archives/edgar/data/318154/000031815426000084/form4.xml,https://www.sec.gov/Archives/edgar/data/318154/000031815426000126/,0
DGX,1022079,Quest Diagnostics,James E. Davis,0.11997732061432215,132423.0,110373360.0,medium,,,,,https://www.sec.gov/Archives/edgar/data/1022079/000159983726000005/wk-form4_1780439916.xml,https://www.sec.gov/Archives/edgar/data/1022079/000102207926000070/,0
RF,1281761,Regions Financial Corporation,John M. Turner,0.11873892325311715,1011571.9223,851929506.0,medium,,,,,https://www.sec.gov/Archives/edgar/data/1281761/000131906026000004/wk-form4_1775599409.xml,https://www.sec.gov/Archives/edgar/data/1281761/000128176126000055/,0
UNH,731766,UnitedHealth Group,Stephen Hemsley,0.11756827757278779,1055286.8011999999,897594847.0,medium,,,,,https://www.sec.gov/Archives/edgar/data/731766/000073176626000163/wk-form4_1782423433.xml,https://www.sec.gov/Archives/edgar/data/731766/000073176626000197/,0
VICI,1705696,Vici Properties,Edward B. Pitoniak,0.11726785147221082,1291210.0,1101077562.0,high,,,,,https://www.sec.gov/Archives/edgar/data/1705696/000166171226000001/wk-form4_1780432322.xml,https://www.sec.gov/Archives/edgar/data/1705696/000170569626000090/,0
IR,1699150,Ingersoll Rand,Vicente Reynal,0.11722594571137886,454836.0,387999429.0,high,,,,,https://www.sec.gov/Archives/edgar/data/1699150/000114036126014855/form4.xml,https://www.sec.gov/Archives/edgar/data/1699150/000162828026051415/,0
LII,1069202,Lennox International,Alok Maskara,0.11712444852422588,40479.0,34560675.0,high,,,,,https://www.sec.gov/Archives/edgar/data/1069202/000106920226000038/wk-form4_1773673731.xml,https://www.sec.gov/Archives/edgar/data/1069202/000106920226000087/,0
VTRS,1792044,Viatris,Scott A. Smith,0.1157353799046063,1329326.0,1148590864.0,low,,the matched insider (Smith Scott Andrew) is not flagged as an officer on any filing; this may be a trust or entity named after the chief executive,,,https://www.sec.gov/Archives/edgar/data/1792044/000114036126008887/form4.xml,https://www.sec.gov/Archives/edgar/data/1792044/000179204426000041/,0
LHX,202058,L3Harris,Christopher Kubasik,0.11478851907091975,213753.0,186214616.0,medium,,,,,https://www.sec.gov/Archives/edgar/data/202058/000119400126000003/wk-form4_1772489028.xml,https://www.sec.gov/Archives/edgar/data/202058/000020205826000058/,0
NVR,906163,"NVR, Inc.",Eugene J. Bredow,0.11385213482134146,3034.0,2664860.0,medium,,,,,https://www.sec.gov/Archives/edgar/data/906163/000090616326000077/wk-form4_1779134113.xml,https://www.sec.gov/Archives/edgar/data/906163/000090616326000093/,0
KEY,91576,KeyCorp,Christopher M. Gorman,0.11379434984175299,1214332.0,1067128554.0,medium,,,,,https://www.sec.gov/Archives/edgar/data/91576/000148664326000001/wk-form4_1771449699.xml,https://www.sec.gov/Archives/edgar/data/91576/000162828026052671/,0
BSX,885725,Boston Scientific,Michael F. Mahoney,0.11124138523796541,1612143.0,1449229526.0,medium,,,,,https://www.sec.gov/Archives/edgar/data/885725/000122520826006950/doc4.xml,https://www.sec.gov/Archives/edgar/data/885725/000088572526000053/,0
BAX,10456,Baxter International,Andrew P. Hider,0.11068538269287456,572239.0,516995999.0,high,,,,,https://www.sec.gov/Archives/edgar/data/10456/000162828026014248/wk-form4_1772583051.xml,https://www.sec.gov/Archives/edgar/data/10456/000162828026051118/,0
MET,1099219,MetLife,Michel A. Khalaf,0.1097929712875319,697709.0,635476927.0,medium,,,,,https://www.sec.gov/Archives/edgar/data/1099219/000153549126000005/wk-form4_1772658165.xml,https://www.sec.gov/Archives/edgar/data/1099219/000109921926000050/,0
STT,93751,State Street Corporation,Ronald P. O'Hanley,0.10949547411899592,300786.0,274701765.0,medium,,,,,https://www.sec.gov/Archives/edgar/data/93751/000009375126000573/wk-form4_1787083374.xml,https://www.sec.gov/Archives/edgar/data/93751/000009375126000397/,0
GLW,24741,Corning Inc.,Wendell P. Weeks,0.10871423483446283,936451.733,861388331.0,medium,,,,,https://www.sec.gov/Archives/edgar/data/24741/000002474126000237/form4.xml,https://www.sec.gov/Archives/edgar/data/24741/000002474126000255/,0
NI,1111711,NiSource,Lloyd M. Yates,0.10834027518135893,519556.732,479560100.0,low,,the matched insider (Yates Lloyd M) is not flagged as an officer on any filing; this may be a trust or entity named after the chief executive,,,https://www.sec.gov/Archives/edgar/data/1111711/000111171126000073/form4.xml,https://www.sec.gov/Archives/edgar/data/1111711/000111171126000088/,0
HAL,45012,Halliburton,Jeffrey A. Miller,0.10675263442894045,889388.615,833130367.0,medium,,,,,https://www.sec.gov/Archives/edgar/data/45012/000155866726000020/wk-form4_1787167249.xml,https://www.sec.gov/Archives/edgar/data/45012/000004501226000061/,0
KMB,55785,Kimberly-Clark,Michael D. Hsu,0.10668351262715481,354807.0,332579038.0,high,,,,,https://www.sec.gov/Archives/edgar/data/55785/000122520826004817/doc4.xml,https://www.sec.gov/Archives/edgar/data/55785/000162828026052348/,0
PFG,1126328,Principal Financial Group,Deanna D. Strable-Soethout,0.10621395170971562,227409.0,214104641.0,medium,,,,,https://www.sec.gov/Archives/edgar/data/1126328/000112632826000148/form4.xml,https://www.sec.gov/Archives/edgar/data/1126328/000110465926088071/,0
PGR,80661,Progressive Corporation,Susan Patricia Griffith,0.10533864569997956,612409.149,581371770.0,medium,,,,,https://www.sec.gov/Archives/edgar/data/80661/000008066126000302/form4.xml,https://www.sec.gov/Archives/edgar/data/80661/000008066126000308/,0
CARR,1783180,Carrier Global,David Gitlin,0.1045437595150253,868320.0,830580423.0,medium,,,,,https://www.sec.gov/Archives/edgar/data/1783180/000122520826001259/doc4.xml,https://www.sec.gov/Archives/edgar/data/1783180/000178318026000026/,0
TSCO,916365,Tractor Supply,Harry A. Lawton III,0.10394440073625269,541592.048,521040137.0,high,,,,,https://www.sec.gov/Archives/edgar/data/916365/000164722226000012/wk-form4_1785962413.xml,https://www.sec.gov/Archives/edgar/data/916365/000091636526000059/,0
MDLZ,1103982,Mondelez International,Dirk Van de Put,0.10393164821962728,1326488.0,1276308057.0,high,,,,,https://www.sec.gov/Archives/edgar/data/1103982/000162828026058409/wk-form4_1787342473.xml,https://www.sec.gov/Archives/edgar/data/1103982/000162828026050179/,0
F,37996,Ford Motor Company,James D. Farley,0.10360809733521059,4131472.0,3987595667.0,medium,,,,,https://www.sec.gov/Archives/edgar/data/37996/000003799626000063/wk-form4_1772746579.xml,https://www.sec.gov/Archives/edgar/data/37996/000003799626000156/,0
EBAY,1065088,eBay Inc.,Jamie Iannone,0.10340629213483146,460158.0,445000000.0,medium,,,,,https://www.sec.gov/Archives/edgar/data/1065088/000106508826000179/form4.xml,https://www.sec.gov/Archives/edgar/data/1065088/000106508826000177/,0
TFC,92230,Truist Financial,William H. Rogers Jr,0.10145036543699243,1239344.232,1221626188.0,medium,,,,,https://www.sec.gov/Archives/edgar/data/92230/000118200226000006/f4_a1eus000009ovg5mak-live.xml,https://www.sec.gov/Archives/edgar/data/92230/000009223026000099/,0
EXR,1289490,Extra Space Storage,Joseph D. Margolis,0.10119063154380244,213785.0,211269558.0,low,,the matched insider (Margolis Joseph D) is not flagged as an officer on any filing; this may be a trust or entity named after the chief executive,,,https://www.sec.gov/Archives/edgar/data/1289490/000133012126000002/wk-form4_1785961861.xml,https://www.sec.gov/Archives/edgar/data/1289490/000128949026000053/,0
ULTA,1403568,Ulta Beauty,Kecia L. Steelman,0.09937210739147785,42489.0,42757471.0,high,,,,,https://www.sec.gov/Archives/edgar/data/1403568/000089706926000776/form4.xml,https://www.sec.gov/Archives/edgar/data/1403568/000110465926102442/,0
IRM,1020569,Iron Mountain,William L. Meaney,0.09931044924090271,295650.0,297702812.0,medium,,,,,https://www.sec.gov/Archives/edgar/data/1020569/000156639126000022/wk-form4_1786392745.xml,https://www.sec.gov/Archives/edgar/data/1020569/000102056926000071/,0
ETR,65984,Entergy,Andrew S. Marsh,0.09892382593469261,452905.0,457832070.0,low,,"1 line(s) only ever footnoted, so missing from the total",,,https://www.sec.gov/Archives/edgar/data/65984/000006598426000152/form4.xml,https://www.sec.gov/Archives/edgar/data/65984/000006598426000222/,0
AJG,354190,Arthur J. Gallagher & Co.,J. Patrick Gallagher,0.09888140015606711,253433.0286,256300000.0,medium,,,,,https://www.sec.gov/Archives/edgar/data/354190/000035419026000187/form4.xml,https://www.sec.gov/Archives/edgar/data/354190/000162828026053489/,0
PCG,1004980,PG&E Corporation,Patricia K. Poppe,0.0978322350482672,2622012.0,2680110496.0,high,,,,,https://www.sec.gov/Archives/edgar/data/1004980/000162828026028071/wk-form4_1777426221.xml,https://www.sec.gov/Archives/edgar/data/1004980/000100498026000048/,0
SYY,96021,Sysco,Kevin P. Hourican,0.09775543468514253,468342.393,479096016.0,medium,,,,,https://www.sec.gov/Archives/edgar/data/96021/000174185326000007/wk-form4_1787690786.xml,https://www.sec.gov/Archives/edgar/data/96021/000009602126000033/,0
AVY,8818,Avery Dennison,Deon M. Stander,0.09678427002472234,73351.0,75788142.0,high,,,,,https://www.sec.gov/Archives/edgar/data/8818/000000881826000044/form4.xml,https://www.sec.gov/Archives/edgar/data/8818/000000881826000131/,0
ADSK,769397,Autodesk,Andrew Anagnost,0.0961909952606635,202963.0,211000000.0,medium,,,,,https://www.sec.gov/Archives/edgar/data/769397/000166176826000004/wk-form4_1781726703.xml,https://www.sec.gov/Archives/edgar/data/769397/000076939726000044/,0
BNY,1390777,BNY Mellon,Robin Vince,0.09589138366674849,650627.01,678504142.0,high,,,,,https://www.sec.gov/Archives/edgar/data/1390777/000119312526307846/ownership.xml,https://www.sec.gov/Archives/edgar/data/1390777/000139077726000086/,0
TKO,1973266,TKO Group Holdings,Ariel Emanuel,0.09210876755543027,174334.0,189269713.0,medium,,,,,https://www.sec.gov/Archives/edgar/data/1973266/000119312526357350/ownership.xml,https://www.sec.gov/Archives/edgar/data/1973266/000119312526330592/,0
CDNS,813672,Cadence Design Systems,Anirudh Devgan,0.09205716920909392,253519.0,275393000.0,medium,,,,,https://www.sec.gov/Archives/edgar/data/813672/000081367226000077/wk-form4_1780529197.xml,https://www.sec.gov/Archives/edgar/data/813672/000081367226000092/,0
FERG,2011641,Ferguson Enterprises,Kevin Murphy,0.0917531698456321,177499.0,193452717.0,medium,,,,,https://www.sec.gov/Archives/edgar/data/2011641/000198461426000002/wk-form4_1780346193.xml,https://www.sec.gov/Archives/edgar/data/2011641/000201164126000040/,0
ADBE,796343,Adobe Inc.,Shantanu Narayen,0.09160330817610064,364123.15,397500000.0,medium,,,,,https://www.sec.gov/Archives/edgar/data/796343/000079634326000135/wk-form4_1784319856.xml,https://www.sec.gov/Archives/edgar/data/796343/000079634326000112/,0
SBAC,1034054,SBA Communications,Brendan T. Cavanagh,0.09151962552636671,97091.44099999999,106088110.0,medium,,,,,https://www.sec.gov/Archives/edgar/data/1034054/000129329326000004/form4-03092026_060315.xml,https://www.sec.gov/Archives/edgar/data/1034054/000103405426000011/,0
CNP,1130310,CenterPoint Energy,Jason P. Wells,0.0907694440284802,593786.0,654169480.0,high,,,,,https://www.sec.gov/Archives/edgar/data/1130310/000166184926000005/wk-form4_1771880609.xml,https://www.sec.gov/Archives/edgar/data/1130310/000113031026000028/,0
FE,1031296,FirstEnergy,Brian X. Tierney,0.09071931003718808,524748.771,578431175.0,medium,,,,,https://www.sec.gov/Archives/edgar/data/1031296/000103129626000094/form4.xml,https://www.sec.gov/Archives/edgar/data/1031296/000103129626000085/,0
IEX,832101,IDEX Corporation,Eric D. Ashleman,0.09042063759829504,66658.0,73719896.0,medium,,,,,https://www.sec.gov/Archives/edgar/data/832101/000090514826002252/form4.xml,https://www.sec.gov/Archives/edgar/data/832101/000083210126000022/,0
INCY,879169,Incyte,William J. Meury,0.09034584923307436,183129.0,202697746.0,high,,,,,https://www.sec.gov/Archives/edgar/data/879169/000153677826000009/wk-form4_1784578056.xml,https://www.sec.gov/Archives/edgar/data/879169/000087916926000056/,0
LRCX,707549,Lam Research,Timothy M. Archer,0.09027753246369237,1129661.722,1251321000.0,medium,,,,,https://www.sec.gov/Archives/edgar/data/707549/000134360026000011/wk-form4_1786123467.xml,https://www.sec.gov/Archives/edgar/data/707549/000070754926000037/,0
SLB,87347,Schlumberger,Olivier Le Peuch,0.09004036619158357,1336328.0,1484143231.0,medium,,,,,https://www.sec.gov/Archives/edgar/data/87347/000008734726000118/form4.xml,https://www.sec.gov/Archives/edgar/data/87347/000119312526322595/,0
MTB,36270,M&T Bank,René F. Jones,0.08985568772026518,129766.2254,144416262.0,medium,,,,,https://www.sec.gov/Archives/edgar/data/36270/000124577326000008/wk-form4_1771453167.xml,https://www.sec.gov/Archives/edgar/data/36270/000003627026000050/,0
MRVL,1835632,Marvell Technology,Matthew J. Murphy,0.08952743484224965,783186.0,874800000.0,medium,,,,,https://www.sec.gov/Archives/edgar/data/1835632/000162828026057525/wk-form4_1787014784.xml,https://www.sec.gov/Archives/edgar/data/1835632/000183563226000019/,0
CCL,815097,Carnival Corporation,Josh Weinstein,0.08877326449767897,1215882.2351,1369649119.0,medium,,,,,https://www.sec.gov/Archives/edgar/data/815097/000081509726000075/form4.xml,https://www.sec.gov/Archives/edgar/data/815097/000081509726000096/,0
ATO,731802,Atmos Energy,John K. Akers,0.08826883398427583,149164.2253,168988553.0,medium,,,,,https://www.sec.gov/Archives/edgar/data/731802/000073180226000071/form4.xml,https://www.sec.gov/Archives/edgar/data/731802/000073180226000102/,0
LDOS,1336920,Leidos,Thomas A. Bell,0.08661573564299917,108696.0,125492209.0,high,,,,,https://www.sec.gov/Archives/edgar/data/1336920/000133692026000183/wk-form4_1778098461.xml,https://www.sec.gov/Archives/edgar/data/1336920/000133692026000246/,0
REG,910606,Regency Centers,Lisa Palmer,0.08626147951583422,157942.0,183096790.0,high,,,,,https://www.sec.gov/Archives/edgar/data/910606/000091060626000026/primary_01.xml,https://www.sec.gov/Archives/edgar/data/910606/000119312526203537/,0
BKNG,1075531,Booking Holdings,Glenn D. Fogel,0.08566551833591636,643674.0,751380500.0,medium,,,,,https://www.sec.gov/Archives/edgar/data/1075531/000151690826000016/form4-04162026_040401.xml,https://www.sec.gov/Archives/edgar/data/1075531/000107553126000037/,0
DVN,1090012,Devon Energy,Clay M. Gaspar,0.08561127272727273,941724.0,1100000000.0,medium,,,,,https://www.sec.gov/Archives/edgar/data/1090012/000109001226000038/form4.xml,https://www.sec.gov/Archives/edgar/data/1090012/000119312526334340/,0
HSIC,1000228,Henry Schein,Frederick M. Lowery,0.08538264022584029,95156.0,111446542.0,high,,,,,https://www.sec.gov/Archives/edgar/data/1000228/000177744026000007/ownership.xml,https://www.sec.gov/Archives/edgar/data/1000228/000100022826000045/,0
ROK,1024478,Rockwell Automation,Blake D. Moret,0.08532342402713564,94750.5327,111048676.0,low,,"1 line(s) only ever footnoted, so missing from the total",,,https://www.sec.gov/Archives/edgar/data/1024478/000151515425000011/wk-form4_1765414370.xml,https://www.sec.gov/Archives/edgar/data/1024478/000102447826000030/,0
PTC,857005,PTC Inc.,Neil Barua,0.08522734001496927,92477.0,108506261.0,high,,,,,https://www.sec.gov/Archives/edgar/data/857005/000138925026000004/section16.xml,https://www.sec.gov/Archives/edgar/data/857005/000119312526328444/,0
SOLV,1964738,Solventum,Bryan Hanson,0.08501869912625401,144722.0,170223729.0,high,,,,,https://www.sec.gov/Archives/edgar/data/1964738/000152434926000005/wk-form4_1778875715.xml,https://www.sec.gov/Archives/edgar/data/1964738/000196473826000047/,0
COHR,820318,Coherent Corp.,James R. Anderson,0.08499008891518305,166438.0,195832246.0,high,,,,,https://www.sec.gov/Archives/edgar/data/820318/000089914026000627/form4.xml,https://www.sec.gov/Archives/edgar/data/820318/000082031826000020/,0
FTV,1659166,Fortive,Olumide O. Soroye,0.08416279753634573,254186.0,302017052.0,medium,,,,,https://www.sec.gov/Archives/edgar/data/1659166/000165916626000028/wk-form4_1783457251.xml,https://www.sec.gov/Archives/edgar/data/1659166/000165916626000034/,0
EIX,827052,Edison International,PEDRO J. PIZARRO,0.08365126518455238,321885.0,384793941.0,medium,,,,,https://www.sec.gov/Archives/edgar/data/827052/000121053426000006/form4-03042026_100313.xml,https://www.sec.gov/Archives/edgar/data/827052/000082705226000042/,0
EMR,32604,Emerson Electric,S. L. Karsanbhai,0.08232021615274292,459182.1657,557800000.0,medium,,,,,https://www.sec.gov/Archives/edgar/data/32604/000095013826000021/form4.xml,https://www.sec.gov/Archives/edgar/data/32604/000003260426000043/,0
XEL,72903,Xcel Energy,Robert C. Frenzel,0.08206357801295659,512597.261,624634306.0,high,,,,,https://www.sec.gov/Archives/edgar/data/72903/000007290326000027/form4.xml,https://www.sec.gov/Archives/edgar/data/72903/000007290326000154/,0
ROL,84839,"Rollins, Inc.",Jerry E. Gahlhoff,0.08202717862810553,394670.0,481145404.0,medium,,,,,https://www.sec.gov/Archives/edgar/data/84839/000182323826000007/wk-form4_1777657205.xml,https://www.sec.gov/Archives/edgar/data/84839/000008483926000040/,0
CAH,721371,Cardinal Health,Jason M. Hollar,0.08195309185488178,190603.0,232575728.0,high,,,,,https://www.sec.gov/Archives/edgar/data/721371/000168785826000003/wk-form4_1787225611.xml,https://www.sec.gov/Archives/edgar/data/721371/000072137126000038/,0
RCL,884887,Royal Caribbean Group,Jason T. Liberty,0.08181727236045766,218822.0,267452084.0,high,,,,,https://www.sec.gov/Archives/edgar/data/884887/000156891526000009/wk-form4_1771030502.xml,https://www.sec.gov/Archives/edgar/data/884887/000088488726000038/,0
GL,320335,Globe Life,J. Matthew Darden,0.08152757403706497,62653.489799999996,76849447.0,low,,"1 line(s) only ever footnoted, so missing from the total",,,https://www.sec.gov/Archives/edgar/data/320335/000032033526000214/form4.xml,https://www.sec.gov/Archives/edgar/data/320335/000032033526000216/,0
PPL,922224,PPL Corporation,VINCENT SORGI,0.08143438654981335,612671.902,752350362.0,medium,,,,,https://www.sec.gov/Archives/edgar/data/922224/000119312526150019/ownership.xml,https://www.sec.gov/Archives/edgar/data/922224/000092222426000026/,0
GPC,40987,Genuine Parts Company,William P. Stengel,0.08049992369782051,110977.0,137859758.0,medium,,,,,https://www.sec.gov/Archives/edgar/data/40987/000170899626000004/wk-form4_1778080091.xml,https://www.sec.gov/Archives/edgar/data/40987/000004098726000033/,0
DG,29534,Dollar General,Todd J. Vasos,0.08028517203971647,177122.5694,220616790.0,medium,,,,,https://www.sec.gov/Archives/edgar/data/29534/000002953426000029/form4.xml,https://www.sec.gov/Archives/edgar/data/29534/000110465926101932/,0
WM,823768,Waste Management,James C. Fish,0.08015747900635169,320401.61470000003,399715184.0,medium,,,,,https://www.sec.gov/Archives/edgar/data/823768/000122520826003247/doc4.xml,https://www.sec.gov/Archives/edgar/data/823768/000110465926088016/,0
ELV,1156039,Elevance Health,Gail K. Boudreaux,0.07932704533684783,172036.0,216869290.0,high,,,,,https://www.sec.gov/Archives/edgar/data/1156039/000128792026000006/wk-form4_1784310641.xml,https://www.sec.gov/Archives/edgar/data/1156039/000115603926000060/,0
LVS,1300514,Las Vegas Sands,Patrick Dumont,0.07903984316323251,511942.0,647701184.0,high,,,,,https://www.sec.gov/Archives/edgar/data/1300514/000166799826000010/wk-form4_1777494968.xml,https://www.sec.gov/Archives/edgar/data/1300514/000130051426000085/,0
EG,1095073,Everest Group,James Williamson,0.07729234957528068,29636.0,38342734.0,high,,,,,https://www.sec.gov/Archives/edgar/data/1095073/000162828026018742/wk-form4_1773778746.xml,https://www.sec.gov/Archives/edgar/data/1095073/000109507326000032/,0
MU,723125,Micron Technology,Sanjay Mehrotra,0.07717224061685495,871578.0,1129393151.0,medium,,,,,https://www.sec.gov/Archives/edgar/data/723125/000124265426000015/primarydocument.xml,https://www.sec.gov/Archives/edgar/data/723125/000072312526000015/,0
LYB,1489393,LyondellBasell,Peter Vanacker,0.07694266214268224,248554.0,323037952.0,low,,the matched insider (Vanacker Peter Z. E.) is not flagged as an officer on any filing; this may be a trust or entity named after the chief executive,,,https://www.sec.gov/Archives/edgar/data/1489393/000191153826000006/primarydocument.xml,https://www.sec.gov/Archives/edgar/data/1489393/000148939326000061/,0
FSLR,1274494,First Solar,Mark R. Widmar,0.07617117473052054,81861.0,107469788.0,high,,,,,https://www.sec.gov/Archives/edgar/data/1274494/000127449426000147/form4.xml,https://www.sec.gov/Archives/edgar/data/1274494/000127449426000170/,0
VRSK,1442145,Verisk Analytics,Lee M. Shavel,0.07567072660462278,98490.0,130156012.0,medium,,,,,https://www.sec.gov/Archives/edgar/data/1442145/000119312526330642/ownership.xml,https://www.sec.gov/Archives/edgar/data/1442145/000143774926024749/,0
DRI,940944,Darden Restaurants,Ricardo Cardenas,0.07551500851141556,86145.988,114077969.0,medium,,,,,https://www.sec.gov/Archives/edgar/data/940944/000122520826006842/doc4.xml,https://www.sec.gov/Archives/edgar/data/940944/000094094426000025/,0
LLY,59478,Lilly (Eli),David Ricks,0.07529353455269389,708781.007,941357065.0,medium,,,,,https://www.sec.gov/Archives/edgar/data/59478/000153860426000004/wk-form4_1770844992.xml,https://www.sec.gov/Archives/edgar/data/59478/000005947826000081/,0
ALB,915913,Albemarle Corporation,J. Kent Masters,0.07416546563762942,87519.0,118005057.0,low,,the matched insider (Masters J Kent) is not flagged as an officer on any filing; this may be a trust or entity named after the chief executive,,,https://www.sec.gov/Archives/edgar/data/915913/000091591326000080/wk-form4_1779223048.xml,https://www.sec.gov/Archives/edgar/data/915913/000091591326000102/,0
TER,97210,Teradyne,Gregory S. Smith,0.07195526917966046,112495.4075,156340750.0,medium,,,,,https://www.sec.gov/Archives/edgar/data/97210/000090445426000464/ownership.xml,https://www.sec.gov/Archives/edgar/data/97210/000119312526327715/,0
DHI,882184,D. R. Horton,Paul J. Romanowski,0.07152452405587423,200055.0,279701267.0,high,,,,,https://www.sec.gov/Archives/edgar/data/882184/000088218426000073/form4.xml,https://www.sec.gov/Archives/edgar/data/882184/000088218426000096/,0
KEYS,1601046,Keysight Technologies,Satish Dhanasekaran,0.07103210544594749,121390.578,170895368.0,high,,,,,https://www.sec.gov/Archives/edgar/data/1601046/000171264826000007/wk-form4_1782733143.xml,https://www.sec.gov/Archives/edgar/data/1601046/000160104626000024/,0
BKR,1701605,Baker Hughes,Lorenzo Simonelli,0.0708635412720476,703444.0,992674071.0,low,,the matched insider (Simonelli Lorenzo) is not flagged as an officer on any filing; this may be a trust or entity named after the chief executive,,,https://www.sec.gov/Archives/edgar/data/1701605/000170916026000016/wk-form4_1782336844.xml,https://www.sec.gov/Archives/edgar/data/1701605/000170160526000023/,0
WAB,943452,Wabtec,Rafael Santana,0.07070297692123995,119425.0,168910851.0,high,,,,,https://www.sec.gov/Archives/edgar/data/943452/000094345226000009/wk-form4_1786041246.xml,https://www.sec.gov/Archives/edgar/data/943452/000162828026049139/,0
OTIS,1781335,Otis Worldwide,Judith F. Marks,0.07015616248515355,267063.0,380669339.0,medium,,,,,https://www.sec.gov/Archives/edgar/data/1781335/000178133526000054/form4.xml,https://www.sec.gov/Archives/edgar/data/1781335/000178133526000113/,0
ROST,745732,Ross Stores,James G. Conroy,0.07011822605146445,224926.0,320781076.0,high,,,,,https://www.sec.gov/Archives/edgar/data/745732/000162353426000004/form4-03242026_050301.xml,https://www.sec.gov/Archives/edgar/data/745732/000074573226000032/,0
ISRG,1035267,Intuitive Surgical,David J. Rosa,0.0698758409658061,246856.0,353278038.0,medium,,,,,https://www.sec.gov/Archives/edgar/data/1035267/000151959326000012/edgardoc.xml,https://www.sec.gov/Archives/edgar/data/1035267/000103526726000058/,0
EVRG,1711269,Evergy,David A. Campbell,0.06945377598510974,160100.0,230513025.0,high,,,,,https://www.sec.gov/Archives/edgar/data/1711269/000171126926000027/form4.xml,https://www.sec.gov/Archives/edgar/data/1711269/000171126926000057/,0
BLK,2012383,BlackRock,Laurence D. Fink,0.06646481718865557,215979.0,324952372.0,medium,,,,,https://www.sec.gov/Archives/edgar/data/2012383/000201238326001978/form4.xml,https://www.sec.gov/Archives/edgar/data/2012383/000119312526337177/,0
FITB,35527,Fifth Third Bancorp,Timothy N. Spence,0.06613727180146997,599794.0,906892564.0,high,,,,,https://www.sec.gov/Archives/edgar/data/35527/000003552726000108/wk-form4_1771880635.xml,https://www.sec.gov/Archives/edgar/data/35527/000003552726000202/,0
STE,1757898,Steris,Daniel A. Carestio,0.06527890071098381,63647.0,97500110.0,high,,,,,https://www.sec.gov/Archives/edgar/data/1757898/000162828026041629/wk-form4_1780950690.xml,https://www.sec.gov/Archives/edgar/data/1757898/000162828026054830/,0
TPL,1811074,Texas Pacific Land Corporation,Tyler Glover,0.06403943893442758,44171.0,68974683.0,high,,,,,https://www.sec.gov/Archives/edgar/data/1811074/000162828026009143/wk-form4_1771450842.xml,https://www.sec.gov/Archives/edgar/data/1811074/000181107426000058/,0
FDX,1048911,FedEx,Rajesh Subramaniam,0.06286002756905591,148715.0,236581188.0,high,,,,,https://www.sec.gov/Archives/edgar/data/1048911/000104891126000070/form4.xml,https://www.sec.gov/Archives/edgar/data/1048911/000104891126000105/,0
DLTR,935703,Dollar Tree,Michael C. Creedon Jr,0.06263807105056098,117528.0,187630299.0,high,,,,,https://www.sec.gov/Archives/edgar/data/935703/000093570326000043/form4.xml,https://www.sec.gov/Archives/edgar/data/935703/000093570326000109/,0
GRMN,1121788,Garmin,Clifton A. Pemble,0.06228956201021905,120127.0,192852536.0,medium,,,,,https://www.sec.gov/Archives/edgar/data/1121788/000119312526329029/ownership.xml,https://www.sec.gov/Archives/edgar/data/1121788/000119312526322114/,0
NUE,73309,Nucor,Leon J. Topalian,0.06069910288663999,137711.5,226875676.0,high,,,,,https://www.sec.gov/Archives/edgar/data/73309/000007330926000131/form4.xml,https://www.sec.gov/Archives/edgar/data/73309/000119312526345891/,0
UBER,1543151,Uber,Dara Khosrowshahi,0.06001301931812268,1225802.0,2042560121.0,medium,,,,,https://www.sec.gov/Archives/edgar/data/1543151/000118423726000004/primarydocument.xml,https://www.sec.gov/Archives/edgar/data/1543151/000154315126000032/,0
WMB,107263,Williams Companies,Chad J. Zamarin,0.059749545072925216,730837.0,1223167472.0,high,,,,,https://www.sec.gov/Archives/edgar/data/107263/000171023526000006/wk-form4_1772054650.xml,https://www.sec.gov/Archives/edgar/data/107263/000010726326000026/,0
TAP,24545,Molson Coors Beverage Company,Rahul Goyal,0.05963571956657892,105365.0,176681024.0,high,,,,,https://www.sec.gov/Archives/edgar/data/24545/000002454526000025/wk-form4_1772833876.xml,https://www.sec.gov/Archives/edgar/data/24545/000002454526000071/,0
KLAC,319201,KLA Corporation,Richard P. Wallace,0.05961849663824858,778943.5499,1306546783.0,medium,,,,,https://www.sec.gov/Archives/edgar/data/319201/000119312526346811/ownership.xml,https://www.sec.gov/Archives/edgar/data/319201/000031920126000027/,0
CL,21665,Colgate-Palmolive,Noel Wallace,0.05888735578066221,469434.0,797172829.0,medium,,,,,https://www.sec.gov/Archives/edgar/data/21665/000122520826007020/doc4.xml,https://www.sec.gov/Archives/edgar/data/21665/000002166526000042/,0
GEV,1996810,GE Vernova,Scott Strazik,0.0585438754717153,155922.0,266333581.0,high,,,,,https://www.sec.gov/Archives/edgar/data/1996810/000199681026000068/wk-form4_1777508114.xml,https://www.sec.gov/Archives/edgar/data/1996810/000199681026000148/,0
SYK,310764,Stryker Corporation,Kevin A. Lobo,0.05812504354125029,222952.0,383573046.0,medium,,,,,https://www.sec.gov/Archives/edgar/data/310764/000151941926000007/wk-form4_1774386464.xml,https://www.sec.gov/Archives/edgar/data/310764/000031076426000050/,0
GEHC,1932393,GE HealthCare,Peter J. Arduini,0.0574345574724289,259424.0,451686252.0,medium,,,,,https://www.sec.gov/Archives/edgar/data/1932393/000132313426000014/wk-form4_1777580401.xml,https://www.sec.gov/Archives/edgar/data/1932393/000193239326000046/,0
FISV,798354,Fiserv,Panagiotis Georgakopoulos,0.0571431020407913,303868.0,531766721.0,high,,,,,https://www.sec.gov/Archives/edgar/data/798354/000206421826000011/wk-form4_1781640381.xml,https://www.sec.gov/Archives/edgar/data/798354/000079835426000031/,0
PEG,788784,Public Service Enterprise Group,Ralph LaRossa,0.05691112760857544,283656.4593,498420030.0,high,,,,,https://www.sec.gov/Archives/edgar/data/788784/000122520826006912/doc4.xml,https://www.sec.gov/Archives/edgar/data/788784/000119312526332943/,0
MAA,912595,Mid-America Apartment Communities,A. Brad Hill,0.05624673142460645,65462.647,116384802.0,medium,,,,,https://www.sec.gov/Archives/edgar/data/912595/000091259526000048/form4.xml,https://www.sec.gov/Archives/edgar/data/912595/000119312526197331/,0
CMI,26172,Cummins,Jennifer Rumsey,0.055858818476547265,76897.7559,137664487.0,medium,,,,,https://www.sec.gov/Archives/edgar/data/26172/000122520826003040/doc4.xml,https://www.sec.gov/Archives/edgar/data/26172/000002617226000029/,0
TT,1466258,Trane Technologies,David S. Regnery,0.05519888070700843,121450.331,220023177.0,medium,,,,,https://www.sec.gov/Archives/edgar/data/1466258/000162828026054280/wk-form4_1786046705.xml,https://www.sec.gov/Archives/edgar/data/1466258/000162828026051117/,0
Q,2058873,Qnity Electronics,Jon D. Kemp,0.05495332372732026,114967.0479,209208543.0,high,,,,,https://www.sec.gov/Archives/edgar/data/2058873/000162828026031422/wk-form4_1778101581.xml,https://www.sec.gov/Archives/edgar/data/2058873/000205887326000030/,0
FIS,1136893,Fidelity National Information Services,Stephanie Ferris,0.054577229138133,281458.0,515705917.0,medium,,,,,https://www.sec.gov/Archives/edgar/data/1136893/000119312526099107/ownership.xml,https://www.sec.gov/Archives/edgar/data/1136893/000113689326000050/,0
PCAR,75362,Paccar,R. Preston Feight,0.05439640716352937,286323.623,526364953.0,high,,,,,https://www.sec.gov/Archives/edgar/data/75362/000122520826006888/doc4.xml,https://www.sec.gov/Archives/edgar/data/75362/000119312526323642/,0
DE,315189,Deere & Company,John C. May,0.05409764566256833,145861.0,269625412.0,medium,,,,,https://www.sec.gov/Archives/edgar/data/315189/000155614426000002/form4-01092026_080101.xml,https://www.sec.gov/Archives/edgar/data/315189/000110465926102213/,0
KHC,1637459,Kraft Heinz,Steve Cahillane,0.053692701947029124,636700.816,1185823758.0,medium,,,,,https://www.sec.gov/Archives/edgar/data/1637459/000141639026000012/wk-form4_1778702880.xml,https://www.sec.gov/Archives/edgar/data/1637459/000163745926000054/,0
C,831001,Citigroup,Jane Fraser,0.053496892515617775,935831.31,1749319009.0,medium,,,,,https://www.sec.gov/Archives/edgar/data/831001/000119312526066972/ownership.xml,https://www.sec.gov/Archives/edgar/data/831001/000083100126000011/,0
HUM,49071,Humana,James A. Rechtin,0.053246032646751706,63938.0,120080308.0,medium,,,,,https://www.sec.gov/Archives/edgar/data/49071/000200606526000004/form4.xml,https://www.sec.gov/Archives/edgar/data/49071/000004907126000050/,0
FAST,815556,Fastenal,Daniel L. Florness,0.052992878966202396,608092.0,1147497573.0,medium,,,,,https://www.sec.gov/Archives/edgar/data/815556/000101742726000004/wk-form4a_1767735504.xml,https://www.sec.gov/Archives/edgar/data/815556/000081555626000041/,0
EXPD,746515,Expeditors International,Daniel R. Wall,0.05284352612760019,68691.6283,129990622.0,medium,,,,,https://www.sec.gov/Archives/edgar/data/746515/000119312526274081/ownership.xml,https://www.sec.gov/Archives/edgar/data/746515/000119312526334457/,0
TECH,842023,Bio-Techne,Kim Kelderman,0.05277574920845622,82762.0,156818238.0,medium,,,,,https://www.sec.gov/Archives/edgar/data/842023/000091419026000133/form4.xml,https://www.sec.gov/Archives/edgar/data/842023/000110465926100322/,0
GS,886982,Goldman Sachs,David Solomon,0.05269507780791444,153433.0,291171408.0,medium,,,,,https://www.sec.gov/Archives/edgar/data/886982/000169370926000009/wk-form4_1778012362.xml,https://www.sec.gov/Archives/edgar/data/886982/000088698226000297/,0
CTVA,1755672,Corteva,Charles V. Magro,0.05234056194881264,349214.1357,667196000.0,medium,,,,,https://www.sec.gov/Archives/edgar/data/1755672/000119312526085778/ownership.xml,https://www.sec.gov/Archives/edgar/data/1755672/000175567226000025/,0
PH,76334,Parker Hannifin,Jennifer A. Parmentier,0.05207680925350433,65641.5,126047469.0,high,,,,,https://www.sec.gov/Archives/edgar/data/76334/000007633426000131/form4.xml,https://www.sec.gov/Archives/edgar/data/76334/000007633426000105/,0
VLTO,1967680,Veralto,Jennifer L. Honeycutt,0.05089761597429009,124085.0,243793344.0,medium,,,,,https://www.sec.gov/Archives/edgar/data/1967680/000183404626000008/wk-form4_1785531663.xml,https://www.sec.gov/Archives/edgar/data/1967680/000196768026000044/,0
MS,895421,Morgan Stanley,Edward Pick,0.04937774641861471,775510.2409999999,1570566292.0,medium,,,,,https://www.sec.gov/Archives/edgar/data/895421/000162828026017710/wk-form4_1773433004.xml,https://www.sec.gov/Archives/edgar/data/895421/000089542126000212/,0
MKC,63754,McCormick & Company,Brendan M. Foley,0.04913418390830044,132098.016,268851552.0,medium,,,,,https://www.sec.gov/Archives/edgar/data/63754/000006375426000290/form4.xml,https://www.sec.gov/Archives/edgar/data/63754/000006375426000274/,0
GM,1467858,General Motors,Mary T. Barra,0.04889090507620409,428994.0,877451541.0,medium,,,,,https://www.sec.gov/Archives/edgar/data/1467858/000149215426000016/wk-form4_1785357281.xml,https://www.sec.gov/Archives/edgar/data/1467858/000146785826000051/,0
O,726728,Realty Income,Sumit Roy,0.0484187559338134,458147.0,946218033.0,high,,,,,https://www.sec.gov/Archives/edgar/data/726728/000152932926000010/wk-form4_1771546992.xml,https://www.sec.gov/Archives/edgar/data/726728/000072672826000048/,0
XOM,2115436,ExxonMobil,Darren W. Woods,0.04775668017791731,1979489.1597,4144947162.0,high,,,,,https://www.sec.gov/Archives/edgar/data/34088/000003408825000111/form4.xml,https://www.sec.gov/Archives/edgar/data/34088/000003408826000067/,0
GILD,882095,Gilead Sciences,Daniel P. O'Day,0.04775438834318166,592133.0,1239955155.0,medium,,,,,https://www.sec.gov/Archives/edgar/data/882095/000163864326000028/wk-form4_1785879633.xml,https://www.sec.gov/Archives/edgar/data/882095/000088209526000031/,0
IFF,51253,International Flavors & Fragrances,J. Erik Fyrwald,0.047409765840334454,120966.0,255149963.0,high,,,,,https://www.sec.gov/Archives/edgar/data/51253/000122520826004849/doc4.xml,https://www.sec.gov/Archives/edgar/data/51253/000005125326000030/,0
CINF,20286,Cincinnati Financial,Stephen M. Spray,0.047388536907673015,72731.0,153478045.0,high,,,,,https://www.sec.gov/Archives/edgar/data/20286/000154909826000004/primarydocument.xml,https://www.sec.gov/Archives/edgar/data/20286/000002028626000045/,0
TJX,109198,TJX Companies,Ernie Herrman,0.04660504462204364,514848.0,1104704446.0,medium,,,,,https://www.sec.gov/Archives/edgar/data/109198/000119312526259694/ownership.xml,https://www.sec.gov/Archives/edgar/data/109198/000010919826000034/,0
LOW,60667,Lowe's,Marvin R. Ellison,0.046423337357824,260460.0,561054019.0,high,,,,,https://www.sec.gov/Archives/edgar/data/60667/000006066726000042/wk-form4_1775163218.xml,https://www.sec.gov/Archives/edgar/data/60667/000006066726000117/,0
EOG,821189,EOG Resources,Ezra Y. Yacob,0.04622254739934619,242450.747,524529176.0,high,,,,,https://www.sec.gov/Archives/edgar/data/821189/000082118926000169/form4.xml,https://www.sec.gov/Archives/edgar/data/821189/000082118926000149/,0
OXY,797468,Occidental Petroleum,Richard Jackson,0.04543147477026447,454150.0,999637371.0,high,,,,,https://www.sec.gov/Archives/edgar/data/797468/000162828026045313/wk-form4_1782342238.xml,https://www.sec.gov/Archives/edgar/data/797468/000162828026053388/,0
MAR,1048286,Marriott International,Anthony G. Capuano,0.0443163124675073,115562.003,260766288.0,medium,,,,,https://www.sec.gov/Archives/edgar/data/1048286/000122520826002215/doc4.xml,https://www.sec.gov/Archives/edgar/data/1048286/000104828626000035/,0
ZBH,1136869,Zimmer Biomet,Ivan Tornos,0.04361539685006879,83191.0,190737689.0,medium,,,,,https://www.sec.gov/Archives/edgar/data/1136869/000175721626000008/form4-03102026_080304.xml,https://www.sec.gov/Archives/edgar/data/1136869/000119312526335044/,0
VRT,1674101,Vertiv,Giordano Albertazzi,0.043146938438547826,166110.61,384988173.0,high,,,,,https://www.sec.gov/Archives/edgar/data/1674101/000162828026045750/wk-form4_1782504596.xml,https://www.sec.gov/Archives/edgar/data/1674101/000162828026050609/,0
ADI,6281,Analog Devices,Vincent Roche,0.04296118853620738,208175.083,484565465.0,medium,,,,,https://www.sec.gov/Archives/edgar/data/6281/000120187226000015/wk-form4_1787170951.xml,https://www.sec.gov/Archives/edgar/data/6281/000000628126000073/,0
MCO,1059556,Moody's Corporation,Robert Fauber,0.042891984988452654,74288.918,173200000.0,high,,,,,https://www.sec.gov/Archives/edgar/data/1059556/000148115326000016/wk-form4_1785874323.xml,https://www.sec.gov/Archives/edgar/data/1059556/000162828026049398/,0
WFC,72971,Wells Fargo,Charles W. Scharf,0.04261902202348896,1288798.943,3023999336.0,medium,,,,,https://www.sec.gov/Archives/edgar/data/72971/000007297126000183/form4.xml,https://www.sec.gov/Archives/edgar/data/72971/000007297126000302/,0
SBUX,829224,Starbucks,Brian R. Niccol,0.041620196315789476,474470.238,1140000000.0,medium,,,,,https://www.sec.gov/Archives/edgar/data/829224/000082922425000131/form4.xml,https://www.sec.gov/Archives/edgar/data/829224/000082922426000130/,0
LNT,352541,Alliant Energy,Lisa M. Barton,0.041603388844824014,107452.0,258277037.0,medium,,,,,https://www.sec.gov/Archives/edgar/data/352541/000154118526000004/wk-form4_1771892134.xml,https://www.sec.gov/Archives/edgar/data/352541/000035254126000033/,0
FANG,1539838,Diamondback Energy,Kaes Van't Hof,0.041403541784096186,115940.0,280024353.0,high,,,,,https://www.sec.gov/Archives/edgar/data/1539838/000153983826000154/wk-form4_1787601703.xml,https://www.sec.gov/Archives/edgar/data/1539838/000153983826000142/,0
PNW,764622,Pinnacle West Capital,Theodore N. Geisler,0.041257542230708,50003.0,121197234.0,high,,,,,https://www.sec.gov/Archives/edgar/data/764622/000162828026020016/wk-form4_1774017818.xml,https://www.sec.gov/Archives/edgar/data/764622/000076462226000041/,0
RSG,1060391,Republic Services,Jon Vander Ark,0.04118867228416426,126125.06,306212978.0,high,,,,,https://www.sec.gov/Archives/edgar/data/1060391/000106039126000252/wk-form4_1784325332.xml,https://www.sec.gov/Archives/edgar/data/1060391/000106039126000275/,0
TEL,1385157,TE Connectivity,Terrence R. Curtin,0.04108362537410553,118942.53,289513228.0,high,,,,,https://www.sec.gov/Archives/edgar/data/1385157/000122520825010153/doc4.xml,https://www.sec.gov/Archives/edgar/data/1385157/000110465926086509/,0
PM,1413329,Philip Morris International,Jacek Olczak,0.04057093209755135,632344.0,1558613439.0,high,,,,,https://www.sec.gov/Archives/edgar/data/1413329/000162828026010179/wk-form4_1771621269.xml,https://www.sec.gov/Archives/edgar/data/1413329/000162828026049493/,0
BDX,10795,Becton Dickinson,Thomas E. Polen,0.04044358977747821,110163.0,272386800.0,medium,,,,,https://www.sec.gov/Archives/edgar/data/10795/000162828026057166/wk-form4_1786739778.xml,https://www.sec.gov/Archives/edgar/data/10795/000001079526000035/,0
SNPS,883241,Synopsys,Sassine Ghazi,0.04009567147193757,76838.0,191636646.0,high,,,,,https://www.sec.gov/Archives/edgar/data/883241/000182228926000006/edgardoc.xml,https://www.sec.gov/Archives/edgar/data/883241/000088324126000025/,0
BAC,70858,Bank of America,Brian T. Moynihan,0.04008774498494342,2803235.132,6992748365.0,medium,,,,,https://www.sec.gov/Archives/edgar/data/70858/000007085826000449/form4.xml,https://www.sec.gov/Archives/edgar/data/70858/000007085826000394/,0
MPC,1510295,Marathon Petroleum,Maryann T. Mannen,0.03950470706887056,110939.0,280824763.0,high,,,,,https://www.sec.gov/Archives/edgar/data/1510295/000119312526332984/ownership.xml,https://www.sec.gov/Archives/edgar/data/1510295/000151029526000061/,0
IBM,51143,IBM,Arvind Krishna,0.03947359176645701,371894.283,942134390.0,medium,,,,,https://www.sec.gov/Archives/edgar/data/51143/000162989826000004/primarydocument.xml,https://www.sec.gov/Archives/edgar/data/51143/000005114326000078/,0
VRTX,875320,Vertex Pharmaceuticals,Reshma Kewalramani,0.038774418734463384,98278.0,253460924.0,medium,,,,,https://www.sec.gov/Archives/edgar/data/875320/000087532026000129/wk-form4_1772573657.xml,https://www.sec.gov/Archives/edgar/data/875320/000087532026000259/,0
PEP,77476,PepsiCo,Ramon L. Laguarta,0.038218787195400034,521645.0,1364891558.0,high,,,,,https://www.sec.gov/Archives/edgar/data/77476/000163025326000001/wk-form4_1772572829.xml,https://www.sec.gov/Archives/edgar/data/77476/000007747626000035/,0
TMO,97745,Thermo Fisher Scientific,Marc N. Casper,0.037924648350224806,140225.358,369747286.0,medium,,,,,https://www.sec.gov/Archives/edgar/data/97745/000121605526000012/wk-form4_1787774492.xml,https://www.sec.gov/Archives/edgar/data/97745/000009774526000144/,0
KDP,1418135,Keurig Dr Pepper,Timothy Cofer,0.037674764127345425,512688.0,1360826038.0,high,,,,,https://www.sec.gov/Archives/edgar/data/1418135/000152672226000003/wk-form4_1779483907.xml,https://www.sec.gov/Archives/edgar/data/1418135/000141813526000051/,0
JKHY,779152,Jack Henry & Associates,Gregory R. Adelson,0.03755764539108508,26685.0,71050780.0,medium,,,,,https://www.sec.gov/Archives/edgar/data/779152/000077915226000050/wk-form4_1786050110.xml,https://www.sec.gov/Archives/edgar/data/779152/000077915226000025/,0
UNP,100885,Union Pacific Corporation,V. James Vena,0.03714930353852096,220694.91,594075498.0,medium,,,,,https://www.sec.gov/Archives/edgar/data/100885/000010088526000133/edgardoc.xml,https://www.sec.gov/Archives/edgar/data/100885/000010088526000250/,0
EXE,895126,Expand Energy,Michael A. Wichterich,0.036931576960064355,85498.0,231503789.0,low,,the matched insider (Wichterich Michael) is not flagged as an officer on any filing; this may be a trust or entity named after the chief executive,,,https://www.sec.gov/Archives/edgar/data/895126/000184084526000009/wk-form4_1781556105.xml,https://www.sec.gov/Archives/edgar/data/895126/000089512626000047/,0
ODFL,878927,Old Dominion,Kevin M. Freeman,0.035945801624796915,74536.0,207356622.0,medium,,,,,https://www.sec.gov/Archives/edgar/data/878927/000197724926000010/form4.xml,https://www.sec.gov/Archives/edgar/data/878927/000087892726000023/,0
AIG,5272,American International Group,Eric Andersen,0.03564781700179372,186400.0,522893169.0,high,,,,,https://www.sec.gov/Archives/edgar/data/5272/000169769526000007/wk-form4_1771451170.xml,https://www.sec.gov/Archives/edgar/data/5272/000000527226000076/,0
PSX,1534701,Phillips 66,Mark E. Lashier,0.03553397687052575,141788.0,399020916.0,high,,,,,https://www.sec.gov/Archives/edgar/data/1534701/000185321226000008/wk-form4_1770938934.xml,https://www.sec.gov/Archives/edgar/data/1534701/000153470126000032/,0
ED,1047862,Consolidated Edison,Timothy P. Cawley,0.03438339984018385,126713.042,368529705.0,medium,,,,,https://www.sec.gov/Archives/edgar/data/1047862/000104786226000044/form4.xml,https://www.sec.gov/Archives/edgar/data/1047862/000104786226000091/,0
COR,1140859,Cencora,Robert P. Mauch,0.03426818189118934,65393.0,190827165.0,medium,,,,,https://www.sec.gov/Archives/edgar/data/1140859/000163389726000006/wk-form4_1771967088.xml,https://www.sec.gov/Archives/edgar/data/1140859/000114085926000034/,0
CEG,1868275,Constellation Energy,Joseph Dominguez,0.03425274414056163,121360.0,354307379.0,medium,,,,,https://www.sec.gov/Archives/edgar/data/1868275/000090514826000646/form4.xml,https://www.sec.gov/Archives/edgar/data/1868275/000186827526000104/,0
PODD,1145197,Insulet Corporation,Ashley A. McEvoy,0.03422287380177226,23735.0,69354199.0,high,,,,,https://www.sec.gov/Archives/edgar/data/1145197/000114519726000172/form4.xml,https://www.sec.gov/Archives/edgar/data/1145197/000114519726000169/,0
ESS,920522,Essex Property Trust,Angela L. Kleiman,0.03418785385467352,21972.0,64268439.0,medium,,,,,https://www.sec.gov/Archives/edgar/data/920522/000165441326000004/wk-form4_1771623806.xml,https://www.sec.gov/Archives/edgar/data/920522/000092052226000022/,0
XYL,1524472,Xylem Inc.,Matthew F. Pine,0.03388285587624538,79112.0,233486812.0,medium,,,,,https://www.sec.gov/Archives/edgar/data/1524472/000152447226000058/form4.xml,https://www.sec.gov/Archives/edgar/data/1524472/000152447226000110/,0
WAT,1000697,Waters Corporation,Udit Batra,0.03373092842466966,33140.0,98248111.0,medium,,,,,https://www.sec.gov/Archives/edgar/data/1000697/000100069726000101/form4.xml,https://www.sec.gov/Archives/edgar/data/1000697/000119312526344691/,0
LMT,936468,Lockheed Martin,James D. Taiclet,0.03330473561044276,76864.2501,230790753.0,low,,the matched insider (TAICLET JAMES D JR) is not flagged as an officer on any filing; this may be a trust or entity named after the chief executive,,,https://www.sec.gov/Archives/edgar/data/936468/000122520826002774/doc4.xml,https://www.sec.gov/Archives/edgar/data/936468/000162828026049411/,0
HSY,47111,Hershey Company (The),Kirk Tanner,0.033270016879924896,66848.0,200925657.0,high,,,,,https://www.sec.gov/Archives/edgar/data/47111/000004711126000086/form4.xml,https://www.sec.gov/Archives/edgar/data/47111/000162828026050900/,0
AXP,4962,American Express,Stephen J. Squeri,0.03316837517454007,223989.299,675309833.0,medium,,,,,https://www.sec.gov/Archives/edgar/data/4962/000000496226000070/form4.xml,https://www.sec.gov/Archives/edgar/data/4962/000000496226000322/,0
SWK,93556,Stanley Black & Decker,Christopher J. Nelson,0.031707101735894125,47883.0,151016641.0,medium,,,,,https://www.sec.gov/Archives/edgar/data/93556/000162828026046253/wk-form4_1782851851.xml,https://www.sec.gov/Archives/edgar/data/93556/000009355626000031/,0
TXT,217346,Textron,Lisa M. Atherton,0.031694106127851576,54509.716,171986917.0,high,,,,,https://www.sec.gov/Archives/edgar/data/217346/000202095926000006/wk-form4_1772575630.xml,https://www.sec.gov/Archives/edgar/data/217346/000021734626000036/,0
COP,1163165,ConocoPhillips,Ryan M. Lance,0.03150499694016456,378481.336,1201337479.0,medium,,,,,https://www.sec.gov/Archives/edgar/data/1163165/000119312526134713/ownership.xml,https://www.sec.gov/Archives/edgar/data/1163165/000116316526000032/,0
DOC,765880,Healthpeak Properties,Scott M. Brinker,0.031135534801046156,214688.0,689527260.0,high,,,,,https://www.sec.gov/Archives/edgar/data/765880/000154032926000007/wk-form4_1780435379.xml,https://www.sec.gov/Archives/edgar/data/765880/000162828026053373/,0
NRG,1013871,NRG Energy,Robert J. Gaudette,0.030478499019480392,64069.0,210210483.0,medium,,,,,https://www.sec.gov/Archives/edgar/data/1013871/000122520826006978/doc4.xml,https://www.sec.gov/Archives/edgar/data/1013871/000101387126000020/,0
ABT,1800,Abbott Laboratories,Robert B. Ford,0.030205099714508573,522664.0,1730383296.0,medium,,,,,https://www.sec.gov/Archives/edgar/data/1800/000161257126000011/form4-08272026_090838.xml,https://www.sec.gov/Archives/edgar/data/1800/000162828026050134/,0
ADP,8670,Automatic Data Processing,Maria Black,0.030196799958109335,119960.634,397262737.0,high,,,,,https://www.sec.gov/Archives/edgar/data/8670/000122520826007005/doc4.xml,https://www.sec.gov/Archives/edgar/data/8670/000000867026000030/,0
AMCR,1748790,Amcor,Peter Konieczny,0.030177982193367044,139526.6,462345690.0,medium,,,,,https://www.sec.gov/Archives/edgar/data/1748790/000141300726000002/form4-03032026_090354.xml,https://www.sec.gov/Archives/edgar/data/1748790/000174879026000022/,0
LULU,1397187,Lululemon Athletica,Meghan Frank,0.02947676338092574,31964.0,108437957.0,high,,,,,https://www.sec.gov/Archives/edgar/data/1397187/000139718726000081/form4.xml,https://www.sec.gov/Archives/edgar/data/1397187/000139718726000078/,0
DTE,936340,DTE Energy,Joi Harris,0.0283897846155201,59058.79,208028313.0,medium,,,,,https://www.sec.gov/Archives/edgar/data/936340/000093634026000043/wk-form4_1770401511.xml,https://www.sec.gov/Archives/edgar/data/936340/000093634026000081/,0
BALL,9389,Ball Corporation,Ronald J. Lewis,0.028031670486143474,74200.7728,264703357.0,high,,,,,https://www.sec.gov/Archives/edgar/data/9389/000000938926000069/form4.xml,https://www.sec.gov/Archives/edgar/data/9389/000110465926090226/,0
PPG,79879,PPG Industries,Timothy M. Knavish,0.028022285200179936,62293.54,222300000.0,medium,,,,,https://www.sec.gov/Archives/edgar/data/79879/000007987926000265/wk-form4_1786978469.xml,https://www.sec.gov/Archives/edgar/data/79879/000007987926000252/,0
TGT,27419,Target Corporation,Michael J. Fiddelke,0.027475218405418732,124790.0,454191112.0,medium,,,,,https://www.sec.gov/Archives/edgar/data/27419/000179292026000006/wk-form4_1775766195.xml,https://www.sec.gov/Archives/edgar/data/27419/000002741926000022/,0
USB,36104,U.S. Bancorp,Gunjan Kedia,0.027358660145295356,426262.0,1558051446.0,high,,,,,https://www.sec.gov/Archives/edgar/data/36104/000122520826003411/doc4.xml,https://www.sec.gov/Archives/edgar/data/36104/000003610426000044/,0
CTSH,1058290,Cognizant,Ravi Kumar S,0.027230453305705615,122658.0,450444209.0,medium,,,,,https://www.sec.gov/Archives/edgar/data/1058290/000187287026000015/wk-form4_1781726678.xml,https://www.sec.gov/Archives/edgar/data/1058290/000105829026000031/,0
ECL,31462,Ecolab,Christophe Beck,0.026642842792606505,74687.509,280328603.0,medium,,,,,https://www.sec.gov/Archives/edgar/data/31462/000003146226000002/wk-form4_1787257979.xml,https://www.sec.gov/Archives/edgar/data/31462/000162828026053886/,0
INTC,50863,Intel,Lip-Bu Tan,0.02640047581284695,1331640.0,5044000000.0,medium,,,,,https://www.sec.gov/Archives/edgar/data/50863/000005086326000177/form4.xml,https://www.sec.gov/Archives/edgar/data/50863/000005086326000157/,0
EXC,1109357,Exelon,Calvin G. Butler,0.026102509258570772,267083.0,1023208142.0,medium,,,,,https://www.sec.gov/Archives/edgar/data/1109357/000160119326000002/wk-form4_1770240163.xml,https://www.sec.gov/Archives/edgar/data/1109357/000110935726000063/,0
TXN,97476,Texas Instruments,Haviv Ilan,0.025987363958127785,237329.0,913247686.0,high,,,,,https://www.sec.gov/Archives/edgar/data/97476/000009747626000131/wk-form4_1778014233.xml,https://www.sec.gov/Archives/edgar/data/97476/000009747626000152/,0
ZTS,1555280,Zoetis,Kristin C. Peck,0.02562816910443562,105901.6435,413223602.0,high,,,,,https://www.sec.gov/Archives/edgar/data/1555280/000162828026048209/wk-form4_1784065683.xml,https://www.sec.gov/Archives/edgar/data/1555280/000155528026000040/,0
MDT,1613103,Medtronic,Geoffrey S. Martha,0.025613626968904117,327866.0,1280045190.0,medium,,,,,https://www.sec.gov/Archives/edgar/data/1613103/000156040926000008/wk-form4_1785887872.xml,https://www.sec.gov/Archives/edgar/data/1613103/000162828026044354/,0
CMG,1058090,Chipotle Mexican Grill,Scott Boatwright,0.025178162472795553,318609.0,1265418000.0,medium,,,,,https://www.sec.gov/Archives/edgar/data/1058090/000105809026000077/form4.xml,https://www.sec.gov/Archives/edgar/data/1058090/000105809026000066/,0
GOOGL,1652044,Alphabet Inc. (Class A),Sundar Pichai,0.024615036794766967,3010419.0,12230000000.0,medium,,,,,https://www.sec.gov/Archives/edgar/data/1652044/000119312526371797/ownership.xml,https://www.sec.gov/Archives/edgar/data/1652044/000165204426000071/,0
AEP,4904,American Electric Power,William J. Fehrman,0.024542875188482707,133539.0,544104955.0,medium,,,,,https://www.sec.gov/Archives/edgar/data/4904/000162828026052253/wk-form4_1785857474.xml,https://www.sec.gov/Archives/edgar/data/4904/000000490426000034/,0
MRSH,62709,Marsh McLennan,John Q. Doyle,0.02447784206553983,116811.0205,477211268.0,high,,,,,https://www.sec.gov/Archives/edgar/data/62709/000006270926000164/form4.xml,https://www.sec.gov/Archives/edgar/data/62709/000006270926000195/,0
DOW,1751788,Dow Inc.,Karen S. Carter,0.024443920484005805,176177.464,720741438.0,medium,,,,,https://www.sec.gov/Archives/edgar/data/1751788/000175178826000141/wk-form4_1783369076.xml,https://www.sec.gov/Archives/edgar/data/1751788/000175178826000134/,0
CI,1739940,Cigna,BRIAN C. EVANKO,0.024386935770319463,64440.1576,264240486.0,high,,,,,https://www.sec.gov/Archives/edgar/data/1739940/000173994026000012/wk-form4_1772583425.xml,https://www.sec.gov/Archives/edgar/data/1739940/000173994026000065/,0
D,715957,Dominion Energy,Robert M. Blue,0.024203644013544138,212860.25499999998,879455403.0,high,,,,,https://www.sec.gov/Archives/edgar/data/715957/000122520826002785/doc4.xml,https://www.sec.gov/Archives/edgar/data/715957/000119312526200275/,0
LIN,1707925,Linde plc,Sanjiv Lamba,0.023680236105951484,109161.191,460980163.0,medium,,,,,https://www.sec.gov/Archives/edgar/data/1707925/000175727426000002/wk-form4_1773262867.xml,https://www.sec.gov/Archives/edgar/data/1707925/000162828026051289/,0
AMT,1053507,American Tower,Steven O. Vondran,0.023371531629681693,108902.0,465960048.0,high,,,,,https://www.sec.gov/Archives/edgar/data/1053507/000105350726000070/wk-form4_1773347882.xml,https://www.sec.gov/Archives/edgar/data/1053507/000105350726000133/,0
YUM,1041061,Yum! Brands,Chris Turner,0.023367682836438707,63770.66,272901085.0,medium,,,,,https://www.sec.gov/Archives/edgar/data/1041061/000104106126000151/form4.xml,https://www.sec.gov/Archives/edgar/data/1041061/000104106126000160/,0
A,1090872,Agilent Technologies,Padraig McDonnell,0.02331251878505641,65842.0,282431944.0,medium,,,,,https://www.sec.gov/Archives/edgar/data/1090872/000109087226000058/form4.xml,https://www.sec.gov/Archives/edgar/data/1090872/000109087226000055/,0
UPS,1090727,United Parcel Service,Carol B. Tomé,0.023203635325053384,197412.2557,850781582.0,high,,,,,https://www.sec.gov/Archives/edgar/data/1090727/000122520826005036/doc4.xml,https://www.sec.gov/Archives/edgar/data/1090727/000162828026053249/,0
PAYX,723531,Paychex,JOHN B. GIBSON,0.022875996892287698,81366.0,355682860.0,medium,,,,,https://www.sec.gov/Archives/edgar/data/723531/000119312526307764/ownership.xml,https://www.sec.gov/Archives/edgar/data/723531/000119312526307785/,0
EQIX,1101239,Equinix,Adaire Fox-Martin,0.022583642687528417,22283.661,98671686.0,low,,the matched insider (Fox-Martin Adaire) is not flagged as an officer on any filing; this may be a trust or entity named after the chief executive,,,https://www.sec.gov/Archives/edgar/data/1101239/000110123926000119/form4.xml,https://www.sec.gov/Archives/edgar/data/1101239/000110123926000147/,0
WEC,783325,WEC Energy Group,Scott J. Lauber,0.022569329339500392,73542.02040000001,325849383.0,medium,,,,,https://www.sec.gov/Archives/edgar/data/783325/000164676026000005/wk-form4_1770815768.xml,https://www.sec.gov/Archives/edgar/data/783325/000078332526000087/,0
AAPL,320193,Apple Inc.,Timothy D. Cook,0.022477576677826367,3280418.0,14594180000.0,medium,,,,,https://www.sec.gov/Archives/edgar/data/320193/000114036126013190/form4.xml,https://www.sec.gov/Archives/edgar/data/320193/000032019326000020/,0
MTD,1037646,Mettler Toledo,Patrick Kaltenbach,0.02235912863081929,4480.0,20036559.0,high,,,,,https://www.sec.gov/Archives/edgar/data/1037646/000103764626000030/form4.xml,https://www.sec.gov/Archives/edgar/data/1037646/000103764626000051/,0
MAS,62996,Masco,Jonathon J. Nudi,0.021709801684620566,42809.0,197187430.0,low,,the matched insider (Nudi Jonathon) is not flagged as an officer on any filing; this may be a trust or entity named after the chief executive,,,https://www.sec.gov/Archives/edgar/data/62996/000122520826002740/doc4.xml,https://www.sec.gov/Archives/edgar/data/62996/000006299626000027/,0
RJF,720005,Raymond James Financial,Paul M. Shoukry,0.021707542412117555,41757.0,192361711.0,medium,,,,,https://www.sec.gov/Archives/edgar/data/720005/000122520825010052/doc4.xml,https://www.sec.gov/Archives/edgar/data/720005/000072000526000070/,0
ITW,49826,Illinois Tool Works,Christopher A. O'Herlihy,0.02159058988764045,61490.0,284800000.0,high,,,,,https://www.sec.gov/Archives/edgar/data/49826/000004982626000012/wk-form4_1771364760.xml,https://www.sec.gov/Archives/edgar/data/49826/000004982626000049/,0
TDY,1094285,Teledyne Technologies,George C. Bobb III,0.021490715063073294,9962.1656,46355673.0,medium,,,,,https://www.sec.gov/Archives/edgar/data/1094285/000155559926000009/wk-form4_1777048151.xml,https://www.sec.gov/Archives/edgar/data/1094285/000109428526000043/,0
T,732717,AT&T,John T. Stankey,0.021487190920143263,1472385.1871999998,6852385650.0,medium,,,,,https://www.sec.gov/Archives/edgar/data/732717/000073271726000325/form4.xml,https://www.sec.gov/Archives/edgar/data/732717/000073271726000297/,0
AMZN,1018724,Amazon,Andrew R. Jassy,0.021427092579614837,2311193.395,10786313572.0,medium,,,,,https://www.sec.gov/Archives/edgar/data/1018724/000137454526000010/wk-form4_1787692115.xml,https://www.sec.gov/Archives/edgar/data/1018724/000101872426000026/,0
ERIE,922621,Erie Indemnity,Timothy G. NeCastro,0.021257107080701453,9819.0,46191610.0,medium,,,,,https://www.sec.gov/Archives/edgar/data/922621/000162828026049319/wk-form4_1784817903.xml,https://www.sec.gov/Archives/edgar/data/922621/000162828026051079/,0
FDXF,2082247,FedEx Freight,John A. Smith,0.020540652417054994,30712.0,149518133.0,medium,,,,,https://www.sec.gov/Archives/edgar/data/2082247/000162828026046562/wk-form4_1782937879.xml,https://www.sec.gov/Archives/edgar/data/2082247/000162828026053359/,0
OKE,1039684,Oneok,Pierce H. Norton II,0.020270947777060472,127781.906,630369667.0,medium,,,,,https://www.sec.gov/Archives/edgar/data/1039684/000128338726000004/wk-form4_1771968398.xml,https://www.sec.gov/Archives/edgar/data/1039684/000103968426000029/,0
CHD,313927,Church & Dwight,Richard A. Dierker,0.020254676074960263,48044.882999999994,237203907.0,medium,,,,,https://www.sec.gov/Archives/edgar/data/313927/000031392726000298/form4.xml,https://www.sec.gov/Archives/edgar/data/313927/000119312526327567/,0
BIIB,875045,Biogen,Christopher A. Viehbacher,0.020252582268535296,29924.0,147753998.0,high,,,,,https://www.sec.gov/Archives/edgar/data/875045/000087504526000035/form4.xml,https://www.sec.gov/Archives/edgar/data/875045/000087504526000075/,0
NOW,1373715,ServiceNow,William R. McDermott,0.02017446808510638,208604.0,1034000000.0,medium,,,,,https://www.sec.gov/Archives/edgar/data/1373715/000133494426000034/wk-form4_1787172788.xml,https://www.sec.gov/Archives/edgar/data/1373715/000137371526000076/,0
NEE,753308,NextEra Energy,John W. Ketchum,0.019785488789515533,412595.0,2085341456.0,high,,,,,https://www.sec.gov/Archives/edgar/data/753308/000166799026000006/form4.xml,https://www.sec.gov/Archives/edgar/data/753308/000075330826000031/,0
MO,764180,Altria,Salvatore Mancuso,0.01956850957276667,326744.0,1669743926.0,medium,,,,,https://www.sec.gov/Archives/edgar/data/764180/000076418026000060/wk-form4_1778870870.xml,https://www.sec.gov/Archives/edgar/data/764180/000076418026000094/,0
EW,1099800,Edwards Lifesciences,Bernard J. Zovighian,0.01934320093684941,111494.2102,576400000.0,medium,,,,,https://www.sec.gov/Archives/edgar/data/1099800/000122520826006743/doc4.xml,https://www.sec.gov/Archives/edgar/data/1099800/000109980026000043/,0
IDXX,874716,Idexx Laboratories,Michael G. Erickson,0.019157320645216552,15092.351,78781116.0,medium,,,,,https://www.sec.gov/Archives/edgar/data/874716/000087471626000033/wk-form4_1771542024.xml,https://www.sec.gov/Archives/edgar/data/874716/000087471626000123/,0
AWK,1410636,American Water Works,John C. Griffith,0.018963514175579083,37686.0,198728989.0,high,,,,,https://www.sec.gov/Archives/edgar/data/1410636/000141063626000042/wk-form4_1771455125.xml,https://www.sec.gov/Archives/edgar/data/1410636/000141063626000120/,0
QCOM,804328,Qualcomm,Cristiano R. Amon,0.018816,197568.0,1050000000.0,medium,,,,,https://www.sec.gov/Archives/edgar/data/804328/000080432826000065/edgardoc.xml,https://www.sec.gov/Archives/edgar/data/804328/000080432826000086/,0
AVGO,1730168,Broadcom,Hock E. Tan,0.018632875602867558,886474.0,4757580198.0,medium,,,,,https://www.sec.gov/Archives/edgar/data/1730168/000173016826000028/wk-form4_1775861306.xml,https://www.sec.gov/Archives/edgar/data/1730168/000173016826000054/,0
MRK,310158,Merck & Co.,Robert M. Davis,0.01825372625331712,450350.757,2467171638.0,high,,,,,https://www.sec.gov/Archives/edgar/data/310158/000031015826000127/form4.xml,https://www.sec.gov/Archives/edgar/data/310158/000031015826000212/,0
NKE,320187,"Nike, Inc.",Elliott Hill,0.017879842730135504,265247.235,1483498703.0,medium,,,,,https://www.sec.gov/Archives/edgar/data/320187/000032018726000053/form4a.xml,https://www.sec.gov/Archives/edgar/data/320187/000032018726000088/,0
BA,12927,Boeing,Robert K. Ortberg,0.016409430357694994,129695.218,790370020.0,high,,,,,https://www.sec.gov/Archives/edgar/data/12927/000122520826007098/doc4.xml,https://www.sec.gov/Archives/edgar/data/12927/000162828026050038/,0
VMC,1396009,Vulcan Materials Company,Ronnie A. Pruitt,0.016141536922966968,20916.0,129578739.0,high,,,,,https://www.sec.gov/Archives/edgar/data/1396009/000143299126000003/primarydocument.xml,https://www.sec.gov/Archives/edgar/data/1396009/000162828026050486/,0
V,1403161,Visa Inc.,Ryan McInerney,0.015710463863272878,280342.0,1784428534.0,high,,,,,https://www.sec.gov/Archives/edgar/data/1403161/000140316126000112/form4.xml,https://www.sec.gov/Archives/edgar/data/1403161/000140316126000104/,0
CME,1156375,CME Group,Terrence A. Duffy,0.015470858785313213,55630.0,359579263.0,medium,,,,,https://www.sec.gov/Archives/edgar/data/1156375/000121280926000004/wk-form4_1779135132.xml,https://www.sec.gov/Archives/edgar/data/1156375/000115637526000047/,0
CSCO,858877,Cisco,Charles H. Robbins,0.015291636199175713,602709.85,3941434665.0,medium,,,,,https://www.sec.gov/Archives/edgar/data/858877/000085887726000124/wk-form4_1787001786.xml,https://www.sec.gov/Archives/edgar/data/858877/000085887726000078/,0
PRU,1137774,Prudential Financial,Andrew F. Sullivan,0.014687536231884056,50672.0,345000000.0,high,,,,,https://www.sec.gov/Archives/edgar/data/1137774/000113777426000140/form4.xml,https://www.sec.gov/Archives/edgar/data/1137774/000113777426000176/,0
WRB,11544,W. R. Berkley Corporation,W. Robert Berkley,0.014020781309028403,52049.0,371227529.0,medium,,,,,https://www.sec.gov/Archives/edgar/data/11544/000001154410000024/edgar.xml,https://www.sec.gov/Archives/edgar/data/11544/000001154426000036/,0
APD,2969,Air Products,Eduardo F. Menezes,0.013814271183224165,30762.383,222685530.0,high,,,,,https://www.sec.gov/Archives/edgar/data/2969/000122520825009621/doc4.xml,https://www.sec.gov/Archives/edgar/data/2969/000000296926000036/,0
TMUS,1283699,T-Mobile US,Srinivasan Gopalan,0.013494236003428198,144748.839,1072671613.0,low,,the matched insider (Gopalan Srini) is not flagged as an officer on any filing; this may be a trust or entity named after the chief executive,,,https://www.sec.gov/Archives/edgar/data/1283699/000128369926000046/wk-form4_1772574017.xml,https://www.sec.gov/Archives/edgar/data/1283699/000128369926000101/,0
SCHW,316709,Charles Schwab Corporation,Richard A. Wurster,0.012895356187618758,223004.0,1729335714.0,medium,,,,,https://www.sec.gov/Archives/edgar/data/316709/000188926326000005/wk-form4_1779999885.xml,https://www.sec.gov/Archives/edgar/data/316709/000031670926000031/,0
NEM,1164727,Newmont,Natascha Viljoen,0.012834392328953509,135235.0,1053692271.0,high,,,,,https://www.sec.gov/Archives/edgar/data/1164727/000199413126000008/form4.xml,https://www.sec.gov/Archives/edgar/data/1164727/000116472726000036/,0
ES,72741,Eversource Energy,Paul Chodak III,0.012807866597823542,48244.0,376674754.0,medium,,,,,https://www.sec.gov/Archives/edgar/data/72741/000007274126000057/form4.xml,https://www.sec.gov/Archives/edgar/data/72741/000162828026051906/,0
JNJ,200406,Johnson & Johnson,Joaquin Duato,0.01277385697403267,307837.0,2409898597.0,high,,,,,https://www.sec.gov/Archives/edgar/data/200406/000020040626000173/wk-form4_1786739711.xml,https://www.sec.gov/Archives/edgar/data/200406/000020040626000153/,0
DUK,1326160,Duke Energy,Harry K. Sideris,0.012652960320868259,98642.0,779596217.0,high,,,,,https://www.sec.gov/Archives/edgar/data/1326160/000178977626000010/wk-form4_1778531149.xml,https://www.sec.gov/Archives/edgar/data/1326160/000132616026000026/,0
VMRK,906107,Vivmark Residential,Mark J. Parrell,0.01262613839909265,47341.0,374944409.0,medium,,,,,https://www.sec.gov/Archives/edgar/data/906107/000090610726000013/form4.xml,https://www.sec.gov/Archives/edgar/data/906107/000119312526326170/,0
AZO,866787,AutoZone,Philip B. Daniele,0.012447502672989347,2032.099,16325355.0,medium,,,,,https://www.sec.gov/Archives/edgar/data/866787/000122520826004234/doc4.xml,https://www.sec.gov/Archives/edgar/data/866787/000110465926073525/,0
MSFT,789019,Microsoft,Satya Nadella,0.01207447155345964,896595.378,7425545491.0,medium,,,,,https://www.sec.gov/Archives/edgar/data/789019/000078901925000067/form4.xml,https://www.sec.gov/Archives/edgar/data/789019/000119312526323660/,0
COST,909832,Costco,Ron M. Vachris,0.011783666215533494,52258.062,443478804.0,medium,,,,,https://www.sec.gov/Archives/edgar/data/909832/000090983225000142/form4.xml,https://www.sec.gov/Archives/edgar/data/909832/000090983226000051/,0
SWKS,4127,Skyworks Solutions,Philip G. Brace,0.011463202694026087,17249.0,150472782.0,medium,,,,,https://www.sec.gov/Archives/edgar/data/4127/000133650725000007/wk-form4_1763072183.xml,https://www.sec.gov/Archives/edgar/data/4127/000000412726000049/,0
SHW,89800,Sherwin-Williams,Heidi G. Petz,0.011058240429587057,26844.78,242758151.0,medium,,,,,https://www.sec.gov/Archives/edgar/data/89800/000182502226000004/wk-form4_1771453977.xml,https://www.sec.gov/Archives/edgar/data/89800/000008980026000049/,0
CPRT,900075,Copart,Jeffrey Liaw,0.010762558246172196,99641.0,925811482.0,medium,,,,,https://www.sec.gov/Archives/edgar/data/900075/000119312526326503/ownership.xml,https://www.sec.gov/Archives/edgar/data/900075/000119312526245578/,0
MA,1141391,Mastercard,Michael Miebach,0.010695394734904494,93692.721,876009940.0,medium,,,,,https://www.sec.gov/Archives/edgar/data/1141391/000114139126000097/wk-form4_1786047091.xml,https://www.sec.gov/Archives/edgar/data/1141391/000114139126000083/,0
ABBV,1551152,AbbVie,Robert A. Michael,0.010114608776519325,178737.0,1767117285.0,high,,,,,https://www.sec.gov/Archives/edgar/data/1551152/000169991426000004/form4-03032026_110308.xml,https://www.sec.gov/Archives/edgar/data/1551152/000155115226000026/,0
WELL,766704,Welltower,Shankh Mitra,0.01008734086851758,72704.0,720744951.0,medium,,,,,https://www.sec.gov/Archives/edgar/data/766704/000119312526288714/ownership.xml,https://www.sec.gov/Archives/edgar/data/766704/000076670426000030/,0
CAT,18230,Caterpillar Inc.,Joseph E. Creed,0.01007472914188271,46311.0,459674889.0,medium,,,,,https://www.sec.gov/Archives/edgar/data/18230/000110465926102417/tm2624211-1_4seq1.xml,https://www.sec.gov/Archives/edgar/data/18230/000001823026000046/,0
WMT,104169,Walmart,John R. Furner,0.010047017843466021,799549.6327,7958079155.0,medium,,,,,https://www.sec.gov/Archives/edgar/data/104169/000169673726000016/wk-form4_1779482974.xml,https://www.sec.gov/Archives/edgar/data/104169/000010416926000102/,0
AEE,1002910,Ameren,Martin J. Lyons,0.009908856329678053,27432.0,276843251.0,high,,,,,https://www.sec.gov/Archives/edgar/data/1002910/000209384926000008/wk-form4_1787258896.xml,https://www.sec.gov/Archives/edgar/data/1002910/000100291026000023/,0
IP,51434,International Paper,Andrew K. Silvernail,0.009441624320430829,50000.0,529569895.0,high,,,,,https://www.sec.gov/Archives/edgar/data/51434/000005143426000019/form4.xml,https://www.sec.gov/Archives/edgar/data/51434/000005143426000123/,0
TDG,1260221,TransDigm Group,Michael Lisman,0.00943076649626582,5213.0,55276525.0,high,,,,,https://www.sec.gov/Archives/edgar/data/1260221/000119312526042891/ownership.xml,https://www.sec.gov/Archives/edgar/data/1260221/000126022126000053/,0
NSC,702165,Norfolk Southern,Mark R. George,0.00942306812400088,21165.0,224608373.0,high,,,,,https://www.sec.gov/Archives/edgar/data/702165/000122520826001186/doc4.xml,https://www.sec.gov/Archives/edgar/data/702165/000162828026049326/,0
MCD,63908,McDonald's,Christopher J. Kempczinski,0.00936740384730189,66287.64,707641531.0,medium,,,,,https://www.sec.gov/Archives/edgar/data/63908/000159811526000001/form4.xml,https://www.sec.gov/Archives/edgar/data/63908/000006390826000073/,0
SPGI,64040,S&P Global,Martina L. Cheung,0.009334464043419267,27518.0,294800000.0,high,,,,,https://www.sec.gov/Archives/edgar/data/64040/000165789026000008/wk-form4_1777666017.xml,https://www.sec.gov/Archives/edgar/data/64040/000006404026000045/,0
SO,92122,Southern Company,Kimberly S. Greene,0.009190268703171262,103602.0,1127301098.0,medium,,,,,https://www.sec.gov/Archives/edgar/data/92122/000119312526134334/ownership.xml,https://www.sec.gov/Archives/edgar/data/92122/000009212226000034/,0
JCI,833444,Johnson Controls,Joakim Weidemanis,0.009018398558711855,54628.18,605741470.0,high,,,,,https://www.sec.gov/Archives/edgar/data/833444/000083344426000031/form4.xml,https://www.sec.gov/Archives/edgar/data/833444/000083344426000087/,0
ETN,1551182,Eaton Corporation,Paulo Ruiz,0.008627188465499485,33508.0,388400000.0,medium,,,,,https://www.sec.gov/Archives/edgar/data/1551182/000110465926032722/tm269464-1_4seq1.xml,https://www.sec.gov/Archives/edgar/data/1551182/000155118226000030/,0
HON,773840,Honeywell Technologies,Vimal Kapur,0.008200874480946726,25991.8524,316940010.0,medium,,,,,https://www.sec.gov/Archives/edgar/data/773840/000174293826000008/wk-form4_1785443296.xml,https://www.sec.gov/Archives/edgar/data/773840/000077384026000127/,0
CSX,277948,CSX Corporation,Stephen F. Angel,0.00802467005819113,148655.0,1852474917.0,medium,,,,,https://www.sec.gov/Archives/edgar/data/277948/000119312526335141/ownership.xml,https://www.sec.gov/Archives/edgar/data/277948/000027794826000032/,0
KR,56873,Kroger,Gregory S. Foran,0.007839094599949602,48026.0,612647282.0,high,,,,,https://www.sec.gov/Archives/edgar/data/56873/000161607726000004/ownership.xml,https://www.sec.gov/Archives/edgar/data/56873/000110465926078236/,0
PFE,78003,Pfizer,Albert Bourla,0.007641753395152187,435555.0,5699673589.0,medium,,,,,https://www.sec.gov/Archives/edgar/data/78003/000122520826007145/doc4.xml,https://www.sec.gov/Archives/edgar/data/78003/000007800326000095/,0
CRH,849395,CRH plc,J. Mintern,0.007498896964399641,49889.0,665284511.0,medium,,,,,https://www.sec.gov/Archives/edgar/data/849395/000119312526226780/ownership.xml,https://www.sec.gov/Archives/edgar/data/849395/000162828026050755/,0
BMY,14272,Bristol Myers Squibb,Christopher Boerner,0.0071909211386203525,146890.0,2042714656.0,high,,,,,https://www.sec.gov/Archives/edgar/data/14272/000154374726000002/wk-form4_1773346461.xml,https://www.sec.gov/Archives/edgar/data/14272/000001427226000020/,0
BXP,1037540,"BXP, Inc.",Owen D. Thomas,0.007186808325981741,11474.57,159661556.0,medium,,,,,https://www.sec.gov/Archives/edgar/data/1037540/000133908126000011/wk-form4_1771360378.xml,https://www.sec.gov/Archives/edgar/data/1037540/000103754026000034/,0
RTX,101829,RTX Corporation,Christopher T. Calio,0.00702612560136012,94695.18,1347758144.0,medium,,,,,https://www.sec.gov/Archives/edgar/data/101829/000122520826002410/doc4.xml,https://www.sec.gov/Archives/edgar/data/101829/000010182926000027/,0
SRE,1032208,Sempra,J. Walker Martin,0.0063445420736909924,41473.64,653690046.0,medium,,,,,https://www.sec.gov/Archives/edgar/data/1032208/000146144626000019/wk-form4_1774036924.xml,https://www.sec.gov/Archives/edgar/data/1032208/000103220826000030/,0
INTU,896878,Intuit,Sasan K. Goodarzi,0.006291098461999656,17208.482,273537000.0,medium,,,,,https://www.sec.gov/Archives/edgar/data/896878/000162828026049897/wk-form4_1785192859.xml,https://www.sec.gov/Archives/edgar/data/896878/000089687826000025/,0
HPQ,47217,HP Inc.,Bruce Broussard,0.006079568534689994,54825.0,901790969.0,low,,the matched insider (BROUSSARD BRUCE D) is not flagged as an officer on any filing; this may be a trust or entity named after the chief executive,,,https://www.sec.gov/Archives/edgar/data/47217/000118564326000002/form4-02052026_100240.xml,https://www.sec.gov/Archives/edgar/data/47217/000004721726000051/,0
BF-B,14693,Brown–Forman,Lawson E. Whiting,0.005865815242771193,26916.13,458864265.0,medium,,,,,https://www.sec.gov/Archives/edgar/data/14693/000157278326000006/wk-form4_1784926075.xml,https://www.sec.gov/Archives/edgar/data/14693/000001469326000024/,0
PSA,1393311,Public Storage,H. Thomas Boyle,0.005823331034862809,10227.0,175621134.0,medium,,,,,https://www.sec.gov/Archives/edgar/data/1393311/000173489726000006/wk-form4_1773791329.xml,https://www.sec.gov/Archives/edgar/data/1393311/000162828026050612/,0
CVS,64803,CVS Health,J. David Joyner,0.005500440174779374,70349.0,1278970369.0,medium,,,,,https://www.sec.gov/Archives/edgar/data/64803/000006480326000038/form4.xml,https://www.sec.gov/Archives/edgar/data/64803/000006480326000098/,0
DHR,313616,Danaher Corporation,Rainer M. Blair,0.005403805635097279,37988.0,702986054.0,medium,,,,,https://www.sec.gov/Archives/edgar/data/313616/000031361626000187/wk-form4_1787605246.xml,https://www.sec.gov/Archives/edgar/data/313616/000031361626000161/,0
MCK,927653,McKesson Corporation,Brian S. Tyler,0.005261945277586964,6134.9211,116590363.0,medium,,,,,https://www.sec.gov/Archives/edgar/data/927653/000092765326000187/form4.xml,https://www.sec.gov/Archives/edgar/data/927653/000092765326000234/,0
EL,1001250,Estée Lauder Companies (The),Stéphane de La Faverie,0.005149315033080272,18630.148,361798567.0,high,,,,,https://www.sec.gov/Archives/edgar/data/1001250/000195503826000002/wk-form4_1772475566.xml,https://www.sec.gov/Archives/edgar/data/1001250/000100125026000041/,0
HD,354950,Home Depot (The),Richard V. McPhail,0.004971238199483895,49597.5278,997689626.0,medium,,,,,https://www.sec.gov/Archives/edgar/data/354950/000035495026000152/wk-form4_1787344336.xml,https://www.sec.gov/Archives/edgar/data/354950/000162828026058715/,0
ORCL,1341439,Oracle Corporation,Clayton M. Magouyrk,0.004653058475506263,134030.0,2880471000.0,medium,,,,,https://www.sec.gov/Archives/edgar/data/1341439/000134143926000010/form4.xml,https://www.sec.gov/Archives/edgar/data/1341439/000119312526277521/,0
NXPI,1413447,NXP Semiconductors,Rafael Sotomayor,0.004459792928395927,11246.0,252164174.0,high,,,,,https://www.sec.gov/Archives/edgar/data/1413447/000206664226000002/wk-form4_1777630482.xml,https://www.sec.gov/Archives/edgar/data/1413447/000141344726000045/,0
NFLX,1065280,Netflix,Ted Sarandos,0.004297708754798973,178954.0,4163939676.0,medium,,,,,https://www.sec.gov/Archives/edgar/data/1065280/000106528026000234/wk-form4_1785878104.xml,https://www.sec.gov/Archives/edgar/data/1065280/000106528026000212/,0
PG,80424,Procter & Gamble,Shailesh Jejurikar,0.004244507639209021,98660.7388,2324433060.0,medium,,,,,https://www.sec.gov/Archives/edgar/data/80424/000008042426000149/form4.xml,https://www.sec.gov/Archives/edgar/data/80424/000008042426000103/,0
MOS,1285785,Mosaic Company (The),Bruce M. Bodine,0.003958031875655195,12582.411,317895646.0,medium,,,,,https://www.sec.gov/Archives/edgar/data/1285785/000128578526000050/wk-form4_1773259762.xml,https://www.sec.gov/Archives/edgar/data/1285785/000128578526000112/,0
PYPL,1633917,PayPal,Enrique Lores,0.003732958568950285,31934.0,855460874.0,low,,the matched insider (LORES ENRIQUE) is not flagged as an officer on any filing; this may be a trust or entity named after the chief executive,,,https://www.sec.gov/Archives/edgar/data/1633917/000165624226000002/edgardoc.xml,https://www.sec.gov/Archives/edgar/data/1633917/000163391726000082/,0
ORLY,898173,O'Reilly Automotive,Brad Beckham,0.0035394793274480473,28633.0,808960792.0,medium,,,,,https://www.sec.gov/Archives/edgar/data/898173/000162588926000004/form4-05112026_080539.xml,https://www.sec.gov/Archives/edgar/data/898173/000089817326000045/,0
KVUE,1944048,Kenvue,Kirk L. Perry,0.003256742717177486,62554.65,1920773467.0,low,,the matched insider (Perry Kirk) is not flagged as an officer on any filing; this may be a trust or entity named after the chief executive,,,https://www.sec.gov/Archives/edgar/data/1944048/000194404826000048/wk-form4_1772662463.xml,https://www.sec.gov/Archives/edgar/data/1944048/000194404826000142/,0
CVX,93410,Chevron Corporation,Michael K. Wirth,0.00319768795261875,63179.0,1975771274.0,medium,,,,,https://www.sec.gov/Archives/edgar/data/93410/000009341026000173/form4.xml,https://www.sec.gov/Archives/edgar/data/93410/000009341026000167/,0
KO,21344,Coca-Cola Company (The),Henrique Braun,0.00265389176395302,114185.0,4302549243.0,low,,the matched insider (Braun Henrique) is not flagged as an officer on any filing; this may be a trust or entity named after the chief executive,,,https://www.sec.gov/Archives/edgar/data/21344/000002134426000075/form4.xml,https://www.sec.gov/Archives/edgar/data/21344/000162828026050503/,0
ACN,1467373,Accenture,Julie Sweet,0.0025147838149262385,16794.0,667810883.0,medium,,,,,https://www.sec.gov/Archives/edgar/data/1467373/000148763026000017/wk-form4_1786999649.xml,https://www.sec.gov/Archives/edgar/data/1467373/000146737326000032/,0
CBOE,1374310,Cboe Global Markets,Craig S. Donohue,0.0024935120091090944,2604.0,104431019.0,medium,,,,,https://www.sec.gov/Archives/edgar/data/1374310/000121281026000001/form4-02232026_040210.xml,https://www.sec.gov/Archives/edgar/data/1374310/000162828026051239/,0
STZ,16918,Constellation Brands,Nicholas I. Fink,0.002035385802870168,3476.0,170778434.0,low,,the matched insider (Fink Nicholas I.) is not flagged as an officer on any filing; this may be a trust or entity named after the chief executive,,,https://www.sec.gov/Archives/edgar/data/16918/000154954326000007/wk-form4_1784061441.xml,https://www.sec.gov/Archives/edgar/data/16918/000001691826000029/,0
DIS,1744489,Walt Disney Company (The),Josh D'Amaro,0.002033150419994325,35106.142,1726686902.0,medium,,,,,https://www.sec.gov/Archives/edgar/data/1744489/000162828026020152/wk-form4_1774036928.xml,https://www.sec.gov/Archives/edgar/data/1744489/000174448926000057/,0
HONA,2089271,Honeywell Aerospace,James Currier,0.0018870703824994722,5981.121,316952725.0,medium,,,,,https://www.sec.gov/Archives/edgar/data/2089271/000162828026053672/wk-form4_1785972698.xml,https://www.sec.gov/Archives/edgar/data/2089271/000208927126000021/,0
MMM,66740,3M,William M. Brown,0.0018093066526522542,9331.0,515722417.0,high,,,,,https://www.sec.gov/Archives/edgar/data/66740/000006674026000182/form4.xml,https://www.sec.gov/Archives/edgar/data/66740/000006674026000246/,0
NWSA,1564708,News Corp (Class A),Robert J. Thomson,0.0003696498010605763,2000.0,541052638.0,medium,,,,,https://www.sec.gov/Archives/edgar/data/1564708/000157938026000003/wk-form4_1787083524.xml,https://www.sec.gov/Archives/edgar/data/1564708/000156470826000175/,0
BRK-B,1067983,Berkshire Hathaway,Gregory E. Abel,0.0001854424007947993,2612.0,1408523611.0,medium,,,,,https://www.sec.gov/Archives/edgar/data/1067983/000119312526092556/ownership.xml,https://www.sec.gov/Archives/edgar/data/1067983/000119312526341032/,0
PLD,1045609,Prologis,Daniel S. Letter,2.145144786547368e-06,20.0,932338000.0,medium,,,,,https://www.sec.gov/Archives/edgar/data/1045609/000119312526306403/ownership.xml,https://www.sec.gov/Archives/edgar/data/1045609/000119312526197850/,0
AOS,91142,A. O. Smith,Stephen M. Shafer,0.0,0,135908573.0,low,,walk did not settle; the total is a floor,,,https://www.sec.gov/Archives/edgar/data/91142/000009114226000034/wk-form4_1770848769.xml,https://www.sec.gov/Archives/edgar/data/91142/000009114226000098/,0
BX,1393818,Blackstone Inc.,Stephen A. Schwarzman,0.0,0,750625114.0,low,,the matched insider (SCHWARZMAN STEPHEN A) is not flagged as an officer on any filing; this may be a trust or entity named after the chief executive|walk did not settle; the total is a floor,,,https://www.sec.gov/Archives/edgar/data/1393818/000089924323018547/doc4.xml,https://www.sec.gov/Archives/edgar/data/1393818/000119312526340208/,0
CCI,1051470,Crown Castle,Christian H. Hillabrant,0.0,0.0,425455439.0,high,,,,,https://www.sec.gov/Archives/edgar/data/1051470/000208681726000003/wk-form4_1772230901.xml,https://www.sec.gov/Archives/edgar/data/1051470/000105147026000074/,0
DLR,1297996,Digital Realty,Andrew P. Power,0.0,0.0,351406070.0,high,,,,,https://www.sec.gov/Archives/edgar/data/1297996/000164127526000016/form4-03172026_080312.xml,https://www.sec.gov/Archives/edgar/data/1297996/000110465926054255/,0
SPG,1063761,Simon Property Group,Eli Simon,0.0,0,323559515.0,low,,walk did not settle; the total is a floor,,,https://www.sec.gov/Archives/edgar/data/1063761/000180366626000010/form4-08242026_020807.xml,https://www.sec.gov/Archives/edgar/data/1063761/000110465926093360/,0
VZ,732712,Verizon,Daniel H. Schulman,0.0,0,4154775202.0,low,,the matched insider (SCHULMAN DANIEL H) is not flagged as an officer on any filing; this may be a trust or entity named after the chief executive|walk did not settle; the total is a floor,,,https://www.sec.gov/Archives/edgar/data/732712/000121531526000036/wk-form4_1786737746.xml,https://www.sec.gov/Archives/edgar/data/732712/000073271226000046/,0
