cik,ticker,ceo,owner_cik,date,form,accession,shares,shares_split_adjusted,outstanding,pct,traded,traded_value,unpriced_rows,unexplained,codes,groups,classes,restated,matches_panel
1467373,ACN,Julie Sweet,1487630,2016-01-01,4,"Group(security='Class A Common Stock', direct='D', shares=20220.0, last_txn={('D', ''): 20220.0}, holdings=0.0, hold_by_vehicle={}, filed='2016-01-01', moved_here=True, opening={('D', ''): 14617.0}, rows=2, as_of='2016-01-01', accession='0001467373-16-000632', table='I')",20220,20220,672636779,0.003,5603,160781.99,1,,AF,1,acn:CommonClassXMember|us-gaap:CommonClassAMember,,TRUE
1467373,ACN,Julie Sweet,1487630,2016-01-05,4,"Group(security='Class A Common Stock', direct='D', shares=19007.0, last_txn={('D', ''): 19007.0}, holdings=0.0, hold_by_vehicle={}, filed='2016-01-05', moved_here=True, opening={('D', ''): 20220.0}, rows=5, as_of='2016-01-05', accession='0001467373-16-000659', table='I')",19007,19007,672636779,0.0028,-1213,329368.21,1,,AS,1,acn:CommonClassXMember|us-gaap:CommonClassAMember,,TRUE
1467373,ACN,Julie Sweet,1487630,2016-02-05,4,"Group(security='Class A Common Stock', direct='D', shares=19101.0, last_txn={('D', ''): 19101.0}, holdings=0.0, hold_by_vehicle={}, filed='2016-02-05', moved_here=True, opening={('D', ''): 19007.0}, rows=1, as_of='2016-02-05', accession='0001467373-16-000744', table='I')",19101,19101,672636779,0.0028,94,9454.9,,,A,1,acn:CommonClassXMember|us-gaap:CommonClassAMember,,TRUE
1467373,ACN,Julie Sweet,1487630,2016-03-05,4,"Group(security='Class A Common Stock', direct='D', shares=19192.0, last_txn={('D', ''): 19192.0}, holdings=0.0, hold_by_vehicle={}, filed='2016-03-05', moved_here=True, opening={('D', ''): 19101.0}, rows=1, as_of='2016-03-05', accession='0001467373-16-000762', table='I')",19192,19192,672636779,0.0029,91,9378.46,,,A,1,acn:CommonClassXMember|us-gaap:CommonClassAMember,,TRUE
1467373,ACN,Julie Sweet,1487630,2016-04-05,4,"Group(security='Class A Common Stock', direct='D', shares=19275.0, last_txn={('D', ''): 19275.0}, holdings=0.0, hold_by_vehicle={}, filed='2016-04-05', moved_here=True, opening={('D', ''): 19192.0}, rows=1, as_of='2016-04-05', accession='0001467373-16-000811', table='I')",19275,19275,672636779,0.0029,83,9505.37,,,A,1,acn:CommonClassXMember|us-gaap:CommonClassAMember,,TRUE
1467373,ACN,Julie Sweet,1487630,2016-05-05,4,"Group(security='Class A Common Stock', direct='D', shares=19358.0, last_txn={('D', ''): 19358.0}, holdings=0.0, hold_by_vehicle={}, filed='2016-05-05', moved_here=True, opening={('D', ''): 19275.0}, rows=1, as_of='2016-05-05', accession='0001467373-16-000841', table='I')",19358,19358,672636779,0.0029,83,9457.85,,,A,1,acn:CommonClassXMember|us-gaap:CommonClassAMember,,TRUE
1467373,ACN,Julie Sweet,1487630,2016-05-13,4,"Group(security='Class A Common Stock', direct='D', shares=19524.0, last_txn={('D', ''): 19524.0}, holdings=0.0, hold_by_vehicle={}, filed='2016-05-13', moved_here=True, opening={('D', ''): 19358.0}, rows=1, as_of='2016-05-13', accession='0001467373-16-000886', table='I')",19524,19524,672636779,0.0029,166,,1,,A,1,acn:CommonClassXMember|us-gaap:CommonClassAMember,,TRUE
1467373,ACN,Julie Sweet,1487630,2016-06-05,4,"Group(security='Class A Common Stock', direct='D', shares=19604.0, last_txn={('D', ''): 19604.0}, holdings=0.0, hold_by_vehicle={}, filed='2016-06-05', moved_here=True, opening={('D', ''): 19524.0}, rows=1, as_of='2016-06-05', accession='0001467373-16-000907', table='I')",19604,19604,672636779,0.0029,80,9476.4,,,A,1,acn:CommonClassXMember|us-gaap:CommonClassAMember,,TRUE
1467373,ACN,Julie Sweet,1487630,2016-07-05,4,"Group(security='Class A Common Stock', direct='D', shares=19688.0, last_txn={('D', ''): 19688.0}, holdings=0.0, hold_by_vehicle={}, filed='2016-07-05', moved_here=True, opening={('D', ''): 19604.0}, rows=1, as_of='2016-07-05', accession='0001467373-16-000944', table='I')",19688,19688,672636779,0.0029,84,9499.77,,,A,1,acn:CommonClassXMember|us-gaap:CommonClassAMember,,TRUE
1467373,ACN,Julie Sweet,1487630,2016-07-19,4,"Group(security='Class A Common Stock', direct='D', shares=18010.0, last_txn={('D', ''): 18010.0}, holdings=0.0, hold_by_vehicle={}, filed='2016-07-19', moved_here=True, opening={('D', ''): 19688.0}, rows=1, as_of='2016-07-19', accession='0001467373-16-000966', table='I')",18010,18010,672636779,0.0027,-1678,190520.12,,,F,1,acn:CommonClassXMember|us-gaap:CommonClassAMember,,TRUE
1467373,ACN,Julie Sweet,1487630,2016-07-21,4,"Group(security='Class A Common Stock', direct='D', shares=15081.0, last_txn={('D', ''): 15081.0}, holdings=0.0, hold_by_vehicle={}, filed='2016-07-21', moved_here=True, opening={('D', ''): 18010.0}, rows=3, as_of='2016-07-21', accession='0001467373-16-000981', table='I')",15081,15081,672636779,0.0022,-2929,332249.78,,,S,1,acn:CommonClassXMember|us-gaap:CommonClassAMember,,TRUE
1467373,ACN,Julie Sweet,1487630,2016-08-05,4,"Group(security='Class A Common Stock', direct='D', shares=15164.0, last_txn={('D', ''): 15164.0}, holdings=0.0, hold_by_vehicle={}, filed='2016-08-05', moved_here=True, opening={('D', ''): 15081.0}, rows=1, as_of='2016-08-05', accession='0001467373-16-001000', table='I')",15164,15164,672636779,0.0023,83,9432.12,,,A,1,acn:CommonClassXMember|us-gaap:CommonClassAMember,,TRUE
1467373,ACN,Julie Sweet,1487630,2016-09-05,4,"Group(security='Class A Common Stock', direct='D', shares=15246.0, last_txn={('D', ''): 15246.0}, holdings=0.0, hold_by_vehicle={}, filed='2016-09-05', moved_here=True, opening={('D', ''): 15164.0}, rows=1, as_of='2016-09-05', accession='0001467373-16-001018', table='I')",15246,15246,672636779,0.0023,82,9491.51,,,A,1,acn:CommonClassXMember|us-gaap:CommonClassAMember,,TRUE
1467373,ACN,Julie Sweet,1487630,2016-10-05,4,"Group(security='Class A Common Stock', direct='D', shares=15326.0, last_txn={('D', ''): 15326.0}, holdings=0.0, hold_by_vehicle={}, filed='2016-10-05', moved_here=True, opening={('D', ''): 15246.0}, rows=1, as_of='2016-10-05', accession='0001467373-16-001048', table='I')",15326,15326,672636779,0.0023,80,9448.8,,,A,1,acn:CommonClassXMember|us-gaap:CommonClassAMember,,TRUE
1467373,ACN,Julie Sweet,1487630,2016-10-24,4,"Group(security='Class A Common Stock', direct='D', shares=24584.0, last_txn={('D', ''): 24584.0}, holdings=0.0, hold_by_vehicle={}, filed='2016-10-24', moved_here=True, opening={('D', ''): 15326.0}, rows=2, as_of='2016-10-24', accession='0001467373-16-001076', table='I')",24584,24584,672636779,0.0037,9258,1098889.26,1,,AF,1,acn:CommonClassXMember|us-gaap:CommonClassAMember,,TRUE
1467373,ACN,Julie Sweet,1487630,2016-11-05,4,"Group(security='Class A Common Stock', direct='D', shares=24665.0, last_txn={('D', ''): 24665.0}, holdings=0.0, hold_by_vehicle={}, filed='2016-11-05', moved_here=True, opening={('D', ''): 24584.0}, rows=1, as_of='2016-11-05', accession='0001467373-16-001100', table='I')",24665,24665,672636779,0.0037,81,9499.68,,,A,1,acn:CommonClassXMember|us-gaap:CommonClassAMember,,TRUE
1467373,ACN,Julie Sweet,1487630,2016-11-15,4,"Group(security='Class A Common Stock', direct='D', shares=24895.0, last_txn={('D', ''): 24895.0}, holdings=0.0, hold_by_vehicle={}, filed='2016-11-15', moved_here=True, opening={('D', ''): 24665.0}, rows=2, as_of='2016-11-15', accession='0001467373-16-001151', table='I')",24895,24895,672636779,0.0037,230,11661.0,1,,AF,1,acn:CommonClassXMember|us-gaap:CommonClassAMember,,TRUE
1467373,ACN,Julie Sweet,1487630,2016-12-05,4,"Group(security='Class A Common Stock', direct='D', shares=24975.0, last_txn={('D', ''): 24975.0}, holdings=0.0, hold_by_vehicle={}, filed='2016-12-05', moved_here=True, opening={('D', ''): 24895.0}, rows=1, as_of='2016-12-05', accession='0001467373-16-001172', table='I')",24975,24975,672636779,0.0037,80,9434.8,,,A,1,acn:CommonClassXMember|us-gaap:CommonClassAMember,,TRUE
1467373,ACN,Julie Sweet,1487630,2016-12-23,4,"Group(security='Class A Common Stock', direct='D', shares=15622.0, last_txn={('D', ''): 15622.0}, holdings=0.0, hold_by_vehicle={}, filed='2016-12-23', moved_here=True, opening={('D', ''): 24975.0}, rows=1, as_of='2016-12-23', accession='0001467373-16-001193', table='I')",15622,15622,672636779,0.0023,-9353,1100343.04,,,S,1,acn:CommonClassXMember|us-gaap:CommonClassAMember,,TRUE
1467373,ACN,Julie Sweet,1487630,2017-01-01,4,"Group(security='Class A Common Stock', direct='D', shares=19601.0, last_txn={('D', ''): 19601.0}, holdings=0.0, hold_by_vehicle={}, filed='2017-01-01', moved_here=True, opening={('D', ''): 15622.0}, rows=2, as_of='2017-01-01', accession='0001467373-17-000024', table='I')",19601,19601,672636779,0.0029,3979,283324.32,1,,AF,1,acn:CommonClassXMember|us-gaap:CommonClassAMember,,TRUE
1467373,ACN,Julie Sweet,1487630,2017-01-05,4,"Group(security='Class A Common Stock', direct='D', shares=22034.0, last_txn={('D', ''): 22034.0}, holdings=0.0, hold_by_vehicle={}, filed='2017-01-05', moved_here=True, opening={('D', ''): 19601.0}, rows=2, as_of='2017-01-05', accession='0001467373-17-000043', table='I')",22034,22034,672636779,0.0033,2433,152599.17,1,,A,1,acn:CommonClassXMember|us-gaap:CommonClassAMember,,TRUE
1467373,ACN,Julie Sweet,1487630,2017-02-05,4,"Group(security='Class A Common Stock', direct='D', shares=22158.0, last_txn={('D', ''): 22158.0}, holdings=0.0, hold_by_vehicle={}, filed='2017-02-05', moved_here=True, opening={('D', ''): 22034.0}, rows=1, as_of='2017-02-05', accession='0001467373-17-000077', table='I')",22158,22158,672636779,0.0033,124,14146.54,,,A,1,acn:CommonClassXMember|us-gaap:CommonClassAMember,,TRUE
1467373,ACN,Julie Sweet,1487630,2017-03-05,4,"Group(security='Class A Common Stock', direct='D', shares=22273.0, last_txn={('D', ''): 22273.0}, holdings=0.0, hold_by_vehicle={}, filed='2017-03-05', moved_here=True, opening={('D', ''): 22158.0}, rows=1, as_of='2017-03-05', accession='0001467373-17-000148', table='I')",22273,22273,672636779,0.0033,115,14216.01,,,A,1,acn:CommonClassXMember|us-gaap:CommonClassAMember,,TRUE
1467373,ACN,Julie Sweet,1487630,2017-04-05,4,"Group(security='Class A Common Stock', direct='D', shares=22393.0, last_txn={('D', ''): 22393.0}, holdings=0.0, hold_by_vehicle={}, filed='2017-04-05', moved_here=True, opening={('D', ''): 22273.0}, rows=1, as_of='2017-04-05', accession='0001467373-17-000183', table='I')",22393,22393,672636779,0.0033,120,14194.8,,,A,1,acn:CommonClassXMember|us-gaap:CommonClassAMember,,TRUE
1467373,ACN,Julie Sweet,1487630,2017-05-05,4,"Group(security='Class A Common Stock', direct='D', shares=22510.0, last_txn={('D', ''): 22510.0}, holdings=0.0, hold_by_vehicle={}, filed='2017-05-05', moved_here=True, opening={('D', ''): 22393.0}, rows=1, as_of='2017-05-05', accession='0001467373-17-000209', table='I')",22510,22510,672636779,0.0033,117,14173.67,,,A,1,acn:CommonClassXMember|us-gaap:CommonClassAMember,,TRUE
1467373,ACN,Julie Sweet,1487630,2017-05-15,4,"Group(security='Class A Common Stock', direct='D', shares=22653.0, last_txn={('D', ''): 22653.0}, holdings=0.0, hold_by_vehicle={}, filed='2017-05-15', moved_here=True, opening={('D', ''): 22510.0}, rows=1, as_of='2017-05-15', accession='0001467373-17-000252', table='I')",22653,22653,672636779,0.0034,143,,1,,A,1,acn:CommonClassXMember|us-gaap:CommonClassAMember,,TRUE
1467373,ACN,Julie Sweet,1487630,2017-06-05,4,"Group(security='Class A Common Stock', direct='D', shares=22766.0, last_txn={('D', ''): 22766.0}, holdings=0.0, hold_by_vehicle={}, filed='2017-06-05', moved_here=True, opening={('D', ''): 22653.0}, rows=1, as_of='2017-06-05', accession='0001467373-17-000269', table='I')",22766,22766,672636779,0.0034,113,14261.74,,,A,1,acn:CommonClassXMember|us-gaap:CommonClassAMember,,TRUE
1467373,ACN,Julie Sweet,1487630,2017-06-26,4,"Group(security='Class A Common Stock', direct='D', shares=17444.0, last_txn={('D', ''): 17444.0}, holdings=0.0, hold_by_vehicle={}, filed='2017-06-26', moved_here=True, opening={('D', ''): 22766.0}, rows=2, as_of='2017-06-26', accession='0001467373-17-000300', table='I')",17444,17444,672636779,0.0026,-5322,654521.63,,,S,1,acn:CommonClassXMember|us-gaap:CommonClassAMember,,TRUE
1467373,ACN,Julie Sweet,1487630,2017-07-05,4,"Group(security='Class A Common Stock', direct='D', shares=17558.0, last_txn={('D', ''): 17558.0}, holdings=0.0, hold_by_vehicle={}, filed='2017-07-05', moved_here=True, opening={('D', ''): 17444.0}, rows=1, as_of='2017-07-05', accession='0001467373-17-000324', table='I')",17558,17558,672636779,0.0026,114,14179.89,,,A,1,acn:CommonClassXMember|us-gaap:CommonClassAMember,,TRUE
1467373,ACN,Julie Sweet,1487630,2017-07-19,4,"Group(security='Class A Common Stock', direct='D', shares=16056.0, last_txn={('D', ''): 16056.0}, holdings=0.0, hold_by_vehicle={}, filed='2017-07-19', moved_here=True, opening={('D', ''): 17558.0}, rows=1, as_of='2017-07-19', accession='0001467373-17-000344', table='I')",16056,16056,672636779,0.0024,-1502,191294.72,,,F,1,acn:CommonClassXMember|us-gaap:CommonClassAMember,,TRUE
1467373,ACN,Julie Sweet,1487630,2017-07-21,4,"Group(security='Class A Common Stock', direct='D', shares=14082.0, last_txn={('D', ''): 14082.0}, holdings=0.0, hold_by_vehicle={}, filed='2017-07-21', moved_here=True, opening={('D', ''): 16056.0}, rows=1, as_of='2017-07-21', accession='0001467373-17-000347', table='I')",14082,14082,672636779,0.0021,-1974,254012.35,,,S,1,acn:CommonClassXMember|us-gaap:CommonClassAMember,,TRUE
1467373,ACN,Julie Sweet,1487630,2017-08-05,4,"Group(security='Class A Common Stock', direct='D', shares=14191.0, last_txn={('D', ''): 14191.0}, holdings=0.0, hold_by_vehicle={}, filed='2017-08-05', moved_here=True, opening={('D', ''): 14082.0}, rows=1, as_of='2017-08-05', accession='0001467373-17-000370', table='I')",14191,14191,672636779,0.0021,109,14181.44,,,A,1,acn:CommonClassXMember|us-gaap:CommonClassAMember,,TRUE
1467373,ACN,Julie Sweet,1487630,2017-09-05,4,"Group(security='Class A Common Stock', direct='D', shares=14300.0, last_txn={('D', ''): 14300.0}, holdings=0.0, hold_by_vehicle={}, filed='2017-09-05', moved_here=True, opening={('D', ''): 14191.0}, rows=1, as_of='2017-09-05', accession='0001467373-17-000381', table='I')",14300,14300,672636779,0.0021,109,14142.2,,,A,1,acn:CommonClassXMember|us-gaap:CommonClassAMember,,TRUE
1467373,ACN,Julie Sweet,1487630,2017-10-05,4,"Group(security='Class A Common Stock', direct='D', shares=14405.0, last_txn={('D', ''): 14405.0}, holdings=0.0, hold_by_vehicle={}, filed='2017-10-05', moved_here=True, opening={('D', ''): 14300.0}, rows=1, as_of='2017-10-05', accession='0001467373-17-000421', table='I')",14405,14405,672636779,0.0021,105,14261.1,,,A,1,acn:CommonClassXMember|us-gaap:CommonClassAMember,,TRUE
1467373,ACN,Julie Sweet,1487630,2017-10-25,4,"Group(security='Class A Common Stock', direct='D', shares=24410.0, last_txn={('D', ''): 24410.0}, holdings=0.0, hold_by_vehicle={}, filed='2017-10-25', moved_here=True, opening={('D', ''): 14405.0}, rows=2, as_of='2017-10-25', accession='0001467373-17-000455', table='I')",24410,24410,672636779,0.0036,10005,1451981.25,1,,AF,1,acn:CommonClassXMember|us-gaap:CommonClassAMember,,TRUE
1467373,ACN,Julie Sweet,1487630,2017-11-05,4,"Group(security='Class A Common Stock', direct='D', shares=24509.0, last_txn={('D', ''): 24509.0}, holdings=0.0, hold_by_vehicle={}, filed='2017-11-05', moved_here=True, opening={('D', ''): 24410.0}, rows=1, as_of='2017-11-05', accession='0001467373-17-000466', table='I')",24509,24509,672636779,0.0036,99,14245.61,,,A,1,acn:CommonClassXMember|us-gaap:CommonClassAMember,,TRUE
1467373,ACN,Julie Sweet,1487630,2017-11-15,4,"Group(security='Class A Common Stock', direct='D', shares=24701.0, last_txn={('D', ''): 24701.0}, holdings=0.0, hold_by_vehicle={}, filed='2017-11-15', moved_here=True, opening={('D', ''): 24509.0}, rows=2, as_of='2017-11-15', accession='0001467373-17-000490', table='I')",24701,24701,672636779,0.0037,192,13856.4,1,,AF,1,acn:CommonClassXMember|us-gaap:CommonClassAMember,,TRUE
1467373,ACN,Julie Sweet,1487630,2017-12-05,4,"Group(security='Class A Common Stock', direct='D', shares=24797.0, last_txn={('D', ''): 24797.0}, holdings=0.0, hold_by_vehicle={}, filed='2017-12-05', moved_here=True, opening={('D', ''): 24701.0}, rows=1, as_of='2017-12-05', accession='0001467373-17-000499', table='I')",24797,24797,672636779,0.0037,96,14172.72,,,A,1,acn:CommonClassXMember|us-gaap:CommonClassAMember,,TRUE
1467373,ACN,Julie Sweet,1487630,2017-12-26,4,"Group(security='Class A Common Stock', direct='D', shares=14700.0, last_txn={('D', ''): 14700.0}, holdings=0.0, hold_by_vehicle={}, filed='2017-12-26', moved_here=True, opening={('D', ''): 24797.0}, rows=1, as_of='2017-12-26', accession='0001467373-17-000520', table='I')",14700,14700,672636779,0.0022,-10097,1544127.14,,,S,1,acn:CommonClassXMember|us-gaap:CommonClassAMember,,TRUE
1467373,ACN,Julie Sweet,1487630,2018-01-01,4,"Group(security='Class A Common Stock', direct='D', shares=18745.0, last_txn={('D', ''): 18745.0}, holdings=0.0, hold_by_vehicle={}, filed='2018-01-01', moved_here=True, opening={('D', ''): 14700.0}, rows=2, as_of='2018-01-01', accession='0001467373-18-000025', table='I')",18745,18745,672636779,0.0028,4045,127674.75,1,,AF,1,acn:CommonClassXMember|us-gaap:CommonClassAMember,,TRUE
1467373,ACN,Julie Sweet,1487630,2018-01-05,4,"Group(security='Class A Common Stock', direct='D', shares=21012.0, last_txn={('D', ''): 21012.0}, holdings=0.0, hold_by_vehicle={}, filed='2018-01-05', moved_here=True, opening={('D', ''): 18745.0}, rows=3, as_of='2018-01-05', accession='0001467373-18-000043', table='I')",21012,21012,672636779,0.0031,2267,235073.65,1,,AF,1,acn:CommonClassXMember|us-gaap:CommonClassAMember,,TRUE
1467373,ACN,Julie Sweet,1487630,2018-02-05,4,"Group(security='Class A Common Stock', direct='D', shares=21103.0, last_txn={('D', ''): 21103.0}, holdings=0.0, hold_by_vehicle={}, filed='2018-02-05', moved_here=True, opening={('D', ''): 21012.0}, rows=1, as_of='2018-02-05', accession='0001467373-18-000074', table='I')",21103,21103,672636779,0.0031,91,14105.0,,,A,1,acn:CommonClassXMember|us-gaap:CommonClassAMember,,TRUE
1467373,ACN,Julie Sweet,1487630,2018-03-05,4,"Group(security='Class A Common Stock', direct='D', shares=21193.0, last_txn={('D', ''): 21193.0}, holdings=0.0, hold_by_vehicle={}, filed='2018-03-05', moved_here=True, opening={('D', ''): 21103.0}, rows=1, as_of='2018-03-05', accession='0001467373-18-000129', table='I')",21193,21193,672636779,0.0032,90,14249.25,,,A,1,acn:CommonClassXMember|us-gaap:CommonClassAMember,,TRUE
1467373,ACN,Julie Sweet,1487630,2018-04-05,4,"Group(security='Class A Common Stock', direct='D', shares=21287.0, last_txn={('D', ''): 21287.0}, holdings=0.0, hold_by_vehicle={}, filed='2018-04-05', moved_here=True, opening={('D', ''): 21193.0}, rows=1, as_of='2018-04-05', accession='0001467373-18-000161', table='I')",21287,21287,672636779,0.0032,94,14197.76,,,A,1,acn:CommonClassXMember|us-gaap:CommonClassAMember,,TRUE
1467373,ACN,Julie Sweet,1487630,2018-04-20,4,"Group(security='Class A Common Stock', direct='D', shares=17305.0, last_txn={('D', ''): 17305.0}, holdings=0.0, hold_by_vehicle={}, filed='2018-04-20', moved_here=True, opening={('D', ''): 21287.0}, rows=3, as_of='2018-04-20', accession='0001467373-18-000180', table='I')",17305,17305,672636779,0.0026,-3982,609197.56,,,S,1,acn:CommonClassXMember|us-gaap:CommonClassAMember,,TRUE
1467373,ACN,Julie Sweet,1487630,2018-05-05,4,"Group(security='Class A Common Stock', direct='D', shares=17398.0, last_txn={('D', ''): 17398.0}, holdings=0.0, hold_by_vehicle={}, filed='2018-05-05', moved_here=True, opening={('D', ''): 17305.0}, rows=1, as_of='2018-05-05', accession='0001467373-18-000191', table='I')",17398,17398,672636779,0.0026,93,14150.18,,,A,1,acn:CommonClassXMember|us-gaap:CommonClassAMember,,TRUE
1467373,ACN,Julie Sweet,1487630,2018-05-15,4,"Group(security='Class A Common Stock', direct='D', shares=17522.0, last_txn={('D', ''): 17522.0}, holdings=0.0, hold_by_vehicle={}, filed='2018-05-15', moved_here=True, opening={('D', ''): 17398.0}, rows=1, as_of='2018-05-15', accession='0001467373-18-000210', table='I')",17522,17522,672636779,0.0026,124,,1,,A,1,acn:CommonClassXMember|us-gaap:CommonClassAMember,,TRUE
1467373,ACN,Julie Sweet,1487630,2018-06-05,4,"Group(security='Class A Common Stock', direct='D', shares=17611.0, last_txn={('D', ''): 17611.0}, holdings=0.0, hold_by_vehicle={}, filed='2018-06-05', moved_here=True, opening={('D', ''): 17522.0}, rows=1, as_of='2018-06-05', accession='0001467373-18-000220', table='I')",17611,17611,672636779,0.0026,89,14213.75,,,A,1,acn:CommonClassXMember|us-gaap:CommonClassAMember,,TRUE
1467373,ACN,Julie Sweet,1487630,2018-07-05,4,"Group(security='Class A Common Stock', direct='D', shares=17698.0, last_txn={('D', ''): 17698.0}, holdings=0.0, hold_by_vehicle={}, filed='2018-07-05', moved_here=True, opening={('D', ''): 17611.0}, rows=1, as_of='2018-07-05', accession='0001467373-18-000244', table='I')",17698,17698,672636779,0.0026,87,14268.43,,,A,1,acn:CommonClassXMember|us-gaap:CommonClassAMember,,TRUE
1467373,ACN,Julie Sweet,1487630,2018-07-19,4,"Group(security='Class A Common Stock', direct='D', shares=16864.0, last_txn={('D', ''): 16864.0}, holdings=0.0, hold_by_vehicle={}, filed='2018-07-19', moved_here=True, opening={('D', ''): 17698.0}, rows=1, as_of='2018-07-19', accession='0001467373-18-000248', table='I')",16864,16864,672636779,0.0025,-834,138769.26,,,F,1,acn:CommonClassXMember|us-gaap:CommonClassAMember,,TRUE
1467373,ACN,Julie Sweet,1487630,2018-07-23,4,"Group(security='Class A Common Stock', direct='D', shares=15201.0, last_txn={('D', ''): 15201.0}, holdings=0.0, hold_by_vehicle={}, filed='2018-07-23', moved_here=True, opening={('D', ''): 16864.0}, rows=1, as_of='2018-07-23', accession='0001467373-18-000255', table='I')",15201,15201,672636779,0.0023,-1663,276049.35,,,S,1,acn:CommonClassXMember|us-gaap:CommonClassAMember,,TRUE
1467373,ACN,Julie Sweet,1487630,2018-08-05,4,"Group(security='Class A Common Stock', direct='D', shares=15289.0, last_txn={('D', ''): 15289.0}, holdings=0.0, hold_by_vehicle={}, filed='2018-08-05', moved_here=True, opening={('D', ''): 15201.0}, rows=1, as_of='2018-08-05', accession='0001467373-18-000273', table='I')",15289,15289,672636779,0.0023,88,14075.6,,,A,1,acn:CommonClassXMember|us-gaap:CommonClassAMember,,TRUE
1467373,ACN,Julie Sweet,1487630,2018-09-05,4,"Group(security='Class A Common Stock', direct='D', shares=15374.0, last_txn={('D', ''): 15374.0}, holdings=0.0, hold_by_vehicle={}, filed='2018-09-05', moved_here=True, opening={('D', ''): 15289.0}, rows=1, as_of='2018-09-05', accession='0001467373-18-000285', table='I')",15374,15374,672636779,0.0023,85,14313.58,,,A,1,acn:CommonClassXMember|us-gaap:CommonClassAMember,,TRUE
1467373,ACN,Julie Sweet,1487630,2018-10-05,4,"Group(security='Class A Common Stock', direct='D', shares=15457.0, last_txn={('D', ''): 15457.0}, holdings=0.0, hold_by_vehicle={}, filed='2018-10-05', moved_here=True, opening={('D', ''): 15374.0}, rows=1, as_of='2018-10-05', accession='0001467373-18-000308', table='I')",15457,15457,672636779,0.0023,83,14203.79,,,A,1,acn:CommonClassXMember|us-gaap:CommonClassAMember,,TRUE
1467373,ACN,Julie Sweet,1487630,2018-10-23,4,"Group(security='Class A Common Stock', direct='D', shares=25037.0, last_txn={('D', ''): 25037.0}, holdings=0.0, hold_by_vehicle={}, filed='2018-10-23', moved_here=True, opening={('D', ''): 15457.0}, rows=2, as_of='2018-10-23', accession='0001467373-18-000343', table='I')",25037,25037,672636779,0.0037,9580,1366329.41,1,,AF,1,acn:CommonClassXMember|us-gaap:CommonClassAMember,,TRUE
1467373,ACN,Julie Sweet,1487630,2018-10-25,4,"Group(security='Class A Common Stock', direct='D', shares=15457.0, last_txn={('D', ''): 15457.0}, holdings=0.0, hold_by_vehicle={}, filed='2018-10-25', moved_here=True, opening={('D', ''): 25037.0}, rows=4, as_of='2018-10-25', accession='0001467373-18-000348', table='I')",15457,15457,672636779,0.0023,-9580,1500415.12,,,S,1,acn:CommonClassXMember|us-gaap:CommonClassAMember,,TRUE
1467373,ACN,Julie Sweet,1487630,2018-11-05,4,"Group(security='Class A Common Stock', direct='D', shares=15547.0, last_txn={('D', ''): 15547.0}, holdings=0.0, hold_by_vehicle={}, filed='2018-11-05', moved_here=True, opening={('D', ''): 15457.0}, rows=1, as_of='2018-11-05', accession='0001467373-18-000356', table='I')",15547,15547,672636779,0.0023,90,14206.05,,,A,1,acn:CommonClassXMember|us-gaap:CommonClassAMember,,TRUE
1467373,ACN,Julie Sweet,1487630,2018-11-15,4,"Group(security='Class A Common Stock', direct='D', shares=15740.0, last_txn={('D', ''): 15740.0}, holdings=0.0, hold_by_vehicle={}, filed='2018-11-15', moved_here=True, opening={('D', ''): 15547.0}, rows=2, as_of='2018-11-15', accession='0001467373-18-000405', table='I')",15740,15740,672636779,0.0023,193,13056.19,1,,AF,1,acn:CommonClassXMember|us-gaap:CommonClassAMember,,TRUE
1467373,ACN,Julie Sweet,1487630,2018-12-05,4,"Group(security='Class A Common Stock', direct='D', shares=17185.0, last_txn={('D', ''): 17185.0}, holdings=0.0, hold_by_vehicle={}, filed='2018-12-05', moved_here=True, opening={('D', ''): 15740.0}, rows=1, as_of='2018-12-05', accession='0001467373-18-000414', table='I')",17185,17185,672636779,0.0026,1445,240202.35,,,A,1,acn:CommonClassXMember|us-gaap:CommonClassAMember,,TRUE
1467373,ACN,Julie Sweet,1487630,2019-01-01,4,"Group(security='Class A Common Stock', direct='D', shares=21193.0, last_txn={('D', ''): 21193.0}, holdings=0.0, hold_by_vehicle={}, filed='2019-01-01', moved_here=True, opening={('D', ''): 17185.0}, rows=2, as_of='2019-01-01', accession='0001467373-19-000012', table='I')",21193,21193,672636779,0.0032,4008,187494.24,1,,AF,1,acn:CommonClassXMember|us-gaap:CommonClassAMember,,TRUE
1467373,ACN,Julie Sweet,1487630,2019-01-05,4,"Group(security='Class A Common Stock', direct='D', shares=22124.0, last_txn={('D', ''): 22124.0}, holdings=0.0, hold_by_vehicle={}, filed='2019-01-05', moved_here=True, opening={('D', ''): 21193.0}, rows=3, as_of='2019-01-05', accession='0001467373-19-000020', table='I')",22124,22124,672636779,0.0033,931,68455.22,1,,AF,1,acn:CommonClassXMember|us-gaap:CommonClassAMember,,TRUE
1467373,ACN,Julie Sweet,1487630,2019-02-01,4,"Group(security='Class A Common Stock', direct='D', shares=18823.0, last_txn={('D', ''): 18823.0}, holdings=0.0, hold_by_vehicle={}, filed='2019-02-01', moved_here=True, opening={('D', ''): 22124.0}, rows=3, as_of='2019-02-01', accession='0001467373-19-000079', table='I')",18823,18823,672636779,0.0028,-3301,509579.69,,,S,1,acn:CommonClassXMember|us-gaap:CommonClassAMember,,TRUE
1467373,ACN,Julie Sweet,1487630,2019-02-05,4,"Group(security='Class A Common Stock', direct='D', shares=18913.0, last_txn={('D', ''): 18913.0}, holdings=0.0, hold_by_vehicle={}, filed='2019-02-05', moved_here=True, opening={('D', ''): 18823.0}, rows=1, as_of='2019-02-05', accession='0001467373-19-000090', table='I')",18913,18913,672636779,0.0028,90,14128.2,,,A,1,acn:CommonClassXMember|us-gaap:CommonClassAMember,,TRUE
1467373,ACN,Julie Sweet,1487630,2019-03-05,4,"Group(security='Class A Common Stock', direct='D', shares=19000.0, last_txn={('D', ''): 19000.0}, holdings=0.0, hold_by_vehicle={}, filed='2019-03-05', moved_here=True, opening={('D', ''): 18913.0}, rows=1, as_of='2019-03-05', accession='0001467373-19-000122', table='I')",19000,19000,672636779,0.0028,87,14199.7,,,A,1,acn:CommonClassXMember|us-gaap:CommonClassAMember,,TRUE
1467373,ACN,Julie Sweet,1487630,2019-04-05,4,"Group(security='Class A Common Stock', direct='D', shares=19080.0, last_txn={('D', ''): 19080.0}, holdings=0.0, hold_by_vehicle={}, filed='2019-04-05', moved_here=True, opening={('D', ''): 19000.0}, rows=1, as_of='2019-04-05', accession='0001467373-19-000142', table='I')",19080,19080,672636779,0.0028,80,14218.4,,,A,1,acn:CommonClassXMember|us-gaap:CommonClassAMember,,TRUE
1467373,ACN,Julie Sweet,1487630,2019-04-22,4,"Group(security='Class A Common Stock', direct='D', shares=16512.0, last_txn={('D', ''): 16512.0}, holdings=0.0, hold_by_vehicle={}, filed='2019-04-22', moved_here=True, opening={('D', ''): 19080.0}, rows=1, as_of='2019-04-22', accession='0001467373-19-000164', table='I')",16512,16512,672636779,0.0025,-2568,456497.18,,,S,1,acn:CommonClassXMember|us-gaap:CommonClassAMember,,TRUE
1467373,ACN,Julie Sweet,1487630,2019-05-05,4,"Group(security='Class A Common Stock', direct='D', shares=16592.0, last_txn={('D', ''): 16592.0}, holdings=0.0, hold_by_vehicle={}, filed='2019-05-05', moved_here=True, opening={('D', ''): 16512.0}, rows=1, as_of='2019-05-05', accession='0001467373-19-000175', table='I')",16592,16592,672636779,0.0025,80,14179.07,,,A,1,acn:CommonClassXMember|us-gaap:CommonClassAMember,,TRUE
1467373,ACN,Julie Sweet,1487630,2019-05-15,4,"Group(security='Class A Common Stock', direct='D', shares=16706.0, last_txn={('D', ''): 16706.0}, holdings=0.0, hold_by_vehicle={}, filed='2019-05-15', moved_here=True, opening={('D', ''): 16592.0}, rows=1, as_of='2019-05-15', accession='0001467373-19-000195', table='I')",16706,16706,672636779,0.0025,114,,1,,A,1,acn:CommonClassXMember|us-gaap:CommonClassAMember,,TRUE
1467373,ACN,Julie Sweet,1487630,2019-06-05,4,"Group(security='Class A Common Stock', direct='D', shares=16785.0, last_txn={('D', ''): 16785.0}, holdings=0.0, hold_by_vehicle={}, filed='2019-06-05', moved_here=True, opening={('D', ''): 16706.0}, rows=1, as_of='2019-06-05', accession='0001467373-19-000209', table='I')",16785,16785,672636779,0.0025,79,14170.23,,,A,1,acn:CommonClassXMember|us-gaap:CommonClassAMember,,TRUE
1467373,ACN,Julie Sweet,1487630,2019-07-05,4,"Group(security='Class A Common Stock', direct='D', shares=16860.0, last_txn={('D', ''): 16860.0}, holdings=0.0, hold_by_vehicle={}, filed='2019-07-05', moved_here=True, opening={('D', ''): 16785.0}, rows=1, as_of='2019-07-05', accession='0001467373-19-000229', table='I')",16860,16860,672636779,0.0025,75,14249.62,,,A,1,acn:CommonClassXMember|us-gaap:CommonClassAMember,,TRUE
1467373,ACN,Julie Sweet,1487630,2019-08-05,4,"Group(security='Class A Common Stock', direct='D', shares=16936.0, last_txn={('D', ''): 16936.0}, holdings=0.0, hold_by_vehicle={}, filed='2019-08-05', moved_here=True, opening={('D', ''): 16860.0}, rows=1, as_of='2019-08-05', accession='0001467373-19-000254', table='I')",16936,16936,672636779,0.0025,76,14258.74,,,A,1,acn:CommonClassXMember|us-gaap:CommonClassAMember,,TRUE
1467373,ACN,Julie Sweet,1487630,2019-09-05,4,"Group(security='Class A Common Stock', direct='D', shares=17007.0, last_txn={('D', ''): 17007.0}, holdings=0.0, hold_by_vehicle={}, filed='2019-09-05', moved_here=True, opening={('D', ''): 16936.0}, rows=1, as_of='2019-09-05', accession='0001467373-19-000269', table='I')",17007,17007,655705490,0.0026,71,14137.88,,,A,1,acn:CommonClassXMember|us-gaap:CommonClassAMember,,TRUE
1467373,ACN,Julie Sweet,1487630,2019-10-05,4,"Group(security='Class A Common Stock', direct='D', shares=17090.0, last_txn={('D', ''): 17090.0}, holdings=0.0, hold_by_vehicle={}, filed='2019-10-05', moved_here=True, opening={('D', ''): 17007.0}, rows=1, as_of='2019-10-05', accession='0001467373-19-000295', table='I')",17090,17090,655705490,0.0026,83,15600.68,,,A,1,acn:CommonClassXMember|us-gaap:CommonClassAMember,,TRUE
1467373,ACN,Julie Sweet,1487630,2019-10-22,4,"Group(security='Class A Common Stock', direct='D', shares=30051.0, last_txn={('D', ''): 30051.0}, holdings=0.0, hold_by_vehicle={}, filed='2019-10-22', moved_here=True, opening={('D', ''): 17090.0}, rows=2, as_of='2019-10-22', accession='0001467373-19-000326', table='I')",30051,30051,655705490,0.0046,12961,2158056.48,1,,AF,1,acn:CommonClassXMember|us-gaap:CommonClassAMember,,TRUE
1467373,ACN,Julie Sweet,1487630,2019-10-24,4,"Group(security='Class A Common Stock', direct='D', shares=17090.0, last_txn={('D', ''): 17090.0}, holdings=0.0, hold_by_vehicle={}, filed='2019-10-24', moved_here=True, opening={('D', ''): 30051.0}, rows=3, as_of='2019-10-24', accession='0001467373-19-000335', table='I')",17090,17090,655705490,0.0026,-12961,2406685.89,,,S,1,acn:CommonClassXMember|us-gaap:CommonClassAMember,,TRUE
1467373,ACN,Julie Sweet,1487630,2019-11-05,4,"Group(security='Class A Common Stock', direct='D', shares=17174.0, last_txn={('D', ''): 17174.0}, holdings=0.0, hold_by_vehicle={}, filed='2019-11-05', moved_here=True, opening={('D', ''): 17090.0}, rows=1, as_of='2019-11-05', accession='0001467373-19-000351', table='I')",17174,17174,655705490,0.0026,84,15686.16,,,A,1,acn:CommonClassXMember|us-gaap:CommonClassAMember,,TRUE
1467373,ACN,Julie Sweet,1487630,2019-11-15,4,"Group(security='Class A Common Stock', direct='D', shares=17283.0, last_txn={('D', ''): 17283.0}, holdings=0.0, hold_by_vehicle={}, filed='2019-11-15', moved_here=True, opening={('D', ''): 17174.0}, rows=2, as_of='2019-11-15', accession='0001467373-19-000373', table='I')",17283,17283,655705490,0.0026,109,9637.57,1,,AF,1,acn:CommonClassXMember|us-gaap:CommonClassAMember,,TRUE
1467373,ACN,Julie Sweet,1487630,2019-12-05,4,"Group(security='Class A Common Stock', direct='D', shares=18565.0, last_txn={('D', ''): 18565.0}, holdings=0.0, hold_by_vehicle={}, filed='2019-12-05', moved_here=True, opening={('D', ''): 17283.0}, rows=1, as_of='2019-12-05', accession='0001467373-19-000388', table='I')",18565,18565,657539739,0.0028,1282,255701.31,,,A,1,acn:CommonClassXMember|us-gaap:CommonClassAMember,,TRUE
1467373,ACN,Julie Sweet,1487630,2020-01-01,4,"Group(security='Class A Common Stock', direct='D', shares=18364.0, last_txn={('D', ''): 18364.0}, holdings=0.0, hold_by_vehicle={}, filed='2020-01-01', moved_here=True, opening={('D', ''): 18565.0}, rows=2, as_of='2020-01-01', accession='0001467373-20-000012', table='I')",18364,18364,657539739,0.0028,-201,792212.96,1,,AF,1,acn:CommonClassXMember|us-gaap:CommonClassAMember,,TRUE
1467373,ACN,Julie Sweet,1487630,2020-01-05,4,"Group(security='Class A Common Stock', direct='D', shares=18899.0, last_txn={('D', ''): 18899.0}, holdings=0.0, hold_by_vehicle={}, filed='2020-01-05', moved_here=True, opening={('D', ''): 18364.0}, rows=3, as_of='2020-01-05', accession='0001467373-20-000022', table='I')",18899,18899,657539739,0.0029,535,145333.5,1,,AF,1,acn:CommonClassXMember|us-gaap:CommonClassAMember,,TRUE
1467373,ACN,Julie Sweet,1487630,2020-02-01,4,"Group(security='Class A Common Stock', direct='D', shares=18324.0, last_txn={('D', ''): 18324.0}, holdings=0.0, hold_by_vehicle={}, filed='2020-02-01', moved_here=True, opening={('D', ''): 18899.0}, rows=1, as_of='2020-02-01', accession='0001467373-20-000081', table='I')",18324,18324,657539739,0.0028,-575,118917.93,,,F,1,acn:CommonClassXMember|us-gaap:CommonClassAMember,,TRUE
1467373,ACN,Julie Sweet,1487630,2020-02-03,4,"Group(security='Class A Common Stock', direct='D', shares=12179.0, last_txn={('D', ''): 12179.0}, holdings=0.0, hold_by_vehicle={}, filed='2020-02-03', moved_here=True, opening={('D', ''): 18324.0}, rows=4, as_of='2020-02-03', accession='0001467373-20-000086', table='I')",12179,12179,657539739,0.0019,-6145,1275997.16,,,S,1,acn:CommonClassXMember|us-gaap:CommonClassAMember,,TRUE
1467373,ACN,Julie Sweet,1487630,2020-02-05,4,"Group(security='Class A Common Stock', direct='D', shares=12326.0, last_txn={('D', ''): 12326.0}, holdings=0.0, hold_by_vehicle={}, filed='2020-02-05', moved_here=True, opening={('D', ''): 12179.0}, rows=1, as_of='2020-02-05', accession='0001467373-20-000095', table='I')",12326,12326,657539739,0.0019,147,31227.94,,,A,1,acn:CommonClassXMember|us-gaap:CommonClassAMember,,TRUE
1467373,ACN,Julie Sweet,1487630,2020-02-14,4,"Group(security='Class A Common Stock', direct='D', shares=12354.0, last_txn={('D', ''): 12354.0}, holdings=0.0, hold_by_vehicle={}, filed='2020-02-14', moved_here=True, opening={('D', ''): 12326.0}, rows=2, as_of='2020-02-14', accession='0001467373-20-000139', table='I')",12354,12354,657539739,0.0019,28,637.33,1,,AF,1,acn:CommonClassXMember|us-gaap:CommonClassAMember,,TRUE
1467373,ACN,Julie Sweet,1487630,2020-03-05,4,"Group(security='Class A Common Stock', direct='D', shares=12523.0, last_txn={('D', ''): 12523.0}, holdings=0.0, hold_by_vehicle={}, filed='2020-03-05', moved_here=True, opening={('D', ''): 12354.0}, rows=1, as_of='2020-03-05', accession='0001467373-20-000149', table='I')",12523,12523,662396470,0.0019,169,31128.11,,,A,1,acn:CommonClassXMember|us-gaap:CommonClassAMember,,TRUE
1467373,ACN,Julie Sweet,1487630,2020-04-05,4,"Group(security='Class A Common Stock', direct='D', shares=12727.0, last_txn={('D', ''): 12727.0}, holdings=0.0, hold_by_vehicle={}, filed='2020-04-05', moved_here=True, opening={('D', ''): 12523.0}, rows=1, as_of='2020-04-05', accession='0001467373-20-000171', table='I')",12727,12727,662396470,0.0019,204,31314.0,,,A,1,acn:CommonClassXMember|us-gaap:CommonClassAMember,,TRUE
1467373,ACN,Julie Sweet,1487630,2020-05-05,4,"Group(security='Class A Common Stock', direct='D', shares=12898.0, last_txn={('D', ''): 12898.0}, holdings=0.0, hold_by_vehicle={}, filed='2020-05-05', moved_here=True, opening={('D', ''): 12727.0}, rows=1, as_of='2020-05-05', accession='0001467373-20-000195', table='I')",12898,12898,662396470,0.0019,171,31198.09,,,A,1,acn:CommonClassXMember|us-gaap:CommonClassAMember,,TRUE
1467373,ACN,Julie Sweet,1487630,2020-05-15,4,"Group(security='Class A Common Stock', direct='D', shares=12929.0, last_txn={('D', ''): 12929.0}, holdings=0.0, hold_by_vehicle={}, filed='2020-05-15', moved_here=True, opening={('D', ''): 12898.0}, rows=1, as_of='2020-05-15', accession='0001467373-20-000227', table='I')",12929,12929,662396470,0.002,31,5607.74,,,A,1,acn:CommonClassXMember|us-gaap:CommonClassAMember,,TRUE
1467373,ACN,Julie Sweet,1487630,2020-06-05,4,"Group(security='Class A Common Stock', direct='D', shares=13080.0, last_txn={('D', ''): 13080.0}, holdings=0.0, hold_by_vehicle={}, filed='2020-06-05', moved_here=True, opening={('D', ''): 12929.0}, rows=1, as_of='2020-06-05', accession='0001467373-20-000243', table='I')",13080,13080,664289845,0.002,151,31295.51,,,A,1,acn:CommonClassXMember|us-gaap:CommonClassAMember,,TRUE
1467373,ACN,Julie Sweet,1487630,2020-07-05,4,"Group(security='Class A Common Stock', direct='D', shares=13224.0, last_txn={('D', ''): 13224.0}, holdings=0.0, hold_by_vehicle={}, filed='2020-07-05', moved_here=True, opening={('D', ''): 13080.0}, rows=1, as_of='2020-07-05', accession='0001467373-20-000263', table='I')",13224,13224,664289845,0.002,144,31201.2,,,A,1,acn:CommonClassXMember|us-gaap:CommonClassAMember,,TRUE
1467373,ACN,Julie Sweet,1487630,2020-07-20,4,"Group(security='Class A Common Stock', direct='D', shares=10171.0, last_txn={('D', ''): 10171.0}, holdings=0.0, hold_by_vehicle={}, filed='2020-07-20', moved_here=True, opening={('D', ''): 13224.0}, rows=3, as_of='2020-07-20', accession='0001467373-20-000274', table='I')",10171,10171,664289845,0.0015,-3053,679411.35,,,S,1,acn:CommonClassXMember|us-gaap:CommonClassAMember,,TRUE
1467373,ACN,Julie Sweet,1487630,2020-08-05,4,"Group(security='Class A Common Stock', direct='D', shares=10308.0, last_txn={('D', ''): 10308.0}, holdings=0.0, hold_by_vehicle={}, filed='2020-08-05', moved_here=True, opening={('D', ''): 10171.0}, rows=1, as_of='2020-08-05', accession='0001467373-20-000284', table='I')",10308,10308,664289845,0.0016,137,31294.91,,,A,1,acn:CommonClassXMember|us-gaap:CommonClassAMember,,TRUE
1467373,ACN,Julie Sweet,1487630,2020-08-14,4,"Group(security='Class A Common Stock', direct='D', shares=10333.0, last_txn={('D', ''): 10333.0}, holdings=0.0, hold_by_vehicle={}, filed='2020-08-14', moved_here=True, opening={('D', ''): 10308.0}, rows=1, as_of='2020-08-14', accession='0001467373-20-000321', table='I')",10333,10333,664289845,0.0016,25,,1,,A,1,acn:CommonClassXMember|us-gaap:CommonClassAMember,,TRUE
1467373,ACN,Julie Sweet,1487630,2020-09-05,4,"Group(security='Class A Common Stock', direct='D', shares=10465.0, last_txn={('D', ''): 10465.0}, holdings=0.0, hold_by_vehicle={}, filed='2020-09-05', moved_here=True, opening={('D', ''): 10333.0}, rows=1, as_of='2020-09-05', accession='0001467373-20-000332', table='I')",10465,10465,659410538,0.0016,132,31203.15,,,A,1,acn:CommonClassXMember|us-gaap:CommonClassAMember,,TRUE
1467373,ACN,Julie Sweet,1487630,2020-10-05,4,"Group(security='Class A Common Stock', direct='D', shares=10605.0, last_txn={('D', ''): 10605.0}, holdings=0.0, hold_by_vehicle={}, filed='2020-10-05', moved_here=True, opening={('D', ''): 10465.0}, rows=1, as_of='2020-10-05', accession='0001467373-20-000347', table='I')",10605,10605,659410538,0.0016,140,31288.6,,,A,1,acn:CommonClassXMember|us-gaap:CommonClassAMember,,TRUE
1467373,ACN,Julie Sweet,1487630,2020-10-14,4,"Group(security='Class A Common Stock', direct='D', shares=19833.0, last_txn={('D', ''): 19833.0}, holdings=0.0, hold_by_vehicle={}, filed='2020-10-14', moved_here=True, opening={('D', ''): 10605.0}, rows=2, as_of='2020-10-14', accession='0001467373-20-000356', table='I')",19833,19833,659410538,0.003,9228,1985158.97,1,,AF,1,acn:CommonClassXMember|us-gaap:CommonClassAMember,,TRUE
1467373,ACN,Julie Sweet,1487630,2020-10-16,4,"Group(security='Class A Common Stock', direct='D', shares=10605.0, last_txn={('D', ''): 10605.0}, holdings=0.0, hold_by_vehicle={}, filed='2020-10-16', moved_here=True, opening={('D', ''): 19833.0}, rows=3, as_of='2020-10-16', accession='0001467373-20-000373', table='I')",10605,10605,659410538,0.0016,-9228,2127703.63,,,S,1,acn:CommonClassXMember|us-gaap:CommonClassAMember,,TRUE
1467373,ACN,Julie Sweet,1487630,2020-11-05,4,"Group(security='Class A Common Stock', direct='D', shares=10738.0, last_txn={('D', ''): 10738.0}, holdings=0.0, hold_by_vehicle={}, filed='2020-11-05', moved_here=True, opening={('D', ''): 10605.0}, rows=1, as_of='2020-11-05', accession='0001467373-20-000386', table='I')",10738,10738,659410538,0.0016,133,31157.58,,,A,1,acn:CommonClassXMember|us-gaap:CommonClassAMember,,TRUE
1467373,ACN,Julie Sweet,1487630,2020-11-13,4,"Group(security='Class A Common Stock', direct='D', shares=10798.0, last_txn={('D', ''): 10798.0}, holdings=0.0, hold_by_vehicle={}, filed='2020-11-13', moved_here=True, opening={('D', ''): 10738.0}, rows=2, as_of='2020-11-13', accession='0001467373-20-000404', table='I')",10798,10798,659410538,0.0016,60,7688.16,1,,AF,1,acn:CommonClassXMember|us-gaap:CommonClassAMember,,TRUE
1467373,ACN,Julie Sweet,1487630,2020-12-05,4,"Group(security='Class A Common Stock', direct='D', shares=15689.0, last_txn={('D', ''): 15689.0}, holdings=0.0, hold_by_vehicle={}, filed='2020-12-05', moved_here=True, opening={('D', ''): 10798.0}, rows=1, as_of='2020-12-05', accession='0001467373-20-000423', table='I')",15689,15689,661662009,0.0024,4891,1231333.71,,,A,1,acn:CommonClassXMember|us-gaap:CommonClassAMember,,TRUE
1467373,ACN,Julie Sweet,1487630,2021-01-01,4,"Group(security='Class A Common Stock', direct='D', shares=24520.0, last_txn={('D', ''): 24520.0}, holdings=0.0, hold_by_vehicle={}, filed='2021-01-01', moved_here=True, opening={('D', ''): 15689.0}, rows=2, as_of='2021-01-01', accession='0001467373-21-000009', table='I')",24520,24520,661662009,0.0037,8831,271589.18,1,,AF,1,acn:CommonClassXMember|us-gaap:CommonClassAMember,,TRUE
1467373,ACN,Julie Sweet,1487630,2021-01-05,4,"Group(security='Class A Common Stock', direct='D', shares=27448.0, last_txn={('D', ''): 27448.0}, holdings=0.0, hold_by_vehicle={}, filed='2021-01-05', moved_here=True, opening={('D', ''): 24520.0}, rows=3, as_of='2021-01-05', accession='0001467373-21-000016', table='I')",27448,27448,661662009,0.0041,2928,159528.69,1,,AF,1,acn:CommonClassXMember|us-gaap:CommonClassAMember,,TRUE
1467373,ACN,Julie Sweet,1487630,2021-01-19,4,"Group(security='Class A Common Stock', direct='D', shares=24648.0, last_txn={('D', ''): 24648.0}, holdings=0.0, hold_by_vehicle={}, filed='2021-01-19', moved_here=True, opening={('D', ''): 27448.0}, rows=3, as_of='2021-01-19', accession='0001467373-21-000023', table='I')",24648,24648,661662009,0.0037,-2800,716459.41,,,S,1,acn:CommonClassXMember|us-gaap:CommonClassAMember,,TRUE
1467373,ACN,Julie Sweet,1487630,2021-02-01,4,"Group(security='Class A Common Stock', direct='D', shares=23057.0, last_txn={('D', ''): 23057.0}, holdings=0.0, hold_by_vehicle={}, filed='2021-02-01', moved_here=True, opening={('D', ''): 24648.0}, rows=1, as_of='2021-02-01', accession='0001467373-21-000043', table='I')",23057,23057,661662009,0.0035,-1591,392078.09,,,F,1,acn:CommonClassXMember|us-gaap:CommonClassAMember,,TRUE
1467373,ACN,Julie Sweet,1487630,2021-02-05,4,"Group(security='Class A Common Stock', direct='D', shares=23194.0, last_txn={('D', ''): 23194.0}, holdings=0.0, hold_by_vehicle={}, filed='2021-02-05', moved_here=True, opening={('D', ''): 23057.0}, rows=1, as_of='2021-02-05', accession='0001467373-21-000070', table='I')",23194,23194,661662009,0.0035,137,34791.83,,,A,1,acn:CommonClassXMember|us-gaap:CommonClassAMember,,TRUE
1467373,ACN,Julie Sweet,1487630,2021-02-11,4,"Group(security='Class A Common Stock', direct='D', shares=21542.0, last_txn={('D', ''): 21542.0}, holdings=0.0, hold_by_vehicle={}, filed='2021-02-11', moved_here=True, opening={('D', ''): 23194.0}, rows=4, as_of='2021-02-11', accession='0001467373-21-000090', table='I')",21542,21542,661662009,0.0033,-1652,442845.48,1,,AFS,1,acn:CommonClassXMember|us-gaap:CommonClassAMember,,TRUE
1467373,ACN,Julie Sweet,1487630,2021-03-05,4,"Group(security='Class A Common Stock', direct='D', shares=21684.0, last_txn={('D', ''): 21684.0}, holdings=0.0, hold_by_vehicle={}, filed='2021-03-05', moved_here=True, opening={('D', ''): 21542.0}, rows=1, as_of='2021-03-05', accession='0001467373-21-000098', table='I')",21684,21684,665635732,0.0033,142,35153.52,,,A,1,acn:CommonClassXMember|us-gaap:CommonClassAMember,,TRUE
1467373,ACN,Julie Sweet,1487630,2021-04-05,4,"Group(security='Class A Common Stock', direct='D', shares=21808.0, last_txn={('D', ''): 21808.0}, holdings=0.0, hold_by_vehicle={}, filed='2021-04-05', moved_here=True, opening={('D', ''): 21684.0}, rows=1, as_of='2021-04-05', accession='0001467373-21-000113', table='I')",21808,21808,665635732,0.0033,124,34812.38,,,A,1,acn:CommonClassXMember|us-gaap:CommonClassAMember,,TRUE
1467373,ACN,Julie Sweet,1487630,2021-04-20,4,"Group(security='Class A Common Stock', direct='D', shares=19641.0, last_txn={('D', ''): 19641.0}, holdings=0.0, hold_by_vehicle={}, filed='2021-04-20', moved_here=True, opening={('D', ''): 21808.0}, rows=3, as_of='2021-04-20', accession='0001467373-21-000121', table='I')",19641,19641,665635732,0.003,-2167,623587.26,,,S,1,acn:CommonClassXMember|us-gaap:CommonClassAMember,,TRUE
1467373,ACN,Julie Sweet,1487630,2021-05-05,4,"Group(security='Class A Common Stock', direct='D', shares=19762.0, last_txn={('D', ''): 19762.0}, holdings=0.0, hold_by_vehicle={}, filed='2021-05-05', moved_here=True, opening={('D', ''): 19641.0}, rows=1, as_of='2021-05-05', accession='0001467373-21-000128', table='I')",19762,19762,665635732,0.003,121,35207.98,,,A,1,acn:CommonClassXMember|us-gaap:CommonClassAMember,,TRUE
1467373,ACN,Julie Sweet,1487630,2021-05-14,4,"Group(security='Class A Common Stock', direct='D', shares=19801.0, last_txn={('D', ''): 19801.0}, holdings=0.0, hold_by_vehicle={}, filed='2021-05-14', moved_here=True, opening={('D', ''): 19762.0}, rows=1, as_of='2021-05-14', accession='0001467373-21-000143', table='I')",19801,19801,665635732,0.003,39,,1,,A,1,acn:CommonClassXMember|us-gaap:CommonClassAMember,,TRUE
1467373,ACN,Julie Sweet,1487630,2021-06-05,4,"Group(security='Class A Common Stock', direct='D', shares=19925.0, last_txn={('D', ''): 19925.0}, holdings=0.0, hold_by_vehicle={}, filed='2021-06-05', moved_here=True, opening={('D', ''): 19801.0}, rows=1, as_of='2021-06-05', accession='0001467373-21-000155', table='I')",19925,19925,666947366,0.003,124,35006.63,,,A,1,acn:CommonClassXMember|us-gaap:CommonClassAMember,,TRUE
1467373,ACN,Julie Sweet,1487630,2021-07-05,4,"Group(security='Class A Common Stock', direct='D', shares=20040.0, last_txn={('D', ''): 20040.0}, holdings=0.0, hold_by_vehicle={}, filed='2021-07-05', moved_here=True, opening={('D', ''): 19925.0}, rows=1, as_of='2021-07-05', accession='0001467373-21-000174', table='I')",20040,20040,666947366,0.003,115,34797.27,,,A,1,acn:CommonClassXMember|us-gaap:CommonClassAMember,,TRUE
1467373,ACN,Julie Sweet,1487630,2021-08-05,4,"Group(security='Class A Common Stock', direct='D', shares=20150.0, last_txn={('D', ''): 20150.0}, holdings=0.0, hold_by_vehicle={}, filed='2021-08-05', moved_here=True, opening={('D', ''): 20040.0}, rows=1, as_of='2021-08-05', accession='0001467373-21-000185', table='I')",20150,20150,666947366,0.003,110,35068.0,,,A,1,acn:CommonClassXMember|us-gaap:CommonClassAMember,,TRUE
1467373,ACN,Julie Sweet,1487630,2021-08-13,4,"Group(security='Class A Common Stock', direct='D', shares=20186.0, last_txn={('D', ''): 20186.0}, holdings=0.0, hold_by_vehicle={}, filed='2021-08-13', moved_here=True, opening={('D', ''): 20150.0}, rows=1, as_of='2021-08-13', accession='0001467373-21-000201', table='I')",20186,20186,666947366,0.003,36,,1,,A,1,acn:CommonClassXMember|us-gaap:CommonClassAMember,,TRUE
1467373,ACN,Julie Sweet,1487630,2021-09-05,4,"Group(security='Class A Common Stock', direct='D', shares=20288.0, last_txn={('D', ''): 20288.0}, holdings=0.0, hold_by_vehicle={}, filed='2021-09-05', moved_here=True, opening={('D', ''): 20186.0}, rows=1, as_of='2021-09-05', accession='0001467373-21-000215', table='I')",20288,20288,657252141,0.0031,102,34893.69,,,A,1,acn:CommonClassXMember|us-gaap:CommonClassAMember,,TRUE
1467373,ACN,Julie Sweet,1487630,2021-10-05,4,"Group(security='Class A Common Stock', direct='D', shares=20396.0, last_txn={('D', ''): 20396.0}, holdings=0.0, hold_by_vehicle={}, filed='2021-10-05', moved_here=True, opening={('D', ''): 20288.0}, rows=1, as_of='2021-10-05', accession='0001467373-21-000225', table='I')",20396,20396,657252141,0.0031,108,34999.56,,,A,1,acn:CommonClassXMember|us-gaap:CommonClassAMember,,TRUE
1467373,ACN,Julie Sweet,1487630,2021-10-21,4,"Group(security='Class A Common Stock', direct='D', shares=30998.0, last_txn={('D', ''): 30998.0}, holdings=0.0, hold_by_vehicle={}, filed='2021-10-21', moved_here=True, opening={('D', ''): 20396.0}, rows=2, as_of='2021-10-21', accession='0001467373-21-000252', table='I')",30998,30998,657252141,0.0047,10602,3431334.54,1,,AF,1,acn:CommonClassXMember|us-gaap:CommonClassAMember,,TRUE
1467373,ACN,Julie Sweet,1487630,2021-10-25,4,"Group(security='Class A Common Stock', direct='D', shares=25998.0, last_txn={('D', ''): 25998.0}, holdings=0.0, hold_by_vehicle={}, filed='2021-10-25', moved_here=True, opening={('D', ''): 30998.0}, rows=3, as_of='2021-10-25', accession='0001467373-21-000258', table='I')",25998,25998,657252141,0.004,-5000,1780559.39,,,S,1,acn:CommonClassXMember|us-gaap:CommonClassAMember,,TRUE
1467373,ACN,Julie Sweet,1487630,2021-11-01,4,"Group(security='Class A Common Stock', direct='D', shares=20396.0, last_txn={('D', ''): 20396.0}, holdings=0.0, hold_by_vehicle={}, filed='2021-11-01', moved_here=True, opening={('D', ''): 25998.0}, rows=7, as_of='2021-11-01', accession='0001467373-21-000261', table='I')",20396,20396,657252141,0.0031,-5602,1984943.22,,,S,1,acn:CommonClassXMember|us-gaap:CommonClassAMember,,TRUE
1467373,ACN,Julie Sweet,1487630,2021-11-05,4,"Group(security='Class A Common Stock', direct='D', shares=20491.0, last_txn={('D', ''): 20491.0}, holdings=0.0, hold_by_vehicle={}, filed='2021-11-05', moved_here=True, opening={('D', ''): 20396.0}, rows=1, as_of='2021-11-05', accession='0001467373-21-000266', table='I')",20491,20491,657252141,0.0031,95,35106.06,,,A,1,acn:CommonClassXMember|us-gaap:CommonClassAMember,,TRUE
1467373,ACN,Julie Sweet,1487630,2021-11-15,4,"Group(security='Class A Common Stock', direct='D', shares=20552.0, last_txn={('D', ''): 20552.0}, holdings=0.0, hold_by_vehicle={}, filed='2021-11-15', moved_here=True, opening={('D', ''): 20491.0}, rows=2, as_of='2021-11-15', accession='0001467373-21-000282', table='I')",20552,20552,657252141,0.0031,61,9992.43,1,,AF,1,acn:CommonClassXMember|us-gaap:CommonClassAMember,,TRUE
1467373,ACN,Julie Sweet,1487630,2021-12-05,4,"Group(security='Class A Common Stock', direct='D', shares=25139.0, last_txn={('D', ''): 25139.0}, holdings=0.0, hold_by_vehicle={}, filed='2021-12-05', moved_here=True, opening={('D', ''): 20552.0}, rows=1, as_of='2021-12-05', accession='0001467373-21-000290', table='I')",25139,25139,658840934,0.0038,4587,1669897.35,,,A,1,acn:CommonClassXMember|us-gaap:CommonClassAMember,,TRUE
1467373,ACN,Julie Sweet,1487630,2022-01-01,4,"Group(security='Class A Common Stock', direct='D', shares=32527.0, last_txn={('D', ''): 32527.0}, holdings=0.0, hold_by_vehicle={}, filed='2022-01-01', moved_here=True, opening={('D', ''): 25139.0}, rows=2, as_of='2022-01-01', accession='0001467373-22-000017', table='I')",32527,32527,658840934,0.0049,7388,1437174.82,1,,AF,1,acn:CommonClassXMember|us-gaap:CommonClassAMember,,TRUE
1467373,ACN,Julie Sweet,1487630,2022-01-05,4,"Group(security='Class A Common Stock', direct='D', shares=35009.0, last_txn={('D', ''): 35009.0}, holdings=0.0, hold_by_vehicle={}, filed='2022-01-05', moved_here=True, opening={('D', ''): 32527.0}, rows=3, as_of='2022-01-05', accession='0001467373-22-000023', table='I')",35009,35009,658840934,0.0053,2482,254339.73,1,,AF,1,acn:CommonClassXMember|us-gaap:CommonClassAMember,,TRUE
1467373,ACN,Julie Sweet,1487630,2022-01-14,4,"Group(security='Class A Common Stock', direct='D', shares=29982.0, last_txn={('D', ''): 29982.0}, holdings=0.0, hold_by_vehicle={}, filed='2022-01-14', moved_here=True, opening={('D', ''): 35009.0}, rows=8, as_of='2022-01-14', accession='0001467373-22-000035', table='I')",29982,29982,658840934,0.0046,-5027,1776561.89,,,S,1,acn:CommonClassXMember|us-gaap:CommonClassAMember,,TRUE
1467373,ACN,Julie Sweet,1487630,2022-02-01,4,"Group(security='Class A Common Stock', direct='D', shares=26488.0, last_txn={('D', ''): 26488.0}, holdings=0.0, hold_by_vehicle={}, filed='2022-02-01', moved_here=True, opening={('D', ''): 29982.0}, rows=1, as_of='2022-02-01', accession='0001467373-22-000069', table='I')",26488,26488,658840934,0.004,-3494,1232648.26,,,F,1,acn:CommonClassXMember|us-gaap:CommonClassAMember,,TRUE
1467373,ACN,Julie Sweet,1487630,2022-02-03,4,"Group(security='Class A Common Stock', direct='D', shares=22746.0, last_txn={('D', ''): 22746.0}, holdings=0.0, hold_by_vehicle={}, filed='2022-02-03', moved_here=True, opening={('D', ''): 26488.0}, rows=4, as_of='2022-02-03', accession='0001467373-22-000079', table='I')",22746,22746,658840934,0.0035,-3742,1304913.14,,,S,1,acn:CommonClassXMember|us-gaap:CommonClassAMember,,TRUE
1467373,ACN,Julie Sweet,1487630,2022-02-05,4,"Group(security='Class A Common Stock', direct='D', shares=22854.0, last_txn={('D', ''): 22854.0}, holdings=0.0, hold_by_vehicle={}, filed='2022-02-05', moved_here=True, opening={('D', ''): 22746.0}, rows=1, as_of='2022-02-05', accession='0001467373-22-000086', table='I')",22854,22854,658840934,0.0035,108,37335.06,,,A,1,acn:CommonClassXMember|us-gaap:CommonClassAMember,,TRUE
1467373,ACN,Julie Sweet,1487630,2022-02-15,4,"Group(security='Class A Common Stock', direct='D', shares=22894.0, last_txn={('D', ''): 22894.0}, holdings=0.0, hold_by_vehicle={}, filed='2022-02-15', moved_here=True, opening={('D', ''): 22854.0}, rows=2, as_of='2022-02-15', accession='0001467373-22-000111', table='I')",22894,22894,658840934,0.0035,40,3633.74,1,,AF,1,acn:CommonClassXMember|us-gaap:CommonClassAMember,,TRUE
1467373,ACN,Julie Sweet,1487630,2022-03-05,4,"Group(security='Class A Common Stock', direct='D', shares=23014.0, last_txn={('D', ''): 23014.0}, holdings=0.0, hold_by_vehicle={}, filed='2022-03-05', moved_here=True, opening={('D', ''): 22894.0}, rows=1, as_of='2022-03-05', accession='0001467373-22-000137', table='I')",23014,23014,662938152,0.0035,120,37578.9,,,A,1,acn:CommonClassXMember|us-gaap:CommonClassAMember,,TRUE
1467373,ACN,Julie Sweet,1487630,2022-04-05,4,"Group(security='Class A Common Stock', direct='D', shares=23123.0, last_txn={('D', ''): 23123.0}, holdings=0.0, hold_by_vehicle={}, filed='2022-04-05', moved_here=True, opening={('D', ''): 23014.0}, rows=1, as_of='2022-04-05', accession='0001467373-22-000150', table='I')",23123,23123,662938152,0.0035,109,37430.33,,,A,1,acn:CommonClassXMember|us-gaap:CommonClassAMember,,TRUE
1467373,ACN,Julie Sweet,1487630,2022-04-18,4,"Group(security='Class A Common Stock', direct='D', shares=19836.0, last_txn={('D', ''): 19836.0}, holdings=0.0, hold_by_vehicle={}, filed='2022-04-18', moved_here=True, opening={('D', ''): 23123.0}, rows=6, as_of='2022-04-18', accession='0001467373-22-000154', table='I')",19836,19836,662938152,0.003,-3287,1036140.68,,,S,1,acn:CommonClassXMember|us-gaap:CommonClassAMember,,TRUE
1467373,ACN,Julie Sweet,1487630,2022-05-05,4,"Group(security='Class A Common Stock', direct='D', shares=19960.0, last_txn={('D', ''): 19960.0}, holdings=0.0, hold_by_vehicle={}, filed='2022-05-05', moved_here=True, opening={('D', ''): 19836.0}, rows=1, as_of='2022-05-05', accession='0001467373-22-000165', table='I')",19960,19960,662938152,0.003,124,37621.91,,,A,1,acn:CommonClassXMember|us-gaap:CommonClassAMember,,TRUE
1467373,ACN,Julie Sweet,1487630,2022-05-13,4,"Group(security='Class A Common Stock', direct='D', shares=19996.0, last_txn={('D', ''): 19996.0}, holdings=0.0, hold_by_vehicle={}, filed='2022-05-13', moved_here=True, opening={('D', ''): 19960.0}, rows=1, as_of='2022-05-13', accession='0001467373-22-000181', table='I')",19996,19996,662938152,0.003,36,,1,,A,1,acn:CommonClassXMember|us-gaap:CommonClassAMember,,TRUE
1467373,ACN,Julie Sweet,1487630,2022-06-05,4,"Group(security='Class A Common Stock', direct='D', shares=20119.0, last_txn={('D', ''): 20119.0}, holdings=0.0, hold_by_vehicle={}, filed='2022-06-05', moved_here=True, opening={('D', ''): 19996.0}, rows=1, as_of='2022-06-05', accession='0001467373-22-000194', table='I')",20119,20119,664692127,0.003,123,37437.51,,,A,1,acn:CommonClassXMember|us-gaap:CommonClassAMember,,TRUE
1467373,ACN,Julie Sweet,1487630,2022-07-05,4,"Group(security='Class A Common Stock', direct='D', shares=20256.0, last_txn={('D', ''): 20256.0}, holdings=0.0, hold_by_vehicle={}, filed='2022-07-05', moved_here=True, opening={('D', ''): 20119.0}, rows=1, as_of='2022-07-05', accession='0001467373-22-000214', table='I')",20256,20256,664692127,0.003,137,37407.17,,,A,1,acn:CommonClassXMember|us-gaap:CommonClassAMember,,TRUE
1467373,ACN,Julie Sweet,1487630,2022-07-15,4,"Group(security='Class A Common Stock', direct='D', shares=16978.0, last_txn={('D', ''): 16978.0}, holdings=0.0, hold_by_vehicle={}, filed='2022-07-15', moved_here=True, opening={('D', ''): 20256.0}, rows=4, as_of='2022-07-15', accession='0001467373-22-000220', table='I')",16978,16978,664692127,0.0026,-3278,888110.03,,,S,1,acn:CommonClassXMember|us-gaap:CommonClassAMember,,TRUE
1467373,ACN,Julie Sweet,1487630,2022-08-05,4,"Group(security='Class A Common Stock', direct='D', shares=17100.0, last_txn={('D', ''): 17100.0}, holdings=0.0, hold_by_vehicle={}, filed='2022-08-05', moved_here=True, opening={('D', ''): 16978.0}, rows=1, as_of='2022-08-05', accession='0001467373-22-000231', table='I')",17100,17100,664692127,0.0026,122,37447.9,,,A,1,acn:CommonClassXMember|us-gaap:CommonClassAMember,,TRUE
1467373,ACN,Julie Sweet,1487630,2022-08-15,4,"Group(security='Class A Common Stock', direct='D', shares=17132.0, last_txn={('D', ''): 17132.0}, holdings=0.0, hold_by_vehicle={}, filed='2022-08-15', moved_here=True, opening={('D', ''): 17100.0}, rows=1, as_of='2022-08-15', accession='0001467373-22-000263', table='I')",17132,17132,664692127,0.0026,32,,1,,A,1,acn:CommonClassXMember|us-gaap:CommonClassAMember,,TRUE
1467373,ACN,Julie Sweet,1487630,2022-09-05,4,"Group(security='Class A Common Stock', direct='D', shares=17263.0, last_txn={('D', ''): 17263.0}, holdings=0.0, hold_by_vehicle={}, filed='2022-09-05', moved_here=True, opening={('D', ''): 17132.0}, rows=1, as_of='2022-09-05', accession='0001467373-22-000279', table='I')",17263,17263,665284001,0.0026,131,37726.69,,,A,1,acn:CommonClassXMember|us-gaap:CommonClassAMember,,TRUE
1467373,ACN,Julie Sweet,1487630,2022-10-05,4,"Group(security='Class A Common Stock', direct='D', shares=17400.0, last_txn={('D', ''): 17400.0}, holdings=0.0, hold_by_vehicle={}, filed='2022-10-05', moved_here=True, opening={('D', ''): 17263.0}, rows=1, as_of='2022-10-05', accession='0001467373-22-000290', table='I')",17400,17400,665284001,0.0026,137,37436.28,,,A,1,acn:CommonClassXMember|us-gaap:CommonClassAMember,,TRUE
1467373,ACN,Julie Sweet,1487630,2022-10-19,4,"Group(security='Class A Common Stock', direct='D', shares=53359.0, last_txn={('D', ''): 53359.0}, holdings=0.0, hold_by_vehicle={}, filed='2022-10-19', moved_here=True, opening={('D', ''): 17400.0}, rows=2, as_of='2022-10-19', accession='0001467373-22-000303', table='I')",53359,53359,665284001,0.008,35959,8808567.93,1,,AF,1,acn:CommonClassXMember|us-gaap:CommonClassAMember,,TRUE
1467373,ACN,Julie Sweet,1487630,2022-10-21,4,"Group(security='Class A Common Stock', direct='D', shares=44759.0, last_txn={('D', ''): 44759.0}, holdings=0.0, hold_by_vehicle={}, filed='2022-10-21', moved_here=True, opening={('D', ''): 53359.0}, rows=7, as_of='2022-10-21', accession='0001467373-22-000306', table='I')",44759,44759,665284001,0.0067,-8600,2295571.44,,,S,1,acn:CommonClassXMember|us-gaap:CommonClassAMember,,TRUE
1467373,ACN,Julie Sweet,1487630,2022-10-28,4,"Group(security='Class A Common Stock', direct='D', shares=36159.0, last_txn={('D', ''): 36159.0}, holdings=0.0, hold_by_vehicle={}, filed='2022-10-28', moved_here=True, opening={('D', ''): 44759.0}, rows=6, as_of='2022-10-28', accession='0001467373-22-000310', table='I')",36159,36159,665284001,0.0054,-8600,2447682.4,,,S,1,acn:CommonClassXMember|us-gaap:CommonClassAMember,,TRUE
1467373,ACN,Julie Sweet,1487630,2022-11-04,4,"Group(security='Class A Common Stock', direct='D', shares=27703.0, last_txn={('D', ''): 27703.0}, holdings=0.0, hold_by_vehicle={}, filed='2022-11-04', moved_here=True, opening={('D', ''): 36159.0}, rows=9, as_of='2022-11-04', accession='0001467373-22-000317', table='I')",27703,27703,665284001,0.0042,-8456,2268452.94,,,AS,1,acn:CommonClassXMember|us-gaap:CommonClassAMember,,TRUE
1467373,ACN,Julie Sweet,1487630,2022-11-15,4,"Group(security='Class A Common Stock', direct='D', shares=27879.0, last_txn={('D', ''): 27879.0}, holdings=0.0, hold_by_vehicle={}, filed='2022-11-15', moved_here=True, opening={('D', ''): 27703.0}, rows=2, as_of='2022-11-15', accession='0001467373-22-000351', table='I')",27879,27879,665284001,0.0042,176,38414.44,1,,AF,1,acn:CommonClassXMember|us-gaap:CommonClassAMember,,TRUE
1467373,ACN,Julie Sweet,1487630,2022-12-05,4,"Group(security='Class A Common Stock', direct='D', shares=34029.0, last_txn={('D', ''): 34029.0}, holdings=0.0, hold_by_vehicle={}, filed='2022-12-05', moved_here=True, opening={('D', ''): 27879.0}, rows=1, as_of='2022-12-05', accession='0001467373-22-000361', table='I')",34029,34029,658887350,0.0052,6150,1807423.5,,,A,1,acn:CommonClassXMember|us-gaap:CommonClassAMember,,TRUE
1467373,ACN,Julie Sweet,1487630,2023-01-01,4,"Group(security='Class A Common Stock', direct='D', shares=51673.0, last_txn={('D', ''): 51673.0}, holdings=0.0, hold_by_vehicle={}, filed='2023-01-01', moved_here=True, opening={('D', ''): 34029.0}, rows=2, as_of='2023-01-01', accession='0001467373-23-000018', table='I')",51673,51673,658887350,0.0078,17644,328813.29,1,,AF,1,acn:CommonClassXMember|us-gaap:CommonClassAMember,,TRUE
1467373,ACN,Julie Sweet,1487630,2023-01-05,4,"Group(security='Class A Common Stock', direct='D', shares=54454.0, last_txn={('D', ''): 54454.0}, holdings=0.0, hold_by_vehicle={}, filed='2023-01-05', moved_here=True, opening={('D', ''): 51673.0}, rows=3, as_of='2023-01-05', accession='0001467373-23-000036', table='I')",54454,54454,658887350,0.0083,2781,341288.53,1,,AF,1,acn:CommonClassXMember|us-gaap:CommonClassAMember,,TRUE
1467373,ACN,Julie Sweet,1487630,2023-01-13,4,"Group(security='Class A Common Stock', direct='D', shares=44158.0, last_txn={('D', ''): 44158.0}, holdings=0.0, hold_by_vehicle={}, filed='2023-01-13', moved_here=True, opening={('D', ''): 54454.0}, rows=3, as_of='2023-01-13', accession='0001467373-23-000050', table='I')",44158,44158,658887350,0.0067,-10296,2892489.84,,,S,1,acn:CommonClassXMember|us-gaap:CommonClassAMember,,TRUE
1467373,ACN,Julie Sweet,1487630,2023-01-20,4,"Group(security='Class A Common Stock', direct='D', shares=39510.0, last_txn={('D', ''): 39510.0}, holdings=0.0, hold_by_vehicle={}, filed='2023-01-20', moved_here=True, opening={('D', ''): 44158.0}, rows=6, as_of='2023-01-20', accession='0001467373-23-000053', table='I')",39510,39510,658887350,0.006,-4648,1284763.29,,,S,1,acn:CommonClassXMember|us-gaap:CommonClassAMember,,TRUE
1467373,ACN,Julie Sweet,1487630,2023-02-01,4,"Group(security='Class A Common Stock', direct='D', shares=33431.0, last_txn={('D', ''): 33431.0}, holdings=0.0, hold_by_vehicle={}, filed='2023-02-01', moved_here=True, opening={('D', ''): 39510.0}, rows=1, as_of='2023-02-01', accession='0001467373-23-000085', table='I')",33431,33431,658887350,0.0051,-6079,1705068.32,,,F,1,acn:CommonClassXMember|us-gaap:CommonClassAMember,,TRUE
1467373,ACN,Julie Sweet,1487630,2023-02-03,4,"Group(security='Class A Common Stock', direct='D', shares=27054.0, last_txn={('D', ''): 27054.0}, holdings=0.0, hold_by_vehicle={}, filed='2023-02-03', moved_here=True, opening={('D', ''): 33431.0}, rows=3, as_of='2023-02-03', accession='0001467373-23-000092', table='I')",27054,27054,658887350,0.0041,-6377,1915796.41,,,AS,1,acn:CommonClassXMember|us-gaap:CommonClassAMember,,TRUE
1467373,ACN,Julie Sweet,1487630,2023-02-15,4,"Group(security='Class A Common Stock', direct='D', shares=27132.0, last_txn={('D', ''): 27132.0}, holdings=0.0, hold_by_vehicle={}, filed='2023-02-15', moved_here=True, opening={('D', ''): 27054.0}, rows=2, as_of='2023-02-15', accession='0001467373-23-000108', table='I')",27132,27132,658887350,0.0041,78,6837.6,1,,AF,1,acn:CommonClassXMember|us-gaap:CommonClassAMember,,TRUE
1467373,ACN,Julie Sweet,1487630,2023-03-05,4,"Group(security='Class A Common Stock', direct='D', shares=27277.0, last_txn={('D', ''): 27277.0}, holdings=0.0, hold_by_vehicle={}, filed='2023-03-05', moved_here=True, opening={('D', ''): 27132.0}, rows=1, as_of='2023-03-05', accession='0001467373-23-000117', table='I')",27277,27277,662934315,0.0041,145,38838.61,,,A,1,acn:CommonClassXMember|us-gaap:CommonClassAMember,,TRUE
1467373,ACN,Julie Sweet,1487630,2023-04-05,4,"Group(security='Class A Common Stock', direct='D', shares=27413.0, last_txn={('D', ''): 27413.0}, holdings=0.0, hold_by_vehicle={}, filed='2023-04-05', moved_here=True, opening={('D', ''): 27277.0}, rows=1, as_of='2023-04-05', accession='0001467373-23-000135', table='I')",27413,27413,662934315,0.0041,136,38611.08,,,A,1,acn:CommonClassXMember|us-gaap:CommonClassAMember,,TRUE
1467373,ACN,Julie Sweet,1487630,2023-04-14,4,"Group(security='Class A Common Stock', direct='D', shares=24459.0, last_txn={('D', ''): 24459.0}, holdings=0.0, hold_by_vehicle={}, filed='2023-04-14', moved_here=True, opening={('D', ''): 27413.0}, rows=5, as_of='2023-04-14', accession='0001467373-23-000141', table='I')",24459,24459,662934315,0.0037,-2954,827273.64,,,S,1,acn:CommonClassXMember|us-gaap:CommonClassAMember,,TRUE
1467373,ACN,Julie Sweet,1487630,2023-05-05,4,"Group(security='Class A Common Stock', direct='D', shares=24604.0, last_txn={('D', ''): 24604.0}, holdings=0.0, hold_by_vehicle={}, filed='2023-05-05', moved_here=True, opening={('D', ''): 24459.0}, rows=1, as_of='2023-05-05', accession='0001467373-23-000167', table='I')",24604,24604,662934315,0.0037,145,38770.82,,,A,1,acn:CommonClassXMember|us-gaap:CommonClassAMember,,TRUE
1467373,ACN,Julie Sweet,1487630,2023-05-15,4,"Group(security='Class A Common Stock', direct='D', shares=24659.0, last_txn={('D', ''): 24659.0}, holdings=0.0, hold_by_vehicle={}, filed='2023-05-15', moved_here=True, opening={('D', ''): 24604.0}, rows=1, as_of='2023-05-15', accession='0001467373-23-000201', table='I')",24659,24659,662934315,0.0037,55,,1,,A,1,acn:CommonClassXMember|us-gaap:CommonClassAMember,,TRUE
1467373,ACN,Julie Sweet,1487630,2023-06-05,4,"Group(security='Class A Common Stock', direct='D', shares=24786.0, last_txn={('D', ''): 24786.0}, holdings=0.0, hold_by_vehicle={}, filed='2023-06-05', moved_here=True, opening={('D', ''): 24659.0}, rows=1, as_of='2023-06-05', accession='0001467373-23-000213', table='I')",24786,24786,664646970,0.0037,127,38689.92,,,A,1,acn:CommonClassXMember|us-gaap:CommonClassAMember,,TRUE
1467373,ACN,Julie Sweet,1487630,2023-07-05,4,"Group(security='Class A Common Stock', direct='D', shares=24912.0, last_txn={('D', ''): 24912.0}, holdings=0.0, hold_by_vehicle={}, filed='2023-07-05', moved_here=True, opening={('D', ''): 24786.0}, rows=1, as_of='2023-07-05', accession='0001467373-23-000229', table='I')",24912,24912,664646970,0.0037,126,38871.32,,,A,1,acn:CommonClassXMember|us-gaap:CommonClassAMember,,TRUE
1467373,ACN,Julie Sweet,1487630,2023-07-14,4,"Group(security='Class A Common Stock', direct='D', shares=21982.0, last_txn={('D', ''): 21982.0}, holdings=0.0, hold_by_vehicle={}, filed='2023-07-14', moved_here=True, opening={('D', ''): 24912.0}, rows=3, as_of='2023-07-14', accession='0001467373-23-000233', table='I')",21982,21982,664646970,0.0033,-2930,926561.17,,,S,1,acn:CommonClassXMember|us-gaap:CommonClassAMember,,TRUE
1467373,ACN,Julie Sweet,1487630,2023-08-05,4,"Group(security='Class A Common Stock', direct='D', shares=22105.0, last_txn={('D', ''): 22105.0}, holdings=0.0, hold_by_vehicle={}, filed='2023-08-05', moved_here=True, opening={('D', ''): 21982.0}, rows=1, as_of='2023-08-05', accession='0001467373-23-000260', table='I')",22105,22105,664646970,0.0033,123,38691.19,,,A,1,acn:CommonClassXMember|us-gaap:CommonClassAMember,,TRUE
1467373,ACN,Julie Sweet,1487630,2023-08-15,4,"Group(security='Class A Common Stock', direct='D', shares=22154.0, last_txn={('D', ''): 22154.0}, holdings=0.0, hold_by_vehicle={}, filed='2023-08-15', moved_here=True, opening={('D', ''): 22105.0}, rows=1, as_of='2023-08-15', accession='0001467373-23-000279', table='I')",22154,22154,664646970,0.0033,49,,1,,A,1,acn:CommonClassXMember|us-gaap:CommonClassAMember,,TRUE
1467373,ACN,Julie Sweet,1487630,2023-09-05,4,"Group(security='Class A Common Stock', direct='D', shares=22273.0, last_txn={('D', ''): 22273.0}, holdings=0.0, hold_by_vehicle={}, filed='2023-09-05', moved_here=True, opening={('D', ''): 22154.0}, rows=1, as_of='2023-09-05', accession='0001467373-23-000296', table='I')",22273,22273,665112065,0.0033,119,38874.92,,,A,1,acn:CommonClassXMember|us-gaap:CommonClassAMember,,TRUE
1467373,ACN,Julie Sweet,1487630,2023-10-05,4,"Group(security='Class A Common Stock', direct='D', shares=22398.0, last_txn={('D', ''): 22398.0}, holdings=0.0, hold_by_vehicle={}, filed='2023-10-05', moved_here=True, opening={('D', ''): 22273.0}, rows=1, as_of='2023-10-05', accession='0001467373-23-000314', table='I')",22398,22398,665112065,0.0034,125,38486.25,,,A,1,acn:CommonClassXMember|us-gaap:CommonClassAMember,,TRUE
1467373,ACN,Julie Sweet,1487630,2023-10-18,4,"Group(security='Class A Common Stock', direct='D', shares=44830.0, last_txn={('D', ''): 44830.0}, holdings=0.0, hold_by_vehicle={}, filed='2023-10-18', moved_here=True, opening={('D', ''): 22398.0}, rows=2, as_of='2023-10-18', accession='0001467373-23-000336', table='I')",44830,44830,665112065,0.0067,22432,6419967.38,1,,AF,1,acn:CommonClassXMember|us-gaap:CommonClassAMember,,TRUE
1467373,ACN,Julie Sweet,1487630,2023-10-30,4,"Group(security='Class A Common Stock', direct='D', shares=35830.0, last_txn={('D', ''): 35830.0}, holdings=0.0, hold_by_vehicle={}, filed='2023-10-30', moved_here=True, opening={('D', ''): 44830.0}, rows=4, as_of='2023-10-30', accession='0001467373-23-000348', table='I')",35830,35830,665112065,0.0054,-9000,2622716.95,,,S,1,acn:CommonClassXMember|us-gaap:CommonClassAMember,,TRUE
1467373,ACN,Julie Sweet,1487630,2023-11-03,4,"Group(security='Class A Common Stock', direct='D', shares=26954.0, last_txn={('D', ''): 26954.0}, holdings=0.0, hold_by_vehicle={}, filed='2023-11-03', moved_here=True, opening={('D', ''): 35830.0}, rows=9, as_of='2023-11-03', accession='0001467373-23-000351', table='I')",26954,26954,665112065,0.0041,-8876,2870919.88,,,AS,1,acn:CommonClassXMember|us-gaap:CommonClassAMember,,TRUE
1467373,ACN,Julie Sweet,1487630,2023-11-10,4,"Group(security='Class A Common Stock', direct='D', shares=22522.0, last_txn={('D', ''): 22522.0}, holdings=0.0, hold_by_vehicle={}, filed='2023-11-10', moved_here=True, opening={('D', ''): 26954.0}, rows=5, as_of='2023-11-10', accession='0001467373-23-000360', table='I')",22522,22522,665112065,0.0034,-4432,1407539.44,,,S,1,acn:CommonClassXMember|us-gaap:CommonClassAMember,,TRUE
1467373,ACN,Julie Sweet,1487630,2023-11-15,4,"Group(security='Class A Common Stock', direct='D', shares=22666.0, last_txn={('D', ''): 22666.0}, holdings=0.0, hold_by_vehicle={}, filed='2023-11-15', moved_here=True, opening={('D', ''): 22522.0}, rows=2, as_of='2023-11-15', accession='0001467373-23-000367', table='I')",22666,22666,665112065,0.0034,144,27389.55,1,,AF,1,acn:CommonClassXMember|us-gaap:CommonClassAMember,,TRUE
1467373,ACN,Julie Sweet,1487630,2023-12-05,4,"Group(security='Class A Common Stock', direct='D', shares=25749.0, last_txn={('D', ''): 25749.0}, holdings=0.0, hold_by_vehicle={}, filed='2023-12-05', moved_here=True, opening={('D', ''): 22666.0}, rows=1, as_of='2023-12-05', accession='0001467373-23-000390', table='I')",25749,25749,666829992,0.0039,3083,1033791.56,,,A,1,acn:CommonClassXMember|us-gaap:CommonClassAMember,,TRUE
1467373,ACN,Julie Sweet,1487630,2024-01-01,4,"Group(security='Class A Common Stock', direct='D', shares=37310.0, last_txn={('D', ''): 37310.0}, holdings=0.0, hold_by_vehicle={}, filed='2024-01-01', moved_here=True, opening={('D', ''): 25749.0}, rows=2, as_of='2024-01-01', accession='0001467373-24-000002', table='I')",37310,37310,666829992,0.0056,11561,940082.09,1,,AF,1,acn:CommonClassXMember|us-gaap:CommonClassAMember,,TRUE
1467373,ACN,Julie Sweet,1487630,2024-01-05,4,"Group(security='Class A Common Stock', direct='D', shares=38218.0, last_txn={('D', ''): 38218.0}, holdings=0.0, hold_by_vehicle={}, filed='2024-01-05', moved_here=True, opening={('D', ''): 37310.0}, rows=3, as_of='2024-01-05', accession='0001467373-24-000012', table='I')",38218,38218,666829992,0.0057,908,531115.58,1,,AF,1,acn:CommonClassXMember|us-gaap:CommonClassAMember,,TRUE
1467373,ACN,Julie Sweet,1487630,2024-01-19,4,"Group(security='Class A Common Stock', direct='D', shares=32847.0, last_txn={('D', ''): 32847.0}, holdings=0.0, hold_by_vehicle={}, filed='2024-01-19', moved_here=True, opening={('D', ''): 38218.0}, rows=4, as_of='2024-01-19', accession='0001467373-24-000021', table='I')",32847,32847,666829992,0.0049,-5371,1948544.86,,,S,1,acn:CommonClassXMember|us-gaap:CommonClassAMember,,TRUE
1467373,ACN,Julie Sweet,1487630,2024-02-01,4,"Group(security='Class A Common Stock', direct='D', shares=25970.0, last_txn={('D', ''): 25970.0}, holdings=0.0, hold_by_vehicle={}, filed='2024-02-01', moved_here=True, opening={('D', ''): 32847.0}, rows=1, as_of='2024-02-01', accession='0001467373-24-000060', table='I')",25970,25970,666829992,0.0039,-6877,2526137.35,,,F,1,acn:CommonClassXMember|us-gaap:CommonClassAMember,,TRUE
1467373,ACN,Julie Sweet,1487630,2024-02-05,4,"Group(security='Class A Common Stock', direct='D', shares=18713.0, last_txn={('D', ''): 18713.0}, holdings=0.0, hold_by_vehicle={}, filed='2024-02-05', moved_here=True, opening={('D', ''): 25970.0}, rows=3, as_of='2024-02-05', accession='0001467373-24-000062', table='I')",18713,18713,666829992,0.0028,-7257,2764765.73,,,AS,1,acn:CommonClassXMember|us-gaap:CommonClassAMember,,TRUE
1467373,ACN,Julie Sweet,1487630,2024-02-15,4,"Group(security='Class A Common Stock', direct='D', shares=18760.0, last_txn={('D', ''): 18760.0}, holdings=0.0, hold_by_vehicle={}, filed='2024-02-15', moved_here=True, opening={('D', ''): 18693.0}, rows=2, as_of='2024-02-15', accession='0001467373-24-000077', table='I')",18760,18760,666829992,0.0028,47,9308.75,1,,AF,1,acn:CommonClassXMember|us-gaap:CommonClassAMember,,TRUE
1467373,ACN,Julie Sweet,1487630,2024-03-05,4,"Group(security='Class A Common Stock', direct='D', shares=18862.0, last_txn={('D', ''): 18862.0}, holdings=0.0, hold_by_vehicle={}, filed='2024-03-05', moved_here=True, opening={('D', ''): 18760.0}, rows=1, as_of='2024-03-05', accession='0001467373-24-000093', table='I')",18862,18862,670736496,0.0028,102,38664.12,,,A,1,acn:CommonClassXMember|us-gaap:CommonClassAMember,,TRUE
1467373,ACN,Julie Sweet,1487630,2024-04-05,4,"Group(security='Class A Common Stock', direct='D', shares=18979.0, last_txn={('D', ''): 18979.0}, holdings=0.0, hold_by_vehicle={}, filed='2024-04-05', moved_here=True, opening={('D', ''): 18862.0}, rows=1, as_of='2024-04-05', accession='0001467373-24-000128', table='I')",18979,18979,670736496,0.0028,117,38852.78,,,A,1,acn:CommonClassXMember|us-gaap:CommonClassAMember,,TRUE
1467373,ACN,Julie Sweet,1487630,2024-04-12,4,"Group(security='Class A Common Stock', direct='D', shares=15178.0, last_txn={('D', ''): 15178.0}, holdings=0.0, hold_by_vehicle={}, filed='2024-04-12', moved_here=True, opening={('D', ''): 18979.0}, rows=7, as_of='2024-04-12', accession='0001467373-24-000131', table='I')",15178,15178,670736496,0.0023,-3801,1200855.37,,,S,1,acn:CommonClassXMember|us-gaap:CommonClassAMember,,TRUE
1467373,ACN,Julie Sweet,1487630,2024-05-05,4,"Group(security='Class A Common Stock', direct='D', shares=15306.0, last_txn={('D', ''): 15306.0}, holdings=0.0, hold_by_vehicle={}, filed='2024-05-05', moved_here=True, opening={('D', ''): 15178.0}, rows=1, as_of='2024-05-05', accession='0001467373-24-000144', table='I')",15306,15306,670736496,0.0023,128,38824.38,,,A,1,acn:CommonClassXMember|us-gaap:CommonClassAMember,,TRUE
1467373,ACN,Julie Sweet,1487630,2024-05-15,4,"Group(security='Class A Common Stock', direct='D', shares=15333.0, last_txn={('D', ''): 15333.0}, holdings=0.0, hold_by_vehicle={}, filed='2024-05-15', moved_here=True, opening={('D', ''): 15306.0}, rows=1, as_of='2024-05-15', accession='0001467373-24-000176', table='I')",15333,15333,670736496,0.0023,27,,1,,A,1,acn:CommonClassXMember|us-gaap:CommonClassAMember,,TRUE
1467373,ACN,Julie Sweet,1487630,2024-06-05,4,"Group(security='Class A Common Stock', direct='D', shares=15466.0, last_txn={('D', ''): 15466.0}, holdings=0.0, hold_by_vehicle={}, filed='2024-06-05', moved_here=True, opening={('D', ''): 15333.0}, rows=1, as_of='2024-06-05', accession='0001467373-24-000181', table='I')",15466,15466,672265636,0.0023,133,38594.61,,,A,1,acn:CommonClassXMember|us-gaap:CommonClassAMember,,TRUE
1467373,ACN,Julie Sweet,1487630,2024-07-05,4,"Group(security='Class A Common Stock', direct='D', shares=15595.0, last_txn={('D', ''): 15595.0}, holdings=0.0, hold_by_vehicle={}, filed='2024-07-05', moved_here=True, opening={('D', ''): 15466.0}, rows=1, as_of='2024-07-05', accession='0001467373-24-000198', table='I')",15595,15595,672265636,0.0023,129,38918.01,,,A,1,acn:CommonClassXMember|us-gaap:CommonClassAMember,,TRUE
1467373,ACN,Julie Sweet,1487630,2024-07-12,4,"Group(security='Class A Common Stock', direct='D', shares=11819.0, last_txn={('D', ''): 11819.0}, holdings=0.0, hold_by_vehicle={}, filed='2024-07-12', moved_here=True, opening={('D', ''): 15595.0}, rows=8, as_of='2024-07-12', accession='0001467373-24-000207', table='I')",11819,11819,672265636,0.0018,-3776,1166967.26,,,S,1,acn:CommonClassXMember|us-gaap:CommonClassAMember,,TRUE
1467373,ACN,Julie Sweet,1487630,2024-08-05,4,"Group(security='Class A Common Stock', direct='D', shares=11942.0, last_txn={('D', ''): 11942.0}, holdings=0.0, hold_by_vehicle={}, filed='2024-08-05', moved_here=True, opening={('D', ''): 11819.0}, rows=1, as_of='2024-08-05', accession='0001467373-24-000219', table='I')",11942,11942,672265636,0.0018,123,38628.15,,,A,1,acn:CommonClassXMember|us-gaap:CommonClassAMember,,TRUE
1467373,ACN,Julie Sweet,1487630,2024-08-15,4,"Group(security='Class A Common Stock', direct='D', shares=11968.0, last_txn={('D', ''): 11968.0}, holdings=0.0, hold_by_vehicle={}, filed='2024-08-15', moved_here=True, opening={('D', ''): 11942.0}, rows=1, as_of='2024-08-15', accession='0001467373-24-000237', table='I')",11968,11968,672265636,0.0018,26,,1,,A,1,acn:CommonClassXMember|us-gaap:CommonClassAMember,,TRUE
1467373,ACN,Julie Sweet,1487630,2024-09-05,4,"Group(security='Class A Common Stock', direct='D', shares=12081.0, last_txn={('D', ''): 12081.0}, holdings=0.0, hold_by_vehicle={}, filed='2024-09-05', moved_here=True, opening={('D', ''): 11968.0}, rows=1, as_of='2024-09-05', accession='0001467373-24-000261', table='I')",12081,12081,672992606,0.0018,113,38643.18,,,A,1,acn:CommonClassXMember|us-gaap:CommonClassAMember,,TRUE
1467373,ACN,Julie Sweet,1487630,2024-10-05,4,"Group(security='Class A Common Stock', direct='D', shares=12188.0, last_txn={('D', ''): 12188.0}, holdings=0.0, hold_by_vehicle={}, filed='2024-10-05', moved_here=True, opening={('D', ''): 12081.0}, rows=1, as_of='2024-10-05', accession='0001467373-24-000272', table='I')",12188,12188,672992606,0.0018,107,38927.31,,,A,1,acn:CommonClassXMember|us-gaap:CommonClassAMember,,TRUE
1467373,ACN,Julie Sweet,1487630,2024-10-15,4,"Group(security='Class A Common Stock', direct='D', shares=29324.0, last_txn={('D', ''): 29324.0}, holdings=0.0, hold_by_vehicle={}, filed='2024-10-15', moved_here=True, opening={('D', ''): 12188.0}, rows=2, as_of='2024-10-15', accession='0001467373-24-000287', table='I')",29324,29324,672992606,0.0044,17136,5895122.15,1,,AF,1,acn:CommonClassXMember|us-gaap:CommonClassAMember,,TRUE
1467373,ACN,Julie Sweet,1487630,2024-10-21,4,"Group(security='Class A Common Stock', direct='D', shares=20324.0, last_txn={('D', ''): 20324.0}, holdings=0.0, hold_by_vehicle={}, filed='2024-10-21', moved_here=True, opening={('D', ''): 29324.0}, rows=3, as_of='2024-10-21', accession='0001467373-24-000292', table='I')",20324,20324,672992606,0.003,-9000,3385464.05,,,S,1,acn:CommonClassXMember|us-gaap:CommonClassAMember,,TRUE
1467373,ACN,Julie Sweet,1487630,2024-10-28,4,"Group(security='Class A Common Stock', direct='D', shares=12188.0, last_txn={('D', ''): 12188.0}, holdings=0.0, hold_by_vehicle={}, filed='2024-10-28', moved_here=True, opening={('D', ''): 20324.0}, rows=6, as_of='2024-10-28', accession='0001467373-24-000297', table='I')",12188,12188,672992606,0.0018,-8136,2945768.02,,,S,1,acn:CommonClassXMember|us-gaap:CommonClassAMember,,TRUE
1467373,ACN,Julie Sweet,1487630,2024-11-05,4,"Group(security='Class A Common Stock', direct='D', shares=12299.0, last_txn={('D', ''): 12299.0}, holdings=0.0, hold_by_vehicle={}, filed='2024-11-05', moved_here=True, opening={('D', ''): 12188.0}, rows=1, as_of='2024-11-05', accession='0001467373-24-000309', table='I')",12299,12299,672992606,0.0018,111,38274.45,,,A,1,acn:CommonClassXMember|us-gaap:CommonClassAMember,,TRUE
1467373,ACN,Julie Sweet,1487630,2024-11-15,4,"Group(security='Class A Common Stock', direct='D', shares=12397.0, last_txn={('D', ''): 12397.0}, holdings=0.0, hold_by_vehicle={}, filed='2024-11-15', moved_here=True, opening={('D', ''): 12299.0}, rows=2, as_of='2024-11-15', accession='0001467373-24-000314', table='I')",12397,12397,672992606,0.0018,98,24097.84,1,,AF,1,acn:CommonClassXMember|us-gaap:CommonClassAMember,,TRUE
1467373,ACN,Julie Sweet,1487630,2024-12-05,4,"Group(security='Class A Common Stock', direct='D', shares=14187.0, last_txn={('D', ''): 14187.0}, holdings=0.0, hold_by_vehicle={}, filed='2024-12-05', moved_here=True, opening={('D', ''): 12397.0}, rows=1, as_of='2024-12-05', accession='0001467373-24-000341', table='I')",14187,14187,675181069,0.0021,1790,638842.05,,,A,1,acn:CommonClassXMember|us-gaap:CommonClassAMember,,TRUE
1467373,ACN,Julie Sweet,1487630,2025-01-01,4,"Group(security='Class A Common Stock', direct='D', shares=31195.0, last_txn={('D', ''): 31195.0}, holdings=0.0, hold_by_vehicle={}, filed='2025-01-01', moved_here=True, opening={('D', ''): 14187.0}, rows=1, as_of='2025-01-01', accession='0001467373-25-000008', table='I')",31195,31195,675181069,0.0046,17008,,1,,A,1,acn:CommonClassXMember|us-gaap:CommonClassAMember,,TRUE
1467373,ACN,Julie Sweet,1487630,2025-01-05,4,"Group(security='Class A Common Stock', direct='D', shares=31363.0, last_txn={('D', ''): 31363.0}, holdings=0.0, hold_by_vehicle={}, filed='2025-01-05', moved_here=True, opening={('D', ''): 31195.0}, rows=3, as_of='2025-01-05', accession='0001467373-25-000013', table='I')",31363,31363,675181069,0.0046,168,557848.68,1,,AF,1,acn:CommonClassXMember|us-gaap:CommonClassAMember,,TRUE
1467373,ACN,Julie Sweet,1487630,2025-01-17,4,"Group(security='Class A Common Stock', direct='D', shares=28866.0, last_txn={('D', ''): 28866.0}, holdings=0.0, hold_by_vehicle={}, filed='2025-01-17', moved_here=True, opening={('D', ''): 31363.0}, rows=3, as_of='2025-01-17', accession='0001467373-25-000022', table='I')",28866,28866,675181069,0.0043,-2497,885142.93,,,S,1,acn:CommonClassXMember|us-gaap:CommonClassAMember,,TRUE
1467373,ACN,Julie Sweet,1487630,2025-02-01,4,"Group(security='Class A Common Stock', direct='D', shares=20651.0, last_txn={('D', ''): 20651.0}, holdings=0.0, hold_by_vehicle={}, filed='2025-02-01', moved_here=True, opening={('D', ''): 28866.0}, rows=1, as_of='2025-02-01', accession='0001467373-25-000027', table='I')",20651,20651,675181069,0.0031,-8215,3148973.8,,,F,1,acn:CommonClassXMember|us-gaap:CommonClassAMember,,TRUE
1467373,ACN,Julie Sweet,1487630,2025-02-05,4,"Group(security='Class A Common Stock', direct='D', shares=11956.0, last_txn={('D', ''): 11956.0}, holdings=0.0, hold_by_vehicle={}, filed='2025-02-05', moved_here=True, opening={('D', ''): 20651.0}, rows=7, as_of='2025-02-05', accession='0001467373-25-000054', table='I')",11956,11956,675181069,0.0018,-8695,3507188.43,,,AS,1,acn:CommonClassXMember|us-gaap:CommonClassAMember,,TRUE
1467373,ACN,Julie Sweet,1487630,2025-02-14,4,"Group(security='Class A Common Stock', direct='D', shares=12004.0, last_txn={('D', ''): 12004.0}, holdings=0.0, hold_by_vehicle={}, filed='2025-02-14', moved_here=True, opening={('D', ''): 11956.0}, rows=2, as_of='2025-02-14', accession='0001467373-25-000072', table='I')",12004,12004,675181069,0.0018,48,12454.88,1,,AF,1,acn:CommonClassXMember|us-gaap:CommonClassAMember,,TRUE
1467373,ACN,Julie Sweet,1487630,2025-03-05,4,"Group(security='Class A Common Stock', direct='D', shares=12116.0, last_txn={('D', ''): 12116.0}, holdings=0.0, hold_by_vehicle={}, filed='2025-03-05', moved_here=True, opening={('D', ''): 12004.0}, rows=1, as_of='2025-03-05', accession='0001467373-25-000094', table='I')",12116,12116,678676271,0.0018,112,38766.56,,,A,1,acn:CommonClassXMember|us-gaap:CommonClassAMember,,TRUE
1467373,ACN,Julie Sweet,1487630,2025-04-05,4,"Group(security='Class A Common Stock', direct='D', shares=12249.0, last_txn={('D', ''): 12249.0}, holdings=0.0, hold_by_vehicle={}, filed='2025-04-05', moved_here=True, opening={('D', ''): 12116.0}, rows=1, as_of='2025-04-05', accession='0001467373-25-000102', table='I')",12249,12249,678676271,0.0018,133,38812.72,,,A,1,acn:CommonClassXMember|us-gaap:CommonClassAMember,,TRUE
1467373,ACN,Julie Sweet,1487630,2025-04-11,4,"Group(security='Class A Common Stock', direct='D', shares=9965.0, last_txn={('D', ''): 9965.0}, holdings=0.0, hold_by_vehicle={}, filed='2025-04-11', moved_here=True, opening={('D', ''): 12249.0}, rows=6, as_of='2025-04-11', accession='0001467373-25-000113', table='I')",9965,9965,678676271,0.0015,-2284,643253.54,,,S,1,acn:CommonClassXMember|us-gaap:CommonClassAMember,,TRUE
1467373,ACN,Julie Sweet,1487630,2025-05-05,4,"Group(security='Class A Common Stock', direct='D', shares=10091.0, last_txn={('D', ''): 10091.0}, holdings=0.0, hold_by_vehicle={}, filed='2025-05-05', moved_here=True, opening={('D', ''): 9965.0}, rows=1, as_of='2025-05-05', accession='0001467373-25-000118', table='I')",10091,10091,678676271,0.0015,126,38607.66,,,A,1,acn:CommonClassXMember|us-gaap:CommonClassAMember,,TRUE
1467373,ACN,Julie Sweet,1487630,2025-05-15,4,"Group(security='Class A Common Stock', direct='D', shares=10110.0, last_txn={('D', ''): 10110.0}, holdings=0.0, hold_by_vehicle={}, filed='2025-05-15', moved_here=True, opening={('D', ''): 10091.0}, rows=1, as_of='2025-05-15', accession='0001467373-25-000125', table='I')",10110,10110,678676271,0.0015,19,,1,,A,1,acn:CommonClassXMember|us-gaap:CommonClassAMember,,TRUE
1467373,ACN,Julie Sweet,1487630,2025-06-05,4,"Group(security='Class A Common Stock', direct='D', shares=10233.0, last_txn={('D', ''): 10233.0}, holdings=0.0, hold_by_vehicle={}, filed='2025-06-05', moved_here=True, opening={('D', ''): 10110.0}, rows=1, as_of='2025-06-05', accession='0001467373-25-000157', table='I')",10233,10233,680646168,0.0015,123,38829.25,,,A,1,acn:CommonClassXMember|us-gaap:CommonClassAMember,,TRUE
1467373,ACN,Julie Sweet,1487630,2025-07-05,4,"Group(security='Class A Common Stock', direct='D', shares=10360.0, last_txn={('D', ''): 10360.0}, holdings=0.0, hold_by_vehicle={}, filed='2025-07-05', moved_here=True, opening={('D', ''): 10233.0}, rows=1, as_of='2025-07-05', accession='0001467373-25-000179', table='I')",10360,10360,680646168,0.0015,127,38581.97,,,A,1,acn:CommonClassXMember|us-gaap:CommonClassAMember,,TRUE
1467373,ACN,Julie Sweet,1487630,2025-07-11,4,"Group(security='Class A Common Stock', direct='D', shares=8109.0, last_txn={('D', ''): 8109.0}, holdings=0.0, hold_by_vehicle={}, filed='2025-07-11', moved_here=True, opening={('D', ''): 10360.0}, rows=5, as_of='2025-07-11', accession='0001467373-25-000185', table='I')",8109,8109,680646168,0.0012,-2251,635789.5,,,S,1,acn:CommonClassXMember|us-gaap:CommonClassAMember,,TRUE
1467373,ACN,Julie Sweet,1487630,2025-08-05,4,"Group(security='Class A Common Stock', direct='D', shares=8264.0, last_txn={('D', ''): 8264.0}, holdings=0.0, hold_by_vehicle={}, filed='2025-08-05', moved_here=True, opening={('D', ''): 8109.0}, rows=1, as_of='2025-08-05', accession='0001467373-25-000199', table='I')",8264,8264,680646168,0.0012,155,38864.7,,,A,1,acn:CommonClassXMember|us-gaap:CommonClassAMember,,TRUE
1467373,ACN,Julie Sweet,1487630,2025-08-15,4,"Group(security='Class A Common Stock', direct='D', shares=8288.0, last_txn={('D', ''): 8288.0}, holdings=0.0, hold_by_vehicle={}, filed='2025-08-15', moved_here=True, opening={('D', ''): 8264.0}, rows=1, as_of='2025-08-15', accession='0001487630-25-000005', table='I')",8288,8288,680646168,0.0012,24,5941.68,,,A,1,acn:CommonClassXMember|us-gaap:CommonClassAMember,,TRUE
1467373,ACN,Julie Sweet,1487630,2025-09-05,4,"Group(security='Class A Common Stock', direct='D', shares=8440.0, last_txn={('D', ''): 8440.0}, holdings=0.0, hold_by_vehicle={}, filed='2025-09-05', moved_here=True, opening={('D', ''): 8288.0}, rows=1, as_of='2025-09-05', accession='0001467373-25-000208', table='I')",8440,8440,658474106,0.0013,152,38671.84,,,A,1,acn:CommonClassXMember|us-gaap:CommonClassAMember,,TRUE
1467373,ACN,Julie Sweet,1487630,2025-10-05,4,"Group(security='Class A Common Stock', direct='D', shares=8599.0, last_txn={('D', ''): 8599.0}, holdings=0.0, hold_by_vehicle={}, filed='2025-10-05', moved_here=True, opening={('D', ''): 8440.0}, rows=1, as_of='2025-10-05', accession='0001487630-25-000006', table='I')",8599,8599,658474106,0.0013,159,38885.04,,,A,1,acn:CommonClassXMember|us-gaap:CommonClassAMember,,TRUE
1467373,ACN,Julie Sweet,1487630,2025-10-20,4,"Group(security='Class A Common Stock', direct='D', shares=32516.0, last_txn={('D', ''): 32516.0}, holdings=0.0, hold_by_vehicle={}, filed='2025-10-20', moved_here=True, opening={('D', ''): 8599.0}, rows=2, as_of='2025-10-20', accession='0001487630-25-000007', table='I')",32516,32516,658474106,0.0049,23917,5406652.06,1,,AF,1,acn:CommonClassXMember|us-gaap:CommonClassAMember,,TRUE
1467373,ACN,Julie Sweet,1487630,2025-10-22,4,"Group(security='Class A Common Stock', direct='D', shares=23516.0, last_txn={('D', ''): 23516.0}, holdings=0.0, hold_by_vehicle={}, filed='2025-10-22', moved_here=True, opening={('D', ''): 32516.0}, rows=4, as_of='2025-10-22', accession='0001487630-25-000008', table='I')",23516,23516,658474106,0.0036,-9000,2246165.57,,,S,1,acn:CommonClassXMember|us-gaap:CommonClassAMember,,TRUE
1467373,ACN,Julie Sweet,1487630,2025-10-29,4,"Group(security='Class A Common Stock', direct='D', shares=14516.0, last_txn={('D', ''): 14516.0}, holdings=0.0, hold_by_vehicle={}, filed='2025-10-29', moved_here=True, opening={('D', ''): 23516.0}, rows=4, as_of='2025-10-29', accession='0001487630-25-000009', table='I')",14516,14516,658474106,0.0022,-9000,2280587.0,,,S,1,acn:CommonClassXMember|us-gaap:CommonClassAMember,,TRUE
1467373,ACN,Julie Sweet,1487630,2025-11-05,4,"Group(security='Class A Common Stock', direct='D', shares=8756.0, last_txn={('D', ''): 8756.0}, holdings=0.0, hold_by_vehicle={}, filed='2025-11-05', moved_here=True, opening={('D', ''): 14516.0}, rows=5, as_of='2025-11-05', accession='0001487630-25-000010', table='I')",8756,8756,658474106,0.0013,-5760,1497879.03,,,AS,1,acn:CommonClassXMember|us-gaap:CommonClassAMember,,TRUE
1467373,ACN,Julie Sweet,1487630,2025-11-14,4,"Group(security='Class A Common Stock', direct='D', shares=8941.0, last_txn={('D', ''): 8941.0}, holdings=0.0, hold_by_vehicle={}, filed='2025-11-14', moved_here=True, opening={('D', ''): 8756.0}, rows=2, as_of='2025-11-14', accession='0001487630-25-000011', table='I')",8941,8941,658474106,0.0014,185,36499.76,1,,AF,1,acn:CommonClassXMember|us-gaap:CommonClassAMember,,TRUE
1467373,ACN,Julie Sweet,1487630,2025-12-05,4,"Group(security='Class A Common Stock', direct='D', shares=14113.0, last_txn={('D', ''): 14113.0}, holdings=0.0, hold_by_vehicle={}, filed='2025-12-05', moved_here=True, opening={('D', ''): 8941.0}, rows=1, as_of='2025-12-05', accession='0001487630-25-000012', table='I')",14113,14113,660734900,0.0021,5172,1388863.02,,,A,1,acn:CommonClassXMember|us-gaap:CommonClassAMember,,TRUE
1467373,ACN,Julie Sweet,1487630,2026-01-01,4,"Group(security='Class A Common Stock', direct='D', shares=36366.0, last_txn={('D', ''): 36366.0}, holdings=0.0, hold_by_vehicle={}, filed='2026-01-01', moved_here=True, opening={('D', ''): 14113.0}, rows=1, as_of='2026-01-01', accession='0001487630-26-000001', table='I')",36366,36366,660734900,0.0055,22253,,1,,A,1,acn:CommonClassXMember|us-gaap:CommonClassAMember,,TRUE
1467373,ACN,Julie Sweet,1487630,2026-01-05,4,"Group(security='Class A Common Stock', direct='D', shares=39040.0, last_txn={('D', ''): 39040.0}, holdings=0.0, hold_by_vehicle={}, filed='2026-01-05', moved_here=True, opening={('D', ''): 36366.0}, rows=3, as_of='2026-01-05', accession='0001487630-26-000002', table='I')",39040,39040,660734900,0.0059,2674,249956.88,1,,AF,1,acn:CommonClassXMember|us-gaap:CommonClassAMember,,TRUE
1467373,ACN,Julie Sweet,1487630,2026-01-14,4,"Group(security='Class A Common Stock', direct='D', shares=37346.0, last_txn={('D', ''): 37346.0}, holdings=0.0, hold_by_vehicle={}, filed='2026-01-14', moved_here=True, opening={('D', ''): 39040.0}, rows=8, as_of='2026-01-14', accession='0001487630-26-000003', table='I')",37346,37346,660734900,0.0057,-1694,488380.16,,,S,1,acn:CommonClassXMember|us-gaap:CommonClassAMember,,TRUE
1467373,ACN,Julie Sweet,1487630,2026-02-01,4,"Group(security='Class A Common Stock', direct='D', shares=26650.0, last_txn={('D', ''): 26650.0}, holdings=0.0, hold_by_vehicle={}, filed='2026-02-01', moved_here=True, opening={('D', ''): 37346.0}, rows=1, as_of='2026-02-01', accession='0001487630-26-000004', table='I')",26650,26650,660734900,0.004,-10696,2804705.12,,,F,1,acn:CommonClassXMember|us-gaap:CommonClassAMember,,TRUE
1467373,ACN,Julie Sweet,1487630,2026-02-03,4,"Group(security='Class A Common Stock', direct='D', shares=21150.0, last_txn={('D', ''): 21150.0}, holdings=0.0, hold_by_vehicle={}, filed='2026-02-03', moved_here=True, opening={('D', ''): 26650.0}, rows=9, as_of='2026-02-03', accession='0001487630-26-000005', table='I')",21150,21150,660734900,0.0032,-5500,1333120.51,,,S,1,acn:CommonClassXMember|us-gaap:CommonClassAMember,,TRUE
1467373,ACN,Julie Sweet,1487630,2026-02-05,4,"Group(security='Class A Common Stock', direct='D', shares=21312.0, last_txn={('D', ''): 21312.0}, holdings=0.0, hold_by_vehicle={}, filed='2026-02-05', moved_here=True, opening={('D', ''): 21150.0}, rows=1, as_of='2026-02-05', accession='0001487630-26-000006', table='I')",21312,21312,660734900,0.0032,162,38674.26,,,A,1,acn:CommonClassXMember|us-gaap:CommonClassAMember,,TRUE
1467373,ACN,Julie Sweet,1487630,2026-02-10,4,"Group(security='Class A Common Stock', direct='D', shares=15255.0, last_txn={('D', ''): 15255.0}, holdings=0.0, hold_by_vehicle={}, filed='2026-02-10', moved_here=True, opening={('D', ''): 21312.0}, rows=6, as_of='2026-02-10', accession='0001487630-26-000007', table='I')",15255,15255,660734900,0.0023,-6057,1461101.58,,,S,1,acn:CommonClassXMember|us-gaap:CommonClassAMember,,TRUE
1467373,ACN,Julie Sweet,1487630,2026-02-13,4,"Group(security='Class A Common Stock', direct='D', shares=15374.0, last_txn={('D', ''): 15374.0}, holdings=0.0, hold_by_vehicle={}, filed='2026-02-13', moved_here=True, opening={('D', ''): 15255.0}, rows=2, as_of='2026-02-13', accession='0001487630-26-000008', table='I')",15374,15374,660734900,0.0023,119,17929.0,1,,AF,1,acn:CommonClassXMember|us-gaap:CommonClassAMember,,TRUE
1467373,ACN,Julie Sweet,1487630,2026-03-05,4,"Group(security='Class A Common Stock', direct='D', shares=15556.0, last_txn={('D', ''): 15556.0}, holdings=0.0, hold_by_vehicle={}, filed='2026-03-05', moved_here=True, opening={('D', ''): 15374.0}, rows=1, as_of='2026-03-05', accession='0001487630-26-000009', table='I')",15556,15556,665442713,0.0023,182,38761.92,,,A,1,acn:CommonClassXMember|us-gaap:CommonClassAMember,,TRUE
1467373,ACN,Julie Sweet,1487630,2026-04-05,4,"Group(security='Class A Common Stock', direct='D', shares=15751.0, last_txn={('D', ''): 15751.0}, holdings=0.0, hold_by_vehicle={}, filed='2026-04-05', moved_here=True, opening={('D', ''): 15556.0}, rows=1, as_of='2026-04-05', accession='0001487630-26-000011', table='I')",15751,15751,665442713,0.0024,195,38670.45,,,A,1,acn:CommonClassXMember|us-gaap:CommonClassAMember,,TRUE
1467373,ACN,Julie Sweet,1487630,2026-05-05,4,"Group(security='Class A Common Stock', direct='D', shares=15970.0, last_txn={('D', ''): 15970.0}, holdings=0.0, hold_by_vehicle={}, filed='2026-05-05', moved_here=True, opening={('D', ''): 15751.0}, rows=1, as_of='2026-05-05', accession='0001487630-26-000012', table='I')",15970,15970,665442713,0.0024,219,38761.9,,,A,1,acn:CommonClassXMember|us-gaap:CommonClassAMember,,TRUE
1467373,ACN,Julie Sweet,1487630,2026-05-15,4,"Group(security='Class A Common Stock', direct='D', shares=16019.0, last_txn={('D', ''): 16019.0}, holdings=0.0, hold_by_vehicle={}, filed='2026-05-15', moved_here=True, opening={('D', ''): 15970.0}, rows=1, as_of='2026-05-15', accession='0001487630-26-000013', table='I')",16019,16019,665442713,0.0024,49,,1,,A,1,acn:CommonClassXMember|us-gaap:CommonClassAMember,,TRUE
1467373,ACN,Julie Sweet,1487630,2026-06-05,4,"Group(security='Class A Common Stock', direct='D', shares=16235.0, last_txn={('D', ''): 16235.0}, holdings=0.0, hold_by_vehicle={}, filed='2026-06-05', moved_here=True, opening={('D', ''): 16019.0}, rows=1, as_of='2026-06-05', accession='0001487630-26-000014', table='I')",16235,16235,667810883,0.0024,216,38827.08,,,A,1,acn:CommonClassXMember|us-gaap:CommonClassAMember,,TRUE
1467373,ACN,Julie Sweet,1487630,2026-07-05,4,"Group(security='Class A Common Stock', direct='D', shares=16520.0, last_txn={('D', ''): 16520.0}, holdings=0.0, hold_by_vehicle={}, filed='2026-07-05', moved_here=True, opening={('D', ''): 16235.0}, rows=1, as_of='2026-07-05', accession='0001487630-26-000015', table='I')",16520,16520,667810883,0.0025,285,38737.2,,,A,1,acn:CommonClassXMember|us-gaap:CommonClassAMember,,TRUE
1467373,ACN,Julie Sweet,1487630,2026-08-05,4,"Group(security='Class A Common Stock', direct='D', shares=16747.0, last_txn={('D', ''): 16747.0}, holdings=0.0, hold_by_vehicle={}, filed='2026-08-05', moved_here=True, opening={('D', ''): 16520.0}, rows=1, as_of='2026-08-05', accession='0001487630-26-000016', table='I')",16747,16747,667810883,0.0025,227,38670.02,,,A,1,acn:CommonClassXMember|us-gaap:CommonClassAMember,,TRUE
1467373,ACN,Julie Sweet,1487630,2026-08-14,4,"Group(security='Class A Common Stock', direct='D', shares=16794.0, last_txn={('D', ''): 16794.0}, holdings=0.0, hold_by_vehicle={}, filed='2026-08-14', moved_here=True, opening={('D', ''): 16747.0}, rows=1, as_of='2026-08-14', accession='0001487630-26-000017', table='I')",16794,16794,667810883,0.0025,47,,1,,A,1,acn:CommonClassXMember|us-gaap:CommonClassAMember,,TRUE
