cik,ticker,ceo,owner_cik,date,form,accession,shares,shares_split_adjusted,outstanding,pct,traded,traded_value,unpriced_rows,unexplained,codes,groups,classes,restated,matches_panel
1596532,ANET,Jayshree Ullal,1605809,2016-02-12,4,0001133206-16-000002,6362664,101802624,68273930,9.3193,,,,,,1,c-2,,TRUE
1596532,ANET,Jayshree Ullal,1605809,2016-08-29,4,"Group(security=""Common Stock (the company's only class)"", direct='I', shares=6256717.0, last_txn={('I', 'trustforchild1'): 1229646.0, ('I', 'trustforchild2'): 1229646.0, ('I', 'trustfornephew'): 47968.0, ('I', 'trustforniece'): 47968.0, ('I', 'trust'): 3701489.0}, holdings=0.0, hold_by_vehicle={}, filed='2016-08-29', moved_here=True, opening={('I', 'trustforchild1'): 1250000.0, ('I', 'trustforchild2'): 1250000.0, ('I', 'trustfornephew'): 50000.0, ('I', 'trustforniece'): 50000.0, ('I', 'trust'): 3762564.0}, rows=10, as_of='2016-08-29', accession='0001596532-16-000311', table='I')",6256717,100107472,69243826,9.0358,-105847,8452077.8,,-1600,S,1,c-2,,TRUE
1596532,ANET,Jayshree Ullal,1605809,2016-08-31,4,"Group(security=""Common Stock (the company's only class)"", direct='I', shares=6202175.0, last_txn={('I', 'trustforchild1'): 1219158.0, ('I', 'trustforchild2'): 1219158.0, ('I', 'trustfornephew'): 46921.0, ('I', 'trustforniece'): 46921.0, ('I', 'trust'): 3670017.0}, holdings=0.0, hold_by_vehicle={}, filed='2016-08-31', moved_here=True, opening={('I', 'trustforchild1'): 1229646.0, ('I', 'trustforchild2'): 1229646.0, ('I', 'trustfornephew'): 47968.0, ('I', 'trustforniece'): 47968.0, ('I', 'trust'): 3701489.0}, rows=10, as_of='2016-08-31', accession='0001596532-16-000315', table='I')",6202175,99234800,69243826,8.957,-54542,4355348.22,,,S,1,c-2,,TRUE
1596532,ANET,Jayshree Ullal,1605809,2016-09-02,4,"Group(security=""Common Stock (the company's only class)"", direct='I', shares=6145896.0, last_txn={('I', 'trustforchild1'): 1208333.0, ('I', 'trustforchild2'): 1208333.0, ('I', 'trustfornephew'): 45833.0, ('I', 'trustforniece'): 45833.0, ('I', 'trust'): 3637564.0}, holdings=0.0, hold_by_vehicle={}, filed='2016-09-02', moved_here=True, opening={('I', 'trustforchild1'): 1219158.0, ('I', 'trustforchild2'): 1219158.0, ('I', 'trustfornephew'): 46921.0, ('I', 'trustforniece'): 46921.0, ('I', 'trust'): 3670017.0}, rows=10, as_of='2016-09-02', accession='0001596532-16-000317', table='I')",6145896,98334336,69243826,8.8757,-56279,4541746.49,,,S,1,c-2,,TRUE
1596532,ANET,Jayshree Ullal,1605809,2016-11-14,4,"Group(security=""Common Stock (the company's only class)"", direct='I', shares=5759605.0, last_txn={('I', 'trustforchild1'): 1134050.0, ('I', 'trustforchild2'): 1134050.0, ('I', 'trustfornephew'): 38416.0, ('I', 'trustforniece'): 38416.0, ('I', 'trust'): 3414673.0}, holdings=0.0, hold_by_vehicle={}, filed='2016-11-14', moved_here=True, opening={('I', 'trustforchild1'): 1208333.0, ('I', 'trustforchild2'): 1208333.0, ('I', 'trustfornephew'): 45833.0, ('I', 'trustforniece'): 45833.0, ('I', 'trust'): 3637564.0}, rows=10, as_of='2016-11-14', accession='0001596532-16-000343', table='I')",5759605,92153680,70209251,8.2035,-386291,33982311.7,,,S,1,c-2,,TRUE
1596532,ANET,Jayshree Ullal,1605809,2016-11-16,4,"Group(security=""Common Stock (the company's only class)"", direct='I', shares=5712560.0, last_txn={('I', 'trustforchild1'): 1124999.0, ('I', 'trustforchild2'): 1124999.0, ('I', 'trustfornephew'): 37499.0, ('I', 'trustforniece'): 37499.0, ('I', 'trust'): 3387564.0}, holdings=0.0, hold_by_vehicle={}, filed='2016-11-16', moved_here=True, opening={('I', 'trustforchild1'): 1134050.0, ('I', 'trustforchild2'): 1134050.0, ('I', 'trustfornephew'): 38416.0, ('I', 'trustforniece'): 38416.0, ('I', 'trust'): 3414673.0}, rows=5, as_of='2016-11-16', accession='0001596532-16-000345', table='I')",5712560,91400960,70209251,8.1365,-47045,4140331.66,,,S,1,c-2,,TRUE
1596532,ANET,Jayshree Ullal,1605809,2016-12-07,4,"Group(security=""Common Stock (the company's only class)"", direct='I', shares=5683130.0, last_txn={('I', 'trustforchild1'): 1119339.0, ('I', 'trustforchild2'): 1119339.0, ('I', 'trustfornephew'): 36934.0, ('I', 'trustforniece'): 36934.0, ('I', 'trust'): 3370584.0}, holdings=0.0, hold_by_vehicle={}, filed='2016-12-07', moved_here=True, opening={('I', 'trustforchild1'): 1124999.0, ('I', 'trustforchild2'): 1124999.0, ('I', 'trustfornephew'): 37499.0, ('I', 'trustforniece'): 37499.0, ('I', 'trust'): 3387564.0}, rows=10, as_of='2016-12-07', accession='0001596532-16-000364', table='I')",5683130,90930080,70209251,8.0946,-29430,2885322.17,,,S,1,c-2,,TRUE
1596532,ANET,Jayshree Ullal,1605809,2016-12-14,4,"Group(security=""Common Stock (the company's only class)"", direct='I', shares=5457339.0, last_txn={('I', 'trustforchild1'): 1075920.0, ('I', 'trustforchild2'): 1075920.0, ('I', 'trustfornephew'): 32599.0, ('I', 'trustforniece'): 32599.0, ('I', 'trust'): 3240301.0}, holdings=0.0, hold_by_vehicle={}, filed='2016-12-14', moved_here=True, opening={('I', 'trustforchild1'): 1119339.0, ('I', 'trustforchild2'): 1119339.0, ('I', 'trustfornephew'): 36934.0, ('I', 'trustforniece'): 36934.0, ('I', 'trust'): 3370584.0}, rows=10, as_of='2016-12-14', accession='0001596532-16-000369', table='I')",5457339,87317424,70209251,7.773,-225791,22123157.15,,,S,1,c-2,,TRUE
1596532,ANET,Jayshree Ullal,1605809,2016-12-16,4,"Group(security=""Common Stock (the company's only class)"", direct='I', shares=5150591.0, last_txn={('I', 'trustforchild1'): 1016932.0, ('I', 'trustforchild2'): 1016932.0, ('I', 'trustfornephew'): 26709.0, ('I', 'trustforniece'): 26709.0, ('I', 'trust'): 3063309.0}, holdings=0.0, hold_by_vehicle={}, filed='2016-12-16', moved_here=True, opening={('I', 'trustforchild1'): 1075920.0, ('I', 'trustforchild2'): 1075920.0, ('I', 'trustfornephew'): 32599.0, ('I', 'trustforniece'): 32599.0, ('I', 'trust'): 3240301.0}, rows=10, as_of='2016-12-16', accession='0001596532-16-000371', table='I')",5150591,82409456,70209251,7.3361,-306748,30078066.75,,,S,1,c-2,,TRUE
1596532,ANET,Jayshree Ullal,1605809,2016-12-20,4,"Group(security=""Common Stock (the company's only class)"", direct='I', shares=5062564.0, last_txn={('I', 'trustforchild1'): 1000000.0, ('I', 'trustforchild2'): 1000000.0, ('I', 'trustfornephew'): 25000.0, ('I', 'trustforniece'): 25000.0, ('I', 'trust'): 3012564.0}, holdings=0.0, hold_by_vehicle={}, filed='2016-12-20', moved_here=True, opening={('I', 'trustforchild1'): 1016932.0, ('I', 'trustforchild2'): 1016932.0, ('I', 'trustfornephew'): 26709.0, ('I', 'trustforniece'): 26709.0, ('I', 'trust'): 3063309.0}, rows=5, as_of='2016-12-20', accession='0001596532-16-000373', table='I')",5062564,81001024,70209251,7.2107,-88027,8635836.02,,,S,1,c-2,,TRUE
1596532,ANET,Jayshree Ullal,1605809,2017-02-06,4,0001596532-17-000013,5062564,81001024,70209251,7.2107,,,,,,1,c-2,,TRUE
1596532,ANET,Jayshree Ullal,1605809,2017-02-21,4,"Group(security=""Common Stock (the company's only class)"", direct='D', shares=5063852.0, last_txn={('D', ''): 1288.0}, holdings=5062564.0, hold_by_vehicle={('I', 'trustforchild1'): 1000000.0, ('I', 'trustforchild2'): 1000000.0, ('I', 'trustfornephew'): 25000.0, ('I', 'trustforniece'): 25000.0, ('I', 'trust'): 3012564.0}, filed='2017-02-21', moved_here=True, opening={('D', ''): 0.0, ('I', 'trustforchild1'): 1000000.0, ('I', 'trustforchild2'): 1000000.0, ('I', 'trustfornephew'): 25000.0, ('I', 'trustforniece'): 25000.0, ('I', 'trust'): 3012564.0}, rows=7, as_of='2017-02-21', accession='0001596532-17-000043', table='I')",5063852,81021632,71011320,7.131,1288,94907.88,1,,FM,1,c-2,,TRUE
1596532,ANET,Jayshree Ullal,1605809,2017-05-10,4,"Group(security=""Common Stock (the company's only class)"", direct='I', shares=4921868.0, last_txn={('I', 'trustforchild1'): 964826.0, ('I', 'trustforchild2'): 964826.0, ('I', 'trustfornephew'): 22186.0, ('I', 'trustforniece'): 22186.0, ('I', 'trust'): 2947844.0}, holdings=0.0, hold_by_vehicle={}, filed='2017-05-10', moved_here=True, opening={('I', 'trustforchild1'): 1000000.0, ('I', 'trustforchild2'): 1000000.0, ('I', 'trustfornephew'): 25000.0, ('I', 'trustforniece'): 25000.0, ('I', 'trust'): 3012564.0}, rows=30, as_of='2017-05-10', accession='0001596532-17-000099', table='I')",4923156,78770496,72007874,6.837,-140696,20424139.55,,,S,1,c-2,,TRUE
1596532,ANET,Jayshree Ullal,1605809,2017-05-11,4,"Group(security=""Common Stock (the company's only class)"", direct='D', shares=1288.0, last_txn={}, holdings=1288.0, hold_by_vehicle={('D', ''): 1288.0}, filed='2017-05-11', moved_here=False, opening={('D', ''): 1288.0}, rows=1, as_of='2017-05-11', accession='0001596532-17-000101', table='I')",4923156,78770496,72007874,6.837,,,,,,1,c-2,,TRUE
1596532,ANET,Jayshree Ullal,1605809,2017-05-12,4,"Group(security=""Common Stock (the company's only class)"", direct='I', shares=4859228.0, last_txn={('I', 'trustforchild1'): 948844.0, ('I', 'trustforchild2'): 948844.0, ('I', 'trustfornephew'): 20908.0, ('I', 'trustforniece'): 20908.0, ('I', 'trust'): 2918436.0}, holdings=1288.0, hold_by_vehicle={('D', ''): 1288.0}, filed='2017-05-12', moved_here=True, opening={('I', 'trustforchild1'): 964826.0, ('I', 'trustforchild2'): 964826.0, ('I', 'trustfornephew'): 22186.0, ('I', 'trustforniece'): 22186.0, ('I', 'trust'): 2947844.0, ('D', ''): 1288.0}, rows=16, as_of='2017-05-12', accession='0001596532-17-000112', table='I')",4859228,77747648,72007874,6.7482,-63928,9409772.37,,,S,1,c-2,,TRUE
1596532,ANET,Jayshree Ullal,1605809,2017-05-16,4,"Group(security=""Common Stock (the company's only class)"", direct='I', shares=4807195.0, last_txn={('I', 'trustforchild1'): 935836.0, ('I', 'trustforchild2'): 935836.0, ('I', 'trustfornephew'): 19867.0, ('I', 'trustforniece'): 19867.0, ('I', 'trust'): 2894501.0}, holdings=1288.0, hold_by_vehicle={('D', ''): 1288.0}, filed='2017-05-16', moved_here=True, opening={('I', 'trustforchild1'): 948844.0, ('I', 'trustforchild2'): 948844.0, ('I', 'trustfornephew'): 20908.0, ('I', 'trustforniece'): 20908.0, ('I', 'trust'): 2918436.0, ('D', ''): 1288.0}, rows=11, as_of='2017-05-16', accession='0001596532-17-000114', table='I')",4807195,76915120,72007874,6.6759,-52033,7669625.68,,,S,1,c-2,,TRUE
1596532,ANET,Jayshree Ullal,1605809,2017-05-22,4,"Group(security=""Common Stock (the company's only class)"", direct='D', shares=4808483.0, last_txn={('D', ''): 2576.0}, holdings=4805907.0, hold_by_vehicle={('I', 'trustforchild1'): 935836.0, ('I', 'trustforchild2'): 935836.0, ('I', 'trustfornephew'): 19867.0, ('I', 'trustforniece'): 19867.0, ('I', 'trust'): 2894501.0}, filed='2017-05-22', moved_here=True, opening={('D', ''): 1288.0, ('I', 'trustforchild1'): 935836.0, ('I', 'trustforchild2'): 935836.0, ('I', 'trustfornephew'): 19867.0, ('I', 'trustforniece'): 19867.0, ('I', 'trust'): 2894501.0}, rows=7, as_of='2017-05-22', accession='0001596532-17-000129', table='I')",4808483,76935728,72007874,6.6777,1288,110941.25,1,,FM,1,c-2,,TRUE
1596532,ANET,Jayshree Ullal,1605809,2017-05-25,4,"Group(security=""Common Stock (the company's only class)"", direct='I', shares=4749297.0, last_txn={('I', 'trustforchild1'): 921039.0, ('I', 'trustforchild2'): 921039.0, ('I', 'trustfornephew'): 18684.0, ('I', 'trustforniece'): 18684.0, ('I', 'trust'): 2867275.0}, holdings=2576.0, hold_by_vehicle={('D', ''): 2576.0}, filed='2017-05-25', moved_here=True, opening={('I', 'trustforchild1'): 935836.0, ('I', 'trustforchild2'): 935836.0, ('I', 'trustfornephew'): 19867.0, ('I', 'trustforniece'): 19867.0, ('I', 'trust'): 2894501.0, ('D', ''): 2576.0}, rows=11, as_of='2017-05-25', accession='0001596532-17-000147', table='I')",4749297,75988752,72007874,6.5955,-59186,8740717.36,,,S,1,c-2,,TRUE
1596532,ANET,Jayshree Ullal,1605809,2017-05-30,4,"Group(security=""Common Stock (the company's only class)"", direct='I', shares=4715140.0, last_txn={('I', 'trustforchild1'): 912500.0, ('I', 'trustforchild2'): 912500.0, ('I', 'trustfornephew'): 18000.0, ('I', 'trustforniece'): 18000.0, ('I', 'trust'): 2851564.0}, holdings=2576.0, hold_by_vehicle={('D', ''): 2576.0}, filed='2017-05-30', moved_here=True, opening={('I', 'trustforchild1'): 921039.0, ('I', 'trustforchild2'): 921039.0, ('I', 'trustfornephew'): 18684.0, ('I', 'trustforniece'): 18684.0, ('I', 'trust'): 2867275.0, ('D', ''): 2576.0}, rows=11, as_of='2017-05-30', accession='0001596532-17-000151', table='I')",4715140,75442240,72007874,6.5481,-34157,5032987.91,,,S,1,c-2,,TRUE
1596532,ANET,Jayshree Ullal,1605809,2017-06-06,4,"Group(security=""Common Stock (the company's only class)"", direct='I', shares=4714139.0, last_txn={('I', 'trustforchild1'): 912250.0, ('I', 'trustforchild2'): 912250.0, ('I', 'trustfornephew'): 17980.0, ('I', 'trustforniece'): 17980.0, ('I', 'trust'): 2851103.0}, holdings=2576.0, hold_by_vehicle={('D', ''): 2576.0}, filed='2017-06-06', moved_here=True, opening={('I', 'trustforchild1'): 912500.0, ('I', 'trustforchild2'): 912500.0, ('I', 'trustfornephew'): 18000.0, ('I', 'trustforniece'): 18000.0, ('I', 'trust'): 2851564.0, ('D', ''): 2576.0}, rows=6, as_of='2017-06-06', accession='0001596532-17-000164', table='I')",4714139,75426224,72007874,6.5467,-1001,157286.13,,,S,1,c-2,,TRUE
1596532,ANET,Jayshree Ullal,1605809,2017-06-08,4,"Group(security=""Common Stock (the company's only class)"", direct='I', shares=4696118.0, last_txn={('I', 'trustforchild1'): 907745.0, ('I', 'trustforchild2'): 907745.0, ('I', 'trustfornephew'): 17620.0, ('I', 'trustforniece'): 17620.0, ('I', 'trust'): 2842812.0}, holdings=2576.0, hold_by_vehicle={('D', ''): 2576.0}, filed='2017-06-08', moved_here=True, opening={('I', 'trustforchild1'): 912250.0, ('I', 'trustforchild2'): 912250.0, ('I', 'trustfornephew'): 17980.0, ('I', 'trustforniece'): 17980.0, ('I', 'trust'): 2851103.0, ('D', ''): 2576.0}, rows=16, as_of='2017-06-08', accession='0001596532-17-000166', table='I')",4696118,75137888,72007874,6.5217,-18021,2837185.79,,,S,1,c-2,,TRUE
1596532,ANET,Jayshree Ullal,1605809,2017-06-19,4,"Group(security=""Common Stock (the company's only class)"", direct='I', shares=4688117.0, last_txn={('I', 'trustforchild1'): 905745.0, ('I', 'trustforchild2'): 905745.0, ('I', 'trustfornephew'): 17460.0, ('I', 'trustforniece'): 17460.0, ('I', 'trust'): 2839131.0}, holdings=2576.0, hold_by_vehicle={('D', ''): 2576.0}, filed='2017-06-19', moved_here=True, opening={('I', 'trustforchild1'): 907745.0, ('I', 'trustforchild2'): 907745.0, ('I', 'trustfornephew'): 17620.0, ('I', 'trustforniece'): 17620.0, ('I', 'trust'): 2842812.0, ('D', ''): 2576.0}, rows=11, as_of='2017-06-19', accession='0001596532-17-000170', table='I')",4688117,75009872,72007874,6.5106,-8001,1258392.63,,,S,1,c-2,,TRUE
1596532,ANET,Jayshree Ullal,1605809,2017-06-21,4,"Group(security=""Common Stock (the company's only class)"", direct='I', shares=4608053.0, last_txn={('I', 'trustforchild1'): 885729.0, ('I', 'trustforchild2'): 885729.0, ('I', 'trustfornephew'): 15859.0, ('I', 'trustforniece'): 15859.0, ('I', 'trust'): 2802301.0}, holdings=2576.0, hold_by_vehicle={('D', ''): 2576.0}, filed='2017-06-21', moved_here=True, opening={('I', 'trustforchild1'): 905745.0, ('I', 'trustforchild2'): 905745.0, ('I', 'trustfornephew'): 17460.0, ('I', 'trustforniece'): 17460.0, ('I', 'trust'): 2839131.0, ('D', ''): 2576.0}, rows=26, as_of='2017-06-21', accession='0001596532-17-000172', table='I')",4608053,73728848,72007874,6.3994,-80064,12656343.59,,,S,1,c-2,,TRUE
1596532,ANET,Jayshree Ullal,1605809,2017-06-23,4,"Group(security=""Common Stock (the company's only class)"", direct='I', shares=4491507.0, last_txn={('I', 'trustforchild1'): 856593.0, ('I', 'trustforchild2'): 856593.0, ('I', 'trustfornephew'): 13528.0}, holdings=2764793.0, hold_by_vehicle={('D', ''): 2576.0, ('I', 'trustforniece'): 13528.0, ('I', 'trust'): 2748689.0}, filed='2017-06-23', moved_here=True, opening={('I', 'trustforchild1'): 885729.0, ('I', 'trustforchild2'): 885729.0, ('I', 'trustfornephew'): 15859.0, ('I', 'trustforniece'): 15859.0, ('D', ''): 2576.0, ('I', 'trust'): 2802301.0}, rows=30, as_of='2017-06-23', accession='0001596532-17-000175', table='I')",4491507,71864112,72007874,6.2375,-116546,18674789.46,,,S,1,c-2,,TRUE
1596532,ANET,Jayshree Ullal,1605809,2017-06-27,4,"Group(security=""Common Stock (the company's only class)"", direct='I', shares=4487903.0, last_txn={('I', 'trustforchild1'): 855692.0, ('I', 'trustforchild2'): 855692.0, ('I', 'trustfornephew'): 13456.0, ('I', 'trustforniece'): 13456.0, ('I', 'trust'): 2747031.0}, holdings=2576.0, hold_by_vehicle={('D', ''): 2576.0}, filed='2017-06-27', moved_here=True, opening={('I', 'trustforchild1'): 856593.0, ('I', 'trustforchild2'): 856593.0, ('I', 'trustfornephew'): 13528.0, ('I', 'trustforniece'): 13528.0, ('I', 'trust'): 2748689.0, ('D', ''): 2576.0}, rows=6, as_of='2017-06-27', accession='0001596532-17-000178', table='I')",4487903,71806448,72007874,6.2325,-3604,567076.07,,,S,1,c-2,,TRUE
1596532,ANET,Jayshree Ullal,1605809,2017-07-19,4,"Group(security=""Common Stock (the company's only class)"", direct='I', shares=4465140.0, last_txn={('I', 'trustforchild1'): 850000.0, ('I', 'trustforchild2'): 850000.0, ('I', 'trustfornephew'): 13000.0, ('I', 'trustforniece'): 13000.0, ('I', 'trust'): 2736564.0}, holdings=2576.0, hold_by_vehicle={('D', ''): 2576.0}, filed='2017-07-19', moved_here=True, opening={('I', 'trustforchild1'): 855692.0, ('I', 'trustforchild2'): 855692.0, ('I', 'trustfornephew'): 13456.0, ('I', 'trustforniece'): 13456.0, ('I', 'trust'): 2747031.0, ('D', ''): 2576.0}, rows=11, as_of='2017-07-19', accession='0001596532-17-000194', table='I')",4465140,71442240,72007874,6.2009,-22763,3592218.55,,,S,1,c-2,,TRUE
1596532,ANET,Jayshree Ullal,1605809,2017-08-04,4,"Group(security=""Common Stock (the company's only class)"", direct='I', shares=4065140.0, last_txn={('I', 'trustforchild1'): 750000.0, ('I', 'trustforchild2'): 750000.0}, holdings=2565140.0, hold_by_vehicle={('I', 'trustfornephew'): 5000.0, ('I', 'trustforniece'): 5000.0, ('I', 'trust'): 2552564.0, ('D', ''): 2576.0}, filed='2017-08-04', moved_here=True, opening={('I', 'trustforchild1'): 850000.0, ('I', 'trustforchild2'): 850000.0, ('I', 'trustfornephew'): 13000.0, ('I', 'trustforniece'): 13000.0, ('I', 'trust'): 2736564.0, ('D', ''): 2576.0}, rows=30, as_of='2017-08-04', accession='0001596532-17-000207', table='I')",4065140,65042240,72529963,5.6048,-400000,69351070.19,,,S,1,c-2,,TRUE
1596532,ANET,Jayshree Ullal,1605809,2017-08-21,4,"Group(security=""Common Stock (the company's only class)"", direct='D', shares=4066128.0, last_txn={('D', ''): 3564.0}, holdings=4062564.0, hold_by_vehicle={('I', 'trustforchild1'): 750000.0, ('I', 'trustforchild2'): 750000.0, ('I', 'trustfornephew'): 5000.0, ('I', 'trustforniece'): 5000.0, ('I', 'trust'): 2552564.0}, filed='2017-08-21', moved_here=True, opening={('D', ''): 2576.0, ('I', 'trustforchild1'): 750000.0, ('I', 'trustforchild2'): 750000.0, ('I', 'trustfornephew'): 5000.0, ('I', 'trustforniece'): 5000.0, ('I', 'trust'): 2552564.0}, rows=7, as_of='2017-08-21', accession='0001596532-17-000232', table='I')",4066128,65058048,72529963,5.6061,988,184738.74,1,,FM,1,c-2,,TRUE
1596532,ANET,Jayshree Ullal,1605809,2017-11-07,4,"Group(security=""Common Stock (the company's only class)"", direct='I', shares=3984748.0, last_txn={('I', 'trustforchild1'): 745000.0, ('I', 'trustforchild2'): 745000.0, ('I', 'trust'): 2481184.0}, holdings=13564.0, hold_by_vehicle={('D', ''): 3564.0, ('I', 'trustfornephew'): 5000.0, ('I', 'trustforniece'): 5000.0}, filed='2017-11-07', moved_here=True, opening={('I', 'trustforchild1'): 750000.0, ('I', 'trustforchild2'): 750000.0, ('I', 'trust'): 2552564.0, ('D', ''): 3564.0, ('I', 'trustfornephew'): 5000.0, ('I', 'trustforniece'): 5000.0}, rows=29, as_of='2017-11-07', accession='0001596532-17-000255', table='I')",3984748,63755968,73100644,5.451,-81380,17243549.36,,,S,1,c-2,,TRUE
1596532,ANET,Jayshree Ullal,1605809,2017-11-09,4,"Group(security=""Common Stock (the company's only class)"", direct='I', shares=3911128.0, last_txn={('I', 'trustforchild1'): 740000.0, ('I', 'trustforchild2'): 740000.0, ('I', 'trust'): 2417564.0}, holdings=13564.0, hold_by_vehicle={('D', ''): 3564.0, ('I', 'trustfornephew'): 5000.0, ('I', 'trustforniece'): 5000.0}, filed='2017-11-09', moved_here=True, opening={('I', 'trustforchild1'): 745000.0, ('I', 'trustforchild2'): 745000.0, ('I', 'trust'): 2481184.0, ('D', ''): 3564.0, ('I', 'trustfornephew'): 5000.0, ('I', 'trustforniece'): 5000.0}, rows=20, as_of='2017-11-10', accession='0001596532-17-000257', table='I')",3911128,62578048,73100644,5.3503,-73620,16219456.02,,,S,1,c-2,,TRUE
1596532,ANET,Jayshree Ullal,1605809,2017-11-13,4,"Group(security=""Common Stock (the company's only class)"", direct='I', shares=3838685.0, last_txn={('I', 'trustforchild1'): 728779.0, ('I', 'trustforchild2'): 728778.0, ('I', 'trust'): 2367564.0}, holdings=13564.0, hold_by_vehicle={('D', ''): 3564.0, ('I', 'trustfornephew'): 5000.0, ('I', 'trustforniece'): 5000.0}, filed='2017-11-13', moved_here=True, opening={('I', 'trustforchild1'): 740000.0, ('I', 'trustforchild2'): 740000.0, ('I', 'trust'): 2417564.0, ('D', ''): 3564.0, ('I', 'trustfornephew'): 5000.0, ('I', 'trustforniece'): 5000.0}, rows=12, as_of='2017-11-14', accession='0001596532-17-000259', table='I')",3838685,61418960,73100644,5.2512,-72443,16369057.86,,,S,1,c-2,,TRUE
1596532,ANET,Jayshree Ullal,1605809,2017-11-16,4,"Group(security=""Common Stock (the company's only class)"", direct='I', shares=3786128.0, last_txn={('I', 'trustforchild1'): 715000.0, ('I', 'trustforchild2'): 715000.0, ('I', 'trust'): 2342564.0}, holdings=13564.0, hold_by_vehicle={('D', ''): 3564.0, ('I', 'trustfornephew'): 5000.0, ('I', 'trustforniece'): 5000.0}, filed='2017-11-16', moved_here=True, opening={('I', 'trustforchild1'): 728779.0, ('I', 'trustforchild2'): 728778.0, ('I', 'trust'): 2367564.0, ('D', ''): 3564.0, ('I', 'trustfornephew'): 5000.0, ('I', 'trustforniece'): 5000.0}, rows=18, as_of='2017-11-16', accession='0001596532-17-000261', table='I')",3786128,60578048,73100644,5.1793,-52557,12183578.37,,,S,1,c-2,,TRUE
1596532,ANET,Jayshree Ullal,1605809,2017-11-20,4,"Group(security=""Common Stock (the company's only class)"", direct='D', shares=3787115.0, last_txn={('D', ''): 4551.0}, holdings=3782564.0, hold_by_vehicle={('I', 'trustforchild1'): 715000.0, ('I', 'trustforchild2'): 715000.0, ('I', 'trustfornephew'): 5000.0, ('I', 'trustforniece'): 5000.0, ('I', 'trust'): 2342564.0}, filed='2017-11-20', moved_here=True, opening={('D', ''): 3564.0, ('I', 'trustforchild1'): 715000.0, ('I', 'trustforchild2'): 715000.0, ('I', 'trustfornephew'): 5000.0, ('I', 'trustforniece'): 5000.0, ('I', 'trust'): 2342564.0}, rows=7, as_of='2017-11-20', accession='0001596532-17-000279', table='I')",3787115,60593840,73100644,5.1807,987,260209.08,1,,FM,1,c-2,,TRUE
1596532,ANET,Jayshree Ullal,1605809,2018-02-20,4,"Group(security=""Common Stock (the company's only class)"", direct='D', shares=3787664.0, last_txn={('D', ''): 5900.0, ('I', 'trust'): 2341764.0}, holdings=1440000.0, hold_by_vehicle={('I', 'trustforchild1'): 715000.0, ('I', 'trustforchild2'): 715000.0, ('I', 'trustfornephew'): 5000.0, ('I', 'trustforniece'): 5000.0}, filed='2018-02-20', moved_here=True, opening={('D', ''): 4551.0, ('I', 'trust'): 2342564.0, ('I', 'trustforchild1'): 715000.0, ('I', 'trustforchild2'): 715000.0, ('I', 'trustfornephew'): 5000.0, ('I', 'trustforniece'): 5000.0}, rows=8, as_of='2018-02-20', accession='0001596532-18-000042', table='I')",3787664,60602624,73875377,5.1271,549,376589.45,1,,FMS,1,c-2,,TRUE
1596532,ANET,Jayshree Ullal,1605809,2018-02-23,4,"Group(security=""Common Stock (the company's only class)"", direct='I', shares=3778464.0, last_txn={('I', 'trust'): 2332564.0}, holdings=1445900.0, hold_by_vehicle={('D', ''): 5900.0, ('I', 'trustforchild1'): 715000.0, ('I', 'trustforchild2'): 715000.0, ('I', 'trustfornephew'): 5000.0, ('I', 'trustforniece'): 5000.0}, filed='2018-02-23', moved_here=True, opening={('I', 'trust'): 2341764.0, ('D', ''): 5900.0, ('I', 'trustforchild1'): 715000.0, ('I', 'trustforchild2'): 715000.0, ('I', 'trustfornephew'): 5000.0, ('I', 'trustforniece'): 5000.0}, rows=17, as_of='2018-02-23', accession='0001596532-18-000044', table='I')",3778464,60455424,73875377,5.1146,-9200,2351514.84,,,S,1,c-2,,TRUE
1596532,ANET,Jayshree Ullal,1605809,2018-02-28,4,"Group(security=""Common Stock (the company's only class)"", direct='I', shares=3768464.0, last_txn={('I', 'trustforchild1'): 712500.0, ('I', 'trustforchild2'): 712500.0, ('I', 'trust'): 2327564.0}, holdings=15900.0, hold_by_vehicle={('D', ''): 5900.0, ('I', 'trustfornephew'): 5000.0, ('I', 'trustforniece'): 5000.0}, filed='2018-02-28', moved_here=True, opening={('I', 'trustforchild1'): 715000.0, ('I', 'trustforchild2'): 715000.0, ('I', 'trust'): 2332564.0, ('D', ''): 5900.0, ('I', 'trustfornephew'): 5000.0, ('I', 'trustforniece'): 5000.0}, rows=21, as_of='2018-02-28', accession='0001596532-18-000048', table='I')",3768464,60295424,73875377,5.1011,-10000,2705661.01,,,S,1,c-2,,TRUE
1596532,ANET,Jayshree Ullal,1605809,2018-03-05,4,"Group(security=""Common Stock (the company's only class)"", direct='I', shares=3763464.0, last_txn={('I', 'trust'): 2322564.0}, holdings=1440900.0, hold_by_vehicle={('D', ''): 5900.0, ('I', 'trustforchild1'): 712500.0, ('I', 'trustforchild2'): 712500.0, ('I', 'trustfornephew'): 5000.0, ('I', 'trustforniece'): 5000.0}, filed='2018-03-05', moved_here=True, opening={('I', 'trust'): 2327564.0, ('D', ''): 5900.0, ('I', 'trustforchild1'): 712500.0, ('I', 'trustforchild2'): 712500.0, ('I', 'trustfornephew'): 5000.0, ('I', 'trustforniece'): 5000.0}, rows=13, as_of='2018-03-05', accession='0001596532-18-000058', table='I')",3763464,60215424,73875377,5.0943,-5000,1412731.75,,,S,1,c-2,,TRUE
1596532,ANET,Jayshree Ullal,1605809,2018-03-06,4,"Group(security=""Common Stock (the company's only class)"", direct='I', shares=3752464.0, last_txn={('I', 'trustforchild1'): 709500.0, ('I', 'trustforchild2'): 709500.0, ('I', 'trust'): 2317564.0}, holdings=15900.0, hold_by_vehicle={('D', ''): 5900.0, ('I', 'trustfornephew'): 5000.0, ('I', 'trustforniece'): 5000.0}, filed='2018-03-06', moved_here=True, opening={('I', 'trustforchild1'): 712500.0, ('I', 'trustforchild2'): 712500.0, ('I', 'trust'): 2322564.0, ('D', ''): 5900.0, ('I', 'trustfornephew'): 5000.0, ('I', 'trustforniece'): 5000.0}, rows=18, as_of='2018-03-06', accession='0001596532-18-000060', table='I')",3752464,60039424,73875377,5.0795,-11000,3186392.94,,,S,1,c-2,,TRUE
1596532,ANET,Jayshree Ullal,1605809,2018-03-09,4,"Group(security=""Common Stock (the company's only class)"", direct='I', shares=3747531.0, last_txn={('I', 'trust'): 2312631.0}, holdings=1434900.0, hold_by_vehicle={('D', ''): 5900.0, ('I', 'trustforchild1'): 709500.0, ('I', 'trustforchild2'): 709500.0, ('I', 'trustfornephew'): 5000.0, ('I', 'trustforniece'): 5000.0}, filed='2018-03-09', moved_here=True, opening={('I', 'trust'): 2317564.0, ('D', ''): 5900.0, ('I', 'trustforchild1'): 709500.0, ('I', 'trustforchild2'): 709500.0, ('I', 'trustfornephew'): 5000.0, ('I', 'trustforniece'): 5000.0}, rows=11, as_of='2018-03-09', accession='0001596532-18-000069', table='I')",3747531,59960496,73875377,5.0728,-4933,1476887.84,,,S,1,c-2,,TRUE
1596532,ANET,Jayshree Ullal,1605809,2018-03-14,4,"Group(security=""Common Stock (the company's only class)"", direct='I', shares=3747464.0, last_txn={('I', 'trust'): 2312564.0}, holdings=1434900.0, hold_by_vehicle={('D', ''): 5900.0, ('I', 'trustforchild1'): 709500.0, ('I', 'trustforchild2'): 709500.0, ('I', 'trustfornephew'): 5000.0, ('I', 'trustforniece'): 5000.0}, filed='2018-03-14', moved_here=True, opening={('I', 'trust'): 2312631.0, ('D', ''): 5900.0, ('I', 'trustforchild1'): 709500.0, ('I', 'trustforchild2'): 709500.0, ('I', 'trustfornephew'): 5000.0, ('I', 'trustforniece'): 5000.0}, rows=6, as_of='2018-03-14', accession='0001596532-18-000076', table='I')",3747464,59959424,73875377,5.0727,-67,19950.59,,,S,1,c-2,,TRUE
1596532,ANET,Jayshree Ullal,1605809,2018-04-13,4,0001596532-18-000090,3747464,59959424,73875377,5.0727,,,,,,1,c-2,,TRUE
1596532,ANET,Jayshree Ullal,1605809,2018-05-21,4,"Group(security=""Common Stock (the company's only class)"", direct='D', shares=3748562.0, last_txn={('D', ''): 6998.0}, holdings=3741564.0, hold_by_vehicle={('I', 'trustforchild1'): 709500.0, ('I', 'trustforchild2'): 709500.0, ('I', 'trustfornephew'): 5000.0, ('I', 'trustforniece'): 5000.0, ('I', 'trust'): 2312564.0}, filed='2018-05-21', moved_here=True, opening={('D', ''): 5900.0, ('I', 'trustforchild1'): 709500.0, ('I', 'trustforchild2'): 709500.0, ('I', 'trustfornephew'): 5000.0, ('I', 'trustforniece'): 5000.0, ('I', 'trust'): 2312564.0}, rows=7, as_of='2018-05-21', accession='0001596532-18-000131', table='I')",3748562,59976992,74390994,5.039,1098,245351.25,1,,FM,1,c-2,,TRUE
1596532,ANET,Jayshree Ullal,1605809,2018-08-20,4,"Group(security=""Common Stock (the company's only class)"", direct='D', shares=3749601.0, last_txn={('D', ''): 8037.0}, holdings=3741564.0, hold_by_vehicle={('I', 'trustforchild1'): 709500.0, ('I', 'trustforchild2'): 709500.0, ('I', 'trustfornephew'): 5000.0, ('I', 'trustforniece'): 5000.0, ('I', 'trust'): 2312564.0}, filed='2018-08-20', moved_here=True, opening={('D', ''): 6998.0, ('I', 'trustforchild1'): 709500.0, ('I', 'trustforchild2'): 709500.0, ('I', 'trustfornephew'): 5000.0, ('I', 'trustforniece'): 5000.0, ('I', 'trust'): 2312564.0}, rows=7, as_of='2018-08-20', accession='0001596532-18-000196', table='I')",3749601,59993616,74823689,5.0112,1039,280015.56,1,,FM,1,c-2,,TRUE
1596532,ANET,Jayshree Ullal,1605809,2018-08-24,4,"Group(security=""Common Stock (the company's only class)"", direct='D', shares=3737601.0, last_txn={('D', ''): 8037.0, ('I', 'trustforchild1'): 706500.0, ('I', 'trustforchild2'): 706500.0}, holdings=2316564.0, hold_by_vehicle={('I', 'trustfornephew'): 5000.0, ('I', 'trustforniece'): 5000.0, ('I', 'trust'): 2306564.0}, filed='2018-08-24', moved_here=True, opening={('D', ''): 8037.0, ('I', 'trustforchild1'): 709500.0, ('I', 'trustforchild2'): 709500.0, ('I', 'trust'): 2312564.0, ('I', 'trustfornephew'): 5000.0, ('I', 'trustforniece'): 5000.0}, rows=30, as_of='2018-08-27', accession='0001596532-18-000210', table='I')",3737601,59801616,74823689,4.9952,-12000,27906189.87,,,MS,1,c-2,,TRUE
1596532,ANET,Jayshree Ullal,1605809,2018-11-20,4,"Group(security=""Common Stock (the company's only class)"", direct='D', shares=3738641.0, last_txn={('D', ''): 9077.0}, holdings=3729564.0, hold_by_vehicle={('I', 'trustforchild1'): 706500.0, ('I', 'trustforchild2'): 706500.0, ('I', 'trustfornephew'): 5000.0, ('I', 'trustforniece'): 5000.0, ('I', 'trust'): 2306564.0}, filed='2018-11-20', moved_here=True, opening={('D', ''): 8037.0, ('I', 'trustforchild1'): 706500.0, ('I', 'trustforchild2'): 706500.0, ('I', 'trustfornephew'): 5000.0, ('I', 'trustforniece'): 5000.0, ('I', 'trust'): 2306564.0}, rows=7, as_of='2018-11-20', accession='0001596532-18-000256', table='I')",3738641,59818256,75427300,4.9566,1040,224425.74,1,,FM,1,c-2,,TRUE
1596532,ANET,Jayshree Ullal,1605809,2019-02-08,4,0001596532-19-000020,3738641,59818256,75730873,4.9367,,,,,,1,c-2,,TRUE
1596532,ANET,Jayshree Ullal,1605809,2019-02-20,4,"Group(security=""Common Stock (the company's only class)"", direct='D', shares=3739989.0, last_txn={('D', ''): 10425.0}, holdings=3729564.0, hold_by_vehicle={('I', 'trustforchild1'): 706500.0, ('I', 'trustforchild2'): 706500.0, ('I', 'trustfornephew'): 5000.0, ('I', 'trustforniece'): 5000.0, ('I', 'trust'): 2306564.0}, filed='2019-02-20', moved_here=True, opening={('D', ''): 9077.0, ('I', 'trustforchild1'): 706500.0, ('I', 'trustforchild2'): 706500.0, ('I', 'trustfornephew'): 5000.0, ('I', 'trustforniece'): 5000.0, ('I', 'trust'): 2306564.0}, rows=7, as_of='2019-02-20', accession='0001596532-19-000048', table='I')",3739989,59839824,75730873,4.9385,1348,193294.08,1,,FM,1,c-2,,TRUE
1596532,ANET,Jayshree Ullal,1605809,2019-03-01,4,"Group(security=""Common Stock (the company's only class)"", direct='I', shares=3706491.0, last_txn={('I', 'trustforchild1'): 701706.0, ('I', 'trustforchild2'): 701706.0, ('I', 'trust'): 2282654.0}, holdings=20425.0, hold_by_vehicle={('D', ''): 10425.0, ('I', 'trustfornephew'): 5000.0, ('I', 'trustforniece'): 5000.0}, filed='2019-03-01', moved_here=True, opening={('I', 'trustforchild1'): 706500.0, ('I', 'trustforchild2'): 706500.0, ('I', 'trust'): 2306564.0, ('D', ''): 10425.0, ('I', 'trustfornephew'): 5000.0, ('I', 'trustforniece'): 5000.0}, rows=24, as_of='2019-03-01', accession='0001596532-19-000065', table='I')",3706491,59303856,75730873,4.8943,-33498,9602267.31,,,S,1,c-2,,TRUE
1596532,ANET,Jayshree Ullal,1605809,2019-03-13,4/A,"Group(security=""Common Stock (the company's only class)"", direct='I', shares=701000.0, last_txn={('I', 'trustforchild2'): 701000.0}, holdings=0.0, hold_by_vehicle={}, filed='2019-03-13', moved_here=True, opening={('I', 'trustforchild2'): 701198.0}, rows=1, as_of='2019-03-13', accession='0001596532-19-000077', table='I')",721425,11542800,75730873,0.9526,-198,58008.91,,-47757888,S,1,c-2,TRUE,TRUE
1596532,ANET,Jayshree Ullal,1605809,2019-03-15,4,"Group(security=""Common Stock (the company's only class)"", direct='I', shares=3698989.0, last_txn={('I', 'trust'): 2276564.0}, holdings=1422425.0, hold_by_vehicle={('D', ''): 10425.0, ('I', 'trustforchild1'): 701000.0, ('I', 'trustforchild2'): 701000.0, ('I', 'trustfornephew'): 5000.0, ('I', 'trustforniece'): 5000.0}, filed='2019-03-15', moved_here=True, opening={('I', 'trust'): 2281564.0, ('D', ''): 10425.0, ('I', 'trustforchild1'): 701000.0, ('I', 'trustforchild2'): 701000.0, ('I', 'trustfornephew'): 5000.0, ('I', 'trustforniece'): 5000.0}, rows=18, as_of='2019-03-15', accession='0001596532-19-000073', table='I')",3698989,59183824,75730873,4.8844,-5000,9659403.4,,47721024,MS,1,c-2,,TRUE
1596532,ANET,Jayshree Ullal,1605809,2019-03-21,4,"Group(security=""Common Stock (the company's only class)"", direct='I', shares=3686989.0, last_txn={('I', 'trustforchild1'): 698000.0, ('I', 'trustforchild2'): 698000.0, ('I', 'trust'): 2270564.0}, holdings=20425.0, hold_by_vehicle={('D', ''): 10425.0, ('I', 'trustfornephew'): 5000.0, ('I', 'trustforniece'): 5000.0}, filed='2019-03-21', moved_here=True, opening={('I', 'trustforchild1'): 701000.0, ('I', 'trustforchild2'): 701000.0, ('I', 'trust'): 2276564.0, ('D', ''): 10425.0, ('I', 'trustfornephew'): 5000.0, ('I', 'trustforniece'): 5000.0}, rows=30, as_of='2019-03-21', accession='0001596532-19-000081', table='I')",3686989,58991824,75730873,4.8685,-12000,3761289.19,,,S,1,c-2,,TRUE
1596532,ANET,Jayshree Ullal,1605809,2019-04-01,4,"Group(security=""Common Stock (the company's only class)"", direct='I', shares=3670989.0, last_txn={('I', 'trustforchild1'): 694000.0, ('I', 'trustforchild2'): 694000.0, ('I', 'trust'): 2262564.0}, holdings=20425.0, hold_by_vehicle={('D', ''): 10425.0, ('I', 'trustfornephew'): 5000.0, ('I', 'trustforniece'): 5000.0}, filed='2019-04-01', moved_here=True, opening={('I', 'trustforchild1'): 698000.0, ('I', 'trustforchild2'): 698000.0, ('I', 'trust'): 2270564.0, ('D', ''): 10425.0, ('I', 'trustfornephew'): 5000.0, ('I', 'trustforniece'): 5000.0}, rows=9, as_of='2019-04-01', accession='0001596532-19-000084', table='I')",3670989,58735824,75730873,4.8474,-16000,5089481.32,,,S,1,c-2,,TRUE
1596532,ANET,Jayshree Ullal,1605809,2019-04-15,4,"Group(security=""Common Stock (the company's only class)"", direct='I', shares=3650989.0, last_txn={('I', 'trustforchild1'): 689000.0, ('I', 'trustforchild2'): 689000.0, ('I', 'trust'): 2252564.0}, holdings=20425.0, hold_by_vehicle={('D', ''): 10425.0, ('I', 'trustfornephew'): 5000.0, ('I', 'trustforniece'): 5000.0}, filed='2019-04-15', moved_here=True, opening={('I', 'trustforchild1'): 694000.0, ('I', 'trustforchild2'): 694000.0, ('I', 'trust'): 2262564.0, ('D', ''): 10425.0, ('I', 'trustfornephew'): 5000.0, ('I', 'trustforniece'): 5000.0}, rows=18, as_of='2019-04-15', accession='0001596532-19-000088', table='I')",3650989,58415824,75730873,4.821,-20000,6580607.71,,,S,1,c-2,,TRUE
1596532,ANET,Jayshree Ullal,1605809,2019-05-20,4,"Group(security=""Common Stock (the company's only class)"", direct='D', shares=3652659.0, last_txn={('D', ''): 12095.0}, holdings=3640564.0, hold_by_vehicle={('I', 'trustforchild1'): 689000.0, ('I', 'trustforchild2'): 689000.0, ('I', 'trustfornephew'): 5000.0, ('I', 'trustforniece'): 5000.0, ('I', 'trust'): 2252564.0}, filed='2019-05-20', moved_here=True, opening={('D', ''): 10425.0, ('I', 'trustforchild1'): 689000.0, ('I', 'trustforchild2'): 689000.0, ('I', 'trustfornephew'): 5000.0, ('I', 'trustforniece'): 5000.0, ('I', 'trust'): 2252564.0}, rows=8, as_of='2019-05-20', accession='0001596532-19-000142', table='I')",3652659,58442544,76622544,4.7671,1670,402452.85,2,,FM,1,c-2,,TRUE
1596532,ANET,Jayshree Ullal,1605809,2019-08-20,4,"Group(security=""Common Stock (the company's only class)"", direct='D', shares=3654328.0, last_txn={('D', ''): 13764.0}, holdings=3640564.0, hold_by_vehicle={('I', 'trustforchild1'): 689000.0, ('I', 'trustforchild2'): 689000.0, ('I', 'trustfornephew'): 5000.0, ('I', 'trustforniece'): 5000.0, ('I', 'trust'): 2252564.0}, filed='2019-08-20', moved_here=True, opening={('D', ''): 12095.0, ('I', 'trustforchild1'): 689000.0, ('I', 'trustforchild2'): 689000.0, ('I', 'trustfornephew'): 5000.0, ('I', 'trustforniece'): 5000.0, ('I', 'trust'): 2252564.0}, rows=8, as_of='2019-08-20', accession='0001596532-19-000208', table='I')",3654328,58469248,76644302,4.7679,1669,360129.17,2,,FM,1,c-2,,TRUE
1596532,ANET,Jayshree Ullal,1605809,2019-11-20,4,"Group(security=""Common Stock (the company's only class)"", direct='D', shares=3655998.0, last_txn={('D', ''): 15434.0}, holdings=3640564.0, hold_by_vehicle={('I', 'trustforchild1'): 689000.0, ('I', 'trustforchild2'): 689000.0, ('I', 'trustfornephew'): 5000.0, ('I', 'trustforniece'): 5000.0, ('I', 'trust'): 2252564.0}, filed='2019-11-20', moved_here=True, opening={('D', ''): 13764.0, ('I', 'trustforchild1'): 689000.0, ('I', 'trustforchild2'): 689000.0, ('I', 'trustfornephew'): 5000.0, ('I', 'trustforniece'): 5000.0, ('I', 'trust'): 2252564.0}, rows=8, as_of='2019-11-20', accession='0001596532-19-000260', table='I')",3655998,58495968,76399052,4.7854,1670,318807.72,2,,FM,1,c-2,,TRUE
1596532,ANET,Jayshree Ullal,1605809,2020-02-20,4,"Group(security=""Common Stock (the company's only class)"", direct='D', shares=3658141.0, last_txn={('D', ''): 17577.0}, holdings=3640564.0, hold_by_vehicle={('I', 'trustforchild1'): 689000.0, ('I', 'trustforchild2'): 689000.0, ('I', 'trustfornephew'): 5000.0, ('I', 'trustforniece'): 5000.0, ('I', 'trust'): 2252564.0}, filed='2020-02-20', moved_here=True, opening={('D', ''): 15434.0, ('I', 'trustforchild1'): 689000.0, ('I', 'trustforchild2'): 689000.0, ('I', 'trustfornephew'): 5000.0, ('I', 'trustforniece'): 5000.0, ('I', 'trust'): 2252564.0}, rows=8, as_of='2020-02-20', accession='0001596532-20-000050', table='I')",3658141,58530256,76479227,4.7832,2143,266859.32,2,,FM,1,c-2,,TRUE
1596532,ANET,Jayshree Ullal,1605809,2020-05-20,4,"Group(security=""Common Stock (the company's only class)"", direct='D', shares=3659973.0, last_txn={('D', ''): 19409.0}, holdings=3640564.0, hold_by_vehicle={('I', 'trustforchild1'): 689000.0, ('I', 'trustforchild2'): 689000.0, ('I', 'trustfornephew'): 5000.0, ('I', 'trustforniece'): 5000.0, ('I', 'trust'): 2252564.0}, filed='2020-05-20', moved_here=True, opening={('D', ''): 17577.0, ('I', 'trustforchild1'): 689000.0, ('I', 'trustforchild2'): 689000.0, ('I', 'trustfornephew'): 5000.0, ('I', 'trustforniece'): 5000.0, ('I', 'trust'): 2252564.0}, rows=8, as_of='2020-05-20', accession='0001596532-20-000101', table='I')",3659973,58559568,75704516,4.8346,1832,332780.7,2,,FM,1,c-2,,TRUE
1596532,ANET,Jayshree Ullal,1605809,2020-08-07,4,"Group(security=""Common Stock (the company's only class)"", direct='D', shares=3580999.0, last_txn={('D', ''): 15434.0, ('I', 'trustforchild1'): 668167.0, ('I', 'trustforchild2'): 668167.0}, holdings=2229231.0, hold_by_vehicle={('I', 'trustfornephew'): 5000.0, ('I', 'trustforniece'): 5000.0, ('I', 'trust'): 2219231.0}, filed='2020-08-07', moved_here=True, opening={('D', ''): 19409.0, ('I', 'trustforchild1'): 689000.0, ('I', 'trustforchild2'): 689000.0, ('I', 'trust'): 2252564.0, ('I', 'trustfornephew'): 5000.0, ('I', 'trustforniece'): 5000.0}, rows=30, as_of='2020-08-07', accession='0001596532-20-000161', table='I')",3580999,57295984,76025600,4.7103,-78974,35768159.55,,,MS,1,c-2,,TRUE
1596532,ANET,Jayshree Ullal,1605809,2020-08-20,4,"Group(security=""Common Stock (the company's only class)"", direct='D', shares=3582668.0, last_txn={('D', ''): 17103.0}, holdings=3565565.0, hold_by_vehicle={('I', 'trustforchild1'): 668167.0, ('I', 'trustforchild2'): 668167.0, ('I', 'trustfornephew'): 5000.0, ('I', 'trustforniece'): 5000.0, ('I', 'trust'): 2219231.0}, filed='2020-08-20', moved_here=True, opening={('D', ''): 15434.0, ('I', 'trustforchild1'): 668167.0, ('I', 'trustforchild2'): 668167.0, ('I', 'trustfornephew'): 5000.0, ('I', 'trustforniece'): 5000.0, ('I', 'trust'): 2219231.0}, rows=8, as_of='2020-08-20', accession='0001596532-20-000190', table='I')",3582668,57322688,76025600,4.7124,1669,363727.34,2,,FM,1,c-2,,TRUE
1596532,ANET,Jayshree Ullal,1605809,2020-08-24,4,"Group(security=""Common Stock (the company's only class)"", direct='D', shares=3580999.0, last_txn={('D', ''): 15434.0}, holdings=3565565.0, hold_by_vehicle={('I', 'trustforchild1'): 668167.0, ('I', 'trustforchild2'): 668167.0, ('I', 'trustfornephew'): 5000.0, ('I', 'trustforniece'): 5000.0, ('I', 'trust'): 2219231.0}, filed='2020-08-24', moved_here=True, opening={('D', ''): 17103.0, ('I', 'trustforchild1'): 668167.0, ('I', 'trustforchild2'): 668167.0, ('I', 'trustfornephew'): 5000.0, ('I', 'trustforniece'): 5000.0, ('I', 'trust'): 2219231.0}, rows=11, as_of='2020-08-24', accession='0001596532-20-000194', table='I')",3580999,57295984,76025600,4.7103,-1669,366125.58,,,S,1,c-2,,TRUE
1596532,ANET,Jayshree Ullal,1605809,2020-09-01,4,"Group(security=""Common Stock (the company's only class)"", direct='D', shares=3571968.0, last_txn={('D', ''): 15434.0, ('I', 'trust'): 2210200.0}, holdings=1346334.0, hold_by_vehicle={('I', 'trustforchild1'): 668167.0, ('I', 'trustforchild2'): 668167.0, ('I', 'trustfornephew'): 5000.0, ('I', 'trustforniece'): 5000.0}, filed='2020-09-01', moved_here=True, opening={('D', ''): 15434.0, ('I', 'trust'): 2219231.0, ('I', 'trustforchild1'): 668167.0, ('I', 'trustforchild2'): 668167.0, ('I', 'trustfornephew'): 5000.0, ('I', 'trustforniece'): 5000.0}, rows=14, as_of='2020-09-01', accession='0001596532-20-000202', table='I')",3571968,57151488,76025600,4.6984,-9031,2596394.56,,,MS,1,c-2,,TRUE
1596532,ANET,Jayshree Ullal,1605809,2020-09-08,4,"Group(security=""Common Stock (the company's only class)"", direct='D', shares=3571968.0, last_txn={('D', ''): 15434.0}, holdings=3556534.0, hold_by_vehicle={('I', 'trustforchild1'): 668167.0, ('I', 'trustforchild2'): 668167.0, ('I', 'trustfornephew'): 5000.0, ('I', 'trustforniece'): 5000.0, ('I', 'trust'): 2210200.0}, filed='2020-09-08', moved_here=True, opening={('D', ''): 15434.0, ('I', 'trustforchild1'): 668167.0, ('I', 'trustforchild2'): 668167.0, ('I', 'trustfornephew'): 5000.0, ('I', 'trustforniece'): 5000.0, ('I', 'trust'): 2210200.0}, rows=9, as_of='2020-09-08', accession='0001596532-20-000204', table='I')",3571968,57151488,76025600,4.6984,,417204.02,,,MS,1,c-2,,TRUE
1596532,ANET,Jayshree Ullal,1605809,2020-10-01,4,"Group(security=""Common Stock (the company's only class)"", direct='D', shares=3571968.0, last_txn={('D', ''): 15434.0}, holdings=3556534.0, hold_by_vehicle={('I', 'trustforchild1'): 668167.0, ('I', 'trustforchild2'): 668167.0, ('I', 'trustfornephew'): 5000.0, ('I', 'trustforniece'): 5000.0, ('I', 'trust'): 2210200.0}, filed='2020-10-01', moved_here=True, opening={('D', ''): 15434.0, ('I', 'trustforchild1'): 668167.0, ('I', 'trustforchild2'): 668167.0, ('I', 'trustfornephew'): 5000.0, ('I', 'trustforniece'): 5000.0, ('I', 'trust'): 2210200.0}, rows=10, as_of='2020-10-01', accession='0001596532-20-000210', table='I')",3571968,57151488,76025600,4.6984,,514462.97,,,MS,1,c-2,,TRUE
1596532,ANET,Jayshree Ullal,1605809,2020-10-06,4,"Group(security=""Common Stock (the company's only class)"", direct='D', shares=3571968.0, last_txn={('D', ''): 15434.0}, holdings=3556534.0, hold_by_vehicle={('I', 'trustforchild1'): 668167.0, ('I', 'trustforchild2'): 668167.0, ('I', 'trustfornephew'): 5000.0, ('I', 'trustforniece'): 5000.0, ('I', 'trust'): 2210200.0}, filed='2020-10-06', moved_here=True, opening={('D', ''): 15434.0, ('I', 'trustforchild1'): 668167.0, ('I', 'trustforchild2'): 668167.0, ('I', 'trustfornephew'): 5000.0, ('I', 'trustforniece'): 5000.0, ('I', 'trust'): 2210200.0}, rows=10, as_of='2020-10-06', accession='0001596532-20-000212', table='I')",3571968,57151488,76025600,4.6984,,417730.37,,,MS,1,c-2,,TRUE
1596532,ANET,Jayshree Ullal,1605809,2020-11-02,4,"Group(security=""Common Stock (the company's only class)"", direct='D', shares=3506000.0, last_txn={('D', ''): 15434.0, ('I', 'trustforchild1'): 647334.0}, holdings=2843232.0, hold_by_vehicle={('I', 'trustfornephew'): 5000.0, ('I', 'trustforniece'): 5000.0, ('I', 'trustforchild2'): 647334.0, ('I', 'trust'): 2185898.0}, filed='2020-11-02', moved_here=True, opening={('D', ''): 15434.0, ('I', 'trustforchild1'): 668167.0, ('I', 'trustforchild2'): 668167.0, ('I', 'trustfornephew'): 5000.0, ('I', 'trustforniece'): 5000.0, ('I', 'trust'): 2210200.0}, rows=30, as_of='2020-11-02', accession='0001596532-20-000231', table='I')",3506000,56096000,75661464,4.6338,-65968,17085545.78,,,MS,1,c-2,,TRUE
1596532,ANET,Jayshree Ullal,1605809,2020-11-06,4,"Group(security=""Common Stock (the company's only class)"", direct='D', shares=3506000.0, last_txn={('D', ''): 15434.0}, holdings=3490566.0, hold_by_vehicle={('I', 'trustforchild1'): 647334.0, ('I', 'trustforchild2'): 647334.0, ('I', 'trustfornephew'): 5000.0, ('I', 'trustforniece'): 5000.0, ('I', 'trust'): 2185898.0}, filed='2020-11-06', moved_here=True, opening={('D', ''): 15434.0, ('I', 'trustforchild1'): 647334.0, ('I', 'trustforchild2'): 647334.0, ('I', 'trustfornephew'): 5000.0, ('I', 'trustforniece'): 5000.0, ('I', 'trust'): 2185898.0}, rows=13, as_of='2020-11-06', accession='0001596532-20-000244', table='I')",3506000,56096000,75661464,4.6338,,487309.1,,,MS,1,c-2,,TRUE
1596532,ANET,Jayshree Ullal,1605809,2020-11-20,4,"Group(security=""Common Stock (the company's only class)"", direct='D', shares=3506000.0, last_txn={('D', ''): 15434.0}, holdings=3490566.0, hold_by_vehicle={('I', 'trustforchild1'): 647334.0, ('I', 'trustforchild2'): 647334.0, ('I', 'trustfornephew'): 5000.0, ('I', 'trustforniece'): 5000.0, ('I', 'trust'): 2185898.0}, filed='2020-11-20', moved_here=True, opening={('D', ''): 15434.0, ('I', 'trustforchild1'): 647334.0, ('I', 'trustforchild2'): 647334.0, ('I', 'trustfornephew'): 5000.0, ('I', 'trustforniece'): 5000.0, ('I', 'trust'): 2185898.0}, rows=12, as_of='2020-11-20', accession='0001596532-20-000280', table='I')",3506000,56096000,75661464,4.6338,,889135.16,2,,FMS,1,c-2,,TRUE
1596532,ANET,Jayshree Ullal,1605809,2020-12-01,4,"Group(security=""Common Stock (the company's only class)"", direct='D', shares=3443060.0, last_txn={('D', ''): 15434.0, ('I', 'trustforchild1'): 629710.0, ('I', 'trustforchild2'): 629710.0}, holdings=2168206.0, hold_by_vehicle={('I', 'trustfornephew'): 5000.0, ('I', 'trustforniece'): 5000.0, ('I', 'trust'): 2158206.0}, filed='2020-12-01', moved_here=True, opening={('D', ''): 15434.0, ('I', 'trustforchild1'): 647334.0, ('I', 'trustforchild2'): 647334.0, ('I', 'trust'): 2185898.0, ('I', 'trustfornephew'): 5000.0, ('I', 'trustforniece'): 5000.0}, rows=30, as_of='2020-12-01', accession='0001596532-20-000293', table='I')",3443060,55088960,75661464,4.5506,-62940,17843070.87,,,MS,1,c-2,,TRUE
1596532,ANET,Jayshree Ullal,1605809,2020-12-03,4,"Group(security=""Common Stock (the company's only class)"", direct='I', shares=3430998.0, last_txn={('I', 'trustforchild1'): 626500.0, ('I', 'trustforchild2'): 626500.0, ('I', 'trust'): 2152564.0}, holdings=25434.0, hold_by_vehicle={('D', ''): 15434.0, ('I', 'trustfornephew'): 5000.0, ('I', 'trustforniece'): 5000.0}, filed='2020-12-03', moved_here=True, opening={('I', 'trustforchild1'): 629711.0, ('I', 'trustforchild2'): 629711.0, ('I', 'trust'): 2158204.0, ('D', ''): 15434.0, ('I', 'trustfornephew'): 5000.0, ('I', 'trustforniece'): 5000.0}, rows=15, as_of='2020-12-03', accession='0001596532-20-000296', table='I')",3430998,54895968,75661464,4.5347,-12062,3261610.14,,,S,1,c-2,,TRUE
1596532,ANET,Jayshree Ullal,1605809,2020-12-07,4,"Group(security=""Common Stock (the company's only class)"", direct='D', shares=3430998.0, last_txn={('D', ''): 15434.0}, holdings=3415564.0, hold_by_vehicle={('I', 'trustforchild1'): 626500.0, ('I', 'trustforchild2'): 626500.0, ('I', 'trustfornephew'): 5000.0, ('I', 'trustforniece'): 5000.0, ('I', 'trust'): 2152564.0}, filed='2020-12-07', moved_here=True, opening={('D', ''): 15434.0, ('I', 'trustforchild1'): 626500.0, ('I', 'trustforchild2'): 626500.0, ('I', 'trustfornephew'): 5000.0, ('I', 'trustforniece'): 5000.0, ('I', 'trust'): 2152564.0}, rows=12, as_of='2020-12-07', accession='0001596532-20-000306', table='I')",3430998,54895968,75661464,4.5347,,507190.21,,,MS,1,c-2,,TRUE
1596532,ANET,Jayshree Ullal,1605809,2020-12-28,4,"Group(security=""Common Stock (the company's only class)"", direct='D', shares=3430998.0, last_txn={('D', ''): 15434.0}, holdings=3415564.0, hold_by_vehicle={('I', 'trustforchild1'): 626500.0, ('I', 'trustforchild2'): 626500.0, ('I', 'trustfornephew'): 5000.0, ('I', 'trustforniece'): 5000.0, ('I', 'trust'): 2152564.0}, filed='2020-12-28', moved_here=True, opening={('D', ''): 15434.0, ('I', 'trustforchild1'): 626500.0, ('I', 'trustforchild2'): 626500.0, ('I', 'trustfornephew'): 5000.0, ('I', 'trustforniece'): 5000.0, ('I', 'trust'): 2152564.0}, rows=7, as_of='2020-12-28', accession='0001596532-20-000314', table='I')",3430998,54895968,75661464,4.5347,,32238.44,,,MS,1,c-2,,TRUE
1596532,ANET,Jayshree Ullal,1605809,2021-01-04,4,"Group(security=""Common Stock (the company's only class)"", direct='D', shares=3208868.0, last_txn={('D', ''): 15434.0, ('I', 'trustforchild1'): 565435.0}, holdings=2627999.0, hold_by_vehicle={('I', 'trustfornephew'): 5000.0, ('I', 'trustforniece'): 5000.0, ('I', 'trustforchild2'): 565435.0, ('I', 'trust'): 2052564.0}, filed='2021-01-04', moved_here=True, opening={('D', ''): 15434.0, ('I', 'trustforchild1'): 626500.0, ('I', 'trustforchild2'): 626500.0, ('I', 'trustfornephew'): 5000.0, ('I', 'trustforniece'): 5000.0, ('I', 'trust'): 2152564.0}, rows=30, as_of='2021-01-04', accession='0001596532-21-000011', table='I')",3208868,51341888,75661464,4.2411,-222130,63910457.35,,,MS,1,c-2,,TRUE
1596532,ANET,Jayshree Ullal,1605809,2021-01-06,4,"Group(security=""Common Stock (the company's only class)"", direct='D', shares=3205998.0, last_txn={('D', ''): 15434.0, ('I', 'trustforchild1'): 564000.0}, holdings=2626564.0, hold_by_vehicle={('I', 'trustfornephew'): 5000.0, ('I', 'trustforniece'): 5000.0, ('I', 'trust'): 2052564.0, ('I', 'trustforchild2'): 564000.0}, filed='2021-01-06', moved_here=True, opening={('D', ''): 15434.0, ('I', 'trustforchild1'): 565435.0, ('I', 'trustforchild2'): 565435.0, ('I', 'trustfornephew'): 5000.0, ('I', 'trustforniece'): 5000.0, ('I', 'trust'): 2052564.0}, rows=30, as_of='2021-01-06', accession='0001596532-21-000015', table='I')",3205998,51295968,75661464,4.2373,-2870,2049464.97,,,MS,1,c-2,,TRUE
1596532,ANET,Jayshree Ullal,1605809,2021-02-01,4,"Group(security=""Common Stock (the company's only class)"", direct='D', shares=3205998.0, last_txn={('D', ''): 15434.0}, holdings=3190564.0, hold_by_vehicle={('I', 'trustforchild1'): 564000.0, ('I', 'trustforchild2'): 564000.0, ('I', 'trustfornephew'): 5000.0, ('I', 'trustforniece'): 5000.0, ('I', 'trust'): 2052564.0}, filed='2021-02-01', moved_here=True, opening={('D', ''): 15434.0, ('I', 'trustforchild1'): 564000.0, ('I', 'trustforchild2'): 564000.0, ('I', 'trustfornephew'): 5000.0, ('I', 'trustforniece'): 5000.0, ('I', 'trust'): 2052564.0}, rows=17, as_of='2021-02-01', accession='0001596532-21-000028', table='I')",3205998,51295968,75661464,4.2373,,937182.63,,,MS,1,c-2,,TRUE
1596532,ANET,Jayshree Ullal,1605809,2021-02-08,4,"Group(security=""Common Stock (the company's only class)"", direct='D', shares=3205998.0, last_txn={('D', ''): 15434.0}, holdings=3190564.0, hold_by_vehicle={('I', 'trustforchild1'): 564000.0, ('I', 'trustforchild2'): 564000.0, ('I', 'trustfornephew'): 5000.0, ('I', 'trustforniece'): 5000.0, ('I', 'trust'): 2052564.0}, filed='2021-02-08', moved_here=True, opening={('D', ''): 15434.0, ('I', 'trustforchild1'): 564000.0, ('I', 'trustforchild2'): 564000.0, ('I', 'trustfornephew'): 5000.0, ('I', 'trustforniece'): 5000.0, ('I', 'trust'): 2052564.0}, rows=11, as_of='2021-02-08', accession='0001596532-21-000032', table='I')",3205998,51295968,75661464,4.2373,,572941.33,,,MS,1,c-2,,TRUE
1596532,ANET,Jayshree Ullal,1605809,2021-02-22,4,"Group(security=""Common Stock (the company's only class)"", direct='D', shares=3208193.0, last_txn={('D', ''): 17629.0}, holdings=3190564.0, hold_by_vehicle={('I', 'trustforchild1'): 564000.0, ('I', 'trustforchild2'): 564000.0, ('I', 'trustfornephew'): 5000.0, ('I', 'trustforniece'): 5000.0, ('I', 'trust'): 2052564.0}, filed='2021-02-22', moved_here=True, opening={('D', ''): 15434.0, ('I', 'trustforchild1'): 564000.0, ('I', 'trustforchild2'): 564000.0, ('I', 'trustfornephew'): 5000.0, ('I', 'trustforniece'): 5000.0, ('I', 'trust'): 2052564.0}, rows=9, as_of='2021-02-22', accession='0001596532-21-000084', table='I')",3208193,51331088,76331573,4.203,2195,631649.92,3,,FM,1,c-2,,TRUE
1596532,ANET,Jayshree Ullal,1605809,2021-02-24,4,"Group(security=""Common Stock (the company's only class)"", direct='D', shares=3206524.0, last_txn={('D', ''): 15960.0}, holdings=3190564.0, hold_by_vehicle={('I', 'trustforchild1'): 564000.0, ('I', 'trustforchild2'): 564000.0, ('I', 'trustfornephew'): 5000.0, ('I', 'trustforniece'): 5000.0, ('I', 'trust'): 2052564.0}, filed='2021-02-24', moved_here=True, opening={('D', ''): 17629.0, ('I', 'trustforchild1'): 564000.0, ('I', 'trustforchild2'): 564000.0, ('I', 'trustfornephew'): 5000.0, ('I', 'trustforniece'): 5000.0, ('I', 'trust'): 2052564.0}, rows=11, as_of='2021-02-24', accession='0001596532-21-000090', table='I')",3206524,51304384,76331573,4.2008,-1669,477109.76,,,S,1,c-2,,TRUE
1596532,ANET,Jayshree Ullal,1605809,2021-03-01,4,"Group(security=""Common Stock (the company's only class)"", direct='D', shares=3206524.0, last_txn={('D', ''): 15960.0}, holdings=3190564.0, hold_by_vehicle={('I', 'trustforchild1'): 564000.0, ('I', 'trustforchild2'): 564000.0, ('I', 'trustfornephew'): 5000.0, ('I', 'trustforniece'): 5000.0, ('I', 'trust'): 2052564.0}, filed='2021-03-01', moved_here=True, opening={('D', ''): 15960.0, ('I', 'trustforchild1'): 564000.0, ('I', 'trustforchild2'): 564000.0, ('I', 'trustfornephew'): 5000.0, ('I', 'trustforniece'): 5000.0, ('I', 'trust'): 2052564.0}, rows=13, as_of='2021-03-01', accession='0001596532-21-000098', table='I')",3206524,51304384,76331573,4.2008,,781111.35,,,MS,1,c-2,,TRUE
1596532,ANET,Jayshree Ullal,1605809,2021-03-08,4,"Group(security=""Common Stock (the company's only class)"", direct='D', shares=3206524.0, last_txn={('D', ''): 15960.0}, holdings=3190564.0, hold_by_vehicle={('I', 'trustforchild1'): 564000.0, ('I', 'trustforchild2'): 564000.0, ('I', 'trustfornephew'): 5000.0, ('I', 'trustforniece'): 5000.0, ('I', 'trust'): 2052564.0}, filed='2021-03-08', moved_here=True, opening={('D', ''): 15960.0, ('I', 'trustforchild1'): 564000.0, ('I', 'trustforchild2'): 564000.0, ('I', 'trustfornephew'): 5000.0, ('I', 'trustforniece'): 5000.0, ('I', 'trust'): 2052564.0}, rows=12, as_of='2021-03-08', accession='0001596532-21-000102', table='I')",3206524,51304384,76331573,4.2008,,505903.47,,,MS,1,c-2,,TRUE
1596532,ANET,Jayshree Ullal,1605809,2021-03-26,4,"Group(security=""Common Stock (the company's only class)"", direct='D', shares=3206524.0, last_txn={('D', ''): 15960.0}, holdings=3190564.0, hold_by_vehicle={('I', 'trustforchild1'): 564000.0, ('I', 'trustforchild2'): 564000.0, ('I', 'trustfornephew'): 5000.0, ('I', 'trustforniece'): 5000.0, ('I', 'trust'): 2052564.0}, filed='2021-03-26', moved_here=True, opening={('D', ''): 15960.0, ('I', 'trustforchild1'): 564000.0, ('I', 'trustforchild2'): 564000.0, ('I', 'trustfornephew'): 5000.0, ('I', 'trustforniece'): 5000.0, ('I', 'trust'): 2052564.0}, rows=17, as_of='2021-03-26', accession='0001596532-21-000112', table='I')",3206524,51304384,76331573,4.2008,,91551.38,,,MS,1,c-2,,TRUE
1596532,ANET,Jayshree Ullal,1605809,2021-04-01,4,"Group(security=""Common Stock (the company's only class)"", direct='D', shares=3206524.0, last_txn={('D', ''): 526.0}, holdings=3205998.0, hold_by_vehicle={('I', 'trustforchild1'): 564000.0, ('I', 'trustforchild2'): 564000.0, ('I', 'trustfornephew'): 5000.0, ('I', 'trustforniece'): 5000.0, ('I', 'trust'): 2067998.0}, filed='2021-04-01', moved_here=True, opening={('D', ''): 526.0, ('I', 'trustforchild1'): 564000.0, ('I', 'trustforchild2'): 564000.0, ('I', 'trustfornephew'): 5000.0, ('I', 'trustforniece'): 5000.0, ('I', 'trust'): 2067998.0}, rows=15, as_of='2021-04-01', accession='0001596532-21-000120', table='I')",3206524,51304384,76331573,4.2008,,922125.12,,,MS,1,c-2,,TRUE
1596532,ANET,Jayshree Ullal,1605809,2021-04-06,4,"Group(security=""Common Stock (the company's only class)"", direct='D', shares=3206524.0, last_txn={('D', ''): 526.0}, holdings=3205998.0, hold_by_vehicle={('I', 'trustforchild1'): 564000.0, ('I', 'trustforchild2'): 564000.0, ('I', 'trustfornephew'): 5000.0, ('I', 'trustforniece'): 5000.0, ('I', 'trust'): 2067998.0}, filed='2021-04-06', moved_here=True, opening={('D', ''): 526.0, ('I', 'trustforchild1'): 564000.0, ('I', 'trustforchild2'): 564000.0, ('I', 'trustfornephew'): 5000.0, ('I', 'trustforniece'): 5000.0, ('I', 'trust'): 2067998.0}, rows=9, as_of='2021-04-06', accession='0001596532-21-000124', table='I')",3206524,51304384,76331573,4.2008,,555948.64,,,MS,1,c-2,,TRUE
1596532,ANET,Jayshree Ullal,1605809,2021-05-03,4,"Group(security=""Common Stock (the company's only class)"", direct='D', shares=3206524.0, last_txn={('D', ''): 526.0}, holdings=3205998.0, hold_by_vehicle={('I', 'trustforchild1'): 564000.0, ('I', 'trustforchild2'): 564000.0, ('I', 'trustfornephew'): 5000.0, ('I', 'trustforniece'): 5000.0, ('I', 'trust'): 2067998.0}, filed='2021-05-03', moved_here=True, opening={('D', ''): 526.0, ('I', 'trustforchild1'): 564000.0, ('I', 'trustforchild2'): 564000.0, ('I', 'trustfornephew'): 5000.0, ('I', 'trustforniece'): 5000.0, ('I', 'trust'): 2067998.0}, rows=15, as_of='2021-05-03', accession='0001596532-21-000148', table='I')",3206524,51304384,76321815,4.2013,,935255.64,,,MS,1,c-2,,TRUE
1596532,ANET,Jayshree Ullal,1605809,2021-05-06,4,"Group(security=""Common Stock (the company's only class)"", direct='D', shares=3206524.0, last_txn={('D', ''): 526.0}, holdings=3205998.0, hold_by_vehicle={('I', 'trustforchild1'): 564000.0, ('I', 'trustforchild2'): 564000.0, ('I', 'trustfornephew'): 5000.0, ('I', 'trustforniece'): 5000.0, ('I', 'trust'): 2067998.0}, filed='2021-05-06', moved_here=True, opening={('D', ''): 526.0, ('I', 'trustforchild1'): 564000.0, ('I', 'trustforchild2'): 564000.0, ('I', 'trustfornephew'): 5000.0, ('I', 'trustforniece'): 5000.0, ('I', 'trust'): 2067998.0}, rows=12, as_of='2021-05-06', accession='0001596532-21-000156', table='I')",3206524,51304384,76321815,4.2013,,574019.9,,,MS,1,c-2,,TRUE
1596532,ANET,Jayshree Ullal,1605809,2021-05-20,4,"Group(security=""Common Stock (the company's only class)"", direct='D', shares=3206656.0, last_txn={('D', ''): 658.0}, holdings=3205998.0, hold_by_vehicle={('I', 'trustforchild1'): 564000.0, ('I', 'trustforchild2'): 564000.0, ('I', 'trustfornephew'): 5000.0, ('I', 'trustforniece'): 5000.0, ('I', 'trust'): 2067998.0}, filed='2021-05-20', moved_here=True, opening={('D', ''): 526.0, ('I', 'trustforchild1'): 564000.0, ('I', 'trustforchild2'): 564000.0, ('I', 'trustfornephew'): 5000.0, ('I', 'trustforniece'): 5000.0, ('I', 'trust'): 2067998.0}, rows=13, as_of='2021-05-20', accession='0001596532-21-000189', table='I')",3206656,51306496,76321815,4.2015,132,1152176.6,3,,FMS,1,c-2,,TRUE
1596532,ANET,Jayshree Ullal,1605809,2021-06-01,4,"Group(security=""Common Stock (the company's only class)"", direct='D', shares=3206656.0, last_txn={('D', ''): 658.0}, holdings=3205998.0, hold_by_vehicle={('I', 'trustforchild1'): 564000.0, ('I', 'trustforchild2'): 564000.0, ('I', 'trustfornephew'): 5000.0, ('I', 'trustforniece'): 5000.0, ('I', 'trust'): 2067998.0}, filed='2021-06-01', moved_here=True, opening={('D', ''): 658.0, ('I', 'trustforchild1'): 564000.0, ('I', 'trustforchild2'): 564000.0, ('I', 'trustfornephew'): 5000.0, ('I', 'trustforniece'): 5000.0, ('I', 'trust'): 2067998.0}, rows=13, as_of='2021-06-01', accession='0001596532-21-000209', table='I')",3206656,51306496,76321815,4.2015,,988003.79,,,MS,1,c-2,,TRUE
1596532,ANET,Jayshree Ullal,1605809,2021-06-07,4,"Group(security=""Common Stock (the company's only class)"", direct='D', shares=3206656.0, last_txn={('D', ''): 658.0}, holdings=3205998.0, hold_by_vehicle={('I', 'trustforchild1'): 564000.0, ('I', 'trustforchild2'): 564000.0, ('I', 'trustfornephew'): 5000.0, ('I', 'trustforniece'): 5000.0, ('I', 'trust'): 2067998.0}, filed='2021-06-07', moved_here=True, opening={('D', ''): 658.0, ('I', 'trustforchild1'): 564000.0, ('I', 'trustforchild2'): 564000.0, ('I', 'trustfornephew'): 5000.0, ('I', 'trustforniece'): 5000.0, ('I', 'trust'): 2067998.0}, rows=9, as_of='2021-06-07', accession='0001596532-21-000219', table='I')",3206656,51306496,76321815,4.2015,,613290.79,,,MS,1,c-2,,TRUE
1596532,ANET,Jayshree Ullal,1605809,2021-07-01,4,"Group(security=""Common Stock (the company's only class)"", direct='D', shares=3206656.0, last_txn={('D', ''): 658.0}, holdings=3205998.0, hold_by_vehicle={('I', 'trustforchild1'): 564000.0, ('I', 'trustforchild2'): 564000.0, ('I', 'trustfornephew'): 5000.0, ('I', 'trustforniece'): 5000.0, ('I', 'trust'): 2067998.0}, filed='2021-07-01', moved_here=True, opening={('D', ''): 658.0, ('I', 'trustforchild1'): 564000.0, ('I', 'trustforchild2'): 564000.0, ('I', 'trustfornephew'): 5000.0, ('I', 'trustforniece'): 5000.0, ('I', 'trust'): 2067998.0}, rows=14, as_of='2021-07-01', accession='0001596532-21-000229', table='I')",3206656,51306496,76321815,4.2015,,1053784.28,,,MS,1,c-2,,TRUE
1596532,ANET,Jayshree Ullal,1605809,2021-07-06,4,"Group(security=""Common Stock (the company's only class)"", direct='D', shares=3206656.0, last_txn={('D', ''): 658.0}, holdings=3205998.0, hold_by_vehicle={('I', 'trustforchild1'): 564000.0, ('I', 'trustforchild2'): 564000.0, ('I', 'trustfornephew'): 5000.0, ('I', 'trustforniece'): 5000.0, ('I', 'trust'): 2067998.0}, filed='2021-07-06', moved_here=True, opening={('D', ''): 658.0, ('I', 'trustforchild1'): 564000.0, ('I', 'trustforchild2'): 564000.0, ('I', 'trustfornephew'): 5000.0, ('I', 'trustforniece'): 5000.0, ('I', 'trust'): 2067998.0}, rows=12, as_of='2021-07-06', accession='0001596532-21-000235', table='I')",3206656,51306496,76321815,4.2015,,642735.25,,,MS,1,c-2,,TRUE
1596532,ANET,Jayshree Ullal,1605809,2021-08-02,4,"Group(security=""Common Stock (the company's only class)"", direct='D', shares=3206656.0, last_txn={('D', ''): 658.0}, holdings=3205998.0, hold_by_vehicle={('I', 'trustforchild1'): 564000.0, ('I', 'trustforchild2'): 564000.0, ('I', 'trustfornephew'): 5000.0, ('I', 'trustforniece'): 5000.0, ('I', 'trust'): 2067998.0}, filed='2021-08-02', moved_here=True, opening={('D', ''): 658.0, ('I', 'trustforchild1'): 564000.0, ('I', 'trustforchild2'): 564000.0, ('I', 'trustfornephew'): 5000.0, ('I', 'trustforniece'): 5000.0, ('I', 'trust'): 2067998.0}, rows=15, as_of='2021-08-02', accession='0001596532-21-000264', table='I')",3206656,51306496,76716633,4.1799,,1086945.56,,,MS,1,c-2,,TRUE
1596532,ANET,Jayshree Ullal,1605809,2021-08-09,4,"Group(security=""Common Stock (the company's only class)"", direct='I', shares=3179656.0, last_txn={('I', 'trustforchild1'): 558000.0, ('I', 'trustforchild2'): 558000.0, ('I', 'trust'): 2052998.0}, holdings=10658.0, hold_by_vehicle={('D', ''): 658.0, ('I', 'trustfornephew'): 5000.0, ('I', 'trustforniece'): 5000.0}, filed='2021-08-09', moved_here=True, opening={('I', 'trustforchild1'): 564000.0, ('I', 'trustforchild2'): 564000.0, ('I', 'trust'): 2067998.0, ('D', ''): 658.0, ('I', 'trustfornephew'): 5000.0, ('I', 'trustforniece'): 5000.0}, rows=9, as_of='2021-08-09', accession='0001596532-21-000266', table='I')",3179656,50874496,76716633,4.1447,-27000,10143630.0,,,S,1,c-2,,TRUE
1596532,ANET,Jayshree Ullal,1605809,2021-08-11,4,"Group(security=""Common Stock (the company's only class)"", direct='I', shares=3178093.0, last_txn={('I', 'trustforchild1'): 557656.0, ('I', 'trustforchild2'): 557656.0, ('I', 'trust'): 2052123.0}, holdings=10658.0, hold_by_vehicle={('D', ''): 658.0, ('I', 'trustfornephew'): 5000.0, ('I', 'trustforniece'): 5000.0}, filed='2021-08-11', moved_here=True, opening={('I', 'trustforchild1'): 558000.0, ('I', 'trustforchild2'): 558000.0, ('I', 'trust'): 2052998.0, ('D', ''): 658.0, ('I', 'trustfornephew'): 5000.0, ('I', 'trustforniece'): 5000.0}, rows=6, as_of='2021-08-11', accession='0001596532-21-000270', table='I')",3178093,50849488,76716633,4.1426,-1563,580998.36,,,S,1,c-2,,TRUE
1596532,ANET,Jayshree Ullal,1605809,2021-08-20,4,"Group(security=""Common Stock (the company's only class)"", direct='D', shares=3179894.0, last_txn={('D', ''): 2459.0}, holdings=3177435.0, hold_by_vehicle={('I', 'trustforchild1'): 557656.0, ('I', 'trustforchild2'): 557656.0, ('I', 'trustfornephew'): 5000.0, ('I', 'trustforniece'): 5000.0, ('I', 'trust'): 2052123.0}, filed='2021-08-20', moved_here=True, opening={('D', ''): 658.0, ('I', 'trustforchild1'): 557656.0, ('I', 'trustforchild2'): 557656.0, ('I', 'trustfornephew'): 5000.0, ('I', 'trustforniece'): 5000.0, ('I', 'trust'): 2052123.0}, rows=9, as_of='2021-08-20', accession='0001596532-21-000300', table='I')",3179894,50878304,76716633,4.145,1801,655761.78,3,,FM,1,c-2,,TRUE
1596532,ANET,Jayshree Ullal,1605809,2021-08-23,4,"Group(security=""Common Stock (the company's only class)"", direct='I', shares=3167957.0, last_txn={('I', 'trustforchild1'): 555000.0, ('I', 'trustforchild2'): 555000.0, ('I', 'trust'): 2045498.0}, holdings=12459.0, hold_by_vehicle={('D', ''): 2459.0, ('I', 'trustfornephew'): 5000.0, ('I', 'trustforniece'): 5000.0}, filed='2021-08-23', moved_here=True, opening={('I', 'trustforchild1'): 557656.0, ('I', 'trustforchild2'): 557656.0, ('I', 'trust'): 2052123.0, ('D', ''): 2459.0, ('I', 'trustfornephew'): 5000.0, ('I', 'trustforniece'): 5000.0}, rows=9, as_of='2021-08-23', accession='0001596532-21-000304', table='I')",3167957,50687312,76716633,4.1294,-11937,4437221.64,,,S,1,c-2,,TRUE
1596532,ANET,Jayshree Ullal,1605809,2021-08-25,4,"Group(security=""Common Stock (the company's only class)"", direct='I', shares=3154457.0, last_txn={('I', 'trustforchild1'): 552000.0, ('I', 'trustforchild2'): 552000.0, ('I', 'trust'): 2037998.0}, holdings=12459.0, hold_by_vehicle={('D', ''): 2459.0, ('I', 'trustfornephew'): 5000.0, ('I', 'trustforniece'): 5000.0}, filed='2021-08-25', moved_here=True, opening={('I', 'trustforchild1'): 555000.0, ('I', 'trustforchild2'): 555000.0, ('I', 'trust'): 2045498.0, ('D', ''): 2459.0, ('I', 'trustfornephew'): 5000.0, ('I', 'trustforniece'): 5000.0}, rows=6, as_of='2021-08-25', accession='0001596532-21-000308', table='I')",3154457,50471312,76716633,4.1118,-13500,5072625.0,,,S,1,c-2,,TRUE
1596532,ANET,Jayshree Ullal,1605809,2021-10-13,4,"Group(security=""Common Stock (the company's only class)"", direct='I', shares=3124957.0, last_txn={('I', 'trustforchild1'): 545000.0, ('I', 'trustforchild2'): 545000.0, ('I', 'trust'): 2022498.0}, holdings=12459.0, hold_by_vehicle={('D', ''): 2459.0, ('I', 'trustfornephew'): 5000.0, ('I', 'trustforniece'): 5000.0}, filed='2021-10-13', moved_here=True, opening={('I', 'trustforchild1'): 552000.0, ('I', 'trustforchild2'): 552000.0, ('I', 'trust'): 2037998.0, ('D', ''): 2459.0, ('I', 'trustfornephew'): 5000.0, ('I', 'trustforniece'): 5000.0}, rows=9, as_of='2021-10-13', accession='0001596532-21-000340', table='I')",3124957,49999312,76716633,4.0734,-29500,11314435.0,,,S,1,c-2,,TRUE
1596532,ANET,Jayshree Ullal,1605809,2021-10-15,4,"Group(security=""Common Stock (the company's only class)"", direct='I', shares=3091457.0, last_txn={('I', 'trustforchild1'): 537000.0, ('I', 'trustforchild2'): 537000.0, ('I', 'trust'): 2004998.0}, holdings=12459.0, hold_by_vehicle={('D', ''): 2459.0, ('I', 'trustfornephew'): 5000.0, ('I', 'trustforniece'): 5000.0}, filed='2021-10-15', moved_here=True, opening={('I', 'trustforchild1'): 545000.0, ('I', 'trustforchild2'): 545000.0, ('I', 'trust'): 2022498.0, ('D', ''): 2459.0, ('I', 'trustfornephew'): 5000.0, ('I', 'trustforniece'): 5000.0}, rows=9, as_of='2021-10-15', accession='0001596532-21-000342', table='I')",3091457,49463312,76716633,4.0297,-33500,13212330.0,,,S,1,c-2,,TRUE
1596532,ANET,Jayshree Ullal,1605809,2021-10-26,4,"Group(security=""Common Stock (the company's only class)"", direct='I', shares=3055557.0, last_txn={('I', 'trustforchild1'): 528800.0, ('I', 'trustforchild2'): 528800.0, ('I', 'trust'): 1985498.0}, holdings=12459.0, hold_by_vehicle={('D', ''): 2459.0, ('I', 'trustfornephew'): 5000.0, ('I', 'trustforniece'): 5000.0}, filed='2021-10-26', moved_here=True, opening={('I', 'trustforchild1'): 537000.0, ('I', 'trustforchild2'): 537000.0, ('I', 'trust'): 2004998.0, ('D', ''): 2459.0, ('I', 'trustfornephew'): 5000.0, ('I', 'trustforniece'): 5000.0}, rows=9, as_of='2021-10-26', accession='0001596532-21-000346', table='I')",3055557,48888912,76716633,3.9829,-35900,14314891.0,,,S,1,c-2,,TRUE
1596532,ANET,Jayshree Ullal,1605809,2021-10-28,4,"Group(security=""Common Stock (the company's only class)"", direct='I', shares=3014557.0, last_txn={('I', 'trustforchild1'): 519800.0, ('I', 'trustforchild2'): 519800.0, ('I', 'trust'): 1962498.0}, holdings=12459.0, hold_by_vehicle={('D', ''): 2459.0, ('I', 'trustfornephew'): 5000.0, ('I', 'trustforniece'): 5000.0}, filed='2021-10-28', moved_here=True, opening={('I', 'trustforchild1'): 528800.0, ('I', 'trustforchild2'): 528800.0, ('I', 'trust'): 1985498.0, ('D', ''): 2459.0, ('I', 'trustfornephew'): 5000.0, ('I', 'trustforniece'): 5000.0}, rows=9, as_of='2021-10-28', accession='0001596532-21-000353', table='I')",3014557,48232912,76820895,3.9241,-41000,16563040.0,,,S,1,c-2,,TRUE
1596532,ANET,Jayshree Ullal,1605809,2021-11-01,4,"Group(security=""Common Stock (the company's only class)"", direct='I', shares=2967057.0, last_txn={('I', 'trustforchild1'): 510800.0, ('I', 'trustforchild2'): 510800.0, ('I', 'trustfornephew'): 3000.0, ('I', 'trustforniece'): 3000.0, ('I', 'trust'): 1936998.0}, holdings=2459.0, hold_by_vehicle={('D', ''): 2459.0}, filed='2021-11-01', moved_here=True, opening={('I', 'trustforchild1'): 519800.0, ('I', 'trustforchild2'): 519800.0, ('I', 'trustfornephew'): 5000.0, ('I', 'trustforniece'): 5000.0, ('I', 'trust'): 1962498.0, ('D', ''): 2459.0}, rows=9, as_of='2021-11-01', accession='0001596532-21-000365', table='I')",2967057,47472912,76820895,3.8623,-47500,21654470.0,,,S,1,c-2,,TRUE
1596532,ANET,Jayshree Ullal,1605809,2021-11-03,4,"Group(security=""Common Stock (the company's only class)"", direct='I', shares=2921057.0, last_txn={('I', 'trustforchild1'): 501800.0, ('I', 'trustforchild2'): 501800.0, ('I', 'trust'): 1908998.0}, holdings=8459.0, hold_by_vehicle={('D', ''): 2459.0, ('I', 'trustfornephew'): 3000.0, ('I', 'trustforniece'): 3000.0}, filed='2021-11-03', moved_here=True, opening={('I', 'trustforchild1'): 510800.0, ('I', 'trustforchild2'): 510800.0, ('I', 'trust'): 1936998.0, ('D', ''): 2459.0, ('I', 'trustfornephew'): 3000.0, ('I', 'trustforniece'): 3000.0}, rows=9, as_of='2021-11-03', accession='0001596532-21-000367', table='I')",2921057,46736912,76820895,3.8024,-46000,22702380.0,,,S,1,c-2,,TRUE
1596532,ANET,Jayshree Ullal,1605809,2021-11-05,4,"Group(security=""Common Stock (the company's only class)"", direct='I', shares=2874057.0, last_txn={('I', 'trustforchild1'): 492800.0, ('I', 'trustforchild2'): 492800.0, ('I', 'trust'): 1879998.0}, holdings=8459.0, hold_by_vehicle={('D', ''): 2459.0, ('I', 'trustfornephew'): 3000.0, ('I', 'trustforniece'): 3000.0}, filed='2021-11-05', moved_here=True, opening={('I', 'trustforchild1'): 501800.0, ('I', 'trustforchild2'): 501800.0, ('I', 'trust'): 1908998.0, ('D', ''): 2459.0, ('I', 'trustfornephew'): 3000.0, ('I', 'trustforniece'): 3000.0}, rows=9, as_of='2021-11-05', accession='0001596532-21-000371', table='I')",2874057,45984912,76820895,3.7412,-47000,24715000.0,,,S,1,c-2,,TRUE
1596532,ANET,Jayshree Ullal,1605809,2021-11-09,4,"Group(security=""Common Stock (the company's only class)"", direct='I', shares=2826057.0, last_txn={('I', 'trustforchild1'): 483800.0, ('I', 'trustforchild2'): 483800.0, ('I', 'trust'): 1849998.0}, holdings=8459.0, hold_by_vehicle={('D', ''): 2459.0, ('I', 'trustfornephew'): 3000.0, ('I', 'trustforniece'): 3000.0}, filed='2021-11-09', moved_here=True, opening={('I', 'trustforchild1'): 492800.0, ('I', 'trustforchild2'): 492800.0, ('I', 'trust'): 1879998.0, ('D', ''): 2459.0, ('I', 'trustfornephew'): 3000.0, ('I', 'trustforniece'): 3000.0}, rows=9, as_of='2021-11-09', accession='0001596532-21-000377', table='I')",2826057,45216912,76820895,3.6788,-48000,25231920.0,,,S,1,c-2,,TRUE
1596532,ANET,Jayshree Ullal,1605809,2021-11-11,4,"Group(security=""Common Stock (the company's only class)"", direct='I', shares=2758057.0, last_txn={('I', 'trustforchild1'): 470800.0, ('I', 'trustforchild2'): 470800.0, ('I', 'trust'): 1807998.0}, holdings=8459.0, hold_by_vehicle={('D', ''): 2459.0, ('I', 'trustfornephew'): 3000.0, ('I', 'trustforniece'): 3000.0}, filed='2021-11-11', moved_here=True, opening={('I', 'trustforchild1'): 483800.0, ('I', 'trustforchild2'): 483800.0, ('I', 'trust'): 1849998.0, ('D', ''): 2459.0, ('I', 'trustfornephew'): 3000.0, ('I', 'trustforniece'): 3000.0}, rows=12, as_of='2021-11-11', accession='0001596532-21-000381', table='I')",2758057,44128912,76820895,3.5902,-68000,35523840.0,,,S,1,c-2,,TRUE
1596532,ANET,Jayshree Ullal,1605809,2021-11-16,4,"Group(security=""Common Stock (the company's only class)"", direct='I', shares=2708057.0, last_txn={('I', 'trustforchild1'): 460800.0, ('I', 'trustforchild2'): 460800.0, ('I', 'trust'): 1777998.0}, holdings=8459.0, hold_by_vehicle={('D', ''): 2459.0, ('I', 'trustfornephew'): 3000.0, ('I', 'trustforniece'): 3000.0}, filed='2021-11-16', moved_here=True, opening={('I', 'trustforchild1'): 470800.0, ('I', 'trustforchild2'): 470800.0, ('I', 'trust'): 1807998.0, ('D', ''): 2459.0, ('I', 'trustfornephew'): 3000.0, ('I', 'trustforniece'): 3000.0}, rows=9, as_of='2021-11-16', accession='0001596532-21-000383', table='I')",2708057,43328912,76820895,3.5252,-50000,25975000.0,,,S,1,c-2,,TRUE
1596532,ANET,Jayshree Ullal,1605809,2021-11-18,4,"Group(security=""Common Stock (the company's only class)"", direct='I', shares=10632228.0, last_txn={('I', 'trustforchild1'): 1803200.0, ('I', 'trustforchild2'): 1803200.0, ('I', 'trust'): 6991992.0}, holdings=33836.0, hold_by_vehicle={('D', ''): 9836.0, ('I', 'trustfornephew'): 12000.0, ('I', 'trustforniece'): 12000.0}, filed='2021-11-18', moved_here=True, opening={('I', 'trustforchild1'): 1843200.0, ('I', 'trustforchild2'): 1843200.0, ('I', 'trust'): 7111992.0, ('D', ''): 9836.0, ('I', 'trustfornephew'): 12000.0, ('I', 'trustforniece'): 12000.0}, rows=9, as_of='2021-11-18', accession='0001596532-21-000385', table='I')",10632228,42528912,307283580,3.4601,-200000,25951000.0,,,S,1,c-2,,TRUE
1596532,ANET,Jayshree Ullal,1605809,2021-11-22,4,"Group(security=""Common Stock (the company's only class)"", direct='D', shares=10539435.0, last_txn={('D', ''): 17043.0, ('I', 'trustforchild1'): 1783200.0, ('I', 'trustforchild2'): 1783200.0, ('I', 'trust'): 6931992.0}, holdings=24000.0, hold_by_vehicle={('I', 'trustfornephew'): 12000.0, ('I', 'trustforniece'): 12000.0}, filed='2021-11-22', moved_here=True, opening={('D', ''): 9836.0, ('I', 'trustforchild1'): 1803200.0, ('I', 'trustforchild2'): 1803200.0, ('I', 'trust'): 6991992.0, ('I', 'trustfornephew'): 12000.0, ('I', 'trustforniece'): 12000.0}, rows=9, as_of='2021-11-22', accession='0001596532-21-000413', table='I')",10539435,42157740,307283580,3.4299,-92793,13921526.24,3,,FMS,1,c-2,,TRUE
1596532,ANET,Jayshree Ullal,1605809,2022-02-22,4,"Group(security=""Common Stock (the company's only class)"", direct='D', shares=10591061.0, last_txn={('D', ''): 68669.0}, holdings=10522392.0, hold_by_vehicle={('I', 'trustforchild1'): 1783200.0, ('I', 'trustforchild2'): 1783200.0, ('I', 'trustfornephew'): 12000.0, ('I', 'trustforniece'): 12000.0, ('I', 'trust'): 6931992.0}, filed='2022-02-22', moved_here=True, opening={('D', ''): 17043.0, ('I', 'trustforchild1'): 1783200.0, ('I', 'trustforchild2'): 1783200.0, ('I', 'trustfornephew'): 12000.0, ('I', 'trustforniece'): 12000.0, ('I', 'trust'): 6931992.0}, rows=10, as_of='2022-02-22', accession='0001596532-22-000068', table='I')",10591061,42364244,307766578,3.4413,51626,5971862.94,4,,FM,1,c-2,,TRUE
1596532,ANET,Jayshree Ullal,1605809,2022-05-20,4,"Group(security=""Common Stock (the company's only class)"", direct='D', shares=10606035.0, last_txn={('D', ''): 83643.0}, holdings=10522392.0, hold_by_vehicle={('I', 'trustforchild1'): 1783200.0, ('I', 'trustforchild2'): 1783200.0, ('I', 'trustfornephew'): 12000.0, ('I', 'trustforniece'): 12000.0, ('I', 'trust'): 6931992.0}, filed='2022-05-20', moved_here=True, opening={('D', ''): 68669.0, ('I', 'trustforchild1'): 1783200.0, ('I', 'trustforchild2'): 1783200.0, ('I', 'trustfornephew'): 12000.0, ('I', 'trustforniece'): 12000.0, ('I', 'trust'): 6931992.0}, rows=10, as_of='2022-05-20', accession='0001596532-22-000154', table='I')",10606035,42424140,308263538,3.4406,14974,1511579.28,4,,FM,1,c-2,,TRUE
1596532,ANET,Jayshree Ullal,1605809,2022-08-08,4,"Group(security=""Common Stock (the company's only class)"", direct='D', shares=10525024.0, last_txn={('D', ''): 2632.0}, holdings=10522392.0, hold_by_vehicle={('I', 'trustforchild1'): 1783200.0, ('I', 'trustforchild2'): 1783200.0, ('I', 'trustfornephew'): 12000.0, ('I', 'trustforniece'): 12000.0, ('I', 'trust'): 6931992.0}, filed='2022-08-08', moved_here=True, opening={('D', ''): 83643.0, ('I', 'trustforchild1'): 1783200.0, ('I', 'trustforchild2'): 1783200.0, ('I', 'trustfornephew'): 12000.0, ('I', 'trustforniece'): 12000.0, ('I', 'trust'): 6931992.0}, rows=16, as_of='2022-08-08', accession='0001596532-22-000230', table='I')",10525024,42100096,304280458,3.459,-81011,23474028.12,,,MS,1,c-2,,TRUE
1596532,ANET,Jayshree Ullal,1605809,2022-08-22,4,"Group(security=""Common Stock (the company's only class)"", direct='D', shares=10539990.0, last_txn={('D', ''): 17598.0}, holdings=10522392.0, hold_by_vehicle={('I', 'trustforchild1'): 1783200.0, ('I', 'trustforchild2'): 1783200.0, ('I', 'trustfornephew'): 12000.0, ('I', 'trustforniece'): 12000.0, ('I', 'trust'): 6931992.0}, filed='2022-08-22', moved_here=True, opening={('D', ''): 2632.0, ('I', 'trustforchild1'): 1783200.0, ('I', 'trustforchild2'): 1783200.0, ('I', 'trustfornephew'): 12000.0, ('I', 'trustforniece'): 12000.0, ('I', 'trust'): 6931992.0}, rows=10, as_of='2022-08-22', accession='0001596532-22-000261', table='I')",10539990,42159960,304280458,3.4639,14966,1871500.8,4,,FM,1,c-2,,TRUE
1596532,ANET,Jayshree Ullal,1605809,2022-11-21,4,"Group(security=""Common Stock (the company's only class)"", direct='D', shares=10554962.0, last_txn={('D', ''): 32570.0}, holdings=10522392.0, hold_by_vehicle={('I', 'trustforchild1'): 1783200.0, ('I', 'trustforchild2'): 1783200.0, ('I', 'trustfornephew'): 12000.0, ('I', 'trustforniece'): 12000.0, ('I', 'trust'): 6931992.0}, filed='2022-11-21', moved_here=True, opening={('D', ''): 17598.0, ('I', 'trustforchild1'): 1783200.0, ('I', 'trustforchild2'): 1783200.0, ('I', 'trustfornephew'): 12000.0, ('I', 'trustforniece'): 12000.0, ('I', 'trust'): 6931992.0}, rows=10, as_of='2022-11-21', accession='0001596532-22-000334', table='I')",10554962,42219848,305572616,3.4542,14972,1982132.25,4,,FM,1,c-2,,TRUE
1596532,ANET,Jayshree Ullal,1605809,2023-02-21,4,"Group(security=""Common Stock (the company's only class)"", direct='D', shares=10581162.0, last_txn={('D', ''): 58770.0}, holdings=10522392.0, hold_by_vehicle={('I', 'trustforchild1'): 1783200.0, ('I', 'trustforchild2'): 1783200.0, ('I', 'trustfornephew'): 12000.0, ('I', 'trustforniece'): 12000.0, ('I', 'trust'): 6931992.0}, filed='2023-02-21', moved_here=True, opening={('D', ''): 32570.0, ('I', 'trustforchild1'): 1783200.0, ('I', 'trustforchild2'): 1783200.0, ('I', 'trustfornephew'): 12000.0, ('I', 'trustforniece'): 12000.0, ('I', 'trust'): 6931992.0}, rows=11, as_of='2023-02-21', accession='0001596532-23-000059', table='I')",10581162,42324648,306395384,3.4534,26200,3239482.4,5,,FM,1,c-2,,TRUE
1596532,ANET,Jayshree Ullal,1605809,2023-03-08,4,"Group(security=""Common Stock (the company's only class)"", direct='I', shares=10441162.0, last_txn={('I', 'trustforchild1'): 1763200.0, ('I', 'trustforchild2'): 1763200.0, ('I', 'trust'): 6831992.0}, holdings=82770.0, hold_by_vehicle={('D', ''): 58770.0, ('I', 'trustfornephew'): 12000.0, ('I', 'trustforniece'): 12000.0}, filed='2023-03-08', moved_here=True, opening={('I', 'trustforchild1'): 1783200.0, ('I', 'trustforchild2'): 1783200.0, ('I', 'trust'): 6931992.0, ('D', ''): 58770.0, ('I', 'trustfornephew'): 12000.0, ('I', 'trustforniece'): 12000.0}, rows=9, as_of='2023-03-08', accession='0001596532-23-000074', table='I')",10441162,41764648,306395384,3.4077,-140000,20694079.42,,,S,1,c-2,,TRUE
1596532,ANET,Jayshree Ullal,1605809,2023-04-03,4,"Group(security=""Common Stock (the company's only class)"", direct='I', shares=10414162.0, last_txn={('I', 'trustforchild1'): 1757200.0, ('I', 'trustforchild2'): 1757200.0, ('I', 'trust'): 6816992.0}, holdings=82770.0, hold_by_vehicle={('D', ''): 58770.0, ('I', 'trustfornephew'): 12000.0, ('I', 'trustforniece'): 12000.0}, filed='2023-04-03', moved_here=True, opening={('I', 'trustforchild1'): 1763200.0, ('I', 'trustforchild2'): 1763200.0, ('I', 'trust'): 6831992.0, ('D', ''): 58770.0, ('I', 'trustfornephew'): 12000.0, ('I', 'trustforniece'): 12000.0}, rows=9, as_of='2023-04-03', accession='0001596532-23-000090', table='I')",10414162,41656648,306395384,3.3989,-27000,4500900.0,,,S,1,c-2,,TRUE
1596532,ANET,Jayshree Ullal,1605809,2023-04-05,4,"Group(security=""Common Stock (the company's only class)"", direct='I', shares=10400662.0, last_txn={('I', 'trustforchild1'): 1754200.0, ('I', 'trustforchild2'): 1754200.0, ('I', 'trust'): 6809492.0}, holdings=82770.0, hold_by_vehicle={('D', ''): 58770.0, ('I', 'trustfornephew'): 12000.0, ('I', 'trustforniece'): 12000.0}, filed='2023-04-05', moved_here=True, opening={('I', 'trustforchild1'): 1757200.0, ('I', 'trustforchild2'): 1757200.0, ('I', 'trust'): 6816992.0, ('D', ''): 58770.0, ('I', 'trustfornephew'): 12000.0, ('I', 'trustforniece'): 12000.0}, rows=6, as_of='2023-04-05', accession='0001596532-23-000095', table='I')",10400662,41602648,306395384,3.3945,-13500,2235465.0,,,S,1,c-2,,TRUE
1596532,ANET,Jayshree Ullal,1605809,2023-05-22,4,"Group(security=""Common Stock (the company's only class)"", direct='D', shares=10415711.0, last_txn={('D', ''): 73819.0}, holdings=10341892.0, hold_by_vehicle={('I', 'trustforchild1'): 1754200.0, ('I', 'trustforchild2'): 1754200.0, ('I', 'trustfornephew'): 12000.0, ('I', 'trustforniece'): 12000.0, ('I', 'trust'): 6809492.0}, filed='2023-05-22', moved_here=True, opening={('D', ''): 58770.0, ('I', 'trustforchild1'): 1754200.0, ('I', 'trustforchild2'): 1754200.0, ('I', 'trustfornephew'): 12000.0, ('I', 'trustforniece'): 12000.0, ('I', 'trust'): 6809492.0}, rows=10, as_of='2023-05-22', accession='0001596532-23-000140', table='I')",10415711,41662844,308282799,3.3786,15049,2151621.37,4,,FM,1,c-2,,TRUE
1596532,ANET,Jayshree Ullal,1605809,2023-05-30,4,"Group(security=""Common Stock (the company's only class)"", direct='I', shares=10402211.0, last_txn={('I', 'trustforchild1'): 1751200.0, ('I', 'trustforchild2'): 1751200.0, ('I', 'trust'): 6801992.0}, holdings=97819.0, hold_by_vehicle={('D', ''): 73819.0, ('I', 'trustfornephew'): 12000.0, ('I', 'trustforniece'): 12000.0}, filed='2023-05-30', moved_here=True, opening={('I', 'trustforchild1'): 1754200.0, ('I', 'trustforchild2'): 1754200.0, ('I', 'trust'): 6809492.0, ('D', ''): 73819.0, ('I', 'trustfornephew'): 12000.0, ('I', 'trustforniece'): 12000.0}, rows=6, as_of='2023-05-30', accession='0001596532-23-000151', table='I')",10402211,41608844,308282799,3.3742,-13500,2309985.0,,,S,1,c-2,,TRUE
1596532,ANET,Jayshree Ullal,1605809,2023-08-01,4,"Group(security=""Common Stock (the company's only class)"", direct='I', shares=10388711.0, last_txn={('I', 'trustforchild1'): 1748200.0, ('I', 'trustforchild2'): 1748200.0, ('I', 'trust'): 6794492.0}, holdings=97819.0, hold_by_vehicle={('D', ''): 73819.0, ('I', 'trustfornephew'): 12000.0, ('I', 'trustforniece'): 12000.0}, filed='2023-08-01', moved_here=True, opening={('I', 'trustforchild1'): 1751200.0, ('I', 'trustforchild2'): 1751200.0, ('I', 'trust'): 6801992.0, ('D', ''): 73819.0, ('I', 'trustfornephew'): 12000.0, ('I', 'trustforniece'): 12000.0}, rows=6, as_of='2023-08-01', accession='0001596532-23-000207', table='I')",10388711,41554844,309580630,3.3557,-13500,2390040.0,,,S,1,c-2,,TRUE
1596532,ANET,Jayshree Ullal,1605809,2023-08-21,4,"Group(security=""Common Stock (the company's only class)"", direct='D', shares=10403751.0, last_txn={('D', ''): 88859.0}, holdings=10314892.0, hold_by_vehicle={('I', 'trustforchild1'): 1748200.0, ('I', 'trustforchild2'): 1748200.0, ('I', 'trustfornephew'): 12000.0, ('I', 'trustforniece'): 12000.0, ('I', 'trust'): 6794492.0}, filed='2023-08-21', moved_here=True, opening={('D', ''): 73819.0, ('I', 'trustforchild1'): 1748200.0, ('I', 'trustforchild2'): 1748200.0, ('I', 'trustfornephew'): 12000.0, ('I', 'trustforniece'): 12000.0, ('I', 'trust'): 6794492.0}, rows=10, as_of='2023-08-21', accession='0001596532-23-000232', table='I')",10403751,41615004,309580630,3.3606,15040,2731823.31,4,,FM,1,c-2,,TRUE
1596532,ANET,Jayshree Ullal,1605809,2023-08-22,4,"Group(security=""Common Stock (the company's only class)"", direct='I', shares=10387751.0, last_txn={('I', 'trustforchild1'): 1744200.0, ('I', 'trustforchild2'): 1744200.0, ('I', 'trust'): 6786492.0}, holdings=112859.0, hold_by_vehicle={('D', ''): 88859.0, ('I', 'trustfornephew'): 12000.0, ('I', 'trustforniece'): 12000.0}, filed='2023-08-22', moved_here=True, opening={('I', 'trustforchild1'): 1748200.0, ('I', 'trustforchild2'): 1748200.0, ('I', 'trust'): 6794492.0, ('D', ''): 88859.0, ('I', 'trustfornephew'): 12000.0, ('I', 'trustforniece'): 12000.0}, rows=6, as_of='2023-08-22', accession='0001596532-23-000237', table='I')",10387751,41551004,309580630,3.3554,-16000,2993760.0,,,S,1,c-2,,TRUE
1596532,ANET,Jayshree Ullal,1605809,2023-08-24,4,"Group(security=""Common Stock (the company's only class)"", direct='I', shares=10371251.0, last_txn={('I', 'trustforchild1'): 1740200.0, ('I', 'trustforchild2'): 1740200.0, ('I', 'trust'): 6777992.0}, holdings=112859.0, hold_by_vehicle={('D', ''): 88859.0, ('I', 'trustfornephew'): 12000.0, ('I', 'trustforniece'): 12000.0}, filed='2023-08-24', moved_here=True, opening={('I', 'trustforchild1'): 1744200.0, ('I', 'trustforchild2'): 1744200.0, ('I', 'trust'): 6786492.0, ('D', ''): 88859.0, ('I', 'trustfornephew'): 12000.0, ('I', 'trustforniece'): 12000.0}, rows=6, as_of='2023-08-24', accession='0001596532-23-000239', table='I')",10371251,41485004,309580630,3.3501,-16500,3171630.0,,,S,1,c-2,,TRUE
1596532,ANET,Jayshree Ullal,1605809,2023-10-31,4,"Group(security=""Common Stock (the company's only class)"", direct='I', shares=10354251.0, last_txn={('I', 'trustforchild1'): 1736200.0, ('I', 'trustforchild2'): 1736200.0, ('I', 'trust'): 6768992.0}, holdings=112859.0, hold_by_vehicle={('D', ''): 88859.0, ('I', 'trustfornephew'): 12000.0, ('I', 'trustforniece'): 12000.0}, filed='2023-10-31', moved_here=True, opening={('I', 'trustforchild1'): 1740200.0, ('I', 'trustforchild2'): 1740200.0, ('I', 'trust'): 6777992.0, ('D', ''): 88859.0, ('I', 'trustfornephew'): 12000.0, ('I', 'trustforniece'): 12000.0}, rows=6, as_of='2023-10-31', accession='0001596532-23-000278', table='I')",10354251,41417004,311100142,3.3283,-17000,3384190.0,,,S,1,c-2,,TRUE
1596532,ANET,Jayshree Ullal,1605809,2023-11-01,4,"Group(security=""Common Stock (the company's only class)"", direct='I', shares=10336751.0, last_txn={('I', 'trustforchild1'): 1732200.0, ('I', 'trustforchild2'): 1732200.0, ('I', 'trust'): 6759492.0}, holdings=112859.0, hold_by_vehicle={('D', ''): 88859.0, ('I', 'trustfornephew'): 12000.0, ('I', 'trustforniece'): 12000.0}, filed='2023-11-01', moved_here=True, opening={('I', 'trustforchild1'): 1736200.0, ('I', 'trustforchild2'): 1736200.0, ('I', 'trust'): 6768992.0, ('D', ''): 88859.0, ('I', 'trustfornephew'): 12000.0, ('I', 'trustforniece'): 12000.0}, rows=6, as_of='2023-11-01', accession='0001596532-23-000286', table='I')",10336751,41347004,311100142,3.3226,-17500,3587500.0,,,S,1,c-2,,TRUE
1596532,ANET,Jayshree Ullal,1605809,2023-11-02,4,"Group(security=""Common Stock (the company's only class)"", direct='D', shares=10318351.0, last_txn={('D', ''): 88859.0, ('I', 'trustforchild1'): 1728000.0, ('I', 'trustforchild2'): 1728000.0, ('I', 'trust'): 6749492.0}, holdings=24000.0, hold_by_vehicle={('I', 'trustfornephew'): 12000.0, ('I', 'trustforniece'): 12000.0}, filed='2023-11-02', moved_here=True, opening={('D', ''): 88859.0, ('I', 'trustforchild1'): 1732200.0, ('I', 'trustforchild2'): 1732200.0, ('I', 'trust'): 6759492.0, ('I', 'trustfornephew'): 12000.0, ('I', 'trustforniece'): 12000.0}, rows=12, as_of='2023-11-02', accession='0001596532-23-000288', table='I')",10318351,41273404,311100142,3.3167,-18400,9977642.75,,,MS,1,c-2,,TRUE
1596532,ANET,Jayshree Ullal,1605809,2023-11-15,4,"Group(security=""Common Stock (the company's only class)"", direct='I', shares=10298351.0, last_txn={('I', 'trustforchild1'): 1723500.0, ('I', 'trustforchild2'): 1723500.0, ('I', 'trust'): 6738492.0}, holdings=112859.0, hold_by_vehicle={('D', ''): 88859.0, ('I', 'trustfornephew'): 12000.0, ('I', 'trustforniece'): 12000.0}, filed='2023-11-15', moved_here=True, opening={('I', 'trustforchild1'): 1728000.0, ('I', 'trustforchild2'): 1728000.0, ('I', 'trust'): 6749492.0, ('D', ''): 88859.0, ('I', 'trustfornephew'): 12000.0, ('I', 'trustforniece'): 12000.0}, rows=6, as_of='2023-11-15', accession='0001596532-23-000294', table='I')",10298351,41193404,311100142,3.3103,-20000,4340000.0,,,S,1,c-2,,TRUE
1596532,ANET,Jayshree Ullal,1605809,2023-11-20,4,"Group(security=""Common Stock (the company's only class)"", direct='D', shares=10313400.0, last_txn={('D', ''): 103908.0}, holdings=10209492.0, hold_by_vehicle={('I', 'trustforchild1'): 1723500.0, ('I', 'trustforchild2'): 1723500.0, ('I', 'trustfornephew'): 12000.0, ('I', 'trustforniece'): 12000.0, ('I', 'trust'): 6738492.0}, filed='2023-11-20', moved_here=True, opening={('D', ''): 88859.0, ('I', 'trustforchild1'): 1723500.0, ('I', 'trustforchild2'): 1723500.0, ('I', 'trustfornephew'): 12000.0, ('I', 'trustforniece'): 12000.0, ('I', 'trust'): 6738492.0}, rows=10, as_of='2023-11-20', accession='0001596532-23-000318', table='I')",10313400,41253600,311100142,3.3151,15049,3187462.68,4,,FM,1,c-2,,TRUE
1596532,ANET,Jayshree Ullal,1605809,2023-11-29,4,"Group(security=""Common Stock (the company's only class)"", direct='I', shares=10292400.0, last_txn={('I', 'trustforchild1'): 1719000.0, ('I', 'trustforchild2'): 1719000.0, ('I', 'trust'): 6726492.0}, holdings=127908.0, hold_by_vehicle={('D', ''): 103908.0, ('I', 'trustfornephew'): 12000.0, ('I', 'trustforniece'): 12000.0}, filed='2023-11-29', moved_here=True, opening={('I', 'trustforchild1'): 1723500.0, ('I', 'trustforchild2'): 1723500.0, ('I', 'trust'): 6738492.0, ('D', ''): 103908.0, ('I', 'trustfornephew'): 12000.0, ('I', 'trustforniece'): 12000.0}, rows=6, as_of='2023-11-29', accession='0001596532-23-000326', table='I')",10292400,41169600,311100142,3.3084,-21000,4662000.0,,,S,1,c-2,,TRUE
1596532,ANET,Jayshree Ullal,1605809,2023-12-11,4,"Group(security=""Common Stock (the company's only class)"", direct='I', shares=10270900.0, last_txn={('I', 'trustforchild1'): 1714500.0, ('I', 'trustforchild2'): 1714500.0, ('I', 'trust'): 6713992.0}, holdings=127908.0, hold_by_vehicle={('D', ''): 103908.0, ('I', 'trustfornephew'): 12000.0, ('I', 'trustforniece'): 12000.0}, filed='2023-12-11', moved_here=True, opening={('I', 'trustforchild1'): 1719000.0, ('I', 'trustforchild2'): 1719000.0, ('I', 'trust'): 6726492.0, ('D', ''): 103908.0, ('I', 'trustfornephew'): 12000.0, ('I', 'trustforniece'): 12000.0}, rows=6, as_of='2023-12-11', accession='0001596532-23-000338', table='I')",10270900,41083600,311100142,3.3015,-21500,4880500.0,,,S,1,c-2,,TRUE
1596532,ANET,Jayshree Ullal,1605809,2023-12-13,4,"Group(security=""Common Stock (the company's only class)"", direct='I', shares=10248900.0, last_txn={('I', 'trustforchild1'): 1710000.0, ('I', 'trustforchild2'): 1710000.0, ('I', 'trust'): 6700992.0}, holdings=127908.0, hold_by_vehicle={('D', ''): 103908.0, ('I', 'trustfornephew'): 12000.0, ('I', 'trustforniece'): 12000.0}, filed='2023-12-13', moved_here=True, opening={('I', 'trustforchild1'): 1714500.0, ('I', 'trustforchild2'): 1714500.0, ('I', 'trust'): 6713992.0, ('D', ''): 103908.0, ('I', 'trustfornephew'): 12000.0, ('I', 'trustforniece'): 12000.0}, rows=6, as_of='2023-12-13', accession='0001596532-23-000342', table='I')",10248900,40995600,311100142,3.2944,-22000,5084420.0,,,S,1,c-2,,TRUE
1596532,ANET,Jayshree Ullal,1605809,2023-12-15,4,"Group(security=""Common Stock (the company's only class)"", direct='I', shares=10225900.0, last_txn={('I', 'trustforchild1'): 1705500.0, ('I', 'trustforchild2'): 1705500.0, ('I', 'trust'): 6686992.0}, holdings=127908.0, hold_by_vehicle={('D', ''): 103908.0, ('I', 'trustfornephew'): 12000.0, ('I', 'trustforniece'): 12000.0}, filed='2023-12-15', moved_here=True, opening={('I', 'trustforchild1'): 1710000.0, ('I', 'trustforchild2'): 1710000.0, ('I', 'trust'): 6700992.0, ('D', ''): 103908.0, ('I', 'trustfornephew'): 12000.0, ('I', 'trustforniece'): 12000.0}, rows=6, as_of='2023-12-15', accession='0001596532-23-000347', table='I')",10225900,40903600,311100142,3.287,-23000,5454910.0,,,S,1,c-2,,TRUE
1596532,ANET,Jayshree Ullal,1605809,2024-01-09,4,"Group(security=""Common Stock (the company's only class)"", direct='D', shares=10202230.0, last_txn={('D', ''): 103238.0, ('I', 'trustforchild1'): 1701000.0, ('I', 'trustforchild2'): 1701000.0, ('I', 'trust'): 6672992.0}, holdings=24000.0, hold_by_vehicle={('I', 'trustfornephew'): 12000.0, ('I', 'trustforniece'): 12000.0}, filed='2024-01-09', moved_here=True, opening={('D', ''): 103908.0, ('I', 'trustforchild1'): 1705500.0, ('I', 'trustforchild2'): 1705500.0, ('I', 'trust'): 6686992.0, ('I', 'trustfornephew'): 12000.0, ('I', 'trustforniece'): 12000.0}, rows=6, as_of='2024-01-09', accession='0001596532-24-000010', table='I')",10202230,40808920,311100142,3.2794,-23670,5857323.76,,,S,1,c-2,,TRUE
1596532,ANET,Jayshree Ullal,1605809,2024-01-10,4,"Group(security=""Common Stock (the company's only class)"", direct='D', shares=10200379.0, last_txn={('D', ''): 101387.0}, holdings=10098992.0, hold_by_vehicle={('I', 'trustforchild1'): 1701000.0, ('I', 'trustforchild2'): 1701000.0, ('I', 'trustfornephew'): 12000.0, ('I', 'trustforniece'): 12000.0, ('I', 'trust'): 6672992.0}, filed='2024-01-10', moved_here=True, opening={('D', ''): 103238.0, ('I', 'trustforchild1'): 1701000.0, ('I', 'trustforchild2'): 1701000.0, ('I', 'trustfornephew'): 12000.0, ('I', 'trustforniece'): 12000.0, ('I', 'trust'): 6672992.0}, rows=9, as_of='2024-01-10', accession='0001596532-24-000015', table='I')",10200379,40801516,311100142,3.2788,-1851,460941.49,,,S,1,c-2,,TRUE
1596532,ANET,Jayshree Ullal,1605809,2024-01-18,4,"Group(security=""Common Stock (the company's only class)"", direct='D', shares=10158758.0, last_txn={('D', ''): 82766.0, ('I', 'trustforchild1'): 1696500.0, ('I', 'trustforchild2'): 1696500.0, ('I', 'trust'): 6658992.0}, holdings=24000.0, hold_by_vehicle={('I', 'trustfornephew'): 12000.0, ('I', 'trustforniece'): 12000.0}, filed='2024-01-18', moved_here=True, opening={('D', ''): 101387.0, ('I', 'trustforchild1'): 1701000.0, ('I', 'trustforchild2'): 1701000.0, ('I', 'trust'): 6672992.0, ('I', 'trustfornephew'): 12000.0, ('I', 'trustforniece'): 12000.0}, rows=7, as_of='2024-01-18', accession='0001596532-24-000017', table='I')",10158758,40635032,311100142,3.2654,-41621,10725487.34,,,S,1,c-2,,TRUE
1596532,ANET,Jayshree Ullal,1605809,2024-01-22,4,"Group(security=""Common Stock (the company's only class)"", direct='D', shares=10126756.0, last_txn={('D', ''): 74764.0, ('I', 'trustforchild1'): 1692000.0, ('I', 'trustforchild2'): 1692000.0, ('I', 'trust'): 6643992.0}, holdings=24000.0, hold_by_vehicle={('I', 'trustfornephew'): 12000.0, ('I', 'trustforniece'): 12000.0}, filed='2024-01-22', moved_here=True, opening={('D', ''): 82766.0, ('I', 'trustforchild1'): 1696500.0, ('I', 'trustforchild2'): 1696500.0, ('I', 'trust'): 6658992.0, ('I', 'trustfornephew'): 12000.0, ('I', 'trustforniece'): 12000.0}, rows=8, as_of='2024-01-22', accession='0001596532-24-000021', table='I')",10126756,40507024,311100142,3.2551,-32002,8563773.33,,,S,1,c-2,,TRUE
1596532,ANET,Jayshree Ullal,1605809,2024-01-25,4,"Group(security=""Common Stock (the company's only class)"", direct='D', shares=10126023.0, last_txn={('D', ''): 74031.0}, holdings=10051992.0, hold_by_vehicle={('I', 'trustforchild1'): 1692000.0, ('I', 'trustforchild2'): 1692000.0, ('I', 'trustfornephew'): 12000.0, ('I', 'trustforniece'): 12000.0, ('I', 'trust'): 6643992.0}, filed='2024-01-25', moved_here=True, opening={('D', ''): 74764.0, ('I', 'trustforchild1'): 1692000.0, ('I', 'trustforchild2'): 1692000.0, ('I', 'trustfornephew'): 12000.0, ('I', 'trustforniece'): 12000.0, ('I', 'trust'): 6643992.0}, rows=7, as_of='2024-01-25', accession='0001596532-24-000023', table='I')",10126023,40504092,311100142,3.2549,-733,196555.92,,,S,1,c-2,,TRUE
1596532,ANET,Jayshree Ullal,1605809,2024-01-29,4,"Group(security=""Common Stock (the company's only class)"", direct='D', shares=10125043.0, last_txn={('D', ''): 73051.0}, holdings=10051992.0, hold_by_vehicle={('I', 'trustforchild1'): 1692000.0, ('I', 'trustforchild2'): 1692000.0, ('I', 'trustfornephew'): 12000.0, ('I', 'trustforniece'): 12000.0, ('I', 'trust'): 6643992.0}, filed='2024-01-29', moved_here=True, opening={('D', ''): 74031.0, ('I', 'trustforchild1'): 1692000.0, ('I', 'trustforchild2'): 1692000.0, ('I', 'trustfornephew'): 12000.0, ('I', 'trustforniece'): 12000.0, ('I', 'trust'): 6643992.0}, rows=8, as_of='2024-01-29', accession='0001596532-24-000025', table='I')",10125043,40500172,311100142,3.2546,-980,262919.87,,,S,1,c-2,,TRUE
1596532,ANET,Jayshree Ullal,1605809,2024-02-20,4/A,0001596532-24-000211,10125043,40500172,312633612,3.2386,,,,,,1,c-2,,TRUE
1596532,ANET,Jayshree Ullal,1605809,2024-03-15,4,"Group(security=""Common Stock (the company's only class)"", direct='D', shares=10051273.0, last_txn={('D', ''): 17681.0, ('I', 'trustforchild1'): 1687800.0, ('I', 'trustforchild2'): 1687800.0, ('I', 'trust'): 6633992.0}, holdings=24000.0, hold_by_vehicle={('I', 'trustfornephew'): 12000.0, ('I', 'trustforniece'): 12000.0}, filed='2024-03-15', moved_here=True, opening={('D', ''): 102099.0, ('I', 'trustforchild1'): 1692000.0, ('I', 'trustforchild2'): 1692000.0, ('I', 'trust'): 6643992.0, ('I', 'trustfornephew'): 12000.0, ('I', 'trustforniece'): 12000.0}, rows=17, as_of='2024-03-15', accession='0001596532-24-000109', table='I')",10051273,40205092,312633612,3.215,-102818,29694145.69,,116192,MS,1,c-2,,TRUE
1596532,ANET,Jayshree Ullal,1605809,2024-03-18,4,"Group(security=""Common Stock (the company's only class)"", direct='I', shares=10031273.0, last_txn={('I', 'trustforchild1'): 1683300.0, ('I', 'trustforchild2'): 1683300.0, ('I', 'trust'): 6622992.0}, holdings=41681.0, hold_by_vehicle={('D', ''): 17681.0, ('I', 'trustfornephew'): 12000.0, ('I', 'trustforniece'): 12000.0}, filed='2024-03-18', moved_here=True, opening={('I', 'trustforchild1'): 1687800.0, ('I', 'trustforchild2'): 1687800.0, ('I', 'trust'): 6633992.0, ('D', ''): 17681.0, ('I', 'trustfornephew'): 12000.0, ('I', 'trustforniece'): 12000.0}, rows=6, as_of='2024-03-18', accession='0001596532-24-000111', table='I')",10031273,40125092,312633612,3.2086,-20000,5648200.0,,,S,1,c-2,,TRUE
1596532,ANET,Jayshree Ullal,1605809,2024-03-19,4,"Group(security=""Common Stock (the company's only class)"", direct='I', shares=10011273.0, last_txn={('I', 'trustforchild1'): 1678800.0, ('I', 'trustforchild2'): 1678800.0, ('I', 'trust'): 6611992.0}, holdings=41681.0, hold_by_vehicle={('D', ''): 17681.0, ('I', 'trustfornephew'): 12000.0, ('I', 'trustforniece'): 12000.0}, filed='2024-03-19', moved_here=True, opening={('I', 'trustforchild1'): 1683300.0, ('I', 'trustforchild2'): 1683300.0, ('I', 'trust'): 6622992.0, ('D', ''): 17681.0, ('I', 'trustfornephew'): 12000.0, ('I', 'trustforniece'): 12000.0}, rows=6, as_of='2024-03-19', accession='0001596532-24-000113', table='I')",10011273,40045092,312633612,3.2022,-20000,5680000.0,,,S,1,c-2,,TRUE
1596532,ANET,Jayshree Ullal,1605809,2024-03-20,4,"Group(security=""Common Stock (the company's only class)"", direct='I', shares=9990273.0, last_txn={('I', 'trustforchild1'): 1674300.0, ('I', 'trustforchild2'): 1674300.0, ('I', 'trust'): 6599992.0}, holdings=41681.0, hold_by_vehicle={('D', ''): 17681.0, ('I', 'trustfornephew'): 12000.0, ('I', 'trustforniece'): 12000.0}, filed='2024-03-20', moved_here=True, opening={('I', 'trustforchild1'): 1678800.0, ('I', 'trustforchild2'): 1678800.0, ('I', 'trust'): 6611992.0, ('D', ''): 17681.0, ('I', 'trustfornephew'): 12000.0, ('I', 'trustforniece'): 12000.0}, rows=6, as_of='2024-03-20', accession='0001596532-24-000115', table='I')",9990273,39961092,312633612,3.1955,-21000,6070260.0,,,S,1,c-2,,TRUE
1596532,ANET,Jayshree Ullal,1605809,2024-03-21,4,"Group(security=""Common Stock (the company's only class)"", direct='I', shares=9968773.0, last_txn={('I', 'trustforchild1'): 1669800.0, ('I', 'trustforchild2'): 1669800.0, ('I', 'trust'): 6587492.0}, holdings=41681.0, hold_by_vehicle={('D', ''): 17681.0, ('I', 'trustfornephew'): 12000.0, ('I', 'trustforniece'): 12000.0}, filed='2024-03-21', moved_here=True, opening={('I', 'trustforchild1'): 1674300.0, ('I', 'trustforchild2'): 1674300.0, ('I', 'trust'): 6599992.0, ('D', ''): 17681.0, ('I', 'trustfornephew'): 12000.0, ('I', 'trustforniece'): 12000.0}, rows=6, as_of='2024-03-21', accession='0001596532-24-000117', table='I')",9968773,39875092,312633612,3.1886,-21500,6428500.0,,,S,1,c-2,,TRUE
1596532,ANET,Jayshree Ullal,1605809,2024-03-22,4,"Group(security=""Common Stock (the company's only class)"", direct='I', shares=9946773.0, last_txn={('I', 'trustforchild1'): 1665300.0, ('I', 'trustforchild2'): 1665300.0, ('I', 'trust'): 6574492.0}, holdings=41681.0, hold_by_vehicle={('D', ''): 17681.0, ('I', 'trustfornephew'): 12000.0, ('I', 'trustforniece'): 12000.0}, filed='2024-03-22', moved_here=True, opening={('I', 'trustforchild1'): 1669800.0, ('I', 'trustforchild2'): 1669800.0, ('I', 'trust'): 6587492.0, ('D', ''): 17681.0, ('I', 'trustfornephew'): 12000.0, ('I', 'trustforniece'): 12000.0}, rows=6, as_of='2024-03-22', accession='0001596532-24-000119', table='I')",9946773,39787092,312633612,3.1816,-22000,6666000.0,,,S,1,c-2,,TRUE
1596532,ANET,Jayshree Ullal,1605809,2024-03-25,4,"Group(security=""Common Stock (the company's only class)"", direct='I', shares=9924773.0, last_txn={('I', 'trustforchild1'): 1660800.0, ('I', 'trustforchild2'): 1660800.0, ('I', 'trust'): 6561492.0}, holdings=41681.0, hold_by_vehicle={('D', ''): 17681.0, ('I', 'trustfornephew'): 12000.0, ('I', 'trustforniece'): 12000.0}, filed='2024-03-25', moved_here=True, opening={('I', 'trustforchild1'): 1665300.0, ('I', 'trustforchild2'): 1665300.0, ('I', 'trust'): 6574492.0, ('D', ''): 17681.0, ('I', 'trustfornephew'): 12000.0, ('I', 'trustforniece'): 12000.0}, rows=6, as_of='2024-03-25', accession='0001596532-24-000121', table='I')",9924773,39699092,312633612,3.1746,-22000,6631900.0,,,S,1,c-2,,TRUE
1596532,ANET,Jayshree Ullal,1605809,2024-03-26,4,"Group(security=""Common Stock (the company's only class)"", direct='I', shares=9901773.0, last_txn={('I', 'trustforchild1'): 1656300.0, ('I', 'trustforchild2'): 1656300.0, ('I', 'trust'): 6547492.0}, holdings=41681.0, hold_by_vehicle={('D', ''): 17681.0, ('I', 'trustfornephew'): 12000.0, ('I', 'trustforniece'): 12000.0}, filed='2024-03-26', moved_here=True, opening={('I', 'trustforchild1'): 1660800.0, ('I', 'trustforchild2'): 1660800.0, ('I', 'trust'): 6561492.0, ('D', ''): 17681.0, ('I', 'trustfornephew'): 12000.0, ('I', 'trustforniece'): 12000.0}, rows=6, as_of='2024-03-26', accession='0001596532-24-000123', table='I')",9901773,39607092,312633612,3.1672,-23000,6876310.0,,,S,1,c-2,,TRUE
1596532,ANET,Jayshree Ullal,1605809,2024-03-27,4,"Group(security=""Common Stock (the company's only class)"", direct='I', shares=9878773.0, last_txn={('I', 'trustforchild1'): 1651800.0, ('I', 'trustforchild2'): 1651800.0, ('I', 'trust'): 6533492.0}, holdings=41681.0, hold_by_vehicle={('D', ''): 17681.0, ('I', 'trustfornephew'): 12000.0, ('I', 'trustforniece'): 12000.0}, filed='2024-03-27', moved_here=True, opening={('I', 'trustforchild1'): 1656300.0, ('I', 'trustforchild2'): 1656300.0, ('I', 'trust'): 6547492.0, ('D', ''): 17681.0, ('I', 'trustfornephew'): 12000.0, ('I', 'trustforniece'): 12000.0}, rows=6, as_of='2024-03-27', accession='0001596532-24-000125', table='I')",9878773,39515092,312633612,3.1599,-23000,6813520.0,,,S,1,c-2,,TRUE
1596532,ANET,Jayshree Ullal,1605809,2024-03-28,4,"Group(security=""Common Stock (the company's only class)"", direct='I', shares=9855773.0, last_txn={('I', 'trustforchild1'): 1647300.0, ('I', 'trustforchild2'): 1647300.0, ('I', 'trust'): 6519492.0}, holdings=41681.0, hold_by_vehicle={('D', ''): 17681.0, ('I', 'trustfornephew'): 12000.0, ('I', 'trustforniece'): 12000.0}, filed='2024-03-28', moved_here=True, opening={('I', 'trustforchild1'): 1651800.0, ('I', 'trustforchild2'): 1651800.0, ('I', 'trust'): 6533492.0, ('D', ''): 17681.0, ('I', 'trustfornephew'): 12000.0, ('I', 'trustforniece'): 12000.0}, rows=6, as_of='2024-03-28', accession='0001596532-24-000127', table='I')",9855773,39423092,312633612,3.1525,-23000,6635730.0,,,S,1,c-2,,TRUE
1596532,ANET,Jayshree Ullal,1605809,2024-04-01,4,"Group(security=""Common Stock (the company's only class)"", direct='I', shares=9831773.0, last_txn={('I', 'trustforchild1'): 1642800.0, ('I', 'trustforchild2'): 1642800.0, ('I', 'trust'): 6504492.0}, holdings=41681.0, hold_by_vehicle={('D', ''): 17681.0, ('I', 'trustfornephew'): 12000.0, ('I', 'trustforniece'): 12000.0}, filed='2024-04-01', moved_here=True, opening={('I', 'trustforchild1'): 1647300.0, ('I', 'trustforchild2'): 1647300.0, ('I', 'trust'): 6519492.0, ('D', ''): 17681.0, ('I', 'trustfornephew'): 12000.0, ('I', 'trustforniece'): 12000.0}, rows=6, as_of='2024-04-01', accession='0001596532-24-000135', table='I')",9831773,39327092,312633612,3.1448,-24000,7014720.0,,,S,1,c-2,,TRUE
1596532,ANET,Jayshree Ullal,1605809,2024-04-02,4,"Group(security=""Common Stock (the company's only class)"", direct='D', shares=9807773.0, last_txn={('D', ''): 17681.0, ('I', 'trustforchild1'): 1638300.0, ('I', 'trustforchild2'): 1638300.0, ('I', 'trust'): 6489492.0}, holdings=24000.0, hold_by_vehicle={('I', 'trustfornephew'): 12000.0, ('I', 'trustforniece'): 12000.0}, filed='2024-04-02', moved_here=True, opening={('D', ''): 17681.0, ('I', 'trustforchild1'): 1642800.0, ('I', 'trustforchild2'): 1642800.0, ('I', 'trust'): 6504492.0, ('I', 'trustfornephew'): 12000.0, ('I', 'trustforniece'): 12000.0}, rows=13, as_of='2024-04-02', accession='0001596532-24-000137', table='I')",9807773,39231092,312633612,3.1371,-24000,7521547.35,,,MS,1,c-2,,TRUE
1596532,ANET,Jayshree Ullal,1605809,2024-04-03,4,"Group(security=""Common Stock (the company's only class)"", direct='I', shares=9783773.0, last_txn={('I', 'trustforchild1'): 1633800.0, ('I', 'trustforchild2'): 1633800.0, ('I', 'trust'): 6474492.0}, holdings=41681.0, hold_by_vehicle={('D', ''): 17681.0, ('I', 'trustfornephew'): 12000.0, ('I', 'trustforniece'): 12000.0}, filed='2024-04-03', moved_here=True, opening={('I', 'trustforchild1'): 1638300.0, ('I', 'trustforchild2'): 1638300.0, ('I', 'trust'): 6489492.0, ('D', ''): 17681.0, ('I', 'trustfornephew'): 12000.0, ('I', 'trustforniece'): 12000.0}, rows=6, as_of='2024-04-03', accession='0001596532-24-000139', table='I')",9783773,39135092,312633612,3.1295,-24000,6986880.0,,,S,1,c-2,,TRUE
1596532,ANET,Jayshree Ullal,1605809,2024-04-04,4,"Group(security=""Common Stock (the company's only class)"", direct='I', shares=9759773.0, last_txn={('I', 'trustforchild1'): 1629300.0, ('I', 'trustforchild2'): 1629300.0, ('I', 'trust'): 6459492.0}, holdings=41681.0, hold_by_vehicle={('D', ''): 17681.0, ('I', 'trustfornephew'): 12000.0, ('I', 'trustforniece'): 12000.0}, filed='2024-04-04', moved_here=True, opening={('I', 'trustforchild1'): 1633800.0, ('I', 'trustforchild2'): 1633800.0, ('I', 'trust'): 6474492.0, ('D', ''): 17681.0, ('I', 'trustfornephew'): 12000.0, ('I', 'trustforniece'): 12000.0}, rows=6, as_of='2024-04-04', accession='0001596532-24-000143', table='I')",9759773,39039092,312633612,3.1218,-24000,7223040.0,,,S,1,c-2,,TRUE
1596532,ANET,Jayshree Ullal,1605809,2024-04-09,4,"Group(security=""Common Stock (the company's only class)"", direct='I', shares=9755731.0, last_txn={('I', 'trustforchild1'): 1628532.0, ('I', 'trustforchild2'): 1628532.0, ('I', 'trust'): 6456986.0}, holdings=41681.0, hold_by_vehicle={('D', ''): 17681.0, ('I', 'trustfornephew'): 12000.0, ('I', 'trustforniece'): 12000.0}, filed='2024-04-09', moved_here=True, opening={('I', 'trustforchild1'): 1629300.0, ('I', 'trustforchild2'): 1629300.0, ('I', 'trust'): 6459492.0, ('D', ''): 17681.0, ('I', 'trustfornephew'): 12000.0, ('I', 'trustforniece'): 12000.0}, rows=6, as_of='2024-04-09', accession='0001596532-24-000145', table='I')",9755731,39022924,312633612,3.1205,-4042,1212559.58,,,S,1,c-2,,TRUE
1596532,ANET,Jayshree Ullal,1605809,2024-05-02,4,"Group(security=""Common Stock (the company's only class)"", direct='D', shares=9755731.0, last_txn={('D', ''): 17681.0}, holdings=9738050.0, hold_by_vehicle={('I', 'trustforchild1'): 1628532.0, ('I', 'trustforchild2'): 1628532.0, ('I', 'trustfornephew'): 12000.0, ('I', 'trustforniece'): 12000.0, ('I', 'trust'): 6456986.0}, filed='2024-05-02', moved_here=True, opening={('D', ''): 17681.0, ('I', 'trustforchild1'): 1628532.0, ('I', 'trustforchild2'): 1628532.0, ('I', 'trustfornephew'): 12000.0, ('I', 'trustforniece'): 12000.0, ('I', 'trust'): 6456986.0}, rows=13, as_of='2024-05-02', accession='0001596532-24-000165', table='I')",9755731,39022924,313363097,3.1132,,476016.02,,,MS,1,c-2,,TRUE
1596532,ANET,Jayshree Ullal,1605809,2024-05-10,4,"Group(security=""Common Stock (the company's only class)"", direct='I', shares=9731773.0, last_txn={('I', 'trustforchild1'): 1624800.0, ('I', 'trustforchild2'): 1624800.0, ('I', 'trustfornephew'): 10000.0, ('I', 'trustforniece'): 10000.0, ('I', 'trust'): 6444492.0}, holdings=17681.0, hold_by_vehicle={('D', ''): 17681.0}, filed='2024-05-10', moved_here=True, opening={('I', 'trustforchild1'): 1628532.0, ('I', 'trustforchild2'): 1628532.0, ('I', 'trustfornephew'): 12000.0, ('I', 'trustforniece'): 12000.0, ('I', 'trust'): 6456986.0, ('D', ''): 17681.0}, rows=6, as_of='2024-05-10', accession='0001596532-24-000177', table='I')",9731773,38927092,313363097,3.1056,-23958,7218280.42,,,S,1,c-2,,TRUE
1596532,ANET,Jayshree Ullal,1605809,2024-05-13,4,"Group(security=""Common Stock (the company's only class)"", direct='I', shares=9711773.0, last_txn={('I', 'trustforchild1'): 1620800.0, ('I', 'trustforchild2'): 1620800.0, ('I', 'trust'): 6432492.0}, holdings=37681.0, hold_by_vehicle={('D', ''): 17681.0, ('I', 'trustfornephew'): 10000.0, ('I', 'trustforniece'): 10000.0}, filed='2024-05-13', moved_here=True, opening={('I', 'trustforchild1'): 1624800.0, ('I', 'trustforchild2'): 1624800.0, ('I', 'trust'): 6444492.0, ('D', ''): 17681.0, ('I', 'trustfornephew'): 10000.0, ('I', 'trustforniece'): 10000.0}, rows=6, as_of='2024-05-13', accession='0001596532-24-000179', table='I')",9711773,38847092,313363097,3.0992,-20000,6241400.0,,,S,1,c-2,,TRUE
1596532,ANET,Jayshree Ullal,1605809,2024-05-15,4,"Group(security=""Common Stock (the company's only class)"", direct='I', shares=9686773.0, last_txn={('I', 'trustforchild1'): 1615800.0, ('I', 'trustforchild2'): 1615800.0, ('I', 'trust'): 6417492.0}, holdings=37681.0, hold_by_vehicle={('D', ''): 17681.0, ('I', 'trustfornephew'): 10000.0, ('I', 'trustforniece'): 10000.0}, filed='2024-05-15', moved_here=True, opening={('I', 'trustforchild1'): 1620800.0, ('I', 'trustforchild2'): 1620800.0, ('I', 'trust'): 6432492.0, ('D', ''): 17681.0, ('I', 'trustfornephew'): 10000.0, ('I', 'trustforniece'): 10000.0}, rows=6, as_of='2024-05-15', accession='0001596532-24-000181', table='I')",9686773,38747092,313363097,3.0912,-25000,7925000.0,,,S,1,c-2,,TRUE
1596532,ANET,Jayshree Ullal,1605809,2024-05-16,4,"Group(security=""Common Stock (the company's only class)"", direct='I', shares=9661773.0, last_txn={('I', 'trustforchild1'): 1610800.0, ('I', 'trustforchild2'): 1610800.0, ('I', 'trust'): 6402492.0}, holdings=37681.0, hold_by_vehicle={('D', ''): 17681.0, ('I', 'trustfornephew'): 10000.0, ('I', 'trustforniece'): 10000.0}, filed='2024-05-16', moved_here=True, opening={('I', 'trustforchild1'): 1615800.0, ('I', 'trustforchild2'): 1615800.0, ('I', 'trust'): 6417492.0, ('D', ''): 17681.0, ('I', 'trustfornephew'): 10000.0, ('I', 'trustforniece'): 10000.0}, rows=6, as_of='2024-05-16', accession='0001596532-24-000185', table='I')",9661773,38647092,313363097,3.0833,-25000,8175000.0,,,S,1,c-2,,TRUE
1596532,ANET,Jayshree Ullal,1605809,2024-05-20,4,"Group(security=""Common Stock (the company's only class)"", direct='D', shares=9679532.0, last_txn={('D', ''): 35440.0}, holdings=9644092.0, hold_by_vehicle={('I', 'trustforchild1'): 1610800.0, ('I', 'trustforchild2'): 1610800.0, ('I', 'trustfornephew'): 10000.0, ('I', 'trustforniece'): 10000.0, ('I', 'trust'): 6402492.0}, filed='2024-05-20', moved_here=True, opening={('D', ''): 17681.0, ('I', 'trustforchild1'): 1610800.0, ('I', 'trustforchild2'): 1610800.0, ('I', 'trustfornephew'): 10000.0, ('I', 'trustforniece'): 10000.0, ('I', 'trust'): 6402492.0}, rows=10, as_of='2024-05-20', accession='0001596532-24-000212', table='I')",9679532,38718128,313363097,3.0889,17759,5737202.57,4,,FM,1,c-2,,TRUE
1596532,ANET,Jayshree Ullal,1605809,2024-05-22,4,"Group(security=""Common Stock (the company's only class)"", direct='D', shares=9661773.0, last_txn={('D', ''): 17681.0}, holdings=9644092.0, hold_by_vehicle={('I', 'trustforchild1'): 1610800.0, ('I', 'trustforchild2'): 1610800.0, ('I', 'trustfornephew'): 10000.0, ('I', 'trustforniece'): 10000.0, ('I', 'trust'): 6402492.0}, filed='2024-05-22', moved_here=True, opening={('D', ''): 35440.0, ('I', 'trustforchild1'): 1610800.0, ('I', 'trustforchild2'): 1610800.0, ('I', 'trustfornephew'): 10000.0, ('I', 'trustforniece'): 10000.0, ('I', 'trust'): 6402492.0}, rows=10, as_of='2024-05-22', accession='0001596532-24-000223', table='I')",9661773,38647092,313363097,3.0833,-17759,5667830.97,,,S,1,c-2,,TRUE
1596532,ANET,Jayshree Ullal,1605809,2024-06-04,4,"Group(security=""Common Stock (the company's only class)"", direct='D', shares=9661773.0, last_txn={('D', ''): 17681.0}, holdings=9644092.0, hold_by_vehicle={('I', 'trustforchild1'): 1610800.0, ('I', 'trustforchild2'): 1610800.0, ('I', 'trustfornephew'): 10000.0, ('I', 'trustforniece'): 10000.0, ('I', 'trust'): 6402492.0}, filed='2024-06-04', moved_here=True, opening={('D', ''): 17681.0, ('I', 'trustforchild1'): 1610800.0, ('I', 'trustforchild2'): 1610800.0, ('I', 'trustfornephew'): 10000.0, ('I', 'trustforniece'): 10000.0, ('I', 'trust'): 6402492.0}, rows=9, as_of='2024-06-04', accession='0001596532-24-000231', table='I')",9661773,38647092,313363097,3.0833,,290975.01,,,MS,1,c-2,,TRUE
1596532,ANET,Jayshree Ullal,1605809,2024-06-17,4,"Group(security=""Common Stock (the company's only class)"", direct='I', shares=9636773.0, last_txn={('I', 'trustforchild1'): 1605800.0, ('I', 'trustforchild2'): 1605800.0, ('I', 'trust'): 6387492.0}, holdings=37681.0, hold_by_vehicle={('D', ''): 17681.0, ('I', 'trustfornephew'): 10000.0, ('I', 'trustforniece'): 10000.0}, filed='2024-06-17', moved_here=True, opening={('I', 'trustforchild1'): 1610800.0, ('I', 'trustforchild2'): 1610800.0, ('I', 'trust'): 6402492.0, ('D', ''): 17681.0, ('I', 'trustfornephew'): 10000.0, ('I', 'trustforniece'): 10000.0}, rows=6, as_of='2024-06-17', accession='0001596532-24-000253', table='I')",9636773,38547092,313363097,3.0753,-25000,8425000.0,,,S,1,c-2,,TRUE
1596532,ANET,Jayshree Ullal,1605809,2024-06-27,4,"Group(security=""Common Stock (the company's only class)"", direct='I', shares=9611773.0, last_txn={('I', 'trustforchild1'): 1600800.0, ('I', 'trustforchild2'): 1600800.0, ('I', 'trust'): 6372492.0}, holdings=37681.0, hold_by_vehicle={('D', ''): 17681.0, ('I', 'trustfornephew'): 10000.0, ('I', 'trustforniece'): 10000.0}, filed='2024-06-27', moved_here=True, opening={('I', 'trustforchild1'): 1605800.0, ('I', 'trustforchild2'): 1605800.0, ('I', 'trust'): 6387492.0, ('D', ''): 17681.0, ('I', 'trustfornephew'): 10000.0, ('I', 'trustforniece'): 10000.0}, rows=6, as_of='2024-06-27', accession='0001596532-24-000255', table='I')",9611773,38447092,313363097,3.0673,-25000,8675000.0,,,S,1,c-2,,TRUE
1596532,ANET,Jayshree Ullal,1605809,2024-07-01,4,"Group(security=""Common Stock (the company's only class)"", direct='I', shares=9586773.0, last_txn={('I', 'trustforchild1'): 1595800.0, ('I', 'trustforchild2'): 1595800.0, ('I', 'trust'): 6357492.0}, holdings=37681.0, hold_by_vehicle={('D', ''): 17681.0, ('I', 'trustfornephew'): 10000.0, ('I', 'trustforniece'): 10000.0}, filed='2024-07-01', moved_here=True, opening={('I', 'trustforchild1'): 1600800.0, ('I', 'trustforchild2'): 1600800.0, ('I', 'trust'): 6372492.0, ('D', ''): 17681.0, ('I', 'trustfornephew'): 10000.0, ('I', 'trustforniece'): 10000.0}, rows=6, as_of='2024-07-01', accession='0001596532-24-000263', table='I')",9586773,38347092,313363097,3.0593,-25000,8925000.0,,,S,1,c-2,,TRUE
1596532,ANET,Jayshree Ullal,1605809,2024-07-02,4,"Group(security=""Common Stock (the company's only class)"", direct='D', shares=9586773.0, last_txn={('D', ''): 17681.0}, holdings=9569092.0, hold_by_vehicle={('I', 'trustforchild1'): 1595800.0, ('I', 'trustforchild2'): 1595800.0, ('I', 'trustfornephew'): 10000.0, ('I', 'trustforniece'): 10000.0, ('I', 'trust'): 6357492.0}, filed='2024-07-02', moved_here=True, opening={('D', ''): 17681.0, ('I', 'trustforchild1'): 1595800.0, ('I', 'trustforchild2'): 1595800.0, ('I', 'trustfornephew'): 10000.0, ('I', 'trustforniece'): 10000.0, ('I', 'trust'): 6357492.0}, rows=10, as_of='2024-07-02', accession='0001596532-24-000265', table='I')",9586773,38347092,313363097,3.0593,,346660.18,,,MS,1,c-2,,TRUE
1596532,ANET,Jayshree Ullal,1605809,2024-08-02,4,"Group(security=""Common Stock (the company's only class)"", direct='D', shares=9586773.0, last_txn={('D', ''): 17681.0}, holdings=9569092.0, hold_by_vehicle={('I', 'trustforchild1'): 1595800.0, ('I', 'trustforchild2'): 1595800.0, ('I', 'trustfornephew'): 10000.0, ('I', 'trustforniece'): 10000.0, ('I', 'trust'): 6357492.0}, filed='2024-08-02', moved_here=True, opening={('D', ''): 17681.0, ('I', 'trustforchild1'): 1595800.0, ('I', 'trustforchild2'): 1595800.0, ('I', 'trustfornephew'): 10000.0, ('I', 'trustforniece'): 10000.0, ('I', 'trust'): 6357492.0}, rows=14, as_of='2024-08-02', accession='0001596532-24-000288', table='I')",9586773,38347092,314152875,3.0516,,311756.46,,,MS,1,c-2,,TRUE
1596532,ANET,Jayshree Ullal,1605809,2024-08-20,4,"Group(security=""Common Stock (the company's only class)"", direct='D', shares=9604525.0, last_txn={('D', ''): 35433.0}, holdings=9569092.0, hold_by_vehicle={('I', 'trustforchild1'): 1595800.0, ('I', 'trustforchild2'): 1595800.0, ('I', 'trustfornephew'): 10000.0, ('I', 'trustforniece'): 10000.0, ('I', 'trust'): 6357492.0}, filed='2024-08-20', moved_here=True, opening={('D', ''): 17681.0, ('I', 'trustforchild1'): 1595800.0, ('I', 'trustforchild2'): 1595800.0, ('I', 'trustfornephew'): 10000.0, ('I', 'trustforniece'): 10000.0, ('I', 'trust'): 6357492.0}, rows=10, as_of='2024-08-20', accession='0001596532-24-000310', table='I')",9604525,38418100,314152875,3.0573,17752,6351945.66,4,,FM,1,c-2,,TRUE
1596532,ANET,Jayshree Ullal,1605809,2024-08-21,4,"Group(security=""Common Stock (the company's only class)"", direct='D', shares=9586773.0, last_txn={('D', ''): 17681.0}, holdings=9569092.0, hold_by_vehicle={('I', 'trustforchild1'): 1595800.0, ('I', 'trustforchild2'): 1595800.0, ('I', 'trustfornephew'): 10000.0, ('I', 'trustforniece'): 10000.0, ('I', 'trust'): 6357492.0}, filed='2024-08-21', moved_here=True, opening={('D', ''): 35433.0, ('I', 'trustforchild1'): 1595800.0, ('I', 'trustforchild2'): 1595800.0, ('I', 'trustfornephew'): 10000.0, ('I', 'trustforniece'): 10000.0, ('I', 'trust'): 6357492.0}, rows=10, as_of='2024-08-21', accession='0001596532-24-000314', table='I')",9586773,38347092,314152875,3.0516,-17752,6289417.25,,,S,1,c-2,,TRUE
1596532,ANET,Jayshree Ullal,1605809,2024-09-03,4,"Group(security=""Common Stock (the company's only class)"", direct='D', shares=9586773.0, last_txn={('D', ''): 17681.0}, holdings=9569092.0, hold_by_vehicle={('I', 'trustforchild1'): 1595800.0, ('I', 'trustforchild2'): 1595800.0, ('I', 'trustfornephew'): 10000.0, ('I', 'trustforniece'): 10000.0, ('I', 'trust'): 6357492.0}, filed='2024-09-03', moved_here=True, opening={('D', ''): 17681.0, ('I', 'trustforchild1'): 1595800.0, ('I', 'trustforchild2'): 1595800.0, ('I', 'trustfornephew'): 10000.0, ('I', 'trustforniece'): 10000.0, ('I', 'trust'): 6357492.0}, rows=15, as_of='2024-09-03', accession='0001596532-24-000326', table='I')",9586773,38347092,314152875,3.0516,,327656.73,,,MS,1,c-2,,TRUE
1596532,ANET,Jayshree Ullal,1605809,2024-10-02,4,"Group(security=""Common Stock (the company's only class)"", direct='D', shares=9586773.0, last_txn={('D', ''): 17681.0}, holdings=9569092.0, hold_by_vehicle={('I', 'trustforchild1'): 1595800.0, ('I', 'trustforchild2'): 1595800.0, ('I', 'trustfornephew'): 10000.0, ('I', 'trustforniece'): 10000.0, ('I', 'trust'): 6357492.0}, filed='2024-10-02', moved_here=True, opening={('D', ''): 17681.0, ('I', 'trustforchild1'): 1595800.0, ('I', 'trustforchild2'): 1595800.0, ('I', 'trustfornephew'): 10000.0, ('I', 'trustforniece'): 10000.0, ('I', 'trust'): 6357492.0}, rows=12, as_of='2024-10-02', accession='0001596532-24-000342', table='I')",9586773,38347092,314152875,3.0516,,370569.12,,,MS,1,c-2,,TRUE
1596532,ANET,Jayshree Ullal,1605809,2024-11-04,4,"Group(security=""Common Stock (the company's only class)"", direct='D', shares=9586773.0, last_txn={('D', ''): 17681.0}, holdings=9569092.0, hold_by_vehicle={('I', 'trustforchild1'): 1595800.0, ('I', 'trustforchild2'): 1595800.0, ('I', 'trustfornephew'): 10000.0, ('I', 'trustforniece'): 10000.0, ('I', 'trust'): 6357492.0}, filed='2024-11-04', moved_here=True, opening={('D', ''): 17681.0, ('I', 'trustforchild1'): 1595800.0, ('I', 'trustforchild2'): 1595800.0, ('I', 'trustfornephew'): 10000.0, ('I', 'trustforniece'): 10000.0, ('I', 'trust'): 6357492.0}, rows=11, as_of='2024-11-04', accession='0001596532-24-000358', table='I')",9586773,38347092,314939883,3.044,,377704.34,,,MS,1,c-2,,TRUE
1596532,ANET,Jayshree Ullal,1605809,2024-11-20,4,"Group(security=""Common Stock (the company's only class)"", direct='D', shares=9604532.0, last_txn={('D', ''): 35440.0}, holdings=9569092.0, hold_by_vehicle={('I', 'trustforchild1'): 1595800.0, ('I', 'trustforchild2'): 1595800.0, ('I', 'trustfornephew'): 10000.0, ('I', 'trustforniece'): 10000.0, ('I', 'trust'): 6357492.0}, filed='2024-11-20', moved_here=True, opening={('D', ''): 17681.0, ('I', 'trustforchild1'): 1595800.0, ('I', 'trustforchild2'): 1595800.0, ('I', 'trustfornephew'): 10000.0, ('I', 'trustforniece'): 10000.0, ('I', 'trust'): 6357492.0}, rows=10, as_of='2024-11-20', accession='0001596532-24-000392', table='I')",9604532,38418128,314939883,3.0496,17759,6857038.44,4,,FM,1,c-2,,TRUE
1596532,ANET,Jayshree Ullal,1605809,2024-11-21,4,"Group(security=""Common Stock (the company's only class)"", direct='D', shares=9586773.0, last_txn={('D', ''): 17681.0}, holdings=9569092.0, hold_by_vehicle={('I', 'trustforchild1'): 1595800.0, ('I', 'trustforchild2'): 1595800.0, ('I', 'trustfornephew'): 10000.0, ('I', 'trustforniece'): 10000.0, ('I', 'trust'): 6357492.0}, filed='2024-11-21', moved_here=True, opening={('D', ''): 35440.0, ('I', 'trustforchild1'): 1595800.0, ('I', 'trustforchild2'): 1595800.0, ('I', 'trustfornephew'): 10000.0, ('I', 'trustforniece'): 10000.0, ('I', 'trust'): 6357492.0}, rows=18, as_of='2024-11-21', accession='0001596532-24-000396', table='I')",9586773,38347092,314939883,3.044,-17759,7107555.64,,,S,1,c-2,,TRUE
1596532,ANET,Jayshree Ullal,1605809,2024-12-11,4,"Group(security=""Common Stock (the company's only class)"", direct='I', shares=37411092.0, last_txn={('I', 'trust'): 24493968.0}, holdings=12917124.0, hold_by_vehicle={('D', ''): 70724.0, ('I', 'trustforchild1'): 6383200.0, ('I', 'trustforchild2'): 6383200.0, ('I', 'trustfornephew'): 40000.0, ('I', 'trustforniece'): 40000.0}, filed='2024-12-11', moved_here=True, opening={('I', 'trust'): 25429968.0, ('D', ''): 70724.0, ('I', 'trustforchild1'): 6383200.0, ('I', 'trustforchild2'): 6383200.0, ('I', 'trustfornephew'): 40000.0, ('I', 'trustforniece'): 40000.0}, rows=6, as_of='2024-12-11', accession='0001596532-24-000412', table='I')",37411092,37411092,1259759532,2.9697,-936000,,1,,G,1,c-2,,TRUE
1596532,ANET,Jayshree Ullal,1605809,2025-02-20,4,"Group(security=""Common Stock (the company's only class)"", direct='D', shares=37571360.0, last_txn={('D', ''): 230992.0}, holdings=37340368.0, hold_by_vehicle={('I', 'trustforchild1'): 6383200.0, ('I', 'trustforchild2'): 6383200.0, ('I', 'trustfornephew'): 40000.0, ('I', 'trustforniece'): 40000.0, ('I', 'trust'): 24493968.0}, filed='2025-02-20', moved_here=True, opening={('D', ''): 70724.0, ('I', 'trustforchild1'): 6383200.0, ('I', 'trustforchild2'): 6383200.0, ('I', 'trustfornephew'): 40000.0, ('I', 'trustforniece'): 40000.0, ('I', 'trust'): 24493968.0}, rows=13, as_of='2025-02-20', accession='0001596532-25-000052', table='I')",37571360,37571360,1261122596,2.9792,160268,16488362.88,7,,FM,1,c-2,,TRUE
1596532,ANET,Jayshree Ullal,1605809,2025-02-24,4,"Group(security=""Common Stock (the company's only class)"", direct='D', shares=37433009.0, last_txn={('D', ''): 92641.0}, holdings=37340368.0, hold_by_vehicle={('I', 'trustforchild1'): 6383200.0, ('I', 'trustforchild2'): 6383200.0, ('I', 'trustfornephew'): 40000.0, ('I', 'trustforniece'): 40000.0, ('I', 'trust'): 24493968.0}, filed='2025-02-24', moved_here=True, opening={('D', ''): 230992.0, ('I', 'trustforchild1'): 6383200.0, ('I', 'trustforchild2'): 6383200.0, ('I', 'trustfornephew'): 40000.0, ('I', 'trustforniece'): 40000.0, ('I', 'trust'): 24493968.0}, rows=12, as_of='2025-02-24', accession='0001596532-25-000058', table='I')",37433009,37433009,1261122596,2.9682,-138351,12988491.13,,,S,1,c-2,,TRUE
1596532,ANET,Jayshree Ullal,1605809,2025-05-20,4,"Group(security=""Common Stock (the company's only class)"", direct='D', shares=37457051.0, last_txn={('D', ''): 116683.0}, holdings=37340368.0, hold_by_vehicle={('I', 'trustforchild1'): 6383200.0, ('I', 'trustforchild2'): 6383200.0, ('I', 'trustfornephew'): 40000.0, ('I', 'trustforniece'): 40000.0, ('I', 'trust'): 24493968.0}, filed='2025-05-20', moved_here=True, opening={('D', ''): 92641.0, ('I', 'trustforchild1'): 6383200.0, ('I', 'trustforchild2'): 6383200.0, ('I', 'trustfornephew'): 40000.0, ('I', 'trustforniece'): 40000.0, ('I', 'trust'): 24493968.0}, rows=8, as_of='2025-05-20', accession='0001596532-25-000136', table='I')",37457051,37457051,1255921431,2.9824,24042,2341880.6,2,,FM,1,c-2,,TRUE
1596532,ANET,Jayshree Ullal,1605809,2025-06-26,4,"Group(security=""Common Stock (the company's only class)"", direct='D', shares=37339269.0, last_txn={('D', ''): 103608.0, ('I', 'trustforchild1'): 6369090.0, ('I', 'trustforchild2'): 6369090.0, ('I', 'trustfornephew'): 38776.0, ('I', 'trustforniece'): 38776.0, ('I', 'trust'): 24419929.0}, holdings=0.0, hold_by_vehicle={}, filed='2025-06-26', moved_here=True, opening={('D', ''): 116683.0, ('I', 'trustforchild1'): 6383200.0, ('I', 'trustforchild2'): 6383200.0, ('I', 'trustfornephew'): 40000.0, ('I', 'trustforniece'): 40000.0, ('I', 'trust'): 24493968.0}, rows=6, as_of='2025-06-26', accession='0001596532-25-000174', table='I')",37339269,37339269,1255921431,2.9731,-117782,12017580.14,,,S,1,c-2,,TRUE
1596532,ANET,Jayshree Ullal,1605809,2025-06-27,4,"Group(security=""Common Stock (the company's only class)"", direct='D', shares=37337253.0, last_txn={('D', ''): 103385.0, ('I', 'trustforchild1'): 6368849.0, ('I', 'trustforchild2'): 6368849.0, ('I', 'trustfornephew'): 38756.0, ('I', 'trustforniece'): 38756.0, ('I', 'trust'): 24418658.0}, holdings=0.0, hold_by_vehicle={}, filed='2025-06-27', moved_here=True, opening={('D', ''): 103608.0, ('I', 'trustforchild1'): 6369090.0, ('I', 'trustforchild2'): 6369090.0, ('I', 'trustfornephew'): 38776.0, ('I', 'trustforniece'): 38776.0, ('I', 'trust'): 24419929.0}, rows=6, as_of='2025-06-27', accession='0001596532-25-000176', table='I')",37337253,37337253,1255921431,2.9729,-2016,205616.07,,,S,1,c-2,,TRUE
1596532,ANET,Jayshree Ullal,1605809,2025-06-30,4,"Group(security=""Common Stock (the company's only class)"", direct='D', shares=36495341.0, last_txn={('D', ''): 9917.0, ('I', 'trustforchild1'): 6267987.0, ('I', 'trustforchild2'): 6267987.0, ('I', 'trustfornephew'): 30000.0, ('I', 'trustforniece'): 30000.0, ('I', 'trust'): 23889450.0}, holdings=0.0, hold_by_vehicle={}, filed='2025-06-30', moved_here=True, opening={('D', ''): 103385.0, ('I', 'trustforchild1'): 6368849.0, ('I', 'trustforchild2'): 6368849.0, ('I', 'trustfornephew'): 38756.0, ('I', 'trustforniece'): 38756.0, ('I', 'trust'): 24418658.0}, rows=12, as_of='2025-06-30', accession='0001596532-25-000178', table='I')",36495341,36495341,1255921431,2.9059,-841912,86236431.32,,,S,1,c-2,,TRUE
1596532,ANET,Jayshree Ullal,1605809,2025-07-25,4,"Group(security=""Common Stock (the company's only class)"", direct='I', shares=36434643.0, last_txn={('I', 'trustforchild1'): 6259611.0, ('I', 'trustforchild2'): 6259611.0, ('I', 'trust'): 23845504.0}, holdings=69917.0, hold_by_vehicle={('D', ''): 9917.0, ('I', 'trustfornephew'): 30000.0, ('I', 'trustforniece'): 30000.0}, filed='2025-07-25', moved_here=True, opening={('I', 'trustforchild1'): 6267987.0, ('I', 'trustforchild2'): 6267987.0, ('I', 'trust'): 23889450.0, ('D', ''): 9917.0, ('I', 'trustfornephew'): 30000.0, ('I', 'trustforniece'): 30000.0}, rows=6, as_of='2025-07-25', accession='0001596532-25-000197', table='I')",36434643,36434643,1255921431,2.901,-60698,6981538.59,,,S,1,c-2,,TRUE
1596532,ANET,Jayshree Ullal,1605809,2025-07-28,4,"Group(security=""Common Stock (the company's only class)"", direct='I', shares=35907341.0, last_txn={('I', 'trustforchild1'): 6186850.0, ('I', 'trustforchild2'): 6186850.0, ('I', 'trust'): 23463724.0}, holdings=69917.0, hold_by_vehicle={('D', ''): 9917.0, ('I', 'trustfornephew'): 30000.0, ('I', 'trustforniece'): 30000.0}, filed='2025-07-28', moved_here=True, opening={('I', 'trustforchild1'): 6259611.0, ('I', 'trustforchild2'): 6259611.0, ('I', 'trust'): 23845504.0, ('D', ''): 9917.0, ('I', 'trustfornephew'): 30000.0, ('I', 'trustforniece'): 30000.0}, rows=9, as_of='2025-07-28', accession='0001596532-25-000199', table='I')",35907341,35907341,1255921431,2.859,-527302,60949418.6,,,S,1,c-2,,TRUE
1596532,ANET,Jayshree Ullal,1605809,2025-07-29,4,"Group(security=""Common Stock (the company's only class)"", direct='I', shares=35319341.0, last_txn={('I', 'trustforchild1'): 6105713.0, ('I', 'trustforchild2'): 6105713.0, ('I', 'trust'): 23037998.0}, holdings=69917.0, hold_by_vehicle={('D', ''): 9917.0, ('I', 'trustfornephew'): 30000.0, ('I', 'trustforniece'): 30000.0}, filed='2025-07-29', moved_here=True, opening={('I', 'trustforchild1'): 6186850.0, ('I', 'trustforchild2'): 6186850.0, ('I', 'trust'): 23463724.0, ('D', ''): 9917.0, ('I', 'trustfornephew'): 30000.0, ('I', 'trustforniece'): 30000.0}, rows=9, as_of='2025-07-29', accession='0001596532-25-000201', table='I')",35319341,35319341,1255921431,2.8122,-588000,70061857.64,,,S,1,c-2,,TRUE
1596532,ANET,Jayshree Ullal,1605809,2025-07-30,4,"Group(security=""Common Stock (the company's only class)"", direct='I', shares=35030521.0, last_txn={('I', 'trustforchild1'): 6065859.0, ('I', 'trustforchild2'): 6065859.0, ('I', 'trust'): 22828886.0}, holdings=69917.0, hold_by_vehicle={('D', ''): 9917.0, ('I', 'trustfornephew'): 30000.0, ('I', 'trustforniece'): 30000.0}, filed='2025-07-30', moved_here=True, opening={('I', 'trustforchild1'): 6105713.0, ('I', 'trustforchild2'): 6105713.0, ('I', 'trust'): 23037998.0, ('D', ''): 9917.0, ('I', 'trustfornephew'): 30000.0, ('I', 'trustforniece'): 30000.0}, rows=9, as_of='2025-07-30', accession='0001596532-25-000203', table='I')",35030521,35030521,1255921431,2.7892,-288820,35290437.96,,,S,1,c-2,,TRUE
1596532,ANET,Jayshree Ullal,1605809,2025-07-31,4,"Group(security=""Common Stock (the company's only class)"", direct='I', shares=34150341.0, last_txn={('I', 'trustforchild1'): 5944405.0, ('I', 'trustforchild2'): 5944405.0, ('I', 'trust'): 22191614.0}, holdings=69917.0, hold_by_vehicle={('D', ''): 9917.0, ('I', 'trustfornephew'): 30000.0, ('I', 'trustforniece'): 30000.0}, filed='2025-07-31', moved_here=True, opening={('I', 'trustforchild1'): 6065859.0, ('I', 'trustforchild2'): 6065859.0, ('I', 'trust'): 22828886.0, ('D', ''): 9917.0, ('I', 'trustfornephew'): 30000.0, ('I', 'trustforniece'): 30000.0}, rows=15, as_of='2025-07-31', accession='0001596532-25-000210', table='I')",34150341,34150341,1256865381,2.7171,-880180,109841570.74,,,S,1,c-2,,TRUE
1596532,ANET,Jayshree Ullal,1605809,2025-08-06,4,"Group(security=""Common Stock (the company's only class)"", direct='I', shares=32365176.0, last_txn={('I', 'trustforchild1'): 5698074.0, ('I', 'trustforchild2'): 5698074.0, ('I', 'trust'): 20899111.0}, holdings=69917.0, hold_by_vehicle={('D', ''): 9917.0, ('I', 'trustfornephew'): 30000.0, ('I', 'trustforniece'): 30000.0}, filed='2025-08-06', moved_here=True, opening={('I', 'trustforchild1'): 5944405.0, ('I', 'trustforchild2'): 5944405.0, ('I', 'trust'): 22191614.0, ('D', ''): 9917.0, ('I', 'trustfornephew'): 30000.0, ('I', 'trustforniece'): 30000.0}, rows=18, as_of='2025-08-06', accession='0001596532-25-000220', table='I')",32365176,32365176,1256865381,2.5751,-1785165,243176281.2,,,S,1,c-2,,TRUE
1596532,ANET,Jayshree Ullal,1605809,2025-08-07,4,"Group(security=""Common Stock (the company's only class)"", direct='I', shares=32019320.0, last_txn={('I', 'trustforchild1'): 5650346.0, ('I', 'trustforchild2'): 5650346.0, ('I', 'trust'): 20648711.0}, holdings=69917.0, hold_by_vehicle={('D', ''): 9917.0, ('I', 'trustfornephew'): 30000.0, ('I', 'trustforniece'): 30000.0}, filed='2025-08-07', moved_here=True, opening={('I', 'trustforchild1'): 5698074.0, ('I', 'trustforchild2'): 5698074.0, ('I', 'trust'): 20899111.0, ('D', ''): 9917.0, ('I', 'trustfornephew'): 30000.0, ('I', 'trustforniece'): 30000.0}, rows=9, as_of='2025-08-07', accession='0001596532-25-000222', table='I')",32019320,32019320,1256865381,2.5476,-345856,48395902.13,,,S,1,c-2,,TRUE
1596532,ANET,Jayshree Ullal,1605809,2025-08-08,4,"Group(security=""Common Stock (the company's only class)"", direct='I', shares=31826341.0, last_txn={('I', 'trustforchild1'): 5623721.0, ('I', 'trustforchild2'): 5623721.0, ('I', 'trust'): 20508982.0}, holdings=69917.0, hold_by_vehicle={('D', ''): 9917.0, ('I', 'trustfornephew'): 30000.0, ('I', 'trustforniece'): 30000.0}, filed='2025-08-08', moved_here=True, opening={('I', 'trustforchild1'): 5650346.0, ('I', 'trustforchild2'): 5650346.0, ('I', 'trust'): 20648711.0, ('D', ''): 9917.0, ('I', 'trustfornephew'): 30000.0, ('I', 'trustforniece'): 30000.0}, rows=6, as_of='2025-08-08', accession='0001596532-25-000224', table='I')",31826341,31826341,1256865381,2.5322,-192979,26953512.02,,,S,1,c-2,,TRUE
1596532,ANET,Jayshree Ullal,1605809,2025-08-20,4,"Group(security=""Common Stock (the company's only class)"", direct='D', shares=31850381.0, last_txn={('D', ''): 33957.0}, holdings=31816424.0, hold_by_vehicle={('I', 'trustforchild1'): 5623721.0, ('I', 'trustforchild2'): 5623721.0, ('I', 'trustfornephew'): 30000.0, ('I', 'trustforniece'): 30000.0, ('I', 'trust'): 20508982.0}, filed='2025-08-20', moved_here=True, opening={('D', ''): 9917.0, ('I', 'trustforchild1'): 5623721.0, ('I', 'trustforchild2'): 5623721.0, ('I', 'trustfornephew'): 30000.0, ('I', 'trustforniece'): 30000.0, ('I', 'trust'): 20508982.0}, rows=8, as_of='2025-08-20', accession='0001596532-25-000248', table='I')",31850381,31850381,1256865381,2.5341,24040,3215400.48,2,,FM,1,c-2,,TRUE
1596532,ANET,Jayshree Ullal,1605809,2025-08-25,4,"Group(security=""Common Stock (the company's only class)"", direct='D', shares=31826341.0, last_txn={('D', ''): 9917.0}, holdings=31816424.0, hold_by_vehicle={('I', 'trustforchild1'): 5623721.0, ('I', 'trustforchild2'): 5623721.0, ('I', 'trustfornephew'): 30000.0, ('I', 'trustforniece'): 30000.0, ('I', 'trust'): 20508982.0}, filed='2025-08-25', moved_here=True, opening={('D', ''): 33957.0, ('I', 'trustforchild1'): 5623721.0, ('I', 'trustforchild2'): 5623721.0, ('I', 'trustfornephew'): 30000.0, ('I', 'trustforniece'): 30000.0, ('I', 'trust'): 20508982.0}, rows=9, as_of='2025-08-25', accession='0001596532-25-000250', table='I')",31826341,31826341,1256865381,2.5322,-24040,3191739.51,,,S,1,c-2,,TRUE
1596532,ANET,Jayshree Ullal,1605809,2025-09-05,4,"Group(security=""Common Stock (the company's only class)"", direct='I', shares=31387577.0, last_txn={('I', 'trustforchild1'): 5563176.0, ('I', 'trustforchild2'): 5563176.0, ('I', 'trust'): 20191308.0}, holdings=69917.0, hold_by_vehicle={('D', ''): 9917.0, ('I', 'trustfornephew'): 30000.0, ('I', 'trustforniece'): 30000.0}, filed='2025-09-05', moved_here=True, opening={('I', 'trustforchild1'): 5623721.0, ('I', 'trustforchild2'): 5623721.0, ('I', 'trust'): 20508982.0, ('D', ''): 9917.0, ('I', 'trustfornephew'): 30000.0, ('I', 'trustforniece'): 30000.0}, rows=12, as_of='2025-09-05', accession='0001596532-25-000261', table='I')",31387577,31387577,1256865381,2.4973,-438764,63113565.94,,,S,1,c-2,,TRUE
1596532,ANET,Jayshree Ullal,1605809,2025-09-08,4,"Group(security=""Common Stock (the company's only class)"", direct='I', shares=31331029.0, last_txn={('I', 'trustforchild1'): 5555373.0, ('I', 'trustforchild2'): 5555373.0, ('I', 'trust'): 20150366.0}, holdings=69917.0, hold_by_vehicle={('D', ''): 9917.0, ('I', 'trustfornephew'): 30000.0, ('I', 'trustforniece'): 30000.0}, filed='2025-09-08', moved_here=True, opening={('I', 'trustforchild1'): 5563176.0, ('I', 'trustforchild2'): 5563176.0, ('I', 'trust'): 20191308.0, ('D', ''): 9917.0, ('I', 'trustfornephew'): 30000.0, ('I', 'trustforniece'): 30000.0}, rows=9, as_of='2025-09-08', accession='0001596532-25-000268', table='I')",31331029,31331029,1256865381,2.4928,-56548,8117894.82,,,S,1,c-2,,TRUE
1596532,ANET,Jayshree Ullal,1605809,2025-09-10,4,"Group(security=""Common Stock (the company's only class)"", direct='I', shares=30083341.0, last_txn={('I', 'trustforchild1'): 5383207.0, ('I', 'trustforchild2'): 5383207.0, ('I', 'trust'): 19247010.0}, holdings=69917.0, hold_by_vehicle={('D', ''): 9917.0, ('I', 'trustfornephew'): 30000.0, ('I', 'trustforniece'): 30000.0}, filed='2025-09-10', moved_here=True, opening={('I', 'trustforchild1'): 5555373.0, ('I', 'trustforchild2'): 5555373.0, ('I', 'trust'): 20150366.0, ('D', ''): 9917.0, ('I', 'trustfornephew'): 30000.0, ('I', 'trustforniece'): 30000.0}, rows=18, as_of='2025-09-10', accession='0001596532-25-000270', table='I')",30083341,30083341,1256865381,2.3935,-1247688,185323060.92,,,S,1,c-2,,TRUE
1596532,ANET,Jayshree Ullal,1605809,2025-11-14,4,"Group(security=""Common Stock (the company's only class)"", direct='I', shares=29148341.0, last_txn={('I', 'trust'): 18312010.0}, holdings=10836331.0, hold_by_vehicle={('D', ''): 9917.0, ('I', 'trustforchild1'): 5383207.0, ('I', 'trustforchild2'): 5383207.0, ('I', 'trustfornephew'): 30000.0, ('I', 'trustforniece'): 30000.0}, filed='2025-11-14', moved_here=True, opening={('I', 'trust'): 19247010.0, ('D', ''): 9917.0, ('I', 'trustforchild1'): 5383207.0, ('I', 'trustforchild2'): 5383207.0, ('I', 'trustfornephew'): 30000.0, ('I', 'trustforniece'): 30000.0}, rows=6, as_of='2025-11-14', accession='0001596532-25-000290', table='I')",29148341,29148341,1259285070,2.3147,-935000,,1,,G,1,c-2,,TRUE
1596532,ANET,Jayshree Ullal,1605809,2025-11-20,4,"Group(security=""Common Stock (the company's only class)"", direct='D', shares=29172383.0, last_txn={('D', ''): 33959.0}, holdings=29138424.0, hold_by_vehicle={('I', 'trustforchild1'): 5383207.0, ('I', 'trustforchild2'): 5383207.0, ('I', 'trustfornephew'): 30000.0, ('I', 'trustforniece'): 30000.0, ('I', 'trust'): 18312010.0}, filed='2025-11-20', moved_here=True, opening={('D', ''): 9917.0, ('I', 'trustforchild1'): 5383207.0, ('I', 'trustforchild2'): 5383207.0, ('I', 'trustfornephew'): 30000.0, ('I', 'trustforniece'): 30000.0, ('I', 'trust'): 18312010.0}, rows=8, as_of='2025-11-20', accession='0001596532-25-000312', table='I')",29172383,29172383,1259285070,2.3166,24042,3022648.58,2,,FM,1,c-2,,TRUE
1596532,ANET,Jayshree Ullal,1605809,2025-11-25,4,"Group(security=""Common Stock (the company's only class)"", direct='D', shares=29148341.0, last_txn={('D', ''): 9917.0}, holdings=29138424.0, hold_by_vehicle={('I', 'trustforchild1'): 5383207.0, ('I', 'trustforchild2'): 5383207.0, ('I', 'trustfornephew'): 30000.0, ('I', 'trustforniece'): 30000.0, ('I', 'trust'): 18312010.0}, filed='2025-11-25', moved_here=True, opening={('D', ''): 33959.0, ('I', 'trustforchild1'): 5383207.0, ('I', 'trustforchild2'): 5383207.0, ('I', 'trustfornephew'): 30000.0, ('I', 'trustforniece'): 30000.0, ('I', 'trust'): 18312010.0}, rows=9, as_of='2025-11-25', accession='0001596532-25-000318', table='I')",29148341,29148341,1259285070,2.3147,-24042,2994534.03,,,S,1,c-2,,TRUE
1596532,ANET,Jayshree Ullal,1605809,2026-02-20,4,"Group(security=""Common Stock (the company's only class)"", direct='D', shares=29261153.0, last_txn={('D', ''): 122729.0}, holdings=29138424.0, hold_by_vehicle={('I', 'trustforchild1'): 5383207.0, ('I', 'trustforchild2'): 5383207.0, ('I', 'trustfornephew'): 30000.0, ('I', 'trustforniece'): 30000.0, ('I', 'trust'): 18312010.0}, filed='2026-02-20', moved_here=True, opening={('D', ''): 9917.0, ('I', 'trustforchild1'): 5383207.0, ('I', 'trustforchild2'): 5383207.0, ('I', 'trustfornephew'): 30000.0, ('I', 'trustforniece'): 30000.0, ('I', 'trust'): 18312010.0}, rows=11, as_of='2026-02-20', accession='0001596532-26-000030', table='I')",29261153,29261153,1256537906,2.3287,112812,15307183.12,5,,FM,1,c-2,,TRUE
1596532,ANET,Jayshree Ullal,1605809,2026-04-13,4,"Group(security=""Common Stock (the company's only class)"", direct='D', shares=29148341.0, last_txn={('D', ''): 9917.0}, holdings=29138424.0, hold_by_vehicle={('I', 'trustforchild1'): 5383207.0, ('I', 'trustforchild2'): 5383207.0, ('I', 'trustfornephew'): 30000.0, ('I', 'trustforniece'): 30000.0, ('I', 'trust'): 18312010.0}, filed='2026-04-13', moved_here=True, opening={('D', ''): 122729.0, ('I', 'trustforchild1'): 5383207.0, ('I', 'trustforchild2'): 5383207.0, ('I', 'trustfornephew'): 30000.0, ('I', 'trustforniece'): 30000.0, ('I', 'trust'): 18312010.0}, rows=6, as_of='2026-04-13', accession='0001596532-26-000054', table='I')",29148341,29148341,1256537906,2.3197,-112812,16934671.85,,,S,1,c-2,,TRUE
1596532,ANET,Jayshree Ullal,1605809,2026-04-16,4,"Group(security=""Common Stock (the company's only class)"", direct='I', shares=28798341.0, last_txn={('I', 'trustforchild1'): 5333207.0, ('I', 'trustforchild2'): 5333207.0, ('I', 'trust'): 18062010.0}, holdings=69917.0, hold_by_vehicle={('D', ''): 9917.0, ('I', 'trustfornephew'): 30000.0, ('I', 'trustforniece'): 30000.0}, filed='2026-04-16', moved_here=True, opening={('I', 'trustforchild1'): 5383207.0, ('I', 'trustforchild2'): 5383207.0, ('I', 'trust'): 18312010.0, ('D', ''): 9917.0, ('I', 'trustfornephew'): 30000.0, ('I', 'trustforniece'): 30000.0}, rows=9, as_of='2026-04-16', accession='0001596532-26-000060', table='I')",28798341,28798341,1256537906,2.2919,-350000,55760630.49,,,S,1,c-2,,TRUE
1596532,ANET,Jayshree Ullal,1605809,2026-04-20,4,"Group(security=""Common Stock (the company's only class)"", direct='I', shares=28492202.0, last_txn={('I', 'trustforchild1'): 5287287.0, ('I', 'trustforchild2'): 5287287.0, ('I', 'trust'): 17847711.0}, holdings=69917.0, hold_by_vehicle={('D', ''): 9917.0, ('I', 'trustfornephew'): 30000.0, ('I', 'trustforniece'): 30000.0}, filed='2026-04-20', moved_here=True, opening={('I', 'trustforchild1'): 5333207.0, ('I', 'trustforchild2'): 5333207.0, ('I', 'trust'): 18062010.0, ('D', ''): 9917.0, ('I', 'trustfornephew'): 30000.0, ('I', 'trustforniece'): 30000.0}, rows=6, as_of='2026-04-20', accession='0001596532-26-000064', table='I')",28492202,28492202,1256537906,2.2675,-306139,51220728.37,,,S,1,c-2,,TRUE
1596532,ANET,Jayshree Ullal,1605809,2026-04-21,4,"Group(security=""Common Stock (the company's only class)"", direct='I', shares=28398341.0, last_txn={('I', 'trustforchild1'): 5273207.0, ('I', 'trustforchild2'): 5273207.0, ('I', 'trust'): 17782010.0}, holdings=69917.0, hold_by_vehicle={('D', ''): 9917.0, ('I', 'trustfornephew'): 30000.0, ('I', 'trustforniece'): 30000.0}, filed='2026-04-21', moved_here=True, opening={('I', 'trustforchild1'): 5287287.0, ('I', 'trustforchild2'): 5287287.0, ('I', 'trust'): 17847711.0, ('D', ''): 9917.0, ('I', 'trustfornephew'): 30000.0, ('I', 'trustforniece'): 30000.0}, rows=15, as_of='2026-04-21', accession='0001596532-26-000066', table='I')",28398341,28398341,1256537906,2.26,-93861,15822499.1,,,S,1,c-2,,TRUE
1596532,ANET,Jayshree Ullal,1605809,2026-04-22,4,"Group(security=""Common Stock (the company's only class)"", direct='I', shares=27970341.0, last_txn={('I', 'trustforchild1'): 5209207.0, ('I', 'trustforchild2'): 5209207.0, ('I', 'trust'): 17482010.0}, holdings=69917.0, hold_by_vehicle={('D', ''): 9917.0, ('I', 'trustfornephew'): 30000.0, ('I', 'trustforniece'): 30000.0}, filed='2026-04-22', moved_here=True, opening={('I', 'trustforchild1'): 5273207.0, ('I', 'trustforchild2'): 5273207.0, ('I', 'trust'): 17782010.0, ('D', ''): 9917.0, ('I', 'trustfornephew'): 30000.0, ('I', 'trustforniece'): 30000.0}, rows=9, as_of='2026-04-22', accession='0001596532-26-000068', table='I')",27970341,27970341,1256537906,2.226,-428000,75944314.04,,,S,1,c-2,,TRUE
1596532,ANET,Jayshree Ullal,1605809,2026-05-20,4,"Group(security=""Common Stock (the company's only class)"", direct='D', shares=27984150.0, last_txn={('D', ''): 23726.0}, holdings=27960424.0, hold_by_vehicle={('I', 'trustforchild1'): 5209207.0, ('I', 'trustforchild2'): 5209207.0, ('I', 'trustfornephew'): 30000.0, ('I', 'trustforniece'): 30000.0, ('I', 'trust'): 17482010.0}, filed='2026-05-20', moved_here=True, opening={('D', ''): 9917.0, ('I', 'trustforchild1'): 5209207.0, ('I', 'trustforchild2'): 5209207.0, ('I', 'trustfornephew'): 30000.0, ('I', 'trustforniece'): 30000.0, ('I', 'trust'): 17482010.0}, rows=7, as_of='2026-05-20', accession='0001596532-26-000100', table='I')",27984150,27984150,1259202593,2.2224,13809,1961590.9,1,,FM,1,c-2,,TRUE
1596532,ANET,Jayshree Ullal,1605809,2026-05-26,4,"Group(security=""Common Stock (the company's only class)"", direct='D', shares=27970341.0, last_txn={('D', ''): 9917.0}, holdings=27960424.0, hold_by_vehicle={('I', 'trustforchild1'): 5209207.0, ('I', 'trustforchild2'): 5209207.0, ('I', 'trustfornephew'): 30000.0, ('I', 'trustforniece'): 30000.0, ('I', 'trust'): 17482010.0}, filed='2026-05-26', moved_here=True, opening={('D', ''): 23726.0, ('I', 'trustforchild1'): 5209207.0, ('I', 'trustforchild2'): 5209207.0, ('I', 'trustfornephew'): 30000.0, ('I', 'trustforniece'): 30000.0, ('I', 'trust'): 17482010.0}, rows=9, as_of='2026-05-26', accession='0001596532-26-000115', table='I')",27970341,27970341,1259202593,2.2213,-13809,2141003.67,,,S,1,c-2,,TRUE
1596532,ANET,Jayshree Ullal,1605809,2026-07-09,4,"Group(security=""Common Stock (the company's only class)"", direct='I', shares=27727919.0, last_txn={('I', 'trustforchild1'): 5171095.0, ('I', 'trustforchild2'): 5171095.0, ('I', 'trust'): 17315812.0}, holdings=69917.0, hold_by_vehicle={('D', ''): 9917.0, ('I', 'trustfornephew'): 30000.0, ('I', 'trustforniece'): 30000.0}, filed='2026-07-09', moved_here=True, opening={('I', 'trustforchild1'): 5209207.0, ('I', 'trustforchild2'): 5209207.0, ('I', 'trust'): 17482010.0, ('D', ''): 9917.0, ('I', 'trustfornephew'): 30000.0, ('I', 'trustforniece'): 30000.0}, rows=12, as_of='2026-07-09', accession='0001596532-26-000160', table='I')",27727919,27727919,1259202593,2.202,-242422,45616220.02,,,S,1,c-2,,TRUE
1596532,ANET,Jayshree Ullal,1605809,2026-07-10,4,"Group(security=""Common Stock (the company's only class)"", direct='I', shares=27493341.0, last_txn={('I', 'trustforchild1'): 5134207.0, ('I', 'trustforchild2'): 5134207.0, ('I', 'trust'): 17155010.0}, holdings=69917.0, hold_by_vehicle={('D', ''): 9917.0, ('I', 'trustfornephew'): 30000.0, ('I', 'trustforniece'): 30000.0}, filed='2026-07-10', moved_here=True, opening={('I', 'trustforchild1'): 5171095.0, ('I', 'trustforchild2'): 5171095.0, ('I', 'trust'): 17315812.0, ('D', ''): 9917.0, ('I', 'trustfornephew'): 30000.0, ('I', 'trustforniece'): 30000.0}, rows=6, as_of='2026-07-10', accession='0001596532-26-000162', table='I')",27493341,27493341,1259202593,2.1834,-234578,43907277.9,,,S,1,c-2,,TRUE
1596532,ANET,Jayshree Ullal,1605809,2026-08-05,4,"Group(security=""Common Stock (the company's only class)"", direct='I', shares=26393846.0, last_txn={('I', 'trustforchild1'): 4968490.0, ('I', 'trustforchild2'): 4968490.0}, holdings=16456866.0, hold_by_vehicle={('I', 'trustfornephew'): 29484.0, ('I', 'trustforniece'): 29484.0, ('D', ''): 9917.0, ('I', 'trust'): 16387981.0}, filed='2026-08-05', moved_here=True, opening={('I', 'trustforchild1'): 5134207.0, ('I', 'trustforchild2'): 5134207.0, ('I', 'trustfornephew'): 30000.0, ('I', 'trustforniece'): 30000.0, ('D', ''): 9917.0, ('I', 'trust'): 17155010.0}, rows=30, as_of='2026-08-05', accession='0001596532-26-000183', table='I')",26393846,26393846,1261224648,2.0927,-1099495,221239679.48,,,S,1,c-2,,TRUE
1596532,ANET,Jayshree Ullal,1605809,2026-08-12,4,"Group(security=""Common Stock (the company's only class)"", direct='I', shares=25820337.0, last_txn={('I', 'trustforchild1'): 4885920.0, ('I', 'trustforchild2'): 4885920.0, ('I', 'trustfornephew'): 25000.0, ('I', 'trustforniece'): 25000.0, ('I', 'trust'): 15988580.0}, holdings=9917.0, hold_by_vehicle={('D', ''): 9917.0}, filed='2026-08-12', moved_here=True, opening={('I', 'trustforchild1'): 4968490.0, ('I', 'trustforchild2'): 4968490.0, ('I', 'trustfornephew'): 29484.0, ('I', 'trustforniece'): 29484.0, ('I', 'trust'): 16387981.0, ('D', ''): 9917.0}, rows=26, as_of='2026-08-12', accession='0001596532-26-000190', table='I')",25820337,25820337,1261224648,2.0472,-573509,119364068.31,,,S,1,c-2,,TRUE
1596532,ANET,Jayshree Ullal,1605809,2026-08-20,4,"Group(security=""Common Stock (the company's only class)"", direct='D', shares=25834146.0, last_txn={('D', ''): 23726.0}, holdings=25810420.0, hold_by_vehicle={('I', 'trustforchild1'): 4885920.0, ('I', 'trustforchild2'): 4885920.0, ('I', 'trustfornephew'): 25000.0, ('I', 'trustforniece'): 25000.0, ('I', 'trust'): 15988580.0}, filed='2026-08-20', moved_here=True, opening={('D', ''): 9917.0, ('I', 'trustforchild1'): 4885920.0, ('I', 'trustforchild2'): 4885920.0, ('I', 'trustfornephew'): 25000.0, ('I', 'trustforniece'): 25000.0, ('I', 'trust'): 15988580.0}, rows=7, as_of='2026-08-20', accession='0001596532-26-000212', table='I')",25834146,25834146,1261224648,2.0483,13809,2583264.75,1,,FM,1,c-2,,TRUE
1596532,ANET,Jayshree Ullal,1605809,2026-08-25,4,"Group(security=""Common Stock (the company's only class)"", direct='D', shares=25820337.0, last_txn={('D', ''): 9917.0}, holdings=25810420.0, hold_by_vehicle={('I', 'trustforchild1'): 4885920.0, ('I', 'trustforchild2'): 4885920.0, ('I', 'trustfornephew'): 25000.0, ('I', 'trustforniece'): 25000.0, ('I', 'trust'): 15988580.0}, filed='2026-08-25', moved_here=True, opening={('D', ''): 23726.0, ('I', 'trustforchild1'): 4885920.0, ('I', 'trustforchild2'): 4885920.0, ('I', 'trustfornephew'): 25000.0, ('I', 'trustforniece'): 25000.0, ('I', 'trust'): 15988580.0}, rows=8, as_of='2026-08-25', accession='0001596532-26-000216', table='I')",25820337,25820337,1261224648,2.0472,-13809,2648491.23,,,S,1,c-2,,TRUE
