cik,ticker,ceo,owner_cik,date,form,accession,shares,shares_split_adjusted,outstanding,pct,traded,traded_value,unpriced_rows,unexplained,codes,groups,classes,restated,matches_panel
1690820,CVNA,Ernest C. Garcia,1700548,2017-04-27,3,"Group(security='Class B Common Stock', direct='D', shares=3664526.0, last_txn={}, holdings=3664526.0, hold_by_vehicle={('D', ''): 3664526.0}, filed='2017-04-27', moved_here=False, opening={('D', ''): 3664526.0}, rows=1, as_of='2017-04-27', accession='0000899243-17-011084', table='I')",3664526,18322630,139853813,2.6203,,,,,,1,us-gaap:CommonClassAMember|us-gaap:CommonClassBMember,,TRUE
1690820,CVNA,Ernest C. Garcia,1700548,2017-05-03,4,"Group(security='Class A Common Stock', direct='D', shares=183333.0, last_txn={('D', ''): 183333.0}, holdings=0.0, hold_by_vehicle={}, filed='2017-05-03', moved_here=True, opening={('D', ''): 0.0}, rows=2, as_of='2017-05-03', accession='0000899243-17-011732', table='I')",3847859,19239295,139853813,2.7513,183333,2447495.0,,,P,2,us-gaap:CommonClassAMember|us-gaap:CommonClassBMember,,TRUE
1690820,CVNA,Ernest C. Garcia,1700548,2018-07-28,4/A,"Group(security='Class A Common Stock', direct='I', shares=100000.0, last_txn={}, holdings=100000.0, hold_by_vehicle={('I', 'seefootnote'): 100000.0}, filed='2018-07-28', moved_here=False, opening={('I', 'seefootnote'): 100000.0}, rows=1, as_of='2018-07-28', accession='0001690820-18-000111', table='I')",3947859,19739295,140073394,2.8184,,,,500000,,2,us-gaap:CommonClassAMember|us-gaap:CommonClassBMember,,TRUE
1690820,CVNA,Ernest C. Garcia,1700548,2018-09-12,4,"Group(security='Class A Common Stock', direct='D', shares=32485.0, last_txn={('D', ''): 32485.0}, holdings=0.0, hold_by_vehicle={}, filed='2018-09-12', moved_here=True, opening={('D', ''): 197320.0}, rows=1, as_of='2018-09-12', accession='0001690820-18-000077', table='I')",3697011,18485055,140073394,2.6393,-164835,,1,-430065,D,2,us-gaap:CommonClassAMember|us-gaap:CommonClassBMember,,TRUE
1690820,CVNA,Ernest C. Garcia,1700548,2018-11-09,4,"Group(security='Class A Common Stock', direct='D', shares=14087.0, last_txn={('D', ''): 14087.0}, holdings=0.0, hold_by_vehicle={}, filed='2018-11-09', moved_here=True, opening={('D', ''): 47019.0}, rows=1, as_of='2018-11-09', accession='0001690820-18-000121', table='I')",3678613,18393065,144065263,2.5534,-32932,,1,72670,D,2,us-gaap:CommonClassAMember|us-gaap:CommonClassBMember,,TRUE
1690820,CVNA,Ernest C. Garcia,1700548,2019-02-25,4,0001690820-19-000034,3678613,18393065,145537627,2.5276,,,,,,2,us-gaap:CommonClassAMember|us-gaap:CommonClassBMember,,TRUE
1690820,CVNA,Ernest C. Garcia,1700548,2019-03-01,4,"Group(security='Class A Common Stock', direct='D', shares=14087.0, last_txn={('D', ''): 14087.0}, holdings=0.0, hold_by_vehicle={}, filed='2019-03-01', moved_here=True, opening={('D', ''): 85862.0}, rows=1, as_of='2019-03-01', accession='0001690820-19-000040', table='I')",3678613,18393065,145537627,2.5276,-71775,,1,358875,D,2,us-gaap:CommonClassAMember|us-gaap:CommonClassBMember,,TRUE
1690820,CVNA,Ernest C. Garcia,1700548,2019-04-01,4,"Group(security='Class A Common Stock', direct='D', shares=13141.0, last_txn={('D', ''): 13141.0}, holdings=0.0, hold_by_vehicle={}, filed='2019-04-01', moved_here=True, opening={('D', ''): 14087.0}, rows=1, as_of='2019-04-01', accession='0001690820-19-000055', table='I')",3677667,18388335,145630926,2.5253,-946,55757.24,,,F,2,us-gaap:CommonClassAMember|us-gaap:CommonClassBMember,,TRUE
1690820,CVNA,Ernest C. Garcia,1700548,2019-05-01,4,"Group(security='Class A Common Stock', direct='D', shares=13062.0, last_txn={('D', ''): 13062.0}, holdings=0.0, hold_by_vehicle={}, filed='2019-05-01', moved_here=True, opening={('D', ''): 13141.0}, rows=1, as_of='2019-05-01', accession='0001690820-19-000091', table='I')",3677588,18387940,145630926,2.5253,-79,5584.51,,,F,2,us-gaap:CommonClassAMember|us-gaap:CommonClassBMember,,TRUE
1690820,CVNA,Ernest C. Garcia,1700548,2019-05-10,4,"Group(security='Class B Common Stock', direct='I', shares=15586987.0, last_txn={('I', 'seefootnote'): 11922461.0}, holdings=3664526.0, hold_by_vehicle={('D', ''): 3664526.0}, filed='2019-05-10', moved_here=True, opening={('I', 'seefootnote'): 11952000.0, ('D', ''): 3664526.0}, rows=2, as_of='2019-05-10', accession='0001690820-19-000118', table='I')",15600049,78000245,145630926,10.712,-43230,,5,59828455,CDJ,2,us-gaap:CommonClassAMember|us-gaap:CommonClassBMember,,TRUE
1690820,CVNA,Ernest C. Garcia,1700548,2019-06-01,4,"Group(security='Class A Common Stock', direct='D', shares=12983.0, last_txn={('D', ''): 12983.0}, holdings=0.0, hold_by_vehicle={}, filed='2019-06-01', moved_here=True, opening={('D', ''): 13062.0}, rows=1, as_of='2019-06-01', accession='0001690820-19-000126', table='I')",15599970,77999850,145630926,10.712,-79,4572.52,,,F,2,us-gaap:CommonClassAMember|us-gaap:CommonClassBMember,,TRUE
1690820,CVNA,Ernest C. Garcia,1700548,2019-07-01,4,"Group(security='Class A Common Stock', direct='D', shares=12904.0, last_txn={('D', ''): 12904.0}, holdings=0.0, hold_by_vehicle={}, filed='2019-07-01', moved_here=True, opening={('D', ''): 12983.0}, rows=1, as_of='2019-07-01', accession='0001690820-19-000157', table='I')",15599891,77999455,151153402,10.3206,-79,5183.19,,,F,2,us-gaap:CommonClassAMember|us-gaap:CommonClassBMember,,TRUE
1690820,CVNA,Ernest C. Garcia,1700548,2019-08-01,4,"Group(security='Class A Common Stock', direct='D', shares=12781.0, last_txn={('D', ''): 12781.0}, holdings=0.0, hold_by_vehicle={}, filed='2019-08-01', moved_here=True, opening={('D', ''): 12904.0}, rows=1, as_of='2019-08-01', accession='0001690820-19-000182', table='I')",15599768,77998840,151153402,10.3205,-123,7725.63,,,F,2,us-gaap:CommonClassAMember|us-gaap:CommonClassBMember,,TRUE
1690820,CVNA,Ernest C. Garcia,1700548,2019-08-09,4,"Group(security='Class B Common Stock', direct='I', shares=15527587.0, last_txn={('I', 'seefootnote'): 11863061.0}, holdings=3664526.0, hold_by_vehicle={('D', ''): 3664526.0}, filed='2019-08-09', moved_here=True, opening={('I', 'seefootnote'): 11922461.0, ('D', ''): 3664526.0}, rows=2, as_of='2019-08-09', accession='0001690820-19-000201', table='I')",15540368,77701840,151153402,10.2812,-59400,,5,,CDJ,2,us-gaap:CommonClassAMember|us-gaap:CommonClassBMember,,TRUE
1690820,CVNA,Ernest C. Garcia,1700548,2019-09-01,4,"Group(security='Class A Common Stock', direct='D', shares=12658.0, last_txn={('D', ''): 12658.0}, holdings=0.0, hold_by_vehicle={}, filed='2019-09-01', moved_here=True, opening={('D', ''): 12781.0}, rows=1, as_of='2019-09-01', accession='0001690820-19-000222', table='I')",15540245,77701225,151153402,10.2811,-123,9982.68,,,F,2,us-gaap:CommonClassAMember|us-gaap:CommonClassBMember,,TRUE
1690820,CVNA,Ernest C. Garcia,1700548,2019-10-01,4,"Group(security='Class A Common Stock', direct='D', shares=12535.0, last_txn={('D', ''): 12535.0}, holdings=0.0, hold_by_vehicle={}, filed='2019-10-01', moved_here=True, opening={('D', ''): 12658.0}, rows=1, as_of='2019-10-01', accession='0001690820-19-000243', table='I')",15540122,77700610,151557133,10.2536,-123,8245.92,,,F,2,us-gaap:CommonClassAMember|us-gaap:CommonClassBMember,,TRUE
1690820,CVNA,Ernest C. Garcia,1700548,2019-11-01,4,"Group(security='Class A Common Stock', direct='D', shares=12412.0, last_txn={('D', ''): 12412.0}, holdings=0.0, hold_by_vehicle={}, filed='2019-11-01', moved_here=True, opening={('D', ''): 12535.0}, rows=1, as_of='2019-11-01', accession='0001690820-19-000257', table='I')",15539999,77699995,151557133,10.2536,-123,10175.79,,,F,2,us-gaap:CommonClassAMember|us-gaap:CommonClassBMember,,TRUE
1690820,CVNA,Ernest C. Garcia,1700548,2019-11-08,4,"Group(security='Class B Common Stock', direct='I', shares=15498547.0, last_txn={('I', 'seefootnote'): 11834021.0}, holdings=3664526.0, hold_by_vehicle={('D', ''): 3664526.0}, filed='2019-11-08', moved_here=True, opening={('I', 'seefootnote'): 11863061.0, ('D', ''): 3664526.0}, rows=2, as_of='2019-11-08', accession='0001690820-19-000271', table='I')",15510959,77554795,151557133,10.2344,-29040,,5,,CDJ,2,us-gaap:CommonClassAMember|us-gaap:CommonClassBMember,,TRUE
1690820,CVNA,Ernest C. Garcia,1700548,2019-12-01,4,"Group(security='Class A Common Stock', direct='D', shares=12289.0, last_txn={('D', ''): 12289.0}, holdings=0.0, hold_by_vehicle={}, filed='2019-12-01', moved_here=True, opening={('D', ''): 12412.0}, rows=1, as_of='2019-12-01', accession='0001690820-19-000290', table='I')",15510836,77554180,151557133,10.2343,-123,11724.36,,,F,2,us-gaap:CommonClassAMember|us-gaap:CommonClassBMember,,TRUE
1690820,CVNA,Ernest C. Garcia,1700548,2020-01-01,4,"Group(security='Class A Common Stock', direct='D', shares=12194.0, last_txn={('D', ''): 12194.0}, holdings=0.0, hold_by_vehicle={}, filed='2020-01-01', moved_here=True, opening={('D', ''): 12289.0}, rows=1, as_of='2020-01-01', accession='0001690820-20-000011', table='I')",15510741,77553705,151763705,10.2203,-95,8744.75,,,F,2,us-gaap:CommonClassAMember|us-gaap:CommonClassBMember,,TRUE
1690820,CVNA,Ernest C. Garcia,1700548,2020-02-01,4,"Group(security='Class A Common Stock', direct='D', shares=12110.0, last_txn={('D', ''): 12110.0}, holdings=0.0, hold_by_vehicle={}, filed='2020-02-01', moved_here=True, opening={('D', ''): 12194.0}, rows=1, as_of='2020-02-01', accession='0001690820-20-000023', table='I')",15510657,77553285,151763705,10.2203,-84,6657.0,,,F,2,us-gaap:CommonClassAMember|us-gaap:CommonClassBMember,,TRUE
1690820,CVNA,Ernest C. Garcia,1700548,2020-02-14,4,0001690820-20-000041,15510657,77553285,151763705,10.2203,,,,,,2,us-gaap:CommonClassAMember|us-gaap:CommonClassBMember,,TRUE
1690820,CVNA,Ernest C. Garcia,1700548,2020-03-01,4,"Group(security='Class A Common Stock', direct='D', shares=12031.0, last_txn={('D', ''): 12031.0}, holdings=0.0, hold_by_vehicle={}, filed='2020-03-01', moved_here=True, opening={('D', ''): 12110.0}, rows=1, as_of='2020-03-01', accession='0001690820-20-000062', table='I')",15510578,77552890,151763705,10.2202,-79,6549.89,,,F,2,us-gaap:CommonClassAMember|us-gaap:CommonClassBMember,,TRUE
1690820,CVNA,Ernest C. Garcia,1700548,2020-04-01,4,"Group(security='Class A Common Stock', direct='D', shares=567508.0, last_txn={('D', ''): 567508.0}, holdings=0.0, hold_by_vehicle={}, filed='2020-04-01', moved_here=True, opening={('D', ''): 12031.0}, rows=2, as_of='2020-04-01', accession='0001690820-20-000106', table='I')",16066055,80330275,165263325,9.7215,555477,25004014.24,,,AF,2,us-gaap:CommonClassAMember|us-gaap:CommonClassBMember,,TRUE
1690820,CVNA,Ernest C. Garcia,1700548,2020-05-01,4,"Group(security='Class A Common Stock', direct='D', shares=567429.0, last_txn={('D', ''): 567429.0}, holdings=0.0, hold_by_vehicle={}, filed='2020-05-01', moved_here=True, opening={('D', ''): 567508.0}, rows=1, as_of='2020-05-01', accession='0001690820-20-000126', table='I')",16065976,80329880,165263325,9.7214,-79,6004.0,,,F,2,us-gaap:CommonClassAMember|us-gaap:CommonClassBMember,,TRUE
1690820,CVNA,Ernest C. Garcia,1700548,2020-06-01,4,"Group(security='Class A Common Stock', direct='D', shares=567350.0, last_txn={('D', ''): 567350.0}, holdings=0.0, hold_by_vehicle={}, filed='2020-06-01', moved_here=True, opening={('D', ''): 567429.0}, rows=1, as_of='2020-06-01', accession='0001690820-20-000153', table='I')",16065897,80329485,165263325,9.7214,-79,7256.15,,,F,2,us-gaap:CommonClassAMember|us-gaap:CommonClassBMember,,TRUE
1690820,CVNA,Ernest C. Garcia,1700548,2020-07-01,4,"Group(security='Class A Common Stock', direct='D', shares=567271.0, last_txn={('D', ''): 567271.0}, holdings=0.0, hold_by_vehicle={}, filed='2020-07-01', moved_here=True, opening={('D', ''): 567350.0}, rows=1, as_of='2020-07-01', accession='0001690820-20-000165', table='I')",16065818,80329090,170634855,9.4153,-79,9905.02,,,F,2,us-gaap:CommonClassAMember|us-gaap:CommonClassBMember,,TRUE
1690820,CVNA,Ernest C. Garcia,1700548,2020-08-01,4,"Group(security='Class A Common Stock', direct='D', shares=567192.0, last_txn={('D', ''): 567192.0}, holdings=0.0, hold_by_vehicle={}, filed='2020-08-01', moved_here=True, opening={('D', ''): 567271.0}, rows=1, as_of='2020-08-01', accession='0001690820-20-000199', table='I')",16065739,80328695,170634855,9.4153,-79,12241.05,,,F,2,us-gaap:CommonClassAMember|us-gaap:CommonClassBMember,,TRUE
1690820,CVNA,Ernest C. Garcia,1700548,2020-09-01,4,"Group(security='Class A Common Stock', direct='D', shares=567113.0, last_txn={('D', ''): 567113.0}, holdings=0.0, hold_by_vehicle={}, filed='2020-09-01', moved_here=True, opening={('D', ''): 567192.0}, rows=1, as_of='2020-09-01', accession='0001690820-20-000231', table='I')",16065660,80328300,170634855,9.4152,-79,17948.01,,,F,2,us-gaap:CommonClassAMember|us-gaap:CommonClassBMember,,TRUE
1690820,CVNA,Ernest C. Garcia,1700548,2020-10-01,4,"Group(security='Class A Common Stock', direct='D', shares=567034.0, last_txn={('D', ''): 567034.0}, holdings=0.0, hold_by_vehicle={}, filed='2020-10-01', moved_here=True, opening={('D', ''): 567113.0}, rows=1, as_of='2020-10-01', accession='0001690820-20-000255', table='I')",16065581,80327905,171779014,9.3525,-79,18809.9,,,F,2,us-gaap:CommonClassAMember|us-gaap:CommonClassBMember,,TRUE
1690820,CVNA,Ernest C. Garcia,1700548,2020-10-29,4,"Group(security='Class A Common Stock', direct='D', shares=592847.0, last_txn={('D', ''): 592847.0}, holdings=0.0, hold_by_vehicle={}, filed='2020-10-29', moved_here=True, opening={('D', ''): 567034.0}, rows=5, as_of='2020-10-29', accession='0001690820-20-000276', table='I')",16091394,80456970,171779014,9.3675,25813,8173018.59,,,AF,2,us-gaap:CommonClassAMember|us-gaap:CommonClassBMember,,TRUE
1690820,CVNA,Ernest C. Garcia,1700548,2020-12-01,4,"Group(security='Class A Common Stock', direct='D', shares=592604.0, last_txn={('D', ''): 592604.0}, holdings=0.0, hold_by_vehicle={}, filed='2020-12-01', moved_here=True, opening={('D', ''): 592847.0}, rows=1, as_of='2020-12-01', accession='0001690820-20-000294', table='I')",16091151,80455755,171779014,9.3674,-243,61024.59,,,F,2,us-gaap:CommonClassAMember|us-gaap:CommonClassBMember,,TRUE
1690820,CVNA,Ernest C. Garcia,1700548,2021-01-01,4,"Group(security='Class A Common Stock', direct='D', shares=592417.0, last_txn={('D', ''): 592417.0}, holdings=0.0, hold_by_vehicle={}, filed='2021-01-01', moved_here=True, opening={('D', ''): 592604.0}, rows=1, as_of='2021-01-01', accession='0001690820-21-000014', table='I')",16090964,80454820,172260943,9.341,-187,44182.49,,,F,2,us-gaap:CommonClassAMember|us-gaap:CommonClassBMember,,TRUE
1690820,CVNA,Ernest C. Garcia,1700548,2021-02-01,4,"Group(security='Class A Common Stock', direct='D', shares=592261.0, last_txn={('D', ''): 592261.0}, holdings=0.0, hold_by_vehicle={}, filed='2021-02-01', moved_here=True, opening={('D', ''): 592417.0}, rows=1, as_of='2021-02-01', accession='0001690820-21-000036', table='I')",16090808,80454040,172260943,9.3409,-156,41221.44,,,F,2,us-gaap:CommonClassAMember|us-gaap:CommonClassBMember,,TRUE
1690820,CVNA,Ernest C. Garcia,1700548,2021-02-17,4,"Group(security='Class A Common Stock', direct='D', shares=595886.0, last_txn={('D', ''): 595886.0}, holdings=0.0, hold_by_vehicle={}, filed='2021-02-17', moved_here=True, opening={('D', ''): 599511.0}, rows=1, as_of='2021-02-17', accession='0001690820-21-000054', table='I')",16094433,80472165,172260943,9.3431,-3625,1073181.25,,36250,A,2,us-gaap:CommonClassAMember|us-gaap:CommonClassBMember,,TRUE
1690820,CVNA,Ernest C. Garcia,1700548,2021-03-01,4,"Group(security='Class A Common Stock', direct='D', shares=595730.0, last_txn={('D', ''): 595730.0}, holdings=0.0, hold_by_vehicle={}, filed='2021-03-01', moved_here=True, opening={('D', ''): 595886.0}, rows=1, as_of='2021-03-01', accession='0001690820-21-000082', table='I')",16094277,80471385,172260943,9.343,-156,48659.52,,,F,2,us-gaap:CommonClassAMember|us-gaap:CommonClassBMember,,TRUE
1690820,CVNA,Ernest C. Garcia,1700548,2021-04-01,4,"Group(security='Class A Common Stock', direct='D', shares=595139.0, last_txn={('D', ''): 595139.0}, holdings=0.0, hold_by_vehicle={}, filed='2021-04-01', moved_here=True, opening={('D', ''): 595730.0}, rows=1, as_of='2021-04-01', accession='0001690820-21-000122', table='I')",16093686,80468430,172383074,9.336,-591,156804.12,,,F,2,us-gaap:CommonClassAMember|us-gaap:CommonClassBMember,,TRUE
1690820,CVNA,Ernest C. Garcia,1700548,2021-05-01,4,"Group(security='Class A Common Stock', direct='D', shares=594842.0, last_txn={('D', ''): 594842.0}, holdings=0.0, hold_by_vehicle={}, filed='2021-05-01', moved_here=True, opening={('D', ''): 595139.0}, rows=1, as_of='2021-05-01', accession='0001690820-21-000140', table='I')",16093389,80466945,172383074,9.3358,-297,84722.22,,,F,2,us-gaap:CommonClassAMember|us-gaap:CommonClassBMember,,TRUE
1690820,CVNA,Ernest C. Garcia,1700548,2021-06-01,4,"Group(security='Class A Common Stock', direct='D', shares=594545.0, last_txn={('D', ''): 594545.0}, holdings=0.0, hold_by_vehicle={}, filed='2021-06-01', moved_here=True, opening={('D', ''): 594842.0}, rows=1, as_of='2021-06-01', accession='0001690820-21-000186', table='I')",16093092,80465460,172383074,9.3357,-297,81122.58,,,F,2,us-gaap:CommonClassAMember|us-gaap:CommonClassBMember,,TRUE
1690820,CVNA,Ernest C. Garcia,1700548,2021-07-01,4,"Group(security='Class A Common Stock', direct='D', shares=594247.0, last_txn={('D', ''): 594247.0}, holdings=0.0, hold_by_vehicle={}, filed='2021-07-01', moved_here=True, opening={('D', ''): 594545.0}, rows=1, as_of='2021-07-01', accession='0001690820-21-000205', table='I')",16092794,80463970,172583094,9.3247,-298,91786.98,,,F,2,us-gaap:CommonClassAMember|us-gaap:CommonClassBMember,,TRUE
1690820,CVNA,Ernest C. Garcia,1700548,2021-08-01,4,"Group(security='Class A Common Stock', direct='D', shares=593950.0, last_txn={('D', ''): 593950.0}, holdings=0.0, hold_by_vehicle={}, filed='2021-08-01', moved_here=True, opening={('D', ''): 594247.0}, rows=1, as_of='2021-08-01', accession='0001690820-21-000229', table='I')",16092497,80462485,172583094,9.3245,-297,100255.32,,,F,2,us-gaap:CommonClassAMember|us-gaap:CommonClassBMember,,TRUE
1690820,CVNA,Ernest C. Garcia,1700548,2021-09-01,4,"Group(security='Class A Common Stock', direct='D', shares=593653.0, last_txn={('D', ''): 593653.0}, holdings=0.0, hold_by_vehicle={}, filed='2021-09-01', moved_here=True, opening={('D', ''): 593950.0}, rows=1, as_of='2021-09-01', accession='0001690820-21-000257', table='I')",16092200,80461000,172583094,9.3243,-297,98152.56,,,F,2,us-gaap:CommonClassAMember|us-gaap:CommonClassBMember,,TRUE
1690820,CVNA,Ernest C. Garcia,1700548,2021-10-01,4,"Group(security='Class A Common Stock', direct='D', shares=593355.0, last_txn={('D', ''): 593355.0}, holdings=0.0, hold_by_vehicle={}, filed='2021-10-01', moved_here=True, opening={('D', ''): 593653.0}, rows=1, as_of='2021-10-01', accession='0001690820-21-000281', table='I')",16091902,80459510,172787541,9.3131,-298,90243.34,,,F,2,us-gaap:CommonClassAMember|us-gaap:CommonClassBMember,,TRUE
1690820,CVNA,Ernest C. Garcia,1700548,2021-11-01,4,"Group(security='Class A Common Stock', direct='D', shares=593058.0, last_txn={('D', ''): 593058.0}, holdings=0.0, hold_by_vehicle={}, filed='2021-11-01', moved_here=True, opening={('D', ''): 593355.0}, rows=1, as_of='2021-11-01', accession='0001690820-21-000297', table='I')",16091605,80458025,172787541,9.3129,-297,89670.24,,,F,2,us-gaap:CommonClassAMember|us-gaap:CommonClassBMember,,TRUE
1690820,CVNA,Ernest C. Garcia,1700548,2021-12-01,4,"Group(security='Class A Common Stock', direct='D', shares=592761.0, last_txn={('D', ''): 592761.0}, holdings=0.0, hold_by_vehicle={}, filed='2021-12-01', moved_here=True, opening={('D', ''): 593058.0}, rows=1, as_of='2021-12-01', accession='0001690820-21-000334', table='I')",16091308,80456540,172787541,9.3128,-297,79162.38,,,F,2,us-gaap:CommonClassAMember|us-gaap:CommonClassBMember,,TRUE
1690820,CVNA,Ernest C. Garcia,1700548,2022-01-01,4,"Group(security='Class A Common Stock', direct='D', shares=592536.0, last_txn={('D', ''): 592536.0}, holdings=0.0, hold_by_vehicle={}, filed='2022-01-01', moved_here=True, opening={('D', ''): 592761.0}, rows=1, as_of='2022-01-01', accession='0001690820-22-000010', table='I')",16091083,80455415,173001257,9.3011,-225,52152.75,,,F,2,us-gaap:CommonClassAMember|us-gaap:CommonClassBMember,,TRUE
1690820,CVNA,Ernest C. Garcia,1700548,2022-02-01,4,"Group(security='Class A Common Stock', direct='D', shares=692345.0, last_txn={('D', ''): 592345.0}, holdings=100000.0, hold_by_vehicle={('I', 'ernestcgarciaiiimultigenerationaltrustiii'): 100000.0}, filed='2022-02-01', moved_here=True, opening={('D', ''): 592536.0, ('I', 'ernestcgarciaiiimultigenerationaltrustiii'): 100000.0}, rows=2, as_of='2022-02-01', accession='0001690820-22-000043', table='I')",16190892,80954460,173001257,9.3588,-191,31472.98,,500000,F,2,us-gaap:CommonClassAMember|us-gaap:CommonClassBMember,,TRUE
1690820,CVNA,Ernest C. Garcia,1700548,2022-02-21,4,"Group(security='Class A Common Stock', direct='D', shares=702773.0, last_txn={('D', ''): 602773.0}, holdings=100000.0, hold_by_vehicle={('I', 'ernestcgarciaiiimultigenerationaltrustiii'): 100000.0}, filed='2022-02-21', moved_here=True, opening={('D', ''): 592345.0, ('I', 'ernestcgarciaiiimultigenerationaltrustiii'): 100000.0}, rows=2, as_of='2022-02-21', accession='0001690820-22-000071', table='I')",16201320,81006600,173001257,9.3649,10428,1318099.2,,,A,2,us-gaap:CommonClassAMember|us-gaap:CommonClassBMember,,TRUE
1690820,CVNA,Ernest C. Garcia,1700548,2022-03-01,4,"Group(security='Class A Common Stock', direct='D', shares=702582.0, last_txn={('D', ''): 602582.0}, holdings=100000.0, hold_by_vehicle={('I', 'ernestcgarciaiiimultigenerationaltrustiii'): 100000.0}, filed='2022-03-01', moved_here=True, opening={('D', ''): 602773.0, ('I', 'ernestcgarciaiiimultigenerationaltrustiii'): 100000.0}, rows=2, as_of='2022-03-01', accession='0001690820-22-000089', table='I')",16201129,81005645,173001257,9.3647,-191,27706.46,,,F,2,us-gaap:CommonClassAMember|us-gaap:CommonClassBMember,,TRUE
1690820,CVNA,Ernest C. Garcia,1700548,2022-03-31,4,"Group(security='Class A Common Stock', direct='D', shares=604809.0, last_txn={('D', ''): 504809.0}, holdings=100000.0, hold_by_vehicle={('I', 'ernestcgarciaiiimultigenerationaltrustiii'): 100000.0}, filed='2022-03-31', moved_here=True, opening={('D', ''): 602582.0, ('I', 'ernestcgarciaiiimultigenerationaltrustiii'): 100000.0}, rows=3, as_of='2022-03-31', accession='0001690820-22-000133', table='I')",16103356,80516780,188644155,8.5364,-97773,52204.02,1,,DF,2,us-gaap:CommonClassAMember|us-gaap:CommonClassBMember,,TRUE
1690820,CVNA,Ernest C. Garcia,1700548,2022-04-26,4,"Group(security='Class A Common Stock', direct='D', shares=2604809.0, last_txn={('D', ''): 804809.0, ('I', 'ernestcgarciaiiimultigenerationaltrustiii'): 950000.0, ('I', 'ernestirrevocable2004trustiii'): 850000.0}, holdings=0.0, hold_by_vehicle={}, filed='2022-04-26', moved_here=True, opening={('D', ''): 504809.0, ('I', 'ernestcgarciaiiimultigenerationaltrustiii'): 100000.0, ('I', 'ernestirrevocable2004trustiii'): 0.0}, rows=3, as_of='2022-04-26', accession='0001690820-22-000141', table='I')",18103356,90516780,188644155,9.5966,2000000,160000000.0,,,P,2,us-gaap:CommonClassAMember|us-gaap:CommonClassBMember,,TRUE
1690820,CVNA,Ernest C. Garcia,1700548,2022-05-01,4,"Group(security='Class A Common Stock', direct='D', shares=2604676.0, last_txn={('D', ''): 804676.0}, holdings=1800000.0, hold_by_vehicle={('I', 'ernestcgarciaiiimultigenerationaltrustiii'): 950000.0, ('I', 'ernestirrevocable2004trustiii'): 850000.0}, filed='2022-05-01', moved_here=True, opening={('D', ''): 804809.0, ('I', 'ernestcgarciaiiimultigenerationaltrustiii'): 950000.0, ('I', 'ernestirrevocable2004trustiii'): 850000.0}, rows=3, as_of='2022-05-01', accession='0001690820-22-000154', table='I')",18103223,90516115,188644155,9.5965,-133,7708.68,,,F,2,us-gaap:CommonClassAMember|us-gaap:CommonClassBMember,,TRUE
1690820,CVNA,Ernest C. Garcia,1700548,2022-06-01,4,"Group(security='Class A Common Stock', direct='D', shares=2604543.0, last_txn={('D', ''): 804543.0}, holdings=1800000.0, hold_by_vehicle={('I', 'ernestcgarciaiiimultigenerationaltrustiii'): 950000.0, ('I', 'ernestirrevocable2004trustiii'): 850000.0}, filed='2022-06-01', moved_here=True, opening={('D', ''): 804676.0, ('I', 'ernestcgarciaiiimultigenerationaltrustiii'): 950000.0, ('I', 'ernestirrevocable2004trustiii'): 850000.0}, rows=3, as_of='2022-06-01', accession='0001690820-22-000196', table='I')",18103090,90515450,188644155,9.5964,-133,3523.17,,,F,2,us-gaap:CommonClassAMember|us-gaap:CommonClassBMember,,TRUE
1690820,CVNA,Ernest C. Garcia,1700548,2022-07-01,4,"Group(security='Class A Common Stock', direct='D', shares=2604410.0, last_txn={('D', ''): 804410.0}, holdings=1800000.0, hold_by_vehicle={('I', 'ernestcgarciaiiimultigenerationaltrustiii'): 950000.0, ('I', 'ernestirrevocable2004trustiii'): 850000.0}, filed='2022-07-01', moved_here=True, opening={('D', ''): 804543.0, ('I', 'ernestcgarciaiiimultigenerationaltrustiii'): 950000.0, ('I', 'ernestirrevocable2004trustiii'): 850000.0}, rows=3, as_of='2022-07-01', accession='0001690820-22-000227', table='I')",18102957,90514785,188702603,9.5934,-133,2908.71,,,F,2,us-gaap:CommonClassAMember|us-gaap:CommonClassBMember,,TRUE
1690820,CVNA,Ernest C. Garcia,1700548,2022-07-06,4,"Group(security='Class A Common Stock', direct='D', shares=2602639.0, last_txn={('D', ''): 802639.0}, holdings=1800000.0, hold_by_vehicle={('I', 'ernestcgarciaiiimultigenerationaltrustiii'): 950000.0, ('I', 'ernestirrevocable2004trustiii'): 850000.0}, filed='2022-07-06', moved_here=True, opening={('D', ''): 804410.0, ('I', 'ernestcgarciaiiimultigenerationaltrustiii'): 950000.0, ('I', 'ernestirrevocable2004trustiii'): 850000.0}, rows=3, as_of='2022-07-06', accession='0001690820-22-000230', table='I')",18101186,90505930,188702603,9.5924,-1771,,1,,D,2,us-gaap:CommonClassAMember|us-gaap:CommonClassBMember,,TRUE
1690820,CVNA,Ernest C. Garcia,1700548,2022-08-01,4,"Group(security='Class A Common Stock', direct='D', shares=2602506.0, last_txn={('D', ''): 802506.0}, holdings=1800000.0, hold_by_vehicle={('I', 'ernestcgarciaiiimultigenerationaltrustiii'): 950000.0, ('I', 'ernestirrevocable2004trustiii'): 850000.0}, filed='2022-08-01', moved_here=True, opening={('D', ''): 802639.0, ('I', 'ernestcgarciaiiimultigenerationaltrustiii'): 950000.0, ('I', 'ernestirrevocable2004trustiii'): 850000.0}, rows=3, as_of='2022-08-01', accession='0001690820-22-000246', table='I')",18101053,90505265,188702603,9.5924,-133,4012.61,,,F,2,us-gaap:CommonClassAMember|us-gaap:CommonClassBMember,,TRUE
1690820,CVNA,Ernest C. Garcia,1700548,2022-09-01,4,"Group(security='Class A Common Stock', direct='D', shares=2602373.0, last_txn={('D', ''): 802373.0}, holdings=1800000.0, hold_by_vehicle={('I', 'ernestcgarciaiiimultigenerationaltrustiii'): 950000.0, ('I', 'ernestirrevocable2004trustiii'): 850000.0}, filed='2022-09-01', moved_here=True, opening={('D', ''): 802506.0, ('I', 'ernestcgarciaiiimultigenerationaltrustiii'): 950000.0, ('I', 'ernestirrevocable2004trustiii'): 850000.0}, rows=3, as_of='2022-09-01', accession='0001690820-22-000266', table='I')",18100920,90504600,188702603,9.5923,-133,4359.74,,,F,2,us-gaap:CommonClassAMember|us-gaap:CommonClassBMember,,TRUE
1690820,CVNA,Ernest C. Garcia,1700548,2022-10-01,4,"Group(security='Class A Common Stock', direct='D', shares=2602240.0, last_txn={('D', ''): 802240.0}, holdings=1800000.0, hold_by_vehicle={('I', 'ernestcgarciaiiimultigenerationaltrustiii'): 950000.0, ('I', 'ernestirrevocable2004trustiii'): 850000.0}, filed='2022-10-01', moved_here=True, opening={('D', ''): 802373.0, ('I', 'ernestcgarciaiiimultigenerationaltrustiii'): 950000.0, ('I', 'ernestirrevocable2004trustiii'): 850000.0}, rows=3, as_of='2022-10-01', accession='0001690820-22-000288', table='I')",18100787,90503935,188848021,9.5848,-133,2699.9,,,F,2,us-gaap:CommonClassAMember|us-gaap:CommonClassBMember,,TRUE
1690820,CVNA,Ernest C. Garcia,1700548,2022-10-05,4,"Group(security='Class A Common Stock', direct='D', shares=2588141.0, last_txn={('D', ''): 788141.0}, holdings=1800000.0, hold_by_vehicle={('I', 'ernestcgarciaiiimultigenerationaltrustiii'): 950000.0, ('I', 'ernestirrevocable2004trustiii'): 850000.0}, filed='2022-10-05', moved_here=True, opening={('D', ''): 802240.0, ('I', 'ernestcgarciaiiimultigenerationaltrustiii'): 950000.0, ('I', 'ernestirrevocable2004trustiii'): 850000.0}, rows=3, as_of='2022-10-05', accession='0001690820-22-000293', table='I')",18086688,90433440,188848021,9.5774,-14099,,1,,D,2,us-gaap:CommonClassAMember|us-gaap:CommonClassBMember,,TRUE
1690820,CVNA,Ernest C. Garcia,1700548,2022-11-01,4,"Group(security='Class A Common Stock', direct='D', shares=2588008.0, last_txn={('D', ''): 788008.0}, holdings=1800000.0, hold_by_vehicle={('I', 'ernestcgarciaiiimultigenerationaltrustiii'): 950000.0, ('I', 'ernestirrevocable2004trustiii'): 850000.0}, filed='2022-11-01', moved_here=True, opening={('D', ''): 788141.0, ('I', 'ernestcgarciaiiimultigenerationaltrustiii'): 950000.0, ('I', 'ernestirrevocable2004trustiii'): 850000.0}, rows=3, as_of='2022-11-01', accession='0001690820-22-000316', table='I')",18086555,90432775,188848021,9.5773,-133,2032.24,,,F,2,us-gaap:CommonClassAMember|us-gaap:CommonClassBMember,,TRUE
1690820,CVNA,Ernest C. Garcia,1700548,2022-12-01,4,"Group(security='Class A Common Stock', direct='D', shares=2587875.0, last_txn={('D', ''): 787875.0}, holdings=1800000.0, hold_by_vehicle={('I', 'ernestcgarciaiiimultigenerationaltrustiii'): 950000.0, ('I', 'ernestirrevocable2004trustiii'): 850000.0}, filed='2022-12-01', moved_here=True, opening={('D', ''): 788008.0, ('I', 'ernestcgarciaiiimultigenerationaltrustiii'): 950000.0, ('I', 'ernestirrevocable2004trustiii'): 850000.0}, rows=3, as_of='2022-12-01', accession='0001690820-22-000351', table='I')",18086422,90432110,188848021,9.5772,-133,1081.29,,,F,2,us-gaap:CommonClassAMember|us-gaap:CommonClassBMember,,TRUE
1690820,CVNA,Ernest C. Garcia,1700548,2022-12-30,4,"Group(security='Class A Common Stock', direct='D', shares=2572784.0, last_txn={('D', ''): 772784.0}, holdings=1800000.0, hold_by_vehicle={('I', 'ernestcgarciaiiimultigenerationaltrustiii'): 950000.0, ('I', 'ernestirrevocable2004trustiii'): 850000.0}, filed='2022-12-30', moved_here=True, opening={('D', ''): 787875.0, ('I', 'ernestcgarciaiiimultigenerationaltrustiii'): 950000.0, ('I', 'ernestirrevocable2004trustiii'): 850000.0}, rows=4, as_of='2022-12-30', accession='0001690820-23-000016', table='I')",18071331,90356655,188848021,9.5692,-15091,777.36,1,,DF,2,us-gaap:CommonClassAMember|us-gaap:CommonClassBMember,,TRUE
1690820,CVNA,Ernest C. Garcia,1700548,2023-02-01,4,"Group(security='Class A Common Stock', direct='D', shares=2572629.0, last_txn={('D', ''): 772629.0}, holdings=1800000.0, hold_by_vehicle={('I', 'ernestcgarciaiiimultigenerationaltrustiii'): 950000.0, ('I', 'ernestirrevocable2004trustiii'): 850000.0}, filed='2023-02-01', moved_here=True, opening={('D', ''): 772784.0, ('I', 'ernestcgarciaiiimultigenerationaltrustiii'): 950000.0, ('I', 'ernestirrevocable2004trustiii'): 850000.0}, rows=3, as_of='2023-02-01', accession='0001690820-23-000033', table='I')",18071176,90355880,188974506,9.5628,-155,2101.8,,,F,2,us-gaap:CommonClassAMember|us-gaap:CommonClassBMember,,TRUE
1690820,CVNA,Ernest C. Garcia,1700548,2023-02-22,4/A,"Group(security='Class B Common Stock', direct='I', shares=27450547.0, last_txn={}, holdings=27450547.0, hold_by_vehicle={('I', 'ernestirrevocable2004trustiii'): 11834021.0, ('I', 'ernestcgarciaiiimultigenerationaltrustiii'): 11952000.0, ('D', ''): 3664526.0}, filed='2023-02-22', moved_here=False, opening={('I', 'ernestirrevocable2004trustiii'): 11834021.0, ('I', 'ernestcgarciaiiimultigenerationaltrustiii'): 11952000.0, ('D', ''): 3664526.0}, rows=3, as_of='2023-02-22', accession='0001690820-23-000068', table='I')",41956746,209783730,188974506,22.2023,99549,,1,118930105,A,2,us-gaap:CommonClassAMember|us-gaap:CommonClassBMember,,TRUE
1690820,CVNA,Ernest C. Garcia,1700548,2023-03-01,4,"Group(security='Class A Common Stock', direct='D', shares=2672022.0, last_txn={('D', ''): 872022.0}, holdings=1800000.0, hold_by_vehicle={('I', 'ernestcgarciaiiimultigenerationaltrustiii'): 950000.0, ('I', 'ernestirrevocable2004trustiii'): 850000.0}, filed='2023-03-01', moved_here=True, opening={('D', ''): 872178.0, ('I', 'ernestcgarciaiiimultigenerationaltrustiii'): 950000.0, ('I', 'ernestirrevocable2004trustiii'): 850000.0}, rows=3, as_of='2023-03-01', accession='0001690820-23-000077', table='I')",41956590,209782950,188974506,22.2022,-156,1389.96,,,F,2,us-gaap:CommonClassAMember|us-gaap:CommonClassBMember,,TRUE
1690820,CVNA,Ernest C. Garcia,1700548,2023-04-01,4,"Group(security='Class A Common Stock', direct='D', shares=2655359.0, last_txn={('D', ''): 855359.0}, holdings=1800000.0, hold_by_vehicle={('I', 'ernestcgarciaiiimultigenerationaltrustiii'): 950000.0, ('I', 'ernestirrevocable2004trustiii'): 850000.0}, filed='2023-04-01', moved_here=True, opening={('D', ''): 872022.0, ('I', 'ernestcgarciaiiimultigenerationaltrustiii'): 950000.0, ('I', 'ernestirrevocable2004trustiii'): 850000.0}, rows=4, as_of='2023-04-01', accession='0001690820-23-000109', table='I')",41939927,209699635,189082667,22.1807,-16663,7988.64,1,,DF,2,us-gaap:CommonClassAMember|us-gaap:CommonClassBMember,,TRUE
1690820,CVNA,Ernest C. Garcia,1700548,2023-05-01,4,"Group(security='Class A Common Stock', direct='D', shares=2655246.0, last_txn={('D', ''): 855246.0}, holdings=1800000.0, hold_by_vehicle={('I', 'ernestcgarciaiiimultigenerationaltrustiii'): 950000.0, ('I', 'ernestirrevocable2004trustiii'): 850000.0}, filed='2023-05-01', moved_here=True, opening={('D', ''): 855359.0, ('I', 'ernestcgarciaiiimultigenerationaltrustiii'): 950000.0, ('I', 'ernestirrevocable2004trustiii'): 850000.0}, rows=3, as_of='2023-05-01', accession='0001690820-23-000149', table='I')",41939814,209699070,189082667,22.1807,-113,783.09,,,F,2,us-gaap:CommonClassAMember|us-gaap:CommonClassBMember,,TRUE
1690820,CVNA,Ernest C. Garcia,1700548,2023-06-01,4,"Group(security='Class A Common Stock', direct='D', shares=2655133.0, last_txn={('D', ''): 855133.0}, holdings=1800000.0, hold_by_vehicle={('I', 'ernestcgarciaiiimultigenerationaltrustiii'): 950000.0, ('I', 'ernestirrevocable2004trustiii'): 850000.0}, filed='2023-06-01', moved_here=True, opening={('D', ''): 855246.0, ('I', 'ernestcgarciaiiimultigenerationaltrustiii'): 950000.0, ('I', 'ernestirrevocable2004trustiii'): 850000.0}, rows=3, as_of='2023-06-01', accession='0001690820-23-000187', table='I')",41939701,209698505,189082667,22.1806,-113,1785.4,,,F,2,us-gaap:CommonClassAMember|us-gaap:CommonClassBMember,,TRUE
1690820,CVNA,Ernest C. Garcia,1700548,2023-06-30,4,"Group(security='Class A Common Stock', direct='D', shares=2639243.0, last_txn={('D', ''): 839243.0}, holdings=1800000.0, hold_by_vehicle={('I', 'ernestcgarciaiiimultigenerationaltrustiii'): 950000.0, ('I', 'ernestirrevocable2004trustiii'): 850000.0}, filed='2023-06-30', moved_here=True, opening={('D', ''): 855133.0, ('I', 'ernestcgarciaiiimultigenerationaltrustiii'): 950000.0, ('I', 'ernestirrevocable2004trustiii'): 850000.0}, rows=4, as_of='2023-06-30', accession='0001690820-23-000211', table='I')",41923811,209619055,189444131,22.1299,-15890,2903.04,1,,DF,2,us-gaap:CommonClassAMember|us-gaap:CommonClassBMember,,TRUE
1690820,CVNA,Ernest C. Garcia,1700548,2023-07-19,4,"Group(security='Class A Common Stock', direct='D', shares=2671616.0, last_txn={('D', ''): 871616.0}, holdings=1800000.0, hold_by_vehicle={('I', 'ernestcgarciaiiimultigenerationaltrustiii'): 950000.0, ('I', 'ernestirrevocable2004trustiii'): 850000.0}, filed='2023-07-19', moved_here=True, opening={('D', ''): 839243.0, ('I', 'ernestcgarciaiiimultigenerationaltrustiii'): 950000.0, ('I', 'ernestirrevocable2004trustiii'): 850000.0}, rows=4, as_of='2023-07-19', accession='0001690820-23-000229', table='I')",41956184,209780920,189444131,22.147,32373,4118542.2,,,AF,2,us-gaap:CommonClassAMember|us-gaap:CommonClassBMember,,TRUE
1690820,CVNA,Ernest C. Garcia,1700548,2023-08-01,4,"Group(security='Class A Common Stock', direct='D', shares=2671440.0, last_txn={('D', ''): 871440.0}, holdings=1800000.0, hold_by_vehicle={('I', 'ernestcgarciaiiimultigenerationaltrustiii'): 950000.0, ('I', 'ernestirrevocable2004trustiii'): 850000.0}, filed='2023-08-01', moved_here=True, opening={('D', ''): 871616.0, ('I', 'ernestcgarciaiiimultigenerationaltrustiii'): 950000.0, ('I', 'ernestirrevocable2004trustiii'): 850000.0}, rows=3, as_of='2023-08-01', accession='0001690820-23-000259', table='I')",41956008,209780040,189444131,22.1469,-176,8643.36,,,F,2,us-gaap:CommonClassAMember|us-gaap:CommonClassBMember,,TRUE
1690820,CVNA,Ernest C. Garcia,1700548,2023-08-18,4,"Group(security='Class B Common Stock', direct='D', shares=27666483.0, last_txn={('D', ''): 3880462.0}, holdings=23786021.0, hold_by_vehicle={('I', 'ernestcgarciaiiimultigenerationaltrustiii'): 11952000.0, ('I', 'ernestirrevocable2004trustiii'): 11834021.0}, filed='2023-08-18', moved_here=True, opening={('D', ''): 3664526.0, ('I', 'ernestcgarciaiiimultigenerationaltrustiii'): 11952000.0, ('I', 'ernestirrevocable2004trustiii'): 11834021.0}, rows=3, as_of='2023-08-18', accession='0001690820-23-000269', table='I')",30337923,151689615,189444131,16.0142,215936,7999996.93,,-59170105,A,2,us-gaap:CommonClassAMember|us-gaap:CommonClassBMember,,TRUE
1690820,CVNA,Ernest C. Garcia,1700548,2023-09-01,4,"Group(security='Class A Common Stock', direct='D', shares=2671265.0, last_txn={('D', ''): 871265.0}, holdings=1800000.0, hold_by_vehicle={('I', 'ernestcgarciaiiimultigenerationaltrustiii'): 950000.0, ('I', 'ernestirrevocable2004trustiii'): 850000.0}, filed='2023-09-01', moved_here=True, opening={('D', ''): 871440.0, ('I', 'ernestcgarciaiiimultigenerationaltrustiii'): 950000.0, ('I', 'ernestirrevocable2004trustiii'): 850000.0}, rows=3, as_of='2023-09-01', accession='0001690820-23-000290', table='I')",30337748,151688740,189444131,16.0141,-175,8898.75,,,F,2,us-gaap:CommonClassAMember|us-gaap:CommonClassBMember,,TRUE
1690820,CVNA,Ernest C. Garcia,1700548,2023-09-29,4,"Group(security='Class A Common Stock', direct='D', shares=2654231.0, last_txn={('D', ''): 854231.0}, holdings=1800000.0, hold_by_vehicle={('I', 'ernestcgarciaiiimultigenerationaltrustiii'): 950000.0, ('I', 'ernestirrevocable2004trustiii'): 850000.0}, filed='2023-09-29', moved_here=True, opening={('D', ''): 871265.0, ('I', 'ernestcgarciaiiimultigenerationaltrustiii'): 950000.0, ('I', 'ernestirrevocable2004trustiii'): 850000.0}, rows=4, as_of='2023-09-29', accession='0001690820-23-000313', table='I')",30320714,151603570,189444131,16.0051,-17034,7346.5,1,,DF,2,us-gaap:CommonClassAMember|us-gaap:CommonClassBMember,,TRUE
1690820,CVNA,Ernest C. Garcia,1700548,2023-11-01,4,"Group(security='Class A Common Stock', direct='D', shares=2654055.0, last_txn={('D', ''): 854055.0}, holdings=1800000.0, hold_by_vehicle={('I', 'ernestcgarciaiiimultigenerationaltrustiii'): 950000.0, ('I', 'ernestirrevocable2004trustiii'): 850000.0}, filed='2023-11-01', moved_here=True, opening={('D', ''): 854231.0, ('I', 'ernestcgarciaiiimultigenerationaltrustiii'): 950000.0, ('I', 'ernestirrevocable2004trustiii'): 850000.0}, rows=3, as_of='2023-11-01', accession='0001690820-23-000336', table='I')",30320538,151602690,199649835,15.1869,-176,4574.24,,,F,2,us-gaap:CommonClassAMember|us-gaap:CommonClassBMember,,TRUE
1690820,CVNA,Ernest C. Garcia,1700548,2023-12-01,4,"Group(security='Class A Common Stock', direct='D', shares=2653879.0, last_txn={('D', ''): 853879.0}, holdings=1800000.0, hold_by_vehicle={('I', 'ernestcgarciaiiimultigenerationaltrustiii'): 950000.0, ('I', 'ernestirrevocable2004trustiii'): 850000.0}, filed='2023-12-01', moved_here=True, opening={('D', ''): 854055.0, ('I', 'ernestcgarciaiiimultigenerationaltrustiii'): 950000.0, ('I', 'ernestirrevocable2004trustiii'): 850000.0}, rows=3, as_of='2023-12-01', accession='0001690820-23-000352', table='I')",30320362,151601810,199649835,15.1868,-176,6195.2,,,F,2,us-gaap:CommonClassAMember|us-gaap:CommonClassBMember,,TRUE
1690820,CVNA,Ernest C. Garcia,1700548,2024-01-01,4,"Group(security='Class A Common Stock', direct='D', shares=2639623.0, last_txn={('D', ''): 839623.0}, holdings=1800000.0, hold_by_vehicle={('I', 'ernestcgarciaiiimultigenerationaltrustiii'): 950000.0, ('I', 'ernestirrevocable2004trustiii'): 850000.0}, filed='2024-01-01', moved_here=True, opening={('D', ''): 853879.0, ('I', 'ernestcgarciaiiimultigenerationaltrustiii'): 950000.0, ('I', 'ernestirrevocable2004trustiii'): 850000.0}, rows=4, as_of='2024-01-01', accession='0001690820-24-000010', table='I')",30306106,151530530,201899201,15.0105,-14256,7093.96,1,,DF,2,us-gaap:CommonClassAMember|us-gaap:CommonClassBMember,,TRUE
1690820,CVNA,Ernest C. Garcia,1700548,2024-01-24,4,"Group(security='Class A Common Stock', direct='D', shares=2672201.0, last_txn={('D', ''): 872201.0}, holdings=1800000.0, hold_by_vehicle={('I', 'ernestcgarciaiiimultigenerationaltrustiii'): 950000.0, ('I', 'ernestirrevocable2004trustiii'): 850000.0}, filed='2024-01-24', moved_here=True, opening={('D', ''): 839623.0, ('I', 'ernestcgarciaiiimultigenerationaltrustiii'): 950000.0, ('I', 'ernestirrevocable2004trustiii'): 850000.0}, rows=3, as_of='2024-01-24', accession='0001690820-24-000034', table='I')",30338684,151693420,201899201,15.0266,32578,,1,,A,2,us-gaap:CommonClassAMember|us-gaap:CommonClassBMember,,TRUE
1690820,CVNA,Ernest C. Garcia,1700548,2024-01-30,4,"Group(security='Class A Common Stock', direct='D', shares=2671097.0, last_txn={('D', ''): 871097.0}, holdings=1800000.0, hold_by_vehicle={('I', 'ernestcgarciaiiimultigenerationaltrustiii'): 950000.0, ('I', 'ernestirrevocable2004trustiii'): 850000.0}, filed='2024-01-30', moved_here=True, opening={('D', ''): 872201.0, ('I', 'ernestcgarciaiiimultigenerationaltrustiii'): 950000.0, ('I', 'ernestirrevocable2004trustiii'): 850000.0}, rows=3, as_of='2024-01-30', accession='0001690820-24-000049', table='I')",30337580,151687900,201899201,15.0261,-1104,,1,,D,2,us-gaap:CommonClassAMember|us-gaap:CommonClassBMember,,TRUE
1690820,CVNA,Ernest C. Garcia,1700548,2024-02-01,4,"Group(security='Class A Common Stock', direct='D', shares=2670962.0, last_txn={('D', ''): 870962.0}, holdings=1800000.0, hold_by_vehicle={('I', 'ernestcgarciaiiimultigenerationaltrustiii'): 950000.0, ('I', 'ernestirrevocable2004trustiii'): 850000.0}, filed='2024-02-01', moved_here=True, opening={('D', ''): 871097.0, ('I', 'ernestcgarciaiiimultigenerationaltrustiii'): 950000.0, ('I', 'ernestirrevocable2004trustiii'): 850000.0}, rows=3, as_of='2024-02-01', accession='0001690820-24-000062', table='I')",30337445,151687225,201899201,15.026,-135,5741.55,,,F,2,us-gaap:CommonClassAMember|us-gaap:CommonClassBMember,,TRUE
1690820,CVNA,Ernest C. Garcia,1700548,2024-02-13,4,0001690820-24-000078,30337445,151687225,201899201,15.026,,,,,,2,us-gaap:CommonClassAMember|us-gaap:CommonClassBMember,,TRUE
1690820,CVNA,Ernest C. Garcia,1700548,2024-03-04,4,"Group(security='Class A Common Stock', direct='D', shares=2670848.0, last_txn={('D', ''): 870848.0}, holdings=1800000.0, hold_by_vehicle={('I', 'ernestcgarciaiiimultigenerationaltrustiii'): 950000.0, ('I', 'ernestirrevocable2004trustiii'): 850000.0}, filed='2024-03-04', moved_here=True, opening={('D', ''): 870962.0, ('I', 'ernestcgarciaiiimultigenerationaltrustiii'): 950000.0, ('I', 'ernestirrevocable2004trustiii'): 850000.0}, rows=3, as_of='2024-03-04', accession='0001690820-24-000118', table='I')",30337331,151686655,201899201,15.026,-114,9190.68,,,S,2,us-gaap:CommonClassAMember|us-gaap:CommonClassBMember,,TRUE
1690820,CVNA,Ernest C. Garcia,1700548,2024-04-02,4,"Group(security='Class A Common Stock', direct='D', shares=2661458.0, last_txn={('D', ''): 861458.0}, holdings=1800000.0, hold_by_vehicle={('I', 'ernestcgarciaiiimultigenerationaltrustiii'): 950000.0, ('I', 'ernestirrevocable2004trustiii'): 850000.0}, filed='2024-04-02', moved_here=True, opening={('D', ''): 870848.0, ('I', 'ernestcgarciaiiimultigenerationaltrustiii'): 950000.0, ('I', 'ernestirrevocable2004trustiii'): 850000.0}, rows=4, as_of='2024-04-02', accession='0001690820-24-000157', table='I')",30327941,151639705,202566719,14.9718,-9390,777763.8,,,S,2,us-gaap:CommonClassAMember|us-gaap:CommonClassBMember,,TRUE
1690820,CVNA,Ernest C. Garcia,1700548,2024-05-01,4,"Group(security='Class A Common Stock', direct='D', shares=2696449.0, last_txn={('D', ''): 896449.0}, holdings=1800000.0, hold_by_vehicle={('I', 'ernestcgarciaiiimultigenerationaltrustiii'): 950000.0, ('I', 'ernestirrevocable2004trustiii'): 850000.0}, filed='2024-05-01', moved_here=True, opening={('D', ''): 861458.0, ('I', 'ernestcgarciaiiimultigenerationaltrustiii'): 950000.0, ('I', 'ernestirrevocable2004trustiii'): 850000.0}, rows=7, as_of='2024-05-01', accession='0001690820-24-000197', table='I')",30362932,151814660,202566719,14.9891,34991,2104017.84,1,,AS,2,us-gaap:CommonClassAMember|us-gaap:CommonClassBMember,,TRUE
1690820,CVNA,Ernest C. Garcia,1700548,2024-06-01,4,"Group(security='Class A Common Stock', direct='D', shares=2695469.0, last_txn={('D', ''): 895469.0}, holdings=1800000.0, hold_by_vehicle={('I', 'ernestcgarciaiiimultigenerationaltrustiii'): 950000.0, ('I', 'ernestirrevocable2004trustiii'): 850000.0}, filed='2024-06-01', moved_here=True, opening={('D', ''): 896449.0, ('I', 'ernestcgarciaiiimultigenerationaltrustiii'): 950000.0, ('I', 'ernestirrevocable2004trustiii'): 850000.0}, rows=3, as_of='2024-06-01', accession='0001690820-24-000224', table='I')",30361952,151809760,202566719,14.9886,-980,97980.4,,,F,2,us-gaap:CommonClassAMember|us-gaap:CommonClassBMember,,TRUE
1690820,CVNA,Ernest C. Garcia,1700548,2024-07-01,4,"Group(security='Class A Common Stock', direct='D', shares=2694488.0, last_txn={('D', ''): 894488.0}, holdings=1800000.0, hold_by_vehicle={('I', 'ernestcgarciaiiimultigenerationaltrustiii'): 950000.0, ('I', 'ernestirrevocable2004trustiii'): 850000.0}, filed='2024-07-01', moved_here=True, opening={('D', ''): 895469.0, ('I', 'ernestcgarciaiiimultigenerationaltrustiii'): 950000.0, ('I', 'ernestirrevocable2004trustiii'): 850000.0}, rows=3, as_of='2024-07-01', accession='0001690820-24-000250', table='I')",30360971,151804855,206943558,14.6711,-981,121987.35,,,F,2,us-gaap:CommonClassAMember|us-gaap:CommonClassBMember,,TRUE
1690820,CVNA,Ernest C. Garcia,1700548,2024-08-01,4,"Group(security='Class A Common Stock', direct='D', shares=2693508.0, last_txn={('D', ''): 893508.0}, holdings=1800000.0, hold_by_vehicle={('I', 'ernestcgarciaiiimultigenerationaltrustiii'): 950000.0, ('I', 'ernestirrevocable2004trustiii'): 850000.0}, filed='2024-08-01', moved_here=True, opening={('D', ''): 894488.0, ('I', 'ernestcgarciaiiimultigenerationaltrustiii'): 950000.0, ('I', 'ernestirrevocable2004trustiii'): 850000.0}, rows=3, as_of='2024-08-01', accession='0001690820-24-000288', table='I')",30359991,151799955,206943558,14.6707,-980,143589.6,,,F,2,us-gaap:CommonClassAMember|us-gaap:CommonClassBMember,,TRUE
1690820,CVNA,Ernest C. Garcia,1700548,2024-09-01,4,"Group(security='Class A Common Stock', direct='D', shares=2692528.0, last_txn={('D', ''): 892528.0}, holdings=1800000.0, hold_by_vehicle={('I', 'ernestcgarciaiiimultigenerationaltrustiii'): 950000.0, ('I', 'ernestirrevocable2004trustiii'): 850000.0}, filed='2024-09-01', moved_here=True, opening={('D', ''): 893508.0, ('I', 'ernestcgarciaiiimultigenerationaltrustiii'): 950000.0, ('I', 'ernestirrevocable2004trustiii'): 850000.0}, rows=3, as_of='2024-09-01', accession='0001690820-24-000309', table='I')",30359011,151795055,206943558,14.6702,-980,147607.6,,,F,2,us-gaap:CommonClassAMember|us-gaap:CommonClassBMember,,TRUE
1690820,CVNA,Ernest C. Garcia,1700548,2024-10-01,4,"Group(security='Class A Common Stock', direct='D', shares=2691547.0, last_txn={('D', ''): 891547.0}, holdings=1800000.0, hold_by_vehicle={('I', 'ernestcgarciaiiimultigenerationaltrustiii'): 950000.0, ('I', 'ernestirrevocable2004trustiii'): 850000.0}, filed='2024-10-01', moved_here=True, opening={('D', ''): 892528.0, ('I', 'ernestcgarciaiiimultigenerationaltrustiii'): 950000.0, ('I', 'ernestirrevocable2004trustiii'): 850000.0}, rows=3, as_of='2024-10-01', accession='0001690820-24-000328', table='I')",30358030,151790150,207629772,14.6212,-981,172459.8,,,F,2,us-gaap:CommonClassAMember|us-gaap:CommonClassBMember,,TRUE
1690820,CVNA,Ernest C. Garcia,1700548,2024-10-30,4,"Group(security='Class A Common Stock', direct='D', shares=2703711.0, last_txn={('D', ''): 903711.0}, holdings=1800000.0, hold_by_vehicle={('I', 'ernestcgarciaiiimultigenerationaltrustiii'): 950000.0, ('I', 'ernestirrevocable2004trustiii'): 850000.0}, filed='2024-10-30', moved_here=True, opening={('D', ''): 891547.0, ('I', 'ernestcgarciaiiimultigenerationaltrustiii'): 950000.0, ('I', 'ernestirrevocable2004trustiii'): 850000.0}, rows=5, as_of='2024-10-30', accession='0001690820-24-000358', table='I')",30370194,151850970,207629772,14.6271,12164,2145847.48,1,,AF,2,us-gaap:CommonClassAMember|us-gaap:CommonClassBMember,,TRUE
1690820,CVNA,Ernest C. Garcia,1700548,2024-12-01,4,"Group(security='Class A Common Stock', direct='D', shares=2702731.0, last_txn={('D', ''): 902731.0}, holdings=1800000.0, hold_by_vehicle={('I', 'ernestcgarciaiiimultigenerationaltrustiii'): 950000.0, ('I', 'ernestirrevocable2004trustiii'): 850000.0}, filed='2024-12-01', moved_here=True, opening={('D', ''): 903711.0, ('I', 'ernestcgarciaiiimultigenerationaltrustiii'): 950000.0, ('I', 'ernestirrevocable2004trustiii'): 850000.0}, rows=3, as_of='2024-12-01', accession='0001690820-24-000386', table='I')",30369214,151846070,207629772,14.6266,-980,255211.6,,,F,2,us-gaap:CommonClassAMember|us-gaap:CommonClassBMember,,TRUE
1690820,CVNA,Ernest C. Garcia,1700548,2025-01-01,4,"Group(security='Class A Common Stock', direct='D', shares=2702061.0, last_txn={('D', ''): 902061.0}, holdings=1800000.0, hold_by_vehicle={('I', 'ernestcgarciaiiimultigenerationaltrustiii'): 950000.0, ('I', 'ernestirrevocable2004trustiii'): 850000.0}, filed='2025-01-01', moved_here=True, opening={('D', ''): 902731.0, ('I', 'ernestcgarciaiiimultigenerationaltrustiii'): 950000.0, ('I', 'ernestirrevocable2004trustiii'): 850000.0}, rows=3, as_of='2025-01-01', accession='0001690820-25-000012', table='I')",30368544,151842720,213166351,14.2464,-670,136251.2,,,F,2,us-gaap:CommonClassAMember|us-gaap:CommonClassBMember,,TRUE
1690820,CVNA,Ernest C. Garcia,1700548,2025-01-17,4,"Group(security='Class A Common Stock', direct='D', shares=2734051.0, last_txn={('D', ''): 934051.0}, holdings=1800000.0, hold_by_vehicle={('I', 'ernestcgarciaiiimultigenerationaltrustiii'): 950000.0, ('I', 'ernestirrevocable2004trustiii'): 850000.0}, filed='2025-01-17', moved_here=True, opening={('D', ''): 902061.0, ('I', 'ernestcgarciaiiimultigenerationaltrustiii'): 950000.0, ('I', 'ernestirrevocable2004trustiii'): 850000.0}, rows=3, as_of='2025-01-17', accession='0001690820-25-000034', table='I')",30400534,152002670,213166351,14.2614,31990,,1,,A,2,us-gaap:CommonClassAMember|us-gaap:CommonClassBMember,,TRUE
1690820,CVNA,Ernest C. Garcia,1700548,2025-02-01,4,"Group(security='Class A Common Stock', direct='D', shares=2733400.0, last_txn={('D', ''): 933400.0}, holdings=1800000.0, hold_by_vehicle={('I', 'ernestcgarciaiiimultigenerationaltrustiii'): 950000.0, ('I', 'ernestirrevocable2004trustiii'): 850000.0}, filed='2025-02-01', moved_here=True, opening={('D', ''): 934051.0, ('I', 'ernestcgarciaiiimultigenerationaltrustiii'): 950000.0, ('I', 'ernestirrevocable2004trustiii'): 850000.0}, rows=3, as_of='2025-02-01', accession='0001690820-25-000058', table='I')",30399883,151999415,213166351,14.2611,-651,161109.48,,,F,2,us-gaap:CommonClassAMember|us-gaap:CommonClassBMember,,TRUE
1690820,CVNA,Ernest C. Garcia,1700548,2025-03-01,4,"Group(security='Class A Common Stock', direct='D', shares=2732420.0, last_txn={('D', ''): 932420.0}, holdings=1800000.0, hold_by_vehicle={('I', 'ernestcgarciaiiimultigenerationaltrustiii'): 950000.0, ('I', 'ernestirrevocable2004trustiii'): 850000.0}, filed='2025-03-01', moved_here=True, opening={('D', ''): 933400.0, ('I', 'ernestcgarciaiiimultigenerationaltrustiii'): 950000.0, ('I', 'ernestirrevocable2004trustiii'): 850000.0}, rows=3, as_of='2025-03-01', accession='0001690820-25-000090', table='I')",30398903,151994515,213166351,14.2606,-980,228438.0,,,F,2,us-gaap:CommonClassAMember|us-gaap:CommonClassBMember,,TRUE
1690820,CVNA,Ernest C. Garcia,1700548,2025-04-01,4,"Group(security='Class A Common Stock', direct='D', shares=2728072.0, last_txn={('D', ''): 928072.0}, holdings=1800000.0, hold_by_vehicle={('I', 'ernestcgarciaiiimultigenerationaltrustiii'): 950000.0, ('I', 'ernestirrevocable2004trustiii'): 850000.0}, filed='2025-04-01', moved_here=True, opening={('D', ''): 932420.0, ('I', 'ernestcgarciaiiimultigenerationaltrustiii'): 950000.0, ('I', 'ernestirrevocable2004trustiii'): 850000.0}, rows=3, as_of='2025-04-01', accession='0001690820-25-000121', table='I')",30394555,151972775,214142906,14.1936,-4348,924341.32,,,F,2,us-gaap:CommonClassAMember|us-gaap:CommonClassBMember,,TRUE
1690820,CVNA,Ernest C. Garcia,1700548,2025-05-01,4,"Group(security='Class A Common Stock', direct='D', shares=2726843.0, last_txn={('D', ''): 926843.0}, holdings=1800000.0, hold_by_vehicle={('I', 'ernestcgarciaiiimultigenerationaltrustiii'): 950000.0, ('I', 'ernestirrevocable2004trustiii'): 850000.0}, filed='2025-05-01', moved_here=True, opening={('D', ''): 928072.0, ('I', 'ernestcgarciaiiimultigenerationaltrustiii'): 950000.0, ('I', 'ernestirrevocable2004trustiii'): 850000.0}, rows=3, as_of='2025-05-01', accession='0001690820-25-000144', table='I')",30393326,151966630,214142906,14.193,-1229,309548.23,,,F,2,us-gaap:CommonClassAMember|us-gaap:CommonClassBMember,,TRUE
1690820,CVNA,Ernest C. Garcia,1700548,2025-05-14,4,"Group(security='Class A Common Stock', direct='I', shares=2706843.0, last_txn={('I', 'ernestirrevocable2004trustiii'): 840000.0, ('I', 'ernestcgarciaiiimultigenerationaltrustiii'): 940000.0}, holdings=926843.0, hold_by_vehicle={('D', ''): 926843.0}, filed='2025-05-14', moved_here=True, opening={('I', 'ernestirrevocable2004trustiii'): 850000.0, ('I', 'ernestcgarciaiiimultigenerationaltrustiii'): 950000.0, ('D', ''): 926843.0}, rows=8, as_of='2025-05-14', accession='0001690820-25-000183', table='I')",30373326,151866630,214142906,14.1837,-20000,6068196.42,,,S,2,us-gaap:CommonClassAMember|us-gaap:CommonClassBMember,,TRUE
1690820,CVNA,Ernest C. Garcia,1700548,2025-05-16,4,"Group(security='Class A Common Stock', direct='I', shares=2676843.0, last_txn={('I', 'ernestirrevocable2004trustiii'): 825000.0, ('I', 'ernestcgarciaiiimultigenerationaltrustiii'): 925000.0}, holdings=926843.0, hold_by_vehicle={('D', ''): 926843.0}, filed='2025-05-16', moved_here=True, opening={('I', 'ernestirrevocable2004trustiii'): 840000.0, ('I', 'ernestcgarciaiiimultigenerationaltrustiii'): 940000.0, ('D', ''): 926843.0}, rows=9, as_of='2025-05-16', accession='0001690820-25-000189', table='I')",30343326,151716630,214142906,14.1697,-30000,9022675.45,,,S,2,us-gaap:CommonClassAMember|us-gaap:CommonClassBMember,,TRUE
1690820,CVNA,Ernest C. Garcia,1700548,2025-05-22,4,"Group(security='Class A Common Stock', direct='I', shares=2666843.0, last_txn={('I', 'ernestirrevocable2004trustiii'): 820000.0, ('I', 'ernestcgarciaiiimultigenerationaltrustiii'): 920000.0}, holdings=926843.0, hold_by_vehicle={('D', ''): 926843.0}, filed='2025-05-22', moved_here=True, opening={('I', 'ernestirrevocable2004trustiii'): 825000.0, ('I', 'ernestcgarciaiiimultigenerationaltrustiii'): 925000.0, ('D', ''): 926843.0}, rows=3, as_of='2025-05-22', accession='0001690820-25-000193', table='I')",30333326,151666630,214142906,14.165,-10000,3002350.0,,,S,2,us-gaap:CommonClassAMember|us-gaap:CommonClassBMember,,TRUE
1690820,CVNA,Ernest C. Garcia,1700548,2025-05-23,4,"Group(security='Class A Common Stock', direct='I', shares=2636843.0, last_txn={('I', 'ernestirrevocable2004trustiii'): 805000.0, ('I', 'ernestcgarciaiiimultigenerationaltrustiii'): 905000.0}, holdings=926843.0, hold_by_vehicle={('D', ''): 926843.0}, filed='2025-05-23', moved_here=True, opening={('I', 'ernestirrevocable2004trustiii'): 820000.0, ('I', 'ernestcgarciaiiimultigenerationaltrustiii'): 920000.0, ('D', ''): 926843.0}, rows=25, as_of='2025-05-23', accession='0000950170-25-078527', table='I')",30303326,151516630,214142906,14.151,-30000,9241821.35,,,S,2,us-gaap:CommonClassAMember|us-gaap:CommonClassBMember,,TRUE
1690820,CVNA,Ernest C. Garcia,1700548,2025-05-29,4,"Group(security='Class A Common Stock', direct='I', shares=3514924.0, last_txn={('I', 'ernestcgarciaiiimultigenerationaltrust'): 898081.0}, holdings=2616843.0, hold_by_vehicle={('D', ''): 926843.0, ('I', 'ernestcgarciaiiimultigenerationaltrustiii'): 895000.0, ('I', 'ernestirrevocable2004trustiii'): 795000.0}, filed='2025-05-29', moved_here=True, opening={('I', 'ernestirrevocable2004trustiii'): 805000.0, ('I', 'ernestcgarciaiiimultigenerationaltrustiii'): 905000.0, ('I', 'ernestcgarciaiiimultigenerationaltrust'): 898831.0, ('D', ''): 926843.0}, rows=30, as_of='2025-05-29', accession='0000950170-25-079982', table='I')",31181407,155907035,214142906,14.561,-20000,6402222.02,,4490405,S,2,us-gaap:CommonClassAMember|us-gaap:CommonClassBMember,,TRUE
1690820,CVNA,Ernest C. Garcia,1700548,2025-06-01,4,"Group(security='Class A Common Stock', direct='D', shares=2605613.0, last_txn={('D', ''): 925613.0, ('I', 'ernestirrevocable2004trustiii'): 790000.0, ('I', 'ernestcgarciaiiimultigenerationaltrustiii'): 890000.0}, holdings=0.0, hold_by_vehicle={}, filed='2025-06-01', moved_here=True, opening={('D', ''): 926843.0, ('I', 'ernestirrevocable2004trustiii'): 795000.0, ('I', 'ernestcgarciaiiimultigenerationaltrustiii'): 895000.0}, rows=25, as_of='2025-06-01', accession='0001690820-25-000205', table='I')",30272096,151360480,214142906,14.1364,-11230,3655178.49,,-4490405,FS,2,us-gaap:CommonClassAMember|us-gaap:CommonClassBMember,,TRUE
1690820,CVNA,Ernest C. Garcia,1700548,2025-06-03,4,"Group(security='Class A Common Stock', direct='I', shares=1663196.0, last_txn={('I', 'ernestirrevocable2004trustiii'): 781598.0, ('I', 'ernestcgarciaiiimultigenerationaltrustiii'): 881598.0}, holdings=0.0, hold_by_vehicle={}, filed='2025-06-03', moved_here=True, opening={('I', 'ernestirrevocable2004trustiii'): 790000.0, ('I', 'ernestcgarciaiiimultigenerationaltrustiii'): 890000.0}, rows=30, as_of='2025-06-03', accession='0001690820-25-000215', table='I')",30255292,151276460,214142906,14.1286,-16804,5682477.94,,,S,2,us-gaap:CommonClassAMember|us-gaap:CommonClassBMember,,TRUE
1690820,CVNA,Ernest C. Garcia,1700548,2025-06-04,4,"Group(security='Class A Common Stock', direct='I', shares=1660000.0, last_txn={('I', 'ernestirrevocable2004trustiii'): 780000.0, ('I', 'ernestcgarciaiiimultigenerationaltrustiii'): 880000.0}, holdings=0.0, hold_by_vehicle={}, filed='2025-06-04', moved_here=True, opening={('I', 'ernestirrevocable2004trustiii'): 781598.0, ('I', 'ernestcgarciaiiimultigenerationaltrustiii'): 881598.0}, rows=10, as_of='2025-06-04', accession='0001690820-25-000214', table='I')",30252096,151260480,214142906,14.1271,-3196,1101509.15,,,S,2,us-gaap:CommonClassAMember|us-gaap:CommonClassBMember,,TRUE
1690820,CVNA,Ernest C. Garcia,1700548,2025-06-05,4,"Group(security='Class A Common Stock', direct='I', shares=1641862.0, last_txn={('I', 'ernestirrevocable2004trustiii'): 770931.0, ('I', 'ernestcgarciaiiimultigenerationaltrustiii'): 870931.0}, holdings=0.0, hold_by_vehicle={}, filed='2025-06-05', moved_here=True, opening={('I', 'ernestirrevocable2004trustiii'): 780000.0, ('I', 'ernestcgarciaiiimultigenerationaltrustiii'): 880000.0}, rows=30, as_of='2025-06-05', accession='0001690820-25-000227', table='I')",30233958,151169790,214142906,14.1186,-18138,6228654.7,,,S,2,us-gaap:CommonClassAMember|us-gaap:CommonClassBMember,,TRUE
1690820,CVNA,Ernest C. Garcia,1700548,2025-06-06,4,"Group(security='Class A Common Stock', direct='I', shares=1640000.0, last_txn={('I', 'ernestirrevocable2004trustiii'): 770000.0, ('I', 'ernestcgarciaiiimultigenerationaltrustiii'): 870000.0}, holdings=0.0, hold_by_vehicle={}, filed='2025-06-06', moved_here=True, opening={('I', 'ernestirrevocable2004trustiii'): 770931.0, ('I', 'ernestcgarciaiiimultigenerationaltrustiii'): 870931.0}, rows=8, as_of='2025-06-06', accession='0001690820-25-000226', table='I')",30232096,151160480,214142906,14.1177,-1862,647927.56,,,S,2,us-gaap:CommonClassAMember|us-gaap:CommonClassBMember,,TRUE
1690820,CVNA,Ernest C. Garcia,1700548,2025-06-09,4,"Group(security='Class A Common Stock', direct='I', shares=1625448.0, last_txn={('I', 'ernestirrevocable2004trustiii'): 762724.0, ('I', 'ernestcgarciaiiimultigenerationaltrustiii'): 862724.0}, holdings=0.0, hold_by_vehicle={}, filed='2025-06-09', moved_here=True, opening={('I', 'ernestirrevocable2004trustiii'): 770000.0, ('I', 'ernestcgarciaiiimultigenerationaltrustiii'): 870000.0}, rows=30, as_of='2025-06-09', accession='0001690820-25-000239', table='I')",30217544,151087720,214142906,14.1109,-14552,4899529.83,,,S,2,us-gaap:CommonClassAMember|us-gaap:CommonClassBMember,,TRUE
1690820,CVNA,Ernest C. Garcia,1700548,2025-06-10,4,"Group(security='Class A Common Stock', direct='I', shares=1620000.0, last_txn={('I', 'ernestirrevocable2004trustiii'): 760000.0, ('I', 'ernestcgarciaiiimultigenerationaltrustiii'): 860000.0}, holdings=0.0, hold_by_vehicle={}, filed='2025-06-10', moved_here=True, opening={('I', 'ernestirrevocable2004trustiii'): 762724.0, ('I', 'ernestcgarciaiiimultigenerationaltrustiii'): 862724.0}, rows=20, as_of='2025-06-10', accession='0001690820-25-000240', table='I')",30212096,151060480,214142906,14.1084,-5448,1848238.31,,,S,2,us-gaap:CommonClassAMember|us-gaap:CommonClassBMember,,TRUE
1690820,CVNA,Ernest C. Garcia,1700548,2025-06-11,4,"Group(security='Class A Common Stock', direct='I', shares=2535613.0, last_txn={('I', 'ernestirrevocable2004trustiii'): 755000.0, ('I', 'ernestcgarciaiiimultigenerationaltrustiii'): 855000.0}, holdings=925613.0, hold_by_vehicle={('D', ''): 925613.0}, filed='2025-06-11', moved_here=True, opening={('I', 'ernestirrevocable2004trustiii'): 760000.0, ('I', 'ernestcgarciaiiimultigenerationaltrustiii'): 860000.0, ('D', ''): 925613.0}, rows=19, as_of='2025-06-11', accession='0001690820-25-000246', table='I')",30202096,151010480,214142906,14.1037,-10000,3386327.57,,,S,2,us-gaap:CommonClassAMember|us-gaap:CommonClassBMember,,TRUE
1690820,CVNA,Ernest C. Garcia,1700548,2025-06-12,4,"Group(security='Class A Common Stock', direct='I', shares=2525613.0, last_txn={('I', 'ernestirrevocable2004trustiii'): 750000.0, ('I', 'ernestcgarciaiiimultigenerationaltrustiii'): 850000.0}, holdings=925613.0, hold_by_vehicle={('D', ''): 925613.0}, filed='2025-06-12', moved_here=True, opening={('I', 'ernestirrevocable2004trustiii'): 755000.0, ('I', 'ernestcgarciaiiimultigenerationaltrustiii'): 855000.0, ('D', ''): 925613.0}, rows=29, as_of='2025-06-12', accession='0001690820-25-000248', table='I')",30192096,150960480,214142906,14.099,-10000,3280000.33,,,S,2,us-gaap:CommonClassAMember|us-gaap:CommonClassBMember,,TRUE
1690820,CVNA,Ernest C. Garcia,1700548,2025-06-13,4,"Group(security='Class A Common Stock', direct='I', shares=2508493.0, last_txn={('I', 'ernestirrevocable2004trustiii'): 741440.0, ('I', 'ernestcgarciaiiimultigenerationaltrustiii'): 841440.0}, holdings=925613.0, hold_by_vehicle={('D', ''): 925613.0}, filed='2025-06-13', moved_here=True, opening={('I', 'ernestirrevocable2004trustiii'): 750000.0, ('I', 'ernestcgarciaiiimultigenerationaltrustiii'): 850000.0, ('D', ''): 925613.0}, rows=11, as_of='2025-06-13', accession='0001690820-25-000250', table='I')",30174976,150874880,214142906,14.091,-17120,5228479.83,,,S,2,us-gaap:CommonClassAMember|us-gaap:CommonClassBMember,,TRUE
1690820,CVNA,Ernest C. Garcia,1700548,2025-06-18,4,"Group(security='Class A Common Stock', direct='I', shares=2488493.0, last_txn={('I', 'ernestirrevocable2004trustiii'): 731440.0, ('I', 'ernestcgarciaiiimultigenerationaltrustiii'): 831440.0}, holdings=925613.0, hold_by_vehicle={('D', ''): 925613.0}, filed='2025-06-18', moved_here=True, opening={('I', 'ernestirrevocable2004trustiii'): 741440.0, ('I', 'ernestcgarciaiiimultigenerationaltrustiii'): 841440.0, ('D', ''): 925613.0}, rows=9, as_of='2025-06-18', accession='0001690820-25-000252', table='I')",30154976,150774880,214142906,14.0817,-20000,5276579.8,,,S,2,us-gaap:CommonClassAMember|us-gaap:CommonClassBMember,,TRUE
1690820,CVNA,Ernest C. Garcia,1700548,2025-06-23,4,"Group(security='Class A Common Stock', direct='I', shares=2468493.0, last_txn={('I', 'ernestirrevocable2004trustiii'): 721440.0, ('I', 'ernestcgarciaiiimultigenerationaltrustiii'): 821440.0}, holdings=925613.0, hold_by_vehicle={('D', ''): 925613.0}, filed='2025-06-23', moved_here=True, opening={('I', 'ernestirrevocable2004trustiii'): 731440.0, ('I', 'ernestcgarciaiiimultigenerationaltrustiii'): 831440.0, ('D', ''): 925613.0}, rows=15, as_of='2025-06-23', accession='0001690820-25-000254', table='I')",30134976,150674880,214142906,14.0724,-20000,6348513.53,,,S,2,us-gaap:CommonClassAMember|us-gaap:CommonClassBMember,,TRUE
1690820,CVNA,Ernest C. Garcia,1700548,2025-06-25,4,"Group(security='Class A Common Stock', direct='I', shares=2448493.0, last_txn={('I', 'ernestirrevocable2004trustiii'): 711440.0, ('I', 'ernestcgarciaiiimultigenerationaltrustiii'): 811440.0}, holdings=925613.0, hold_by_vehicle={('D', ''): 925613.0}, filed='2025-06-25', moved_here=True, opening={('I', 'ernestirrevocable2004trustiii'): 721440.0, ('I', 'ernestcgarciaiiimultigenerationaltrustiii'): 821440.0, ('D', ''): 925613.0}, rows=23, as_of='2025-06-25', accession='0001690820-25-000256', table='I')",30114976,150574880,214142906,14.063,-20000,6381070.21,,,S,2,us-gaap:CommonClassAMember|us-gaap:CommonClassBMember,,TRUE
1690820,CVNA,Ernest C. Garcia,1700548,2025-06-27,4,"Group(security='Class A Common Stock', direct='I', shares=2428913.0, last_txn={('I', 'ernestirrevocable2004trustiii'): 701650.0, ('I', 'ernestcgarciaiiimultigenerationaltrustiii'): 801650.0}, holdings=925613.0, hold_by_vehicle={('D', ''): 925613.0}, filed='2025-06-27', moved_here=True, opening={('I', 'ernestirrevocable2004trustiii'): 711440.0, ('I', 'ernestcgarciaiiimultigenerationaltrustiii'): 811440.0, ('D', ''): 925613.0}, rows=29, as_of='2025-06-27', accession='0001690820-25-000258', table='I')",30095396,150476980,214142906,14.0539,-19580,6237978.1,,,S,2,us-gaap:CommonClassAMember|us-gaap:CommonClassBMember,,TRUE
1690820,CVNA,Ernest C. Garcia,1700548,2025-06-30,4,"Group(security='Class A Common Stock', direct='I', shares=2428493.0, last_txn={('I', 'ernestirrevocable2004trustiii'): 701440.0, ('I', 'ernestcgarciaiiimultigenerationaltrustiii'): 801440.0}, holdings=925613.0, hold_by_vehicle={('D', ''): 925613.0}, filed='2025-06-30', moved_here=True, opening={('I', 'ernestirrevocable2004trustiii'): 701650.0, ('I', 'ernestcgarciaiiimultigenerationaltrustiii'): 801650.0, ('D', ''): 925613.0}, rows=3, as_of='2025-06-30', accession='0001690820-25-000260', table='I')",30094976,150474880,215203442,13.9844,-420,140821.8,,,S,2,us-gaap:CommonClassAMember|us-gaap:CommonClassBMember,,TRUE
1690820,CVNA,Ernest C. Garcia,1700548,2025-07-01,4,"Group(security='Class A Common Stock', direct='D', shares=2412703.0, last_txn={('D', ''): 924384.0, ('I', 'ernestirrevocable2004trustiii'): 694159.0, ('I', 'ernestcgarciaiiimultigenerationaltrustiii'): 794160.0}, holdings=0.0, hold_by_vehicle={}, filed='2025-07-01', moved_here=True, opening={('D', ''): 925613.0, ('I', 'ernestirrevocable2004trustiii'): 701440.0, ('I', 'ernestcgarciaiiimultigenerationaltrustiii'): 801440.0}, rows=29, as_of='2025-07-01', accession='0001700548-25-000003', table='I')",30079186,150395930,215203442,13.9771,-15790,5352093.11,,,FS,2,us-gaap:CommonClassAMember|us-gaap:CommonClassBMember,,TRUE
1690820,CVNA,Ernest C. Garcia,1700548,2025-07-02,4,"Group(security='Class A Common Stock', direct='I', shares=2407264.0, last_txn={('I', 'ernestirrevocable2004trustiii'): 691440.0, ('I', 'ernestcgarciaiiimultigenerationaltrustiii'): 791440.0}, holdings=924384.0, hold_by_vehicle={('D', ''): 924384.0}, filed='2025-07-02', moved_here=True, opening={('I', 'ernestirrevocable2004trustiii'): 694159.0, ('I', 'ernestcgarciaiiimultigenerationaltrustiii'): 794160.0, ('D', ''): 924384.0}, rows=11, as_of='2025-07-02', accession='0001700548-25-000005', table='I')",30073747,150368735,215203442,13.9746,-5439,1870998.77,,,S,2,us-gaap:CommonClassAMember|us-gaap:CommonClassBMember,,TRUE
1690820,CVNA,Ernest C. Garcia,1700548,2025-07-03,4,"Group(security='Class A Common Stock', direct='I', shares=2393508.0, last_txn={('I', 'ernestirrevocable2004trustiii'): 684562.0, ('I', 'ernestcgarciaiiimultigenerationaltrustiii'): 784562.0}, holdings=924384.0, hold_by_vehicle={('D', ''): 924384.0}, filed='2025-07-03', moved_here=True, opening={('I', 'ernestirrevocable2004trustiii'): 691440.0, ('I', 'ernestcgarciaiiimultigenerationaltrustiii'): 791440.0, ('D', ''): 924384.0}, rows=29, as_of='2025-07-03', accession='0001690820-25-000267', table='I')",30059991,150299955,215203442,13.9682,-13756,4778449.81,,,S,2,us-gaap:CommonClassAMember|us-gaap:CommonClassBMember,,TRUE
1690820,CVNA,Ernest C. Garcia,1700548,2025-07-07,4,"Group(security='Class A Common Stock', direct='I', shares=2387264.0, last_txn={('I', 'ernestirrevocable2004trustiii'): 681440.0, ('I', 'ernestcgarciaiiimultigenerationaltrustiii'): 781440.0}, holdings=924384.0, hold_by_vehicle={('D', ''): 924384.0}, filed='2025-07-07', moved_here=True, opening={('I', 'ernestirrevocable2004trustiii'): 684562.0, ('I', 'ernestcgarciaiiimultigenerationaltrustiii'): 784562.0, ('D', ''): 924384.0}, rows=13, as_of='2025-07-07', accession='0001690820-25-000269', table='I')",30053747,150268735,215203442,13.9653,-6244,2227450.76,,,S,2,us-gaap:CommonClassAMember|us-gaap:CommonClassBMember,,TRUE
1690820,CVNA,Ernest C. Garcia,1700548,2025-07-08,4/A,"Group(security='Class A Common Stock', direct='I', shares=2377360.0, last_txn={}, holdings=2377360.0, hold_by_vehicle={('D', ''): 924384.0, ('I', 'ernestirrevocable2004trustiii'): 676488.0, ('I', 'ernestcgarciaiiimultigenerationaltrustiii'): 776488.0}, filed='2025-07-08', moved_here=True, opening={('I', 'ernestirrevocable2004trustiii'): 681440.0, ('I', 'ernestcgarciaiiimultigenerationaltrustiii'): 781440.0, ('D', ''): 924384.0}, rows=29, as_of='2025-07-08', accession='0001690820-25-000271', table='I')",30043843,150219215,215203442,13.9607,-29904,10429116.58,,100000,S,2,us-gaap:CommonClassAMember|us-gaap:CommonClassBMember,,TRUE
1690820,CVNA,Ernest C. Garcia,1700548,2025-07-10,4,"Group(security='Class A Common Stock', direct='I', shares=2357264.0, last_txn={('I', 'ernestirrevocable2004trustiii'): 666440.0, ('I', 'ernestcgarciaiiimultigenerationaltrustiii'): 766440.0}, holdings=924384.0, hold_by_vehicle={('D', ''): 924384.0}, filed='2025-07-10', moved_here=True, opening={('I', 'ernestirrevocable2004trustiii'): 671440.0, ('I', 'ernestcgarciaiiimultigenerationaltrustiii'): 771440.0, ('D', ''): 924384.0}, rows=21, as_of='2025-07-10', accession='0001690820-25-000277', table='I')",30023747,150118735,215203442,13.9513,-10000,3504084.75,,-50480,S,2,us-gaap:CommonClassAMember|us-gaap:CommonClassBMember,,TRUE
1690820,CVNA,Ernest C. Garcia,1700548,2025-07-11,4,"Group(security='Class A Common Stock', direct='I', shares=2347264.0, last_txn={('I', 'ernestirrevocable2004trustiii'): 661440.0, ('I', 'ernestcgarciaiiimultigenerationaltrustiii'): 761440.0}, holdings=924384.0, hold_by_vehicle={('D', ''): 924384.0}, filed='2025-07-11', moved_here=True, opening={('I', 'ernestirrevocable2004trustiii'): 666440.0, ('I', 'ernestcgarciaiiimultigenerationaltrustiii'): 766440.0, ('D', ''): 924384.0}, rows=21, as_of='2025-07-11', accession='0001690820-25-000279', table='I')",30013747,150068735,215203442,13.9467,-10000,3472810.32,,,S,2,us-gaap:CommonClassAMember|us-gaap:CommonClassBMember,,TRUE
1690820,CVNA,Ernest C. Garcia,1700548,2025-07-14,4,"Group(security='Class A Common Stock', direct='I', shares=2337264.0, last_txn={('I', 'ernestirrevocable2004trustiii'): 656440.0, ('I', 'ernestcgarciaiiimultigenerationaltrustiii'): 756440.0}, holdings=924384.0, hold_by_vehicle={('D', ''): 924384.0}, filed='2025-07-14', moved_here=True, opening={('I', 'ernestirrevocable2004trustiii'): 661440.0, ('I', 'ernestcgarciaiiimultigenerationaltrustiii'): 761440.0, ('D', ''): 924384.0}, rows=21, as_of='2025-07-14', accession='0001690820-25-000281', table='I')",30003747,150018735,215203442,13.942,-10000,3476143.84,,,S,2,us-gaap:CommonClassAMember|us-gaap:CommonClassBMember,,TRUE
1690820,CVNA,Ernest C. Garcia,1700548,2025-07-15,4,"Group(security='Class A Common Stock', direct='I', shares=2327264.0, last_txn={('I', 'ernestirrevocable2004trustiii'): 651440.0, ('I', 'ernestcgarciaiiimultigenerationaltrustiii'): 751440.0}, holdings=924384.0, hold_by_vehicle={('D', ''): 924384.0}, filed='2025-07-15', moved_here=True, opening={('I', 'ernestirrevocable2004trustiii'): 656440.0, ('I', 'ernestcgarciaiiimultigenerationaltrustiii'): 756440.0, ('D', ''): 924384.0}, rows=23, as_of='2025-07-15', accession='0001690820-25-000283', table='I')",29993747,149968735,215203442,13.9374,-10000,3439658.95,,,S,2,us-gaap:CommonClassAMember|us-gaap:CommonClassBMember,,TRUE
1690820,CVNA,Ernest C. Garcia,1700548,2025-07-16,4,"Group(security='Class A Common Stock', direct='I', shares=2317264.0, last_txn={('I', 'ernestirrevocable2004trustiii'): 646440.0, ('I', 'ernestcgarciaiiimultigenerationaltrustiii'): 746440.0}, holdings=924384.0, hold_by_vehicle={('D', ''): 924384.0}, filed='2025-07-16', moved_here=True, opening={('I', 'ernestirrevocable2004trustiii'): 651440.0, ('I', 'ernestcgarciaiiimultigenerationaltrustiii'): 751440.0, ('D', ''): 924384.0}, rows=21, as_of='2025-07-16', accession='0001690820-25-000285', table='I')",29983747,149918735,215203442,13.9327,-10000,3533680.82,,,S,2,us-gaap:CommonClassAMember|us-gaap:CommonClassBMember,,TRUE
1690820,CVNA,Ernest C. Garcia,1700548,2025-07-17,4,"Group(security='Class A Common Stock', direct='I', shares=2307264.0, last_txn={('I', 'ernestirrevocable2004trustiii'): 641440.0, ('I', 'ernestcgarciaiiimultigenerationaltrustiii'): 741440.0}, holdings=924384.0, hold_by_vehicle={('D', ''): 924384.0}, filed='2025-07-17', moved_here=True, opening={('I', 'ernestirrevocable2004trustiii'): 646440.0, ('I', 'ernestcgarciaiiimultigenerationaltrustiii'): 746440.0, ('D', ''): 924384.0}, rows=25, as_of='2025-07-17', accession='0001690820-25-000287', table='I')",29973747,149868735,215203442,13.9281,-10000,3495876.15,,,S,2,us-gaap:CommonClassAMember|us-gaap:CommonClassBMember,,TRUE
1690820,CVNA,Ernest C. Garcia,1700548,2025-07-18,4,"Group(security='Class A Common Stock', direct='I', shares=2297264.0, last_txn={('I', 'ernestirrevocable2004trustiii'): 636440.0, ('I', 'ernestcgarciaiiimultigenerationaltrustiii'): 736440.0}, holdings=924384.0, hold_by_vehicle={('D', ''): 924384.0}, filed='2025-07-18', moved_here=True, opening={('I', 'ernestirrevocable2004trustiii'): 641440.0, ('I', 'ernestcgarciaiiimultigenerationaltrustiii'): 741440.0, ('D', ''): 924384.0}, rows=19, as_of='2025-07-18', accession='0001690820-25-000289', table='I')",29963747,149818735,215203442,13.9235,-10000,3410322.89,,,S,2,us-gaap:CommonClassAMember|us-gaap:CommonClassBMember,,TRUE
1690820,CVNA,Ernest C. Garcia,1700548,2025-07-21,4,"Group(security='Class A Common Stock', direct='I', shares=2287264.0, last_txn={('I', 'ernestirrevocable2004trustiii'): 631440.0, ('I', 'ernestcgarciaiiimultigenerationaltrustiii'): 731440.0}, holdings=924384.0, hold_by_vehicle={('D', ''): 924384.0}, filed='2025-07-21', moved_here=True, opening={('I', 'ernestirrevocable2004trustiii'): 636440.0, ('I', 'ernestcgarciaiiimultigenerationaltrustiii'): 736440.0, ('D', ''): 924384.0}, rows=15, as_of='2025-07-21', accession='0001690820-25-000291', table='I')",29953747,149768735,215203442,13.9188,-10000,3429731.5,,,S,2,us-gaap:CommonClassAMember|us-gaap:CommonClassBMember,,TRUE
1690820,CVNA,Ernest C. Garcia,1700548,2025-07-22,4,"Group(security='Class A Common Stock', direct='I', shares=2277264.0, last_txn={('I', 'ernestirrevocable2004trustiii'): 626440.0, ('I', 'ernestcgarciaiiimultigenerationaltrustiii'): 726440.0}, holdings=924384.0, hold_by_vehicle={('D', ''): 924384.0}, filed='2025-07-22', moved_here=True, opening={('I', 'ernestirrevocable2004trustiii'): 631440.0, ('I', 'ernestcgarciaiiimultigenerationaltrustiii'): 731440.0, ('D', ''): 924384.0}, rows=25, as_of='2025-07-22', accession='0001690820-25-000293', table='I')",29943747,149718735,215203442,13.9142,-10000,3419917.1,,,S,2,us-gaap:CommonClassAMember|us-gaap:CommonClassBMember,,TRUE
1690820,CVNA,Ernest C. Garcia,1700548,2025-07-23,4,"Group(security='Class A Common Stock', direct='I', shares=2267264.0, last_txn={('I', 'ernestirrevocable2004trustiii'): 621440.0, ('I', 'ernestcgarciaiiimultigenerationaltrustiii'): 721440.0}, holdings=924384.0, hold_by_vehicle={('D', ''): 924384.0}, filed='2025-07-23', moved_here=True, opening={('I', 'ernestirrevocable2004trustiii'): 626440.0, ('I', 'ernestcgarciaiiimultigenerationaltrustiii'): 726440.0, ('D', ''): 924384.0}, rows=19, as_of='2025-07-23', accession='0001690820-25-000295', table='I')",29933747,149668735,215203442,13.9095,-10000,3375063.51,,,S,2,us-gaap:CommonClassAMember|us-gaap:CommonClassBMember,,TRUE
1690820,CVNA,Ernest C. Garcia,1700548,2025-07-24,4,"Group(security='Class A Common Stock', direct='I', shares=2257264.0, last_txn={('I', 'ernestirrevocable2004trustiii'): 616440.0, ('I', 'ernestcgarciaiiimultigenerationaltrustiii'): 716440.0}, holdings=924384.0, hold_by_vehicle={('D', ''): 924384.0}, filed='2025-07-24', moved_here=True, opening={('I', 'ernestirrevocable2004trustiii'): 621440.0, ('I', 'ernestcgarciaiiimultigenerationaltrustiii'): 721440.0, ('D', ''): 924384.0}, rows=25, as_of='2025-07-24', accession='0001690820-25-000299', table='I')",29923747,149618735,215203442,13.9049,-10000,3329433.78,,,S,2,us-gaap:CommonClassAMember|us-gaap:CommonClassBMember,,TRUE
1690820,CVNA,Ernest C. Garcia,1700548,2025-07-25,4,"Group(security='Class A Common Stock', direct='I', shares=2247264.0, last_txn={('I', 'ernestirrevocable2004trustiii'): 611440.0, ('I', 'ernestcgarciaiiimultigenerationaltrustiii'): 711440.0}, holdings=924384.0, hold_by_vehicle={('D', ''): 924384.0}, filed='2025-07-25', moved_here=True, opening={('I', 'ernestirrevocable2004trustiii'): 616440.0, ('I', 'ernestcgarciaiiimultigenerationaltrustiii'): 716440.0, ('D', ''): 924384.0}, rows=19, as_of='2025-07-25', accession='0001690820-25-000301', table='I')",29913747,149568735,215203442,13.9002,-10000,3317351.26,,,S,2,us-gaap:CommonClassAMember|us-gaap:CommonClassBMember,,TRUE
1690820,CVNA,Ernest C. Garcia,1700548,2025-07-28,4,"Group(security='Class A Common Stock', direct='I', shares=2233030.0, last_txn={('I', 'ernestirrevocable2004trustiii'): 604323.0, ('I', 'ernestcgarciaiiimultigenerationaltrustiii'): 704323.0}, holdings=924384.0, hold_by_vehicle={('D', ''): 924384.0}, filed='2025-07-28', moved_here=True, opening={('I', 'ernestirrevocable2004trustiii'): 611440.0, ('I', 'ernestcgarciaiiimultigenerationaltrustiii'): 711440.0, ('D', ''): 924384.0}, rows=19, as_of='2025-07-28', accession='0001690820-25-000314', table='I')",29899513,149497565,215203442,13.8936,-14234,4757330.92,,,S,2,us-gaap:CommonClassAMember|us-gaap:CommonClassBMember,,TRUE
1690820,CVNA,Ernest C. Garcia,1700548,2025-07-29,4,"Group(security='Class A Common Stock', direct='I', shares=2227264.0, last_txn={('I', 'ernestirrevocable2004trustiii'): 601440.0, ('I', 'ernestcgarciaiiimultigenerationaltrustiii'): 701440.0}, holdings=924384.0, hold_by_vehicle={('D', ''): 924384.0}, filed='2025-07-29', moved_here=True, opening={('I', 'ernestirrevocable2004trustiii'): 604323.0, ('I', 'ernestcgarciaiiimultigenerationaltrustiii'): 704323.0, ('D', ''): 924384.0}, rows=23, as_of='2025-07-29', accession='0001690820-25-000316', table='I')",29893747,149468735,215203442,13.8909,-5766,1931474.45,,,S,2,us-gaap:CommonClassAMember|us-gaap:CommonClassBMember,,TRUE
1690820,CVNA,Ernest C. Garcia,1700548,2025-07-30,4,"Group(security='Class A Common Stock', direct='I', shares=2217264.0, last_txn={('I', 'ernestirrevocable2004trustiii'): 596440.0, ('I', 'ernestcgarciaiiimultigenerationaltrustiii'): 696440.0}, holdings=924384.0, hold_by_vehicle={('D', ''): 924384.0}, filed='2025-07-30', moved_here=True, opening={('I', 'ernestirrevocable2004trustiii'): 601440.0, ('I', 'ernestcgarciaiiimultigenerationaltrustiii'): 701440.0, ('D', ''): 924384.0}, rows=25, as_of='2025-07-30', accession='0001690820-25-000320', table='I')",29883747,149418735,215203442,13.8863,-10000,3352725.5,,,S,2,us-gaap:CommonClassAMember|us-gaap:CommonClassBMember,,TRUE
1690820,CVNA,Ernest C. Garcia,1700548,2025-07-31,4,"Group(security='Class A Common Stock', direct='I', shares=2207264.0, last_txn={}, holdings=2207264.0, hold_by_vehicle={('D', ''): 924384.0, ('I', 'ernestirrevocable2004trustiii'): 591440.0, ('I', 'ernestcgarciaiiimultigenerationaltrustiii'): 691440.0}, filed='2025-07-31', moved_here=True, opening={('I', 'ernestirrevocable2004trustiii'): 596440.0, ('I', 'ernestcgarciaiiimultigenerationaltrustiii'): 696440.0, ('D', ''): 924384.0}, rows=25, as_of='2025-07-31', accession='0001690820-25-000322', table='I')",29873747,149368735,215203442,13.8816,-10000,3934664.38,,,S,2,us-gaap:CommonClassAMember|us-gaap:CommonClassBMember,,TRUE
1690820,CVNA,Ernest C. Garcia,1700548,2025-08-01,4,"Group(security='Class A Common Stock', direct='I', shares=2196035.0, last_txn={('I', 'ernestirrevocable2004trustiii'): 586440.0, ('I', 'ernestcgarciaiiimultigenerationaltrustiii'): 686440.0, ('D', ''): 923155.0}, holdings=0.0, hold_by_vehicle={}, filed='2025-08-01', moved_here=True, opening={('I', 'ernestirrevocable2004trustiii'): 591440.0, ('I', 'ernestcgarciaiiimultigenerationaltrustiii'): 691440.0, ('D', ''): 924384.0}, rows=29, as_of='2025-08-01', accession='0001690820-25-000340', table='I')",29862518,149312590,215203442,13.8764,-11229,4158648.9,,,FS,2,us-gaap:CommonClassAMember|us-gaap:CommonClassBMember,,TRUE
1690820,CVNA,Ernest C. Garcia,1700548,2025-08-04,4,"Group(security='Class A Common Stock', direct='I', shares=2186035.0, last_txn={}, holdings=2186035.0, hold_by_vehicle={('D', ''): 923155.0, ('I', 'ernestirrevocable2004trustiii'): 581440.0, ('I', 'ernestcgarciaiiimultigenerationaltrustiii'): 681440.0}, filed='2025-08-04', moved_here=True, opening={('I', 'ernestirrevocable2004trustiii'): 586440.0, ('I', 'ernestcgarciaiiimultigenerationaltrustiii'): 686440.0, ('D', ''): 923155.0}, rows=25, as_of='2025-08-04', accession='0001690820-25-000342', table='I')",29852518,149262590,215203442,13.8718,-10000,3632775.42,,,S,2,us-gaap:CommonClassAMember|us-gaap:CommonClassBMember,,TRUE
1690820,CVNA,Ernest C. Garcia,1700548,2025-08-05,4,"Group(security='Class A Common Stock', direct='I', shares=2176035.0, last_txn={}, holdings=2176035.0, hold_by_vehicle={('D', ''): 923155.0, ('I', 'ernestirrevocable2004trustiii'): 576440.0, ('I', 'ernestcgarciaiiimultigenerationaltrustiii'): 676440.0}, filed='2025-08-05', moved_here=True, opening={('I', 'ernestirrevocable2004trustiii'): 581440.0, ('I', 'ernestcgarciaiiimultigenerationaltrustiii'): 681440.0, ('D', ''): 923155.0}, rows=29, as_of='2025-08-05', accession='0001700548-25-000010', table='I')",29842518,149212590,215203442,13.8671,-10000,3553953.44,,,S,2,us-gaap:CommonClassAMember|us-gaap:CommonClassBMember,,TRUE
1690820,CVNA,Ernest C. Garcia,1700548,2025-08-06,4,"Group(security='Class A Common Stock', direct='I', shares=2166035.0, last_txn={('I', 'ernestirrevocable2004trustiii'): 571440.0, ('I', 'ernestcgarciaiiimultigenerationaltrustiii'): 671440.0}, holdings=923155.0, hold_by_vehicle={('D', ''): 923155.0}, filed='2025-08-06', moved_here=True, opening={('I', 'ernestirrevocable2004trustiii'): 576440.0, ('I', 'ernestcgarciaiiimultigenerationaltrustiii'): 676440.0, ('D', ''): 923155.0}, rows=21, as_of='2025-08-06', accession='0001700548-25-000014', table='I')",29832518,149162590,215203442,13.8625,-10000,3521242.35,,,S,2,us-gaap:CommonClassAMember|us-gaap:CommonClassBMember,,TRUE
1690820,CVNA,Ernest C. Garcia,1700548,2025-08-07,4,"Group(security='Class A Common Stock', direct='I', shares=2156035.0, last_txn={('I', 'ernestirrevocable2004trustiii'): 566440.0, ('I', 'ernestcgarciaiiimultigenerationaltrustiii'): 666440.0}, holdings=923155.0, hold_by_vehicle={('D', ''): 923155.0}, filed='2025-08-07', moved_here=True, opening={('I', 'ernestirrevocable2004trustiii'): 571440.0, ('I', 'ernestcgarciaiiimultigenerationaltrustiii'): 671440.0, ('D', ''): 923155.0}, rows=29, as_of='2025-08-07', accession='0001700548-25-000016', table='I')",29822518,149112590,215203442,13.8578,-10000,3575390.54,,,S,2,us-gaap:CommonClassAMember|us-gaap:CommonClassBMember,,TRUE
1690820,CVNA,Ernest C. Garcia,1700548,2025-08-08,4,"Group(security='Class A Common Stock', direct='I', shares=2146035.0, last_txn={('I', 'ernestirrevocable2004trustiii'): 561440.0, ('I', 'ernestcgarciaiiimultigenerationaltrustiii'): 661440.0}, holdings=923155.0, hold_by_vehicle={('D', ''): 923155.0}, filed='2025-08-08', moved_here=True, opening={('I', 'ernestirrevocable2004trustiii'): 566440.0, ('I', 'ernestcgarciaiiimultigenerationaltrustiii'): 666440.0, ('D', ''): 923155.0}, rows=27, as_of='2025-08-08', accession='0001700548-25-000018', table='I')",29812518,149062590,215203442,13.8532,-10000,3466051.5,,,S,2,us-gaap:CommonClassAMember|us-gaap:CommonClassBMember,,TRUE
1690820,CVNA,Ernest C. Garcia,1700548,2025-08-11,4,"Group(security='Class A Common Stock', direct='I', shares=2136035.0, last_txn={('I', 'ernestirrevocable2004trustiii'): 556440.0, ('I', 'ernestcgarciaiiimultigenerationaltrustiii'): 656440.0}, holdings=923155.0, hold_by_vehicle={('D', ''): 923155.0}, filed='2025-08-11', moved_here=True, opening={('I', 'ernestirrevocable2004trustiii'): 561440.0, ('I', 'ernestcgarciaiiimultigenerationaltrustiii'): 661440.0, ('D', ''): 923155.0}, rows=19, as_of='2025-08-11', accession='0001700548-25-000020', table='I')",29802518,149012590,215203442,13.8485,-10000,3446392.27,,,S,2,us-gaap:CommonClassAMember|us-gaap:CommonClassBMember,,TRUE
1690820,CVNA,Ernest C. Garcia,1700548,2025-08-12,4,"Group(security='Class A Common Stock', direct='I', shares=2126035.0, last_txn={('I', 'ernestirrevocable2004trustiii'): 551440.0, ('I', 'ernestcgarciaiiimultigenerationaltrustiii'): 651440.0}, holdings=923155.0, hold_by_vehicle={('D', ''): 923155.0}, filed='2025-08-12', moved_here=True, opening={('I', 'ernestirrevocable2004trustiii'): 556440.0, ('I', 'ernestcgarciaiiimultigenerationaltrustiii'): 656440.0, ('D', ''): 923155.0}, rows=27, as_of='2025-08-12', accession='0001700548-25-000022', table='I')",29792518,148962590,215203442,13.8439,-10000,3420697.4,,,S,2,us-gaap:CommonClassAMember|us-gaap:CommonClassBMember,,TRUE
1690820,CVNA,Ernest C. Garcia,1700548,2025-08-13,4,"Group(security='Class A Common Stock', direct='I', shares=2116035.0, last_txn={('I', 'ernestirrevocable2004trustiii'): 546440.0, ('I', 'ernestcgarciaiiimultigenerationaltrustiii'): 646440.0}, holdings=923155.0, hold_by_vehicle={('D', ''): 923155.0}, filed='2025-08-13', moved_here=True, opening={('I', 'ernestirrevocable2004trustiii'): 551440.0, ('I', 'ernestcgarciaiiimultigenerationaltrustiii'): 651440.0, ('D', ''): 923155.0}, rows=17, as_of='2025-08-13', accession='0001700548-25-000024', table='I')",29782518,148912590,215203442,13.8392,-10000,3484726.36,,,S,2,us-gaap:CommonClassAMember|us-gaap:CommonClassBMember,,TRUE
1690820,CVNA,Ernest C. Garcia,1700548,2025-08-14,4,"Group(security='Class A Common Stock', direct='I', shares=2106035.0, last_txn={('I', 'ernestirrevocable2004trustiii'): 541440.0, ('I', 'ernestcgarciaiiimultigenerationaltrustiii'): 641440.0}, holdings=923155.0, hold_by_vehicle={('D', ''): 923155.0}, filed='2025-08-14', moved_here=True, opening={('I', 'ernestirrevocable2004trustiii'): 546440.0, ('I', 'ernestcgarciaiiimultigenerationaltrustiii'): 646440.0, ('D', ''): 923155.0}, rows=17, as_of='2025-08-14', accession='0001700548-25-000026', table='I')",29772518,148862590,215203442,13.8346,-10000,3447220.83,,,S,2,us-gaap:CommonClassAMember|us-gaap:CommonClassBMember,,TRUE
1690820,CVNA,Ernest C. Garcia,1700548,2025-08-15,4,"Group(security='Class A Common Stock', direct='I', shares=2096035.0, last_txn={('I', 'ernestirrevocable2004trustiii'): 536440.0, ('I', 'ernestcgarciaiiimultigenerationaltrustiii'): 636440.0}, holdings=923155.0, hold_by_vehicle={('D', ''): 923155.0}, filed='2025-08-15', moved_here=True, opening={('I', 'ernestirrevocable2004trustiii'): 541440.0, ('I', 'ernestcgarciaiiimultigenerationaltrustiii'): 641440.0, ('D', ''): 923155.0}, rows=25, as_of='2025-08-15', accession='0001700548-25-000028', table='I')",29762518,148812590,215203442,13.8299,-10000,3463352.92,,,S,2,us-gaap:CommonClassAMember|us-gaap:CommonClassBMember,,TRUE
1690820,CVNA,Ernest C. Garcia,1700548,2025-08-18,4,"Group(security='Class A Common Stock', direct='I', shares=2086035.0, last_txn={('I', 'ernestirrevocable2004trustiii'): 531440.0, ('I', 'ernestcgarciaiiimultigenerationaltrustiii'): 631440.0}, holdings=923155.0, hold_by_vehicle={('D', ''): 923155.0}, filed='2025-08-18', moved_here=True, opening={('I', 'ernestirrevocable2004trustiii'): 536440.0, ('I', 'ernestcgarciaiiimultigenerationaltrustiii'): 636440.0, ('D', ''): 923155.0}, rows=21, as_of='2025-08-18', accession='0001700548-25-000030', table='I')",29752518,148762590,215203442,13.8253,-10000,3598877.36,,,S,2,us-gaap:CommonClassAMember|us-gaap:CommonClassBMember,,TRUE
1690820,CVNA,Ernest C. Garcia,1700548,2025-08-19,4,"Group(security='Class A Common Stock', direct='I', shares=2076035.0, last_txn={('I', 'ernestirrevocable2004trustiii'): 526440.0, ('I', 'ernestcgarciaiiimultigenerationaltrustiii'): 626440.0}, holdings=923155.0, hold_by_vehicle={('D', ''): 923155.0}, filed='2025-08-19', moved_here=True, opening={('I', 'ernestirrevocable2004trustiii'): 531440.0, ('I', 'ernestcgarciaiiimultigenerationaltrustiii'): 631440.0, ('D', ''): 923155.0}, rows=25, as_of='2025-08-19', accession='0001700548-25-000032', table='I')",29742518,148712590,215203442,13.8207,-10000,3479912.45,,,S,2,us-gaap:CommonClassAMember|us-gaap:CommonClassBMember,,TRUE
1690820,CVNA,Ernest C. Garcia,1700548,2025-08-20,4,"Group(security='Class A Common Stock', direct='I', shares=2066035.0, last_txn={}, holdings=2066035.0, hold_by_vehicle={('D', ''): 923155.0, ('I', 'ernestirrevocable2004trustiii'): 521440.0, ('I', 'ernestcgarciaiiimultigenerationaltrustiii'): 621440.0}, filed='2025-08-20', moved_here=True, opening={('I', 'ernestirrevocable2004trustiii'): 526440.0, ('I', 'ernestcgarciaiiimultigenerationaltrustiii'): 626440.0, ('D', ''): 923155.0}, rows=25, as_of='2025-08-20', accession='0001700548-25-000034', table='I')",29732518,148662590,215203442,13.816,-10000,3304306.34,,,S,2,us-gaap:CommonClassAMember|us-gaap:CommonClassBMember,,TRUE
1690820,CVNA,Ernest C. Garcia,1700548,2025-08-21,4,"Group(security='Class A Common Stock', direct='I', shares=2056035.0, last_txn={('I', 'ernestirrevocable2004trustiii'): 516440.0, ('I', 'ernestcgarciaiiimultigenerationaltrustiii'): 616440.0}, holdings=923155.0, hold_by_vehicle={('D', ''): 923155.0}, filed='2025-08-21', moved_here=True, opening={('I', 'ernestirrevocable2004trustiii'): 521440.0, ('I', 'ernestcgarciaiiimultigenerationaltrustiii'): 621440.0, ('D', ''): 923155.0}, rows=17, as_of='2025-08-21', accession='0001700548-25-000038', table='I')",29722518,148612590,215203442,13.8114,-10000,3382683.76,,,S,2,us-gaap:CommonClassAMember|us-gaap:CommonClassBMember,,TRUE
1690820,CVNA,Ernest C. Garcia,1700548,2025-08-22,4,"Group(security='Class A Common Stock', direct='I', shares=2046035.0, last_txn={}, holdings=2046035.0, hold_by_vehicle={('D', ''): 923155.0, ('I', 'ernestirrevocable2004trustiii'): 511440.0, ('I', 'ernestcgarciaiiimultigenerationaltrustiii'): 611440.0}, filed='2025-08-22', moved_here=True, opening={('I', 'ernestirrevocable2004trustiii'): 516440.0, ('I', 'ernestcgarciaiiimultigenerationaltrustiii'): 616440.0, ('D', ''): 923155.0}, rows=29, as_of='2025-08-22', accession='0001700548-25-000040', table='I')",29712518,148562590,215203442,13.8067,-10000,3536748.94,,,S,2,us-gaap:CommonClassAMember|us-gaap:CommonClassBMember,,TRUE
1690820,CVNA,Ernest C. Garcia,1700548,2025-08-25,4,"Group(security='Class A Common Stock', direct='I', shares=2036035.0, last_txn={('I', 'ernestirrevocable2004trustiii'): 506440.0, ('I', 'ernestcgarciaiiimultigenerationaltrustiii'): 606440.0}, holdings=923155.0, hold_by_vehicle={('D', ''): 923155.0}, filed='2025-08-25', moved_here=True, opening={('I', 'ernestirrevocable2004trustiii'): 511440.0, ('I', 'ernestcgarciaiiimultigenerationaltrustiii'): 611440.0, ('D', ''): 923155.0}, rows=27, as_of='2025-08-25', accession='0001700548-25-000044', table='I')",29702518,148512590,215203442,13.8021,-10000,3614466.91,,,S,2,us-gaap:CommonClassAMember|us-gaap:CommonClassBMember,,TRUE
1690820,CVNA,Ernest C. Garcia,1700548,2025-08-26,4,"Group(security='Class A Common Stock', direct='I', shares=2026035.0, last_txn={('I', 'ernestirrevocable2004trustiii'): 501440.0, ('I', 'ernestcgarciaiiimultigenerationaltrustiii'): 601440.0}, holdings=923155.0, hold_by_vehicle={('D', ''): 923155.0}, filed='2025-08-26', moved_here=True, opening={('I', 'ernestirrevocable2004trustiii'): 506440.0, ('I', 'ernestcgarciaiiimultigenerationaltrustiii'): 606440.0, ('D', ''): 923155.0}, rows=25, as_of='2025-08-26', accession='0001700548-25-000046', table='I')",29692518,148462590,215203442,13.7974,-10000,3676526.6,,,S,2,us-gaap:CommonClassAMember|us-gaap:CommonClassBMember,,TRUE
1690820,CVNA,Ernest C. Garcia,1700548,2025-08-27,4,"Group(security='Class A Common Stock', direct='I', shares=2016035.0, last_txn={('I', 'ernestirrevocable2004trustiii'): 496440.0, ('I', 'ernestcgarciaiiimultigenerationaltrustiii'): 596440.0}, holdings=923155.0, hold_by_vehicle={('D', ''): 923155.0}, filed='2025-08-27', moved_here=True, opening={('I', 'ernestirrevocable2004trustiii'): 501440.0, ('I', 'ernestcgarciaiiimultigenerationaltrustiii'): 601440.0, ('D', ''): 923155.0}, rows=13, as_of='2025-08-27', accession='0001700548-25-000048', table='I')",29682518,148412590,215203442,13.7928,-10000,3707091.4,,,S,2,us-gaap:CommonClassAMember|us-gaap:CommonClassBMember,,TRUE
1690820,CVNA,Ernest C. Garcia,1700548,2025-08-28,4,"Group(security='Class A Common Stock', direct='I', shares=2006035.0, last_txn={('I', 'ernestirrevocable2004trustiii'): 491440.0, ('I', 'ernestcgarciaiiimultigenerationaltrustiii'): 591440.0}, holdings=923155.0, hold_by_vehicle={('D', ''): 923155.0}, filed='2025-08-28', moved_here=True, opening={('I', 'ernestirrevocable2004trustiii'): 496440.0, ('I', 'ernestcgarciaiiimultigenerationaltrustiii'): 596440.0, ('D', ''): 923155.0}, rows=17, as_of='2025-08-28', accession='0001700548-25-000050', table='I')",29672518,148362590,215203442,13.7881,-10000,3744242.85,,,S,2,us-gaap:CommonClassAMember|us-gaap:CommonClassBMember,,TRUE
1690820,CVNA,Ernest C. Garcia,1700548,2025-08-29,4,"Group(security='Class A Common Stock', direct='I', shares=1996035.0, last_txn={('I', 'ernestirrevocable2004trustiii'): 486440.0, ('I', 'ernestcgarciaiiimultigenerationaltrustiii'): 586440.0}, holdings=923155.0, hold_by_vehicle={('D', ''): 923155.0}, filed='2025-08-29', moved_here=True, opening={('I', 'ernestirrevocable2004trustiii'): 491440.0, ('I', 'ernestcgarciaiiimultigenerationaltrustiii'): 591440.0, ('D', ''): 923155.0}, rows=21, as_of='2025-08-29', accession='0001700548-25-000052', table='I')",29662518,148312590,215203442,13.7835,-10000,3702250.31,,,S,2,us-gaap:CommonClassAMember|us-gaap:CommonClassBMember,,TRUE
1690820,CVNA,Ernest C. Garcia,1700548,2025-09-01,4,"Group(security='Class A Common Stock', direct='D', shares=1984806.0, last_txn={('D', ''): 921926.0, ('I', 'ernestirrevocable2004trustiii'): 481440.0, ('I', 'ernestcgarciaiiimultigenerationaltrustiii'): 581440.0}, holdings=0.0, hold_by_vehicle={}, filed='2025-09-01', moved_here=True, opening={('D', ''): 923155.0, ('I', 'ernestirrevocable2004trustiii'): 486440.0, ('I', 'ernestcgarciaiiimultigenerationaltrustiii'): 586440.0}, rows=23, as_of='2025-09-01', accession='0001700548-25-000054', table='I')",29651289,148256445,215203442,13.7783,-11229,4103515.26,,,FS,2,us-gaap:CommonClassAMember|us-gaap:CommonClassBMember,,TRUE
1690820,CVNA,Ernest C. Garcia,1700548,2025-09-03,4,"Group(security='Class A Common Stock', direct='I', shares=1974806.0, last_txn={('I', 'ernestirrevocable2004trustiii'): 476440.0, ('I', 'ernestcgarciaiiimultigenerationaltrustiii'): 576440.0}, holdings=921926.0, hold_by_vehicle={('D', ''): 921926.0}, filed='2025-09-03', moved_here=True, opening={('I', 'ernestirrevocable2004trustiii'): 481440.0, ('I', 'ernestcgarciaiiimultigenerationaltrustiii'): 581440.0, ('D', ''): 921926.0}, rows=23, as_of='2025-09-03', accession='0001700548-25-000056', table='I')",29641289,148206445,215203442,13.7736,-10000,3646460.51,,,S,2,us-gaap:CommonClassAMember|us-gaap:CommonClassBMember,,TRUE
1690820,CVNA,Ernest C. Garcia,1700548,2025-09-04,4,"Group(security='Class A Common Stock', direct='I', shares=1964806.0, last_txn={('I', 'ernestirrevocable2004trustiii'): 471440.0, ('I', 'ernestcgarciaiiimultigenerationaltrustiii'): 571440.0}, holdings=921926.0, hold_by_vehicle={('D', ''): 921926.0}, filed='2025-09-04', moved_here=True, opening={('I', 'ernestirrevocable2004trustiii'): 476440.0, ('I', 'ernestcgarciaiiimultigenerationaltrustiii'): 576440.0, ('D', ''): 921926.0}, rows=25, as_of='2025-09-04', accession='0001700548-25-000058', table='I')",29631289,148156445,215203442,13.769,-10000,3657375.79,,,S,2,us-gaap:CommonClassAMember|us-gaap:CommonClassBMember,,TRUE
1690820,CVNA,Ernest C. Garcia,1700548,2025-09-05,4,"Group(security='Class A Common Stock', direct='I', shares=1954806.0, last_txn={('I', 'ernestirrevocable2004trustiii'): 466440.0, ('I', 'ernestcgarciaiiimultigenerationaltrustiii'): 566440.0}, holdings=921926.0, hold_by_vehicle={('D', ''): 921926.0}, filed='2025-09-05', moved_here=True, opening={('I', 'ernestirrevocable2004trustiii'): 471440.0, ('I', 'ernestcgarciaiiimultigenerationaltrustiii'): 571440.0, ('D', ''): 921926.0}, rows=25, as_of='2025-09-05', accession='0001700548-25-000060', table='I')",29621289,148106445,215203442,13.7643,-10000,3647394.12,,,S,2,us-gaap:CommonClassAMember|us-gaap:CommonClassBMember,,TRUE
1690820,CVNA,Ernest C. Garcia,1700548,2025-09-08,4,"Group(security='Class A Common Stock', direct='I', shares=1944806.0, last_txn={('I', 'ernestirrevocable2004trustiii'): 461440.0, ('I', 'ernestcgarciaiiimultigenerationaltrustiii'): 561440.0}, holdings=921926.0, hold_by_vehicle={('D', ''): 921926.0}, filed='2025-09-08', moved_here=True, opening={('I', 'ernestirrevocable2004trustiii'): 466440.0, ('I', 'ernestcgarciaiiimultigenerationaltrustiii'): 566440.0, ('D', ''): 921926.0}, rows=25, as_of='2025-09-08', accession='0001700548-25-000062', table='I')",29611289,148056445,215203442,13.7597,-10000,3713634.79,,,S,2,us-gaap:CommonClassAMember|us-gaap:CommonClassBMember,,TRUE
1690820,CVNA,Ernest C. Garcia,1700548,2025-09-09,4,"Group(security='Class A Common Stock', direct='I', shares=1934806.0, last_txn={('I', 'ernestirrevocable2004trustiii'): 456440.0, ('I', 'ernestcgarciaiiimultigenerationaltrustiii'): 556440.0}, holdings=921926.0, hold_by_vehicle={('D', ''): 921926.0}, filed='2025-09-09', moved_here=True, opening={('I', 'ernestirrevocable2004trustiii'): 461440.0, ('I', 'ernestcgarciaiiimultigenerationaltrustiii'): 561440.0, ('D', ''): 921926.0}, rows=13, as_of='2025-09-09', accession='0001700548-25-000064', table='I')",29601289,148006445,215203442,13.755,-10000,3717207.57,,,S,2,us-gaap:CommonClassAMember|us-gaap:CommonClassBMember,,TRUE
1690820,CVNA,Ernest C. Garcia,1700548,2025-09-10,4,"Group(security='Class A Common Stock', direct='I', shares=1924806.0, last_txn={('I', 'ernestirrevocable2004trustiii'): 451440.0, ('I', 'ernestcgarciaiiimultigenerationaltrustiii'): 551440.0}, holdings=921926.0, hold_by_vehicle={('D', ''): 921926.0}, filed='2025-09-10', moved_here=True, opening={('I', 'ernestirrevocable2004trustiii'): 456440.0, ('I', 'ernestcgarciaiiimultigenerationaltrustiii'): 556440.0, ('D', ''): 921926.0}, rows=23, as_of='2025-09-10', accession='0001700548-25-000066', table='I')",29591289,147956445,215203442,13.7504,-10000,3670576.71,,,S,2,us-gaap:CommonClassAMember|us-gaap:CommonClassBMember,,TRUE
1690820,CVNA,Ernest C. Garcia,1700548,2025-09-11,4,"Group(security='Class A Common Stock', direct='I', shares=1914806.0, last_txn={('I', 'ernestirrevocable2004trustiii'): 446440.0, ('I', 'ernestcgarciaiiimultigenerationaltrustiii'): 546440.0}, holdings=921926.0, hold_by_vehicle={('D', ''): 921926.0}, filed='2025-09-11', moved_here=True, opening={('I', 'ernestirrevocable2004trustiii'): 451440.0, ('I', 'ernestcgarciaiiimultigenerationaltrustiii'): 551440.0, ('D', ''): 921926.0}, rows=19, as_of='2025-09-11', accession='0001700548-25-000068', table='I')",29581289,147906445,215203442,13.7457,-10000,3566633.44,,,S,2,us-gaap:CommonClassAMember|us-gaap:CommonClassBMember,,TRUE
1690820,CVNA,Ernest C. Garcia,1700548,2025-09-12,4,"Group(security='Class A Common Stock', direct='I', shares=1904806.0, last_txn={}, holdings=1904806.0, hold_by_vehicle={('D', ''): 921926.0, ('I', 'ernestirrevocable2004trustiii'): 441440.0, ('I', 'ernestcgarciaiiimultigenerationaltrustiii'): 541440.0}, filed='2025-09-12', moved_here=True, opening={('I', 'ernestirrevocable2004trustiii'): 446440.0, ('I', 'ernestcgarciaiiimultigenerationaltrustiii'): 546440.0, ('D', ''): 921926.0}, rows=21, as_of='2025-09-12', accession='0001700548-25-000070', table='I')",29571289,147856445,215203442,13.7411,-10000,3585578.84,,,S,2,us-gaap:CommonClassAMember|us-gaap:CommonClassBMember,,TRUE
1690820,CVNA,Ernest C. Garcia,1700548,2025-09-15,4,"Group(security='Class A Common Stock', direct='I', shares=1894806.0, last_txn={('I', 'ernestirrevocable2004trustiii'): 436440.0, ('I', 'ernestcgarciaiiimultigenerationaltrustiii'): 536440.0}, holdings=921926.0, hold_by_vehicle={('D', ''): 921926.0}, filed='2025-09-15', moved_here=True, opening={('I', 'ernestirrevocable2004trustiii'): 441440.0, ('I', 'ernestcgarciaiiimultigenerationaltrustiii'): 541440.0, ('D', ''): 921926.0}, rows=17, as_of='2025-09-15', accession='0001700548-25-000075', table='I')",29561289,147806445,215203442,13.7364,-10000,3655498.87,,,S,2,us-gaap:CommonClassAMember|us-gaap:CommonClassBMember,,TRUE
1690820,CVNA,Ernest C. Garcia,1700548,2025-09-16,4,"Group(security='Class A Common Stock', direct='I', shares=1884806.0, last_txn={('I', 'ernestirrevocable2004trustiii'): 431440.0, ('I', 'ernestcgarciaiiimultigenerationaltrustiii'): 531440.0}, holdings=921926.0, hold_by_vehicle={('D', ''): 921926.0}, filed='2025-09-16', moved_here=True, opening={('I', 'ernestirrevocable2004trustiii'): 436440.0, ('I', 'ernestcgarciaiiimultigenerationaltrustiii'): 536440.0, ('D', ''): 921926.0}, rows=15, as_of='2025-09-16', accession='0001700548-25-000077', table='I')",29551289,147756445,215203442,13.7318,-10000,3622120.34,,,S,2,us-gaap:CommonClassAMember|us-gaap:CommonClassBMember,,TRUE
1690820,CVNA,Ernest C. Garcia,1700548,2025-09-17,4,"Group(security='Class A Common Stock', direct='I', shares=1874806.0, last_txn={('I', 'ernestirrevocable2004trustiii'): 426440.0, ('I', 'ernestcgarciaiiimultigenerationaltrustiii'): 526440.0}, holdings=921926.0, hold_by_vehicle={('D', ''): 921926.0}, filed='2025-09-17', moved_here=True, opening={('I', 'ernestirrevocable2004trustiii'): 431440.0, ('I', 'ernestcgarciaiiimultigenerationaltrustiii'): 531440.0, ('D', ''): 921926.0}, rows=21, as_of='2025-09-17', accession='0001700548-25-000080', table='I')",29541289,147706445,215203442,13.7271,-10000,3735438.46,,,S,2,us-gaap:CommonClassAMember|us-gaap:CommonClassBMember,,TRUE
1690820,CVNA,Ernest C. Garcia,1700548,2025-09-18,4,"Group(security='Class A Common Stock', direct='I', shares=1864806.0, last_txn={}, holdings=1864806.0, hold_by_vehicle={('D', ''): 921926.0, ('I', 'ernestirrevocable2004trustiii'): 421440.0, ('I', 'ernestcgarciaiiimultigenerationaltrustiii'): 521440.0}, filed='2025-09-18', moved_here=True, opening={('I', 'ernestirrevocable2004trustiii'): 426440.0, ('I', 'ernestcgarciaiiimultigenerationaltrustiii'): 526440.0, ('D', ''): 921926.0}, rows=29, as_of='2025-09-18', accession='0001700548-25-000082', table='I')",29531289,147656445,215203442,13.7225,-10000,3859206.34,,,S,2,us-gaap:CommonClassAMember|us-gaap:CommonClassBMember,,TRUE
1690820,CVNA,Ernest C. Garcia,1700548,2025-09-19,4,"Group(security='Class A Common Stock', direct='I', shares=1854806.0, last_txn={('I', 'ernestirrevocable2004trustiii'): 416440.0, ('I', 'ernestcgarciaiiimultigenerationaltrustiii'): 516440.0}, holdings=921926.0, hold_by_vehicle={('D', ''): 921926.0}, filed='2025-09-19', moved_here=True, opening={('I', 'ernestirrevocable2004trustiii'): 421440.0, ('I', 'ernestcgarciaiiimultigenerationaltrustiii'): 521440.0, ('D', ''): 921926.0}, rows=21, as_of='2025-09-19', accession='0001700548-25-000086', table='I')",29521289,147606445,215203442,13.7179,-10000,3866996.15,,,S,2,us-gaap:CommonClassAMember|us-gaap:CommonClassBMember,,TRUE
1690820,CVNA,Ernest C. Garcia,1700548,2025-09-22,4,"Group(security='Class A Common Stock', direct='I', shares=1844806.0, last_txn={('I', 'ernestirrevocable2004trustiii'): 411440.0, ('I', 'ernestcgarciaiiimultigenerationaltrustiii'): 511440.0}, holdings=921926.0, hold_by_vehicle={('D', ''): 921926.0}, filed='2025-09-22', moved_here=True, opening={('I', 'ernestirrevocable2004trustiii'): 416440.0, ('I', 'ernestcgarciaiiimultigenerationaltrustiii'): 516440.0, ('D', ''): 921926.0}, rows=17, as_of='2025-09-22', accession='0001700548-25-000088', table='I')",29511289,147556445,215203442,13.7132,-10000,3901398.16,,,S,2,us-gaap:CommonClassAMember|us-gaap:CommonClassBMember,,TRUE
1690820,CVNA,Ernest C. Garcia,1700548,2025-09-23,4,"Group(security='Class A Common Stock', direct='I', shares=1834806.0, last_txn={}, holdings=1834806.0, hold_by_vehicle={('D', ''): 921926.0, ('I', 'ernestirrevocable2004trustiii'): 406440.0, ('I', 'ernestcgarciaiiimultigenerationaltrustiii'): 506440.0}, filed='2025-09-23', moved_here=True, opening={('I', 'ernestirrevocable2004trustiii'): 411440.0, ('I', 'ernestcgarciaiiimultigenerationaltrustiii'): 511440.0, ('D', ''): 921926.0}, rows=29, as_of='2025-09-23', accession='0001700548-25-000090', table='I')",29501289,147506445,215203442,13.7086,-10000,3849104.63,,,S,2,us-gaap:CommonClassAMember|us-gaap:CommonClassBMember,,TRUE
1690820,CVNA,Ernest C. Garcia,1700548,2025-09-24,4,"Group(security='Class A Common Stock', direct='I', shares=1824806.0, last_txn={('I', 'ernestirrevocable2004trustiii'): 401440.0, ('I', 'ernestcgarciaiiimultigenerationaltrustiii'): 501440.0}, holdings=921926.0, hold_by_vehicle={('D', ''): 921926.0}, filed='2025-09-24', moved_here=True, opening={('I', 'ernestirrevocable2004trustiii'): 406440.0, ('I', 'ernestcgarciaiiimultigenerationaltrustiii'): 506440.0, ('D', ''): 921926.0}, rows=19, as_of='2025-09-24', accession='0001700548-25-000094', table='I')",29491289,147456445,215203442,13.7039,-10000,3737635.92,,,S,2,us-gaap:CommonClassAMember|us-gaap:CommonClassBMember,,TRUE
1690820,CVNA,Ernest C. Garcia,1700548,2025-09-25,4,"Group(security='Class A Common Stock', direct='I', shares=1814806.0, last_txn={}, holdings=1814806.0, hold_by_vehicle={('D', ''): 921926.0, ('I', 'ernestirrevocable2004trustiii'): 396440.0, ('I', 'ernestcgarciaiiimultigenerationaltrustiii'): 496440.0}, filed='2025-09-25', moved_here=True, opening={('I', 'ernestirrevocable2004trustiii'): 401440.0, ('I', 'ernestcgarciaiiimultigenerationaltrustiii'): 501440.0, ('D', ''): 921926.0}, rows=23, as_of='2025-09-25', accession='0001700548-25-000096', table='I')",29481289,147406445,215203442,13.6993,-10000,3706097.6,,,S,2,us-gaap:CommonClassAMember|us-gaap:CommonClassBMember,,TRUE
1690820,CVNA,Ernest C. Garcia,1700548,2025-09-26,4,"Group(security='Class A Common Stock', direct='I', shares=1804806.0, last_txn={('I', 'ernestirrevocable2004trustiii'): 391440.0, ('I', 'ernestcgarciaiiimultigenerationaltrustiii'): 491440.0}, holdings=921926.0, hold_by_vehicle={('D', ''): 921926.0}, filed='2025-09-26', moved_here=True, opening={('I', 'ernestirrevocable2004trustiii'): 396440.0, ('I', 'ernestcgarciaiiimultigenerationaltrustiii'): 496440.0, ('D', ''): 921926.0}, rows=19, as_of='2025-09-26', accession='0001700548-25-000100', table='I')",29471289,147356445,215203442,13.6946,-10000,3665326.44,,,S,2,us-gaap:CommonClassAMember|us-gaap:CommonClassBMember,,TRUE
1690820,CVNA,Ernest C. Garcia,1700548,2025-09-29,4,"Group(security='Class A Common Stock', direct='I', shares=1794806.0, last_txn={}, holdings=1794806.0, hold_by_vehicle={('D', ''): 921926.0, ('I', 'ernestirrevocable2004trustiii'): 386440.0, ('I', 'ernestcgarciaiiimultigenerationaltrustiii'): 486440.0}, filed='2025-09-29', moved_here=True, opening={('I', 'ernestirrevocable2004trustiii'): 391440.0, ('I', 'ernestcgarciaiiimultigenerationaltrustiii'): 491440.0, ('D', ''): 921926.0}, rows=23, as_of='2025-09-29', accession='0001700548-25-000102', table='I')",29461289,147306445,215203442,13.69,-10000,3872413.85,,,S,2,us-gaap:CommonClassAMember|us-gaap:CommonClassBMember,,TRUE
1690820,CVNA,Ernest C. Garcia,1700548,2025-09-30,4,"Group(security='Class A Common Stock', direct='I', shares=1784806.0, last_txn={}, holdings=1784806.0, hold_by_vehicle={('D', ''): 921926.0, ('I', 'ernestirrevocable2004trustiii'): 381440.0, ('I', 'ernestcgarciaiiimultigenerationaltrustiii'): 481440.0}, filed='2025-09-30', moved_here=True, opening={('I', 'ernestirrevocable2004trustiii'): 386440.0, ('I', 'ernestcgarciaiiimultigenerationaltrustiii'): 486440.0, ('D', ''): 921926.0}, rows=23, as_of='2025-09-30', accession='0001700548-25-000106', table='I')",29451289,147256445,217542664,13.5382,-10000,3802411.56,,,S,2,us-gaap:CommonClassAMember|us-gaap:CommonClassBMember,,TRUE
1690820,CVNA,Ernest C. Garcia,1700548,2025-10-01,4,"Group(security='Class A Common Stock', direct='D', shares=1773576.0, last_txn={}, holdings=1773576.0, hold_by_vehicle={('D', ''): 920696.0, ('I', 'ernestirrevocable2004trustiii'): 376440.0, ('I', 'ernestcgarciaiiimultigenerationaltrustiii'): 476440.0}, filed='2025-10-01', moved_here=True, opening={('D', ''): 921926.0, ('I', 'ernestirrevocable2004trustiii'): 381440.0, ('I', 'ernestcgarciaiiimultigenerationaltrustiii'): 481440.0}, rows=21, as_of='2025-10-01', accession='0001700548-25-000110', table='I')",29440059,147200295,217542664,13.533,-11230,4376962.08,,,FS,2,us-gaap:CommonClassAMember|us-gaap:CommonClassBMember,,TRUE
1690820,CVNA,Ernest C. Garcia,1700548,2025-10-02,4,"Group(security='Class A Common Stock', direct='I', shares=1763576.0, last_txn={('I', 'ernestirrevocable2004trustiii'): 371440.0, ('I', 'ernestcgarciaiiimultigenerationaltrustiii'): 471440.0}, holdings=920696.0, hold_by_vehicle={('D', ''): 920696.0}, filed='2025-10-02', moved_here=True, opening={('I', 'ernestirrevocable2004trustiii'): 376440.0, ('I', 'ernestcgarciaiiimultigenerationaltrustiii'): 476440.0, ('D', ''): 920696.0}, rows=23, as_of='2025-10-02', accession='0001700548-25-000114', table='I')",29430059,147150295,217542664,13.5284,-10000,3937569.14,,,S,2,us-gaap:CommonClassAMember|us-gaap:CommonClassBMember,,TRUE
1690820,CVNA,Ernest C. Garcia,1700548,2025-10-03,4,"Group(security='Class A Common Stock', direct='I', shares=1753576.0, last_txn={}, holdings=1753576.0, hold_by_vehicle={('D', ''): 920696.0, ('I', 'ernestirrevocable2004trustiii'): 366440.0, ('I', 'ernestcgarciaiiimultigenerationaltrustiii'): 466440.0}, filed='2025-10-03', moved_here=True, opening={('I', 'ernestirrevocable2004trustiii'): 371440.0, ('I', 'ernestcgarciaiiimultigenerationaltrustiii'): 471440.0, ('D', ''): 920696.0}, rows=23, as_of='2025-10-03', accession='0001700548-25-000116', table='I')",29420059,147100295,217542664,13.5238,-10000,3825203.97,,,S,2,us-gaap:CommonClassAMember|us-gaap:CommonClassBMember,,TRUE
1690820,CVNA,Ernest C. Garcia,1700548,2025-10-06,4,"Group(security='Class A Common Stock', direct='I', shares=1743576.0, last_txn={('I', 'ernestirrevocable2004trustiii'): 361440.0, ('I', 'ernestcgarciaiiimultigenerationaltrustiii'): 461440.0}, holdings=920696.0, hold_by_vehicle={('D', ''): 920696.0}, filed='2025-10-06', moved_here=True, opening={('I', 'ernestirrevocable2004trustiii'): 366440.0, ('I', 'ernestcgarciaiiimultigenerationaltrustiii'): 466440.0, ('D', ''): 920696.0}, rows=19, as_of='2025-10-06', accession='0001700548-25-000120', table='I')",29410059,147050295,217542664,13.5192,-10000,3720701.42,,,S,2,us-gaap:CommonClassAMember|us-gaap:CommonClassBMember,,TRUE
1690820,CVNA,Ernest C. Garcia,1700548,2025-10-07,4,"Group(security='Class A Common Stock', direct='I', shares=1733576.0, last_txn={('I', 'ernestirrevocable2004trustiii'): 356440.0, ('I', 'ernestcgarciaiiimultigenerationaltrustiii'): 456440.0}, holdings=920696.0, hold_by_vehicle={('D', ''): 920696.0}, filed='2025-10-07', moved_here=True, opening={('I', 'ernestirrevocable2004trustiii'): 361440.0, ('I', 'ernestcgarciaiiimultigenerationaltrustiii'): 461440.0, ('D', ''): 920696.0}, rows=27, as_of='2025-10-07', accession='0001700548-25-000122', table='I')",29400059,147000295,217542664,13.5146,-10000,3703437.96,,,S,2,us-gaap:CommonClassAMember|us-gaap:CommonClassBMember,,TRUE
1690820,CVNA,Ernest C. Garcia,1700548,2025-10-08,4,"Group(security='Class A Common Stock', direct='I', shares=1723576.0, last_txn={('I', 'ernestirrevocable2004trustiii'): 351440.0, ('I', 'ernestcgarciaiiimultigenerationaltrustiii'): 451440.0}, holdings=920696.0, hold_by_vehicle={('D', ''): 920696.0}, filed='2025-10-08', moved_here=True, opening={('I', 'ernestirrevocable2004trustiii'): 356440.0, ('I', 'ernestcgarciaiiimultigenerationaltrustiii'): 456440.0, ('D', ''): 920696.0}, rows=19, as_of='2025-10-08', accession='0001700548-25-000124', table='I')",29390059,146950295,217542664,13.51,-10000,3656041.08,,,S,2,us-gaap:CommonClassAMember|us-gaap:CommonClassBMember,,TRUE
1690820,CVNA,Ernest C. Garcia,1700548,2025-10-09,4,"Group(security='Class A Common Stock', direct='I', shares=1720696.0, last_txn={('I', 'ernestirrevocable2004trustiii'): 350000.0, ('I', 'ernestcgarciaiiimultigenerationaltrustiii'): 450000.0}, holdings=920696.0, hold_by_vehicle={('D', ''): 920696.0}, filed='2025-10-09', moved_here=True, opening={('I', 'ernestirrevocable2004trustiii'): 351440.0, ('I', 'ernestcgarciaiiimultigenerationaltrustiii'): 451440.0, ('D', ''): 920696.0}, rows=29, as_of='2025-10-09', accession='0001700548-25-000126', table='I')",29387179,146935895,217542664,13.5087,-2880,1022937.88,,,S,2,us-gaap:CommonClassAMember|us-gaap:CommonClassBMember,,TRUE
1690820,CVNA,Ernest C. Garcia,1700548,2025-11-01,4,"Group(security='Class A Common Stock', direct='D', shares=1719467.0, last_txn={('D', ''): 919467.0}, holdings=800000.0, hold_by_vehicle={('I', 'ernestcgarciaiiimultigenerationaltrustiii'): 450000.0, ('I', 'ernestirrevocable2004trustiii'): 350000.0}, filed='2025-11-01', moved_here=True, opening={('D', ''): 920696.0, ('I', 'ernestcgarciaiiimultigenerationaltrustiii'): 450000.0, ('I', 'ernestirrevocable2004trustiii'): 350000.0}, rows=3, as_of='2025-11-01', accession='0001700548-25-000128', table='I')",29385950,146929750,217542664,13.5081,-1229,376737.66,,,F,2,us-gaap:CommonClassAMember|us-gaap:CommonClassBMember,,TRUE
1690820,CVNA,Ernest C. Garcia,1700548,2025-12-01,4,"Group(security='Class A Common Stock', direct='D', shares=1718238.0, last_txn={('D', ''): 918238.0}, holdings=800000.0, hold_by_vehicle={('I', 'ernestcgarciaiiimultigenerationaltrustiii'): 450000.0, ('I', 'ernestirrevocable2004trustiii'): 350000.0}, filed='2025-12-01', moved_here=True, opening={('D', ''): 919467.0, ('I', 'ernestcgarciaiiimultigenerationaltrustiii'): 450000.0, ('I', 'ernestirrevocable2004trustiii'): 350000.0}, rows=3, as_of='2025-12-01', accession='0001700548-25-000130', table='I')",29384721,146923605,217542664,13.5076,-1229,461194.54,,,F,2,us-gaap:CommonClassAMember|us-gaap:CommonClassBMember,,TRUE
1690820,CVNA,Ernest C. Garcia,1700548,2026-01-01,4,"Group(security='Class A Common Stock', direct='D', shares=1717341.0, last_txn={('D', ''): 917341.0}, holdings=800000.0, hold_by_vehicle={('I', 'ernestcgarciaiiimultigenerationaltrustiii'): 450000.0, ('I', 'ernestirrevocable2004trustiii'): 350000.0}, filed='2026-01-01', moved_here=True, opening={('D', ''): 918238.0, ('I', 'ernestcgarciaiiimultigenerationaltrustiii'): 450000.0, ('I', 'ernestirrevocable2004trustiii'): 350000.0}, rows=3, as_of='2026-01-01', accession='0001700548-26-000002', table='I')",29383824,146919120,218845668,13.4267,-897,378551.94,,,F,2,us-gaap:CommonClassAMember|us-gaap:CommonClassBMember,,TRUE
1690820,CVNA,Ernest C. Garcia,1700548,2026-02-01,4,"Group(security='Class A Common Stock', direct='D', shares=1716111.0, last_txn={('D', ''): 916111.0}, holdings=800000.0, hold_by_vehicle={('I', 'ernestcgarciaiiimultigenerationaltrustiii'): 450000.0, ('I', 'ernestirrevocable2004trustiii'): 350000.0}, filed='2026-02-01', moved_here=True, opening={('D', ''): 917341.0, ('I', 'ernestcgarciaiiimultigenerationaltrustiii'): 450000.0, ('I', 'ernestirrevocable2004trustiii'): 350000.0}, rows=3, as_of='2026-02-01', accession='0001700548-26-000004', table='I')",29382594,146912970,218845668,13.4262,-1230,493365.3,,,F,2,us-gaap:CommonClassAMember|us-gaap:CommonClassBMember,,TRUE
1690820,CVNA,Ernest C. Garcia,1700548,2026-03-01,4,"Group(security='Class A Common Stock', direct='D', shares=1714882.0, last_txn={('D', ''): 914882.0}, holdings=800000.0, hold_by_vehicle={('I', 'ernestcgarciaiiimultigenerationaltrustiii'): 450000.0, ('I', 'ernestirrevocable2004trustiii'): 350000.0}, filed='2026-03-01', moved_here=True, opening={('D', ''): 916111.0, ('I', 'ernestcgarciaiiimultigenerationaltrustiii'): 450000.0, ('I', 'ernestirrevocable2004trustiii'): 350000.0}, rows=3, as_of='2026-03-01', accession='0001700548-26-000006', table='I')",29381365,146906825,218845668,13.4256,-1229,410682.64,,,F,2,us-gaap:CommonClassAMember|us-gaap:CommonClassBMember,,TRUE
1690820,CVNA,Ernest C. Garcia,1700548,2026-04-01,4,"Group(security='Class A Common Stock', direct='D', shares=1710345.0, last_txn={('D', ''): 910345.0}, holdings=800000.0, hold_by_vehicle={('I', 'ernestcgarciaiiimultigenerationaltrustiii'): 450000.0, ('I', 'ernestirrevocable2004trustiii'): 350000.0}, filed='2026-04-01', moved_here=True, opening={('D', ''): 914882.0, ('I', 'ernestcgarciaiiimultigenerationaltrustiii'): 450000.0, ('I', 'ernestirrevocable2004trustiii'): 350000.0}, rows=3, as_of='2026-04-01', accession='0001700548-26-000008', table='I')",29376828,146884140,219367148,13.3916,-4537,1415952.33,,,F,2,us-gaap:CommonClassAMember|us-gaap:CommonClassBMember,,TRUE
1690820,CVNA,Ernest C. Garcia,1700548,2026-04-29,4,"Group(security='Class A Common Stock', direct='D', shares=1723489.0, last_txn={('D', ''): 923489.0}, holdings=800000.0, hold_by_vehicle={('I', 'ernestcgarciaiiimultigenerationaltrustiii'): 450000.0, ('I', 'ernestirrevocable2004trustiii'): 350000.0}, filed='2026-04-29', moved_here=True, opening={('D', ''): 910345.0, ('I', 'ernestcgarciaiiimultigenerationaltrustiii'): 450000.0, ('I', 'ernestirrevocable2004trustiii'): 350000.0}, rows=4, as_of='2026-04-29', accession='0001700548-26-000010', table='I')",29389972,146949860,219367148,13.3976,13144,3675596.12,1,,AF,2,us-gaap:CommonClassAMember|us-gaap:CommonClassBMember,,TRUE
1690820,CVNA,Ernest C. Garcia,1700548,2026-05-01,4,"Group(security='Class A Common Stock', direct='D', shares=1722074.0, last_txn={('D', ''): 922074.0}, holdings=800000.0, hold_by_vehicle={('I', 'ernestcgarciaiiimultigenerationaltrustiii'): 450000.0, ('I', 'ernestirrevocable2004trustiii'): 350000.0}, filed='2026-05-01', moved_here=True, opening={('D', ''): 923489.0, ('I', 'ernestcgarciaiiimultigenerationaltrustiii'): 450000.0, ('I', 'ernestirrevocable2004trustiii'): 350000.0}, rows=3, as_of='2026-05-01', accession='0001700548-26-000012', table='I')",29388557,146942785,219367148,13.397,-1415,541379.0,,,F,2,us-gaap:CommonClassAMember|us-gaap:CommonClassBMember,,TRUE
1690820,CVNA,Ernest C. Garcia,1700548,2026-06-01,4,"Group(security='Class A Common Stock', direct='D', shares=8603303.0, last_txn={('D', ''): 4603303.0}, holdings=4000000.0, hold_by_vehicle={('I', 'ernestcgarciaiiimultigenerationaltrustiii'): 2250000.0, ('I', 'ernestirrevocable2004trustiii'): 1750000.0}, filed='2026-06-01', moved_here=True, opening={('D', ''): 4610370.0, ('I', 'ernestcgarciaiiimultigenerationaltrustiii'): 2250000.0, ('I', 'ernestirrevocable2004trustiii'): 1750000.0}, rows=3, as_of='2026-06-01', accession='0001700548-26-000014', table='I')",36269786,36269786,1096835740,3.3068,-7067,501757.0,,-110665932,F,2,us-gaap:CommonClassAMember|us-gaap:CommonClassBMember,,TRUE
1690820,CVNA,Ernest C. Garcia,1700548,2026-07-01,4,"Group(security='Class A Common Stock', direct='D', shares=8596231.0, last_txn={('D', ''): 4596231.0}, holdings=4000000.0, hold_by_vehicle={('I', 'ernestcgarciaiiimultigenerationaltrustiii'): 2250000.0, ('I', 'ernestirrevocable2004trustiii'): 1750000.0}, filed='2026-07-01', moved_here=True, opening={('D', ''): 4603303.0, ('I', 'ernestcgarciaiiimultigenerationaltrustiii'): 2250000.0, ('I', 'ernestirrevocable2004trustiii'): 1750000.0}, rows=3, as_of='2026-07-01', accession='0001700548-26-000016', table='I')",36262714,36262714,1100463770,3.2952,-7072,479976.64,,,F,2,us-gaap:CommonClassAMember|us-gaap:CommonClassBMember,,TRUE
1690820,CVNA,Ernest C. Garcia,1700548,2026-08-01,4,"Group(security='Class A Common Stock', direct='D', shares=8723869.0, last_txn={('D', ''): 4723869.0}, holdings=4000000.0, hold_by_vehicle={('I', 'ernestcgarciaiiimultigenerationaltrustiii'): 2250000.0, ('I', 'ernestirrevocable2004trustiii'): 1750000.0}, filed='2026-08-01', moved_here=True, opening={('D', ''): 4596231.0, ('I', 'ernestcgarciaiiimultigenerationaltrustiii'): 2250000.0, ('I', 'ernestirrevocable2004trustiii'): 1750000.0}, rows=4, as_of='2026-08-01', accession='0001700548-26-000018', table='I')",36390352,36390352,1100463770,3.3068,127638,440822.84,1,,AF,2,us-gaap:CommonClassAMember|us-gaap:CommonClassBMember,,TRUE
